Num_Acc,an,mois,jour,hrmn,lum,agg,int,atm,col,com,gps,lat,long,dep
200800000001,8,1,22,1015,1,2,1,1,6,33424,M,4515400.0,-82600.0,33
200800000002,8,1,10,815,1,1,1,1,7,33348,M,0.0,0.0,33
200800000003,8,1,16,800,2,2,1,1,3,33350,M,4478200.0,-12500.0,33
200800000004,8,1,20,1100,1,1,1,1,2,33394,M,4491400.0,-19900.0,33
200800000005,8,1,25,645,5,2,1,1,3,33394,M,4490000.0,-15500.0,33
200800000006,8,1,3,1000,1,1,1,8,3,33014,M,0.0,0.0,33
200800000007,8,1,5,15,3,2,3,2,3,33261,M,4495300.0,-9000.0,33
200800000008,8,1,26,1615,1,1,1,1,7,24026,M,0.0,0.0,24
200800000009,8,1,14,1600,1,2,1,3,7,24372,M,0.0,0.0,24
200800000010,8,1,21,1030,1,1,1,1,6,24527,M,4528100.0,92300.0,24
200800000011,8,1,27,1800,2,1,1,1,7,24188,M,4515500.0,101000.0,24
200800000012,8,1,28,1415,1,1,1,1,7,24147,M,4526900.0,94200.0,24
200800000013,8,1,30,700,3,1,3,1,3,24147,M,4523100.0,95200.0,24
200800000014,8,1,8,2030,3,1,1,1,1,24276,M,0.0,0.0,24
200800000015,8,1,4,1115,1,1,1,8,1,24189,M,0.0,0.0,24
200800000016,8,1,10,1645,3,1,1,2,2,24226,M,0.0,0.0,24
200800000017,8,1,10,1830,5,1,1,1,1,24568,M,4485500.0,11200.0,24
200800000018,8,1,25,1215,1,1,1,1,5,24226,M,4485800.0,1500.0,24
200800000019,8,1,13,45,3,1,1,1,3,24214,M,0.0,0.0,24
200800000020,8,1,5,2215,3,1,1,3,1,24133,M,4553300.0,96700.0,24
200800000021,8,1,13,1900,3,1,1,1,5,24551,M,4546400.0,94400.0,24
200800000022,8,1,15,530,3,1,1,8,6,24304,M,4541100.0,94300.0,24
200800000023,8,1,22,845,1,1,1,2,4,24496,M,4541900.0,87700.0,24
200800000024,8,1,13,1200,1,1,2,1,3,24038,M,4530800.0,36200.0,24
200800000025,8,1,28,845,1,2,1,1,6,24352,M,4524900.0,34300.0,24
200800000026,8,1,31,515,4,1,1,1,6,24294,M,4501400.0,17800.0,24
200800000027,8,1,29,1615,1,1,1,8,5,24577,M,0.0,0.0,24
200800000028,8,1,15,730,2,1,1,2,1,24230,M,0.0,0.0,24
200800000029,8,1,28,300,3,2,1,1,6,24035,M,4478600.0,101300.0,24
200800000030,8,1,4,1045,1,1,1,2,1,24254,M,0.0,0.0,24
200800000031,8,1,3,915,1,1,1,8,7,24229,M,4514000.0,120000.0,24
200800000032,8,1,30,1245,1,2,1,1,3,24229,M,4513200.0,122500.0,24
200800000033,8,1,12,515,5,1,1,8,6,40250,M,4394900.0,-40600.0,40
200800000034,8,1,19,1830,5,2,1,1,3,40288,M,0.0,0.0,40
200800000035,8,1,25,830,2,1,1,1,6,40115,M,0.0,0.0,40
200800000036,8,1,14,1600,2,2,1,1,7,40179,M,4370700.0,-111100.0,40
200800000037,8,1,23,530,3,1,1,5,3,40123,M,4383800.0,-110300.0,40
200800000038,8,1,25,1745,1,1,1,1,7,40260,M,0.0,0.0,40
200800000039,8,1,21,845,1,1,1,1,7,40304,M,0.0,0.0,40
200800000040,8,1,15,2230,5,2,1,3,6,40209,M,4356400.0,-145100.0,40
200800000041,8,1,14,1800,5,2,1,1,3,40046,M,0.0,0.0,40
200800000042,8,1,19,945,1,1,1,1,6,40257,M,0.0,0.0,40
200800000043,8,1,19,1845,5,2,1,1,3,40217,M,0.0,0.0,40
200800000044,8,1,2,1415,1,1,1,1,1,40175,M,4383500.0,-35400.0,40
200800000045,8,1,17,1715,2,2,1,3,6,40080,M,0.0,0.0,40
200800000046,8,1,14,630,5,1,1,1,6,40267,M,0.0,0.0,40
200800000047,8,1,22,615,3,1,1,2,6,40161,M,4413300.0,1300.0,40
200800000048,8,1,23,1215,1,1,1,1,1,47209,M,4423000.0,68900.0,47
200800000049,8,1,4,1300,1,1,1,1,6,47326,M,4454000.0,24400.0,47
200800000050,8,1,5,1900,5,2,1,2,6,47157,M,4450700.0,17000.0,47
200800000051,8,1,5,2315,3,1,1,3,6,47326,M,4452000.0,21200.0,47
200800000052,8,1,7,1715,1,2,1,1,2,47157,M,4449900.0,17400.0,47
200800000053,8,1,11,1745,2,2,1,2,1,47157,M,4450500.0,16400.0,47
200800000054,8,1,9,1915,5,2,1,1,6,47168,M,4460300.0,36000.0,47
200800000055,8,1,15,1700,2,1,1,8,1,47187,M,4463500.0,26400.0,47
200800000056,8,1,19,930,1,1,1,1,6,47165,M,0.0,0.0,47
200800000057,8,1,25,1815,2,1,2,1,3,47013,M,0.0,0.0,47
200800000058,8,1,18,1400,1,1,1,2,6,47065,M,4437600.0,42800.0,47
200800000059,8,1,29,1230,1,2,1,1,3,47159,M,0.0,0.0,47
200800000060,8,1,28,1015,1,1,1,5,6,47146,M,0.0,0.0,47
200800000061,8,1,26,1015,1,2,1,7,6,47057,M,4465600.0,59300.0,47
200800000062,8,1,2,930,1,1,1,1,6,47160,M,0.0,0.0,47
200800000063,8,1,17,1315,1,1,6,2,3,47252,M,4439300.0,58000.0,47
200800000064,8,1,29,1715,1,1,1,1,3,47306,M,4440000.0,49500.0,47
200800000065,8,1,25,1945,2,1,1,5,1,64089,M,4337700.0,-16900.0,64
200800000066,8,1,25,1930,3,2,1,1,5,64059,M,4327700.0,-25700.0,64
200800000067,8,1,11,1415,1,2,1,8,5,64138,M,4324000.0,-28000.0,64
200800000068,8,1,8,1400,1,1,1,1,6,64160,M,4339000.0,-138800.0,64
200800000069,8,1,11,1930,3,1,1,2,1,64391,M,4328600.0,-80300.0,64
200800000070,8,1,11,730,3,1,9,6,6,64155,M,0.0,0.0,64
200800000071,8,1,28,1130,1,1,1,1,7,64124,M,0.0,0.0,64
200800000072,8,1,5,1045,1,2,1,1,6,64430,M,4349300.0,-77200.0,64
200800000073,8,1,23,1700,1,1,1,7,6,64499,M,,,64
200800000074,8,1,6,945,1,1,1,8,6,86100,M,0.0,0.0,86
200800000075,8,1,15,1230,1,1,1,6,3,86102,M,0.0,0.0,86
200800000076,8,1,21,1515,1,1,1,1,6,86002,M,4675700.0,17100.0,86
200800000077,8,1,4,800,2,1,1,2,7,86178,M,4647600.0,44500.0,86
200800000078,8,1,6,1615,1,1,1,8,3,86097,M,0.0,0.0,86
200800000079,8,1,7,1715,1,1,1,1,3,86263,M,4653500.0,35400.0,86
200800000080,8,1,12,845,1,1,1,1,1,86221,M,0.0,0.0,86
200800000081,8,1,25,2100,3,2,1,1,1,86096,M,0.0,0.0,86
200800000082,8,1,1,1845,3,1,1,8,6,86137,M,4699700.0,9200.0,86
200800000083,8,1,13,230,4,2,1,1,6,86137,M,4701600.0,8200.0,86
200800000084,8,1,16,1130,1,1,1,8,3,86075,M,0.0,0.0,86
200800000085,8,1,6,545,3,1,1,8,6,86120,M,4629000.0,85200.0,86
200800000086,8,1,15,845,1,2,1,3,4,86078,M,0.0,0.0,86
200800000087,8,1,24,1430,1,1,1,1,7,86138,M,4618200.0,78300.0,86
200800000088,8,1,26,230,3,1,1,1,6,86289,M,4619600.0,63800.0,86
200800000089,8,1,22,1945,3,1,1,1,1,16073,M,0.0,0.0,16
200800000090,8,1,18,2015,5,2,1,1,6,16217,M,0.0,0.0,16
200800000091,8,1,4,830,1,1,1,1,7,16276,M,0.0,0.0,16
200800000092,8,1,21,800,2,2,6,1,3,16028,M,0.0,0.0,16
200800000093,8,1,24,1530,1,1,1,1,7,16242,M,0.0,0.0,16
200800000094,8,1,16,1045,1,1,2,2,3,16107,M,0.0,0.0,16
200800000095,8,1,9,945,2,2,6,2,3,17094,M,0.0,0.0,17
200800000096,8,1,13,1345,2,1,1,5,6,17108,M,0.0,0.0,17
200800000097,8,1,18,1700,1,1,1,2,5,17362,M,4539300.0,-58300.0,17
200800000098,8,1,20,1530,1,2,1,1,3,17210,M,0.0,0.0,17
200800000099,8,1,17,1500,1,1,1,3,1,17279,M,0.0,0.0,17
200800000100,8,1,25,630,3,1,1,1,6,17241,M,4519300.0,-15500.0,17
200800000101,8,1,5,830,2,2,1,1,1,17093,M,0.0,0.0,17
200800000102,8,1,23,1900,3,1,1,5,7,17093,M,0.0,0.0,17
200800000103,8,1,1,1545,1,1,1,7,1,17346,M,0.0,0.0,17
200800000104,8,1,2,1215,1,1,1,1,1,17353,M,0.0,0.0,17
200800000105,8,1,1,145,3,1,1,5,1,17166,M,4610400.0,-88100.0,17
200800000106,8,1,2,2300,5,2,1,1,6,17434,M,0.0,0.0,17
200800000107,8,1,16,1515,3,1,1,1,6,17447,M,0.0,0.0,17
200800000108,8,1,18,900,1,1,2,2,3,17080,M,4610900.0,-81700.0,17
200800000109,8,1,26,230,3,1,1,9,5,17003,M,4610800.0,-94400.0,17
200800000110,8,1,28,1945,3,1,1,1,3,17080,M,0.0,0.0,17
200800000111,8,1,28,815,2,1,2,5,5,17152,M,0.0,0.0,17
200800000112,8,1,10,1345,1,1,1,1,1,17347,M,0.0,0.0,17
200800000113,8,1,15,1030,1,2,1,2,1,17397,M,4546200.0,-12300.0,17
200800000114,8,1,20,1715,1,1,1,1,1,17070,M,0.0,0.0,17
200800000115,8,1,14,845,1,1,1,1,1,79104,M,4649300.0,-43200.0,79
200800000116,8,1,25,2130,3,1,1,9,7,79281,M,4638700.0,-48700.0,79
200800000117,8,1,6,1615,1,1,1,2,6,79003,M,4629400.0,-44700.0,79
200800000118,8,1,28,745,1,2,1,1,3,79049,M,0.0,0.0,79
200800000119,8,1,14,1330,1,2,2,8,3,79062,M,4682200.0,-66600.0,79
200800000120,8,1,17,1900,3,1,1,1,1,79079,M,4693500.0,-75400.0,79
200800000121,8,1,26,1500,1,2,6,1,3,79195,M,0.0,0.0,79
200800000122,8,1,29,645,3,1,1,5,3,79210,M,4689800.0,-65600.0,79
200800000123,8,1,6,1430,1,2,1,3,6,79250,M,0.0,0.0,79
200800000124,8,1,9,1500,1,1,1,1,7,79061,M,0.0,0.0,79
200800000125,8,1,9,1800,5,2,1,1,3,79202,M,0.0,0.0,79
200800000126,8,1,19,145,3,1,1,8,6,79092,M,4650900.0,-17900.0,79
200800000127,8,1,3,1000,1,1,1,1,1,87107,M,4592800.0,116700.0,87
200800000128,8,1,20,1715,1,1,1,1,6,87002,M,0.0,0.0,87
200800000129,8,1,1,2300,3,1,1,9,7,87032,M,0.0,0.0,87
200800000130,8,1,10,1430,1,1,1,1,6,87154,M,0.0,0.0,87
200800000131,8,1,6,1145,1,1,1,2,6,87036,M,4570100.0,95300.0,87
200800000132,8,1,14,1300,1,1,1,1,6,87168,M,4573500.0,78100.0,87
200800000133,8,1,22,730,3,1,1,8,5,19038,M,4523900.0,172500.0,19
200800000134,8,1,3,1615,1,1,1,1,6,19010,M,4509800.0,193000.0,19
200800000135,8,1,18,1715,1,1,1,2,1,19042,M,4529700.0,161700.0,19
200800000136,8,1,25,1345,1,1,2,1,3,19044,M,4497200.0,171500.0,19
200800000137,8,1,31,1945,3,1,1,9,1,19105,M,4513700.0,165700.0,19
200800000138,8,1,20,1445,1,1,1,1,6,19278,M,4518900.0,145500.0,19
200800000139,8,1,21,1800,3,1,1,1,1,19278,M,4518800.0,145600.0,19
200800000140,8,1,1,1400,1,1,1,1,5,19230,M,4546000.0,145800.0,19
200800000141,8,1,30,1145,1,1,1,1,6,19233,M,4559600.0,229200.0,19
200800000142,8,1,24,2015,3,1,1,1,7,19252,M,4541700.0,246900.0,19
200800000143,8,1,14,1415,1,1,1,4,6,19136,M,4558400.0,211600.0,19
200800000144,8,1,22,1445,1,2,1,1,3,23169,M,4613300.0,193700.0,23
200800000145,8,1,29,2100,3,1,1,2,6,23193,M,4616500.0,189400.0,23
200800000146,8,1,25,1400,1,1,3,1,3,23064,M,4632700.0,211400.0,23
200800000147,8,1,25,1115,1,1,1,1,7,23114,M,0.0,0.0,23
200800000148,8,1,1,415,3,1,1,1,1,23177,M,0.0,0.0,23
200800000149,8,1,14,1900,3,1,1,1,5,31044,M,0.0,0.0,31
200800000150,8,1,3,1700,1,1,1,1,1,31118,M,0.0,0.0,31
200800000151,8,1,2,1045,1,2,1,8,6,31356,M,0.0,0.0,31
200800000152,8,1,19,1300,1,1,1,1,3,31160,M,0.0,0.0,31
200800000153,8,1,30,730,2,2,6,1,3,31232,M,4377400.0,128700.0,31
200800000154,8,1,15,815,2,2,6,1,3,31424,M,0.0,0.0,31
200800000155,8,1,25,1615,1,2,1,1,3,31424,M,4358500.0,129100.0,31
200800000156,8,1,29,1015,1,1,1,1,1,31417,M,4360900.0,128900.0,31
200800000157,8,1,30,830,1,2,2,1,3,31291,M,4360700.0,123400.0,31
200800000158,8,1,21,830,1,1,1,1,5,31490,M,0.0,0.0,31
200800000159,8,1,7,1145,1,2,3,3,3,31488,M,0.0,0.0,31
200800000160,8,1,26,700,2,1,1,5,1,31462,M,4367200.0,151200.0,31
200800000161,8,1,19,230,3,1,1,8,6,31375,M,4314500.0,119500.0,31
200800000162,8,1,27,745,2,1,1,1,7,31436,M,4335000.0,102700.0,31
200800000163,8,1,31,1845,3,1,1,1,5,31187,M,4352900.0,125600.0,31
200800000164,8,1,18,1600,1,1,1,2,1,31502,M,4318500.0,74200.0,31
200800000165,8,1,28,1730,1,1,2,1,3,31323,M,4308600.0,64000.0,31
200800000166,8,1,15,1130,1,2,1,1,3,31042,M,4279600.0,59400.0,31
200800000167,8,1,9,900,1,1,1,1,1,31072,M,0.0,0.0,31
200800000168,8,1,28,30,3,1,1,1,6,31124,M,4313200.0,91700.0,31
200800000169,8,1,7,730,3,1,1,1,6,31589,M,0.0,0.0,31
200800000170,8,1,19,1915,3,2,3,1,3,31169,M,0.0,0.0,31
200800000171,8,1,14,845,1,1,1,1,5,31570,M,4346700.0,181500.0,31
200800000172,8,1,22,745,2,2,1,1,3,31451,M,0.0,0.0,31
200800000173,8,1,6,1815,5,2,1,8,2,09272,M,0.0,0.0,09
200800000174,8,1,7,800,3,1,1,1,1,09306,M,0.0,0.0,09
200800000175,8,1,29,845,1,2,1,1,3,09339,M,0.0,0.0,09
200800000176,8,1,31,730,2,2,1,2,6,09116,M,0.0,0.0,09
200800000177,8,1,26,1230,1,2,1,1,6,09002,M,4300100.0,187900.0,09
200800000178,8,1,3,1245,1,1,1,2,6,12225,M,0.0,0.0,12
200800000179,8,1,28,1900,5,2,1,1,1,12157,M,0.0,0.0,12
200800000180,8,1,28,1545,1,2,1,1,6,12169,M,4420200.0,233700.0,12
200800000181,8,1,20,2045,3,1,1,1,3,12119,M,4469700.0,286200.0,12
200800000182,8,1,21,1515,1,2,1,1,6,12208,M,0.0,0.0,12
200800000183,8,1,2,1515,1,1,1,1,6,12248,M,4388500.0,262200.0,12
200800000184,8,1,27,1515,1,1,1,1,6,12080,M,4392400.0,259300.0,12
200800000185,8,1,6,1515,1,1,1,1,1,32381,M,0.0,0.0,32
200800000186,8,1,9,1430,1,1,1,8,3,32381,M,0.0,0.0,32
200800000187,8,1,26,1915,5,2,1,1,6,32160,M,0.0,0.0,32
200800000188,8,1,25,800,2,1,1,5,6,32095,M,4394500.0,43400.0,32
200800000189,8,1,26,1030,1,1,1,5,6,32345,M,4399300.0,50200.0,32
200800000190,8,1,26,2215,3,1,1,5,6,32107,M,4394300.0,37400.0,32
200800000191,8,1,30,1630,1,2,1,1,3,32107,M,4396100.0,37800.0,32
200800000192,8,1,2,1400,1,1,1,1,3,32132,M,4382700.0,65300.0,32
200800000193,8,1,9,1715,2,1,1,1,1,32132,M,4385600.0,61900.0,32
200800000194,8,1,21,815,1,1,1,5,1,32208,M,4392800.0,62400.0,32
200800000195,8,1,30,1445,1,1,1,1,1,32132,M,4386100.0,66200.0,32
200800000196,8,1,12,1900,3,1,1,2,1,32304,M,4338100.0,56000.0,32
200800000197,8,1,3,1600,1,1,1,2,1,32219,M,0.0,0.0,32
200800000198,8,1,27,545,3,1,1,1,7,32319,M,0.0,0.0,32
200800000199,8,1,31,845,2,1,1,5,1,46066,M,4464100.0,123700.0,46
200800000200,8,1,25,830,3,1,1,1,6,46021,M,4458700.0,195400.0,46
200800000201,8,1,20,1500,1,1,1,1,1,46090,M,4467400.0,179500.0,46
200800000202,8,1,22,1330,1,1,1,3,6,46271,M,0.0,0.0,46
200800000203,8,1,23,745,2,1,1,5,7,46316,M,4462000.0,132200.0,46
200800000204,8,1,28,745,2,1,1,1,6,46121,M,0.0,0.0,46
200800000205,8,1,15,715,3,1,1,8,5,46145,M,4491900.0,148500.0,46
200800000206,8,1,19,2330,3,1,1,8,6,46337,M,0.0,0.0,46
200800000207,8,1,20,1845,3,1,1,1,1,65187,M,0.0,0.0,65
200800000208,8,1,15,730,5,2,1,1,6,65304,M,4347200.0,2600.0,65
200800000209,8,1,17,1145,1,2,1,2,3,65007,M,4332200.0,6600.0,65
200800000210,8,1,1,1630,1,2,1,1,6,65231,M,4306200.0,37200.0,65
200800000211,8,1,31,700,3,1,1,8,6,65437,M,0.0,0.0,65
200800000212,8,1,1,1745,2,1,1,1,1,65195,M,4280600.0,40500.0,65
200800000213,8,1,11,1900,3,1,1,4,6,65195,M,0.0,0.0,65
200800000214,8,1,16,1400,1,1,1,3,6,65465,M,0.0,0.0,65
200800000215,8,1,17,800,2,2,5,2,3,81222,M,0.0,0.0,81
200800000216,8,1,10,2200,5,2,1,8,1,81132,M,4364900.0,204500.0,81
200800000217,8,1,11,800,2,1,1,5,1,81140,M,4370000.0,186400.0,81
200800000218,8,1,28,1730,1,1,1,1,1,81131,M,4389700.0,200200.0,81
200800000219,8,1,5,1100,1,2,1,8,3,69069,M,0.0,0.0,69
200800000220,8,1,31,1015,1,1,1,1,3,81064,M,4396000.0,183300.0,81
200800000221,8,1,6,1800,5,2,1,1,6,81209,M,0.0,0.0,81
200800000222,8,1,9,1945,3,1,1,1,1,81076,M,4357300.0,188700.0,81
200800000223,8,1,11,1800,3,1,1,6,7,81032,M,0.0,0.0,81
200800000224,8,1,17,2345,3,1,1,3,7,81200,M,4351500.0,201000.0,81
200800000225,8,1,28,800,1,1,1,5,5,81054,M,4358500.0,211400.0,81
200800000226,8,1,14,1700,1,2,9,7,6,82037,M,4416900.0,153700.0,82
200800000227,8,1,11,1815,3,1,1,2,4,82134,M,4407100.0,152600.0,82
200800000228,8,1,24,1130,1,1,1,7,3,82161,M,0.0,0.0,82
200800000229,8,1,19,500,3,1,1,5,6,82075,M,4381500.0,129000.0,82
200800000230,8,1,4,1630,1,2,1,1,3,82112,M,0.0,0.0,82
200800000231,8,1,23,2330,3,1,1,1,6,82005,M,4380200.0,126600.0,82
200800000232,8,1,9,1445,1,1,1,1,1,69072,M,0.0,0.0,69
200800000233,8,1,12,1730,3,1,1,1,2,69072,M,4579900.0,474200.0,69
200800000234,8,1,26,1415,1,2,1,1,2,69271,M,0.0,0.0,69
200800000235,8,1,6,1730,3,2,2,3,2,69125,M,0.0,0.0,69
200800000236,8,1,26,1015,1,2,1,1,6,69286,M,0.0,0.0,69
200800000237,8,1,17,1430,1,2,1,1,3,69204,M,0.0,0.0,69
200800000238,8,1,24,1145,1,1,4,1,3,69298,M,0.0,0.0,69
200800000239,8,1,27,1415,1,2,1,1,6,69299,M,0.0,0.0,69
200800000240,8,1,31,2330,3,1,1,1,6,69136,M,0.0,0.0,69
200800000241,8,1,13,1430,1,1,1,1,6,69227,M,0.0,0.0,69
200800000242,8,1,22,815,1,2,1,1,6,69028,M,0.0,0.0,69
200800000243,8,1,13,1800,3,2,6,2,1,69276,M,0.0,0.0,69
200800000244,8,1,1,45,3,1,9,1,7,69137,M,0.0,0.0,69
200800000245,8,1,13,1215,1,1,1,1,3,69018,M,4615700.0,458900.0,69
200800000246,8,1,13,1345,5,2,6,1,7,69211,M,0.0,0.0,69
200800000247,8,1,4,1615,1,1,1,1,3,69157,M,4588100.0,451500.0,69
200800000248,8,1,11,1815,5,2,1,1,3,69243,M,0.0,0.0,69
200800000249,8,1,13,1,3,1,1,9,7,69075,M,0.0,0.0,69
200800000250,8,1,25,1830,3,1,1,1,3,69102,M,0.0,0.0,69
200800000251,8,1,16,1730,5,2,1,1,6,69006,M,0.0,0.0,69
200800000252,8,1,6,1700,5,2,1,1,1,01065,M,0.0,0.0,01
200800000253,8,1,3,15,5,2,1,1,6,01350,M,0.0,0.0,01
200800000254,8,1,5,1745,3,1,1,2,1,01426,M,0.0,0.0,01
200800000255,8,1,27,1600,1,1,1,1,1,01150,M,0.0,0.0,01
200800000256,8,1,13,645,3,1,1,1,6,01337,M,0.0,0.0,01
200800000257,8,1,7,345,3,1,1,3,6,01068,M,0.0,0.0,01
200800000258,8,1,16,730,3,1,1,6,1,01145,M,0.0,0.0,01
200800000259,8,1,8,1815,5,2,1,1,1,01231,M,0.0,0.0,01
200800000260,8,1,12,1300,1,1,1,8,7,01255,M,0.0,0.0,01
200800000261,8,1,5,100,3,1,1,2,1,01138,M,4583700.0,579100.0,01
200800000262,8,1,7,1830,3,1,1,1,3,01007,M,0.0,0.0,01
200800000263,8,1,8,1345,1,2,1,1,1,01041,M,0.0,0.0,01
200800000264,8,1,10,1445,1,1,1,2,1,01379,M,4596300.0,527800.0,01
200800000265,8,1,16,745,2,2,1,8,6,01004,M,4597100.0,534200.0,01
200800000266,8,1,22,745,2,1,1,3,6,01007,M,4602600.0,534000.0,01
200800000267,8,1,29,1015,1,2,7,1,6,01004,M,0.0,0.0,01
200800000268,8,1,3,630,3,1,1,9,5,01237,M,4620200.0,559900.0,01
200800000269,8,1,11,1315,1,1,1,1,1,01307,M,4615000.0,555900.0,01
200800000270,8,1,2,1915,5,2,1,1,3,01281,M,0.0,0.0,01
200800000271,8,1,8,130,5,2,1,8,6,01281,M,0.0,0.0,01
200800000272,8,1,22,1800,5,2,1,1,6,01173,M,0.0,0.0,01
200800000273,8,1,17,1345,1,1,1,1,1,01209,M,0.0,0.0,01
200800000274,8,1,13,1645,1,1,1,1,5,01322,M,0.0,0.0,01
200800000275,8,1,14,1715,2,1,1,8,5,01096,M,0.0,0.0,01
200800000276,8,1,18,545,5,1,1,1,1,01093,M,0.0,0.0,01
200800000277,8,1,7,2115,3,1,1,1,6,01054,M,4589900.0,516700.0,01
200800000278,8,1,18,645,2,1,1,1,6,01290,M,4591200.0,516500.0,01
200800000279,8,1,24,1330,1,2,1,1,7,01325,M,0.0,0.0,01
200800000280,8,1,12,1715,5,2,1,1,1,01248,M,0.0,0.0,01
200800000281,8,1,23,1245,1,2,1,1,4,01105,M,0.0,0.0,01
200800000282,8,1,8,1030,1,2,1,1,5,01169,M,4612100.0,478600.0,01
200800000283,8,1,16,1400,5,2,1,1,3,01263,M,0.0,0.0,01
200800000284,8,1,28,630,2,2,1,1,3,01258,M,4610000.0,479700.0,01
200800000285,8,1,4,1530,1,1,1,2,1,07346,M,0.0,0.0,07
200800000286,8,1,22,2030,3,1,1,1,5,07237,M,0.0,0.0,07
200800000287,8,1,11,2245,3,1,1,2,3,07117,M,0.0,0.0,07
200800000288,8,1,18,1630,1,1,1,1,1,07110,M,0.0,0.0,07
200800000289,8,1,17,1030,1,1,1,1,6,07126,M,0.0,0.0,07
200800000290,8,1,15,1745,2,1,1,2,7,07031,M,0.0,0.0,07
200800000291,8,1,8,1430,1,1,1,7,2,07197,M,,,07
200800000292,8,1,8,930,1,1,1,1,1,07188,M,4518000.0,469600.0,07
200800000293,8,1,11,2045,3,1,1,1,6,26197,M,0.0,0.0,26
200800000294,8,1,5,630,3,1,1,2,6,26078,M,4460200.0,495200.0,26
200800000295,8,1,14,1800,3,1,1,3,2,26125,M,4476400.0,495900.0,26
200800000296,8,1,17,1830,3,1,1,1,1,26065,M,0.0,0.0,26
200800000297,8,1,16,1300,1,2,1,1,1,26165,M,0.0,0.0,26
200800000298,8,1,23,1715,2,1,1,7,1,26124,M,0.0,0.0,26
200800000299,8,1,30,1115,1,2,3,1,3,26166,M,,,26
200800000300,8,1,12,1045,1,2,3,9,3,26116,M,4444400.0,471300.0,26
200800000301,8,1,18,500,3,1,1,1,6,26235,M,0.0,0.0,26
200800000302,8,1,7,2345,3,1,1,2,6,26324,M,4436800.0,475600.0,26
200800000303,8,1,13,1715,1,1,1,1,6,26162,M,4529200.0,504500.0,26
200800000304,8,1,11,1415,1,1,1,1,1,26179,M,4506400.0,486800.0,26
200800000305,8,1,9,1830,5,2,1,2,6,38538,M,4521800.0,586000.0,38
200800000306,8,1,14,1800,5,2,1,3,6,38150,M,0.0,0.0,38
200800000307,8,1,15,1500,1,2,1,1,1,38412,M,0.0,0.0,38
200800000308,8,1,2,1315,1,1,1,1,1,38511,M,0.0,0.0,38
200800000309,8,1,4,1015,1,2,1,1,6,38140,M,0.0,0.0,38
200800000310,8,1,4,1430,1,1,1,1,3,38524,M,0.0,0.0,38
200800000311,8,1,17,915,1,2,1,1,7,38128,M,4482200.0,594900.0,38
200800000312,8,1,5,1745,3,2,1,2,6,38212,M,4507700.0,587600.0,38
200800000313,8,1,9,1730,2,1,1,8,5,38478,M,4507900.0,587900.0,38
200800000314,8,1,17,1845,3,1,1,1,1,38528,M,4510600.0,579800.0,38
200800000315,8,1,8,1600,1,2,1,1,6,38416,M,4515900.0,532500.0,38
200800000316,8,1,11,1745,2,2,1,1,1,38416,M,4515800.0,531500.0,38
200800000317,8,1,11,945,1,1,9,7,3,38332,M,0.0,0.0,38
200800000318,8,1,19,1330,1,2,1,1,6,38239,M,0.0,0.0,38
200800000319,8,1,22,1030,1,2,1,2,6,38239,M,4533000.0,555300.0,38
200800000320,8,1,16,1730,5,2,1,1,3,38384,M,4539500.0,536000.0,38
200800000321,8,1,30,1030,1,1,1,8,7,38500,M,0.0,0.0,38
200800000322,8,1,11,1900,5,2,1,1,3,38348,M,4559200.0,538100.0,38
200800000323,8,1,11,1700,1,1,1,1,6,38138,M,0.0,0.0,38
200800000324,8,1,15,745,1,2,1,9,6,38010,M,0.0,0.0,38
200800000325,8,1,10,1315,1,1,1,1,6,38287,M,0.0,0.0,38
200800000326,8,1,10,1700,1,1,1,1,6,38043,M,0.0,0.0,38
200800000327,8,1,23,1715,2,1,1,1,6,38118,M,4540300.0,546700.0,38
200800000328,8,1,15,845,1,2,1,9,6,38135,M,4573000.0,537700.0,38
200800000329,8,1,21,1815,3,1,1,2,1,38261,M,4567600.0,548900.0,38
200800000330,8,1,2,1730,2,2,1,1,6,38509,M,0.0,0.0,38
200800000331,8,1,22,900,1,1,1,1,6,38377,M,0.0,0.0,38
200800000332,8,1,9,1345,1,1,1,1,2,44066,M,0.0,0.0,44
200800000333,8,1,18,1945,3,1,1,1,6,44035,M,4733200.0,-158800.0,44
200800000334,8,1,1,1230,1,1,1,7,7,38336,M,4548300.0,483000.0,38
200800000335,8,1,10,1415,1,2,1,1,6,38087,M,4558600.0,480900.0,38
200800000336,8,1,11,2230,3,1,1,6,6,38215,M,4559100.0,492800.0,38
200800000337,8,1,6,1700,1,1,1,1,7,38336,M,4547000.0,484100.0,38
200800000338,8,1,8,1700,1,2,1,1,3,38244,M,0.0,0.0,38
200800000339,8,1,16,1900,3,1,1,8,3,38291,M,0.0,0.0,38
200800000340,8,1,22,1630,1,2,1,1,3,38130,M,0.0,0.0,38
200800000341,8,1,6,1730,3,1,1,2,3,38389,M,0.0,0.0,38
200800000342,8,1,9,2130,3,1,1,9,1,38035,M,0.0,0.0,38
200800000343,8,1,14,1030,1,1,1,1,1,38476,M,0.0,0.0,38
200800000344,8,1,21,1145,1,2,7,1,6,38399,M,0.0,0.0,38
200800000345,8,1,2,1600,1,2,1,1,6,38085,M,4574800.0,516500.0,38
200800000346,8,1,5,530,3,1,1,1,7,38557,M,0.0,0.0,38
200800000347,8,1,18,545,3,1,1,1,6,38556,M,4540100.0,486000.0,38
200800000348,8,1,22,1015,1,2,1,1,2,38298,M,4537300.0,480200.0,38