Num_Acc,an,mois,jour,hrmn,lum,agg,int,atm,col,com,gps,lat,long,dep
200800000690,8,1,6,1615,1,2,2,1,3,76462,M,0.0,0.0,76
200800000691,8,1,12,1715,2,1,5,8,3,76244,M,0.0,0.0,76
200800000692,8,1,18,1630,1,2,1,2,6,76739,M,0.0,0.0,76
200800000693,8,1,12,1200,1,2,1,1,3,76495,M,4957100.0,95300.0,76
200800000694,8,1,20,1100,1,1,1,1,1,76686,M,4978200.0,54100.0,76
200800000695,8,1,13,1900,3,1,3,8,3,27306,M,4899400.0,118600.0,27
200800000696,8,1,23,700,3,1,1,8,1,27507,M,4891300.0,129400.0,27
200800000697,8,1,18,2245,5,2,1,1,6,27278,M,4891400.0,144300.0,27
200800000698,8,1,5,100,3,1,1,3,1,27679,M,0.0,0.0,27
200800000699,8,1,11,1015,1,2,3,1,3,27112,M,0.0,0.0,27
200800000700,8,1,19,2030,5,2,1,1,6,27643,M,4876100.0,105700.0,27
200800000701,8,1,30,1430,1,1,1,7,2,27679,M,0.0,0.0,27
200800000702,8,1,10,715,3,1,1,1,1,27337,M,0.0,0.0,27
200800000703,8,1,3,645,3,1,1,9,3,27122,M,4921100.0,159000.0,27
200800000704,8,1,30,1700,1,2,1,7,6,27487,M,0.0,0.0,27
200800000705,8,1,1,1830,5,2,1,1,6,27633,M,4923800.0,161300.0,27
200800000706,8,1,5,1500,1,1,1,1,1,27398,M,4910300.0,63500.0,27
200800000707,8,1,30,1345,1,1,1,1,7,27056,M,4907500.0,60700.0,27
200800000708,8,1,3,430,3,1,1,9,7,27210,M,0.0,0.0,27
200800000709,8,1,20,1915,3,1,1,1,7,27311,M,0.0,0.0,27
200800000710,8,1,27,1200,1,2,1,1,3,27362,M,0.0,0.0,27
200800000711,8,1,4,1345,1,2,1,1,2,27599,M,4915300.0,138700.0,27
200800000712,8,1,6,2045,3,1,1,3,3,27025,M,4911100.0,129400.0,27
200800000713,8,1,14,2030,3,1,1,1,1,27275,M,4916100.0,133400.0,27
200800000714,8,1,18,1730,2,1,1,3,5,27192,M,4916100.0,91800.0,27
200800000715,8,1,9,1945,5,2,1,1,1,27656,M,4936900.0,46300.0,27
200800000716,8,1,22,1230,1,1,1,1,6,27169,M,0.0,0.0,27
200800000717,8,1,5,1100,1,1,2,1,1,35120,M,4824100.0,-178800.0,35
200800000718,8,1,25,2045,3,1,1,1,6,35023,M,0.0,0.0,35
200800000719,8,1,11,745,3,2,1,3,6,35076,M,0.0,0.0,35
200800000720,8,1,28,1145,1,1,1,7,5,35137,M,0.0,0.0,35
200800000721,8,1,18,2200,3,1,1,9,6,35230,M,0.0,0.0,35
200800000722,8,1,4,1830,3,1,1,2,1,35175,M,4790500.0,-195100.0,35
200800000723,8,1,8,2245,3,1,1,2,6,35129,M,0.0,0.0,35
200800000724,8,1,14,1845,3,1,1,1,1,35168,M,0.0,0.0,35
200800000725,8,1,15,1630,1,1,1,1,6,35123,M,4802600.0,-182700.0,35
200800000726,8,1,13,545,3,1,1,1,3,35337,M,0.0,0.0,35
200800000727,8,1,14,2100,3,1,1,1,7,35259,M,0.0,0.0,35
200800000728,8,1,16,1945,4,2,2,3,1,35095,M,4855400.0,-175200.0,35
200800000729,8,1,8,1130,1,2,1,1,6,35360,M,0.0,0.0,35
200800000730,8,1,13,1145,1,1,1,1,1,35087,M,4808300.0,-130000.0,35
200800000731,8,1,27,100,5,2,1,1,2,35068,M,0.0,0.0,35
200800000732,8,1,9,1400,1,2,6,1,6,35136,M,0.0,0.0,35
200800000733,8,1,24,1900,5,1,1,1,3,22117,M,4860500.0,-287100.0,22
200800000734,8,1,18,1245,1,2,1,1,3,22093,M,0.0,0.0,22
200800000735,8,1,27,1215,1,2,1,1,2,22093,M,0.0,0.0,22
200800000736,8,1,4,1930,3,1,1,2,1,22376,M,4822400.0,-280900.0,22
200800000737,8,1,17,1400,1,2,1,1,1,22162,M,4878300.0,-304400.0,22
200800000738,8,1,1,500,4,2,1,1,6,22242,M,0.0,0.0,22
200800000739,8,1,12,1015,1,1,1,1,3,22176,M,0.0,0.0,22
200800000740,8,1,26,1900,5,2,1,1,6,22259,M,0.0,0.0,22
200800000741,8,1,6,300,3,1,1,1,1,22323,M,0.0,0.0,22
200800000742,8,1,31,800,2,2,1,1,3,22183,M,4818100.0,-259100.0,22
200800000743,8,1,31,715,5,2,1,1,1,22250,M,0.0,0.0,22
200800000744,8,1,1,2015,3,1,1,1,3,22199,M,4879100.0,-314800.0,22
200800000745,8,1,1,1715,1,1,1,1,3,22152,M,4877100.0,-327800.0,22
200800000746,8,1,19,30,3,1,1,1,6,22195,M,4884600.0,-313900.0,22
200800000747,8,1,9,1230,1,1,1,1,7,29052,M,0.0,0.0,29
200800000748,8,1,12,1030,1,2,1,8,6,29003,M,4802700.0,-453800.0,29
200800000749,8,1,16,1830,5,2,1,1,6,29161,M,4791000.0,-404400.0,29
200800000750,8,1,20,1000,1,1,1,1,7,29032,M,4790800.0,-407000.0,29
200800000751,8,1,25,1500,1,2,1,1,6,29161,M,4791000.0,-404500.0,29
200800000752,8,1,26,615,3,1,1,1,1,29116,M,4849900.0,-420500.0,29
200800000753,8,1,25,1815,2,1,1,7,2,29203,M,4864800.0,-434700.0,29
200800000754,8,1,14,1900,3,1,1,8,1,29117,M,4858200.0,-454900.0,29
200800000755,8,1,25,730,3,1,1,1,3,29160,M,4849100.0,-441100.0,29
200800000756,8,1,14,1130,1,1,1,1,3,29177,M,4844000.0,-466900.0,29
200800000757,8,1,11,745,2,1,1,3,7,29044,M,4819700.0,-413000.0,29
200800000758,8,1,1,1015,1,1,1,1,7,29081,M,0.0,0.0,29
200800000759,8,1,28,2100,3,1,1,1,7,29007,M,0.0,0.0,29
200800000760,8,1,25,1645,1,1,1,1,3,29020,M,0.0,0.0,29
200800000761,8,1,31,1900,3,1,1,2,5,29027,M,4831800.0,-395700.0,29
200800000762,8,1,27,1600,1,1,1,1,1,29042,M,4825200.0,-439300.0,29
200800000763,8,1,15,815,3,1,1,3,6,29206,M,4865100.0,-419700.0,29
200800000764,8,1,17,1815,3,1,1,8,2,29259,M,0.0,0.0,29
200800000765,8,1,21,745,4,1,1,1,3,29259,M,0.0,0.0,29
200800000766,8,1,15,815,2,1,1,6,1,56206,M,0.0,0.0,56
200800000767,8,1,18,2000,3,1,1,2,1,56067,M,0.0,0.0,56
200800000768,8,1,1,1800,3,2,1,5,6,56232,M,0.0,0.0,56
200800000769,8,1,4,2100,3,1,1,1,7,56153,M,4760300.0,-238200.0,56
200800000770,8,1,18,1815,3,1,1,1,1,56149,M,0.0,0.0,56
200800000771,8,1,30,2000,3,1,1,1,6,56153,M,4758200.0,-236200.0,56
200800000772,8,1,8,1215,1,1,8,1,3,56023,M,4775100.0,-303500.0,56
200800000773,8,1,10,2345,3,1,1,3,6,56167,M,4767000.0,-290900.0,56
200800000774,8,1,17,1445,1,1,1,8,5,56023,M,4769600.0,-300500.0,56
200800000775,8,1,2,1100,1,1,1,1,2,56168,M,4760100.0,-310900.0,56
200800000776,8,1,6,1615,1,1,1,3,5,56166,M,0.0,0.0,56
200800000777,8,1,15,1100,1,2,9,6,6,56220,M,4772300.0,-322900.0,56
200800000778,8,1,16,1500,1,2,1,3,6,56119,M,4771300.0,-310900.0,56
200800000779,8,1,26,1215,1,2,1,1,6,56124,M,4781500.0,-238800.0,56
200800000780,8,1,12,330,3,1,1,2,6,56010,M,4788500.0,-311000.0,56
200800000781,8,1,29,1330,1,1,2,1,3,56173,M,4791000.0,-291200.0,56
200800000782,8,1,19,1700,1,2,1,1,1,14123,M,4923900.0,-44800.0,14
200800000783,8,1,22,1745,1,2,1,1,1,14034,M,4910500.0,-45800.0,14
200800000784,8,1,14,2015,3,1,1,1,7,14556,M,0.0,0.0,14
200800000785,8,1,18,1700,2,2,1,8,3,14516,M,4897600.0,-24000.0,14
200800000786,8,1,4,1300,1,2,1,1,1,14488,M,0.0,0.0,14
200800000787,8,1,16,1800,5,2,1,1,6,14143,M,4909700.0,-80100.0,14
200800000788,8,1,25,800,3,1,1,2,3,14047,M,4926800.0,-71000.0,14
200800000789,8,1,14,1130,1,1,1,1,1,14207,M,4899600.0,-46300.0,14
200800000790,8,1,3,2000,3,1,1,2,3,14697,M,4899900.0,-2000.0,14
200800000791,8,1,31,945,1,1,1,1,2,14422,M,0.0,0.0,14
200800000792,8,1,30,1845,3,1,1,1,7,14081,M,4902400.0,3200.0,14
200800000793,8,1,23,1830,3,2,1,1,3,14371,M,4900900.0,14800.0,14
200800000794,8,1,3,1830,3,1,1,1,1,14500,M,4926000.0,20800.0,14
200800000795,8,1,14,1815,5,2,1,2,6,14762,M,4884300.0,-87400.0,14
200800000796,8,1,10,1600,1,1,1,1,6,50110,M,4920200.0,-94000.0,50
200800000797,8,1,27,615,3,1,1,1,7,50302,M,4910300.0,-120300.0,50
200800000798,8,1,14,2145,3,1,1,1,3,50556,M,0.0,0.0,50
200800000799,8,1,27,1715,1,1,1,7,7,50139,M,0.0,0.0,50
200800000800,8,1,16,1815,5,2,1,4,6,50025,M,4868400.0,-135100.0,50
200800000801,8,1,17,1745,5,2,1,2,3,50516,M,4868700.0,-135200.0,50
200800000802,8,1,8,1700,1,1,2,2,3,50355,M,0.0,0.0,50
200800000803,8,1,1,430,3,1,1,1,6,50589,M,0.0,0.0,50
200800000804,8,1,12,830,2,2,9,1,6,50074,M,4872000.0,-116000.0,50
200800000805,8,1,10,1230,1,1,1,1,7,50519,M,0.0,0.0,50
200800000806,8,1,16,1930,3,1,2,1,1,50599,M,,,50
200800000807,8,1,26,1645,1,1,1,1,6,50049,M,0.0,0.0,50
200800000808,8,1,12,1130,1,1,1,1,6,50030,M,4967500.0,-125800.0,50
200800000809,8,1,28,1230,1,1,1,1,1,50595,M,4960200.0,-148400.0,50
200800000810,8,1,31,800,3,1,1,1,2,50622,M,0.0,0.0,50
200800000811,8,1,19,700,3,1,1,1,6,50328,M,4920500.0,-146100.0,50
200800000812,8,1,28,1230,1,2,1,1,2,50394,M,0.0,0.0,50
200800000813,8,1,2,1315,1,1,2,8,4,50200,M,0.0,0.0,50
200800000814,8,1,3,2115,3,2,1,2,1,50274,M,0.0,0.0,50
200800000815,8,1,15,1330,1,2,1,6,6,61382,M,0.0,0.0,61
200800000816,8,1,8,915,1,1,1,5,6,61310,M,4871500.0,20200.0,61
200800000817,8,1,12,845,1,2,1,1,6,61324,M,4852300.0,-75600.0,61
200800000818,8,1,22,1530,1,1,2,1,3,61091,M,4859500.0,-55400.0,61
200800000819,8,1,23,1545,1,1,1,1,1,61011,M,0.0,0.0,61
200800000820,8,1,11,800,2,2,4,2,3,61097,M,0.0,0.0,61
200800000821,8,1,24,2015,3,1,1,1,7,61425,M,4863400.0,48200.0,61
200800000822,8,1,16,245,3,1,1,2,6,44172,M,0.0,0.0,44
200800000823,8,1,7,1945,5,2,1,1,1,44026,M,0.0,0.0,44
200800000824,8,1,26,1315,1,2,2,1,3,44026,M,0.0,0.0,44
200800000825,8,1,15,800,5,2,1,3,6,44223,M,0.0,0.0,44
200800000826,8,1,9,1315,1,2,1,1,1,44003,M,4737600.0,-117600.0,44
200800000827,8,1,14,2130,5,2,1,1,6,44077,M,4750100.0,-142200.0,44
200800000828,8,1,18,930,1,1,1,1,3,44028,M,4735500.0,-133900.0,44
200800000829,8,1,6,115,3,1,1,2,7,44036,M,4773700.0,-140900.0,44
200800000830,8,1,17,2000,4,1,1,8,1,44179,M,4732800.0,-146600.0,44
200800000831,8,1,29,2045,3,1,1,1,6,44113,M,4757600.0,-162400.0,44
200800000832,8,1,17,745,2,2,1,2,1,44018,M,0.0,0.0,44
200800000833,8,1,16,1800,2,1,8,8,1,44059,M,4705900.0,-182000.0,44
200800000834,8,1,3,1945,3,1,1,3,2,44154,M,4725600.0,-215800.0,44
200800000835,8,1,31,1900,3,1,1,2,6,44187,M,4719700.0,-209500.0,44
200800000836,8,1,27,445,5,2,1,1,6,44047,M,4721800.0,-169700.0,44
200800000837,8,1,31,1945,5,1,6,3,3,44074,M,4720600.0,-166800.0,44
200800000838,8,1,27,1845,3,1,1,2,1,44069,M,0.0,0.0,44
200800000839,8,1,31,2015,5,2,1,2,1,44030,M,0.0,0.0,44
200800000840,8,1,28,1745,1,1,1,1,1,44161,M,4751900.0,-205800.0,44
200800000841,8,1,13,2215,3,1,9,2,3,44158,M,4725000.0,-172500.0,44
200800000842,8,1,16,1700,1,2,6,1,7,44158,M,0.0,0.0,44
200800000843,8,1,27,2000,3,1,2,1,3,44089,M,4733200.0,-188200.0,44
200800000844,8,1,30,1830,3,1,1,1,3,49035,M,4745100.0,-63000.0,49
200800000845,8,1,4,1730,2,1,2,1,3,49194,M,4745800.0,-27700.0,49
200800000846,8,1,19,1900,3,1,1,1,7,49222,M,4739100.0,-54500.0,49
200800000847,8,1,20,2030,3,1,1,1,3,49078,M,4735800.0,-39300.0,49
200800000848,8,1,26,1815,1,1,1,1,6,49292,M,4729900.0,-63600.0,49
200800000849,8,1,28,1745,2,1,1,1,7,49222,M,4736300.0,-54500.0,49
200800000850,8,1,9,815,1,1,1,2,4,49323,M,0.0,0.0,49
200800000851,8,1,25,800,3,1,1,1,5,49323,M,0.0,0.0,49
200800000852,8,1,4,1800,3,1,1,8,2,49244,M,4733800.0,-84900.0,49
200800000853,8,1,23,730,5,2,1,5,3,49160,M,0.0,0.0,49
200800000854,8,1,16,2330,3,1,1,1,6,49289,M,4746900.0,-66300.0,49
200800000855,8,1,14,1845,3,1,1,1,3,49188,M,0.0,0.0,49
200800000856,8,1,24,830,1,1,1,1,1,49360,M,0.0,0.0,49
200800000857,8,1,1,700,2,1,1,1,7,49310,M,0.0,0.0,49
200800000858,8,1,21,1630,1,1,2,1,3,49100,M,0.0,0.0,49
200800000859,8,1,31,1245,1,1,1,1,1,49248,M,0.0,0.0,49
200800000860,8,1,31,1715,1,1,1,3,4,49103,M,0.0,0.0,49
200800000861,8,1,3,2015,3,1,1,2,1,49135,M,4756200.0,-59900.0,49
200800000862,8,1,5,2345,3,1,1,1,6,53157,M,4802500.0,-82100.0,53
200800000863,8,1,30,700,3,1,1,1,7,53157,M,4800600.0,-84100.0,53
200800000864,8,1,5,1415,1,1,1,1,3,53134,M,4812600.0,-46100.0,53
200800000865,8,1,9,1330,1,1,1,8,6,53059,M,4810100.0,-52400.0,53
200800000866,8,1,18,1915,3,1,1,1,5,53105,M,4815300.0,-61800.0,53
200800000867,8,1,3,1845,3,1,1,1,2,53215,M,4781700.0,-70600.0,53
200800000868,8,1,5,1800,5,2,1,2,6,53096,M,4830100.0,-93900.0,53
200800000869,8,1,28,1815,2,1,1,1,3,53127,M,4846800.0,-45100.0,53
200800000870,8,1,2,1745,2,1,1,1,1,72335,M,4811200.0,33700.0,72
200800000871,8,1,2,1515,1,1,1,1,3,72253,M,4789900.0,5700.0,72
200800000872,8,1,11,2045,3,1,1,1,4,72127,M,0.0,0.0,72
200800000873,8,1,12,1530,1,1,1,1,1,72247,M,4799700.0,10500.0,72
200800000874,8,1,26,1745,1,1,1,1,6,72154,M,0.0,0.0,72
200800000875,8,1,24,1330,1,2,1,1,1,72195,M,4783000.0,-1800.0,72
200800000876,8,1,13,130,5,2,1,1,6,72226,M,4781200.0,10600.0,72
200800000877,8,1,21,1045,1,1,1,1,3,72051,M,4781900.0,6400.0,72
200800000878,8,1,18,445,3,1,1,1,6,72295,M,4835400.0,33900.0,72
200800000879,8,1,26,1415,1,2,1,1,1,72192,M,4831700.0,23300.0,72
200800000880,8,1,3,1845,5,2,1,2,6,72132,M,4819900.0,66400.0,72
200800000881,8,1,16,800,2,1,1,1,5,85008,M,4662900.0,-144000.0,85
200800000882,8,1,27,400,3,1,1,1,6,85202,M,4672000.0,-107000.0,85
200800000883,8,1,28,1000,1,2,1,7,6,85215,M,4686700.0,-118900.0,85
200800000884,8,1,14,1700,1,1,1,2,7,85097,M,4696200.0,-105700.0,85
200800000885,8,1,25,1045,1,2,1,7,6,85151,M,0.0,0.0,85
200800000886,8,1,31,1700,1,1,1,2,1,85151,M,4699300.0,-93800.0,85
200800000887,8,1,25,1715,1,2,6,1,3,85092,M,0.0,0.0,85
200800000888,8,1,19,1715,1,2,2,1,1,85209,M,4652900.0,-99700.0,85
200800000889,8,1,24,1745,2,1,1,1,1,85149,M,4641800.0,-106800.0,85
200800000890,8,1,1,445,3,1,1,5,6,85226,M,0.0,0.0,85
200800000891,8,1,15,845,2,2,1,2,6,85100,M,4667800.0,-188100.0,85
200800000892,8,1,26,1630,1,1,1,1,6,85284,M,0.0,0.0,85
200800000893,8,1,26,1030,1,1,1,1,6,85103,M,4655200.0,-162100.0,85
200800000894,8,1,24,1700,1,2,1,1,3,33056,M,4491600.0,-63500.0,33
200800000895,8,1,25,1715,1,1,1,1,6,33056,M,4494000.0,-61400.0,33
200800000896,8,1,30,900,1,2,1,1,3,33056,M,4492800.0,-61700.0,33
200800000897,8,1,24,1945,5,2,1,1,6,33162,M,0.0,0.0,33
200800000898,8,1,19,2045,3,1,1,1,7,33449,M,0.0,0.0,33
200800000899,8,1,24,615,3,1,1,5,1,33449,M,0.0,0.0,33
200800000900,8,1,12,530,3,1,1,2,1,33341,M,4507100.0,-48700.0,33
200800000901,8,1,23,1845,2,2,1,1,6,33067,M,4504500.0,-55900.0,33
200800000902,8,1,9,1045,1,1,1,1,5,33382,M,4513700.0,-48700.0,33
200800000903,8,1,13,2215,3,2,1,1,1,33123,M,4509600.0,-41900.0,33
200800000904,8,1,10,815,2,2,2,1,3,33003,M,4494900.0,-48900.0,33
200800000905,8,1,14,815,1,2,1,1,3,33433,M,0.0,0.0,33
200800000906,8,1,15,1445,5,2,1,9,2,33433,M,4492200.0,-42900.0,33
200800000907,8,1,18,1345,1,1,1,8,7,33487,M,4499700.0,-48700.0,33
200800000908,8,1,3,1900,5,1,2,2,3,33438,M,4457600.0,-23900.0,33
200800000909,8,1,19,430,2,2,1,1,6,33381,M,4475500.0,-43800.0,33
200800000910,8,1,7,1745,2,1,1,2,2,33013,M,0.0,0.0,33
200800000911,8,1,16,815,2,1,1,2,1,33496,M,0.0,0.0,33
200800000912,8,1,12,1500,1,1,1,1,1,33452,M,0.0,0.0,33
200800000913,8,1,11,2115,5,2,1,2,6,33120,M,0.0,0.0,33
200800000914,8,1,22,1415,1,1,1,1,1,33327,M,0.0,0.0,33
200800000915,8,1,16,1330,1,2,1,3,1,33366,M,4499200.0,-44300.0,33
200800000916,8,1,26,1530,1,2,9,1,3,33366,M,0.0,0.0,33
200800000917,8,1,18,1100,1,1,1,2,2,33279,M,4449900.0,-23500.0,33
200800000918,8,1,1,1000,1,2,1,8,6,33512,M,4445000.0,-4000.0,33
200800000919,8,1,16,1800,2,1,1,1,5,33412,M,4523000.0,-87800.0,33
200800000920,8,1,19,930,1,1,1,8,6,33012,M,4497700.0,-72600.0,33
200800000921,8,1,27,200,3,1,1,1,7,33322,M,4492500.0,-67000.0,33
200800000922,8,1,22,1300,1,1,1,1,7,08025,M,4947100.0,461000.0,08
200800000923,8,1,12,1545,1,2,1,1,3,08362,M,0.0,0.0,08
200800000924,8,1,16,1400,1,1,1,2,7,08038,M,4949600.0,429100.0,08
200800000925,8,1,24,715,3,1,1,1,1,08426,M,0.0,0.0,08
200800000926,8,1,25,1145,1,1,1,5,2,10415,M,0.0,0.0,10
200800000927,8,1,1,1715,2,1,1,1,5,10191,M,4833300.0,408000.0,10
200800000928,8,1,10,30,3,1,1,1,6,10115,M,4833800.0,414600.0,10
200800000929,8,1,31,1100,1,2,1,7,6,10033,M,4823900.0,470400.0,10
200800000930,8,1,27,530,3,1,1,1,7,10304,M,4843100.0,444300.0,10
200800000931,8,1,28,1530,1,1,1,1,2,10327,M,4834400.0,456000.0,10
200800000932,8,1,13,1430,1,1,1,1,3,10041,M,4813800.0,451700.0,10
200800000933,8,1,25,1500,1,1,1,1,1,10034,M,4810600.0,437800.0,10
200800000934,8,1,13,815,2,1,1,7,6,10054,M,4838800.0,361200.0,10
200800000935,8,1,4,2130,3,1,1,1,7,10157,M,4844400.0,365700.0,10
200800000936,8,1,19,1515,1,1,1,8,3,52335,M,4827800.0,528900.0,52
200800000937,8,1,13,1230,1,1,1,1,6,52353,M,4804100.0,531400.0,52
200800000938,8,1,25,1615,1,2,1,1,6,52305,M,4806800.0,533700.0,52
200800000939,8,1,11,1915,3,1,1,6,1,52213,M,0.0,0.0,52
200800000940,8,1,10,1130,1,2,1,1,6,52405,M,0.0,0.0,52
200800000941,8,1,1,445,3,1,1,5,1,52512,M,0.0,0.0,52
200800000942,8,1,29,645,3,1,1,5,1,52346,M,4839400.0,515300.0,52
200800000943,8,1,25,1915,3,1,1,5,1,89380,M,4805000.0,310000.0,89
200800000944,8,1,2,1015,1,1,1,1,7,21152,M,4720700.0,464600.0,21
200800000945,8,1,22,45,3,1,1,2,6,21676,M,4747400.0,423100.0,21
200800000946,8,1,29,2100,5,2,1,5,1,21352,M,4722500.0,524900.0,21
200800000947,8,1,18,1745,3,1,1,1,3,21277,M,4753200.0,538600.0,21
200800000948,8,1,12,2245,3,1,1,1,6,21599,M,4760500.0,516600.0,21
200800000949,8,1,11,745,2,1,1,9,6,21099,M,,,21
200800000950,8,1,19,1145,1,2,1,1,3,58117,M,4701900.0,308500.0,58
200800000951,8,1,22,1800,3,1,1,1,1,58121,M,4704600.0,307800.0,58
200800000952,8,1,14,1630,1,1,1,2,6,58232,M,4700700.0,342200.0,58
200800000953,8,1,16,2100,3,1,1,2,3,58152,M,4691900.0,316300.0,58
200800000954,8,1,29,1800,2,1,1,1,1,58296,M,4671300.0,319600.0,58
200800000955,8,1,10,1845,3,1,1,1,6,58030,M,0.0,0.0,58
200800000956,8,1,23,2045,5,2,1,1,7,58171,M,0.0,0.0,58
200800000957,8,1,13,1145,1,1,1,1,6,58312,M,0.0,0.0,58
200800000958,8,1,17,930,1,1,1,1,6,58090,M,4741700.0,341100.0,58
200800000959,8,1,26,200,5,2,1,5,6,58005,M,0.0,0.0,58
200800000960,8,1,27,545,5,2,1,1,7,58086,M,0.0,0.0,58
200800000961,8,1,31,1845,5,2,3,1,3,58086,M,4742100.0,292800.0,58
200800000962,8,1,6,1645,1,1,1,2,6,58122,M,4726400.0,306900.0,58
200800000963,8,1,29,830,1,1,1,5,6,58227,M,4752900.0,308900.0,58
200800000964,8,1,2,700,3,1,1,1,6,71236,M,4641300.0,474800.0,71
200800000965,8,1,18,1215,1,1,1,1,1,71126,M,4633400.0,476200.0,71
200800000966,8,1,20,215,3,2,1,1,6,71448,M,4638700.0,486600.0,71
200800000967,8,1,26,1200,1,2,1,1,7,71210,M,4628800.0,474200.0,71
200800000968,8,1,26,1215,1,1,1,1,7,71178,M,0.0,0.0,71
200800000969,8,1,21,1830,3,1,1,1,1,71576,M,4652400.0,492000.0,71
200800000970,8,1,20,1530,1,2,1,1,6,71015,M,0.0,0.0,71
200800000971,8,1,14,800,2,1,1,2,7,71142,M,4687200.0,412400.0,71
200800000972,8,1,1,545,3,1,1,1,7,71302,M,0.0,0.0,71
200800000973,8,1,20,1000,5,1,1,1,6,71296,M,0.0,0.0,71
200800000974,8,1,26,1330,1,1,1,1,7,71294,M,0.0,0.0,71
200800000975,8,1,31,600,3,1,1,8,5,71324,M,0.0,0.0,71
200800000976,8,1,3,2015,2,1,1,1,5,71420,M,4682700.0,497400.0,71
200800000977,8,1,23,1215,1,1,1,1,1,71420,M,4670800.0,497500.0,71
200800000978,8,1,29,645,3,1,1,5,7,71329,M,0.0,0.0,71
200800000979,8,1,31,2000,3,1,1,1,1,71256,M,0.0,0.0,71
200800000980,8,1,6,1145,1,2,1,1,3,71512,M,0.0,0.0,71
200800000981,8,1,7,1215,1,2,1,1,1,71463,M,4622000.0,425000.0,71
200800000982,8,1,21,915,1,1,1,1,6,71483,M,0.0,0.0,71
200800000983,8,1,9,1930,5,2,1,2,6,71342,M,0.0,0.0,71
200800000984,8,1,13,2315,3,1,1,1,1,71590,M,4649200.0,415100.0,71
200800000985,8,1,14,1630,1,1,1,2,1,71301,M,4662500.0,380500.0,71
200800000986,8,1,10,630,3,1,1,1,7,71542,M,0.0,0.0,71
200800000987,8,1,13,515,5,2,1,1,6,71542,M,4669800.0,413800.0,71
200800000988,8,1,12,1100,1,2,1,1,6,71196,M,0.0,0.0,71
200800000989,8,1,25,1700,1,1,1,7,6,71436,M,0.0,0.0,71
200800000990,8,1,7,1430,1,2,1,7,6,89013,M,4788100.0,353200.0,89
200800000991,8,1,7,1900,5,2,1,1,3,89382,M,0.0,0.0,89
200800000992,8,1,3,715,3,1,1,9,1,89099,M,4794100.0,356300.0,89
200800000993,8,1,12,15,5,2,1,2,7,89263,M,0.0,0.0,89
200800000994,8,1,26,1845,1,1,1,9,3,89024,M,0.0,0.0,89
200800000995,8,1,18,1545,1,2,1,2,1,89025,M,0.0,0.0,89
200800000996,8,1,26,1530,1,1,1,1,1,89232,M,0.0,0.0,89
200800000997,8,1,18,1830,3,2,1,8,6,89206,M,4798500.0,339800.0,89
200800000998,8,1,22,830,1,1,1,1,6,89003,M,0.0,0.0,89
200800000999,8,1,12,1800,5,1,1,1,3,89354,M,0.0,0.0,89
200800001000,8,1,25,915,1,1,1,1,7,89459,M,4815000.0,315800.0,89
200800001001,8,1,3,845,1,1,1,9,7,89464,M,4808000.0,327000.0,89
200800001002,8,1,19,1845,3,1,1,1,7,89417,M,0.0,0.0,89
200800001003,8,1,8,500,3,1,1,9,6,25130,M,0.0,0.0,25
200800001004,8,1,11,1715,2,1,1,1,7,25236,M,0.0,0.0,25
200800001005,8,1,15,1000,1,2,1,9,1,25235,M,0.0,0.0,25
200800001006,8,1,22,915,1,2,1,2,6,25195,M,0.0,0.0,25
200800001007,8,1,11,2000,5,2,3,1,3,25190,M,0.0,0.0,25
200800001008,8,1,7,1815,3,1,1,1,6,25050,M,4712400.0,661800.0,25
200800001009,8,1,14,915,1,1,1,2,1,25246,M,0.0,0.0,25
200800001010,8,1,9,1400,1,2,1,2,2,25233,M,0.0,0.0,25
200800001011,8,1,26,930,1,2,1,1,1,25578,M,0.0,0.0,25
200800001012,8,1,10,615,3,1,1,1,1,25157,M,0.0,0.0,25
200800001013,8,1,24,1200,1,1,1,1,7,25075,M,0.0,0.0,25
200800001014,8,1,27,1545,1,2,1,1,3,25085,M,0.0,0.0,25
200800001015,8,1,8,1800,5,1,1,1,1,39170,M,4668000.0,549000.0,39
200800001016,8,1,25,1500,1,2,1,7,6,39154,M,0.0,0.0,39
200800001017,8,1,9,1430,2,2,1,2,6,39434,M,4683700.0,570800.0,39
200800001018,8,1,15,2200,1,2,1,1,1,39049,M,4686500.0,560400.0,39
200800001019,8,1,4,2115,3,1,1,1,1,39093,M,4700800.0,570400.0,39
200800001020,8,1,25,2030,5,1,9,1,3,39399,M,4699800.0,565600.0,39
200800001021,8,1,26,530,5,2,1,5,6,39462,M,4712900.0,556300.0,39
200800001022,8,1,27,1645,3,1,1,1,3,39275,M,4641000.0,599100.0,39
200800001023,8,1,17,1330,1,1,1,1,1,70310,M,0.0,0.0,70
200800001024,8,1,19,600,3,1,1,1,1,70484,M,4755600.0,657000.0,70
200800001025,8,1,15,1645,2,1,1,6,7,70505,M,0.0,0.0,70
200800001026,8,1,1,715,2,1,1,5,6,70546,M,4752800.0,564800.0,70
200800001027,8,1,30,2045,3,1,1,4,1,70408,M,0.0,0.0,70
200800001028,8,1,5,1745,3,1,1,1,3,90012,M,0.0,0.0,90
200800001029,8,1,13,1515,1,1,1,1,2,90056,M,4753800.0,699600.0,90