Num_Acc,an,mois,jour,hrmn,lum,agg,int,atm,col,com,gps,lat,long,dep
200800001030,8,1,24,1000,1,2,1,7,6,90033,M,4751000.0,699900.0,90
200800001031,8,1,3,1600,1,1,1,1,6,90006,M,0.0,0.0,90
200800001032,8,1,6,1745,3,1,1,2,1,26332,M,0.0,0.0,26
200800001033,8,1,14,715,2,1,1,1,6,26271,M,0.0,0.0,26
200800001034,8,1,9,1245,1,1,1,1,6,13041,M,0.0,0.0,13
200800001035,8,1,12,1000,1,1,1,1,1,13041,M,4345600.0,545400.0,13
200800001036,8,1,13,1530,1,1,1,1,1,13099,M,4369300.0,568600.0,13
200800001037,8,1,20,1845,3,1,1,1,1,13099,M,4369300.0,569800.0,13
200800001038,8,1,9,1230,1,1,1,2,5,13019,M,0.0,0.0,13
200800001039,8,1,25,1615,1,1,1,1,6,13004,M,4364900.0,469800.0,13
200800001040,8,1,28,1515,1,1,1,1,7,13004,M,4364700.0,470900.0,13
200800001041,8,1,8,1230,1,1,1,1,1,13027,M,4389900.0,484800.0,13
200800001042,8,1,28,2315,3,1,1,1,7,13066,M,4385900.0,492200.0,13
200800001043,8,1,26,1930,4,2,1,1,6,13013,M,0.0,0.0,13
200800001044,8,1,23,1800,3,2,1,1,1,13016,M,0.0,0.0,13
200800001045,8,1,25,1030,1,1,1,1,3,13007,M,0.0,0.0,13
200800001046,8,1,25,2315,5,2,1,1,3,13086,M,0.0,0.0,13
200800001047,8,1,25,1615,1,2,1,1,1,13053,M,0.0,0.0,13
200800001048,8,1,10,615,3,1,1,1,1,13084,M,0.0,0.0,13
200800001049,8,1,12,930,1,1,1,1,1,04230,M,4381900.0,592300.0,04
200800001050,8,1,8,2000,3,1,1,1,5,04116,M,0.0,0.0,04
200800001051,8,1,17,845,1,1,1,1,3,04022,M,0.0,0.0,04
200800001052,8,1,22,730,2,1,1,2,7,04033,M,4446000.0,630000.0,04
200800001053,8,1,30,1315,1,1,1,1,6,04161,M,0.0,0.0,04
200800001054,8,1,11,1630,1,1,1,3,6,04166,M,0.0,0.0,04
200800001055,8,1,26,2045,5,2,1,1,6,04242,M,0.0,0.0,04
200800001056,8,1,27,30,3,1,1,1,7,04111,M,0.0,0.0,04
200800001057,8,1,13,1445,1,1,1,1,6,04141,M,4401200.0,569000.0,04
200800001058,8,1,20,1430,1,1,1,1,6,05184,M,0.0,0.0,05
200800001059,8,1,25,1230,1,2,1,1,1,05126,M,0.0,0.0,05
200800001060,8,1,21,700,3,1,1,1,6,05179,M,0.0,0.0,05
200800001061,8,1,25,2030,5,2,1,1,6,05046,M,4456600.0,649200.0,05
200800001062,8,1,2,1145,1,1,1,1,3,05084,M,0.0,0.0,05
200800001063,8,1,8,315,3,1,1,9,6,05011,M,4453800.0,618700.0,05
200800001064,8,1,11,730,2,2,1,2,6,06048,M,0.0,0.0,06
200800001065,8,1,28,1845,5,2,1,1,6,06048,M,4379300.0,733300.0,06
200800001066,8,1,21,1930,3,1,1,1,1,06114,M,0.0,0.0,06
200800001067,8,1,7,800,2,1,1,9,6,06127,M,0.0,0.0,06
200800001068,8,1,14,1545,1,2,1,3,2,06161,M,4364700.0,714600.0,06
200800001069,8,1,22,1400,1,2,1,1,5,06044,M,0.0,0.0,06
200800001070,8,1,30,1500,1,2,1,1,3,06079,M,0.0,0.0,06
200800001071,8,1,5,1130,1,1,1,4,7,06116,M,0.0,0.0,06
200800001072,8,1,21,845,1,2,1,1,6,06118,M,0.0,0.0,06
200800001073,8,1,23,1015,1,1,1,1,1,06128,M,4370900.0,713500.0,06
200800001074,8,1,18,1630,1,2,1,1,1,06157,M,4373000.0,712100.0,06
200800001075,8,1,5,2200,3,1,1,2,7,06025,M,0.0,0.0,06
200800001076,8,1,29,1500,1,1,1,2,7,06059,M,0.0,0.0,06
200800001077,8,1,18,2130,3,1,1,1,6,06022,M,4382200.0,711700.0,06
200800001078,8,1,15,1930,3,1,1,1,5,83004,M,0.0,0.0,83
200800001079,8,1,27,1500,1,1,1,1,6,83136,M,0.0,0.0,83
200800001080,8,1,20,1730,2,1,1,1,1,83018,M,0.0,0.0,83
200800001081,8,1,22,1645,1,2,1,1,6,83018,M,0.0,0.0,83
200800001082,8,1,8,1015,1,2,1,1,3,83046,M,0.0,0.0,83
200800001083,8,1,26,1115,1,1,1,1,7,83135,M,0.0,0.0,83
200800001084,8,1,27,1515,1,2,3,1,3,83083,M,0.0,0.0,83
200800001085,8,1,27,1600,1,1,1,1,7,83032,M,0.0,0.0,83
200800001086,8,1,5,700,3,1,1,2,3,83096,M,4347400.0,575200.0,83
200800001087,8,1,26,1615,1,1,3,1,3,83140,M,0.0,0.0,83
200800001088,8,1,25,1200,1,1,3,1,3,83048,M,0.0,0.0,83
200800001089,8,1,8,915,1,1,1,1,6,83068,M,0.0,0.0,83
200800001090,8,1,13,1515,1,1,1,1,3,83079,M,0.0,0.0,83
200800001091,8,1,26,1915,5,1,1,1,7,83068,M,0.0,0.0,83
200800001092,8,1,6,1530,1,1,1,1,3,83115,M,0.0,0.0,83
200800001093,8,1,1,200,3,1,1,1,7,83065,M,4324500.0,657400.0,83
200800001094,8,1,9,2000,3,1,1,5,6,83016,M,0.0,0.0,83
200800001095,8,1,5,1515,1,1,1,8,6,83033,M,0.0,0.0,83
200800001096,8,1,24,1930,3,1,1,1,5,83049,M,0.0,0.0,83
200800001097,8,1,26,1245,1,1,1,1,6,84132,M,0.0,0.0,84
200800001098,8,1,21,2045,3,1,1,1,1,84099,M,0.0,0.0,84
200800001099,8,1,30,1445,1,2,1,1,6,84071,M,0.0,0.0,84
200800001100,8,1,25,145,3,1,1,1,6,84141,M,0.0,0.0,84
200800001101,8,1,12,630,4,1,1,1,6,84129,M,4400800.0,487000.0,84
200800001102,8,1,5,1000,1,1,1,2,4,84112,M,4385600.0,548100.0,84
200800001103,8,1,10,1715,3,1,1,2,1,84112,M,4385700.0,547900.0,84
200800001104,8,1,11,1800,5,2,1,2,1,84065,M,0.0,0.0,84
200800001105,8,1,20,1845,3,1,1,1,6,84102,M,4391800.0,525000.0,84
200800001106,8,1,6,1615,1,1,1,1,6,84084,M,0.0,0.0,84
200800001107,8,1,16,1845,5,2,3,1,1,84076,M,4371000.0,565300.0,84
200800001108,8,1,2,1845,3,1,1,1,1,84122,M,0.0,0.0,84
200800001109,8,1,20,1330,1,1,1,1,3,84012,M,0.0,0.0,84
200800001110,8,1,28,1615,1,1,7,1,6,84043,M,0.0,0.0,84
200800001111,8,1,22,1400,1,1,1,1,3,84088,M,4401400.0,502600.0,84
200800001112,8,1,28,1600,1,1,1,1,6,84142,M,4395200.0,504100.0,84
200800001113,8,1,5,1245,1,1,1,8,1,84039,M,0.0,0.0,84
200800001114,8,1,28,2100,3,1,1,1,6,84078,M,4426600.0,470500.0,84
200800001115,8,1,28,1215,1,1,1,1,6,84137,M,0.0,0.0,84
200800001116,8,1,30,830,1,1,1,1,7,84127,M,0.0,0.0,84
200800001117,8,1,11,1215,1,2,1,9,1,34057,M,4364100.0,391800.0,34
200800001118,8,1,17,1530,1,2,1,1,1,34057,M,4363500.0,389900.0,34
200800001119,8,1,16,1515,1,1,2,1,3,34027,M,4373600.0,401000.0,34
200800001120,8,1,13,1400,1,2,1,1,7,34307,M,4371700.0,400500.0,34
200800001121,8,1,21,830,1,2,9,1,3,34022,M,0.0,0.0,34
200800001122,8,1,5,1645,1,1,1,1,5,34151,M,0.0,0.0,34
200800001123,8,1,17,715,3,1,1,1,1,34033,M,0.0,0.0,34
200800001124,8,1,4,500,2,1,1,2,6,34276,M,4374200.0,395900.0,34
200800001125,8,1,28,2245,3,1,1,1,7,34276,M,4378200.0,389700.0,34
200800001126,8,1,3,2230,5,2,1,3,6,34038,M,4370100.0,316600.0,34
200800001127,8,1,10,1045,1,1,1,3,1,34144,M,0.0,0.0,34
200800001128,8,1,6,600,3,1,1,1,6,34183,M,4328200.0,309200.0,34
200800001129,8,1,16,1430,1,1,1,1,1,34183,M,4328700.0,310400.0,34
200800001130,8,1,27,1915,3,1,1,1,7,34081,M,4331400.0,317100.0,34
200800001131,8,1,12,800,2,1,1,1,5,34223,M,4343300.0,322400.0,34
200800001132,8,1,20,230,3,1,1,1,6,34098,M,0.0,0.0,34
200800001133,8,1,18,1500,1,1,1,1,2,34199,M,0.0,0.0,34
200800001134,8,1,27,1200,1,1,1,1,6,34284,M,4348500.0,278800.0,34
200800001135,8,1,7,1700,1,1,1,1,7,34299,M,4325500.0,327400.0,34
200800001136,8,1,26,1630,1,2,2,1,3,34209,M,4331000.0,333500.0,34
200800001137,8,1,30,1115,1,1,1,1,6,34281,M,4353200.0,355100.0,34
200800001138,8,1,17,2030,2,1,1,2,6,34239,M,0.0,0.0,34
200800001139,8,1,1,1000,1,2,1,1,1,34150,M,0.0,0.0,34
200800001140,8,1,10,1915,3,1,1,2,6,34207,M,0.0,0.0,34
200800001141,8,1,13,15,3,1,1,1,3,34031,M,0.0,0.0,34
200800001142,8,1,16,900,1,1,1,1,6,34207,M,0.0,0.0,34
200800001143,8,1,16,945,1,1,1,1,3,34088,M,0.0,0.0,34
200800001144,8,1,8,900,1,2,1,1,6,34157,M,4343300.0,360500.0,34
200800001145,8,1,15,1715,1,1,1,1,1,34213,M,0.0,0.0,34
200800001146,8,1,18,845,1,2,1,1,3,34157,M,4345000.0,360000.0,34
200800001147,8,1,8,1745,2,1,1,1,6,11367,M,4339100.0,213700.0,11
200800001148,8,1,13,1430,1,1,1,6,5,11084,M,0.0,0.0,11
200800001149,8,1,14,1045,1,1,1,1,1,11378,M,4311100.0,252800.0,11
200800001150,8,1,13,2200,3,1,1,1,6,11049,M,0.0,0.0,11
200800001151,8,1,20,745,2,2,1,1,3,11206,M,4306700.0,221700.0,11
200800001152,8,1,22,1530,1,1,1,1,2,11264,M,4321200.0,288100.0,11
200800001153,8,1,12,1445,1,1,1,1,1,11014,M,4319700.0,307900.0,11
200800001154,8,1,15,1230,1,1,1,1,7,11441,M,0.0,0.0,11
200800001155,8,1,14,1845,3,1,1,1,3,11164,M,0.0,0.0,11
200800001156,8,1,21,1330,1,2,1,1,1,30133,M,4354900.0,413000.0,30
200800001157,8,1,24,1615,1,1,1,1,6,30003,M,4356400.0,415200.0,30
200800001158,8,1,29,1315,1,2,1,1,6,30156,M,0.0,0.0,30
200800001159,8,1,13,1945,3,1,1,1,6,30083,M,4373400.0,421600.0,30
200800001160,8,1,25,2030,5,2,2,1,3,30027,M,4407400.0,404600.0,30
200800001161,8,1,25,1400,1,1,1,1,4,30173,M,4413900.0,417200.0,30
200800001162,8,1,31,1945,5,2,1,1,2,30227,M,0.0,0.0,30
200800001163,8,1,9,1945,3,1,1,8,6,30334,M,0.0,0.0,30
200800001164,8,1,28,1115,1,2,1,1,6,30334,M,0.0,0.0,30
200800001165,8,1,30,1945,3,1,1,1,7,30241,M,0.0,0.0,30
200800001166,8,1,4,830,1,1,1,2,6,48016,M,4446000.0,346600.0,48
200800001167,8,1,26,1745,1,1,1,1,3,48016,M,4449300.0,345800.0,48
200800001168,8,1,4,1415,1,1,1,3,6,48163,M,4425600.0,397000.0,48
200800001169,8,1,27,215,3,1,1,1,7,66037,M,0.0,0.0,66
200800001170,8,1,17,1845,3,1,1,2,5,66093,M,0.0,0.0,66
200800001171,8,1,20,1600,1,1,1,1,3,66137,M,0.0,0.0,66
200800001172,8,1,29,1430,1,1,1,1,2,66024,M,0.0,0.0,66
200800001173,8,1,13,1745,3,1,1,1,1,66147,M,0.0,0.0,66
200800001174,8,1,28,2030,3,1,1,1,1,66146,M,0.0,0.0,66
200800001175,8,1,6,400,3,1,1,2,6,66005,M,4249700.0,197800.0,66
200800001176,8,1,24,1830,3,1,1,1,2,66230,M,4265300.0,253200.0,66
200800001177,8,1,13,1,5,2,1,3,3,20130,M,0.0,0.0,201
200800001178,8,1,13,1115,1,1,1,1,6,20271,M,4204200.0,883100.0,201
200800001179,8,1,21,1145,1,2,1,1,1,20041,M,4139100.0,917200.0,201
200800001180,8,1,22,1100,1,1,1,1,3,20091,M,4183400.0,888200.0,201
200800001181,8,1,13,1600,1,2,1,1,7,20050,M,0.0,0.0,202
200800001182,8,1,2,1130,1,1,1,1,1,20096,M,4232700.0,916100.0,202
200800001183,8,1,6,1415,1,1,1,1,6,20123,M,0.0,0.0,202
200800001184,8,1,20,1230,1,1,1,1,1,20242,M,4241600.0,953200.0,202
200800001185,8,1,13,2015,3,1,1,8,6,78068,M,4905200.0,148500.0,78
200800001186,8,1,15,1730,1,1,1,8,1,78503,M,4905900.0,152700.0,78
200800001187,8,1,18,1215,1,1,1,2,6,78113,M,4902900.0,181600.0,78
200800001188,8,1,12,730,3,1,1,1,6,78291,M,4896700.0,176100.0,78
200800001189,8,1,29,1600,1,2,6,8,2,78003,M,4852100.0,183500.0,78
200800001190,8,1,17,615,5,2,1,1,3,78160,M,0.0,0.0,78
200800001191,8,1,2,500,3,2,1,1,6,78321,M,4879400.0,190100.0,78
200800001192,8,1,22,1845,3,1,1,1,1,91340,M,4858400.0,241600.0,91
200800001193,8,1,15,1900,5,2,9,3,6,91386,M,4856000.0,241900.0,91
200800001194,8,1,18,800,2,1,1,8,3,91204,M,4857500.0,240300.0,91
200800001195,8,1,29,1315,1,2,1,1,1,91468,M,4857400.0,245800.0,91
200800001196,8,1,14,1015,1,1,1,1,3,91547,M,4841800.0,196700.0,91
200800001197,8,1,23,1830,3,1,1,1,6,91284,M,4849800.0,203500.0,91
200800001198,8,1,12,1,5,2,1,1,6,91226,M,4849700.0,219100.0,91
200800001199,8,1,29,1945,5,1,1,1,3,91330,M,4852500.0,226900.0,91
200800001200,8,1,18,1945,3,2,1,1,1,91533,M,0.0,0.0,91
200800001201,8,1,25,1815,3,1,1,1,6,91482,M,4865300.0,203800.0,91
200800001202,8,1,29,1800,5,2,1,1,6,91044,M,0.0,0.0,91
200800001203,8,1,30,1730,1,2,1,1,1,91363,M,0.0,0.0,91
200800001204,8,1,25,900,1,2,1,1,6,91272,M,0.0,0.0,91
200800001205,8,1,11,615,3,1,4,1,3,95008,M,0.0,0.0,95
200800001206,8,1,19,400,3,1,1,1,6,95213,M,4912600.0,205000.0,95
200800001207,8,1,3,730,3,1,1,9,5,95002,M,4907500.0,196600.0,95
200800001208,8,1,7,2145,3,1,1,8,6,77217,M,0.0,0.0,77
200800001209,8,1,15,1515,1,1,1,3,1,77217,M,4869500.0,269500.0,77
200800001210,8,1,30,1145,1,1,1,2,3,77493,M,0.0,0.0,77
200800001211,8,1,9,815,2,1,1,1,5,77211,M,4858600.0,296500.0,77
200800001212,8,1,12,1300,1,2,1,1,1,77428,M,0.0,0.0,77
200800001213,8,1,7,1545,1,2,1,7,6,77470,M,4874400.0,276400.0,77
200800001214,8,1,16,1715,3,1,1,2,1,77177,M,4878400.0,277600.0,77
200800001215,8,1,15,1930,3,1,1,3,3,77529,M,4884900.0,286700.0,77
200800001216,8,1,24,1730,2,1,1,1,3,77206,M,4885800.0,304300.0,77
200800001217,8,1,18,2100,3,1,1,1,4,77240,M,4879000.0,326400.0,77
200800001218,8,1,22,730,2,1,1,1,1,77402,M,4882600.0,339300.0,77
200800001219,8,1,25,830,1,1,1,9,7,77278,M,4878900.0,314600.0,77
200800001220,8,1,25,915,2,1,1,5,1,77423,M,4880100.0,333100.0,77
200800001221,8,1,17,1645,1,2,1,1,6,77415,M,4895700.0,302000.0,77
200800001222,8,1,21,700,3,1,1,1,5,77451,M,4893400.0,307700.0,77
200800001223,8,1,31,530,5,1,1,9,7,77238,M,4887900.0,309000.0,77
200800001224,8,1,14,930,1,1,1,1,6,77420,M,4904600.0,269200.0,77
200800001225,8,1,24,1745,3,1,1,1,7,77322,M,4906500.0,259600.0,77
200800001226,8,1,24,2000,3,1,1,1,3,77232,M,4891900.0,281700.0,77
200800001227,8,1,11,800,2,1,1,1,6,77126,M,4902200.0,300000.0,77
200800001228,8,1,12,1500,1,1,1,1,1,77231,M,0.0,0.0,77
200800001229,8,1,27,530,3,1,1,5,6,77509,M,4851500.0,304100.0,77
200800001230,8,1,15,1845,3,1,1,3,3,45008,M,4809000.0,187000.0,45
200800001231,8,1,16,1530,1,2,1,8,6,45248,M,4805200.0,169700.0,45
200800001232,8,1,15,800,3,1,1,1,2,45267,M,4784100.0,235100.0,45
200800001233,8,1,20,330,3,1,1,1,6,45089,M,4790700.0,200000.0,45
200800001234,8,1,31,1745,2,1,1,3,7,45182,M,0.0,0.0,45
200800001235,8,1,13,1945,3,1,1,1,7,45272,M,4783400.0,197200.0,45
200800001236,8,1,7,1015,1,2,1,1,3,45028,M,4778400.0,162900.0,45
200800001237,8,1,4,1430,1,1,1,2,1,45289,M,4803900.0,197800.0,45
200800001238,8,1,12,1600,1,1,1,1,6,45044,M,4803400.0,201500.0,45
200800001239,8,1,23,1730,1,1,1,1,3,45333,M,0.0,0.0,45
200800001240,8,1,14,630,3,1,1,2,1,45016,M,0.0,0.0,45
200800001241,8,1,16,1200,1,1,1,2,1,45122,M,0.0,0.0,45
200800001242,8,1,7,1245,1,1,1,1,7,45122,M,4776500.0,254800.0,45
200800001243,8,1,1,1730,3,1,1,1,1,45187,M,0.0,0.0,45
200800001244,8,1,11,1530,1,1,1,3,6,45256,M,0.0,0.0,45
200800001245,8,1,12,2130,3,1,1,1,6,45102,M,0.0,0.0,45
200800001246,8,1,17,1330,1,1,1,1,7,45002,M,0.0,0.0,45
200800001247,8,1,20,945,1,2,9,1,3,45085,M,0.0,0.0,45
200800001248,8,1,31,745,1,1,1,1,1,45112,M,0.0,0.0,45
200800001249,8,1,16,1745,5,2,1,1,7,45190,M,4830500.0,228100.0,45
200800001250,8,1,22,2330,5,2,1,1,6,45310,M,4830300.0,220100.0,45
200800001251,8,1,3,1400,1,1,1,8,3,18023,M,0.0,0.0,18
200800001252,8,1,30,1345,1,1,1,2,6,18075,M,4702600.0,303200.0,18
200800001253,8,1,21,115,5,2,1,1,7,18172,M,4672000.0,245000.0,18
200800001254,8,1,25,2015,5,2,1,1,3,18172,M,0.0,0.0,18
200800001255,8,1,8,1000,1,2,7,1,6,18083,M,0.0,0.0,18
200800001256,8,1,21,1630,1,2,1,1,6,18082,M,0.0,0.0,18
200800001257,8,1,7,800,1,1,1,2,5,18149,M,4730700.0,242900.0,18
200800001258,8,1,22,1600,1,2,1,1,6,18165,M,0.0,0.0,18
200800001259,8,1,25,1845,5,2,1,1,3,18015,M,4749200.0,243900.0,18
200800001260,8,1,2,815,1,1,1,5,6,18005,M,0.0,0.0,18
200800001261,8,1,2,1815,5,2,1,8,3,18141,M,4715400.0,221600.0,18
200800001262,8,1,19,1915,3,2,7,1,6,18190,M,4713800.0,215600.0,18
200800001263,8,1,3,645,3,1,1,9,1,28201,M,4850700.0,155300.0,28
200800001264,8,1,23,715,3,1,1,1,1,28358,M,4850000.0,149600.0,28
200800001265,8,1,27,1700,1,1,1,1,3,28116,M,0.0,0.0,28
200800001266,8,1,7,730,3,1,2,8,3,28191,M,4859200.0,167900.0,28
200800001267,8,1,22,830,1,2,1,1,7,28088,M,4807100.0,132500.0,28
200800001268,8,1,25,815,2,1,1,1,6,28190,M,0.0,0.0,28
200800001269,8,1,11,1045,1,1,1,8,3,28098,M,0.0,0.0,28
200800001270,8,1,16,900,1,2,1,1,3,28359,M,4876000.0,125100.0,28
200800001271,8,1,23,300,3,1,1,1,6,28018,M,4821300.0,88600.0,28
200800001272,8,1,28,1815,3,1,1,5,7,28166,M,0.0,0.0,28
200800001273,8,1,31,1730,2,2,1,6,3,28033,M,0.0,0.0,28
200800001274,8,1,8,800,2,1,1,5,1,36006,M,0.0,0.0,36
200800001275,8,1,19,1930,5,2,1,1,2,36241,M,4685200.0,153700.0,36
200800001276,8,1,12,330,5,1,1,1,6,36233,M,,,36
200800001277,8,1,12,1130,1,2,1,1,1,36230,M,,,36
200800001278,8,1,6,1330,1,2,1,8,6,36123,M,4682100.0,120600.0,36
200800001279,8,1,13,1745,2,2,1,1,6,36165,M,4668600.0,104200.0,36
200800001280,8,1,11,700,2,2,1,1,6,36141,M,4660100.0,180900.0,36
200800001281,8,1,16,1115,1,1,1,3,6,36099,M,4642900.0,171700.0,36
200800001282,8,1,31,815,1,1,1,5,1,36001,M,4644600.0,182000.0,36
200800001283,8,1,18,2300,5,2,1,1,6,36088,M,4695400.0,199800.0,36
200800001284,8,1,20,1600,1,1,1,1,6,37185,M,4745700.0,101100.0,37
200800001285,8,1,22,1200,1,2,9,1,6,37151,M,4744500.0,63800.0,37
200800001286,8,1,13,1530,1,1,1,1,6,37052,M,4746800.0,88900.0,37
200800001287,8,1,27,1030,1,1,1,1,1,37240,M,4760100.0,92800.0,37
200800001288,8,1,27,1215,1,2,1,1,3,37228,M,0.0,0.0,37
200800001289,8,1,4,430,3,1,1,1,6,37134,M,4719200.0,77500.0,37
200800001290,8,1,14,1745,3,1,1,2,5,41169,M,0.0,0.0,41
200800001291,8,1,28,700,3,1,1,1,1,41043,M,0.0,0.0,41
200800001292,8,1,29,845,1,1,1,8,1,41258,M,4733800.0,131700.0,41
200800001293,8,1,31,600,3,1,1,1,5,41296,M,0.0,0.0,41
200800001294,8,1,21,745,3,1,1,1,7,41282,M,0.0,0.0,41
200800001295,8,1,20,645,2,1,1,1,6,33214,M,4497800.0,-100200.0,33
200800001296,8,1,17,1230,1,1,1,2,6,29234,M,4786800.0,-351200.0,29
200800001297,8,1,27,1845,1,1,1,1,6,29233,M,0.0,0.0,29
200800001298,8,1,27,1100,1,2,1,1,3,13014,M,4348200.0,517800.0,13
200800001299,8,1,8,745,3,2,1,5,6,33199,M,0.0,0.0,33
200800001300,8,1,31,800,2,2,1,1,1,33199,M,4464600.0,-106100.0,33
200800001301,8,1,13,445,3,1,9,1,6,67469,M,0.0,0.0,67
200800001302,8,1,3,1700,2,2,9,1,3,58303,M,4702800.0,314700.0,58
200800001303,8,1,15,1845,5,2,1,6,3,58303,M,4701800.0,314100.0,58
200800001304,8,1,24,1500,1,1,1,1,6,47097,M,0.0,0.0,47
200800001305,8,1,31,1800,2,2,1,1,1,34259,M,0.0,0.0,34
200800001306,8,1,22,530,3,1,1,1,5,91111,M,0.0,0.0,91
200800001307,8,1,15,1830,3,1,1,6,2,51075,M,0.0,0.0,51
200800001308,8,1,19,1700,1,1,1,1,5,51318,M,4933200.0,416700.0,51
200800001309,8,1,12,1745,2,2,1,1,2,37050,M,0.0,0.0,37
200800001310,8,1,12,1800,5,2,1,1,6,37050,M,0.0,0.0,37
200800001311,8,1,24,745,2,2,1,1,3,37050,M,0.0,0.0,37
200800001312,8,1,23,1600,1,2,9,1,3,37243,M,0.0,0.0,37
200800001313,8,1,5,1230,1,1,1,2,1,29043,M,4837600.0,-425700.0,29
200800001314,8,1,11,800,3,1,1,2,1,89339,M,0.0,0.0,89
200800001315,8,1,21,1430,1,1,1,1,5,89208,M,0.0,0.0,89
200800001316,8,1,30,1930,3,1,1,2,3,71383,M,0.0,0.0,71
200800001317,8,1,14,945,1,1,1,1,6,89388,M,0.0,0.0,89
200800001318,8,1,10,2300,3,1,1,2,2,13081,M,0.0,0.0,13
200800001319,8,1,12,30,3,1,1,3,6,13112,M,0.0,0.0,13
200800001320,8,1,6,800,1,1,1,1,7,84007,M,0.0,0.0,84
200800001321,8,1,5,430,3,1,1,9,1,83004,M,4344500.0,647700.0,83
200800001322,8,1,20,1400,1,1,1,1,6,83092,M,0.0,0.0,83
200800001323,8,1,30,1800,3,1,1,1,3,83049,M,0.0,0.0,83
200800001324,8,1,15,900,1,2,1,3,6,60584,M,0.0,0.0,60
200800001325,8,1,2,2100,3,1,1,1,3,76484,M,4934000.0,107600.0,76
200800001326,8,1,3,1030,1,1,1,9,7,27701,M,0.0,0.0,27
200800001327,8,1,10,945,1,1,1,1,2,27469,M,0.0,0.0,27
200800001328,8,1,15,1045,1,1,1,2,4,60125,M,0.0,0.0,60
200800001329,8,1,16,1900,3,1,1,8,6,60125,M,0.0,0.0,60
200800001330,8,1,7,715,5,2,1,1,6,95250,M,4910000.0,249200.0,95
200800001331,8,1,8,115,5,2,1,1,6,95371,M,0.0,0.0,95
200800001332,8,1,14,1900,5,1,6,2,3,95580,M,4909100.0,255300.0,95
200800001333,8,1,26,930,1,1,1,1,7,41136,M,4772800.0,149500.0,41
200800001334,8,1,11,1000,3,1,1,8,6,34240,M,0.0,0.0,34
200800001335,8,1,18,1815,3,1,1,1,5,34135,M,4327300.0,317900.0,34
200800001336,8,1,18,2100,3,1,1,1,5,11048,M,0.0,0.0,11
200800001337,8,1,13,1145,1,1,1,1,7,37124,M,0.0,0.0,37
200800001338,8,1,27,1130,1,2,1,1,6,37225,M,4736100.0,90500.0,37
200800001339,8,1,18,1800,5,2,1,1,1,67106,M,0.0,0.0,67
200800001340,8,1,28,100,5,2,1,1,6,67194,M,0.0,0.0,67
200800001341,8,1,22,300,3,1,1,1,3,38013,M,4537900.0,548600.0,38
200800001342,8,1,11,1715,1,1,3,8,1,13058,M,4371100.0,482300.0,13
200800001343,8,1,26,1815,3,1,1,1,1,13011,M,4375400.0,483400.0,13
200800001344,8,1,17,1500,1,1,1,1,1,41094,M,4745200.0,142700.0,41
200800001345,8,1,25,1645,1,1,1,1,5,41067,M,0.0,0.0,41
200800001346,8,1,14,1445,1,2,6,1,2,69027,M,4568100.0,476300.0,69
200800001347,8,1,28,1545,1,1,1,1,1,29069,M,4844500.0,-451000.0,29
200800001348,8,1,27,530,3,1,1,1,6,34157,M,4344100.0,356700.0,34
200800001349,8,1,19,1245,1,2,1,1,1,31506,M,,,31
200800001350,8,1,1,2230,3,1,9,1,7,63193,M,4579200.0,320100.0,63
200800001351,8,1,3,845,1,1,1,7,2,63455,M,4566400.0,315500.0,63
200800001352,8,1,11,1845,3,1,1,1,5,63242,M,4542000.0,327000.0,63
200800001353,8,1,9,2315,3,1,1,1,7,51569,M,4925100.0,395700.0,51
200800001354,8,1,15,1200,1,1,1,2,6,91085,M,4856800.0,223000.0,91
200800001355,8,1,2,1130,1,1,1,1,7,51015,M,0.0,0.0,51
200800001356,8,1,12,1945,3,1,1,2,4,06088,M,0.0,0.0,06
200800001357,8,1,16,1300,5,1,1,1,1,06150,M,0.0,0.0,06
200800001358,8,1,6,900,1,1,1,3,7,90011,M,0.0,0.0,90
200800001359,8,1,17,2215,3,1,1,1,1,90062,M,0.0,0.0,90
200800001360,8,1,14,700,2,1,1,8,4,67506,M,0.0,0.0,67
200800001361,8,1,23,815,3,1,9,1,6,95450,M,0.0,0.0,95
200800001362,8,1,30,1830,3,1,1,8,2,38511,M,4535000.0,596000.0,38
200800001363,8,1,11,1530,1,1,1,8,3,86066,M,4681100.0,51300.0,86
200800001364,8,1,22,1130,1,1,1,2,2,25097,M,0.0,0.0,25
200800001365,8,1,18,1400,1,1,1,1,6,13109,M,0.0,0.0,13
200800001366,8,1,31,1000,1,1,1,1,4,06029,M,4355100.0,694300.0,06
200800001367,8,1,1,115,5,2,1,2,6,59432,M,5015200.0,325700.0,59
200800001368,8,1,1,530,3,1,1,5,7,59567,M,0.0,0.0,59
200800001369,8,1,19,1615,1,1,1,1,1,59547,M,5019600.0,344300.0,59
200800001370,8,1,26,1930,3,1,1,1,7,47253,M,4443200.0,14600.0,47
200800001371,8,1,10,715,3,2,1,9,1,91577,M,4860600.0,249700.0,91
200800001372,8,1,18,2030,5,1,1,1,2,68300,M,4778100.0,739400.0,68
200800001373,8,1,21,1145,1,1,1,1,6,53228,M,4805100.0,-39600.0,53
200800001374,8,1,30,1545,1,1,1,1,7,44213,M,4742300.0,-100900.0,44