Num_Acc,an,mois,jour,hrmn,lum,agg,int,atm,col,com,gps,lat,long,dep
200800001375,8,1,8,1430,1,1,1,1,6,39030,M,0.0,0.0,39
200800001376,8,1,12,830,1,1,1,1,2,39405,M,0.0,0.0,39
200800001377,8,1,7,830,2,2,1,3,6,38126,M,4521600.0,575800.0,38
200800001378,8,1,10,745,2,2,1,5,6,38229,M,4520900.0,578100.0,38
200800001379,8,1,22,1215,1,2,1,2,3,38229,M,4521100.0,576100.0,38
200800001380,8,1,26,1430,1,2,1,1,7,06085,M,0.0,0.0,06
200800001381,8,1,11,1315,1,1,1,1,6,67239,M,0.0,0.0,67
200800001382,8,1,6,2115,3,1,1,2,4,79003,M,0.0,0.0,79
200800001383,8,1,6,1515,1,1,1,8,2,17102,M,0.0,0.0,17
200800001384,8,1,16,1515,1,1,9,1,7,33351,M,4525800.0,-55000.0,33
200800001385,8,1,9,1645,1,1,1,1,6,74077,M,4606800.0,590300.0,74
200800001386,8,1,21,1745,2,1,1,1,3,22187,M,4853200.0,-275200.0,22
200800001387,8,1,26,1730,1,2,1,7,6,22187,M,4854100.0,-273500.0,22
200800001388,8,1,9,2000,5,2,1,1,6,74268,M,0.0,0.0,74
200800001389,8,1,18,1930,5,1,1,1,3,74026,M,0.0,0.0,74
200800001390,8,1,20,1430,1,1,1,1,6,01049,M,4584400.0,504400.0,01
200800001391,8,1,30,2315,3,1,1,1,2,01142,M,4585400.0,508700.0,01
200800001392,8,1,27,1300,1,2,6,1,7,42279,M,4550800.0,426200.0,42
200800001393,8,1,31,800,2,1,1,9,1,91244,M,4855400.0,241400.0,91
200800001394,8,1,23,830,1,1,1,1,6,52147,M,4784700.0,523200.0,52
200800001395,8,1,12,1445,1,2,2,2,3,06018,M,0.0,0.0,06
200800001396,8,1,16,1700,1,2,1,1,3,06152,M,0.0,0.0,06
200800001397,8,1,12,615,5,2,1,2,3,69063,M,0.0,0.0,69
200800001398,8,1,9,1615,1,1,1,2,1,69127,M,0.0,0.0,69
200800001399,8,1,19,1445,1,2,1,1,1,69244,M,0.0,0.0,69
200800001400,8,1,30,1400,1,2,1,1,1,69244,M,0.0,0.0,69
200800001401,8,1,25,1600,1,1,1,1,1,74062,M,0.0,0.0,74
200800001402,8,1,31,915,1,2,1,1,2,34082,M,0.0,0.0,34
200800001403,8,1,7,1800,5,2,1,1,6,78571,M,4886200.0,202100.0,78
200800001404,8,1,11,745,3,1,1,1,1,78043,M,4884600.0,208700.0,78
200800001405,8,1,18,1900,3,1,1,2,2,95430,M,4907600.0,232300.0,95
200800001406,8,1,7,1000,1,1,1,1,1,35131,M,4812400.0,-182300.0,35
200800001407,8,1,4,1645,1,2,1,1,3,56240,M,4753100.0,-277000.0,56
200800001408,8,1,14,1700,1,2,6,8,3,56243,M,4762600.0,-273300.0,56
200800001409,8,1,30,1900,5,2,1,1,3,38553,M,4561800.0,515100.0,38
200800001410,8,1,16,1400,1,1,1,1,6,13059,M,0.0,0.0,13
200800001411,8,1,10,1215,1,1,3,8,3,34337,M,4354900.0,382200.0,34
200800001412,8,1,31,1300,1,1,1,1,6,34159,M,0.0,0.0,34
200800001413,8,1,26,2230,3,1,1,1,5,72237,M,0.0,0.0,72
200800001414,8,1,2,715,5,1,1,1,7,40075,M,0.0,0.0,40
200800001415,8,1,11,2215,3,1,1,4,6,40261,M,0.0,0.0,40
200800001416,8,1,22,1745,2,1,1,1,3,67389,M,4865300.0,775900.0,67
200800001417,8,1,8,1900,5,1,1,1,6,38193,M,4561000.0,522500.0,38
200800001418,8,1,14,845,1,1,1,1,2,18093,M,4665300.0,248500.0,18
200800001419,8,1,19,1530,1,1,1,1,6,04034,M,0.0,0.0,04
200800001420,8,1,24,1530,1,1,1,1,6,05103,M,0.0,0.0,05
200800001421,8,1,8,100,3,1,1,1,1,10130,M,4861500.0,423000.0,10
200800001422,8,1,24,1545,1,1,9,1,6,10363,M,0.0,0.0,10
200800001423,8,1,29,1245,1,1,1,1,2,10092,M,4819200.0,428100.0,10
200800001424,8,1,13,1115,1,1,1,1,6,73007,M,0.0,0.0,73
200800001425,8,1,9,1745,3,1,1,2,7,67463,M,0.0,0.0,67
200800001426,8,1,12,15,3,1,9,1,3,67465,M,0.0,0.0,67
200800001427,8,1,9,1430,1,1,1,1,2,31212,M,0.0,0.0,31
200800001428,8,1,15,2245,3,1,1,1,2,31091,M,0.0,0.0,31
200800001429,8,1,1,1300,1,1,1,1,6,77295,M,0.0,0.0,77
200800001430,8,1,4,1115,1,1,1,8,7,77194,M,4842300.0,294200.0,77
200800001431,8,1,11,1145,1,1,1,2,6,60299,M,0.0,0.0,60
200800001432,8,1,29,1730,1,1,1,8,6,60010,M,0.0,0.0,60
200800001433,8,1,19,845,1,1,1,1,6,89342,M,0.0,0.0,89
200800001434,8,1,28,815,1,1,1,1,3,31334,M,4338400.0,128000.0,31
200800001435,8,1,21,745,3,1,1,1,5,80793,M,0.0,0.0,80
200800001436,8,1,22,930,1,1,1,1,2,80417,M,0.0,0.0,80
200800001437,8,1,11,2015,3,1,1,2,7,80806,M,0.0,0.0,80
200800001438,8,1,15,2030,3,1,1,3,7,19250,M,0.0,0.0,19
200800001439,8,1,13,645,3,1,1,1,6,34114,M,0.0,0.0,34
200800001440,8,1,25,845,1,1,1,1,6,34259,M,0.0,0.0,34
200800001441,8,1,12,1145,1,1,1,1,2,72218,M,4808500.0,-19900.0,72
200800001442,8,1,21,1745,5,1,6,1,6,72320,M,0.0,0.0,72
200800001443,8,1,25,2100,5,2,1,1,6,68375,M,4780200.0,723300.0,68
200800001444,8,1,6,700,3,1,1,2,1,19176,M,0.0,0.0,19
200800001445,8,1,6,815,1,1,1,1,3,67324,M,4895200.0,763500.0,67
200800001446,8,1,3,800,1,1,1,4,4,08111,M,4942900.0,427100.0,08
200800001447,8,1,3,1115,1,1,1,9,7,08352,M,4964000.0,462400.0,08
200800001448,8,1,19,1200,1,1,1,1,2,13036,M,4382300.0,483700.0,13
200800001449,8,1,12,1930,3,1,1,1,3,76192,M,0.0,0.0,76
200800001450,8,1,30,1230,1,1,1,2,3,76255,M,5007000.0,144000.0,76
200800001451,8,1,18,1030,1,2,6,3,3,64410,M,4338200.0,-62100.0,64
200800001452,8,1,28,945,3,1,1,1,7,71520,M,4674800.0,485300.0,71
200800001453,8,1,26,930,1,1,1,1,6,41211,M,0.0,0.0,41
200800001454,8,1,18,1145,1,1,1,2,1,31150,M,4367900.0,135400.0,31
200800001455,8,1,17,1915,3,1,1,1,3,25101,M,0.0,0.0,25
200800001456,8,1,19,1715,1,2,6,7,6,34120,M,0.0,0.0,34
200800001457,8,1,2,1930,3,1,1,8,1,77359,M,4848400.0,255900.0,77
200800001458,8,1,23,715,2,1,1,1,2,69260,M,4565000.0,481700.0,69
200800001459,8,1,4,1545,1,1,1,2,1,34270,M,4356000.0,384900.0,34
200800001460,8,1,17,1230,1,2,1,1,3,30141,M,0.0,0.0,30
200800001461,8,1,22,1145,1,1,1,1,6,30331,M,4414100.0,461400.0,30
200800001462,8,1,15,915,1,1,1,2,2,37226,M,0.0,0.0,37
200800001463,8,1,24,945,1,1,1,1,6,35012,M,0.0,0.0,35
200800001464,8,1,19,1100,1,2,1,1,1,83130,M,0.0,0.0,83
200800001465,8,1,26,1730,1,1,1,1,6,50615,M,4952400.0,-149800.0,50
200800001466,8,1,11,900,1,1,1,1,2,19274,M,0.0,0.0,19
200800001467,8,1,23,2030,3,1,1,1,3,80349,M,4971700.0,224700.0,80
200800001468,8,1,25,1945,3,1,1,1,5,27253,M,4915500.0,70700.0,27
200800001469,8,1,13,1845,3,1,1,1,3,29099,M,4854300.0,-464300.0,29
200800001470,8,1,20,515,3,1,1,5,5,24225,M,,,24
200800001471,8,1,14,745,3,1,1,1,1,82092,M,4421500.0,158500.0,82
200800001472,8,1,11,400,5,2,1,1,3,57160,M,0.0,0.0,57
200800001473,8,1,18,2015,5,2,1,1,1,67046,M,0.0,0.0,67
200800001474,8,1,26,400,3,1,1,1,5,39348,M,4665700.0,557500.0,39
200800001475,8,1,18,145,3,1,1,5,2,34101,M,0.0,0.0,34
200800001476,8,1,8,750,2,2,1,1,6,06123,M,,,06
200800001477,8,1,8,1530,1,2,3,1,6,06123,M,,,06
200800001478,8,1,1,1030,1,2,1,1,6,94058,M,,,94
200800001479,8,1,19,1820,5,2,1,1,3,94058,M,,,94
200800001480,8,1,29,1945,5,2,2,1,3,94052,M,,,94
200800001481,8,1,16,930,1,2,3,1,6,94042,M,,,94
200800001482,8,1,20,1900,5,2,1,1,3,94052,M,,,94
200800001483,8,1,9,755,2,2,1,2,3,01053,M,,,01
200800001484,8,1,12,1743,5,2,2,1,3,01053,M,,,01
200800001485,8,1,19,2015,5,1,2,1,3,01289,M,,,01
200800001486,8,1,20,1505,1,1,2,1,3,01289,M,,,01
200800001487,8,1,30,750,2,2,1,1,6,01053,M,,,01
200800001488,8,1,30,1905,5,2,3,1,5,01053,M,,,01
200800001489,8,1,9,1640,1,1,1,1,5,02028,M,,,02
200800001490,8,1,10,1810,5,2,1,1,2,02408,M,,,02
200800001491,8,1,5,2105,5,2,1,3,1,02691,M,,,02
200800001492,8,1,15,2250,5,2,1,6,6,02691,M,,,02
200800001493,8,1,5,1540,2,2,1,2,6,02691,M,,,02
200800001494,8,1,16,820,2,2,1,8,6,02691,M,,,02
200800001495,8,1,17,900,1,2,1,1,6,02691,M,,,02
200800001496,8,1,18,750,5,2,1,2,6,02691,M,,,02
200800001497,8,1,5,1840,5,2,1,2,6,02722,M,,,02
200800001498,8,1,8,1804,5,2,1,2,6,02722,M,,,02
200800001499,8,1,24,1950,5,2,4,1,6,02722,M,,,02
200800001500,8,1,26,2050,5,1,1,1,7,02064,M,,,02
200800001501,8,1,5,1120,1,2,1,1,2,02258,M,,,02
200800001502,8,1,12,1950,2,2,3,1,3,03262,M,,,03
200800001503,8,1,15,740,5,2,1,1,6,03098,M,,,03
200800001504,8,1,18,955,1,2,1,1,6,03185,M,,,03
200800001505,8,1,23,905,1,2,6,1,6,03013,M,,,03
200800001506,8,1,29,720,2,2,3,1,6,03190,M,,,03
200800001507,8,1,3,1200,1,2,3,1,3,03095,M,,,03
200800001508,8,1,3,1645,1,2,2,1,5,03310,M,,,03
200800001509,8,1,8,1000,1,2,1,1,6,03310,M,,,03
200800001510,8,1,8,1145,1,2,1,1,6,03095,M,,,03
200800001511,8,1,9,1345,1,2,6,1,3,03095,M,,,03
200800001512,8,1,14,730,5,2,1,2,6,03310,M,,,03
200800001513,8,1,17,740,5,2,1,8,6,03095,M,,,03
200800001514,8,1,21,845,1,2,1,7,6,03095,M,,,03
200800001515,8,1,22,800,5,2,2,2,3,03310,M,,,03
200800001516,8,1,23,1530,1,2,2,1,3,03095,M,,,03
200800001517,8,1,25,1855,5,2,1,1,7,03095,M,,,03
200800001518,8,1,28,850,1,2,4,1,3,03095,M,,,03
200800001519,8,1,28,2105,5,2,3,1,3,03310,M,,,03
200800001520,8,1,31,1740,2,1,1,1,7,03095,M,,,03
200800001521,8,1,1,1510,1,2,1,1,6,04070,M,,,04
200800001522,8,1,7,1030,1,2,9,9,1,04070,M,,,04
200800001523,8,1,3,1940,5,2,9,1,3,04112,M,,,04
200800001524,8,1,10,1155,1,1,3,2,3,04112,M,,,04
200800001525,8,1,19,1812,5,2,1,1,6,04112,M,,,04
200800001526,8,1,28,1800,5,2,1,1,6,04112,M,,,04
200800001527,8,1,7,1218,1,2,1,1,1,05061,M,,,05
200800001528,8,1,12,1830,2,2,1,8,1,05061,M,,,05
200800001529,8,1,20,1405,1,2,1,1,2,05061,M,,,05
200800001530,8,1,24,1855,5,2,1,1,4,05061,M,,,05
200800001531,8,1,24,1910,3,1,1,1,1,05061,M,,,05
200800001532,8,1,4,1910,5,2,1,3,6,06004,M,,,06
200800001533,8,1,5,1300,1,2,3,1,1,06004,M,,,06
200800001534,8,1,6,1130,1,2,1,1,6,06004,M,,,06
200800001535,8,1,7,1145,1,2,1,1,1,06004,M,,,06
200800001536,8,1,9,700,5,2,1,1,2,06155,M,,,06
200800001537,8,1,9,920,1,2,1,1,3,06004,M,,,06
200800001538,8,1,10,1435,1,2,2,2,3,06004,M,,,06
200800001539,8,1,11,1451,1,2,3,3,3,06004,M,,,06
200800001540,8,1,13,1000,1,2,3,1,3,06004,M,,,06
200800001541,8,1,14,420,5,2,6,1,6,06004,M,,,06
200800001542,8,1,17,750,1,2,3,1,3,06004,M,,,06
200800001543,8,1,18,1530,1,1,3,1,3,06004,M,,,06
200800001544,8,1,19,50,5,2,6,1,7,06004,M,,,06
200800001545,8,1,19,925,1,1,2,1,3,06004,M,,,06
200800001546,8,1,20,2021,5,2,9,1,3,06004,M,,,06
200800001547,8,1,21,1645,1,2,9,1,5,06004,M,,,06
200800001548,8,1,23,1325,1,2,3,1,3,06004,M,,,06
200800001549,8,1,26,1415,1,2,1,1,3,06155,M,,,06
200800001550,8,1,26,1825,4,2,1,1,6,06004,M,,,06
200800001551,8,1,28,1520,1,2,1,1,6,06004,M,,,06
200800001552,8,1,7,930,1,2,1,1,6,06027,M,,,06
200800001553,8,1,8,745,2,2,2,1,3,06027,M,,,06
200800001554,8,1,1,530,5,2,1,1,6,13055,M,,,13
200800001555,8,1,2,1930,5,2,1,1,7,13055,M,,,13
200800001556,8,1,6,610,5,2,1,8,7,13055,M,,,13
200800001557,8,1,5,445,5,2,1,8,6,13055,M,,,13
200800001558,8,1,5,1200,1,2,1,2,5,13055,M,,,13
200800001559,8,1,5,1750,5,2,1,2,3,13055,M,,,13
200800001560,8,1,10,1850,5,2,1,2,3,13055,M,,,13
200800001561,8,1,1,1840,5,2,1,1,4,13055,M,,,13
200800001562,8,1,2,1730,2,2,1,1,6,13055,M,,,13
200800001563,8,1,1,430,5,2,1,1,1,13055,M,,,13
200800001564,8,1,1,705,2,2,2,1,6,13055,M,,,13
200800001565,8,1,8,730,1,2,1,1,3,13055,M,,,13
200800001566,8,1,8,1015,1,2,1,1,6,13055,M,,,13
200800001567,8,1,8,2020,5,2,3,1,6,13055,M,,,13
200800001568,8,1,8,2130,5,2,1,1,1,13055,M,,,13
200800001569,8,1,8,1600,1,2,1,1,6,13002,M,,,13
200800001570,8,1,4,1030,1,2,1,1,6,13055,M,,,13
200800001571,8,1,6,230,5,2,1,3,6,13055,M,,,13
200800001572,8,1,10,800,2,2,1,2,6,13055,M,,,13
200800001573,8,1,9,1500,1,2,9,2,6,13055,M,,,13
200800001574,8,1,12,1830,5,2,1,1,3,13002,M,,,13
200800001575,8,1,12,1430,1,2,1,1,3,13055,M,,,13
200800001576,8,1,7,1835,5,2,1,1,3,13055,M,,,13
200800001577,8,1,7,1715,1,2,3,8,3,13055,M,,,13
200800001578,8,1,7,1010,1,2,2,1,3,13055,M,,,13
200800001579,8,1,8,905,1,2,1,1,2,13055,M,,,13
200800001580,8,1,4,1545,1,2,1,2,3,13055,M,,,13
200800001581,8,1,7,1100,1,2,1,1,3,13055,M,,,13
200800001582,8,1,9,1200,1,2,1,2,3,13055,M,,,13
200800001583,8,1,7,800,1,2,1,1,5,13055,M,,,13
200800001584,8,1,2,2015,5,2,1,1,3,13055,M,,,13
200800001585,8,1,5,1225,1,2,1,1,2,13055,M,,,13
200800001586,8,1,10,1645,1,2,1,2,6,13055,M,,,13
200800001587,8,1,11,750,1,2,3,2,3,13055,M,,,13
200800001588,8,1,8,1820,5,2,3,1,1,13055,M,,,13
200800001589,8,1,9,1945,3,1,1,2,6,13002,M,,,13
200800001590,8,1,9,755,2,2,1,1,3,13002,M,,,13
200800001591,8,1,10,40,5,2,2,8,6,13055,M,,,13
200800001592,8,1,4,1215,1,2,1,1,2,13055,M,,,13
200800001593,8,1,11,1410,1,2,1,8,2,13055,M,,,13
200800001594,8,1,8,750,1,2,3,1,2,13055,M,,,13
200800001595,8,1,9,1330,1,2,1,2,6,13055,M,,,13
200800001596,8,1,10,1630,1,2,1,2,3,13055,M,,,13
200800001597,8,1,11,825,1,2,2,2,7,13055,M,,,13
200800001598,8,1,15,1530,1,2,1,1,6,13055,M,,,13
200800001599,8,1,16,740,2,2,1,2,1,13055,M,,,13
200800001600,8,1,11,1315,1,2,1,1,6,13055,M,,,13
200800001601,8,1,16,1945,2,2,1,1,4,13055,M,,,13
200800001602,8,1,17,1030,1,2,1,1,5,13055,M,,,13
200800001603,8,1,15,1845,4,2,1,1,3,13055,M,,,13
200800001604,8,1,8,830,1,2,1,1,2,13055,M,,,13
200800001605,8,1,5,1735,3,2,3,1,2,13055,M,,,13
200800001606,8,1,18,1,5,2,3,1,6,13055,M,,,13
200800001607,8,1,16,1520,1,2,1,1,3,13055,M,,,13
200800001608,8,1,14,2040,5,2,1,2,6,13055,M,,,13
200800001609,8,1,13,1230,1,2,2,1,7,13055,M,,,13
200800001610,8,1,8,1330,1,2,3,1,2,13055,M,,,13
200800001611,8,1,7,845,1,1,1,1,3,13055,M,,,13
200800001612,8,1,14,1400,1,2,1,1,2,13055,M,,,13
200800001613,8,1,15,1855,5,2,1,1,7,13055,M,,,13
200800001614,8,1,14,1500,1,2,1,1,6,13055,M,,,13
200800001615,8,1,8,1715,2,2,1,1,6,13055,M,,,13
200800001616,8,1,18,1150,1,2,1,1,2,13055,M,,,13
200800001617,8,1,20,1615,1,2,1,1,2,13055,M,,,13
200800001618,8,1,18,1715,1,2,2,1,1,13055,M,,,13
200800001619,8,1,18,1716,1,2,1,1,3,13055,M,,,13
200800001620,8,1,20,840,1,2,1,1,6,13055,M,,,13
200800001621,8,1,19,1225,1,2,1,1,5,13055,M,,,13
200800001622,8,1,15,2125,5,2,2,2,3,13055,M,,,13
200800001623,8,1,13,2235,5,2,6,1,6,13055,M,,,13
200800001624,8,1,11,1302,1,2,9,8,2,13055,M,,,13
200800001625,8,1,8,1800,2,2,1,1,3,13055,M,,,13
200800001626,8,1,14,1900,5,2,3,3,1,13055,M,,,13
200800001627,8,1,15,950,1,2,1,1,2,13055,M,,,13
200800001628,8,1,15,1040,1,2,9,1,3,13002,M,,,13
200800001629,8,1,16,1700,2,2,1,8,2,13055,M,,,13
200800001630,8,1,10,1851,5,2,1,3,6,13055,M,,,13
200800001631,8,1,15,740,1,2,1,8,5,13055,M,,,13
200800001632,8,1,15,1900,5,2,1,1,3,13055,M,,,13
200800001633,8,1,22,115,5,2,2,1,3,13055,M,,,13
200800001634,8,1,15,2130,5,2,1,1,7,13055,M,,,13
200800001635,8,1,5,345,5,2,1,2,7,13055,M,,,13
200800001636,8,1,15,1130,1,2,9,1,3,13055,M,,,13
200800001637,8,1,9,1400,1,2,1,2,3,13055,M,,,13
200800001638,8,1,7,1330,1,2,1,1,3,13055,M,,,13
200800001639,8,1,10,1030,1,2,1,1,3,13055,M,,,13
200800001640,8,1,19,1130,1,2,1,1,6,13055,M,,,13
200800001641,8,1,9,1810,5,2,1,2,2,13055,M,,,13
200800001642,8,1,19,2005,5,2,1,1,1,13055,M,,,13
200800001643,8,1,17,1700,3,2,1,1,6,13055,M,,,13
200800001644,8,1,5,1220,1,2,7,1,7,13055,M,,,13
200800001645,8,1,7,1615,1,2,1,1,2,13055,M,,,13
200800001646,8,1,18,1705,2,2,1,1,3,13055,M,,,13
200800001647,8,1,16,2020,5,2,1,1,3,13055,M,,,13
200800001648,8,1,14,1740,5,2,3,2,2,13055,M,,,13
200800001649,8,1,4,1650,1,2,1,2,3,13055,M,,,13
200800001650,8,1,16,2200,5,2,1,8,3,13055,M,,,13
200800001651,8,1,23,800,2,2,1,1,7,13002,M,,,13
200800001652,8,1,20,1415,1,2,1,1,7,13055,M,,,13
200800001653,8,1,15,800,1,2,1,1,1,13055,M,,,13
200800001654,8,1,18,2030,5,2,1,1,7,13055,M,,,13
200800001655,8,1,8,1150,1,2,1,1,6,13055,M,,,13
200800001656,8,1,14,1245,1,2,1,1,3,13055,M,,,13
200800001657,8,1,24,800,1,2,1,1,3,13055,M,,,13
200800001658,8,1,24,1730,2,2,1,1,1,13055,M,,,13
200800001659,8,1,24,2000,5,2,1,1,5,13055,M,,,13
200800001660,8,1,23,2350,5,2,1,1,7,13002,M,,,13
200800001661,8,1,17,705,2,2,3,1,3,13055,M,,,13
200800001662,8,1,17,1031,1,2,1,1,5,13055,M,,,13
200800001663,8,1,18,1330,1,2,1,1,2,13055,M,,,13
200800001664,8,1,13,1925,5,2,1,1,2,13055,M,,,13
200800001665,8,1,15,1230,1,2,1,1,2,13055,M,,,13
200800001666,8,1,15,1030,1,2,1,1,6,13055,M,,,13
200800001667,8,1,14,1605,1,2,1,2,3,13055,M,,,13
200800001668,8,1,19,1445,1,2,1,1,3,13055,M,,,13
200800001669,8,1,15,1245,1,2,6,1,3,13055,M,,,13
200800001670,8,1,22,1658,2,2,6,1,6,13055,M,,,13
200800001671,8,1,27,1800,1,2,1,1,1,13055,M,,,13
200800001672,8,1,26,2340,5,2,3,1,3,13055,M,,,13
200800001673,8,1,26,1730,1,2,1,1,6,13055,M,,,13
200800001674,8,1,21,720,5,2,3,1,3,13055,M,,,13
200800001675,8,1,9,1201,1,2,2,1,3,13055,M,,,13
200800001676,8,1,28,1730,1,2,1,1,6,13055,M,,,13
200800001677,8,1,17,1140,1,2,3,1,3,13055,M,,,13
200800001678,8,1,28,1400,1,2,3,1,6,13055,M,,,13
200800001679,8,1,3,2200,5,2,1,1,6,13055,M,,,13
200800001680,8,1,23,1400,1,2,6,1,1,13055,M,,,13
200800001681,8,1,17,2150,5,2,3,1,2,13055,M,,,13
200800001682,8,1,22,1810,5,2,1,1,6,13055,M,,,13
200800001683,8,1,4,2325,5,2,1,1,6,13055,M,,,13
200800001684,8,1,3,950,1,2,1,6,1,13055,M,,,13
200800001685,8,1,24,1130,1,2,6,1,3,13002,M,,,13
200800001686,8,1,21,1830,3,2,1,1,2,13055,M,,,13
200800001687,8,1,13,1745,2,2,1,1,2,13055,M,,,13
200800001688,8,1,15,1850,5,2,1,1,2,13055,M,,,13
200800001689,8,1,15,1915,5,2,1,2,3,13055,M,,,13
200800001690,8,1,9,830,1,2,6,1,3,13055,M,,,13
200800001691,8,1,18,1230,1,2,1,1,3,13055,M,,,13
200800001692,8,1,4,1515,1,2,3,2,7,13055,M,,,13
200800001693,8,1,30,1400,1,2,1,1,6,13055,M,,,13
200800001694,8,1,30,1610,1,2,1,1,1,13055,M,,,13
200800001695,8,1,30,2100,5,2,2,1,3,13055,M,,,13
200800001696,8,1,31,340,3,2,2,1,7,13055,M,,,13
200800001697,8,1,13,1500,1,2,1,1,2,13055,M,,,13
200800001698,8,1,11,1430,1,2,9,1,6,13055,M,,,13
200800001699,8,1,29,845,1,2,1,1,2,13055,M,,,13
200800001700,8,1,11,1100,1,2,1,1,3,13055,M,,,13
200800001701,8,1,5,1910,5,2,1,2,3,13055,M,,,13
200800001702,8,1,18,1530,1,2,1,1,3,13055,M,,,13
200800001703,8,1,4,1800,5,2,2,2,3,13055,M,,,13
200800001704,8,1,16,805,1,2,1,8,7,13055,M,,,13
200800001705,8,1,13,1240,1,2,1,1,3,13055,M,,,13
200800001706,8,1,13,1850,5,2,2,1,3,13055,M,,,13
200800001707,8,1,24,1745,4,2,6,1,3,13055,M,,,13
200800001708,8,1,25,2330,5,2,2,1,3,13055,M,,,13
200800001709,8,1,26,2120,5,2,1,1,2,13055,M,,,13
200800001710,8,1,28,1330,1,2,1,1,5,13055,M,,,13
200800001711,8,1,30,435,5,2,4,1,6,13055,M,,,13
200800001712,8,1,27,1950,5,2,3,1,3,13055,M,,,13
200800001713,8,1,22,730,1,2,3,1,3,13055,M,,,13
200800001714,8,1,1,200,5,2,1,1,2,13055,M,,,13
200800001715,8,1,21,1700,1,2,3,1,3,13055,M,,,13
200800001716,8,1,24,835,1,2,1,1,3,13055,M,,,13
200800001717,8,1,23,2135,5,2,2,1,3,13055,M,,,13
200800001718,8,1,18,1900,5,2,3,1,3,13055,M,,,13
200800001719,8,1,13,840,1,2,1,1,3,13055,M,,,13
200800001720,8,1,18,1445,1,2,3,1,3,13055,M,,,13
200800001721,8,1,14,800,1,2,1,1,3,13055,M,,,13
200800001722,8,1,16,1915,5,2,3,1,3,13002,M,,,13
200800001723,8,1,19,345,5,2,1,1,7,13055,M,,,13
200800001724,8,1,22,2040,5,2,1,1,7,13055,M,,,13
200800001725,8,1,15,1140,1,2,1,9,2,13055,M,,,13
200800001726,8,1,26,1515,1,2,1,1,3,13055,M,,,13
200800001727,8,1,27,1850,5,2,1,1,6,13055,M,,,13
200800001728,8,1,19,2223,5,2,1,1,3,13055,M,,,13
200800001729,8,1,18,630,2,2,1,1,2,13055,M,,,13
200800001730,8,1,25,2055,5,2,2,1,3,13055,M,,,13
200800001731,8,1,3,1825,4,2,1,2,1,13055,M,,,13
200800001732,8,1,26,2250,5,2,1,1,2,13055,M,,,13
200800001733,8,1,23,1210,1,2,1,1,6,13055,M,,,13
200800001734,8,1,15,1205,1,2,2,1,3,13055,M,,,13
200800001735,8,1,19,2035,5,2,1,1,3,13055,M,,,13
200800001736,8,1,22,700,1,2,2,1,3,13055,M,,,13
200800001737,8,1,23,2010,5,2,2,1,7,13055,M,,,13
200800001738,8,1,23,1030,1,2,3,1,2,13055,M,,,13
200800001739,8,1,11,1130,1,2,3,1,3,13055,M,,,13
200800001740,8,1,28,1200,1,2,1,1,3,13055,M,,,13
200800001741,8,1,31,850,1,2,4,1,2,13055,M,,,13
200800001742,8,1,23,1545,1,2,1,1,2,13055,M,,,13
200800001743,8,1,22,800,1,2,2,1,6,13055,M,,,13
200800001744,8,1,25,1900,5,2,1,1,3,13055,M,,,13
200800001745,8,1,14,1420,1,2,1,1,6,13055,M,,,13
200800001746,8,1,31,1015,1,2,1,1,2,13055,M,,,13
200800001747,8,1,30,1625,1,2,3,1,6,13055,M,,,13
200800001748,8,1,26,1215,1,2,1,1,2,13055,M,,,13
200800001749,8,1,22,1945,2,2,3,1,3,13055,M,,,13
200800001750,8,1,18,700,3,2,1,1,3,13055,M,,,13
200800001751,8,1,22,715,5,2,1,1,3,13055,M,,,13
200800001752,8,1,17,840,1,2,3,1,3,13055,M,,,13
200800001753,8,1,25,800,1,2,3,1,3,13055,M,,,13
200800001754,8,1,24,825,1,2,1,1,6,13055,M,,,13
200800001755,8,1,31,1825,5,2,1,1,3,13055,M,,,13
200800001756,8,1,31,2020,5,2,1,1,2,13055,M,,,13
200800001757,8,1,31,1016,1,2,9,1,6,13055,M,,,13
200800001758,8,1,30,1640,1,2,1,1,6,13055,M,,,13
200800001759,8,1,7,915,1,2,6,1,3,13055,M,,,13
200800001760,8,1,25,1530,1,2,1,1,2,13055,M,,,13
200800001761,8,1,8,950,1,2,1,1,6,13055,M,,,13
200800001762,8,1,26,1120,1,2,1,1,6,13055,M,,,13
200800001763,8,1,25,1230,1,2,1,1,3,13055,M,,,13
200800001764,8,1,30,2200,5,2,4,1,3,13055,M,,,13
200800001765,8,1,21,1150,1,2,1,1,3,13055,M,,,13
200800001766,8,1,31,2130,5,2,1,1,1,13055,M,,,13
200800001767,8,1,29,1740,2,2,1,1,3,13055,M,,,13
200800001768,8,1,30,1845,5,2,1,1,1,13055,M,,,13
200800001769,8,1,25,1250,1,2,4,1,3,13055,M,,,13
200800001770,8,1,22,1400,1,2,1,1,1,13055,M,,,13
200800001771,8,1,23,1320,1,2,1,1,7,13055,M,,,13
200800001772,8,1,22,1200,1,2,3,1,6,13055,M,,,13
200800001773,8,1,13,1555,1,2,1,1,6,13055,M,,,13
200800001774,8,1,29,1830,5,2,1,1,3,13055,M,,,13
200800001775,8,1,20,145,5,1,1,1,1,13055,M,,,13
200800001776,8,1,24,1830,2,2,1,1,3,13055,M,,,13
200800001777,8,1,14,801,1,2,1,8,7,13055,M,,,13
200800001778,8,1,12,1815,5,2,1,1,7,13055,M,,,13
200800001779,8,1,30,1930,5,2,1,1,2,13055,M,,,13
200800001780,8,1,24,1915,4,2,1,1,6,13055,M,,,13