Num_Acc,an,mois,jour,hrmn,lum,agg,int,atm,col,com,gps,lat,long,dep
200800001781,8,1,30,1000,1,2,4,1,7,13055,M,,,13
200800001782,8,1,22,716,2,2,1,1,2,13055,M,,,13
200800001783,8,1,23,1750,1,2,1,1,6,13055,M,,,13
200800001784,8,1,28,745,1,2,2,1,6,13055,M,,,13
200800001785,8,1,27,1710,1,2,3,7,6,13055,M,,,13
200800001786,8,1,6,1510,1,1,1,1,6,13056,M,,,13
200800001787,8,1,15,1635,1,2,1,1,6,13056,M,,,13
200800001788,8,1,23,1415,1,1,1,1,1,13077,M,,,13
200800001789,8,1,23,1704,1,2,1,1,6,13056,M,,,13
200800001790,8,1,29,1300,1,2,1,1,5,13039,M,,,13
200800001791,8,1,25,1720,1,1,3,1,3,13039,M,,,13
200800001792,8,1,21,1735,1,2,1,1,1,13056,M,,,13
200800001793,8,1,4,920,1,2,6,3,2,13078,M,,,13
200800001794,8,1,9,1200,1,2,1,8,1,13103,M,,,13
200800001795,8,1,26,1850,3,2,1,1,7,13103,M,,,13
200800001796,8,1,23,1015,1,2,1,1,2,13108,M,,,13
200800001797,8,1,28,745,1,2,1,1,3,13108,M,,,13
200800001798,8,1,1,250,5,1,1,1,1,13071,M,,,13
200800001799,8,1,12,1830,3,1,1,1,1,13071,M,,,13
200800001800,8,1,22,1535,1,2,1,1,3,13071,M,,,13
200800001801,8,1,27,1230,1,2,1,1,3,13071,M,,,13
200800001802,8,1,28,1840,5,2,1,1,6,13117,M,,,13
200800001803,8,1,29,1330,1,2,6,1,3,13117,M,,,13
200800001804,8,1,31,2000,3,2,1,1,3,13071,M,,,13
200800001805,8,1,4,2305,5,1,1,3,6,14101,M,,,14
200800001806,8,1,8,1530,1,2,1,1,6,14118,M,,,14
200800001807,8,1,15,1815,5,2,1,2,6,14118,M,,,14
200800001808,8,1,21,1715,2,2,1,8,6,14327,M,,,14
200800001809,8,1,23,1415,1,2,1,1,5,14118,M,,,14
200800001810,8,1,21,2235,5,2,2,3,5,14101,M,,,14
200800001811,8,1,22,1430,1,1,1,1,6,14118,M,,,14
200800001812,8,1,21,2315,3,2,1,1,6,14118,M,,,14
200800001813,8,1,26,110,5,2,2,1,3,14301,M,,,14
200800001814,8,1,30,1610,1,2,2,1,3,14118,M,,,14
200800001815,8,1,30,800,3,2,1,1,6,14566,M,,,14
200800001816,8,1,31,1715,1,2,1,2,6,14118,M,,,14
200800001817,8,1,4,1514,1,1,1,1,5,14243,M,,,14
200800001818,8,1,12,2255,5,2,1,2,2,14333,M,,,14
200800001819,8,1,5,330,3,1,2,2,3,14574,M,,,14
200800001820,8,1,9,1345,1,2,2,1,6,14366,M,,,14
200800001821,8,1,16,1640,1,1,1,1,2,14366,M,,,14
200800001822,8,1,18,1800,2,2,1,8,1,14366,M,,,14
200800001823,8,1,28,515,5,2,1,1,6,14220,M,,,14
200800001824,8,1,10,1755,5,2,9,1,6,14220,M,,,14
200800001825,8,1,18,1945,5,2,2,1,3,15014,M,,,15
200800001826,8,1,12,2215,5,2,1,1,6,16015,M,,,16
200800001827,8,1,18,520,3,2,1,2,6,16015,M,,,16
200800001828,8,1,24,1815,5,1,1,1,6,16166,M,,,16
200800001829,8,1,12,1740,2,2,1,1,2,16102,M,,,16
200800001830,8,1,5,1815,5,2,6,8,3,17299,M,,,17
200800001831,8,1,9,1710,1,1,3,1,7,17449,M,,,17
200800001832,8,1,11,1755,5,2,3,2,3,17299,M,,,17
200800001833,8,1,14,1750,2,2,1,1,7,17299,M,,,17
200800001834,8,1,14,1835,5,2,2,1,3,17299,M,,,17
200800001835,8,1,19,1220,1,2,1,1,3,17449,M,,,17
200800001836,8,1,23,1645,1,2,1,1,7,17299,M,,,17
200800001837,8,1,25,800,5,2,2,1,7,17299,M,,,17
200800001838,8,1,27,1100,1,2,2,1,3,17299,M,,,17
200800001839,8,1,28,950,1,2,1,5,7,17449,M,,,17
200800001840,8,1,3,1130,1,2,1,1,2,17300,M,,,17
200800001841,8,1,3,1950,5,2,1,2,1,17291,M,,,17
200800001842,8,1,4,800,2,2,1,1,6,17300,M,,,17
200800001843,8,1,7,750,2,2,3,1,3,17028,M,,,17
200800001844,8,1,10,1830,5,2,9,1,6,17300,M,,,17
200800001845,8,1,12,1805,5,2,1,1,6,17300,M,,,17
200800001846,8,1,15,920,1,2,2,3,3,17300,M,,,17
200800001847,8,1,19,615,3,1,1,1,6,17291,M,,,17
200800001848,8,1,19,1240,1,2,2,1,3,17300,M,,,17
200800001849,8,1,19,1640,1,2,3,1,3,17300,M,,,17
200800001850,8,1,21,800,5,2,1,1,6,17300,M,,,17
200800001851,8,1,23,1645,1,1,1,1,6,17300,M,,,17
200800001852,8,1,24,2000,3,2,2,1,3,17300,M,,,17
200800001853,8,1,25,1420,1,2,3,1,3,17300,M,,,17
200800001854,8,1,25,1455,1,2,2,1,3,17300,M,,,17
200800001855,8,1,26,1600,1,2,1,1,3,17300,M,,,17
200800001856,8,1,28,740,3,1,1,8,6,17200,M,,,17
200800001857,8,1,28,758,2,2,1,1,7,17200,M,,,17
200800001858,8,1,28,1515,1,2,1,1,6,17300,M,,,17
200800001859,8,1,30,1640,1,2,1,1,2,17300,M,,,17
200800001860,8,1,5,140,5,2,1,1,2,17461,M,,,17
200800001861,8,1,7,1615,1,2,1,1,6,17306,M,,,17
200800001862,8,1,13,315,5,2,1,1,7,17306,M,,,17
200800001863,8,1,15,1918,2,2,1,1,7,17306,M,,,17
200800001864,8,1,21,1320,1,2,1,1,2,17306,M,,,17
200800001865,8,1,4,1445,1,2,1,2,6,17415,M,,,17
200800001866,8,1,6,1840,1,2,1,2,7,17415,M,,,17
200800001867,8,1,7,915,1,2,1,2,4,17415,M,,,17
200800001868,8,1,9,845,1,2,1,1,6,17415,M,,,17
200800001869,8,1,9,1530,1,2,1,1,3,17415,M,,,17
200800001870,8,1,9,1630,1,1,1,1,5,17415,M,,,17
200800001871,8,1,15,1645,1,2,1,2,7,17415,M,,,17
200800001872,8,1,16,805,5,2,2,1,3,17415,M,,,17
200800001873,8,1,18,2005,5,2,2,1,6,17415,M,,,17
200800001874,8,1,22,550,3,2,1,1,7,17415,M,,,17
200800001875,8,1,23,1630,1,2,1,1,6,17415,M,,,17
200800001876,8,1,28,1535,1,2,2,1,3,17415,M,,,17
200800001877,8,1,29,645,5,2,2,1,6,17415,M,,,17
200800001878,8,1,8,1228,1,2,1,1,2,18033,M,,,18
200800001879,8,1,12,310,5,2,1,8,6,18033,M,,,18
200800001880,8,1,17,1405,1,2,1,2,2,18033,M,,,18
200800001881,8,1,18,1405,1,2,1,1,3,18033,M,,,18
200800001882,8,1,19,1800,5,2,2,1,3,18033,M,,,18
200800001883,8,1,23,1645,1,2,1,1,3,18255,M,,,18
200800001884,8,1,23,1810,5,2,3,1,3,18033,M,,,18
200800001885,8,1,24,1800,5,2,1,1,6,18205,M,,,18
200800001886,8,1,24,2055,5,2,1,2,6,18033,M,,,18
200800001887,8,1,26,1623,1,2,2,1,3,18033,M,,,18
200800001888,8,1,31,1200,1,2,1,1,6,18033,M,,,18
200800001889,8,1,10,855,1,1,1,2,3,18279,M,,,18
200800001890,8,1,22,1704,1,2,1,1,6,18279,M,,,18
200800001891,8,1,24,855,1,2,1,1,5,18279,M,,,18
200800001892,8,1,4,1925,5,2,3,1,3,19031,M,4515820.0,455926.0,19
200800001893,8,1,5,1340,1,2,6,2,3,19031,M,4514819.0,448957.0,19
200800001894,8,1,7,1405,1,2,1,1,6,19031,M,4516454.0,451255.0,19
200800001895,8,1,8,755,1,2,1,1,2,19031,M,4515417.0,453808.0,19
200800001896,8,1,10,1700,1,2,2,1,6,19031,M,4515963.0,453621.0,19
200800001897,8,1,11,1730,4,2,1,3,6,19031,M,4516737.0,452940.0,19
200800001898,8,1,11,1825,5,2,1,2,6,19031,M,4515949.0,453586.0,19
200800001899,8,1,11,1900,5,2,1,2,6,19031,M,4516597.0,454251.0,19
200800001900,8,1,13,1605,1,2,2,1,6,19031,M,4516766.0,453151.0,19
200800001901,8,1,14,1840,5,2,1,1,6,19031,M,4516197.0,452666.0,19
200800001902,8,1,15,1740,2,2,2,1,3,19031,M,4515965.0,452754.0,19
200800001903,8,1,17,2015,5,2,2,2,3,19031,M,,,19
200800001904,8,1,20,1900,5,1,9,1,3,19031,M,,,19
200800001905,8,1,23,1230,1,2,1,1,5,19031,M,,,19
200800001906,8,1,23,1540,1,2,1,1,6,19031,M,,,19
200800001907,8,1,23,1630,1,2,1,1,6,19031,M,,,19
200800001908,8,1,26,1340,1,2,7,1,3,19031,M,,,19
200800001909,8,1,29,1815,5,2,3,1,3,19031,M,,,19
200800001910,8,1,30,1725,2,2,1,2,6,19031,M,,,19
200800001911,8,1,2,2320,5,2,2,1,3,21231,M,,,21
200800001912,8,1,5,2315,5,2,2,3,1,21166,M,,,21
200800001913,8,1,8,1140,1,2,1,1,6,21231,M,,,21
200800001914,8,1,8,1920,4,2,1,5,6,21231,M,,,21
200800001915,8,1,10,800,2,2,2,5,2,21231,M,,,21
200800001916,8,1,11,1215,1,2,1,6,4,21231,M,,,21
200800001917,8,1,12,10,5,2,1,2,6,21231,M,,,21
200800001918,8,1,12,1500,1,2,2,7,4,21166,M,,,21
200800001919,8,1,15,1600,1,2,1,2,3,21231,M,,,21
200800001920,8,1,16,800,1,1,1,1,4,21355,M,,,21
200800001921,8,1,17,755,2,2,2,8,6,21231,M,,,21
200800001922,8,1,17,805,2,2,6,2,6,21231,M,,,21
200800001923,8,1,18,1835,5,2,1,1,6,21231,M,,,21
200800001924,8,1,18,1506,1,2,1,1,2,21231,M,,,21
200800001925,8,1,18,1825,5,2,4,1,1,21355,M,,,21
200800001926,8,1,21,900,1,2,2,1,3,21231,M,,,21
200800001927,8,1,21,1314,1,2,1,1,2,21231,M,,,21
200800001928,8,1,22,921,1,2,1,2,2,21231,M,,,21
200800001929,8,1,24,1211,1,2,2,1,3,21231,M,,,21
200800001930,8,1,24,1724,2,2,1,1,1,21231,M,,,21
200800001931,8,1,25,1526,1,2,3,1,6,21166,M,,,21
200800001932,8,1,27,227,5,2,3,1,1,21231,M,,,21
200800001933,8,1,28,1450,1,2,2,1,3,21231,M,,,21
200800001934,8,1,29,858,2,2,1,1,6,21231,M,,,21
200800001935,8,1,31,1520,1,2,3,1,6,21231,M,,,21
200800001936,8,1,3,740,5,2,5,8,3,22050,M,,,22
200800001937,8,1,7,1210,1,2,2,1,6,22050,M,,,22
200800001938,8,1,16,1800,5,2,3,1,3,22113,M,,,22
200800001939,8,1,17,1550,1,2,1,2,7,22113,M,,,22
200800001940,8,1,7,955,1,2,1,1,4,22278,M,,,22
200800001941,8,1,9,1713,2,2,1,1,6,22278,M,,,22
200800001942,8,1,8,1710,1,2,3,1,2,22278,M,,,22
200800001943,8,1,9,815,2,2,1,1,2,06027,M,,,06
200800001944,8,1,11,15,5,2,2,1,3,06027,M,,,06
200800001945,8,1,11,945,1,2,1,1,3,06027,M,,,06
200800001946,8,1,13,1100,1,2,1,1,2,06027,M,,,06
200800001947,8,1,10,900,1,2,3,1,3,06123,M,,,06
200800001948,8,1,18,750,2,1,1,1,1,06027,M,,,06
200800001949,8,1,23,1140,1,2,1,1,3,06027,M,,,06
200800001950,8,1,30,925,1,2,1,1,3,06027,M,,,06
200800001951,8,1,30,1830,5,2,2,1,3,06123,M,,,06
200800001952,8,1,3,1005,1,2,1,2,4,06029,M,,,06
200800001953,8,1,4,1815,5,2,2,3,1,06030,M,,,06
200800001954,8,1,5,2112,5,2,1,1,3,06029,M,,,06
200800001955,8,1,7,810,1,2,1,1,3,06029,M,,,06
200800001956,8,1,7,945,1,2,1,1,6,06029,M,,,06
200800001957,8,1,7,1926,5,2,1,1,2,06029,M,,,06
200800001958,8,1,8,750,2,2,1,1,3,06029,M,,,06
200800001959,8,1,8,1210,1,2,1,1,3,06029,M,,,06
200800001960,8,1,8,1555,1,2,1,1,6,06029,M,,,06
200800001961,8,1,10,1105,1,2,1,2,6,06029,M,,,06
200800001962,8,1,13,200,5,2,1,1,6,06029,M,,,06
200800001963,8,1,7,1052,1,2,1,1,6,06029,M,,,06
200800001964,8,1,14,905,1,2,1,1,3,06029,M,,,06
200800001965,8,1,12,1118,1,2,1,2,6,06029,M,,,06
200800001966,8,1,14,1915,5,2,1,3,2,06029,M,,,06
200800001967,8,1,15,1933,5,2,1,1,5,06030,M,,,06
200800001968,8,1,10,1008,1,2,2,2,3,06029,M,,,06
200800001969,8,1,15,1100,1,2,1,1,2,06029,M,,,06
200800001970,8,1,20,810,1,2,3,1,3,06030,M,,,06
200800001971,8,1,20,1200,1,2,1,1,5,06029,M,,,06
200800001972,8,1,18,1850,5,2,1,1,3,06029,M,,,06
200800001973,8,1,18,1710,1,2,1,1,6,06030,M,,,06
200800001974,8,1,23,1200,1,2,1,1,3,06030,M,,,06
200800001975,8,1,28,748,1,2,1,1,3,06029,M,,,06
200800001976,8,1,28,1842,2,2,1,1,3,06030,M,,,06
200800001977,8,1,31,1738,1,2,1,1,3,06030,M,,,06
200800001978,8,1,31,936,1,2,1,1,3,06029,M,,,06
200800001979,8,1,31,905,1,2,1,1,3,06029,M,,,06
200800001980,8,1,24,1710,1,2,1,1,3,06029,M,,,06
200800001981,8,1,2,1630,1,2,1,1,2,06069,M,,,06
200800001982,8,1,5,1350,1,2,1,2,1,06069,M,,,06
200800001983,8,1,8,915,1,1,6,1,3,06069,M,,,06
200800001984,8,1,8,1935,5,2,6,1,3,06069,M,,,06
200800001985,8,1,10,1000,1,2,1,2,2,06069,M,,,06
200800001986,8,1,11,810,2,2,1,2,6,06069,M,,,06
200800001987,8,1,11,1815,5,2,1,2,6,06069,M,,,06
200800001988,8,1,14,1445,1,2,1,2,1,06069,M,,,06
200800001989,8,1,14,1510,1,2,6,2,2,06069,M,,,06
200800001990,8,1,14,1740,5,2,1,2,7,06069,M,,,06
200800001991,8,1,15,805,1,2,3,2,3,06069,M,,,06
200800001992,8,1,16,920,1,2,1,3,6,06069,M,,,06
200800001993,8,1,18,755,1,2,1,1,2,06069,M,,,06
200800001994,8,1,19,1610,1,2,3,1,6,06069,M,,,06
200800001995,8,1,23,825,1,2,1,1,6,06069,M,,,06
200800001996,8,1,23,1015,1,1,1,1,2,06069,M,,,06
200800001997,8,1,24,1530,1,2,1,1,6,06069,M,,,06
200800001998,8,1,25,1120,1,2,1,1,7,06069,M,,,06
200800001999,8,1,26,1805,2,2,1,1,3,06069,M,,,06
200800002000,8,1,28,825,1,2,1,1,3,06069,M,,,06
200800002001,8,1,29,745,2,2,1,1,3,06069,M,,,06
200800002002,8,1,1,430,5,2,3,1,3,06083,M,,,06
200800002003,8,1,1,1730,1,2,4,1,3,06104,M,,,06
200800002004,8,1,7,1530,1,2,1,1,3,06083,M,,,06
200800002005,8,1,13,1740,5,2,1,1,3,06104,M,,,06
200800002006,8,1,26,1730,2,2,1,1,6,06012,M,,,06
200800002007,8,1,31,1525,1,2,1,1,5,06012,M,,,06
200800002008,8,1,18,1635,1,2,1,1,6,06012,M,,,06
200800002009,8,1,26,1920,5,2,1,1,7,06104,M,,,06
200800002010,8,1,1,430,5,1,1,1,6,06088,M,,,06
200800002011,8,1,1,740,4,2,2,1,3,06088,M,,,06
200800002012,8,1,1,2055,4,2,1,1,3,06088,M,,,06
200800002013,8,1,2,1530,1,2,1,1,6,06088,M,,,06
200800002014,8,1,3,1500,1,2,1,2,7,06088,M,,,06
200800002015,8,1,3,1740,1,2,1,2,2,06088,M,,,06
200800002016,8,1,3,1750,1,2,2,1,3,06088,M,,,06
200800002017,8,1,3,2130,5,2,1,2,6,06088,M,,,06
200800002018,8,1,4,1055,1,1,1,1,2,06088,M,,,06
200800002019,8,1,4,1230,1,2,1,2,3,06088,M,,,06
200800002020,8,1,4,1915,5,2,1,2,6,06088,M,,,06
200800002021,8,1,5,800,1,2,1,1,3,06088,M,,,06
200800002022,8,1,5,1005,1,2,1,1,3,06088,M,,,06
200800002023,8,1,6,405,5,2,1,2,2,06088,M,,,06
200800002024,8,1,6,1310,1,2,3,1,3,06088,M,,,06
200800002025,8,1,6,1830,5,2,1,2,2,06088,M,,,06
200800002026,8,1,7,1345,1,2,1,1,6,06088,M,,,06
200800002027,8,1,7,1710,2,2,1,1,6,06088,M,,,06
200800002028,8,1,7,1715,1,1,1,1,6,06088,M,,,06
200800002029,8,1,7,2045,5,2,1,1,3,06088,M,,,06
200800002030,8,1,7,2230,5,2,7,1,3,06088,M,,,06
200800002031,8,1,8,1335,1,2,1,1,2,06088,M,,,06
200800002032,8,1,8,1625,1,2,1,1,6,06088,M,,,06
200800002033,8,1,9,1327,1,2,1,1,3,06088,M,,,06
200800002034,8,1,9,1350,1,2,1,1,3,06088,M,,,06
200800002035,8,1,9,2110,5,2,1,1,6,06088,M,,,06
200800002036,8,1,10,737,4,2,1,1,6,06088,M,,,06
200800002037,8,1,10,1110,1,2,7,2,2,06088,M,,,06
200800002038,8,1,11,1200,1,2,1,3,2,06088,M,,,06
200800002039,8,1,11,1330,1,2,3,3,3,06088,M,,,06
200800002040,8,1,11,1800,5,2,1,8,1,06088,M,,,06
200800002041,8,1,12,1350,1,2,1,3,2,06088,M,,,06
200800002042,8,1,13,1040,1,2,1,1,2,06088,M,,,06
200800002043,8,1,13,2230,5,2,1,1,3,06088,M,,,06
200800002044,8,1,14,1745,5,2,1,3,6,06088,M,,,06
200800002045,8,1,14,1950,5,2,3,3,3,06088,M,,,06
200800002046,8,1,15,1100,1,2,1,1,3,06088,M,,,06
200800002047,8,1,15,1815,5,2,1,1,2,06088,M,,,06
200800002048,8,1,16,745,2,2,1,2,3,06088,M,,,06
200800002049,8,1,16,1255,1,2,3,8,3,06088,M,,,06
200800002050,8,1,16,2020,5,2,2,1,3,06088,M,,,06
200800002051,8,1,17,115,4,2,1,1,3,06088,M,,,06
200800002052,8,1,17,2009,5,2,5,1,3,06088,M,,,06
200800002053,8,1,17,2030,5,2,1,1,6,06088,M,,,06
200800002054,8,1,18,955,1,2,1,1,6,06088,M,,,06
200800002055,8,1,18,1600,1,2,1,1,5,06088,M,,,06
200800002056,8,1,18,1745,1,2,2,1,6,06088,M,,,06
200800002057,8,1,19,220,5,2,1,1,1,06159,M,,,06
200800002058,8,1,19,1345,1,2,2,1,3,06088,M,,,06
200800002059,8,1,19,1430,1,2,2,1,3,06088,M,,,06
200800002060,8,1,19,1730,5,2,1,1,2,06088,M,,,06
200800002061,8,1,19,1815,5,2,1,1,6,06088,M,,,06
200800002062,8,1,19,1900,5,2,1,1,6,06088,M,,,06
200800002063,8,1,20,830,1,2,1,1,3,06088,M,,,06
200800002064,8,1,21,1033,1,2,1,1,6,06088,M,,,06
200800002065,8,1,21,1500,1,2,1,1,3,06088,M,,,06
200800002066,8,1,21,1550,1,2,1,1,3,06088,M,,,06
200800002067,8,1,21,1745,5,2,1,1,6,06088,M,,,06
200800002068,8,1,22,730,4,1,3,1,3,06088,M,,,06
200800002069,8,1,22,845,1,1,1,1,3,06088,M,,,06
200800002070,8,1,22,1030,1,2,1,1,6,06088,M,,,06
200800002071,8,1,22,1500,1,2,1,1,7,06088,M,,,06
200800002072,8,1,22,1510,1,2,1,1,6,06088,M,,,06
200800002073,8,1,22,1730,5,2,1,1,6,06088,M,,,06
200800002074,8,1,22,1915,5,2,1,1,3,06088,M,,,06
200800002075,8,1,23,845,1,2,1,1,6,06088,M,,,06
200800002076,8,1,23,1205,1,2,1,1,7,06088,M,,,06
200800002077,8,1,23,1630,1,2,1,1,6,06088,M,,,06
200800002078,8,1,23,1700,5,2,1,1,6,06088,M,,,06
200800002079,8,1,24,1845,4,2,1,1,3,06088,M,,,06
200800002080,8,1,23,2140,5,2,2,1,3,06088,M,,,06
200800002081,8,1,24,800,1,2,1,1,6,06088,M,,,06
200800002082,8,1,24,1700,1,2,1,1,3,06088,M,,,06
200800002083,8,1,24,1720,1,2,1,1,2,06088,M,,,06
200800002084,8,1,25,450,5,2,7,1,6,06088,M,,,06
200800002085,8,1,25,840,1,1,1,1,3,06088,M,,,06
200800002086,8,1,25,1230,1,2,1,1,5,06088,M,,,06
200800002087,8,1,26,810,1,2,2,1,3,06088,M,,,06
200800002088,8,1,26,1320,1,2,2,1,6,06088,M,,,06
200800002089,8,1,26,1430,1,2,2,1,6,06088,M,,,06
200800002090,8,1,26,2230,5,2,1,1,3,06088,M,,,06
200800002091,8,1,27,515,5,2,1,1,2,06088,M,,,06
200800002092,8,1,27,1100,1,2,1,1,3,06088,M,,,06
200800002093,8,1,27,1710,2,2,1,1,6,06088,M,,,06
200800002094,8,1,27,1830,5,2,1,1,6,06088,M,,,06
200800002095,8,1,27,2130,5,2,2,1,3,06088,M,,,06
200800002096,8,1,28,1030,1,1,1,1,6,06088,M,,,06
200800002097,8,1,28,1250,1,2,1,1,6,06088,M,,,06
200800002098,8,1,28,2045,5,2,1,1,3,06088,M,,,06
200800002099,8,1,28,2139,5,2,1,1,6,06088,M,,,06
200800002100,8,1,29,845,1,2,1,1,3,06088,M,,,06
200800002101,8,1,29,1105,1,2,1,8,3,06088,M,,,06
200800002102,8,1,29,1500,1,2,6,1,3,06088,M,,,06
200800002103,8,1,29,1540,1,2,2,1,3,06088,M,,,06
200800002104,8,1,29,1645,1,2,1,1,5,06088,M,,,06
200800002105,8,1,29,1720,1,2,2,1,3,06088,M,,,06
200800002106,8,1,29,1945,4,2,1,1,6,06088,M,,,06
200800002107,8,1,30,845,1,2,3,1,3,06088,M,,,06
200800002108,8,1,30,1815,5,2,1,1,6,06088,M,,,06
200800002109,8,1,31,740,1,2,1,1,3,06088,M,,,06
200800002110,8,1,31,945,1,2,1,1,6,06088,M,,,06
200800002111,8,1,31,1000,1,2,1,1,3,06088,M,,,06
200800002112,8,1,31,1335,1,2,1,1,7,06088,M,,,06
200800002113,8,1,31,1525,1,2,1,1,1,06088,M,,,06
200800002114,8,1,31,1745,5,2,1,1,3,06088,M,,,06
200800002115,8,1,31,1540,1,1,1,1,3,07281,M,,,07
200800002116,8,1,29,810,1,1,1,1,7,07186,M,,,07
200800002117,8,1,17,1950,5,2,1,1,6,08105,M,,,08
200800002118,8,1,27,2300,5,2,2,1,3,08105,M,,,08
200800002119,8,1,22,1810,5,2,1,1,6,08409,M,,,08
200800002120,8,1,22,1630,1,2,1,1,6,08409,M,,,08
200800002121,8,1,31,1650,2,2,1,3,3,08409,M,,,08
200800002122,8,1,21,1236,1,2,1,1,3,09122,M,,,09
200800002123,8,1,2,2030,3,1,9,1,7,09225,M,,,09
200800002124,8,1,7,755,1,2,1,1,1,09225,M,,,09
200800002125,8,1,9,1312,1,2,2,8,3,09225,M,,,09
200800002126,8,1,19,2025,5,2,2,1,3,09225,M,,,09
200800002127,8,1,21,1120,1,2,1,1,1,09225,M,,,09
200800002128,8,1,28,100,3,1,1,1,6,09225,M,,,09
200800002129,8,1,7,1845,5,2,1,1,3,10387,M,,,10
200800002130,8,1,11,2120,5,2,1,1,3,10387,M,,,10
200800002131,8,1,13,1430,1,2,1,1,6,10297,M,,,10
200800002132,8,1,13,1635,1,2,1,1,6,10387,M,,,10
200800002133,8,1,19,1430,1,2,1,1,3,10343,M,,,10
200800002134,8,1,21,1155,1,2,1,1,6,10387,M,,,10
200800002135,8,1,28,705,5,2,1,1,3,10387,M,,,10
200800002136,8,1,2,1338,1,2,1,1,7,11262,M,,,11
200800002137,8,1,14,1040,1,2,1,2,5,12305,M,,,12
200800002138,8,1,19,830,1,2,6,1,3,12145,M,,,12
200800002139,8,1,25,2115,5,2,1,1,3,12145,M,,,12
200800002140,8,1,24,750,1,2,1,1,7,12145,M,,,12
200800002141,8,1,10,1440,1,2,3,7,6,12202,M,,,12
200800002142,8,1,18,1630,1,1,1,2,1,12202,M,,,12
200800002143,8,1,20,1440,1,1,1,1,7,12176,M,4438242.0,0.0,12
200800002144,8,1,3,1020,1,1,1,1,2,13001,M,,,13
200800002145,8,1,7,1045,1,2,1,1,2,13001,M,,,13
200800002146,8,1,13,515,3,1,1,1,6,13001,M,,,13
200800002147,8,1,15,1410,1,2,1,1,6,13001,M,,,13
200800002148,8,1,18,944,1,1,2,1,3,13001,M,,,13
200800002149,8,1,25,1035,1,1,1,1,6,13001,M,,,13
200800002150,8,1,29,745,2,2,1,1,6,13001,M,,,13
200800002151,8,1,18,850,1,2,1,1,5,13001,M,,,13
200800002152,8,1,18,1546,1,2,1,1,6,13001,M,,,13
200800002153,8,1,8,1150,1,2,2,1,6,13004,M,,,13
200800002154,8,1,10,2205,5,1,1,2,6,13004,M,,,13
200800002155,8,1,23,1530,1,1,1,1,6,13004,M,,,13
200800002156,8,1,24,900,1,2,1,1,6,13004,M,,,13
200800002157,8,1,24,1800,2,1,1,1,1,13004,M,,,13
200800002158,8,1,8,1035,1,2,2,1,3,13005,M,,,13
200800002159,8,1,16,1640,1,2,3,1,3,13005,M,,,13
200800002160,8,1,3,1302,1,2,1,1,1,13070,M,,,13
200800002161,8,1,7,1200,1,2,1,1,2,13028,M,,,13
200800002162,8,1,12,1940,4,2,1,1,3,13028,M,,,13
200800002163,8,1,24,1145,1,2,1,1,6,13028,M,,,13
200800002164,8,1,24,1640,1,2,1,7,6,13028,M,,,13
200800002165,8,1,19,935,1,2,1,1,6,13028,M,,,13
200800002166,8,1,25,2120,5,2,2,1,5,13028,M,,,13
200800002167,8,1,9,1220,1,2,6,1,3,13047,M,,,13
200800002168,8,1,13,1940,3,1,1,1,1,13063,M,,,13
200800002169,8,1,17,1330,1,1,1,1,4,13047,M,,,13
200800002170,8,1,4,2100,5,2,1,2,1,13043,M,,,13
200800002171,8,1,16,1215,1,2,2,8,3,13102,M,,,13
200800002172,8,1,4,1730,5,2,1,3,6,13054,M,,,13
200800002173,8,1,19,1805,4,2,3,1,3,13054,M,,,13
200800002174,8,1,25,825,1,2,1,1,6,13054,M,,,13
200800002175,8,1,1,220,5,2,1,1,4,13055,M,,,13
200800002176,8,1,17,1856,5,2,1,1,3,49007,M,,,49
200800002177,8,1,17,1835,5,2,1,1,3,49246,M,,,49
200800002178,8,1,18,638,5,2,1,1,2,49353,M,,,49
200800002179,8,1,18,321,5,2,6,1,6,49007,M,,,49
200800002180,8,1,19,508,5,2,2,1,3,49007,M,,,49
200800002181,8,1,23,1427,1,2,1,1,7,49007,M,,,49
200800002182,8,1,23,948,1,2,6,1,6,49246,M,,,49
200800002183,8,1,23,1211,1,2,1,1,6,49353,M,,,49
200800002184,8,1,24,737,5,2,1,5,3,49007,M,,,49
200800002185,8,1,24,2253,5,2,2,1,3,49007,M,,,49
200800002186,8,1,24,1145,1,2,3,1,3,49267,M,,,49
200800002187,8,1,24,1731,2,2,2,1,3,49246,M,,,49
200800002188,8,1,26,958,1,2,1,1,6,49007,M,,,49
200800002189,8,1,25,2317,5,2,2,1,6,49007,M,,,49
200800002190,8,1,26,1016,1,2,2,1,3,49007,M,,,49
200800002191,8,1,28,744,5,2,1,1,6,49007,M,,,49
200800002192,8,1,29,805,2,2,1,1,2,49007,M,,,49
200800002193,8,1,29,1204,1,2,3,5,3,49267,M,,,49
200800002194,8,1,29,1643,1,2,3,1,7,49007,M,,,49
200800002195,8,1,29,2110,5,2,1,1,6,49007,M,,,49
200800002196,8,1,30,2211,5,2,2,1,3,49007,M,,,49
200800002197,8,1,31,1145,1,2,1,8,6,49246,M,,,49
200800002198,8,1,10,725,5,2,1,2,3,49099,M,,,49
200800002199,8,1,16,805,5,2,1,2,3,49099,M,,,49
200800002200,8,1,17,810,5,2,1,8,6,49099,M,,,49
200800002201,8,1,22,1900,5,2,2,1,3,49099,M,,,49
200800002202,8,1,23,1330,1,2,1,1,7,49099,M,,,49
200800002203,8,1,26,1530,1,2,1,1,3,49099,M,,,49
200800002204,8,1,27,1330,1,2,1,1,6,49099,M,,,49
200800002205,8,1,29,755,5,2,1,5,6,49099,M,,,49