Num_Acc,an,mois,jour,hrmn,lum,agg,int,atm,col,com,gps,lat,long,dep
200800002206,8,1,2,545,3,1,1,1,7,49328,M,,,49
200800002207,8,1,8,1600,1,2,6,1,6,49328,M,,,49
200800002208,8,1,25,1210,1,2,1,1,4,49328,M,,,49
200800002209,8,1,1,430,5,2,1,1,7,50173,M,,,50
200800002210,8,1,3,2020,5,2,1,1,6,50129,M,,,50
200800002211,8,1,3,2245,5,2,3,1,7,50129,M,,,50
200800002212,8,1,6,1100,1,2,1,1,7,50129,M,,,50
200800002213,8,1,7,1205,1,2,1,1,1,50129,M,,,50
200800002214,8,1,8,1730,5,2,1,1,6,50129,M,,,50
200800002215,8,1,5,1930,5,2,1,2,3,50129,M,,,50
200800002216,8,1,14,1530,1,2,2,1,3,50173,M,,,50
200800002217,8,1,15,1500,1,2,2,3,2,50602,M,,,50
200800002218,8,1,15,1810,5,2,2,2,3,50129,M,,,50
200800002219,8,1,16,1215,1,2,4,1,7,50129,M,,,50
200800002220,8,1,18,1415,1,2,1,1,7,50173,M,,,50
200800002221,8,1,19,2220,5,2,1,2,7,50129,M,,,50
200800002222,8,1,22,1535,1,2,1,1,6,50173,M,,,50
200800002223,8,1,25,1555,1,2,1,1,3,50129,M,,,50
200800002224,8,1,26,1110,1,2,1,1,2,50129,M,,,50
200800002225,8,1,27,308,5,2,3,1,7,50129,M,,,50
200800002226,8,1,18,1645,1,2,3,1,3,50147,M,,,50
200800002227,8,1,4,2025,5,2,1,9,4,50218,M,,,50
200800002228,8,1,7,1850,5,2,1,8,6,50502,M,,,50
200800002229,8,1,9,1225,1,2,1,1,3,50002,M,,,50
200800002230,8,1,2,1340,1,2,2,1,6,51573,M,,,51
200800002231,8,1,5,2045,5,2,1,2,6,51454,M,,,51
200800002232,8,1,8,1810,5,2,1,1,3,51454,M,,,51
200800002233,8,1,15,1500,1,2,1,3,6,51454,M,,,51
200800002234,8,1,17,745,5,2,2,1,6,51454,M,,,51
200800002235,8,1,21,1335,1,1,2,1,6,51454,M,,,51
200800002236,8,1,27,2235,5,2,2,1,3,51454,M,,,51
200800002237,8,1,28,1800,5,2,1,1,6,51454,M,,,51
200800002238,8,1,29,1820,5,2,1,1,6,51454,M,,,51
200800002239,8,1,8,950,1,2,2,1,3,52121,M,,,52
200800002240,8,1,8,1520,1,2,1,1,6,52121,M,,,52
200800002241,8,1,28,750,2,2,3,1,6,52121,M,,,52
200800002242,8,1,11,1155,1,2,3,1,3,52448,M,,,52
200800002243,8,1,16,2115,3,1,1,1,7,52448,M,,,52
200800002244,8,1,18,1205,1,2,1,1,6,52448,M,,,52
200800002245,8,1,27,1120,1,2,1,1,6,52448,M,,,52
200800002246,8,1,28,720,1,2,1,1,6,52448,M,,,52
200800002247,8,1,10,1310,1,2,3,8,3,53130,M,,,53
200800002248,8,1,10,1650,1,1,1,1,2,53130,M,,,53
200800002249,8,1,19,1035,1,2,3,1,6,53130,M,,,53
200800002250,8,1,27,1140,1,2,1,1,6,53054,M,,,53
200800002251,8,1,10,630,2,1,1,9,1,54099,M,,,54
200800002252,8,1,18,630,3,2,1,1,6,54099,M,,,54
200800002253,8,1,26,955,1,2,1,1,1,54099,M,,,54
200800002254,8,1,17,850,1,2,3,2,3,54273,M,,,54
200800002255,8,1,31,1208,1,2,1,8,7,54159,M,,,54
200800002256,8,1,8,1335,1,2,3,1,6,54329,M,,,54
200800002257,8,1,2,1710,5,1,2,1,3,54526,M,,,54
200800002258,8,1,5,1310,1,2,1,2,6,54547,M,,,54
200800002259,8,1,5,2015,5,2,2,2,6,54395,M,,,54
200800002260,8,1,8,1820,5,2,1,1,6,54395,M,,,54
200800002261,8,1,8,1830,5,2,3,1,3,54395,M,,,54
200800002262,8,1,10,2030,5,2,2,1,7,54257,M,,,54
200800002263,8,1,10,945,1,2,3,1,3,54395,M,,,54
200800002264,8,1,10,1251,1,1,3,1,3,54357,M,,,54
200800002265,8,1,11,830,1,2,1,1,1,54578,M,,,54
200800002266,8,1,11,1220,1,2,2,1,6,54395,M,,,54
200800002267,8,1,11,1330,1,2,2,1,6,54395,M,,,54
200800002268,8,1,11,1600,1,2,2,1,6,54395,M,,,54
200800002269,8,1,11,1740,5,2,1,1,2,54395,M,,,54
200800002270,8,1,12,932,1,2,2,8,3,54304,M,,,54
200800002271,8,1,13,1143,1,2,3,1,6,54547,M,,,54
200800002272,8,1,13,1418,1,2,6,1,3,54274,M,,,54
200800002273,8,1,13,1530,1,2,2,1,3,54184,M,,,54
200800002274,8,1,13,2040,5,1,1,1,6,54526,M,,,54
200800002275,8,1,14,1700,5,2,4,2,3,54395,M,,,54
200800002276,8,1,15,1325,1,2,3,1,6,54578,M,,,54
200800002277,8,1,15,1725,5,2,1,1,2,54304,M,,,54
200800002278,8,1,16,755,2,2,3,1,6,54300,M,,,54
200800002279,8,1,18,1440,1,2,2,2,3,54304,M,,,54
200800002280,8,1,18,1905,5,2,2,2,1,54395,M,,,54
200800002281,8,1,18,1800,5,1,1,2,6,54395,M,,,54
200800002282,8,1,19,1105,1,1,1,1,6,54578,M,,,54
200800002283,8,1,19,1510,1,2,1,1,6,54339,M,,,54
200800002284,8,1,19,1837,3,2,1,1,6,54547,M,,,54
200800002285,8,1,20,215,5,2,3,1,6,54304,M,,,54
200800002286,8,1,20,1300,1,2,1,8,6,54300,M,,,54
200800002287,8,1,21,1005,5,1,1,1,2,54526,M,,,54
200800002288,8,1,21,1545,1,2,3,1,4,54395,M,,,54
200800002289,8,1,22,905,1,2,1,8,6,54547,M,,,54
200800002290,8,1,22,940,1,2,2,2,3,54328,M,,,54
200800002291,8,1,23,800,2,2,1,3,6,54482,M,,,54
200800002292,8,1,23,1140,1,2,1,1,3,54395,M,,,54
200800002293,8,1,23,1605,1,2,1,1,6,54395,M,,,54
200800002294,8,1,23,1735,5,2,1,1,6,54304,M,,,54
200800002295,8,1,24,1205,1,2,3,1,6,54395,M,,,54
200800002296,8,1,25,1900,5,1,1,2,2,54395,M,,,54
200800002297,8,1,26,855,1,2,3,7,6,54547,M,,,54
200800002298,8,1,27,1300,1,2,1,1,3,54526,M,,,54
200800002299,8,1,30,1925,5,2,3,2,6,54547,M,,,54
200800002300,8,1,31,735,2,2,3,2,6,54395,M,,,54
200800002301,8,1,31,825,1,2,3,1,6,54578,M,,,54
200800002302,8,1,31,1115,1,2,1,1,4,54300,M,,,54
200800002303,8,1,31,2230,5,2,4,4,6,54339,M,,,54
200800002304,8,1,13,1235,1,2,6,1,3,54431,M,,,54
200800002305,8,1,2,920,1,2,1,1,6,54528,M,,,54
200800002306,8,1,13,1550,1,2,1,1,6,54174,M,,,54
200800002307,8,1,23,400,5,2,1,1,6,54174,M,,,54
200800002308,8,1,22,805,1,2,1,2,3,54528,M,,,54
200800002309,8,1,14,1015,1,1,1,2,2,54149,M,,,54
200800002310,8,1,17,830,1,2,1,1,6,55029,M,,,55
200800002311,8,1,19,1110,1,2,1,1,3,55029,M,,,55
200800002312,8,1,21,745,1,2,1,1,2,55029,M,,,55
200800002313,8,1,27,2030,5,2,3,1,3,55029,M,,,55
200800002314,8,1,13,950,1,2,1,9,7,55545,M,,,55
200800002315,8,1,1,430,5,2,1,1,2,56107,M,,,56
200800002316,8,1,3,1120,1,2,3,1,3,56083,M,,,56
200800002317,8,1,7,1330,1,1,1,1,1,56162,M,,,56
200800002318,8,1,8,800,5,2,1,1,6,56121,M,,,56
200800002319,8,1,8,825,5,2,1,1,7,56098,M,,,56
200800002320,8,1,8,1127,1,2,2,1,6,56121,M,,,56
200800002321,8,1,8,1436,1,2,2,1,3,56121,M,,,56
200800002322,8,1,9,1445,1,2,1,1,3,56121,M,,,56
200800002323,8,1,9,1850,5,1,1,1,2,56098,M,,,56
200800002324,8,1,10,2100,5,2,1,3,6,56121,M,,,56
200800002325,8,1,10,1830,5,2,3,3,3,56083,M,,,56
200800002326,8,1,11,1245,1,2,1,1,6,56121,M,,,56
200800002327,8,1,11,2211,5,2,3,2,3,56083,M,,,56
200800002328,8,1,12,1000,1,2,6,1,3,56121,M,,,56
200800002329,8,1,12,1806,5,2,6,3,3,56121,M,,,56
200800002330,8,1,17,803,5,2,6,3,6,56121,M,,,56
200800002331,8,1,17,1037,1,2,1,3,1,56121,M,,,56
200800002332,8,1,20,1009,1,2,2,1,3,56121,M,,,56
200800002333,8,1,22,1452,1,2,1,1,2,56121,M,,,56
200800002334,8,1,23,1740,1,2,1,1,2,56098,M,,,56
200800002335,8,1,26,1712,1,2,1,1,7,56121,M,,,56
200800002336,8,1,29,1936,5,1,1,1,7,56162,M,,,56
200800002337,8,1,30,1020,1,2,1,1,3,56121,M,,,56
200800002338,8,1,6,1325,1,2,2,2,7,56260,M,,,56
200800002339,8,1,12,1330,5,2,1,2,6,56260,M,,,56
200800002340,8,1,8,2035,5,2,1,2,7,56260,M,,,56
200800002341,8,1,15,825,2,2,1,3,6,56260,M,,,56
200800002342,8,1,15,1735,5,2,1,3,6,56260,M,,,56
200800002343,8,1,28,805,5,2,1,1,6,56260,M,,,56
200800002344,8,1,6,410,5,2,6,1,7,56260,M,,,56
200800002345,8,1,13,1755,2,2,1,3,6,56260,M,,,56
200800002346,8,1,14,1815,5,2,1,1,6,56260,M,,,56
200800002347,8,1,15,1000,1,2,1,3,6,56260,M,,,56
200800002348,8,1,20,1555,1,2,1,8,2,56260,M,,,56
200800002349,8,1,25,840,1,2,1,1,3,56260,M,,,56
200800002350,8,1,18,1800,5,2,4,1,6,57227,M,,,57
200800002351,8,1,23,520,5,2,1,1,1,57660,M,,,57
200800002352,8,1,2,1250,1,1,1,1,7,57591,M,,,57
200800002353,8,1,25,2045,5,2,1,5,6,57019,M,,,57
200800002354,8,1,4,1215,1,2,3,1,3,57463,M,,,57
200800002355,8,1,4,2100,5,2,1,1,6,57463,M,,,57
200800002356,8,1,8,1710,5,2,2,1,3,57463,M,,,57
200800002357,8,1,10,1945,3,2,1,1,7,57463,M,,,57
200800002358,8,1,10,1946,3,2,1,1,2,57463,M,,,57
200800002359,8,1,13,640,5,2,1,9,6,57447,M,,,57
200800002360,8,1,15,1715,5,2,1,2,3,57480,M,,,57
200800002361,8,1,16,1250,1,2,3,1,3,57463,M,,,57
200800002362,8,1,18,2030,5,2,1,1,6,57463,M,,,57
200800002363,8,1,21,2040,5,2,1,2,6,57463,M,,,57
200800002364,8,1,22,1020,1,2,1,7,7,57463,M,,,57
200800002365,8,1,28,1550,1,2,1,1,6,57463,M,,,57
200800002366,8,1,30,1755,5,2,1,2,6,57463,M,,,57
200800002367,8,1,5,500,2,2,2,1,4,57221,M,,,57
200800002368,8,1,9,1705,5,2,2,2,3,57672,M,,,57
200800002369,8,1,10,2125,5,2,3,1,3,57672,M,,,57
200800002370,8,1,11,1750,5,2,6,1,3,57672,M,,,57
200800002371,8,1,11,1505,1,2,4,1,3,57672,M,,,57
200800002372,8,1,14,1730,5,2,1,1,6,57672,M,,,57
200800002373,8,1,18,1615,1,2,1,2,2,57672,M,,,57
200800002374,8,1,22,1214,1,2,2,1,2,57672,M,,,57
200800002375,8,1,11,1130,1,2,1,1,6,57306,M,,,57
200800002376,8,1,17,2010,5,2,1,3,6,57306,M,,,57
200800002377,8,1,26,1810,5,2,3,1,1,57306,M,,,57
200800002378,8,1,31,1412,1,2,1,1,2,57306,M,,,57
200800002379,8,1,27,1440,1,2,1,1,7,58194,M,,,58
200800002380,8,1,11,1720,5,2,1,3,3,58194,M,,,58
200800002381,8,1,5,1755,5,2,1,2,6,58194,M,,,58
200800002382,8,1,11,1710,2,2,1,2,4,58194,M,,,58
200800002383,8,1,11,1832,5,2,1,1,6,58194,M,,,58
200800002384,8,1,12,1530,1,2,1,1,4,58194,M,,,58
200800002385,8,1,12,1110,1,2,2,1,3,58194,M,,,58
200800002386,8,1,17,2020,5,2,1,2,6,58194,M,,,58
200800002387,8,1,18,1900,5,2,2,1,3,58194,M,,,58
200800002388,8,1,25,1940,5,2,1,1,6,58194,M,,,58
200800002389,8,1,26,1355,1,2,1,1,2,58194,M,,,58
200800002390,8,1,29,1735,1,2,1,1,1,58194,M,,,58
200800002391,8,1,29,845,1,2,2,1,3,58194,M,,,58
200800002392,8,1,24,1150,1,2,1,1,6,58194,M,,,58
200800002393,8,1,31,1405,1,2,3,1,3,58194,M,,,58
200800002394,8,1,22,1040,1,2,2,1,3,59024,M,,,59
200800002395,8,1,1,2055,4,2,7,1,3,59017,M,,,59
200800002396,8,1,14,20,5,2,1,1,7,59431,M,,,59
200800002397,8,1,12,1755,5,2,1,1,6,59017,M,,,59
200800002398,8,1,28,720,3,1,2,1,1,59431,M,,,59
200800002399,8,1,9,750,5,2,3,2,3,59033,M,,,59
200800002400,8,1,4,1620,2,2,1,9,6,59043,M,,,59
200800002401,8,1,15,540,3,1,1,2,6,59043,M,,,59
200800002402,8,1,30,910,1,2,1,2,6,59122,M,,,59
200800002403,8,1,8,1110,1,2,1,1,2,59616,M,,,59
200800002404,8,1,15,1800,5,2,1,6,7,59253,M,,,59
200800002405,8,1,4,2130,3,1,1,2,5,59253,M,,,59
200800002406,8,1,25,1725,5,2,1,1,3,59253,M,,,59
200800002407,8,1,12,2115,3,2,1,2,6,59179,M,,,59
200800002408,8,1,19,1345,1,2,1,1,6,59297,M,,,59
200800002409,8,1,24,750,1,1,1,1,2,59172,M,,,59
200800002410,8,1,10,809,2,2,1,1,3,59651,M,,,59
200800002411,8,1,18,1810,3,1,1,2,2,59329,M,,,59
200800002412,8,1,29,1900,5,2,2,1,4,59178,M,,,59
200800002413,8,1,17,1210,1,2,1,1,6,59178,M,,,59
200800002414,8,1,25,1740,2,2,1,1,6,59178,M,,,59
200800002415,8,1,1,25,5,2,9,2,6,59183,M,,,59
200800002416,8,1,8,1950,5,2,1,1,3,59271,M,,,59
200800002417,8,1,9,2100,5,2,1,1,3,59340,M,,,59
200800002418,8,1,13,1325,1,2,2,1,3,59540,M,,,59
200800002419,8,1,14,1240,1,2,1,1,6,59183,M,,,59
200800002420,8,1,15,700,5,2,1,2,6,59155,M,,,59
200800002421,8,1,15,800,2,2,1,2,6,59183,M,,,59
200800002422,8,1,15,840,1,2,1,2,6,59183,M,,,59
200800002423,8,1,16,1740,2,2,9,8,6,59183,M,,,59
200800002424,8,1,20,45,5,2,9,1,2,59155,M,,,59
200800002425,8,1,18,1810,5,2,1,6,6,59183,M,,,59
200800002426,8,1,23,515,5,2,1,1,6,59271,M,,,59
200800002427,8,1,15,1045,1,2,1,3,3,59183,M,,,59
200800002428,8,1,23,1210,1,2,1,1,6,59183,M,,,59
200800002429,8,1,26,1210,1,2,1,1,7,59183,M,,,59
200800002430,8,1,30,920,1,2,1,2,3,59155,M,,,59
200800002431,8,1,5,2030,3,1,1,2,3,59273,M,,,59
200800002432,8,1,8,2255,3,1,1,1,7,59359,M,,,59
200800002433,8,1,18,2030,5,2,3,2,3,59295,M,,,59
200800002434,8,1,11,1055,1,2,1,1,3,59385,M,,,59
200800002435,8,1,31,2040,5,2,9,2,3,59324,M,,,59
200800002436,8,1,2,1755,2,2,3,1,3,59350,M,,,59
200800002437,8,1,4,820,1,2,1,1,6,59350,M,,,59
200800002438,8,1,4,1420,1,2,2,1,6,59350,M,,,59
200800002439,8,1,4,1615,1,2,2,1,6,59350,M,,,59
200800002440,8,1,5,1200,1,2,4,1,6,59350,M,,,59
200800002441,8,1,6,1430,1,2,6,7,6,59560,M,,,59
200800002442,8,1,8,745,5,2,1,1,6,59378,M,,,59
200800002443,8,1,8,1930,3,2,1,1,6,59350,M,,,59
200800002444,8,1,9,120,5,2,1,1,6,59328,M,,,59
200800002445,8,1,9,1450,1,2,2,1,3,59350,M,,,59
200800002446,8,1,10,730,2,2,3,1,6,59316,M,,,59
200800002447,8,1,10,1910,5,2,3,1,6,59585,M,,,59
200800002448,8,1,10,1400,1,2,1,1,2,59350,M,,,59
200800002449,8,1,10,1634,1,2,3,2,2,59350,M,,,59
200800002450,8,1,10,1835,5,2,1,2,3,59009,M,,,59
200800002451,8,1,10,815,1,2,1,1,6,59560,M,,,59
200800002452,8,1,11,755,5,2,2,2,6,59378,M,,,59
200800002453,8,1,11,1025,1,2,3,1,2,59009,M,,,59
200800002454,8,1,11,1335,1,2,9,8,3,59328,M,,,59
200800002455,8,1,11,1638,1,2,1,1,2,59350,M,,,59
200800002456,8,1,11,1710,1,2,2,2,4,59386,M,,,59
200800002457,8,1,12,1120,1,2,1,2,6,59378,M,,,59
200800002458,8,1,12,1935,5,2,1,1,6,59560,M,,,59
200800002459,8,1,13,235,5,2,1,1,6,59350,M,,,59
200800002460,8,1,14,830,1,2,1,1,6,59350,M,,,59
200800002461,8,1,15,820,1,2,1,1,6,59378,M,,,59
200800002462,8,1,15,1215,1,2,1,2,6,59350,M,,,59
200800002463,8,1,16,700,2,2,2,1,3,59009,M,,,59
200800002464,8,1,16,850,1,2,1,1,3,59350,M,,,59
200800002465,8,1,16,1100,1,2,1,1,6,59286,M,,,59
200800002466,8,1,17,1850,5,2,3,1,6,59350,M,,,59
200800002467,8,1,18,1745,2,2,1,2,6,59350,M,,,59
200800002468,8,1,18,1930,5,2,2,1,6,59350,M,,,59
200800002469,8,1,19,950,1,2,2,1,6,59328,M,,,59
200800002470,8,1,20,2000,1,2,1,1,6,59350,M,,,59
200800002471,8,1,21,1820,2,2,1,1,6,59437,M,,,59
200800002472,8,1,22,825,1,2,1,8,6,59350,M,,,59
200800002473,8,1,22,1640,1,2,1,7,7,59350,M,,,59
200800002474,8,1,22,1615,1,2,1,1,6,59507,M,,,59
200800002475,8,1,22,1950,5,2,1,1,6,59286,M,,,59
200800002476,8,1,23,1715,4,2,3,1,6,59009,M,,,59
200800002477,8,1,24,1745,5,1,1,2,2,59009,M,,,59
200800002478,8,1,25,1615,1,2,3,1,3,59350,M,,,59
200800002479,8,1,25,945,1,2,1,1,6,59378,M,,,59
200800002480,8,1,25,1940,5,2,1,1,2,59350,M,,,59
200800002481,8,1,26,1910,5,2,2,1,6,59009,M,,,59
200800002482,8,1,26,1310,1,2,3,1,4,59360,M,,,59
200800002483,8,1,26,1515,1,2,1,1,6,59350,M,,,59
200800002484,8,1,29,1800,2,2,1,1,2,59009,M,,,59
200800002485,8,1,25,840,1,1,1,1,6,59009,M,,,59
200800002486,8,1,25,1830,5,2,1,1,6,59378,M,,,59
200800002487,8,1,31,2100,5,2,1,2,6,59378,M,,,59
200800002488,8,1,31,1750,5,2,1,2,6,59350,M,,,59
200800002489,8,1,31,2015,5,2,1,2,6,59368,M,,,59
200800002490,8,1,16,810,1,2,1,1,6,59350,M,,,59
200800002491,8,1,25,745,5,2,2,1,6,59350,M,,,59
200800002492,8,1,5,2005,5,2,3,2,7,59543,M,,,59
200800002493,8,1,8,1120,1,2,1,2,1,59365,M,,,59
200800002494,8,1,3,1120,1,2,2,2,1,59365,M,,,59
200800002495,8,1,8,800,5,2,1,1,7,59392,M,,,59
200800002496,8,1,13,2340,5,2,2,1,3,59392,M,,,59
200800002497,8,1,11,1055,1,2,4,1,3,59392,M,,,59
200800002498,8,1,15,930,1,2,4,2,3,59230,M,,,59
200800002499,8,1,30,2130,5,2,3,1,3,59225,M,,,59
200800002500,8,1,2,1520,1,1,3,1,3,59512,M,,,59
200800002501,8,1,11,1345,1,1,1,3,5,59512,M,,,59
200800002502,8,1,3,1840,5,1,2,3,3,59512,M,,,59
200800002503,8,1,7,830,1,1,2,1,6,59650,M,,,59
200800002504,8,1,8,1035,1,1,6,8,2,59646,M,,,59
200800002505,8,1,21,1745,5,1,1,1,6,59163,M,,,59
200800002506,8,1,9,935,1,2,2,3,3,59512,M,,,59
200800002507,8,1,11,1900,5,1,2,1,3,59512,M,,,59
200800002508,8,1,11,2140,5,2,1,1,3,59512,M,,,59
200800002509,8,1,12,1928,5,1,2,8,3,59299,M,,,59
200800002510,8,1,17,1855,5,1,3,3,3,59650,M,,,59
200800002511,8,1,22,1320,1,1,1,1,6,59512,M,,,59
200800002512,8,1,22,1940,5,1,2,3,3,59512,M,,,59
200800002513,8,1,23,1500,1,1,1,1,6,59646,M,,,59
200800002514,8,1,18,815,1,1,1,8,3,59512,M,,,59
200800002515,8,1,5,840,1,2,1,1,6,59163,M,,,59
200800002516,8,1,23,1207,1,1,3,1,6,59512,M,,,59
200800002517,8,1,2,1800,5,1,2,3,1,59512,M,,,59
200800002518,8,1,25,1320,1,1,2,1,3,59512,M,,,59
200800002519,8,1,20,1530,1,1,1,1,6,59646,M,,,59
200800002520,8,1,29,1030,1,1,1,8,3,59650,M,,,59
200800002521,8,1,21,1725,5,1,3,3,6,59163,M,,,59
200800002522,8,1,9,2010,5,1,6,1,3,59512,M,,,59
200800002523,8,1,22,910,1,2,2,1,3,59163,M,,,59
200800002524,8,1,24,1550,1,1,2,3,3,59512,M,,,59
200800002525,8,1,10,1835,5,2,3,1,3,59599,M,,,59
200800002526,8,1,12,1215,1,2,1,1,3,59508,M,,,59
200800002527,8,1,12,1120,1,2,1,1,6,59508,M,,,59
200800002528,8,1,12,1755,5,2,3,1,4,59152,M,,,59
200800002529,8,1,16,1105,1,2,3,1,3,59599,M,,,59
200800002530,8,1,6,1215,1,2,6,1,3,59090,M,,,59
200800002531,8,1,17,1615,1,2,1,2,3,59599,M,,,59
200800002532,8,1,18,1810,5,2,2,2,3,59421,M,,,59
200800002533,8,1,27,1500,1,2,1,1,6,59599,M,,,59
200800002534,8,1,29,1200,1,2,1,1,6,59599,M,,,59
200800002535,8,1,31,1910,5,2,3,2,3,59599,M,,,59
200800002536,8,1,4,2205,5,2,2,2,2,59014,M,,,59
200800002537,8,1,5,1005,1,2,1,1,6,59484,M,,,59
200800002538,8,1,5,2005,5,2,1,3,6,59459,M,,,59
200800002539,8,1,3,1720,5,2,1,1,2,59112,M,,,59
200800002540,8,1,2,1400,1,2,2,1,3,59606,M,,,59
200800002541,8,1,24,1830,5,2,1,2,6,59606,M,,,59
200800002542,8,1,16,945,1,2,1,1,2,59475,M,,,59
200800002543,8,1,16,750,2,2,1,1,6,59606,M,,,59
200800002544,8,1,20,1900,3,1,1,1,6,59369,M,,,59
200800002545,8,1,11,1845,5,2,1,1,6,59383,M,,,59
200800002546,8,1,7,740,5,2,2,1,3,59606,M,,,59
200800002547,8,1,17,1715,5,2,3,1,6,59606,M,,,59
200800002548,8,1,5,1830,5,2,3,3,3,59459,M,,,59
200800002549,8,1,8,1948,5,2,2,2,3,60057,M,,,60
200800002550,8,1,15,940,1,2,2,3,3,60057,M,,,60
200800002551,8,1,16,1540,5,2,2,1,3,60057,M,,,60
200800002552,8,1,7,1850,3,1,1,1,2,60159,M,,,60
200800002553,8,1,11,1420,1,1,1,2,6,60159,M,,,60
200800002554,8,1,15,745,5,2,1,3,6,61001,M,,,61
200800002555,8,1,25,755,5,2,1,1,3,61001,M,,,61
200800002556,8,1,29,1908,5,2,1,8,6,61001,M,,,61
200800002557,8,1,30,1445,1,2,2,1,3,61001,M,,,61
200800002558,8,1,3,1235,1,1,1,1,6,61466,M,,,61
200800002559,8,1,25,2245,3,1,1,1,1,61218,M,,,61
200800002560,8,1,5,540,5,2,1,8,6,62041,M,,,62
200800002561,8,1,26,1815,5,2,1,1,2,62041,M,,,62
200800002562,8,1,3,1950,5,2,1,8,1,62516,M,,,62
200800002563,8,1,5,911,1,2,3,3,3,62065,M,,,62
200800002564,8,1,29,40,3,1,1,1,6,62065,M,,,62
200800002565,8,1,17,1520,1,2,1,1,6,62108,M,,,62
200800002566,8,1,4,135,5,2,1,8,6,62119,M,,,62
200800002567,8,1,5,225,5,2,1,3,2,62035,M,,,62
200800002568,8,1,7,1935,5,2,1,1,6,62160,M,,,62
200800002569,8,1,11,805,2,2,1,3,7,22278,M,,,22
200800002570,8,1,11,1805,5,1,1,2,2,22106,M,,,22
200800002571,8,1,12,1740,1,2,1,1,7,22278,M,,,22
200800002572,8,1,12,1920,5,2,1,2,7,22278,M,,,22
200800002573,8,1,14,755,5,2,1,2,7,22215,M,,,22
200800002574,8,1,16,1405,1,2,1,1,2,22278,M,,,22
200800002575,8,1,18,800,5,2,6,1,6,22278,M,,,22
200800002576,8,1,21,825,1,2,1,1,7,22360,M,,,22
200800002577,8,1,25,1930,5,2,3,1,3,22215,M,,,22
200800002578,8,1,25,1625,1,2,6,1,3,22360,M,,,22
200800002579,8,1,25,1250,1,2,1,1,1,22278,M,,,22
200800002580,8,1,29,1900,5,2,1,1,3,22278,M,,,22
200800002581,8,1,30,750,5,2,1,2,7,22278,M,,,22
200800002582,8,1,30,1755,5,2,1,1,6,22278,M,,,22
200800002583,8,1,13,445,3,1,9,9,7,23096,M,,,23
200800002584,8,1,16,755,2,2,1,3,3,23096,M,,,23
200800002585,8,1,17,1600,1,2,1,1,6,23096,M,,,23
200800002586,8,1,22,750,5,2,3,3,3,23096,M,,,23
200800002587,8,1,23,1605,1,2,1,1,6,23096,M,,,23
200800002588,8,1,10,841,1,2,1,1,3,24037,M,,,24
200800002589,8,1,10,1920,5,2,1,1,6,24037,M,,,24
200800002590,8,1,11,1259,1,2,3,2,3,24037,M,,,24
200800002591,8,1,12,805,5,2,2,2,3,24037,M,,,24
200800002592,8,1,19,1,5,2,3,2,6,24037,M,,,24
200800002593,8,1,27,2022,5,2,2,1,3,24037,M,,,24
200800002594,8,1,11,815,1,2,1,1,6,24322,M,,,24
200800002595,8,1,15,1405,1,2,3,1,5,24053,M,,,24
200800002596,8,1,21,1527,1,2,1,1,2,24322,M,,,24
200800002597,8,1,23,127,5,2,1,1,6,24322,M,,,24
200800002598,8,1,23,1340,1,1,2,1,5,24138,M,,,24
200800002599,8,1,24,810,1,1,3,1,3,24557,M,,,24
200800002600,8,1,25,1547,1,2,1,1,6,24322,M,,,24
200800002601,8,1,1,325,5,2,1,5,6,25056,M,,,25
200800002602,8,1,7,1850,5,2,1,1,1,25056,M,,,25
200800002603,8,1,9,410,5,2,1,1,7,25056,M,,,25
200800002604,8,1,9,1245,1,2,1,2,3,25056,M,,,25
200800002605,8,1,11,1750,5,2,1,1,6,25056,M,,,25
200800002606,8,1,13,1552,1,2,1,1,6,25056,M,,,25
200800002607,8,1,16,1126,1,2,1,1,6,25056,M,,,25
200800002608,8,1,21,1824,5,2,3,1,3,25056,M,,,25
200800002609,8,1,23,1230,1,2,1,1,6,25056,M,,,25
200800002610,8,1,24,41,5,2,1,1,1,25056,M,,,25
200800002611,8,1,25,805,1,2,1,1,6,25056,M,,,25
200800002612,8,1,24,735,2,2,1,1,6,25056,M,,,25
200800002613,8,1,27,250,5,2,1,5,1,25056,M,,,25
200800002614,8,1,29,1930,5,2,1,5,1,25056,M,,,25
200800002615,8,1,28,2032,5,2,1,1,3,25056,M,,,25
200800002616,8,1,30,705,5,2,1,1,2,25056,M,,,25
200800002617,8,1,30,1602,1,2,1,1,3,25056,M,,,25
200800002618,8,1,3,753,2,2,3,1,3,25230,M,,,25
200800002619,8,1,8,1815,5,2,3,1,6,26281,M,,,26
200800002620,8,1,11,1605,1,1,7,1,6,26281,M,,,26
200800002621,8,1,15,1000,1,2,2,1,7,26281,M,,,26
200800002622,8,1,15,2030,5,2,6,1,7,26281,M,,,26
200800002623,8,1,17,1655,1,2,3,1,6,26281,M,,,26
200800002624,8,1,18,1310,1,2,3,1,7,26281,M,,,26
200800002625,8,1,25,1050,1,2,3,1,6,26281,M,,,26
200800002626,8,1,26,1030,1,2,1,1,6,26281,M,,,26
200800002627,8,1,26,1850,5,2,3,1,3,26281,M,,,26
200800002628,8,1,29,1410,1,2,2,1,6,26057,M,,,26
200800002629,8,1,30,1755,5,2,2,1,3,26281,M,,,26
200800002630,8,1,3,1310,1,1,1,2,6,26058,M,,,26
200800002631,8,1,4,1500,1,1,1,2,6,26058,M,,,26
200800002632,8,1,6,1210,1,2,3,2,3,26362,M,,,26
200800002633,8,1,12,1725,2,2,1,1,6,26362,M,,,26
200800002634,8,1,9,2030,5,2,3,1,3,26252,M,,,26