Num_Acc,an,mois,jour,hrmn,lum,agg,int,atm,col,com,gps,lat,long,dep
200800002635,8,1,3,1428,1,2,1,2,6,26362,M,,,26
200800002636,8,1,19,1615,1,2,1,1,6,26252,M,,,26
200800002637,8,1,20,1610,1,2,1,1,7,26058,M,,,26
200800002638,8,1,16,2250,5,2,1,2,3,26058,M,,,26
200800002639,8,1,20,1358,1,2,3,1,3,26362,M,,,26
200800002640,8,1,23,1555,1,2,1,1,6,26362,M,,,26
200800002641,8,1,23,1605,1,1,1,1,6,26058,M,,,26
200800002642,8,1,29,1345,1,2,3,1,6,26362,M,,,26
200800002643,8,1,30,655,5,2,2,1,3,26362,M,,,26
200800002644,8,1,30,1620,1,2,1,1,1,26362,M,,,26
200800002645,8,1,2,1725,1,2,1,1,6,27229,M,,,27
200800002646,8,1,15,1440,1,2,1,2,4,27229,M,,,27
200800002647,8,1,19,1430,1,2,1,1,2,27229,M,,,27
200800002648,8,1,19,1510,1,2,1,1,3,27229,M,,,27
200800002649,8,1,25,750,2,2,1,1,3,27229,M,,,27
200800002650,8,1,16,700,5,2,1,1,3,27375,M,,,27
200800002651,8,1,25,1640,1,1,1,1,1,27701,M,,,27
200800002652,8,1,30,1405,1,2,1,1,3,27701,M,,,27
200800002653,8,1,29,800,2,2,3,5,3,27375,M,,,27
200800002654,8,1,9,315,3,1,1,2,6,27681,M,,,27
200800002655,8,1,13,35,5,2,2,1,3,27681,M,,,27
200800002656,8,1,25,1420,1,1,1,2,6,27681,M,,,27
200800002657,8,1,30,850,1,1,1,2,7,27681,M,,,27
200800002658,8,1,4,1345,1,2,1,1,5,28209,M,,,28
200800002659,8,1,7,1245,1,2,1,1,6,28085,M,,,28
200800002660,8,1,8,1615,1,2,1,1,3,28220,M,,,28
200800002661,8,1,8,2000,5,2,1,1,3,28085,M,,,28
200800002662,8,1,10,1135,1,2,4,1,3,28085,M,,,28
200800002663,8,1,11,1400,1,1,1,1,2,28110,M,,,28
200800002664,8,1,14,1655,1,2,1,1,1,28209,M,,,28
200800002665,8,1,13,1225,1,2,9,1,6,28218,M,,,28
200800002666,8,1,13,1747,1,2,1,1,3,28085,M,,,28
200800002667,8,1,15,815,5,2,9,2,6,28085,M,,,28
200800002668,8,1,21,1308,1,2,1,1,3,28220,M,,,28
200800002669,8,1,23,1500,1,2,1,1,6,28220,M,,,28
200800002670,8,1,23,1650,1,2,2,1,6,28085,M,,,28
200800002671,8,1,28,2004,5,2,2,5,6,28085,M,,,28
200800002672,8,1,30,919,1,2,1,1,2,28085,M,,,28
200800002673,8,1,31,120,5,2,1,1,6,28209,M,,,28
200800002674,8,1,2,730,2,1,3,1,2,28134,M,,,28
200800002675,8,1,7,730,2,1,3,1,3,28134,M,,,28
200800002676,8,1,8,1810,2,1,2,1,3,28223,M,,,28
200800002677,8,1,9,1505,1,2,1,1,6,28134,M,,,28
200800002678,8,1,17,1620,1,1,3,1,3,28134,M,,,28
200800002679,8,1,18,750,2,1,1,1,5,28404,M,,,28
200800002680,8,1,21,1030,1,2,1,1,2,28134,M,,,28
200800002681,8,1,21,1920,1,2,3,1,3,28134,M,,,28
200800002682,8,1,27,1900,3,1,3,1,7,28134,M,,,28
200800002683,8,1,28,610,5,2,6,8,7,28404,M,,,28
200800002684,8,1,30,1725,1,1,1,1,4,28098,M,,,28
200800002685,8,1,3,530,5,2,1,1,3,29019,M,,,29
200800002686,8,1,5,1816,2,2,1,9,6,29019,M,,,29
200800002687,8,1,5,2159,5,2,1,1,6,29019,M,,,29
200800002688,8,1,6,440,5,2,1,1,6,29019,M,,,29
200800002689,8,1,6,1740,2,2,2,2,3,29019,M,,,29
200800002690,8,1,7,1135,1,2,1,1,6,29019,M,,,29
200800002691,8,1,9,1118,1,2,2,1,3,29019,M,,,29
200800002692,8,1,11,815,2,2,2,1,6,29019,M,,,29
200800002693,8,1,18,755,5,2,2,2,6,29019,M,,,29
200800002694,8,1,18,910,1,2,1,2,6,29019,M,,,29
200800002695,8,1,18,1210,1,2,1,1,2,29019,M,,,29
200800002696,8,1,24,910,1,2,3,1,1,29019,M,,,29
200800002697,8,1,24,1100,1,2,2,8,3,29019,M,,,29
200800002698,8,1,30,1040,1,2,1,8,7,29019,M,,,29
200800002699,8,1,4,2100,3,1,1,3,6,29039,M,,,29
200800002700,8,1,29,115,3,1,1,1,7,29039,M,,,29
200800002701,8,1,4,1630,1,2,1,2,6,29254,M,,,29
200800002702,8,1,6,2040,3,1,1,2,2,29151,M,,,29
200800002703,8,1,14,825,2,2,1,1,6,29151,M,,,29
200800002704,8,1,25,2000,3,1,1,1,6,29151,M,,,29
200800002705,8,1,28,1615,1,1,1,8,7,29254,M,,,29
200800002706,8,1,26,830,2,1,1,1,2,29151,M,,,29
200800002707,8,1,12,1828,5,2,1,2,6,29232,M,,,29
200800002708,8,1,15,2145,3,1,3,1,3,29051,M,,,29
200800002709,8,1,22,1820,5,1,1,1,6,29051,M,,,29
200800002710,8,1,31,1000,1,1,1,1,6,29051,M,,,29
200800002711,8,1,20,1646,1,2,1,1,6,30007,M,,,30
200800002712,8,1,21,145,5,2,1,1,7,30007,M,,,30
200800002713,8,1,29,1140,1,2,2,1,1,30007,M,,,30
200800002714,8,1,11,805,2,2,1,2,3,30028,M,,,30
200800002715,8,1,17,1514,1,2,1,1,3,30028,M,,,30
200800002716,8,1,11,1820,5,2,1,2,6,30028,M,,,30
200800002717,8,1,1,810,1,1,1,1,6,30032,M,,,30
200800002718,8,1,9,1420,1,2,1,1,3,30032,M,,,30
200800002719,8,1,3,1202,1,2,1,9,4,30189,M,,,30
200800002720,8,1,3,1548,1,2,1,1,1,30189,M,,,30
200800002721,8,1,4,810,2,2,6,3,3,30189,M,4381801.0,434717.0,30
200800002722,8,1,4,930,1,2,2,3,3,30189,M,4387161.0,432037.0,30
200800002723,8,1,4,1315,1,2,1,3,2,30189,M,4383657.0,438835.0,30
200800002724,8,1,4,1554,1,2,1,2,6,30189,M,4385092.0,431283.0,30
200800002725,8,1,5,1744,5,2,9,9,1,30189,M,,,30
200800002726,8,1,6,1705,1,2,1,9,7,30189,M,,,30
200800002727,8,1,4,948,1,2,1,2,2,30189,M,,,30
200800002728,8,1,6,1900,5,2,2,1,3,30189,M,4383441.0,435093.0,30
200800002729,8,1,7,931,1,2,1,2,5,30189,M,,,30
200800002730,8,1,7,1848,5,2,2,1,3,30189,M,,,30
200800002731,8,1,5,1930,5,2,1,3,6,30189,M,,,30
200800002732,8,1,9,1336,1,2,2,2,3,30189,M,4382629.0,437660.0,30
200800002733,8,1,12,44,5,2,1,2,1,30189,M,4383057.0,438207.0,30
200800002734,8,1,12,935,1,1,1,1,7,30189,M,4383330.0,442522.0,30
200800002735,8,1,12,954,1,2,1,2,7,30189,M,4383333.0,442477.0,30
200800002736,8,1,12,1921,3,1,2,1,3,30189,M,,,30
200800002737,8,1,14,2130,5,2,9,9,3,30189,M,,,30
200800002738,8,1,15,1829,5,2,1,1,3,30189,M,4383333.0,442477.0,30
200800002739,8,1,16,1205,1,2,6,1,2,30189,M,4381817.0,434783.0,30
200800002740,8,1,17,2315,5,2,1,2,7,30189,M,4381574.0,434206.0,30
200800002741,8,1,21,737,5,2,9,1,6,30189,M,4382074.0,433324.0,30
200800002742,8,1,21,1053,1,2,1,1,3,30189,M,4382074.0,433324.0,30
200800002743,8,1,22,730,1,2,3,1,3,30189,M,,,30
200800002744,8,1,22,1649,1,2,1,1,3,30189,M,4383330.0,442477.0,30
200800002745,8,1,23,20,5,2,1,1,6,30189,M,4383102.0,436903.0,30
200800002746,8,1,24,1036,1,2,2,1,7,30189,M,4386613.0,432865.0,30
200800002747,8,1,24,1550,1,2,1,1,6,30189,M,4383080.0,433913.0,30
200800002748,8,1,24,1647,1,2,3,1,3,30189,M,4381665.0,433800.0,30
200800002749,8,1,25,1845,4,1,1,1,1,30189,M,,,30
200800002750,8,1,25,1732,2,2,1,1,4,30189,M,,,30
200800002751,8,1,28,1920,5,2,1,1,2,30189,M,4384132.0,437546.0,30
200800002752,8,1,29,1525,1,2,6,1,2,30189,M,,,30
200800002753,8,1,29,1850,5,2,1,1,6,30189,M,4380983.0,436457.0,30
200800002754,8,1,30,1345,1,2,1,1,2,30189,M,4383769.0,436284.0,30
200800002755,8,1,22,715,5,2,1,1,6,30351,M,,,30
200800002756,8,1,6,950,1,2,3,2,3,31069,M,,,31
200800002757,8,1,8,1330,1,2,3,1,3,31069,M,,,31
200800002758,8,1,8,1851,5,2,6,1,7,31069,M,,,31
200800002759,8,1,15,1845,5,2,1,1,3,31069,M,,,31
200800002760,8,1,17,610,5,2,9,1,7,31069,M,,,31
200800002761,8,1,23,845,1,2,2,1,2,31069,M,,,31
200800002762,8,1,3,817,1,2,3,1,6,31149,M,,,31
200800002763,8,1,4,1750,5,2,3,1,3,31149,M,,,31
200800002764,8,1,6,1850,3,2,1,2,1,31149,M,,,31
200800002765,8,1,7,910,1,2,1,1,3,31149,M,,,31
200800002766,8,1,7,1330,1,2,3,2,3,31149,M,,,31
200800002767,8,1,10,935,1,2,1,1,4,31149,M,,,31
200800002768,8,1,11,810,1,2,3,1,3,31149,M,,,31
200800002769,8,1,16,1235,1,2,1,1,1,31149,M,,,31
200800002770,8,1,25,1240,1,2,1,1,4,31149,M,,,31
200800002771,8,1,31,835,1,2,6,2,4,31149,M,,,31
200800002772,8,1,14,1150,1,2,1,1,5,31483,M,,,31
200800002773,8,1,18,1745,1,2,1,1,6,31483,M,,,31
200800002774,8,1,1,410,5,1,1,1,6,31555,M,,,31
200800002775,8,1,2,1815,5,2,1,1,6,31555,M,,,31
200800002776,8,1,4,300,5,2,1,1,6,31555,M,,,31
200800002777,8,1,5,1600,1,2,3,3,3,31555,M,,,31
200800002778,8,1,7,1240,1,2,1,1,4,31555,M,,,31
200800002779,8,1,4,1415,1,2,3,1,3,31555,M,,,31
200800002780,8,1,5,1820,5,1,1,1,3,31555,M,,,31
200800002781,8,1,6,1345,1,2,1,2,6,31555,M,,,31
200800002782,8,1,7,1615,1,2,1,2,3,31555,M,,,31
200800002783,8,1,7,1805,5,1,1,2,3,31555,M,,,31
200800002784,8,1,7,1936,5,1,1,2,6,31555,M,,,31
200800002785,8,1,7,750,2,2,1,1,3,31555,M,,,31
200800002786,8,1,8,503,5,2,1,1,2,31555,M,,,31
200800002787,8,1,8,809,1,1,1,1,6,31555,M,,,31
200800002788,8,1,8,1530,1,2,1,1,3,31555,M,,,31
200800002789,8,1,8,1550,1,2,1,1,6,31555,M,,,31
200800002790,8,1,8,1842,5,2,1,1,2,31555,M,,,31
200800002791,8,1,9,550,5,1,1,1,3,31555,M,,,31
200800002792,8,1,9,750,2,2,1,2,3,31555,M,,,31
200800002793,8,1,9,920,1,2,3,2,3,31555,M,,,31
200800002794,8,1,9,1145,1,2,1,2,2,31555,M,,,31
200800002795,8,1,9,1240,1,2,1,1,3,31555,M,,,31
200800002796,8,1,9,1810,5,1,1,1,4,31555,M,,,31
200800002797,8,1,9,1845,5,2,1,1,6,31555,M,,,31
200800002798,8,1,6,1330,1,1,1,1,6,31555,M,,,31
200800002799,8,1,10,800,2,1,1,1,3,31555,M,,,31
200800002800,8,1,10,826,1,2,1,1,3,31555,M,,,31
200800002801,8,1,10,845,1,1,1,1,6,31149,M,,,31
200800002802,8,1,10,1230,1,2,1,1,6,31555,M,,,31
200800002803,8,1,10,1715,2,1,1,8,5,31555,M,,,31
200800002804,8,1,11,1745,5,2,1,2,4,31555,M,,,31
200800002805,8,1,11,2027,5,1,1,2,4,31555,M,,,31
200800002806,8,1,12,345,5,1,1,2,6,31555,M,,,31
200800002807,8,1,12,1210,1,2,1,1,6,31555,M,,,31
200800002808,8,1,13,500,5,2,1,1,6,31555,M,,,31
200800002809,8,1,14,810,1,1,1,1,6,31555,M,,,31
200800002810,8,1,14,1734,2,2,1,1,6,31555,M,,,31
200800002811,8,1,14,1730,1,2,3,1,3,31555,M,,,31
200800002812,8,1,15,735,5,2,1,1,6,31555,M,,,31
200800002813,8,1,15,825,2,2,1,1,6,31555,M,,,31
200800002814,8,1,15,830,2,1,1,1,3,31555,M,,,31
200800002815,8,1,15,1820,5,2,1,1,6,31555,M,,,31
200800002816,8,1,16,1715,2,2,1,2,3,31555,M,,,31
200800002817,8,1,17,744,2,1,1,2,3,31555,M,,,31
200800002818,8,1,17,1510,1,2,1,3,6,31555,M,,,31
200800002819,8,1,17,1650,1,2,1,2,6,31555,M,,,31
200800002820,8,1,17,1730,2,2,1,3,3,31555,M,,,31
200800002821,8,1,20,1510,1,2,2,1,1,31555,M,,,31
200800002822,8,1,18,915,1,2,3,8,3,31555,M,,,31
200800002823,8,1,18,1335,1,2,1,1,6,31555,M,,,31
200800002824,8,1,20,1555,1,2,3,1,3,31555,M,,,31
200800002825,8,1,20,1747,5,2,1,1,2,31555,M,,,31
200800002826,8,1,20,2255,5,1,1,1,6,31555,M,,,31
200800002827,8,1,20,1810,2,2,1,1,3,31555,M,,,31
200800002828,8,1,21,1900,5,2,1,1,3,31555,M,,,31
200800002829,8,1,21,1925,5,2,1,1,3,31555,M,,,31
200800002830,8,1,20,2240,5,2,1,1,6,31555,M,,,31
200800002831,8,1,22,1530,1,2,1,1,3,31555,M,,,31
200800002832,8,1,22,1610,1,2,1,1,6,31555,M,,,31
200800002833,8,1,22,2235,5,1,1,1,3,31555,M,,,31
200800002834,8,1,23,950,1,2,1,1,6,31555,M,,,31
200800002835,8,1,23,1345,1,2,1,1,3,31555,M,,,31
200800002836,8,1,24,1600,1,2,1,1,6,31555,M,,,31
200800002837,8,1,25,850,1,1,1,1,6,31555,M,,,31
200800002838,8,1,25,1100,1,2,1,1,6,31555,M,,,31
200800002839,8,1,25,1120,1,2,1,1,6,31555,M,,,31
200800002840,8,1,25,1200,1,2,1,1,3,31555,M,,,31
200800002841,8,1,25,1950,5,2,1,1,6,31555,M,,,31
200800002842,8,1,25,2110,5,2,1,1,2,31555,M,,,31
200800002843,8,1,26,1330,1,2,1,1,3,31555,M,,,31
200800002844,8,1,26,1510,1,2,1,1,3,31555,M,,,31
200800002845,8,1,26,1840,2,2,1,1,3,31555,M,,,31
200800002846,8,1,27,1515,1,2,1,1,6,31555,M,,,31
200800002847,8,1,28,1445,1,2,1,1,3,31555,M,,,31
200800002848,8,1,29,745,5,2,1,5,3,31555,M,,,31
200800002849,8,1,29,2030,5,2,1,1,6,31555,M,,,31
200800002850,8,1,30,840,1,1,1,1,2,31555,M,,,31
200800002851,8,1,30,1240,1,2,1,1,3,31555,M,,,31
200800002852,8,1,30,1815,2,2,1,1,3,31555,M,,,31
200800002853,8,1,30,2055,5,2,1,1,2,31555,M,,,31
200800002854,8,1,31,700,2,2,1,2,6,31555,M,,,31
200800002855,8,1,31,1250,1,1,1,1,3,31555,M,,,31
200800002856,8,1,31,1305,1,2,2,1,3,31555,M,,,31
200800002857,8,1,31,1900,5,1,1,1,2,31555,M,,,31
200800002858,8,1,31,2020,5,2,3,1,3,31555,M,,,31
200800002859,8,1,9,1800,2,2,6,1,3,31557,M,,,31
200800002860,8,1,11,750,2,2,6,1,3,31557,M,,,31
200800002861,8,1,14,900,1,2,4,1,3,31557,M,,,31
200800002862,8,1,4,1830,5,2,3,1,2,32013,M,,,32
200800002863,8,1,9,800,1,2,3,2,3,32013,M,,,32
200800002864,8,1,10,1840,2,2,1,8,6,32013,M,,,32
200800002865,8,1,23,1440,1,2,1,1,6,32013,M,,,32
200800002866,8,1,27,1510,1,2,1,1,3,33529,M,,,33
200800002867,8,1,17,1430,1,2,9,8,3,33529,M,,,33
200800002868,8,1,2,2020,5,2,1,1,6,33529,M,,,33
200800002869,8,1,18,2100,5,1,1,8,3,33529,M,,,33
200800002870,8,1,1,1542,1,2,1,1,6,33192,M,,,33
200800002871,8,1,5,15,5,2,2,8,3,33063,M,,,33
200800002872,8,1,5,1150,1,2,5,2,3,33063,M,,,33
200800002873,8,1,4,1240,1,2,2,1,3,33063,M,,,33
200800002874,8,1,7,2055,5,2,1,1,6,33063,M,,,33
200800002875,8,1,7,1415,1,2,1,1,3,33063,M,,,33
200800002876,8,1,7,1416,1,2,2,1,3,33063,M,,,33
200800002877,8,1,7,820,1,2,1,1,6,33063,M,,,33
200800002878,8,1,8,745,5,2,1,2,6,33039,M,,,33
200800002879,8,1,8,1858,1,2,2,1,3,33063,M,,,33
200800002880,8,1,8,1345,1,2,1,1,2,33063,M,,,33
200800002881,8,1,8,1600,1,2,2,1,6,33063,M,,,33
200800002882,8,1,8,1630,1,2,2,1,3,33063,M,,,33
200800002883,8,1,8,1915,5,2,2,1,3,33063,M,,,33
200800002884,8,1,2,1945,5,2,1,1,2,33550,M,,,33
200800002885,8,1,3,740,2,2,1,1,6,33318,M,,,33
200800002886,8,1,7,1858,5,2,1,1,3,33249,M,,,33
200800002887,8,1,4,715,5,2,3,1,6,33063,M,,,33
200800002888,8,1,9,605,3,2,1,2,3,33063,M,,,33
200800002889,8,1,10,450,5,2,2,5,3,33063,M,,,33
200800002890,8,1,10,740,2,2,3,1,3,33063,M,,,33
200800002891,8,1,10,915,1,2,2,1,7,33063,M,,,33
200800002892,8,1,4,1525,1,2,1,2,6,33119,M,,,33
200800002893,8,1,9,1305,1,2,3,1,3,33119,M,,,33
200800002894,8,1,12,900,1,2,2,1,1,33063,M,,,33
200800002895,8,1,13,1600,1,2,1,1,3,33063,M,,,33
200800002896,8,1,12,205,5,2,2,2,2,33063,M,,,33
200800002897,8,1,12,110,5,2,3,8,6,33063,M,,,33
200800002898,8,1,5,1810,5,2,6,2,3,33550,M,,,33
200800002899,8,1,11,1755,5,2,2,2,6,33063,M,,,33
200800002900,8,1,11,1450,1,2,2,2,3,33063,M,,,33
200800002901,8,1,11,1410,1,2,1,1,6,33063,M,,,33
200800002902,8,1,11,1025,1,2,3,1,3,33063,M,,,33
200800002903,8,1,7,1850,5,2,2,1,3,33075,M,,,33
200800002904,8,1,14,800,5,2,2,1,2,33522,M,,,33
200800002905,8,1,14,925,1,2,2,1,6,33039,M,,,33
200800002906,8,1,14,1240,1,2,2,1,3,33063,M,,,33
200800002907,8,1,13,2030,5,2,2,1,3,33249,M,,,33
200800002908,8,1,15,730,5,2,1,1,6,33063,M,,,33
200800002909,8,1,9,1825,5,2,2,1,3,33281,M,,,33
200800002910,8,1,1,1550,1,2,1,1,3,33069,M,,,33
200800002911,8,1,10,1500,1,2,3,1,3,33167,M,,,33
200800002912,8,1,9,1800,2,2,1,1,3,33069,M,,,33
200800002913,8,1,10,750,5,2,1,5,6,33550,M,,,33
200800002914,8,1,13,1850,5,2,1,1,7,33281,M,,,33
200800002915,8,1,13,2035,5,2,1,1,6,33281,M,,,33
200800002916,8,1,16,1940,2,2,2,2,6,33063,M,,,33
200800002917,8,1,13,1950,5,2,2,1,1,33039,M,,,33
200800002918,8,1,10,2050,5,2,1,1,3,33522,M,,,33
200800002919,8,1,13,1345,1,2,1,1,4,33039,M,,,33
200800002920,8,1,11,900,1,2,3,1,3,33281,M,,,33
200800002921,8,1,20,1430,1,2,2,1,5,33063,M,,,33
200800002922,8,1,19,2004,5,2,2,1,3,33281,M,,,33
200800002923,8,1,18,1700,1,2,1,1,4,33063,M,,,33
200800002924,8,1,19,1200,1,2,1,1,6,33063,M,,,33
200800002925,8,1,19,500,5,2,3,1,1,33063,M,,,33
200800002926,8,1,12,1130,1,2,2,1,3,33550,M,,,33
200800002927,8,1,18,845,1,2,1,2,4,33063,M,,,33
200800002928,8,1,18,1225,1,2,1,2,3,33063,M,,,33
200800002929,8,1,15,1950,5,1,2,3,6,33075,M,,,33
200800002930,8,1,21,1150,1,2,3,1,6,33063,M,,,33
200800002931,8,1,22,1405,1,2,1,1,6,33119,M,,,33
200800002932,8,1,14,905,1,2,1,1,6,33281,M,,,33
200800002933,8,1,22,1120,1,2,1,8,3,33063,M,,,33
200800002934,8,1,21,1136,1,2,6,1,6,33281,M,,,33
200800002935,8,1,21,1030,1,2,2,1,3,33162,M,,,33
200800002936,8,1,23,1615,1,2,1,1,1,33167,M,,,33
200800002937,8,1,10,1400,1,2,1,1,2,33119,M,,,33
200800002938,8,1,20,1825,2,2,1,1,3,33318,M,,,33
200800002939,8,1,18,1600,1,2,6,8,3,33318,M,,,33
200800002940,8,1,24,2145,5,2,3,2,6,33063,M,,,33
200800002941,8,1,19,2000,5,2,2,1,3,33281,M,,,33
200800002942,8,1,23,1255,1,2,6,1,3,33318,M,,,33
200800002943,8,1,23,1405,1,2,1,1,4,33318,M,,,33
200800002944,8,1,24,1840,5,2,4,1,2,33063,M,,,33
200800002945,8,1,25,750,2,2,1,1,2,33063,M,,,33
200800002946,8,1,26,1900,5,2,1,1,3,33063,M,,,33
200800002947,8,1,26,1730,1,2,2,1,3,33063,M,,,33
200800002948,8,1,25,1530,1,2,3,1,3,33063,M,,,33
200800002949,8,1,24,720,5,2,3,5,6,33281,M,,,33
200800002950,8,1,29,1600,1,2,2,1,3,33063,M,,,33
200800002951,8,1,24,1415,1,2,5,1,3,33281,M,,,33
200800002952,8,1,28,1320,1,2,3,1,3,33318,M,,,33
200800002953,8,1,30,1805,5,2,2,2,6,33063,M,,,33
200800002954,8,1,31,950,1,2,3,1,3,33063,M,,,33
200800002955,8,1,31,800,1,2,2,1,3,33063,M,,,33
200800002956,8,1,29,1110,1,2,6,1,7,33281,M,,,33
200800002957,8,1,26,1140,1,2,1,1,2,33069,M,,,33
200800002958,8,1,26,1930,5,2,3,1,6,33192,M,,,33
200800002959,8,1,21,915,1,2,1,1,3,33192,M,,,33
200800002960,8,1,22,1520,1,2,4,1,3,33522,M,,,33
200800002961,8,1,30,1615,1,2,2,2,6,33318,M,,,33
200800002962,8,1,13,1235,1,2,1,1,2,33063,M,,,33
200800002963,8,1,19,10,4,2,1,1,6,33281,M,,,33
200800002964,8,1,30,1610,1,2,5,2,3,33522,M,,,33
200800002965,8,1,26,1055,1,2,2,1,3,33069,M,,,33
200800002966,8,1,30,1240,1,2,1,1,6,33522,M,,,33
200800002967,8,1,31,925,1,2,1,1,6,33119,M,,,33
200800002968,8,1,12,1910,5,2,9,8,6,33243,M,,,33
200800002969,8,1,8,2145,5,1,1,1,1,34003,M,4330855.0,349015.0,34
200800002970,8,1,8,1505,1,1,3,1,3,34003,M,,,34
200800002971,8,1,19,1000,1,2,6,1,3,34003,M,,,34
200800002972,8,1,4,1507,1,1,2,1,2,34032,M,4333000.0,345699.0,34
200800002973,8,1,4,954,1,1,2,2,2,34032,M,4334620.0,345699.0,34
200800002974,8,1,4,1815,5,1,1,3,1,34032,M,,,34
200800002975,8,1,7,1325,1,2,2,1,3,34032,M,4334752.0,345699.0,34
200800002976,8,1,7,1740,1,2,6,1,7,34032,M,,,34
200800002977,8,1,11,800,1,2,2,1,2,34032,M,,,34
200800002978,8,1,11,1700,1,2,3,1,3,34032,M,,,34
200800002979,8,1,12,1745,1,2,4,1,7,34032,M,4334600.0,345699.0,34
200800002980,8,1,12,1845,3,1,3,1,5,34032,M,,,34
200800002981,8,1,12,2044,3,1,1,1,7,34032,M,,,34
200800002982,8,1,13,1453,1,2,1,1,2,34032,M,,,34
200800002983,8,1,13,1335,1,2,1,1,7,34032,M,,,34
200800002984,8,1,17,905,1,1,1,2,2,34032,M,,,34
200800002985,8,1,18,1350,1,1,1,1,3,34032,M,,,34
200800002986,8,1,19,1638,1,1,1,7,7,34032,M,,,34
200800002987,8,1,19,2008,5,1,4,1,3,34336,M,,,34
200800002988,8,1,19,2130,5,2,4,1,7,34032,M,,,34
200800002989,8,1,20,1130,1,1,1,1,7,34032,M,,,34
200800002990,8,1,20,1550,1,1,1,1,7,34032,M,,,34
200800002991,8,1,26,30,3,1,1,1,2,34032,M,,,34
200800002992,8,1,30,1050,1,1,1,9,2,34032,M,,,34
200800002993,8,1,23,1215,1,2,1,1,7,34032,M,,,34
200800002994,8,1,23,1350,1,2,1,1,1,34032,M,,,34
200800002995,8,1,25,1053,1,2,4,1,2,34032,M,,,34
200800002996,8,1,25,1750,2,2,1,1,6,34032,M,,,34
200800002997,8,1,25,1900,3,1,1,1,7,34032,M,,,34
200800002998,8,1,26,930,1,2,1,1,7,34032,M,,,34
200800002999,8,1,28,2345,5,2,1,1,7,34032,M,,,34
200800003000,8,1,2,1745,5,2,1,2,4,34129,M,,,34
200800003001,8,1,2,1015,1,2,1,2,3,34172,M,4362312.0,383342.0,34
200800003002,8,1,5,800,2,2,1,2,3,34172,M,,,34
200800003003,8,1,4,2015,3,1,4,2,2,34129,M,4333475.0,353385.0,34
200800003004,8,1,5,1205,1,2,1,2,1,34172,M,,,34
200800003005,8,1,2,1245,1,2,1,2,2,34172,M,,,34
200800003006,8,1,4,1920,3,1,9,2,7,34129,M,,,34
200800003007,8,1,6,1200,1,2,1,1,6,34172,M,,,34
200800003008,8,1,8,823,1,2,1,1,3,34172,M,,,34
200800003009,8,1,7,1605,1,2,1,1,7,34172,M,4361826.0,384418.0,34
200800003010,8,1,6,1945,5,2,2,8,1,34172,M,4363803.0,382252.0,34
200800003011,8,1,8,1235,1,2,3,1,3,34172,M,4359652.0,387312.0,34
200800003012,8,1,10,1220,1,2,2,1,6,34172,M,,,34
200800003013,8,1,11,815,1,2,1,1,2,34172,M,4359084.0,386602.0,34
200800003014,8,1,11,1630,1,2,1,1,2,34172,M,4360462.0,388988.0,34
200800003015,8,1,11,2155,5,2,3,2,6,34172,M,,,34
200800003016,8,1,12,2040,3,2,3,1,3,34172,M,,,34
200800003017,8,1,12,1926,3,1,2,1,3,34129,M,4357931.0,393221.0,34
200800003018,8,1,13,1848,5,2,1,1,5,34172,M,,,34
200800003019,8,1,14,701,5,2,2,2,3,34172,M,,,34
200800003020,8,1,14,1935,5,2,4,2,1,34172,M,,,34
200800003021,8,1,16,1040,1,2,1,1,3,34172,M,,,34
200800003022,8,1,18,1105,1,2,3,1,3,34172,M,4360171.0,387396.0,34
200800003023,8,1,18,1545,1,1,1,1,7,34172,M,,,34
200800003024,8,1,18,1645,1,1,1,1,7,34129,M,,,34
200800003025,8,1,18,1657,1,2,1,1,3,34172,M,,,34
200800003026,8,1,21,820,1,2,1,1,3,34172,M,,,34
200800003027,8,1,22,1130,1,2,6,1,2,34172,M,,,34
200800003028,8,1,23,900,1,2,1,1,6,34172,M,,,34
200800003029,8,1,25,755,1,2,1,1,6,34172,M,,,34
200800003030,8,1,25,1125,1,2,1,1,5,34172,M,,,34
200800003031,8,1,24,2040,5,2,1,1,7,34172,M,,,34
200800003032,8,1,26,1134,1,2,1,1,2,34172,M,4360953.0,389384.0,34
200800003033,8,1,28,800,1,2,3,1,3,34172,M,,,34
200800003034,8,1,28,900,1,2,1,1,3,34172,M,,,34
200800003035,8,1,29,900,1,2,1,8,7,34172,M,,,34
200800003036,8,1,29,830,1,2,1,8,2,34172,M,,,34
200800003037,8,1,28,1820,5,2,2,1,6,34172,M,4364119.0,384672.0,34
200800003038,8,1,29,2125,5,2,4,1,1,34172,M,,,34
200800003039,8,1,30,755,2,2,1,1,3,34172,M,,,34
200800003040,8,1,30,1820,5,1,1,1,2,34172,M,,,34
200800003041,8,1,31,1145,1,2,6,1,6,34172,M,,,34
200800003042,8,1,31,1345,1,2,1,1,7,34172,M,,,34
200800003043,8,1,31,1515,1,2,2,1,3,34172,M,,,34
200800003044,8,1,31,1710,1,2,1,1,7,34172,M,,,34
200800003045,8,1,31,1820,1,2,1,1,3,34172,M,,,34
200800003046,8,1,31,1909,2,2,1,1,3,34172,M,,,34
200800003047,8,1,31,1215,1,2,1,1,6,34172,M,,,34
200800003048,8,1,24,2150,5,2,1,1,3,35115,M,,,35
200800003049,8,1,26,1740,3,1,1,1,1,35115,M,,,35
200800003050,8,1,3,835,1,2,2,8,6,35238,M,,,35