Num_Acc,an,mois,jour,hrmn,lum,agg,int,atm,col,com,gps,lat,long,dep
200800003051,8,1,4,1805,5,2,2,2,1,35238,M,,,35
200800003052,8,1,5,1100,1,2,1,1,6,35238,M,,,35
200800003053,8,1,9,1145,1,2,2,1,3,35238,M,,,35
200800003054,8,1,10,650,3,1,1,2,1,35238,M,,,35
200800003055,8,1,10,745,3,1,1,2,2,35238,M,,,35
200800003056,8,1,10,1815,5,2,1,8,3,35238,M,,,35
200800003057,8,1,11,158,5,2,2,2,7,35238,M,,,35
200800003058,8,1,11,800,4,2,6,3,6,35281,M,,,35
200800003059,8,1,11,1820,5,2,3,3,6,35238,M,,,35
200800003060,8,1,12,120,5,2,1,2,6,35238,M,,,35
200800003061,8,1,12,400,5,2,6,1,7,35238,M,,,35
200800003062,8,1,12,2145,5,2,3,3,2,35281,M,,,35
200800003063,8,1,14,750,5,2,1,1,6,35238,M,,,35
200800003064,8,1,14,920,1,1,1,2,4,35238,M,,,35
200800003065,8,1,13,2045,5,2,2,1,3,35238,M,,,35
200800003066,8,1,16,1225,1,2,1,1,7,35238,M,,,35
200800003067,8,1,16,1330,1,2,6,7,3,35238,M,,,35
200800003068,8,1,17,1645,1,1,1,2,2,35238,M,,,35
200800003069,8,1,17,1820,5,2,1,1,1,35238,M,,,35
200800003070,8,1,18,340,5,2,1,1,7,35238,M,,,35
200800003071,8,1,18,915,1,2,1,8,6,35238,M,,,35
200800003072,8,1,19,1330,1,2,2,1,3,35238,M,,,35
200800003073,8,1,19,2025,5,2,2,1,3,35238,M,,,35
200800003074,8,1,21,830,1,1,1,1,2,35238,M,,,35
200800003075,8,1,21,1225,1,2,1,1,3,35238,M,,,35
200800003076,8,1,22,830,1,1,1,1,4,35278,M,,,35
200800003077,8,1,23,545,3,2,1,1,7,35055,M,,,35
200800003078,8,1,25,1000,1,2,1,1,6,35238,M,,,35
200800003079,8,1,25,1425,1,2,6,1,3,35238,M,,,35
200800003080,8,1,25,2015,5,2,3,1,3,35238,M,,,35
200800003081,8,1,26,830,1,2,2,1,3,35238,M,,,35
200800003082,8,1,26,900,1,2,1,1,6,35238,M,,,35
200800003083,8,1,28,745,5,2,2,8,6,35238,M,,,35
200800003084,8,1,28,810,1,2,3,5,3,35238,M,,,35
200800003085,8,1,28,905,1,2,1,5,7,35238,M,,,35
200800003086,8,1,28,1025,1,1,1,5,6,35238,M,,,35
200800003087,8,1,28,1340,1,1,2,1,2,35281,M,,,35
200800003088,8,1,28,1655,1,2,1,1,6,35238,M,,,35
200800003089,8,1,29,745,5,2,1,5,1,35238,M,,,35
200800003090,8,1,29,1320,1,2,6,1,3,35238,M,,,35
200800003091,8,1,29,1800,1,2,3,1,3,35238,M,,,35
200800003092,8,1,29,1940,5,2,2,1,7,35238,M,,,35
200800003093,8,1,30,835,1,2,1,2,3,35281,M,,,35
200800003094,8,1,30,900,1,2,1,2,3,35238,M,,,35
200800003095,8,1,30,1240,1,2,3,2,7,35238,M,,,35
200800003096,8,1,30,1630,1,2,3,1,3,35238,M,,,35
200800003097,8,1,30,2005,3,2,1,1,3,35238,M,,,35
200800003098,8,1,8,1925,5,2,6,1,2,35288,M,,,35
200800003099,8,1,12,1240,1,2,1,1,6,35288,M,,,35
200800003100,8,1,12,1640,1,2,3,2,6,35288,M,,,35
200800003101,8,1,10,1030,1,2,1,2,2,35288,M,,,35
200800003102,8,1,15,1655,1,2,1,2,6,35288,M,,,35
200800003103,8,1,20,1630,1,2,1,1,3,35288,M,,,35
200800003104,8,1,21,1840,2,2,1,1,6,35288,M,,,35
200800003105,8,1,26,2335,5,2,1,9,7,35288,M,,,35
200800003106,8,1,30,1900,5,2,3,1,3,35288,M,,,35
200800003107,8,1,2,1825,2,2,1,1,7,36044,M,,,36
200800003108,8,1,3,1045,1,2,1,1,3,36044,M,,,36
200800003109,8,1,7,1046,1,2,3,2,7,36044,M,,,36
200800003110,8,1,4,1230,1,2,2,1,3,36044,M,,,36
200800003111,8,1,5,1714,1,2,1,1,6,36044,M,,,36
200800003112,8,1,8,1350,1,2,1,2,7,36044,M,,,36
200800003113,8,1,6,1350,1,2,1,2,6,36044,M,,,36
200800003114,8,1,26,1250,1,2,1,1,3,36044,M,,,36
200800003115,8,1,30,1715,1,2,6,2,7,36044,M,,,36
200800003116,8,1,11,1035,1,2,1,1,6,36044,M,,,36
200800003117,8,1,14,1220,1,1,1,1,2,36063,M,,,36
200800003118,8,1,18,1620,1,2,1,2,2,36044,M,,,36
200800003119,8,1,19,2120,3,2,3,1,3,36044,M,,,36
200800003120,8,1,21,1930,5,2,1,1,3,36044,M,,,36
200800003121,8,1,25,1122,1,2,1,1,3,36044,M,,,36
200800003122,8,1,28,1915,5,2,1,1,2,36044,M,,,36
200800003123,8,1,30,1115,1,2,3,1,7,36159,M,,,36
200800003124,8,1,31,1016,1,2,3,1,5,36044,M,,,36
200800003125,8,1,9,820,1,2,1,1,2,37233,M,,,37
200800003126,8,1,9,1515,1,2,3,1,6,37122,M,,,37
200800003127,8,1,13,1430,1,2,1,1,1,37233,M,,,37
200800003128,8,1,9,1540,1,2,2,1,3,37261,M,,,37
200800003129,8,1,10,1635,1,2,2,1,3,37261,M,,,37
200800003130,8,1,16,1945,5,2,2,2,3,37261,M,,,37
200800003131,8,1,25,810,2,2,3,5,3,37122,M,,,37
200800003132,8,1,23,1655,1,2,1,1,2,37261,M,,,37
200800003133,8,1,30,1210,1,2,2,9,6,37261,M,,,37
200800003134,8,1,14,1715,2,2,2,1,6,37261,M,,,37
200800003135,8,1,30,435,5,2,1,1,7,37261,M,,,37
200800003136,8,1,2,810,2,2,1,1,6,38185,M,,,38
200800003137,8,1,3,1700,4,2,1,1,3,38421,M,,,38
200800003138,8,1,3,1910,5,2,1,1,3,38185,M,,,38
200800003139,8,1,4,1415,1,2,1,1,6,38185,M,,,38
200800003140,8,1,5,2140,5,2,1,2,6,38169,M,,,38
200800003141,8,1,6,2300,5,2,1,1,2,38185,M,,,38
200800003142,8,1,8,1650,1,2,1,1,3,38185,M,,,38
200800003143,8,1,9,1600,1,2,1,2,2,38185,M,,,38
200800003144,8,1,9,1815,5,2,1,2,3,38185,M,,,38
200800003145,8,1,10,1050,1,1,9,2,3,38516,M,,,38
200800003146,8,1,12,1930,5,2,1,1,6,38151,M,,,38
200800003147,8,1,15,1115,1,2,1,1,6,38185,M,,,38
200800003148,8,1,15,1510,1,2,2,1,6,38169,M,,,38
200800003149,8,1,16,1211,1,2,2,1,1,38421,M,,,38
200800003150,8,1,17,1520,1,2,1,1,6,38185,M,,,38
200800003151,8,1,19,645,3,1,1,1,2,38382,M,,,38
200800003152,8,1,19,2020,3,1,1,1,6,38185,M,,,38
200800003153,8,1,22,1205,1,2,1,1,3,38185,M,,,38
200800003154,8,1,22,820,1,2,1,2,1,38421,M,,,38
200800003155,8,1,23,1545,1,2,1,1,6,38151,M,,,38
200800003156,8,1,25,730,1,2,1,1,6,38169,M,,,38
200800003157,8,1,28,1210,1,2,1,1,3,38185,M,,,38
200800003158,8,1,25,1630,1,2,1,1,3,38185,M,,,38
200800003159,8,1,26,1140,1,2,1,1,3,38185,M,,,38
200800003160,8,1,27,2145,5,2,1,1,3,38185,M,,,38
200800003161,8,1,29,1530,1,2,6,1,3,38421,M,,,38
200800003162,8,1,31,1820,1,2,1,1,3,38423,M,,,38
200800003163,8,1,10,1407,1,2,1,1,2,38544,M,,,38
200800003164,8,1,21,825,1,2,1,1,7,38563,M,,,38
200800003165,8,1,25,2120,3,1,1,1,1,38563,M,,,38
200800003166,8,1,30,700,3,2,1,2,6,38563,M,,,38
200800003167,8,1,25,1625,1,2,1,7,6,39198,M,,,39
200800003168,8,1,24,1815,5,2,1,1,6,39411,M,,,39
200800003169,8,1,27,545,5,2,1,1,6,39362,M,,,39
200800003170,8,1,25,1800,5,2,1,1,3,39300,M,,,39
200800003171,8,1,7,1625,1,2,1,8,3,40088,M,,,40
200800003172,8,1,10,750,5,2,1,5,6,40088,M,,,40
200800003173,8,1,26,220,5,2,2,1,3,40088,M,,,40
200800003174,8,1,31,1355,1,2,1,1,3,40088,M,,,40
200800003175,8,1,3,740,3,2,1,2,5,40281,M,,,40
200800003176,8,1,13,725,3,1,1,1,1,40281,M,,,40
200800003177,8,1,21,745,2,2,3,1,3,40192,M,,,40
200800003178,8,1,7,1400,1,2,1,1,6,41018,M,,,41
200800003179,8,1,7,1710,2,1,2,1,3,41018,M,,,41
200800003180,8,1,12,1515,1,2,2,1,5,41018,M,,,41
200800003181,8,1,14,1750,5,2,1,1,3,41018,M,,,41
200800003182,8,1,21,835,1,2,1,1,3,41212,M,,,41
200800003183,8,1,28,1220,1,2,1,1,3,41018,M,,,41
200800003184,8,1,31,1900,5,2,1,2,6,41018,M,,,41
200800003185,8,1,12,130,5,2,1,1,6,41194,M,,,41
200800003186,8,1,8,1906,5,1,1,2,5,41269,M,,,41
200800003187,8,1,15,1920,5,2,3,3,3,41269,M,,,41
200800003188,8,1,15,1945,5,2,3,2,3,41269,M,,,41
200800003189,8,1,4,1340,1,1,1,8,6,42095,M,4523369.0,420019.0,42
200800003190,8,1,9,1550,1,2,1,1,6,42044,M,4523440.0,417214.0,42
200800003191,8,1,10,1200,1,2,1,1,2,42044,M,4523883.0,420035.0,42
200800003192,8,1,10,1930,5,2,1,1,2,42183,M,,,42
200800003193,8,1,11,1025,1,2,1,1,2,42095,M,4523305.0,417165.0,42
200800003194,8,1,17,1910,5,2,1,1,6,42095,M,4523649.0,418206.0,42
200800003195,8,1,26,1050,1,2,1,1,4,42095,M,,,42
200800003196,8,1,16,1800,2,2,1,1,1,42299,M,,,42
200800003197,8,1,3,1033,1,2,2,1,7,42147,M,,,42
200800003198,8,1,21,1523,1,2,1,1,3,42147,M,4123456.0,735072.0,42
200800003199,8,1,4,1640,1,2,1,7,6,42123,M,,,42
200800003200,8,1,30,1720,1,2,1,1,6,42187,M,,,42
200800003201,8,1,2,1420,1,2,6,1,6,42184,M,,,42
200800003202,8,1,3,1645,1,2,5,1,3,42187,M,,,42
200800003203,8,1,3,1705,1,2,2,1,3,42187,M,,,42
200800003204,8,1,4,1445,1,2,2,1,3,42187,M,,,42
200800003205,8,1,9,1535,1,2,2,1,3,42187,M,,,42
200800003206,8,1,10,1740,2,2,1,1,3,42187,M,,,42
200800003207,8,1,11,1135,1,2,1,1,3,42184,M,,,42
200800003208,8,1,12,1410,1,2,1,1,3,42187,M,,,42
200800003209,8,1,15,2035,3,1,1,1,1,42127,M,,,42
200800003210,8,1,11,1730,2,2,1,1,6,42187,M,,,42
200800003211,8,1,16,1215,1,2,1,1,6,42187,M,,,42
200800003212,8,1,18,1510,1,1,1,1,3,42187,M,,,42
200800003213,8,1,21,1309,1,1,3,1,3,42127,M,,,42
200800003214,8,1,21,1600,1,2,1,1,2,42187,M,,,42
200800003215,8,1,26,1700,1,2,1,1,4,42127,M,,,42
200800003216,8,1,27,1615,1,2,2,1,3,42187,M,,,42
200800003217,8,1,2,1720,1,2,1,1,6,42187,M,,,42
200800003218,8,1,18,1350,1,2,3,1,3,42207,M,,,42
200800003219,8,1,26,2117,5,2,1,1,6,42207,M,,,42
200800003220,8,1,2,1610,1,2,3,1,2,42218,M,,,42
200800003221,8,1,2,1647,1,2,1,1,1,42218,M,,,42
200800003222,8,1,2,1730,1,2,2,8,6,42218,M,,,42
200800003223,8,1,4,1235,1,2,1,8,6,42275,M,4528270.0,422380.0,42
200800003224,8,1,17,1610,1,2,1,1,6,42218,M,4524580.0,423260.0,42
200800003225,8,1,7,1733,3,2,1,8,1,42223,M,,,42
200800003226,8,1,7,1900,5,2,1,1,6,42218,M,,,42
200800003227,8,1,10,830,1,2,1,1,2,42218,M,,,42
200800003228,8,1,10,1515,1,2,2,1,6,42218,M,,,42
200800003229,8,1,10,2015,5,2,2,1,3,42218,M,,,42
200800003230,8,1,10,1027,1,2,2,1,1,42218,M,,,42
200800003231,8,1,11,1650,1,2,2,1,6,42218,M,,,42
200800003232,8,1,15,945,1,2,3,9,2,42218,M,,,42
200800003233,8,1,16,725,2,2,3,1,3,42275,M,,,42
200800003234,8,1,19,1635,1,2,2,1,3,42218,M,,,42
200800003235,8,1,21,1754,5,2,1,1,7,42218,M,,,42
200800003236,8,1,24,1615,1,2,1,1,2,42218,M,,,42
200800003237,8,1,24,1221,1,2,3,1,3,42218,M,,,42
200800003238,8,1,26,1308,1,2,1,1,6,42330,M,,,42
200800003239,8,1,29,1742,2,2,1,1,6,42218,M,,,42
200800003240,8,1,5,1700,2,2,4,8,1,43041,M,,,43
200800003241,8,1,12,2040,5,2,1,1,6,43046,M,,,43
200800003242,8,1,15,1825,5,2,1,1,6,43157,M,,,43
200800003243,8,1,23,1450,1,2,1,1,6,43157,M,,,43
200800003244,8,1,1,525,3,2,1,1,6,44132,M,,,44
200800003245,8,1,3,1845,5,2,2,1,3,44055,M,,,44
200800003246,8,1,5,2110,3,2,1,1,7,44132,M,,,44
200800003247,8,1,31,805,2,2,9,1,3,44055,M,,,44
200800003248,8,1,2,1030,1,2,1,1,1,44109,M,,,44
200800003249,8,1,2,1200,1,2,1,1,6,44109,M,,,44
200800003250,8,1,2,930,1,2,1,1,3,44109,M,,,44
200800003251,8,1,4,1755,2,2,3,1,6,44109,M,,,44
200800003252,8,1,5,2312,5,2,1,2,6,44109,M,,,44
200800003253,8,1,5,430,5,2,1,2,6,44190,M,,,44
200800003254,8,1,4,1852,3,1,1,2,4,44114,M,,,44
200800003255,8,1,7,1720,1,2,2,1,3,44109,M,,,44
200800003256,8,1,6,1500,1,1,1,3,6,44143,M,,,44
200800003257,8,1,8,1749,5,2,1,1,6,44109,M,,,44
200800003258,8,1,9,1200,1,2,1,1,2,44114,M,,,44
200800003259,8,1,9,1720,2,1,1,7,5,44109,M,,,44
200800003260,8,1,10,1840,5,2,1,1,1,44162,M,,,44
200800003261,8,1,11,735,5,2,1,3,6,44109,M,,,44
200800003262,8,1,12,945,1,1,1,1,6,44109,M,,,44
200800003263,8,1,15,1725,2,2,2,2,3,44109,M,,,44
200800003264,8,1,5,15,5,2,1,1,3,44109,M,,,44
200800003265,8,1,16,1050,1,2,1,1,6,44109,M,,,44
200800003266,8,1,17,755,5,2,1,1,3,44109,M,,,44
200800003267,8,1,16,1122,1,2,2,1,3,44109,M,,,44
200800003268,8,1,18,210,5,2,6,1,6,44109,M,,,44
200800003269,8,1,19,2310,5,2,1,1,7,44143,M,,,44
200800003270,8,1,18,2030,3,2,1,1,3,44143,M,,,44
200800003271,8,1,18,1610,1,1,1,1,6,44114,M,,,44
200800003272,8,1,13,1630,1,2,1,9,3,44114,M,,,44
200800003273,8,1,17,1845,5,1,1,2,2,44162,M,,,44
200800003274,8,1,21,2020,5,2,2,1,3,44109,M,,,44
200800003275,8,1,22,800,2,2,1,2,6,44190,M,,,44
200800003276,8,1,21,1345,1,2,1,1,6,44143,M,,,44
200800003277,8,1,24,800,2,2,1,1,6,44162,M,,,44
200800003278,8,1,27,57,5,2,3,1,6,44109,M,,,44
200800003279,8,1,23,1232,1,2,1,1,6,44109,M,,,44
200800003280,8,1,22,515,5,2,1,1,3,44109,M,,,44
200800003281,8,1,28,1950,5,2,2,1,3,44109,M,,,44
200800003282,8,1,30,1555,1,2,1,2,3,44109,M,,,44
200800003283,8,1,30,1215,1,2,1,2,6,44109,M,,,44
200800003284,8,1,27,1545,1,2,1,1,6,44109,M,,,44
200800003285,8,1,31,810,1,2,6,8,3,44109,M,,,44
200800003286,8,1,31,1930,5,2,4,3,6,44109,M,,,44
200800003287,8,1,31,1935,5,2,1,3,6,44109,M,,,44
200800003288,8,1,31,1900,5,1,6,3,3,44109,M,,,44
200800003289,8,1,2,1250,1,2,2,1,3,44184,M,,,44
200800003290,8,1,5,1500,1,2,1,3,7,44184,M,,,44
200800003291,8,1,10,800,4,2,1,2,1,44184,M,,,44
200800003292,8,1,10,1750,4,2,3,1,7,44184,M,,,44
200800003293,8,1,14,728,3,2,1,3,7,44184,M,,,44
200800003294,8,1,14,1545,1,2,1,1,7,44184,M,,,44
200800003295,8,1,17,1730,5,2,1,2,4,44184,M,,,44
200800003296,8,1,27,1545,1,2,1,7,7,44184,M,,,44
200800003297,8,1,28,1330,1,2,1,1,6,44184,M,,,44
200800003298,8,1,30,750,5,2,1,2,6,44184,M,,,44
200800003299,8,1,7,1830,5,2,6,1,6,44184,M,,,44
200800003300,8,1,29,1350,1,2,1,1,6,45208,M,,,45
200800003301,8,1,4,1220,1,2,3,8,3,45234,M,,,45
200800003302,8,1,5,2115,5,1,1,2,6,45234,M,,,45
200800003303,8,1,9,1525,1,2,1,1,2,45234,M,,,45
200800003304,8,1,9,1125,1,2,1,2,6,45234,M,,,45
200800003305,8,1,10,745,2,2,1,2,3,45302,M,,,45
200800003306,8,1,10,740,2,1,1,2,6,45302,M,,,45
200800003307,8,1,11,730,2,2,1,1,6,45234,M,,,45
200800003308,8,1,11,1925,5,2,2,2,3,45284,M,,,45
200800003309,8,1,12,1015,1,2,2,1,3,45234,M,,,45
200800003310,8,1,12,2045,5,2,2,1,5,45232,M,,,45
200800003311,8,1,16,1600,1,2,9,8,6,45147,M,,,45
200800003312,8,1,16,1230,1,2,1,1,5,45234,M,,,45
200800003313,8,1,18,700,5,2,1,1,6,45234,M,,,45
200800003314,8,1,18,800,2,2,1,1,6,45147,M,,,45
200800003315,8,1,19,1305,1,2,1,1,2,45285,M,,,45
200800003316,8,1,22,1335,1,2,1,1,6,45234,M,,,45
200800003317,8,1,23,1750,2,2,1,1,6,45234,M,,,45
200800003318,8,1,24,2235,5,2,2,1,3,45234,M,,,45
200800003319,8,1,24,1610,1,2,2,1,3,45232,M,,,45
200800003320,8,1,28,1030,1,2,1,1,2,45285,M,,,45
200800003321,8,1,28,1310,1,2,2,1,3,45284,M,,,45
200800003322,8,1,29,1005,1,2,1,8,6,45234,M,,,45
200800003323,8,1,31,2110,5,2,2,2,3,45232,M,,,45
200800003324,8,1,4,1640,1,2,1,1,6,46042,M,,,46
200800003325,8,1,9,755,2,2,1,2,6,46042,M,,,46
200800003326,8,1,14,1705,1,2,1,1,6,46042,M,,,46
200800003327,8,1,15,825,1,2,7,1,6,46042,M,,,46
200800003328,8,1,16,750,5,2,3,2,6,46042,M,,,46
200800003329,8,1,24,1730,1,2,1,1,6,46042,M,,,46
200800003330,8,1,28,1205,1,2,1,1,3,46042,M,,,46
200800003331,8,1,28,1330,1,2,1,1,2,46042,M,,,46
200800003332,8,1,4,1835,3,2,3,1,3,47323,M,,,47
200800003333,8,1,11,750,2,1,2,2,3,47027,M,,,47
200800003334,8,1,26,1710,1,2,1,1,3,47027,M,,,47
200800003335,8,1,8,740,5,2,1,1,3,48095,M,4451867.0,350212.0,48
200800003336,8,1,5,1717,5,2,1,2,6,49007,M,,,49
200800003337,8,1,6,1107,1,2,1,8,7,49007,M,,,49
200800003338,8,1,6,1255,1,2,1,2,6,49007,M,,,49
200800003339,8,1,5,1926,5,2,1,2,6,49007,M,,,49
200800003340,8,1,7,726,5,2,3,1,3,49007,M,,,49
200800003341,8,1,7,1755,5,2,6,1,2,49246,M,,,49
200800003342,8,1,9,1018,1,2,1,1,6,49007,M,,,49
200800003343,8,1,9,905,1,2,1,2,2,49007,M,,,49
200800003344,8,1,10,840,2,2,1,1,6,49007,M,,,49
200800003345,8,1,11,137,5,2,1,1,6,49267,M,,,49
200800003346,8,1,13,429,5,2,1,1,7,49007,M,,,49
200800003347,8,1,12,1606,1,2,1,1,3,49007,M,,,49
200800003348,8,1,11,1408,1,2,1,1,7,49007,M,,,49
200800003349,8,1,12,1052,1,2,1,1,6,49007,M,,,49
200800003350,8,1,12,1534,1,2,1,1,6,49007,M,,,49
200800003351,8,1,12,1446,1,2,1,1,6,49007,M,,,49
200800003352,8,1,15,822,2,2,1,2,7,49246,M,,,49
200800003353,8,1,15,1514,1,2,3,2,3,49007,M,,,49
200800003354,8,1,16,1533,1,2,1,1,6,49246,M,,,49
200800003355,8,1,23,1220,1,2,3,1,7,92004,M,,,92
200800003356,8,1,25,2000,5,2,2,1,6,92004,M,,,92
200800003357,8,1,25,2020,5,2,1,1,6,92004,M,,,92
200800003358,8,1,29,1505,1,1,2,1,6,92004,M,,,92
200800003359,8,1,31,1705,4,2,2,1,6,92004,M,,,92
200800003360,8,1,3,1830,5,2,1,1,5,92007,M,,,92
200800003361,8,1,13,1855,5,2,3,1,3,92007,M,,,92
200800003362,8,1,11,1930,5,2,1,1,3,92007,M,,,92
200800003363,8,1,17,1810,4,2,1,2,6,92007,M,,,92
200800003364,8,1,18,1805,2,2,3,1,2,92007,M,,,92
200800003365,8,1,1,630,5,2,1,1,2,92012,M,,,92
200800003366,8,1,7,1450,1,2,1,1,6,92012,M,,,92
200800003367,8,1,9,1430,1,2,2,1,6,92012,M,,,92
200800003368,8,1,12,955,1,2,1,1,6,92012,M,,,92
200800003369,8,1,12,1610,1,2,2,1,3,92012,M,,,92
200800003370,8,1,15,1120,1,2,9,2,6,92012,M,,,92
200800003371,8,1,13,430,5,2,1,1,6,92012,M,,,92
200800003372,8,1,16,1300,1,2,1,1,6,92012,M,,,92
200800003373,8,1,16,1230,1,2,1,1,2,92012,M,,,92
200800003374,8,1,20,1320,1,2,1,1,1,92012,M,,,92
200800003375,8,1,16,1005,1,2,1,1,3,92012,M,,,92
200800003376,8,1,17,1715,1,2,1,1,6,92012,M,,,92
200800003377,8,1,21,1410,1,2,1,1,6,92012,M,,,92
200800003378,8,1,22,1545,1,2,2,1,6,92012,M,,,92
200800003379,8,1,23,1040,1,2,1,1,6,92012,M,,,92
200800003380,8,1,24,1810,5,2,2,2,6,92012,M,,,92
200800003381,8,1,28,830,1,2,2,1,2,92012,M,,,92
200800003382,8,1,28,1340,1,2,1,1,6,92012,M,,,92
200800003383,8,1,25,2235,5,2,1,1,6,92012,M,,,92
200800003384,8,1,31,2140,5,2,2,2,3,92012,M,,,92
200800003385,8,1,31,1650,1,2,2,1,1,92012,M,,,92
200800003386,8,1,31,1705,2,2,2,1,6,92012,M,,,92
200800003387,8,1,3,1545,1,1,1,1,4,92019,M,,,92
200800003388,8,1,4,1300,1,2,1,1,6,92019,M,,,92
200800003389,8,1,7,755,2,2,1,1,6,92071,M,,,92
200800003390,8,1,14,900,1,2,2,1,6,92019,M,,,92
200800003391,8,1,19,1200,1,2,2,1,2,92032,M,,,92
200800003392,8,1,24,1845,5,2,3,2,3,92032,M,,,92
200800003393,8,1,25,650,5,2,2,1,3,92032,M,,,92
200800003394,8,1,25,710,5,2,2,1,3,92019,M,,,92
200800003395,8,1,30,2205,5,2,1,8,6,92032,M,,,92
200800003396,8,1,7,740,2,2,1,2,6,92023,M,,,92
200800003397,8,1,9,1815,5,2,1,1,3,92023,M,,,92
200800003398,8,1,7,1940,5,2,1,1,3,92023,M,,,92
200800003399,8,1,8,840,1,2,1,2,6,92060,M,,,92
200800003400,8,1,23,1710,5,2,1,1,6,92060,M,,,92
200800003401,8,1,24,1845,2,2,1,1,6,92023,M,,,92
200800003402,8,1,30,1530,1,2,2,2,3,92060,M,,,92
200800003403,8,1,5,220,3,2,1,2,5,92024,M,,,92
200800003404,8,1,4,1140,1,2,1,2,2,92024,M,,,92
200800003405,8,1,11,1955,5,2,2,1,3,92024,M,,,92
200800003406,8,1,15,1740,5,2,1,2,6,92024,M,,,92
200800003407,8,1,18,1425,1,2,1,2,3,92024,M,,,92
200800003408,8,1,18,1335,1,2,2,2,3,92024,M,,,92
200800003409,8,1,20,55,5,2,7,1,3,92024,M,,,92
200800003410,8,1,12,1125,1,2,1,1,6,92024,M,,,92
200800003411,8,1,22,2225,5,2,1,1,1,92024,M,,,92
200800003412,8,1,25,1635,1,2,2,1,2,92024,M,,,92
200800003413,8,1,30,1455,1,2,1,2,2,92024,M,,,92
200800003414,8,1,4,705,5,2,2,1,3,92025,M,,,92
200800003415,8,1,12,1450,1,2,1,1,4,92025,M,,,92
200800003416,8,1,14,1850,5,2,2,1,3,92025,M,,,92
200800003417,8,1,22,1745,1,2,3,1,3,92025,M,,,92
200800003418,8,1,30,1000,1,2,1,2,3,92025,M,,,92
200800003419,8,1,1,515,5,2,2,8,3,92026,M,,,92
200800003420,8,1,2,1900,5,2,2,1,2,92026,M,,,92
200800003421,8,1,6,1030,1,2,1,1,6,92026,M,,,92
200800003422,8,1,5,1340,1,2,3,8,3,92026,M,,,92
200800003423,8,1,3,1730,5,2,3,8,7,92026,M,,,92
200800003424,8,1,9,1230,1,2,3,8,2,92026,M,,,92
200800003425,8,1,11,1800,5,2,2,9,3,92026,M,,,92
200800003426,8,1,18,915,1,2,1,8,6,92026,M,,,92
200800003427,8,1,22,1035,1,2,3,8,6,92026,M,,,92
200800003428,8,1,23,2130,5,2,1,1,6,92026,M,,,92
200800003429,8,1,23,1730,5,2,1,1,7,92026,M,,,92
200800003430,8,1,24,1330,1,2,1,1,5,92026,M,,,92
200800003431,8,1,16,1915,5,2,3,2,3,92026,M,,,92
200800003432,8,1,13,1230,1,2,2,1,2,92026,M,,,92
200800003433,8,1,14,1355,1,2,3,8,3,92026,M,,,92
200800003434,8,1,29,1845,5,2,3,1,3,92026,M,,,92
200800003435,8,1,29,800,2,2,3,1,3,92026,M,,,92
200800003436,8,1,2,1435,1,2,2,1,3,92035,M,,,92
200800003437,8,1,15,800,2,2,2,1,3,92035,M,,,92
200800003438,8,1,15,1450,1,2,1,2,6,92035,M,,,92
200800003439,8,1,9,900,1,2,1,3,6,92036,M,,,92
200800003440,8,1,15,1535,1,2,1,6,6,92036,M,,,92
200800003441,8,1,15,1720,5,2,9,3,3,92036,M,,,92
200800003442,8,1,20,325,5,2,9,1,6,92036,M,,,92
200800003443,8,1,3,1810,5,2,1,1,2,92040,M,,,92
200800003444,8,1,4,1645,2,2,1,2,1,92040,M,,,92
200800003445,8,1,11,1950,5,2,2,8,3,92040,M,,,92
200800003446,8,1,12,1710,2,2,1,1,6,92040,M,,,92
200800003447,8,1,15,800,5,2,1,6,7,92040,M,,,92
200800003448,8,1,23,1217,1,2,1,1,3,92040,M,,,92
200800003449,8,1,25,1230,1,2,2,1,6,92040,M,,,92
200800003450,8,1,3,950,1,2,1,2,1,92044,M,,,92
200800003451,8,1,8,1810,5,2,1,2,2,92044,M,,,92
200800003452,8,1,10,1630,1,2,3,1,3,92044,M,,,92
200800003453,8,1,17,1610,1,2,1,8,6,92044,M,,,92
200800003454,8,1,4,1215,1,2,2,1,3,92044,M,,,92
200800003455,8,1,19,1215,1,2,2,1,2,92044,M,,,92
200800003456,8,1,20,1210,1,2,1,1,3,92044,M,,,92
200800003457,8,1,22,1406,1,2,1,1,6,92044,M,,,92
200800003458,8,1,28,1630,1,2,2,1,6,92044,M,,,92
200800003459,8,1,8,650,2,2,2,1,6,92048,M,,,92
200800003460,8,1,13,1550,1,1,1,1,6,92048,M,,,92
200800003461,8,1,18,900,1,2,1,1,6,92048,M,,,92
200800003462,8,1,17,1920,5,2,3,2,6,92048,M,,,92
200800003463,8,1,21,1730,2,2,2,1,3,92048,M,,,92
200800003464,8,1,2,1035,1,2,1,1,7,92020,M,,,92
200800003465,8,1,4,735,5,2,2,2,3,92020,M,,,92
200800003466,8,1,6,1215,1,2,2,1,3,92049,M,,,92
200800003467,8,1,7,1750,5,2,2,1,6,92049,M,,,92
200800003468,8,1,8,2000,5,2,1,2,6,92049,M,,,92
200800003469,8,1,10,100,5,2,1,1,3,92020,M,,,92
200800003470,8,1,12,1130,1,2,1,1,6,92020,M,,,92
200800003471,8,1,11,1240,1,2,1,1,3,92049,M,,,92
200800003472,8,1,14,835,2,2,1,1,3,92049,M,,,92
200800003473,8,1,17,1515,1,2,1,1,3,92020,M,,,92
200800003474,8,1,18,820,2,2,1,1,3,92020,M,,,92
200800003475,8,1,22,2100,5,2,1,1,6,92049,M,,,92
200800003476,8,1,24,1315,1,2,3,1,6,92020,M,,,92