Num_Acc,an,mois,jour,hrmn,lum,agg,int,atm,col,com,gps,lat,long,dep
200800003477,8,1,30,500,5,2,1,9,6,92020,M,,,92
200800003478,8,1,2,615,5,2,1,1,3,92051,M,,,92
200800003479,8,1,10,1725,2,2,1,1,3,92051,M,,,92
200800003480,8,1,4,1250,1,2,1,1,6,92051,M,,,92
200800003481,8,1,18,1205,1,2,1,1,1,92051,M,,,92
200800003482,8,1,28,2350,5,2,1,1,3,92051,M,,,92
200800003483,8,1,24,925,1,2,1,8,3,92051,M,,,92
200800003484,8,1,23,825,1,2,1,1,3,92051,M,,,92
200800003485,8,1,29,945,1,2,1,1,2,92051,M,,,92
200800003486,8,1,30,1855,5,2,1,8,2,92051,M,,,92
200800003487,8,1,4,2150,5,2,2,1,3,92062,M,,,92
200800003488,8,1,10,830,1,2,1,1,6,92062,M,,,92
200800003489,8,1,23,855,1,2,1,1,6,92062,M,,,92
200800003490,8,1,23,1350,1,2,2,1,3,92062,M,,,92
200800003491,8,1,24,915,1,2,4,1,6,92062,M,,,92
200800003492,8,1,25,1815,5,2,2,1,3,92062,M,,,92
200800003493,8,1,26,30,5,2,3,1,3,92062,M,,,92
200800003494,8,1,29,850,1,2,1,1,6,92062,M,,,92
200800003495,8,1,5,1805,2,2,1,1,6,92063,M,,,92
200800003496,8,1,8,1925,2,2,1,1,3,92063,M,,,92
200800003497,8,1,16,1810,2,2,1,1,6,92063,M,,,92
200800003498,8,1,18,1630,1,2,3,1,3,92063,M,,,92
200800003499,8,1,21,1815,2,2,1,1,2,92063,M,,,92
200800003500,8,1,24,1722,2,2,1,2,6,92063,M,,,92
200800003501,8,1,28,755,2,2,1,1,3,92063,M,,,92
200800003502,8,1,30,1820,2,2,2,1,6,92063,M,,,92
200800003503,8,1,31,1435,1,2,1,1,6,92063,M,,,92
200800003504,8,1,8,1800,5,2,1,2,6,92064,M,,,92
200800003505,8,1,10,1435,1,2,1,2,7,92064,M,,,92
200800003506,8,1,15,1420,1,2,2,2,6,92033,M,,,92
200800003507,8,1,18,800,2,2,1,1,6,92076,M,,,92
200800003508,8,1,23,1750,5,2,1,1,6,92033,M,,,92
200800003509,8,1,29,1905,5,2,1,1,6,92033,M,,,92
200800003510,8,1,13,2157,5,2,1,1,6,92072,M,,,92
200800003511,8,1,12,2000,5,2,1,1,1,92077,M,,,92
200800003512,8,1,16,815,2,2,3,1,6,92077,M,,,92
200800003513,8,1,16,920,1,2,1,1,5,92072,M,,,92
200800003514,8,1,17,2005,5,2,1,2,6,92072,M,,,92
200800003515,8,1,18,1550,1,2,1,2,2,92072,M,,,92
200800003516,8,1,25,1600,1,2,1,1,6,92022,M,,,92
200800003517,8,1,25,1820,2,2,1,1,6,92077,M,,,92
200800003518,8,1,31,1745,4,2,1,1,6,92077,M,,,92
200800003519,8,1,12,2000,5,2,1,1,6,92073,M,,,92
200800003520,8,1,15,2020,5,2,1,2,5,92073,M,,,92
200800003521,8,1,16,835,1,2,1,1,7,92073,M,,,92
200800003522,8,1,16,1000,1,2,1,1,7,92073,M,,,92
200800003523,8,1,17,1720,1,2,3,1,6,92073,M,,,92
200800003524,8,1,19,1600,1,2,2,1,3,92073,M,,,92
200800003525,8,1,25,1600,1,2,3,1,2,92073,M,,,92
200800003526,8,1,31,745,1,2,1,1,3,92073,M,,,92
200800003527,8,1,3,1815,5,2,1,1,6,92046,M,,,92
200800003528,8,1,4,910,1,2,2,2,2,92046,M,,,92
200800003529,8,1,9,1800,5,2,1,1,6,92046,M,,,92
200800003530,8,1,9,1920,5,2,1,1,7,92075,M,,,92
200800003531,8,1,10,1645,1,2,2,1,6,92046,M,,,92
200800003532,8,1,14,1305,1,2,2,1,7,92075,M,,,92
200800003533,8,1,25,920,1,2,3,1,6,92046,M,,,92
200800003534,8,1,26,1950,5,2,2,1,1,92075,M,,,92
200800003535,8,1,24,915,1,1,3,1,2,92075,M,,,92
200800003536,8,1,30,1705,2,1,1,8,2,92046,M,,,92
200800003537,8,1,8,2130,5,2,3,2,3,92078,M,,,92
200800003538,8,1,21,1620,1,2,1,1,6,92078,M,,,92
200800003539,8,1,14,900,1,2,1,1,3,92062,M,,,92
200800003540,8,1,17,2140,5,2,1,1,7,92062,M,,,92
200800003541,8,1,19,1400,1,2,3,1,3,92026,M,,,92
200800003542,8,1,30,850,1,2,4,1,7,92026,M,,,92
200800003543,8,1,7,1130,1,2,1,1,3,93001,M,,,93
200800003544,8,1,7,1215,1,2,1,1,6,93001,M,,,93
200800003545,8,1,10,1655,1,2,1,1,3,93001,M,,,93
200800003546,8,1,11,700,5,2,1,1,6,93001,M,,,93
200800003547,8,1,12,1,5,2,2,8,3,93001,M,,,93
200800003548,8,1,15,1300,1,2,1,2,6,93001,M,,,93
200800003549,8,1,16,2106,3,2,2,1,3,93001,M,,,93
200800003550,8,1,20,1000,1,2,3,1,3,93001,M,,,93
200800003551,8,1,28,2335,5,2,2,1,3,93001,M,,,93
200800003552,8,1,29,1818,2,2,6,8,6,93001,M,,,93
200800003553,8,1,31,1910,5,2,2,1,3,93001,M,,,93
200800003554,8,1,8,1215,1,2,3,1,2,93005,M,,,93
200800003555,8,1,5,1330,1,2,1,9,4,93005,M,,,93
200800003556,8,1,8,645,5,2,2,8,3,93005,M,,,93
200800003557,8,1,8,935,1,2,1,1,6,93005,M,,,93
200800003558,8,1,14,655,5,2,2,2,3,93005,M,,,93
200800003559,8,1,14,2125,5,2,1,1,6,93005,M,,,93
200800003560,8,1,17,1730,2,2,1,2,6,93005,M,,,93
200800003561,8,1,18,1710,1,2,1,1,6,93005,M,,,93
200800003562,8,1,18,2150,5,2,3,9,6,93005,M,,,93
200800003563,8,1,20,1750,5,2,3,1,6,93005,M,,,93
200800003564,8,1,22,2040,5,2,1,1,3,93005,M,,,93
200800003565,8,1,25,745,5,2,1,1,6,93005,M,,,93
200800003566,8,1,28,815,2,2,1,1,6,93005,M,,,93
200800003567,8,1,30,1916,5,2,3,2,6,93005,M,,,93
200800003568,8,1,31,630,3,1,1,9,6,93005,M,,,93
200800003569,8,1,31,1600,1,2,1,1,6,93005,M,,,93
200800003570,8,1,3,830,2,2,3,2,3,93007,M,,,93
200800003571,8,1,11,840,1,2,3,1,3,93007,M,,,93
200800003572,8,1,11,1450,1,2,3,2,6,93007,M,,,93
200800003573,8,1,11,1630,1,2,1,1,6,93007,M,,,93
200800003574,8,1,14,30,5,2,2,1,6,93007,M,,,93
200800003575,8,1,17,830,1,2,2,1,6,93007,M,,,93
200800003576,8,1,19,1340,1,2,1,1,5,93007,M,,,93
200800003577,8,1,25,700,5,2,3,1,6,93007,M,,,93
200800003578,8,1,4,1748,5,2,9,2,6,93008,M,,,93
200800003579,8,1,11,1420,1,2,3,2,4,93008,M,,,93
200800003580,8,1,20,1000,1,2,1,1,7,93008,M,,,93
200800003581,8,1,24,1000,1,2,1,1,3,93008,M,,,93
200800003582,8,1,28,1230,1,2,9,1,6,93008,M,,,93
200800003583,8,1,30,1810,5,2,1,1,6,93008,M,,,93
200800003584,8,1,31,810,1,2,6,1,6,93008,M,,,93
200800003585,8,1,9,2245,5,2,2,1,3,93057,M,,,93
200800003586,8,1,11,1150,1,2,1,2,1,93010,M,,,93
200800003587,8,1,17,925,1,2,3,1,3,93010,M,,,93
200800003588,8,1,21,1710,1,2,1,1,6,93010,M,,,93
200800003589,8,1,29,845,1,2,3,1,3,93010,M,,,93
200800003590,8,1,31,2050,3,2,1,2,6,93057,M,,,93
200800003591,8,1,4,1200,1,2,3,8,3,93027,M,,,93
200800003592,8,1,6,525,5,2,1,1,7,93027,M,,,93
200800003593,8,1,8,2000,5,2,1,9,4,93030,M,,,93
200800003594,8,1,11,1020,1,2,8,1,6,93013,M,,,93
200800003595,8,1,16,1545,1,2,6,2,3,93013,M,,,93
200800003596,8,1,16,1810,5,2,1,2,6,93013,M,,,93
200800003597,8,1,19,1405,1,2,1,1,2,93027,M,,,93
200800003598,8,1,23,1215,1,2,1,1,6,93027,M,,,93
200800003599,8,1,30,1600,1,2,1,2,1,93027,M,,,93
200800003600,8,1,24,1745,5,2,3,2,6,93027,M,,,93
200800003601,8,1,28,2230,5,2,4,8,3,93027,M,,,93
200800003602,8,1,29,1730,1,2,1,1,4,93030,M,,,93
200800003603,8,1,8,1230,1,2,1,8,3,93031,M,,,93
200800003604,8,1,11,1340,1,2,1,1,6,93031,M,,,93
200800003605,8,1,13,2050,5,2,4,1,3,93031,M,,,93
200800003606,8,1,14,200,5,2,6,1,6,93079,M,,,93
200800003607,8,1,17,1850,5,2,1,2,6,93031,M,,,93
200800003608,8,1,17,1930,5,2,1,2,6,93031,M,,,93
200800003609,8,1,17,2130,5,2,1,2,2,93031,M,,,93
200800003610,8,1,17,2235,5,2,1,2,7,93031,M,,,93
200800003611,8,1,22,1700,1,2,1,1,1,93079,M,,,93
200800003612,8,1,24,930,1,2,1,1,3,93079,M,,,93
200800003613,8,1,30,740,2,2,6,2,3,93079,M,,,93
200800003614,8,1,1,2005,5,2,1,1,6,93032,M,,,93
200800003615,8,1,3,830,2,2,1,9,1,93032,M,,,93
200800003616,8,1,3,1155,1,2,4,8,3,93047,M,,,93
200800003617,8,1,9,1330,1,2,1,1,6,93047,M,,,93
200800003618,8,1,9,2330,5,2,3,1,2,93032,M,,,93
200800003619,8,1,18,1900,5,2,2,2,3,93047,M,,,93
200800003620,8,1,19,1830,5,2,2,8,6,93047,M,,,93
200800003621,8,1,24,1740,5,2,3,2,3,93032,M,,,93
200800003622,8,1,30,900,1,2,3,2,7,93032,M,,,93
200800003623,8,1,1,710,5,2,1,1,3,93063,M,,,93
200800003624,8,1,2,1430,1,2,1,1,6,93045,M,,,93
200800003625,8,1,3,1715,5,2,1,1,6,93006,M,,,93
200800003626,8,1,11,1400,1,2,1,2,3,93063,M,,,93
200800003627,8,1,11,1915,5,2,1,2,6,93006,M,,,93
200800003628,8,1,11,1835,5,2,1,1,6,93061,M,,,93
200800003629,8,1,17,1340,1,2,1,2,6,93063,M,,,93
200800003630,8,1,18,1930,5,2,2,2,6,93006,M,,,93
200800003631,8,1,28,820,1,2,1,1,6,93006,M,,,93
200800003632,8,1,3,1820,3,2,1,1,1,93015,M,,,93
200800003633,8,1,4,2000,5,2,4,2,3,93046,M,,,93
200800003634,8,1,9,35,5,2,1,1,1,93074,M,,,93
200800003635,8,1,19,1500,1,2,3,1,3,93074,M,,,93
200800003636,8,1,21,1905,5,2,2,1,5,93074,M,,,93
200800003637,8,1,23,1735,2,2,1,1,3,93046,M,,,93
200800003638,8,1,26,1525,1,2,1,1,6,93046,M,,,93
200800003639,8,1,28,800,1,2,3,1,1,93046,M,,,93
200800003640,8,1,28,1930,5,2,2,1,7,93046,M,,,93
200800003641,8,1,6,2035,5,2,1,2,6,93048,M,,,93
200800003642,8,1,11,750,2,2,6,1,3,93048,M,,,93
200800003643,8,1,18,1500,1,2,1,2,6,93048,M,,,93
200800003644,8,1,21,20,3,2,1,1,6,93048,M,,,93
200800003645,8,1,21,1245,1,2,1,2,6,93048,M,,,93
200800003646,8,1,31,1650,1,2,1,1,6,93048,M,,,93
200800003647,8,1,1,700,5,2,1,1,6,93050,M,,,93
200800003648,8,1,6,1300,1,2,2,1,3,93050,M,,,93
200800003649,8,1,11,1805,5,2,1,2,2,93050,M,,,93
200800003650,8,1,16,720,2,2,3,1,1,93050,M,,,93
200800003651,8,1,18,1725,2,2,3,2,6,93050,M,,,93
200800003652,8,1,24,1720,2,2,2,1,6,93050,M,,,93
200800003653,8,1,31,915,1,2,1,4,3,93050,M,,,93
200800003654,8,1,1,2020,5,2,2,1,3,93051,M,,,93
200800003655,8,1,15,1325,1,2,3,2,6,93051,M,,,93
200800003656,8,1,18,1945,5,2,6,2,6,93051,M,,,93
200800003657,8,1,22,2210,5,2,1,1,6,93051,M,,,93
200800003658,8,1,24,1155,1,2,3,1,6,93051,M,,,93
200800003659,8,1,24,1825,5,2,2,2,6,93051,M,,,93
200800003660,8,1,26,1205,1,2,6,1,3,93051,M,,,93
200800003661,8,1,30,1650,1,2,1,2,3,93051,M,,,93
200800003662,8,1,10,1030,1,2,2,2,3,93053,M,,,93
200800003663,8,1,14,2235,3,2,1,1,6,93053,M,,,93
200800003664,8,1,24,1745,2,2,7,2,6,93053,M,,,93
200800003665,8,1,24,1310,1,2,1,1,3,93053,M,,,93
200800003666,8,1,25,1615,1,2,1,1,6,93053,M,,,93
200800003667,8,1,29,1345,1,2,1,1,6,93053,M,,,93
200800003668,8,1,31,1500,1,2,1,1,6,93053,M,,,93
200800003669,8,1,2,1900,5,2,1,1,6,93055,M,,,93
200800003670,8,1,7,635,5,2,2,2,3,93055,M,,,93
200800003671,8,1,15,2050,5,2,1,1,3,93055,M,,,93
200800003672,8,1,18,1400,1,2,1,2,5,93055,M,,,93
200800003673,8,1,20,635,5,2,1,1,6,93055,M,,,93
200800003674,8,1,21,100,5,2,2,1,3,93055,M,,,93
200800003675,8,1,2,1250,1,2,9,1,7,93062,M,,,93
200800003676,8,1,12,1655,2,2,1,1,3,93014,M,,,93
200800003677,8,1,17,815,1,2,1,8,6,93062,M,,,93
200800003678,8,1,22,925,1,2,3,1,3,93062,M,,,93
200800003679,8,1,22,1840,5,2,1,1,7,93062,M,,,93
200800003680,8,1,24,830,1,2,1,1,3,93062,M,,,93
200800003681,8,1,29,1740,1,2,1,1,6,93062,M,,,93
200800003682,8,1,1,300,5,2,3,1,3,93064,M,,,93
200800003683,8,1,10,1745,5,2,1,1,7,93064,M,,,93
200800003684,8,1,16,720,2,2,3,2,1,93064,M,,,93
200800003685,8,1,17,650,5,2,4,1,3,93077,M,,,93
200800003686,8,1,25,2145,5,2,3,1,3,93077,M,,,93
200800003687,8,1,8,1250,1,2,1,1,2,93066,M,,,93
200800003688,8,1,8,1800,4,2,1,2,6,93066,M,,,93
200800003689,8,1,8,1850,5,2,2,2,6,93066,M,,,93
200800003690,8,1,10,1900,5,2,1,1,7,93066,M,,,93
200800003691,8,1,13,1030,1,2,1,1,6,93066,M,,,93
200800003692,8,1,13,1520,1,2,1,1,2,93066,M,,,93
200800003693,8,1,14,945,1,2,1,1,2,93066,M,,,93
200800003694,8,1,25,1145,1,2,9,9,2,93066,M,,,93
200800003695,8,1,4,110,5,2,1,2,6,93066,M,,,93
200800003696,8,1,8,1325,1,2,1,1,7,93066,M,,,93
200800003697,8,1,15,1240,1,2,6,2,2,93066,M,,,93
200800003698,8,1,7,2010,5,2,2,1,3,93071,M,,,93
200800003699,8,1,12,1330,1,2,1,1,6,93071,M,,,93
200800003700,8,1,16,850,1,2,4,8,1,93071,M,,,93
200800003701,8,1,21,1025,1,1,2,2,3,93071,M,,,93
200800003702,8,1,26,1430,1,2,1,1,7,93071,M,,,93
200800003703,8,1,30,813,2,2,1,2,3,93071,M,,,93
200800003704,8,1,3,810,5,2,1,2,6,93059,M,,,93
200800003705,8,1,4,1820,5,2,1,1,4,93059,M,,,93
200800003706,8,1,29,1930,5,2,3,1,6,93072,M,,,93
200800003707,8,1,23,1155,1,2,1,1,3,93059,M,,,93
200800003708,8,1,2,1820,5,2,1,1,3,93059,M,,,93
200800003709,8,1,31,1730,1,2,1,1,6,93072,M,,,93
200800003710,8,1,6,120,5,2,1,2,6,93059,M,,,93
200800003711,8,1,7,2255,5,2,1,1,6,93072,M,,,93
200800003712,8,1,11,1745,5,2,2,2,2,93059,M,,,93
200800003713,8,1,16,1915,5,2,2,1,3,93072,M,,,93
200800003714,8,1,19,1825,5,2,3,1,3,93059,M,,,93
200800003715,8,1,28,1010,1,2,4,1,3,93059,M,,,93
200800003716,8,1,1,225,5,2,3,2,3,93073,M,,,93
200800003717,8,1,2,1640,2,2,3,1,1,93078,M,,,93
200800003718,8,1,16,1848,5,2,1,2,6,93078,M,,,93
200800003719,8,1,22,1515,1,2,1,1,4,93078,M,,,93
200800003720,8,1,22,1740,1,1,3,1,6,93073,M,,,93
200800003721,8,1,31,1930,5,2,3,8,6,93078,M,,,93
200800003722,8,1,21,1140,1,2,1,1,7,94002,M,,,94
200800003723,8,1,17,1730,5,2,2,2,7,94002,M,,,94
200800003724,8,1,1,1830,2,2,3,1,7,94071,M,,,94
200800003725,8,1,9,815,2,1,1,2,4,94004,M,,,94
200800003726,8,1,14,1420,1,2,2,2,3,94070,M,,,94
200800003727,8,1,14,1735,5,2,6,2,2,94071,M,,,94
200800003728,8,1,22,1215,1,2,2,1,7,94071,M,,,94
200800003729,8,1,22,1640,1,2,1,1,6,94004,M,,,94
200800003730,8,1,27,1105,1,1,1,1,6,94071,M,,,94
200800003731,8,1,25,1245,1,2,3,1,3,94004,M,,,94
200800003732,8,1,29,2100,5,2,1,1,3,94071,M,,,94
200800003733,8,1,30,1655,1,2,2,1,3,94044,M,,,94
200800003734,8,1,4,1730,5,2,3,2,3,94017,M,,,94
200800003735,8,1,8,710,1,2,1,1,6,94017,M,,,94
200800003736,8,1,9,1830,5,2,1,9,1,94017,M,,,94
200800003737,8,1,15,1545,1,2,1,2,6,94017,M,,,94
200800003738,8,1,17,840,1,2,3,8,3,94017,M,,,94
200800003739,8,1,24,815,1,2,3,1,3,94017,M,,,94
200800003740,8,1,15,1010,1,2,1,3,7,62160,M,,,62
200800003741,8,1,23,1125,1,2,1,1,7,62160,M,,,62
200800003742,8,1,1,630,5,2,1,1,6,62178,M,,,62
200800003743,8,1,2,1855,5,1,1,1,6,62270,M,,,62
200800003744,8,1,9,2214,3,1,1,1,6,62193,M,,,62
200800003745,8,1,21,1735,5,2,2,9,6,62193,M,,,62
200800003746,8,1,22,1330,1,2,1,1,2,62193,M,,,62
200800003747,8,1,27,1500,1,2,1,1,3,62193,M,,,62
200800003748,8,1,3,1415,1,2,2,2,3,62215,M,,,62
200800003749,8,1,12,150,5,1,3,2,6,62215,M,,,62
200800003750,8,1,24,2320,5,2,1,1,6,62637,M,,,62
200800003751,8,1,26,1010,1,2,1,2,3,62907,M,,,62
200800003752,8,1,28,740,2,2,1,2,6,62250,M,,,62
200800003753,8,1,18,1745,4,2,3,2,7,62413,M,,,62
200800003754,8,1,9,1435,1,2,1,2,4,62274,M,,,62
200800003755,8,1,7,1640,1,2,1,2,6,62587,M,,,62
200800003756,8,1,7,1722,2,2,1,2,6,62427,M,,,62
200800003757,8,1,18,1620,1,2,1,2,3,62427,M,,,62
200800003758,8,1,15,2235,5,1,1,6,1,62427,M,,,62
200800003759,8,1,5,210,3,1,1,3,6,62771,M,,,62
200800003760,8,1,14,1715,2,2,2,2,3,62498,M,,,62
200800003761,8,1,23,1550,1,2,1,7,6,62573,M,,,62
200800003762,8,1,12,2010,5,2,1,1,6,62498,M,,,62
200800003763,8,1,18,1640,1,2,3,1,5,62498,M,,,62
200800003764,8,1,4,1830,5,2,1,1,6,62617,M,,,62
200800003765,8,1,23,1815,5,2,1,1,6,62765,M,,,62
200800003766,8,1,2,1230,1,2,1,1,3,63113,M,,,63
200800003767,8,1,2,1350,1,2,1,1,6,63113,M,,,63
200800003768,8,1,3,1255,1,2,3,1,5,63113,M,,,63
200800003769,8,1,5,1824,5,2,1,1,3,63113,M,,,63
200800003770,8,1,5,1940,5,1,1,1,2,63014,M,,,63
200800003771,8,1,7,855,1,2,1,1,6,63113,M,,,63
200800003772,8,1,8,830,1,2,1,1,6,63014,M,,,63
200800003773,8,1,8,845,1,2,1,1,6,63113,M,,,63
200800003774,8,1,8,1130,1,2,1,1,3,63113,M,,,63
200800003775,8,1,10,1230,1,1,9,1,6,63113,M,,,63
200800003776,8,1,9,1340,1,2,1,1,6,63113,M,,,63
200800003777,8,1,9,1610,1,2,1,7,3,63113,M,,,63
200800003778,8,1,10,730,1,2,1,2,6,63113,M,,,63
200800003779,8,1,10,731,2,2,1,1,6,63113,M,,,63
200800003780,8,1,10,1645,1,2,1,1,6,63113,M,,,63
200800003781,8,1,10,1800,5,2,1,1,6,63113,M,,,63
200800003782,8,1,13,925,1,2,9,1,6,63075,M,,,63
200800003783,8,1,13,1830,5,2,1,1,3,63113,M,,,63
200800003784,8,1,14,1515,1,2,1,1,6,63113,M,,,63
200800003785,8,1,16,735,2,2,1,1,6,63113,M,,,63
200800003786,8,1,16,830,1,1,1,1,6,63113,M,,,63
200800003787,8,1,17,1240,1,2,9,1,6,63113,M,,,63
200800003788,8,1,18,1040,1,2,1,1,6,63113,M,,,63
200800003789,8,1,18,1730,1,2,1,1,3,63113,M,,,63
200800003790,8,1,19,2225,5,2,1,1,6,63014,M,,,63
200800003791,8,1,21,935,1,2,2,1,6,63113,M,,,63
200800003792,8,1,21,2130,5,1,1,1,3,63113,M,,,63
200800003793,8,1,22,810,1,2,1,2,6,63113,M,,,63
200800003794,8,1,24,1020,1,2,1,1,6,63113,M,,,63
200800003795,8,1,24,2000,5,2,1,1,3,63113,M,,,63
200800003796,8,1,28,2010,5,2,2,1,6,63113,M,,,63
200800003797,8,1,28,830,1,2,2,1,6,63014,M,,,63
200800003798,8,1,28,935,1,2,1,1,3,63113,M,,,63
200800003799,8,1,28,2000,5,2,9,1,6,63113,M,,,63
200800003800,8,1,29,1140,1,2,9,1,6,63113,M,,,63
200800003801,8,1,29,1640,1,2,1,1,6,63113,M,,,63
200800003802,8,1,29,2350,5,2,1,1,6,63075,M,,,63
200800003803,8,1,30,1900,5,2,1,1,6,63113,M,,,63
200800003804,8,1,30,1920,5,2,1,2,6,63113,M,,,63
200800003805,8,1,31,1345,1,1,1,1,3,63113,M,,,63
200800003806,8,1,26,855,1,2,3,1,6,63124,M,,,63
200800003807,8,1,29,830,1,2,1,1,3,63019,M,,,63
200800003808,8,1,4,2105,5,2,2,1,3,64102,M,,,64
200800003809,8,1,9,1830,5,2,1,1,6,64024,M,,,64
200800003810,8,1,10,1910,5,2,2,1,1,64140,M,,,64
200800003811,8,1,22,1845,5,2,9,2,6,64102,M,,,64
200800003812,8,1,23,1600,1,2,1,1,6,64024,M,,,64
200800003813,8,1,28,1920,5,2,1,1,6,64102,M,,,64
200800003814,8,1,1,2055,5,2,1,2,6,64122,M,,,64
200800003815,8,1,2,1100,1,2,1,1,7,64122,M,,,64
200800003816,8,1,3,817,2,2,1,2,7,64122,M,,,64
200800003817,8,1,12,155,5,2,1,2,6,64125,M,,,64
200800003818,8,1,12,1725,1,2,3,1,3,64122,M,,,64
200800003819,8,1,18,220,5,2,1,2,6,64122,M,,,64
200800003820,8,1,19,945,1,2,3,1,6,64125,M,,,64
200800003821,8,1,22,955,1,2,2,1,3,64122,M,,,64
200800003822,8,1,24,1740,2,2,1,1,6,64122,M,,,64
200800003823,8,1,25,1703,1,2,1,8,6,64122,M,,,64
200800003824,8,1,27,1310,1,2,1,1,3,64125,M,,,64
200800003825,8,1,30,1505,1,2,1,2,3,64122,M,,,64
200800003826,8,1,30,1600,1,2,1,2,5,64122,M,,,64
200800003827,8,1,3,1125,1,2,2,1,6,64445,M,,,64
200800003828,8,1,3,2340,5,2,2,2,3,64445,M,,,64
200800003829,8,1,5,850,1,2,2,1,6,64445,M,,,64
200800003830,8,1,7,1230,1,2,1,1,2,64445,M,,,64
200800003831,8,1,7,1735,1,2,1,1,3,64445,M,,,64
200800003832,8,1,7,2000,5,2,1,2,3,64335,M,,,64
200800003833,8,1,9,1610,1,2,1,8,2,64348,M,,,64
200800003834,8,1,9,2005,5,2,3,1,3,64445,M,,,64
200800003835,8,1,10,1710,1,2,1,1,3,64335,M,,,64
200800003836,8,1,10,1945,5,2,3,1,3,64445,M,,,64
200800003837,8,1,12,1040,1,2,2,1,7,64445,M,,,64
200800003838,8,1,12,1815,5,2,1,1,3,64335,M,,,64
200800003839,8,1,18,1730,5,2,1,2,2,64129,M,,,64
200800003840,8,1,20,930,1,2,1,1,6,64445,M,,,64
200800003841,8,1,22,1852,5,2,1,1,3,64335,M,,,64
200800003842,8,1,25,2255,5,2,9,1,7,64445,M,,,64
200800003843,8,1,25,1840,5,2,2,1,5,64445,M,,,64
200800003844,8,1,26,1938,5,2,1,1,5,64445,M,,,64
200800003845,8,1,26,1240,1,2,3,1,3,64284,M,,,64
200800003846,8,1,28,1735,1,2,3,1,3,64445,M,,,64
200800003847,8,1,31,1915,5,2,3,1,1,64445,M,,,64
200800003848,8,1,31,1725,1,2,6,1,3,64445,M,,,64
200800003849,8,1,31,1210,1,2,1,1,6,64445,M,,,64
200800003850,8,1,31,2020,5,2,1,1,2,64445,M,,,64
200800003851,8,1,20,1655,1,2,1,1,2,64260,M,,,64
200800003852,8,1,3,925,1,2,1,2,2,64483,M,,,64
200800003853,8,1,26,1645,1,2,1,1,3,64260,M,,,64
200800003854,8,1,1,505,3,1,1,1,6,64483,M,,,64
200800003855,8,1,8,2000,1,2,1,1,7,64189,M,,,64
200800003856,8,1,11,1400,1,1,1,1,3,64483,M,,,64
200800003857,8,1,30,1510,1,2,1,1,2,64189,M,,,64
200800003858,8,1,8,1535,1,2,1,1,3,64545,M,,,64
200800003859,8,1,19,1625,1,2,1,7,6,64189,M,,,64
200800003860,8,1,24,1910,5,2,3,1,3,64483,M,,,64
200800003861,8,1,17,830,1,2,2,1,6,65286,M,,,65
200800003862,8,1,17,1850,5,2,1,3,6,65286,M,,,65
200800003863,8,1,20,1050,1,2,4,1,1,65286,M,,,65
200800003864,8,1,23,1535,1,2,2,1,1,65286,M,,,65
200800003865,8,1,25,1725,1,2,1,1,1,65286,M,,,65
200800003866,8,1,1,30,5,2,3,1,3,65440,M,,,65
200800003867,8,1,5,1215,1,2,3,1,2,65417,M,,,65
200800003868,8,1,7,1945,5,2,1,2,2,65440,M,,,65
200800003869,8,1,10,855,1,2,1,1,6,65417,M,,,65
200800003870,8,1,10,1845,5,2,1,1,5,65047,M,,,65
200800003871,8,1,11,1425,1,2,3,3,3,65440,M,,,65
200800003872,8,1,11,1615,1,2,3,3,3,65440,M,,,65
200800003873,8,1,11,1635,1,2,1,3,3,65433,M,,,65
200800003874,8,1,11,1815,2,2,1,3,1,65331,M,,,65
200800003875,8,1,17,1355,1,2,1,3,4,65251,M,,,65
200800003876,8,1,17,1720,5,2,1,3,6,65440,M,,,65
200800003877,8,1,17,1825,5,2,2,3,3,65440,M,,,65
200800003878,8,1,23,405,3,1,1,5,6,65226,M,,,65
200800003879,8,1,23,740,5,2,2,1,1,65440,M,,,65
200800003880,8,1,26,1042,1,2,3,1,3,65440,M,,,65
200800003881,8,1,26,2100,5,2,5,1,3,65440,M,,,65
200800003882,8,1,28,750,2,2,2,1,1,65440,M,,,65
200800003883,8,1,28,900,1,2,3,1,2,65251,M,,,65
200800003884,8,1,31,720,5,2,1,1,3,65440,M,,,65
200800003885,8,1,10,735,5,2,1,1,6,66136,M,,,66
200800003886,8,1,11,2235,5,1,1,2,6,66136,M,,,66
200800003887,8,1,15,1530,1,1,1,1,3,66136,M,,,66
200800003888,8,1,15,2045,5,2,2,1,3,66136,M,,,66
200800003889,8,1,19,1912,4,2,1,1,3,66136,M,,,66
200800003890,8,1,21,1030,1,2,1,1,6,66136,M,,,66
200800003891,8,1,22,1315,1,1,2,1,7,66136,M,,,66
200800003892,8,1,28,1105,1,1,1,1,6,66136,M,,,66
200800003893,8,1,28,1630,1,1,1,1,6,67180,M,,,67
200800003894,8,1,11,1620,1,2,1,1,1,67462,M,,,67
200800003895,8,1,15,1505,1,2,1,1,2,67462,M,,,67
200800003896,8,1,28,1358,1,2,1,1,3,67462,M,,,67
200800003897,8,1,1,325,4,2,1,2,6,67482,M,,,67
200800003898,8,1,3,1200,1,2,2,1,3,67482,M,,,67
200800003899,8,1,4,840,1,2,9,1,3,67482,M,,,67
200800003900,8,1,4,925,1,2,1,1,3,67267,M,,,67
200800003901,8,1,6,1830,5,2,1,8,6,67482,M,,,67
200800003902,8,1,7,1240,1,2,2,1,3,67482,M,,,67
200800003903,8,1,9,735,5,2,3,1,3,67482,M,,,67
200800003904,8,1,9,1800,5,2,1,2,6,67218,M,,,67
200800003905,8,1,9,2130,5,2,1,2,3,67482,M,,,67
200800003906,8,1,10,1130,1,2,1,1,3,67482,M,,,67