Num_Acc,an,mois,jour,hrmn,lum,agg,int,atm,col,com,gps,lat,long,dep
200800003907,8,1,10,1730,2,2,1,1,3,67482,M,,,67
200800003908,8,1,11,1625,1,2,3,1,3,67482,M,,,67
200800003909,8,1,11,2230,5,2,1,1,1,67482,M,,,67
200800003910,8,1,12,805,1,2,3,2,3,67482,M,,,67
200800003911,8,1,12,900,1,2,1,1,1,67482,M,,,67
200800003912,8,1,13,2015,5,2,3,1,3,67218,M,,,67
200800003913,8,1,14,1715,1,2,2,2,6,67447,M,,,67
200800003914,8,1,16,2045,5,2,3,2,3,67482,M,,,67
200800003915,8,1,17,1600,1,2,1,1,6,67482,M,,,67
200800003916,8,1,17,1705,5,2,6,1,3,67218,M,,,67
200800003917,8,1,17,2230,5,2,1,1,7,67482,M,,,67
200800003918,8,1,18,800,1,2,1,1,6,67482,M,,,67
200800003919,8,1,21,825,1,2,3,1,6,67482,M,,,67
200800003920,8,1,21,1345,1,2,3,1,6,67482,M,,,67
200800003921,8,1,22,740,2,2,1,1,3,67482,M,,,67
200800003922,8,1,22,825,2,2,2,1,3,67204,M,,,67
200800003923,8,1,22,1530,1,2,2,1,3,67482,M,,,67
200800003924,8,1,22,1610,1,2,2,1,3,67482,M,,,67
200800003925,8,1,22,1645,1,2,1,1,6,67482,M,,,67
200800003926,8,1,23,1925,5,2,2,1,3,67482,M,,,67
200800003927,8,1,24,1210,1,2,1,1,3,67482,M,,,67
200800003928,8,1,24,1340,1,2,2,1,3,67482,M,,,67
200800003929,8,1,24,2020,5,2,1,1,6,67482,M,,,67
200800003930,8,1,25,525,5,2,2,1,3,67482,M,,,67
200800003931,8,1,25,745,1,2,2,1,5,67482,M,,,67
200800003932,8,1,25,1030,1,2,3,1,6,67447,M,,,67
200800003933,8,1,25,1630,1,2,2,1,3,67482,M,,,67
200800003934,8,1,28,1540,1,2,1,1,3,67218,M,,,67
200800003935,8,1,30,1700,2,2,1,1,6,67482,M,,,67
200800003936,8,1,31,430,5,2,3,2,3,67482,M,,,67
200800003937,8,1,8,720,5,2,3,1,3,68066,M,,,68
200800003938,8,1,9,2055,5,2,5,1,3,68066,M,,,68
200800003939,8,1,11,1012,1,1,1,1,6,68066,M,,,68
200800003940,8,1,11,1357,1,1,1,1,7,68066,M,,,68
200800003941,8,1,18,1001,1,2,1,1,3,68066,M,,,68
200800003942,8,1,23,830,1,2,3,1,7,68066,M,,,68
200800003943,8,1,24,1318,1,2,2,1,2,68066,M,,,68
200800003944,8,1,26,1322,2,2,1,1,3,68066,M,,,68
200800003945,8,1,28,1050,1,2,4,1,6,68066,M,,,68
200800003946,8,1,23,1215,1,2,3,1,3,68112,M,,,68
200800003947,8,1,28,1755,3,2,1,1,6,68112,M,,,68
200800003948,8,1,1,710,5,1,1,5,6,68224,M,,,68
200800003949,8,1,5,1900,5,2,1,2,6,68224,M,,,68
200800003950,8,1,6,15,4,1,2,3,3,68224,M,,,68
200800003951,8,1,6,1650,1,2,2,1,3,68224,M,,,68
200800003952,8,1,7,1420,1,2,4,1,3,68224,M,,,68
200800003953,8,1,7,1800,5,1,1,1,6,68224,M,,,68
200800003954,8,1,11,450,5,2,9,8,3,68256,M,,,68
200800003955,8,1,8,1210,1,2,1,1,2,68224,M,,,68
200800003956,8,1,11,1745,5,2,9,1,4,68224,M,,,68
200800003957,8,1,26,905,1,2,3,5,6,68224,M,,,68
200800003958,8,1,31,1343,1,2,1,1,6,68224,M,,,68
200800003959,8,1,9,750,5,2,1,2,2,69029,M,,,69
200800003960,8,1,3,1600,1,2,1,1,6,69034,M,,,69
200800003961,8,1,4,1350,1,2,1,8,6,69034,M,,,69
200800003962,8,1,15,1230,1,2,1,1,6,69091,M,,,69
200800003963,8,1,30,1405,1,2,2,1,3,69091,M,,,69
200800003964,8,1,18,915,1,2,1,1,6,69149,M,,,69
200800003965,8,1,7,1730,2,2,1,1,6,69256,M,,,69
200800003966,8,1,5,1610,2,2,1,2,3,69259,M,,,69
200800003967,8,1,11,1425,1,2,3,8,3,69259,M,,,69
200800003968,8,1,13,1340,1,2,3,1,3,69199,M,,,69
200800003969,8,1,14,1300,1,2,3,2,2,69259,M,,,69
200800003970,8,1,12,850,1,2,1,2,6,69199,M,,,69
200800003971,8,1,15,1015,1,2,1,1,2,69259,M,,,69
200800003972,8,1,14,1215,1,2,3,1,3,69199,M,,,69
200800003973,8,1,17,2100,5,2,1,2,7,69259,M,,,69
200800003974,8,1,19,1515,1,2,3,1,3,69199,M,,,69
200800003975,8,1,25,830,2,2,1,1,3,69259,M,,,69
200800003976,8,1,28,1245,1,2,1,1,1,69199,M,,,69
200800003977,8,1,28,1605,1,2,2,1,1,69199,M,,,69
200800003978,8,1,29,1430,1,2,3,1,3,69199,M,,,69
200800003979,8,1,18,720,5,2,1,1,3,69264,M,,,69
200800003980,8,1,23,1745,2,2,2,1,4,69264,M,,,69
200800003981,8,1,23,1715,1,2,1,1,3,69264,M,,,69
200800003982,8,1,16,840,1,2,1,2,3,69264,M,,,69
200800003983,8,1,8,1750,5,2,1,8,6,69266,M,,,69
200800003984,8,1,8,1720,5,2,2,1,3,69266,M,,,69
200800003985,8,1,10,825,1,2,2,1,6,69266,M,,,69
200800003986,8,1,16,710,5,2,2,1,6,69266,M,,,69
200800003987,8,1,16,1355,1,2,1,1,6,69266,M,,,69
200800003988,8,1,16,1840,5,2,1,2,2,69266,M,,,69
200800003989,8,1,16,2105,5,2,2,1,6,69266,M,,,69
200800003990,8,1,21,630,5,2,2,1,5,69266,M,,,69
200800003991,8,1,13,2000,5,2,1,1,1,69266,M,,,69
200800003992,8,1,14,1040,1,2,1,1,6,69266,M,,,69
200800003993,8,1,15,715,5,2,1,1,7,69266,M,,,69
200800003994,8,1,16,1310,1,2,1,1,6,69266,M,,,69
200800003995,8,1,24,1500,1,2,1,1,6,69266,M,,,69
200800003996,8,1,20,1300,1,2,3,1,6,69266,M,,,69
200800003997,8,1,23,1130,1,2,1,1,5,69266,M,,,69
200800003998,8,1,31,705,5,2,4,1,6,69266,M,,,69
200800003999,8,1,10,915,1,2,3,1,3,69275,M,,,69
200800004000,8,1,7,755,2,2,3,2,1,69290,M,,,69
200800004001,8,1,11,530,5,2,4,1,1,69290,M,,,69
200800004002,8,1,11,750,2,2,3,1,1,69290,M,,,69
200800004003,8,1,12,1000,1,2,2,2,3,69290,M,,,69
200800004004,8,1,28,1320,1,2,1,1,6,70285,M,,,70
200800004005,8,1,9,1355,1,1,1,2,3,70261,M,,,70
200800004006,8,1,3,1215,1,2,3,1,5,71153,M,,,71
200800004007,8,1,11,1835,5,2,2,8,3,71153,M,,,71
200800004008,8,1,15,750,5,2,3,1,2,71059,M,,,71
200800004009,8,1,20,840,1,2,1,1,6,71153,M,,,71
200800004010,8,1,25,600,5,2,1,1,1,71153,M,,,71
200800004011,8,1,28,950,1,1,1,1,6,71059,M,,,71
200800004012,8,1,30,1815,5,2,2,4,3,71153,M,,,71
200800004013,8,1,5,25,5,2,1,1,6,71270,M,,,71
200800004014,8,1,5,1115,1,1,3,1,3,71270,M,,,71
200800004015,8,1,7,1730,5,2,1,1,3,71270,M,,,71
200800004016,8,1,11,1140,1,2,1,1,5,71270,M,,,71
200800004017,8,1,10,1645,1,2,1,1,6,71270,M,,,71
200800004018,8,1,12,1830,1,2,1,1,6,71270,M,,,71
200800004019,8,1,21,1225,1,1,1,1,3,71270,M,,,71
200800004020,8,1,23,1400,1,2,2,1,3,71270,M,,,71
200800004021,8,1,5,2050,5,2,1,3,6,71306,M,,,71
200800004022,8,1,6,25,5,2,2,3,1,71306,M,,,71
200800004023,8,1,4,1755,5,2,2,1,3,71306,M,,,71
200800004024,8,1,7,725,5,2,2,2,3,71306,M,,,71
200800004025,8,1,7,1700,1,2,1,1,2,71306,M,,,71
200800004026,8,1,10,1710,1,2,1,1,7,71306,M,,,71
200800004027,8,1,10,1755,5,2,1,1,7,71306,M,,,71
200800004028,8,1,11,1635,2,1,3,1,3,71486,M,,,71
200800004029,8,1,17,1705,5,2,1,1,7,71040,M,,,71
200800004030,8,1,23,700,5,2,2,1,7,71306,M,,,71
200800004031,8,1,23,740,2,2,2,5,7,71306,M,,,71
200800004032,8,1,23,745,2,2,2,1,3,71486,M,,,71
200800004033,8,1,26,915,1,1,1,4,2,71499,M,,,71
200800004034,8,1,28,1550,1,2,1,1,2,71306,M,,,71
200800004035,8,1,3,1250,1,2,1,2,1,72181,M,,,72
200800004036,8,1,3,1812,5,2,9,2,5,72181,M,,,72
200800004037,8,1,4,1710,5,2,2,1,3,72181,M,,,72
200800004038,8,1,5,1900,5,2,1,2,6,72181,M,,,72
200800004039,8,1,7,730,1,1,1,1,6,72003,M,,,72
200800004040,8,1,7,1415,1,2,1,1,3,72181,M,,,72
200800004041,8,1,8,55,5,1,1,1,6,72181,M,,,72
200800004042,8,1,8,740,1,2,1,2,6,72181,M,,,72
200800004043,8,1,8,1105,1,2,1,1,6,72181,M,,,72
200800004044,8,1,10,1727,5,2,1,1,6,72181,M,,,72
200800004045,8,1,13,2130,5,2,1,1,1,72181,M,,,72
200800004046,8,1,15,1210,1,2,1,6,6,72181,M,,,72
200800004047,8,1,16,1815,5,2,1,1,6,72181,M,,,72
200800004048,8,1,16,1935,5,2,1,2,6,72003,M,,,72
200800004049,8,1,18,1445,1,1,1,2,2,72181,M,,,72
200800004050,8,1,19,1300,1,2,2,1,3,72181,M,,,72
200800004051,8,1,21,1500,1,2,1,1,3,72181,M,,,72
200800004052,8,1,21,1800,5,2,1,1,3,72181,M,,,72
200800004053,8,1,25,1900,5,2,1,1,1,72181,M,,,72
200800004054,8,1,27,420,5,2,1,1,6,72181,M,,,72
200800004055,8,1,10,736,2,2,1,9,6,73065,M,,,73
200800004056,8,1,25,847,1,2,1,1,6,73087,M,,,73
200800004057,8,1,24,1423,1,2,1,1,6,73065,M,,,73
200800004058,8,1,5,30,5,1,1,1,6,74010,M,,,74
200800004059,8,1,5,2120,5,2,2,2,6,74010,M,,,74
200800004060,8,1,6,2055,5,2,1,1,6,74010,M,,,74
200800004061,8,1,9,700,5,2,1,1,6,74010,M,,,74
200800004062,8,1,12,1830,3,2,1,1,6,74093,M,,,74
200800004063,8,1,14,1020,1,2,1,8,4,74093,M,,,74
200800004064,8,1,24,1930,2,2,1,1,6,74012,M,,,74
200800004065,8,1,18,1005,1,2,1,1,6,74012,M,,,74
200800004066,8,1,23,1800,1,2,1,1,3,74118,M,,,74
200800004067,8,1,2,624,2,2,2,1,6,74281,M,,,74
200800004068,8,1,2,1425,1,2,1,1,1,74281,M,,,74
200800004069,8,1,18,1750,4,2,3,1,6,74281,M,,,74
200800004070,8,1,22,2005,5,2,1,1,6,74119,M,,,74
200800004071,8,1,29,1245,1,2,2,1,6,74281,M,,,74
200800004072,8,1,5,940,1,1,1,8,1,76476,M,,,76
200800004073,8,1,22,1143,1,2,1,2,6,76114,M,,,76
200800004074,8,1,1,155,5,2,1,1,3,76217,M,,,76
200800004075,8,1,4,1755,2,2,1,1,6,76217,M,,,76
200800004076,8,1,7,840,1,2,3,1,3,76217,M,,,76
200800004077,8,1,8,1223,1,2,1,1,3,76545,M,,,76
200800004078,8,1,10,1645,1,2,1,1,6,76217,M,,,76
200800004079,8,1,15,800,1,1,1,1,7,76349,M,,,76
200800004080,8,1,21,854,1,1,1,1,7,76565,M,,,76
200800004081,8,1,31,1450,1,1,2,1,3,76707,M,,,76
200800004082,8,1,15,2125,5,2,1,8,1,76486,M,,,76
200800004083,8,1,21,1835,5,2,1,2,6,76640,M,,,76
200800004084,8,1,22,1200,1,2,1,1,6,76165,M,,,76
200800004085,8,1,23,1450,1,2,1,1,6,76231,M,,,76
200800004086,8,1,9,1630,1,2,1,1,1,76600,M,,,76
200800004087,8,1,3,1550,1,2,2,1,6,76351,M,,,76
200800004088,8,1,5,1825,3,1,1,2,6,76351,M,,,76
200800004089,8,1,6,755,5,2,1,1,6,76351,M,,,76
200800004090,8,1,7,830,2,2,1,1,6,76447,M,,,76
200800004091,8,1,8,1730,2,2,3,1,3,76351,M,,,76
200800004092,8,1,10,310,3,1,1,1,2,76447,M,,,76
200800004093,8,1,11,1755,5,2,3,2,3,76552,M,,,76
200800004094,8,1,12,1600,1,2,1,1,6,76351,M,,,76
200800004095,8,1,12,1515,1,2,1,1,6,76351,M,,,76
200800004096,8,1,16,1810,5,2,3,3,6,76351,M,,,76
200800004097,8,1,18,2310,5,2,1,1,6,76351,M,,,76
200800004098,8,1,28,715,5,2,1,1,3,76351,M,,,76
200800004099,8,1,28,1825,5,2,1,1,6,76351,M,,,76
200800004100,8,1,29,1730,2,2,1,1,6,76351,M,,,76
200800004101,8,1,29,2025,3,1,1,1,6,76447,M,,,76
200800004102,8,1,1,1845,5,2,1,1,3,76212,M,,,76
200800004103,8,1,2,730,5,2,1,1,1,76540,M,,,76
200800004104,8,1,3,800,5,2,1,2,6,76540,M,,,76
200800004105,8,1,6,115,5,2,1,1,3,76540,M,,,76
200800004106,8,1,4,1535,1,2,1,1,3,76319,M,,,76
200800004107,8,1,6,1900,3,1,1,2,7,76497,M,,,76
200800004108,8,1,8,735,3,1,1,2,3,76319,M,,,76
200800004109,8,1,8,900,1,1,1,8,7,76212,M,,,76
200800004110,8,1,9,645,5,2,1,2,7,76681,M,,,76
200800004111,8,1,10,1430,1,2,1,1,3,76681,M,,,76
200800004112,8,1,14,2015,3,1,1,1,7,76319,M,,,76
200800004113,8,1,13,415,5,2,1,1,7,76103,M,,,76
200800004114,8,1,11,1305,1,2,1,1,7,76498,M,,,76
200800004115,8,1,12,1900,5,1,1,1,6,76322,M,,,76
200800004116,8,1,12,2105,5,2,1,1,7,76540,M,,,76
200800004117,8,1,12,1230,1,2,1,1,2,76498,M,,,76
200800004118,8,1,12,935,1,2,1,1,7,76322,M,,,76
200800004119,8,1,13,420,3,1,1,1,6,76410,M,,,76
200800004120,8,1,14,1610,1,2,1,1,3,76410,M,,,76
200800004121,8,1,14,1745,5,2,1,2,3,76540,M,,,76
200800004122,8,1,15,740,5,2,1,2,1,76498,M,,,76
200800004123,8,1,17,1030,1,2,1,1,3,76540,M,,,76
200800004124,8,1,17,1105,1,2,1,1,3,76540,M,,,76
200800004125,8,1,17,1745,5,2,1,1,7,76157,M,,,76
200800004126,8,1,18,1120,1,2,3,2,3,76410,M,,,76
200800004127,8,1,18,2040,5,2,1,1,7,76540,M,,,76
200800004128,8,1,18,1850,5,2,3,2,7,76108,M,,,76
200800004129,8,1,19,1900,5,2,2,1,3,76322,M,,,76
200800004130,8,1,23,1635,1,2,2,8,7,76540,M,,,76
200800004131,8,1,23,2125,5,2,1,1,7,76322,M,,,76
200800004132,8,1,24,1450,1,2,3,2,6,76540,M,,,76
200800004133,8,1,24,2115,5,2,1,1,1,76484,M,,,76
200800004134,8,1,25,2310,3,2,1,1,3,76540,M,,,76
200800004135,8,1,27,530,5,1,1,5,7,76322,M,,,76
200800004136,8,1,25,844,1,2,6,1,3,76322,M,,,76
200800004137,8,1,25,1555,1,2,1,9,7,76216,M,,,76
200800004138,8,1,26,1430,1,2,1,1,3,76108,M,,,76
200800004139,8,1,26,900,1,1,1,5,6,76497,M,,,76
200800004140,8,1,26,1735,1,2,1,1,6,76575,M,,,76
200800004141,8,1,27,520,3,2,1,1,6,76451,M,,,76
200800004142,8,1,28,1340,2,2,1,1,4,76681,M,,,76
200800004143,8,1,30,1425,1,2,1,7,6,76498,M,,,76
200800004144,8,1,31,820,1,2,1,1,3,76540,M,,,76
200800004145,8,1,31,1610,1,2,3,8,3,76540,M,,,76
200800004146,8,1,3,2215,5,2,2,8,6,77108,M,,,77
200800004147,8,1,8,1330,1,2,1,2,6,77108,M,,,77
200800004148,8,1,7,850,1,2,1,1,6,77108,M,,,77
200800004149,8,1,2,1335,1,2,1,8,1,77018,M,,,77
200800004150,8,1,10,810,2,2,1,8,7,77111,M,,,77
200800004151,8,1,19,1450,1,2,3,8,4,77268,M,,,77
200800004152,8,1,13,1410,1,2,1,1,3,77378,M,,,77
200800004153,8,1,31,1730,5,2,3,2,3,77389,M,,,77
200800004154,8,1,24,1640,1,1,1,1,5,77186,M,,,77
200800004155,8,1,17,615,3,2,1,1,1,77464,M,,,77
200800004156,8,1,8,705,5,2,1,8,6,77284,M,,,77
200800004157,8,1,12,840,1,2,1,8,4,77284,M,,,77
200800004158,8,1,12,1412,1,2,1,8,2,77475,M,,,77
200800004159,8,1,29,1155,1,2,1,1,6,77284,M,,,77
200800004160,8,1,31,2108,3,1,1,8,2,77513,M,,,77
200800004161,8,1,7,745,5,2,1,1,6,77285,M,,,77
200800004162,8,1,19,1610,1,2,3,1,3,77067,M,,,77
200800004163,8,1,22,1220,1,2,1,1,6,77288,M,,,77
200800004164,8,1,3,1315,1,1,1,2,2,77053,M,,,77
200800004165,8,1,7,1835,5,2,2,1,3,77053,M,,,77
200800004166,8,1,9,2130,5,2,1,1,6,77450,M,,,77
200800004167,8,1,10,1150,1,2,1,1,6,77296,M,,,77
200800004168,8,1,23,755,3,1,1,1,6,77114,M,,,77
200800004169,8,1,31,700,3,2,1,5,1,77122,M,,,77
200800004170,8,1,30,755,3,1,1,3,6,77305,M,,,77
200800004171,8,1,7,1600,1,2,1,1,6,77468,M,,,77
200800004172,8,1,18,830,1,2,8,2,3,77468,M,,,77
200800004173,8,1,18,2000,5,2,6,1,3,77258,M,,,77
200800004174,8,1,4,1000,1,2,1,1,3,77514,M,,,77
200800004175,8,1,15,955,1,2,6,3,6,77118,M,,,77
200800004176,8,1,22,1000,1,1,1,2,7,77118,M,,,77
200800004177,8,1,30,1325,1,1,1,2,7,77118,M,,,77
200800004178,8,1,30,1326,1,1,1,2,2,77118,M,,,77
200800004179,8,1,17,1040,1,2,1,1,3,78168,M,,,78
200800004180,8,1,7,1310,1,2,3,1,7,78297,M,,,78
200800004181,8,1,16,1140,1,2,1,2,7,78423,M,,,78
200800004182,8,1,17,1405,1,2,2,2,5,78423,M,,,78
200800004183,8,1,21,855,1,2,6,1,2,78423,M,,,78
200800004184,8,1,17,1835,2,2,6,2,4,78297,M,,,78
200800004185,8,1,27,2145,5,2,1,1,6,78124,M,,,78
200800004186,8,1,25,840,1,2,3,1,6,78311,M,,,78
200800004187,8,1,1,1735,5,2,2,1,3,78358,M,,,78
200800004188,8,1,1,1730,2,2,1,1,7,78361,M,,,78
200800004189,8,1,30,710,2,2,1,2,6,78327,M,,,78
200800004190,8,1,12,1000,1,2,1,1,6,78217,M,,,78
200800004191,8,1,30,1715,2,2,3,1,3,78354,M,,,78
200800004192,8,1,16,1005,1,2,2,1,1,78361,M,,,78
200800004193,8,1,17,1345,1,2,1,8,2,78267,M,,,78
200800004194,8,1,21,1915,4,2,6,2,3,78354,M,,,78
200800004195,8,1,27,1540,1,2,2,1,3,78361,M,,,78
200800004196,8,1,24,1230,1,2,1,1,7,78267,M,,,78
200800004197,8,1,23,2024,5,2,3,1,3,78361,M,,,78
200800004198,8,1,26,1520,1,2,1,1,2,78327,M,,,78
200800004199,8,1,29,1230,1,2,1,1,7,78335,M,,,78
200800004200,8,1,29,1720,2,2,2,1,2,78267,M,,,78
200800004201,8,1,17,440,5,2,1,2,2,78502,M,,,78
200800004202,8,1,8,640,5,2,1,2,7,78490,M,,,78
200800004203,8,1,10,2010,3,1,1,1,6,78674,M,,,78
200800004204,8,1,15,850,1,2,3,2,3,78165,M,,,78
200800004205,8,1,21,1855,5,2,1,1,7,78490,M,,,78
200800004206,8,1,28,705,5,2,2,1,2,78165,M,,,78
200800004207,8,1,8,1005,2,2,1,1,6,78498,M,,,78
200800004208,8,1,10,1045,1,2,1,1,6,78498,M,,,78
200800004209,8,1,14,2220,5,2,2,1,3,78498,M,,,78
200800004210,8,1,16,840,1,2,3,1,3,78624,M,,,78
200800004211,8,1,16,810,2,2,2,1,6,78642,M,,,78
200800004212,8,1,11,1145,1,2,2,2,3,78498,M,,,78
200800004213,8,1,30,755,2,1,9,2,3,78624,M,,,78
200800004214,8,1,1,5,5,2,2,2,6,78624,M,,,78
200800004215,8,1,6,2250,5,2,1,2,6,78624,M,,,78
200800004216,8,1,7,1750,5,2,1,1,3,78517,M,,,78
200800004217,8,1,9,1150,1,1,3,1,3,78269,M,,,78
200800004218,8,1,12,1640,1,2,1,1,3,78517,M,,,78
200800004219,8,1,15,930,1,1,1,1,2,78517,M,,,78
200800004220,8,1,23,945,1,1,1,1,3,78220,M,,,78
200800004221,8,1,31,1825,5,2,1,2,7,78220,M,,,78
200800004222,8,1,5,1920,5,2,1,1,6,78551,M,,,78
200800004223,8,1,6,1930,5,2,1,1,2,78481,M,,,78
200800004224,8,1,25,1720,1,1,1,1,3,78133,M,,,78
200800004225,8,1,19,30,3,1,1,1,1,78551,M,,,78
200800004226,8,1,4,1820,5,2,2,2,3,78586,M,,,78
200800004227,8,1,6,215,5,2,3,2,3,78586,M,,,78
200800004228,8,1,14,1130,1,2,1,1,2,78586,M,,,78
200800004229,8,1,24,2010,5,2,1,2,6,78586,M,,,78
200800004230,8,1,25,750,2,2,3,1,3,78586,M,,,78
200800004231,8,1,25,1600,1,2,1,1,6,78586,M,,,78
200800004232,8,1,27,1010,1,2,2,1,3,78586,M,,,78
200800004233,8,1,28,820,2,2,3,1,6,78586,M,,,78
200800004234,8,1,30,1205,1,2,2,2,3,78586,M,,,78
200800004235,8,1,31,1320,1,2,1,1,2,78586,M,,,78
200800004236,8,1,3,800,1,2,1,9,5,78621,M,,,78
200800004237,8,1,8,645,3,2,1,2,6,78621,M,,,78
200800004238,8,1,17,1940,3,1,3,2,1,78621,M,,,78
200800004239,8,1,18,2245,5,2,1,2,7,78621,M,,,78
200800004240,8,1,21,920,1,2,2,1,3,78621,M,,,78
200800004241,8,1,26,1635,1,2,1,1,3,78621,M,,,78
200800004242,8,1,13,940,1,2,3,1,3,78640,M,,,78
200800004243,8,1,16,925,1,2,1,8,2,78640,M,,,78
200800004244,8,1,24,1615,1,2,1,1,2,78686,M,,,78
200800004245,8,1,27,2355,5,2,4,8,6,78640,M,,,78
200800004246,8,1,1,505,5,2,1,1,6,78646,M,,,78
200800004247,8,1,4,1715,1,2,1,1,5,78158,M,,,78
200800004248,8,1,8,705,5,2,1,2,3,78646,M,,,78
200800004249,8,1,10,820,1,2,1,8,6,78646,M,,,78
200800004250,8,1,10,1805,5,2,1,1,6,78646,M,,,78
200800004251,8,1,12,2200,5,2,1,1,6,78646,M,,,78
200800004252,8,1,14,1310,1,2,1,2,7,78646,M,,,78
200800004253,8,1,14,1815,5,1,1,1,4,78524,M,,,78
200800004254,8,1,17,1440,1,2,7,2,6,78646,M,,,78
200800004255,8,1,22,1810,5,2,1,1,6,78646,M,,,78
200800004256,8,1,28,1500,1,2,1,1,6,78524,M,,,78
200800004257,8,1,31,710,5,2,1,9,1,78646,M,,,78
200800004258,8,1,5,1,5,2,1,2,2,78650,M,,,78
200800004259,8,1,7,1655,1,2,1,1,6,78190,M,,,78
200800004260,8,1,14,735,2,2,1,1,6,78650,M,,,78
200800004261,8,1,18,850,1,2,1,1,1,79191,M,,,79
200800004262,8,1,28,1530,1,2,2,1,7,79191,M,,,79
200800004263,8,1,21,1935,3,1,1,1,7,79081,M,,,79
200800004264,8,1,13,1951,5,2,2,1,1,79329,M,,,79
200800004265,8,1,3,2005,5,2,1,1,6,80001,M,,,80
200800004266,8,1,1,30,5,2,1,1,6,80021,M,,,80
200800004267,8,1,1,1640,1,2,3,1,3,80021,M,,,80
200800004268,8,1,6,210,5,2,1,3,6,80021,M,,,80
200800004269,8,1,7,1740,5,2,1,2,3,80021,M,,,80
200800004270,8,1,4,1850,5,2,1,1,6,80021,M,,,80
200800004271,8,1,4,1915,5,2,1,2,3,80021,M,,,80
200800004272,8,1,5,1645,5,2,3,2,3,80021,M,,,80
200800004273,8,1,6,1135,1,2,1,1,3,80021,M,,,80
200800004274,8,1,9,900,1,2,1,2,2,80021,M,,,80
200800004275,8,1,10,1810,5,2,1,1,6,80021,M,,,80
200800004276,8,1,14,1410,1,2,1,1,3,80021,M,,,80
200800004277,8,1,11,1605,1,2,1,1,3,80674,M,,,80
200800004278,8,1,16,1715,1,1,1,1,7,80021,M,,,80
200800004279,8,1,16,1640,1,2,1,1,3,80021,M,,,80
200800004280,8,1,16,1445,1,2,4,1,3,80021,M,,,80
200800004281,8,1,16,840,1,2,1,1,6,80021,M,,,80
200800004282,8,1,16,825,1,2,6,1,3,80021,M,,,80
200800004283,8,1,21,1955,5,2,1,1,5,80021,M,,,80
200800004284,8,1,20,45,5,2,2,8,3,80021,M,,,80
200800004285,8,1,18,1720,5,2,1,2,3,80021,M,,,80
200800004286,8,1,22,1945,5,2,1,1,6,80021,M,,,80
200800004287,8,1,23,1605,1,2,1,1,2,80021,M,,,80
200800004288,8,1,24,1320,1,2,1,2,2,80131,M,,,80
200800004289,8,1,26,800,1,2,1,1,3,80021,M,,,80
200800004290,8,1,25,2100,5,2,1,1,6,80021,M,,,80
200800004291,8,1,25,1415,1,2,1,1,3,80489,M,,,80
200800004292,8,1,25,1310,1,2,1,1,6,80021,M,,,80
200800004293,8,1,24,1935,5,2,1,1,6,80021,M,,,80
200800004294,8,1,30,1900,5,2,1,1,3,80021,M,,,80
200800004295,8,1,5,1930,5,2,1,2,3,81004,M,,,81
200800004296,8,1,8,1645,1,2,1,1,6,81004,M,,,81
200800004297,8,1,30,1815,5,2,1,1,3,81004,M,,,81
200800004298,8,1,12,1625,1,2,1,1,6,81004,M,,,81
200800004299,8,1,18,1842,5,2,2,2,3,81105,M,,,81
200800004300,8,1,24,1800,2,2,3,1,1,81105,M,,,81
200800004301,8,1,2,1800,5,2,3,1,3,81163,M,,,81
200800004302,8,1,17,1200,1,2,3,1,3,81021,M,,,81
200800004303,8,1,20,955,1,2,1,1,6,81163,M,,,81
200800004304,8,1,7,2100,3,1,1,2,6,82033,M,,,82
200800004305,8,1,29,1855,5,2,3,1,3,82033,M,,,82
200800004306,8,1,12,1740,1,2,1,1,5,82121,M,,,82
200800004307,8,1,20,1830,1,2,1,1,6,82121,M,,,82
200800004308,8,1,18,1145,1,2,1,1,6,82121,M,,,82
200800004309,8,1,22,655,3,2,1,2,6,82121,M,,,82
200800004310,8,1,19,625,5,2,1,1,2,82121,M,,,82
200800004311,8,1,28,340,3,1,1,9,1,82121,M,,,82
200800004312,8,1,28,1430,1,2,1,1,6,82121,M,,,82
200800004313,8,1,26,855,1,2,1,1,2,83050,M,,,83
200800004314,8,1,30,1120,1,2,1,1,7,83050,M,,,83
200800004315,8,1,19,115,3,2,1,1,6,83061,M,,,83
200800004316,8,1,22,1025,1,2,1,1,6,83118,M,,,83
200800004317,8,1,21,1700,1,2,1,1,5,83118,M,,,83
200800004318,8,1,22,1820,5,2,1,1,2,83069,M,,,83
200800004319,8,1,12,1815,1,2,1,1,6,83034,M,,,83
200800004320,8,1,18,1940,5,2,1,1,3,83069,M,,,83
200800004321,8,1,14,1755,5,2,1,3,6,83129,M,,,83
200800004322,8,1,14,800,1,2,1,8,6,83129,M,,,83
200800004323,8,1,20,1720,2,1,3,1,3,83129,M,,,83
200800004324,8,1,24,1545,1,2,1,1,6,83129,M,,,83
200800004325,8,1,18,1744,1,2,1,1,3,83126,M,,,83
200800004326,8,1,21,845,1,2,1,1,6,83126,M,,,83
200800004327,8,1,24,1315,1,2,1,1,3,83126,M,,,83
200800004328,8,1,25,950,1,2,1,1,6,83126,M,,,83
200800004329,8,1,24,1655,1,2,9,1,3,83126,M,,,83
200800004330,8,1,27,1810,5,2,3,1,1,83126,M,,,83
200800004331,8,1,27,1635,1,2,1,1,3,83126,M,,,83
200800004332,8,1,3,1630,2,2,1,2,2,83137,M,,,83
200800004333,8,1,5,915,2,2,3,2,6,83137,M,,,83
200800004334,8,1,8,5,5,2,1,1,3,83137,M,,,83
200800004335,8,1,8,1350,1,2,1,1,3,83137,M,,,83
200800004336,8,1,5,1230,1,2,2,2,3,83137,M,,,83