Num_Acc,an,mois,jour,hrmn,lum,agg,int,atm,col,com,gps,lat,long,dep
200800004337,8,1,2,1615,1,2,3,2,1,83137,M,,,83
200800004338,8,1,13,2140,5,2,2,1,3,83137,M,,,83
200800004339,8,1,6,1510,1,2,1,1,3,83098,M,,,83
200800004340,8,1,7,830,1,2,1,1,6,83137,M,,,83
200800004341,8,1,14,1955,5,2,1,3,6,83137,M,,,83
200800004342,8,1,13,1845,5,2,1,1,6,83137,M,,,83
200800004343,8,1,14,2000,4,2,1,3,3,83090,M,,,83
200800004344,8,1,19,1615,1,1,1,1,6,83137,M,,,83
200800004345,8,1,14,1330,1,2,1,9,1,83137,M,,,83
200800004346,8,1,18,855,1,2,1,1,3,83137,M,,,83
200800004347,8,1,22,1430,1,2,1,1,3,83137,M,,,83
200800004348,8,1,22,1210,1,2,3,1,6,83137,M,,,83
200800004349,8,1,15,1400,1,2,1,1,7,83090,M,,,83
200800004350,8,1,23,1655,1,2,2,1,3,83137,M,,,83
200800004351,8,1,24,1920,5,2,2,1,6,83137,M,,,83
200800004352,8,1,21,1710,1,2,1,1,3,83062,M,,,83
200800004353,8,1,26,1848,5,2,1,1,3,83137,M,,,83
200800004354,8,1,27,1410,1,2,1,1,3,83137,M,,,83
200800004355,8,1,15,1340,1,1,2,1,5,83062,M,,,83
200800004356,8,1,27,2030,5,2,1,1,3,83137,M,,,83
200800004357,8,1,28,1554,1,1,1,1,1,83137,M,,,83
200800004358,8,1,9,1555,1,2,1,2,3,83137,M,,,83
200800004359,8,1,29,1815,2,2,1,8,6,83137,M,,,83
200800004360,8,1,28,835,1,2,2,1,6,83137,M,,,83
200800004361,8,1,15,620,5,2,2,1,2,83137,M,,,83
200800004362,8,1,16,1145,1,1,2,1,3,83090,M,,,83
200800004363,8,1,4,1800,1,2,1,1,6,84007,M,,,84
200800004364,8,1,7,220,5,2,1,2,7,84007,M,,,84
200800004365,8,1,10,645,5,1,1,5,3,84007,M,,,84
200800004366,8,1,15,1245,1,2,1,1,6,84007,M,,,84
200800004367,8,1,16,1230,1,2,1,1,6,84007,M,,,84
200800004368,8,1,19,1300,1,2,2,1,3,84007,M,,,84
200800004369,8,1,20,1815,5,2,1,1,3,84007,M,,,84
200800004370,8,1,25,950,1,2,1,1,3,84007,M,,,84
200800004371,8,1,25,1600,1,2,1,1,6,84007,M,,,84
200800004372,8,1,25,1650,1,2,1,1,6,84007,M,,,84
200800004373,8,1,26,545,5,1,1,1,6,84007,M,,,84
200800004374,8,1,30,1140,1,2,1,1,2,84007,M,,,84
200800004375,8,1,30,1220,1,2,1,1,3,84007,M,,,84
200800004376,8,1,31,1345,1,2,1,1,6,84007,M,,,84
200800004377,8,1,12,820,1,1,1,1,7,84035,M,,,84
200800004378,8,1,8,1400,1,2,1,1,3,84087,M,,,84
200800004379,8,1,28,1255,1,2,1,1,6,84087,M,,,84
200800004380,8,1,5,1635,1,2,1,2,6,85191,M,,,85
200800004381,8,1,10,750,3,1,1,2,2,85191,M,,,85
200800004382,8,1,19,1850,5,2,2,1,5,85191,M,,,85
200800004383,8,1,24,1400,1,2,2,1,6,85191,M,,,85
200800004384,8,1,1,55,5,2,1,5,6,85194,M,,,85
200800004385,8,1,2,1430,1,2,2,1,3,85194,M,,,85
200800004386,8,1,13,510,5,2,9,1,6,85194,M,,,85
200800004387,8,1,17,1355,1,2,6,3,3,85194,M,,,85
200800004388,8,1,26,1840,2,2,1,1,6,85194,M,,,85
200800004389,8,1,29,905,1,2,3,1,6,85194,M,,,85
200800004390,8,1,2,2147,3,1,1,2,7,86066,M,,,86
200800004391,8,1,3,1120,1,2,1,1,7,86066,M,,,86
200800004392,8,1,14,1125,1,2,1,8,7,86066,M,,,86
200800004393,8,1,19,2115,5,2,3,8,3,86066,M,,,86
200800004394,8,1,23,1230,1,2,9,1,3,86066,M,,,86
200800004395,8,1,26,2035,5,2,6,1,6,86066,M,,,86
200800004396,8,1,3,710,3,2,1,2,7,86194,M,,,86
200800004397,8,1,5,2030,3,2,3,3,3,86157,M,,,86
200800004398,8,1,7,940,1,2,1,2,2,86194,M,,,86
200800004399,8,1,9,1910,5,2,3,1,3,86194,M,,,86
200800004400,8,1,11,805,3,2,2,2,3,86194,M,,,86
200800004401,8,1,17,740,5,2,1,1,6,86194,M,,,86
200800004402,8,1,22,810,5,2,1,2,2,86194,M,,,86
200800004403,8,1,23,1040,1,2,1,1,2,86194,M,,,86
200800004404,8,1,24,1820,5,2,2,1,3,86194,M,,,86
200800004405,8,1,24,1910,5,2,1,1,3,86194,M,,,86
200800004406,8,1,25,1055,1,2,3,1,3,86194,M,,,86
200800004407,8,1,26,1020,1,2,2,1,3,86194,M,,,86
200800004408,8,1,31,830,1,2,1,5,6,86194,M,,,86
200800004409,8,1,31,1445,1,2,3,1,6,86194,M,,,86
200800004410,8,1,1,805,1,1,1,1,1,87075,M,,,87
200800004411,8,1,4,2007,5,1,2,1,3,87085,M,,,87
200800004412,8,1,6,1945,5,2,1,2,6,87085,M,,,87
200800004413,8,1,8,1205,1,2,1,1,3,87085,M,,,87
200800004414,8,1,8,1820,5,2,1,1,3,87085,M,,,87
200800004415,8,1,11,1719,5,2,1,2,6,87085,M,,,87
200800004416,8,1,12,1224,1,2,1,1,6,87085,M,,,87
200800004417,8,1,13,1710,1,2,2,1,6,87085,M,,,87
200800004418,8,1,16,1628,1,2,3,1,3,87085,M,,,87
200800004419,8,1,17,1801,5,2,1,3,6,87085,M,,,87
200800004420,8,1,17,2205,5,2,1,2,6,87085,M,,,87
200800004421,8,1,18,721,1,2,1,2,6,87085,M,,,87
200800004422,8,1,18,841,1,2,2,1,3,87085,M,,,87
200800004423,8,1,18,1310,1,2,3,2,3,87050,M,,,87
200800004424,8,1,18,2204,3,1,1,2,6,87050,M,,,87
200800004425,8,1,21,658,5,2,6,1,2,87085,M,,,87
200800004426,8,1,23,1208,1,2,1,1,2,87085,M,,,87
200800004427,8,1,23,1930,5,2,1,1,6,87085,M,,,87
200800004428,8,1,25,1643,1,2,1,1,6,87085,M,,,87
200800004429,8,1,27,1502,1,1,2,1,3,87050,M,,,87
200800004430,8,1,25,2155,5,2,1,1,6,87085,M,,,87
200800004431,8,1,28,1922,5,2,2,1,3,87085,M,,,87
200800004432,8,1,29,1627,1,2,1,1,2,87085,M,,,87
200800004433,8,1,30,1902,5,2,1,2,6,87085,M,,,87
200800004434,8,1,31,1204,1,2,1,1,2,87085,M,,,87
200800004435,8,1,31,1335,1,2,1,1,6,87085,M,,,87
200800004436,8,1,6,2055,5,2,3,1,3,88160,M,,,88
200800004437,8,1,9,1715,3,2,1,2,4,88160,M,,,88
200800004438,8,1,17,800,2,2,1,2,3,88160,M,,,88
200800004439,8,1,27,1820,3,1,3,1,3,88160,M,,,88
200800004440,8,1,30,1125,1,2,2,2,6,88160,M,,,88
200800004441,8,1,10,340,5,2,4,2,6,88160,M,,,88
200800004442,8,1,18,1725,5,2,1,1,1,88383,M,,,88
200800004443,8,1,25,730,5,2,1,1,6,88413,M,,,88
200800004444,8,1,27,2100,5,2,6,1,3,89024,M,,,89
200800004445,8,1,15,1812,5,2,2,2,3,89387,M,,,89
200800004446,8,1,18,1345,1,2,1,1,6,89387,M,,,89
200800004447,8,1,30,1825,5,2,1,2,6,89387,M,,,89
200800004448,8,1,2,1840,5,2,1,1,3,90010,M,,,90
200800004449,8,1,5,1226,1,2,2,2,3,90010,M,,,90
200800004450,8,1,7,1950,5,2,1,1,2,90010,M,,,90
200800004451,8,1,10,740,5,2,9,2,6,90010,M,,,90
200800004452,8,1,11,2120,5,2,2,1,6,90010,M,,,90
200800004453,8,1,15,1335,1,1,6,1,3,90099,M,,,90
200800004454,8,1,16,1215,1,2,1,1,6,90010,M,,,90
200800004455,8,1,18,1330,1,2,1,8,3,90008,M,,,90
200800004456,8,1,18,1750,5,2,1,3,6,90032,M,,,90
200800004457,8,1,19,2348,5,2,1,2,2,90010,M,,,90
200800004458,8,1,19,925,1,1,1,1,6,90032,M,,,90
200800004459,8,1,19,1245,1,2,1,1,4,90039,M,,,90
200800004460,8,1,19,2300,4,2,1,1,6,90010,M,,,90
200800004461,8,1,20,20,4,2,1,1,6,90010,M,,,90
200800004462,8,1,22,1420,1,2,9,1,6,90099,M,,,90
200800004463,8,1,23,1740,5,2,1,1,2,90010,M,,,90
200800004464,8,1,24,1115,1,2,3,1,6,90010,M,,,90
200800004465,8,1,5,1100,1,2,2,1,6,91479,M,,,91
200800004466,8,1,9,1750,2,2,1,1,3,91215,M,,,91
200800004467,8,1,11,1630,1,2,2,1,3,91114,M,,,91
200800004468,8,1,14,1110,1,2,2,1,6,91097,M,,,91
200800004469,8,1,25,1745,2,2,1,1,6,91114,M,,,91
200800004470,8,1,31,1105,1,2,2,1,6,91114,M,,,91
200800004471,8,1,2,700,2,2,1,1,6,91657,M,,,91
200800004472,8,1,3,1420,1,2,2,8,3,91201,M,,,91
200800004473,8,1,10,1250,1,2,1,2,3,91201,M,,,91
200800004474,8,1,14,100,5,2,1,1,6,91657,M,,,91
200800004475,8,1,15,805,2,2,1,1,3,91201,M,,,91
200800004476,8,1,15,855,2,2,2,1,3,91657,M,,,91
200800004477,8,1,17,2150,5,2,1,1,6,91657,M,,,91
200800004478,8,1,19,1415,1,2,1,1,1,91201,M,,,91
200800004479,8,1,25,1655,1,2,1,1,2,91201,M,,,91
200800004480,8,1,28,825,1,2,1,1,3,91657,M,,,91
200800004481,8,1,31,1335,1,2,2,1,3,91657,M,,,91
200800004482,8,1,18,655,3,1,1,1,3,91223,M,,,91
200800004483,8,1,18,1840,3,1,1,1,7,91433,M,,,91
200800004484,8,1,3,730,5,2,1,2,6,91521,M,,,91
200800004485,8,1,3,1300,1,2,1,1,6,91182,M,,,91
200800004486,8,1,4,1800,5,2,2,2,2,91182,M,,,91
200800004487,8,1,5,1140,1,2,1,2,1,91521,M,,,91
200800004488,8,1,10,1225,1,2,1,2,6,91228,M,,,91
200800004489,8,1,10,1610,2,2,1,8,6,91228,M,,,91
200800004490,8,1,14,1715,2,2,3,2,3,91228,M,,,91
200800004491,8,1,30,1720,2,2,1,2,3,91228,M,,,91
200800004492,8,1,11,1825,5,2,1,1,3,91161,M,,,91
200800004493,8,1,1,1650,1,2,2,1,3,91421,M,,,91
200800004494,8,1,4,1240,1,1,1,1,2,91421,M,,,91
200800004495,8,1,4,1615,1,1,1,1,2,91421,M,,,91
200800004496,8,1,15,1820,5,2,1,2,7,91191,M,,,91
200800004497,8,1,25,1000,1,2,2,1,3,91691,M,,,91
200800004498,8,1,9,1643,1,2,1,1,6,91477,M,,,91
200800004499,8,1,10,845,2,2,1,1,7,91692,M,,,91
200800004500,8,1,10,1515,1,1,1,2,2,91471,M,,,91
200800004501,8,1,11,1140,1,1,4,2,3,91692,M,,,91
200800004502,8,1,16,1520,1,1,6,2,2,91692,M,,,91
200800004503,8,1,19,935,1,1,6,1,3,91692,M,,,91
200800004504,8,1,23,2230,5,2,1,1,6,91692,M,,,91
200800004505,8,1,29,1330,1,2,2,1,2,91645,M,,,91
200800004506,8,1,30,800,2,2,1,2,1,91645,M,,,91
200800004507,8,1,30,2325,5,2,3,1,6,91477,M,,,91
200800004508,8,1,31,1955,5,2,1,2,6,91645,M,,,91
200800004509,8,1,3,2005,4,2,1,1,7,91216,M,,,91
200800004510,8,1,25,1100,1,2,1,1,7,91549,M,,,91
200800004511,8,1,9,1120,1,2,1,1,3,91589,M,,,91
200800004512,8,1,9,1700,3,2,1,1,6,91589,M,,,91
200800004513,8,1,16,1945,5,2,3,1,3,91589,M,,,91
200800004514,8,1,7,915,1,2,1,1,6,92002,M,,,92
200800004515,8,1,9,1035,1,2,1,2,6,92002,M,,,92
200800004516,8,1,13,1110,1,2,1,1,6,92014,M,,,92
200800004517,8,1,18,755,5,2,2,1,3,92014,M,,,92
200800004518,8,1,24,1750,5,2,2,2,6,92014,M,,,92
200800004519,8,1,30,900,1,2,3,2,2,92014,M,,,92
200800004520,8,1,3,2335,5,2,3,1,3,92004,M,,,92
200800004521,8,1,5,155,5,2,1,2,1,92004,M,,,92
200800004522,8,1,15,820,1,2,1,2,2,92004,M,,,92
200800004523,8,1,18,1850,5,2,1,1,3,92009,M,,,92
200800004524,8,1,22,1612,1,2,1,1,6,92004,M,,,92
200800004525,8,1,17,1720,2,2,3,2,6,75112,M,,,75
200800004526,8,1,17,2010,3,2,1,1,2,75112,M,,,75
200800004527,8,1,17,1920,5,2,1,2,3,75114,M,,,75
200800004528,8,1,17,2310,5,2,2,2,3,75115,M,,,75
200800004529,8,1,17,1940,5,2,2,2,6,75116,M,,,75
200800004530,8,1,17,2330,5,2,5,2,3,75116,M,,,75
200800004531,8,1,17,910,1,2,1,1,6,75117,M,,,75
200800004532,8,1,18,1515,1,2,1,2,6,75101,M,,,75
200800004533,8,1,18,1635,1,2,1,1,6,75103,M,,,75
200800004534,8,1,19,220,5,2,1,1,6,75103,M,,,75
200800004535,8,1,19,1300,1,2,2,1,3,75113,M,,,75
200800004536,8,1,19,1415,1,2,1,1,2,75105,M,,,75
200800004537,8,1,18,2045,5,2,1,8,3,75106,M,,,75
200800004538,8,1,19,1210,1,2,1,1,6,75106,M,,,75
200800004539,8,1,19,1710,1,2,2,1,6,75106,M,,,75
200800004540,8,1,18,1015,1,2,1,2,6,75108,M,,,75
200800004541,8,1,18,1130,1,2,1,2,4,75108,M,,,75
200800004542,8,1,18,1710,2,2,5,1,3,75108,M,,,75
200800004543,8,1,19,2030,4,2,1,1,6,75108,M,,,75
200800004544,8,1,19,830,1,2,1,1,6,75110,M,,,75
200800004545,8,1,19,1315,1,2,1,1,6,75111,M,,,75
200800004546,8,1,19,1900,5,2,4,1,2,75111,M,,,75
200800004547,8,1,18,1750,5,2,1,1,6,75112,M,,,75
200800004548,8,1,19,2145,5,2,1,1,2,75112,M,,,75
200800004549,8,1,18,1550,1,2,2,2,3,75113,M,,,75
200800004550,8,1,19,1245,1,2,2,1,3,75113,M,,,75
200800004551,8,1,19,1605,1,2,3,1,3,75114,M,,,75
200800004552,8,1,18,1015,1,2,1,2,3,75115,M,,,75
200800004553,8,1,18,910,1,2,1,1,6,75116,M,,,75
200800004554,8,1,18,1835,3,2,1,1,6,75116,M,,,75
200800004555,8,1,18,1930,5,2,1,1,6,75116,M,,,75
200800004556,8,1,19,2130,5,2,1,1,6,75116,M,,,75
200800004557,8,1,18,750,2,2,2,8,6,75117,M,,,75
200800004558,8,1,18,1730,5,2,1,8,3,75117,M,,,75
200800004559,8,1,19,1345,1,2,1,1,3,75117,M,,,75
200800004560,8,1,19,2140,5,2,5,1,3,75117,M,,,75
200800004561,8,1,19,1915,5,2,1,1,6,75118,M,,,75
200800004562,8,1,18,235,5,2,1,2,6,75119,M,,,75
200800004563,8,1,18,840,1,2,1,1,1,75119,M,,,75
200800004564,8,1,19,1230,1,2,1,1,6,75120,M,,,75
200800004565,8,1,18,1545,1,2,1,8,3,75113,M,,,75
200800004566,8,1,19,2000,4,2,2,1,6,75120,M,,,75
200800004567,8,1,18,750,2,2,1,1,6,75115,M,,,75
200800004568,8,1,19,1040,1,2,1,1,3,75115,M,,,75
200800004569,8,1,20,135,5,2,1,1,3,75109,M,,,75
200800004570,8,1,20,1525,1,2,1,1,6,75109,M,,,75
200800004571,8,1,20,845,1,2,1,1,6,75110,M,,,75
200800004572,8,1,20,2050,5,2,2,1,3,75113,M,,,75
200800004573,8,1,20,1310,1,2,1,1,7,75114,M,,,75
200800004574,8,1,20,1407,1,2,1,1,2,75117,M,,,75
200800004575,8,1,20,1305,1,2,1,1,6,75118,M,,,75
200800004576,8,1,20,1905,5,2,3,1,6,75120,M,,,75
200800004577,8,1,20,1220,1,2,1,1,6,75101,M,,,75
200800004578,8,1,20,1450,1,2,2,1,6,75113,M,,,75
200800004579,8,1,20,1600,1,2,1,1,7,75113,M,,,75
200800004580,8,1,20,1900,5,2,1,1,4,75119,M,,,75
200800004581,8,1,21,1035,1,2,1,1,6,75101,M,,,75
200800004582,8,1,21,1200,1,2,1,1,6,75101,M,,,75
200800004583,8,1,21,2035,5,2,5,1,3,75102,M,,,75
200800004584,8,1,21,1435,1,2,2,1,6,75103,M,,,75
200800004585,8,1,21,1545,2,2,1,1,6,75105,M,,,75
200800004586,8,1,21,1820,5,2,1,1,6,75107,M,,,75
200800004587,8,1,21,750,5,2,1,1,6,75109,M,,,75
200800004588,8,1,21,1,5,2,3,1,7,75110,M,,,75
200800004589,8,1,21,1100,1,2,2,1,3,75110,M,,,75
200800004590,8,1,21,2135,5,2,1,1,2,75110,M,,,75
200800004591,8,1,21,2030,5,2,1,2,3,75113,M,,,75
200800004592,8,1,21,1850,3,2,1,1,3,75114,M,,,75
200800004593,8,1,21,2200,5,2,3,2,7,75114,M,,,75
200800004594,8,1,21,1300,1,2,3,1,6,75115,M,,,75
200800004595,8,1,21,1240,1,2,1,1,3,75116,M,,,75
200800004596,8,1,21,1940,5,2,2,2,3,75116,M,,,75
200800004597,8,1,21,2030,5,2,1,2,7,75116,M,,,75
200800004598,8,1,21,1955,5,2,1,2,6,75116,M,,,75
200800004599,8,1,21,630,5,2,1,1,6,75117,M,,,75
200800004600,8,1,21,1855,5,2,5,8,3,75119,M,,,75
200800004601,8,1,21,2000,5,2,1,2,3,75120,M,,,75
200800004602,8,1,21,2118,5,2,1,1,1,75120,M,,,75
200800004603,8,1,22,1134,1,2,1,1,7,75101,M,,,75
200800004604,8,1,22,1315,1,2,1,1,3,75101,M,,,75
200800004605,8,1,22,1700,1,2,3,1,3,75104,M,,,75
200800004606,8,1,22,1001,1,2,1,2,3,75105,M,,,75
200800004607,8,1,22,1110,1,2,1,1,6,75105,M,,,75
200800004608,8,1,22,1415,1,2,3,1,7,75112,M,,,75
200800004609,8,1,22,1550,1,2,2,1,3,75113,M,,,75
200800004610,8,1,22,1930,5,2,1,1,4,75113,M,,,75
200800004611,8,1,22,1850,5,2,1,1,3,75114,M,,,75
200800004612,8,1,22,1845,5,2,1,1,4,75115,M,,,75
200800004613,8,1,22,750,5,2,1,1,6,75117,M,,,75
200800004614,8,1,22,1415,1,2,1,1,5,75117,M,,,75
200800004615,8,1,22,1815,5,2,1,1,6,75117,M,,,75
200800004616,8,1,22,2140,5,2,1,1,6,75117,M,,,75
200800004617,8,1,22,130,5,2,1,2,6,75118,M,,,75
200800004618,8,1,22,25,5,2,1,2,7,75119,M,,,75
200800004619,8,1,22,2320,5,2,5,1,2,75119,M,,,75
200800004620,8,1,22,615,5,2,1,1,6,75120,M,,,75
200800004621,8,1,22,1355,1,2,1,1,6,75120,M,,,75
200800004622,8,1,22,1300,1,2,2,1,3,75116,M,,,75
200800004623,8,1,22,1250,1,2,1,1,6,75106,M,,,75
200800004624,8,1,22,2030,5,2,1,1,6,75114,M,,,75
200800004625,8,1,22,700,2,2,1,1,3,75117,M,,,75
200800004626,8,1,22,1745,5,2,1,1,4,75120,M,,,75
200800004627,8,1,22,1724,1,2,1,1,3,75120,M,,,75
200800004628,8,1,23,1748,5,2,7,1,3,75102,M,,,75
200800004629,8,1,23,1615,1,2,1,1,7,75107,M,,,75
200800004630,8,1,23,1930,5,2,5,1,7,75116,M,,,75
200800004631,8,1,23,1530,1,2,1,1,3,75108,M,,,75
200800004632,8,1,23,735,5,2,3,1,3,75109,M,,,75
200800004633,8,1,23,1249,1,2,1,1,6,75109,M,,,75
200800004634,8,1,23,1730,1,2,1,1,6,75109,M,,,75
200800004635,8,1,23,1620,1,2,1,1,6,75110,M,,,75
200800004636,8,1,23,1735,5,2,1,1,6,75110,M,,,75
200800004637,8,1,23,915,1,2,1,1,6,75113,M,,,75
200800004638,8,1,23,900,1,2,1,1,6,75113,M,,,75
200800004639,8,1,23,2125,5,2,1,1,6,75115,M,,,75
200800004640,8,1,23,1,5,2,2,1,6,75116,M,,,75
200800004641,8,1,23,649,2,2,3,1,3,75116,M,,,75
200800004642,8,1,23,1800,5,2,1,1,3,75116,M,,,75
200800004643,8,1,23,1850,5,2,1,1,2,75117,M,,,75
200800004644,8,1,23,1220,1,2,1,1,2,75118,M,,,75
200800004645,8,1,23,1610,1,2,1,1,6,75118,M,,,75
200800004646,8,1,23,1450,1,2,1,1,2,75119,M,,,75
200800004647,8,1,23,1800,5,2,1,1,3,75119,M,,,75
200800004648,8,1,23,1801,2,2,3,8,3,75119,M,,,75
200800004649,8,1,23,1600,1,2,1,1,6,75120,M,,,75
200800004650,8,1,23,2330,5,2,1,1,2,75120,M,,,75
200800004651,8,1,23,1805,5,2,1,1,2,75116,M,,,75
200800004652,8,1,23,1925,4,2,1,1,3,75108,M,,,75
200800004653,8,1,23,700,5,2,1,1,7,75112,M,,,75
200800004654,8,1,23,1235,1,2,1,1,2,75114,M,,,75
200800004655,8,1,23,2015,5,2,1,1,2,75120,M,,,75
200800004656,8,1,24,1825,5,2,2,2,3,75101,M,,,75
200800004657,8,1,24,935,1,2,1,1,6,75105,M,,,75
200800004658,8,1,24,1950,5,2,1,2,7,75105,M,,,75
200800004659,8,1,24,850,1,2,1,1,3,75107,M,,,75
200800004660,8,1,24,1630,1,2,1,2,7,75107,M,,,75
200800004661,8,1,24,1010,1,2,1,1,5,75109,M,,,75
200800004662,8,1,24,805,1,2,2,1,7,75110,M,,,75
200800004663,8,1,24,1355,1,2,1,1,3,75110,M,,,75
200800004664,8,1,24,1620,1,2,1,1,2,75111,M,,,75
200800004665,8,1,24,920,1,2,1,1,6,75112,M,,,75
200800004666,8,1,24,1001,1,2,1,1,6,75112,M,,,75
200800004667,8,1,24,1805,5,2,1,2,6,75113,M,,,75
200800004668,8,1,24,1205,1,2,1,1,7,75114,M,,,75
200800004669,8,1,24,2005,5,2,1,2,7,75114,M,,,75
200800004670,8,1,24,820,2,2,1,1,6,75115,M,,,75
200800004671,8,1,24,40,5,2,3,1,3,75116,M,,,75
200800004672,8,1,24,915,1,2,1,1,7,75116,M,,,75
200800004673,8,1,24,1915,5,2,1,2,7,75116,M,,,75
200800004674,8,1,24,1940,5,2,2,2,6,75116,M,,,75
200800004675,8,1,24,2030,5,2,3,1,3,75116,M,,,75
200800004676,8,1,24,1540,1,2,1,1,4,75117,M,,,75
200800004677,8,1,24,1845,5,2,1,8,2,75117,M,,,75
200800004678,8,1,24,920,1,2,2,1,6,75118,M,,,75
200800004679,8,1,24,1530,1,2,1,1,6,75119,M,,,75
200800004680,8,1,24,1945,5,2,1,2,7,75119,M,,,75
200800004681,8,1,24,857,1,2,1,1,6,75120,M,,,75
200800004682,8,1,24,1400,1,2,1,1,7,75120,M,,,75
200800004683,8,1,24,1945,5,2,1,2,3,75120,M,,,75
200800004684,8,1,24,615,5,2,2,1,3,75108,M,,,75
200800004685,8,1,24,1950,5,2,1,1,6,75114,M,,,75
200800004686,8,1,24,2145,5,2,2,1,3,75114,M,,,75
200800004687,8,1,24,30,5,2,1,1,5,75111,M,,,75
200800004688,8,1,24,2110,5,2,1,1,2,75113,M,,,75
200800004689,8,1,25,1945,5,2,1,1,6,75103,M,,,75
200800004690,8,1,25,1720,1,2,1,1,7,75103,M,,,75
200800004691,8,1,25,1840,5,2,1,1,6,75104,M,,,75
200800004692,8,1,25,1645,1,2,1,1,3,75107,M,,,75
200800004693,8,1,25,1345,1,2,1,1,6,75108,M,,,75
200800004694,8,1,25,1305,1,2,2,1,7,75109,M,,,75
200800004695,8,1,25,249,5,2,1,1,6,75110,M,,,75
200800004696,8,1,25,1850,5,2,1,1,6,75110,M,,,75
200800004697,8,1,25,1130,1,2,1,1,4,75112,M,,,75
200800004698,8,1,25,1710,2,2,1,1,7,75112,M,,,75
200800004699,8,1,25,1530,1,2,1,1,6,75113,M,,,75
200800004700,8,1,25,1935,4,2,3,1,6,75114,M,,,75
200800004701,8,1,25,310,5,2,1,1,6,75115,M,,,75
200800004702,8,1,25,1212,1,2,3,1,7,75115,M,,,75
200800004703,8,1,25,2230,5,2,2,1,3,75115,M,,,75
200800004704,8,1,25,400,5,2,1,1,6,75116,M,,,75
200800004705,8,1,25,1740,5,2,1,1,2,75116,M,,,75
200800004706,8,1,25,2225,5,2,4,1,7,75116,M,,,75
200800004707,8,1,25,1150,1,2,1,1,6,75117,M,,,75
200800004708,8,1,25,1710,1,2,2,1,6,75119,M,,,75
200800004709,8,1,25,850,1,2,1,1,6,75120,M,,,75
200800004710,8,1,25,950,1,2,1,1,2,75120,M,,,75
200800004711,8,1,25,1630,1,2,1,1,6,75120,M,,,75
200800004712,8,1,25,1240,1,2,1,1,2,75110,M,,,75
200800004713,8,1,25,1645,1,2,1,1,3,75113,M,,,75
200800004714,8,1,25,1645,1,2,1,1,3,75112,M,,,75
200800004715,8,1,25,1915,5,2,1,1,7,75116,M,,,75
200800004716,8,1,26,615,5,2,3,1,6,75103,M,,,75
200800004717,8,1,26,600,5,2,1,1,7,75105,M,,,75
200800004718,8,1,26,2105,5,2,1,1,6,75108,M,,,75
200800004719,8,1,26,510,5,2,1,1,7,75109,M,,,75
200800004720,8,1,26,2040,5,2,2,1,3,75110,M,,,75
200800004721,8,1,26,1725,1,2,2,1,3,75111,M,,,75
200800004722,8,1,26,1610,1,2,1,1,6,75113,M,,,75
200800004723,8,1,26,1535,1,2,1,1,3,75113,M,,,75
200800004724,8,1,26,240,5,2,1,1,6,75115,M,,,75
200800004725,8,1,26,2035,5,2,2,1,3,75115,M,,,75
200800004726,8,1,26,2115,5,2,1,1,2,75116,M,,,75
200800004727,8,1,26,35,5,2,1,1,1,75116,M,,,75
200800004728,8,1,26,1215,1,2,1,1,6,75114,M,,,75
200800004729,8,1,26,1250,1,2,1,1,3,75120,M,,,75
200800004730,8,1,26,2210,3,2,1,1,5,75117,M,,,75
200800004731,8,1,27,1830,5,2,3,1,6,75104,M,,,75
200800004732,8,1,27,250,5,2,1,1,6,75113,M,,,75
200800004733,8,1,27,1740,2,2,2,1,6,75105,M,,,75
200800004734,8,1,27,430,5,2,1,1,2,75107,M,,,75
200800004735,8,1,27,2005,2,2,1,1,3,75108,M,,,75
200800004736,8,1,27,358,5,2,1,1,6,75110,M,,,75
200800004737,8,1,27,1143,1,2,2,1,3,75112,M,,,75
200800004738,8,1,27,50,5,2,1,1,3,75113,M,,,75
200800004739,8,1,27,555,5,2,1,1,7,75116,M,,,75
200800004740,8,1,27,2030,5,2,1,1,6,75117,M,,,75
200800004741,8,1,27,955,1,2,1,1,6,75118,M,,,75
200800004742,8,1,27,1450,1,2,1,1,3,75118,M,,,75
200800004743,8,1,27,2100,5,2,1,1,3,75119,M,,,75
200800004744,8,1,27,1430,1,2,1,1,6,75105,M,,,75
200800004745,8,1,27,1045,1,2,1,1,2,75116,M,,,75
200800004746,8,1,27,1420,1,2,1,1,2,75112,M,,,75
200800004747,8,1,28,1200,1,2,1,1,3,75101,M,,,75
200800004748,8,1,28,930,1,2,2,1,7,75111,M,,,75
200800004749,8,1,28,1320,1,2,1,1,6,75111,M,,,75
200800004750,8,1,28,745,1,2,2,1,6,75113,M,,,75
200800004751,8,1,28,1335,1,2,2,1,6,75113,M,,,75
200800004752,8,1,28,1705,1,2,1,8,7,75114,M,,,75
200800004753,8,1,28,2325,5,2,1,1,7,75114,M,,,75
200800004754,8,1,28,1535,1,2,3,1,6,75115,M,,,75
200800004755,8,1,28,1730,2,2,3,1,3,75115,M,,,75
200800004756,8,1,28,1910,5,2,1,1,3,75118,M,,,75
200800004757,8,1,28,1350,1,2,1,1,3,75119,M,,,75
200800004758,8,1,28,1425,1,2,3,1,3,75104,M,,,75
200800004759,8,1,28,1000,1,2,1,1,3,75116,M,,,75
200800004760,8,1,29,235,5,2,1,1,6,75106,M,,,75
200800004761,8,1,29,940,1,2,1,1,6,75107,M,,,75
200800004762,8,1,29,7,5,2,2,1,3,75108,M,,,75
200800004763,8,1,29,1815,5,2,1,8,2,75108,M,,,75
200800004764,8,1,29,1320,1,2,3,1,7,75109,M,,,75