Num_Acc,an,mois,jour,hrmn,lum,agg,int,atm,col,com,gps,lat,long,dep
200800004765,8,1,29,1600,1,2,3,1,3,75109,M,,,75
200800004766,8,1,29,1340,1,2,2,1,3,75110,M,,,75
200800004767,8,1,29,1655,1,2,1,8,7,75112,M,,,75
200800004768,8,1,29,2200,5,2,3,1,3,75114,M,,,75
200800004769,8,1,29,1205,1,2,1,1,6,75115,M,,,75
200800004770,8,1,29,1850,5,2,4,1,7,75115,M,,,75
200800004771,8,1,29,725,2,2,2,1,3,75116,M,,,75
200800004772,8,1,29,2025,5,2,3,1,3,75119,M,,,75
200800004773,8,1,29,1515,1,2,1,8,6,75120,M,,,75
200800004774,8,1,29,1,5,2,1,1,7,75102,M,,,75
200800004775,8,1,29,200,5,2,1,1,6,75119,M,,,75
200800004776,8,1,29,1935,5,2,1,1,3,75116,M,,,75
200800004777,8,1,31,1020,1,2,1,1,3,75101,M,,,75
200800004778,8,1,31,2010,5,2,3,2,3,75101,M,,,75
200800004779,8,1,30,1230,1,2,2,2,3,75102,M,,,75
200800004780,8,1,30,1125,1,2,2,2,3,75102,M,,,75
200800004781,8,1,30,1645,1,2,3,2,3,75105,M,,,75
200800004782,8,1,30,850,1,2,1,8,2,75108,M,,,75
200800004783,8,1,30,915,1,2,1,2,6,75108,M,,,75
200800004784,8,1,30,1507,1,2,1,2,3,75108,M,,,75
200800004785,8,1,30,1855,5,2,5,8,3,75108,M,,,75
200800004786,8,1,30,2045,5,2,1,1,6,75108,M,,,75
200800004787,8,1,31,1225,1,2,2,1,7,75109,M,,,75
200800004788,8,1,30,1451,1,2,1,2,6,75110,M,,,75
200800004789,8,1,30,2215,5,2,5,1,3,75110,M,,,75
200800004790,8,1,31,1645,1,2,1,8,6,75110,M,,,75
200800004791,8,1,30,1920,3,2,1,1,6,75111,M,,,75
200800004792,8,1,31,920,1,2,6,1,3,75111,M,,,75
200800004793,8,1,31,2230,5,2,2,2,6,75111,M,,,75
200800004794,8,1,31,1635,1,2,7,1,3,75112,M,,,75
200800004795,8,1,30,1450,1,2,2,2,3,75113,M,,,75
200800004796,8,1,30,1810,5,2,1,1,6,75113,M,,,75
200800004797,8,1,31,815,1,2,1,1,7,75113,M,,,75
200800004798,8,1,31,1140,1,2,1,1,2,75113,M,,,75
200800004799,8,1,31,1015,1,2,6,1,6,75113,M,,,75
200800004800,8,1,31,1945,5,2,3,1,3,75113,M,,,75
200800004801,8,1,30,1730,1,2,3,1,6,75114,M,,,75
200800004802,8,1,30,2055,5,2,2,8,3,75114,M,,,75
200800004803,8,1,31,1010,1,2,1,1,7,75107,M,,,75
200800004804,8,1,30,920,1,2,1,2,6,75116,M,,,75
200800004805,8,1,30,1030,1,2,2,2,3,75116,M,,,75
200800004806,8,1,30,1700,1,2,1,8,7,75116,M,,,75
200800004807,8,1,30,2005,5,2,2,1,6,75116,M,,,75
200800004808,8,1,31,1945,5,2,1,1,6,75116,M,,,75
200800004809,8,1,30,1150,1,2,1,2,7,75117,M,,,75
200800004810,8,1,31,1300,1,2,3,1,1,75118,M,,,75
200800004811,8,1,31,1710,5,2,1,1,6,75118,M,,,75
200800004812,8,1,31,1550,1,2,1,1,1,75119,M,,,75
200800004813,8,1,30,1210,1,2,1,2,6,75120,M,,,75
200800004814,8,1,31,1325,1,2,2,1,6,75113,M,,,75
200800004815,8,1,30,815,1,2,1,2,2,75113,M,,,75
200800004816,8,1,30,1900,5,2,1,1,6,75113,M,,,75
200800004817,8,1,30,2000,5,2,1,1,3,75112,M,,,75
200800004818,8,1,31,815,1,2,1,1,5,75116,M,,,75
200800004819,8,1,17,715,5,2,1,1,3,75120,M,,,75
200800004820,8,1,3,1,3,1,1,1,7,77121,M,,,77
200800004821,8,1,3,356,3,1,1,1,2,77169,M,,,77
200800004822,8,1,3,440,3,1,1,2,7,77249,M,,,77
200800004823,8,1,3,700,4,1,1,2,6,77237,M,,,77
200800004824,8,1,4,815,2,1,1,2,4,77373,M,,,77
200800004825,8,1,5,1510,1,1,1,8,5,77468,M,,,77
200800004826,8,1,6,650,3,1,1,8,6,77175,M,,,77
200800004827,8,1,6,2050,4,1,1,1,4,94042,M,,,94
200800004828,8,1,7,1245,1,1,1,1,7,77450,M,,,77
200800004829,8,1,8,925,1,1,9,1,5,77294,M,,,77
200800004830,8,1,7,1110,1,1,1,1,6,94022,M,,,94
200800004831,8,1,13,2000,3,1,1,1,7,94079,M,,,94
200800004832,8,1,9,835,1,1,1,1,6,77348,M,,,77
200800004833,8,1,10,930,1,1,1,1,7,94073,M,,,94
200800004834,8,1,10,1730,2,1,1,8,5,77175,M,,,77
200800004835,8,1,11,1245,1,1,1,1,2,94033,M,,,94
200800004836,8,1,13,1720,1,1,1,1,4,94017,M,,,94
200800004837,8,1,14,835,1,1,1,1,3,94017,M,,,94
200800004838,8,1,14,1010,1,1,1,1,6,77450,M,,,77
200800004839,8,1,14,1600,1,1,9,2,3,77384,M,,,77
200800004840,8,1,15,857,1,1,9,1,3,94017,M,,,94
200800004841,8,1,15,1545,1,1,1,2,6,94073,M,,,94
200800004842,8,1,16,1705,2,1,1,2,4,93051,M,,,93
200800004843,8,1,15,1915,3,1,1,6,3,77249,M,,,77
200800004844,8,1,15,2000,3,1,1,2,3,77348,M,,,77
200800004845,8,1,15,2045,3,1,1,1,2,77348,M,,,77
200800004846,8,1,16,900,1,1,1,1,6,94044,M,,,94
200800004847,8,1,16,1910,5,1,1,2,3,94017,M,,,94
200800004848,8,1,16,2045,5,1,1,1,5,94017,M,,,94
200800004849,8,1,17,1400,1,1,1,1,6,94074,M,,,94
200800004850,8,1,18,1125,1,1,1,2,7,94046,M,,,94
200800004851,8,1,18,1215,1,1,1,3,2,77514,M,,,77
200800004852,8,1,18,1240,1,1,1,1,3,77169,M,,,77
200800004853,8,1,18,1845,5,1,1,1,3,94033,M,,,94
200800004854,8,1,20,1550,1,1,1,1,2,77348,M,,,77
200800004855,8,1,22,735,5,1,1,1,2,94018,M,,,94
200800004856,8,1,22,815,2,1,1,1,2,75112,M,,,75
200800004857,8,1,22,1045,1,1,1,1,2,77251,M,,,77
200800004858,8,1,23,900,1,1,1,1,3,94028,M,,,94
200800004859,8,1,25,850,1,1,9,1,4,77181,M,,,77
200800004860,8,1,25,1850,3,1,1,1,3,94011,M,,,94
200800004861,8,1,26,1845,3,1,1,1,2,77450,M,,,77
200800004862,8,1,27,1515,1,1,1,1,2,77294,M,,,77
200800004863,8,1,28,745,2,1,1,1,4,93051,M,,,93
200800004864,8,1,30,800,2,1,1,1,7,77517,M,,,77
200800004865,8,1,30,940,1,1,1,2,3,94022,M,,,94
200800004866,8,1,30,1610,1,1,1,2,4,94022,M,,,94
200800004867,8,1,30,1700,1,1,1,1,5,94033,M,,,94
200800004868,8,1,31,550,3,1,1,1,6,77175,M,,,77
200800004869,8,1,31,620,3,1,1,8,2,77175,M,,,77
200800004870,8,1,31,1000,1,1,1,1,7,94017,M,,,94
200800004871,8,1,1,1015,1,1,1,2,7,93066,M,,,93
200800004872,8,1,1,1440,1,1,1,2,7,95018,M,,,95
200800004873,8,1,2,1640,1,1,1,1,7,95678,M,,,95
200800004874,8,1,2,1440,1,1,1,1,4,95252,M,,,95
200800004875,8,1,3,650,2,1,1,4,6,95042,M,,,95
200800004876,8,1,3,736,1,1,1,4,6,95365,M,,,95
200800004877,8,1,3,525,3,1,1,1,7,95256,M,,,95
200800004878,8,1,3,700,2,1,1,2,4,93008,M,,,93
200800004879,8,1,3,755,2,1,1,1,7,95256,M,,,95
200800004880,8,1,3,835,1,1,1,2,2,95394,M,,,95
200800004881,8,1,3,2110,4,1,1,2,3,93032,M,,,93
200800004882,8,1,4,630,5,1,1,2,7,93008,M,,,93
200800004883,8,1,14,1400,1,1,1,2,2,95042,M,,,95
200800004884,8,1,5,150,5,1,1,3,7,95277,M,,,95
200800004885,8,1,5,1500,1,1,1,2,6,93027,M,,,93
200800004886,8,1,5,900,1,1,1,2,7,93027,M,,,93
200800004887,8,1,5,1720,3,1,1,2,4,95572,M,,,95
200800004888,8,1,5,2145,3,1,1,2,2,95488,M,,,95
200800004889,8,1,5,2345,5,1,1,2,3,93027,M,,,93
200800004890,8,1,6,940,1,1,1,1,7,92036,M,,,92
200800004891,8,1,6,1145,1,1,1,1,6,93027,M,,,93
200800004892,8,1,6,1200,1,1,1,1,6,92036,M,,,92
200800004893,8,1,6,1600,1,1,1,1,5,93008,M,,,93
200800004894,8,1,7,250,5,1,1,2,7,93027,M,,,93
200800004895,8,1,7,800,2,1,1,2,2,95252,M,,,95
200800004896,8,1,8,820,1,1,1,1,5,95582,M,,,95
200800004897,8,1,9,900,1,1,1,2,2,95572,M,,,95
200800004898,8,1,9,900,1,1,1,2,4,95394,M,,,95
200800004899,8,1,9,1015,1,1,1,2,3,93027,M,,,93
200800004900,8,1,9,1305,1,1,1,2,7,93032,M,,,93
200800004901,8,1,9,1800,2,1,1,1,2,95572,M,,,95
200800004902,8,1,10,1240,1,1,1,1,7,93032,M,,,93
200800004903,8,1,11,2000,3,1,1,2,2,93048,M,,,93
200800004904,8,1,12,130,1,1,1,2,6,95604,M,,,95
200800004905,8,1,12,1500,1,1,1,1,6,93078,M,,,93
200800004906,8,1,12,2000,5,1,1,1,4,93013,M,,,93
200800004907,8,1,12,1915,3,1,1,1,2,93039,M,,,93
200800004908,8,1,13,55,3,1,1,1,5,92036,M,,,92
200800004909,8,1,13,1200,1,1,1,2,6,93032,M,,,93
200800004910,8,1,14,600,5,1,1,2,7,93027,M,,,93
200800004911,8,1,14,810,2,1,1,2,3,95018,M,,,95
200800004912,8,1,14,630,5,1,1,2,6,95641,M,,,95
200800004913,8,1,15,320,3,1,1,1,6,95018,M,,,95
200800004914,8,1,15,555,5,1,1,1,6,93053,M,,,93
200800004915,8,1,15,1630,1,1,1,2,6,93027,M,,,93
200800004916,8,1,15,1450,1,1,1,2,2,92036,M,,,92
200800004917,8,1,15,1530,1,1,1,8,6,92036,M,,,92
200800004918,8,1,15,2115,4,1,1,2,7,93066,M,,,93
200800004919,8,1,16,915,1,1,1,2,2,93032,M,,,93
200800004920,8,1,16,930,1,1,1,8,6,92036,M,,,92
200800004921,8,1,16,1000,1,1,1,1,3,92036,M,,,92
200800004922,8,1,16,1010,1,1,1,1,3,95582,M,,,95
200800004923,8,1,16,1300,1,1,1,1,7,93039,M,,,93
200800004924,8,1,16,1730,5,1,1,2,7,95527,M,,,95
200800004925,8,1,16,1805,2,1,1,2,7,92036,M,,,92
200800004926,8,1,17,815,1,1,1,1,2,93066,M,,,93
200800004927,8,1,17,2055,5,1,1,2,3,93027,M,,,93
200800004928,8,1,26,1730,1,2,3,1,3,94017,M,,,94
200800004929,8,1,27,1800,5,2,2,1,5,94017,M,,,94
200800004930,8,1,31,615,5,2,9,1,1,94017,M,,,94
200800004931,8,1,3,1720,5,2,4,1,6,94069,M,,,94
200800004932,8,1,2,1415,1,2,1,1,6,94069,M,,,94
200800004933,8,1,3,1948,5,2,3,2,3,94069,M,,,94
200800004934,8,1,7,1940,5,2,3,1,6,94018,M,,,94
200800004935,8,1,18,1850,5,2,1,1,6,94018,M,,,94
200800004936,8,1,23,1624,1,2,1,1,1,94069,M,,,94
200800004937,8,1,24,805,1,2,1,1,6,94018,M,,,94
200800004938,8,1,8,1400,1,2,5,1,3,94069,M,,,94
200800004939,8,1,10,1355,1,2,2,1,3,94018,M,,,94
200800004940,8,1,4,1630,1,2,1,1,6,94019,M,,,94
200800004941,8,1,4,1440,1,2,1,1,7,94079,M,,,94
200800004942,8,1,10,1720,1,2,1,1,6,94053,M,,,94
200800004943,8,1,11,735,5,1,1,1,7,94079,M,,,94
200800004944,8,1,14,1155,1,2,1,1,6,94055,M,,,94
200800004945,8,1,16,1515,1,2,3,1,7,94079,M,,,94
200800004946,8,1,16,1710,2,2,1,8,6,94019,M,,,94
200800004947,8,1,16,1945,5,2,2,1,3,94079,M,,,94
200800004948,8,1,19,1115,1,2,1,1,2,94059,M,,,94
200800004949,8,1,19,1225,1,2,2,1,3,94019,M,,,94
200800004950,8,1,26,1640,1,2,1,1,3,94019,M,,,94
200800004951,8,1,27,1700,1,2,1,1,7,94079,M,,,94
200800004952,8,1,28,750,1,2,1,1,2,94060,M,,,94
200800004953,8,1,30,1200,1,1,1,1,6,94079,M,,,94
200800004954,8,1,30,2320,3,1,1,8,6,94019,M,,,94
200800004955,8,1,12,1200,1,2,3,1,6,94022,M,,,94
200800004956,8,1,15,1130,1,2,1,2,7,94022,M,,,94
200800004957,8,1,15,1028,1,2,1,2,3,94022,M,,,94
200800004958,8,1,18,1012,1,2,1,1,6,94022,M,,,94
200800004959,8,1,22,1650,1,2,2,1,3,94054,M,,,94
200800004960,8,1,24,1345,1,2,1,1,4,94054,M,,,94
200800004961,8,1,31,1630,1,2,1,1,6,94022,M,,,94
200800004962,8,1,1,1840,5,2,2,1,3,94028,M,,,94
200800004963,8,1,1,1725,2,2,1,1,3,94028,M,,,94
200800004964,8,1,2,1400,1,1,1,1,2,94028,M,,,94
200800004965,8,1,6,1520,1,2,1,1,7,94028,M,,,94
200800004966,8,1,4,1200,1,2,1,1,2,94028,M,,,94
200800004967,8,1,7,805,5,2,1,1,4,94011,M,,,94
200800004968,8,1,7,2035,5,2,1,1,7,94028,M,,,94
200800004969,8,1,8,1415,1,2,1,1,6,94028,M,,,94
200800004970,8,1,9,1000,1,2,1,1,6,94028,M,,,94
200800004971,8,1,9,1945,2,2,1,2,6,94028,M,,,94
200800004972,8,1,10,803,2,2,1,1,6,94011,M,,,94
200800004973,8,1,14,1910,5,2,1,1,6,94028,M,,,94
200800004974,8,1,14,1625,1,2,1,1,7,94028,M,,,94
200800004975,8,1,15,1250,1,2,1,2,7,94028,M,,,94
200800004976,8,1,17,1400,1,2,1,1,7,94028,M,,,94
200800004977,8,1,19,2055,5,2,1,1,4,94028,M,,,94
200800004978,8,1,18,1530,1,2,1,1,6,94028,M,,,94
200800004979,8,1,22,815,2,2,1,1,3,94028,M,,,94
200800004980,8,1,22,1600,1,2,1,1,7,94028,M,,,94
200800004981,8,1,22,825,1,2,1,1,3,94028,M,,,94
200800004982,8,1,23,1930,5,2,1,8,2,94011,M,,,94
200800004983,8,1,24,1800,1,2,1,1,2,94011,M,,,94
200800004984,8,1,25,1945,1,2,1,1,6,94028,M,,,94
200800004985,8,1,28,1345,1,2,1,1,6,94028,M,,,94
200800004986,8,1,29,1245,1,2,1,1,6,94028,M,,,94
200800004987,8,1,31,1130,1,2,1,1,6,94028,M,,,94
200800004988,8,1,15,845,1,2,2,2,2,94033,M,,,94
200800004989,8,1,18,1005,1,2,2,1,3,94033,M,,,94
200800004990,8,1,30,1615,1,2,2,1,6,94033,M,,,94
200800004991,8,1,4,1300,1,2,2,1,6,94003,M,,,94
200800004992,8,1,4,2010,5,2,1,2,2,94076,M,,,94
200800004993,8,1,6,1415,1,2,1,1,7,94003,M,,,94
200800004994,8,1,10,815,1,2,9,8,3,94016,M,,,94
200800004995,8,1,12,1405,1,2,2,1,7,94076,M,,,94
200800004996,8,1,16,1830,2,2,2,1,7,94076,M,,,94
200800004997,8,1,18,1735,5,2,2,2,7,94076,M,,,94
200800004998,8,1,18,1950,5,2,3,1,3,94043,M,,,94
200800004999,8,1,22,2105,5,2,1,1,1,94076,M,,,94
200800005000,8,1,23,1000,1,2,1,1,2,94076,M,,,94
200800005001,8,1,25,1115,1,2,1,1,2,94043,M,,,94
200800005002,8,1,26,1335,1,2,1,7,7,94076,M,,,94
200800005003,8,1,27,230,5,2,1,1,6,94076,M,,,94
200800005004,8,1,26,2220,5,2,2,1,6,94076,M,,,94
200800005005,8,1,28,1720,1,2,1,1,7,94076,M,,,94
200800005006,8,1,29,640,5,2,1,1,7,94076,M,,,94
200800005007,8,1,29,1240,1,2,1,1,6,94003,M,,,94
200800005008,8,1,28,1835,2,2,2,1,1,94076,M,,,94
200800005009,8,1,31,1455,1,2,1,1,6,94076,M,,,94
200800005010,8,1,1,210,5,2,1,2,2,94073,M,,,94
200800005011,8,1,2,345,5,2,1,1,6,94038,M,,,94
200800005012,8,1,3,750,5,2,3,2,3,94021,M,,,94
200800005013,8,1,2,1215,1,2,1,1,2,94073,M,,,94
200800005014,8,1,4,1200,1,2,3,1,3,94073,M,,,94
200800005015,8,1,6,715,3,2,1,2,6,94065,M,,,94
200800005016,8,1,7,30,5,2,1,2,6,94073,M,,,94
200800005017,8,1,7,2355,5,1,1,1,6,94073,M,,,94
200800005018,8,1,9,1550,1,2,3,1,4,94038,M,,,94
200800005019,8,1,10,1415,1,2,1,8,3,94038,M,,,94
200800005020,8,1,11,1305,1,2,2,3,3,94073,M,,,94
200800005021,8,1,13,1455,1,2,1,1,6,94038,M,,,94
200800005022,8,1,15,1130,1,2,2,2,2,94038,M,,,94
200800005023,8,1,16,955,1,2,1,1,3,94065,M,,,94
200800005024,8,1,16,1440,1,2,1,1,3,94034,M,,,94
200800005025,8,1,17,615,2,2,1,1,2,94065,M,,,94
200800005026,8,1,18,1530,1,2,5,2,3,94021,M,,,94
200800005027,8,1,18,1920,5,2,9,2,3,94073,M,,,94
200800005028,8,1,22,1245,1,2,1,1,6,94038,M,,,94
200800005029,8,1,24,1020,1,2,3,1,6,94038,M,,,94
200800005030,8,1,27,1250,1,2,6,1,1,94073,M,,,94
200800005031,8,1,29,1045,1,2,2,1,3,94038,M,,,94
200800005032,8,1,28,1745,2,2,1,1,6,94021,M,,,94
200800005033,8,1,24,1942,5,2,2,1,3,94073,M,,,94
200800005034,8,1,29,1510,1,2,1,1,2,94034,M,,,94
200800005035,8,1,29,1210,1,2,1,1,2,94073,M,,,94
200800005036,8,1,9,1500,1,2,2,2,3,94041,M,,,94
200800005037,8,1,15,820,1,2,2,2,3,94041,M,,,94
200800005038,8,1,15,1830,2,2,1,6,3,94041,M,,,94
200800005039,8,1,17,820,1,2,1,2,7,94041,M,,,94
200800005040,8,1,19,1530,1,2,1,1,7,94041,M,,,94
200800005041,8,1,12,630,2,1,2,2,6,94041,M,,,94
200800005042,8,1,25,1710,2,2,1,2,6,94041,M,,,94
200800005043,8,1,1,40,5,2,2,1,6,94046,M,,,94
200800005044,8,1,6,555,5,2,2,1,1,94046,M,,,94
200800005045,8,1,10,1835,5,2,1,1,3,94046,M,,,94
200800005046,8,1,16,1230,1,2,1,2,6,94046,M,,,94
200800005047,8,1,23,1425,1,2,1,1,1,94046,M,,,94
200800005048,8,1,24,815,1,2,1,1,6,94046,M,,,94
200800005049,8,1,24,845,1,2,2,1,3,94046,M,,,94
200800005050,8,1,24,1155,1,2,1,1,6,94046,M,,,94
200800005051,8,1,24,1900,5,2,2,1,3,94046,M,,,94
200800005052,8,1,25,1215,1,2,1,1,1,94046,M,,,94
200800005053,8,1,25,1550,1,2,1,1,6,94046,M,,,94
200800005054,8,1,26,1430,1,2,1,1,6,94046,M,,,94
200800005055,8,1,31,1435,1,2,2,1,3,94046,M,,,94
200800005056,8,1,7,2225,5,2,2,1,3,94068,M,,,94
200800005057,8,1,10,1230,1,2,1,1,6,94068,M,,,94
200800005058,8,1,14,755,1,2,1,1,6,94068,M,,,94
200800005059,8,1,16,1902,5,2,1,1,6,94068,M,,,94
200800005060,8,1,22,1745,4,2,1,1,3,94068,M,,,94
200800005061,8,1,25,1610,1,2,2,1,3,94068,M,,,94
200800005062,8,1,12,1820,3,2,1,1,3,94068,M,,,94
200800005063,8,1,5,740,5,2,3,2,6,94078,M,,,94
200800005064,8,1,14,550,5,1,1,2,6,94078,M,,,94
200800005065,8,1,9,1250,1,2,4,1,6,94078,M,,,94
200800005066,8,1,21,1315,1,2,2,1,6,94074,M,,,94
200800005067,8,1,18,2045,5,2,1,2,6,94078,M,,,94
200800005068,8,1,23,815,1,2,1,1,6,94074,M,,,94
200800005069,8,1,25,1055,1,2,1,1,7,94077,M,,,94
200800005070,8,1,27,425,3,2,1,1,7,94078,M,,,94
200800005071,8,1,7,1355,1,2,1,1,5,94078,M,,,94
200800005072,8,1,22,900,1,2,1,1,2,94077,M,,,94
200800005073,8,1,5,1730,5,2,1,1,6,94080,M,,,94
200800005074,8,1,10,1015,1,2,2,2,1,94080,M,,,94
200800005075,8,1,16,730,1,2,3,2,6,94080,M,,,94
200800005076,8,1,16,750,2,2,1,2,6,94067,M,,,94
200800005077,8,1,17,1450,1,2,1,2,6,94080,M,,,94
200800005078,8,1,19,2200,5,2,2,1,3,94080,M,,,94
200800005079,8,1,21,2110,5,2,2,2,1,94080,M,,,94
200800005080,8,1,25,1520,1,2,1,1,3,94080,M,,,94
200800005081,8,1,28,1940,5,2,2,1,1,94080,M,,,94
200800005082,8,1,30,1335,1,2,1,2,4,94080,M,,,94
200800005083,8,1,6,45,5,2,1,2,6,94081,M,,,94
200800005084,8,1,7,1655,2,2,1,1,5,94081,M,,,94
200800005085,8,1,10,1210,1,2,6,2,3,94081,M,,,94
200800005086,8,1,18,1445,1,2,1,1,2,94081,M,,,94
200800005087,8,1,21,740,4,2,2,1,6,94081,M,,,94
200800005088,8,1,25,950,1,2,9,1,6,94081,M,,,94
200800005089,8,1,31,1330,1,2,2,1,3,94081,M,,,94
200800005090,8,1,2,1400,1,2,1,7,2,95018,M,,,95
200800005091,8,1,2,1800,3,2,1,1,1,95018,M,,,95
200800005092,8,1,5,1850,5,2,6,1,4,95018,M,,,95
200800005093,8,1,5,1415,1,2,2,2,3,95018,M,,,95
200800005094,8,1,9,1255,1,2,1,1,6,95018,M,,,95
200800005095,8,1,9,1956,5,2,2,1,3,95582,M,,,95
200800005096,8,1,10,1905,5,2,3,1,2,95018,M,,,95
200800005097,8,1,10,1850,5,2,3,1,3,95018,M,,,95
200800005098,8,1,11,723,5,2,2,1,6,95018,M,,,95
200800005099,8,1,15,635,5,2,3,1,5,95018,M,,,95
200800005100,8,1,15,1145,1,2,3,2,7,95018,M,,,95
200800005101,8,1,16,1800,5,2,3,2,1,95018,M,,,95
200800005102,8,1,17,2037,4,2,3,2,6,95176,M,,,95
200800005103,8,1,16,840,1,2,2,2,7,95582,M,,,95
200800005104,8,1,24,1130,1,2,3,1,3,95176,M,,,95
200800005105,8,1,25,1040,1,2,2,1,4,95176,M,,,95
200800005106,8,1,25,1115,1,2,3,1,3,95018,M,,,95
200800005107,8,1,2,1640,1,1,1,1,4,95063,M,,,95
200800005108,8,1,16,1330,1,2,1,1,7,95476,M,,,95
200800005109,8,1,12,1345,1,2,1,1,1,95427,M,,,95
200800005110,8,1,19,1945,1,2,3,1,3,95427,M,,,95
200800005111,8,1,31,2145,2,2,2,2,6,95197,M,,,95
200800005112,8,1,5,1210,1,2,1,8,6,95598,M,,,95
200800005113,8,1,2,1830,5,2,1,1,6,95219,M,,,95
200800005114,8,1,7,1050,1,2,1,1,6,95203,M,,,95
200800005115,8,1,8,1900,5,2,1,1,1,95219,M,,,95
200800005116,8,1,12,1145,1,2,1,1,2,95252,M,,,95
200800005117,8,1,12,1620,1,2,1,1,6,95252,M,,,95
200800005118,8,1,5,1750,5,2,1,1,6,95203,M,,,95
200800005119,8,1,19,1925,1,2,1,1,6,95219,M,,,95
200800005120,8,1,21,1135,1,2,1,1,6,95491,M,,,95
200800005121,8,1,21,1230,1,2,1,1,6,95219,M,,,95
200800005122,8,1,21,1637,1,2,1,1,6,95203,M,,,95
200800005123,8,1,25,905,1,2,1,1,4,95252,M,,,95
200800005124,8,1,29,847,1,2,6,1,3,95219,M,,,95
200800005125,8,1,7,1222,1,2,1,1,3,95268,M,,,95
200800005126,8,1,12,1015,1,2,1,1,6,95268,M,,,95
200800005127,8,1,21,1250,1,2,1,1,2,95268,M,,,95
200800005128,8,1,9,1415,1,2,1,1,6,95277,M,,,95
200800005129,8,1,10,1825,2,2,6,1,6,95277,M,,,95
200800005130,8,1,13,1455,1,2,3,1,2,95280,M,,,95
200800005131,8,1,21,1550,1,2,2,1,3,95277,M,,,95
200800005132,8,1,24,2110,3,1,1,1,2,95277,M,,,95
200800005133,8,1,11,935,1,2,2,1,1,95277,M,,,95
200800005134,8,1,2,1250,1,2,2,1,3,95424,M,,,95
200800005135,8,1,3,845,2,2,1,9,6,95424,M,,,95
200800005136,8,1,6,1025,1,2,2,1,3,95306,M,,,95
200800005137,8,1,7,825,1,2,3,1,3,95306,M,,,95
200800005138,8,1,8,1830,5,2,1,1,2,95257,M,,,95
200800005139,8,1,15,845,1,2,1,2,7,95424,M,,,95
200800005140,8,1,16,2020,5,2,6,1,7,95306,M,,,95
200800005141,8,1,18,1705,2,2,3,1,3,95424,M,,,95
200800005142,8,1,29,1700,1,2,1,1,6,95306,M,,,95
200800005143,8,1,24,600,5,2,1,1,6,95052,M,,,95
200800005144,8,1,15,1200,1,2,1,2,6,95585,M,,,95
200800005145,8,1,16,825,2,2,1,1,7,95585,M,,,95
200800005146,8,1,18,1625,1,2,1,1,7,95680,M,,,95
200800005147,8,1,21,1535,1,2,1,1,7,95539,M,,,95
200800005148,8,1,14,1305,1,2,9,1,2,95607,M,,,95
200800005149,8,1,24,1930,5,2,9,2,1,95051,M,,,95
200800005150,8,1,28,1700,1,2,1,1,6,95563,M,,,95
200800005151,8,1,29,1910,5,2,2,8,6,95051,M,,,95
200800005152,8,1,3,1104,1,1,9,8,6,20004,M,,,201
200800005153,8,1,4,1225,1,2,9,2,5,20004,M,,,201
200800005154,8,1,10,845,1,2,1,1,6,20004,M,,,201
200800005155,8,1,10,1852,5,2,1,1,6,20004,M,,,201
200800005156,8,1,15,1345,1,2,1,1,6,20004,M,,,201
200800005157,8,1,15,1606,1,2,1,1,1,20004,M,,,201
200800005158,8,1,17,1440,1,2,1,1,6,20004,M,,,201
200800005159,8,1,28,1550,1,2,1,1,2,20004,M,,,201
200800005160,8,1,28,1645,1,2,1,1,6,20004,M,,,201
200800005161,8,1,29,2245,3,1,1,1,7,20004,M,,,201
200800005162,8,1,1,150,5,2,2,1,6,69381,M,,,69
200800005163,8,1,2,1908,5,2,1,1,6,20120,M,,,202
200800005164,8,1,3,1620,1,2,1,2,1,20120,M,,,202
200800005165,8,1,4,1344,1,2,1,1,3,20120,M,,,202
200800005166,8,1,5,852,1,2,1,1,5,20033,M,,,202
200800005167,8,1,6,1506,1,2,1,1,3,20033,M,,,202
200800005168,8,1,7,1400,1,2,1,1,6,20353,M,,,202
200800005169,8,1,9,1900,5,2,4,1,1,20033,M,,,202
200800005170,8,1,10,949,1,2,1,1,2,20033,M,,,202
200800005171,8,1,11,754,5,2,1,1,6,20033,M,,,202
200800005172,8,1,14,1704,5,1,1,1,2,20037,M,,,202
200800005173,8,1,14,1948,5,2,1,1,1,20033,M,,,202
200800005174,8,1,17,1057,1,2,1,1,1,20033,M,,,202
200800005175,8,1,17,1651,1,2,1,1,3,20037,M,,,202
200800005176,8,1,18,1608,1,2,1,1,3,20353,M,,,202
200800005177,8,1,19,1040,1,1,1,1,7,20033,M,,,202
200800005178,8,1,19,2100,5,2,1,1,3,20033,M,,,202
200800005179,8,1,20,417,4,2,1,1,7,20120,M,,,202
200800005180,8,1,21,2108,5,2,6,1,3,20033,M,,,202
200800005181,8,1,22,1223,1,2,1,1,2,20033,M,,,202
200800005182,8,1,23,1500,1,2,1,1,3,20033,M,,,202
200800005183,8,1,23,1630,1,2,1,1,1,20033,M,,,202
200800005184,8,1,25,1911,5,2,1,1,6,20033,M,,,202
200800005185,8,1,26,1855,5,1,1,1,6,20033,M,,,202
200800005186,8,1,27,2211,5,2,1,1,6,20120,M,,,202
200800005187,8,1,27,359,5,2,1,1,6,20120,M,,,202
200800005188,8,1,29,1122,1,2,1,1,3,20033,M,,,202
200800005189,8,1,30,1209,1,2,1,1,4,20033,M,,,202
200800005190,8,1,30,1258,1,2,1,1,7,20033,M,,,202
200800005191,8,1,3,1350,1,2,1,1,2,69382,M,,,69
200800005192,8,1,3,2035,5,2,2,1,3,69382,M,,,69