Num_Acc,an,mois,jour,hrmn,lum,agg,int,atm,col,com,gps,lat,long,dep
200800005193,8,1,8,1140,1,2,1,1,2,69382,M,,,69
200800005194,8,1,8,1145,1,2,9,1,1,69382,M,,,69
200800005195,8,1,10,1735,5,2,3,1,2,69382,M,,,69
200800005196,8,1,23,1400,1,2,2,1,6,69382,M,,,69
200800005197,8,1,18,1900,5,2,1,1,2,69382,M,,,69
200800005198,8,1,27,1422,1,2,2,1,3,69382,M,,,69
200800005199,8,1,30,925,1,2,2,1,2,69382,M,,,69
200800005200,8,1,8,1850,3,2,2,1,3,69386,M,,,69
200800005201,8,1,7,1850,3,2,1,1,6,69383,M,,,69
200800005202,8,1,7,1950,2,2,2,1,6,69383,M,,,69
200800005203,8,1,11,1740,5,2,1,1,6,69383,M,,,69
200800005204,8,1,4,1750,5,2,2,1,3,69383,M,,,69
200800005205,8,1,11,2235,5,2,2,3,2,69386,M,,,69
200800005206,8,1,15,745,1,2,2,1,3,69383,M,,,69
200800005207,8,1,15,1830,5,2,2,6,2,69386,M,,,69
200800005208,8,1,16,1015,1,2,1,1,6,69383,M,,,69
200800005209,8,1,17,2305,5,2,2,2,6,69386,M,,,69
200800005210,8,1,18,1200,1,2,2,9,3,69383,M,,,69
200800005211,8,1,24,1515,1,2,1,1,3,69383,M,,,69
200800005212,8,1,28,1105,1,2,1,1,3,69383,M,,,69
200800005213,8,1,26,2020,5,2,2,1,3,69386,M,,,69
200800005214,8,1,29,700,1,2,5,1,1,69383,M,,,69
200800005215,8,1,30,30,5,2,3,1,5,69386,M,,,69
200800005216,8,1,30,2100,5,2,5,2,1,69386,M,,,69
200800005217,8,1,24,1130,1,2,1,1,6,69383,M,,,69
200800005218,8,1,19,1930,5,2,3,1,7,69385,M,,,69
200800005219,8,1,6,315,5,2,2,2,3,69387,M,,,69
200800005220,8,1,10,1310,1,2,2,1,6,69387,M,,,69
200800005221,8,1,14,1700,2,2,2,2,6,69387,M,,,69
200800005222,8,1,14,1600,1,2,1,3,3,69387,M,,,69
200800005223,8,1,17,910,1,2,3,1,6,69387,M,,,69
200800005224,8,1,21,2240,5,2,2,1,3,69387,M,,,69
200800005225,8,1,21,1635,1,2,2,1,3,69387,M,,,69
200800005226,8,1,25,2335,5,2,2,1,3,69387,M,,,69
200800005227,8,1,30,1510,1,2,3,1,2,69387,M,,,69
200800005228,8,1,29,1305,1,2,2,1,3,69387,M,,,69
200800005229,8,1,31,620,5,2,1,1,1,69387,M,,,69
200800005230,8,1,31,1210,1,2,1,1,6,69387,M,,,69
200800005231,8,1,10,1455,1,2,2,1,3,69388,M,,,69
200800005232,8,1,7,740,2,2,1,2,6,69388,M,,,69
200800005233,8,1,21,1355,1,2,1,1,3,69388,M,,,69
200800005234,8,1,12,1130,1,2,1,1,6,69389,M,,,69
200800005235,8,1,13,710,2,2,3,1,6,69389,M,,,69
200800005236,8,1,18,1530,1,2,1,1,6,69389,M,,,69
200800005237,8,1,18,1910,3,2,1,1,6,69389,M,,,69
200800005238,8,1,21,700,2,2,1,1,6,69389,M,,,69
200800005239,8,1,24,1600,1,2,1,1,6,69389,M,,,69
200800005240,8,1,29,2300,5,2,3,1,1,69389,M,,,69
200800005241,8,1,25,2040,4,2,1,1,6,95527,M,,,95
200800005242,8,1,24,1645,3,2,1,2,6,75112,M,,,75
200800005243,8,1,1,855,1,2,1,1,6,75106,M,,,75
200800005244,8,1,1,110,3,2,1,1,3,75107,M,,,75
200800005245,8,1,1,2015,5,2,2,1,6,75108,M,,,75
200800005246,8,1,1,1907,5,2,3,1,7,75112,M,,,75
200800005247,8,1,1,415,5,2,2,1,6,75116,M,,,75
200800005248,8,1,1,1600,1,2,1,1,3,75116,M,,,75
200800005249,8,1,1,325,5,2,1,1,6,75117,M,,,75
200800005250,8,1,1,258,5,2,1,1,6,75118,M,,,75
200800005251,8,1,1,350,5,2,1,1,6,75103,M,,,75
200800005252,8,1,1,730,2,2,1,8,6,75117,M,,,75
200800005253,8,1,1,1943,5,2,1,1,4,75117,M,,,75
200800005254,8,1,2,1700,1,2,1,1,6,75101,M,,,75
200800005255,8,1,2,1225,1,2,2,1,3,75102,M,,,75
200800005256,8,1,2,1530,1,2,2,1,3,75105,M,,,75
200800005257,8,1,2,1030,1,2,2,1,3,75112,M,,,75
200800005258,8,1,2,1900,5,2,1,1,5,75112,M,,,75
200800005259,8,1,2,1700,2,2,1,1,6,75113,M,,,75
200800005260,8,1,2,630,5,2,2,1,6,75114,M,,,75
200800005261,8,1,2,1400,1,2,3,1,3,75114,M,,,75
200800005262,8,1,2,2030,5,2,1,1,3,75116,M,,,75
200800005263,8,1,2,1255,1,2,1,1,3,75117,M,,,75
200800005264,8,1,2,1420,1,2,1,1,3,75118,M,,,75
200800005265,8,1,2,2010,5,2,1,1,4,75120,M,,,75
200800005266,8,1,3,1700,1,2,1,1,3,75103,M,,,75
200800005267,8,1,3,1850,5,2,2,1,6,75103,M,,,75
200800005268,8,1,3,1100,1,2,1,2,2,75105,M,,,75
200800005269,8,1,3,1150,1,2,1,2,2,75108,M,,,75
200800005270,8,1,3,1625,1,2,5,8,3,75109,M,,,75
200800005271,8,1,3,1420,1,2,1,1,1,75112,M,,,75
200800005272,8,1,3,1330,1,2,1,1,7,75113,M,,,75
200800005273,8,1,3,1620,1,2,1,2,7,75113,M,,,75
200800005274,8,1,3,725,5,2,3,2,6,75114,M,,,75
200800005275,8,1,3,957,1,2,1,2,6,75115,M,,,75
200800005276,8,1,3,1540,1,2,5,8,6,75117,M,,,75
200800005277,8,1,3,1900,2,2,2,1,6,75117,M,,,75
200800005278,8,1,3,1945,5,2,3,1,7,75118,M,,,75
200800005279,8,1,3,2105,5,2,2,1,2,75118,M,,,75
200800005280,8,1,3,1410,1,2,1,8,6,75119,M,,,75
200800005281,8,1,3,2310,5,2,3,1,2,75120,M,,,75
200800005282,8,1,3,1215,1,2,1,2,6,75114,M,,,75
200800005283,8,1,3,1955,5,2,1,1,3,75120,M,,,75
200800005284,8,1,4,1025,1,2,2,8,3,75104,M,,,75
200800005285,8,1,4,930,1,2,1,2,2,75108,M,,,75
200800005286,8,1,4,1355,1,2,1,1,3,75108,M,,,75
200800005287,8,1,4,1608,1,2,1,1,6,75110,M,,,75
200800005288,8,1,4,810,2,2,3,2,3,75111,M,,,75
200800005289,8,1,4,1900,5,2,1,2,6,75112,M,,,75
200800005290,8,1,4,1920,5,2,1,2,3,75112,M,,,75
200800005291,8,1,4,1136,1,2,3,1,3,75114,M,,,75
200800005292,8,1,4,910,1,2,1,2,6,75116,M,,,75
200800005293,8,1,4,1655,2,2,1,8,6,75116,M,,,75
200800005294,8,1,4,2140,5,2,1,8,7,75116,M,,,75
200800005295,8,1,4,1540,1,2,1,1,6,75117,M,,,75
200800005296,8,1,4,915,1,2,1,2,3,75120,M,,,75
200800005297,8,1,4,1806,5,2,1,1,3,75112,M,,,75
200800005298,8,1,4,2315,5,2,2,2,3,75103,M,,,75
200800005299,8,1,4,610,2,2,1,2,6,75116,M,,,75
200800005300,8,1,4,705,2,2,1,2,4,75118,M,,,75
200800005301,8,1,5,155,5,2,2,2,3,75101,M,,,75
200800005302,8,1,5,1600,1,2,1,1,6,75101,M,,,75
200800005303,8,1,5,1952,5,2,1,2,6,75101,M,,,75
200800005304,8,1,5,1445,1,2,1,2,6,75106,M,,,75
200800005305,8,1,5,330,5,2,1,2,7,75110,M,,,75
200800005306,8,1,5,1420,1,2,1,1,6,75111,M,,,75
200800005307,8,1,5,2200,5,2,1,2,6,75111,M,,,75
200800005308,8,1,5,2043,5,2,2,2,6,75113,M,,,75
200800005309,8,1,5,35,5,2,3,2,7,75114,M,,,75
200800005310,8,1,5,1940,5,2,1,2,3,75115,M,,,75
200800005311,8,1,5,2350,5,2,1,2,7,75115,M,,,75
200800005312,8,1,5,1820,5,2,1,2,6,75117,M,,,75
200800005313,8,1,5,2035,5,2,2,2,6,75117,M,,,75
200800005314,8,1,5,930,1,2,3,1,6,75117,M,,,75
200800005315,8,1,5,1425,1,2,1,1,2,75120,M,,,75
200800005316,8,1,5,2115,5,2,1,2,6,75108,M,,,75
200800005317,8,1,5,1500,1,2,1,1,4,75113,M,,,75
200800005318,8,1,6,320,5,2,3,2,3,75110,M,,,75
200800005319,8,1,6,2055,5,2,5,2,7,75103,M,,,75
200800005320,8,1,6,840,1,2,1,1,6,75104,M,,,75
200800005321,8,1,6,2140,5,2,3,1,3,75108,M,,,75
200800005322,8,1,6,1413,1,2,1,1,7,75111,M,,,75
200800005323,8,1,6,1435,1,2,1,1,3,75113,M,,,75
200800005324,8,1,6,1655,2,2,1,8,3,75114,M,,,75
200800005325,8,1,6,1000,1,2,2,1,3,75118,M,,,75
200800005326,8,1,6,1155,1,2,2,1,3,75118,M,,,75
200800005327,8,1,6,1455,1,2,1,1,3,75118,M,,,75
200800005328,8,1,6,2125,5,2,1,1,6,75118,M,,,75
200800005329,8,1,6,235,5,2,3,2,3,75119,M,,,75
200800005330,8,1,6,210,5,2,1,2,3,75119,M,,,75
200800005331,8,1,6,1630,1,2,1,1,6,75120,M,,,75
200800005332,8,1,6,1930,5,2,1,1,3,75120,M,,,75
200800005333,8,1,6,205,5,2,1,1,4,75118,M,,,75
200800005334,8,1,7,2210,5,2,1,1,3,75108,M,,,75
200800005335,8,1,7,1000,1,2,1,1,6,75110,M,,,75
200800005336,8,1,7,1230,1,2,1,1,6,75110,M,,,75
200800005337,8,1,7,1125,1,2,1,1,6,75111,M,,,75
200800005338,8,1,7,740,5,2,4,1,2,75112,M,,,75
200800005339,8,1,7,920,1,2,3,1,7,75112,M,,,75
200800005340,8,1,7,1905,5,2,5,1,6,75114,M,,,75
200800005341,8,1,7,2320,5,2,1,8,6,75114,M,,,75
200800005342,8,1,7,1950,5,2,1,1,3,75115,M,,,75
200800005343,8,1,7,1640,1,2,2,1,6,75116,M,,,75
200800005344,8,1,7,1850,5,2,1,1,6,75117,M,,,75
200800005345,8,1,7,1310,1,2,2,1,3,75120,M,,,75
200800005346,8,1,7,1055,1,2,1,1,6,75118,M,,,75
200800005347,8,1,7,950,1,2,1,1,3,75112,M,,,75
200800005348,8,1,7,1100,1,2,1,1,3,75112,M,,,75
200800005349,8,1,7,1740,5,2,1,1,3,75117,M,,,75
200800005350,8,1,8,1820,5,2,2,8,3,75104,M,,,75
200800005351,8,1,8,1245,1,2,1,8,3,75108,M,,,75
200800005352,8,1,8,2115,5,2,1,1,6,75109,M,,,75
200800005353,8,1,8,845,1,2,1,1,2,75110,M,,,75
200800005354,8,1,8,2010,5,2,1,1,6,75110,M,,,75
200800005355,8,1,8,1830,5,2,5,2,3,75111,M,,,75
200800005356,8,1,8,1945,5,2,1,1,3,75113,M,,,75
200800005357,8,1,8,135,5,2,1,1,2,75116,M,,,75
200800005358,8,1,8,1115,1,2,1,1,6,75117,M,,,75
200800005359,8,1,8,1741,5,2,1,2,6,75117,M,,,75
200800005360,8,1,8,545,5,2,2,1,3,75117,M,,,75
200800005361,8,1,8,845,1,2,1,1,3,75119,M,,,75
200800005362,8,1,8,1255,1,2,1,1,7,75119,M,,,75
200800005363,8,1,8,1235,1,2,1,1,6,75120,M,,,75
200800005364,8,1,8,1500,1,2,2,1,3,75120,M,,,75
200800005365,8,1,9,725,5,2,1,2,6,75101,M,,,75
200800005366,8,1,9,1550,1,2,2,1,3,75103,M,,,75
200800005367,8,1,9,1915,5,2,1,1,6,75106,M,,,75
200800005368,8,1,9,1200,1,2,1,8,6,75108,M,,,75
200800005369,8,1,9,1210,1,2,1,1,6,75108,M,,,75
200800005370,8,1,9,2230,5,2,3,1,6,75108,M,,,75
200800005371,8,1,9,1415,1,2,1,1,6,75109,M,,,75
200800005372,8,1,9,1555,1,2,1,1,6,75110,M,,,75
200800005373,8,1,9,2040,5,2,1,1,6,75110,M,,,75
200800005374,8,1,9,1500,1,2,1,1,7,75111,M,,,75
200800005375,8,1,9,2006,5,2,1,1,6,75112,M,,,75
200800005376,8,1,9,600,5,2,1,1,6,75114,M,,,75
200800005377,8,1,9,1410,1,2,2,1,3,75115,M,,,75
200800005378,8,1,9,1400,1,2,2,1,3,75115,M,,,75
200800005379,8,1,9,1710,1,2,1,1,6,75116,M,,,75
200800005380,8,1,9,840,2,2,1,2,6,75117,M,,,75
200800005381,8,1,9,1255,1,2,1,8,3,75117,M,,,75
200800005382,8,1,9,1935,5,2,2,1,6,75117,M,,,75
200800005383,8,1,9,1340,1,2,1,1,6,75120,M,,,75
200800005384,8,1,9,855,1,2,1,2,7,75113,M,,,75
200800005385,8,1,10,15,5,2,1,1,3,75101,M,,,75
200800005386,8,1,10,1030,1,2,1,2,6,75103,M,,,75
200800005387,8,1,10,640,5,2,1,1,6,75104,M,,,75
200800005388,8,1,10,1650,1,2,3,1,4,75101,M,,,75
200800005389,8,1,11,2130,5,2,1,1,6,75106,M,,,75
200800005390,8,1,10,845,1,2,1,1,3,75107,M,,,75
200800005391,8,1,11,910,1,2,2,8,3,75108,M,,,75
200800005392,8,1,11,1215,1,2,1,2,3,75108,M,,,75
200800005393,8,1,10,1740,5,2,1,1,3,75109,M,,,75
200800005394,8,1,11,1335,1,2,1,2,6,75110,M,,,75
200800005395,8,1,11,1510,1,2,1,2,3,75110,M,,,75
200800005396,8,1,11,2220,5,2,1,1,3,75110,M,,,75
200800005397,8,1,10,815,1,2,2,1,3,75111,M,,,75
200800005398,8,1,10,945,1,2,1,8,3,75111,M,,,75
200800005399,8,1,10,1025,1,2,1,2,3,75111,M,,,75
200800005400,8,1,11,1425,1,2,1,2,6,75111,M,,,75
200800005401,8,1,11,1524,1,2,4,2,6,75111,M,,,75
200800005402,8,1,11,1620,1,2,1,2,6,75111,M,,,75
200800005403,8,1,11,1555,1,2,5,2,3,75111,M,,,75
200800005404,8,1,10,2007,5,2,1,1,6,75112,M,,,75
200800005405,8,1,11,1030,1,2,1,1,3,75112,M,,,75
200800005406,8,1,11,815,1,2,1,1,7,75112,M,,,75
200800005407,8,1,11,1400,1,2,1,2,3,75112,M,,,75
200800005408,8,1,11,1515,1,2,3,2,3,75113,M,,,75
200800005409,8,1,11,1635,5,2,1,2,6,75113,M,,,75
200800005410,8,1,11,1745,5,2,1,2,6,75113,M,,,75
200800005411,8,1,11,1746,5,2,1,2,2,75113,M,,,75
200800005412,8,1,10,405,5,2,1,1,6,75114,M,,,75
200800005413,8,1,10,610,5,2,1,8,6,75114,M,,,75
200800005414,8,1,10,1210,1,2,1,2,3,75114,M,,,75
200800005415,8,1,10,1615,1,2,1,1,6,75116,M,,,75
200800005416,8,1,11,1600,1,2,2,2,6,75116,M,,,75
200800005417,8,1,11,1650,1,2,1,2,7,75116,M,,,75
200800005418,8,1,11,1905,5,2,1,1,3,75116,M,,,75
200800005419,8,1,11,1720,5,2,1,2,7,75117,M,,,75
200800005420,8,1,11,1750,5,2,1,2,6,75117,M,,,75
200800005421,8,1,10,1653,1,2,2,8,3,75118,M,,,75
200800005422,8,1,11,1220,1,2,1,2,6,75118,M,,,75
200800005423,8,1,10,810,1,2,1,1,3,75119,M,,,75
200800005424,8,1,11,1020,1,2,1,1,7,75119,M,,,75
200800005425,8,1,11,1935,5,2,1,6,6,75119,M,,,75
200800005426,8,1,10,2000,5,2,1,1,6,75120,M,,,75
200800005427,8,1,11,1200,1,2,1,2,6,75120,M,,,75
200800005428,8,1,11,1625,1,2,1,3,3,75120,M,,,75
200800005429,8,1,11,1715,2,2,2,2,2,75120,M,,,75
200800005430,8,1,10,1043,1,2,1,2,7,75108,M,,,75
200800005431,8,1,10,1600,1,2,3,1,3,75112,M,,,75
200800005432,8,1,10,1745,5,2,4,1,3,75115,M,,,75
200800005433,8,1,11,1515,1,2,1,2,3,75119,M,,,75
200800005434,8,1,10,835,1,2,1,1,7,75117,M,,,75
200800005435,8,1,10,2130,5,2,1,1,6,75113,M,,,75
200800005436,8,1,11,920,1,2,1,1,3,75116,M,,,75
200800005437,8,1,11,1030,1,2,1,1,3,75116,M,,,75
200800005438,8,1,12,100,5,2,2,2,3,75101,M,,,75
200800005439,8,1,12,1250,1,2,1,1,2,75102,M,,,75
200800005440,8,1,12,1405,1,2,2,7,2,75102,M,,,75
200800005441,8,1,12,1420,1,2,1,1,3,75104,M,,,75
200800005442,8,1,12,1825,5,2,2,1,3,75104,M,,,75
200800005443,8,1,12,115,5,2,1,2,6,75106,M,,,75
200800005444,8,1,12,140,5,2,3,2,6,75107,M,,,75
200800005445,8,1,12,1615,1,2,2,1,2,75109,M,,,75
200800005446,8,1,12,1150,1,2,1,1,6,75110,M,,,75
200800005447,8,1,12,2345,5,2,2,1,3,75110,M,,,75
200800005448,8,1,12,1100,1,2,5,1,6,75111,M,,,75
200800005449,8,1,12,1125,1,2,1,1,6,75112,M,,,75
200800005450,8,1,12,1510,1,2,2,1,3,75112,M,,,75
200800005451,8,1,12,1515,1,2,1,1,3,75112,M,,,75
200800005452,8,1,12,1545,1,2,1,1,3,75113,M,,,75
200800005453,8,1,12,1045,1,2,1,1,3,75118,M,,,75
200800005454,8,1,12,1120,1,2,1,1,3,75116,M,,,75
200800005455,8,1,12,2220,5,2,1,1,3,75111,M,,,75
200800005456,8,1,12,500,5,2,1,1,4,75120,M,,,75
200800005457,8,1,12,945,1,2,1,1,3,75120,M,,,75
200800005458,8,1,12,1525,1,2,1,1,2,75113,M,,,75
200800005459,8,1,13,100,5,2,1,1,2,75101,M,,,75
200800005460,8,1,13,620,5,2,1,2,6,75108,M,,,75
200800005461,8,1,13,1430,1,2,1,1,2,75113,M,,,75
200800005462,8,1,13,1228,1,2,3,1,3,75114,M,,,75
200800005463,8,1,13,1620,2,2,2,1,3,75115,M,,,75
200800005464,8,1,13,120,5,2,4,1,3,75116,M,,,75
200800005465,8,1,13,1945,5,2,2,1,5,75117,M,,,75
200800005466,8,1,13,335,5,2,1,1,6,75118,M,,,75
200800005467,8,1,13,535,5,2,1,2,7,75119,M,,,75
200800005468,8,1,13,1100,1,2,3,1,3,75119,M,,,75
200800005469,8,1,13,210,5,2,1,1,6,75104,M,,,75
200800005470,8,1,13,1400,1,2,4,1,6,75106,M,,,75
200800005471,8,1,13,1905,5,2,1,1,6,75114,M,,,75
200800005472,8,1,13,2049,5,2,1,1,4,75118,M,,,75
200800005473,8,1,13,2240,5,2,4,1,3,75112,M,,,75
200800005474,8,1,14,940,1,2,1,1,6,75102,M,,,75
200800005475,8,1,14,1220,1,2,2,8,7,75106,M,,,75
200800005476,8,1,14,1150,1,2,2,8,6,75111,M,,,75
200800005477,8,1,14,1032,1,2,1,2,6,75112,M,,,75
200800005478,8,1,14,750,2,2,3,1,3,75113,M,,,75
200800005479,8,1,14,2120,5,2,2,8,3,75113,M,,,75
200800005480,8,1,14,750,5,2,1,2,7,75116,M,,,75
200800005481,8,1,14,1110,1,2,1,1,6,75117,M,,,75
200800005482,8,1,14,1205,1,2,1,1,6,75117,M,,,75
200800005483,8,1,14,2210,5,2,2,1,6,75117,M,,,75
200800005484,8,1,14,930,1,2,1,1,7,75119,M,,,75
200800005485,8,1,14,1030,1,2,1,2,6,75119,M,,,75
200800005486,8,1,14,1130,1,2,1,1,2,75119,M,,,75
200800005487,8,1,14,1640,2,2,1,1,6,75115,M,,,75
200800005488,8,1,14,2130,5,2,2,1,3,75106,M,,,75
200800005489,8,1,15,240,5,2,1,1,6,75101,M,,,75
200800005490,8,1,15,1000,1,2,1,2,6,75106,M,,,75
200800005491,8,1,15,932,1,2,1,2,7,75108,M,,,75
200800005492,8,1,15,1020,1,2,5,3,7,75108,M,,,75
200800005493,8,1,15,1901,5,2,1,2,7,75108,M,,,75
200800005494,8,1,15,840,1,2,2,1,6,75109,M,,,75
200800005495,8,1,15,1145,1,2,1,2,6,75110,M,,,75
200800005496,8,1,15,30,5,2,2,1,3,75111,M,,,75
200800005497,8,1,15,1255,1,2,1,8,4,75112,M,,,75
200800005498,8,1,15,1715,5,2,1,2,1,75112,M,,,75
200800005499,8,1,15,920,1,2,1,2,6,75113,M,,,75
200800005500,8,1,15,1015,1,2,2,2,2,75113,M,,,75
200800005501,8,1,15,1210,1,2,1,2,7,75113,M,,,75
200800005502,8,1,15,1415,1,2,1,2,7,75113,M,,,75
200800005503,8,1,15,1955,5,2,1,2,2,75114,M,,,75
200800005504,8,1,15,950,1,2,1,2,3,75115,M,,,75
200800005505,8,1,15,1800,5,2,1,3,6,75115,M,,,75
200800005506,8,1,15,2020,4,2,1,2,3,75115,M,,,75
200800005507,8,1,15,945,1,2,1,2,6,75117,M,,,75
200800005508,8,1,15,1040,1,2,3,2,3,75117,M,,,75
200800005509,8,1,15,1830,5,2,1,2,6,75117,M,,,75
200800005510,8,1,15,2320,5,2,1,2,3,75117,M,,,75
200800005511,8,1,15,1755,5,2,1,2,6,75118,M,,,75
200800005512,8,1,15,855,1,2,1,2,6,75105,M,,,75
200800005513,8,1,15,1720,5,2,1,3,6,75111,M,,,75
200800005514,8,1,15,735,1,2,1,8,2,75115,M,,,75
200800005515,8,1,16,220,5,2,1,3,6,75101,M,,,75
200800005516,8,1,16,800,2,2,1,2,6,75101,M,,,75
200800005517,8,1,16,2100,5,2,1,1,6,75101,M,,,75
200800005518,8,1,16,2050,5,2,1,1,2,75104,M,,,75
200800005519,8,1,16,2100,5,2,1,1,6,75105,M,,,75
200800005520,8,1,16,1010,1,2,1,1,4,75106,M,,,75
200800005521,8,1,16,2130,5,2,1,8,3,75106,M,,,75
200800005522,8,1,16,330,5,2,1,3,2,75108,M,,,75
200800005523,8,1,16,715,5,2,5,1,6,75108,M,,,75
200800005524,8,1,16,915,1,2,1,1,3,75108,M,,,75
200800005525,8,1,16,810,1,2,2,1,6,75111,M,,,75
200800005526,8,1,16,930,1,2,1,8,6,75111,M,,,75
200800005527,8,1,16,1934,2,2,1,2,2,75111,M,,,75
200800005528,8,1,16,1350,1,2,1,8,2,75112,M,,,75
200800005529,8,1,16,1825,3,2,1,2,6,75112,M,,,75
200800005530,8,1,16,945,1,2,1,8,4,75113,M,,,75
200800005531,8,1,16,835,1,2,1,8,3,75114,M,,,75
200800005532,8,1,16,2330,5,2,2,1,3,75114,M,,,75
200800005533,8,1,16,825,1,2,2,1,3,75115,M,,,75
200800005534,8,1,16,1045,1,2,2,2,6,75115,M,,,75
200800005535,8,1,16,954,1,2,1,8,6,75117,M,,,75
200800005536,8,1,16,2355,5,2,2,1,3,75117,M,,,75
200800005537,8,1,16,645,5,2,1,2,7,75118,M,,,75
200800005538,8,1,16,1410,1,2,2,1,6,75118,M,,,75
200800005539,8,1,16,1400,1,2,2,1,6,75118,M,,,75
200800005540,8,1,16,1300,1,2,1,1,6,75119,M,,,75
200800005541,8,1,16,1520,1,2,1,3,3,75119,M,,,75
200800005542,8,1,16,1315,1,2,1,2,3,75120,M,,,75
200800005543,8,1,16,715,2,2,1,1,6,75120,M,,,75
200800005544,8,1,16,1230,1,2,1,8,6,75104,M,,,75
200800005545,8,1,16,935,1,2,1,1,4,75119,M,,,75
200800005546,8,1,16,815,1,2,1,1,3,75115,M,,,75
200800005547,8,1,16,2045,5,2,1,1,3,75120,M,,,75
200800005548,8,1,16,2115,5,2,1,8,7,75116,M,,,75
200800005549,8,1,16,2110,5,2,1,2,2,75120,M,,,75
200800005550,8,1,17,1910,5,2,3,2,6,75101,M,,,75
200800005551,8,1,17,1935,5,2,1,9,3,75101,M,,,75
200800005552,8,1,17,2015,5,2,2,2,3,75108,M,,,75
200800005553,8,1,17,1230,1,2,2,1,3,75112,M,,,75
200800005554,8,1,23,755,1,2,1,1,3,13004,M,,,13
200800005555,8,1,16,1800,3,2,3,1,3,69256,M,,,69
200800005556,8,1,1,2135,5,2,1,1,6,92062,M,,,92
200800005557,8,1,24,620,5,2,3,1,6,75113,M,,,75
200800005558,8,1,26,1705,2,2,1,1,6,75120,M,,,75
200800005559,8,1,18,735,2,1,1,1,4,93066,M,,,93
200800005560,8,1,18,800,1,1,1,1,7,93010,M,,,93
200800005561,8,1,18,800,3,1,1,1,4,93032,M,,,93
200800005562,8,1,18,950,1,1,1,2,4,95306,M,,,95
200800005563,8,1,22,610,5,1,1,1,5,95488,M,,,95
200800005564,8,1,21,2100,3,1,1,1,6,95277,M,,,95
200800005565,8,1,22,1400,1,1,1,1,7,93032,M,,,93
200800005566,8,1,23,715,2,1,1,1,7,95527,M,,,95
200800005567,8,1,23,730,1,1,1,1,3,93066,M,,,93
200800005568,8,1,23,855,1,1,1,1,3,93066,M,,,93
200800005569,8,1,23,1725,1,1,1,1,6,95582,M,,,95
200800005570,8,1,28,820,1,1,1,1,4,95488,M,,,95
200800005571,8,1,28,1915,5,1,1,1,6,93053,M,,,93
200800005572,8,1,4,800,3,1,1,2,5,91377,M,,,91
200800005573,8,1,4,1300,1,1,1,9,2,77251,M,,,77
200800005574,8,1,4,1520,1,1,4,1,2,92002,M,,,92
200800005575,8,1,5,1203,1,1,1,8,7,94043,M,,,94
200800005576,8,1,6,350,3,1,1,8,7,91136,M,,,91
200800005577,8,1,6,1000,1,1,1,1,3,91064,M,,,91
200800005578,8,1,9,1018,1,1,1,1,6,91064,M,,,91
200800005579,8,1,6,1257,1,1,1,1,2,92019,M,,,92
200800005580,8,1,6,2330,4,1,1,1,3,94034,M,,,94
200800005581,8,1,8,2045,3,1,1,1,7,91659,M,,,91
200800005582,8,1,7,454,5,1,1,8,2,91689,M,,,91
200800005583,8,1,7,519,2,1,1,1,6,94038,M,,,94
200800005584,8,1,7,1023,1,1,1,1,4,91589,M,,,91
200800005585,8,1,7,1046,1,1,1,1,2,91286,M,,,91
200800005586,8,1,7,1409,1,1,1,1,2,91689,M,,,91
200800005587,8,1,8,902,1,1,1,2,6,91377,M,,,91
200800005588,8,1,8,1940,3,1,1,1,6,91521,M,,,91
200800005589,8,1,9,1212,1,1,9,1,6,91064,M,,,91
200800005590,8,1,9,1240,1,1,1,8,7,91534,M,,,91
200800005591,8,1,9,1305,1,1,1,1,5,91179,M,,,91
200800005592,8,1,9,1750,5,1,1,1,3,91521,M,,,91
200800005593,8,1,10,109,5,1,1,1,6,94021,M,,,94
200800005594,8,1,11,435,3,1,1,1,3,77296,M,,,77
200800005595,8,1,11,2042,5,1,1,9,7,91534,M,,,91
200800005596,8,1,13,951,1,1,1,1,6,91064,M,,,91
200800005597,8,1,14,716,2,1,1,1,2,91521,M,,,91
200800005598,8,1,14,848,1,1,1,1,3,94038,M,,,94
200800005599,8,1,14,929,1,1,1,1,4,91471,M,,,91
200800005600,8,1,14,1610,1,1,1,8,7,91589,M,,,91
200800005601,8,1,14,1800,3,1,1,8,7,91661,M,,,91
200800005602,8,1,15,840,2,1,1,2,2,94034,M,,,94
200800005603,8,1,15,2057,4,1,1,2,6,91687,M,,,91
200800005604,8,1,16,545,5,1,1,2,6,94037,M,,,94
200800005605,8,1,16,720,3,1,1,2,7,94034,M,,,94
200800005606,8,1,16,830,1,1,1,1,6,91589,M,,,91
200800005607,8,1,16,2010,3,1,1,2,6,91182,M,,,91
200800005608,8,1,16,2258,3,1,1,1,6,91161,M,,,91
200800005609,8,1,17,700,3,1,1,1,3,91661,M,,,91
200800005610,8,1,19,737,2,1,1,1,6,91064,M,,,91
200800005611,8,1,19,1326,1,1,1,1,3,91689,M,,,91
200800005612,8,1,22,855,1,1,1,1,7,91692,M,,,91
200800005613,8,1,24,1242,1,1,1,1,6,94034,M,,,94
200800005614,8,1,25,859,1,1,1,1,5,91589,M,,,91
200800005615,8,1,25,928,1,1,1,1,4,91179,M,,,91
200800005616,8,1,25,1120,1,1,1,1,4,91687,M,,,91
200800005617,8,1,26,1400,1,1,1,1,3,94038,M,,,94
200800005618,8,1,27,130,3,1,1,1,6,94021,M,,,94
200800005619,8,1,27,630,4,1,1,1,7,91064,M,,,91
200800005620,8,1,27,1605,1,1,1,1,6,94037,M,,,94
200800005621,8,1,27,1835,3,1,1,1,2,92002,M,,,92
200800005622,8,1,28,1710,2,1,1,1,2,91216,M,,,91
200800005623,8,1,28,1850,3,1,1,1,2,91521,M,,,91