Num_Acc,an,mois,jour,hrmn,lum,agg,int,atm,col,com,gps,lat,long,dep
200800005624,8,1,29,808,3,1,1,1,7,94076,M,,,94
200800005625,8,1,30,1728,3,1,1,2,2,91570,M,,,91
200800005626,8,1,30,2140,3,1,1,1,2,91589,M,,,91
200800005627,8,1,31,528,5,1,1,1,1,91377,M,,,91
200800005628,8,1,31,724,2,1,1,1,3,94034,M,,,94
200800005629,8,1,31,741,3,1,1,9,7,91471,M,,,91
200800005630,8,1,31,928,1,1,1,8,2,91659,M,,,91
200800005631,8,1,31,1219,1,1,1,1,6,91432,M,,,91
200800005632,8,1,3,1830,5,1,1,1,6,62498,M,,,62
200800005633,8,1,3,1831,5,1,1,1,6,62498,M,,,62
200800005634,8,1,4,1720,5,1,1,1,5,59431,M,,,59
200800005635,8,1,5,845,1,1,1,2,6,59350,M,,,59
200800005636,8,1,5,1935,5,1,1,2,6,59029,M,,,59
200800005637,8,1,5,2245,5,1,1,1,6,59350,M,,,59
200800005638,8,1,6,420,5,1,1,2,6,59328,M,,,59
200800005639,8,1,6,730,5,1,1,2,6,59507,M,,,59
200800005640,8,1,6,1450,1,1,1,1,6,59507,M,,,59
200800005641,8,1,9,830,5,1,1,2,6,59350,M,,,59
200800005642,8,1,9,1110,1,1,1,2,6,62274,M,,,62
200800005643,8,1,9,1605,1,1,1,1,6,59359,M,,,59
200800005644,8,1,10,1900,5,1,1,1,6,59350,M,,,59
200800005645,8,1,10,1115,1,1,1,1,6,59350,M,,,59
200800005646,8,1,10,1820,5,1,1,1,5,59159,M,,,59
200800005647,8,1,11,1045,1,1,1,2,6,62193,M,,,62
200800005648,8,1,11,1735,5,1,1,1,6,62510,M,,,62
200800005649,8,1,11,1745,5,1,1,1,6,62510,M,,,62
200800005650,8,1,12,1100,1,1,1,1,6,59237,M,,,59
200800005651,8,1,13,1025,1,1,1,1,6,59350,M,,,59
200800005652,8,1,14,655,5,1,1,1,5,62907,M,,,62
200800005653,8,1,14,705,5,1,1,1,6,62907,M,,,62
200800005654,8,1,14,845,1,1,1,1,6,59665,M,,,59
200800005655,8,1,14,1600,1,1,1,2,6,59662,M,,,59
200800005656,8,1,15,505,5,1,1,1,6,62193,M,,,62
200800005657,8,1,15,840,1,1,1,1,6,59032,M,,,59
200800005658,8,1,15,940,1,1,1,2,6,59431,M,,,59
200800005659,8,1,15,1425,1,1,1,6,6,59237,M,,,59
200800005660,8,1,15,1750,5,1,1,2,6,59646,M,,,59
200800005661,8,1,15,1800,5,1,1,2,6,62498,M,,,62
200800005662,8,1,15,2050,5,1,1,2,6,59009,M,,,59
200800005663,8,1,16,1840,5,1,1,1,6,59360,M,,,59
200800005664,8,1,17,740,5,1,1,1,6,62907,M,,,62
200800005665,8,1,17,1545,1,1,1,1,2,59447,M,,,59
200800005666,8,1,18,1230,1,1,1,2,6,62528,M,,,62
200800005667,8,1,18,1330,1,1,1,2,5,59271,M,,,59
200800005668,8,1,18,1600,1,1,1,1,6,59564,M,,,59
200800005669,8,1,18,1630,1,1,1,2,6,62771,M,,,62
200800005670,8,1,18,1955,5,1,1,2,6,59646,M,,,59
200800005671,8,1,19,715,5,1,1,1,6,59082,M,,,59
200800005672,8,1,19,1000,1,1,1,1,6,59009,M,,,59
200800005673,8,1,19,1330,1,1,1,2,6,62771,M,,,62
200800005674,8,1,19,2250,5,1,1,2,6,62498,M,,,62
200800005675,8,1,20,700,5,1,1,1,5,62548,M,,,62
200800005676,8,1,21,930,1,1,1,1,5,59560,M,,,59
200800005677,8,1,22,1820,5,1,1,1,6,62193,M,,,62
200800005678,8,1,23,1350,1,1,1,1,6,59585,M,,,59
200800005679,8,1,23,1950,5,1,1,1,6,59646,M,,,59
200800005680,8,1,25,600,5,1,1,1,6,59183,M,,,59
200800005681,8,1,25,1315,1,1,1,1,6,59183,M,,,59
200800005682,8,1,25,1845,5,1,1,1,6,59043,M,,,59
200800005683,8,1,25,2010,5,1,1,1,6,59646,M,,,59
200800005684,8,1,27,1245,1,1,1,1,6,59560,M,,,59
200800005685,8,1,27,1600,1,1,1,1,6,59560,M,,,59
200800005686,8,1,27,2350,5,1,1,1,6,59560,M,,,59
200800005687,8,1,28,1315,1,1,1,1,6,59350,M,,,59
200800005688,8,1,28,1400,1,1,1,1,6,59537,M,,,59
200800005689,8,1,29,915,1,1,1,1,6,59195,M,,,59
200800005690,8,1,30,445,5,1,1,2,6,59605,M,,,59
200800005691,8,1,30,1535,1,1,1,2,6,62771,M,,,62
200800005692,8,1,30,1700,1,1,1,1,2,59350,M,,,59
200800005693,8,1,30,1705,1,1,1,1,6,59155,M,,,59
200800005694,8,1,31,800,1,1,1,1,6,59155,M,,,59
200800005695,8,1,31,1015,1,1,1,1,6,59284,M,,,59
200800005696,8,1,31,1950,5,1,1,2,6,59350,M,,,59
200800005697,8,1,5,710,1,1,1,2,2,33318,M,,,33
200800005698,8,1,5,1531,1,1,1,2,2,33039,M,,,33
200800005699,8,1,6,1110,1,1,1,2,7,33249,M,,,33
200800005700,8,1,6,1405,1,1,1,2,6,33249,M,,,33
200800005701,8,1,6,1425,1,1,1,2,7,33550,M,,,33
200800005702,8,1,7,750,2,1,1,2,4,33039,M,,,33
200800005703,8,1,7,1205,1,1,1,1,3,33550,M,,,33
200800005704,8,1,9,1245,1,1,1,1,3,33318,M,,,33
200800005705,8,1,11,345,5,1,1,1,6,33249,M,,,33
200800005706,8,1,12,255,5,1,1,2,6,33162,M,,,33
200800005707,8,1,12,415,5,1,1,2,6,33162,M,,,33
200800005708,8,1,14,1310,1,1,1,1,7,33318,M,,,33
200800005709,8,1,14,1745,1,1,1,2,6,33249,M,,,33
200800005710,8,1,17,1700,1,1,1,2,2,33281,M,,,33
200800005711,8,1,18,645,5,1,1,2,7,33318,M,,,33
200800005712,8,1,22,2230,5,1,1,1,6,33119,M,,,33
200800005713,8,1,23,1325,1,1,1,1,2,33318,M,,,33
200800005714,8,1,24,735,5,1,1,1,6,33249,M,,,33
200800005715,8,1,24,1225,1,1,1,1,5,33550,M,,,33
200800005716,8,1,25,1845,5,1,1,1,3,33433,M,,,33
200800005717,8,1,25,2240,5,1,1,1,6,33249,M,,,33
200800005718,8,1,28,1410,1,1,1,1,2,33122,M,,,33
200800005719,8,1,29,1910,5,1,1,1,3,33550,M,,,33
200800005720,8,1,29,1915,5,1,1,1,4,33318,M,,,33
200800005721,8,1,2,1105,1,1,1,1,4,67482,M,,,67
200800005722,8,1,18,1310,1,1,1,1,4,67043,M,,,67
200800005723,8,1,18,1435,1,1,1,1,4,67447,M,,,67
200800005724,8,1,23,1015,1,1,1,1,4,67482,M,,,67
200800005725,8,1,24,1755,3,1,1,1,5,67482,M,,,67
200800005726,8,1,25,1750,3,1,1,1,4,67218,M,,,67
200800005727,8,1,30,1420,1,1,1,1,4,67482,M,,,67
200800005728,8,1,14,50,3,1,1,1,1,54232,M,,,54
200800005729,8,1,2,800,1,1,1,1,6,69297,M,,,69
200800005730,8,1,2,2130,3,1,1,2,7,69256,M,,,69
200800005731,8,1,4,1400,1,1,1,1,2,69199,M,,,69
200800005732,8,1,5,200,3,1,1,2,1,69290,M,,,69
200800005733,8,1,5,2250,5,1,1,2,6,69382,M,,,69
200800005734,8,1,6,300,5,1,1,8,6,69382,M,,,69
200800005735,8,1,7,2030,3,1,1,1,2,69297,M,,,69
200800005736,8,1,8,725,2,1,1,1,2,69276,M,,,69
200800005737,8,1,8,800,1,1,1,1,2,69266,M,,,69
200800005738,8,1,8,2240,4,1,1,1,6,69029,M,,,69
200800005739,8,1,10,35,5,1,1,1,6,69152,M,,,69
200800005740,8,1,10,725,2,1,1,1,2,69266,M,,,69
200800005741,8,1,12,2245,3,1,1,3,7,69295,M,,,69
200800005742,8,1,16,740,2,1,1,2,3,69290,M,,,69
200800005743,8,1,17,1305,1,1,1,1,7,69204,M,,,69
200800005744,8,1,21,1930,5,1,1,1,7,69290,M,,,69
200800005745,8,1,22,1500,1,1,1,1,3,69276,M,,,69
200800005746,8,1,25,1330,1,1,1,1,2,38544,M,,,38
200800005747,8,1,30,1430,1,1,1,1,3,69297,M,,,69
200800005748,8,1,31,555,5,1,1,8,3,69034,M,,,69
200800005749,8,1,1,130,5,1,1,1,5,13211,M,,,13
200800005750,8,1,1,420,3,1,1,1,3,13015,M,,,13
200800005751,8,1,2,400,3,1,1,1,5,13005,M,,,13
200800005752,8,1,2,1800,5,1,1,1,4,13215,M,,,13
200800005753,8,1,3,235,3,1,1,1,6,13216,M,,,13
200800005754,8,1,3,2325,3,1,1,6,6,13211,M,,,13
200800005755,8,1,4,1403,1,1,1,2,7,13056,M,,,13
200800005756,8,1,4,1845,5,1,1,2,7,13216,M,,,13
200800005757,8,1,5,850,1,1,1,2,7,13071,M,,,13
200800005758,8,1,5,1005,1,1,1,8,6,13211,M,,,13
200800005759,8,1,5,1435,1,1,1,2,7,13216,M,,,13
200800005760,8,1,5,1656,1,1,1,2,4,13071,M,,,13
200800005761,8,1,6,120,3,1,1,3,7,13070,M,,,13
200800005762,8,1,6,855,1,1,1,8,7,13056,M,,,13
200800005763,8,1,7,745,1,1,1,1,4,13211,M,,,13
200800005764,8,1,7,1441,1,1,1,1,3,13106,M,,,13
200800005765,8,1,8,805,1,1,1,1,5,13211,M,,,13
200800005766,8,1,8,2200,3,1,1,1,6,13026,M,,,13
200800005767,8,1,8,2250,3,1,1,1,7,13015,M,,,13
200800005768,8,1,9,2,3,1,1,1,7,13019,M,,,13
200800005769,8,1,9,1230,1,1,1,1,2,13015,M,,,13
200800005770,8,1,9,1500,1,1,1,8,2,13215,M,,,13
200800005771,8,1,9,2205,3,1,1,2,6,13071,M,,,13
200800005772,8,1,10,5,5,1,1,1,3,13210,M,,,13
200800005773,8,1,10,1130,1,1,1,1,4,13070,M,,,13
200800005774,8,1,10,1655,2,1,1,2,2,13005,M,,,13
200800005775,8,1,10,1855,5,1,1,2,4,13210,M,,,13
200800005776,8,1,13,415,5,1,1,1,3,13211,M,,,13
200800005777,8,1,11,1940,3,1,1,8,3,13005,M,,,13
200800005778,8,1,11,2010,3,1,1,1,6,13106,M,,,13
200800005779,8,1,12,430,3,1,1,8,5,13043,M,,,13
200800005780,8,1,13,1640,1,1,1,1,2,13071,M,,,13
200800005781,8,1,13,2100,3,1,1,1,4,13055,M,,,13
200800005782,8,1,14,740,1,1,1,1,4,13117,M,,,13
200800005783,8,1,14,1725,3,1,1,3,4,13081,M,,,13
200800005784,8,1,15,727,2,1,1,8,7,13216,M,,,13
200800005785,8,1,18,1025,1,1,1,1,2,13202,M,,,13
200800005786,8,1,15,2300,3,1,1,2,3,13033,M,,,13
200800005787,8,1,16,950,1,1,1,1,6,13022,M,,,13
200800005788,8,1,10,2250,3,1,1,2,5,13022,M,,,13
200800005789,8,1,17,930,1,1,1,1,2,13071,M,,,13
200800005790,8,1,18,2100,5,1,1,1,2,13211,M,,,13
200800005791,8,1,20,335,3,1,1,1,7,13210,M,,,13
200800005792,8,1,20,619,3,1,1,1,6,13117,M,,,13
200800005793,8,1,21,1850,3,1,1,1,2,13081,M,,,13
200800005794,8,1,22,120,3,1,1,1,2,13070,M,,,13
200800005795,8,1,22,1305,1,1,1,1,3,13071,M,,,13
200800005796,8,1,22,1420,1,1,1,1,2,13005,M,,,13
200800005797,8,1,22,2325,3,1,1,1,6,13106,M,,,13
200800005798,8,1,23,800,2,1,1,1,7,13088,M,,,13
200800005799,8,1,24,815,5,1,1,1,4,13202,M,,,13
200800005800,8,1,25,2251,3,1,2,1,4,13071,M,,,13
200800005801,8,1,26,1200,1,1,1,1,3,13001,M,,,13
200800005802,8,1,26,1935,5,1,1,1,2,13106,M,,,13
200800005803,8,1,26,2020,5,1,1,1,4,13005,M,,,13
200800005804,8,1,22,1105,1,1,1,1,3,13005,M,,,13
200800005805,8,1,27,1210,1,1,1,1,4,13005,M,,,13
200800005806,8,1,29,855,1,1,1,1,2,13001,M,,,13
200800005807,8,1,29,2105,3,1,1,1,3,13215,M,,,13
200800005808,8,1,30,1402,1,1,1,1,4,13203,M,,,13
200800005809,8,1,30,1653,1,1,1,1,6,13071,M,,,13
200800005810,8,1,30,1820,3,1,1,1,4,13215,M,,,13
200800005811,8,1,31,220,5,1,1,1,6,13203,M,,,13
200800005812,8,1,31,528,3,1,1,1,7,13001,M,,,13
200800005813,8,1,31,715,1,1,1,1,2,13088,M,,,13
200800005814,8,1,31,1408,1,1,1,1,7,13214,M,,,13
200800005815,8,1,31,1930,1,1,1,1,7,13005,M,,,13
200800005816,8,1,8,825,2,1,1,1,7,78498,M,,,78
200800005817,8,1,12,2135,3,1,1,8,5,92064,M,,,92
200800005818,8,1,18,850,1,1,1,1,6,92076,M,,,92
200800005819,8,1,10,147,3,1,1,1,2,78238,M,,,78
200800005820,8,1,29,1945,5,1,1,1,3,78117,M,,,78
200800005821,8,1,2,144,3,1,1,1,6,57221,M,,,57
200800005822,8,1,9,1910,3,1,1,1,2,57672,M,,,57
200800005823,8,1,20,450,5,1,1,1,6,57221,M,,,57
200800005824,8,1,24,2250,3,1,1,2,6,57039,M,,,57
200800005825,8,1,4,1415,1,1,1,2,2,83137,M,,,83
200800005826,8,1,4,2145,3,1,1,8,6,83047,M,,,83
200800005827,8,1,8,855,1,1,1,1,6,83090,M,,,83
200800005828,8,1,9,857,1,1,1,8,2,83137,M,,,83
200800005829,8,1,9,1335,1,1,1,2,6,83112,M,,,83
200800005830,8,1,9,1510,1,1,1,2,3,83137,M,,,83
200800005831,8,1,10,200,3,1,1,2,7,83126,M,,,83
200800005832,8,1,12,1415,1,1,1,1,3,83137,M,,,83
200800005833,8,1,12,1440,1,1,1,1,2,83137,M,,,83
200800005834,8,1,14,2030,3,1,1,2,6,83123,M,,,83
200800005835,8,1,19,1050,1,1,3,1,3,83144,M,,,83
200800005836,8,1,21,1655,1,1,1,1,7,83112,M,,,83
200800005837,8,1,22,853,1,1,1,1,4,83137,M,,,83
200800005838,8,1,22,1600,1,1,1,1,2,83137,M,,,83
200800005839,8,1,29,800,1,2,1,1,1,06018,M,0.0,0.0,06
200800005840,8,2,11,1930,3,2,1,1,7,59257,M,0.0,0.0,59
200800005841,8,2,26,1945,5,2,1,1,6,59051,M,5054100.0,280200.0,59
200800005842,8,2,23,1515,1,2,1,1,6,59586,M,5053200.0,317300.0,59
200800005843,8,2,14,1115,1,2,1,1,1,59592,M,0.0,0.0,59
200800005844,8,2,25,1130,1,2,1,1,6,59630,M,0.0,0.0,59
200800005845,8,2,17,400,3,1,1,1,7,59663,M,5087100.0,247200.0,59
200800005846,8,2,25,815,1,2,9,1,6,59212,M,0.0,0.0,59
200800005847,8,2,4,1600,1,1,1,1,5,59400,M,0.0,0.0,59
200800005848,8,2,8,1915,3,1,1,1,1,59293,M,5066300.0,252800.0,59
200800005849,8,2,21,945,1,2,1,1,1,59301,M,5049900.0,355100.0,59
200800005850,8,2,10,600,2,2,1,1,6,59331,M,0.0,0.0,59
200800005851,8,2,8,1645,1,2,1,1,5,59214,M,5030500.0,306900.0,59
200800005852,8,2,13,2000,3,1,1,5,2,59065,M,5032400.0,376900.0,59
200800005853,8,2,7,1715,2,1,2,7,1,59175,M,0.0,0.0,59
200800005854,8,2,9,1030,1,1,1,1,3,62341,M,5015100.0,263000.0,62
200800005855,8,2,23,430,2,1,1,1,7,62733,M,5013600.0,261200.0,62
200800005856,8,2,2,1600,1,1,1,1,1,62358,M,5037400.0,288800.0,62
200800005857,8,2,16,1845,3,1,2,1,3,62369,M,0.0,0.0,62
200800005858,8,2,8,1945,3,1,1,5,1,62865,M,5034700.0,296600.0,62
200800005859,8,2,4,1100,1,1,1,2,6,62028,M,5054000.0,240200.0,62
200800005860,8,2,29,645,5,2,1,1,1,62313,M,0.0,0.0,62
200800005861,8,2,10,845,1,1,1,1,6,62566,M,5067100.0,184900.0,62
200800005862,8,2,2,1400,1,1,1,1,7,62604,M,0.0,0.0,62
200800005863,8,2,8,1730,1,2,1,1,6,62746,M,0.0,0.0,62
200800005864,8,2,5,845,1,2,3,2,3,62443,M,5045400.0,264200.0,62
200800005865,8,2,28,1815,1,1,1,3,6,62312,M,0.0,0.0,62
200800005866,8,2,1,1930,3,1,1,1,6,62849,M,0.0,0.0,62
200800005867,8,2,25,745,1,2,1,1,3,62571,M,0.0,0.0,62
200800005868,8,2,17,930,1,2,1,1,1,62038,M,0.0,0.0,62
200800005869,8,2,21,1000,1,1,1,1,1,62038,M,0.0,0.0,62
200800005870,8,2,13,1930,3,1,1,5,1,62308,M,5072800.0,192200.0,62
200800005871,8,2,2,1745,1,2,1,7,2,62180,M,0.0,0.0,62
200800005872,8,2,24,1130,1,1,1,1,7,62686,M,0.0,0.0,62
200800005873,8,2,10,2115,3,1,1,1,6,62060,M,5023900.0,213700.0,62
200800005874,8,2,17,1845,1,2,1,1,3,80212,M,0.0,0.0,80
200800005875,8,2,3,1500,1,2,1,1,4,80443,M,4985000.0,185500.0,80
200800005876,8,2,9,2130,3,1,1,1,6,80317,M,4974300.0,212600.0,80
200800005877,8,2,17,445,3,1,1,1,6,80643,M,4982800.0,217900.0,80
200800005878,8,2,17,1800,1,1,1,7,1,80163,M,5010600.0,176200.0,80
200800005879,8,2,24,1415,1,1,1,1,6,80388,M,0.0,0.0,80
200800005880,8,2,23,430,3,2,1,2,6,80714,M,5007500.0,145300.0,80
200800005881,8,2,7,1730,1,1,1,1,1,80422,M,5016800.0,181600.0,80
200800005882,8,2,29,645,2,1,1,8,6,80598,M,5022800.0,177600.0,80
200800005883,8,2,18,615,4,1,1,1,6,80645,M,5006200.0,242200.0,80
200800005884,8,2,27,1230,1,1,1,1,3,80086,M,0.0,0.0,80
200800005885,8,2,28,1515,1,2,1,2,1,80296,M,5002700.0,203900.0,80
200800005886,8,2,1,445,3,1,1,2,3,80467,M,0.0,0.0,80
200800005887,8,2,1,1045,1,1,1,2,3,80467,M,0.0,0.0,80
200800005888,8,2,22,1930,3,2,1,1,3,80322,M,0.0,0.0,80
200800005889,8,2,1,1615,1,1,1,1,3,80758,M,4973000.0,241800.0,80
200800005890,8,2,11,730,1,1,1,9,7,80193,M,4971500.0,238900.0,80
200800005891,8,2,14,1530,1,2,1,9,7,80010,M,4976100.0,236500.0,80
200800005892,8,2,19,1400,1,1,1,1,6,80545,M,4979800.0,256100.0,80
200800005893,8,2,12,1445,1,2,1,1,3,80620,M,0.0,0.0,80
200800005894,8,2,15,745,1,1,1,1,6,80620,M,0.0,0.0,80
200800005895,8,2,20,445,3,1,1,1,6,80240,M,0.0,0.0,80
200800005896,8,2,13,930,1,2,1,9,6,80347,M,4977000.0,276900.0,80
200800005897,8,2,28,900,1,1,1,2,1,80192,M,0.0,0.0,80
200800005898,8,2,23,2145,3,1,1,1,7,80267,M,0.0,0.0,80
200800005899,8,2,14,2200,3,1,1,1,6,02048,M,4966900.0,369700.0,02
200800005900,8,2,14,1915,3,1,1,1,7,02353,M,4963400.0,374000.0,02
200800005901,8,2,19,1730,1,1,1,1,3,02096,M,0.0,0.0,02
200800005902,8,2,26,1845,3,1,1,8,1,02787,M,4965400.0,368900.0,02
200800005903,8,2,2,830,1,1,1,1,6,02262,M,0.0,0.0,02
200800005904,8,2,8,800,1,2,1,1,1,02820,M,0.0,0.0,02
200800005905,8,2,28,1130,1,1,1,3,3,02820,M,0.0,0.0,02
200800005906,8,2,7,1900,2,1,3,1,3,02786,M,0.0,0.0,02
200800005907,8,2,19,1155,1,2,1,1,3,02217,M,0.0,0.0,02
200800005908,8,2,13,1500,1,2,1,1,5,02215,M,4946600.0,382300.0,02
200800005909,8,2,14,800,1,1,1,5,2,02475,M,0.0,0.0,02
200800005910,8,2,2,2300,3,1,1,1,7,02676,M,4954400.0,386900.0,02
200800005911,8,2,20,115,5,2,6,1,6,02292,M,4904200.0,341700.0,02
200800005912,8,2,19,1615,1,1,1,1,6,02163,M,4896900.0,328400.0,02
200800005913,8,2,1,1730,1,2,1,1,6,02710,M,0.0,0.0,02
200800005914,8,2,3,1400,1,2,1,1,6,02614,M,0.0,0.0,02
200800005915,8,2,14,1830,3,1,1,8,1,02065,M,4992500.0,325400.0,02
200800005916,8,2,7,930,1,1,1,5,1,02575,M,4982700.0,353800.0,02
200800005917,8,2,16,515,3,1,1,1,7,02639,M,4972300.0,327700.0,02
200800005918,8,2,1,745,2,1,1,1,2,02131,M,4938700.0,341600.0,02
200800005919,8,2,7,900,1,1,1,5,4,02780,M,4937100.0,337300.0,02
200800005920,8,2,10,1745,1,2,1,1,6,02226,M,4934900.0,331200.0,02
200800005921,8,2,9,1545,1,1,1,1,6,02131,M,4940000.0,336900.0,02
200800005922,8,2,16,1515,1,2,5,1,1,02758,M,4941000.0,351000.0,02
200800005923,8,2,16,10,3,1,1,1,6,02810,M,0.0,0.0,02
200800005924,8,2,19,1815,3,1,1,2,1,02514,M,0.0,0.0,02
200800005925,8,2,13,1815,5,2,1,1,1,02433,M,0.0,0.0,02
200800005926,8,2,6,1600,1,2,1,1,6,02558,M,5002200.0,378300.0,02
200800005927,8,2,9,1000,1,2,1,1,6,02141,M,4998100.0,391800.0,02
200800005928,8,2,10,1630,1,1,1,7,7,02681,M,0.0,0.0,02
200800005929,8,2,7,2330,3,1,1,8,7,60461,M,0.0,0.0,60
200800005930,8,2,16,1830,3,1,1,1,7,60628,M,0.0,0.0,60
200800005931,8,2,19,800,2,1,1,9,5,60703,M,0.0,0.0,60
200800005932,8,2,7,1800,1,2,1,1,1,60344,M,0.0,0.0,60
200800005933,8,2,10,1630,5,2,1,1,6,60616,M,0.0,0.0,60
200800005934,8,2,20,1800,3,1,1,1,6,60649,M,4938800.0,196600.0,60
200800005935,8,2,26,2315,3,1,1,1,7,60577,M,4942700.0,180100.0,60
200800005936,8,2,29,1700,5,2,1,1,1,60333,M,4945000.0,190000.0,60
200800005937,8,2,2,2015,3,1,1,1,1,60363,M,0.0,0.0,60
200800005938,8,2,4,1900,3,1,6,1,3,60363,M,0.0,0.0,60
200800005939,8,2,19,730,1,1,1,1,3,60090,M,0.0,0.0,60
200800005940,8,2,21,1600,1,1,1,1,3,60143,M,0.0,0.0,60
200800005941,8,2,3,1430,1,2,1,1,2,60286,M,0.0,0.0,60
200800005942,8,2,9,1215,1,2,7,1,6,60623,M,0.0,0.0,60
200800005943,8,2,22,1130,1,1,1,1,6,60444,M,0.0,0.0,60
200800005944,8,2,24,1700,1,1,1,1,6,60001,M,0.0,0.0,60
200800005945,8,2,28,1745,2,1,1,1,3,60604,M,0.0,0.0,60
200800005946,8,2,6,930,1,2,1,1,4,60395,M,0.0,0.0,60
200800005947,8,2,7,1630,1,2,1,1,6,60246,M,0.0,0.0,60
200800005948,8,2,21,1230,1,1,1,1,1,60395,M,0.0,0.0,60
200800005949,8,2,15,1200,1,1,1,8,5,60106,M,0.0,0.0,60
200800005950,8,2,28,1800,2,1,1,2,1,60562,M,0.0,0.0,60
200800005951,8,2,1,815,2,1,2,1,3,60439,M,4931300.0,232800.0,60
200800005952,8,2,23,1615,1,2,1,1,6,60439,M,0.0,0.0,60
200800005953,8,2,11,1500,1,2,2,1,3,60151,M,4944200.0,287900.0,60
200800005954,8,2,19,1015,1,1,1,1,7,60423,M,4948900.0,290600.0,60
200800005955,8,2,21,1215,1,1,1,8,3,60064,M,4941600.0,297100.0,60
200800005956,8,2,7,1615,1,1,1,1,1,60166,M,0.0,0.0,60
200800005957,8,2,7,1445,1,1,1,1,6,60533,M,0.0,0.0,60
200800005958,8,2,13,2130,3,1,1,1,1,60278,M,0.0,0.0,60
200800005959,8,2,8,1815,5,2,1,1,3,60139,M,0.0,0.0,60
200800005960,8,2,11,700,2,2,1,9,1,60141,M,0.0,0.0,60
200800005961,8,2,7,1530,1,1,1,1,1,60589,M,4923200.0,245700.0,60
200800005962,8,2,2,1045,1,1,1,9,1,60272,M,0.0,0.0,60
200800005963,8,2,29,830,1,2,1,1,3,76367,M,0.0,0.0,76
200800005964,8,2,9,1515,1,1,1,1,7,76443,M,0.0,0.0,76
200800005965,8,2,26,1400,3,1,1,2,7,76039,M,4933500.0,112200.0,76
200800005966,8,2,16,945,1,2,1,1,3,76401,M,4948600.0,77400.0,76
200800005967,8,2,18,930,1,1,1,1,2,76222,M,4952700.0,71400.0,76
200800005968,8,2,27,1800,1,1,1,1,7,76401,M,4944200.0,67500.0,76
200800005969,8,2,28,1400,1,2,1,1,6,76636,M,4950700.0,93200.0,76
200800005970,8,2,5,1900,3,1,1,8,2,76258,M,4965500.0,57600.0,76
200800005971,8,2,26,730,2,2,1,2,6,76751,M,0.0,0.0,76
200800005972,8,2,12,1430,1,1,1,7,6,76239,M,4952500.0,30600.0,76
200800005973,8,2,22,1615,1,2,1,1,1,76462,M,0.0,0.0,76
200800005974,8,2,3,1300,1,2,1,1,6,76500,M,4989600.0,162600.0,76
200800005975,8,2,15,1600,1,2,1,1,1,76344,M,4974900.0,173400.0,76
200800005976,8,2,25,1530,1,2,3,8,2,76672,M,4962900.0,153900.0,76
200800005977,8,2,12,1500,1,2,1,1,1,76057,M,0.0,0.0,76
200800005978,8,2,7,730,2,1,2,1,1,76480,M,4979900.0,66300.0,76
200800005979,8,2,13,1515,1,1,1,1,2,76013,M,4978200.0,50200.0,76
200800005980,8,2,6,1845,3,1,1,1,3,27165,M,0.0,0.0,27
200800005981,8,2,8,1745,1,1,2,1,3,27242,M,0.0,0.0,27
200800005982,8,2,20,1645,1,1,1,1,1,27166,M,,,27
200800005983,8,2,28,1115,1,1,1,2,6,27104,M,0.0,0.0,27
200800005984,8,2,1,915,1,2,1,1,6,27284,M,4928900.0,177600.0,27
200800005985,8,2,5,1700,1,2,1,1,1,27284,M,0.0,0.0,27
200800005986,8,2,5,1530,1,1,1,8,7,27056,M,0.0,0.0,27
200800005987,8,2,13,1300,1,1,1,1,6,27046,M,0.0,0.0,27
200800005988,8,2,29,2345,3,1,1,2,7,27117,M,4899400.0,52200.0,27
200800005989,8,2,24,1330,1,2,1,1,7,27116,M,0.0,0.0,27
200800005990,8,2,26,1900,3,1,1,1,5,27109,M,4911800.0,85000.0,27
200800005991,8,2,28,1545,1,1,1,2,1,27095,M,0.0,0.0,27
200800005992,8,2,16,1515,1,1,1,1,7,27188,M,4929800.0,111900.0,27
200800005993,8,2,11,1900,3,1,1,1,3,27192,M,0.0,0.0,27
200800005994,8,2,9,915,1,2,1,1,3,27090,M,,,27
200800005995,8,2,8,2115,5,1,1,1,6,27133,M,0.0,0.0,27
200800005996,8,2,15,1715,1,1,1,8,5,27092,M,,,27
200800005997,8,2,25,1145,1,2,1,1,3,27413,M,4930500.0,65700.0,27
200800005998,8,2,14,1115,1,1,1,1,1,35047,M,0.0,0.0,35
200800005999,8,2,18,1715,1,2,1,1,3,35037,M,0.0,0.0,35
200800006000,8,2,28,800,1,1,1,2,2,35240,M,0.0,0.0,35
200800006001,8,2,9,1015,1,2,6,9,6,35236,M,0.0,0.0,35
200800006002,8,2,6,1430,1,2,1,1,3,35236,M,4764800.0,-209400.0,35
200800006003,8,2,14,1415,1,1,1,1,2,35236,M,0.0,0.0,35
200800006004,8,2,9,1645,1,1,1,1,2,35089,M,0.0,0.0,35
200800006005,8,2,9,1730,1,1,1,1,6,35219,M,4782800.0,-188500.0,35
200800006006,8,2,12,745,2,1,1,1,5,35126,M,4795000.0,-182800.0,35
200800006007,8,2,23,630,1,1,1,1,1,35149,M,0.0,0.0,35
200800006008,8,2,26,1830,1,2,1,1,6,35139,M,0.0,0.0,35
200800006009,8,2,2,900,1,1,1,1,7,35179,M,0.0,0.0,35
200800006010,8,2,23,1545,1,1,1,1,3,35284,M,0.0,0.0,35
200800006011,8,2,28,2000,3,1,1,1,1,35224,M,0.0,0.0,35
200800006012,8,2,29,1815,1,1,1,1,3,35116,M,0.0,0.0,35
200800006013,8,2,6,1645,1,1,1,7,3,35095,M,4855300.0,-175500.0,35
200800006014,8,2,21,1015,1,2,1,8,1,35095,M,4855400.0,-175000.0,35