Num_Acc,an,mois,jour,hrmn,lum,agg,int,atm,col,com,gps,lat,long,dep
200800006015,8,2,4,1830,2,1,1,1,1,35327,M,0.0,0.0,35
200800006016,8,2,25,800,2,1,1,2,1,35088,M,4799100.0,-157800.0,35
200800006017,8,2,26,915,1,1,1,1,1,35108,M,0.0,0.0,35
200800006018,8,2,3,730,3,1,1,1,6,22055,M,0.0,0.0,22
200800006019,8,2,27,1100,1,2,1,2,2,22121,M,0.0,0.0,22
200800006020,8,2,13,1430,1,2,1,9,3,22093,M,4847600.0,-250200.0,22
200800006021,8,2,14,1915,5,2,1,1,3,22093,M,0.0,0.0,22
200800006022,8,2,27,930,1,1,1,3,7,22136,M,4827500.0,-279000.0,22
200800006023,8,2,24,1400,1,1,1,1,3,22084,M,4840200.0,-233400.0,22
200800006024,8,2,13,1600,1,1,1,7,3,22200,M,4848800.0,-233500.0,22
200800006025,8,2,23,515,5,2,1,1,7,22172,M,0.0,0.0,22
200800006026,8,2,24,2230,3,1,1,1,6,22209,M,0.0,0.0,22
200800006027,8,2,14,1545,1,1,1,1,3,22102,M,0.0,0.0,22
200800006028,8,2,20,1215,1,1,1,1,5,22183,M,4817500.0,-258500.0,22
200800006029,8,2,21,845,1,1,1,1,1,22223,M,0.0,0.0,22
200800006030,8,2,7,1745,1,1,1,7,1,22248,M,0.0,0.0,22
200800006031,8,2,1,745,3,1,1,2,1,22113,M,4875800.0,-351500.0,22
200800006032,8,2,9,1100,1,1,1,1,3,22152,M,0.0,0.0,22
200800006033,8,2,16,1800,1,1,1,7,3,22247,M,0.0,0.0,22
200800006034,8,2,28,1700,1,1,1,8,3,22141,M,4871200.0,-330100.0,22
200800006035,8,2,16,1515,1,1,3,1,5,29108,M,0.0,0.0,29
200800006036,8,2,13,930,1,2,1,9,6,29046,M,4809300.0,-432400.0,29
200800006037,8,2,13,1615,1,1,1,1,3,29247,M,4793900.0,-399400.0,29
200800006038,8,2,26,1030,1,2,1,1,6,29058,M,4790200.0,-401300.0,29
200800006039,8,2,10,1500,1,2,1,1,1,29171,M,0.0,0.0,29
200800006040,8,2,18,1500,1,1,1,1,6,29220,M,0.0,0.0,29
200800006041,8,2,22,530,3,1,1,1,1,29037,M,0.0,0.0,29
200800006042,8,2,13,1730,1,2,1,1,2,29103,M,4845900.0,-424200.0,29
200800006043,8,2,22,1700,1,1,1,1,3,29093,M,4857900.0,-439200.0,29
200800006044,8,2,29,1815,2,1,1,1,3,29208,M,4848500.0,-466100.0,29
200800006045,8,2,29,1800,2,1,1,2,1,29026,M,4823000.0,-407700.0,29
200800006046,8,2,16,1745,1,1,1,1,6,29162,M,4824100.0,-410300.0,29
200800006047,8,2,2,1200,1,1,1,1,6,29120,M,4828200.0,-448600.0,29
200800006048,8,2,9,1900,1,1,6,1,3,29022,M,4827600.0,-458800.0,29
200800006049,8,2,2,1530,1,2,1,1,6,29277,M,0.0,0.0,29
200800006050,8,2,11,730,2,1,9,1,2,29010,M,4851400.0,-410300.0,29
200800006051,8,2,24,2230,3,1,1,1,7,29074,M,4800800.0,-400000.0,29
200800006052,8,2,25,1845,2,1,3,1,3,29105,M,4855900.0,-405900.0,29
200800006053,8,2,22,730,2,1,1,1,3,29030,M,4865100.0,-411200.0,29
200800006054,8,2,27,2030,5,2,3,1,1,29030,M,4866900.0,-410200.0,29
200800006055,8,2,19,1745,1,1,1,2,2,56206,M,4769000.0,-274900.0,56
200800006056,8,2,9,230,3,1,1,1,6,56149,M,0.0,0.0,56
200800006057,8,2,6,745,2,1,1,1,1,56036,M,4783300.0,-333900.0,56
200800006058,8,2,19,1745,1,1,1,1,1,56176,M,4768200.0,-294700.0,56
200800006059,8,2,22,1930,5,2,1,1,4,56234,M,0.0,0.0,56
200800006060,8,2,1,1715,1,2,1,1,6,56078,M,4779300.0,-348700.0,56
200800006061,8,2,6,1645,1,2,1,7,6,56193,M,4771000.0,-333000.0,56
200800006062,8,2,27,1945,5,1,1,2,6,56193,M,4771000.0,-329000.0,56
200800006063,8,2,15,1615,1,1,1,1,3,56127,M,0.0,0.0,56
200800006064,8,2,2,2145,3,1,1,1,6,56244,M,4781000.0,-246500.0,56
200800006065,8,2,15,2215,3,1,1,1,6,56163,M,4810200.0,-331400.0,56
200800006066,8,2,24,1515,1,1,1,1,6,56010,M,4793900.0,-284700.0,56
200800006067,8,2,22,1000,1,1,1,1,1,56057,M,4804300.0,-348300.0,56
200800006068,8,2,3,230,3,1,1,1,7,14456,M,4912100.0,-17100.0,14
200800006069,8,2,23,2015,5,2,1,1,3,14057,M,4912900.0,-20500.0,14
200800006070,8,2,27,730,2,2,1,1,1,14373,M,4910700.0,-54200.0,14
200800006071,8,2,13,1900,3,1,1,1,3,14614,M,0.0,0.0,14
200800006072,8,2,21,15,3,1,1,5,7,14138,M,0.0,0.0,14
200800006073,8,2,29,1600,3,1,1,1,1,14649,M,4886900.0,-22300.0,14
200800006074,8,2,18,2030,5,1,1,1,3,14331,M,0.0,0.0,14
200800006075,8,2,22,2300,3,1,1,1,6,14583,M,0.0,0.0,14
200800006076,8,2,10,1645,1,2,2,1,3,14578,M,4935100.0,19900.0,14
200800006077,8,2,10,1030,1,1,1,1,6,14093,M,0.0,0.0,14
200800006078,8,2,23,1215,1,1,1,1,1,14645,M,0.0,0.0,14
200800006079,8,2,18,1200,1,2,1,1,3,14762,M,4883800.0,-88500.0,14
200800006080,8,2,29,1115,1,2,1,1,6,14762,M,4884400.0,-89000.0,14
200800006081,8,2,14,1045,1,1,1,8,6,14726,M,0.0,0.0,14
200800006082,8,2,18,1530,1,1,1,1,7,14347,M,0.0,0.0,14
200800006083,8,2,18,930,1,2,1,7,6,14174,M,0.0,0.0,14
200800006084,8,2,15,1730,1,1,1,1,3,50099,M,4930200.0,-126500.0,50
200800006085,8,2,4,1845,5,2,1,1,6,50592,M,4897800.0,-105600.0,50
200800006086,8,2,16,1300,1,2,1,1,3,50025,M,0.0,0.0,50
200800006087,8,2,16,1630,1,1,1,1,6,50616,M,0.0,0.0,50
200800006088,8,2,17,1700,1,2,1,1,6,50025,M,0.0,0.0,50
200800006089,8,2,18,1700,1,1,1,1,6,50616,M,4867400.0,-135600.0,50
200800006090,8,2,13,745,1,1,1,1,3,50229,M,4854800.0,-122100.0,50
200800006091,8,2,9,1345,1,1,1,1,2,50130,M,4878900.0,-119200.0,50
200800006092,8,2,10,1445,1,1,1,1,2,50597,M,0.0,0.0,50
200800006093,8,2,6,1430,1,1,1,1,1,50402,M,0.0,0.0,50
200800006094,8,2,27,1915,3,1,1,1,6,50425,M,4952800.0,-168300.0,50
200800006095,8,2,16,1645,1,2,2,1,1,50562,M,0.0,0.0,50
200800006096,8,2,22,2000,5,2,2,1,3,50013,M,0.0,0.0,50
200800006097,8,2,16,1415,1,1,3,7,3,50622,M,0.0,0.0,50
200800006098,8,2,2,800,2,1,1,4,1,50109,M,4892700.0,-141900.0,50
200800006099,8,2,9,1515,1,1,1,1,7,50388,M,0.0,0.0,50
200800006100,8,2,14,1630,1,1,1,1,6,50231,M,0.0,0.0,50
200800006101,8,2,19,1530,1,1,1,1,1,50339,M,4902200.0,-150800.0,50
200800006102,8,2,3,1930,5,2,1,1,6,50394,M,4919100.0,-141000.0,50
200800006103,8,2,10,1230,1,1,1,1,6,50181,M,0.0,0.0,50
200800006104,8,2,13,830,1,1,1,5,5,50273,M,4929800.0,-151300.0,50
200800006105,8,2,18,1515,1,2,6,1,6,50484,M,0.0,0.0,50
200800006106,8,2,21,2115,3,1,1,5,6,50133,M,4862600.0,-105300.0,50
200800006107,8,2,2,1400,1,1,1,1,1,61328,M,4874200.0,15900.0,61
200800006108,8,2,10,2100,3,1,1,1,6,61181,M,4878200.0,30300.0,61
200800006109,8,2,1,1530,1,2,1,1,5,61369,M,4865000.0,-61000.0,61
200800006110,8,2,7,1730,1,1,2,1,5,61035,M,0.0,0.0,61
200800006111,8,2,22,1600,1,2,1,1,6,61486,M,0.0,0.0,61
200800006112,8,2,7,945,1,1,1,7,5,61229,M,0.0,0.0,61
200800006113,8,2,19,730,3,2,1,1,1,61293,M,0.0,0.0,61
200800006114,8,2,9,445,3,1,1,1,6,61394,M,0.0,0.0,61
200800006115,8,2,15,1915,2,1,2,1,3,61246,M,4825700.0,70200.0,61
200800006116,8,2,11,815,1,2,1,1,3,44204,M,0.0,0.0,44
200800006117,8,2,21,1700,1,2,1,1,2,44172,M,0.0,0.0,44
200800006118,8,2,2,1745,2,1,1,1,3,44163,M,0.0,0.0,44
200800006119,8,2,10,1400,1,1,1,1,6,44213,M,4739500.0,-104000.0,44
200800006120,8,2,8,1545,1,1,1,1,1,44141,M,4723100.0,-122800.0,44
200800006121,8,2,14,1215,1,2,6,1,3,44036,M,0.0,0.0,44
200800006122,8,2,29,2000,5,2,1,2,1,44199,M,4774100.0,-130100.0,44
200800006123,8,2,9,1545,1,1,1,1,3,44111,M,4737200.0,-172800.0,44
200800006124,8,2,12,2130,3,1,1,1,6,44067,M,4766900.0,-186200.0,44
200800006125,8,2,3,1515,3,1,1,1,7,44073,M,4744900.0,-158800.0,44
200800006126,8,2,15,1745,1,1,1,1,3,44150,M,4714000.0,-161000.0,44
200800006127,8,2,22,2015,5,2,1,1,3,44150,M,4712800.0,-163000.0,44
200800006128,8,2,22,1915,4,2,8,1,3,44116,M,4729200.0,-202900.0,44
200800006129,8,2,11,845,1,1,1,1,1,44186,M,0.0,0.0,44
200800006130,8,2,28,2000,3,1,1,1,3,44133,M,4713200.0,-176000.0,44
200800006131,8,2,17,1515,1,1,2,1,3,44183,M,4739100.0,-243500.0,44
200800006132,8,2,26,930,3,1,6,2,1,44010,M,4728300.0,-246000.0,44
200800006133,8,2,26,2030,3,1,1,1,3,44030,M,4744900.0,-226500.0,44
200800006134,8,2,4,1215,1,2,1,1,6,44103,M,0.0,0.0,44
200800006135,8,2,11,1530,1,2,1,1,1,44152,M,0.0,0.0,44
200800006136,8,2,17,730,1,1,1,1,6,44139,M,4746300.0,-193200.0,44
200800006137,8,2,15,1645,1,2,1,1,6,44129,M,4744100.0,-208500.0,44
200800006138,8,2,5,1500,1,1,1,6,6,44025,M,0.0,0.0,44
200800006139,8,2,12,1630,1,1,1,1,3,44195,M,0.0,0.0,44
200800006140,8,2,3,1530,1,2,1,1,1,49214,M,0.0,0.0,49
200800006141,8,2,18,1430,1,1,1,1,6,49278,M,0.0,0.0,49
200800006142,8,2,1,845,1,1,3,1,3,49227,M,4732300.0,-44300.0,49
200800006143,8,2,1,1915,3,1,1,1,6,49338,M,4734800.0,-52000.0,49
200800006144,8,2,11,1630,1,1,1,1,7,49050,M,0.0,0.0,49
200800006145,8,2,13,730,3,1,1,1,2,49050,M,4736600.0,-44600.0,49
200800006146,8,2,14,1915,2,1,1,1,7,49022,M,4731500.0,-58200.0,49
200800006147,8,2,15,630,3,1,1,5,7,49153,M,4723700.0,-66300.0,49
200800006148,8,2,10,1615,1,1,1,1,1,49283,M,4742300.0,-76300.0,49
200800006149,8,2,22,1700,1,2,2,1,3,49063,M,4735300.0,-76200.0,49
200800006150,8,2,24,1100,1,1,1,1,6,49284,M,4743500.0,-82000.0,49
200800006151,8,2,26,1745,1,2,1,1,5,49244,M,4735600.0,-85800.0,49
200800006152,8,2,7,1700,1,2,1,1,2,49333,M,0.0,0.0,49
200800006153,8,2,10,1630,1,1,1,1,1,49084,M,0.0,0.0,49
200800006154,8,2,24,315,5,2,6,1,7,49332,M,4706500.0,-93500.0,49
200800006155,8,2,14,1500,1,2,1,1,6,49276,M,0.0,0.0,49
200800006156,8,2,9,2030,3,1,1,1,6,49180,M,4736000.0,-12000.0,49
200800006157,8,2,21,2100,3,1,3,1,3,49002,M,4734700.0,-7100.0,49
200800006158,8,2,11,1600,1,2,1,1,6,49362,M,0.0,0.0,49
200800006159,8,2,27,2100,3,2,1,2,1,49060,M,0.0,0.0,49
200800006160,8,2,9,1200,1,2,1,1,3,49331,M,0.0,0.0,49
200800006161,8,2,10,1900,5,2,1,1,6,53276,M,4814000.0,-29000.0,53
200800006162,8,2,2,2000,3,1,1,1,6,53004,M,4780900.0,-84100.0,53
200800006163,8,2,22,1430,1,2,1,1,1,53110,M,0.0,0.0,53
200800006164,8,2,20,1400,1,1,1,1,1,53012,M,0.0,0.0,53
200800006165,8,2,29,2300,5,2,6,1,1,53147,M,4830600.0,-61100.0,53
200800006166,8,2,12,730,2,1,1,1,3,53216,M,4836100.0,-55300.0,53
200800006167,8,2,23,1245,1,1,1,1,1,53055,M,4841300.0,-59400.0,53
200800006168,8,2,4,1830,3,1,1,8,2,72124,M,0.0,0.0,72
200800006169,8,2,13,1000,1,1,1,1,2,72187,M,0.0,0.0,72
200800006170,8,2,17,1645,1,1,1,1,7,72269,M,0.0,0.0,72
200800006171,8,2,7,745,2,2,1,1,6,72241,M,0.0,0.0,72
200800006172,8,2,5,1900,3,1,1,3,6,72166,M,0.0,0.0,72
200800006173,8,2,14,1600,3,1,1,9,1,72168,M,4800300.0,-13500.0,72
200800006174,8,2,12,1745,1,1,1,1,6,72346,M,0.0,0.0,72
200800006175,8,2,26,1845,3,1,1,8,3,72045,M,0.0,0.0,72
200800006176,8,2,13,700,3,1,3,1,3,72051,M,0.0,0.0,72
200800006177,8,2,18,1900,3,1,1,1,1,72182,M,0.0,0.0,72
200800006178,8,2,26,1115,1,2,7,2,6,72276,M,4827900.0,46000.0,72
200800006179,8,2,22,445,3,1,1,5,1,72122,M,4807300.0,53000.0,72
200800006180,8,2,4,1100,1,1,1,1,3,72215,M,4840400.0,21000.0,72
200800006181,8,2,7,730,2,2,1,1,7,85046,M,4667800.0,-129300.0,85
200800006182,8,2,6,1445,1,1,1,1,1,85232,M,0.0,0.0,85
200800006183,8,2,22,1915,3,1,1,1,6,85025,M,4697500.0,-120600.0,85
200800006184,8,2,10,1530,1,1,1,1,6,85129,M,0.0,0.0,85
200800006185,8,2,6,800,2,1,2,1,5,85117,M,4647500.0,-125300.0,85
200800006186,8,2,21,145,3,1,1,5,6,85245,M,4656000.0,-90800.0,85
200800006187,8,2,21,2030,3,1,1,1,7,85020,M,4637200.0,-60900.0,85
200800006188,8,2,2,2300,3,1,1,1,6,85292,M,4661400.0,-88800.0,85
200800006189,8,2,8,1800,2,1,1,1,7,85154,M,0.0,0.0,85
200800006190,8,2,6,1915,5,2,1,5,6,85055,M,4678700.0,-162100.0,85
200800006191,8,2,23,415,3,1,1,5,1,85096,M,0.0,0.0,85
200800006192,8,2,25,1000,1,1,1,2,1,85047,M,0.0,0.0,85
200800006193,8,2,8,1930,5,1,1,1,3,85112,M,4658800.0,-179400.0,85
200800006194,8,2,24,1200,1,1,1,1,3,85250,M,0.0,0.0,85
200800006195,8,2,6,1815,1,2,1,1,4,85045,M,0.0,0.0,85
200800006196,8,2,9,1745,1,1,1,1,3,85071,M,0.0,0.0,85
200800006197,8,2,10,1915,3,1,1,1,1,85035,M,0.0,0.0,85
200800006198,8,2,2,1630,1,1,1,8,3,85164,M,4685000.0,-212300.0,85
200800006199,8,2,23,1045,3,1,1,1,7,85012,M,0.0,0.0,85
200800006200,8,2,24,1145,1,1,3,1,3,85018,M,4689600.0,-206500.0,85
200800006201,8,2,10,245,5,2,1,1,6,85307,M,4633000.0,-132000.0,85
200800006202,8,2,5,645,2,2,1,9,7,33236,M,0.0,0.0,33
200800006203,8,2,21,330,3,1,1,1,6,33236,M,0.0,0.0,33
200800006204,8,2,26,2045,3,1,1,2,1,33422,M,4479000.0,-85000.0,33
200800006205,8,2,25,1745,1,2,4,1,3,33477,M,4516600.0,-63600.0,33
200800006206,8,2,27,1115,1,1,1,1,3,33473,M,4514000.0,-43700.0,33
200800006207,8,2,20,1730,1,1,1,1,5,33004,M,4500300.0,-55100.0,33
200800006208,8,2,20,315,3,1,1,1,7,33355,M,4467000.0,-35000.0,33
200800006209,8,2,26,1445,1,2,2,2,3,33140,M,4477800.0,-34600.0,33
200800006210,8,2,11,1500,1,2,1,1,1,33077,M,0.0,0.0,33
200800006211,8,2,14,1600,1,1,1,1,4,33501,M,0.0,0.0,33
200800006212,8,2,27,1445,1,1,1,1,1,33501,M,0.0,0.0,33
200800006213,8,2,8,1200,1,1,1,1,1,33366,M,4500700.0,-43700.0,33
200800006214,8,2,1,1530,1,2,1,1,7,33227,M,4455500.0,-24900.0,33
200800006215,8,2,10,615,3,1,1,9,6,33244,M,4444300.0,-28500.0,33
200800006216,8,2,21,1315,1,1,1,1,6,33095,M,0.0,0.0,33
200800006217,8,2,9,1800,2,2,1,1,1,33379,M,4470200.0,-15000.0,33
200800006218,8,2,21,1230,1,1,1,1,1,33038,M,4535800.0,-91200.0,33
200800006219,8,2,4,1700,1,2,3,1,3,33104,M,0.0,0.0,33
200800006220,8,2,1,1830,3,1,1,3,2,33322,M,0.0,0.0,33
200800006221,8,2,9,1930,3,2,1,1,6,33514,M,0.0,0.0,33
200800006222,8,2,13,1615,1,1,1,1,1,33540,M,4536200.0,-105600.0,33
200800006223,8,2,3,615,5,1,1,1,6,33394,M,0.0,0.0,33
200800006224,8,2,1,545,3,1,1,1,6,33138,M,4503800.0,-8300.0,33
200800006225,8,2,17,1845,2,1,1,1,1,33362,M,0.0,0.0,33
200800006226,8,2,10,215,3,1,1,8,6,33365,M,0.0,0.0,33
200800006227,8,2,28,1915,3,1,1,1,3,33179,M,0.0,0.0,33
200800006228,8,2,29,1615,1,1,1,1,6,24002,M,0.0,0.0,24
200800006229,8,2,3,1430,1,1,9,1,6,24350,M,0.0,0.0,24
200800006230,8,2,14,1430,1,1,1,1,6,24372,M,0.0,0.0,24
200800006231,8,2,14,1915,5,2,1,1,6,24103,M,4520000.0,89400.0,24
200800006232,8,2,23,1800,1,1,1,1,2,24202,M,4520300.0,114000.0,24
200800006233,8,2,19,1230,1,1,1,1,6,24077,M,0.0,0.0,24
200800006234,8,2,16,2100,3,1,1,1,6,24498,M,4555000.0,85100.0,24
200800006235,8,2,3,1145,1,1,1,1,7,24526,M,0.0,0.0,24
200800006236,8,2,1,1645,1,1,1,2,6,24035,M,0.0,0.0,24
200800006237,8,2,7,1630,1,1,1,1,6,24293,M,4480400.0,100400.0,24
200800006238,8,2,4,1545,1,2,1,1,3,24552,M,4502800.0,112100.0,24
200800006239,8,2,1,1900,5,2,2,8,3,40283,M,4375300.0,-100100.0,40
200800006240,8,2,1,1845,3,1,1,1,5,40228,M,4362700.0,-84400.0,40
200800006241,8,2,17,1815,1,1,1,1,1,40034,M,4359700.0,-113200.0,40
200800006242,8,2,26,715,2,2,1,1,1,40132,M,4355500.0,-98900.0,40
200800006243,8,2,29,1600,1,1,1,1,6,40213,M,0.0,0.0,40
200800006244,8,2,1,1630,1,2,1,1,7,40217,M,0.0,0.0,40
200800006245,8,2,15,1900,5,2,9,1,6,40046,M,0.0,0.0,40
200800006246,8,2,4,1300,1,1,1,1,1,40094,M,0.0,0.0,40
200800006247,8,2,9,1530,1,1,1,1,3,40333,M,4396900.0,-71900.0,40
200800006248,8,2,12,1845,2,1,1,1,6,40019,M,4422100.0,-116800.0,40
200800006249,8,2,16,2215,3,1,1,1,6,40178,M,4388000.0,-44700.0,40
200800006250,8,2,10,1630,1,2,1,1,3,47015,M,4406900.0,65200.0,47
200800006251,8,2,16,1630,1,1,1,1,2,47025,M,0.0,0.0,47
200800006252,8,2,21,830,1,2,2,1,3,47157,M,0.0,0.0,47
200800006253,8,2,4,1245,1,1,1,1,3,47301,M,4454700.0,30100.0,47
200800006254,8,2,26,1730,1,1,1,1,3,47271,M,4464500.0,22600.0,47
200800006255,8,2,14,1530,1,2,1,1,6,47310,M,0.0,0.0,47
200800006256,8,2,21,1730,1,1,1,1,6,47310,M,0.0,0.0,47
200800006257,8,2,5,1945,3,1,1,1,6,47119,M,0.0,0.0,47
200800006258,8,2,2,1400,1,2,1,1,2,47203,M,0.0,0.0,47
200800006259,8,2,16,2000,3,1,1,1,3,47146,M,0.0,0.0,47
200800006260,8,2,17,1700,1,1,1,1,7,47105,M,0.0,0.0,47
200800006261,8,2,6,2000,3,1,1,5,7,47036,M,0.0,0.0,47
200800006262,8,2,23,1830,1,2,1,1,3,47185,M,0.0,0.0,47
200800006263,8,2,24,1930,3,2,1,1,3,47049,M,4444800.0,62300.0,47
200800006264,8,2,17,1945,5,2,1,1,6,64067,M,0.0,0.0,64
200800006265,8,2,22,2215,5,2,1,1,3,64230,M,4323400.0,-38700.0,64
200800006266,8,2,4,415,5,2,6,1,6,64519,M,4336200.0,-38000.0,64
200800006267,8,2,25,1745,1,2,1,1,6,64519,M,0.0,0.0,64
200800006268,8,2,22,2345,3,1,1,1,6,64059,M,4328400.0,-23500.0,64
200800006269,8,2,11,1315,1,1,1,1,7,64304,M,0.0,0.0,64
200800006270,8,2,25,1045,1,2,1,1,3,64495,M,0.0,0.0,64
200800006271,8,2,19,1730,1,1,1,1,3,64509,M,4314800.0,-88500.0,64
200800006272,8,2,10,645,3,2,1,1,6,64104,M,0.0,0.0,64
200800006273,8,2,18,2345,5,2,1,1,6,64320,M,0.0,0.0,64
200800006274,8,2,16,930,1,1,1,1,1,64253,M,4329300.0,-75800.0,64
200800006275,8,2,18,930,1,1,1,1,6,64201,M,4328500.0,-74300.0,64
200800006276,8,2,14,1400,1,2,1,1,6,64430,M,4349300.0,-77200.0,64
200800006277,8,2,17,1245,1,1,1,7,1,64430,M,4351900.0,-77600.0,64
200800006278,8,2,2,945,1,2,1,1,6,86226,M,0.0,0.0,86
200800006279,8,2,13,815,1,2,1,1,6,86062,M,0.0,0.0,86
200800006280,8,2,9,1845,2,1,1,1,2,86213,M,0.0,0.0,86
200800006281,8,2,23,615,2,1,1,5,2,86080,M,0.0,0.0,86
200800006282,8,2,15,1700,2,2,1,1,6,86204,M,0.0,0.0,86
200800006283,8,2,17,1145,1,1,1,1,3,86073,M,4669900.0,4700.0,86
200800006284,8,2,22,2130,3,1,1,1,7,86144,M,4672700.0,7300.0,86
200800006285,8,2,23,1915,3,1,1,1,7,86300,M,4667400.0,19700.0,86
200800006286,8,2,24,1015,1,1,1,1,2,86281,M,4671500.0,30000.0,86
200800006287,8,2,21,700,2,1,1,5,1,86248,M,4634000.0,46500.0,86
200800006288,8,2,21,1445,1,1,1,1,1,86092,M,4692600.0,61200.0,86
200800006289,8,2,28,815,1,1,1,8,1,86258,M,0.0,0.0,86
200800006290,8,2,14,1100,1,2,1,1,3,86233,M,4649300.0,65300.0,86
200800006291,8,2,22,1045,1,1,1,1,3,86153,M,4641400.0,69100.0,86
200800006292,8,2,23,200,3,1,1,5,6,86236,M,4666800.0,79800.0,86
200800006293,8,2,16,1715,1,1,2,1,3,16028,M,4549000.0,-13800.0,16
200800006294,8,2,14,1815,2,1,1,1,1,16098,M,0.0,0.0,16
200800006295,8,2,9,2015,3,1,2,1,4,16163,M,0.0,0.0,16
200800006296,8,2,28,2245,3,1,1,1,6,16348,M,0.0,0.0,16
200800006297,8,2,2,830,1,1,1,5,2,16140,M,0.0,0.0,16
200800006298,8,2,13,1730,1,1,2,7,3,16282,M,0.0,0.0,16
200800006299,8,2,12,1045,1,1,2,1,5,16027,M,0.0,0.0,16
200800006300,8,2,18,2030,3,1,1,1,2,17193,M,0.0,0.0,17
200800006301,8,2,20,300,3,1,1,1,6,17010,M,0.0,0.0,17
200800006302,8,2,19,1215,1,2,2,1,3,17349,M,4626000.0,-87000.0,17
200800006303,8,2,22,1400,1,1,1,1,6,17116,M,0.0,0.0,17
200800006304,8,2,14,1715,1,1,1,1,7,17055,M,4519100.0,-7600.0,17
200800006305,8,2,27,1730,1,1,1,2,5,17058,M,0.0,0.0,17
200800006306,8,2,21,1900,2,2,1,1,6,17093,M,0.0,0.0,17
200800006307,8,2,28,1100,1,1,1,1,1,17140,M,4592100.0,-127500.0,17
200800006308,8,2,10,1730,1,2,1,1,3,17155,M,0.0,0.0,17
200800006309,8,2,1,1815,2,2,1,2,3,17434,M,0.0,0.0,17
200800006310,8,2,11,1100,1,1,1,1,6,17359,M,0.0,0.0,17
200800006311,8,2,18,915,1,2,1,7,3,17003,M,4611000.0,-92000.0,17
200800006312,8,2,6,1400,1,1,1,1,6,17164,M,0.0,0.0,17
200800006313,8,2,8,1800,2,1,1,1,7,17072,M,0.0,0.0,17
200800006314,8,2,2,1330,1,1,1,1,6,17152,M,4554900.0,-78100.0,17
200800006315,8,2,10,730,3,1,1,1,6,17097,M,0.0,0.0,17
200800006316,8,2,27,1130,1,2,1,1,3,17347,M,0.0,0.0,17
200800006317,8,2,11,1530,1,2,1,1,3,79216,M,4626600.0,-34600.0,79
200800006318,8,2,11,1800,1,2,1,1,7,79304,M,4627800.0,-58400.0,79
200800006319,8,2,22,1745,1,1,1,1,6,79334,M,4619200.0,-58100.0,79
200800006320,8,2,14,1345,1,1,1,1,6,79198,M,0.0,0.0,79
200800006321,8,2,20,1300,1,1,1,8,6,79175,M,4613200.0,-400.0,79
200800006322,8,2,24,1715,1,2,6,1,3,79202,M,0.0,0.0,79
200800006323,8,2,14,1900,3,1,1,1,3,79016,M,4682000.0,-8700.0,79
200800006324,8,2,26,2330,3,1,1,3,7,87161,M,4584500.0,146700.0,87
200800006325,8,2,12,1200,1,2,1,1,6,87187,M,0.0,0.0,87
200800006326,8,2,12,1930,3,1,1,1,1,87047,M,4602200.0,129500.0,87
200800006327,8,2,13,1430,1,1,1,1,1,87160,M,4625500.0,125900.0,87
200800006328,8,2,7,1345,1,2,1,1,7,19048,M,4517800.0,173100.0,19
200800006329,8,2,27,1530,1,1,1,1,2,19082,M,4527600.0,166500.0,19
200800006330,8,2,4,1200,1,1,1,2,1,19010,M,4511500.0,195400.0,19
200800006331,8,2,7,830,2,1,1,9,6,19208,M,4534900.0,210200.0,19
200800006332,8,2,10,1500,1,2,1,1,1,19276,M,4542700.0,156400.0,19
200800006333,8,2,13,1745,1,1,1,1,1,19269,M,4555200.0,179400.0,19
200800006334,8,2,19,1200,1,1,1,1,3,19100,M,4537900.0,166600.0,19
200800006335,8,2,6,1830,3,1,1,1,1,19068,M,4516800.0,165800.0,19
200800006336,8,2,13,1500,1,2,1,1,3,19123,M,4517800.0,157200.0,19
200800006337,8,2,14,1345,1,1,1,1,6,19229,M,4513700.0,143100.0,19
200800006338,8,2,20,1600,1,2,3,1,3,19123,M,4517400.0,157600.0,19
200800006339,8,2,16,1930,3,1,1,1,7,19035,M,4531000.0,134200.0,19
200800006340,8,2,10,1445,1,2,1,1,6,19283,M,4548900.0,239600.0,19
200800006341,8,2,6,1145,1,1,1,1,1,23206,M,4617200.0,196000.0,23
200800006342,8,2,9,1400,1,1,1,1,7,23206,M,0.0,0.0,23
200800006343,8,2,8,1615,1,1,1,1,7,23101,M,4626000.0,191000.0,23
200800006344,8,2,2,1315,1,1,1,1,6,23162,M,4631000.0,197500.0,23
200800006345,8,2,12,845,1,1,1,1,1,23062,M,4633500.0,184900.0,23
200800006346,8,2,18,1500,1,1,1,1,1,23245,M,4617500.0,181400.0,23
200800006347,8,2,13,1615,1,2,1,1,6,23070,M,4639700.0,161600.0,23
200800006348,8,2,1,1800,5,2,1,1,1,31044,M,4361300.0,151700.0,31
200800006349,8,2,26,1045,1,2,1,1,3,31044,M,0.0,0.0,31
200800006350,8,2,5,1700,1,2,1,1,3,31202,M,0.0,0.0,31
200800006351,8,2,24,145,3,1,1,1,7,31049,M,0.0,0.0,31
200800006352,8,2,27,1645,1,1,1,1,4,31356,M,4369000.0,124000.0,31
200800006353,8,2,11,930,1,2,1,7,3,31417,M,4362000.0,129300.0,31
200800006354,8,2,28,1,3,1,1,1,2,31424,M,0.0,0.0,31
200800006355,8,2,10,1045,1,2,1,1,1,31460,M,4350000.0,137400.0,31
200800006356,8,2,26,1230,1,1,1,1,6,31091,M,0.0,0.0,31