Num_Acc,an,mois,jour,hrmn,lum,agg,int,atm,col,com,gps,lat,long,dep
200800006357,8,2,27,1815,1,1,1,1,1,31490,M,4374400.0,135500.0,31
200800006358,8,2,13,1445,1,2,1,1,3,31561,M,0.0,0.0,31
200800006359,8,2,29,1230,1,2,1,1,3,31561,M,0.0,0.0,31
200800006360,8,2,11,1830,3,1,1,1,2,31248,M,4345700.0,140400.0,31
200800006361,8,2,23,1700,1,2,1,1,2,31033,M,4335000.0,147000.0,31
200800006362,8,2,24,1000,1,1,1,1,3,31530,M,4322700.0,100000.0,31
200800006363,8,2,3,530,3,1,1,1,6,31051,M,4346600.0,108800.0,31
200800006364,8,2,19,830,1,1,1,1,3,31499,M,4352500.0,117400.0,31
200800006365,8,2,4,30,3,1,1,1,6,31271,M,4354300.0,165200.0,31
200800006366,8,2,23,100,3,1,1,1,7,31106,M,4353000.0,174800.0,31
200800006367,8,2,5,1645,1,1,1,1,7,31004,M,0.0,0.0,31
200800006368,8,2,13,1430,1,2,1,1,5,31451,M,0.0,0.0,31
200800006369,8,2,12,1545,1,1,1,1,1,09099,M,0.0,0.0,09
200800006370,8,2,14,2030,3,2,1,1,3,09264,M,0.0,0.0,09
200800006371,8,2,8,1900,3,1,1,1,3,09331,M,0.0,0.0,09
200800006372,8,2,17,300,3,1,1,1,6,09065,M,0.0,0.0,09
200800006373,8,2,21,1830,2,1,1,1,6,09120,M,4319500.0,116200.0,09
200800006374,8,2,22,1730,1,1,1,1,7,12241,M,4437200.0,264000.0,12
200800006375,8,2,28,1115,1,1,1,1,1,12137,M,4427200.0,246100.0,12
200800006376,8,2,21,1745,1,1,1,1,6,12033,M,0.0,0.0,12
200800006377,8,2,23,15,3,1,1,1,6,12033,M,0.0,0.0,12
200800006378,8,2,28,630,5,2,1,1,6,12026,M,0.0,0.0,12
200800006379,8,2,10,1945,3,2,1,1,6,12276,M,4416000.0,233700.0,12
200800006380,8,2,16,1430,1,1,1,1,5,12043,M,4427500.0,255800.0,12
200800006381,8,2,2,1715,1,1,1,1,7,12294,M,4426300.0,292200.0,12
200800006382,8,2,5,1615,1,2,1,1,2,12300,M,4435600.0,203400.0,12
200800006383,8,2,13,1800,2,1,1,1,1,12263,M,4435000.0,195700.0,12
200800006384,8,2,5,715,3,1,1,1,1,32331,M,0.0,0.0,32
200800006385,8,2,4,1830,3,1,1,1,1,32173,M,0.0,0.0,32
200800006386,8,2,8,1745,1,2,1,1,3,32160,M,4361800.0,108600.0,32
200800006387,8,2,28,2045,3,1,1,1,7,32051,M,4356000.0,87200.0,32
200800006388,8,2,8,1745,2,1,1,1,6,32097,M,4366800.0,24100.0,32
200800006389,8,2,17,1100,1,1,1,1,3,32212,M,4405400.0,50400.0,32
200800006390,8,2,4,1800,1,2,3,1,1,32296,M,4376400.0,-3300.0,32
200800006391,8,2,22,1715,1,2,1,7,6,32296,M,4376100.0,-3600.0,32
200800006392,8,2,27,1030,1,1,1,2,6,32119,M,4385700.0,12500.0,32
200800006393,8,2,18,915,1,1,1,1,1,32041,M,4342400.0,61600.0,32
200800006394,8,2,21,1430,1,2,1,1,2,32242,M,4343300.0,57900.0,32
200800006395,8,2,7,1500,1,1,3,1,3,46137,M,4439200.0,136800.0,46
200800006396,8,2,13,1715,1,1,1,1,3,46137,M,0.0,0.0,46
200800006397,8,2,14,1700,1,1,1,1,7,46171,M,4458500.0,122800.0,46
200800006398,8,2,21,15,3,1,1,1,7,46197,M,0.0,0.0,46
200800006399,8,2,18,1615,1,2,1,1,6,46296,M,0.0,0.0,46
200800006400,8,2,8,2230,3,1,1,1,6,46279,M,0.0,0.0,46
200800006401,8,2,23,1830,2,1,1,1,7,46334,M,4473000.0,148800.0,46
200800006402,8,2,13,1845,2,1,1,1,1,46145,M,4491900.0,146800.0,46
200800006403,8,2,4,2100,3,1,1,1,6,65257,M,0.0,0.0,65
200800006404,8,2,11,1030,1,1,1,1,1,65235,M,4320400.0,800.0,65
200800006405,8,2,11,30,3,1,1,1,6,65452,M,0.0,0.0,65
200800006406,8,2,17,1415,1,1,1,1,3,65156,M,0.0,0.0,65
200800006407,8,2,22,730,1,1,1,1,1,65101,M,0.0,0.0,65
200800006408,8,2,8,1830,1,1,1,1,7,65262,M,4343000.0,1000.0,65
200800006409,8,2,9,500,3,1,1,1,6,65460,M,4338800.0,9300.0,65
200800006410,8,2,9,1730,1,2,2,1,3,65460,M,0.0,0.0,65
200800006411,8,2,9,1630,1,2,1,1,1,65007,M,4332300.0,6600.0,65
200800006412,8,2,17,1230,1,1,1,1,1,65049,M,4351200.0,8100.0,65
200800006413,8,2,26,1315,1,1,1,1,3,65460,M,4339600.0,5300.0,65
200800006414,8,2,10,1800,1,1,1,1,6,65295,M,,,65
200800006415,8,2,23,1200,1,1,1,1,7,65210,M,,,65
200800006416,8,2,26,1530,1,1,1,1,6,65145,M,0.0,0.0,65
200800006417,8,2,9,1315,1,1,1,1,6,65006,M,0.0,0.0,65
200800006418,8,2,11,1800,1,2,1,1,1,65258,M,0.0,0.0,65
200800006419,8,2,23,1600,1,1,1,1,6,81013,M,0.0,0.0,81
200800006420,8,2,10,2145,3,1,1,1,6,81011,M,0.0,0.0,81
200800006421,8,2,13,1830,2,2,1,1,1,81182,M,0.0,0.0,81
200800006422,8,2,27,1600,1,1,1,1,3,81038,M,4388200.0,194100.0,81
200800006423,8,2,13,1715,1,2,1,1,5,69069,M,4573900.0,471300.0,69
200800006424,8,2,3,715,2,2,1,1,6,81120,M,0.0,0.0,81
200800006425,8,2,11,1730,1,2,1,1,6,82179,M,4418100.0,162200.0,82
200800006426,8,2,17,1800,1,1,1,1,3,82149,M,4414000.0,150700.0,82
200800006427,8,2,17,1915,3,1,1,1,1,82037,M,4417200.0,152600.0,82
200800006428,8,2,26,630,3,1,1,1,1,82017,M,0.0,0.0,82
200800006429,8,2,1,1745,2,1,9,1,3,82094,M,4425400.0,113800.0,82
200800006430,8,2,20,2100,3,1,1,1,6,82117,M,4435100.0,96800.0,82
200800006431,8,2,21,1330,1,2,1,1,3,82112,M,0.0,0.0,82
200800006432,8,2,22,1730,1,1,1,1,1,82112,M,0.0,0.0,82
200800006433,8,2,8,1845,5,2,1,1,6,82025,M,4393900.0,130900.0,82
200800006434,8,2,14,1900,5,2,1,1,1,69277,M,0.0,0.0,69
200800006435,8,2,3,545,5,1,6,1,7,69289,M,0.0,0.0,69
200800006436,8,2,5,1645,1,2,1,1,1,69287,M,0.0,0.0,69
200800006437,8,2,21,1430,1,1,2,1,3,69299,M,0.0,0.0,69
200800006438,8,2,27,1145,1,1,1,1,7,69289,M,0.0,0.0,69
200800006439,8,2,17,830,1,2,1,1,1,69010,M,0.0,0.0,69
200800006440,8,2,23,1900,2,1,1,1,1,69112,M,0.0,0.0,69
200800006441,8,2,27,1245,1,1,1,8,5,69175,M,0.0,0.0,69
200800006442,8,2,27,1745,1,1,1,2,7,69057,M,0.0,0.0,69
200800006443,8,2,17,2100,5,2,1,1,6,69238,M,0.0,0.0,69
200800006444,8,2,26,2130,5,2,1,2,6,69255,M,0.0,0.0,69
200800006445,8,2,27,1430,1,1,1,1,3,69176,M,0.0,0.0,69
200800006446,8,2,29,1830,2,2,1,1,1,69151,M,4606700.0,460100.0,69
200800006447,8,2,27,1245,1,1,1,2,3,69106,M,0.0,0.0,69
200800006448,8,2,6,1830,3,1,1,1,6,69197,M,0.0,0.0,69
200800006449,8,2,7,1715,1,1,1,1,3,69242,M,0.0,0.0,69
200800006450,8,2,19,645,3,1,1,8,1,69019,M,0.0,0.0,69
200800006451,8,2,16,1615,3,2,1,1,7,69157,M,0.0,0.0,69
200800006452,8,2,9,2200,3,1,1,1,6,01336,M,0.0,0.0,01
200800006453,8,2,26,215,3,1,1,1,6,01405,M,0.0,0.0,01
200800006454,8,2,7,930,1,1,2,1,3,01445,M,0.0,0.0,01
200800006455,8,2,8,715,2,1,1,5,5,01367,M,0.0,0.0,01
200800006456,8,2,11,1000,1,2,1,1,2,01304,M,0.0,0.0,01
200800006457,8,2,16,1430,1,2,1,1,3,01422,M,0.0,0.0,01
200800006458,8,2,29,1830,1,1,1,1,1,01454,M,0.0,0.0,01
200800006459,8,2,20,700,2,1,1,1,5,01208,M,0.0,0.0,01
200800006460,8,2,24,1700,1,1,1,1,3,01292,M,0.0,0.0,01
200800006461,8,2,22,1530,1,1,1,1,1,01004,M,0.0,0.0,01
200800006462,8,2,25,1815,1,1,1,1,1,01279,M,0.0,0.0,01
200800006463,8,2,4,700,2,1,1,4,6,01210,M,4629100.0,592900.0,01
200800006464,8,2,3,1615,1,1,1,1,7,01109,M,4615000.0,592800.0,01
200800006465,8,2,18,1045,1,1,1,1,7,01260,M,4594100.0,505700.0,01
200800006466,8,2,16,1500,1,2,2,1,3,01142,M,0.0,0.0,01
200800006467,8,2,27,1345,1,1,2,1,3,01362,M,0.0,0.0,01
200800006468,8,2,28,1600,1,1,1,1,1,01446,M,0.0,0.0,01
200800006469,8,2,14,1430,1,1,1,1,6,07319,M,0.0,0.0,07
200800006470,8,2,10,1800,2,2,1,1,2,07055,M,0.0,0.0,07
200800006471,8,2,23,1800,1,1,1,1,6,07087,M,0.0,0.0,07
200800006472,8,2,9,1545,1,1,1,1,1,07217,M,4505000.0,476000.0,07
200800006473,8,2,21,1730,1,2,1,1,7,07215,M,4489500.0,447100.0,07
200800006474,8,2,12,1800,1,1,1,1,1,07188,M,0.0,0.0,07
200800006475,8,2,1,1600,1,2,1,1,1,26108,M,0.0,0.0,26
200800006476,8,2,7,1145,1,2,1,1,1,26165,M,0.0,0.0,26
200800006477,8,2,22,1630,1,2,1,1,6,26166,M,0.0,0.0,26
200800006478,8,2,4,1000,1,1,1,4,1,26315,M,4501400.0,544300.0,26
200800006479,8,2,23,1415,1,1,1,1,6,26339,M,4460400.0,475300.0,26
200800006480,8,2,2,1500,1,1,1,1,7,26264,M,4444900.0,537200.0,26
200800006481,8,2,7,1945,3,1,1,1,6,26084,M,0.0,0.0,26
200800006482,8,2,12,745,2,1,1,1,6,26307,M,4502500.0,529500.0,26
200800006483,8,2,21,1545,1,2,1,1,3,26347,M,4507700.0,483600.0,26
200800006484,8,2,17,600,3,1,1,1,1,38175,M,4527400.0,591200.0,38
200800006485,8,2,22,2300,3,1,1,1,1,38317,M,0.0,0.0,38
200800006486,8,2,23,1700,1,2,1,1,1,38317,M,0.0,0.0,38
200800006487,8,2,19,1300,1,1,1,1,1,38075,M,0.0,0.0,38
200800006488,8,2,25,700,5,2,1,1,3,38382,M,0.0,0.0,38
200800006489,8,2,18,815,1,2,6,1,6,38474,M,0.0,0.0,38
200800006490,8,2,9,2330,3,1,1,1,3,38205,M,0.0,0.0,38
200800006491,8,2,25,1745,1,2,2,1,3,38269,M,4490900.0,579100.0,38
200800006492,8,2,26,800,2,1,1,1,7,38470,M,4487100.0,585000.0,38
200800006493,8,2,28,1715,1,1,1,1,3,38499,M,4493300.0,578200.0,38
200800006494,8,2,22,830,1,1,1,1,5,38059,M,4510400.0,578700.0,38
200800006495,8,2,29,2015,3,1,1,1,6,38495,M,4513000.0,528200.0,38
200800006496,8,2,4,2000,5,2,1,1,1,38337,M,4535800.0,549300.0,38
200800006497,8,2,29,1815,2,1,1,1,2,38500,M,4517600.0,536900.0,38
200800006498,8,2,29,2045,3,1,1,1,7,38276,M,4555400.0,531000.0,38
200800006499,8,2,16,2315,3,1,1,1,1,38043,M,0.0,0.0,38
200800006500,8,2,8,630,3,1,1,1,1,38539,M,4587500.0,537000.0,38
200800006501,8,2,13,545,3,1,1,1,3,38054,M,4578400.0,540100.0,38
200800006502,8,2,17,115,3,1,1,1,6,38054,M,4580700.0,541700.0,38
200800006503,8,2,26,2330,3,1,1,2,6,38539,M,4588000.0,534700.0,38
200800006504,8,2,13,1900,3,1,1,1,6,38543,M,4566400.0,546000.0,38
200800006505,8,2,12,1630,2,2,2,7,3,44066,M,4737000.0,-160500.0,44
200800006506,8,2,12,1215,1,1,1,1,1,38336,M,4546400.0,484000.0,38
200800006507,8,2,15,630,5,2,1,1,6,38087,M,4558600.0,479500.0,38
200800006508,8,2,27,1100,1,1,1,1,1,38160,M,0.0,0.0,38
200800006509,8,2,28,1000,1,2,1,1,1,38087,M,4558500.0,479400.0,38
200800006510,8,2,6,1430,1,1,1,1,3,38035,M,0.0,0.0,38
200800006511,8,2,9,1500,1,1,1,1,1,38399,M,0.0,0.0,38
200800006512,8,2,12,2015,3,1,1,1,6,38231,M,0.0,0.0,38
200800006513,8,2,9,1345,1,2,1,1,3,38507,M,0.0,0.0,38
200800006514,8,2,29,2045,5,2,1,1,3,38298,M,4537600.0,480400.0,38
200800006515,8,2,26,1945,5,1,6,2,3,38298,M,4538200.0,479900.0,38
200800006516,8,2,6,1915,2,1,1,1,1,38449,M,4563600.0,513500.0,38
200800006517,8,2,22,1045,1,2,1,1,3,38449,M,4565100.0,510400.0,38
200800006518,8,2,17,1915,5,1,1,1,6,42285,M,0.0,0.0,42
200800006519,8,2,2,1745,1,2,1,1,3,42304,M,4554400.0,418200.0,42
200800006520,8,2,18,1445,1,1,1,1,6,42197,M,0.0,0.0,42
200800006521,8,2,22,845,1,1,1,5,3,42219,M,4574200.0,412800.0,42
200800006522,8,2,2,1030,1,1,4,3,5,42261,M,4572200.0,436700.0,42
200800006523,8,2,8,2115,3,1,1,1,7,42094,M,4572700.0,422700.0,42
200800006524,8,2,23,1930,3,1,1,1,1,42073,M,4579400.0,428900.0,42
200800006525,8,2,26,745,2,1,1,1,2,42094,M,4574600.0,421100.0,42
200800006526,8,2,1,2030,3,1,1,1,7,42138,M,0.0,0.0,42
200800006527,8,2,9,1430,1,2,1,1,3,42081,M,4560900.0,425800.0,42
200800006528,8,2,14,1600,5,2,1,1,3,42323,M,4556800.0,427700.0,42
200800006529,8,2,16,1730,1,1,1,1,3,42149,M,4562600.0,425200.0,42
200800006530,8,2,16,1900,5,1,1,1,7,42222,M,0.0,0.0,42
200800006531,8,2,14,645,2,2,1,1,3,42129,M,4537000.0,469000.0,42
200800006532,8,2,17,1730,1,1,1,1,6,42277,M,4591100.0,409300.0,42
200800006533,8,2,14,1815,2,1,1,1,7,42177,M,4614400.0,412200.0,42
200800006534,8,2,16,215,3,2,1,1,2,73043,M,4576100.0,593200.0,73
200800006535,8,2,23,2045,3,1,1,1,1,73218,M,4584900.0,584300.0,73
200800006536,8,2,1,1715,2,2,1,1,3,73226,M,4550500.0,572600.0,73
200800006537,8,2,16,2345,3,1,1,1,6,73033,M,4546800.0,575200.0,73
200800006538,8,2,16,1900,3,1,1,8,1,73188,M,0.0,0.0,73
200800006539,8,2,10,30,3,1,1,1,1,73055,M,0.0,0.0,73
200800006540,8,2,26,2030,5,2,1,1,6,73071,M,0.0,0.0,73
200800006541,8,2,18,1345,1,1,1,1,6,73227,M,0.0,0.0,73
200800006542,8,2,23,1030,1,2,1,1,3,73248,M,4528500.0,634600.0,73
200800006543,8,2,25,2245,3,1,1,1,7,73307,M,4518400.0,649000.0,73
200800006544,8,2,9,1600,1,1,1,1,1,73007,M,4557600.0,626600.0,73
200800006545,8,2,8,645,2,1,1,1,1,74165,M,4583900.0,596700.0,74
200800006546,8,2,19,1815,5,2,1,1,3,74225,M,4586800.0,594000.0,74
200800006547,8,2,3,215,3,1,1,1,7,74042,M,4607300.0,643400.0,74
200800006548,8,2,14,1030,1,2,1,1,6,74042,M,4608200.0,641400.0,74
200800006549,8,2,23,1800,1,2,1,1,6,74081,M,0.0,0.0,74
200800006550,8,2,3,1645,2,1,1,7,1,74083,M,0.0,0.0,74
200800006551,8,2,19,145,5,2,1,1,7,74007,M,4607800.0,631700.0,74
200800006552,8,2,24,1530,1,1,1,1,7,74250,M,4602600.0,639700.0,74
200800006553,8,2,26,430,3,1,1,2,1,74224,M,4604900.0,625500.0,74
200800006554,8,2,9,1515,1,1,1,1,1,74256,M,0.0,0.0,74
200800006555,8,2,25,1215,1,2,1,1,6,74256,M,4594000.0,663100.0,74
200800006556,8,2,4,1915,3,1,1,1,1,74276,M,0.0,0.0,74
200800006557,8,2,19,1100,1,2,1,1,6,74223,M,0.0,0.0,74
200800006558,8,2,13,1145,1,1,1,1,1,74016,M,0.0,0.0,74
200800006559,8,2,23,1900,3,1,1,1,1,74243,M,0.0,0.0,74
200800006560,8,2,9,1815,3,2,1,1,3,74185,M,4616300.0,622600.0,74
200800006561,8,2,15,2330,3,1,1,8,6,74100,M,0.0,0.0,74
200800006562,8,2,2,2000,3,1,1,1,6,74293,M,4629000.0,626600.0,74
200800006563,8,2,19,1745,3,1,1,1,6,74293,M,4627300.0,628200.0,74
200800006564,8,2,22,830,1,2,1,1,1,74005,M,4633900.0,647600.0,74
200800006565,8,2,16,2300,3,1,1,1,6,74308,M,4635600.0,662500.0,74
200800006566,8,2,16,2045,3,1,1,8,1,74238,M,4622600.0,666600.0,74
200800006567,8,2,7,1430,1,1,1,1,6,63045,M,0.0,0.0,63
200800006568,8,2,26,1200,1,2,1,1,3,63453,M,4579000.0,328000.0,63
200800006569,8,2,15,1515,1,1,1,1,6,63236,M,4559400.0,277700.0,63
200800006570,8,2,5,1545,1,2,1,1,6,63284,M,0.0,0.0,63
200800006571,8,2,14,1915,5,2,1,1,3,63457,M,4566700.0,321000.0,63
200800006572,8,2,17,1445,1,1,1,1,5,63282,M,4563200.0,315200.0,63
200800006573,8,2,23,1030,1,1,1,1,1,63397,M,4560700.0,270100.0,63
200800006574,8,2,8,900,1,1,1,7,1,63181,M,4604200.0,307600.0,63
200800006575,8,2,10,1830,2,2,6,1,7,63187,M,4623000.0,287300.0,63
200800006576,8,2,23,2145,3,1,1,1,6,63187,M,4622000.0,292100.0,63
200800006577,8,2,26,1100,1,1,1,1,1,63281,M,4611000.0,269000.0,63
200800006578,8,2,4,1515,1,2,3,1,3,63276,M,4584900.0,349000.0,63
200800006579,8,2,16,1645,1,1,1,1,6,63066,M,4584900.0,360700.0,63
200800006580,8,2,2,2145,3,1,1,1,1,63271,M,4594000.0,349300.0,63
200800006581,8,2,27,1900,5,2,1,2,2,03074,M,4661600.0,355600.0,03
200800006582,8,2,3,145,3,2,1,1,6,03150,M,4654300.0,284000.0,03
200800006583,8,2,1,1130,1,1,1,1,6,03158,M,4647600.0,267000.0,03
200800006584,8,2,19,1915,5,2,1,1,6,03104,M,4634100.0,279900.0,03
200800006585,8,2,17,230,3,2,1,1,7,03022,M,0.0,0.0,03
200800006586,8,2,22,1945,3,1,1,1,3,03165,M,4607000.0,365000.0,03
200800006587,8,2,26,1830,2,1,1,2,6,03091,M,0.0,0.0,03
200800006588,8,2,24,230,3,1,1,1,7,15191,M,0.0,0.0,15
200800006589,8,2,26,1130,3,1,1,2,6,15236,M,4500000.0,264100.0,15
200800006590,8,2,15,1045,1,2,1,1,6,15187,M,0.0,0.0,15
200800006591,8,2,15,100,3,1,1,1,7,15188,M,4501600.0,312900.0,15
200800006592,8,2,26,1645,1,1,1,1,1,43254,M,4512000.0,370200.0,43
200800006593,8,2,9,1600,1,1,1,9,7,43005,M,4489900.0,371600.0,43
200800006594,8,2,13,1700,1,2,1,1,6,43112,M,4510500.0,349000.0,43
200800006595,8,2,11,1245,1,1,1,1,6,43033,M,0.0,0.0,43
200800006596,8,2,28,1600,1,1,1,1,3,43102,M,4517400.0,420600.0,43
200800006597,8,2,4,700,3,1,1,8,1,57017,M,4915200.0,606300.0,57
200800006598,8,2,14,1515,1,2,1,1,6,57396,M,4912500.0,609800.0,57
200800006599,8,2,23,1745,2,1,1,1,6,57415,M,4915400.0,612500.0,57
200800006600,8,2,29,2300,5,2,1,2,1,57481,M,4922200.0,602100.0,57
200800006601,8,2,11,1630,1,2,1,1,3,57645,M,4919800.0,613900.0,57
200800006602,8,2,25,1830,5,2,1,1,3,57443,M,0.0,0.0,57
200800006603,8,2,4,1030,1,1,1,2,6,57572,M,0.0,0.0,57
200800006604,8,2,7,815,1,1,1,5,3,57204,M,0.0,0.0,57
200800006605,8,2,11,1130,1,1,1,1,3,57482,M,0.0,0.0,57
200800006606,8,2,14,1530,1,1,1,1,7,57043,M,0.0,0.0,57
200800006607,8,2,22,2330,5,1,1,1,1,57028,M,0.0,0.0,57
200800006608,8,2,6,130,3,1,1,3,1,57160,M,0.0,0.0,57
200800006609,8,2,22,1745,2,2,1,1,6,57209,M,4905200.0,659600.0,57
200800006610,8,2,24,1630,1,2,1,1,1,57669,M,4912300.0,689300.0,57
200800006611,8,2,22,1345,1,1,1,1,1,57687,M,4895900.0,667600.0,57
200800006612,8,2,1,1910,3,1,1,4,1,57321,M,0.0,0.0,57
200800006613,8,2,3,600,3,2,1,9,6,57540,M,4876600.0,725300.0,57
200800006614,8,2,4,230,3,1,1,1,7,57114,M,4876200.0,716600.0,57
200800006615,8,2,9,530,3,1,1,1,6,57114,M,4875500.0,717000.0,57
200800006616,8,2,18,930,1,2,1,1,3,57540,M,0.0,0.0,57
200800006617,8,2,7,500,3,1,1,9,7,57196,M,0.0,0.0,57
200800006618,8,2,14,2300,3,1,1,1,3,57338,M,0.0,0.0,57
200800006619,8,2,20,1845,3,1,1,2,1,57541,M,0.0,0.0,57
200800006620,8,2,2,730,2,1,1,9,3,57206,M,4931900.0,611200.0,57
200800006621,8,2,8,1815,5,2,1,1,6,57370,M,0.0,0.0,57
200800006622,8,2,17,530,4,2,1,1,6,54276,M,0.0,0.0,54
200800006623,8,2,22,1145,1,2,1,1,1,54430,M,4877200.0,612900.0,54
200800006624,8,2,15,1215,1,1,1,1,3,54196,M,0.0,0.0,54
200800006625,8,2,12,500,5,2,1,1,6,54403,M,0.0,0.0,54
200800006626,8,2,9,1800,2,2,1,1,6,54477,M,0.0,0.0,54
200800006627,8,2,1,2145,3,1,1,4,6,54238,M,0.0,0.0,54
200800006628,8,2,15,1730,1,1,2,1,1,54144,M,0.0,0.0,54
200800006629,8,2,24,345,3,1,1,5,6,54386,M,0.0,0.0,54
200800006630,8,2,26,1615,1,1,1,2,1,54392,M,4859600.0,589200.0,54
200800006631,8,2,17,1845,3,1,1,1,6,54370,M,4881000.0,589200.0,54
200800006632,8,2,10,15,3,1,1,1,1,55470,M,4870800.0,507800.0,55
200800006633,8,2,13,1915,5,2,1,1,6,55543,M,4872200.0,527900.0,55
200800006634,8,2,16,1130,1,2,1,1,6,55463,M,0.0,0.0,55
200800006635,8,2,24,1715,1,2,1,1,6,55003,M,0.0,0.0,55
200800006636,8,2,9,915,1,2,1,7,7,55324,M,4945600.0,545700.0,55
200800006637,8,2,8,1845,5,1,1,1,1,55497,M,4909700.0,527800.0,55
200800006638,8,2,25,1245,1,1,1,8,7,55512,M,4900300.0,544600.0,55
200800006639,8,2,29,400,2,1,1,1,7,88090,M,4837400.0,626900.0,88
200800006640,8,2,18,615,5,2,1,1,1,88367,M,0.0,0.0,88
200800006641,8,2,7,615,3,1,1,5,6,88465,M,4825700.0,639900.0,88
200800006642,8,2,9,2130,3,1,1,1,1,88204,M,4826400.0,644500.0,88
200800006643,8,2,26,1800,2,2,1,3,6,88465,M,4825500.0,642100.0,88
200800006644,8,2,25,500,3,1,1,1,6,88460,M,0.0,0.0,88
200800006645,8,2,9,1445,1,2,1,1,6,88095,M,4830500.0,583100.0,88
200800006646,8,2,29,1645,1,2,1,2,6,88095,M,4830700.0,582200.0,88
200800006647,8,2,26,2115,5,1,1,2,2,88408,M,4794400.0,664200.0,88
200800006648,8,2,9,1100,1,2,1,1,3,88349,M,0.0,0.0,88
200800006649,8,2,13,1530,1,1,1,1,1,88423,M,0.0,0.0,88
200800006650,8,2,16,1000,1,1,1,1,6,88034,M,0.0,0.0,88
200800006651,8,2,16,1700,1,1,1,1,6,88115,M,0.0,0.0,88
200800006652,8,2,4,1800,5,2,1,2,6,88196,M,0.0,0.0,88
200800006653,8,2,25,1530,1,2,1,1,6,88196,M,0.0,0.0,88
200800006654,8,2,11,1230,1,1,1,1,7,67028,M,4837700.0,761800.0,67
200800006655,8,2,19,2315,3,1,1,1,6,67028,M,4836200.0,761800.0,67
200800006656,8,2,1,815,1,1,1,1,1,67329,M,4845000.0,753000.0,67
200800006657,8,2,1,1730,5,2,1,3,2,67458,M,0.0,0.0,67
200800006658,8,2,12,1400,1,1,1,1,6,67203,M,4878800.0,768600.0,67
200800006659,8,2,16,1345,1,1,1,1,1,67523,M,4874800.0,776000.0,67
200800006660,8,2,23,1445,1,2,1,7,1,67411,M,4850100.0,747600.0,67
200800006661,8,2,11,615,3,1,1,9,7,67436,M,0.0,0.0,67
200800006662,8,2,24,1245,1,2,1,1,1,67276,M,4852100.0,728500.0,67
200800006663,8,2,6,800,2,2,1,2,6,67437,M,4874300.0,736400.0,67
200800006664,8,2,17,1830,5,2,1,1,1,67302,M,0.0,0.0,67
200800006665,8,2,24,1600,1,1,1,7,7,67006,M,0.0,0.0,67
200800006666,8,2,27,1515,1,2,1,1,6,67089,M,0.0,0.0,67
200800006667,8,2,7,1730,1,1,1,1,1,67278,M,4893600.0,715700.0,67
200800006668,8,2,19,645,2,2,1,1,7,67506,M,4867100.0,771400.0,67
200800006669,8,2,19,1645,1,1,1,1,6,67209,M,0.0,0.0,67
200800006670,8,2,6,1800,5,2,1,2,2,67034,M,4868400.0,765500.0,67
200800006671,8,2,17,1900,2,1,1,1,7,67214,M,0.0,0.0,67
200800006672,8,2,25,2115,5,1,1,1,3,67214,M,0.0,0.0,67
200800006673,8,2,20,1745,2,2,1,1,4,67519,M,4864700.0,781600.0,67
200800006674,8,2,2,1045,1,1,1,1,1,67084,M,4833100.0,742400.0,67
200800006675,8,2,1,1700,1,1,1,1,1,67398,M,0.0,0.0,67
200800006676,8,2,19,1030,1,1,1,1,6,67196,M,4832500.0,758900.0,67
200800006677,8,2,7,615,2,1,1,9,7,67544,M,4902200.0,794400.0,67
200800006678,8,2,8,1545,1,2,1,7,6,67544,M,4903800.0,794300.0,67
200800006679,8,2,9,1645,1,2,1,1,6,67261,M,4896400.0,818900.0,67
200800006680,8,2,29,1130,1,1,1,8,7,67132,M,4887600.0,772300.0,67
200800006681,8,2,2,1515,1,1,1,1,7,68146,M,0.0,0.0,68
200800006682,8,2,27,1715,1,1,1,1,6,68317,M,4807200.0,706100.0,68
200800006683,8,2,18,1500,1,1,2,1,3,68036,M,4803700.0,756300.0,68
200800006684,8,2,10,500,3,1,1,1,6,68185,M,4827000.0,729000.0,68
200800006685,8,2,19,100,5,2,1,1,6,68294,M,4826000.0,722000.0,68
200800006686,8,2,17,1500,1,1,1,1,6,68282,M,4760900.0,706500.0,68
200800006687,8,2,4,715,2,1,1,9,5,68258,M,4783600.0,729700.0,68
200800006688,8,2,16,915,1,2,1,1,6,68082,M,4786900.0,734900.0,68
200800006689,8,2,25,1100,1,2,1,1,6,68287,M,4796200.0,730000.0,68
200800006690,8,2,1,1300,1,2,1,1,3,68270,M,0.0,0.0,68
200800006691,8,2,6,1130,1,1,1,1,1,68101,M,4771700.0,722600.0,68
200800006692,8,2,4,845,1,1,1,9,5,68253,M,4777300.0,745900.0,68
200800006693,8,2,2,2230,5,2,1,1,6,68126,M,4756800.0,753100.0,68
200800006694,8,2,26,1615,1,1,1,1,1,68180,M,4779100.0,710600.0,68
200800006695,8,2,13,1245,1,1,6,1,7,51436,M,4887100.0,447900.0,51
200800006696,8,2,12,2345,3,1,1,1,2,51161,M,4904900.0,418300.0,51
200800006697,8,2,15,2330,3,1,1,1,7,51303,M,4902100.0,418600.0,51
200800006698,8,2,16,2330,3,1,1,1,2,51231,M,4897900.0,445500.0,51