Num_Acc,an,mois,jour,hrmn,lum,agg,int,atm,col,com,gps,lat,long,dep
200800006699,8,2,11,1430,1,1,1,1,3,51643,M,0.0,0.0,51
200800006700,8,2,19,1815,2,1,3,1,3,51200,M,4900000.0,398000.0,51
200800006701,8,2,21,1845,5,2,1,1,1,51217,M,4907900.0,363700.0,51
200800006702,8,2,16,1200,1,1,1,1,5,51167,M,4874000.0,440000.0,51
200800006703,8,2,5,1330,1,1,1,8,3,51353,M,4861600.0,384200.0,51
200800006704,8,2,7,745,1,2,1,5,3,51237,M,4873400.0,357300.0,51
200800006705,8,2,7,1845,3,1,1,1,2,51369,M,4873300.0,366900.0,51
200800006706,8,2,16,2345,3,1,1,1,1,51391,M,4927900.0,386100.0,51
200800006707,8,2,24,1515,1,1,1,1,2,51282,M,4925600.0,394900.0,51
200800006708,8,2,9,1830,5,2,9,1,3,51576,M,4905300.0,411400.0,51
200800006709,8,2,29,1215,1,2,1,1,2,51576,M,4905300.0,411500.0,51
200800006710,8,2,11,1930,5,1,1,1,6,51284,M,0.0,0.0,51
200800006711,8,2,17,930,1,1,1,1,7,51286,M,4864600.0,474000.0,51
200800006712,8,2,18,2030,3,1,1,1,1,08400,M,4966800.0,480300.0,08
200800006713,8,2,6,2000,3,1,1,8,6,08081,M,4984000.0,480000.0,08
200800006714,8,2,8,1815,2,1,1,1,1,08408,M,4986900.0,466000.0,08
200800006715,8,2,18,1615,1,1,1,1,1,08457,M,4980700.0,464200.0,08
200800006716,8,2,14,715,1,1,1,9,7,08289,M,0.0,0.0,08
200800006717,8,2,28,1715,1,1,1,3,3,08490,M,4940100.0,472700.0,08
200800006718,8,2,8,1630,1,2,1,1,3,08362,M,0.0,0.0,08
200800006719,8,2,12,1330,1,2,1,1,1,08008,M,0.0,0.0,08
200800006720,8,2,5,1830,3,1,1,2,6,08150,M,4955800.0,428400.0,08
200800006721,8,2,13,2130,5,1,2,1,3,08329,M,4958900.0,441000.0,08
200800006722,8,2,18,1115,1,1,1,1,7,08472,M,4961100.0,446500.0,08
200800006723,8,2,8,345,3,1,1,1,6,10256,M,0.0,0.0,10
200800006724,8,2,6,1600,1,1,1,1,3,10394,M,0.0,0.0,10
200800006725,8,2,5,200,3,2,1,9,1,10335,M,0.0,0.0,10
200800006726,8,2,25,1100,1,1,1,1,1,10349,M,0.0,0.0,10
200800006727,8,2,19,2015,3,1,1,2,2,10110,M,4827100.0,421600.0,10
200800006728,8,2,19,1630,1,1,1,1,6,10033,M,0.0,0.0,10
200800006729,8,2,8,730,2,1,1,1,1,10295,M,0.0,0.0,10
200800006730,8,2,23,630,1,1,1,1,7,10213,M,0.0,0.0,10
200800006731,8,2,29,915,1,1,1,1,6,10224,M,4842100.0,370600.0,10
200800006732,8,2,2,2000,3,1,1,1,7,10323,M,4866700.0,401100.0,10
200800006733,8,2,9,1730,1,2,1,1,6,10323,M,4851900.0,373600.0,10
200800006734,8,2,27,1930,3,1,1,1,7,10271,M,4847800.0,376300.0,10
200800006735,8,2,4,1215,1,1,1,1,2,52514,M,4807700.0,517000.0,52
200800006736,8,2,27,1945,3,1,1,1,7,52114,M,4805400.0,493200.0,52
200800006737,8,2,1,1030,2,2,1,3,1,52269,M,0.0,0.0,52
200800006738,8,2,27,1330,1,2,1,1,3,52164,M,0.0,0.0,52
200800006739,8,2,17,630,3,1,9,1,3,89298,M,0.0,0.0,89
200800006740,8,2,22,845,1,1,1,1,2,21128,M,0.0,0.0,21
200800006741,8,2,5,900,1,1,1,1,3,21370,M,4729200.0,516200.0,21
200800006742,8,2,8,1600,1,1,1,1,1,21261,M,4725900.0,516300.0,21
200800006743,8,2,27,830,1,1,1,1,6,21213,M,4727600.0,512400.0,21
200800006744,8,2,4,430,3,1,1,2,6,21442,M,4719200.0,496800.0,21
200800006745,8,2,2,1215,1,1,1,1,5,21682,M,4743700.0,521800.0,21
200800006746,8,2,9,2130,3,1,1,1,6,21398,M,4733600.0,542800.0,21
200800006747,8,2,7,715,1,1,9,1,6,21661,M,0.0,0.0,21
200800006748,8,2,10,1830,3,1,1,1,5,21490,M,4757300.0,468600.0,21
200800006749,8,2,15,1630,1,2,1,1,6,21505,M,4765700.0,449500.0,21
200800006750,8,2,24,1530,1,1,2,1,3,21349,M,4721700.0,425100.0,21
200800006751,8,2,26,1530,1,2,1,3,2,58151,M,0.0,0.0,58
200800006752,8,2,29,800,1,2,1,1,1,58117,M,4701600.0,307900.0,58
200800006753,8,2,21,1700,1,2,1,1,1,58278,M,4695200.0,315900.0,58
200800006754,8,2,11,815,2,1,1,1,7,58161,M,0.0,0.0,58
200800006755,8,2,2,300,3,1,1,9,6,58312,M,4742700.0,355800.0,58
200800006756,8,2,11,30,3,1,1,1,6,58079,M,4745400.0,349800.0,58
200800006757,8,2,24,1800,3,1,1,1,7,58186,M,0.0,0.0,58
200800006758,8,2,22,2045,3,1,1,1,7,71574,M,4638500.0,473700.0,71
200800006759,8,2,25,1845,3,1,1,1,1,71090,M,0.0,0.0,71
200800006760,8,2,10,1715,2,1,1,1,7,71272,M,0.0,0.0,71
200800006761,8,2,29,1730,1,2,1,1,1,71543,M,4656500.0,490600.0,71
200800006762,8,2,13,1130,1,2,9,1,1,71014,M,0.0,0.0,71
200800006763,8,2,16,415,3,1,1,1,6,71162,M,4697500.0,435300.0,71
200800006764,8,2,20,730,2,1,1,2,1,71009,M,4709400.0,409600.0,71
200800006765,8,2,24,1330,1,1,1,1,1,71509,M,0.0,0.0,71
200800006766,8,2,27,1330,1,1,1,1,1,71170,M,0.0,0.0,71
200800006767,8,2,4,1945,3,1,1,9,1,71324,M,0.0,0.0,71
200800006768,8,2,12,1945,3,1,1,1,5,71324,M,0.0,0.0,71
200800006769,8,2,22,1645,1,1,1,1,1,71221,M,0.0,0.0,71
200800006770,8,2,2,600,3,1,1,2,7,71578,M,4695600.0,516000.0,71
200800006771,8,2,6,645,2,1,1,1,5,71004,M,4680900.0,494400.0,71
200800006772,8,2,11,2100,3,1,1,1,6,71256,M,0.0,0.0,71
200800006773,8,2,8,1600,1,2,3,7,3,71176,M,4648600.0,398300.0,71
200800006774,8,2,5,1000,1,1,2,1,3,71581,M,0.0,0.0,71
200800006775,8,2,6,845,1,1,1,8,1,71464,M,4688300.0,460600.0,71
200800006776,8,2,7,445,3,1,1,1,1,71212,M,0.0,0.0,71
200800006777,8,2,12,1630,1,1,1,1,3,71380,M,4670700.0,538300.0,71
200800006778,8,2,28,1530,1,1,1,1,7,71064,M,0.0,0.0,71
200800006779,8,2,20,1130,1,1,2,1,3,71261,M,0.0,0.0,71
200800006780,8,2,4,2100,3,1,1,8,1,89438,M,4780600.0,366800.0,89
200800006781,8,2,5,745,2,2,3,3,3,89023,M,4777200.0,361600.0,89
200800006782,8,2,7,2115,5,1,1,1,1,89026,M,0.0,0.0,89
200800006783,8,2,4,1400,1,1,1,1,7,89292,M,4797000.0,381200.0,89
200800006784,8,2,24,1745,1,1,9,1,6,89439,M,4798300.0,371400.0,89
200800006785,8,2,27,1530,1,1,1,1,3,89345,M,0.0,0.0,89
200800006786,8,2,1,1900,5,2,1,1,6,89068,M,0.0,0.0,89
200800006787,8,2,13,1500,1,1,1,1,6,89344,M,4765500.0,307400.0,89
200800006788,8,2,18,745,1,2,1,1,3,89025,M,0.0,0.0,89
200800006789,8,2,19,1730,1,1,1,1,3,89378,M,0.0,0.0,89
200800006790,8,2,5,1500,1,2,1,1,6,89206,M,0.0,0.0,89
200800006791,8,2,1,1745,3,1,1,3,1,89397,M,0.0,0.0,89
200800006792,8,2,9,1800,1,2,1,1,3,89055,M,0.0,0.0,89
200800006793,8,2,14,430,3,1,1,1,6,89014,M,0.0,0.0,89
200800006794,8,2,15,1215,1,1,1,1,7,89240,M,0.0,0.0,89
200800006795,8,2,16,1930,3,1,1,1,1,89399,M,4825100.0,332500.0,89
200800006796,8,2,25,1630,1,2,1,1,3,89239,M,0.0,0.0,89
200800006797,8,2,3,815,1,1,1,1,6,89063,M,0.0,0.0,89
200800006798,8,2,16,1200,1,1,1,1,6,89063,M,0.0,0.0,89
200800006799,8,2,19,1845,2,1,1,1,1,89131,M,4784500.0,421800.0,89
200800006800,8,2,5,730,1,2,1,9,6,25164,M,0.0,0.0,25
200800006801,8,2,13,1700,1,1,1,1,6,25527,M,0.0,0.0,25
200800006802,8,2,18,1545,1,2,1,1,6,25336,M,0.0,0.0,25
200800006803,8,2,21,515,3,1,1,2,6,25527,M,0.0,0.0,25
200800006804,8,2,28,700,2,2,1,1,1,25631,M,0.0,0.0,25
200800006805,8,2,7,2030,3,2,1,1,1,25057,M,4753600.0,679300.0,25
200800006806,8,2,8,800,1,2,1,1,3,25196,M,4748600.0,691200.0,25
200800006807,8,2,16,900,1,1,1,1,5,25313,M,0.0,0.0,25
200800006808,8,2,11,1415,1,1,1,1,6,25311,M,0.0,0.0,25
200800006809,8,2,3,1445,1,1,1,1,6,25233,M,0.0,0.0,25
200800006810,8,2,6,1900,5,2,1,8,6,25453,M,0.0,0.0,25
200800006811,8,2,22,1345,1,2,6,1,3,25578,M,0.0,0.0,25
200800006812,8,2,3,1800,1,1,1,9,1,25122,M,0.0,0.0,25
200800006813,8,2,17,1545,1,1,1,1,6,25403,M,4705200.0,660300.0,25
200800006814,8,2,17,1415,1,1,2,1,3,39331,M,0.0,0.0,39
200800006815,8,2,26,500,3,1,1,1,1,39355,M,0.0,0.0,39
200800006816,8,2,11,1245,1,2,1,1,6,70447,M,4742900.0,607100.0,70
200800006817,8,2,3,215,3,1,1,1,5,70262,M,4712300.0,664200.0,70
200800006818,8,2,5,730,2,1,1,9,1,70093,M,0.0,0.0,70
200800006819,8,2,22,2030,3,1,1,1,1,70537,M,0.0,0.0,70
200800006820,8,2,12,1700,1,1,6,1,2,70282,M,4740600.0,580000.0,70
200800006821,8,2,24,1700,1,1,1,7,7,70130,M,4737100.0,578800.0,70
200800006822,8,2,29,800,1,2,1,1,1,70408,M,4728600.0,556600.0,70
200800006823,8,2,5,830,1,1,1,9,1,90034,M,0.0,0.0,90
200800006824,8,2,5,845,1,2,1,9,1,90056,M,4752900.0,701300.0,90
200800006825,8,2,8,1500,1,2,1,7,6,90033,M,4751300.0,700400.0,90
200800006826,8,2,11,845,1,2,1,7,6,90033,M,4751200.0,700900.0,90
200800006827,8,2,28,1500,1,1,1,1,6,90061,M,0.0,0.0,90
200800006828,8,2,17,645,3,1,1,1,6,38336,M,4547000.0,483300.0,38
200800006829,8,2,22,1015,1,1,1,1,2,38344,M,4539700.0,480800.0,38
200800006830,8,2,13,1445,1,1,1,1,7,26362,M,0.0,0.0,26
200800006831,8,2,22,1745,3,1,1,1,7,26124,M,0.0,0.0,26
200800006832,8,2,12,1445,1,1,1,1,6,26169,M,4448400.0,476800.0,26
200800006833,8,2,14,715,3,1,1,1,5,26353,M,0.0,0.0,26
200800006834,8,2,5,745,1,2,1,1,6,13041,M,4346000.0,547300.0,13
200800006835,8,2,17,2030,5,2,1,1,6,13041,M,0.0,0.0,13
200800006836,8,2,15,1630,1,2,1,1,3,13041,M,0.0,0.0,13
200800006837,8,2,20,1815,2,1,1,1,2,13060,M,0.0,0.0,13
200800006838,8,2,28,1830,3,1,1,1,1,13062,M,4342000.0,552200.0,13
200800006839,8,2,10,2345,3,1,1,1,1,13019,M,4346100.0,532100.0,13
200800006840,8,2,24,1015,1,2,1,1,1,13019,M,4344400.0,537800.0,13
200800006841,8,2,15,2200,3,1,1,1,6,13072,M,4346700.0,561800.0,13
200800006842,8,2,11,115,3,1,1,1,5,13004,M,0.0,0.0,13
200800006843,8,2,9,1230,1,1,1,1,6,13004,M,4358000.0,470600.0,13
200800006844,8,2,3,1445,1,1,1,1,1,13052,M,0.0,0.0,13
200800006845,8,2,29,1730,1,2,1,1,2,13030,M,4327900.0,570200.0,13
200800006846,8,2,8,145,3,1,1,1,7,13022,M,0.0,0.0,13
200800006847,8,2,11,1830,3,1,1,1,1,13007,M,0.0,0.0,13
200800006848,8,2,1,1900,2,1,1,1,6,13089,M,0.0,0.0,13
200800006849,8,2,11,1700,1,1,1,1,3,13067,M,4377600.0,505900.0,13
200800006850,8,2,11,1515,1,2,1,1,1,13067,M,0.0,0.0,13
200800006851,8,2,15,2200,5,2,1,1,6,04019,M,4439200.0,666100.0,04
200800006852,8,2,18,845,1,1,1,1,6,04039,M,4384600.0,652800.0,04
200800006853,8,2,2,1330,1,1,1,4,1,04061,M,0.0,0.0,04
200800006854,8,2,6,1600,1,1,1,4,7,04219,M,0.0,0.0,04
200800006855,8,2,22,1030,1,1,1,1,6,04176,M,0.0,0.0,04
200800006856,8,2,23,1600,1,1,1,1,6,04192,M,4396100.0,569400.0,04
200800006857,8,2,20,1800,2,1,1,1,1,04063,M,4376000.0,575100.0,04
200800006858,8,2,23,1800,2,1,1,1,1,04197,M,4378400.0,576400.0,04
200800006859,8,2,16,2130,5,1,1,1,1,04134,M,4434200.0,602900.0,04
200800006860,8,2,11,1600,1,2,1,1,3,05053,M,4435100.0,577100.0,05
200800006861,8,2,19,1930,3,1,1,1,3,05068,M,0.0,0.0,05
200800006862,8,2,29,230,3,1,1,1,6,05146,M,0.0,0.0,05
200800006863,8,2,29,900,1,1,1,1,7,05164,M,4454700.0,640800.0,05
200800006864,8,2,20,115,3,1,1,1,7,05157,M,4470400.0,686400.0,05
200800006865,8,2,13,2230,5,1,1,1,7,06147,M,0.0,0.0,06
200800006866,8,2,1,1800,5,1,1,1,1,06074,M,0.0,0.0,06
200800006867,8,2,2,730,1,1,1,1,6,06151,M,4388100.0,719500.0,06
200800006868,8,2,2,1900,2,1,1,1,1,06151,M,4390100.0,719200.0,06
200800006869,8,2,18,1545,1,1,1,1,3,06074,M,0.0,0.0,06
200800006870,8,2,6,1615,1,1,1,1,3,06149,M,4375200.0,733100.0,06
200800006871,8,2,6,1515,1,2,1,1,2,06161,M,0.0,0.0,06
200800006872,8,2,14,2200,5,2,1,1,3,06079,M,4355200.0,694100.0,06
200800006873,8,2,23,1745,1,2,1,1,6,06095,M,0.0,0.0,06
200800006874,8,2,24,1030,1,1,1,1,3,06157,M,4371600.0,712600.0,06
200800006875,8,2,1,1500,1,1,1,1,2,06126,M,0.0,0.0,06
200800006876,8,2,10,1445,1,1,1,1,1,83072,M,0.0,0.0,83
200800006877,8,2,23,1715,1,1,1,1,1,83075,M,0.0,0.0,83
200800006878,8,2,22,2315,5,2,1,5,6,83151,M,0.0,0.0,83
200800006879,8,2,29,1530,1,1,1,1,7,83060,M,0.0,0.0,83
200800006880,8,2,4,530,3,1,1,1,3,83104,M,0.0,0.0,83
200800006881,8,2,9,1515,1,1,1,1,7,83076,M,0.0,0.0,83
200800006882,8,2,18,1815,2,1,1,1,1,83106,M,0.0,0.0,83
200800006883,8,2,10,1200,1,1,1,1,3,83116,M,0.0,0.0,83
200800006884,8,2,22,2215,3,1,1,1,3,83099,M,0.0,0.0,83
200800006885,8,2,28,1615,1,2,1,1,1,83107,M,0.0,0.0,83
200800006886,8,2,18,1645,1,2,1,1,6,83036,M,0.0,0.0,83
200800006887,8,2,19,2230,3,1,1,1,6,83042,M,0.0,0.0,83
200800006888,8,2,18,1515,1,1,1,1,6,83115,M,0.0,0.0,83
200800006889,8,2,16,1830,5,1,1,1,3,83035,M,0.0,0.0,83
200800006890,8,2,8,1715,1,2,1,1,6,83091,M,0.0,0.0,83
200800006891,8,2,21,1615,1,2,1,7,6,83049,M,0.0,0.0,83
200800006892,8,2,22,1900,3,1,1,1,2,83047,M,4314800.0,606400.0,83
200800006893,8,2,2,1300,1,1,1,1,1,83019,M,4313500.0,633700.0,83
200800006894,8,2,3,545,5,2,6,1,6,83070,M,4313900.0,636500.0,83
200800006895,8,2,9,630,2,1,1,1,5,83071,M,0.0,0.0,83
200800006896,8,2,14,1930,3,1,1,1,6,83071,M,0.0,0.0,83
200800006897,8,2,27,2045,3,1,1,1,1,84081,M,0.0,0.0,84
200800006898,8,2,2,645,3,1,1,2,1,84054,M,0.0,0.0,84
200800006899,8,2,9,1845,5,2,6,1,6,84054,M,0.0,0.0,84
200800006900,8,2,6,1830,5,2,2,1,3,84092,M,0.0,0.0,84
200800006901,8,2,8,2145,5,2,1,1,1,84092,M,0.0,0.0,84
200800006902,8,2,4,315,3,1,1,2,1,84129,M,4399300.0,490200.0,84
200800006903,8,2,7,1315,1,2,1,1,3,84129,M,4402600.0,486700.0,84
200800006904,8,2,23,830,1,1,1,1,3,84047,M,0.0,0.0,84
200800006905,8,2,2,1330,1,2,1,1,3,84133,M,4373300.0,554400.0,84
200800006906,8,2,5,1730,1,2,1,1,6,84012,M,0.0,0.0,84
200800006907,8,2,8,1630,1,1,1,1,1,84043,M,4399600.0,492500.0,84
200800006908,8,2,18,745,1,1,1,1,1,84088,M,0.0,0.0,84
200800006909,8,2,19,1015,1,1,6,1,7,84064,M,4431600.0,468600.0,84
200800006910,8,2,25,1515,1,2,1,1,1,84019,M,0.0,0.0,84
200800006911,8,2,5,1900,5,2,1,1,3,84138,M,4438300.0,498300.0,84
200800006912,8,2,28,1530,1,1,1,1,1,34288,M,0.0,0.0,34
200800006913,8,2,13,830,1,2,1,1,2,34154,M,4362500.0,399100.0,34
200800006914,8,2,20,1615,1,2,3,8,3,34240,M,4363900.0,396500.0,34
200800006915,8,2,23,1400,1,1,3,1,5,34240,M,4365100.0,398800.0,34
200800006916,8,2,24,2330,3,1,1,8,6,34154,M,4362700.0,399700.0,34
200800006917,8,2,29,1945,3,1,1,1,5,34154,M,4364200.0,406300.0,34
200800006918,8,2,17,1130,1,2,1,2,2,34038,M,4369800.0,316500.0,34
200800006919,8,2,18,1530,1,1,1,1,5,34126,M,4359200.0,308400.0,34
200800006920,8,2,4,1645,1,1,1,1,7,34081,M,4333400.0,313600.0,34
200800006921,8,2,15,1615,1,1,1,1,6,34167,M,4328900.0,302000.0,34
200800006922,8,2,21,1300,1,1,1,1,1,34018,M,4350100.0,318800.0,34
200800006923,8,2,11,1815,2,1,1,1,1,34199,M,0.0,0.0,34
200800006924,8,2,10,1800,1,2,1,1,7,34199,M,4346600.0,341300.0,34
200800006925,8,2,13,1830,2,1,1,1,1,34009,M,0.0,0.0,34
200800006926,8,2,6,1045,1,1,1,1,2,34086,M,4348300.0,267000.0,34
200800006927,8,2,11,1015,1,1,1,1,1,34300,M,0.0,0.0,34
200800006928,8,2,18,930,1,1,1,2,7,34109,M,4348300.0,336600.0,34
200800006929,8,2,13,1830,5,2,1,1,2,34299,M,0.0,0.0,34
200800006930,8,2,6,1800,1,1,1,1,4,34210,M,0.0,0.0,34
200800006931,8,2,10,1400,1,1,1,1,6,34281,M,0.0,0.0,34
200800006932,8,2,18,2200,3,1,1,2,7,34013,M,4357300.0,345500.0,34
200800006933,8,2,8,915,1,2,1,7,6,34114,M,4365500.0,355500.0,34
200800006934,8,2,25,1000,1,1,1,2,6,34114,M,0.0,0.0,34
200800006935,8,2,28,330,3,1,1,1,7,11192,M,4329600.0,203300.0,11
200800006936,8,2,24,1300,1,1,1,1,6,11003,M,0.0,0.0,11
200800006937,8,2,25,1645,1,1,1,2,5,11325,M,0.0,0.0,11
200800006938,8,2,20,945,1,1,1,1,3,11059,M,4316400.0,211400.0,11
200800006939,8,2,7,900,1,1,1,7,6,11063,M,4291300.0,219000.0,11
200800006940,8,2,22,1715,1,2,1,1,6,11103,M,4294800.0,225300.0,11
200800006941,8,2,10,1815,3,1,1,1,1,11264,M,4320700.0,289100.0,11
200800006942,8,2,11,1845,3,1,1,1,3,11262,M,4320700.0,302200.0,11
200800006943,8,2,2,1430,1,1,1,1,6,11106,M,0.0,0.0,11
200800006944,8,2,23,1400,1,1,1,1,7,11296,M,0.0,0.0,11
200800006945,8,2,28,1300,1,1,1,1,6,30257,M,0.0,0.0,30
200800006946,8,2,23,1130,1,2,1,1,1,30258,M,0.0,0.0,30
200800006947,8,2,2,415,3,2,6,1,6,30341,M,4370500.0,427500.0,30
200800006948,8,2,22,2000,5,2,1,1,3,30169,M,4379900.0,431100.0,30
200800006949,8,2,17,1800,2,2,1,1,6,30010,M,4405700.0,398800.0,30
200800006950,8,2,1,1930,3,1,1,1,1,30274,M,4425000.0,393500.0,30
200800006951,8,2,23,1845,5,1,6,1,7,30147,M,0.0,0.0,30
200800006952,8,2,19,1330,1,1,1,1,7,30153,M,4443400.0,400500.0,30
200800006953,8,2,20,1130,1,1,1,1,1,30237,M,0.0,0.0,30
200800006954,8,2,28,1730,1,2,1,1,6,30216,M,4428700.0,409500.0,30
200800006955,8,2,7,1645,1,1,1,1,1,30334,M,0.0,0.0,30
200800006956,8,2,16,2345,3,2,1,1,6,30334,M,0.0,0.0,30
200800006957,8,2,5,715,1,1,1,1,1,30235,M,4391400.0,452600.0,30
200800006958,8,2,8,1315,1,2,1,1,3,30212,M,4394200.0,455900.0,30
200800006959,8,2,4,830,1,1,1,1,7,30030,M,0.0,0.0,30
200800006960,8,2,10,745,2,1,1,1,6,30184,M,0.0,0.0,30
200800006961,8,2,27,1945,3,1,1,8,1,30049,M,0.0,0.0,30
200800006962,8,2,24,1215,1,1,1,1,1,30311,M,4395600.0,400100.0,30
200800006963,8,2,22,645,2,1,1,2,6,48095,M,0.0,0.0,48
200800006964,8,2,9,1830,2,2,1,1,7,48062,M,0.0,0.0,48
200800006965,8,2,29,1530,1,1,1,1,7,48080,M,4474100.0,383800.0,48
200800006966,8,2,5,1630,1,1,1,1,2,48039,M,0.0,0.0,48
200800006967,8,2,10,730,2,2,1,1,6,48092,M,0.0,0.0,48
200800006968,8,2,23,200,5,2,1,1,6,66224,M,4272200.0,298400.0,66
200800006969,8,2,11,2000,3,1,2,1,1,66190,M,0.0,0.0,66
200800006970,8,2,17,330,3,1,1,1,6,66172,M,0.0,0.0,66
200800006971,8,2,2,45,3,1,1,1,2,66017,M,0.0,0.0,66
200800006972,8,2,18,1545,1,2,1,1,3,66217,M,4262100.0,281300.0,66
200800006973,8,2,7,1545,1,2,1,1,7,66175,M,0.0,0.0,66
200800006974,8,2,25,1430,1,1,1,1,3,66196,M,0.0,0.0,66
200800006975,8,2,25,1200,1,1,1,2,1,66063,M,0.0,0.0,66
200800006976,8,2,17,145,3,1,1,1,6,66103,M,4264700.0,249700.0,66
200800006977,8,2,7,1515,1,1,1,1,7,20085,M,0.0,0.0,201
200800006978,8,2,18,2130,3,1,1,1,7,20279,M,4228200.0,869300.0,201
200800006979,8,2,17,600,5,2,1,1,6,20042,M,0.0,0.0,202
200800006980,8,2,13,1800,1,2,1,1,6,20298,M,4269700.0,932700.0,202
200800006981,8,2,14,1400,1,2,1,1,2,20150,M,0.0,0.0,202
200800006982,8,2,21,1645,1,1,1,1,5,20168,M,4264000.0,896600.0,202
200800006983,8,2,2,430,5,2,1,1,6,20143,M,4220100.0,953300.0,202
200800006984,8,2,8,730,1,2,1,8,6,78668,M,4901700.0,153100.0,78
200800006985,8,2,3,1015,1,1,1,1,7,78163,M,4885500.0,159600.0,78
200800006986,8,2,12,1815,2,1,1,1,5,78193,M,0.0,0.0,78
200800006987,8,2,2,1745,2,2,1,1,1,78062,M,4885600.0,188400.0,78
200800006988,8,2,12,830,1,2,1,9,6,78062,M,4885600.0,187800.0,78
200800006989,8,2,18,1630,1,1,1,1,2,78615,M,4884700.0,192500.0,78
200800006990,8,2,8,1830,2,1,1,1,1,78616,M,0.0,0.0,78
200800006991,8,2,12,1830,2,1,2,1,3,78601,M,0.0,0.0,78
200800006992,8,2,6,2200,5,2,1,1,6,91180,M,0.0,0.0,91
200800006993,8,2,6,2300,1,1,1,1,5,91521,M,0.0,0.0,91
200800006994,8,2,16,1700,1,1,1,1,6,91200,M,4852800.0,201300.0,91
200800006995,8,2,4,1345,1,1,1,8,1,91671,M,4846800.0,227100.0,91
200800006996,8,2,24,1700,1,1,6,1,7,95008,M,0.0,0.0,95
200800006997,8,2,15,1100,1,1,1,5,7,95370,M,4915500.0,198100.0,95
200800006998,8,2,24,400,3,1,1,5,6,95287,M,0.0,0.0,95
200800006999,8,2,7,1600,1,2,1,1,6,95091,M,0.0,0.0,95
200800007000,8,2,14,2000,5,2,1,8,5,77103,M,,,77
200800007001,8,2,5,1745,1,2,1,2,1,77182,M,4878300.0,330200.0,77
200800007002,8,2,21,1845,3,1,1,1,3,77182,M,4879800.0,330000.0,77
200800007003,8,2,12,1845,5,2,1,1,6,77183,M,4894800.0,313900.0,77
200800007004,8,2,25,1430,1,1,1,1,3,77078,M,4898000.0,314000.0,77
200800007005,8,2,3,1245,1,1,1,1,3,77091,M,4874600.0,281900.0,77
200800007006,8,2,21,600,3,1,1,8,6,77393,M,4869100.0,295600.0,77
200800007007,8,2,1,2145,3,1,1,1,6,77267,M,4821400.0,270500.0,77
200800007008,8,2,6,745,2,1,1,1,5,77027,M,4815000.0,248300.0,77
200800007009,8,2,10,1800,2,1,1,1,5,77011,M,4819000.0,259200.0,77
200800007010,8,2,13,1615,1,1,1,1,1,77342,M,4821200.0,258500.0,77
200800007011,8,2,6,2045,3,1,1,1,3,77420,M,4904300.0,268600.0,77
200800007012,8,2,4,1800,5,2,8,1,3,77315,M,4890000.0,280800.0,77
200800007013,8,2,18,1415,1,1,1,1,2,77005,M,4893800.0,272700.0,77
200800007014,8,2,8,2145,3,1,1,1,6,77364,M,4901000.0,278000.0,77
200800007015,8,2,9,2015,3,1,1,1,1,77308,M,4902900.0,276600.0,77
200800007016,8,2,3,2245,3,1,1,3,6,45226,M,4779700.0,225000.0,45
200800007017,8,2,15,800,1,2,1,1,3,45123,M,0.0,0.0,45
200800007018,8,2,17,1130,1,1,1,1,6,45300,M,4781900.0,201600.0,45
200800007019,8,2,14,1945,3,1,1,1,6,45174,M,4816800.0,213000.0,45
200800007020,8,2,24,1515,1,2,1,1,1,45224,M,4809200.0,204800.0,45
200800007021,8,2,27,1400,1,1,1,1,3,45036,M,4780600.0,274000.0,45
200800007022,8,2,1,1400,1,2,1,3,7,45315,M,0.0,0.0,45
200800007023,8,2,18,1515,1,1,1,1,1,45051,M,0.0,0.0,45
200800007024,8,2,15,1215,1,1,1,1,3,45278,M,0.0,0.0,45
200800007025,8,2,16,515,3,2,1,9,6,45158,M,4805500.0,265400.0,45
200800007026,8,2,23,1700,1,2,1,1,1,45198,M,0.0,0.0,45
200800007027,8,2,3,1445,1,1,1,1,3,18110,M,4725400.0,291600.0,18
200800007028,8,2,21,230,3,1,1,1,6,18020,M,0.0,0.0,18
200800007029,8,2,27,1915,3,1,1,2,6,18288,M,4694800.0,246200.0,18
200800007030,8,2,28,2300,3,1,1,1,2,18180,M,4701800.0,248500.0,18
200800007031,8,2,24,830,1,1,6,1,6,18229,M,0.0,0.0,18
200800007032,8,2,10,1600,1,1,1,1,1,18179,M,0.0,0.0,18
200800007033,8,2,3,515,3,1,1,9,6,28309,M,4835300.0,163400.0,28
200800007034,8,2,13,600,3,1,1,9,6,28402,M,4852200.0,132900.0,28
200800007035,8,2,29,730,2,1,1,1,6,28325,M,0.0,0.0,28
200800007036,8,2,11,1630,1,1,1,1,6,28227,M,4859800.0,158900.0,28
200800007037,8,2,12,1600,1,1,2,1,3,28074,M,4842900.0,180600.0,28
200800007038,8,2,9,1600,1,2,1,1,1,28371,M,4885700.0,140700.0,28
200800007039,8,2,10,1330,1,2,2,1,5,28293,M,4887300.0,146800.0,28
200800007040,8,2,22,2300,5,2,1,1,6,28059,M,4869500.0,107200.0,28
200800007041,8,2,26,1000,1,1,1,1,1,36135,M,0.0,0.0,36
200800007042,8,2,23,1430,1,1,1,1,6,36094,M,0.0,0.0,36
200800007043,8,2,4,1945,3,1,1,1,6,36118,M,4674700.0,141200.0,36