Num_Acc,an,mois,jour,hrmn,lum,agg,int,atm,col,com,gps,lat,long,dep
200800007044,8,2,13,700,2,2,1,1,6,36069,M,4708500.0,134200.0,36
200800007045,8,2,21,2015,3,1,1,1,1,36082,M,4705700.0,148200.0,36
200800007046,8,2,2,1600,1,1,1,1,5,36034,M,0.0,0.0,36
200800007047,8,2,27,2015,3,1,1,2,1,36034,M,0.0,0.0,36
200800007048,8,2,9,1145,1,1,1,1,2,36180,M,0.0,0.0,36
200800007049,8,2,9,1715,1,2,1,7,6,36046,M,0.0,0.0,36
200800007050,8,2,9,545,3,1,1,9,1,36141,M,4659500.0,181800.0,36
200800007051,8,2,4,1715,1,2,1,1,6,37003,M,4741700.0,98200.0,37
200800007052,8,2,22,1200,1,2,1,1,6,37003,M,4742000.0,98400.0,37
200800007053,8,2,9,1630,1,2,1,1,3,37139,M,4738700.0,55600.0,37
200800007054,8,2,10,1030,1,1,6,1,6,37021,M,0.0,0.0,37
200800007055,8,2,9,915,1,1,2,1,3,37030,M,4758700.0,86100.0,37
200800007056,8,2,17,1345,1,2,1,1,1,37063,M,4759100.0,90500.0,37
200800007057,8,2,8,1400,1,1,1,1,6,37072,M,0.0,0.0,37
200800007058,8,2,21,1430,1,2,1,1,7,37072,M,4717300.0,28600.0,37
200800007059,8,2,24,330,3,2,1,1,6,37034,M,0.0,0.0,37
200800007060,8,2,6,1515,1,1,1,1,1,37132,M,4714100.0,97400.0,37
200800007061,8,2,10,2145,3,1,2,1,3,37049,M,0.0,0.0,37
200800007062,8,2,2,615,3,1,1,9,7,37162,M,4709300.0,87600.0,37
200800007063,8,2,10,1715,1,1,1,1,6,37085,M,0.0,0.0,37
200800007064,8,2,24,1830,2,1,1,1,2,37104,M,0.0,0.0,37
200800007065,8,2,27,1345,1,1,1,1,1,37104,M,0.0,0.0,37
200800007066,8,2,8,1615,1,1,1,1,1,41019,M,4777700.0,132000.0,41
200800007067,8,2,22,1900,3,1,1,1,7,41183,M,4794100.0,151900.0,41
200800007068,8,2,29,900,1,1,1,2,3,41065,M,4777400.0,115000.0,41
200800007069,8,2,3,1345,1,2,1,1,6,41156,M,0.0,0.0,41
200800007070,8,2,2,1215,1,1,1,5,3,41296,M,0.0,0.0,41
200800007071,8,2,11,1700,1,1,1,1,3,41256,M,4731600.0,205900.0,41
200800007072,8,2,25,900,1,1,2,1,3,41241,M,4734100.0,193300.0,41
200800007073,8,2,24,1400,1,1,1,1,6,41140,M,0.0,0.0,41
200800007074,8,2,10,1530,1,1,1,1,3,41131,M,0.0,0.0,41
200800007075,8,2,3,1215,1,1,1,1,3,41275,M,0.0,0.0,41
200800007076,8,2,23,145,3,1,1,5,7,33070,M,4504700.0,-91000.0,33
200800007077,8,2,22,1830,1,2,1,1,6,29233,M,4787500.0,-354500.0,29
200800007078,8,2,29,1630,1,2,6,1,3,29241,M,4796900.0,-384000.0,29
200800007079,8,2,5,530,5,1,6,3,6,95056,M,0.0,0.0,95
200800007080,8,2,22,945,2,1,1,1,3,95352,M,0.0,0.0,95
200800007081,8,2,8,1400,1,1,1,1,3,95058,M,4915600.0,229600.0,95
200800007082,8,2,23,630,3,1,1,1,6,33199,M,0.0,0.0,33
200800007083,8,2,15,1000,1,2,1,7,1,33065,M,4482500.0,-51200.0,33
200800007084,8,2,7,1400,1,2,1,1,3,13087,M,4348400.0,562500.0,13
200800007085,8,2,13,830,1,1,1,1,4,13087,M,4347600.0,561800.0,13
200800007086,8,2,4,1815,2,1,1,8,3,47133,M,4408700.0,52900.0,47
200800007087,8,2,6,1930,3,1,1,1,6,47098,M,4411200.0,44700.0,47
200800007088,8,2,2,1015,1,1,1,1,3,11144,M,0.0,0.0,11
200800007089,8,2,2,1515,1,1,1,1,3,57096,M,0.0,0.0,57
200800007090,8,2,16,2200,3,1,1,1,7,34202,M,4358800.0,377900.0,34
200800007091,8,2,9,1445,1,1,1,1,6,35051,M,0.0,0.0,35
200800007092,8,2,16,1400,1,2,1,1,6,35051,M,0.0,0.0,35
200800007093,8,2,17,1430,1,2,1,1,6,35051,M,4812100.0,-159800.0,35
200800007094,8,2,11,2345,3,1,1,1,6,91249,M,0.0,0.0,91
200800007095,8,2,26,1630,1,1,1,2,7,91200,M,0.0,0.0,91
200800007096,8,2,8,745,1,1,3,1,3,51662,M,4927800.0,408600.0,51
200800007097,8,2,12,2100,3,1,1,1,4,51105,M,0.0,0.0,51
200800007098,8,2,24,1815,1,1,2,1,3,51329,M,0.0,0.0,51
200800007099,8,2,24,1630,1,2,1,1,6,37050,M,0.0,0.0,37
200800007100,8,2,9,115,3,1,1,1,7,77185,M,4844000.0,253000.0,77
200800007101,8,2,9,415,3,1,1,1,2,80307,M,0.0,0.0,80
200800007102,8,2,9,1845,3,1,1,1,3,80521,M,0.0,0.0,80
200800007103,8,2,10,145,3,1,1,1,6,80521,M,0.0,0.0,80
200800007104,8,2,28,2130,3,1,1,2,7,80204,M,0.0,0.0,80
200800007105,8,2,9,200,3,1,1,1,2,71520,M,0.0,0.0,71
200800007106,8,2,28,1600,1,1,1,1,3,71475,M,0.0,0.0,71
200800007107,8,2,3,30,3,1,1,1,7,71105,M,4631100.0,479500.0,71
200800007108,8,2,4,1245,1,1,1,1,7,71576,M,0.0,0.0,71
200800007109,8,2,19,1715,1,1,1,1,7,71270,M,4634500.0,484600.0,71
200800007110,8,2,23,630,3,1,1,1,1,89167,M,0.0,0.0,89
200800007111,8,2,6,15,5,1,1,1,2,13051,M,0.0,0.0,13
200800007112,8,2,29,1630,1,1,1,1,3,30221,M,0.0,0.0,30
200800007113,8,2,1,1930,3,1,1,8,3,60513,M,0.0,0.0,60
200800007114,8,2,13,2130,3,1,1,1,1,60155,M,0.0,0.0,60
200800007115,8,2,24,2000,3,1,1,2,3,27091,M,4936900.0,84500.0,27
200800007116,8,2,28,930,1,1,1,2,7,76457,M,0.0,0.0,76
200800007117,8,2,21,615,3,1,1,1,2,27188,M,4930400.0,112100.0,27
200800007118,8,2,1,1330,1,1,1,1,6,60071,M,4958800.0,274800.0,60
200800007119,8,2,18,2215,3,1,1,1,5,60138,M,0.0,0.0,60
200800007120,8,2,18,730,2,1,1,1,2,38357,M,4554400.0,553000.0,38
200800007121,8,2,25,815,1,1,1,1,2,38357,M,4556900.0,552300.0,38
200800007122,8,2,5,1200,1,2,1,1,6,68278,M,0.0,0.0,68
200800007123,8,2,20,1330,1,2,1,2,3,68118,M,0.0,0.0,68
200800007124,8,2,13,1845,5,2,1,1,3,53039,M,4816700.0,-96900.0,53
200800007125,8,2,3,1930,3,1,1,1,3,95580,M,0.0,0.0,95
200800007126,8,2,5,900,1,1,1,1,1,95371,M,4908900.0,253000.0,95
200800007127,8,2,12,1615,1,1,1,1,1,95604,M,0.0,0.0,95
200800007128,8,2,15,1530,1,2,1,1,6,95250,M,0.0,0.0,95
200800007129,8,2,14,1645,1,2,1,1,3,31022,M,0.0,0.0,31
200800007130,8,2,26,930,1,1,1,1,5,83140,M,0.0,0.0,83
200800007131,8,2,25,2230,3,1,1,1,7,83140,M,0.0,0.0,83
200800007132,8,2,2,2215,3,1,1,1,1,41206,M,0.0,0.0,41
200800007133,8,2,29,2100,3,1,9,1,6,34294,M,0.0,0.0,34
200800007134,8,2,13,1000,1,1,1,1,7,28029,M,0.0,0.0,28
200800007135,8,2,22,400,5,2,1,1,6,73304,M,0.0,0.0,73
200800007136,8,2,19,1915,5,1,1,1,2,21054,M,,,21
200800007137,8,2,26,1515,1,1,1,1,6,38508,M,4552200.0,540900.0,38
200800007138,8,2,6,1245,1,1,1,1,6,13011,M,4375400.0,483400.0,13
200800007139,8,2,16,845,1,1,1,1,6,41050,M,0.0,0.0,41
200800007140,8,2,25,800,1,1,1,2,7,41059,M,0.0,0.0,41
200800007141,8,2,8,1800,2,1,1,7,3,29130,M,4838600.0,-462400.0,29
200800007142,8,2,19,845,1,1,1,1,4,34213,M,4348400.0,367700.0,34
200800007143,8,2,5,115,3,1,1,1,6,33331,M,0.0,0.0,33
200800007144,8,2,9,1530,1,1,1,7,6,63241,M,0.0,0.0,63
200800007145,8,2,9,430,3,1,1,1,7,51599,M,4910100.0,425600.0,51
200800007146,8,2,25,1115,1,1,1,1,7,51657,M,4924600.0,391500.0,51
200800007147,8,2,3,1315,1,1,1,4,1,38433,M,0.0,0.0,38
200800007148,8,2,27,2015,5,1,1,1,5,38005,M,4512100.0,601500.0,38
200800007149,8,2,7,1700,2,1,1,5,2,57606,M,0.0,0.0,57
200800007150,8,2,10,1630,1,1,1,1,2,66190,M,4286500.0,296600.0,66
200800007151,8,2,16,945,3,1,1,1,2,38431,M,0.0,0.0,38
200800007152,8,2,22,1745,1,1,1,1,7,38249,M,4522000.0,581000.0,38
200800007153,8,2,4,1730,1,1,1,1,6,86174,M,0.0,0.0,86
200800007154,8,2,20,1200,1,1,1,8,4,86066,M,0.0,0.0,86
200800007155,8,2,27,1930,3,1,1,2,6,86174,M,0.0,0.0,86
200800007156,8,2,1,900,1,1,1,1,2,13007,M,4335900.0,562200.0,13
200800007157,8,2,4,745,2,1,9,2,5,13001,M,4351800.0,547500.0,13
200800007158,8,2,7,800,1,1,1,1,3,13001,M,0.0,0.0,13
200800007159,8,2,1,2345,5,2,1,1,7,59037,M,5020600.0,337900.0,59
200800007160,8,2,25,2000,3,1,9,1,2,72386,M,0.0,0.0,72
200800007161,8,2,10,1830,3,1,1,1,3,91573,M,4861100.0,250400.0,91
200800007162,8,2,12,1815,1,1,1,1,6,33284,M,4466000.0,-83000.0,33
200800007163,8,2,10,1930,3,1,1,1,5,82025,M,4396000.0,132700.0,82
200800007164,8,2,28,415,3,1,1,1,2,39233,M,0.0,0.0,39
200800007165,8,2,8,1430,1,2,1,1,3,78466,M,0.0,0.0,78
200800007166,8,2,25,700,2,1,1,1,7,78010,M,4891900.0,190300.0,78
200800007167,8,2,19,1715,1,1,1,1,1,33122,M,0.0,0.0,33
200800007168,8,2,3,430,3,1,1,1,2,17465,M,4596300.0,-54900.0,17
200800007169,8,2,5,845,1,1,9,1,3,74309,M,4612400.0,601100.0,74
200800007170,8,2,6,1945,5,2,1,1,6,22251,M,4857200.0,-281500.0,22
200800007171,8,2,21,1930,3,1,1,1,1,22144,M,4849600.0,-284600.0,22
200800007172,8,2,10,1400,1,2,1,1,3,74076,M,0.0,0.0,74
200800007173,8,2,16,1415,1,1,1,1,2,74268,M,0.0,0.0,74
200800007174,8,2,19,1515,1,2,1,1,3,74213,M,0.0,0.0,74
200800007175,8,2,20,1545,1,2,1,1,6,74268,M,0.0,0.0,74
200800007176,8,2,8,1230,1,1,1,1,7,01043,M,4582400.0,499100.0,01
200800007177,8,2,9,530,5,2,1,1,6,42256,M,4549700.0,416100.0,42
200800007178,8,2,13,1715,1,1,1,7,3,91244,M,0.0,0.0,91
200800007179,8,2,19,400,3,1,1,1,6,51571,M,4920700.0,425000.0,51
200800007180,8,2,27,1600,1,2,3,1,3,51079,M,4908400.0,415200.0,51
200800007181,8,2,2,1730,1,1,1,1,2,62543,M,5062800.0,230300.0,62
200800007182,8,2,4,1915,3,1,1,3,1,62645,M,5099000.0,211100.0,62
200800007183,8,2,16,1730,1,1,6,1,6,06018,M,0.0,0.0,06
200800007184,8,2,27,1300,1,2,1,1,3,69063,M,0.0,0.0,69
200800007185,8,2,14,745,1,2,3,1,3,74011,M,0.0,0.0,74
200800007186,8,2,17,1745,2,1,1,9,1,74282,M,0.0,0.0,74
200800007187,8,2,14,1845,5,2,1,1,6,74299,M,4588900.0,617700.0,74
200800007188,8,2,23,1300,1,2,1,1,2,74299,M,4588800.0,617800.0,74
200800007189,8,2,29,445,3,1,1,1,6,74299,M,4589800.0,616900.0,74
200800007190,8,2,11,745,2,2,1,1,1,34116,M,0.0,0.0,34
200800007191,8,2,25,745,1,2,1,8,3,34116,M,0.0,0.0,34
200800007192,8,2,6,1545,1,2,6,1,3,35210,M,4815300.0,-175600.0,35
200800007193,8,2,4,1700,1,2,6,1,3,56243,M,4765600.0,-271900.0,56
200800007194,8,2,6,1245,1,1,1,1,1,56214,M,0.0,0.0,56
200800007195,8,2,7,2145,5,2,1,1,3,56240,M,4753200.0,-277000.0,56
200800007196,8,2,29,1345,1,1,1,2,1,88022,M,0.0,0.0,88
200800007197,8,2,20,815,1,1,1,1,7,13048,M,0.0,0.0,13
200800007198,8,2,15,1700,1,1,1,1,7,14400,M,4929100.0,-59800.0,14
200800007199,8,2,2,845,1,1,1,1,6,13044,M,0.0,0.0,13
200800007200,8,2,20,815,1,1,1,1,6,13051,M,0.0,0.0,13
200800007201,8,2,25,515,3,1,1,1,2,63311,M,0.0,0.0,63
200800007202,8,2,8,700,2,1,1,1,1,06090,M,0.0,0.0,06
200800007203,8,2,9,2045,3,1,1,1,1,49127,M,0.0,0.0,49
200800007204,8,2,2,745,2,1,1,1,7,40075,M,0.0,0.0,40
200800007205,8,2,7,1845,3,1,1,1,3,67152,M,4852300.0,769600.0,67
200800007206,8,2,10,1230,1,1,1,1,1,06089,M,4367300.0,698600.0,06
200800007207,8,2,15,1500,1,1,1,1,6,04242,M,0.0,0.0,04
200800007208,8,2,13,1345,1,1,1,1,6,38239,M,4530300.0,557700.0,38
200800007209,8,2,29,700,3,1,1,9,2,64094,M,4350500.0,-123600.0,64
200800007210,8,2,17,1345,1,1,1,1,1,62654,M,0.0,0.0,62
200800007211,8,2,7,245,3,1,1,5,2,31216,M,0.0,0.0,31
200800007212,8,2,22,1530,1,1,1,1,7,77453,M,4854600.0,279200.0,77
200800007213,8,2,1,1945,3,1,1,4,5,60480,M,0.0,0.0,60
200800007214,8,2,21,930,1,1,1,1,3,13050,M,4364200.0,527800.0,13
200800007215,8,2,6,545,3,1,1,1,1,85223,M,4658000.0,-111700.0,85
200800007216,8,2,6,2215,3,1,1,1,6,31458,M,0.0,0.0,31
200800007217,8,2,12,1930,5,1,2,1,3,74312,M,4607000.0,651300.0,74
200800007218,8,2,15,1730,1,2,1,1,7,74174,M,0.0,0.0,74
200800007219,8,2,19,945,1,1,1,1,7,80717,M,0.0,0.0,80
200800007220,8,2,21,1000,1,1,1,8,5,71157,M,0.0,0.0,71
200800007221,8,2,20,730,2,1,1,1,2,44098,M,4781000.0,-235000.0,44
200800007222,8,2,1,745,2,1,1,2,2,19072,M,4522200.0,151300.0,19
200800007223,8,2,12,1000,1,1,1,1,1,34114,M,0.0,0.0,34
200800007224,8,2,19,700,2,1,1,2,6,34036,M,0.0,0.0,34
200800007225,8,2,27,1945,3,1,1,1,6,34282,M,0.0,0.0,34
200800007226,8,2,9,1745,1,1,1,1,3,78561,M,4874400.0,202200.0,78
200800007227,8,2,14,2245,3,1,1,1,1,78356,M,4874600.0,202100.0,78
200800007228,8,2,16,1645,1,2,1,7,6,78356,M,4874700.0,205500.0,78
200800007229,8,2,16,1915,3,1,1,1,6,72198,M,4807900.0,12900.0,72
200800007230,8,2,25,145,3,1,1,1,6,46204,M,4482600.0,147600.0,46
200800007231,8,2,9,1700,1,1,1,1,6,49355,M,0.0,0.0,49
200800007232,8,2,5,1830,1,1,1,2,5,67498,M,0.0,0.0,67
200800007233,8,2,10,1230,1,2,1,1,3,67358,M,0.0,0.0,67
200800007234,8,2,3,915,1,1,2,1,3,31547,M,0.0,0.0,31
200800007235,8,2,2,145,3,1,6,2,7,30047,M,4381700.0,441700.0,30
200800007236,8,2,16,400,3,1,1,1,6,30034,M,4373500.0,446500.0,30
200800007237,8,2,23,1730,1,1,1,1,3,30034,M,4377900.0,446700.0,30
200800007238,8,2,27,1845,5,2,1,1,1,30135,M,0.0,0.0,30
200800007239,8,2,17,715,1,2,1,1,6,34192,M,0.0,0.0,34
200800007240,8,2,10,1400,1,1,1,7,1,76255,M,5006000.0,141000.0,76
200800007241,8,2,11,1830,2,1,1,1,2,76442,M,4999400.0,143900.0,76
200800007242,8,2,3,1315,1,1,1,1,1,60539,M,0.0,0.0,60
200800007243,8,2,14,615,3,2,1,1,6,31541,M,4369400.0,135900.0,31
200800007244,8,2,17,2330,3,1,1,1,7,95510,M,0.0,0.0,95
200800007245,8,2,24,45,3,2,1,1,1,95388,M,0.0,0.0,95
200800007246,8,2,25,915,1,2,1,1,2,95480,M,4910500.0,220400.0,95
200800007247,8,2,18,530,5,2,6,1,7,56094,M,4776600.0,-328400.0,56
200800007248,8,2,23,930,3,1,1,1,6,56148,M,4777700.0,-318000.0,56
200800007249,8,2,24,1500,1,2,1,1,6,56177,M,0.0,0.0,56
200800007250,8,2,24,1945,3,1,1,8,7,56175,M,4772800.0,-295800.0,56
200800007251,8,2,29,1800,2,1,1,2,5,56090,M,0.0,0.0,56
200800007252,8,2,16,330,4,2,1,1,6,44009,M,4720900.0,-146700.0,44
200800007253,8,2,15,745,1,2,1,1,6,69100,M,0.0,0.0,69
200800007254,8,2,18,1800,1,2,1,1,6,69046,M,4565200.0,479100.0,69
200800007255,8,2,4,1530,1,1,1,4,7,61385,M,0.0,0.0,61
200800007256,8,2,26,1230,1,1,1,8,7,37226,M,0.0,0.0,37
200800007257,8,2,10,1300,1,1,1,1,6,36097,M,4702600.0,178700.0,36
200800007258,8,2,13,1215,1,1,1,1,2,08403,M,4950600.0,435300.0,08
200800007259,8,2,1,1710,1,2,2,2,3,01053,M,,,01
200800007260,8,2,4,1905,5,2,3,2,6,01053,M,,,01
200800007261,8,2,7,1625,1,2,1,1,1,01451,M,,,01
200800007262,8,2,7,1715,1,2,3,1,3,01053,M,,,01
200800007263,8,2,8,1845,2,2,2,1,3,01289,M,,,01
200800007264,8,2,14,2100,3,2,3,1,3,01053,M,,,01
200800007265,8,2,19,1215,1,1,2,1,5,01289,M,,,01
200800007266,8,2,16,1830,5,2,1,1,6,01283,M,,,01
200800007267,8,2,18,1900,5,2,2,1,3,01283,M,,,01
200800007268,8,2,6,830,1,2,2,2,3,02408,M,,,02
200800007269,8,2,23,2320,5,2,1,1,7,02408,M,,,02
200800007270,8,2,2,1155,1,2,1,1,6,02691,M,,,02
200800007271,8,2,2,1625,1,2,1,1,3,02691,M,,,02
200800007272,8,2,4,1800,2,2,1,1,6,02691,M,,,02
200800007273,8,2,5,1355,1,2,3,1,3,02549,M,,,02
200800007274,8,2,4,740,2,2,3,2,3,02691,M,,,02
200800007275,8,2,19,1835,5,2,1,1,3,02691,M,,,02
200800007276,8,2,21,1545,1,2,1,1,3,02691,M,,,02
200800007277,8,2,28,1800,2,2,1,2,6,02691,M,,,02
200800007278,8,2,29,1055,1,2,1,1,2,02691,M,,,02
200800007279,8,2,2,1230,1,1,1,2,5,02805,M,,,02
200800007280,8,2,7,2325,5,2,2,1,6,02258,M,,,02
200800007281,8,2,16,1700,2,2,1,7,6,02258,M,,,02
200800007282,8,2,2,220,5,2,1,2,6,03262,M,,,03
200800007283,8,2,3,2250,5,2,1,1,6,03185,M,,,03
200800007284,8,2,19,1705,1,1,1,1,1,03101,M,,,03
200800007285,8,2,24,1045,1,2,1,1,6,03185,M,,,03
200800007286,8,2,28,2155,5,2,2,1,6,03185,M,,,03
200800007287,8,2,3,1510,1,2,1,8,2,03190,M,,,03
200800007288,8,2,6,2040,3,1,4,1,3,03321,M,,,03
200800007289,8,2,16,1630,5,2,2,1,3,03190,M,,,03
200800007290,8,2,15,355,3,1,1,1,6,03013,M,,,03
200800007291,8,2,20,1455,1,2,1,1,6,03190,M,,,03
200800007292,8,2,1,1030,1,2,1,1,6,03095,M,,,03
200800007293,8,2,2,1850,5,2,1,1,6,03310,M,,,03
200800007294,8,2,4,1705,1,2,2,1,3,03310,M,,,03
200800007295,8,2,8,1325,1,2,5,1,3,03310,M,,,03
200800007296,8,2,9,1520,1,2,1,1,6,03095,M,,,03
200800007297,8,2,9,1545,1,2,1,1,2,03023,M,,,03
200800007298,8,2,13,1350,1,2,3,1,3,03310,M,,,03
200800007299,8,2,15,1655,1,1,2,1,3,03310,M,,,03
200800007300,8,2,2,1330,1,2,9,1,1,04112,M,,,04
200800007301,8,2,2,1450,1,1,1,1,3,04112,M,,,04
200800007302,8,2,16,535,5,2,1,1,7,05061,M,,,05
200800007303,8,2,18,1440,1,2,1,1,3,05061,M,,,05
200800007304,8,2,18,1650,1,2,3,1,3,05061,M,,,05
200800007305,8,2,19,1626,1,1,1,1,5,05061,M,,,05
200800007306,8,2,20,1830,1,2,2,1,3,05061,M,,,05
200800007307,8,2,24,244,5,1,1,1,6,05061,M,,,05
200800007308,8,2,24,1630,1,2,1,7,6,05061,M,,,05
200800007309,8,2,2,1718,1,2,1,1,3,06004,M,,,06
200800007310,8,2,4,2245,5,2,9,1,3,06155,M,,,06
200800007311,8,2,6,1025,1,2,1,1,2,06004,M,,,06
200800007312,8,2,8,1210,1,2,3,1,6,06004,M,,,06
200800007313,8,2,8,1455,1,2,1,1,6,06155,M,,,06
200800007314,8,2,9,1700,1,2,1,1,2,06004,M,,,06
200800007315,8,2,12,1050,1,2,1,1,6,06004,M,,,06
200800007316,8,2,14,2320,5,2,3,1,3,06004,M,,,06
200800007317,8,2,14,1147,1,2,2,1,6,06004,M,,,06
200800007318,8,2,18,845,1,2,1,1,3,06004,M,,,06
200800007319,8,2,19,1805,5,2,1,1,3,06004,M,,,06
200800007320,8,2,23,1745,1,2,1,1,1,06155,M,,,06
200800007321,8,2,25,1250,1,2,9,1,6,06155,M,,,06
200800007322,8,2,27,1555,1,2,3,1,2,06004,M,,,06
200800007323,8,2,29,1850,5,2,1,1,2,06004,M,,,06
200800007324,8,2,6,1050,1,2,3,1,3,06123,M,,,06
200800007325,8,2,7,1100,1,2,1,1,3,06027,M,,,06
200800007326,8,2,8,1600,1,2,1,1,6,06123,M,,,06
200800007327,8,2,11,1855,2,2,1,1,3,06027,M,,,06
200800007328,8,2,11,2040,5,2,1,1,6,06027,M,,,06
200800007329,8,2,12,1300,1,1,1,1,6,06123,M,,,06
200800007330,8,2,12,1700,1,2,1,1,6,06027,M,,,06
200800007331,8,2,13,750,1,2,3,1,3,06027,M,,,06
200800007332,8,2,14,945,1,2,1,1,3,06123,M,,,06
200800007333,8,2,14,1710,1,2,2,1,3,06027,M,,,06
200800007334,8,2,23,1900,2,2,1,1,3,06027,M,,,06
200800007335,8,2,25,800,1,2,1,1,2,06027,M,,,06
200800007336,8,2,26,1925,2,2,2,1,3,06027,M,,,06
200800007337,8,2,25,910,1,2,1,1,2,06123,M,,,06
200800007338,8,2,27,1055,1,2,2,1,6,06027,M,,,06
200800007339,8,2,26,2000,5,2,1,1,6,06123,M,,,06
200800007340,8,2,27,805,1,2,1,1,6,06027,M,,,06
200800007341,8,2,27,1630,1,2,1,1,3,06027,M,,,06
200800007342,8,2,1,930,1,2,1,1,3,06030,M,,,06
200800007343,8,2,5,1620,1,2,1,1,6,06029,M,,,06
200800007344,8,2,6,1250,1,2,1,1,3,06029,M,,,06
200800007345,8,2,6,1830,5,2,1,1,3,06029,M,,,06
200800007346,8,2,8,1754,1,2,1,1,3,06029,M,,,06
200800007347,8,2,9,1639,1,2,1,1,3,06029,M,,,06
200800007348,8,2,10,100,5,2,3,1,3,06029,M,,,06
200800007349,8,2,12,1700,1,2,1,1,3,06029,M,,,06
200800007350,8,2,12,1735,1,2,1,1,3,06029,M,,,06
200800007351,8,2,14,851,1,2,1,1,6,06029,M,,,06
200800007352,8,2,19,1743,1,2,1,1,3,06029,M,,,06
200800007353,8,2,19,2000,5,2,1,1,3,06030,M,,,06
200800007354,8,2,20,1200,1,2,1,1,6,06029,M,,,06
200800007355,8,2,21,1550,1,2,1,1,3,06029,M,,,06
200800007356,8,2,21,1630,1,2,1,1,2,06029,M,,,06
200800007357,8,2,24,1555,1,2,1,1,7,06029,M,,,06
200800007358,8,2,22,2300,5,2,1,1,6,06029,M,,,06
200800007359,8,2,22,2120,5,2,1,1,2,06029,M,,,06
200800007360,8,2,23,2138,5,2,1,1,3,06029,M,,,06
200800007361,8,2,23,1510,1,2,1,1,3,06030,M,,,06
200800007362,8,2,28,1930,5,2,3,1,3,06029,M,,,06
200800007363,8,2,29,2252,5,2,1,1,3,06030,M,,,06
200800007364,8,2,28,1100,1,2,1,1,6,06029,M,,,06
200800007365,8,2,4,625,2,2,1,1,3,06069,M,,,06
200800007366,8,2,5,1400,1,2,3,1,3,06069,M,,,06
200800007367,8,2,7,840,1,2,1,1,7,06069,M,,,06
200800007368,8,2,8,2225,5,2,1,1,7,06069,M,,,06
200800007369,8,2,10,1410,1,1,1,1,1,06069,M,,,06
200800007370,8,2,10,1830,2,2,3,1,6,06069,M,,,06
200800007371,8,2,12,1640,1,2,6,1,2,06069,M,,,06
200800007372,8,2,13,1230,1,1,1,1,2,06069,M,,,06
200800007373,8,2,14,1830,1,2,1,1,6,06069,M,,,06
200800007374,8,2,16,1636,1,2,1,1,7,06069,M,,,06
200800007375,8,2,16,1920,5,2,1,1,7,06069,M,,,06
200800007376,8,2,17,40,5,2,1,1,3,06069,M,,,06
200800007377,8,2,20,655,2,2,1,1,7,06069,M,,,06
200800007378,8,2,20,1210,1,2,1,1,7,06069,M,,,06
200800007379,8,2,20,1600,1,1,1,1,7,06069,M,,,06
200800007380,8,2,23,1100,1,2,1,1,5,06069,M,,,06
200800007381,8,2,25,945,1,2,3,1,3,06069,M,,,06
200800007382,8,2,26,1255,1,2,1,1,2,06069,M,,,06
200800007383,8,2,27,1450,1,1,1,1,7,06069,M,,,06
200800007384,8,2,28,1100,1,1,1,1,7,06069,M,,,06
200800007385,8,2,28,1125,1,1,1,1,7,06069,M,,,06
200800007386,8,2,28,1200,1,2,1,1,7,06069,M,,,06
200800007387,8,2,2,1600,1,2,1,1,6,06104,M,,,06
200800007388,8,2,5,2145,5,2,1,1,6,06083,M,,,06
200800007389,8,2,2,2035,5,2,1,1,1,06083,M,,,06
200800007390,8,2,12,1610,1,2,1,1,6,06083,M,,,06
200800007391,8,2,13,1630,1,2,1,1,7,06104,M,,,06
200800007392,8,2,23,500,5,2,1,1,2,06083,M,,,06
200800007393,8,2,20,1700,1,2,1,1,6,06083,M,,,06
200800007394,8,2,27,1115,1,2,1,1,6,06083,M,,,06
200800007395,8,2,27,2012,5,2,3,1,3,06083,M,,,06
200800007396,8,2,28,1100,1,2,1,1,1,06083,M,,,06
200800007397,8,2,24,2035,5,2,1,1,1,06083,M,,,06
200800007398,8,2,1,100,5,2,1,1,6,06088,M,,,06
200800007399,8,2,1,1030,1,2,1,1,1,06088,M,,,06
200800007400,8,2,1,1630,1,2,1,1,3,06088,M,,,06
200800007401,8,2,1,1910,5,2,1,1,5,06088,M,,,06
200800007402,8,2,1,1945,5,2,3,1,3,06088,M,,,06
200800007403,8,2,2,1230,1,2,1,1,1,06088,M,,,06
200800007404,8,2,3,915,1,2,1,1,5,06088,M,,,06
200800007405,8,2,3,1800,5,2,1,1,3,06088,M,,,06
200800007406,8,2,4,555,5,2,2,2,3,06088,M,,,06
200800007407,8,2,4,740,1,2,2,1,3,06088,M,,,06
200800007408,8,2,5,730,2,2,1,1,6,06159,M,,,06
200800007409,8,2,5,940,1,2,1,1,3,06088,M,,,06
200800007410,8,2,5,1645,1,2,1,1,6,06088,M,,,06
200800007411,8,2,5,1815,5,2,3,1,3,06088,M,,,06
200800007412,8,2,5,2005,5,2,1,1,1,06088,M,,,06
200800007413,8,2,6,1100,1,2,1,1,6,06088,M,,,06
200800007414,8,2,6,830,1,2,1,1,6,06088,M,,,06
200800007415,8,2,6,1040,1,2,2,1,5,06088,M,,,06
200800007416,8,2,6,1400,1,2,1,1,3,06088,M,,,06
200800007417,8,2,6,1650,1,2,1,1,3,06088,M,,,06
200800007418,8,2,6,2000,5,2,1,1,3,06088,M,,,06
200800007419,8,2,7,830,1,2,1,1,1,06088,M,,,06
200800007420,8,2,7,820,1,2,1,1,6,06088,M,,,06
200800007421,8,2,7,831,1,2,1,1,2,06088,M,,,06
200800007422,8,2,7,1940,5,2,1,1,3,06088,M,,,06
200800007423,8,2,8,925,1,2,1,1,4,06088,M,,,06