Num_Acc,an,mois,jour,hrmn,lum,agg,int,atm,col,com,gps,lat,long,dep
200800008276,8,2,18,1900,2,2,2,1,3,33063,M,,,33
200800008277,8,2,13,1310,1,2,3,1,3,33281,M,,,33
200800008278,8,2,14,745,1,2,1,1,3,33069,M,,,33
200800008279,8,2,19,1750,1,2,1,1,6,33063,M,,,33
200800008280,8,2,19,2015,5,2,1,1,4,33063,M,,,33
200800008281,8,2,19,1305,1,2,3,1,3,33063,M,,,33
200800008282,8,2,14,1051,1,2,1,1,2,33281,M,,,33
200800008283,8,2,19,930,1,2,4,2,3,33063,M,,,33
200800008284,8,2,14,1700,1,2,1,1,6,33249,M,,,33
200800008285,8,2,15,810,1,2,3,1,1,33318,M,,,33
200800008286,8,2,12,2330,5,2,1,1,3,33522,M,,,33
200800008287,8,2,12,1950,5,2,3,1,3,33039,M,,,33
200800008288,8,2,14,1940,5,2,1,1,3,33281,M,,,33
200800008289,8,2,21,1145,1,2,4,1,3,33063,M,,,33
200800008290,8,2,14,1945,4,2,2,1,3,33281,M,,,33
200800008291,8,2,17,1320,1,2,1,1,2,33550,M,,,33
200800008292,8,2,24,2030,5,2,2,1,3,33063,M,,,33
200800008293,8,2,24,1145,1,2,1,1,6,33063,M,,,33
200800008294,8,2,25,1630,1,2,7,1,3,33063,M,,,33
200800008295,8,2,20,915,1,2,2,1,3,33281,M,,,33
200800008296,8,2,20,1752,1,2,2,1,3,33281,M,,,33
200800008297,8,2,25,1730,1,2,1,1,3,33063,M,,,33
200800008298,8,2,21,820,1,2,1,1,7,33281,M,,,33
200800008299,8,2,19,1111,1,2,9,2,6,33550,M,,,33
200800008300,8,2,25,1935,5,2,1,1,3,33063,M,,,33
200800008301,8,2,15,1810,5,1,2,1,3,33281,M,,,33
200800008302,8,2,27,1910,5,2,5,2,3,33063,M,,,33
200800008303,8,2,22,1925,5,2,2,1,3,33281,M,,,33
200800008304,8,2,27,1215,1,2,3,2,1,33063,M,,,33
200800008305,8,2,23,504,5,2,1,1,3,33075,M,,,33
200800008306,8,2,22,1340,1,2,3,1,3,33075,M,,,33
200800008307,8,2,28,750,1,2,2,1,3,33281,M,,,33
200800008308,8,2,29,205,5,2,1,1,3,33063,M,,,33
200800008309,8,2,26,1300,1,2,3,1,3,33167,M,,,33
200800008310,8,2,26,2300,5,2,1,2,6,33281,M,,,33
200800008311,8,2,26,1920,2,2,1,2,3,33281,M,,,33
200800008312,8,2,27,1658,1,2,1,1,6,33550,M,,,33
200800008313,8,2,29,1550,1,2,1,1,3,33281,M,,,33
200800008314,8,2,22,1629,1,2,3,1,3,33522,M,,,33
200800008315,8,2,29,1220,1,2,1,1,3,33318,M,,,33
200800008316,8,2,28,812,1,2,1,8,3,33192,M,,,33
200800008317,8,2,1,1400,1,1,1,6,7,34032,M,,,34
200800008318,8,2,2,1940,3,2,2,1,1,34032,M,4333000.0,345699.0,34
200800008319,8,2,4,750,1,2,6,1,3,34032,M,,,34
200800008320,8,2,4,1200,1,2,1,1,3,34032,M,,,34
200800008321,8,2,6,1700,1,1,1,1,2,34032,M,,,34
200800008322,8,2,7,1755,2,1,1,1,7,34032,M,,,34
200800008323,8,2,7,1920,2,2,1,1,7,34032,M,,,34
200800008324,8,2,9,900,1,2,1,2,7,34032,M,,,34
200800008325,8,2,12,1821,2,2,2,1,3,34032,M,,,34
200800008326,8,2,13,2310,5,2,3,1,3,34032,M,,,34
200800008327,8,2,15,1825,1,2,1,1,6,34032,M,,,34
200800008328,8,2,19,1358,1,2,2,1,3,34032,M,,,34
200800008329,8,2,19,1820,5,2,1,2,7,34032,M,,,34
200800008330,8,2,22,1445,1,2,1,1,7,34032,M,,,34
200800008331,8,2,22,1815,2,2,1,1,7,34032,M,,,34
200800008332,8,2,22,2330,5,2,1,1,3,34032,M,,,34
200800008333,8,2,24,1910,3,1,1,1,7,34032,M,,,34
200800008334,8,2,25,700,2,2,6,1,3,34032,M,,,34
200800008335,8,2,26,1720,1,1,1,1,2,34073,M,,,34
200800008336,8,2,26,1255,1,2,2,1,3,34032,M,,,34
200800008337,8,2,27,1630,1,2,2,6,3,34032,M,,,34
200800008338,8,2,27,1730,1,2,2,1,3,34032,M,,,34
200800008339,8,2,28,1300,1,2,1,1,4,34032,M,,,34
200800008340,8,2,28,1900,5,2,1,1,7,34336,M,,,34
200800008341,8,2,29,2005,5,2,2,1,1,34032,M,,,34
200800008342,8,2,1,1430,1,2,1,1,6,34172,M,4360607.0,384208.0,34
200800008343,8,2,1,1930,5,2,1,1,2,34172,M,,,34
200800008344,8,2,4,835,1,2,6,1,5,34172,M,,,34
200800008345,8,2,5,325,5,2,3,1,6,34172,M,,,34
200800008346,8,2,5,1950,5,2,9,1,3,34172,M,,,34
200800008347,8,2,7,1400,1,2,1,1,3,34172,M,,,34
200800008348,8,2,7,1845,5,2,1,1,3,34172,M,,,34
200800008349,8,2,6,1835,5,2,1,1,3,34172,M,,,34
200800008350,8,2,6,1945,5,2,1,1,1,34172,M,,,34
200800008351,8,2,8,1325,1,2,1,1,6,34172,M,4361850.0,386292.0,34
200800008352,8,2,8,1910,5,2,1,1,3,34172,M,,,34
200800008353,8,2,9,1040,1,2,1,1,6,34172,M,,,34
200800008354,8,2,9,1630,1,2,9,1,2,34172,M,,,34
200800008355,8,2,11,750,1,2,3,1,3,34172,M,,,34
200800008356,8,2,5,2010,5,2,2,1,7,34172,M,4359929.0,389390.0,34
200800008357,8,2,12,1240,1,2,1,1,6,34172,M,,,34
200800008358,8,2,12,1710,1,2,1,1,3,34172,M,,,34
200800008359,8,2,12,2145,3,1,1,1,7,34129,M,4357976.0,390823.0,34
200800008360,8,2,14,554,5,2,1,1,3,34172,M,,,34
200800008361,8,2,14,1415,1,1,1,1,3,34172,M,,,34
200800008362,8,2,14,1559,1,2,1,1,3,34172,M,4358728.0,385347.0,34
200800008363,8,2,14,1715,2,2,1,1,3,34172,M,4362101.0,383395.0,34
200800008364,8,2,14,1853,2,2,1,1,7,34172,M,,,34
200800008365,8,2,15,810,1,2,1,1,6,34172,M,,,34
200800008366,8,2,15,1715,1,2,4,1,3,34172,M,,,34
200800008367,8,2,14,1025,1,2,1,1,7,34172,M,,,34
200800008368,8,2,14,1235,1,2,1,1,3,34172,M,,,34
200800008369,8,2,19,150,5,2,1,1,3,34172,M,,,34
200800008370,8,2,19,315,5,2,1,1,6,34172,M,,,34
200800008371,8,2,19,915,1,1,1,1,7,34198,M,4357084.0,395448.0,34
200800008372,8,2,21,1120,1,2,1,1,3,34172,M,,,34
200800008373,8,2,22,1640,1,2,1,1,3,34172,M,,,34
200800008374,8,2,26,841,1,2,1,2,6,34172,M,,,34
200800008375,8,2,26,2100,3,1,1,5,6,34129,M,4357007.0,387254.0,34
200800008376,8,2,27,855,1,2,1,1,7,34172,M,,,34
200800008377,8,2,27,2120,5,2,1,1,6,34172,M,,,34
200800008378,8,2,27,1158,1,2,2,1,3,34172,M,4361286.0,386737.0,34
200800008379,8,2,28,1530,1,1,1,1,2,34129,M,,,34
200800008380,8,2,29,720,1,1,1,1,6,34129,M,,,34
200800008381,8,2,29,920,1,2,1,1,1,34172,M,,,34
200800008382,8,2,29,1635,1,2,3,1,3,34172,M,4361204.0,387110.0,34
200800008383,8,2,28,1055,1,2,1,1,3,34172,M,,,34
200800008384,8,2,28,1200,1,2,1,1,3,34172,M,,,34
200800008385,8,2,4,1430,1,2,1,1,6,34301,M,,,34
200800008386,8,2,8,2050,3,2,6,1,3,34108,M,,,34
200800008387,8,2,15,1430,1,2,1,1,2,34301,M,,,34
200800008388,8,2,16,1840,5,2,3,1,3,34108,M,,,34
200800008389,8,2,4,1715,1,2,1,1,6,35115,M,,,35
200800008390,8,2,21,2115,5,2,6,1,3,35115,M,,,35
200800008391,8,2,1,20,5,2,4,2,6,35238,M,,,35
200800008392,8,2,1,450,3,1,1,2,1,35238,M,,,35
200800008393,8,2,2,320,5,2,2,1,3,35238,M,,,35
200800008394,8,2,2,520,5,2,2,1,3,35238,M,,,35
200800008395,8,2,2,920,1,2,1,1,6,35238,M,,,35
200800008396,8,2,7,1730,1,2,1,1,6,35238,M,,,35
200800008397,8,2,8,1015,1,2,1,1,2,35238,M,,,35
200800008398,8,2,8,1325,1,1,1,1,4,35238,M,,,35
200800008399,8,2,8,1745,1,2,2,1,3,35238,M,,,35
200800008400,8,2,8,1800,1,2,2,1,7,35238,M,,,35
200800008401,8,2,13,1010,1,2,3,1,6,35238,M,,,35
200800008402,8,2,13,1850,5,2,2,1,3,35238,M,,,35
200800008403,8,2,14,910,1,2,2,1,3,35238,M,,,35
200800008404,8,2,14,1420,1,2,3,1,3,35238,M,,,35
200800008405,8,2,14,1940,5,2,1,1,3,35281,M,,,35
200800008406,8,2,15,240,5,2,1,1,7,35238,M,,,35
200800008407,8,2,16,1430,1,1,1,1,7,35238,M,,,35
200800008408,8,2,20,410,3,1,9,1,2,35238,M,,,35
200800008409,8,2,20,1240,1,2,1,1,3,35238,M,,,35
200800008410,8,2,20,1600,1,2,2,1,6,35238,M,,,35
200800008411,8,2,21,1405,1,2,2,1,6,35238,M,,,35
200800008412,8,2,21,1530,1,2,2,1,2,35238,M,,,35
200800008413,8,2,21,1910,4,2,3,1,6,35238,M,,,35
200800008414,8,2,22,1050,1,2,1,1,7,35238,M,,,35
200800008415,8,2,22,2000,5,2,3,1,3,35238,M,,,35
200800008416,8,2,23,1310,1,2,3,1,6,35238,M,,,35
200800008417,8,2,23,1400,1,2,3,1,3,35238,M,,,35
200800008418,8,2,24,430,5,2,3,1,1,35238,M,,,35
200800008419,8,2,29,2025,3,1,1,1,7,35278,M,,,35
200800008420,8,2,1,1530,1,2,1,2,2,35288,M,,,35
200800008421,8,2,7,1740,1,2,2,7,3,35288,M,,,35
200800008422,8,2,8,950,1,2,2,7,2,35288,M,,,35
200800008423,8,2,8,952,1,2,1,1,2,35288,M,,,35
200800008424,8,2,13,1255,1,2,2,7,3,35288,M,,,35
200800008425,8,2,13,1540,1,2,3,1,6,35288,M,,,35
200800008426,8,2,14,1210,1,2,1,1,3,35288,M,,,35
200800008427,8,2,15,2000,5,2,1,1,6,35288,M,,,35
200800008428,8,2,16,2350,5,2,1,1,3,35288,M,,,35
200800008429,8,2,20,845,1,2,1,1,2,35288,M,,,35
200800008430,8,2,22,2030,5,2,1,1,6,35288,M,,,35
200800008431,8,2,22,800,1,2,1,1,3,35288,M,,,35
200800008432,8,2,25,1850,3,2,3,1,3,35288,M,,,35
200800008433,8,2,26,1145,1,2,3,1,3,35288,M,,,35
200800008434,8,2,22,35,3,1,3,1,7,36202,M,,,36
200800008435,8,2,27,1850,2,2,1,8,3,36044,M,,,36
200800008436,8,2,3,1347,1,2,1,1,6,36044,M,,,36
200800008437,8,2,4,1730,1,1,1,1,2,36202,M,,,36
200800008438,8,2,4,2125,5,2,1,1,2,36202,M,,,36
200800008439,8,2,6,1516,1,2,2,1,3,36044,M,,,36
200800008440,8,2,8,700,4,2,3,1,1,36044,M,,,36
200800008441,8,2,11,719,2,2,1,1,3,36044,M,,,36
200800008442,8,2,12,755,2,2,6,1,3,36063,M,,,36
200800008443,8,2,14,1530,1,2,3,1,3,36044,M,,,36
200800008444,8,2,19,1325,1,2,3,1,5,36044,M,,,36
200800008445,8,2,19,1902,2,2,1,2,2,36044,M,,,36
200800008446,8,2,21,1621,1,2,1,1,7,36044,M,,,36
200800008447,8,2,25,1540,1,1,1,1,3,36159,M,,,36
200800008448,8,2,28,1201,1,2,3,2,3,37261,M,,,37
200800008449,8,2,7,1715,1,2,1,1,6,37233,M,,,37
200800008450,8,2,12,955,1,2,2,1,6,37261,M,,,37
200800008451,8,2,9,1530,1,2,1,1,3,37261,M,,,37
200800008452,8,2,15,1417,1,2,3,1,3,37195,M,,,37
200800008453,8,2,16,2130,4,2,2,1,1,37122,M,,,37
200800008454,8,2,17,125,3,2,3,1,3,37233,M,,,37
200800008455,8,2,21,2315,5,2,2,1,3,37261,M,,,37
200800008456,8,2,22,1640,1,2,1,1,5,37122,M,,,37
200800008457,8,2,28,2010,5,2,3,1,3,37233,M,,,37
200800008458,8,2,29,907,1,2,2,1,3,37233,M,,,37
200800008459,8,2,17,555,5,2,1,1,6,38053,M,,,38
200800008460,8,2,18,1720,1,2,1,1,6,38053,M,,,38
200800008461,8,2,1,1340,1,2,1,1,3,38185,M,,,38
200800008462,8,2,1,1620,1,2,1,1,1,38185,M,,,38
200800008463,8,2,4,1350,1,1,1,2,2,38185,M,,,38
200800008464,8,2,4,1820,1,2,1,2,6,38185,M,,,38
200800008465,8,2,5,1120,1,2,1,1,6,38421,M,,,38
200800008466,8,2,7,2045,5,1,1,1,3,38185,M,,,38
200800008467,8,2,7,2105,5,2,1,1,6,38185,M,,,38
200800008468,8,2,9,125,5,2,1,1,3,38421,M,,,38
200800008469,8,2,9,1135,1,2,1,1,2,38421,M,,,38
200800008470,8,2,14,645,5,2,1,1,3,38185,M,,,38
200800008471,8,2,14,825,1,2,1,1,6,38421,M,,,38
200800008472,8,2,15,920,1,1,1,1,2,38229,M,,,38
200800008473,8,2,15,1010,1,2,1,1,2,38185,M,,,38
200800008474,8,2,16,1815,5,2,1,1,6,38185,M,,,38
200800008475,8,2,16,1915,5,2,1,1,6,38423,M,,,38
200800008476,8,2,19,1605,1,2,1,1,3,38185,M,,,38
200800008477,8,2,20,2025,5,2,1,1,2,38185,M,,,38
200800008478,8,2,22,850,1,2,1,1,6,38185,M,,,38
200800008479,8,2,22,1200,1,2,2,1,6,38185,M,,,38
200800008480,8,2,23,150,3,1,1,1,3,38179,M,,,38
200800008481,8,2,23,2110,5,2,1,1,3,38185,M,,,38
200800008482,8,2,26,1910,5,2,1,1,3,38185,M,,,38
200800008483,8,2,28,1335,1,2,1,1,3,38185,M,,,38
200800008484,8,2,28,1520,1,1,1,1,2,38185,M,,,38
200800008485,8,2,29,1520,1,2,1,1,6,38185,M,,,38
200800008486,8,2,23,1122,1,2,1,1,6,38544,M,,,38
200800008487,8,2,26,120,4,2,1,1,6,38563,M,,,38
200800008488,8,2,23,1525,1,2,3,1,3,38563,M,,,38
200800008489,8,2,9,2045,3,1,1,1,7,39198,M,,,39
200800008490,8,2,2,1450,1,2,7,1,3,39300,M,,,39
200800008491,8,2,5,2130,5,2,2,1,3,39362,M,,,39
200800008492,8,2,14,1845,5,2,1,1,3,39411,M,,,39
200800008493,8,2,25,1535,1,2,1,1,6,39300,M,,,39
200800008494,8,2,5,1200,1,2,1,1,6,40088,M,,,40
200800008495,8,2,7,2245,5,2,2,1,3,40088,M,,,40
200800008496,8,2,8,1829,2,2,3,1,3,40088,M,,,40
200800008497,8,2,7,1224,1,1,2,1,3,40192,M,,,40
200800008498,8,2,17,1949,5,2,3,1,3,40192,M,,,40
200800008499,8,2,1,715,2,2,1,2,3,41018,M,,,41
200800008500,8,2,4,1325,1,2,2,1,3,41018,M,,,41
200800008501,8,2,7,1215,1,2,1,1,2,41018,M,,,41
200800008502,8,2,12,1720,1,2,1,1,6,41018,M,,,41
200800008503,8,2,13,1050,1,2,1,1,1,41018,M,,,41
200800008504,8,2,14,1025,1,2,1,4,6,41018,M,,,41
200800008505,8,2,16,2040,5,2,3,1,3,41018,M,,,41
200800008506,8,2,19,1054,1,2,1,1,6,41018,M,,,41
200800008507,8,2,19,1115,1,1,1,1,7,41018,M,,,41
200800008508,8,2,19,2230,5,2,1,1,6,41018,M,,,41
200800008509,8,2,10,930,1,2,1,1,6,42044,M,4523776.0,419852.0,42
200800008510,8,2,10,1620,1,2,1,1,6,42031,M,4524344.0,414414.0,42
200800008511,8,2,18,1445,1,2,1,1,2,42095,M,,,42
200800008512,8,2,21,1735,1,2,1,1,6,42316,M,4523776.0,419852.0,42
200800008513,8,2,23,420,5,2,1,1,6,42316,M,4524677.0,415920.0,42
200800008514,8,2,26,1405,1,2,1,1,6,42316,M,4523960.0,415755.0,42
200800008515,8,2,28,1447,1,2,1,1,6,42044,M,4523790.0,419551.0,42
200800008516,8,2,1,2023,5,2,2,1,3,42147,M,,,42
200800008517,8,2,9,1950,5,2,2,1,7,42147,M,,,42
200800008518,8,2,21,1835,5,2,3,1,6,42103,M,,,42
200800008519,8,2,2,1725,1,2,1,1,2,42187,M,,,42
200800008520,8,2,3,1815,5,2,2,1,3,42187,M,,,42
200800008521,8,2,4,1030,1,2,1,1,2,42187,M,,,42
200800008522,8,2,5,1210,1,2,6,1,3,42127,M,,,42
200800008523,8,2,14,1710,1,2,3,1,3,42187,M,,,42
200800008524,8,2,22,1715,1,2,2,1,3,42071,M,,,42
200800008525,8,2,4,745,5,1,1,2,2,42189,M,,,42
200800008526,8,2,4,815,1,2,1,3,7,42218,M,,,42
200800008527,8,2,4,1425,1,2,1,1,3,42218,M,4525060.0,422795.0,42
200800008528,8,2,4,1620,1,2,2,1,5,42218,M,,,42
200800008529,8,2,5,1700,1,2,3,1,3,42218,M,,,42
200800008530,8,2,8,1330,1,2,3,1,3,42218,M,,,42
200800008531,8,2,8,1710,1,2,2,1,6,42218,M,,,42
200800008532,8,2,8,2300,5,2,1,1,6,42218,M,,,42
200800008533,8,2,9,1025,1,2,1,1,6,42218,M,,,42
200800008534,8,2,9,2230,5,2,3,1,5,42218,M,,,42
200800008535,8,2,10,1140,1,2,3,1,6,42218,M,,,42
200800008536,8,2,13,1040,1,2,3,1,6,42218,M,,,42
200800008537,8,2,15,738,1,2,3,1,6,42218,M,,,42
200800008538,8,2,15,1904,5,2,1,5,3,42218,M,,,42
200800008539,8,2,19,1705,1,2,1,1,3,42218,M,,,42
200800008540,8,2,19,1113,1,2,2,1,6,42218,M,,,42
200800008541,8,2,20,819,1,2,1,8,6,42218,M,,,42
200800008542,8,2,21,1600,1,2,7,1,6,42218,M,4526171.0,426228.0,42
200800008543,8,2,21,1835,5,2,1,1,7,42218,M,,,42
200800008544,8,2,22,1845,5,2,3,1,3,42218,M,,,42
200800008545,8,2,23,942,1,2,3,1,3,42305,M,4528466.0,426535.0,42
200800008546,8,2,26,1910,5,2,3,2,3,42218,M,,,42
200800008547,8,2,26,2015,5,2,3,2,3,42237,M,,,42
200800008548,8,2,28,1255,1,2,1,7,1,42218,M,4542240.0,440026.0,42
200800008549,8,2,21,715,2,2,1,1,5,43157,M,,,43
200800008550,8,2,26,1340,1,2,3,1,3,43157,M,,,43
200800008551,8,2,17,1740,2,2,1,1,6,44055,M,,,44
200800008552,8,2,24,2050,5,2,2,2,3,44055,M,,,44
200800008553,8,2,1,1810,2,2,1,1,7,44109,M,,,44
200800008554,8,2,2,545,5,2,1,9,6,44109,M,,,44
200800008555,8,2,2,1040,1,2,1,1,3,44162,M,,,44
200800008556,8,2,8,745,2,2,1,1,6,44109,M,,,44
200800008557,8,2,8,2100,5,2,1,1,3,44109,M,,,44
200800008558,8,2,9,1620,1,1,1,1,2,44109,M,,,44
200800008559,8,2,10,1510,1,2,6,1,3,44109,M,,,44
200800008560,8,2,12,850,1,2,1,1,6,44190,M,,,44
200800008561,8,2,12,1210,1,2,1,1,6,44109,M,,,44
200800008562,8,2,11,1520,1,2,1,1,6,44114,M,,,44
200800008563,8,2,12,1400,1,2,3,1,6,44143,M,,,44
200800008564,8,2,13,800,2,2,1,1,6,44109,M,,,44
200800008565,8,2,12,2030,5,2,2,1,3,44109,M,,,44
200800008566,8,2,13,1930,5,2,6,1,7,44109,M,,,44
200800008567,8,2,13,1215,1,2,1,1,6,44162,M,,,44
200800008568,8,2,16,2105,5,2,1,1,6,44109,M,,,44
200800008569,8,2,16,1930,5,2,2,1,3,44109,M,,,44
200800008570,8,2,16,2235,5,2,1,1,6,44162,M,,,44
200800008571,8,2,13,1330,1,1,1,1,6,44114,M,,,44
200800008572,8,2,18,2005,5,2,3,1,6,44143,M,,,44
200800008573,8,2,19,1545,1,2,2,1,6,44109,M,,,44
200800008574,8,2,20,1020,1,2,1,1,1,44109,M,,,44
200800008575,8,2,16,1655,1,2,1,1,3,44114,M,,,44
200800008576,8,2,22,1315,1,2,1,1,6,44109,M,,,44
200800008577,8,2,24,1940,5,1,1,2,2,44143,M,,,44
200800008578,8,2,24,1705,1,2,1,1,2,44109,M,,,44
200800008579,8,2,20,625,3,1,1,1,2,44109,M,,,44
200800008580,8,2,26,815,2,2,1,3,6,44109,M,,,44
200800008581,8,2,19,1540,1,2,1,1,6,44190,M,,,44
200800008582,8,2,21,725,3,1,1,1,6,44114,M,,,44
200800008583,8,2,29,2145,5,2,1,2,6,44143,M,,,44
200800008584,8,2,29,1945,5,1,1,1,2,44162,M,,,44
200800008585,8,2,1,1150,1,2,2,2,3,44184,M,,,44
200800008586,8,2,1,1847,5,2,1,1,6,44184,M,,,44
200800008587,8,2,2,1355,1,2,2,1,3,44184,M,,,44
200800008588,8,2,6,1200,1,1,2,1,5,44184,M,,,44
200800008589,8,2,8,1910,5,2,1,1,3,44184,M,,,44
200800008590,8,2,18,2345,5,2,1,1,6,44184,M,,,44
200800008591,8,2,20,1040,1,2,3,1,3,44184,M,,,44
200800008592,8,2,2,1100,1,2,1,1,3,45234,M,,,45
200800008593,8,2,4,1050,1,2,6,2,6,45147,M,,,45
200800008594,8,2,4,2200,5,2,3,1,6,45234,M,,,45
200800008595,8,2,5,730,5,2,1,2,6,45234,M,,,45
200800008596,8,2,7,1500,1,2,1,1,6,45234,M,,,45
200800008597,8,2,9,1235,1,2,1,1,3,45302,M,,,45
200800008598,8,2,8,2156,5,2,1,1,3,45147,M,,,45
200800008599,8,2,8,2105,5,2,1,1,3,45235,M,,,45
200800008600,8,2,8,1800,5,2,2,1,3,45234,M,,,45
200800008601,8,2,12,1625,1,2,2,1,3,45232,M,,,45
200800008602,8,2,13,720,2,2,1,1,6,45302,M,,,45
200800008603,8,2,12,1430,1,2,1,1,4,45234,M,,,45
200800008604,8,2,13,1725,1,2,1,1,4,45075,M,,,45
200800008605,8,2,15,1325,1,2,2,1,5,45147,M,,,45
200800008606,8,2,19,1925,5,1,1,1,2,45285,M,,,45
200800008607,8,2,20,1940,5,2,2,2,3,45285,M,,,45
200800008608,8,2,22,1930,5,2,1,1,1,45169,M,,,45
200800008609,8,2,23,55,1,2,1,1,1,45286,M,,,45
200800008610,8,2,25,1440,1,2,3,1,3,45147,M,,,45
200800008611,8,2,27,1200,1,2,6,1,3,45284,M,,,45
200800008612,8,2,29,1030,1,2,2,2,5,45302,M,,,45
200800008613,8,2,4,750,2,2,1,2,6,46042,M,,,46
200800008614,8,2,8,1730,1,2,1,1,3,46042,M,,,46
200800008615,8,2,14,810,1,2,1,1,3,46042,M,,,46
200800008616,8,2,16,1130,1,2,1,1,3,46042,M,,,46
200800008617,8,2,17,2217,3,1,1,1,7,46042,M,,,46
200800008618,8,2,21,815,1,2,1,1,3,46042,M,,,46
200800008619,8,2,21,1205,1,2,1,1,3,46042,M,,,46
200800008620,8,2,24,1630,1,1,1,1,6,46042,M,,,46
200800008621,8,2,11,1830,2,2,1,1,3,46042,M,,,46
200800008622,8,2,29,745,2,1,1,1,5,46042,M,,,46
200800008623,8,2,4,825,3,2,1,2,6,47323,M,,,47
200800008624,8,2,7,1305,1,1,6,1,6,47215,M,,,47
200800008625,8,2,19,1145,1,2,1,1,4,48095,M,4451822.0,349227.0,48
200800008626,8,2,1,515,5,2,1,8,6,49007,M,,,49
200800008627,8,2,2,1104,1,2,2,1,6,49007,M,,,49
200800008628,8,2,4,805,5,2,6,2,6,49007,M,,,49
200800008629,8,2,5,2027,5,2,1,1,7,49007,M,,,49
200800008630,8,2,7,1904,5,2,2,1,3,49007,M,,,49
200800008631,8,2,8,1213,1,2,1,1,6,49007,M,,,49
200800008632,8,2,8,1530,1,2,2,1,3,49007,M,,,49
200800008633,8,2,11,1518,1,2,1,1,6,49007,M,,,49
200800008634,8,2,12,705,5,2,6,1,3,49007,M,,,49
200800008635,8,2,12,755,1,2,2,1,6,49007,M,,,49
200800008636,8,2,12,855,1,1,1,1,6,49267,M,,,49
200800008637,8,2,12,1215,1,2,1,1,7,49007,M,,,49
200800008638,8,2,13,935,1,2,1,1,2,49007,M,,,49
200800008639,8,2,15,2202,3,2,1,1,2,49007,M,,,49
200800008640,8,2,16,204,3,1,1,1,6,49246,M,,,49
200800008641,8,2,17,2133,5,2,1,1,6,49007,M,,,49
200800008642,8,2,19,1502,1,2,2,1,3,49007,M,,,49
200800008643,8,2,21,725,5,2,1,1,3,49007,M,,,49
200800008644,8,2,21,1905,5,2,1,1,3,49007,M,,,49
200800008645,8,2,22,1525,1,2,1,1,6,49007,M,,,49
200800008646,8,2,23,30,5,2,1,1,2,49353,M,,,49
200800008647,8,2,24,2310,5,2,1,1,6,49007,M,,,49
200800008648,8,2,25,2028,5,2,1,1,7,49007,M,,,49
200800008649,8,2,26,1720,1,2,1,1,5,49007,M,,,49
200800008650,8,2,27,2215,5,2,1,1,2,49007,M,,,49
200800008651,8,2,28,1354,1,2,1,1,2,49353,M,,,49
200800008652,8,2,28,1815,1,2,3,1,3,49007,M,,,49
200800008653,8,2,1,1220,1,2,1,1,3,49099,M,,,49
200800008654,8,2,2,1015,1,2,1,1,6,49099,M,,,49
200800008655,8,2,2,1641,1,2,2,1,3,49099,M,,,49
200800008656,8,2,3,1355,1,2,1,1,6,49099,M,,,49
200800008657,8,2,6,1150,1,2,1,1,4,49099,M,,,49
200800008658,8,2,6,1220,1,2,3,1,3,49099,M,,,49
200800008659,8,2,6,1630,1,2,2,1,3,49099,M,,,49
200800008660,8,2,7,1636,1,2,1,1,4,49099,M,,,49
200800008661,8,2,11,1730,1,2,3,1,3,49099,M,,,49
200800008662,8,2,12,1435,1,2,1,1,3,49099,M,,,49
200800008663,8,2,15,2010,3,1,1,1,1,49099,M,,,49
200800008664,8,2,18,1305,1,1,1,1,1,49099,M,,,49
200800008665,8,2,23,1205,1,2,7,1,3,49099,M,,,49
200800008666,8,2,28,724,1,2,3,1,3,49099,M,,,49
200800008667,8,2,18,1715,1,2,3,1,3,49328,M,,,49
200800008668,8,2,1,925,1,2,1,1,2,50203,M,,,50
200800008669,8,2,4,800,5,2,4,2,1,50129,M,,,50
200800008670,8,2,5,1820,5,2,2,2,1,50602,M,,,50
200800008671,8,2,7,2107,5,2,1,1,7,50173,M,,,50
200800008672,8,2,8,900,1,2,2,1,3,50129,M,,,50
200800008673,8,2,8,1815,1,2,1,1,7,50129,M,,,50
200800008674,8,2,9,2100,5,2,1,1,2,50173,M,,,50
200800008675,8,2,11,1720,1,2,1,1,2,50129,M,,,50
200800008676,8,2,13,1535,1,2,1,1,3,50129,M,,,50
200800008677,8,2,14,1625,1,2,2,1,7,50129,M,,,50
200800008678,8,2,15,2230,5,2,1,1,7,50173,M,,,50
200800008679,8,2,18,1815,1,2,1,1,2,50129,M,,,50
200800008680,8,2,19,955,1,2,1,1,6,50129,M,,,50
200800008681,8,2,21,720,2,2,2,1,5,50129,M,,,50
200800008682,8,2,21,1315,1,2,1,1,6,50129,M,,,50
200800008683,8,2,23,1100,1,2,1,1,1,50173,M,,,50
200800008684,8,2,25,725,2,2,3,1,3,50602,M,,,50
200800008685,8,2,25,1740,1,2,2,1,3,50129,M,,,50
200800008686,8,2,26,1805,1,2,1,1,6,50602,M,,,50
200800008687,8,2,28,1300,1,2,3,2,3,50129,M,,,50
200800008688,8,2,13,1750,1,2,1,1,6,50147,M,,,50
200800008689,8,2,16,1240,1,2,3,1,6,50147,M,,,50
200800008690,8,2,17,2013,3,1,1,1,6,50147,M,,,50
200800008691,8,2,24,940,1,2,1,1,6,50147,M,,,50
200800008692,8,2,5,2058,3,1,9,1,2,50218,M,,,50
200800008693,8,2,8,1635,1,2,1,1,2,50218,M,,,50
200800008694,8,2,6,2050,5,2,2,1,3,51108,M,,,51
200800008695,8,2,24,205,5,1,1,1,2,51506,M,,,51
200800008696,8,2,26,920,1,1,1,8,5,51525,M,,,51
200800008697,8,2,1,2155,5,2,1,8,6,51030,M,,,51