Num_Acc,an,mois,jour,hrmn,lum,agg,int,atm,col,com,gps,lat,long,dep
200800008698,8,2,24,1635,1,1,1,1,1,51344,M,,,51
200800008699,8,2,2,1120,1,2,1,1,4,51454,M,,,51
200800008700,8,2,1,2010,5,2,1,1,6,51454,M,,,51
200800008701,8,2,7,1655,1,2,1,1,2,51454,M,,,51
200800008702,8,2,10,2300,5,2,2,1,3,51454,M,,,51
200800008703,8,2,11,1720,1,2,1,1,1,51454,M,,,51
200800008704,8,2,12,1405,1,2,2,1,3,51454,M,,,51
200800008705,8,2,14,1350,1,2,3,1,3,51454,M,,,51
200800008706,8,2,16,510,5,2,1,1,1,51172,M,,,51
200800008707,8,2,18,1815,5,2,1,1,6,51454,M,,,51
200800008708,8,2,26,1720,1,2,1,2,6,51454,M,,,51
200800008709,8,2,1,1332,1,2,3,8,6,52121,M,,,52
200800008710,8,2,12,1015,1,1,3,1,2,52121,M,,,52
200800008711,8,2,29,800,1,2,1,1,6,52121,M,,,52
200800008712,8,2,29,1555,1,2,1,2,2,52121,M,,,52
200800008713,8,2,2,1155,1,1,3,1,3,52121,M,,,52
200800008714,8,2,19,1650,1,1,8,1,7,52534,M,,,52
200800008715,8,2,24,525,5,2,6,1,7,52448,M,,,52
200800008716,8,2,25,2020,5,2,1,2,6,52448,M,,,52
200800008717,8,2,2,1140,1,2,1,1,6,53130,M,,,53
200800008718,8,2,8,1325,1,2,1,1,6,53130,M,,,53
200800008719,8,2,21,830,2,2,2,5,1,53130,M,,,53
200800008720,8,2,1,1630,1,2,3,4,6,54099,M,,,54
200800008721,8,2,16,1100,1,2,1,1,6,54273,M,,,54
200800008722,8,2,29,650,2,1,1,2,1,54051,M,,,54
200800008723,8,2,29,1030,1,2,1,1,6,54159,M,,,54
200800008724,8,2,5,1815,5,2,1,3,6,54323,M,,,54
200800008725,8,2,1,1440,1,2,1,1,6,54395,M,,,54
200800008726,8,2,1,730,2,2,3,2,3,54184,M,,,54
200800008727,8,2,1,1945,5,1,1,4,6,54184,M,,,54
200800008728,8,2,5,745,2,2,1,1,7,54395,M,,,54
200800008729,8,2,6,2010,5,2,1,1,6,54482,M,,,54
200800008730,8,2,7,1130,1,2,1,1,2,54547,M,,,54
200800008731,8,2,8,1010,1,2,3,1,2,54395,M,,,54
200800008732,8,2,9,1745,1,2,1,1,6,54547,M,,,54
200800008733,8,2,10,1510,1,2,3,1,2,54304,M,,,54
200800008734,8,2,11,750,1,2,2,1,6,54395,M,,,54
200800008735,8,2,11,1405,1,2,5,1,3,54304,M,,,54
200800008736,8,2,12,823,1,2,2,1,6,54257,M,,,54
200800008737,8,2,12,1610,1,2,1,1,6,54547,M,,,54
200800008738,8,2,15,1655,1,1,3,1,3,54328,M,,,54
200800008739,8,2,15,1820,5,2,2,1,6,54578,M,,,54
200800008740,8,2,19,1410,1,2,3,1,6,54257,M,,,54
200800008741,8,2,20,1910,5,2,2,1,3,54482,M,,,54
200800008742,8,2,20,2055,5,2,1,2,3,54395,M,,,54
200800008743,8,2,24,1500,1,2,2,1,3,54578,M,,,54
200800008744,8,2,25,1930,2,2,1,1,6,54395,M,,,54
200800008745,8,2,27,820,1,2,2,1,6,54395,M,,,54
200800008746,8,2,27,1430,1,2,2,1,2,54526,M,,,54
200800008747,8,2,29,1545,1,2,3,1,6,54482,M,,,54
200800008748,8,2,29,205,5,2,2,2,3,54395,M,,,54
200800008749,8,2,29,930,1,2,1,2,3,54395,M,,,54
200800008750,8,2,29,1205,1,2,2,2,6,54395,M,,,54
200800008751,8,2,6,2110,5,2,3,2,3,54332,M,,,54
200800008752,8,2,1,745,1,2,1,4,6,54528,M,,,54
200800008753,8,2,3,1520,1,2,1,1,2,54528,M,,,54
200800008754,8,2,2,1710,1,2,1,1,5,54167,M,,,54
200800008755,8,2,8,1625,1,2,1,7,6,54528,M,,,54
200800008756,8,2,17,1545,1,2,3,1,3,54528,M,,,54
200800008757,8,2,19,1725,2,2,1,1,6,54174,M,,,54
200800008758,8,2,14,1410,1,1,2,7,3,54096,M,,,54
200800008759,8,2,8,2105,5,2,3,1,3,55029,M,,,55
200800008760,8,2,23,400,4,2,1,1,6,55476,M,,,55
200800008761,8,2,28,2010,5,2,1,3,7,55029,M,,,55
200800008762,8,2,1,730,5,2,1,3,7,56162,M,,,56
200800008763,8,2,2,340,5,2,1,1,7,56121,M,,,56
200800008764,8,2,2,1435,1,2,6,1,3,56121,M,,,56
200800008765,8,2,2,1800,1,1,1,1,7,56162,M,,,56
200800008766,8,2,2,1500,1,2,1,1,7,56121,M,,,56
200800008767,8,2,5,1231,1,2,4,1,7,56121,M,,,56
200800008768,8,2,5,1355,1,2,1,1,6,56121,M,,,56
200800008769,8,2,6,811,2,2,6,1,6,56098,M,,,56
200800008770,8,2,7,1414,1,2,1,1,7,56121,M,,,56
200800008771,8,2,8,1949,5,2,1,1,3,56121,M,,,56
200800008772,8,2,9,901,1,2,1,1,2,56083,M,,,56
200800008773,8,2,10,40,5,2,1,1,6,56121,M,,,56
200800008774,8,2,12,930,1,1,1,1,1,56098,M,,,56
200800008775,8,2,12,955,1,2,1,1,6,56121,M,,,56
200800008776,8,2,13,958,1,2,1,1,3,56098,M,,,56
200800008777,8,2,13,1905,5,2,2,1,3,56107,M,,,56
200800008778,8,2,14,1203,1,2,1,1,2,56083,M,,,56
200800008779,8,2,15,1919,5,2,2,1,3,56121,M,,,56
200800008780,8,2,19,1800,1,2,1,1,6,56098,M,,,56
200800008781,8,2,19,1818,2,2,1,1,6,56121,M,,,56
200800008782,8,2,21,1610,1,2,3,1,1,56083,M,,,56
200800008783,8,2,22,1515,1,2,1,1,6,56162,M,,,56
200800008784,8,2,24,1900,2,2,1,1,5,56121,M,,,56
200800008785,8,2,25,1825,2,2,6,1,3,56121,M,,,56
200800008786,8,2,26,2315,5,2,2,1,2,56107,M,,,56
200800008787,8,2,9,1045,1,2,7,1,6,56260,M,,,56
200800008788,8,2,13,1755,1,2,1,1,3,56260,M,,,56
200800008789,8,2,13,740,5,2,1,1,6,56260,M,,,56
200800008790,8,2,24,1620,1,2,1,1,7,56260,M,,,56
200800008791,8,2,7,1310,1,2,1,1,3,56260,M,,,56
200800008792,8,2,11,1850,2,1,3,1,3,56260,M,,,56
200800008793,8,2,16,1200,1,2,6,1,3,56260,M,,,56
200800008794,8,2,28,900,1,2,1,8,2,56260,M,,,56
200800008795,8,2,1,800,2,2,9,2,6,57227,M,,,57
200800008796,8,2,10,1000,1,2,1,1,1,57660,M,,,57
200800008797,8,2,22,430,3,1,1,1,6,57227,M,,,57
200800008798,8,2,24,1645,1,2,1,1,1,57227,M,,,57
200800008799,8,2,15,1140,1,2,2,1,3,57332,M,,,57
200800008800,8,2,12,1055,1,1,1,7,6,57143,M,,,57
200800008801,8,2,5,2045,5,2,1,2,6,57253,M,,,57
200800008802,8,2,22,2230,3,1,1,1,6,57019,M,,,57
200800008803,8,2,2,1620,1,1,1,1,7,57019,M,,,57
200800008804,8,2,2,1100,1,2,1,1,2,57253,M,,,57
200800008805,8,2,1,900,1,2,1,3,3,57591,M,,,57
200800008806,8,2,11,1445,1,2,1,1,7,57591,M,,,57
200800008807,8,2,18,2005,5,2,1,1,6,57591,M,,,57
200800008808,8,2,1,1825,5,2,1,4,6,57751,M,,,57
200800008809,8,2,1,2025,5,2,1,4,6,57463,M,,,57
200800008810,8,2,5,800,1,2,1,8,6,57463,M,,,57
200800008811,8,2,5,1820,5,2,3,8,3,57463,M,,,57
200800008812,8,2,6,1155,1,2,1,1,6,57751,M,,,57
200800008813,8,2,8,1355,1,2,2,1,1,57463,M,,,57
200800008814,8,2,8,1528,1,2,1,1,6,57463,M,,,57
200800008815,8,2,9,2020,5,2,2,1,3,57049,M,,,57
200800008816,8,2,12,745,1,2,1,1,5,57463,M,,,57
200800008817,8,2,12,750,1,2,1,1,3,57463,M,,,57
200800008818,8,2,16,1700,1,2,1,1,2,57463,M,,,57
200800008819,8,2,16,1845,3,2,1,1,1,57463,M,,,57
200800008820,8,2,18,1115,1,2,1,1,6,57463,M,,,57
200800008821,8,2,19,705,2,2,2,1,3,57412,M,,,57
200800008822,8,2,19,740,1,2,4,1,3,57463,M,,,57
200800008823,8,2,26,135,5,2,1,1,6,57480,M,,,57
200800008824,8,2,28,1615,1,2,1,1,7,57463,M,,,57
200800008825,8,2,15,1630,1,1,1,1,3,57631,M,,,57
200800008826,8,2,25,2330,5,2,3,1,3,57631,M,,,57
200800008827,8,2,1,2000,5,2,1,2,3,57757,M,,,57
200800008828,8,2,1,925,1,2,1,2,6,57672,M,,,57
200800008829,8,2,4,1340,1,2,1,8,3,57672,M,,,57
200800008830,8,2,6,1350,1,2,1,1,6,57672,M,,,57
200800008831,8,2,8,1920,3,1,1,8,1,57672,M,,,57
200800008832,8,2,10,1915,5,2,2,1,3,57508,M,,,57
200800008833,8,2,18,835,1,2,1,1,2,57757,M,,,57
200800008834,8,2,18,1515,1,2,1,7,2,57672,M,,,57
200800008835,8,2,9,1545,1,2,1,1,3,57368,M,,,57
200800008836,8,2,15,2110,3,1,1,1,3,57306,M,,,57
200800008837,8,2,29,2000,5,2,1,3,6,57672,M,,,57
200800008838,8,2,23,640,2,1,1,2,7,57221,M,,,57
200800008839,8,2,28,2020,5,2,1,3,6,57012,M,,,57
200800008840,8,2,27,945,1,2,1,1,7,58194,M,,,58
200800008841,8,2,28,1645,1,2,1,1,7,58194,M,,,58
200800008842,8,2,3,515,5,2,2,1,6,58194,M,,,58
200800008843,8,2,2,1705,1,2,2,1,3,58194,M,,,58
200800008844,8,2,9,1115,1,2,3,1,3,58194,M,,,58
200800008845,8,2,12,1055,1,2,1,1,3,58194,M,,,58
200800008846,8,2,26,1705,1,2,1,2,7,58194,M,,,58
200800008847,8,2,27,1305,1,2,2,1,1,58194,M,,,58
200800008848,8,2,6,805,1,2,1,2,1,59431,M,,,59
200800008849,8,2,4,710,2,2,2,2,6,59017,M,,,59
200800008850,8,2,10,1400,1,1,2,1,3,59317,M,,,59
200800008851,8,2,16,1115,1,2,5,1,6,59017,M,,,59
200800008852,8,2,23,1435,1,2,3,1,3,59017,M,,,59
200800008853,8,2,28,1820,3,2,3,3,3,59143,M,,,59
200800008854,8,2,7,1755,2,2,6,1,3,59143,M,,,59
200800008855,8,2,24,1500,1,2,1,1,3,59467,M,,,59
200800008856,8,2,29,5,5,2,1,2,6,59043,M,,,59
200800008857,8,2,9,1825,4,2,1,1,7,59153,M,,,59
200800008858,8,2,24,1320,1,2,2,1,3,59153,M,,,59
200800008859,8,2,16,100,5,2,1,1,6,59239,M,,,59
200800008860,8,2,12,1515,1,2,1,1,6,59165,M,,,59
200800008861,8,2,27,1320,1,2,1,8,6,59327,M,,,59
200800008862,8,2,2,425,5,2,1,6,6,59183,M,,,59
200800008863,8,2,2,1545,1,2,2,1,3,59183,M,,,59
200800008864,8,2,5,2210,5,1,1,1,2,59183,M,,,59
200800008865,8,2,6,1650,1,2,2,1,7,59183,M,,,59
200800008866,8,2,5,10,5,2,1,1,6,59155,M,,,59
200800008867,8,2,8,915,3,2,1,1,6,59540,M,,,59
200800008868,8,2,9,1810,5,2,1,1,3,59271,M,,,59
200800008869,8,2,22,1405,1,2,2,1,3,59183,M,,,59
200800008870,8,2,1,1630,1,2,1,1,3,59183,M,,,59
200800008871,8,2,28,1255,1,2,1,2,6,59183,M,,,59
200800008872,8,2,20,1640,1,2,1,1,6,59272,M,,,59
200800008873,8,2,23,1905,3,1,1,1,1,59295,M,,,59
200800008874,8,2,20,1330,1,2,1,2,3,59104,M,,,59
200800008875,8,2,1,1615,1,1,1,1,2,59368,M,,,59
200800008876,8,2,2,1655,1,2,2,1,6,59378,M,,,59
200800008877,8,2,3,1330,1,2,1,1,6,59009,M,,,59
200800008878,8,2,4,820,1,2,2,2,6,59009,M,,,59
200800008879,8,2,4,1530,1,2,2,1,6,59220,M,,,59
200800008880,8,2,4,600,2,2,1,9,4,59648,M,,,59
200800008881,8,2,4,1845,5,2,2,1,3,59368,M,,,59
200800008882,8,2,5,1730,2,2,1,2,3,59378,M,,,59
200800008883,8,2,6,645,5,2,3,1,3,59360,M,,,59
200800008884,8,2,6,1210,1,2,1,1,6,59378,M,,,59
200800008885,8,2,7,1101,1,2,3,1,6,59009,M,,,59
200800008886,8,2,6,1835,5,2,1,1,6,59343,M,,,59
200800008887,8,2,7,1415,1,1,1,1,6,59328,M,,,59
200800008888,8,2,8,1801,1,2,4,1,6,59368,M,,,59
200800008889,8,2,8,1800,5,2,1,1,6,59507,M,,,59
200800008890,8,2,8,1900,4,2,3,1,3,59350,M,,,59
200800008891,8,2,9,210,5,2,1,1,6,59009,M,,,59
200800008892,8,2,9,1200,1,2,1,1,6,59350,M,,,59
200800008893,8,2,10,1930,5,2,2,1,3,59648,M,,,59
200800008894,8,2,11,2225,5,2,1,1,6,59350,M,,,59
200800008895,8,2,11,1545,1,2,3,1,3,59009,M,,,59
200800008896,8,2,12,1500,1,2,2,1,5,59350,M,,,59
200800008897,8,2,12,1810,2,2,1,1,6,59350,M,,,59
200800008898,8,2,5,1745,5,2,2,1,3,59350,M,,,59
200800008899,8,2,13,850,1,2,1,1,6,59527,M,,,59
200800008900,8,2,14,910,1,1,1,1,2,59350,M,,,59
200800008901,8,2,14,2125,5,2,1,1,6,59009,M,,,59
200800008902,8,2,15,1620,1,2,2,1,6,59350,M,,,59
200800008903,8,2,16,910,1,2,2,1,6,59560,M,,,59
200800008904,8,2,16,1140,1,2,2,1,3,59009,M,,,59
200800008905,8,2,16,1800,5,2,1,1,6,59009,M,,,59
200800008906,8,2,17,1630,1,2,1,1,2,59350,M,,,59
200800008907,8,2,18,740,1,2,1,1,6,59378,M,,,59
200800008908,8,2,19,1030,1,2,1,1,7,59196,M,,,59
200800008909,8,2,18,1900,2,2,2,1,3,59507,M,,,59
200800008910,8,2,19,1515,1,2,1,1,3,59507,M,,,59
200800008911,8,2,20,1045,1,2,1,1,6,59378,M,,,59
200800008912,8,2,20,1810,4,2,2,1,6,59507,M,,,59
200800008913,8,2,21,1330,1,2,1,1,6,59378,M,,,59
200800008914,8,2,21,1355,1,2,2,8,6,59350,M,,,59
200800008915,8,2,22,1310,1,2,1,1,6,59378,M,,,59
200800008916,8,2,17,1640,1,2,1,1,6,59286,M,,,59
200800008917,8,2,22,855,1,2,1,1,2,59350,M,,,59
200800008918,8,2,25,740,1,2,1,1,6,59350,M,,,59
200800008919,8,2,25,1315,1,2,3,1,6,59360,M,,,59
200800008920,8,2,26,710,2,2,1,2,2,59009,M,,,59
200800008921,8,2,26,1225,1,1,1,2,6,59009,M,,,59
200800008922,8,2,26,730,1,2,1,2,6,59350,M,,,59
200800008923,8,2,26,1420,1,2,2,1,3,59360,M,,,59
200800008924,8,2,26,1645,1,2,1,1,2,59328,M,,,59
200800008925,8,2,26,1650,1,2,4,1,6,59350,M,,,59
200800008926,8,2,15,1630,1,2,1,1,1,59328,M,,,59
200800008927,8,2,27,945,1,2,1,1,6,59009,M,,,59
200800008928,8,2,27,1610,1,2,3,1,6,59350,M,,,59
200800008929,8,2,28,950,1,2,1,1,6,59009,M,,,59
200800008930,8,2,28,1315,1,2,1,1,3,59350,M,,,59
200800008931,8,2,28,1640,1,2,1,2,6,59350,M,,,59
200800008932,8,2,29,1735,1,2,1,1,6,59378,M,,,59
200800008933,8,2,15,830,2,2,2,1,3,59648,M,,,59
200800008934,8,2,29,730,1,2,2,1,3,59350,M,,,59
200800008935,8,2,17,1745,1,2,3,1,3,59021,M,,,59
200800008936,8,2,19,1720,1,2,3,1,3,59291,M,,,59
200800008937,8,2,28,2055,5,2,1,3,6,59291,M,,,59
200800008938,8,2,1,735,2,2,1,2,7,59392,M,,,59
200800008939,8,2,7,2020,1,2,1,1,5,59543,M,,,59
200800008940,8,2,1,1950,5,1,1,1,6,59646,M,,,59
200800008941,8,2,5,1205,1,2,2,3,3,59512,M,,,59
200800008942,8,2,2,1200,1,1,3,1,4,59512,M,,,59
200800008943,8,2,1,839,1,2,2,1,6,59512,M,,,59
200800008944,8,2,1,755,5,1,2,8,6,59646,M,,,59
200800008945,8,2,11,1218,1,1,2,1,3,59650,M,,,59
200800008946,8,2,9,2130,5,1,2,1,2,59512,M,,,59
200800008947,8,2,11,1835,1,1,3,1,5,59512,M,,,59
200800008948,8,2,11,1310,1,1,1,1,6,59650,M,,,59
200800008949,8,2,13,900,1,2,3,1,3,59299,M,,,59
200800008950,8,2,15,1630,1,2,3,1,6,59512,M,,,59
200800008951,8,2,17,1645,1,1,2,1,6,59650,M,,,59
200800008952,8,2,19,705,5,1,3,1,3,59299,M,,,59
200800008953,8,2,23,1315,1,2,2,1,6,59646,M,,,59
200800008954,8,2,22,100,5,1,2,1,6,59650,M,,,59
200800008955,8,2,22,2125,5,1,2,1,3,59512,M,,,59
200800008956,8,2,22,1740,1,1,1,1,3,59299,M,,,59
200800008957,8,2,23,1525,1,1,1,1,6,59512,M,,,59
200800008958,8,2,7,1430,1,2,1,1,6,59512,M,,,59
200800008959,8,2,28,1935,5,1,1,1,3,59512,M,,,59
200800008960,8,2,26,1700,1,1,1,1,3,59512,M,,,59
200800008961,8,2,28,2040,5,1,1,2,6,59512,M,,,59
200800008962,8,2,29,1950,5,1,2,3,3,59650,M,,,59
200800008963,8,2,4,1225,1,2,2,1,3,59574,M,,,59
200800008964,8,2,23,125,5,2,3,1,6,59501,M,,,59
200800008965,8,2,1,1325,1,2,1,1,3,59599,M,,,59
200800008966,8,2,3,1350,1,2,1,1,1,59508,M,,,59
200800008967,8,2,5,745,2,2,3,2,1,59599,M,,,59
200800008968,8,2,10,1450,1,2,1,1,2,59599,M,,,59
200800008969,8,2,16,1030,1,2,1,1,6,59421,M,,,59
200800008970,8,2,17,1755,2,2,1,7,1,59599,M,,,59
200800008971,8,2,25,1830,1,2,1,1,6,59599,M,,,59
200800008972,8,2,27,1215,1,2,1,1,6,59599,M,,,59
200800008973,8,2,27,1900,5,2,1,1,2,59352,M,,,59
200800008974,8,2,28,1620,1,2,2,2,3,59599,M,,,59
200800008975,8,2,1,2310,5,2,1,1,6,59112,M,,,59
200800008976,8,2,5,2120,5,2,1,6,3,59459,M,,,59
200800008977,8,2,10,445,3,1,1,1,6,59544,M,,,59
200800008978,8,2,11,1535,1,2,1,1,4,59112,M,,,59
200800008979,8,2,13,720,2,2,1,1,6,59564,M,,,59
200800008980,8,2,5,800,1,2,3,2,3,59014,M,,,59
200800008981,8,2,26,1400,1,2,3,3,6,59544,M,,,59
200800008982,8,2,1,1555,1,1,1,1,2,59447,M,,,59
200800008983,8,2,23,2100,5,2,2,1,2,59606,M,,,59
200800008984,8,2,18,1525,1,2,1,1,6,59606,M,,,59
200800008985,8,2,6,1140,1,2,1,1,3,59014,M,,,59
200800008986,8,2,10,1710,1,2,1,1,6,60057,M,,,60
200800008987,8,2,9,1610,1,2,1,1,6,60057,M,,,60
200800008988,8,2,13,850,1,2,1,1,6,60057,M,,,60
200800008989,8,2,15,2315,4,2,1,1,6,60057,M,,,60
200800008990,8,2,16,950,1,2,1,1,6,60057,M,,,60
200800008991,8,2,24,1700,1,2,2,1,3,60057,M,,,60
200800008992,8,2,16,2000,3,2,1,1,2,60057,M,,,60
200800008993,8,2,16,945,1,2,1,1,6,60159,M,,,60
200800008994,8,2,1,900,1,1,3,1,3,61001,M,,,61
200800008995,8,2,7,1540,1,1,1,1,6,61497,M,,,61
200800008996,8,2,10,2100,5,2,1,1,6,61397,M,,,61
200800008997,8,2,10,915,1,1,1,1,6,61001,M,,,61
200800008998,8,2,27,920,1,1,1,2,6,61397,M,,,61
200800008999,8,2,9,1750,1,2,1,1,7,61169,M,,,61
200800009000,8,2,9,2020,5,2,1,1,6,62099,M,,,62
200800009001,8,2,16,1110,1,2,2,1,3,62041,M,,,62
200800009002,8,2,19,1110,1,2,3,1,1,62048,M,,,62
200800009003,8,2,7,1600,1,2,1,1,7,62570,M,,,62
200800009004,8,2,14,1420,1,1,1,1,3,62065,M,,,62
200800009005,8,2,28,1655,1,1,1,3,2,62570,M,,,62
200800009006,8,2,6,2000,5,2,2,1,6,62108,M,,,62
200800009007,8,2,12,940,1,2,1,1,3,62688,M,,,62
200800009008,8,2,9,605,5,2,2,1,6,62119,M,,,62
200800009009,8,2,11,1350,1,2,2,1,3,62119,M,,,62
200800009010,8,2,9,1100,1,2,1,7,7,62160,M,,,62
200800009011,8,2,12,1600,1,1,1,7,3,62758,M,,,62
200800009012,8,2,19,2350,5,2,1,1,6,62755,M,,,62
200800009013,8,2,8,1925,5,2,3,1,3,62758,M,,,62
200800009014,8,2,28,1215,1,2,1,1,5,62160,M,,,62
200800009015,8,2,9,240,5,2,2,1,6,62178,M,,,62
200800009016,8,2,23,20,5,2,1,1,6,62457,M,,,62
200800009017,8,2,26,1630,1,2,1,1,6,62193,M,,,62
200800009018,8,2,9,825,2,1,3,1,3,62907,M,,,62
200800009019,8,2,24,445,5,2,1,1,6,62637,M,,,62
200800009020,8,2,24,1225,1,2,1,1,2,62413,M,,,62
200800009021,8,2,3,945,1,1,1,1,3,62587,M,,,62
200800009022,8,2,1,1710,1,2,1,1,6,62321,M,,,62
200800009023,8,2,2,2310,5,2,1,2,3,62427,M,,,62
200800009024,8,2,9,1815,1,2,1,1,3,62351,M,,,62
200800009025,8,2,1,1800,1,1,3,1,3,62427,M,,,62
200800009026,8,2,25,1100,1,2,8,1,6,62274,M,,,62
200800009027,8,2,27,2255,5,2,1,1,6,62427,M,,,62
200800009028,8,2,8,1355,1,2,2,1,3,62427,M,,,62
200800009029,8,2,6,1230,1,2,2,1,3,62498,M,,,62
200800009030,8,2,7,1120,1,2,1,1,6,62498,M,,,62
200800009031,8,2,8,1715,1,2,1,1,6,62498,M,,,62
200800009032,8,2,28,1725,1,2,1,1,6,62218,M,,,62
200800009033,8,2,5,745,2,2,3,2,3,62555,M,,,62
200800009034,8,2,1,745,2,2,1,1,3,63113,M,,,63
200800009035,8,2,1,1850,5,2,2,1,6,63113,M,,,63
200800009036,8,2,4,1020,1,2,1,1,6,63113,M,,,63
200800009037,8,2,4,2030,5,2,1,1,3,63113,M,,,63
200800009038,8,2,4,615,2,2,1,1,6,63113,M,,,63
200800009039,8,2,5,1830,5,2,2,1,3,63113,M,,,63
200800009040,8,2,6,805,1,2,5,1,7,63032,M,,,63
200800009041,8,2,6,1805,5,2,1,1,6,63113,M,,,63
200800009042,8,2,6,1830,5,2,1,1,6,63113,M,,,63
200800009043,8,2,8,1110,1,2,3,1,6,63075,M,,,63
200800009044,8,2,9,1340,1,2,2,1,3,63113,M,,,63
200800009045,8,2,9,2055,5,2,1,1,6,63113,M,,,63
200800009046,8,2,9,2100,5,2,1,1,6,63032,M,,,63
200800009047,8,2,11,1100,1,2,1,1,3,63113,M,,,63
200800009048,8,2,12,1600,1,2,1,1,3,63113,M,,,63
200800009049,8,2,12,2030,5,2,1,1,4,63113,M,,,63
200800009050,8,2,14,2110,5,2,1,1,6,63113,M,,,63
200800009051,8,2,15,1515,1,2,1,1,6,63113,M,,,63
200800009052,8,2,16,1300,1,2,1,1,3,63113,M,,,63
200800009053,8,2,18,1200,1,2,1,1,6,63113,M,,,63
200800009054,8,2,18,1325,1,2,1,1,6,63113,M,,,63
200800009055,8,2,18,1755,1,2,1,1,6,63113,M,,,63
200800009056,8,2,18,1800,1,2,1,1,6,63113,M,,,63
200800009057,8,2,19,1950,5,2,3,1,1,63113,M,,,63
200800009058,8,2,21,840,1,2,1,1,3,63113,M,,,63
200800009059,8,2,21,900,1,2,1,2,6,63113,M,,,63
200800009060,8,2,22,1440,1,2,1,1,6,63113,M,,,63
200800009061,8,2,22,1530,1,2,1,1,2,63113,M,,,63
200800009062,8,2,23,1535,1,2,3,1,6,63113,M,,,63
200800009063,8,2,24,30,5,2,1,1,2,63014,M,,,63
200800009064,8,2,26,1205,1,2,1,1,6,63113,M,,,63
200800009065,8,2,26,1640,1,2,1,2,6,63113,M,,,63
200800009066,8,2,28,1445,1,2,1,1,6,63113,M,,,63
200800009067,8,2,28,1605,1,2,1,1,6,63032,M,,,63
200800009068,8,2,28,2250,5,1,1,1,3,63113,M,,,63
200800009069,8,2,29,2045,3,2,1,1,6,63113,M,,,63
200800009070,8,2,5,1825,1,2,9,1,6,63063,M,,,63
200800009071,8,2,8,1840,3,1,3,1,3,63164,M,,,63
200800009072,8,2,10,405,5,2,1,1,7,64102,M,,,64
200800009073,8,2,11,1458,1,2,3,1,3,64102,M,,,64
200800009074,8,2,12,1406,1,2,6,1,7,64102,M,,,64
200800009075,8,2,13,1225,1,2,1,1,7,64102,M,,,64
200800009076,8,2,18,750,2,2,3,1,3,64102,M,,,64
200800009077,8,2,18,1614,1,2,1,1,6,64024,M,,,64
200800009078,8,2,18,1955,5,2,4,1,3,64024,M,,,64
200800009079,8,2,20,1515,1,2,1,1,3,64024,M,,,64
200800009080,8,2,23,1351,1,2,6,1,3,64102,M,,,64
200800009081,8,2,24,230,5,2,1,1,7,64140,M,,,64
200800009082,8,2,1,2050,5,2,1,1,7,64122,M,,,64
200800009083,8,2,6,1645,1,2,1,1,7,64122,M,,,64
200800009084,8,2,6,1840,5,2,1,1,5,64125,M,,,64
200800009085,8,2,13,2304,5,2,3,1,3,64122,M,,,64
200800009086,8,2,16,1725,1,2,1,1,3,64122,M,,,64
200800009087,8,2,28,2205,5,2,1,1,3,64122,M,,,64
200800009088,8,2,1,1730,1,2,1,1,3,64445,M,,,64
200800009089,8,2,4,330,5,2,9,8,7,64445,M,,,64
200800009090,8,2,4,2320,5,1,1,1,7,64445,M,,,64
200800009091,8,2,5,1030,1,2,1,1,6,64445,M,,,64
200800009092,8,2,5,1930,5,2,1,1,5,64129,M,,,64
200800009093,8,2,6,55,5,2,2,1,3,64445,M,,,64
200800009094,8,2,7,905,1,2,2,1,1,64445,M,,,64
200800009095,8,2,6,1330,1,2,1,1,6,64445,M,,,64
200800009096,8,2,8,1650,1,2,1,1,6,64132,M,,,64
200800009097,8,2,8,1935,5,2,1,1,3,64445,M,,,64
200800009098,8,2,10,1340,1,2,5,1,3,64373,M,,,64
200800009099,8,2,12,1150,1,2,1,1,6,64445,M,,,64
200800009100,8,2,14,1300,1,2,2,1,1,64445,M,,,64
200800009101,8,2,17,1345,1,2,9,1,2,64445,M,,,64
200800009102,8,2,18,1810,1,2,1,1,3,64445,M,,,64
200800009103,8,2,20,1900,5,2,1,1,3,64445,M,,,64
200800009104,8,2,21,1035,1,2,1,1,6,64445,M,,,64
200800009105,8,2,21,1415,1,2,2,1,5,64445,M,,,64
200800009106,8,2,21,825,1,2,1,1,5,64445,M,,,64
200800009107,8,2,21,1250,1,2,2,1,2,64445,M,,,64
200800009108,8,2,21,1330,1,2,6,1,3,64445,M,,,64
200800009109,8,2,22,1835,2,2,1,1,3,64335,M,,,64
200800009110,8,2,23,135,3,1,1,1,6,64348,M,,,64
200800009111,8,2,23,1040,1,2,2,1,3,64445,M,,,64
200800009112,8,2,23,1620,1,2,1,1,3,64348,M,,,64
200800009113,8,2,23,1555,1,2,1,1,2,64335,M,,,64
200800009114,8,2,24,600,5,2,1,1,2,64445,M,,,64
200800009115,8,2,25,1400,1,2,4,8,2,64445,M,,,64
200800009116,8,2,27,1645,1,2,9,1,6,64445,M,,,64
200800009117,8,2,28,1940,5,2,1,2,6,64445,M,,,64
200800009118,8,2,29,1220,1,2,1,2,2,64445,M,,,64
200800009119,8,2,4,1850,5,2,1,1,3,64260,M,,,64
200800009120,8,2,12,1810,1,2,1,1,2,64260,M,,,64
200800009121,8,2,21,815,1,2,3,1,3,64260,M,,,64
200800009122,8,2,1,800,1,2,1,1,3,64483,M,,,64
200800009123,8,2,8,145,5,2,1,1,6,64483,M,,,64
200800009124,8,2,16,2140,5,2,1,1,7,64483,M,,,64
200800009125,8,2,19,740,2,1,1,1,7,64545,M,,,64
200800009126,8,2,26,1610,1,2,6,2,7,64189,M,,,64
200800009127,8,2,26,1855,2,2,1,2,6,64483,M,,,64