Num_Acc,an,mois,jour,hrmn,lum,agg,int,atm,col,com,gps,lat,long,dep
200800009128,8,2,27,1120,1,2,1,1,6,64483,M,,,64
200800009129,8,2,6,1805,1,2,1,1,3,64260,M,,,64
200800009130,8,2,12,1455,1,2,1,1,3,64260,M,,,64
200800009131,8,2,18,100,5,2,1,1,6,64483,M,,,64
200800009132,8,2,14,1745,1,2,1,1,5,65286,M,,,65
200800009133,8,2,13,1125,1,2,3,1,3,65286,M,,,65
200800009134,8,2,3,1745,1,2,1,1,3,65440,M,,,65
200800009135,8,2,8,1700,1,2,3,1,3,65440,M,,,65
200800009136,8,2,9,1600,1,2,1,1,6,65440,M,,,65
200800009137,8,2,9,1745,1,2,3,1,3,65433,M,,,65
200800009138,8,2,10,2015,5,2,2,1,3,65440,M,,,65
200800009139,8,2,14,1430,1,2,3,1,3,65440,M,,,65
200800009140,8,2,15,650,5,2,2,1,1,65440,M,,,65
200800009141,8,2,15,1410,1,2,1,1,4,65047,M,,,65
200800009142,8,2,17,1000,1,2,2,1,6,65440,M,,,65
200800009143,8,2,22,1525,1,2,1,1,3,65100,M,,,65
200800009144,8,2,23,1750,1,2,1,1,3,65047,M,,,65
200800009145,8,2,4,1700,1,2,1,1,6,66136,M,,,66
200800009146,8,2,18,1350,1,1,1,1,6,66136,M,,,66
200800009147,8,2,19,1035,1,2,1,1,6,66136,M,,,66
200800009148,8,2,26,1215,1,2,1,1,3,66136,M,,,66
200800009149,8,2,5,1530,1,2,1,1,6,67180,M,,,67
200800009150,8,2,1,2110,5,2,1,2,3,67482,M,,,67
200800009151,8,2,1,1618,2,2,1,1,6,67482,M,,,67
200800009152,8,2,2,940,1,2,2,1,3,67482,M,,,67
200800009153,8,2,5,915,1,2,1,1,4,67447,M,,,67
200800009154,8,2,5,1900,5,2,1,2,1,67267,M,,,67
200800009155,8,2,6,845,1,2,2,2,2,67482,M,,,67
200800009156,8,2,6,1938,5,2,1,1,3,67482,M,,,67
200800009157,8,2,8,1215,1,2,4,1,3,67482,M,,,67
200800009158,8,2,8,1320,1,2,2,1,3,67482,M,,,67
200800009159,8,2,8,1500,1,2,1,1,2,67482,M,,,67
200800009160,8,2,8,1740,1,2,1,1,3,67482,M,,,67
200800009161,8,2,9,1315,1,2,1,1,1,67482,M,,,67
200800009162,8,2,9,1835,5,2,1,1,6,67482,M,,,67
200800009163,8,2,10,340,5,2,1,1,2,67482,M,,,67
200800009164,8,2,11,845,1,2,1,1,6,67482,M,,,67
200800009165,8,2,12,1342,1,2,1,1,6,67482,M,,,67
200800009166,8,2,12,1432,1,2,2,1,3,67218,M,,,67
200800009167,8,2,12,1500,1,2,2,1,3,67482,M,,,67
200800009168,8,2,14,1530,1,2,1,1,2,67447,M,,,67
200800009169,8,2,15,2155,5,2,2,1,6,67482,M,,,67
200800009170,8,2,16,250,5,2,1,1,6,67482,M,,,67
200800009171,8,2,16,605,3,2,1,1,6,67482,M,,,67
200800009172,8,2,18,1250,1,2,1,1,1,67267,M,,,67
200800009173,8,2,19,1420,1,2,1,1,3,67482,M,,,67
200800009174,8,2,19,1634,1,2,3,1,6,67482,M,,,67
200800009175,8,2,20,1200,1,2,1,2,2,67218,M,,,67
200800009176,8,2,20,1840,5,2,1,1,6,67482,M,,,67
200800009177,8,2,21,1340,1,2,2,1,3,67482,M,,,67
200800009178,8,2,22,1835,5,2,3,1,6,67482,M,,,67
200800009179,8,2,22,2200,5,2,1,1,1,67482,M,,,67
200800009180,8,2,23,2225,5,2,2,1,3,67365,M,,,67
200800009181,8,2,24,1440,1,2,1,1,6,67365,M,,,67
200800009182,8,2,27,940,1,2,1,1,6,67482,M,,,67
200800009183,8,2,29,835,1,2,1,1,6,67482,M,,,67
200800009184,8,2,29,1600,1,2,2,1,3,67482,M,,,67
200800009185,8,2,2,1506,1,2,2,1,6,68066,M,,,68
200800009186,8,2,8,1428,1,2,1,1,3,68066,M,,,68
200800009187,8,2,16,1447,1,1,1,1,4,68066,M,,,68
200800009188,8,2,24,1350,1,2,2,1,3,68066,M,,,68
200800009189,8,2,25,746,1,2,6,1,2,68066,M,,,68
200800009190,8,2,29,2250,5,2,2,1,5,68066,M,,,68
200800009191,8,2,27,1215,1,1,2,1,3,68066,M,,,68
200800009192,8,2,2,1820,5,2,1,1,6,68112,M,,,68
200800009193,8,2,4,1400,1,2,1,1,6,68224,M,,,68
200800009194,8,2,10,517,4,1,1,1,3,68224,M,,,68
200800009195,8,2,6,1810,5,2,1,2,3,68271,M,,,68
200800009196,8,2,10,1515,1,2,1,1,2,68224,M,,,68
200800009197,8,2,21,1920,4,2,1,1,6,68224,M,,,68
200800009198,8,2,28,1730,1,1,1,1,5,68224,M,,,68
200800009199,8,2,25,925,1,2,1,1,6,68224,M,,,68
200800009200,8,2,26,1415,1,2,1,1,6,68224,M,,,68
200800009201,8,2,26,1003,1,2,6,1,3,68224,M,,,68
200800009202,8,2,15,1100,1,2,2,1,6,68224,M,,,68
200800009203,8,2,2,225,5,2,3,1,1,69029,M,,,69
200800009204,8,2,12,1215,1,2,2,1,3,69029,M,,,69
200800009205,8,2,26,1030,1,2,1,1,6,69029,M,,,69
200800009206,8,2,15,1535,1,2,1,1,6,69034,M,,,69
200800009207,8,2,28,1605,1,2,3,1,6,69034,M,,,69
200800009208,8,2,28,2230,5,2,2,1,6,69034,M,,,69
200800009209,8,2,14,1140,1,2,1,1,6,69142,M,,,69
200800009210,8,2,15,842,2,2,1,1,6,69202,M,,,69
200800009211,8,2,10,1200,1,2,1,1,2,69256,M,,,69
200800009212,8,2,23,1200,1,2,1,1,6,69256,M,,,69
200800009213,8,2,8,1325,1,2,9,1,6,69199,M,,,69
200800009214,8,2,8,1050,1,2,1,1,2,69259,M,,,69
200800009215,8,2,12,950,1,2,3,1,6,69199,M,,,69
200800009216,8,2,13,730,2,2,1,5,3,69259,M,,,69
200800009217,8,2,18,2150,5,2,2,1,3,69259,M,,,69
200800009218,8,2,22,1610,1,2,6,1,3,69259,M,,,69
200800009219,8,2,21,725,2,2,3,2,3,69199,M,,,69
200800009220,8,2,25,1635,1,2,2,1,3,69259,M,,,69
200800009221,8,2,29,1615,1,2,1,1,2,69259,M,,,69
200800009222,8,2,15,1840,5,2,1,1,4,69264,M,,,69
200800009223,8,2,25,1211,1,2,1,1,6,69264,M,,,69
200800009224,8,2,3,1930,5,2,1,1,6,69266,M,,,69
200800009225,8,2,8,1420,1,2,2,1,6,69266,M,,,69
200800009226,8,2,3,925,1,2,1,1,6,69266,M,,,69
200800009227,8,2,6,1305,1,2,3,1,3,69266,M,,,69
200800009228,8,2,8,1640,1,2,1,1,6,69266,M,,,69
200800009229,8,2,11,725,1,2,2,1,6,69266,M,,,69
200800009230,8,2,11,1530,1,2,1,1,6,69266,M,,,69
200800009231,8,2,9,1740,1,2,3,1,6,69266,M,,,69
200800009232,8,2,6,1730,1,2,2,1,3,69266,M,,,69
200800009233,8,2,13,1400,1,2,2,1,6,69266,M,,,69
200800009234,8,2,14,1205,1,2,2,1,2,69266,M,,,69
200800009235,8,2,20,2020,3,2,1,1,6,69266,M,,,69
200800009236,8,2,14,1950,5,2,1,1,6,69266,M,,,69
200800009237,8,2,22,945,1,2,1,1,2,69266,M,,,69
200800009238,8,2,28,1015,1,2,1,1,2,69266,M,,,69
200800009239,8,2,27,1035,1,2,6,1,2,69266,M,,,69
200800009240,8,2,10,1920,5,2,1,1,3,69275,M,,,69
200800009241,8,2,14,1650,1,2,3,1,6,69290,M,,,69
200800009242,8,2,23,1705,1,2,1,1,6,70550,M,,,70
200800009243,8,2,9,1520,1,2,1,1,6,71076,M,,,71
200800009244,8,2,11,1625,1,2,9,1,3,71076,M,,,71
200800009245,8,2,20,1145,1,2,1,1,6,71076,M,,,71
200800009246,8,2,28,1630,1,2,1,1,7,71076,M,,,71
200800009247,8,2,2,1040,1,1,2,1,2,71540,M,,,71
200800009248,8,2,23,1445,1,2,1,1,6,71153,M,,,71
200800009249,8,2,25,1150,1,2,6,1,3,71153,M,,,71
200800009250,8,2,2,1740,1,2,1,1,2,71270,M,,,71
200800009251,8,2,1,2140,5,2,1,2,6,71270,M,,,71
200800009252,8,2,8,1535,1,2,1,1,2,71270,M,,,71
200800009253,8,2,9,445,1,2,1,1,6,71270,M,,,71
200800009254,8,2,15,805,1,2,3,1,3,71497,M,,,71
200800009255,8,2,14,945,1,2,9,1,6,71270,M,,,71
200800009256,8,2,14,1,5,2,1,1,7,71270,M,,,71
200800009257,8,2,22,1630,1,2,1,1,3,71270,M,,,71
200800009258,8,2,23,250,5,2,1,1,6,71270,M,,,71
200800009259,8,2,29,855,1,2,1,8,4,71105,M,,,71
200800009260,8,2,29,720,1,2,1,1,6,71270,M,,,71
200800009261,8,2,28,2040,5,2,1,1,6,71270,M,,,71
200800009262,8,2,18,1430,1,2,2,1,3,71306,M,,,71
200800009263,8,2,18,1600,1,2,2,1,7,71306,M,,,71
200800009264,8,2,1,410,5,2,1,2,6,72181,M,,,72
200800009265,8,2,1,1100,1,2,1,3,3,72181,M,,,72
200800009266,8,2,1,1210,1,2,1,3,3,72181,M,,,72
200800009267,8,2,4,1340,1,2,1,1,2,72181,M,,,72
200800009268,8,2,4,1730,1,2,1,1,6,72181,M,,,72
200800009269,8,2,7,1400,1,2,1,1,2,72181,M,,,72
200800009270,8,2,8,1210,1,2,1,1,6,72181,M,,,72
200800009271,8,2,10,2230,5,2,1,1,6,72181,M,,,72
200800009272,8,2,11,827,1,2,3,1,3,72181,M,,,72
200800009273,8,2,11,1415,1,2,1,1,3,72181,M,,,72
200800009274,8,2,11,1410,1,2,2,1,3,72181,M,,,72
200800009275,8,2,13,1721,1,2,1,1,2,72181,M,,,72
200800009276,8,2,16,1052,1,2,1,1,6,72181,M,,,72
200800009277,8,2,19,1415,1,2,1,1,2,72181,M,,,72
200800009278,8,2,19,1550,1,2,3,1,3,72181,M,,,72
200800009279,8,2,19,2020,1,2,2,2,6,72181,M,,,72
200800009280,8,2,21,1745,1,1,1,1,6,72181,M,,,72
200800009281,8,2,25,1945,2,2,2,1,3,72181,M,,,72
200800009282,8,2,26,1530,1,2,3,2,3,72181,M,,,72
200800009283,8,2,2,2329,4,2,3,1,1,73008,M,,,73
200800009284,8,2,13,1400,1,2,1,1,6,73008,M,,,73
200800009285,8,2,11,1647,1,2,6,1,2,73065,M,,,73
200800009286,8,2,17,1720,1,2,1,1,2,73065,M,,,73
200800009287,8,2,28,44,5,2,1,1,6,73065,M,,,73
200800009288,8,2,13,955,1,2,1,1,6,74010,M,,,74
200800009289,8,2,13,1755,5,2,1,1,6,74010,M,,,74
200800009290,8,2,22,1750,2,2,1,1,6,74010,M,,,74
200800009291,8,2,1,1455,1,2,1,1,6,74012,M,,,74
200800009292,8,2,1,1240,1,2,1,1,6,74218,M,,,74
200800009293,8,2,15,835,1,2,1,1,3,74281,M,,,74
200800009294,8,2,15,2305,5,2,1,1,6,74281,M,,,74
200800009295,8,2,21,1230,1,2,1,1,3,74281,M,,,74
200800009296,8,2,27,1710,1,2,1,1,3,74281,M,,,74
200800009297,8,2,25,1318,1,2,3,1,6,74218,M,,,74
200800009298,8,2,20,1210,1,2,3,1,6,76329,M,,,76
200800009299,8,2,2,1300,1,2,1,8,2,76217,M,,,76
200800009300,8,2,4,1505,1,2,5,1,6,76217,M,,,76
200800009301,8,2,4,1640,1,2,1,1,6,76217,M,,,76
200800009302,8,2,5,1710,1,2,9,1,6,76217,M,,,76
200800009303,8,2,13,2015,5,2,1,1,7,76137,M,,,76
200800009304,8,2,17,1620,1,2,1,1,6,76217,M,,,76
200800009305,8,2,19,1132,1,2,1,1,6,76217,M,,,76
200800009306,8,2,19,1436,1,2,1,1,6,76217,M,,,76
200800009307,8,2,22,450,3,1,1,1,6,76026,M,,,76
200800009308,8,2,8,1830,5,2,1,1,6,76165,M,,,76
200800009309,8,2,9,935,1,2,2,1,3,76640,M,,,76
200800009310,8,2,18,1920,5,2,1,1,1,76705,M,,,76
200800009311,8,2,26,1330,1,2,1,9,2,76165,M,,,76
200800009312,8,2,1,355,5,2,1,2,6,76351,M,,,76
200800009313,8,2,5,735,5,2,1,2,6,76351,M,,,76
200800009314,8,2,7,825,1,2,1,1,6,76351,M,,,76
200800009315,8,2,8,1515,1,2,1,1,6,76351,M,,,76
200800009316,8,2,8,1720,1,1,3,1,6,76447,M,,,76
200800009317,8,2,8,1845,5,2,1,1,6,76351,M,,,76
200800009318,8,2,13,1320,1,2,3,1,3,76351,M,,,76
200800009319,8,2,14,1345,1,2,1,1,6,76351,M,,,76
200800009320,8,2,15,1810,2,2,3,1,6,76305,M,,,76
200800009321,8,2,19,2225,4,1,1,1,6,76351,M,,,76
200800009322,8,2,20,2135,5,2,1,1,6,76351,M,,,76
200800009323,8,2,21,1510,1,2,2,1,6,76351,M,,,76
200800009324,8,2,22,2115,5,2,1,1,7,76351,M,,,76
200800009325,8,2,23,925,1,2,1,1,6,76351,M,,,76
200800009326,8,2,23,1830,5,1,1,1,3,76305,M,,,76
200800009327,8,2,25,820,1,2,3,1,6,76351,M,,,76
200800009328,8,2,28,1010,1,2,6,2,6,76351,M,,,76
200800009329,8,2,17,105,5,2,1,1,6,77108,M,,,77
200800009330,8,2,23,1715,1,2,2,1,1,77479,M,,,77
200800009331,8,2,11,1320,1,2,1,1,2,77307,M,,,77
200800009332,8,2,21,1935,5,1,1,1,3,77018,M,,,77
200800009333,8,2,6,815,1,1,1,8,1,77389,M,,,77
200800009334,8,2,14,805,1,1,1,1,1,77152,M,,,77
200800009335,8,2,8,910,1,2,1,1,2,77226,M,,,77
200800009336,8,2,14,735,1,1,2,1,3,77186,M,,,77
200800009337,8,2,23,510,3,1,6,1,6,77186,M,,,77
200800009338,8,2,26,2025,3,2,1,1,1,77442,M,,,77
200800009339,8,2,8,730,2,2,3,1,3,77085,M,,,77
200800009340,8,2,2,835,1,1,1,8,1,77335,M,,,77
200800009341,8,2,4,1615,1,2,1,8,6,77284,M,,,77
200800009342,8,2,10,2145,5,2,2,8,3,77284,M,,,77
200800009343,8,2,4,1640,1,1,1,1,1,77384,M,,,77
200800009344,8,2,7,1340,1,2,1,1,6,77288,M,,,77
200800009345,8,2,17,105,5,1,1,1,7,77067,M,,,77
200800009346,8,2,28,1945,5,2,1,9,6,77288,M,,,77
200800009347,8,2,6,755,1,2,6,1,6,77053,M,,,77
200800009348,8,2,8,1700,1,2,4,7,3,77122,M,,,77
200800009349,8,2,13,735,2,2,6,1,6,77296,M,,,77
200800009350,8,2,22,2000,5,1,1,1,1,77296,M,,,77
200800009351,8,2,18,650,5,2,6,1,7,77305,M,,,77
200800009352,8,2,8,1715,1,1,1,1,3,77316,M,,,77
200800009353,8,2,13,1255,1,2,1,1,6,77431,M,,,77
200800009354,8,2,21,1745,2,1,2,1,3,77431,M,,,77
200800009355,8,2,9,1738,1,2,1,1,6,77468,M,,,77
200800009356,8,2,13,350,3,2,1,8,6,77083,M,,,77
200800009357,8,2,22,1310,1,2,1,1,6,77379,M,,,77
200800009358,8,2,22,2045,3,1,1,1,6,77379,M,,,77
200800009359,8,2,15,1730,1,2,1,1,3,78126,M,,,78
200800009360,8,2,2,845,1,1,1,9,5,78208,M,,,78
200800009361,8,2,2,1905,5,2,1,1,4,78168,M,,,78
200800009362,8,2,10,1605,1,2,1,1,7,78383,M,,,78
200800009363,8,2,18,1705,1,2,1,1,2,78208,M,,,78
200800009364,8,2,20,1125,1,2,1,2,1,78168,M,,,78
200800009365,8,2,28,1215,1,2,3,2,5,78168,M,,,78
200800009366,8,2,6,1930,5,2,1,1,7,78423,M,,,78
200800009367,8,2,18,820,1,2,3,1,3,78423,M,,,78
200800009368,8,2,22,1830,5,2,2,1,1,78423,M,,,78
200800009369,8,2,26,1600,1,2,6,2,2,78423,M,,,78
200800009370,8,2,29,1635,1,2,1,2,6,78297,M,,,78
200800009371,8,2,29,1920,5,2,1,2,6,78688,M,,,78
200800009372,8,2,5,2205,5,2,3,2,6,78311,M,,,78
200800009373,8,2,6,1745,1,2,1,1,6,78311,M,,,78
200800009374,8,2,17,1910,5,1,1,1,6,78311,M,,,78
200800009375,8,2,20,1300,1,2,2,1,6,78358,M,,,78
200800009376,8,2,24,1745,1,2,2,1,2,78358,M,,,78
200800009377,8,2,1,620,5,2,1,2,3,78362,M,,,78
200800009378,8,2,2,1050,1,2,1,1,6,78361,M,,,78
200800009379,8,2,7,735,1,2,3,1,3,78335,M,,,78
200800009380,8,2,8,1350,1,2,2,1,3,78314,M,,,78
200800009381,8,2,7,1755,1,1,9,1,6,78217,M,,,78
200800009382,8,2,25,2200,5,2,1,1,7,78501,M,,,78
200800009383,8,2,26,810,1,1,6,2,3,78217,M,,,78
200800009384,8,2,26,1745,1,2,3,8,3,78501,M,,,78
200800009385,8,2,28,1655,2,2,1,1,3,78362,M,,,78
200800009386,8,2,29,1435,1,2,1,1,4,78361,M,,,78
200800009387,8,2,1,2012,5,2,1,1,4,78490,M,,,78
200800009388,8,2,6,1105,1,2,1,1,3,78674,M,,,78
200800009389,8,2,8,700,2,1,2,1,3,78490,M,,,78
200800009390,8,2,10,1525,1,2,2,1,1,78165,M,,,78
200800009391,8,2,12,710,2,2,2,1,3,78490,M,,,78
200800009392,8,2,13,720,2,2,6,1,6,78490,M,,,78
200800009393,8,2,13,800,1,1,1,1,2,78490,M,,,78
200800009394,8,2,13,1500,1,2,1,1,7,78490,M,,,78
200800009395,8,2,11,1045,1,2,1,1,4,78490,M,,,78
200800009396,8,2,19,945,1,2,1,1,2,78674,M,,,78
200800009397,8,2,23,2120,5,2,1,1,7,78165,M,,,78
200800009398,8,2,24,1045,1,2,1,1,3,78165,M,,,78
200800009399,8,2,27,1825,5,2,2,1,3,78490,M,,,78
200800009400,8,2,4,1025,1,2,4,2,4,78672,M,,,78
200800009401,8,2,6,1205,1,2,1,1,3,78498,M,,,78
200800009402,8,2,12,1705,1,2,1,1,2,78498,M,,,78
200800009403,8,2,12,1010,1,2,4,1,6,78624,M,,,78
200800009404,8,2,6,910,1,2,1,6,3,78123,M,,,78
200800009405,8,2,15,1635,1,2,3,1,6,78498,M,,,78
200800009406,8,2,12,1935,5,2,2,1,3,78498,M,,,78
200800009407,8,2,18,1810,1,2,1,1,2,78123,M,,,78
200800009408,8,2,8,1700,1,2,2,1,6,78498,M,,,78
200800009409,8,2,19,1940,5,2,9,1,6,78498,M,,,78
200800009410,8,2,27,1615,1,2,2,1,4,78498,M,,,78
200800009411,8,2,27,1330,1,1,1,1,2,78624,M,,,78
200800009412,8,2,29,1955,3,2,1,2,2,78498,M,,,78
200800009413,8,2,1,1615,1,2,6,2,3,78517,M,,,78
200800009414,8,2,23,1200,1,2,1,1,1,78269,M,,,78
200800009415,8,2,26,1520,1,1,1,2,3,78220,M,,,78
200800009416,8,2,1,1920,3,1,1,1,2,78551,M,,,78
200800009417,8,2,8,1840,3,1,1,1,6,78551,M,,,78
200800009418,8,2,29,2245,5,2,1,1,1,78481,M,,,78
200800009419,8,2,10,855,1,2,1,1,2,78586,M,,,78
200800009420,8,2,18,915,1,2,1,1,6,78586,M,,,78
200800009421,8,2,23,1710,1,2,2,1,3,78586,M,,,78
200800009422,8,2,26,1510,1,2,3,2,6,78586,M,,,78
200800009423,8,2,2,1735,5,1,1,1,3,78621,M,,,78
200800009424,8,2,5,1755,5,2,3,2,6,78621,M,,,78
200800009425,8,2,26,1825,5,2,3,1,6,78621,M,,,78
200800009426,8,2,1,955,1,2,1,2,2,78640,M,,,78
200800009427,8,2,6,1105,1,2,1,6,6,78640,M,,,78
200800009428,8,2,12,1210,1,2,6,1,2,78640,M,,,78
200800009429,8,2,14,1100,1,2,1,1,6,78640,M,,,78
200800009430,8,2,22,2110,5,2,1,1,6,78640,M,,,78
200800009431,8,2,2,1000,1,2,6,1,6,78158,M,,,78
200800009432,8,2,4,1225,1,2,2,2,3,78646,M,,,78
200800009433,8,2,4,1320,1,2,3,1,3,78646,M,,,78
200800009434,8,2,4,1610,2,2,1,1,6,78646,M,,,78
200800009435,8,2,4,1650,1,2,3,1,6,78646,M,,,78
200800009436,8,2,5,1135,1,2,3,2,3,78646,M,,,78
200800009437,8,2,5,1515,1,2,1,1,6,78158,M,,,78
200800009438,8,2,7,1400,1,2,1,1,2,78646,M,,,78
200800009439,8,2,17,1840,5,1,1,1,6,78524,M,,,78
200800009440,8,2,13,1510,1,2,2,1,4,78646,M,,,78
200800009441,8,2,28,1530,1,2,1,2,6,78158,M,,,78
200800009442,8,2,2,1520,1,2,1,1,6,78190,M,,,78
200800009443,8,2,6,1145,1,2,1,1,2,78146,M,,,78
200800009444,8,2,6,1750,5,2,1,1,6,78650,M,,,78
200800009445,8,2,16,1540,1,2,1,1,1,78146,M,,,78
200800009446,8,2,11,1905,3,1,1,1,2,79191,M,,,79
200800009447,8,2,15,1355,1,2,2,1,3,79191,M,,,79
200800009448,8,2,11,1705,1,1,2,1,1,79329,M,,,79
200800009449,8,2,12,1347,1,1,2,1,3,79329,M,,,79
200800009450,8,2,26,1725,1,2,1,1,7,79329,M,,,79
200800009451,8,2,29,1655,1,2,3,8,3,79329,M,,,79
200800009452,8,2,29,2330,5,2,6,1,7,79329,M,,,79
200800009453,8,2,4,758,2,2,1,8,3,80021,M,,,80
200800009454,8,2,2,1005,1,2,2,7,3,80021,M,,,80
200800009455,8,2,4,1025,1,2,2,1,3,80164,M,,,80
200800009456,8,2,5,2120,5,2,1,1,2,80021,M,,,80
200800009457,8,2,5,1340,1,2,3,1,3,80021,M,,,80
200800009458,8,2,6,1830,5,2,1,1,4,80021,M,,,80
200800009459,8,2,6,1850,5,2,1,1,7,80021,M,,,80
200800009460,8,2,7,1610,1,2,1,1,6,80021,M,,,80
200800009461,8,2,8,1450,1,2,1,1,2,80021,M,,,80
200800009462,8,2,12,2055,5,2,1,1,3,80021,M,,,80
200800009463,8,2,14,2330,5,2,1,1,6,80021,M,,,80
200800009464,8,2,13,840,1,2,1,1,3,80021,M,,,80
200800009465,8,2,16,1300,1,2,1,1,6,80021,M,,,80
200800009466,8,2,18,1825,2,2,1,1,2,80021,M,,,80
200800009467,8,2,16,1805,2,2,1,1,3,80021,M,,,80
200800009468,8,2,19,815,1,2,1,1,6,80021,M,,,80
200800009469,8,2,19,1210,1,2,2,1,3,80021,M,,,80
200800009470,8,2,20,1325,1,2,1,1,2,80021,M,,,80
200800009471,8,2,20,1210,1,2,1,1,7,80021,M,,,80
200800009472,8,2,26,1805,1,2,1,1,2,80489,M,,,80
200800009473,8,2,25,1205,1,2,1,1,6,80021,M,,,80
200800009474,8,2,25,1320,1,2,1,1,3,80021,M,,,80
200800009475,8,2,22,2005,5,2,1,1,4,80021,M,,,80
200800009476,8,2,29,1950,5,2,1,1,3,80021,M,,,80
200800009477,8,2,28,1630,1,2,3,1,3,80021,M,,,80
200800009478,8,2,8,1320,1,2,3,1,3,81065,M,,,81
200800009479,8,2,27,2250,5,2,1,1,7,81065,M,,,81
200800009480,8,2,18,1750,1,1,1,1,7,81105,M,,,81
200800009481,8,2,10,1700,1,2,1,1,2,82033,M,,,82
200800009482,8,2,22,2055,5,2,2,1,3,82121,M,,,82
200800009483,8,2,9,1415,1,2,1,1,6,82121,M,,,82
200800009484,8,2,13,1000,1,2,1,1,6,82121,M,,,82
200800009485,8,2,15,1425,1,2,1,1,2,82121,M,,,82
200800009486,8,2,16,640,3,1,1,1,6,82121,M,,,82
200800009487,8,2,16,1515,1,2,6,1,3,82121,M,,,82
200800009488,8,2,24,1740,1,2,2,1,3,82121,M,,,82
200800009489,8,2,1,1322,1,2,4,1,3,83050,M,,,83
200800009490,8,2,6,1925,5,2,1,1,3,83050,M,,,83
200800009491,8,2,7,1450,1,2,1,1,6,83050,M,,,83
200800009492,8,2,7,1956,3,2,1,1,1,83050,M,,,83
200800009493,8,2,8,1110,1,2,1,1,2,83050,M,,,83
200800009494,8,2,8,1700,1,2,1,1,3,83050,M,,,83
200800009495,8,2,8,2115,5,2,1,1,1,83050,M,,,83
200800009496,8,2,9,920,1,2,1,1,7,83050,M,,,83
200800009497,8,2,12,1605,1,2,3,1,3,83050,M,,,83
200800009498,8,2,14,1850,5,2,1,1,3,83050,M,,,83
200800009499,8,2,15,1915,5,2,1,1,6,83050,M,,,83
200800009500,8,2,16,1905,5,2,3,1,3,83050,M,,,83
200800009501,8,2,22,712,2,2,1,1,3,83050,M,,,83
200800009502,8,2,26,805,1,2,3,1,3,83050,M,,,83
200800009503,8,2,26,1320,1,2,1,1,3,83050,M,,,83
200800009504,8,2,28,945,1,2,6,1,3,83050,M,,,83
200800009505,8,2,29,1150,1,2,3,1,3,83050,M,,,83
200800009506,8,2,29,1725,1,2,1,1,6,83050,M,,,83
200800009507,8,2,9,2305,5,2,3,1,2,83118,M,,,83
200800009508,8,2,11,1518,1,2,1,1,3,83061,M,,,83
200800009509,8,2,11,2100,3,1,1,1,3,83061,M,,,83
200800009510,8,2,14,915,1,2,1,1,5,83118,M,,,83
200800009511,8,2,20,2100,5,2,1,1,1,83118,M,,,83
200800009512,8,2,3,1650,1,1,1,1,2,83069,M,,,83
200800009513,8,2,2,1140,1,1,1,1,3,83069,M,,,83
200800009514,8,2,21,930,1,2,2,1,3,83069,M,,,83
200800009515,8,2,1,2100,5,2,1,1,2,83126,M,,,83
200800009516,8,2,6,720,2,2,1,1,3,83126,M,,,83
200800009517,8,2,17,1235,1,2,1,1,1,83126,M,,,83
200800009518,8,2,19,800,1,2,1,1,3,83126,M,,,83
200800009519,8,2,15,2000,5,2,3,1,3,83126,M,,,83
200800009520,8,2,21,1630,1,2,1,1,3,83126,M,,,83
200800009521,8,2,29,1916,3,2,1,1,6,83126,M,,,83
200800009522,8,2,4,645,5,2,1,2,6,83137,M,,,83
200800009523,8,2,3,2020,5,2,3,1,1,83137,M,,,83
200800009524,8,2,4,1130,1,2,4,3,6,83137,M,,,83
200800009525,8,2,2,2040,5,2,1,1,4,83098,M,,,83
200800009526,8,2,6,1640,1,2,3,1,3,83137,M,,,83
200800009527,8,2,7,1721,1,2,1,1,1,83137,M,,,83
200800009528,8,2,2,1430,1,2,1,1,3,83090,M,,,83
200800009529,8,2,9,1945,5,2,1,1,5,83137,M,,,83
200800009530,8,2,7,1745,5,2,1,1,6,83062,M,,,83
200800009531,8,2,11,1350,1,2,1,1,2,83137,M,,,83
200800009532,8,2,4,1600,1,2,7,1,6,83137,M,,,83
200800009533,8,2,8,1740,1,1,1,1,1,83137,M,,,83
200800009534,8,2,5,1210,1,2,1,1,5,83062,M,,,83
200800009535,8,2,1,1500,1,2,1,1,6,83137,M,,,83
200800009536,8,2,6,1920,5,2,1,1,3,83137,M,,,83
200800009537,8,2,10,310,5,1,1,1,7,83144,M,,,83
200800009538,8,2,15,2020,5,2,3,1,3,83137,M,,,83
200800009539,8,2,14,120,5,2,4,1,6,83137,M,,,83
200800009540,8,2,21,1745,1,2,6,1,1,83137,M,,,83
200800009541,8,2,22,1100,1,2,1,1,3,83090,M,,,83
200800009542,8,2,22,1300,1,2,2,1,3,83137,M,,,83
200800009543,8,2,21,1845,5,2,2,1,3,83137,M,,,83
200800009544,8,2,16,1845,5,2,1,1,3,83137,M,,,83
200800009545,8,2,25,1700,1,1,1,1,3,83090,M,,,83
200800009546,8,2,20,1445,1,2,1,1,7,83137,M,,,83
200800009547,8,2,27,1345,1,2,1,1,2,83137,M,,,83
200800009548,8,2,28,1330,1,1,3,8,3,83098,M,,,83
200800009549,8,2,14,900,1,2,1,1,3,83137,M,,,83
200800009550,8,2,15,1100,1,2,1,1,6,83137,M,,,83
200800009551,8,2,26,1145,1,2,1,1,3,83137,M,,,83
200800009552,8,2,28,825,1,2,6,1,3,83144,M,,,83
200800009553,8,2,29,2045,5,2,3,1,6,83062,M,,,83
200800009554,8,2,27,1010,1,2,1,1,6,83137,M,,,83
200800009555,8,2,20,125,5,2,1,1,6,83062,M,,,83
200800009556,8,2,27,1350,1,1,1,1,2,83144,M,,,83