Num_Acc,an,mois,jour,hrmn,lum,agg,int,atm,col,com,gps,lat,long,dep
200800009557,8,2,23,1800,2,2,1,9,6,83137,M,,,83
200800009558,8,2,22,1915,3,2,6,1,3,83137,M,,,83
200800009559,8,2,3,1810,5,2,1,1,3,84007,M,,,84
200800009560,8,2,4,745,2,2,1,3,6,84007,M,,,84
200800009561,8,2,6,1810,2,2,1,1,3,84007,M,,,84
200800009562,8,2,8,1030,1,2,6,1,3,84007,M,,,84
200800009563,8,2,11,1045,1,2,1,1,2,84007,M,,,84
200800009564,8,2,12,930,1,2,6,1,2,84007,M,,,84
200800009565,8,2,13,1940,5,2,3,1,3,84007,M,,,84
200800009566,8,2,15,1400,1,1,6,1,6,84007,M,,,84
200800009567,8,2,16,1820,1,2,1,1,3,84007,M,,,84
200800009568,8,2,18,1700,1,2,1,1,2,84007,M,,,84
200800009569,8,2,19,1745,1,2,1,1,3,84007,M,,,84
200800009570,8,2,23,700,2,2,2,1,3,84007,M,,,84
200800009571,8,2,27,1735,1,2,2,1,3,84007,M,,,84
200800009572,8,2,28,725,2,2,1,1,3,84007,M,,,84
200800009573,8,2,28,800,1,2,1,1,6,84007,M,,,84
200800009574,8,2,28,1810,1,2,1,1,1,84007,M,,,84
200800009575,8,2,29,1034,1,2,1,1,3,84007,M,,,84
200800009576,8,2,6,655,2,1,3,1,5,84035,M,,,84
200800009577,8,2,18,1835,2,2,1,1,3,84035,M,,,84
200800009578,8,2,8,2050,3,2,3,1,3,84087,M,,,84
200800009579,8,2,24,1625,1,2,1,1,3,84087,M,,,84
200800009580,8,2,18,1525,1,1,1,1,1,85191,M,,,85
200800009581,8,2,19,1746,1,2,1,1,6,85191,M,,,85
200800009582,8,2,27,1211,1,1,1,2,2,85191,M,,,85
200800009583,8,2,28,1315,1,2,3,1,3,85191,M,,,85
200800009584,8,2,13,1210,1,2,1,1,6,85191,M,,,85
200800009585,8,2,6,1810,2,2,2,1,3,85194,M,,,85
200800009586,8,2,7,1135,1,2,6,1,3,85194,M,,,85
200800009587,8,2,13,848,1,2,2,1,2,86066,M,,,86
200800009588,8,2,1,1045,1,2,1,2,7,86194,M,,,86
200800009589,8,2,1,1850,5,2,2,2,1,86194,M,,,86
200800009590,8,2,5,2145,5,2,1,2,1,86194,M,,,86
200800009591,8,2,11,1730,1,2,2,1,3,86194,M,,,86
200800009592,8,2,12,1320,1,2,2,1,3,86194,M,,,86
200800009593,8,2,12,1605,1,2,1,1,7,86194,M,,,86
200800009594,8,2,12,1640,1,2,3,1,3,86194,M,,,86
200800009595,8,2,12,1730,1,2,2,1,7,86194,M,,,86
200800009596,8,2,12,1915,5,2,1,1,6,86194,M,,,86
200800009597,8,2,14,1210,1,2,1,1,2,86158,M,,,86
200800009598,8,2,15,1025,1,2,3,5,3,86194,M,,,86
200800009599,8,2,16,1210,1,2,2,1,3,86194,M,,,86
200800009600,8,2,19,700,5,2,1,1,6,86194,M,,,86
200800009601,8,2,19,2320,3,1,1,2,3,86194,M,,,86
200800009602,8,2,20,1820,2,2,1,1,6,86194,M,,,86
200800009603,8,2,21,1905,5,2,2,8,3,86041,M,,,86
200800009604,8,2,20,2330,4,2,1,1,6,86194,M,,,86
200800009605,8,2,21,1145,1,2,1,1,2,86194,M,,,86
200800009606,8,2,22,2040,5,2,2,1,3,86194,M,,,86
200800009607,8,2,22,2045,5,2,3,1,3,86194,M,,,86
200800009608,8,2,25,1045,1,2,1,1,7,86194,M,,,86
200800009609,8,2,25,1720,1,2,3,1,3,86194,M,,,86
200800009610,8,2,25,2330,5,2,2,1,3,86194,M,,,86
200800009611,8,2,26,1400,1,2,2,2,2,86194,M,,,86
200800009612,8,2,1,1223,1,2,1,1,2,87085,M,,,87
200800009613,8,2,1,1714,1,1,1,2,2,87085,M,,,87
200800009614,8,2,1,1707,1,2,2,1,3,87085,M,,,87
200800009615,8,2,4,1531,1,2,2,1,6,87085,M,,,87
200800009616,8,2,5,1102,1,2,1,1,6,87114,M,,,87
200800009617,8,2,7,1401,1,2,1,1,6,87085,M,,,87
200800009618,8,2,7,1515,1,2,1,1,6,87085,M,,,87
200800009619,8,2,8,835,1,1,1,1,6,87085,M,,,87
200800009620,8,2,9,7,5,2,1,1,6,87050,M,,,87
200800009621,8,2,9,949,1,2,2,1,3,87085,M,,,87
200800009622,8,2,11,1759,1,2,1,1,2,87085,M,,,87
200800009623,8,2,11,1911,5,2,1,1,6,87085,M,,,87
200800009624,8,2,12,1200,1,2,2,1,3,87085,M,,,87
200800009625,8,2,12,2123,5,2,2,1,3,87085,M,,,87
200800009626,8,2,13,118,4,1,1,1,2,87085,M,,,87
200800009627,8,2,15,431,5,2,1,1,2,87085,M,,,87
200800009628,8,2,16,1127,1,2,1,1,6,87085,M,,,87
200800009629,8,2,16,1536,1,2,1,1,3,87085,M,,,87
200800009630,8,2,17,705,5,2,1,1,6,87065,M,,,87
200800009631,8,2,17,1626,1,2,1,1,6,87085,M,,,87
200800009632,8,2,17,2154,5,2,1,1,6,87085,M,,,87
200800009633,8,2,18,755,1,1,1,1,6,87085,M,,,87
200800009634,8,2,19,1802,1,2,1,1,2,87113,M,,,87
200800009635,8,2,18,1840,5,2,1,1,6,87085,M,,,87
200800009636,8,2,20,1816,5,2,6,2,2,87085,M,,,87
200800009637,8,2,21,1452,1,2,1,1,2,87085,M,,,87
200800009638,8,2,22,1726,1,2,3,1,3,87085,M,,,87
200800009639,8,2,23,2119,3,1,1,1,6,87065,M,,,87
200800009640,8,2,24,535,5,2,2,1,3,87085,M,,,87
200800009641,8,2,26,1506,1,2,1,2,2,87085,M,,,87
200800009642,8,2,26,1630,1,2,1,2,6,87085,M,,,87
200800009643,8,2,27,1841,5,2,1,1,3,87085,M,,,87
200800009644,8,2,28,1620,1,2,1,1,6,87085,M,,,87
200800009645,8,2,28,1731,1,2,1,1,6,87085,M,,,87
200800009646,8,2,29,850,1,2,1,1,2,87085,M,,,87
200800009647,8,2,6,1010,1,2,1,2,6,88160,M,,,88
200800009648,8,2,7,710,2,2,2,5,6,88209,M,,,88
200800009649,8,2,19,1525,1,2,1,1,3,88160,M,,,88
200800009650,8,2,21,2015,5,2,3,1,3,88209,M,4821356.0,643956.0,88
200800009651,8,2,8,920,1,2,1,1,6,88160,M,,,88
200800009652,8,2,9,1110,1,2,2,1,6,88160,M,,,88
200800009653,8,2,8,1150,1,2,1,1,1,88413,M,,,88
200800009654,8,2,20,1735,2,2,1,1,6,88413,M,,,88
200800009655,8,2,4,2320,3,2,1,1,6,89024,M,,,89
200800009656,8,2,21,1930,5,2,2,1,6,89024,M,,,89
200800009657,8,2,3,1543,1,2,1,1,1,89387,M,,,89
200800009658,8,2,11,745,5,2,1,1,6,89387,M,,,89
200800009659,8,2,2,1500,1,2,1,1,7,90075,M,,,90
200800009660,8,2,5,1608,1,2,1,1,6,90010,M,,,90
200800009661,8,2,9,1530,1,2,1,1,6,90010,M,,,90
200800009662,8,2,9,1840,5,2,1,1,3,90010,M,,,90
200800009663,8,2,11,1020,1,1,1,1,6,90001,M,,,90
200800009664,8,2,12,1030,1,2,2,1,6,90029,M,,,90
200800009665,8,2,12,2105,3,1,1,1,7,90010,M,,,90
200800009666,8,2,13,940,1,2,1,1,3,90010,M,,,90
200800009667,8,2,15,855,1,2,1,1,3,90010,M,,,90
200800009668,8,2,24,1050,1,1,1,1,6,90032,M,,,90
200800009669,8,2,26,1000,1,2,1,1,3,90010,M,,,90
200800009670,8,2,28,1035,1,2,2,1,5,90010,M,,,90
200800009671,8,2,4,2030,5,1,1,2,2,91347,M,,,91
200800009672,8,2,24,115,3,1,1,5,6,91103,M,,,91
200800009673,8,2,24,615,5,1,1,5,2,91347,M,,,91
200800009674,8,2,29,1912,5,2,8,1,3,91103,M,,,91
200800009675,8,2,26,2100,5,2,1,1,2,91457,M,,,91
200800009676,8,2,14,830,1,2,2,1,6,91027,M,,,91
200800009677,8,2,19,1415,1,1,1,1,7,91479,M,,,91
200800009678,8,2,3,1215,1,2,1,1,3,91097,M,,,91
200800009679,8,2,6,1820,2,2,1,1,3,91114,M,,,91
200800009680,8,2,4,1830,2,2,1,8,3,91114,M,,,91
200800009681,8,2,8,830,1,2,1,1,2,91114,M,,,91
200800009682,8,2,12,1830,1,2,1,1,7,91215,M,,,91
200800009683,8,2,11,1410,1,2,3,1,1,91174,M,,,91
200800009684,8,2,12,820,1,2,2,1,6,91174,M,,,91
200800009685,8,2,3,1610,1,2,1,1,1,91657,M,,,91
200800009686,8,2,3,1235,1,2,1,1,6,91201,M,,,91
200800009687,8,2,9,1925,1,2,1,1,6,91657,M,,,91
200800009688,8,2,7,840,2,2,1,1,3,91201,M,,,91
200800009689,8,2,16,1450,1,2,1,1,6,91657,M,,,91
200800009690,8,2,17,1925,2,2,1,1,6,91657,M,,,91
200800009691,8,2,27,750,1,2,2,1,3,91657,M,,,91
200800009692,8,2,28,1950,2,2,2,1,3,91657,M,,,91
200800009693,8,2,28,2030,2,2,1,1,1,91201,M,,,91
200800009694,8,2,13,830,1,1,1,1,2,91223,M,,,91
200800009695,8,2,19,100,3,1,1,1,7,91223,M,,,91
200800009696,8,2,19,1550,1,2,1,1,7,91223,M,,,91
200800009697,8,2,22,1220,1,1,1,1,6,91223,M,,,91
200800009698,8,2,27,655,5,2,1,1,7,91223,M,,,91
200800009699,8,2,29,1925,3,1,1,1,3,91223,M,,,91
200800009700,8,2,2,1200,1,2,1,1,6,91228,M,,,91
200800009701,8,2,7,1230,1,2,1,1,3,91182,M,,,91
200800009702,8,2,15,1240,1,2,3,1,2,91228,M,,,91
200800009703,8,2,18,620,5,2,3,1,3,91182,M,,,91
200800009704,8,2,19,1550,1,2,1,1,3,91228,M,,,91
200800009705,8,2,20,935,1,2,1,2,6,91228,M,,,91
200800009706,8,2,20,1215,1,2,1,2,2,91228,M,,,91
200800009707,8,2,22,1830,5,2,1,1,6,91228,M,,,91
200800009708,8,2,22,2310,5,2,1,1,6,91228,M,,,91
200800009709,8,2,26,1135,1,2,1,2,5,91521,M,,,91
200800009710,8,2,26,1430,1,2,2,2,3,91228,M,,,91
200800009711,8,2,29,945,1,2,1,1,3,91228,M,,,91
200800009712,8,2,29,1115,1,2,1,1,4,91182,M,,,91
200800009713,8,2,1,1915,5,2,3,1,3,91421,M,,,91
200800009714,8,2,2,1515,1,2,1,1,7,91421,M,,,91
200800009715,8,2,3,1600,1,1,1,1,2,91421,M,,,91
200800009716,8,2,4,1155,1,2,2,1,7,91421,M,,,91
200800009717,8,2,6,800,1,2,3,1,3,91421,M,,,91
200800009718,8,2,6,2035,5,2,1,1,6,91421,M,,,91
200800009719,8,2,12,840,1,2,1,1,7,91421,M,,,91
200800009720,8,2,18,700,2,2,3,9,7,91691,M,,,91
200800009721,8,2,21,1305,1,2,1,1,2,91421,M,,,91
200800009722,8,2,24,1235,1,2,1,1,7,91421,M,,,91
200800009723,8,2,27,930,1,2,1,1,3,91421,M,,,91
200800009724,8,2,1,1915,2,1,6,1,7,91477,M,,,91
200800009725,8,2,2,1150,1,2,1,1,6,91477,M,,,91
200800009726,8,2,4,820,1,2,1,2,3,91645,M,,,91
200800009727,8,2,7,805,1,2,3,1,6,91471,M,,,91
200800009728,8,2,8,1010,1,2,1,1,7,91477,M,,,91
200800009729,8,2,9,1410,1,2,1,1,1,91064,M,,,91
200800009730,8,2,13,810,2,2,1,1,6,91477,M,,,91
200800009731,8,2,14,815,2,2,1,1,6,91645,M,,,91
200800009732,8,2,15,1645,1,2,1,1,5,91692,M,,,91
200800009733,8,2,18,1735,1,2,1,1,6,91471,M,,,91
200800009734,8,2,4,1940,5,2,1,1,7,91216,M,,,91
200800009735,8,2,10,1540,1,2,2,1,3,91570,M,,,91
200800009736,8,2,14,1305,1,2,2,1,3,91549,M,,,91
200800009737,8,2,20,1125,1,2,2,1,3,91549,M,,,91
200800009738,8,2,22,710,5,2,3,2,1,91589,M,,,91
200800009739,8,2,24,1920,5,2,1,1,3,91589,M,,,91
200800009740,8,2,1,2100,5,2,1,2,7,92002,M,,,92
200800009741,8,2,3,1020,1,2,3,1,6,92002,M,,,92
200800009742,8,2,8,920,1,2,3,1,6,92002,M,,,92
200800009743,8,2,25,1430,1,2,3,1,6,92002,M,,,92
200800009744,8,2,29,1130,1,2,1,8,6,92002,M,,,92
200800009745,8,2,1,805,1,2,3,2,6,92004,M,,,92
200800009746,8,2,1,1435,1,2,1,2,6,92009,M,,,92
200800009747,8,2,5,715,2,1,3,2,6,92004,M,,,92
200800009748,8,2,10,2215,5,2,3,1,3,92004,M,,,92
200800009749,8,2,17,1800,5,2,3,1,6,92009,M,,,92
200800009750,8,2,19,1350,1,2,1,1,3,92004,M,,,92
200800009751,8,2,20,1110,1,2,3,1,6,92009,M,,,92
200800009752,8,2,21,150,2,2,2,1,3,92004,M,,,92
200800009753,8,2,23,1200,1,2,1,1,6,92004,M,,,92
200800009754,8,2,26,517,5,2,5,1,6,92004,M,,,92
200800009755,8,2,26,1500,1,2,1,2,2,92004,M,,,92
200800009756,8,2,4,1520,1,2,6,1,3,92007,M,,,92
200800009757,8,2,6,1720,1,2,1,1,6,92007,M,,,92
200800009758,8,2,10,1945,5,2,1,1,6,92007,M,,,92
200800009759,8,2,11,2320,5,2,1,1,7,92007,M,,,92
200800009760,8,2,13,1150,1,2,1,1,6,92007,M,,,92
200800009761,8,2,18,1955,5,2,2,1,6,92007,M,,,92
200800009762,8,2,24,1415,1,2,2,1,3,92007,M,,,92
200800009763,8,2,7,835,1,2,1,1,6,92019,M,,,92
200800009764,8,2,4,1030,1,2,3,1,3,92060,M,,,92
200800009765,8,2,18,805,1,2,1,1,6,92060,M,,,92
200800009766,8,2,19,1330,1,2,1,1,6,92023,M,,,92
200800009767,8,2,21,1110,1,2,1,1,4,92060,M,,,92
200800009768,8,2,21,2000,5,2,3,1,3,92023,M,,,92
200800009769,8,2,11,915,1,2,1,1,6,92023,M,,,92
200800009770,8,2,12,1150,1,2,1,1,6,92060,M,,,92
200800009771,8,2,5,1215,1,2,1,1,6,92024,M,,,92
200800009772,8,2,5,2040,5,2,1,2,3,92024,M,,,92
200800009773,8,2,6,940,1,2,2,1,6,92024,M,,,92
200800009774,8,2,9,1935,5,2,1,1,2,92024,M,,,92
200800009775,8,2,11,1350,1,2,1,1,2,92024,M,,,92
200800009776,8,2,14,2045,5,2,1,1,1,92024,M,,,92
200800009777,8,2,18,640,5,2,5,1,3,92024,M,,,92
200800009778,8,2,17,2335,5,2,1,1,4,92024,M,,,92
200800009779,8,2,17,730,1,2,4,1,3,92024,M,,,92
200800009780,8,2,21,1220,1,2,1,8,3,92024,M,,,92
200800009781,8,2,27,1940,5,2,2,1,3,92024,M,,,92
200800009782,8,2,25,935,1,2,1,1,6,92024,M,,,92
200800009783,8,2,11,1400,1,2,3,1,3,92025,M,,,92
200800009784,8,2,11,2300,5,2,1,1,3,92025,M,,,92
200800009785,8,2,18,1052,1,2,1,1,3,92025,M,,,92
200800009786,8,2,18,2210,5,2,2,1,3,92025,M,,,92
200800009787,8,2,20,820,1,2,2,1,3,92025,M,,,92
200800009788,8,2,21,2300,5,2,1,1,3,92025,M,,,92
200800009789,8,2,22,1340,1,2,1,1,2,92025,M,,,92
200800009790,8,2,22,1655,1,2,1,1,7,92025,M,,,92
200800009791,8,2,29,1235,1,2,1,1,2,92025,M,,,92
200800009792,8,2,5,815,1,2,1,2,2,92026,M,,,92
200800009793,8,2,5,820,1,2,1,2,6,92026,M,,,92
200800009794,8,2,5,1750,5,2,1,8,6,92026,M,,,92
200800009795,8,2,7,1450,1,2,3,1,6,92026,M,,,92
200800009796,8,2,8,1555,1,2,3,1,6,92026,M,,,92
200800009797,8,2,11,920,1,2,2,1,3,92026,M,,,92
200800009798,8,2,18,906,1,2,1,1,3,92026,M,,,92
200800009799,8,2,18,2310,5,1,2,1,1,92026,M,,,92
200800009800,8,2,19,915,1,2,3,1,3,92026,M,,,92
200800009801,8,2,20,1415,1,2,3,2,3,92026,M,,,92
200800009802,8,2,22,850,1,2,2,1,3,92026,M,,,92
200800009803,8,2,25,535,5,2,2,2,6,92026,M,,,92
200800009804,8,2,24,310,5,2,1,1,6,92035,M,,,92
200800009805,8,2,6,1605,1,2,1,1,3,92035,M,,,92
200800009806,8,2,11,1310,1,2,2,1,3,92035,M,,,92
200800009807,8,2,13,1125,1,2,1,1,3,92035,M,,,92
200800009808,8,2,25,905,1,2,4,1,3,92035,M,,,92
200800009809,8,2,4,900,1,2,1,2,3,92036,M,,,92
200800009810,8,2,7,1150,1,2,2,1,3,92036,M,,,92
200800009811,8,2,9,1530,1,2,3,1,2,92036,M,,,92
200800009812,8,2,12,1315,1,2,3,1,3,92036,M,,,92
200800009813,8,2,20,605,5,2,1,2,1,92036,M,,,92
200800009814,8,2,21,920,1,2,1,1,4,92036,M,,,92
200800009815,8,2,21,1030,1,2,3,1,3,92036,M,,,92
200800009816,8,2,21,1740,2,2,1,1,6,92036,M,,,92
200800009817,8,2,26,1005,1,2,2,2,3,92036,M,,,92
200800009818,8,2,27,1750,1,2,9,1,3,92036,M,,,92
200800009819,8,2,29,645,1,2,3,1,3,92036,M,,,92
200800009820,8,2,1,1948,5,2,1,1,4,92040,M,,,92
200800009821,8,2,5,1350,1,2,1,2,6,92040,M,,,92
200800009822,8,2,5,1750,5,2,1,2,6,92040,M,,,92
200800009823,8,2,12,1745,1,2,1,1,3,92040,M,,,92
200800009824,8,2,19,1830,5,2,3,1,7,92040,M,,,92
200800009825,8,2,20,1002,1,2,1,8,6,92040,M,,,92
200800009826,8,2,22,1330,1,2,1,8,6,92040,M,,,92
200800009827,8,2,29,1730,1,2,1,1,1,92040,M,,,92
200800009828,8,2,1,1130,1,2,1,2,7,92044,M,,,92
200800009829,8,2,1,650,5,2,1,8,6,92044,M,,,92
200800009830,8,2,4,1840,5,2,3,1,3,92044,M,,,92
200800009831,8,2,4,2210,5,2,3,1,3,92044,M,,,92
200800009832,8,2,7,1630,1,2,1,1,3,92044,M,,,92
200800009833,8,2,9,1233,1,2,2,1,3,92044,M,,,92
200800009834,8,2,10,1925,5,2,3,1,3,92044,M,,,92
200800009835,8,2,11,1110,1,2,3,1,6,92044,M,,,92
200800009836,8,2,12,1655,1,2,1,1,6,92044,M,,,92
200800009837,8,2,15,1205,1,2,1,1,2,92044,M,,,92
200800009838,8,2,17,1130,1,2,3,1,6,92044,M,,,92
200800009839,8,2,17,1305,1,2,3,1,3,92044,M,,,92
200800009840,8,2,22,1810,5,2,1,1,6,92044,M,,,92
200800009841,8,2,24,145,5,2,2,1,3,92044,M,,,92
200800009842,8,2,6,1950,5,2,2,1,3,92048,M,,,92
200800009843,8,2,12,1640,1,2,3,1,6,92048,M,,,92
200800009844,8,2,4,1400,1,2,1,1,6,92049,M,,,92
200800009845,8,2,9,1315,1,2,1,1,3,92020,M,,,92
200800009846,8,2,9,1420,1,2,1,1,6,92049,M,,,92
200800009847,8,2,15,1350,1,2,2,1,3,92020,M,,,92
200800009848,8,2,23,1545,1,2,1,1,6,92049,M,,,92
200800009849,8,2,6,1655,1,2,1,1,3,92062,M,,,92
200800009850,8,2,21,2025,5,2,1,1,6,92062,M,,,92
200800009851,8,2,24,900,1,2,4,1,3,92062,M,,,92
200800009852,8,2,25,2040,3,2,2,1,3,92062,M,,,92
200800009853,8,2,2,1400,1,2,1,1,6,92063,M,,,92
200800009854,8,2,5,2050,2,2,1,2,6,92063,M,,,92
200800009855,8,2,20,945,1,2,1,8,5,92063,M,,,92
200800009856,8,2,22,751,1,2,3,1,6,92063,M,,,92
200800009857,8,2,22,1730,1,2,1,1,6,92063,M,,,92
200800009858,8,2,22,1725,1,2,1,1,3,92063,M,,,92
200800009859,8,2,1,1320,1,2,1,3,4,92064,M,,,92
200800009860,8,2,4,655,5,2,1,2,5,92064,M,,,92
200800009861,8,2,7,910,1,2,1,1,6,92064,M,,,92
200800009862,8,2,9,1145,1,2,3,1,3,92076,M,,,92
200800009863,8,2,12,840,1,2,1,1,6,92064,M,,,92
200800009864,8,2,22,1230,1,2,1,1,6,92064,M,,,92
200800009865,8,2,22,2020,5,2,3,1,3,92064,M,,,92
200800009866,8,2,26,1400,1,2,1,2,6,92064,M,,,92
200800009867,8,2,4,1000,1,2,1,8,3,92072,M,,,92
200800009868,8,2,1,845,1,2,1,2,7,92072,M,,,92
200800009869,8,2,4,930,1,2,1,1,6,92077,M,,,92
200800009870,8,2,11,2035,5,2,1,1,6,92072,M,,,92
200800009871,8,2,12,930,1,2,2,1,3,92022,M,,,92
200800009872,8,2,11,1800,2,2,1,1,7,92077,M,,,92
200800009873,8,2,17,2105,5,2,1,1,7,92022,M,,,92
200800009874,8,2,18,1730,1,2,1,1,3,92072,M,,,92
200800009875,8,2,24,1925,5,2,1,1,3,92072,M,,,92
200800009876,8,2,5,930,1,2,3,2,6,92073,M,,,92
200800009877,8,2,8,1725,2,2,2,1,2,92073,M,,,92
200800009878,8,2,14,1550,1,2,2,1,7,92073,M,,,92
200800009879,8,2,19,2315,5,2,1,1,6,92073,M,,,92
200800009880,8,2,25,2215,5,2,2,1,2,92073,M,,,92
200800009881,8,2,28,1700,1,2,2,1,3,92073,M,,,92
200800009882,8,2,1,1820,5,2,1,8,6,92075,M,,,92
200800009883,8,2,5,2255,5,2,1,2,7,92046,M,,,92
200800009884,8,2,11,945,1,2,2,1,3,92046,M,,,92
200800009885,8,2,14,1930,5,2,3,1,3,92046,M,,,92
200800009886,8,2,15,2145,5,2,2,1,2,92075,M,,,92
200800009887,8,2,16,1120,1,2,3,1,6,92075,M,,,92
200800009888,8,2,14,2020,5,2,1,1,2,92075,M,,,92
200800009889,8,2,20,910,1,2,1,2,2,92046,M,,,92
200800009890,8,2,24,1940,5,2,6,1,6,92075,M,,,92
200800009891,8,2,19,810,1,2,1,1,6,92078,M,,,92
200800009892,8,2,23,310,3,2,1,1,7,92062,M,,,92
200800009893,8,2,29,2210,5,2,1,2,7,92062,M,,,92
200800009894,8,2,3,650,5,2,2,1,3,93001,M,,,93
200800009895,8,2,6,2050,5,2,1,1,3,93001,M,,,93
200800009896,8,2,7,2035,5,2,1,1,3,93001,M,,,93
200800009897,8,2,8,855,1,2,1,1,3,93001,M,,,93
200800009898,8,2,12,1410,1,2,1,1,5,93001,M,,,93
200800009899,8,2,13,1343,1,2,1,1,2,93001,M,,,93
200800009900,8,2,16,905,1,2,1,1,2,93001,M,,,93
200800009901,8,2,19,1620,1,2,1,1,6,93001,M,,,93
200800009902,8,2,19,2120,5,2,1,1,6,93001,M,,,93
200800009903,8,2,22,1705,1,2,1,1,3,93001,M,,,93
200800009904,8,2,23,2340,5,2,1,1,2,93001,M,,,93
200800009905,8,2,23,1350,1,2,2,1,6,93001,M,,,93
200800009906,8,2,23,1340,1,2,1,1,2,93001,M,,,93
200800009907,8,2,26,1350,1,2,1,2,2,93001,M,,,93
200800009908,8,2,3,155,5,2,2,1,2,93005,M,,,93
200800009909,8,2,3,1430,1,2,1,1,3,93005,M,,,93
200800009910,8,2,5,1455,1,2,3,1,3,93005,M,,,93
200800009911,8,2,8,650,5,2,1,1,6,93005,M,,,93
200800009912,8,2,8,1830,5,2,3,1,3,93005,M,,,93
200800009913,8,2,11,1440,1,2,1,1,3,93005,M,,,93
200800009914,8,2,12,1400,1,2,1,1,6,93005,M,,,93
200800009915,8,2,14,1925,5,2,2,1,3,93005,M,,,93
200800009916,8,2,16,1710,1,2,2,1,6,93005,M,,,93
200800009917,8,2,19,1345,1,2,1,1,6,93005,M,,,93
200800009918,8,2,19,1920,5,2,1,1,6,93005,M,,,93
200800009919,8,2,22,1215,1,2,1,1,6,93005,M,,,93
200800009920,8,2,1,1115,1,2,3,3,3,93007,M,,,93
200800009921,8,2,9,1600,1,2,1,1,2,93007,M,,,93
200800009922,8,2,10,1020,1,2,1,1,6,93007,M,,,93
200800009923,8,2,27,940,1,2,1,1,2,93007,M,,,93
200800009924,8,2,27,2312,5,2,2,1,6,93007,M,,,93
200800009925,8,2,5,1208,1,2,8,2,6,93008,M,,,93
200800009926,8,2,7,630,2,2,9,1,6,93008,M,,,93
200800009927,8,2,8,1510,1,2,1,1,6,93008,M,,,93
200800009928,8,2,11,720,2,2,1,1,5,93008,M,,,93
200800009929,8,2,14,1000,1,2,1,1,6,93008,M,,,93
200800009930,8,2,15,1650,1,2,3,1,3,93008,M,,,93
200800009931,8,2,16,1240,5,2,1,1,6,93008,M,,,93
200800009932,8,2,22,2057,5,2,1,1,2,93008,M,,,93
200800009933,8,2,28,1300,1,2,1,2,7,93008,M,,,93
200800009934,8,2,4,1645,1,2,1,2,6,93010,M,,,93
200800009935,8,2,10,1320,1,2,1,1,3,93057,M,,,93
200800009936,8,2,14,1655,1,2,1,1,6,93010,M,,,93
200800009937,8,2,15,2335,5,2,1,1,6,93010,M,,,93
200800009938,8,2,16,610,5,2,1,9,5,93010,M,,,93
200800009939,8,2,19,1630,1,2,2,8,6,93057,M,,,93
200800009940,8,2,25,1900,5,2,1,8,6,93010,M,,,93
200800009941,8,2,25,1925,5,2,1,8,3,93010,M,,,93
200800009942,8,2,27,1750,1,2,1,1,6,93010,M,,,93
200800009943,8,2,28,1805,2,2,1,2,6,93010,M,,,93
200800009944,8,2,22,2005,5,2,1,1,1,93027,M,,,93
200800009945,8,2,10,1306,1,2,2,1,6,93027,M,,,93
200800009946,8,2,14,2035,5,2,1,1,6,93027,M,,,93
200800009947,8,2,19,815,1,2,1,1,6,93013,M,,,93
200800009948,8,2,21,1650,1,2,1,1,3,93027,M,,,93
200800009949,8,2,24,1745,1,2,2,1,1,93027,M,,,93
200800009950,8,2,28,2030,3,2,1,1,1,93027,M,,,93
200800009951,8,2,2,510,5,2,9,1,7,93031,M,,,93
200800009952,8,2,3,1915,2,2,1,1,3,93031,M,,,93
200800009953,8,2,10,1805,2,2,1,1,6,93031,M,,,93
200800009954,8,2,14,830,1,2,1,1,6,93079,M,,,93
200800009955,8,2,18,810,1,2,1,9,6,93031,M,,,93
200800009956,8,2,22,850,1,2,1,8,5,93031,M,,,93
200800009957,8,2,22,855,1,2,1,8,6,93031,M,,,93
200800009958,8,2,27,920,1,2,1,1,3,93031,M,,,93
200800009959,8,2,27,1720,1,2,1,1,3,93079,M,,,93
200800009960,8,2,7,10,5,2,2,1,6,93047,M,,,93
200800009961,8,2,9,1214,1,2,1,1,6,93047,M,,,93
200800009962,8,2,11,845,1,2,1,1,1,93032,M,,,93
200800009963,8,2,12,1055,1,2,1,1,6,93032,M,,,93
200800009964,8,2,28,1850,5,2,3,8,7,93047,M,,,93
200800009965,8,2,1,1400,1,2,2,3,3,93006,M,,,93
200800009966,8,2,1,1630,1,2,2,1,5,93006,M,,,93
200800009967,8,2,2,1500,1,2,2,1,3,93006,M,,,93
200800009968,8,2,9,1020,1,2,2,1,3,93061,M,,,93
200800009969,8,2,10,1500,1,2,1,1,1,93006,M,,,93
200800009970,8,2,15,1110,1,2,1,1,6,93006,M,,,93
200800009971,8,2,6,855,1,2,2,1,6,93006,M,,,93
200800009972,8,2,16,845,1,2,9,4,3,93061,M,,,93
200800009973,8,2,19,1345,1,2,3,1,3,93061,M,,,93
200800009974,8,2,19,1415,1,2,1,1,6,93006,M,,,93
200800009975,8,2,19,2050,5,2,1,1,6,93063,M,,,93
200800009976,8,2,24,1435,1,2,1,1,3,93045,M,,,93
200800009977,8,2,26,2145,5,2,2,1,6,93006,M,,,93
200800009978,8,2,1,1350,1,2,2,2,2,93046,M,,,93
200800009979,8,2,2,1150,1,2,2,1,6,93046,M,,,93
200800009980,8,2,2,2030,5,2,1,1,3,93046,M,,,93
200800009981,8,2,7,2030,5,2,2,1,3,93046,M,,,93
200800009982,8,2,11,1615,1,2,1,1,2,93046,M,,,93
200800009983,8,2,18,1255,1,2,1,1,2,93074,M,,,93
200800009984,8,2,23,1505,1,2,1,1,1,93046,M,,,93
200800009985,8,2,26,2043,5,2,2,2,3,93046,M,,,93
200800009986,8,2,1,1655,1,2,3,2,6,93048,M,,,93