Num_Acc,an,mois,jour,hrmn,lum,agg,int,atm,col,com,gps,lat,long,dep
200800009987,8,2,4,845,1,2,1,2,3,93048,M,,,93
200800009988,8,2,4,855,1,2,1,2,6,93048,M,,,93
200800009989,8,2,4,1600,1,2,1,1,6,93048,M,,,93
200800009990,8,2,6,1500,1,2,1,1,3,93048,M,,,93
200800009991,8,2,10,1320,1,2,9,7,6,93048,M,,,93
200800009992,8,2,11,1355,1,2,1,1,6,93048,M,,,93
200800009993,8,2,17,150,5,2,1,1,6,93048,M,,,93
200800009994,8,2,17,1600,1,2,1,1,3,93048,M,,,93
200800009995,8,2,17,1601,1,2,2,1,3,93048,M,,,93
200800009996,8,2,18,1745,1,2,2,1,1,93048,M,,,93
200800009997,8,2,18,2145,5,2,2,1,3,93048,M,,,93
200800009998,8,2,19,1635,1,2,2,1,3,93048,M,,,93
200800009999,8,2,23,1400,1,2,5,1,3,93048,M,,,93
200800010000,8,2,25,1745,1,2,1,1,1,93048,M,,,93
200800010001,8,2,1,1240,1,2,1,2,2,93050,M,,,93
200800010002,8,2,3,2300,5,2,2,1,3,93050,M,,,93
200800010003,8,2,4,1155,1,2,2,8,3,93049,M,,,93
200800010004,8,2,7,705,2,2,1,1,3,93050,M,,,93
200800010005,8,2,16,935,1,2,1,1,6,93050,M,,,93
200800010006,8,2,6,1525,1,2,9,1,6,93051,M,,,93
200800010007,8,2,7,1930,5,2,9,1,3,93051,M,,,93
200800010008,8,2,8,1005,1,2,3,1,3,93051,M,,,93
200800010009,8,2,12,1955,5,2,1,1,6,93051,M,,,93
200800010010,8,2,14,1615,1,2,2,1,3,93033,M,,,93
200800010011,8,2,14,1830,2,2,1,1,7,93051,M,,,93
200800010012,8,2,19,2030,5,2,1,1,1,93033,M,,,93
200800010013,8,2,23,1750,1,2,2,1,3,93051,M,,,93
200800010014,8,2,24,1220,1,2,1,1,3,93033,M,,,93
200800010015,8,2,28,1715,1,2,6,1,6,93051,M,,,93
200800010016,8,2,2,1645,1,2,1,1,6,93053,M,,,93
200800010017,8,2,14,1000,1,2,1,5,1,93053,M,,,93
200800010018,8,2,20,1800,2,2,1,1,3,93053,M,,,93
200800010019,8,2,20,1835,2,2,1,1,7,93053,M,,,93
200800010020,8,2,10,1440,1,2,1,1,6,93055,M,,,93
200800010021,8,2,11,1400,1,2,1,1,1,93055,M,,,93
200800010022,8,2,12,1645,1,2,3,1,6,93055,M,,,93
200800010023,8,2,13,2000,3,2,7,1,6,93055,M,,,93
200800010024,8,2,16,1538,1,2,1,1,6,93055,M,,,93
200800010025,8,2,22,930,1,2,1,1,6,93055,M,,,93
200800010026,8,2,24,1345,1,2,3,1,3,93055,M,,,93
200800010027,8,2,27,739,1,2,1,1,7,93055,M,,,93
200800010028,8,2,29,845,1,2,2,1,3,93055,M,,,93
200800010029,8,2,29,1120,1,2,1,2,3,93055,M,,,93
200800010030,8,2,1,1035,1,2,1,3,6,93014,M,,,93
200800010031,8,2,5,700,5,2,1,2,6,93062,M,,,93
200800010032,8,2,2,1310,1,2,1,1,2,93014,M,,,93
200800010033,8,2,4,1135,1,2,1,8,6,93014,M,,,93
200800010034,8,2,9,2000,5,2,1,1,3,93014,M,,,93
200800010035,8,2,10,1420,1,2,3,1,3,93014,M,,,93
200800010036,8,2,10,1610,1,2,1,1,2,93014,M,,,93
200800010037,8,2,12,2000,5,2,1,1,4,93014,M,,,93
200800010038,8,2,21,1940,5,2,2,1,3,93062,M,,,93
200800010039,8,2,26,1850,5,2,1,2,6,93014,M,,,93
200800010040,8,2,26,2125,5,2,2,8,3,93062,M,,,93
200800010041,8,2,28,135,3,2,2,1,6,93014,M,,,93
200800010042,8,2,28,1611,1,2,6,2,6,93062,M,,,93
200800010043,8,2,11,1600,1,2,3,1,3,93064,M,,,93
200800010044,8,2,12,1405,1,2,2,1,3,93077,M,,,93
200800010045,8,2,16,1945,5,2,1,1,7,93064,M,,,93
200800010046,8,2,18,645,5,2,1,1,7,93064,M,,,93
200800010047,8,2,18,810,2,2,1,1,1,93077,M,,,93
200800010048,8,2,12,1835,5,2,1,1,7,93077,M,,,93
200800010049,8,2,21,1345,1,2,1,1,7,93064,M,,,93
200800010050,8,2,18,2200,5,2,3,1,3,93064,M,,,93
200800010051,8,2,29,1400,1,2,1,1,3,93064,M,,,93
200800010052,8,2,26,1030,1,2,5,1,3,93077,M,,,93
200800010053,8,2,28,1030,1,2,7,1,7,93064,M,,,93
200800010054,8,2,1,1255,1,2,1,3,6,93066,M,,,93
200800010055,8,2,2,1630,1,2,8,1,7,93066,M,,,93
200800010056,8,2,2,1745,2,2,1,1,5,93066,M,,,93
200800010057,8,2,7,910,1,2,1,1,6,93066,M,,,93
200800010058,8,2,8,915,1,2,1,1,2,93066,M,,,93
200800010059,8,2,8,1500,1,2,1,1,7,93066,M,,,93
200800010060,8,2,9,2315,5,2,1,1,6,93066,M,,,93
200800010061,8,2,13,1800,1,2,9,1,6,93066,M,,,93
200800010062,8,2,14,1430,1,2,1,1,6,93066,M,,,93
200800010063,8,2,14,1800,2,2,1,1,3,93066,M,,,93
200800010064,8,2,20,1715,1,2,1,1,6,93066,M,,,93
200800010065,8,2,21,40,5,2,9,1,3,93066,M,,,93
200800010066,8,2,21,1330,1,2,1,1,4,93066,M,,,93
200800010067,8,2,21,2242,5,2,1,1,7,93066,M,,,93
200800010068,8,2,25,1703,1,2,1,8,2,93066,M,,,93
200800010069,8,2,26,915,1,2,8,2,6,93066,M,,,93
200800010070,8,2,29,1630,1,2,1,1,3,93066,M,,,93
200800010071,8,2,1,1820,5,2,1,2,6,93066,M,,,93
200800010072,8,2,6,1935,5,2,1,1,7,93066,M,,,93
200800010073,8,2,11,1720,1,2,3,1,3,93066,M,,,93
200800010074,8,2,15,1140,1,2,1,1,2,93066,M,,,93
200800010075,8,2,22,910,1,2,1,1,4,93066,M,,,93
200800010076,8,2,6,1630,1,2,1,1,6,93071,M,,,93
200800010077,8,2,11,1150,1,2,1,1,7,93071,M,,,93
200800010078,8,2,12,1750,1,2,1,1,3,93071,M,,,93
200800010079,8,2,14,1635,1,2,1,1,6,93071,M,,,93
200800010080,8,2,25,1240,1,2,2,1,2,93071,M,,,93
200800010081,8,2,11,1820,5,2,2,1,3,93059,M,,,93
200800010082,8,2,4,900,1,2,3,2,3,93059,M,,,93
200800010083,8,2,7,2215,5,2,1,1,3,93059,M,,,93
200800010084,8,2,9,2320,5,2,3,1,5,93072,M,,,93
200800010085,8,2,20,1645,1,2,1,1,3,93072,M,,,93
200800010086,8,2,11,1245,1,2,1,1,3,93059,M,,,93
200800010087,8,2,1,500,5,2,2,2,3,93078,M,,,93
200800010088,8,2,1,2015,5,2,1,1,6,93078,M,,,93
200800010089,8,2,5,910,1,2,1,2,2,93073,M,,,93
200800010090,8,2,6,1125,1,2,1,1,6,93078,M,,,93
200800010091,8,2,13,1415,1,2,1,1,6,93078,M,,,93
200800010092,8,2,19,850,1,2,2,1,5,93078,M,,,93
200800010093,8,2,25,910,1,2,6,8,3,93078,M,,,93
200800010094,8,2,25,1830,5,2,1,1,6,93078,M,,,93
200800010095,8,2,26,1550,1,2,2,2,3,93078,M,,,93
200800010096,8,2,28,1430,1,2,2,2,3,93078,M,,,93
200800010097,8,2,28,1955,5,2,2,9,3,93078,M,,,93
200800010098,8,2,9,1510,1,2,2,1,3,94002,M,,,94
200800010099,8,2,17,2100,5,2,2,1,3,94002,M,,,94
200800010100,8,2,22,1225,1,2,1,1,3,94002,M,,,94
200800010101,8,2,1,830,1,2,9,2,4,94004,M,,,94
200800010102,8,2,5,1905,5,2,1,8,6,94044,M,,,94
200800010103,8,2,3,2100,5,2,1,1,6,94004,M,,,94
200800010104,8,2,11,1010,1,2,1,1,2,94071,M,,,94
200800010105,8,2,11,1920,5,2,1,1,1,94075,M,,,94
200800010106,8,2,13,650,3,2,1,1,2,94004,M,,,94
200800010107,8,2,15,920,1,2,1,2,6,94047,M,,,94
200800010108,8,2,17,300,3,2,1,1,6,94071,M,,,94
200800010109,8,2,18,1750,1,2,1,1,6,94071,M,,,94
200800010110,8,2,23,1310,1,2,2,1,3,94071,M,,,94
200800010111,8,2,26,850,1,2,1,2,3,94044,M,,,94
200800010112,8,2,28,1540,1,2,1,8,3,94075,M,,,94
200800010113,8,2,1,125,5,2,3,3,3,94004,M,,,94
200800010114,8,2,4,830,1,2,3,1,3,94071,M,,,94
200800010115,8,2,28,1730,1,2,1,1,1,94071,M,,,94
200800010116,8,2,3,245,4,2,2,1,3,94017,M,,,94
200800010117,8,2,6,1055,1,2,9,1,6,94017,M,,,94
200800010118,8,2,6,1140,1,2,1,1,2,94017,M,,,94
200800010119,8,2,6,1315,1,2,2,1,5,94017,M,,,94
200800010120,8,2,7,1745,1,2,6,1,3,94017,M,,,94
200800010121,8,2,13,1315,1,2,1,1,6,94017,M,,,94
200800010122,8,2,13,1950,5,2,2,1,6,94017,M,,,94
200800010123,8,2,14,1420,1,2,3,1,3,94017,M,,,94
200800010124,8,2,20,1305,1,2,2,2,6,94017,M,,,94
200800010125,8,2,20,705,3,2,1,1,6,94017,M,,,94
200800010126,8,2,23,1225,1,2,1,1,3,94017,M,,,94
200800010127,8,2,24,1745,1,2,1,1,6,94017,M,,,94
200800010128,8,2,27,1745,1,2,3,1,6,94017,M,,,94
200800010129,8,2,20,854,1,2,1,1,3,94018,M,,,94
200800010130,8,2,22,1510,1,2,2,8,3,94018,M,,,94
200800010131,8,2,28,1030,1,2,1,2,6,94018,M,,,94
200800010132,8,2,1,2355,5,2,1,1,3,94059,M,,,94
200800010133,8,2,2,2350,5,1,2,1,3,94019,M,,,94
200800010134,8,2,7,1100,1,1,1,1,3,94055,M,,,94
200800010135,8,2,10,1005,1,2,1,1,2,94060,M,,,94
200800010136,8,2,10,2040,3,1,1,1,7,94079,M,,,94
200800010137,8,2,16,955,1,2,2,1,3,94079,M,,,94
200800010138,8,2,28,850,1,2,1,2,2,94019,M,,,94
200800010139,8,2,12,1700,1,2,1,1,2,94054,M,,,94
200800010140,8,2,15,1255,1,2,1,1,6,94054,M,,,94
200800010141,8,2,16,1935,4,2,1,1,2,94054,M,,,94
200800010142,8,2,22,815,1,2,1,1,6,94022,M,,,94
200800010143,8,2,14,1215,1,2,2,1,3,94054,M,,,94
200800010144,8,2,26,910,1,2,2,1,3,94022,M,,,94
200800010145,8,2,4,1410,1,2,1,1,2,94028,M,,,94
200800010146,8,2,7,1345,1,2,1,1,7,94028,M,,,94
200800010147,8,2,7,1835,1,2,1,1,7,94028,M,,,94
200800010148,8,2,8,2355,5,2,1,1,6,94028,M,,,94
200800010149,8,2,11,1950,5,2,1,1,1,94011,M,,,94
200800010150,8,2,13,1640,1,2,1,1,3,94028,M,,,94
200800010151,8,2,14,1923,5,2,1,1,7,94028,M,,,94
200800010152,8,2,15,1730,1,2,1,1,7,94028,M,,,94
200800010153,8,2,18,900,1,2,1,1,6,94028,M,,,94
200800010154,8,2,18,1840,2,2,1,1,7,94028,M,,,94
200800010155,8,2,19,1215,1,2,1,1,3,94011,M,,,94
200800010156,8,2,19,1140,1,2,1,1,3,94011,M,,,94
200800010157,8,2,20,1320,1,2,1,1,7,94028,M,,,94
200800010158,8,2,24,1420,1,2,1,1,3,94011,M,,,94
200800010159,8,2,28,810,2,2,1,1,6,94028,M,,,94
200800010160,8,2,28,1335,1,2,3,1,3,94028,M,,,94
200800010161,8,2,8,2205,5,2,1,1,6,94033,M,,,94
200800010162,8,2,18,700,1,2,1,1,6,94033,M,,,94
200800010163,8,2,20,1220,1,2,1,2,2,94033,M,,,94
200800010164,8,2,29,1825,1,2,5,1,6,94033,M,,,94
200800010165,8,2,1,1630,1,2,1,2,3,94043,M,,,94
200800010166,8,2,3,40,5,2,9,1,3,94076,M,,,94
200800010167,8,2,1,920,1,2,1,2,3,94037,M,,,94
200800010168,8,2,5,1230,1,2,1,2,6,94076,M,,,94
200800010169,8,2,6,1215,1,2,9,1,3,94003,M,,,94
200800010170,8,2,7,1550,1,2,2,1,6,94016,M,,,94
200800010171,8,2,9,1530,1,2,1,1,6,94003,M,,,94
200800010172,8,2,15,40,5,2,2,1,1,94016,M,,,94
200800010173,8,2,15,1120,1,2,2,1,3,94076,M,,,94
200800010174,8,2,16,1210,1,2,1,1,6,94016,M,,,94
200800010175,8,2,16,1745,2,2,3,1,1,94016,M,,,94
200800010176,8,2,18,930,1,2,1,1,7,94076,M,,,94
200800010177,8,2,17,1310,1,2,1,1,3,94076,M,,,94
200800010178,8,2,20,1410,1,2,9,1,6,94076,M,,,94
200800010179,8,2,23,15,5,2,1,1,6,94037,M,,,94
200800010180,8,2,22,2020,5,2,3,1,6,94016,M,,,94
200800010181,8,2,24,1355,1,2,1,1,2,94076,M,,,94
200800010182,8,2,25,1700,1,2,1,1,6,94016,M,,,94
200800010183,8,2,22,2255,5,2,1,1,6,94076,M,,,94
200800010184,8,2,27,1825,1,2,1,1,6,94016,M,,,94
200800010185,8,2,28,730,1,2,1,2,3,94003,M,,,94
200800010186,8,2,29,1555,1,2,1,2,1,94016,M,,,94
200800010187,8,2,6,1040,1,2,1,1,6,94034,M,,,94
200800010188,8,2,7,1050,1,2,9,1,3,94065,M,,,94
200800010189,8,2,8,800,1,2,1,1,2,94065,M,,,94
200800010190,8,2,12,1625,1,1,1,1,6,94065,M,,,94
200800010191,8,2,13,742,1,2,2,1,1,94038,M,,,94
200800010192,8,2,14,1645,1,1,1,1,2,94065,M,,,94
200800010193,8,2,18,935,1,2,2,1,6,94038,M,,,94
200800010194,8,2,18,1320,1,2,1,1,3,94021,M,,,94
200800010195,8,2,20,850,1,2,2,3,3,94021,M,,,94
200800010196,8,2,29,1440,1,1,1,2,2,94034,M,,,94
200800010197,8,2,19,915,1,1,2,9,3,94038,M,,,94
200800010198,8,2,10,1430,1,2,1,1,2,94041,M,,,94
200800010199,8,2,11,1230,1,2,1,1,7,94041,M,,,94
200800010200,8,2,15,1655,1,2,1,1,7,94041,M,,,94
200800010201,8,2,19,940,1,2,1,2,3,94041,M,,,94
200800010202,8,2,23,1930,5,2,1,1,7,94041,M,,,94
200800010203,8,2,2,1120,2,2,1,1,7,94041,M,,,94
200800010204,8,2,6,720,2,2,1,2,6,94041,M,,,94
200800010205,8,2,10,1650,1,2,1,1,6,94041,M,,,94
200800010206,8,2,24,135,5,2,2,1,3,94041,M,,,94
200800010207,8,2,16,1625,1,2,1,1,3,94041,M,,,94
200800010208,8,2,1,1820,5,2,1,1,3,94046,M,,,94
200800010209,8,2,6,2120,5,2,1,1,3,94046,M,,,94
200800010210,8,2,22,1735,1,2,1,1,6,94046,M,,,94
200800010211,8,2,28,2352,5,2,2,1,3,94046,M,,,94
200800010212,8,2,11,1745,2,2,2,1,1,94052,M,,,94
200800010213,8,2,7,1045,1,2,1,1,4,94058,M,,,94
200800010214,8,2,11,1520,1,2,3,1,6,94058,M,,,94
200800010215,8,2,13,1645,1,2,1,1,3,94052,M,,,94
200800010216,8,2,10,1930,5,2,2,1,3,94068,M,,,94
200800010217,8,2,9,1100,1,2,1,1,3,94068,M,,,94
200800010218,8,2,11,1525,1,2,1,1,6,94068,M,,,94
200800010219,8,2,13,830,1,2,9,1,6,94068,M,,,94
200800010220,8,2,15,2330,5,2,2,1,3,94068,M,,,94
200800010221,8,2,18,2100,5,2,1,1,1,94068,M,,,94
200800010222,8,2,20,1420,1,2,1,1,3,94068,M,,,94
200800010223,8,2,21,1050,1,1,2,1,3,94068,M,,,94
200800010224,8,2,23,920,1,2,3,1,6,94068,M,,,94
200800010225,8,2,25,1420,1,2,1,1,3,94068,M,,,94
200800010226,8,2,3,1415,1,2,3,1,3,94078,M,,,94
200800010227,8,2,6,950,1,2,1,1,2,94078,M,,,94
200800010228,8,2,9,1330,1,2,1,1,7,94078,M,,,94
200800010229,8,2,7,1900,5,2,1,1,6,94078,M,,,94
200800010230,8,2,12,1620,1,2,1,1,1,94078,M,,,94
200800010231,8,2,7,700,5,2,1,1,7,94074,M,,,94
200800010232,8,2,13,1345,1,2,1,1,6,94077,M,,,94
200800010233,8,2,5,1325,1,2,2,2,6,94078,M,,,94
200800010234,8,2,16,1215,1,2,1,1,6,94077,M,,,94
200800010235,8,2,26,2050,5,2,1,2,2,94078,M,,,94
200800010236,8,2,16,500,5,2,1,1,6,94078,M,,,94
200800010237,8,2,9,1430,1,2,1,1,6,94078,M,,,94
200800010238,8,2,11,1000,1,2,1,1,6,94078,M,,,94
200800010239,8,2,27,830,1,2,1,1,6,94001,M,,,94
200800010240,8,2,3,630,5,2,1,1,6,94074,M,,,94
200800010241,8,2,9,1215,1,2,1,1,6,94078,M,,,94
200800010242,8,2,1,635,5,2,2,2,1,94080,M,,,94
200800010243,8,2,7,1920,4,2,3,1,3,94080,M,,,94
200800010244,8,2,13,1805,5,2,1,1,6,94067,M,,,94
200800010245,8,2,18,1650,1,2,3,1,3,94080,M,,,94
200800010246,8,2,29,1505,1,2,2,1,3,94080,M,,,94
200800010247,8,2,10,1300,1,2,1,1,6,94081,M,,,94
200800010248,8,2,14,1945,5,2,3,1,6,94081,M,,,94
200800010249,8,2,16,1150,1,2,3,1,6,94081,M,,,94
200800010250,8,2,20,815,2,2,3,2,6,94081,M,,,94
200800010251,8,2,25,1630,1,2,1,1,6,94081,M,,,94
200800010252,8,2,2,900,1,2,1,1,7,95582,M,,,95
200800010253,8,2,3,1130,1,2,2,1,2,95176,M,,,95
200800010254,8,2,4,1740,2,2,6,1,3,95018,M,,,95
200800010255,8,2,5,1530,1,2,1,2,6,95018,M,,,95
200800010256,8,2,5,1430,1,2,1,2,3,95018,M,,,95
200800010257,8,2,5,1348,1,2,2,1,3,95018,M,,,95
200800010258,8,2,7,815,1,2,1,1,6,95018,M,,,95
200800010259,8,2,11,1630,1,2,1,1,6,95018,M,,,95
200800010260,8,2,9,810,1,1,3,1,3,95176,M,,,95
200800010261,8,2,15,745,1,2,3,1,2,95018,M,,,95
200800010262,8,2,11,900,1,2,6,1,3,95582,M,,,95
200800010263,8,2,17,10,5,1,1,1,6,95018,M,,,95
200800010264,8,2,15,2140,5,2,6,1,6,95018,M,,,95
200800010265,8,2,19,1535,1,2,3,1,6,95582,M,,,95
200800010266,8,2,19,1842,5,2,1,1,7,95018,M,,,95
200800010267,8,2,19,1750,1,2,1,1,7,95018,M,,,95
200800010268,8,2,18,840,1,2,1,1,7,95018,M,,,95
200800010269,8,2,22,1255,1,2,2,1,2,95018,M,,,95
200800010270,8,2,26,1100,1,2,3,2,3,95582,M,,,95
200800010271,8,2,17,1450,1,1,1,1,5,95063,M,,,95
200800010272,8,2,17,1730,1,1,1,1,3,95063,M,,,95
200800010273,8,2,2,1215,1,2,1,1,7,95127,M,,,95
200800010274,8,2,12,710,5,2,1,1,7,95127,M,,,95
200800010275,8,2,11,1925,5,2,1,1,3,95127,M,,,95
200800010276,8,2,18,1630,1,2,2,1,5,95127,M,,,95
200800010277,8,2,24,330,5,2,1,1,4,95127,M,,,95
200800010278,8,2,6,1645,1,2,1,1,6,95555,M,,,95
200800010279,8,2,4,1935,5,2,1,1,6,95252,M,,,95
200800010280,8,2,5,1635,1,2,4,2,6,95219,M,,,95
200800010281,8,2,5,1840,5,2,1,2,6,95252,M,,,95
200800010282,8,2,6,1845,5,2,3,2,3,95574,M,,,95
200800010283,8,2,8,750,2,2,3,1,6,95252,M,,,95
200800010284,8,2,11,720,2,2,3,1,3,95203,M,,,95
200800010285,8,2,12,1415,1,2,1,1,4,95219,M,,,95
200800010286,8,2,13,1550,1,2,1,1,2,95203,M,,,95
200800010287,8,2,14,2235,5,2,1,1,6,95252,M,,,95
200800010288,8,2,19,910,2,2,1,1,6,95203,M,,,95
200800010289,8,2,22,1115,1,2,1,1,6,95203,M,,,95
200800010290,8,2,23,1455,1,2,3,1,3,95203,M,,,95
200800010291,8,2,23,2050,5,2,2,1,6,95203,M,,,95
200800010292,8,2,26,1550,1,2,1,2,1,95426,M,,,95
200800010293,8,2,27,1610,1,2,9,1,6,95252,M,,,95
200800010294,8,2,18,1910,2,2,1,1,6,95268,M,,,95
200800010295,8,2,2,1725,1,2,1,1,7,95280,M,,,95
200800010296,8,2,22,1235,1,1,1,1,6,95277,M,,,95
200800010297,8,2,3,940,1,2,3,1,3,95424,M,,,95
200800010298,8,2,12,820,1,2,1,1,2,95306,M,,,95
200800010299,8,2,22,2045,5,2,1,1,3,95306,M,,,95
200800010300,8,2,8,920,1,2,1,1,6,95487,M,,,95
200800010301,8,2,13,1050,1,2,2,1,3,95487,M,,,95
200800010302,8,2,12,1640,1,2,6,1,5,95313,M,,,95
200800010303,8,2,9,2050,5,2,1,1,3,95487,M,,,95
200800010304,8,2,26,1050,1,2,2,2,6,95052,M,,,95
200800010305,8,2,27,1410,1,2,3,1,3,95487,M,,,95
200800010306,8,2,8,1224,1,2,1,1,1,95680,M,,,95
200800010307,8,2,22,1610,1,2,3,1,1,95585,M,,,95
200800010308,8,2,26,930,1,2,1,2,7,95585,M,,,95
200800010309,8,2,20,815,1,2,3,1,3,95585,M,,,95
200800010310,8,2,2,1625,1,2,1,1,2,95607,M,,,95
200800010311,8,2,11,1655,1,2,1,1,6,95607,M,,,95
200800010312,8,2,20,710,5,2,1,1,6,95051,M,,,95
200800010313,8,2,21,1225,1,2,3,1,6,95607,M,,,95
200800010314,8,2,21,1715,1,2,2,1,3,95563,M,,,95
200800010315,8,2,25,1845,5,2,3,1,3,95607,M,,,95
200800010316,8,2,2,115,5,2,3,1,3,20004,M,,,201
200800010317,8,2,5,1025,1,2,1,1,3,20004,M,,,201
200800010318,8,2,7,705,1,2,1,1,3,20004,M,,,201
200800010319,8,2,8,900,1,2,1,1,6,20004,M,,,201
200800010320,8,2,9,1415,1,2,1,1,3,20004,M,,,201
200800010321,8,2,10,1830,5,2,1,1,3,20004,M,,,201
200800010322,8,2,11,1340,1,2,1,1,2,20004,M,,,201
200800010323,8,2,14,1725,1,2,1,1,6,20004,M,,,201
200800010324,8,2,17,1805,2,2,3,1,3,20004,M,,,201
200800010325,8,2,21,1425,1,2,1,1,2,20004,M,,,201
200800010326,8,2,22,845,1,1,1,1,4,20004,M,,,201
200800010327,8,2,24,813,1,2,1,1,6,20004,M,,,201
200800010328,8,2,28,1250,1,2,4,1,3,20004,M,,,201
200800010329,8,2,10,1430,1,2,1,1,6,69381,M,,,69
200800010330,8,2,22,1945,5,2,1,1,6,69381,M,,,69
200800010331,8,2,1,750,2,1,1,2,5,94018,M,,,94
200800010332,8,2,1,745,2,1,1,1,7,94018,M,,,94
200800010333,8,2,2,150,5,1,1,1,2,94018,M,,,94
200800010334,8,2,2,1940,3,1,1,1,4,93051,M,,,93
200800010335,8,2,3,450,3,1,1,1,7,77372,M,,,77
200800010336,8,2,4,845,1,1,1,1,5,77083,M,,,77
200800010337,8,2,4,1845,5,1,1,1,3,94069,M,,,94
200800010338,8,2,4,2210,5,1,1,1,7,94028,M,,,94
200800010339,8,2,5,2240,5,1,1,2,6,94022,M,,,94
200800010340,8,2,9,2000,5,1,1,1,3,94033,M,,,94
200800010341,8,2,11,1850,5,1,1,1,3,94018,M,,,94
200800010342,8,2,12,2130,5,1,1,1,2,94042,M,,,94
200800010343,8,2,16,2215,5,1,1,1,3,94069,M,,,94
200800010344,8,2,14,1630,1,1,1,1,2,94046,M,,,94
200800010345,8,2,18,600,3,1,1,1,3,77294,M,,,77
200800010346,8,2,18,1945,5,1,1,1,4,94052,M,,,94
200800010347,8,2,19,1730,1,1,1,1,2,93051,M,,,93
200800010348,8,2,20,820,2,1,1,2,3,93051,M,,,93
200800010349,8,2,20,810,2,1,1,1,7,94018,M,,,94
200800010350,8,2,21,1900,5,1,1,1,6,77258,M,,,77
200800010351,8,2,24,1410,1,1,1,1,3,77169,M,,,77
200800010352,8,2,25,940,1,1,1,1,6,94069,M,,,94
200800010353,8,2,26,1840,2,1,1,1,5,94044,M,,,94
200800010354,8,2,26,1910,3,1,1,1,5,77373,M,,,77
200800010355,8,2,27,805,1,1,1,1,4,77450,M,,,77
200800010356,8,2,26,1911,3,1,1,1,4,77373,M,,,77
200800010357,8,2,28,1000,1,1,1,2,6,94069,M,,,94
200800010358,8,2,1,350,5,1,1,2,7,93013,M,,,93
200800010359,8,2,1,925,1,1,1,2,6,92036,M,,,92
200800010360,8,2,1,1847,5,1,1,1,7,92036,M,,,92
200800010361,8,2,2,1200,1,1,1,1,5,95218,M,,,95
200800010362,8,2,3,600,5,1,1,1,2,95527,M,,,95
200800010363,8,2,4,730,2,1,1,1,2,93010,M,,,93
200800010364,8,2,4,1715,1,1,1,1,4,93053,M,,,93
200800010365,8,2,5,325,5,1,1,2,7,93027,M,,,93
200800010366,8,2,6,2100,4,1,1,1,3,93064,M,,,93
200800010367,8,2,6,1240,1,1,1,1,4,95351,M,,,95
200800010368,8,2,7,2040,2,1,1,1,2,93006,M,,,93
200800010369,8,2,9,710,4,1,1,1,2,93032,M,,,93
200800010370,8,2,9,1500,1,1,1,1,2,95256,M,,,95
200800010371,8,2,10,630,2,1,1,1,2,93066,M,,,93
200800010372,8,2,10,1335,1,1,1,1,2,93066,M,,,93
200800010373,8,2,10,2210,3,1,1,1,4,93073,M,,,93
200800010374,8,2,12,1900,5,1,1,1,2,93064,M,,,93
200800010375,8,2,13,240,3,1,1,1,7,93027,M,,,93
200800010376,8,2,13,850,2,1,1,1,3,93048,M,,,93
200800010377,8,2,13,940,1,1,1,1,6,93032,M,,,93
200800010378,8,2,13,2105,5,1,1,1,7,93066,M,,,93
200800010379,8,2,14,425,5,1,1,1,3,60612,M,,,60
200800010380,8,2,15,710,5,1,1,1,3,93032,M,,,93
200800010381,8,2,15,750,5,1,1,1,3,93006,M,,,93
200800010382,8,2,15,905,1,1,1,1,3,93064,M,,,93
200800010383,8,2,15,1700,1,1,1,1,7,93063,M,,,93
200800010384,8,2,16,115,3,1,1,1,7,95607,M,,,95
200800010385,8,2,16,1555,1,1,1,1,2,93010,M,,,93
200800010386,8,2,18,1630,1,1,1,1,2,93063,M,,,93
200800010387,8,2,18,2350,5,1,1,1,7,93066,M,,,93
200800010388,8,2,19,1200,1,1,1,1,3,92036,M,,,92
200800010389,8,2,19,1410,1,1,1,1,3,95424,M,,,95
200800010390,8,2,19,1500,1,1,1,1,6,93078,M,,,93
200800010391,8,2,22,315,3,1,2,1,7,92036,M,,,92
200800010392,8,2,21,1923,5,1,1,1,5,93013,M,,,93
200800010393,8,2,22,1400,1,1,1,1,3,93063,M,,,93
200800010394,8,2,23,1230,1,1,1,1,5,95500,M,,,95
200800010395,8,2,24,1515,1,1,1,1,2,93063,M,,,93
200800010396,8,2,25,645,3,1,1,2,5,95042,M,,,95
200800010397,8,2,22,1840,3,1,6,1,7,93078,M,,,93
200800010398,8,2,25,2240,3,1,1,1,3,95527,M,,,95
200800010399,8,2,26,1630,1,1,1,2,3,93053,M,,,93
200800010400,8,2,26,1945,5,1,1,2,4,93066,M,,,93
200800010401,8,2,27,810,1,1,1,1,3,95604,M,,,95
200800010402,8,2,1,935,1,1,1,2,3,78545,M,,,78
200800010403,8,2,7,1020,1,1,1,1,2,92064,M,,,92
200800010404,8,2,12,1410,1,1,1,1,6,78291,M,,,78
200800010405,8,2,13,630,2,1,1,1,6,92060,M,,,92
200800010406,8,2,24,1720,1,1,1,1,7,78233,M,,,78
200800010407,8,2,24,1725,1,1,1,1,2,78423,M,,,78
200800010408,8,2,1,757,2,1,1,1,3,94003,M,,,94
200800010409,8,2,1,800,2,1,1,2,6,91377,M,,,91
200800010410,8,2,1,1135,1,1,1,2,7,91064,M,,,91
200800010411,8,2,1,1955,3,1,1,1,6,77251,M,,,77
200800010412,8,2,2,1550,1,1,1,1,6,91471,M,,,91
200800010413,8,2,2,2137,5,1,1,1,2,91377,M,,,91
200800010414,8,2,4,605,3,1,1,2,6,91687,M,,,91
200800010415,8,2,4,820,1,1,1,1,2,94034,M,,,94
200800010416,8,2,4,900,1,1,1,1,2,91468,M,,,91