Num_Acc,an,mois,jour,hrmn,lum,agg,int,atm,col,com,gps,lat,long,dep
200800010417,8,2,4,1438,1,1,1,1,3,91689,M,,,91
200800010418,8,2,5,2130,3,1,1,2,3,91377,M,,,91
200800010419,8,2,6,830,1,1,1,1,3,94038,M,,,94
200800010420,8,2,6,857,1,1,1,8,6,91174,M,,,91
200800010421,8,2,6,950,1,1,1,1,2,91161,M,,,91
200800010422,8,2,6,1100,1,1,1,1,3,91689,M,,,91
200800010423,8,2,6,1250,1,1,1,1,3,94038,M,,,94
200800010424,8,2,8,2000,3,1,9,1,4,91136,M,,,91
200800010425,8,2,9,1500,1,1,1,1,6,91589,M,,,91
200800010426,8,2,14,718,2,1,1,1,6,94003,M,,,94
200800010427,8,2,11,1052,1,1,1,1,2,91182,M,,,91
200800010428,8,2,11,1300,1,1,1,1,4,91228,M,,,91
200800010429,8,2,11,1812,2,1,1,1,2,94034,M,,,94
200800010430,8,2,12,1945,3,1,1,1,2,91136,M,,,91
200800010431,8,2,13,830,1,1,1,1,3,91521,M,,,91
200800010432,8,2,14,1043,1,1,1,1,6,94034,M,,,94
200800010433,8,2,14,1200,1,1,1,1,4,94038,M,,,94
200800010434,8,2,15,800,2,1,1,1,2,77251,M,,,77
200800010435,8,2,16,301,5,1,1,1,7,91553,M,,,91
200800010436,8,2,16,1531,1,1,1,1,6,91216,M,,,91
200800010437,8,2,16,1551,1,1,1,1,2,91521,M,,,91
200800010438,8,2,18,25,3,1,1,1,6,91534,M,,,91
200800010439,8,2,18,915,1,1,1,1,2,91589,M,,,91
200800010440,8,2,18,1410,1,1,1,1,2,94038,M,,,94
200800010441,8,2,18,1650,1,1,1,1,2,91553,M,,,91
200800010442,8,2,20,1105,1,1,1,2,2,91363,M,,,91
200800010443,8,2,20,1215,1,1,1,2,2,94038,M,,,94
200800010444,8,2,20,1915,3,1,1,1,3,91377,M,,,91
200800010445,8,2,21,1355,1,1,1,1,6,91689,M,,,91
200800010446,8,2,22,2358,3,1,1,1,6,75013,M,,,75
200800010447,8,2,24,1914,5,1,2,5,3,91136,M,,,91
200800010448,8,2,24,713,2,1,4,5,6,91182,M,,,91
200800010449,8,2,25,750,1,1,1,8,7,91521,M,,,91
200800010450,8,2,25,1720,1,1,1,1,3,92002,M,,,92
200800010451,8,2,25,2010,3,1,1,1,6,91235,M,,,91
200800010452,8,2,26,1330,1,1,1,2,6,91377,M,,,91
200800010453,8,2,26,1345,1,1,1,1,6,94037,M,,,94
200800010454,8,2,26,1545,1,1,1,2,3,94038,M,,,94
200800010455,8,2,26,1745,1,1,1,2,4,94038,M,,,94
200800010456,8,2,27,930,1,1,1,2,3,94038,M,,,94
200800010457,8,2,28,800,1,1,1,2,6,91339,M,,,91
200800010458,8,2,28,940,1,1,1,2,7,91179,M,,,91
200800010459,8,2,2,1726,1,2,1,1,2,20033,M,,,202
200800010460,8,2,4,500,2,1,1,1,7,20120,M,,,202
200800010461,8,2,4,1355,1,2,1,1,6,20033,M,,,202
200800010462,8,2,4,1420,1,2,1,1,2,20033,M,,,202
200800010463,8,2,6,1825,5,2,1,1,2,20037,M,,,202
200800010464,8,2,10,400,5,2,1,1,6,20033,M,,,202
200800010465,8,2,11,811,1,1,1,1,6,20037,M,,,202
200800010466,8,2,15,815,1,2,1,1,7,20033,M,,,202
200800010467,8,2,15,1650,1,1,1,1,1,20120,M,,,202
200800010468,8,2,17,1318,1,2,1,1,3,20033,M,,,202
200800010469,8,2,18,705,1,2,1,1,5,20033,M,,,202
200800010470,8,2,18,811,1,1,1,1,3,20037,M,,,202
200800010471,8,2,20,452,5,2,1,1,7,20033,M,,,202
200800010472,8,2,21,2141,3,2,1,1,3,20037,M,,,202
200800010473,8,2,22,926,1,2,1,1,7,20033,M,,,202
200800010474,8,2,24,1705,1,2,1,1,1,20353,M,,,202
200800010475,8,2,25,1036,1,2,1,1,4,20033,M,,,202
200800010476,8,2,26,908,1,2,1,1,5,20033,M,,,202
200800010477,8,2,26,1905,5,2,1,1,1,20033,M,,,202
200800010478,8,2,27,1550,1,2,1,1,6,20033,M,,,202
200800010479,8,2,28,2113,5,2,1,1,3,20033,M,,,202
200800010480,8,2,20,1300,1,2,2,1,6,69382,M,,,69
200800010481,8,2,9,755,1,2,1,1,2,69382,M,,,69
200800010482,8,2,24,1742,1,2,2,1,6,69382,M,,,69
200800010483,8,2,2,1500,1,1,1,1,7,59155,M,,,59
200800010484,8,2,3,835,1,1,1,1,6,59256,M,,,59
200800010485,8,2,4,745,5,1,1,2,6,59646,M,,,59
200800010486,8,2,4,930,1,1,1,1,6,59196,M,,,59
200800010487,8,2,4,1830,3,1,1,1,6,62582,M,,,62
200800010488,8,2,5,655,5,1,1,2,2,59350,M,,,59
200800010489,8,2,5,1615,1,1,1,1,6,59459,M,,,59
200800010490,8,2,6,1025,1,1,1,2,6,62498,M,,,62
200800010491,8,2,6,1545,1,1,1,1,3,59507,M,,,59
200800010492,8,2,9,1340,1,1,1,1,6,59523,M,,,59
200800010493,8,2,9,1900,5,1,1,1,6,62239,M,,,62
200800010494,8,2,9,2055,5,1,1,1,5,59359,M,,,59
200800010495,8,2,10,1610,1,1,1,1,7,59343,M,,,59
200800010496,8,2,11,530,1,1,1,1,6,59462,M,,,59
200800010497,8,2,11,1600,1,1,1,1,2,59009,M,,,59
200800010498,8,2,12,1600,1,1,1,1,6,59449,M,,,59
200800010499,8,2,15,1235,1,1,1,1,6,59043,M,,,59
200800010500,8,2,15,1610,1,1,1,1,6,59515,M,,,59
200800010501,8,2,16,2335,5,1,1,1,1,59491,M,,,59
200800010502,8,2,18,1300,1,1,1,1,6,59350,M,,,59
200800010503,8,2,20,1230,1,1,1,1,6,59284,M,,,59
200800010504,8,2,21,600,5,1,1,5,6,59491,M,,,59
200800010505,8,2,21,1050,1,1,1,1,6,59515,M,,,59
200800010506,8,2,21,2235,5,1,1,1,3,59183,M,,,59
200800010507,8,2,22,440,5,1,1,1,6,62628,M,,,62
200800010508,8,2,22,1730,1,1,1,1,4,59560,M,,,59
200800010509,8,2,23,200,1,1,1,1,6,62528,M,,,62
200800010510,8,2,23,530,5,1,1,1,6,59094,M,,,59
200800010511,8,2,24,900,1,1,1,1,6,59260,M,,,59
200800010512,8,2,25,1105,1,1,1,1,6,59094,M,,,59
200800010513,8,2,25,1440,1,1,1,1,6,59530,M,,,59
200800010514,8,2,25,1930,5,1,1,1,6,62239,M,,,62
200800010515,8,2,25,2110,5,1,1,1,6,59343,M,,,59
200800010516,8,2,26,1135,1,1,1,2,6,59009,M,,,59
200800010517,8,2,26,1230,1,1,1,2,6,62498,M,,,62
200800010518,8,2,26,2255,5,1,1,1,6,59009,M,,,59
200800010519,8,2,27,100,1,1,1,1,6,59479,M,,,59
200800010520,8,2,27,745,1,1,1,1,6,62351,M,,,62
200800010521,8,2,27,845,1,1,1,1,6,59359,M,,,59
200800010522,8,2,27,1900,1,1,1,1,5,59009,M,,,59
200800010523,8,2,28,1325,1,1,1,2,6,59606,M,,,59
200800010524,8,2,28,1525,1,1,1,2,6,59143,M,,,59
200800010525,8,2,28,1635,1,1,1,2,5,59606,M,,,59
200800010526,8,2,28,2145,5,1,1,2,6,62193,M,,,62
200800010527,8,2,29,40,5,1,1,2,6,62907,M,,,62
200800010528,8,2,29,850,1,1,1,2,6,59609,M,,,59
200800010529,8,2,8,920,1,2,1,1,3,69383,M,,,69
200800010530,8,2,12,1130,1,2,2,1,3,69383,M,,,69
200800010531,8,2,12,1315,1,2,2,1,3,69383,M,,,69
200800010532,8,2,13,710,2,2,1,1,5,69383,M,,,69
200800010533,8,2,13,755,2,2,2,1,3,69383,M,,,69
200800010534,8,2,13,1525,1,2,2,1,3,69386,M,,,69
200800010535,8,2,13,1800,2,2,1,1,3,69383,M,,,69
200800010536,8,2,14,620,5,2,3,1,3,69383,M,,,69
200800010537,8,2,14,1800,1,2,3,1,3,69383,M,,,69
200800010538,8,2,16,1305,1,2,1,1,2,69383,M,,,69
200800010539,8,2,16,1020,1,2,2,1,5,69386,M,,,69
200800010540,8,2,19,1635,1,2,1,7,2,69386,M,,,69
200800010541,8,2,20,1030,1,2,1,1,6,69386,M,,,69
200800010542,8,2,22,1300,1,2,2,1,3,69383,M,,,69
200800010543,8,2,14,2015,5,2,2,1,6,69383,M,,,69
200800010544,8,2,28,1845,2,2,2,1,6,69383,M,,,69
200800010545,8,2,13,830,1,2,2,1,6,69386,M,,,69
200800010546,8,2,7,15,5,2,1,1,6,69384,M,,,69
200800010547,8,2,7,1825,5,2,1,1,6,69384,M,,,69
200800010548,8,2,1,1950,5,1,1,2,6,33080,M,,,33
200800010549,8,2,1,2015,5,1,1,2,2,33080,M,,,33
200800010550,8,2,2,555,5,1,1,2,7,33249,M,,,33
200800010551,8,2,3,945,1,1,1,1,6,33397,M,,,33
200800010552,8,2,4,1225,1,1,1,4,4,33167,M,,,33
200800010553,8,2,5,2045,5,1,1,1,6,33039,M,,,33
200800010554,8,2,6,355,3,1,1,2,5,33550,M,,,33
200800010555,8,2,8,655,1,1,1,1,3,33039,M,,,33
200800010556,8,2,8,2005,5,1,1,1,6,33122,M,,,33
200800010557,8,2,10,1410,1,1,1,1,7,33550,M,,,33
200800010558,8,2,10,1705,1,1,1,1,4,33080,M,,,33
200800010559,8,2,11,1700,1,1,1,1,2,33162,M,,,33
200800010560,8,2,12,735,5,1,1,1,5,33318,M,,,33
200800010561,8,2,12,1730,1,1,1,1,2,33039,M,,,33
200800010562,8,2,12,1805,1,1,1,1,7,33249,M,,,33
200800010563,8,2,12,1920,4,1,1,1,2,33192,M,,,33
200800010564,8,2,13,1640,1,1,1,1,2,33090,M,,,33
200800010565,8,2,16,1730,2,1,1,1,5,33039,M,,,33
200800010566,8,2,17,1255,1,1,1,1,6,33318,M,,,33
200800010567,8,2,18,645,5,1,1,1,3,33192,M,,,33
200800010568,8,2,20,1720,1,1,1,1,5,33192,M,,,33
200800010569,8,2,22,1845,3,1,1,1,2,33550,M,,,33
200800010570,8,2,23,1622,1,1,1,1,2,33550,M,,,33
200800010571,8,2,24,740,1,1,1,1,2,33065,M,,,33
200800010572,8,2,24,1235,1,1,1,1,3,33397,M,,,33
200800010573,8,2,26,1830,1,1,1,2,7,33550,M,,,33
200800010574,8,2,26,1930,5,1,1,2,7,33249,M,,,33
200800010575,8,2,26,2115,5,1,1,2,6,33550,M,,,33
200800010576,8,2,27,1415,1,1,1,1,6,33550,M,,,33
200800010577,8,2,27,2130,5,1,1,1,3,33318,M,,,33
200800010578,8,2,28,630,2,1,1,1,6,33249,M,,,33
200800010579,8,2,29,1138,1,1,1,1,3,33550,M,,,33
200800010580,8,2,8,1255,1,2,1,1,7,69385,M,,,69
200800010581,8,2,10,1255,1,2,2,1,1,69385,M,,,69
200800010582,8,2,12,530,3,1,1,1,3,67365,M,,,67
200800010583,8,2,21,1100,1,1,1,2,2,67137,M,,,67
200800010584,8,2,26,50,3,1,1,1,2,67365,M,,,67
200800010585,8,2,27,1515,1,1,1,1,3,67482,M,,,67
200800010586,8,2,7,1810,3,1,1,1,2,57433,M,,,57
200800010587,8,2,11,900,1,1,1,7,6,57041,M,,,57
200800010588,8,2,4,825,1,2,3,2,3,69387,M,,,69
200800010589,8,2,8,1110,1,2,1,1,6,69387,M,,,69
200800010590,8,2,10,1430,1,2,1,1,6,69387,M,,,69
200800010591,8,2,19,855,1,2,1,1,2,69387,M,,,69
200800010592,8,2,22,2200,5,1,2,1,3,69387,M,,,69
200800010593,8,2,27,1020,1,2,2,1,3,69387,M,,,69
200800010594,8,2,23,1240,1,2,6,1,3,69387,M,,,69
200800010595,8,2,4,1230,1,2,1,2,1,69388,M,,,69
200800010596,8,2,9,1100,1,2,1,1,6,69388,M,,,69
200800010597,8,2,12,2250,3,2,2,1,3,69388,M,,,69
200800010598,8,2,14,750,1,2,2,1,6,69388,M,,,69
200800010599,8,2,13,1700,1,2,1,1,6,69388,M,,,69
200800010600,8,2,15,1030,1,2,1,1,6,69388,M,,,69
200800010601,8,2,15,1710,1,2,1,1,6,69388,M,,,69
200800010602,8,2,19,840,1,2,1,1,6,69388,M,,,69
200800010603,8,2,20,915,1,2,1,1,6,69388,M,,,69
200800010604,8,2,25,1830,5,2,1,1,2,69388,M,,,69
200800010605,8,2,18,2020,5,2,1,1,6,69388,M,,,69
200800010606,8,2,19,1140,1,2,1,1,6,69388,M,,,69
200800010607,8,2,27,1720,1,2,1,1,6,69388,M,,,69
200800010608,8,2,21,1920,5,2,2,1,1,69388,M,,,69
200800010609,8,2,8,2120,5,1,1,1,7,42218,M,,,42
200800010610,8,2,23,1500,1,1,1,1,2,42097,M,,,42
200800010611,8,2,25,825,1,1,1,1,2,42218,M,,,42
200800010612,8,2,3,1920,5,1,1,1,3,69266,M,,,69
200800010613,8,2,9,540,2,1,1,1,6,69009,M,,,69
200800010614,8,2,12,2015,5,1,1,1,3,38544,M,,,38
200800010615,8,2,14,2025,5,1,1,1,6,69149,M,,,69
200800010616,8,2,17,1650,1,1,1,1,6,69297,M,,,69
200800010617,8,2,18,1605,1,1,1,1,7,69290,M,,,69
200800010618,8,2,19,700,2,1,1,1,3,69259,M,,,69
200800010619,8,2,21,1730,1,1,1,1,3,69290,M,,,69
200800010620,8,2,23,1725,1,1,1,1,5,69388,M,,,69
200800010621,8,2,24,1417,1,1,1,1,4,38544,M,,,38
200800010622,8,2,8,1410,1,2,1,1,6,69389,M,,,69
200800010623,8,2,7,1200,1,2,1,1,6,69389,M,,,69
200800010624,8,2,7,1400,1,2,1,1,6,69389,M,,,69
200800010625,8,2,12,2200,5,2,1,1,6,69389,M,,,69
200800010626,8,2,13,1805,5,2,1,1,3,69389,M,,,69
200800010627,8,2,18,1355,1,2,1,1,6,69389,M,,,69
200800010628,8,2,20,1505,1,2,1,1,6,69389,M,,,69
200800010629,8,2,15,1710,1,2,2,1,3,69389,M,,,69
200800010630,8,2,28,720,1,2,1,1,6,69389,M,,,69
200800010631,8,2,26,2000,3,2,1,2,6,69389,M,,,69
200800010632,8,2,2,15,5,1,1,2,6,83144,M,,,83
200800010633,8,2,10,1820,3,1,1,1,6,13028,M,,,13
200800010634,8,2,4,720,2,1,1,2,2,83144,M,,,83
200800010635,8,2,8,1930,5,1,1,1,4,83137,M,,,83
200800010636,8,2,9,1150,1,1,1,1,7,83137,M,,,83
200800010637,8,2,11,733,1,1,1,1,3,83144,M,,,83
200800010638,8,2,24,510,5,1,1,1,7,83137,M,,,83
200800010639,8,2,26,1401,1,1,1,2,4,83137,M,,,83
200800010640,8,2,26,1525,1,1,9,2,3,83112,M,,,83
200800010641,8,2,27,715,1,1,1,1,7,83069,M,,,83
200800010642,8,2,22,1220,1,1,1,1,2,13028,M,,,13
200800010643,8,2,2,420,5,1,1,2,6,13216,M,,,13
200800010644,8,2,2,1500,1,1,1,1,5,13001,M,,,13
200800010645,8,2,3,620,3,1,1,1,2,13081,M,,,13
200800010646,8,2,4,900,1,1,1,2,7,13056,M,,,13
200800010647,8,2,5,1905,3,1,1,1,4,13001,M,,,13
200800010648,8,2,6,1125,1,1,1,1,2,13001,M,,,13
200800010649,8,2,8,1550,1,1,1,1,2,13215,M,,,13
200800010650,8,2,8,1730,1,1,1,1,2,13211,M,,,13
200800010651,8,2,10,25,3,1,1,1,6,13215,M,,,13
200800010652,8,2,11,1800,2,1,1,1,2,13055,M,,,13
200800010653,8,2,12,728,2,1,1,1,3,13215,M,,,13
200800010654,8,2,12,758,5,1,1,1,4,13202,M,,,13
200800010655,8,2,12,840,1,1,1,1,7,13071,M,,,13
200800010656,8,2,14,1220,1,1,1,1,6,13026,M,,,13
200800010657,8,2,14,1330,1,1,1,1,2,13019,M,4399142.0,532674.0,13
200800010658,8,2,15,750,1,1,1,1,6,13056,M,,,13
200800010659,8,2,15,820,1,1,1,1,2,13056,M,,,13
200800010660,8,2,15,900,1,1,1,1,2,13215,M,,,13
200800010661,8,2,15,1740,1,1,1,1,2,13215,M,,,13
200800010662,8,2,16,705,3,1,1,1,4,13005,M,,,13
200800010663,8,2,17,2330,5,1,1,1,2,13211,M,,,13
200800010664,8,2,18,1225,1,1,1,1,2,13070,M,,,13
200800010665,8,2,19,1056,1,1,1,1,3,13215,M,,,13
200800010666,8,2,19,2045,3,1,1,1,3,13071,M,,,13
200800010667,8,2,20,218,3,1,1,1,2,13071,M,,,13
200800010668,8,2,21,455,3,1,1,1,6,13001,M,,,13
200800010669,8,2,21,817,1,1,1,1,6,13071,M,,,13
200800010670,8,2,21,1805,1,1,1,1,4,13214,M,,,13
200800010671,8,2,22,1210,1,1,1,1,3,13005,M,,,13
200800010672,8,2,22,1658,1,1,1,1,2,13214,M,,,13
200800010673,8,2,24,100,4,1,1,1,2,13211,M,,,13
200800010674,8,2,24,650,2,1,1,1,5,13215,M,,,13
200800010675,8,2,25,725,2,1,1,1,3,13202,M,,,13
200800010676,8,2,26,750,1,1,1,1,2,13070,M,,,13
200800010677,8,2,28,910,1,1,1,1,6,13202,M,,,13
200800010678,8,2,28,2240,5,1,1,1,7,13215,M,,,13
200800010679,8,2,29,1130,1,1,1,1,6,13033,M,,,13
200800010680,8,2,29,2314,3,1,1,1,7,13071,M,,,13
200800010681,8,2,4,925,1,2,1,1,7,75101,M,,,75
200800010682,8,2,4,1505,1,2,3,1,3,75101,M,,,75
200800010683,8,2,5,1600,1,2,1,2,6,75101,M,,,75
200800010684,8,2,7,1540,1,2,1,1,3,75101,M,,,75
200800010685,8,2,9,1300,1,2,1,1,6,75101,M,,,75
200800010686,8,2,9,1935,5,2,1,1,2,75101,M,,,75
200800010687,8,2,11,1220,1,2,1,1,6,75101,M,,,75
200800010688,8,2,11,1640,1,2,2,1,3,75101,M,,,75
200800010689,8,2,11,1730,1,2,1,1,6,75101,M,,,75
200800010690,8,2,14,1255,1,2,1,1,6,75101,M,,,75
200800010691,8,2,15,1900,5,2,1,1,6,75101,M,,,75
200800010692,8,2,23,330,5,2,1,1,6,75101,M,,,75
200800010693,8,2,23,1645,1,2,1,1,7,75101,M,,,75
200800010694,8,2,25,1735,1,2,1,1,6,75101,M,,,75
200800010695,8,2,26,800,1,2,3,1,3,75101,M,,,75
200800010696,8,2,6,1050,1,2,1,1,6,75102,M,,,75
200800010697,8,2,15,1925,5,2,3,1,6,75101,M,,,75
200800010698,8,2,21,2120,5,2,2,1,6,75102,M,,,75
200800010699,8,2,28,1218,1,2,1,2,6,75102,M,,,75
200800010700,8,2,7,1230,1,2,1,1,6,75103,M,,,75
200800010701,8,2,8,1720,1,2,5,1,7,75103,M,,,75
200800010702,8,2,8,1815,5,2,1,1,6,75103,M,,,75
200800010703,8,2,13,1635,1,2,2,1,7,75103,M,,,75
200800010704,8,2,15,2035,5,2,3,1,6,75103,M,,,75
200800010705,8,2,19,810,1,2,2,1,5,75103,M,,,75
200800010706,8,2,20,1515,1,2,1,2,2,75103,M,,,75
200800010707,8,2,21,1915,5,2,1,1,3,75103,M,,,75
200800010708,8,2,23,1620,1,2,3,1,6,75103,M,,,75
200800010709,8,2,28,830,1,2,1,2,7,75103,M,,,75
200800010710,8,2,28,1245,1,2,1,2,2,75103,M,,,75
200800010711,8,2,1,1540,1,2,1,8,7,75104,M,,,75
200800010712,8,2,3,1425,1,2,3,1,3,75104,M,,,75
200800010713,8,2,4,1450,1,2,1,1,7,75104,M,,,75
200800010714,8,2,7,1315,1,2,1,1,6,75104,M,,,75
200800010715,8,2,9,1820,5,2,1,1,6,75104,M,,,75
200800010716,8,2,10,1430,1,2,3,1,3,75104,M,,,75
200800010717,8,2,14,942,1,2,1,1,2,75104,M,,,75
200800010718,8,2,17,2325,5,2,1,1,7,75104,M,,,75
200800010719,8,2,19,1540,1,2,1,1,2,75104,M,,,75
200800010720,8,2,22,2005,5,2,1,1,2,75105,M,,,75
200800010721,8,2,1,1000,1,2,1,2,6,75105,M,,,75
200800010722,8,2,1,1825,5,2,2,2,6,75105,M,,,75
200800010723,8,2,4,1530,1,2,2,8,6,75105,M,,,75
200800010724,8,2,5,1825,5,2,1,2,6,75105,M,,,75
200800010725,8,2,6,2220,5,2,1,1,6,75105,M,,,75
200800010726,8,2,7,920,1,2,2,1,3,75105,M,,,75
200800010727,8,2,8,1015,1,2,1,1,6,75105,M,,,75
200800010728,8,2,8,1340,1,2,1,1,3,75105,M,,,75
200800010729,8,2,8,1625,1,2,2,1,6,75105,M,,,75
200800010730,8,2,8,1937,5,2,1,1,3,75105,M,,,75
200800010731,8,2,9,30,5,2,2,1,2,75105,M,,,75
200800010732,8,2,10,1855,5,2,2,1,6,75105,M,,,75
200800010733,8,2,11,1245,1,2,1,1,3,75105,M,,,75
200800010734,8,2,11,1840,5,2,1,1,4,75105,M,,,75
200800010735,8,2,13,850,1,2,2,1,7,75105,M,,,75
200800010736,8,2,14,920,1,2,1,1,2,75105,M,,,75
200800010737,8,2,14,1000,1,2,1,1,7,75105,M,,,75
200800010738,8,2,17,1435,1,2,2,1,3,75105,M,,,75
200800010739,8,2,19,1500,1,2,1,1,2,75105,M,,,75
200800010740,8,2,20,1805,5,2,2,1,4,75105,M,,,75
200800010741,8,2,20,2110,5,2,1,1,2,75105,M,,,75
200800010742,8,2,22,1327,1,2,1,1,6,75105,M,,,75
200800010743,8,2,23,1320,1,2,1,1,7,75105,M,,,75
200800010744,8,2,28,100,5,2,2,1,3,75105,M,,,75
200800010745,8,2,28,1045,1,2,2,2,3,75105,M,,,75
200800010746,8,2,29,710,5,2,1,2,6,75105,M,,,75
200800010747,8,2,1,1220,1,2,1,3,6,75106,M,,,75
200800010748,8,2,1,2255,5,2,2,2,3,75106,M,,,75
200800010749,8,2,4,1140,1,2,1,2,3,75106,M,,,75
200800010750,8,2,4,1320,1,2,1,2,6,75106,M,,,75
200800010751,8,2,6,900,1,2,3,1,3,75106,M,,,75
200800010752,8,2,7,1510,1,2,1,1,6,75106,M,,,75
200800010753,8,2,8,1255,1,2,2,1,3,75106,M,,,75
200800010754,8,2,9,1755,5,2,1,1,6,75106,M,,,75
200800010755,8,2,9,1740,1,2,1,1,6,75106,M,,,75
200800010756,8,2,19,935,1,2,3,1,3,75106,M,,,75
200800010757,8,2,20,2105,5,2,2,1,3,75106,M,,,75
200800010758,8,2,21,1820,5,2,1,1,2,75106,M,,,75
200800010759,8,2,28,40,5,2,3,1,6,75106,M,,,75
200800010760,8,2,28,930,1,2,2,2,6,75106,M,,,75
200800010761,8,2,28,1030,1,2,1,2,7,75106,M,,,75
200800010762,8,2,29,2225,5,2,1,2,6,75106,M,,,75
200800010763,8,2,1,1507,1,2,1,8,7,75107,M,,,75
200800010764,8,2,1,2230,5,2,1,8,3,75107,M,,,75
200800010765,8,2,12,1635,1,2,1,1,4,75107,M,,,75
200800010766,8,2,14,1845,5,2,1,1,6,75107,M,,,75
200800010767,8,2,17,1430,1,2,2,1,3,75107,M,,,75
200800010768,8,2,18,2257,5,2,1,1,2,75107,M,,,75
200800010769,8,2,19,1215,1,2,2,1,6,75107,M,,,75
200800010770,8,2,19,2325,5,2,1,1,7,75107,M,,,75
200800010771,8,2,20,157,5,2,1,2,6,75115,M,,,75
200800010772,8,2,20,1210,1,2,1,2,7,75107,M,,,75
200800010773,8,2,21,1505,1,2,1,1,3,75107,M,,,75
200800010774,8,2,22,1300,1,2,1,1,6,75107,M,,,75
200800010775,8,2,23,1710,1,2,2,1,3,75107,M,,,75
200800010776,8,2,24,1650,1,2,2,1,3,75107,M,,,75
200800010777,8,2,25,1253,1,2,2,1,3,75107,M,,,75
200800010778,8,2,25,2030,5,2,1,1,6,75107,M,,,75
200800010779,8,2,26,1525,1,2,1,2,7,75107,M,,,75
200800010780,8,2,29,1650,1,2,7,1,6,75107,M,,,75
200800010781,8,2,29,2150,5,2,2,1,6,75107,M,,,75
200800010782,8,2,11,2225,5,2,1,1,3,75108,M,,,75
200800010783,8,2,18,2115,5,2,5,1,3,75108,M,,,75
200800010784,8,2,1,740,5,2,1,2,7,75108,M,,,75
200800010785,8,2,1,900,1,2,1,2,3,75108,M,,,75
200800010786,8,2,1,915,1,2,1,2,7,75108,M,,,75
200800010787,8,2,1,1620,1,2,5,8,3,75108,M,,,75
200800010788,8,2,1,1650,1,2,1,2,7,75108,M,,,75
200800010789,8,2,4,915,1,2,1,2,7,75108,M,,,75
200800010790,8,2,4,1445,1,2,1,1,6,75108,M,,,75
200800010791,8,2,6,900,1,2,1,1,7,75108,M,,,75
200800010792,8,2,6,1315,1,2,2,1,6,75108,M,,,75
200800010793,8,2,9,1640,1,2,1,1,6,75108,M,,,75
200800010794,8,2,11,1210,1,2,1,1,3,75108,M,,,75
200800010795,8,2,14,1845,5,2,1,1,3,75108,M,,,75
200800010796,8,2,15,1840,5,2,1,1,3,75108,M,,,75
200800010797,8,2,16,2130,5,2,1,1,6,75108,M,,,75
200800010798,8,2,19,1040,1,2,1,1,6,75116,M,,,75
200800010799,8,2,20,1350,1,2,2,2,7,75108,M,,,75
200800010800,8,2,22,1505,1,2,1,1,3,75108,M,,,75
200800010801,8,2,23,1345,1,2,5,1,3,75108,M,,,75
200800010802,8,2,25,1910,5,2,1,1,6,75108,M,,,75
200800010803,8,2,26,900,1,2,1,2,6,75108,M,,,75
200800010804,8,2,26,910,1,2,1,2,2,75108,M,,,75
200800010805,8,2,26,1325,1,2,3,2,6,75108,M,,,75
200800010806,8,2,26,1430,1,2,1,2,2,75108,M,,,75
200800010807,8,2,26,1815,1,2,1,2,7,75108,M,,,75
200800010808,8,2,27,815,1,2,1,1,6,75108,M,,,75
200800010809,8,2,27,900,1,2,1,1,6,75108,M,,,75
200800010810,8,2,28,1405,1,2,1,2,1,75108,M,,,75
200800010811,8,2,29,23,5,2,1,8,6,75108,M,,,75
200800010812,8,2,29,954,1,2,3,1,6,75108,M,,,75
200800010813,8,2,29,950,1,2,1,1,3,75108,M,,,75
200800010814,8,2,2,605,3,2,2,8,6,75109,M,,,75
200800010815,8,2,6,945,1,2,1,8,6,75109,M,,,75
200800010816,8,2,7,1620,1,2,1,1,6,75109,M,,,75
200800010817,8,2,7,1920,5,2,1,1,3,75109,M,,,75
200800010818,8,2,9,1045,1,2,2,1,6,75109,M,,,75
200800010819,8,2,13,700,5,2,2,1,6,75109,M,,,75
200800010820,8,2,15,855,1,2,1,8,6,75109,M,,,75
200800010821,8,2,15,1800,2,2,1,8,6,75109,M,,,75
200800010822,8,2,16,840,1,2,1,1,6,75109,M,,,75
200800010823,8,2,17,1400,1,2,5,1,3,75109,M,,,75
200800010824,8,2,20,1315,1,2,2,2,3,75109,M,,,75
200800010825,8,2,21,1315,1,2,1,1,2,75117,M,,,75
200800010826,8,2,28,1055,1,2,1,2,7,75109,M,,,75
200800010827,8,2,2,515,5,2,1,1,6,75110,M,,,75
200800010828,8,2,2,1230,1,2,1,1,6,75110,M,,,75
200800010829,8,2,5,2000,5,2,1,2,6,75110,M,,,75
200800010830,8,2,5,2020,5,2,1,2,3,75110,M,,,75
200800010831,8,2,7,1200,1,2,1,1,6,75110,M,,,75
200800010832,8,2,8,2255,5,2,1,1,6,75110,M,,,75
200800010833,8,2,9,640,5,2,2,1,3,75110,M,,,75
200800010834,8,2,14,1440,1,2,1,1,6,75110,M,,,75
200800010835,8,2,15,1715,1,2,1,1,6,75110,M,,,75
200800010836,8,2,19,325,5,2,1,1,6,75110,M,,,75
200800010837,8,2,19,1500,1,2,1,1,6,75110,M,,,75
200800010838,8,2,20,1050,1,2,1,2,6,75110,M,,,75
200800010839,8,2,20,1820,2,2,1,1,6,75110,M,,,75
200800010840,8,2,21,2100,5,2,5,1,3,75110,M,,,75
200800010841,8,2,23,1600,1,2,3,1,3,75110,M,,,75
200800010842,8,2,24,2240,5,2,1,1,6,75110,M,,,75
200800010843,8,2,28,1000,1,2,2,2,7,75110,M,,,75
200800010844,8,2,9,1330,1,2,2,1,3,75111,M,,,75
200800010845,8,2,1,1900,5,2,2,2,6,75111,M,,,75