Num_Acc,an,mois,jour,hrmn,lum,agg,int,atm,col,com,gps,lat,long,dep
200800010846,8,2,2,1630,1,2,5,1,3,75111,M,,,75
200800010847,8,2,2,2230,5,2,1,1,3,75111,M,,,75
200800010848,8,2,5,1012,1,2,1,8,3,75111,M,,,75
200800010849,8,2,5,1605,1,2,1,2,3,75111,M,,,75
200800010850,8,2,7,635,2,2,2,1,2,75111,M,,,75
200800010851,8,2,7,1515,1,2,2,1,3,75111,M,,,75
200800010852,8,2,7,2250,5,2,2,1,2,75111,M,,,75
200800010853,8,2,8,1540,1,2,1,1,3,75111,M,,,75
200800010854,8,2,8,2150,5,2,5,1,3,75111,M,,,75
200800010855,8,2,9,1112,1,2,3,1,3,75111,M,,,75
200800010856,8,2,9,1545,1,2,1,1,3,75111,M,,,75
200800010857,8,2,10,705,2,2,2,1,3,75111,M,,,75
200800010858,8,2,11,1115,1,2,1,1,6,75111,M,,,75
200800010859,8,2,12,1120,1,2,1,1,6,75111,M,,,75
200800010860,8,2,13,1420,1,2,1,1,6,75111,M,,,75
200800010861,8,2,14,1540,1,2,2,1,6,75111,M,,,75
200800010862,8,2,14,2300,5,2,4,1,6,75120,M,,,75
200800010863,8,2,16,1700,1,2,1,1,6,75111,M,,,75
200800010864,8,2,16,1830,5,2,1,1,4,75111,M,,,75
200800010865,8,2,16,2115,5,2,1,1,7,75111,M,,,75
200800010866,8,2,18,1258,1,2,2,1,3,75111,M,,,75
200800010867,8,2,19,1400,1,2,3,1,6,75111,M,,,75
200800010868,8,2,19,1910,5,2,1,1,6,75111,M,,,75
200800010869,8,2,21,910,1,2,1,1,6,75111,M,,,75
200800010870,8,2,22,1505,1,2,1,1,3,75111,M,,,75
200800010871,8,2,22,1645,1,2,1,1,3,75111,M,,,75
200800010872,8,2,23,1720,1,2,3,1,6,75111,M,,,75
200800010873,8,2,24,1305,1,2,1,1,7,75111,M,,,75
200800010874,8,2,24,1605,1,2,2,1,3,75111,M,,,75
200800010875,8,2,25,640,5,2,4,1,3,75111,M,,,75
200800010876,8,2,26,1600,1,2,3,2,6,75111,M,,,75
200800010877,8,2,27,1420,1,2,3,1,3,75111,M,,,75
200800010878,8,2,28,1030,1,2,1,2,6,75111,M,,,75
200800010879,8,2,28,1710,1,2,1,2,7,75111,M,,,75
200800010880,8,2,29,1445,1,2,3,8,7,75111,M,,,75
200800010881,8,2,29,1955,5,2,1,2,6,75111,M,,,75
200800010882,8,2,2,1905,5,2,1,1,3,75112,M,,,75
200800010883,8,2,4,640,2,2,1,2,3,75112,M,,,75
200800010884,8,2,5,1110,1,2,1,2,2,75112,M,,,75
200800010885,8,2,5,1313,1,2,3,2,3,75112,M,,,75
200800010886,8,2,7,1255,1,2,1,1,6,75112,M,,,75
200800010887,8,2,7,1245,1,2,3,1,7,75112,M,,,75
200800010888,8,2,9,1215,1,2,2,1,3,75112,M,,,75
200800010889,8,2,9,1930,5,2,1,1,3,75112,M,,,75
200800010890,8,2,10,910,1,2,2,1,3,75112,M,,,75
200800010891,8,2,10,1845,5,2,5,1,6,75112,M,,,75
200800010892,8,2,11,950,1,2,1,1,4,75112,M,,,75
200800010893,8,2,11,1415,1,2,3,1,6,75112,M,,,75
200800010894,8,2,11,1435,1,2,1,1,4,75112,M,,,75
200800010895,8,2,12,1040,1,2,1,1,3,75112,M,,,75
200800010896,8,2,12,1215,1,2,1,1,3,75112,M,,,75
200800010897,8,2,12,1930,5,2,3,1,6,75112,M,,,75
200800010898,8,2,13,1510,1,2,1,1,4,75112,M,,,75
200800010899,8,2,14,1630,1,2,1,1,3,75112,M,,,75
200800010900,8,2,15,1520,1,2,2,1,3,75112,M,,,75
200800010901,8,2,16,1330,1,2,3,1,3,75112,M,,,75
200800010902,8,2,16,2210,5,2,3,1,2,75112,M,,,75
200800010903,8,2,17,915,1,2,3,7,3,75112,M,,,75
200800010904,8,2,17,1405,1,2,1,1,7,75112,M,,,75
200800010905,8,2,17,1604,1,2,1,1,6,75112,M,,,75
200800010906,8,2,17,1635,1,2,1,1,3,75112,M,,,75
200800010907,8,2,18,830,1,2,3,1,1,75112,M,,,75
200800010908,8,2,18,950,1,2,2,1,3,75112,M,,,75
200800010909,8,2,19,930,1,2,2,1,3,75112,M,,,75
200800010910,8,2,19,1300,1,2,1,1,6,75112,M,,,75
200800010911,8,2,20,1145,1,2,1,1,4,75112,M,,,75
200800010912,8,2,20,1322,1,2,2,8,6,75112,M,,,75
200800010913,8,2,21,730,2,2,2,8,3,75112,M,,,75
200800010914,8,2,23,2010,5,2,1,1,6,75112,M,,,75
200800010915,8,2,24,2037,5,2,5,1,2,75112,M,,,75
200800010916,8,2,25,930,1,2,1,8,7,75112,M,,,75
200800010917,8,2,27,1600,1,2,3,8,6,75112,M,,,75
200800010918,8,2,28,1645,1,2,2,1,6,75112,M,,,75
200800010919,8,2,29,1810,1,2,2,1,3,75112,M,,,75
200800010920,8,2,1,1125,1,2,1,3,6,75113,M,,,75
200800010921,8,2,1,1750,5,2,1,8,2,75113,M,,,75
200800010922,8,2,2,1741,5,2,1,1,6,75113,M,,,75
200800010923,8,2,4,1550,1,2,1,8,6,75113,M,,,75
200800010924,8,2,5,1210,1,2,1,2,6,75113,M,,,75
200800010925,8,2,6,25,5,2,1,2,4,75113,M,,,75
200800010926,8,2,6,1009,1,2,1,1,6,75113,M,,,75
200800010927,8,2,6,1445,1,2,3,1,3,75113,M,,,75
200800010928,8,2,7,1925,5,2,1,1,6,75113,M,,,75
200800010929,8,2,8,930,1,2,1,1,6,75113,M,,,75
200800010930,8,2,8,1215,1,2,2,1,6,75113,M,,,75
200800010931,8,2,8,1705,1,2,1,1,3,75113,M,,,75
200800010932,8,2,8,1925,5,2,1,1,7,75113,M,,,75
200800010933,8,2,10,1505,1,2,1,1,6,75113,M,,,75
200800010934,8,2,12,1825,5,2,1,1,3,75113,M,,,75
200800010935,8,2,13,1700,1,2,1,1,7,75113,M,,,75
200800010936,8,2,15,825,1,2,1,1,6,75113,M,,,75
200800010937,8,2,16,1415,1,2,2,1,6,75113,M,,,75
200800010938,8,2,16,1925,5,2,1,1,3,75113,M,,,75
200800010939,8,2,16,2015,5,2,1,1,4,75112,M,,,75
200800010940,8,2,17,1505,1,2,1,1,6,75113,M,,,75
200800010941,8,2,18,1530,1,2,1,1,3,75113,M,,,75
200800010942,8,2,19,1035,1,2,3,1,3,75113,M,,,75
200800010943,8,2,20,1305,1,2,1,2,3,75113,M,,,75
200800010944,8,2,21,1145,1,2,1,1,6,75113,M,,,75
200800010945,8,2,22,740,1,2,1,1,4,75113,M,,,75
200800010946,8,2,22,2310,5,2,1,1,2,75113,M,,,75
200800010947,8,2,25,1700,1,2,2,1,3,75113,M,,,75
200800010948,8,2,27,1820,2,2,1,1,6,75113,M,,,75
200800010949,8,2,27,1945,5,2,1,1,6,75113,M,,,75
200800010950,8,2,28,1000,1,2,1,2,7,75113,M,,,75
200800010951,8,2,1,1640,1,2,1,8,6,75114,M,,,75
200800010952,8,2,5,725,5,2,3,2,3,75114,M,,,75
200800010953,8,2,5,1640,1,2,1,2,6,75114,M,,,75
200800010954,8,2,8,1410,1,2,3,1,6,75114,M,,,75
200800010955,8,2,9,330,5,2,2,1,2,75114,M,,,75
200800010956,8,2,9,1635,1,2,1,1,6,75114,M,,,75
200800010957,8,2,10,1440,1,2,2,1,3,75114,M,,,75
200800010958,8,2,12,1555,1,2,1,1,3,75114,M,,,75
200800010959,8,2,13,20,5,2,2,1,3,75114,M,,,75
200800010960,8,2,13,1735,1,2,1,1,4,75114,M,,,75
200800010961,8,2,13,1725,1,2,1,1,6,75114,M,,,75
200800010962,8,2,14,1655,1,2,2,1,6,75114,M,,,75
200800010963,8,2,14,2050,5,2,2,1,3,75114,M,,,75
200800010964,8,2,16,825,1,2,1,1,3,75114,M,,,75
200800010965,8,2,16,1535,1,2,1,1,6,75114,M,,,75
200800010966,8,2,17,2010,3,2,1,1,7,75114,M,,,75
200800010967,8,2,22,1020,1,2,1,1,6,75114,M,,,75
200800010968,8,2,22,1500,1,2,1,1,6,75114,M,,,75
200800010969,8,2,24,1715,1,2,1,1,3,75114,M,,,75
200800010970,8,2,26,2115,5,2,1,1,6,75114,M,,,75
200800010971,8,2,28,900,1,2,5,2,2,75114,M,,,75
200800010972,8,2,28,1130,1,2,1,2,6,75114,M,,,75
200800010973,8,2,29,650,5,2,3,8,3,75114,M,,,75
200800010974,8,2,29,2010,5,2,1,2,6,75114,M,,,75
200800010975,8,2,1,2215,5,2,2,1,6,75115,M,,,75
200800010976,8,2,2,1300,1,2,1,1,3,75115,M,,,75
200800010977,8,2,4,1600,1,2,1,1,3,75115,M,,,75
200800010978,8,2,4,1955,5,2,1,1,6,75115,M,,,75
200800010979,8,2,5,1755,5,2,1,2,4,75115,M,,,75
200800010980,8,2,6,1120,1,2,1,1,6,75115,M,,,75
200800010981,8,2,6,1205,1,2,1,1,6,75115,M,,,75
200800010982,8,2,6,1930,3,2,1,1,7,75115,M,,,75
200800010983,8,2,7,1035,1,2,1,1,6,75115,M,,,75
200800010984,8,2,7,1445,1,2,1,1,2,75115,M,,,75
200800010985,8,2,10,1457,1,2,2,1,3,75115,M,,,75
200800010986,8,2,10,1015,5,2,1,1,3,75115,M,,,75
200800010987,8,2,11,1045,1,2,2,7,6,75115,M,,,75
200800010988,8,2,12,1055,1,2,2,1,3,75115,M,,,75
200800010989,8,2,12,1510,1,2,3,1,6,75115,M,,,75
200800010990,8,2,13,810,1,2,2,1,6,75115,M,,,75
200800010991,8,2,13,1420,1,2,1,1,6,75115,M,,,75
200800010992,8,2,14,1600,1,2,1,1,6,75115,M,,,75
200800010993,8,2,14,1940,5,2,1,1,3,75115,M,,,75
200800010994,8,2,14,2335,5,2,1,1,3,75115,M,,,75
200800010995,8,2,15,1905,5,2,2,1,6,75115,M,,,75
200800010996,8,2,16,715,2,2,1,1,2,75115,M,,,75
200800010997,8,2,18,705,1,2,1,1,6,75115,M,,,75
200800010998,8,2,18,1005,1,2,1,1,6,75115,M,,,75
200800010999,8,2,18,1500,1,2,2,1,6,75115,M,,,75
200800011000,8,2,18,1750,2,2,3,1,3,75115,M,,,75
200800011001,8,2,19,1640,1,2,2,1,3,75115,M,,,75
200800011002,8,2,21,1650,1,2,3,8,3,75115,M,,,75
200800011003,8,2,22,1745,1,2,1,1,6,75115,M,,,75
200800011004,8,2,23,120,5,2,1,1,6,75115,M,,,75
200800011005,8,2,24,630,5,2,1,1,6,75115,M,,,75
200800011006,8,2,25,720,1,2,2,1,3,75115,M,,,75
200800011007,8,2,25,1500,1,2,1,8,7,75115,M,,,75
200800011008,8,2,25,2025,5,2,2,1,3,75115,M,,,75
200800011009,8,2,28,915,1,2,1,2,7,75115,M,,,75
200800011010,8,2,28,1040,1,2,1,2,3,75115,M,,,75
200800011011,8,2,1,735,1,2,1,2,2,75116,M,,,75
200800011012,8,2,1,1708,1,2,1,8,7,75116,M,,,75
200800011013,8,2,1,1900,5,2,1,1,2,75116,M,,,75
200800011014,8,2,1,2145,5,2,2,2,3,75116,M,,,75
200800011015,8,2,3,1345,1,2,2,1,3,75116,M,,,75
200800011016,8,2,4,1200,1,2,5,9,3,75116,M,,,75
200800011017,8,2,4,1645,2,2,5,1,3,75116,M,,,75
200800011018,8,2,4,1815,5,2,1,1,3,75116,M,,,75
200800011019,8,2,5,910,1,2,2,8,6,75116,M,,,75
200800011020,8,2,6,1500,1,2,1,1,4,75116,M,,,75
200800011021,8,2,7,810,1,2,1,1,6,75116,M,,,75
200800011022,8,2,7,1120,1,2,5,1,3,75116,M,,,75
200800011023,8,2,7,930,1,2,1,1,6,75116,M,,,75
200800011024,8,2,7,1700,1,2,1,1,6,75116,M,,,75
200800011025,8,2,8,2005,5,2,5,1,6,75116,M,,,75
200800011026,8,2,9,1500,1,2,1,1,2,75116,M,,,75
200800011027,8,2,11,825,1,2,1,1,2,75116,M,,,75
200800011028,8,2,11,1120,1,2,1,1,3,75116,M,,,75
200800011029,8,2,11,1625,1,2,3,1,3,75116,M,,,75
200800011030,8,2,11,2215,5,2,1,1,6,75116,M,,,75
200800011031,8,2,13,1535,1,2,1,1,6,75116,M,,,75
200800011032,8,2,14,1050,1,2,1,1,4,75116,M,,,75
200800011033,8,2,14,1300,1,2,3,1,3,75116,M,,,75
200800011034,8,2,14,1705,1,2,1,1,6,75116,M,,,75
200800011035,8,2,15,920,1,2,1,8,6,75116,M,,,75
200800011036,8,2,16,1025,1,2,2,1,6,75116,M,,,75
200800011037,8,2,16,1255,1,2,2,1,3,75116,M,,,75
200800011038,8,2,16,1550,1,2,1,7,6,75116,M,,,75
200800011039,8,2,16,1505,1,2,1,1,6,75116,M,,,75
200800011040,8,2,16,1720,1,2,1,1,6,75116,M,,,75
200800011041,8,2,16,1745,2,2,2,1,3,75116,M,,,75
200800011042,8,2,17,1850,2,2,5,1,6,75116,M,,,75
200800011043,8,2,17,2215,5,2,1,1,3,75116,M,,,75
200800011044,8,2,18,840,1,2,1,1,2,75116,M,,,75
200800011045,8,2,18,1555,1,2,2,1,2,75116,M,,,75
200800011046,8,2,18,1620,1,2,2,1,6,75116,M,,,75
200800011047,8,2,19,915,1,2,1,1,2,75116,M,,,75
200800011048,8,2,19,1110,1,2,1,1,6,75116,M,,,75
200800011049,8,2,19,1630,1,2,1,1,3,75116,M,,,75
200800011050,8,2,20,830,1,2,1,2,3,75116,M,,,75
200800011051,8,2,20,925,1,2,1,2,7,75116,M,,,75
200800011052,8,2,20,1130,1,2,1,2,2,75116,M,,,75
200800011053,8,2,20,950,1,2,1,2,2,75116,M,,,75
200800011054,8,2,20,1450,1,2,1,8,7,75116,M,,,75
200800011055,8,2,21,825,1,2,1,1,4,75116,M,,,75
200800011056,8,2,21,1607,1,2,2,1,3,75116,M,,,75
200800011057,8,2,22,1105,1,2,2,1,3,75116,M,,,75
200800011058,8,2,22,1300,1,2,1,1,2,75116,M,,,75
200800011059,8,2,22,1745,1,2,5,1,5,75116,M,,,75
200800011060,8,2,22,2005,5,2,1,1,6,75116,M,,,75
200800011061,8,2,23,1700,1,2,1,1,6,75116,M,,,75
200800011062,8,2,26,245,5,2,5,1,6,75116,M,,,75
200800011063,8,2,26,1430,1,2,1,2,2,75116,M,,,75
200800011064,8,2,26,1452,1,2,1,2,7,75116,M,,,75
200800011065,8,2,26,1750,2,2,1,8,6,75116,M,,,75
200800011066,8,2,27,1920,5,2,1,1,6,75116,M,,,75
200800011067,8,2,27,2300,5,2,2,1,3,75116,M,,,75
200800011068,8,2,28,805,1,2,2,2,3,75116,M,,,75
200800011069,8,2,28,1555,1,2,1,2,3,75116,M,,,75
200800011070,8,2,28,2005,5,2,1,1,6,75116,M,,,75
200800011071,8,2,29,1815,2,2,1,1,6,75116,M,,,75
200800011072,8,2,2,1415,1,2,1,1,6,75117,M,,,75
200800011073,8,2,3,135,5,2,2,1,3,75117,M,,,75
200800011074,8,2,4,1225,1,2,3,8,7,75117,M,,,75
200800011075,8,2,4,1750,5,2,1,1,3,75117,M,,,75
200800011076,8,2,5,730,2,2,5,2,6,75117,M,,,75
200800011077,8,2,5,1310,1,2,1,2,3,75117,M,,,75
200800011078,8,2,6,21,5,2,1,2,2,75117,M,,,75
200800011079,8,2,6,1100,1,2,1,1,6,75117,M,,,75
200800011080,8,2,7,1550,1,2,1,1,3,75117,M,,,75
200800011081,8,2,8,25,5,2,1,1,3,75117,M,,,75
200800011082,8,2,9,1123,1,2,2,7,6,75117,M,,,75
200800011083,8,2,13,800,1,2,1,1,6,75117,M,,,75
200800011084,8,2,13,900,1,2,1,1,6,75117,M,,,75
200800011085,8,2,16,1249,1,2,1,1,6,75117,M,,,75
200800011086,8,2,18,1856,5,2,1,1,3,75117,M,,,75
200800011087,8,2,19,1004,1,2,1,1,6,75117,M,,,75
200800011088,8,2,19,1856,5,2,2,1,6,75117,M,,,75
200800011089,8,2,20,1355,1,2,3,1,7,75117,M,,,75
200800011090,8,2,20,1643,1,2,2,1,3,75117,M,,,75
200800011091,8,2,21,220,5,2,2,1,3,75118,M,,,75
200800011092,8,2,21,1200,1,2,1,1,3,75117,M,,,75
200800011093,8,2,21,1800,5,2,1,1,7,75117,M,,,75
200800011094,8,2,23,935,1,2,1,8,3,75117,M,,,75
200800011095,8,2,23,1120,1,2,1,1,3,75117,M,,,75
200800011096,8,2,26,1350,1,2,1,2,3,75117,M,,,75
200800011097,8,2,27,1730,1,2,2,1,3,75117,M,,,75
200800011098,8,2,27,2030,5,2,2,1,3,75117,M,,,75
200800011099,8,2,27,2320,5,2,2,1,3,75117,M,,,75
200800011100,8,2,27,2310,5,2,1,1,3,75117,M,,,75
200800011101,8,2,28,1435,1,2,1,2,3,75117,M,,,75
200800011102,8,2,29,710,2,2,1,8,3,75117,M,,,75
200800011103,8,2,2,238,5,2,1,1,6,75118,M,,,75
200800011104,8,2,3,2200,5,2,1,1,3,75118,M,,,75
200800011105,8,2,4,923,1,2,1,2,6,75118,M,,,75
200800011106,8,2,5,1205,1,2,1,2,6,75118,M,,,75
200800011107,8,2,7,950,1,2,1,1,3,75118,M,,,75
200800011108,8,2,7,1205,1,2,2,1,6,75118,M,,,75
200800011109,8,2,8,1900,5,2,1,1,3,75118,M,,,75
200800011110,8,2,9,1100,1,2,1,1,2,75118,M,,,75
200800011111,8,2,10,125,5,2,1,1,3,75118,M,,,75
200800011112,8,2,11,26,5,2,2,1,3,75118,M,,,75
200800011113,8,2,11,1505,1,2,1,1,3,75118,M,,,75
200800011114,8,2,11,1701,1,2,1,1,6,75118,M,,,75
200800011115,8,2,11,1715,5,2,1,1,3,75118,M,,,75
200800011116,8,2,11,2220,5,2,5,1,3,75118,M,,,75
200800011117,8,2,12,1436,1,2,1,1,6,75118,M,,,75
200800011118,8,2,14,1145,1,2,1,1,6,75118,M,,,75
200800011119,8,2,14,1430,1,2,1,1,6,75118,M,,,75
200800011120,8,2,16,1615,1,2,1,1,3,75118,M,,,75
200800011121,8,2,17,145,5,2,1,1,3,75118,M,,,75
200800011122,8,2,20,1350,1,2,1,1,3,75118,M,,,75
200800011123,8,2,20,1455,1,2,1,2,7,75118,M,,,75
200800011124,8,2,20,1940,5,2,3,1,3,75118,M,,,75
200800011125,8,2,21,1205,1,2,3,1,3,75118,M,,,75
200800011126,8,2,22,1825,1,2,1,8,6,75118,M,,,75
200800011127,8,2,23,2237,5,2,2,1,3,75118,M,,,75
200800011128,8,2,24,1535,1,2,1,1,6,75118,M,,,75
200800011129,8,2,25,710,1,2,2,8,6,75118,M,,,75
200800011130,8,2,26,925,1,2,2,2,7,75118,M,,,75
200800011131,8,2,27,1120,1,2,1,1,6,75118,M,,,75
200800011132,8,2,28,5,5,2,4,1,3,75118,M,,,75
200800011133,8,2,1,800,3,2,2,2,3,75119,M,,,75
200800011134,8,2,1,1215,1,2,1,2,6,75119,M,,,75
200800011135,8,2,1,1745,5,2,1,9,3,75119,M,,,75
200800011136,8,2,1,1805,5,2,1,1,6,75119,M,,,75
200800011137,8,2,4,855,1,2,1,8,6,75119,M,,,75
200800011138,8,2,7,1600,1,2,1,1,6,75119,M,,,75
200800011139,8,2,7,1705,1,2,2,1,3,75119,M,,,75
200800011140,8,2,7,1200,1,2,1,1,3,75119,M,,,75
200800011141,8,2,7,1140,1,2,1,1,2,75119,M,,,75
200800011142,8,2,9,1510,1,2,1,1,6,75119,M,,,75
200800011143,8,2,11,1700,1,2,2,1,3,75119,M,,,75
200800011144,8,2,11,1730,1,2,2,1,5,75119,M,,,75
200800011145,8,2,12,1753,3,2,1,1,3,75119,M,,,75
200800011146,8,2,13,1400,1,2,1,1,6,75119,M,,,75
200800011147,8,2,13,1945,5,2,1,1,6,75119,M,,,75
200800011148,8,2,14,1950,4,2,2,1,2,75119,M,,,75
200800011149,8,2,15,1610,1,2,1,1,6,75119,M,,,75
200800011150,8,2,16,535,5,2,1,1,6,75120,M,,,75
200800011151,8,2,17,1850,5,2,2,1,3,75119,M,,,75
200800011152,8,2,20,1150,1,2,1,2,3,75119,M,,,75
200800011153,8,2,21,33,5,2,1,1,6,75119,M,,,75
200800011154,8,2,21,1650,1,2,1,1,6,75119,M,,,75
200800011155,8,2,22,1450,1,2,1,1,6,75119,M,,,75
200800011156,8,2,23,430,5,2,5,1,3,75119,M,,,75
200800011157,8,2,24,2245,5,2,2,2,3,75119,M,,,75
200800011158,8,2,26,1950,5,2,1,1,6,75119,M,,,75
200800011159,8,2,26,2030,5,2,1,1,3,75119,M,,,75
200800011160,8,2,27,1845,5,2,1,1,6,75120,M,,,75
200800011161,8,2,27,1940,5,2,1,1,3,75119,M,,,75
200800011162,8,2,28,1110,1,2,1,2,6,75119,M,,,75
200800011163,8,2,28,1230,1,2,3,2,2,75119,M,,,75
200800011164,8,2,29,845,1,2,4,1,6,75119,M,,,75
200800011165,8,2,29,2110,3,2,1,1,6,75119,M,,,75
200800011166,8,2,1,1922,5,2,2,1,6,75120,M,,,75
200800011167,8,2,2,1150,1,2,2,1,6,75120,M,,,75
200800011168,8,2,4,1215,1,2,1,8,2,75120,M,,,75
200800011169,8,2,4,1302,1,2,2,1,3,75120,M,,,75
200800011170,8,2,5,1205,1,2,1,2,6,75120,M,,,75
200800011171,8,2,6,1625,1,2,2,1,3,75120,M,,,75
200800011172,8,2,8,945,1,2,1,1,6,75120,M,,,75
200800011173,8,2,8,1315,1,2,1,1,6,75120,M,,,75
200800011174,8,2,8,1405,1,2,2,1,6,75120,M,,,75
200800011175,8,2,9,1630,1,2,1,1,3,75120,M,,,75
200800011176,8,2,12,933,1,2,1,1,6,75120,M,,,75
200800011177,8,2,12,2325,5,2,4,1,6,75120,M,,,75
200800011178,8,2,13,15,5,2,2,1,3,75120,M,,,75
200800011179,8,2,13,1250,1,2,2,1,3,75120,M,,,75
200800011180,8,2,13,1815,5,2,1,1,6,75120,M,,,75
200800011181,8,2,14,1015,1,2,1,1,6,75120,M,,,75
200800011182,8,2,14,1500,1,2,1,1,6,75120,M,,,75
200800011183,8,2,15,1055,1,2,1,1,6,75120,M,,,75
200800011184,8,2,15,2055,5,2,1,1,3,75120,M,,,75
200800011185,8,2,16,1150,1,2,1,1,6,75120,M,,,75
200800011186,8,2,17,1515,1,2,1,1,6,75120,M,,,75
200800011187,8,2,18,1440,1,2,1,1,2,75120,M,,,75
200800011188,8,2,18,1825,5,2,1,1,6,75120,M,,,75
200800011189,8,2,19,835,1,2,1,1,6,75120,M,,,75
200800011190,8,2,21,1900,5,2,1,1,6,75120,M,,,75
200800011191,8,2,22,830,1,2,1,1,3,75120,M,,,75
200800011192,8,2,22,1850,5,2,1,1,6,75120,M,,,75
200800011193,8,2,23,1300,2,2,1,1,3,75120,M,,,75
200800011194,8,2,23,2045,5,2,1,1,7,75120,M,,,75
200800011195,8,2,24,1345,1,2,1,1,2,75120,M,,,75
200800011196,8,2,24,2245,5,2,5,2,3,75120,M,,,75
200800011197,8,2,25,2217,5,2,2,1,3,75120,M,,,75
200800011198,8,2,26,1400,1,2,1,2,6,75120,M,,,75
200800011199,8,2,26,1730,1,2,1,2,2,75120,M,,,75
200800011200,8,2,29,2210,5,2,1,2,6,75120,M,,,75
200800011201,8,2,1,1521,1,2,2,1,3,75113,M,,,75
200800011202,8,2,3,835,1,2,5,1,3,75119,M,,,75
200800011203,8,2,5,2240,5,2,1,2,6,75116,M,,,75
200800011204,8,2,6,505,5,2,1,2,6,75120,M,,,75
200800011205,8,2,6,915,1,2,2,1,3,75108,M,,,75
200800011206,8,2,6,1605,1,2,2,1,3,75115,M,,,75
200800011207,8,2,7,230,5,2,1,1,6,75113,M,,,75
200800011208,8,2,7,951,1,2,1,1,6,75118,M,,,75
200800011209,8,2,7,1135,1,2,2,1,3,75120,M,,,75
200800011210,8,2,8,605,5,2,4,1,6,75112,M,,,75
200800011211,8,2,8,1440,1,2,1,1,7,75113,M,,,75
200800011212,8,2,8,2140,5,2,1,1,3,75118,M,,,75
200800011213,8,2,9,730,1,2,1,1,6,75109,M,,,75
200800011214,8,2,10,920,1,2,1,1,3,75119,M,,,75
200800011215,8,2,10,1940,5,2,3,1,3,75117,M,,,75
200800011216,8,2,11,810,1,2,2,1,5,75108,M,,,75
200800011217,8,2,11,1715,1,2,1,1,3,75104,M,,,75
200800011218,8,2,12,1440,1,2,1,1,3,75101,M,,,75
200800011219,8,2,13,1145,1,2,1,1,6,75117,M,,,75
200800011220,8,2,14,920,1,2,1,1,6,75108,M,,,75
200800011221,8,2,14,850,1,2,3,1,3,75105,M,,,75
200800011222,8,2,15,455,5,2,1,1,6,75116,M,,,75
200800011223,8,2,16,100,5,2,1,1,6,75106,M,,,75
200800011224,8,2,16,1320,1,2,1,1,4,75120,M,,,75
200800011225,8,2,16,1825,5,2,1,1,6,75110,M,,,75
200800011226,8,2,17,1650,1,2,1,1,6,75116,M,,,75
200800011227,8,2,17,2250,5,2,1,1,6,75117,M,,,75
200800011228,8,2,20,2150,5,2,2,1,3,75111,M,,,75
200800011229,8,2,21,110,5,2,1,1,6,75101,M,,,75
200800011230,8,2,23,215,5,2,1,1,6,75102,M,,,75
200800011231,8,2,21,1405,1,2,1,1,3,75117,M,,,75
200800011232,8,2,22,1410,1,2,1,1,4,75104,M,,,75
200800011233,8,2,22,2150,5,2,2,1,6,75118,M,,,75
200800011234,8,2,23,420,5,2,1,1,6,75101,M,,,75
200800011235,8,2,23,1113,1,2,1,1,7,75106,M,,,75
200800011236,8,2,23,1650,1,2,3,1,6,75120,M,,,75
200800011237,8,2,23,2030,5,2,2,1,3,75106,M,,,75
200800011238,8,2,25,550,5,2,1,1,3,75108,M,,,75
200800011239,8,2,26,1105,1,2,2,2,6,75104,M,,,75
200800011240,8,2,26,1325,1,2,2,2,3,75110,M,,,75
200800011241,8,2,27,150,3,2,1,8,3,75108,M,,,75
200800011242,8,2,27,615,4,2,5,1,3,75108,M,,,75
200800011243,8,2,29,1435,1,2,2,1,6,75104,M,,,75
200800011244,8,2,2,1600,1,2,1,1,4,75112,M,,,75
200800011245,8,2,2,2000,5,2,1,1,4,75119,M,,,75
200800011246,8,2,4,1900,5,2,1,1,2,75113,M,,,75
200800011247,8,2,7,1040,1,2,1,1,6,75117,M,,,75
200800011248,8,2,7,2000,5,2,1,1,6,75113,M,,,75
200800011249,8,2,8,1010,1,2,1,1,3,75113,M,,,75
200800011250,8,2,8,1550,1,2,1,1,4,75113,M,,,75
200800011251,8,2,8,2020,5,2,1,1,3,75120,M,,,75
200800011252,8,2,9,1325,1,2,1,1,2,75119,M,,,75
200800011253,8,2,9,1650,1,2,1,1,4,75119,M,,,75
200800011254,8,2,11,1435,1,2,1,1,6,75114,M,,,75
200800011255,8,2,12,1825,5,2,1,1,3,75116,M,,,75
200800011256,8,2,13,1010,1,2,1,1,3,75112,M,,,75
200800011257,8,2,13,1505,1,2,1,1,4,75117,M,,,75
200800011258,8,2,13,1800,1,2,1,1,3,75117,M,,,75
200800011259,8,2,13,2210,5,2,1,1,6,75117,M,,,75
200800011260,8,2,14,730,1,2,1,1,2,75117,M,,,75
200800011261,8,2,14,830,1,2,1,1,2,75116,M,,,75
200800011262,8,2,15,2255,5,2,4,1,6,75116,M,,,75
200800011263,8,2,16,740,2,2,1,1,3,75116,M,,,75
200800011264,8,2,16,1630,1,2,1,1,2,75116,M,,,75
200800011265,8,2,16,1540,1,2,1,7,4,75116,M,,,75
200800011266,8,2,16,1730,1,2,1,1,7,75115,M,,,75
200800011267,8,2,17,1945,5,2,1,1,3,75116,M,,,75
200800011268,8,2,18,845,1,2,1,1,4,75113,M,,,75
200800011269,8,2,19,855,1,2,1,1,7,75115,M,,,75
200800011270,8,2,20,1115,1,2,1,1,4,75118,M,,,75
200800011271,8,2,20,1505,1,2,1,8,4,75118,M,,,75
200800011272,8,2,21,1830,5,2,1,1,3,75114,M,,,75
200800011273,8,2,21,1930,3,2,1,1,7,75114,M,,,75
200800011274,8,2,22,440,5,2,1,1,7,75118,M,,,75