Num_Acc,an,mois,jour,hrmn,lum,agg,int,atm,col,com,gps,lat,long,dep
200800011275,8,2,22,1200,1,2,1,1,3,75112,M,,,75
200800011276,8,2,22,1930,5,2,1,1,6,75114,M,,,75
200800011277,8,2,22,1845,2,2,1,1,4,75120,M,,,75
200800011278,8,2,22,2127,5,2,1,1,2,75117,M,,,75
200800011279,8,2,24,2020,5,2,1,1,2,75118,M,,,75
200800011280,8,2,26,830,1,2,1,2,6,75120,M,,,75
200800011281,8,2,26,1915,5,2,1,1,3,75113,M,,,75
200800011282,8,2,27,1415,1,2,1,1,3,75113,M,,,75
200800011283,8,2,29,815,1,2,1,1,2,75119,M,,,75
200800011284,8,2,29,1200,1,2,1,1,3,75116,M,,,75
200800011285,8,2,29,2015,5,2,1,2,7,75112,M,,,75
200800011286,8,3,5,1748,1,2,1,6,2,01344,M,,,01
200800011287,8,3,8,2115,3,1,3,1,3,01451,M,,,01
200800011288,8,3,6,1030,1,2,3,1,6,01053,M,,,01
200800011289,8,3,11,1817,1,2,1,2,6,01053,M,,,01
200800011290,8,3,13,2005,3,2,1,1,2,01451,M,,,01
200800011291,8,3,12,1430,1,2,1,1,6,01053,M,,,01
200800011292,8,3,16,1240,1,2,3,2,3,01451,M,,,01
200800011293,8,3,20,750,1,2,2,1,5,01053,M,,,01
200800011294,8,3,29,1825,1,2,2,1,3,01344,M,,,01
200800011295,8,3,17,1040,1,2,2,3,3,01031,M,,,01
200800011296,8,3,1,1050,1,2,3,7,6,02691,M,,,02
200800011297,8,3,3,1200,1,2,1,1,6,02691,M,,,02
200800011298,8,3,4,1720,1,2,1,1,6,02691,M,,,02
200800011299,8,3,12,1655,1,2,1,1,6,02691,M,,,02
200800011300,8,3,26,1620,1,2,1,1,6,02340,M,,,02
200800011301,8,3,27,1715,1,2,1,1,6,02691,M,,,02
200800011302,8,3,29,1030,1,2,3,1,2,02549,M,,,02
200800011303,8,3,29,1755,1,2,1,1,2,02691,M,,,02
200800011304,8,3,1,820,1,2,1,1,6,02258,M,,,02
200800011305,8,3,9,2320,5,2,1,1,6,03185,M,,,03
200800011306,8,3,3,2105,5,2,1,1,3,03321,M,,,03
200800011307,8,3,10,1820,1,2,2,8,6,03190,M,,,03
200800011308,8,3,26,2215,3,1,1,2,6,03013,M,,,03
200800011309,8,3,5,1330,1,2,1,1,3,03310,M,,,03
200800011310,8,3,8,115,5,2,1,1,6,03095,M,,,03
200800011311,8,3,11,835,1,2,1,2,6,03094,M,,,03
200800011312,8,3,11,2010,5,2,6,8,3,03310,M,,,03
200800011313,8,3,15,1232,1,2,1,1,6,03310,M,,,03
200800011314,8,3,15,1858,5,2,1,2,6,03095,M,,,03
200800011315,8,3,18,1450,1,2,2,1,2,03310,M,,,03
200800011316,8,3,23,1425,1,2,1,8,3,03023,M,,,03
200800011317,8,3,25,1220,1,2,6,8,3,03095,M,,,03
200800011318,8,3,26,1945,4,2,3,8,3,03095,M,,,03
200800011319,8,3,31,1255,1,2,2,1,3,03310,M,,,03
200800011320,8,3,28,1150,1,2,1,1,6,05023,M,,,05
200800011321,8,3,28,1355,1,2,3,1,2,05023,M,,,05
200800011322,8,3,5,1750,1,2,3,1,3,05061,M,,,05
200800011323,8,3,6,1552,1,2,1,1,2,05061,M,,,05
200800011324,8,3,13,1800,1,2,3,1,3,05061,M,,,05
200800011325,8,3,29,1554,1,2,3,1,3,05061,M,,,05
200800011326,8,3,4,830,1,2,1,1,5,06004,M,,,06
200800011327,8,3,4,1210,1,2,1,1,1,06155,M,,,06
200800011328,8,3,6,1800,1,2,1,1,3,06004,M,,,06
200800011329,8,3,11,1530,1,2,4,1,6,06155,M,,,06
200800011330,8,3,13,1520,1,2,2,1,2,06155,M,,,06
200800011331,8,3,14,1130,1,2,3,1,2,06004,M,,,06
200800011332,8,3,14,1220,1,1,1,1,6,06004,M,,,06
200800011333,8,3,14,2005,5,2,1,1,4,06155,M,,,06
200800011334,8,3,17,1710,1,2,1,1,6,06004,M,,,06
200800011335,8,3,18,1555,1,2,3,1,3,06004,M,,,06
200800011336,8,3,20,1030,1,2,3,1,3,06004,M,,,06
200800011337,8,3,21,1945,5,2,1,1,3,06004,M,,,06
200800011338,8,3,23,1615,1,1,1,1,1,06004,M,,,06
200800011339,8,3,24,950,1,1,3,1,3,06155,M,,,06
200800011340,8,3,26,1340,1,2,1,1,6,06004,M,,,06
200800011341,8,3,26,1645,1,2,2,1,3,06155,M,,,06
200800011342,8,3,28,1030,1,2,2,1,3,06004,M,,,06
200800011343,8,3,29,1015,1,2,1,1,2,06004,M,,,06
200800011344,8,3,29,1515,2,2,3,1,3,06004,M,,,06
200800011345,8,3,31,1035,1,2,1,1,6,06004,M,,,06
200800011346,8,3,2,1100,1,2,1,1,6,06123,M,,,06
200800011347,8,3,3,1900,1,2,1,1,3,06027,M,,,06
200800011348,8,3,5,900,1,2,1,1,2,06123,M,,,06
200800011349,8,3,5,1745,1,2,1,1,2,06027,M,,,06
200800011350,8,3,6,745,2,2,1,1,2,06123,M,,,06
200800011351,8,3,6,1500,1,2,3,1,3,06027,M,,,06
200800011352,8,3,6,1950,5,2,3,2,3,06027,M,,,06
200800011353,8,3,11,800,1,2,1,1,3,06027,M,,,06
200800011354,8,3,12,1305,1,2,1,1,2,06027,M,,,06
200800011355,8,3,13,1310,1,2,1,1,3,06123,M,,,06
200800011356,8,3,15,1930,2,2,1,1,5,06123,M,,,06
200800011357,8,3,17,1705,1,2,1,1,3,06027,M,,,06
200800011358,8,3,19,915,1,2,3,1,5,06027,M,,,06
200800011359,8,3,19,1835,1,2,3,1,3,06027,M,,,06
200800011360,8,3,21,1700,1,2,6,1,5,06027,M,,,06
200800011361,8,3,22,1210,1,2,1,1,2,06123,M,,,06
200800011362,8,3,24,2335,5,2,3,1,3,06123,M,,,06
200800011363,8,3,21,1605,1,2,1,1,2,06123,M,,,06
200800011364,8,3,28,1440,1,2,1,1,4,06027,M,,,06
200800011365,8,3,29,1450,1,2,1,1,3,06027,M,,,06
200800011366,8,3,31,1235,1,2,1,1,1,06027,M,,,06
200800011367,8,3,1,1810,2,2,1,1,3,06030,M,,,06
200800011368,8,3,1,30,5,2,1,1,7,06029,M,,,06
200800011369,8,3,3,2230,5,1,1,1,6,06029,M,,,06
200800011370,8,3,4,900,1,2,1,1,2,06029,M,,,06
200800011371,8,3,5,1645,1,2,1,1,3,06029,M,,,06
200800011372,8,3,6,2120,5,2,1,1,3,06029,M,,,06
200800011373,8,3,7,520,5,2,1,1,3,06030,M,,,06
200800011374,8,3,8,1315,1,2,1,1,3,06029,M,,,06
200800011375,8,3,7,830,1,2,1,2,3,06029,M,,,06
200800011376,8,3,8,1650,1,2,6,1,3,06030,M,,,06
200800011377,8,3,7,1420,1,2,1,1,3,06029,M,,,06
200800011378,8,3,10,715,2,2,1,2,2,06029,M,,,06
200800011379,8,3,10,2103,5,2,1,1,6,06030,M,,,06
200800011380,8,3,11,1043,1,2,1,1,3,06029,M,,,06
200800011381,8,3,12,740,1,2,1,1,3,06029,M,,,06
200800011382,8,3,12,1700,1,2,2,1,3,06029,M,,,06
200800011383,8,3,13,1220,1,2,1,1,5,06029,M,,,06
200800011384,8,3,14,1650,1,2,1,1,2,06030,M,,,06
200800011385,8,3,14,1906,5,2,2,1,3,06029,M,,,06
200800011386,8,3,15,245,5,2,1,1,6,06029,M,,,06
200800011387,8,3,11,930,1,2,1,1,7,06030,M,,,06
200800011388,8,3,17,754,1,2,1,1,3,06029,M,,,06
200800011389,8,3,17,1115,1,2,1,1,6,06029,M,,,06
200800011390,8,3,17,1640,1,2,1,1,3,06029,M,,,06
200800011391,8,3,19,925,1,2,1,1,2,06029,M,,,06
200800011392,8,3,20,1850,1,2,1,1,5,06029,M,,,06
200800011393,8,3,24,1600,1,2,1,1,3,06029,M,,,06
200800011394,8,3,25,915,1,2,1,7,7,06029,M,,,06
200800011395,8,3,25,1255,1,2,3,1,3,06029,M,,,06
200800011396,8,3,25,1840,1,2,1,1,7,06029,M,,,06
200800011397,8,3,27,1115,1,2,1,1,3,06029,M,,,06
200800011398,8,3,30,1810,1,2,1,1,6,06029,M,,,06
200800011399,8,3,30,1844,1,1,1,1,3,06029,M,,,06
200800011400,8,3,30,1940,1,2,1,1,6,06030,M,,,06
200800011401,8,3,31,1050,1,2,1,1,7,06030,M,,,06
200800011402,8,3,31,1820,1,2,1,1,3,06029,M,,,06
200800011403,8,3,12,1945,2,2,1,1,3,06030,M,,,06
200800011404,8,3,23,950,1,2,1,1,6,06029,M,,,06
200800011405,8,3,17,830,1,2,1,1,7,06029,M,,,06
200800011406,8,3,4,930,1,2,1,1,2,06069,M,,,06
200800011407,8,3,4,1205,1,1,1,1,2,06069,M,,,06
200800011408,8,3,5,1205,1,1,1,1,2,06069,M,,,06
200800011409,8,3,7,615,2,2,1,1,7,06069,M,,,06
200800011410,8,3,7,830,1,2,1,2,6,06069,M,,,06
200800011411,8,3,11,1810,1,1,1,1,3,06069,M,,,06
200800011412,8,3,12,1020,1,2,1,1,7,06069,M,,,06
200800011413,8,3,13,1245,1,2,3,1,2,06069,M,,,06
200800011414,8,3,15,1155,1,2,6,1,5,06069,M,,,06
200800011415,8,3,15,1630,1,2,1,1,7,06069,M,,,06
200800011416,8,3,15,1620,1,2,1,1,1,06069,M,,,06
200800011417,8,3,15,2010,2,2,1,1,6,06069,M,,,06
200800011418,8,3,18,1755,1,2,2,1,3,06069,M,,,06
200800011419,8,3,19,1310,1,1,1,2,7,06069,M,,,06
200800011420,8,3,19,1915,2,2,1,1,7,06069,M,,,06
200800011421,8,3,20,630,2,1,1,2,7,06069,M,,,06
200800011422,8,3,21,1405,1,2,1,1,3,06069,M,,,06
200800011423,8,3,22,950,1,2,1,1,6,06069,M,,,06
200800011424,8,3,24,1700,1,2,1,1,6,06069,M,,,06
200800011425,8,3,25,810,1,2,1,1,2,06069,M,,,06
200800011426,8,3,26,1800,1,2,1,1,3,06069,M,,,06
200800011427,8,3,1,1510,1,2,1,1,6,06104,M,,,06
200800011428,8,3,9,1805,1,2,1,1,1,06104,M,,,06
200800011429,8,3,15,1445,1,2,1,1,3,06083,M,,,06
200800011430,8,3,18,245,5,2,1,1,6,06104,M,,,06
200800011431,8,3,19,945,1,2,1,1,6,06104,M,,,06
200800011432,8,3,19,1710,1,2,1,1,6,06104,M,,,06
200800011433,8,3,22,440,5,2,1,1,6,06104,M,,,06
200800011434,8,3,20,2330,5,2,3,1,3,06083,M,,,06
200800011435,8,3,22,1015,1,2,1,1,2,06083,M,,,06
200800011436,8,3,7,1135,1,2,1,1,7,06104,M,,,06
200800011437,8,3,1,930,1,2,1,1,2,06088,M,,,06
200800011438,8,3,1,1150,1,2,1,1,6,06088,M,,,06
200800011439,8,3,1,1602,2,2,1,1,5,06088,M,,,06
200800011440,8,3,1,2110,5,2,2,1,3,06088,M,,,06
200800011441,8,3,2,1145,1,2,2,1,3,06088,M,,,06
200800011442,8,3,2,1650,1,2,1,1,2,06088,M,,,06
200800011443,8,3,3,1115,1,2,1,1,6,06088,M,,,06
200800011444,8,3,3,1530,1,2,1,1,3,06088,M,,,06
200800011445,8,3,3,1720,1,2,1,1,6,06088,M,,,06
200800011446,8,3,3,2230,5,2,1,1,2,06088,M,,,06
200800011447,8,3,4,220,5,2,1,1,2,06088,M,,,06
200800011448,8,3,4,715,1,2,2,1,6,06088,M,,,06
200800011449,8,3,4,840,1,2,1,1,4,06088,M,,,06
200800011450,8,3,4,945,1,1,2,1,3,06088,M,,,06
200800011451,8,3,4,1350,1,2,1,1,6,06088,M,,,06
200800011452,8,3,4,1600,1,2,1,1,5,06088,M,,,06
200800011453,8,3,4,1645,1,2,1,1,6,06088,M,,,06
200800011454,8,3,4,1745,1,2,1,1,3,06088,M,,,06
200800011455,8,3,4,1610,1,2,1,1,2,06088,M,,,06
200800011456,8,3,4,1835,5,2,1,1,6,06088,M,,,06
200800011457,8,3,4,1904,5,2,1,1,3,06088,M,,,06
200800011458,8,3,4,1945,5,2,2,1,1,06088,M,,,06
200800011459,8,3,4,2019,5,2,2,1,1,06088,M,,,06
200800011460,8,3,5,750,1,2,1,1,6,06088,M,,,06
200800011461,8,3,5,910,1,2,1,1,5,06088,M,,,06
200800011462,8,3,5,1500,1,2,1,1,3,06088,M,,,06
200800011463,8,3,5,1800,1,2,2,1,3,06088,M,,,06
200800011464,8,3,5,1855,1,2,1,1,6,06088,M,,,06
200800011465,8,3,5,2130,5,2,1,1,1,06159,M,,,06
200800011466,8,3,6,630,2,2,2,1,3,06088,M,,,06
200800011467,8,3,6,1400,1,1,1,1,3,06088,M,,,06
200800011468,8,3,6,1401,1,2,1,1,3,06088,M,,,06
200800011469,8,3,6,1430,1,2,2,1,3,06088,M,,,06
200800011470,8,3,6,1500,1,2,3,2,3,06088,M,,,06
200800011471,8,3,6,1850,5,2,1,2,5,06088,M,,,06
200800011472,8,3,6,2000,5,1,1,2,6,06088,M,,,06
200800011473,8,3,7,800,1,1,1,2,3,06088,M,,,06
200800011474,8,3,7,900,1,1,1,1,1,06088,M,,,06
200800011475,8,3,7,930,1,2,1,2,5,06088,M,,,06
200800011476,8,3,7,1430,1,1,7,1,3,06088,M,,,06
200800011477,8,3,7,1440,1,2,3,2,6,06088,M,,,06
200800011478,8,3,7,1950,2,2,1,2,6,06088,M,,,06
200800011479,8,3,8,1150,1,2,1,2,6,06088,M,,,06
200800011480,8,3,9,615,2,2,1,1,6,06088,M,,,06
200800011481,8,3,9,915,1,2,2,1,3,06088,M,,,06
200800011482,8,3,10,745,2,1,1,3,6,06088,M,,,06
200800011483,8,3,10,915,1,2,2,3,3,06088,M,,,06
200800011484,8,3,10,1920,5,2,1,2,2,06088,M,,,06
200800011485,8,3,10,2030,5,2,1,2,3,06088,M,,,06
200800011486,8,3,11,1210,1,2,1,1,6,06088,M,,,06
200800011487,8,3,11,1345,1,2,1,1,6,06088,M,,,06
200800011488,8,3,11,1955,2,2,3,1,3,06088,M,,,06
200800011489,8,3,11,2130,5,2,1,1,3,06088,M,,,06
200800011490,8,3,12,1400,1,2,1,1,2,06088,M,,,06
200800011491,8,3,12,1415,1,2,2,1,3,06088,M,,,06
200800011492,8,3,12,1515,1,2,1,1,3,06088,M,,,06
200800011493,8,3,12,1625,1,2,9,1,3,06088,M,,,06
200800011494,8,3,12,1915,5,2,2,1,6,06088,M,,,06
200800011495,8,3,12,2030,2,2,1,1,2,06088,M,,,06
200800011496,8,3,13,1030,1,2,2,1,3,06088,M,,,06
200800011497,8,3,13,1050,1,2,1,1,6,06088,M,,,06
200800011498,8,3,14,1150,1,2,1,1,6,06088,M,,,06
200800011499,8,3,14,1335,1,2,3,1,3,06088,M,,,06
200800011500,8,3,14,1915,3,2,1,1,3,06088,M,,,06
200800011501,8,3,14,2050,5,2,2,1,3,06088,M,,,06
200800011502,8,3,14,2215,5,2,2,1,3,06088,M,,,06
200800011503,8,3,15,1415,1,2,2,1,3,06088,M,,,06
200800011504,8,3,15,1730,1,2,2,1,3,06088,M,,,06
200800011505,8,3,15,1710,1,2,7,1,3,06088,M,,,06
200800011506,8,3,16,1050,1,2,1,1,6,06088,M,,,06
200800011507,8,3,16,1300,1,2,1,1,6,06088,M,,,06
200800011508,8,3,16,1945,2,2,1,1,3,06088,M,,,06
200800011509,8,3,17,1215,1,2,1,1,1,06088,M,,,06
200800011510,8,3,18,2020,5,2,3,1,3,06088,M,,,06
200800011511,8,3,18,2050,5,2,3,1,3,06088,M,,,06
200800011512,8,3,19,1210,1,2,1,1,5,06088,M,,,06
200800011513,8,3,19,1810,2,2,1,3,3,06088,M,,,06
200800011514,8,3,19,1950,5,2,3,2,6,06088,M,,,06
200800011515,8,3,20,815,1,2,2,1,6,06088,M,,,06
200800011516,8,3,20,1230,1,2,1,1,1,06088,M,,,06
200800011517,8,3,20,1935,5,2,2,1,3,06088,M,,,06
200800011518,8,3,21,1730,1,2,3,1,3,06088,M,,,06
200800011519,8,3,21,2340,5,2,1,1,6,06088,M,,,06
200800011520,8,3,22,338,5,2,1,1,6,06088,M,,,06
200800011521,8,3,22,510,5,1,1,1,1,06088,M,,,06
200800011522,8,3,22,1050,1,2,1,1,3,06088,M,,,06
200800011523,8,3,22,1340,1,2,1,1,6,06088,M,,,06
200800011524,8,3,22,1630,1,2,1,1,5,06088,M,,,06
200800011525,8,3,23,1220,1,2,1,1,5,06088,M,,,06
200800011526,8,3,23,1510,1,2,1,1,6,06088,M,,,06
200800011527,8,3,23,2020,2,2,1,1,6,06088,M,,,06
200800011528,8,3,24,900,1,1,1,1,1,06088,M,,,06
200800011529,8,3,24,1220,1,2,3,1,1,06088,M,,,06
200800011530,8,3,24,1645,1,2,1,1,5,06088,M,,,06
200800011531,8,3,24,1930,2,2,1,1,7,06088,M,,,06
200800011532,8,3,25,1745,1,2,1,1,3,06088,M,,,06
200800011533,8,3,25,1746,1,2,1,1,2,06088,M,,,06
200800011534,8,3,25,1815,1,2,1,1,6,06088,M,,,06
200800011535,8,3,25,1800,1,2,1,1,3,06088,M,,,06
200800011536,8,3,26,1100,1,2,1,1,6,06088,M,,,06
200800011537,8,3,26,1120,1,2,1,1,2,06088,M,,,06
200800011538,8,3,26,1750,1,2,1,1,6,06088,M,,,06
200800011539,8,3,26,2200,5,2,1,1,1,06088,M,,,06
200800011540,8,3,27,1315,1,2,1,1,6,06088,M,,,06
200800011541,8,3,27,1445,1,2,1,1,2,06088,M,,,06
200800011542,8,3,27,1900,2,2,1,1,3,06088,M,,,06
200800011543,8,3,27,1945,1,2,1,1,1,06088,M,,,06
200800011544,8,3,27,1915,2,2,2,1,6,06088,M,,,06
200800011545,8,3,29,520,5,2,2,1,3,06088,M,,,06
200800011546,8,3,29,926,1,2,1,1,1,06088,M,,,06
200800011547,8,3,29,1630,1,2,2,1,3,06088,M,,,06
200800011548,8,3,29,1945,5,2,1,1,3,06088,M,,,06
200800011549,8,3,30,540,5,2,1,1,6,06088,M,,,06
200800011550,8,3,30,1740,1,2,1,1,6,06088,M,,,06
200800011551,8,3,7,1524,1,1,1,1,1,07331,M,,,07
200800011552,8,3,26,1740,1,2,1,1,1,07019,M,,,07
200800011553,8,3,2,1750,1,1,1,1,5,07072,M,,,07
200800011554,8,3,13,805,1,2,3,1,6,07186,M,,,07
200800011555,8,3,22,1925,1,2,1,1,6,08105,M,,,08
200800011556,8,3,28,1940,3,1,1,3,1,08497,M,,,08
200800011557,8,3,9,950,1,2,6,2,6,08409,M,,,08
200800011558,8,3,20,1925,5,2,1,1,7,09207,M,,,09
200800011559,8,3,19,215,3,1,1,8,7,09225,M,,,09
200800011560,8,3,4,1725,1,2,2,1,1,10081,M,,,10
200800011561,8,3,3,755,1,2,1,1,3,10387,M,,,10
200800011562,8,3,16,2110,5,2,2,1,3,10387,M,,,10
200800011563,8,3,12,740,1,2,3,1,3,10297,M,,,10
200800011564,8,3,8,1230,1,2,1,1,4,10333,M,,,10
200800011565,8,3,7,1615,1,2,6,1,3,10343,M,,,10
200800011566,8,3,21,1240,1,2,3,1,3,10387,M,,,10
200800011567,8,3,17,1340,1,2,1,1,2,10333,M,,,10
200800011568,8,3,20,1955,5,2,1,2,6,10387,M,,,10
200800011569,8,3,31,2320,5,2,6,1,7,10362,M,,,10
200800011570,8,3,31,1955,2,2,1,1,2,10387,M,,,10
200800011571,8,3,3,1240,1,2,2,1,5,11262,M,,,11
200800011572,8,3,2,1905,2,2,4,1,5,12176,M,,,12
200800011573,8,3,5,2050,3,1,2,1,3,12176,M,,,12
200800011574,8,3,12,1740,1,2,1,2,6,12202,M,,,12
200800011575,8,3,22,1035,1,2,1,8,6,12202,M,,,12
200800011576,8,3,24,1340,1,2,1,2,7,12202,M,,,12
200800011577,8,3,25,1435,1,1,1,1,5,12202,M,,,12
200800011578,8,3,3,740,1,2,6,1,5,13001,M,,,13
200800011579,8,3,9,2003,5,2,1,1,2,13001,M,,,13
200800011580,8,3,2,1655,1,1,1,1,3,13001,M,,,13
200800011581,8,3,19,412,5,2,1,1,6,13001,M,,,13
200800011582,8,3,22,2120,5,2,1,1,2,13001,M,,,13
200800011583,8,3,26,1620,1,1,1,1,5,13001,M,,,13
200800011584,8,3,27,1330,1,1,1,1,6,13001,M,,,13
200800011585,8,3,27,1743,1,1,1,1,2,13001,M,,,13
200800011586,8,3,29,1702,1,2,1,1,7,13001,M,,,13
200800011587,8,3,20,1340,1,2,1,1,3,13001,M,,,13
200800011588,8,3,3,1355,1,1,3,1,3,13004,M,,,13
200800011589,8,3,4,1000,1,2,1,1,7,13004,M,,,13
200800011590,8,3,4,1210,1,2,3,1,5,13004,M,,,13
200800011591,8,3,6,1815,1,2,1,1,2,13004,M,,,13
200800011592,8,3,9,1915,3,1,1,3,6,13004,M,,,13
200800011593,8,3,17,1220,1,2,1,1,3,13004,M,,,13
200800011594,8,3,20,740,2,1,1,1,6,13004,M,,,13
200800011595,8,3,25,2155,3,1,1,1,6,13004,M,,,13
200800011596,8,3,22,1815,1,2,1,6,6,13004,M,,,13
200800011597,8,3,26,1726,1,2,1,1,5,13004,M,,,13
200800011598,8,3,27,1725,1,2,1,1,6,13004,M,,,13
200800011599,8,3,20,700,1,1,1,1,7,13005,M,,,13
200800011600,8,3,28,1110,1,2,1,1,5,13005,M,,,13
200800011601,8,3,3,1700,1,2,1,1,2,13028,M,,,13
200800011602,8,3,14,1420,1,2,1,1,6,13028,M,,,13
200800011603,8,3,31,1505,1,2,1,2,6,13028,M,,,13
200800011604,8,3,12,735,1,2,1,1,6,13047,M,,,13
200800011605,8,3,19,1200,1,1,1,1,7,13047,M,,,13
200800011606,8,3,21,1005,1,1,1,8,6,13098,M,,,13
200800011607,8,3,3,2110,5,2,3,1,3,13102,M,,,13
200800011608,8,3,5,2000,5,2,1,1,1,13102,M,,,13
200800011609,8,3,10,1745,1,1,1,3,1,13054,M,,,13
200800011610,8,3,10,1925,5,2,1,2,1,13054,M,,,13
200800011611,8,3,11,1040,1,2,3,1,3,13043,M,,,13
200800011612,8,3,25,1700,1,2,1,1,6,13054,M,,,13
200800011613,8,3,31,700,1,1,1,2,3,13043,M,,,13
200800011614,8,3,4,600,5,2,1,1,6,13002,M,,,13
200800011615,8,3,4,1140,1,2,1,1,6,13055,M,,,13
200800011616,8,3,4,1415,1,2,1,1,6,13055,M,,,13
200800011617,8,3,2,420,5,2,1,1,7,13055,M,,,13
200800011618,8,3,4,1615,1,2,1,1,3,13055,M,,,13
200800011619,8,3,1,1620,1,1,1,1,6,13055,M,,,13
200800011620,8,3,1,120,5,2,1,1,6,13055,M,,,13
200800011621,8,3,5,1330,1,2,3,1,3,13055,M,,,13
200800011622,8,3,14,1740,2,2,1,1,7,13055,M,,,13
200800011623,8,3,3,1735,1,2,1,1,3,13055,M,,,13
200800011624,8,3,7,525,5,2,9,1,1,13055,M,,,13
200800011625,8,3,6,1800,1,2,1,1,6,13055,M,,,13
200800011626,8,3,8,1830,2,2,1,1,6,13055,M,,,13
200800011627,8,3,9,530,5,2,1,1,6,13055,M,,,13
200800011628,8,3,3,1445,1,2,9,1,3,13055,M,,,13
200800011629,8,3,3,2230,5,2,3,1,1,13055,M,,,13
200800011630,8,3,6,2050,5,2,1,1,3,13055,M,,,13
200800011631,8,3,6,1900,5,2,1,1,7,13055,M,,,13
200800011632,8,3,1,1640,1,2,1,1,2,13055,M,,,13
200800011633,8,3,6,1540,1,2,1,1,6,13002,M,,,13
200800011634,8,3,3,940,1,2,1,1,7,13055,M,,,13
200800011635,8,3,6,1030,1,2,1,1,3,13055,M,,,13
200800011636,8,3,6,1850,2,2,1,1,3,13055,M,,,13
200800011637,8,3,1,1840,5,2,1,1,2,13055,M,,,13
200800011638,8,3,7,1410,1,2,9,1,3,13055,M,,,13
200800011639,8,3,7,1840,5,2,1,1,6,13055,M,,,13
200800011640,8,3,7,1130,1,2,1,1,6,13055,M,,,13
200800011641,8,3,4,2205,5,2,1,1,6,13055,M,,,13
200800011642,8,3,6,1645,1,2,1,1,2,13055,M,,,13
200800011643,8,3,8,20,5,2,1,1,6,13055,M,,,13
200800011644,8,3,4,1730,2,2,9,1,3,13055,M,,,13
200800011645,8,3,5,1800,1,2,1,1,2,13055,M,,,13
200800011646,8,3,6,845,1,2,1,1,2,13055,M,,,13
200800011647,8,3,3,1615,1,2,3,1,3,13055,M,,,13
200800011648,8,3,4,900,1,2,1,1,2,13055,M,,,13
200800011649,8,3,5,1545,1,2,2,1,7,13055,M,,,13
200800011650,8,3,4,810,1,2,3,1,3,13055,M,,,13
200800011651,8,3,6,1300,1,2,1,1,6,13055,M,,,13
200800011652,8,3,3,2130,5,2,1,1,6,13055,M,,,13
200800011653,8,3,10,1930,5,2,1,2,7,13055,M,,,13
200800011654,8,3,11,950,1,2,1,1,6,13055,M,,,13
200800011655,8,3,5,2040,4,2,1,1,3,13055,M,,,13
200800011656,8,3,8,1100,1,2,1,1,6,13055,M,,,13
200800011657,8,3,11,1530,1,2,1,1,6,13055,M,,,13
200800011658,8,3,8,1030,1,2,3,1,2,13055,M,,,13
200800011659,8,3,11,1130,1,2,1,1,6,13055,M,,,13
200800011660,8,3,10,1555,1,2,1,2,3,13055,M,,,13
200800011661,8,3,16,1225,1,2,9,1,3,13055,M,,,13
200800011662,8,3,14,2200,5,2,1,1,6,13055,M,,,13
200800011663,8,3,11,1915,2,2,1,1,3,13055,M,,,13
200800011664,8,3,5,1910,5,2,1,1,4,13055,M,,,13
200800011665,8,3,6,1910,2,2,1,1,3,13055,M,,,13
200800011666,8,3,15,1715,1,2,1,1,6,13055,M,,,13
200800011667,8,3,11,1531,1,2,1,1,6,13055,M,,,13
200800011668,8,3,1,1245,1,2,3,1,3,13055,M,,,13
200800011669,8,3,6,650,5,2,1,1,7,13055,M,,,13
200800011670,8,3,6,1220,1,2,3,1,6,13055,M,,,13
200800011671,8,3,1,2000,5,2,1,1,2,13055,M,,,13
200800011672,8,3,6,900,1,2,1,1,6,13055,M,,,13
200800011673,8,3,10,1830,2,2,3,2,3,13055,M,,,13
200800011674,8,3,15,40,5,2,1,1,3,13055,M,,,13
200800011675,8,3,13,950,1,2,1,1,2,13055,M,,,13
200800011676,8,3,17,1800,2,2,3,1,3,13055,M,,,13
200800011677,8,3,7,1115,1,2,2,1,3,13055,M,,,13
200800011678,8,3,18,1800,2,2,1,1,3,13055,M,,,13
200800011679,8,3,9,1545,1,2,1,2,6,13055,M,,,13
200800011680,8,3,3,1645,1,2,1,1,6,13002,M,,,13
200800011681,8,3,10,1400,1,2,3,1,3,13055,M,,,13
200800011682,8,3,10,1730,2,2,1,2,5,13055,M,,,13
200800011683,8,3,13,2120,5,2,1,1,3,13055,M,,,13
200800011684,8,3,6,1920,2,2,1,1,6,13055,M,,,13
200800011685,8,3,15,1815,2,2,3,1,3,13055,M,,,13
200800011686,8,3,5,1000,1,2,1,1,6,13055,M,,,13
200800011687,8,3,5,1220,1,2,8,1,6,13055,M,,,13
200800011688,8,3,9,310,5,2,1,1,7,13055,M,,,13
200800011689,8,3,4,1030,1,2,1,1,3,13055,M,,,13
200800011690,8,3,13,1130,1,2,1,1,3,13055,M,,,13
200800011691,8,3,15,1745,1,2,1,1,4,13055,M,,,13
200800011692,8,3,17,1100,1,2,1,1,7,13055,M,,,13
200800011693,8,3,14,800,1,2,1,1,3,13055,M,,,13
200800011694,8,3,19,1355,1,2,1,1,1,13055,M,,,13
200800011695,8,3,24,2250,5,2,1,2,1,13055,M,,,13
200800011696,8,3,24,1415,1,2,3,6,3,13055,M,,,13
200800011697,8,3,22,1525,1,2,1,1,4,13055,M,,,13
200800011698,8,3,13,750,2,2,1,1,6,13055,M,,,13
200800011699,8,3,14,1300,1,2,1,1,2,13055,M,,,13
200800011700,8,3,12,1425,1,2,1,1,3,13055,M,,,13
200800011701,8,3,3,1420,1,2,1,1,6,13055,M,,,13
200800011702,8,3,4,1500,1,2,1,1,6,13055,M,,,13
200800011703,8,3,1,1915,3,2,1,1,6,13055,M,,,13
200800011704,8,3,13,1430,1,2,1,1,7,13055,M,,,13