Num_Acc,an,mois,jour,hrmn,lum,agg,int,atm,col,com,gps,lat,long,dep
200800011705,8,3,16,1000,1,2,6,1,3,13055,M,,,13
200800011706,8,3,13,1315,1,1,1,1,1,13055,M,,,13
200800011707,8,3,2,1830,5,2,1,1,3,13055,M,,,13
200800011708,8,3,8,1230,1,1,1,1,2,13055,M,,,13
200800011709,8,3,16,50,5,2,6,1,3,13055,M,,,13
200800011710,8,3,10,1200,1,2,2,1,3,13055,M,,,13
200800011711,8,3,8,1200,1,2,2,1,3,13055,M,,,13
200800011712,8,3,8,1530,1,2,1,1,3,13055,M,,,13
200800011713,8,3,19,1500,1,2,1,1,6,13055,M,,,13
200800011714,8,3,20,2245,5,2,1,6,2,13055,M,,,13
200800011715,8,3,26,1250,1,2,1,1,6,13055,M,,,13
200800011716,8,3,26,1545,1,2,1,1,6,13055,M,,,13
200800011717,8,3,20,2200,5,2,3,1,3,13055,M,,,13
200800011718,8,3,1,1835,5,2,1,1,3,13055,M,,,13
200800011719,8,3,9,2030,5,2,1,2,3,13055,M,,,13
200800011720,8,3,22,2345,5,2,1,1,7,13002,M,,,13
200800011721,8,3,20,930,1,2,1,1,4,13055,M,,,13
200800011722,8,3,27,2150,5,2,5,1,1,13055,M,,,13
200800011723,8,3,19,1850,5,2,1,1,3,13055,M,,,13
200800011724,8,3,28,605,5,2,1,1,5,13055,M,,,13
200800011725,8,3,25,800,1,2,3,1,3,13055,M,,,13
200800011726,8,3,17,830,1,2,1,1,2,13055,M,,,13
200800011727,8,3,16,1805,2,2,1,1,6,13055,M,,,13
200800011728,8,3,16,840,1,2,1,1,1,13055,M,,,13
200800011729,8,3,23,1100,1,2,6,1,3,13055,M,,,13
200800011730,8,3,17,1515,1,2,2,1,3,13055,M,,,13
200800011731,8,3,21,1230,1,2,4,2,3,13055,M,,,13
200800011732,8,3,21,2240,5,2,1,2,2,13055,M,,,13
200800011733,8,3,19,1530,1,2,1,1,2,13055,M,,,13
200800011734,8,3,19,1630,1,2,1,1,7,13055,M,,,13
200800011735,8,3,16,1850,1,2,1,1,6,13055,M,,,13
200800011736,8,3,17,1715,1,2,1,1,7,13055,M,,,13
200800011737,8,3,22,30,5,2,1,2,3,13055,M,,,13
200800011738,8,3,28,2100,5,2,3,1,3,13055,M,,,13
200800011739,8,3,26,1810,1,2,1,1,6,13055,M,,,13
200800011740,8,3,22,1340,1,2,1,1,6,13055,M,,,13
200800011741,8,3,12,1500,1,2,1,1,3,13055,M,,,13
200800011742,8,3,6,1755,1,2,6,1,2,13055,M,,,13
200800011743,8,3,2,1930,5,2,1,1,3,13055,M,,,13
200800011744,8,3,1,30,5,2,1,1,6,13002,M,,,13
200800011745,8,3,22,1945,3,1,1,2,6,13002,M,,,13
200800011746,8,3,31,2140,5,2,1,1,3,13055,M,,,13
200800011747,8,3,21,1150,1,2,1,2,1,13055,M,,,13
200800011748,8,3,25,1550,1,2,1,1,3,13055,M,,,13
200800011749,8,3,8,1330,1,2,3,1,2,13055,M,,,13
200800011750,8,3,25,1340,1,2,3,1,2,13055,M,,,13
200800011751,8,3,7,1755,1,2,1,1,7,13055,M,,,13
200800011752,8,3,9,1040,1,2,1,1,6,13055,M,,,13
200800011753,8,3,3,1100,1,2,1,1,3,13055,M,,,13
200800011754,8,3,19,1905,5,2,4,1,3,13055,M,,,13
200800011755,8,3,27,840,1,2,2,1,3,13055,M,,,13
200800011756,8,3,30,1500,1,2,2,1,2,13055,M,,,13
200800011757,8,3,14,1935,5,2,1,1,3,13055,M,,,13
200800011758,8,3,4,1200,1,2,4,1,4,13055,M,,,13
200800011759,8,3,4,805,1,2,1,1,1,13055,M,,,13
200800011760,8,3,26,1355,1,2,1,1,2,13055,M,,,13
200800011761,8,3,10,1145,1,2,4,1,3,13055,M,,,13
200800011762,8,3,8,1715,1,2,3,1,3,13055,M,,,13
200800011763,8,3,25,915,1,2,1,1,3,13055,M,,,13
200800011764,8,3,18,755,1,2,1,1,3,13055,M,,,13
200800011765,8,3,31,230,5,2,3,1,1,13055,M,,,13
200800011766,8,3,5,815,1,2,1,1,3,13055,M,,,13
200800011767,8,3,17,1125,1,2,1,1,3,13055,M,,,13
200800011768,8,3,31,750,1,2,1,8,6,13055,M,,,13
200800011769,8,3,17,1130,1,2,9,1,1,13055,M,,,13
200800011770,8,3,29,1745,1,2,1,1,3,13055,M,,,13
200800011771,8,3,14,1530,1,2,1,1,4,13055,M,,,13
200800011772,8,3,27,1645,1,2,1,1,6,13055,M,,,13
200800011773,8,3,6,1820,1,2,1,1,3,13055,M,,,13
200800011774,8,3,18,525,5,2,3,1,7,13055,M,,,13
200800011775,8,3,27,1646,1,2,1,1,2,13055,M,,,13
200800011776,8,3,25,830,1,2,1,6,3,13055,M,,,13
200800011777,8,3,28,925,1,2,1,1,7,13002,M,,,13
200800011778,8,3,25,1420,1,2,3,6,3,13055,M,,,13
200800011779,8,3,20,1930,5,2,3,1,3,13055,M,,,13
200800011780,8,3,21,1300,1,2,1,2,6,13055,M,,,13
200800011781,8,3,18,1700,1,2,1,1,2,13055,M,,,13
200800011782,8,3,31,1350,1,2,1,2,2,13055,M,,,13
200800011783,8,3,20,1200,1,2,1,1,3,13055,M,,,13
200800011784,8,3,20,1340,1,2,1,1,3,13055,M,,,13
200800011785,8,3,12,1030,1,2,1,1,6,13055,M,,,13
200800011786,8,3,25,1740,1,2,3,1,3,13055,M,,,13
200800011787,8,3,25,1145,1,2,1,1,7,13055,M,,,13
200800011788,8,3,31,1400,1,2,1,3,3,13055,M,,,13
200800011789,8,3,20,1245,1,2,1,1,2,13055,M,,,13
200800011790,8,3,18,1830,2,2,1,1,6,13055,M,,,13
200800011791,8,3,19,1205,1,2,1,1,3,13055,M,,,13
200800011792,8,3,27,1500,1,2,1,1,3,13055,M,,,13
200800011793,8,3,18,830,1,2,1,1,5,13055,M,,,13
200800011794,8,3,29,1235,1,2,1,1,4,13055,M,,,13
200800011795,8,3,30,1405,1,2,1,1,3,13055,M,,,13
200800011796,8,3,30,1300,1,2,1,1,3,13055,M,,,13
200800011797,8,3,29,1740,1,2,1,1,4,13055,M,,,13
200800011798,8,3,21,1840,2,2,2,1,3,13055,M,,,13
200800011799,8,3,7,1630,1,2,2,1,3,13055,M,,,13
200800011800,8,3,23,530,2,2,2,1,3,13055,M,,,13
200800011801,8,3,21,1430,1,2,2,2,2,13055,M,,,13
200800011802,8,3,30,2135,5,2,1,3,1,13055,M,,,13
200800011803,8,3,21,1700,1,2,2,1,3,13055,M,,,13
200800011804,8,3,13,1400,1,2,1,1,6,13055,M,,,13
200800011805,8,3,25,1725,1,2,3,1,4,13055,M,,,13
200800011806,8,3,27,1845,1,2,1,1,3,13055,M,,,13
200800011807,8,3,17,2115,5,2,1,1,6,13055,M,,,13
200800011808,8,3,17,1920,5,2,1,1,3,13055,M,,,13
200800011809,8,3,31,1230,1,2,1,2,6,13055,M,,,13
200800011810,8,3,13,1800,1,2,1,1,6,13055,M,,,13
200800011811,8,3,29,1610,1,2,1,1,3,13055,M,,,13
200800011812,8,3,16,1200,1,2,1,1,3,13055,M,,,13
200800011813,8,3,14,830,1,2,1,1,5,13055,M,,,13
200800011814,8,3,27,1620,1,2,1,1,3,13055,M,,,13
200800011815,8,3,23,240,5,2,3,1,6,13055,M,,,13
200800011816,8,3,20,830,1,2,2,1,3,13055,M,,,13
200800011817,8,3,28,1500,1,2,1,1,6,13055,M,,,13
200800011818,8,3,31,1740,1,2,1,2,3,13055,M,,,13
200800011819,8,3,27,1200,1,2,1,1,4,13055,M,,,13
200800011820,8,3,25,1421,1,2,3,1,3,13055,M,,,13
200800011821,8,3,30,1645,1,2,2,1,3,13055,M,,,13
200800011822,8,3,27,1846,1,2,2,1,1,13055,M,,,13
200800011823,8,3,22,1700,1,2,1,1,6,13055,M,,,13
200800011824,8,3,8,1300,1,2,1,1,2,13056,M,,,13
200800011825,8,3,16,500,3,1,1,1,6,13039,M,,,13
200800011826,8,3,20,1455,1,2,1,1,6,13056,M,,,13
200800011827,8,3,19,1250,1,2,1,1,7,13077,M,,,13
200800011828,8,3,25,1400,1,1,1,1,6,13056,M,,,13
200800011829,8,3,28,1017,1,1,8,1,2,13026,M,,,13
200800011830,8,3,12,1510,1,2,1,1,2,13056,M,,,13
200800011831,8,3,26,1755,1,1,1,1,7,13078,M,,,13
200800011832,8,3,30,930,1,2,2,2,3,13078,M,,,13
200800011833,8,3,19,1820,1,1,1,1,2,13103,M,,,13
200800011834,8,3,4,800,1,1,3,1,3,13108,M,,,13
200800011835,8,3,3,1825,5,2,1,1,6,13108,M,,,13
200800011836,8,3,5,350,3,1,1,6,6,13108,M,,,13
200800011837,8,3,20,130,3,1,1,1,7,13108,M,,,13
200800011838,8,3,2,1200,1,2,1,1,6,14118,M,,,14
200800011839,8,3,6,1950,2,2,1,1,6,14118,M,,,14
200800011840,8,3,12,1805,1,2,3,1,3,14221,M,,,14
200800011841,8,3,15,355,5,2,1,2,6,14118,M,,,14
200800011842,8,3,19,1150,1,2,1,1,3,14118,M,,,14
200800011843,8,3,19,1715,1,2,3,1,6,14118,M,,,14
200800011844,8,3,28,1650,1,2,3,1,3,14118,M,,,14
200800011845,8,3,29,1339,1,2,1,1,3,14118,M,,,14
200800011846,8,3,27,2005,5,2,1,1,3,14437,M,,,14
200800011847,8,3,27,920,1,2,1,1,6,14715,M,,,14
200800011848,8,3,6,1930,5,2,1,1,6,15014,M,,,15
200800011849,8,3,8,2330,5,2,1,1,6,15014,M,,,15
200800011850,8,3,6,1257,1,1,1,1,3,16271,M,,,16
200800011851,8,3,14,2145,5,2,3,1,3,16291,M,,,16
200800011852,8,3,20,1905,2,2,1,1,3,16154,M,,,16
200800011853,8,3,1,1905,2,2,3,1,3,16102,M,,,16
200800011854,8,3,12,2335,5,1,1,1,6,16102,M,,,16
200800011855,8,3,22,2010,3,1,1,9,1,16102,M,,,16
200800011856,8,3,14,1400,1,2,1,1,3,17299,M,,,17
200800011857,8,3,15,1225,1,2,1,1,7,17299,M,,,17
200800011858,8,3,3,1704,1,2,3,1,6,17274,M,,,17
200800011859,8,3,4,1255,1,2,1,1,6,17300,M,,,17
200800011860,8,3,5,1305,1,2,1,1,2,17300,M,,,17
200800011861,8,3,5,1630,1,2,1,1,6,17300,M,,,17
200800011862,8,3,6,1517,1,2,2,1,3,17300,M,,,17
200800011863,8,3,7,1130,1,2,2,1,3,17300,M,,,17
200800011864,8,3,9,445,5,2,1,1,6,17300,M,,,17
200800011865,8,3,11,1400,1,2,6,1,2,17300,M,,,17
200800011866,8,3,12,1605,1,2,1,1,1,17300,M,,,17
200800011867,8,3,17,2000,5,2,1,1,3,17300,M,,,17
200800011868,8,3,18,945,1,2,1,1,6,17300,M,,,17
200800011869,8,3,18,1240,1,2,1,1,6,17300,M,,,17
200800011870,8,3,19,1700,1,2,9,1,3,17300,M,,,17
200800011871,8,3,20,1721,1,2,1,1,1,17300,M,,,17
200800011872,8,3,22,2240,5,2,9,2,6,17300,M,,,17
200800011873,8,3,25,1700,1,2,9,1,6,17300,M,,,17
200800011874,8,3,25,1920,1,2,3,1,3,17300,M,,,17
200800011875,8,3,27,1650,1,2,1,1,4,17274,M,,,17
200800011876,8,3,28,1545,1,2,1,1,2,17300,M,,,17
200800011877,8,3,17,1820,1,2,2,1,2,17300,M,,,17
200800011878,8,3,4,900,1,1,1,1,6,17306,M,,,17
200800011879,8,3,6,1605,1,2,5,1,3,17306,M,,,17
200800011880,8,3,6,2050,2,2,1,1,7,17306,M,,,17
200800011881,8,3,8,1900,4,1,1,1,2,17306,M,,,17
200800011882,8,3,22,2050,2,2,1,1,7,17333,M,,,17
200800011883,8,3,27,1715,1,2,1,1,2,17306,M,,,17
200800011884,8,3,30,1636,1,2,1,1,7,17333,M,,,17
200800011885,8,3,1,1200,1,1,2,1,3,17415,M,,,17
200800011886,8,3,2,325,5,2,2,1,3,17415,M,,,17
200800011887,8,3,3,1800,1,1,2,1,3,17415,M,,,17
200800011888,8,3,7,2100,5,2,1,2,6,17415,M,,,17
200800011889,8,3,16,1635,1,2,2,2,3,17415,M,,,17
200800011890,8,3,16,1704,1,2,2,2,3,17415,M,,,17
200800011891,8,3,22,1215,1,2,2,1,3,17415,M,,,17
200800011892,8,3,27,1811,1,2,9,1,3,18033,M,,,18
200800011893,8,3,2,355,3,1,1,1,6,18255,M,,,18
200800011894,8,3,12,1250,1,2,3,8,6,18033,M,,,18
200800011895,8,3,13,728,1,2,4,1,2,18033,M,,,18
200800011896,8,3,15,1510,1,2,1,1,5,18033,M,,,18
200800011897,8,3,15,1800,1,1,1,6,5,18267,M,,,18
200800011898,8,3,19,1740,1,2,1,7,3,18205,M,,,18
200800011899,8,3,20,1810,1,2,1,1,6,18033,M,,,18
200800011900,8,3,21,1210,1,2,9,3,2,18033,M,,,18
200800011901,8,3,24,1405,1,2,9,2,3,18033,M,,,18
200800011902,8,3,26,1230,1,2,1,1,6,18033,M,,,18
200800011903,8,3,26,1650,1,1,1,1,2,18033,M,,,18
200800011904,8,3,27,930,1,2,1,1,3,18033,M,,,18
200800011905,8,3,3,1650,1,2,2,1,1,18279,M,,,18
200800011906,8,3,12,1400,1,2,1,1,6,18279,M,,,18
200800011907,8,3,17,1445,1,2,1,8,7,18279,M,,,18
200800011908,8,3,2,1840,2,2,1,1,5,19031,M,,,19
200800011909,8,3,3,1955,5,2,3,1,3,19031,M,,,19
200800011910,8,3,5,1050,1,2,1,1,3,19031,M,,,19
200800011911,8,3,5,2040,5,2,1,1,2,19031,M,,,19
200800011912,8,3,11,850,1,2,3,3,3,19031,M,,,19
200800011913,8,3,12,1500,1,2,7,2,3,19031,M,,,19
200800011914,8,3,13,1346,1,2,3,1,6,19031,M,,,19
200800011915,8,3,14,1350,1,2,1,1,2,19031,M,,,19
200800011916,8,3,23,250,5,2,1,1,6,19031,M,,,19
200800011917,8,3,31,2020,5,2,2,3,6,19031,M,,,19
200800011918,8,3,22,320,5,2,1,2,7,19272,M,4528552.0,376573.0,19
200800011919,8,3,6,1825,5,2,2,1,6,21054,M,,,21
200800011920,8,3,23,1100,1,2,1,1,3,21054,M,,,21
200800011921,8,3,29,830,1,2,2,1,6,21054,M,,,21
200800011922,8,3,29,1700,1,2,1,1,6,21054,M,,,21
200800011923,8,3,2,1440,1,2,2,1,6,21231,M,,,21
200800011924,8,3,3,756,1,2,1,2,3,21231,M,,,21
200800011925,8,3,3,1700,1,2,1,1,6,21231,M,,,21
200800011926,8,3,4,1345,1,2,7,1,3,21231,M,,,21
200800011927,8,3,6,1218,1,2,2,1,3,21166,M,,,21
200800011928,8,3,7,2050,5,2,2,1,3,21617,M,,,21
200800011929,8,3,8,1857,5,2,2,1,6,21231,M,,,21
200800011930,8,3,9,2130,5,2,2,1,3,21231,M,,,21
200800011931,8,3,10,1023,1,2,3,1,3,21355,M,,,21
200800011932,8,3,10,1515,1,2,1,2,6,21231,M,,,21
200800011933,8,3,10,2045,5,2,2,2,2,21231,M,,,21
200800011934,8,3,10,2055,5,2,2,2,5,21231,M,,,21
200800011935,8,3,12,853,1,2,6,3,3,21231,M,,,21
200800011936,8,3,12,1240,1,2,2,1,3,21231,M,,,21
200800011937,8,3,12,1359,1,2,1,8,2,21231,M,,,21
200800011938,8,3,12,1425,1,2,2,2,6,21231,M,,,21
200800011939,8,3,13,1641,1,2,1,8,2,21231,M,,,21
200800011940,8,3,13,1945,5,2,2,1,3,21166,M,,,21
200800011941,8,3,14,1433,1,2,1,1,3,21231,M,,,21
200800011942,8,3,15,2004,5,2,1,6,3,21278,M,,,21
200800011943,8,3,18,1745,1,2,1,1,6,21231,M,,,21
200800011944,8,3,23,510,5,2,4,2,6,21231,M,,,21
200800011945,8,3,23,1047,1,2,2,8,3,21231,M,,,21
200800011946,8,3,23,1519,1,2,1,1,3,21231,M,,,21
200800011947,8,3,23,2130,5,2,2,1,3,21231,M,,,21
200800011948,8,3,25,1509,1,2,1,1,2,21231,M,,,21
200800011949,8,3,25,1750,1,2,1,1,5,21166,M,,,21
200800011950,8,3,25,1929,5,2,3,1,2,21166,M,,,21
200800011951,8,3,27,1540,1,2,2,1,3,21231,M,,,21
200800011952,8,3,27,1822,1,2,2,1,3,21231,M,,,21
200800011953,8,3,13,1330,1,2,1,1,6,22050,M,,,22
200800011954,8,3,20,1705,1,2,5,1,3,22050,M,,,22
200800011955,8,3,27,900,1,2,1,1,6,22050,M,,,22
200800011956,8,3,29,2005,5,2,1,8,3,22050,M,,,22
200800011957,8,3,28,1940,2,2,1,1,6,22113,M,,,22
200800011958,8,3,1,1830,1,2,1,1,2,22278,M,,,22
200800011959,8,3,9,115,3,1,1,2,7,22360,M,,,22
200800011960,8,3,8,1840,1,2,3,1,3,22106,M,,,22
200800011961,8,3,15,610,5,2,1,1,6,22215,M,,,22
200800011962,8,3,14,1645,1,2,1,1,3,22278,M,,,22
200800011963,8,3,19,1725,1,2,2,1,3,22278,M,,,22
200800011964,8,3,20,835,1,2,1,1,7,22278,M,,,22
200800011965,8,3,26,800,1,2,1,3,3,22215,M,,,22
200800011966,8,3,26,1225,1,2,3,3,3,22278,M,,,22
200800011967,8,3,27,810,1,2,2,1,6,22278,M,,,22
200800011968,8,3,28,1725,1,2,1,1,7,22278,M,,,22
200800011969,8,3,29,1530,1,2,2,1,3,22278,M,,,22
200800011970,8,3,6,850,1,1,1,1,4,23096,M,,,23
200800011971,8,3,14,1035,1,2,6,1,3,24037,M,,,24
200800011972,8,3,15,1245,1,2,3,1,3,24037,M,,,24
200800011973,8,3,4,1829,1,2,3,4,3,24322,M,,,24
200800011974,8,3,9,725,1,2,1,1,6,24557,M,,,24
200800011975,8,3,9,2350,5,2,3,2,3,24322,M,,,24
200800011976,8,3,13,1750,1,2,1,1,1,24557,M,,,24
200800011977,8,3,10,1811,1,2,1,2,6,24322,M,,,24
200800011978,8,3,19,1250,1,2,1,1,2,24322,M,,,24
200800011979,8,3,22,2030,5,2,3,1,2,24322,M,,,24
200800011980,8,3,28,833,1,2,6,2,3,24322,M,,,24
200800011981,8,3,1,520,5,2,1,3,6,25056,M,,,25
200800011982,8,3,1,2205,5,2,1,1,7,25056,M,,,25
200800011983,8,3,7,415,3,1,1,1,6,25056,M,,,25
200800011984,8,3,1,1815,2,2,1,1,3,25056,M,,,25
200800011985,8,3,10,1049,1,2,3,1,3,25056,M,,,25
200800011986,8,3,10,1330,1,2,1,1,6,25056,M,,,25
200800011987,8,3,14,2039,5,2,1,1,6,25056,M,,,25
200800011988,8,3,15,1546,1,2,1,1,6,25056,M,,,25
200800011989,8,3,18,1220,1,2,1,1,2,25056,M,,,25
200800011990,8,3,18,1345,1,2,1,1,6,25056,M,,,25
200800011991,8,3,25,1635,1,2,1,2,4,25056,M,,,25
200800011992,8,3,26,923,1,2,1,1,6,25056,M,,,25
200800011993,8,3,26,1007,1,2,1,1,6,25056,M,,,25
200800011994,8,3,27,1739,1,2,1,1,1,25056,M,,,25
200800011995,8,3,28,1610,1,2,1,1,6,25056,M,,,25
200800011996,8,3,29,1534,1,2,1,1,3,25056,M,,,25
200800011997,8,3,21,520,5,1,1,3,1,25580,M,,,25
200800011998,8,3,4,1335,1,2,3,4,3,25462,M,,,25
200800011999,8,3,9,457,3,1,1,1,7,25204,M,,,25
200800012000,8,3,28,1340,1,2,1,1,3,25462,M,,,25
200800012001,8,3,1,910,1,2,2,1,2,26281,M,,,26
200800012002,8,3,6,2135,5,2,2,1,6,26281,M,,,26
200800012003,8,3,7,1735,1,2,6,1,6,26281,M,,,26
200800012004,8,3,8,1530,1,2,1,1,6,26281,M,,,26
200800012005,8,3,10,1155,1,2,1,1,6,26281,M,,,26
200800012006,8,3,21,1638,1,2,3,2,6,26281,M,,,26
200800012007,8,3,22,2320,5,2,2,1,3,26281,M,,,26
200800012008,8,3,27,1505,1,2,2,1,7,26057,M,,,26
200800012009,8,3,29,1825,1,2,1,1,6,26057,M,,,26
200800012010,8,3,10,740,1,1,1,1,6,26058,M,,,26
200800012011,8,3,6,730,1,2,2,1,3,26252,M,,,26
200800012012,8,3,16,420,5,2,2,2,3,26362,M,,,26
200800012013,8,3,13,1930,5,2,3,1,3,26362,M,,,26
200800012014,8,3,14,2110,5,2,3,1,3,26362,M,,,26
200800012015,8,3,27,2005,5,2,3,1,3,26362,M,,,26
200800012016,8,3,28,1350,1,2,3,1,3,26362,M,,,26
200800012017,8,3,28,1355,1,2,3,1,3,26362,M,,,26
200800012018,8,3,29,1505,1,1,1,1,1,26058,M,,,26
200800012019,8,3,5,855,1,2,1,1,3,27229,M,,,27
200800012020,8,3,21,1300,1,2,1,1,6,27229,M,,,27
200800012021,8,3,3,900,1,2,1,1,6,27375,M,,,27
200800012022,8,3,18,1520,1,2,1,1,3,27351,M,,,27
200800012023,8,3,25,1250,1,2,3,1,3,27375,M,,,27
200800012024,8,3,11,1600,1,2,1,8,6,27681,M,,,27
200800012025,8,3,13,840,1,2,1,1,6,27681,M,,,27
200800012026,8,3,13,1930,1,2,3,2,6,27554,M,,,27
200800012027,8,3,15,2315,3,1,1,2,7,27681,M,,,27
200800012028,8,3,29,1155,1,2,9,1,6,27562,M,,,27
200800012029,8,3,3,1255,1,2,3,1,6,27588,M,,,27
200800012030,8,3,2,910,1,2,1,2,2,28085,M,,,28
200800012031,8,3,3,1830,1,2,1,1,3,28085,M,,,28
200800012032,8,3,5,1735,1,2,1,1,6,28085,M,,,28
200800012033,8,3,10,1640,1,2,1,1,3,28218,M,,,28
200800012034,8,3,12,1214,1,2,1,1,6,28220,M,,,28
200800012035,8,3,17,755,2,2,3,2,3,28220,M,,,28
200800012036,8,3,18,1815,1,2,4,1,6,28085,M,,,28
200800012037,8,3,20,845,1,2,1,1,2,28085,M,,,28
200800012038,8,3,20,1650,1,2,1,1,6,28085,M,,,28
200800012039,8,3,21,1420,1,2,1,1,2,28085,M,,,28
200800012040,8,3,22,2115,3,2,1,2,3,28085,M,,,28
200800012041,8,3,26,935,1,2,1,1,2,28085,M,,,28
200800012042,8,3,26,1505,1,2,1,2,3,28209,M,,,28
200800012043,8,3,29,20,5,2,1,1,6,28085,M,,,28
200800012044,8,3,29,1850,2,2,1,1,3,28220,M,,,28
200800012045,8,3,29,2255,5,2,7,1,6,28085,M,,,28
200800012046,8,3,31,730,2,2,3,1,3,28085,M,,,28
200800012047,8,3,21,750,2,2,1,1,6,28229,M,,,28
200800012048,8,3,2,1540,1,2,1,1,6,28134,M,,,28
200800012049,8,3,4,1200,1,2,2,1,6,28134,M,,,28
200800012050,8,3,7,2000,3,1,1,8,2,28404,M,,,28
200800012051,8,3,25,2310,3,1,1,1,6,28134,M,,,28
200800012052,8,3,26,1425,1,1,2,1,3,28134,M,,,28
200800012053,8,3,27,1605,1,2,3,1,4,28404,M,,,28
200800012054,8,3,28,1800,1,2,3,1,3,28134,M,,,28
200800012055,8,3,2,1100,1,2,1,2,3,29019,M,,,29
200800012056,8,3,2,1235,1,2,1,1,2,29019,M,,,29
200800012057,8,3,4,2250,5,2,1,1,3,29019,M,,,29
200800012058,8,3,5,1000,1,2,3,1,2,29019,M,,,29
200800012059,8,3,5,1320,1,2,2,1,6,29019,M,,,29
200800012060,8,3,5,1939,5,2,2,1,3,29019,M,,,29
200800012061,8,3,9,320,5,2,1,8,5,29019,M,,,29
200800012062,8,3,6,1740,1,2,1,1,6,29019,M,,,29
200800012063,8,3,12,1720,1,2,2,1,3,29019,M,,,29
200800012064,8,3,13,1720,1,2,1,1,6,29019,M,,,29
200800012065,8,3,13,1615,1,2,3,2,6,29019,M,,,29
200800012066,8,3,15,1500,1,2,1,1,3,29019,M,,,29
200800012067,8,3,16,2015,5,2,1,1,2,29019,M,,,29
200800012068,8,3,16,2025,2,2,2,1,1,29019,M,,,29
200800012069,8,3,18,900,1,2,1,1,6,29019,M,,,29
200800012070,8,3,18,1815,1,2,2,1,3,29019,M,,,29
200800012071,8,3,20,900,1,2,1,2,6,29019,M,,,29
200800012072,8,3,21,800,1,2,3,2,3,29019,M,,,29
200800012073,8,3,21,840,1,2,3,8,6,29019,M,,,29
200800012074,8,3,21,945,1,1,2,1,6,29019,M,,,29
200800012075,8,3,21,1315,1,2,1,1,5,29019,M,,,29
200800012076,8,3,21,2200,5,2,1,2,6,29019,M,,,29
200800012077,8,3,26,2100,5,2,2,1,6,29019,M,,,29
200800012078,8,3,27,830,1,2,1,1,6,29019,M,,,29
200800012079,8,3,28,1345,1,2,1,1,5,29019,M,,,29
200800012080,8,3,28,1515,1,2,1,1,1,29019,M,,,29
200800012081,8,3,29,1445,1,2,1,1,1,29019,M,,,29
200800012082,8,3,31,2050,2,2,2,1,3,29019,M,,,29
200800012083,8,3,5,1730,1,2,4,1,3,29151,M,,,29
200800012084,8,3,11,900,1,2,1,2,3,29254,M,,,29
200800012085,8,3,23,950,1,1,1,4,7,29254,M,,,29
200800012086,8,3,28,740,1,1,1,2,7,29151,M,,,29
200800012087,8,3,11,135,3,2,1,3,6,29151,M,,,29
200800012088,8,3,1,1900,2,1,1,1,6,29051,M,,,29
200800012089,8,3,2,1540,1,2,1,1,6,29232,M,,,29
200800012090,8,3,3,1800,1,2,1,1,6,29232,M,,,29
200800012091,8,3,5,940,1,2,1,1,6,29232,M,,,29
200800012092,8,3,10,930,1,2,1,1,6,29232,M,,,29
200800012093,8,3,5,1600,1,2,1,1,6,30028,M,,,30
200800012094,8,3,17,1745,1,2,1,1,3,30028,M,,,30
200800012095,8,3,2,1540,1,1,1,1,7,30032,M,,,30
200800012096,8,3,12,1855,5,2,9,1,3,30032,M,,,30
200800012097,8,3,13,1515,1,2,2,1,3,30032,M,,,30
200800012098,8,3,16,1930,2,2,1,1,6,30032,M,,,30
200800012099,8,3,22,1915,3,1,1,1,7,30032,M,,,30
200800012100,8,3,23,2130,5,2,1,1,6,30032,M,,,30
200800012101,8,3,1,1910,5,2,3,1,3,30189,M,4383473.0,434791.0,30
200800012102,8,3,2,1125,1,2,2,1,7,30189,M,4383290.0,435136.0,30
200800012103,8,3,3,1244,1,2,3,1,7,30189,M,4384671.0,438698.0,30
200800012104,8,3,3,1545,1,2,1,1,7,30189,M,4382336.0,434685.0,30
200800012105,8,3,4,1056,1,2,1,1,3,30189,M,,,30
200800012106,8,3,4,1058,1,2,1,1,2,30189,M,,,30
200800012107,8,3,4,1059,1,2,2,1,2,30189,M,,,30
200800012108,8,3,4,1310,1,2,1,1,7,30189,M,4382331.0,434668.0,30
200800012109,8,3,4,1620,1,2,2,1,2,30189,M,4383453.0,436308.0,30
200800012110,8,3,5,824,1,2,1,6,6,30189,M,,,30
200800012111,8,3,5,2041,5,2,3,6,3,30189,M,4383620.0,437340.0,30
200800012112,8,3,6,1100,1,2,1,1,7,30189,M,4383978.0,435772.0,30
200800012113,8,3,6,1206,1,2,3,1,3,30189,M,4383973.0,435764.0,30
200800012114,8,3,7,1700,1,2,6,1,7,30189,M,4382373.0,432754.0,30
200800012115,8,3,9,550,2,2,3,1,3,30189,M,,,30
200800012116,8,3,9,1955,5,2,2,2,3,30189,M,4382524.0,435406.0,30
200800012117,8,3,9,2218,3,2,1,9,6,30189,M,4390337.0,439451.0,30
200800012118,8,3,10,1320,1,2,3,1,7,30189,M,4383570.0,441718.0,30
200800012119,8,3,11,1557,1,2,6,1,4,30189,M,4382443.0,437003.0,30
200800012120,8,3,12,744,1,2,2,1,3,30189,M,4380517.0,433662.0,30
200800012121,8,3,12,924,1,2,1,1,2,30189,M,4382720.0,436080.0,30
200800012122,8,3,12,2023,5,2,1,1,6,30189,M,4383205.0,434711.0,30
200800012123,8,3,13,810,1,2,1,1,6,30189,M,4381408.0,431537.0,30
200800012124,8,3,13,1823,1,2,1,1,2,30189,M,4382057.0,432270.0,30
200800012125,8,3,14,110,5,2,1,1,7,30189,M,4383869.0,434272.0,30
200800012126,8,3,15,325,5,2,1,9,7,30189,M,4383425.0,435937.0,30