Num_Acc,an,mois,jour,hrmn,lum,agg,int,atm,col,com,gps,lat,long,dep
200800012127,8,3,15,1700,1,2,1,1,2,30189,M,4382674.0,436126.0,30
200800012128,8,3,16,505,5,1,6,1,6,30189,M,4881093.0,436365.0,30
200800012129,8,3,19,1200,1,2,1,1,3,30189,M,4382712.0,436284.0,30
200800012130,8,3,20,1728,1,2,1,1,3,30189,M,,,30
200800012131,8,3,21,1453,1,2,1,1,4,30189,M,4382072.0,435732.0,30
200800012132,8,3,25,2130,3,2,1,1,7,30189,M,4385904.0,441591.0,30
200800012133,8,3,27,845,1,2,1,1,6,30189,M,4382928.0,435599.0,30
200800012134,8,3,27,1614,1,2,9,1,3,30189,M,4382159.0,434871.0,30
200800012135,8,3,28,1600,1,2,2,1,3,30189,M,,,30
200800012136,8,3,31,630,5,2,2,2,3,30189,M,4383449.0,435122.0,30
200800012137,8,3,31,925,1,2,4,2,1,30189,M,4385375.0,436085.0,30
200800012138,8,3,8,120,5,2,1,6,6,30351,M,,,30
200800012139,8,3,9,930,1,1,1,1,1,30011,M,,,30
200800012140,8,3,11,1130,1,1,1,2,5,30011,M,,,30
200800012141,8,3,11,1115,1,2,2,2,3,31069,M,,,31
200800012142,8,3,10,1345,1,1,1,2,2,31069,M,,,31
200800012143,8,3,31,1410,1,2,6,1,3,31069,M,,,31
200800012144,8,3,6,1840,2,2,1,1,6,31149,M,,,31
200800012145,8,3,18,1420,1,2,2,1,6,31149,M,,,31
200800012146,8,3,1,1725,1,2,1,1,7,31483,M,,,31
200800012147,8,3,12,845,1,2,2,1,3,31483,M,,,31
200800012148,8,3,22,1035,1,1,1,2,7,31483,M,,,31
200800012149,8,3,1,1750,1,2,1,1,6,31555,M,,,31
200800012150,8,3,1,2140,5,2,1,1,6,31555,M,,,31
200800012151,8,3,2,1530,1,1,1,1,3,31555,M,,,31
200800012152,8,3,3,800,1,2,1,8,4,31555,M,,,31
200800012153,8,3,3,1030,1,2,1,8,6,31555,M,,,31
200800012154,8,3,3,740,1,2,1,1,3,31555,M,,,31
200800012155,8,3,3,1240,1,1,1,1,3,31555,M,,,31
200800012156,8,3,4,1050,1,1,1,1,6,31555,M,,,31
200800012157,8,3,4,1205,1,2,1,2,6,31555,M,,,31
200800012158,8,3,4,1700,1,1,1,1,2,31555,M,,,31
200800012159,8,3,6,810,1,2,1,1,3,31555,M,,,31
200800012160,8,3,7,1810,1,2,1,8,3,31555,M,,,31
200800012161,8,3,8,1440,1,2,3,1,3,31555,M,,,31
200800012162,8,3,8,1205,1,2,1,1,6,31555,M,,,31
200800012163,8,3,10,620,5,1,1,1,2,31555,M,,,31
200800012164,8,3,10,725,1,2,1,1,3,31555,M,,,31
200800012165,8,3,10,905,1,2,6,1,3,31555,M,,,31
200800012166,8,3,11,704,2,2,1,2,2,31555,M,,,31
200800012167,8,3,11,830,1,2,1,2,4,31555,M,,,31
200800012168,8,3,11,905,1,1,1,2,2,31149,M,,,31
200800012169,8,3,11,935,1,2,1,2,2,31555,M,,,31
200800012170,8,3,11,1400,1,2,1,2,6,31555,M,,,31
200800012171,8,3,12,600,5,2,3,1,3,31555,M,,,31
200800012172,8,3,12,840,1,1,1,1,2,31555,M,,,31
200800012173,8,3,12,1740,1,2,1,1,3,31555,M,,,31
200800012174,8,3,12,1833,2,2,1,1,4,31555,M,,,31
200800012175,8,3,13,1304,1,1,1,1,3,31555,M,,,31
200800012176,8,3,13,1340,1,2,1,1,3,31555,M,,,31
200800012177,8,3,13,2318,5,2,2,1,3,31555,M,,,31
200800012178,8,3,14,406,5,2,1,1,6,31555,M,,,31
200800012179,8,3,14,340,5,1,1,1,6,31555,M,,,31
200800012180,8,3,15,640,2,2,3,1,2,31555,M,,,31
200800012181,8,3,16,515,5,2,1,8,6,31555,M,,,31
200800012182,8,3,14,805,1,1,1,1,4,31555,M,,,31
200800012183,8,3,14,1720,1,1,1,1,3,31555,M,,,31
200800012184,8,3,17,1205,1,2,1,1,3,31555,M,,,31
200800012185,8,3,17,1720,1,2,3,1,3,31555,M,,,31
200800012186,8,3,17,2345,5,2,1,1,6,31069,M,,,31
200800012187,8,3,18,1400,1,2,1,1,6,31555,M,,,31
200800012188,8,3,18,1420,1,2,1,1,6,31555,M,,,31
200800012189,8,3,18,1530,1,2,1,1,3,31555,M,,,31
200800012190,8,3,19,1025,1,2,1,1,2,31555,M,,,31
200800012191,8,3,19,1730,1,2,1,1,3,31555,M,,,31
200800012192,8,3,20,810,1,2,6,1,3,31555,M,,,31
200800012193,8,3,20,820,1,2,2,1,3,31555,M,,,31
200800012194,8,3,20,850,1,1,1,1,4,31555,M,,,31
200800012195,8,3,20,1210,1,2,3,1,3,31555,M,,,31
200800012196,8,3,23,1925,2,2,2,1,1,31555,M,,,31
200800012197,8,3,21,720,2,2,1,2,2,31555,M,,,31
200800012198,8,3,21,1650,1,2,1,1,3,31555,M,,,31
200800012199,8,3,21,2035,5,2,1,1,3,31555,M,,,31
200800012200,8,3,22,345,5,2,1,2,6,31555,M,,,31
200800012201,8,3,22,1410,1,2,1,2,3,31555,M,,,31
200800012202,8,3,23,310,5,1,1,1,6,31555,M,,,31
200800012203,8,3,24,550,2,2,1,8,6,31555,M,,,31
200800012204,8,3,25,1200,1,2,1,2,3,31555,M,,,31
200800012205,8,3,25,1214,1,2,1,2,3,31555,M,,,31
200800012206,8,3,25,1715,1,2,1,2,3,31555,M,,,31
200800012207,8,3,25,1830,1,2,1,2,3,31555,M,,,31
200800012208,8,3,25,1925,2,2,1,2,2,31555,M,,,31
200800012209,8,3,25,1950,2,2,1,2,6,31555,M,,,31
200800012210,8,3,25,2240,5,2,1,2,3,31555,M,,,31
200800012211,8,3,26,910,1,2,1,1,6,31555,M,,,31
200800012212,8,3,24,2000,5,2,1,2,1,31555,M,,,31
200800012213,8,3,27,1320,1,2,3,2,2,31555,M,,,31
200800012214,8,3,27,1600,1,2,1,8,2,31555,M,,,31
200800012215,8,3,27,1810,1,2,1,8,3,31555,M,,,31
200800012216,8,3,27,2145,5,2,1,2,6,31555,M,,,31
200800012217,8,3,28,818,1,2,1,1,3,31555,M,,,31
200800012218,8,3,31,2013,2,2,1,1,6,31555,M,,,31
200800012219,8,3,28,2020,5,2,1,1,3,31555,M,,,31
200800012220,8,3,29,1213,1,2,1,1,2,31555,M,,,31
200800012221,8,3,30,600,5,2,1,1,6,31555,M,,,31
200800012222,8,3,31,602,5,2,1,2,6,31555,M,,,31
200800012223,8,3,31,930,1,2,1,1,6,31555,M,,,31
200800012224,8,3,31,1530,1,2,1,1,3,31555,M,,,31
200800012225,8,3,31,1750,1,1,1,2,2,31555,M,,,31
200800012226,8,3,9,1335,1,2,6,2,2,31557,M,,,31
200800012227,8,3,18,1240,1,2,1,1,2,31557,M,,,31
200800012228,8,3,28,820,1,2,6,2,2,31557,M,,,31
200800012229,8,3,28,1510,1,2,1,1,7,31557,M,,,31
200800012230,8,3,28,2030,5,1,3,1,3,31557,M,,,31
200800012231,8,3,14,1210,1,2,2,1,3,32013,M,,,32
200800012232,8,3,15,1945,2,1,1,8,1,32013,M,,,32
200800012233,8,3,26,1655,1,2,1,2,6,32013,M,,,32
200800012234,8,3,8,1225,1,2,1,1,3,33009,M,,,33
200800012235,8,3,9,1505,1,1,1,1,1,33529,M,,,33
200800012236,8,3,13,900,1,2,1,8,3,33529,M,,,33
200800012237,8,3,17,1020,1,2,1,1,7,33009,M,,,33
200800012238,8,3,19,730,1,2,1,1,3,33529,M,,,33
200800012239,8,3,7,1700,1,2,1,1,2,33529,M,,,33
200800012240,8,3,1,440,5,2,1,2,6,33281,M,,,33
200800012241,8,3,3,1930,5,2,1,2,3,33063,M,,,33
200800012242,8,3,2,1815,1,2,2,1,3,33063,M,,,33
200800012243,8,3,5,1615,1,2,1,1,3,33063,M,,,33
200800012244,8,3,5,1820,1,2,2,1,3,33063,M,,,33
200800012245,8,3,5,1915,5,2,2,1,3,33063,M,,,33
200800012246,8,3,6,800,1,2,1,1,3,33063,M,,,33
200800012247,8,3,3,1050,1,2,3,2,3,33281,M,,,33
200800012248,8,3,4,1802,1,2,2,1,3,33281,M,,,33
200800012249,8,3,8,200,5,2,3,2,6,33063,M,,,33
200800012250,8,3,10,1325,1,2,2,1,3,33063,M,,,33
200800012251,8,3,2,1140,1,2,3,1,3,33281,M,,,33
200800012252,8,3,1,2310,5,2,2,1,6,33167,M,,,33
200800012253,8,3,7,2205,5,2,2,2,3,33063,M,,,33
200800012254,8,3,7,1515,1,2,1,1,2,33063,M,,,33
200800012255,8,3,7,1713,1,2,3,1,3,33167,M,,,33
200800012256,8,3,10,1420,1,2,2,2,3,33063,M,,,33
200800012257,8,3,11,1053,1,2,2,3,6,33063,M,,,33
200800012258,8,3,6,752,1,2,3,1,6,33522,M,,,33
200800012259,8,3,12,1745,1,2,1,1,6,33063,M,,,33
200800012260,8,3,12,1325,1,2,2,2,3,33063,M,,,33
200800012261,8,3,13,850,1,2,2,2,3,33063,M,,,33
200800012262,8,3,14,2130,5,2,1,1,7,33063,M,,,33
200800012263,8,3,14,1915,1,2,1,1,3,33063,M,,,33
200800012264,8,3,15,2045,5,2,2,1,3,33063,M,,,33
200800012265,8,3,14,1645,1,2,3,1,6,33039,M,,,33
200800012266,8,3,14,725,1,2,1,1,7,33063,M,,,33
200800012267,8,3,17,915,1,2,1,1,6,33063,M,,,33
200800012268,8,3,5,1905,2,2,1,1,3,33167,M,,,33
200800012269,8,3,17,930,1,2,1,1,2,33063,M,,,33
200800012270,8,3,17,850,1,2,1,1,7,33063,M,,,33
200800012271,8,3,4,1845,1,2,3,1,3,33318,M,,,33
200800012272,8,3,5,1750,1,2,2,1,6,33318,M,,,33
200800012273,8,3,17,2055,5,2,1,8,2,33063,M,,,33
200800012274,8,3,17,1545,1,2,2,1,3,33063,M,,,33
200800012275,8,3,1,2150,5,2,3,1,3,33522,M,,,33
200800012276,8,3,5,1425,1,2,1,1,6,33281,M,,,33
200800012277,8,3,14,1909,2,2,1,1,3,33318,M,,,33
200800012278,8,3,12,1600,1,2,1,1,3,33039,M,,,33
200800012279,8,3,6,1315,1,2,3,1,2,33281,M,,,33
200800012280,8,3,8,1,5,2,2,2,3,33063,M,,,33
200800012281,8,3,10,1745,1,2,3,2,3,33550,M,,,33
200800012282,8,3,11,804,1,2,1,3,6,33522,M,,,33
200800012283,8,3,9,1109,1,2,1,2,6,33522,M,,,33
200800012284,8,3,4,1303,1,2,1,1,7,33192,M,,,33
200800012285,8,3,8,1900,5,2,1,1,3,33281,M,,,33
200800012286,8,3,18,1915,2,2,1,1,2,33063,M,,,33
200800012287,8,3,18,2250,5,2,1,1,2,33063,M,,,33
200800012288,8,3,18,2335,5,2,1,1,7,33281,M,,,33
200800012289,8,3,14,1045,1,2,2,1,2,33550,M,,,33
200800012290,8,3,19,745,1,2,3,1,3,33063,M,,,33
200800012291,8,3,19,1345,1,2,2,1,3,33192,M,,,33
200800012292,8,3,18,1043,1,2,6,1,6,33119,M,,,33
200800012293,8,3,15,1120,1,2,6,1,3,33281,M,,,33
200800012294,8,3,20,1815,1,2,2,1,3,33063,M,,,33
200800012295,8,3,21,930,1,2,2,2,3,33063,M,,,33
200800012296,8,3,21,2020,5,2,3,1,3,33063,M,,,33
200800012297,8,3,23,600,2,2,1,1,2,33063,M,,,33
200800012298,8,3,16,105,5,2,1,1,6,33281,M,,,33
200800012299,8,3,21,650,2,2,2,2,3,33063,M,,,33
200800012300,8,3,25,2230,5,2,2,1,6,33063,M,,,33
200800012301,8,3,19,1435,1,2,1,1,4,33167,M,,,33
200800012302,8,3,23,720,2,2,1,1,6,33063,M,,,33
200800012303,8,3,19,730,1,2,1,1,6,33550,M,,,33
200800012304,8,3,19,840,1,2,3,1,3,33069,M,,,33
200800012305,8,3,25,2040,5,2,3,1,3,33063,M,,,33
200800012306,8,3,26,1740,1,2,3,2,1,33063,M,,,33
200800012307,8,3,24,1830,2,2,6,2,2,33281,M,,,33
200800012308,8,3,19,1250,1,2,1,1,2,33281,M,,,33
200800012309,8,3,28,123,5,2,1,1,6,33063,M,,,33
200800012310,8,3,28,830,1,2,1,2,4,33063,M,,,33
200800012311,8,3,28,1735,1,2,3,1,3,33063,M,,,33
200800012312,8,3,28,845,1,2,6,2,6,33063,M,,,33
200800012313,8,3,30,322,5,2,1,8,4,33063,M,,,33
200800012314,8,3,28,1755,1,2,1,1,6,33063,M,,,33
200800012315,8,3,28,1700,1,2,1,1,6,33063,M,,,33
200800012316,8,3,29,725,1,2,1,1,2,33063,M,,,33
200800012317,8,3,31,1020,1,2,1,1,3,33063,M,,,33
200800012318,8,3,24,1740,1,2,4,2,3,33550,M,,,33
200800012319,8,3,25,1645,1,2,1,1,6,33069,M,,,33
200800012320,8,3,25,2037,5,2,2,1,3,33281,M,,,33
200800012321,8,3,24,2250,5,2,2,1,3,33039,M,,,33
200800012322,8,3,27,915,1,2,1,2,2,33069,M,,,33
200800012323,8,3,30,1552,1,2,2,2,3,33069,M,,,33
200800012324,8,3,27,1805,1,2,3,1,3,33039,M,,,33
200800012325,8,3,31,805,2,2,1,2,3,33281,M,,,33
200800012326,8,3,31,2215,5,2,4,1,3,33039,M,,,33
200800012327,8,3,28,1411,1,2,1,2,6,33522,M,,,33
200800012328,8,3,1,1550,1,2,6,1,2,33243,M,,,33
200800012329,8,3,19,1435,1,2,6,1,3,33243,M,,,33
200800012330,8,3,27,1830,1,2,2,2,1,33243,M,,,33
200800012331,8,3,28,1415,1,2,2,2,3,33243,M,,,33
200800012332,8,3,8,2135,5,2,1,1,6,34003,M,,,34
200800012333,8,3,9,1900,3,2,1,2,6,34003,M,,,34
200800012334,8,3,10,2015,5,2,1,1,6,34003,M,,,34
200800012335,8,3,28,15,5,2,1,1,6,34003,M,,,34
200800012336,8,3,1,1957,3,1,1,1,7,34032,M,,,34
200800012337,8,3,2,410,3,1,1,1,7,34032,M,,,34
200800012338,8,3,5,410,3,2,1,1,7,34032,M,,,34
200800012339,8,3,5,1340,1,2,6,1,7,34336,M,,,34
200800012340,8,3,7,1739,1,2,2,1,3,34032,M,,,34
200800012341,8,3,8,1625,1,2,1,1,3,34032,M,4332357.0,345699.0,34
200800012342,8,3,9,1730,2,2,1,1,7,34032,M,,,34
200800012343,8,3,13,1810,1,2,2,1,6,34032,M,,,34
200800012344,8,3,14,1720,1,2,1,1,3,34032,M,,,34
200800012345,8,3,14,1640,1,1,3,1,2,34032,M,,,34
200800012346,8,3,15,1305,1,2,1,1,7,34032,M,,,34
200800012347,8,3,15,1500,1,2,1,2,7,34032,M,,,34
200800012348,8,3,17,800,1,2,1,1,7,34032,M,,,34
200800012349,8,3,18,1143,1,2,2,7,7,34032,M,,,34
200800012350,8,3,19,1730,1,2,1,1,3,34032,M,,,34
200800012351,8,3,19,2032,2,2,1,1,3,34032,M,,,34
200800012352,8,3,21,2150,5,2,1,1,3,34032,M,4334230.0,345699.0,34
200800012353,8,3,23,110,1,2,1,1,2,34032,M,,,34
200800012354,8,3,25,1655,1,1,1,1,2,34336,M,4332307.0,345699.0,34
200800012355,8,3,29,1915,2,2,1,1,7,34032,M,,,34
200800012356,8,3,30,1030,1,2,1,1,7,34032,M,,,34
200800012357,8,3,1,1500,1,2,1,1,2,34172,M,,,34
200800012358,8,3,2,1500,1,2,5,1,3,34172,M,,,34
200800012359,8,3,3,1440,1,2,1,1,6,34172,M,,,34
200800012360,8,3,3,1700,1,2,1,1,6,34172,M,,,34
200800012361,8,3,4,1220,1,2,1,1,1,34172,M,,,34
200800012362,8,3,5,1030,1,2,1,1,6,34172,M,4360761.0,387704.0,34
200800012363,8,3,5,1705,1,2,1,6,2,34172,M,,,34
200800012364,8,3,6,1543,1,2,2,1,3,34172,M,,,34
200800012365,8,3,7,2206,5,2,1,1,3,34172,M,,,34
200800012366,8,3,7,1818,1,2,1,1,7,34172,M,,,34
200800012367,8,3,6,1535,1,2,3,1,3,34172,M,4361020.0,388430.0,34
200800012368,8,3,9,318,3,1,1,1,1,34129,M,4362095.0,388006.0,34
200800012369,8,3,9,1735,1,2,2,2,1,34172,M,,,34
200800012370,8,3,9,1955,5,2,1,8,6,34172,M,,,34
200800012371,8,3,9,1830,2,2,2,2,3,34172,M,,,34
200800012372,8,3,11,2020,5,2,1,2,7,34172,M,,,34
200800012373,8,3,11,2104,5,2,1,1,2,34172,M,,,34
200800012374,8,3,11,1925,5,2,3,1,3,34172,M,,,34
200800012375,8,3,12,1235,1,2,1,1,7,34172,M,,,34
200800012376,8,3,18,1715,1,2,1,1,4,34172,M,,,34
200800012377,8,3,16,1225,1,2,1,1,2,34172,M,,,34
200800012378,8,3,16,1415,1,2,1,1,3,34172,M,,,34
200800012379,8,3,16,1710,1,2,3,1,3,34172,M,4361388.0,391482.0,34
200800012380,8,3,20,1025,1,2,1,1,7,34172,M,4358687.0,388939.0,34
200800012381,8,3,17,1200,1,2,1,1,6,34172,M,,,34
200800012382,8,3,21,30,5,2,1,1,2,34172,M,,,34
200800012383,8,3,21,2152,5,2,6,1,3,34172,M,,,34
200800012384,8,3,21,2332,5,2,1,1,6,34172,M,,,34
200800012385,8,3,22,550,3,2,1,1,7,34129,M,,,34
200800012386,8,3,21,1420,1,2,1,1,1,34172,M,4364508.0,384309.0,34
200800012387,8,3,19,1235,1,2,3,1,1,34172,M,,,34
200800012388,8,3,22,1300,1,2,9,1,7,34172,M,,,34
200800012389,8,3,23,700,2,2,1,1,3,34172,M,4361518.0,383997.0,34
200800012390,8,3,23,1300,1,2,1,1,3,34172,M,,,34
200800012391,8,3,21,1235,1,2,1,1,2,34172,M,,,34
200800012392,8,3,24,1605,1,2,3,1,5,34172,M,4359065.0,388468.0,34
200800012393,8,3,24,2153,5,2,1,1,7,34172,M,,,34
200800012394,8,3,26,815,1,2,3,1,3,34172,M,,,34
200800012395,8,3,23,1215,1,2,1,1,3,34172,M,,,34
200800012396,8,3,27,1245,1,2,1,1,6,34172,M,4364118.0,385871.0,34
200800012397,8,3,28,924,1,2,1,1,2,34172,M,,,34
200800012398,8,3,29,630,2,1,1,1,6,34198,M,4357389.0,395296.0,34
200800012399,8,3,31,1225,1,2,1,1,6,34172,M,,,34
200800012400,8,3,31,2015,2,2,4,1,1,34172,M,4363992.0,381847.0,34
200800012401,8,3,5,220,5,2,1,1,6,34301,M,,,34
200800012402,8,3,15,554,5,2,1,2,7,34301,M,,,34
200800012403,8,3,20,1130,1,2,1,6,3,34301,M,,,34
200800012404,8,3,23,2100,5,2,2,1,3,34301,M,,,34
200800012405,8,3,28,1345,1,2,1,1,6,34108,M,,,34
200800012406,8,3,7,1750,1,2,1,1,2,35115,M,,,35
200800012407,8,3,1,1620,1,2,2,1,3,35238,M,,,35
200800012408,8,3,4,2030,5,2,5,1,6,35238,M,,,35
200800012409,8,3,5,920,1,2,1,1,3,35238,M,,,35
200800012410,8,3,5,1810,1,2,1,1,3,35238,M,,,35
200800012411,8,3,7,1700,1,2,1,1,6,35281,M,,,35
200800012412,8,3,6,1735,1,1,2,1,3,35238,M,,,35
200800012413,8,3,7,1730,1,2,1,8,3,35238,M,,,35
200800012414,8,3,8,900,1,2,3,1,3,35238,M,,,35
200800012415,8,3,10,1030,1,2,1,1,4,35278,M,,,35
200800012416,8,3,11,1355,1,2,3,1,6,35238,M,,,35
200800012417,8,3,12,750,1,2,1,1,6,35238,M,,,35
200800012418,8,3,12,825,1,2,1,1,2,35238,M,,,35
200800012419,8,3,13,840,1,2,1,1,2,35281,M,,,35
200800012420,8,3,13,850,1,2,3,1,3,35238,M,,,35
200800012421,8,3,14,1200,1,2,3,1,6,35238,M,,,35
200800012422,8,3,14,1305,1,2,2,1,3,35238,M,,,35
200800012423,8,3,15,450,5,2,1,1,6,35238,M,,,35
200800012424,8,3,18,2145,5,2,3,1,6,35238,M,,,35
200800012425,8,3,20,1630,1,2,1,1,6,35278,M,,,35
200800012426,8,3,21,845,1,2,3,2,3,35238,M,,,35
200800012427,8,3,21,1830,1,1,1,2,2,35238,M,,,35
200800012428,8,3,24,400,3,1,1,2,7,35055,M,,,35
200800012429,8,3,25,1830,1,2,1,8,6,35238,M,,,35
200800012430,8,3,25,1950,5,2,1,2,7,35238,M,,,35
200800012431,8,3,27,1410,1,2,1,8,6,35238,M,,,35
200800012432,8,3,27,1500,1,1,3,1,5,35281,M,,,35
200800012433,8,3,28,515,5,2,2,2,3,35238,M,,,35
200800012434,8,3,28,1230,1,2,9,2,3,35238,M,,,35
200800012435,8,3,28,1650,1,2,9,1,7,35238,M,,,35
200800012436,8,3,28,1920,1,2,1,6,6,35055,M,,,35
200800012437,8,3,29,1410,1,2,3,1,4,35238,M,,,35
200800012438,8,3,29,1420,1,2,1,1,6,35238,M,,,35
200800012439,8,3,31,1215,1,1,3,8,4,35278,M,,,35
200800012440,8,3,3,1845,1,2,3,2,3,35288,M,,,35
200800012441,8,3,5,915,1,2,3,1,3,35288,M,,,35
200800012442,8,3,5,1250,1,2,1,1,6,35288,M,,,35
200800012443,8,3,6,2207,5,2,6,1,6,35288,M,,,35
200800012444,8,3,14,1800,1,2,9,1,3,35288,M,,,35
200800012445,8,3,11,1130,1,2,6,2,3,35288,M,,,35
200800012446,8,3,15,1200,1,2,1,1,6,35288,M,,,35
200800012447,8,3,24,1815,1,2,1,1,6,35288,M,,,35
200800012448,8,3,25,835,1,2,1,1,6,35288,M,,,35
200800012449,8,3,25,1920,2,2,3,1,1,35288,M,,,35
200800012450,8,3,26,1745,1,1,6,2,2,35288,M,,,35
200800012451,8,3,9,1715,1,2,1,1,3,36044,M,,,36
200800012452,8,3,20,1845,1,2,1,1,3,36044,M,,,36
200800012453,8,3,24,1512,1,1,2,8,3,36159,M,,,36
200800012454,8,3,6,1634,1,2,1,1,6,36044,M,,,36
200800012455,8,3,14,1700,1,2,3,1,6,36044,M,,,36
200800012456,8,3,15,1230,1,1,1,1,6,36202,M,,,36
200800012457,8,3,15,1225,1,2,3,1,3,36044,M,,,36
200800012458,8,3,15,1625,1,2,1,1,3,36044,M,,,36
200800012459,8,3,17,2000,5,2,3,2,3,36044,M,,,36
200800012460,8,3,20,1815,1,2,3,1,3,36044,M,,,36
200800012461,8,3,31,1930,1,2,3,1,3,36044,M,,,36
200800012462,8,3,1,1735,1,2,3,1,6,37195,M,,,37
200800012463,8,3,4,1725,1,2,3,1,3,37122,M,,,37
200800012464,8,3,3,1420,1,2,2,1,1,37261,M,,,37
200800012465,8,3,5,710,1,2,2,1,2,37261,M,,,37
200800012466,8,3,5,2020,5,2,1,1,3,37261,M,,,37
200800012467,8,3,11,2100,5,2,2,2,3,37261,M,,,37
200800012468,8,3,16,50,4,2,1,2,6,37261,M,,,37
200800012469,8,3,10,1440,1,2,3,1,3,37261,M,,,37
200800012470,8,3,12,1955,5,2,3,1,6,37261,M,,,37
200800012471,8,3,14,1755,1,1,1,1,7,37261,M,,,37
200800012472,8,3,25,2120,5,2,2,1,3,37261,M,,,37
200800012473,8,3,26,1710,1,2,6,3,2,37214,M,,,37
200800012474,8,3,21,1210,1,2,1,1,6,37261,M,,,37
200800012475,8,3,27,1630,1,2,1,1,6,37261,M,,,37
200800012476,8,3,27,1725,1,2,1,1,3,37261,M,,,37
200800012477,8,3,29,1030,1,2,1,1,6,37122,M,,,37
200800012478,8,3,17,1225,1,1,1,1,3,37195,M,,,37
200800012479,8,3,31,145,5,2,2,1,3,37261,M,,,37
200800012480,8,3,19,1915,5,2,1,1,3,38053,M,,,38
200800012481,8,3,23,1840,1,2,3,1,5,38053,M,,,38
200800012482,8,3,5,1610,1,2,1,1,6,38185,M,,,38
200800012483,8,3,5,1850,5,2,1,1,2,38185,M,,,38
200800012484,8,3,6,1735,1,2,2,1,3,38421,M,,,38
200800012485,8,3,7,845,1,2,3,1,3,38185,M,,,38
200800012486,8,3,8,1545,1,2,1,1,3,38185,M,,,38
200800012487,8,3,8,1750,1,2,1,1,3,38185,M,,,38
200800012488,8,3,10,835,1,2,1,1,6,38185,M,,,38
200800012489,8,3,11,950,1,1,1,2,4,38185,M,,,38
200800012490,8,3,11,1420,1,2,2,1,3,38185,M,,,38
200800012491,8,3,11,1650,1,2,1,1,6,38421,M,,,38
200800012492,8,3,12,5,5,2,1,1,1,38185,M,,,38
200800012493,8,3,13,337,3,1,1,1,6,38382,M,,,38
200800012494,8,3,14,1345,1,2,1,1,6,38169,M,,,38
200800012495,8,3,14,1350,1,1,9,1,3,38423,M,,,38
200800012496,8,3,15,1245,1,1,1,1,1,38179,M,,,38
200800012497,8,3,16,30,5,2,1,3,6,38185,M,,,38
200800012498,8,3,16,2110,5,2,1,2,3,38185,M,,,38
200800012499,8,3,17,724,1,2,2,2,3,38179,M,,,38
200800012500,8,3,17,1240,1,2,1,2,6,38151,M,,,38
200800012501,8,3,18,1800,1,2,1,1,3,38421,M,,,38
200800012502,8,3,19,1250,1,2,2,1,3,38185,M,,,38
200800012503,8,3,19,1425,1,2,1,1,2,38185,M,,,38
200800012504,8,3,20,1735,1,2,1,1,6,38185,M,,,38
200800012505,8,3,22,1545,1,2,1,2,2,38151,M,,,38
200800012506,8,3,25,1130,1,2,1,1,6,38185,M,,,38
200800012507,8,3,27,1120,1,2,1,1,6,38185,M,,,38
200800012508,8,3,28,1415,1,2,2,1,3,38421,M,,,38
200800012509,8,3,27,1850,5,2,1,1,1,38544,M,,,38
200800012510,8,3,23,2015,5,1,1,2,3,38563,M,,,38
200800012511,8,3,7,1645,1,2,1,1,6,40088,M,,,40
200800012512,8,3,8,455,4,2,1,8,3,40088,M,,,40
200800012513,8,3,9,1700,1,2,1,8,3,40088,M,,,40
200800012514,8,3,9,505,5,2,1,1,7,40192,M,,,40
200800012515,8,3,30,2340,1,2,1,1,7,40281,M,,,40
200800012516,8,3,4,1820,1,1,1,1,3,41018,M,,,41
200800012517,8,3,5,1805,1,2,1,1,4,41018,M,,,41
200800012518,8,3,5,2230,3,2,1,1,6,41018,M,,,41
200800012519,8,3,9,1700,1,1,1,1,1,41018,M,,,41
200800012520,8,3,7,1326,1,2,1,1,6,41018,M,,,41
200800012521,8,3,11,1150,1,2,3,1,3,41018,M,,,41
200800012522,8,3,11,950,1,2,1,2,2,41018,M,,,41
200800012523,8,3,10,858,1,2,1,3,4,41212,M,,,41
200800012524,8,3,18,1730,1,2,2,1,3,41212,M,,,41
200800012525,8,3,19,1745,1,2,1,1,6,41018,M,,,41
200800012526,8,3,22,125,5,2,1,1,3,41018,M,,,41
200800012527,8,3,20,1650,1,2,1,1,6,41018,M,,,41
200800012528,8,3,23,1140,1,2,1,1,6,41018,M,,,41
200800012529,8,3,25,1650,1,2,1,1,3,41018,M,,,41
200800012530,8,3,26,1637,1,2,1,2,2,41018,M,,,41
200800012531,8,3,28,1715,1,2,1,8,2,41018,M,,,41
200800012532,8,3,31,1805,1,2,1,1,4,41212,M,,,41
200800012533,8,3,2,1520,1,2,1,1,6,42183,M,4523950.0,422585.0,42
200800012534,8,3,3,1335,1,2,1,1,6,42095,M,4523819.0,417386.0,42
200800012535,8,3,18,1740,1,2,1,1,6,42095,M,4523952.0,417437.0,42
200800012536,8,3,1,1520,1,2,1,1,6,42127,M,,,42
200800012537,8,3,6,2050,5,2,3,1,3,42071,M,4602412.0,408718.0,42
200800012538,8,3,7,950,1,2,3,1,1,42184,M,,,42
200800012539,8,3,7,1640,1,2,3,1,2,42184,M,,,42
200800012540,8,3,11,1710,1,2,3,2,5,42187,M,,,42
200800012541,8,3,12,1715,1,2,1,2,3,42184,M,,,42
200800012542,8,3,12,1740,1,2,1,1,2,42187,M,,,42
200800012543,8,3,13,1945,2,2,1,1,6,42187,M,,,42
200800012544,8,3,14,2040,5,2,7,1,3,42187,M,,,42
200800012545,8,3,16,2107,5,2,1,1,6,42184,M,,,42