Num_Acc,an,mois,jour,hrmn,lum,agg,int,atm,col,com,gps,lat,long,dep
200800012546,8,3,17,715,1,1,1,1,3,42170,M,,,42
200800012547,8,3,17,1210,1,2,2,1,3,42187,M,,,42
200800012548,8,3,24,1102,1,2,1,4,3,42187,M,,,42
200800012549,8,3,25,1930,4,2,2,1,3,42187,M,,,42
200800012550,8,3,26,1555,1,2,1,1,6,42187,M,,,42
200800012551,8,3,6,1330,1,2,1,1,6,42207,M,,,42
200800012552,8,3,7,1715,1,2,1,1,3,42207,M,,,42
200800012553,8,3,14,1715,1,2,1,1,3,42207,M,,,42
200800012554,8,3,11,1330,1,2,1,2,3,42207,M,,,42
200800012555,8,3,1,1000,1,2,1,2,6,42218,M,,,42
200800012556,8,3,3,1114,1,2,2,8,3,42218,M,,,42
200800012557,8,3,4,1202,1,2,1,1,6,42218,M,,,42
200800012558,8,3,5,1006,1,2,2,1,3,42218,M,,,42
200800012559,8,3,9,1015,1,2,3,1,5,42218,M,,,42
200800012560,8,3,7,1955,3,2,1,2,3,42218,M,,,42
200800012561,8,3,8,850,1,2,5,8,6,42218,M,4526410.0,425692.0,42
200800012562,8,3,9,1740,1,2,3,1,3,42275,M,,,42
200800012563,8,3,10,1415,1,2,4,2,3,42218,M,4525133.0,422554.0,42
200800012564,8,3,8,1500,1,1,1,8,2,42223,M,,,42
200800012565,8,3,12,1620,1,2,1,1,6,42218,M,,,42
200800012566,8,3,15,1215,1,2,1,1,6,42218,M,,,42
200800012567,8,3,14,1413,1,2,1,1,2,42218,M,,,42
200800012568,8,3,15,1015,1,2,1,1,6,42218,M,,,42
200800012569,8,3,15,2035,5,2,2,3,6,42218,M,,,42
200800012570,8,3,17,440,5,2,1,1,1,42330,M,,,42
200800012571,8,3,21,1330,1,2,2,9,6,42218,M,,,42
200800012572,8,3,22,825,1,2,3,8,3,42330,M,,,42
200800012573,8,3,25,1508,1,2,3,1,3,42218,M,,,42
200800012574,8,3,22,1205,1,2,3,4,7,42218,M,,,42
200800012575,8,3,28,1814,1,2,1,8,3,42218,M,,,42
200800012576,8,3,29,1735,1,2,6,1,7,42218,M,,,42
200800012577,8,3,9,545,5,2,1,1,6,43089,M,,,43
200800012578,8,3,15,500,5,2,1,1,6,43251,M,,,43
200800012579,8,3,5,916,1,2,2,1,3,44132,M,,,44
200800012580,8,3,18,800,1,2,2,1,5,44132,M,,,44
200800012581,8,3,19,1610,1,2,1,1,3,44132,M,,,44
200800012582,8,3,21,445,5,2,1,1,6,44055,M,,,44
200800012583,8,3,29,2130,5,2,6,2,3,44109,M,,,44
200800012584,8,3,1,30,5,2,1,2,6,44109,M,,,44
200800012585,8,3,2,1555,1,2,1,1,3,44109,M,,,44
200800012586,8,3,2,2250,5,2,3,2,3,44109,M,,,44
200800012587,8,3,1,905,1,2,1,1,6,44109,M,,,44
200800012588,8,3,3,1320,1,2,1,2,6,44162,M,,,44
200800012589,8,3,3,755,1,1,1,2,4,44026,M,,,44
200800012590,8,3,4,810,1,2,1,1,3,44162,M,,,44
200800012591,8,3,4,1230,1,2,3,1,3,44109,M,,,44
200800012592,8,3,7,1640,1,2,1,2,6,44109,M,,,44
200800012593,8,3,8,2040,5,2,2,1,3,44109,M,,,44
200800012594,8,3,8,50,5,2,1,1,6,44162,M,,,44
200800012595,8,3,5,1217,1,2,1,1,2,44162,M,,,44
200800012596,8,3,7,1715,1,1,1,2,1,44114,M,,,44
200800012597,8,3,7,1655,1,2,1,8,5,44109,M,,,44
200800012598,8,3,10,1000,1,2,1,6,6,44109,M,,,44
200800012599,8,3,10,1750,1,2,1,6,5,44109,M,,,44
200800012600,8,3,10,1742,1,2,1,1,6,44109,M,,,44
200800012601,8,3,11,1000,1,2,1,2,3,44109,M,,,44
200800012602,8,3,11,950,1,2,2,2,3,44109,M,,,44
200800012603,8,3,12,1255,1,2,1,1,2,44162,M,,,44
200800012604,8,3,13,1105,1,2,1,1,6,44143,M,,,44
200800012605,8,3,13,910,1,2,1,1,6,44109,M,,,44
200800012606,8,3,13,1630,1,2,1,8,3,44109,M,,,44
200800012607,8,3,14,1405,1,2,6,1,3,44109,M,,,44
200800012608,8,3,14,955,1,2,1,1,6,44109,M,,,44
200800012609,8,3,17,930,1,2,2,1,3,44109,M,,,44
200800012610,8,3,15,1750,1,2,2,2,7,44143,M,,,44
200800012611,8,3,18,1710,1,2,1,1,6,44109,M,,,44
200800012612,8,3,19,1350,1,2,2,1,3,44109,M,,,44
200800012613,8,3,20,2055,4,2,6,1,1,44109,M,,,44
200800012614,8,3,20,2040,5,2,6,1,3,44109,M,,,44
200800012615,8,3,21,830,1,2,1,2,3,44162,M,,,44
200800012616,8,3,21,755,1,2,1,2,7,44109,M,,,44
200800012617,8,3,20,1720,1,1,1,1,6,44109,M,,,44
200800012618,8,3,25,1345,1,2,1,1,6,44109,M,,,44
200800012619,8,3,25,1500,1,2,9,1,3,44109,M,,,44
200800012620,8,3,26,810,1,2,1,8,6,44109,M,,,44
200800012621,8,3,20,1910,5,2,2,1,3,44143,M,,,44
200800012622,8,3,26,1830,2,2,1,1,3,44109,M,,,44
200800012623,8,3,27,905,1,2,3,2,6,44109,M,,,44
200800012624,8,3,27,950,1,2,1,1,7,44109,M,,,44
200800012625,8,3,27,1105,1,2,6,1,3,44109,M,,,44
200800012626,8,3,27,1110,1,2,1,2,6,44109,M,,,44
200800012627,8,3,27,1715,1,2,1,1,6,44109,M,,,44
200800012628,8,3,28,1115,1,2,1,3,6,44109,M,,,44
200800012629,8,3,28,2040,4,2,6,1,3,44109,M,,,44
200800012630,8,3,30,1735,1,2,1,1,3,44109,M,,,44
200800012631,8,3,27,1410,1,2,6,1,3,44190,M,,,44
200800012632,8,3,29,1150,1,2,1,1,6,44143,M,,,44
200800012633,8,3,31,1600,1,2,7,1,6,44109,M,,,44
200800012634,8,3,31,1755,1,2,1,1,6,44109,M,,,44
200800012635,8,3,3,709,2,2,6,1,3,44184,M,,,44
200800012636,8,3,5,1205,1,2,3,1,3,44184,M,,,44
200800012637,8,3,16,1405,1,2,2,1,3,44184,M,,,44
200800012638,8,3,21,2130,5,2,1,1,7,44184,M,,,44
200800012639,8,3,22,1705,1,2,1,1,3,44184,M,,,44
200800012640,8,3,25,1625,1,2,2,1,2,44184,M,,,44
200800012641,8,3,30,1725,1,2,1,1,2,44184,M,,,44
200800012642,8,3,2,1813,2,2,2,1,3,45284,M,,,45
200800012643,8,3,1,1200,1,2,1,1,6,45234,M,,,45
200800012644,8,3,3,1725,1,2,3,1,3,45234,M,,,45
200800012645,8,3,3,1345,1,2,2,1,3,45234,M,,,45
200800012646,8,3,11,2210,5,2,1,2,7,45284,M,,,45
200800012647,8,3,12,805,1,2,3,2,3,45234,M,,,45
200800012648,8,3,12,1600,1,2,1,1,6,45232,M,,,45
200800012649,8,3,14,1355,1,2,2,1,3,45234,M,,,45
200800012650,8,3,18,1238,1,2,1,1,4,45075,M,,,45
200800012651,8,3,19,2125,5,2,6,1,2,45235,M,,,45
200800012652,8,3,28,2035,5,2,3,1,7,45234,M,,,45
200800012653,8,3,21,955,1,2,1,2,6,45075,M,,,45
200800012654,8,3,25,1835,1,2,2,1,5,45147,M,,,45
200800012655,8,3,25,1640,1,2,1,1,6,45234,M,,,45
200800012656,8,3,31,800,1,2,3,1,3,45285,M,,,45
200800012657,8,3,29,2100,5,2,6,1,3,45234,M,,,45
200800012658,8,3,28,1650,1,2,1,3,4,45285,M,,,45
200800012659,8,3,28,1900,2,2,1,2,6,45147,M,,,45
200800012660,8,3,29,1150,1,2,1,1,3,45285,M,,,45
200800012661,8,3,29,1825,1,2,1,1,3,45169,M,,,45
200800012662,8,3,31,1523,1,2,2,1,2,45234,M,,,45
200800012663,8,3,4,845,1,1,1,2,6,46042,M,,,46
200800012664,8,3,8,2315,5,2,1,1,6,46095,M,,,46
200800012665,8,3,10,1415,1,1,1,2,6,46042,M,,,46
200800012666,8,3,27,945,1,2,1,2,7,46042,M,,,46
200800012667,8,3,29,1545,1,2,1,1,6,46042,M,,,46
200800012668,8,3,7,1500,1,2,1,1,6,47027,M,,,47
200800012669,8,3,19,1335,1,1,1,1,7,47215,M,,,47
200800012670,8,3,11,2140,5,2,2,2,3,48095,M,4451884.0,349779.0,48
200800012671,8,3,1,2058,5,2,1,1,6,49246,M,,,49
200800012672,8,3,1,1242,1,2,1,1,7,49007,M,,,49
200800012673,8,3,3,735,2,2,2,1,3,49007,M,,,49
200800012674,8,3,4,1743,1,2,1,1,6,49007,M,,,49
200800012675,8,3,5,1427,1,2,1,1,2,49007,M,,,49
200800012676,8,3,5,1932,5,2,1,1,7,49007,M,,,49
200800012677,8,3,6,1727,1,2,1,1,7,49007,M,,,49
200800012678,8,3,7,2000,5,2,3,2,3,49007,M,,,49
200800012679,8,3,8,1214,1,2,1,1,3,49007,M,,,49
200800012680,8,3,10,1822,1,2,2,1,3,49007,M,,,49
200800012681,8,3,11,1211,1,2,2,1,3,49007,M,,,49
200800012682,8,3,12,515,5,2,1,1,7,49007,M,,,49
200800012683,8,3,12,1707,1,2,2,1,2,49246,M,,,49
200800012684,8,3,13,728,1,2,1,1,3,49007,M,,,49
200800012685,8,3,13,743,1,2,6,1,3,49015,M,,,49
200800012686,8,3,13,1454,1,2,1,1,7,49007,M,,,49
200800012687,8,3,15,1455,1,1,1,3,2,49015,M,,,49
200800012688,8,3,15,2144,5,2,3,2,3,49007,M,,,49
200800012689,8,3,16,610,2,2,1,2,3,49007,M,,,49
200800012690,8,3,16,2005,5,2,2,1,3,49007,M,,,49
200800012691,8,3,17,831,1,2,2,1,5,49267,M,,,49
200800012692,8,3,18,810,1,2,1,1,1,49267,M,,,49
200800012693,8,3,18,1403,1,1,3,1,3,49007,M,,,49
200800012694,8,3,19,1905,1,2,2,1,3,49007,M,,,49
200800012695,8,3,21,1602,1,2,2,1,3,49007,M,,,49
200800012696,8,3,21,136,5,2,6,1,7,49267,M,,,49
200800012697,8,3,21,1733,1,2,1,1,2,49007,M,,,49
200800012698,8,3,21,2308,5,2,2,1,3,49007,M,,,49
200800012699,8,3,22,1310,1,2,1,8,1,49007,M,,,49
200800012700,8,3,24,1838,1,2,1,2,2,49007,M,,,49
200800012701,8,3,26,750,2,2,1,1,7,49007,M,,,49
200800012702,8,3,26,1305,1,2,1,1,3,49007,M,,,49
200800012703,8,3,26,1421,1,2,1,2,7,49015,M,,,49
200800012704,8,3,26,1630,1,2,1,1,2,49007,M,,,49
200800012705,8,3,27,820,1,2,6,1,2,49015,M,,,49
200800012706,8,3,28,215,5,2,1,1,7,49007,M,,,49
200800012707,8,3,28,2026,5,2,2,2,3,49007,M,,,49
200800012708,8,3,8,1605,1,2,1,1,6,49099,M,,,49
200800012709,8,3,8,1930,5,2,1,1,2,49099,M,,,49
200800012710,8,3,14,1652,1,2,1,1,3,49099,M,,,49
200800012711,8,3,15,2025,3,2,1,2,6,49099,M,,,49
200800012712,8,3,18,1045,1,2,2,1,3,49099,M,,,49
200800012713,8,3,22,1245,1,2,1,8,3,49099,M,,,49
200800012714,8,3,27,2200,5,2,3,1,3,49328,M,,,49
200800012715,8,3,1,405,5,2,3,8,6,50129,M,,,50
200800012716,8,3,1,1416,1,2,9,1,3,50129,M,,,50
200800012717,8,3,1,1520,1,2,3,1,6,50602,M,,,50
200800012718,8,3,2,2240,5,2,1,2,7,50129,M,,,50
200800012719,8,3,3,2020,3,1,1,2,5,50602,M,,,50
200800012720,8,3,4,700,1,1,1,1,7,50416,M,,,50
200800012721,8,3,6,825,1,2,1,1,4,50129,M,,,50
200800012722,8,3,6,1400,1,2,3,1,7,50129,M,,,50
200800012723,8,3,7,725,5,2,1,2,3,50129,M,,,50
200800012724,8,3,8,1200,1,2,3,2,1,50173,M,,,50
200800012725,8,3,10,1630,1,2,1,3,6,50203,M,,,50
200800012726,8,3,12,2000,5,2,1,2,7,50129,M,,,50
200800012727,8,3,14,1540,1,2,1,1,6,50129,M,,,50
200800012728,8,3,24,2330,5,2,2,1,3,50129,M,,,50
200800012729,8,3,24,1800,1,1,1,8,2,50203,M,,,50
200800012730,8,3,28,1345,1,2,1,2,4,50129,M,,,50
200800012731,8,3,28,1640,1,2,1,1,5,50129,M,,,50
200800012732,8,3,30,945,1,2,1,1,7,50129,M,,,50
200800012733,8,3,28,1350,1,2,1,2,3,50147,M,,,50
200800012734,8,3,1,1830,1,2,1,1,3,50218,M,,,50
200800012735,8,3,13,2306,5,2,1,1,6,50218,M,,,50
200800012736,8,3,23,2220,5,2,6,2,3,50218,M,,,50
200800012737,8,3,14,1910,3,1,1,2,6,51242,M,,,51
200800012738,8,3,19,1610,1,2,1,8,7,51108,M,,,51
200800012739,8,3,25,250,5,1,1,4,6,51108,M,,,51
200800012740,8,3,3,1430,1,2,2,1,6,51454,M,,,51
200800012741,8,3,17,1930,5,2,1,1,6,51454,M,,,51
200800012742,8,3,29,1335,1,2,1,1,6,51454,M,,,51
200800012743,8,3,6,1100,1,2,3,1,3,52121,M,,,52
200800012744,8,3,7,1215,1,2,1,1,6,52121,M,,,52
200800012745,8,3,10,1021,1,2,1,1,1,52121,M,,,52
200800012746,8,3,18,832,1,2,1,1,4,52121,M,,,52
200800012747,8,3,22,1010,1,1,1,1,1,52121,M,,,52
200800012748,8,3,24,1900,3,1,1,4,6,52121,M,,,52
200800012749,8,3,26,1612,1,2,2,8,6,52121,M,,,52
200800012750,8,3,1,515,3,1,1,2,7,52121,M,,,52
200800012751,8,3,11,1450,1,2,1,3,1,52121,M,,,52
200800012752,8,3,12,1910,5,2,1,1,6,52121,M,,,52
200800012753,8,3,9,1840,2,2,1,3,6,52448,M,,,52
200800012754,8,3,18,1335,1,2,1,1,6,52448,M,,,52
200800012755,8,3,25,1150,1,2,1,4,7,52448,M,,,52
200800012756,8,3,13,1930,5,1,1,1,3,53054,M,,,53
200800012757,8,3,28,2035,5,2,6,1,3,53054,M,,,53
200800012758,8,3,30,2125,5,2,6,1,6,53130,M,,,53
200800012759,8,3,20,1830,2,2,3,2,3,54036,M,,,54
200800012760,8,3,6,1315,1,2,1,1,6,54273,M,,,54
200800012761,8,3,14,1900,2,1,1,1,2,54371,M,,,54
200800012762,8,3,18,2330,3,1,2,1,3,54542,M,,,54
200800012763,8,3,29,1555,1,2,3,1,3,54136,M,,,54
200800012764,8,3,5,10,5,2,2,1,3,54382,M,,,54
200800012765,8,3,25,1620,1,2,2,1,3,54329,M,,,54
200800012766,8,3,4,1130,1,2,3,1,4,54395,M,,,54
200800012767,8,3,7,1450,1,2,2,8,6,54395,M,,,54
200800012768,8,3,7,2245,5,2,1,1,6,54357,M,,,54
200800012769,8,3,8,1520,1,2,2,1,2,54304,M,,,54
200800012770,8,3,8,1710,1,2,1,1,7,54395,M,,,54
200800012771,8,3,8,2105,5,2,2,1,1,54578,M,,,54
200800012772,8,3,9,1300,1,1,1,1,1,54498,M,,,54
200800012773,8,3,9,1415,1,2,2,1,6,54395,M,,,54
200800012774,8,3,10,740,1,2,1,1,3,54547,M,,,54
200800012775,8,3,11,1000,1,2,2,1,6,54395,M,,,54
200800012776,8,3,12,1210,1,2,2,1,6,54547,M,,,54
200800012777,8,3,13,1140,1,2,3,1,2,54395,M,,,54
200800012778,8,3,14,1920,5,2,2,2,5,54526,M,,,54
200800012779,8,3,17,1927,5,2,4,1,1,54274,M,,,54
200800012780,8,3,14,1930,1,1,1,1,2,54526,M,,,54
200800012781,8,3,18,1125,1,2,1,1,7,54395,M,,,54
200800012782,8,3,19,1800,1,2,3,9,3,54395,M,,,54
200800012783,8,3,19,1945,5,2,1,1,3,54482,M,,,54
200800012784,8,3,30,1830,1,2,1,1,2,54395,M,,,54
200800012785,8,3,28,1720,1,2,1,1,6,54482,M,,,54
200800012786,8,3,18,1940,5,2,1,1,3,54431,M,,,54
200800012787,8,3,29,1040,1,1,6,1,3,54167,M,,,54
200800012788,8,3,27,500,3,1,1,2,6,54575,M,,,54
200800012789,8,3,25,800,1,1,1,1,2,55302,M,,,55
200800012790,8,3,26,1805,1,2,1,2,2,55302,M,,,55
200800012791,8,3,13,1935,5,2,6,2,7,55043,M,,,55
200800012792,8,3,1,50,5,2,2,1,3,56121,M,,,56
200800012793,8,3,2,1445,1,2,1,2,7,56121,M,,,56
200800012794,8,3,4,1512,1,2,1,1,3,56083,M,,,56
200800012795,8,3,9,225,5,2,1,1,7,56121,M,,,56
200800012796,8,3,10,1721,1,2,1,6,6,56121,M,,,56
200800012797,8,3,12,1421,1,2,2,1,3,56083,M,,,56
200800012798,8,3,13,1641,2,2,1,1,6,56121,M,,,56
200800012799,8,3,14,1755,1,2,1,1,3,56121,M,,,56
200800012800,8,3,21,1019,1,2,1,1,6,56121,M,,,56
200800012801,8,3,21,1104,1,1,1,1,7,56162,M,,,56
200800012802,8,3,23,1142,1,2,1,1,5,56121,M,,,56
200800012803,8,3,26,1310,1,2,1,2,7,56121,M,,,56
200800012804,8,3,26,2307,5,2,3,2,3,56121,M,,,56
200800012805,8,3,27,855,1,1,3,2,4,56162,M,,,56
200800012806,8,3,28,1656,1,2,1,1,7,56162,M,,,56
200800012807,8,3,28,1936,2,2,2,1,3,56121,M,,,56
200800012808,8,3,29,1258,1,2,3,1,3,56121,M,,,56
200800012809,8,3,30,2320,5,2,1,2,4,56121,M,,,56
200800012810,8,3,30,2335,5,2,1,3,2,56121,M,,,56
200800012811,8,3,3,1035,1,2,1,1,7,56260,M,,,56
200800012812,8,3,13,735,1,2,1,8,2,56260,M,,,56
200800012813,8,3,13,1215,1,2,1,1,2,56260,M,,,56
200800012814,8,3,15,1450,1,1,1,1,6,56260,M,,,56
200800012815,8,3,14,1140,1,2,6,1,3,56260,M,,,56
200800012816,8,3,16,2020,5,2,2,1,3,56260,M,,,56
200800012817,8,3,18,1720,1,2,1,1,3,56260,M,,,56
200800012818,8,3,31,1725,1,2,1,1,6,56260,M,,,56
200800012819,8,3,3,1810,1,2,1,1,6,56260,M,,,56
200800012820,8,3,4,800,1,2,1,2,2,56260,M,,,56
200800012821,8,3,6,745,1,2,3,1,3,56260,M,,,56
200800012822,8,3,8,1730,1,2,2,8,6,56260,M,,,56
200800012823,8,3,12,825,1,2,1,1,6,56260,M,,,56
200800012824,8,3,12,1030,1,2,2,1,6,56260,M,,,56
200800012825,8,3,12,1530,1,2,1,1,2,56260,M,,,56
200800012826,8,3,14,1640,1,2,1,1,4,56260,M,,,56
200800012827,8,3,18,1325,1,2,3,1,2,56260,M,,,56
200800012828,8,3,21,1750,1,2,6,7,3,56260,M,,,56
200800012829,8,3,5,935,1,2,3,1,6,57227,M,,,57
200800012830,8,3,28,1213,1,2,1,1,2,57227,M,,,57
200800012831,8,3,8,2100,3,1,1,1,1,57240,M,,,57
200800012832,8,3,4,1450,1,1,1,1,1,57591,M,,,57
200800012833,8,3,16,1925,3,1,1,2,1,57597,M,,,57
200800012834,8,3,22,2000,5,2,1,2,1,57491,M,,,57
200800012835,8,3,13,1700,1,2,1,3,7,57591,M,,,57
200800012836,8,3,3,605,1,2,2,1,6,57463,M,,,57
200800012837,8,3,5,1425,1,2,1,1,6,57751,M,,,57
200800012838,8,3,9,1220,1,2,1,1,7,57447,M,,,57
200800012839,8,3,10,1830,2,2,3,9,7,57463,M,,,57
200800012840,8,3,14,1055,1,2,3,2,3,57480,M,,,57
200800012841,8,3,22,930,1,1,1,1,6,57751,M,,,57
200800012842,8,3,29,1610,1,1,1,1,6,57751,M,,,57
200800012843,8,3,30,1445,1,2,1,1,3,57631,M,,,57
200800012844,8,3,1,1830,2,2,1,6,3,57672,M,,,57
200800012845,8,3,2,600,3,2,1,6,6,57672,M,,,57
200800012846,8,3,7,1855,5,1,1,1,6,57666,M,,,57
200800012847,8,3,25,715,1,1,2,1,2,57757,M,,,57
200800012848,8,3,20,1645,1,2,1,8,3,57666,M,,,57
200800012849,8,3,1,1045,1,2,1,2,6,57306,M,,,57
200800012850,8,3,18,1140,1,2,1,1,6,57368,M,,,57
200800012851,8,3,27,750,1,2,1,3,5,57672,M,,,57
200800012852,8,3,27,1635,1,2,1,2,6,57672,M,,,57
200800012853,8,3,29,1540,1,2,1,1,3,57757,M,,,57
200800012854,8,3,29,2135,4,2,1,1,3,57666,M,,,57
200800012855,8,3,28,1625,1,2,1,1,6,57221,M,,,57
200800012856,8,3,1,1550,1,2,1,1,6,58194,M,,,58
200800012857,8,3,3,1545,1,2,3,2,3,58194,M,,,58
200800012858,8,3,7,1130,1,2,1,2,6,58194,M,,,58
200800012859,8,3,4,1800,1,2,2,1,2,58194,M,,,58
200800012860,8,3,7,1131,1,2,1,1,1,58194,M,,,58
200800012861,8,3,10,755,1,2,1,1,5,58194,M,,,58
200800012862,8,3,12,820,1,2,2,2,3,58194,M,,,58
200800012863,8,3,20,1755,1,2,1,1,4,58194,M,,,58
200800012864,8,3,27,1415,1,2,1,2,3,58194,M,,,58
200800012865,8,3,27,1725,1,2,2,1,3,58194,M,,,58
200800012866,8,3,4,2050,5,2,1,2,6,59017,M,,,59
200800012867,8,3,22,2330,5,2,1,2,6,59017,M,,,59
200800012868,8,3,25,1200,1,1,2,1,3,59143,M,,,59
200800012869,8,3,3,1605,1,2,1,1,6,59122,M,,,59
200800012870,8,3,28,1935,2,2,1,1,1,59122,M,,,59
200800012871,8,3,20,205,3,1,1,1,7,59253,M,,,59
200800012872,8,3,5,1735,1,2,3,1,3,59616,M,,,59
200800012873,8,3,15,1840,1,2,1,1,6,59179,M,,,59
200800012874,8,3,3,2055,3,2,1,1,6,59155,M,,,59
200800012875,8,3,5,1830,2,2,1,1,6,59183,M,,,59
200800012876,8,3,8,1405,1,2,1,1,6,59183,M,,,59
200800012877,8,3,9,1350,1,2,2,2,1,59271,M,,,59
200800012878,8,3,10,1845,5,2,1,3,6,59155,M,,,59
200800012879,8,3,19,1015,1,2,2,1,6,59540,M,,,59
200800012880,8,3,26,115,5,2,1,2,6,59155,M,,,59
200800012881,8,3,29,1800,1,2,1,1,5,59183,M,,,59
200800012882,8,3,27,1800,1,2,1,1,6,59183,M,,,59
200800012883,8,3,7,1135,1,2,3,1,3,59273,M,,,59
200800012884,8,3,8,1535,1,2,3,1,3,59295,M,,,59
200800012885,8,3,7,2310,5,2,1,1,6,59495,M,,,59
200800012886,8,3,28,2220,5,2,2,8,3,59385,M,,,59
200800012887,8,3,4,730,1,2,1,2,6,59350,M,,,59
200800012888,8,3,1,945,1,2,2,1,3,59350,M,,,59
200800012889,8,3,1,2100,5,2,1,1,6,59368,M,,,59
200800012890,8,3,1,1620,1,2,3,1,3,59350,M,,,59
200800012891,8,3,5,750,1,2,1,1,1,59328,M,,,59
200800012892,8,3,5,1315,1,2,2,1,6,59350,M,,,59
200800012893,8,3,5,1600,1,2,1,1,6,59350,M,,,59
200800012894,8,3,5,1601,1,2,2,1,6,59350,M,,,59
200800012895,8,3,5,1600,1,2,2,1,6,59648,M,,,59
200800012896,8,3,7,1030,1,2,2,1,3,59009,M,,,59
200800012897,8,3,7,1350,1,1,2,1,2,59350,M,,,59
200800012898,8,3,7,1310,1,2,3,1,6,59195,M,,,59
200800012899,8,3,8,1230,1,2,3,1,3,59350,M,,,59
200800012900,8,3,8,1715,1,2,1,1,6,59350,M,,,59
200800012901,8,3,9,550,5,2,2,1,6,59328,M,,,59
200800012902,8,3,10,755,1,2,1,6,6,59378,M,,,59
200800012903,8,3,10,1825,5,2,1,3,6,59350,M,,,59
200800012904,8,3,10,1650,1,2,2,3,3,59350,M,,,59
200800012905,8,3,11,740,1,2,1,1,6,59507,M,,,59
200800012906,8,3,11,640,3,2,1,1,3,59648,M,,,59
200800012907,8,3,5,1325,1,2,1,1,5,59350,M,,,59
200800012908,8,3,11,1800,5,2,2,2,3,59350,M,,,59
200800012909,8,3,12,815,1,2,3,8,3,59286,M,,,59
200800012910,8,3,12,1500,1,2,1,1,6,59009,M,,,59
200800012911,8,3,12,1415,1,2,1,1,3,59350,M,,,59
200800012912,8,3,12,1745,1,2,1,1,6,59350,M,,,59
200800012913,8,3,13,1350,1,2,1,1,1,59350,M,,,59
200800012914,8,3,13,2000,5,2,2,2,6,59350,M,,,59
200800012915,8,3,13,1600,1,2,4,1,6,59386,M,,,59
200800012916,8,3,14,755,1,2,1,1,7,59648,M,,,59
200800012917,8,3,14,1055,1,2,1,1,6,59350,M,,,59
200800012918,8,3,15,1845,5,2,1,2,6,59350,M,,,59
200800012919,8,3,17,1225,1,2,1,1,6,59350,M,,,59
200800012920,8,3,17,1720,1,2,2,1,6,59350,M,,,59
200800012921,8,3,18,2020,5,2,1,1,6,59368,M,,,59
200800012922,8,3,19,850,1,2,3,1,3,59350,M,,,59
200800012923,8,3,19,850,1,2,1,1,6,59378,M,,,59
200800012924,8,3,19,1845,2,2,2,1,6,59360,M,,,59
200800012925,8,3,19,1830,1,2,1,1,6,59560,M,,,59
200800012926,8,3,20,1610,1,2,1,2,6,59350,M,,,59
200800012927,8,3,20,1900,5,2,1,3,3,59220,M,,,59
200800012928,8,3,21,805,1,2,4,1,3,59009,M,,,59
200800012929,8,3,21,1350,1,2,1,2,3,59350,M,,,59
200800012930,8,3,23,1605,1,2,1,2,6,59368,M,,,59
200800012931,8,3,21,1900,5,2,1,1,6,59378,M,,,59
200800012932,8,3,24,53,5,2,4,2,6,59350,M,,,59
200800012933,8,3,10,800,1,2,3,1,6,59507,M,,,59
200800012934,8,3,25,1915,2,2,1,1,6,59350,M,,,59
200800012935,8,3,3,1800,2,2,3,1,6,59350,M,,,59
200800012936,8,3,25,1800,1,2,2,1,2,59368,M,,,59
200800012937,8,3,25,1415,1,2,1,1,6,59648,M,,,59
200800012938,8,3,27,1020,1,2,1,1,6,59378,M,,,59
200800012939,8,3,23,1505,1,2,1,1,6,59378,M,,,59
200800012940,8,3,27,1535,1,2,1,1,6,59360,M,,,59
200800012941,8,3,27,905,1,2,2,1,3,59350,M,,,59
200800012942,8,3,28,845,1,2,1,1,4,59368,M,,,59
200800012943,8,3,28,1115,1,2,6,1,6,59220,M,,,59
200800012944,8,3,29,540,5,2,1,1,3,59350,M,,,59
200800012945,8,3,29,1510,1,2,2,1,6,59378,M,,,59
200800012946,8,3,29,1220,1,2,1,1,6,59368,M,,,59
200800012947,8,3,30,1525,1,2,6,1,3,59378,M,,,59
200800012948,8,3,27,1155,1,2,1,1,6,59350,M,,,59
200800012949,8,3,18,1140,1,2,2,1,7,59291,M,,,59
200800012950,8,3,10,1925,5,2,1,3,6,59392,M,,,59
200800012951,8,3,29,1540,1,2,6,1,7,59392,M,,,59
200800012952,8,3,2,1845,5,1,2,3,3,59646,M,,,59
200800012953,8,3,3,1335,1,1,2,1,3,59512,M,,,59
200800012954,8,3,3,1750,1,1,2,1,3,59299,M,,,59
200800012955,8,3,10,115,5,1,1,6,6,59512,M,,,59
200800012956,8,3,7,750,1,2,1,1,6,59512,M,,,59
200800012957,8,3,10,1745,1,1,2,3,3,59512,M,,,59
200800012958,8,3,10,1310,1,1,3,3,6,59163,M,,,59
200800012959,8,3,11,2325,5,1,2,3,6,59299,M,,,59
200800012960,8,3,13,2130,5,1,1,3,6,59512,M,,,59
200800012961,8,3,3,1330,1,1,3,1,6,59367,M,,,59
200800012962,8,3,14,1040,1,1,1,1,6,59163,M,,,59
200800012963,8,3,16,1910,4,1,1,3,1,59339,M,,,59
200800012964,8,3,8,1230,1,1,1,8,6,59512,M,,,59
200800012965,8,3,21,2250,5,1,1,1,6,59512,M,,,59
200800012966,8,3,19,1010,1,1,1,1,6,59163,M,,,59
200800012967,8,3,23,1340,1,2,2,3,1,59650,M,,,59
200800012968,8,3,26,2105,5,1,2,1,1,59650,M,,,59
200800012969,8,3,7,2055,3,1,1,1,3,59299,M,,,59
200800012970,8,3,26,920,1,2,2,1,1,59512,M,,,59
200800012971,8,3,26,1045,1,1,2,3,1,59650,M,,,59
200800012972,8,3,11,1245,1,1,2,3,3,59512,M,,,59
200800012973,8,3,28,1730,1,1,1,1,6,59646,M,,,59