Num_Acc,an,mois,jour,hrmn,lum,agg,int,atm,col,com,gps,lat,long,dep
200800012974,8,3,29,1645,1,1,3,1,2,59650,M,,,59
200800012975,8,3,21,2030,5,1,2,3,3,59367,M,,,59
200800012976,8,3,24,2030,5,1,1,1,6,59650,M,,,59
200800012977,8,3,24,2015,5,1,3,1,1,59339,M,,,59
200800012978,8,3,26,935,1,1,1,8,3,59163,M,,,59
200800012979,8,3,27,1640,1,1,1,1,6,59512,M,,,59
200800012980,8,3,28,1215,1,1,1,8,3,59650,M,,,59
200800012981,8,3,28,1150,1,1,2,1,3,59650,M,,,59
200800012982,8,3,31,1715,1,1,1,1,2,59650,M,,,59
200800012983,8,3,7,1255,1,2,1,1,7,59526,M,,,59
200800012984,8,3,7,1550,1,2,1,1,7,59526,M,,,59
200800012985,8,3,1,600,2,1,1,3,1,59375,M,,,59
200800012986,8,3,29,1730,1,2,1,1,3,59456,M,,,59
200800012987,8,3,29,1945,3,1,1,1,1,59456,M,,,59
200800012988,8,3,29,1650,1,2,6,1,6,59456,M,,,59
200800012989,8,3,10,820,1,2,1,6,3,59599,M,,,59
200800012990,8,3,13,1300,1,2,1,1,2,59599,M,,,59
200800012991,8,3,14,2025,5,1,1,1,1,59152,M,,,59
200800012992,8,3,15,1155,1,2,2,1,3,59599,M,,,59
200800012993,8,3,20,1445,1,2,1,2,3,59599,M,,,59
200800012994,8,3,25,715,1,1,6,4,2,59508,M,,,59
200800012995,8,3,31,1535,1,2,3,1,3,59599,M,,,59
200800012996,8,3,9,1550,1,1,1,1,6,59160,M,,,59
200800012997,8,3,18,645,2,1,1,1,3,59383,M,,,59
200800012998,8,3,4,1640,1,2,2,1,3,59606,M,,,59
200800012999,8,3,5,545,5,1,1,1,6,59447,M,,,59
200800013000,8,3,20,1720,1,2,3,3,3,59459,M,,,59
200800013001,8,3,10,700,1,1,1,6,6,59544,M,,,59
200800013002,8,3,26,655,1,2,1,3,3,59606,M,,,59
200800013003,8,3,18,1900,2,2,1,1,3,59491,M,,,59
200800013004,8,3,28,1505,1,2,1,1,3,59014,M,,,59
200800013005,8,3,21,800,1,2,6,3,3,59515,M,,,59
200800013006,8,3,8,1500,1,1,1,1,3,59032,M,,,59
200800013007,8,3,11,1220,1,2,1,1,6,59606,M,,,59
200800013008,8,3,10,2050,5,2,2,3,3,59606,M,,,59
200800013009,8,3,7,1240,1,1,1,1,6,60159,M,,,60
200800013010,8,3,10,1225,1,2,1,2,1,60159,M,,,60
200800013011,8,3,21,1205,1,2,1,1,6,60159,M,,,60
200800013012,8,3,29,1220,1,2,1,1,2,60382,M,,,60
200800013013,8,3,29,1700,1,2,3,1,3,60159,M,,,60
200800013014,8,3,2,2000,5,1,2,8,3,61001,M,,,61
200800013015,8,3,7,1905,5,2,2,1,3,61001,M,,,61
200800013016,8,3,15,2220,5,2,1,1,6,61001,M,,,61
200800013017,8,3,28,1520,1,1,6,3,6,61001,M,,,61
200800013018,8,3,5,1730,1,2,1,1,2,61169,M,,,61
200800013019,8,3,6,1025,1,2,1,1,1,61169,M,,,61
200800013020,8,3,8,514,5,2,2,1,3,62041,M,,,62
200800013021,8,3,8,915,1,2,1,1,2,62041,M,,,62
200800013022,8,3,18,1545,1,2,3,1,3,62041,M,,,62
200800013023,8,3,20,1055,1,2,3,1,3,62764,M,,,62
200800013024,8,3,21,1550,1,2,2,1,1,62041,M,,,62
200800013025,8,3,25,1735,1,2,1,1,6,62041,M,,,62
200800013026,8,3,31,1815,1,2,1,1,3,62041,M,,,62
200800013027,8,3,21,1840,5,2,3,1,3,62516,M,,,62
200800013028,8,3,7,1745,1,2,1,1,7,62065,M,,,62
200800013029,8,3,8,1415,1,2,3,1,7,62724,M,,,62
200800013030,8,3,20,1846,2,2,2,2,3,62065,M,,,62
200800013031,8,3,23,2325,5,2,2,2,3,62570,M,,,62
200800013032,8,3,19,1205,1,2,1,2,6,62688,M,,,62
200800013033,8,3,28,1545,1,2,9,1,7,62108,M,,,62
200800013034,8,3,5,2214,3,1,2,1,6,62846,M,,,62
200800013035,8,3,23,1800,2,2,1,4,1,62034,M,,,62
200800013036,8,3,12,1940,5,2,1,1,3,62643,M,,,62
200800013037,8,3,28,2045,5,2,2,1,3,62178,M,,,62
200800013038,8,3,15,1530,1,2,1,1,2,62193,M,,,62
200800013039,8,3,16,1930,5,2,1,2,3,62193,M,,,62
200800013040,8,3,23,530,3,2,1,1,2,62193,M,,,62
200800013041,8,3,30,800,3,2,3,1,6,62193,M,,,62
200800013042,8,3,31,1610,1,2,2,1,3,62193,M,,,62
200800013043,8,3,8,1830,5,2,3,1,3,62666,M,,,62
200800013044,8,3,16,200,3,1,1,3,1,62215,M,,,62
200800013045,8,3,13,1815,5,2,1,3,3,62907,M,,,62
200800013046,8,3,9,1350,1,1,1,2,1,62215,M,,,62
200800013047,8,3,31,1420,1,2,6,1,3,62215,M,,,62
200800013048,8,3,24,1035,1,2,2,8,3,62413,M,,,62
200800013049,8,3,1,1950,5,2,3,1,3,62587,M,,,62
200800013050,8,3,3,1215,1,2,1,1,6,62497,M,,,62
200800013051,8,3,5,1835,5,2,1,1,2,62624,M,,,62
200800013052,8,3,6,1400,1,2,2,1,3,62624,M,,,62
200800013053,8,3,7,1155,1,2,1,1,6,62427,M,,,62
200800013054,8,3,17,1205,1,2,2,1,3,62427,M,,,62
200800013055,8,3,19,1835,1,2,1,1,6,62427,M,,,62
200800013056,8,3,30,1440,1,2,2,1,1,62497,M,,,62
200800013057,8,3,1,1620,1,2,1,1,1,62771,M,,,62
200800013058,8,3,29,2050,5,2,3,1,3,62218,M,,,62
200800013059,8,3,22,2025,5,2,1,3,7,62498,M,,,62
200800013060,8,3,25,1700,1,2,2,1,3,62218,M,,,62
200800013061,8,3,26,2315,5,2,2,2,3,62218,M,,,62
200800013062,8,3,11,1100,1,2,1,1,6,62555,M,,,62
200800013063,8,3,22,1400,1,2,2,1,3,62737,M,,,62
200800013064,8,3,18,1635,1,2,1,1,6,62765,M,,,62
200800013065,8,3,20,1655,1,2,1,2,2,62525,M,,,62
200800013066,8,3,31,1035,1,2,3,1,1,62757,M,,,62
200800013067,8,3,2,430,5,2,2,1,3,63113,M,,,63
200800013068,8,3,3,1700,1,2,1,1,1,63113,M,,,63
200800013069,8,3,4,1030,1,2,1,1,2,63113,M,,,63
200800013070,8,3,6,725,1,2,1,1,6,63113,M,,,63
200800013071,8,3,6,755,1,2,1,1,6,63113,M,,,63
200800013072,8,3,6,1350,1,2,1,1,6,63113,M,,,63
200800013073,8,3,8,445,2,2,1,1,6,63113,M,,,63
200800013074,8,3,8,1430,1,2,1,1,3,63075,M,,,63
200800013075,8,3,10,1655,1,2,1,1,6,63113,M,,,63
200800013076,8,3,11,840,1,2,1,2,2,63113,M,,,63
200800013077,8,3,11,2230,5,2,1,1,6,63113,M,,,63
200800013078,8,3,12,1530,1,2,1,6,6,63113,M,,,63
200800013079,8,3,12,1730,1,2,2,1,6,63113,M,,,63
200800013080,8,3,14,1310,1,2,1,1,6,63014,M,,,63
200800013081,8,3,15,1455,1,2,1,1,6,63032,M,,,63
200800013082,8,3,17,1720,1,2,1,1,6,63113,M,,,63
200800013083,8,3,19,500,5,2,1,1,6,63113,M,,,63
200800013084,8,3,19,725,1,2,1,1,2,63113,M,,,63
200800013085,8,3,19,1418,1,2,1,1,6,63113,M,,,63
200800013086,8,3,19,1610,1,2,2,1,6,63113,M,,,63
200800013087,8,3,21,1145,1,2,9,1,3,63113,M,,,63
200800013088,8,3,21,1345,1,2,1,1,6,63113,M,,,63
200800013089,8,3,21,1615,1,2,1,1,2,63113,M,,,63
200800013090,8,3,21,1645,1,2,2,1,3,63113,M,,,63
200800013091,8,3,21,1720,1,2,1,3,6,63113,M,,,63
200800013092,8,3,21,1945,2,2,1,1,6,63113,M,,,63
200800013093,8,3,22,1110,1,2,1,3,6,63113,M,,,63
200800013094,8,3,23,210,5,2,1,1,6,63113,M,,,63
200800013095,8,3,23,1015,1,2,1,1,6,63113,M,,,63
200800013096,8,3,22,1620,1,2,1,1,6,63113,M,,,63
200800013097,8,3,26,1840,1,2,1,1,6,63113,M,,,63
200800013098,8,3,27,805,1,2,1,1,6,63075,M,,,63
200800013099,8,3,26,840,1,2,3,1,3,63113,M,,,63
200800013100,8,3,28,1740,1,2,6,1,6,63113,M,,,63
200800013101,8,3,29,1840,1,2,1,1,6,63014,M,,,63
200800013102,8,3,29,2110,5,2,2,1,6,63113,M,,,63
200800013103,8,3,30,1020,1,2,1,1,6,63113,M,,,63
200800013104,8,3,30,1610,1,2,1,1,1,63113,M,,,63
200800013105,8,3,30,1830,1,2,1,1,6,63113,M,,,63
200800013106,8,3,30,2140,5,2,1,1,6,63113,M,,,63
200800013107,8,3,31,800,1,2,9,1,6,63075,M,,,63
200800013108,8,3,31,1525,1,2,1,1,6,63014,M,,,63
200800013109,8,3,31,1710,1,2,1,1,4,63113,M,,,63
200800013110,8,3,2,1550,1,2,1,1,3,63193,M,,,63
200800013111,8,3,26,1235,1,2,1,1,7,63124,M,,,63
200800013112,8,3,17,1640,1,1,4,1,2,63164,M,,,63
200800013113,8,3,19,1940,5,2,3,4,3,63164,M,,,63
200800013114,8,3,1,1725,1,2,1,1,6,63300,M,,,63
200800013115,8,3,20,2325,3,1,1,2,6,63300,M,,,63
200800013116,8,3,2,1438,1,2,1,1,2,64102,M,,,64
200800013117,8,3,4,1840,2,2,1,4,2,64024,M,,,64
200800013118,8,3,6,1936,4,2,1,1,7,64102,M,,,64
200800013119,8,3,6,1145,1,2,6,1,3,64024,M,,,64
200800013120,8,3,7,1424,1,2,6,1,3,64102,M,,,64
200800013121,8,3,16,650,4,2,1,2,7,64102,M,,,64
200800013122,8,3,17,1000,1,2,1,1,2,64102,M,,,64
200800013123,8,3,18,800,1,2,1,3,5,64102,M,,,64
200800013124,8,3,18,725,1,2,3,1,3,64102,M,,,64
200800013125,8,3,20,750,1,2,6,1,7,64024,M,,,64
200800013126,8,3,22,2015,4,2,1,3,6,64102,M,,,64
200800013127,8,3,26,730,1,2,1,2,1,64024,M,,,64
200800013128,8,3,4,1215,1,2,1,2,4,64125,M,,,64
200800013129,8,3,5,1330,1,2,1,1,3,64122,M,,,64
200800013130,8,3,7,2355,5,2,1,2,7,64122,M,,,64
200800013131,8,3,7,1920,2,2,1,1,7,64122,M,,,64
200800013132,8,3,12,730,1,2,1,1,6,64122,M,,,64
200800013133,8,3,12,928,1,2,1,1,6,64122,M,,,64
200800013134,8,3,13,1555,1,2,1,1,2,64122,M,,,64
200800013135,8,3,13,1835,2,2,1,1,3,64122,M,,,64
200800013136,8,3,19,745,2,2,1,1,3,64122,M,,,64
200800013137,8,3,30,1940,1,2,2,8,3,64122,M,,,64
200800013138,8,3,1,715,2,1,1,1,6,64335,M,,,64
200800013139,8,3,2,1855,2,2,1,1,6,64445,M,,,64
200800013140,8,3,4,1050,1,2,1,6,6,64445,M,,,64
200800013141,8,3,4,1025,1,2,9,3,6,64348,M,,,64
200800013142,8,3,6,1820,1,1,1,1,6,64335,M,,,64
200800013143,8,3,7,220,5,2,1,2,6,64129,M,,,64
200800013144,8,3,12,1345,1,2,1,1,6,64445,M,,,64
200800013145,8,3,13,1510,1,2,6,1,3,64445,M,,,64
200800013146,8,3,15,545,5,2,2,1,3,64445,M,,,64
200800013147,8,3,14,1410,1,2,2,1,3,64445,M,,,64
200800013148,8,3,15,1150,1,2,2,1,3,64445,M,,,64
200800013149,8,3,16,935,1,2,1,1,3,64348,M,,,64
200800013150,8,3,17,1040,1,2,2,1,6,64445,M,,,64
200800013151,8,3,17,1220,1,2,1,1,2,64348,M,,,64
200800013152,8,3,20,1700,1,2,1,1,3,64445,M,,,64
200800013153,8,3,20,2202,5,2,1,1,7,64445,M,,,64
200800013154,8,3,21,640,1,2,9,1,3,64445,M,,,64
200800013155,8,3,22,1750,1,2,9,2,3,64335,M,,,64
200800013156,8,3,25,855,1,2,6,2,3,64445,M,,,64
200800013157,8,3,28,1210,1,2,2,2,3,64445,M,,,64
200800013158,8,3,28,1610,1,2,2,1,7,64445,M,,,64
200800013159,8,3,30,1730,1,2,1,2,1,64348,M,,,64
200800013160,8,3,31,750,2,2,2,3,6,64445,M,,,64
200800013161,8,3,2,255,5,1,3,1,3,64260,M,,,64
200800013162,8,3,4,920,1,1,1,4,6,64260,M,,,64
200800013163,8,3,18,850,1,1,1,2,1,64545,M,,,64
200800013164,8,3,14,1505,1,2,1,1,2,64483,M,,,64
200800013165,8,3,16,1915,1,2,1,1,7,64483,M,,,64
200800013166,8,3,19,1205,1,2,1,1,1,64483,M,,,64
200800013167,8,3,21,220,3,1,1,1,6,64545,M,,,64
200800013168,8,3,21,1715,1,2,1,3,3,64483,M,,,64
200800013169,8,3,22,1505,1,2,1,1,3,64545,M,,,64
200800013170,8,3,29,1700,1,2,1,1,3,64545,M,,,64
200800013171,8,3,15,1935,5,2,1,2,1,64260,M,,,64
200800013172,8,3,20,115,5,2,1,1,6,64483,M,,,64
200800013173,8,3,15,1115,1,2,3,1,3,64260,M,,,64
200800013174,8,3,14,1525,1,2,1,1,6,64545,M,,,64
200800013175,8,3,14,1640,1,2,1,1,6,65286,M,,,65
200800013176,8,3,1,45,5,1,6,1,6,65100,M,,,65
200800013177,8,3,4,730,2,2,3,3,5,65440,M,,,65
200800013178,8,3,5,1010,1,2,3,1,3,65440,M,,,65
200800013179,8,3,6,1556,1,2,1,1,6,65440,M,,,65
200800013180,8,3,14,1210,1,2,6,1,3,65440,M,,,65
200800013181,8,3,15,1218,1,2,1,1,6,65440,M,,,65
200800013182,8,3,15,2100,5,2,2,1,3,65417,M,,,65
200800013183,8,3,19,1145,1,2,1,1,3,65440,M,,,65
200800013184,8,3,27,1730,1,2,1,3,6,65440,M,,,65
200800013185,8,3,28,920,1,2,4,2,2,65440,M,,,65
200800013186,8,3,29,1610,1,2,2,1,2,65047,M,,,65
200800013187,8,3,29,1640,1,2,2,1,3,65440,M,,,65
200800013188,8,3,29,1800,1,2,6,1,3,65440,M,,,65
200800013189,8,3,30,1915,2,1,1,2,3,65226,M,,,65
200800013190,8,3,3,955,1,2,1,1,2,66136,M,,,66
200800013191,8,3,8,1250,1,2,1,1,6,66136,M,,,66
200800013192,8,3,8,40,5,2,1,1,7,66136,M,,,66
200800013193,8,3,10,1905,5,2,1,2,6,66136,M,,,66
200800013194,8,3,12,1605,1,2,1,1,6,66136,M,,,66
200800013195,8,3,15,1955,5,2,1,1,3,66136,M,,,66
200800013196,8,3,13,855,1,2,1,1,3,66136,M,,,66
200800013197,8,3,19,848,1,2,1,1,7,66136,M,,,66
200800013198,8,3,25,1428,1,1,1,1,7,66136,M,,,66
200800013199,8,3,30,1558,1,2,1,1,1,66136,M,,,66
200800013200,8,3,29,1125,1,2,3,1,3,66136,M,,,66
200800013201,8,3,28,1850,1,2,1,1,6,66136,M,,,66
200800013202,8,3,3,1350,1,2,1,2,3,67482,M,,,67
200800013203,8,3,3,2015,5,2,1,1,3,67482,M,,,67
200800013204,8,3,4,1210,2,2,1,2,3,67482,M,,,67
200800013205,8,3,5,848,1,2,1,1,3,67447,M,,,67
200800013206,8,3,5,1710,1,2,1,1,6,67267,M,,,67
200800013207,8,3,6,920,1,2,2,1,3,67482,M,,,67
200800013208,8,3,7,900,1,2,2,1,3,67482,M,,,67
200800013209,8,3,7,1745,2,2,2,1,3,67482,M,,,67
200800013210,8,3,8,1500,1,2,1,1,7,67218,M,,,67
200800013211,8,3,8,1538,1,2,3,1,6,67482,M,,,67
200800013212,8,3,8,1930,5,2,3,1,3,67482,M,,,67
200800013213,8,3,9,1005,1,2,4,1,3,67482,M,,,67
200800013214,8,3,10,1750,1,2,3,1,6,67482,M,,,67
200800013215,8,3,11,1100,1,2,1,1,1,67482,M,,,67
200800013216,8,3,11,1745,2,2,2,1,3,67218,M,,,67
200800013217,8,3,13,807,1,2,3,1,6,67482,M,,,67
200800013218,8,3,13,1608,1,2,1,1,6,67482,M,,,67
200800013219,8,3,14,735,1,2,3,2,2,67447,M,,,67
200800013220,8,3,14,1700,1,2,2,2,3,67482,M,,,67
200800013221,8,3,14,1715,1,2,1,2,3,67043,M,,,67
200800013222,8,3,14,1915,5,2,3,2,1,67482,M,,,67
200800013223,8,3,15,815,1,2,1,1,6,67482,M,,,67
200800013224,8,3,16,1750,1,2,1,1,6,67482,M,,,67
200800013225,8,3,17,1745,1,2,1,1,2,67482,M,,,67
200800013226,8,3,17,2105,5,2,3,1,3,67043,M,,,67
200800013227,8,3,18,930,1,2,1,1,6,67482,M,,,67
200800013228,8,3,18,1310,1,2,1,1,7,67218,M,,,67
200800013229,8,3,18,1430,1,2,2,1,6,67482,M,,,67
200800013230,8,3,19,1300,1,2,1,1,3,67482,M,,,67
200800013231,8,3,19,857,1,2,3,1,2,67482,M,,,67
200800013232,8,3,19,1817,1,2,1,1,3,67447,M,,,67
200800013233,8,3,20,1205,1,2,1,1,6,67482,M,,,67
200800013234,8,3,20,1215,1,2,9,1,6,67482,M,,,67
200800013235,8,3,20,1635,1,2,1,1,6,67482,M,,,67
200800013236,8,3,20,1910,4,2,2,1,3,67267,M,,,67
200800013237,8,3,21,2300,5,2,1,8,6,67482,M,,,67
200800013238,8,3,21,2330,5,2,1,1,6,67482,M,,,67
200800013239,8,3,23,130,5,2,3,2,3,67482,M,,,67
200800013240,8,3,24,315,5,2,1,9,6,67482,M,,,67
200800013241,8,3,24,1340,1,2,1,4,3,67447,M,,,67
200800013242,8,3,20,1940,5,2,1,1,7,67482,M,,,67
200800013243,8,3,26,1000,1,2,9,1,3,67482,M,,,67
200800013244,8,3,27,720,1,2,2,2,3,67482,M,,,67
200800013245,8,3,27,820,1,2,2,2,6,67482,M,,,67
200800013246,8,3,27,1300,1,2,2,1,3,67218,M,,,67
200800013247,8,3,27,1755,1,2,1,1,1,67482,M,,,67
200800013248,8,3,27,1810,1,2,3,1,3,67482,M,,,67
200800013249,8,3,28,1115,1,2,1,1,6,67267,M,,,67
200800013250,8,3,28,1430,1,2,1,1,6,67482,M,,,67
200800013251,8,3,29,505,2,2,1,1,1,67482,M,,,67
200800013252,8,3,29,1500,1,2,3,1,1,67482,M,,,67
200800013253,8,3,29,1710,1,2,1,1,6,67482,M,,,67
200800013254,8,3,30,1835,1,2,2,1,3,67267,M,,,67
200800013255,8,3,31,715,1,2,2,2,3,67482,M,,,67
200800013256,8,3,31,930,1,2,1,1,2,67482,M,,,67
200800013257,8,3,4,740,1,2,1,1,6,68066,M,,,68
200800013258,8,3,4,1631,1,1,2,1,3,68066,M,,,68
200800013259,8,3,4,1811,1,2,6,2,3,68066,M,,,68
200800013260,8,3,12,1102,1,2,2,1,2,68066,M,,,68
200800013261,8,3,14,1155,1,2,2,1,3,68066,M,,,68
200800013262,8,3,14,810,1,2,2,1,2,68066,M,,,68
200800013263,8,3,18,1610,1,2,1,1,3,68066,M,,,68
200800013264,8,3,19,40,5,2,3,1,7,68066,M,,,68
200800013265,8,3,8,1640,1,2,1,1,3,68112,M,,,68
200800013266,8,3,8,2251,5,2,3,1,3,68112,M,,,68
200800013267,8,3,4,1850,4,2,1,4,6,68224,M,,,68
200800013268,8,3,6,2035,5,2,4,8,3,68224,M,,,68
200800013269,8,3,11,1221,1,2,1,8,6,68224,M,,,68
200800013270,8,3,9,1835,5,2,3,2,6,68224,M,,,68
200800013271,8,3,24,1446,1,2,3,1,3,68224,M,,,68
200800013272,8,3,27,1330,1,1,1,1,2,68224,M,,,68
200800013273,8,3,18,1205,1,2,1,1,3,68224,M,,,68
200800013274,8,3,28,840,1,2,1,1,7,68224,M,,,68
200800013275,8,3,26,2150,5,2,4,1,3,68224,M,,,68
200800013276,8,3,19,2040,3,2,3,1,1,68224,M,,,68
200800013277,8,3,4,2000,5,2,1,2,6,68297,M,,,68
200800013278,8,3,15,1445,1,2,4,1,3,68297,M,,,68
200800013279,8,3,22,1740,1,1,1,1,4,68166,M,,,68
200800013280,8,3,6,1150,1,2,9,1,6,69034,M,,,69
200800013281,8,3,20,835,1,2,1,1,6,69034,M,,,69
200800013282,8,3,20,700,1,2,3,1,6,69034,M,,,69
200800013283,8,3,15,1255,1,2,2,1,3,69034,M,,,69
200800013284,8,3,25,1700,1,2,1,1,5,69034,M,,,69
200800013285,8,3,13,856,1,2,1,1,6,69034,M,,,69
200800013286,8,3,16,128,5,2,1,1,6,69034,M,,,69
200800013287,8,3,29,925,1,2,1,1,6,69034,M,,,69
200800013288,8,3,31,1220,1,2,1,1,4,69034,M,,,69
200800013289,8,3,3,1455,1,2,3,1,1,69091,M,,,69
200800013290,8,3,3,1820,1,2,9,2,4,69096,M,,,69
200800013291,8,3,21,1140,1,2,1,1,6,69149,M,,,69
200800013292,8,3,27,1110,1,2,1,1,6,69149,M,,,69
200800013293,8,3,10,1120,1,2,3,1,3,69256,M,,,69
200800013294,8,3,4,1225,1,2,2,1,3,69259,M,,,69
200800013295,8,3,7,2150,4,2,4,1,6,69259,M,,,69
200800013296,8,3,4,2010,5,2,1,2,2,69259,M,,,69
200800013297,8,3,9,1115,1,2,1,1,3,69259,M,,,69
200800013298,8,3,25,1211,1,2,3,8,2,69259,M,,,69
200800013299,8,3,26,1110,1,2,2,1,7,69259,M,,,69
200800013300,8,3,15,1455,1,2,1,1,6,69259,M,,,69
200800013301,8,3,26,2045,5,2,9,3,3,69259,M,,,69
200800013302,8,3,25,1907,2,2,3,1,1,69259,M,,,69
200800013303,8,3,29,1710,1,2,1,1,5,69264,M,,,69
200800013304,8,3,4,1645,1,2,2,1,6,69266,M,,,69
200800013305,8,3,4,1745,1,2,9,2,3,69266,M,,,69
200800013306,8,3,6,1730,1,2,3,1,6,69266,M,,,69
200800013307,8,3,9,1640,1,2,2,1,3,69266,M,,,69
200800013308,8,3,11,1200,1,2,2,1,6,69266,M,,,69
200800013309,8,3,14,745,1,2,2,1,3,69266,M,,,69
200800013310,8,3,14,1730,1,2,2,1,6,69266,M,,,69
200800013311,8,3,13,2115,5,2,3,1,3,69266,M,,,69
200800013312,8,3,10,1445,1,2,2,1,3,69266,M,,,69
200800013313,8,3,14,1555,1,2,1,1,6,69266,M,,,69
200800013314,8,3,14,1945,5,2,1,1,6,69266,M,,,69
200800013315,8,3,24,1955,5,2,1,2,6,69266,M,,,69
200800013316,8,3,25,810,1,2,3,2,6,69266,M,,,69
200800013317,8,3,28,1610,1,2,1,1,6,69266,M,,,69
200800013318,8,3,30,1055,1,2,1,1,3,69266,M,,,69
200800013319,8,3,31,1345,1,2,2,1,2,69266,M,,,69
200800013320,8,3,31,1909,1,2,3,1,6,69266,M,,,69
200800013321,8,3,12,1620,1,2,1,1,6,69275,M,,,69
200800013322,8,3,21,1355,1,2,1,2,1,69275,M,,,69
200800013323,8,3,7,1130,1,2,2,1,3,69290,M,,,69
200800013324,8,3,8,40,5,1,1,2,6,69290,M,,,69
200800013325,8,3,8,750,1,2,2,7,3,69290,M,,,69
200800013326,8,3,10,1620,1,2,2,6,6,69290,M,,,69
200800013327,8,3,13,2020,5,2,1,1,6,69290,M,,,69
200800013328,8,3,21,1008,1,2,1,2,2,69290,M,,,69
200800013329,8,3,27,1335,1,2,3,1,3,70285,M,,,70
200800013330,8,3,1,2050,5,2,1,1,3,70550,M,,,70
200800013331,8,3,4,1620,1,2,1,4,6,70550,M,,,70
200800013332,8,3,13,720,2,2,1,1,3,70550,M,,,70
200800013333,8,3,28,850,1,2,1,7,6,70207,M,,,70
200800013334,8,3,29,1658,1,1,1,1,7,70388,M,,,70
200800013335,8,3,11,850,1,2,1,1,2,71076,M,,,71
200800013336,8,3,25,1625,1,2,1,1,6,71076,M,,,71
200800013337,8,3,3,1700,1,2,1,2,6,71153,M,,,71
200800013338,8,3,17,1545,1,2,4,1,1,71153,M,,,71
200800013339,8,3,10,1625,1,2,1,2,6,71270,M,,,71
200800013340,8,3,15,1430,1,2,2,1,3,71270,M,,,71
200800013341,8,3,14,1130,1,2,1,1,6,71270,M,,,71
200800013342,8,3,28,2020,1,2,2,2,3,71270,M,,,71
200800013343,8,3,9,1145,1,2,3,1,7,71306,M,,,71
200800013344,8,3,3,850,1,2,1,2,3,72181,M,,,72
200800013345,8,3,5,1420,1,1,1,1,7,72003,M,,,72
200800013346,8,3,9,1150,1,1,1,2,2,72181,M,,,72
200800013347,8,3,10,1930,5,2,6,2,3,72181,M,,,72
200800013348,8,3,11,1705,1,2,1,2,6,72181,M,,,72
200800013349,8,3,12,1030,1,2,1,6,4,72181,M,,,72
200800013350,8,3,13,1700,1,2,1,1,6,72181,M,,,72
200800013351,8,3,14,1915,5,2,1,1,6,72181,M,,,72
200800013352,8,3,18,830,1,2,1,1,6,72181,M,,,72
200800013353,8,3,19,35,5,2,1,1,6,72181,M,,,72
200800013354,8,3,19,942,1,2,1,1,3,72181,M,,,72
200800013355,8,3,21,1155,1,2,1,2,6,72003,M,,,72
200800013356,8,3,23,45,5,2,1,1,3,72181,M,,,72
200800013357,8,3,24,1302,1,2,1,1,6,72181,M,,,72
200800013358,8,3,26,1308,1,1,1,2,6,72181,M,,,72
200800013359,8,3,27,1500,1,2,1,2,3,72181,M,,,72
200800013360,8,3,26,1653,1,2,1,1,6,72181,M,,,72
200800013361,8,3,26,820,1,2,3,1,3,72181,M,,,72
200800013362,8,3,27,755,1,2,3,1,3,72181,M,,,72
200800013363,8,3,29,830,1,2,1,1,3,72181,M,,,72
200800013364,8,3,29,2210,5,2,1,1,6,72181,M,,,72
200800013365,8,3,31,915,1,2,2,1,3,72181,M,,,72
200800013366,8,3,31,1220,1,2,1,1,3,72181,M,,,72
200800013367,8,3,2,25,5,2,1,1,1,73008,M,,,73
200800013368,8,3,2,1824,1,2,1,1,6,73008,M,,,73
200800013369,8,3,15,1840,1,2,1,1,6,73011,M,,,73
200800013370,8,3,14,1215,1,2,6,1,3,73065,M,,,73
200800013371,8,3,17,1740,2,1,9,9,1,73222,M,,,73
200800013372,8,3,29,2322,3,2,1,1,1,73065,M,,,73
200800013373,8,3,27,805,1,2,3,1,6,73065,M,,,73
200800013374,8,3,5,2258,5,2,1,1,6,74093,M,,,74
200800013375,8,3,28,1800,2,2,3,1,3,74010,M,,,74
200800013376,8,3,29,1630,1,2,3,1,6,74093,M,,,74
200800013377,8,3,4,1140,1,2,6,1,3,74012,M,,,74
200800013378,8,3,20,1600,1,2,3,1,6,74118,M,,,74
200800013379,8,3,28,755,2,2,3,1,3,74298,M,,,74
200800013380,8,3,15,1545,1,2,1,1,3,74305,M,,,74
200800013381,8,3,12,1806,1,2,6,1,7,74281,M,,,74
200800013382,8,3,18,2010,5,2,4,1,3,74281,M,,,74
200800013383,8,3,21,1240,1,2,1,1,2,74119,M,,,74
200800013384,8,3,27,915,1,2,3,1,7,74281,M,,,74
200800013385,8,3,2,1350,1,2,1,8,1,76476,M,,,76
200800013386,8,3,11,803,1,1,3,1,3,76576,M,,,76
200800013387,8,3,29,1900,1,2,2,1,3,76329,M,,,76
200800013388,8,3,2,1907,5,2,1,2,7,76026,M,,,76
200800013389,8,3,3,1955,5,2,1,2,7,76217,M,,,76
200800013390,8,3,8,1050,1,2,1,1,3,76026,M,,,76
200800013391,8,3,9,1830,2,1,3,1,1,76217,M,,,76
200800013392,8,3,11,1235,1,1,1,3,7,76026,M,,,76
200800013393,8,3,11,1715,1,2,6,1,3,76217,M,,,76
200800013394,8,3,12,1650,1,1,1,1,7,76565,M,,,76
200800013395,8,3,14,1025,1,2,2,2,6,76217,M,,,76
200800013396,8,3,14,1640,1,2,1,8,6,76217,M,,,76
200800013397,8,3,23,600,5,2,1,1,7,76217,M,,,76
200800013398,8,3,24,1615,1,2,1,3,2,76217,M,,,76
200800013399,8,3,29,1545,1,1,1,2,7,76217,M,,,76
200800013400,8,3,31,800,1,1,1,8,7,76545,M,,,76
200800013401,8,3,6,958,1,1,1,8,1,76486,M,,,76
200800013402,8,3,6,703,1,2,3,1,3,76231,M,,,76
200800013403,8,3,14,1910,5,2,2,8,3,76231,M,,,76