Num_Acc,an,mois,jour,hrmn,lum,agg,int,atm,col,com,gps,lat,long,dep
200800013404,8,3,19,1125,1,2,1,2,7,76231,M,,,76
200800013405,8,3,23,1145,1,2,1,8,2,76561,M,,,76
200800013406,8,3,28,2118,5,2,1,1,7,76178,M,,,76
200800013407,8,3,2,2050,5,2,1,1,2,76351,M,,,76
200800013408,8,3,9,1650,1,2,1,1,2,76447,M,,,76
200800013409,8,3,10,1205,1,2,2,1,6,76447,M,,,76
200800013410,8,3,10,1430,1,2,1,2,4,76447,M,,,76
200800013411,8,3,10,1952,2,2,1,1,3,76351,M,,,76
200800013412,8,3,11,1620,1,1,1,2,6,76351,M,,,76
200800013413,8,3,14,635,5,1,1,2,3,76351,M,,,76
200800013414,8,3,14,1900,5,2,1,1,6,76351,M,,,76
200800013415,8,3,15,2325,5,2,1,1,2,76351,M,,,76
200800013416,8,3,16,1050,1,1,1,2,6,76481,M,,,76
200800013417,8,3,19,1110,1,2,1,1,6,76351,M,,,76
200800013418,8,3,19,1815,1,2,2,1,3,76351,M,,,76
200800013419,8,3,21,1655,1,2,2,1,6,76341,M,,,76
200800013420,8,3,23,842,1,1,1,1,6,76447,M,,,76
200800013421,8,3,25,810,1,2,1,1,3,76447,M,,,76
200800013422,8,3,25,1000,1,2,2,1,3,76351,M,,,76
200800013423,8,3,28,1615,1,2,1,1,3,76305,M,,,76
200800013424,8,3,30,1600,1,2,3,1,6,76351,M,,,76
200800013425,8,3,31,1340,1,2,1,1,1,76447,M,,,76
200800013426,8,3,1,1230,1,1,1,1,3,76540,M,,,76
200800013427,8,3,2,1910,5,2,1,2,1,76474,M,,,76
200800013428,8,3,3,1100,1,2,3,1,6,76540,M,,,76
200800013429,8,3,4,635,5,2,2,2,3,76498,M,,,76
200800013430,8,3,4,830,1,1,1,2,1,76486,M,,,76
200800013431,8,3,5,1605,1,2,1,1,7,76108,M,,,76
200800013432,8,3,5,1700,1,2,1,1,7,76540,M,,,76
200800013433,8,3,6,1645,1,2,1,1,3,76410,M,,,76
200800013434,8,3,6,2310,5,2,2,1,7,76319,M,,,76
200800013435,8,3,8,1355,1,2,1,1,3,76540,M,,,76
200800013436,8,3,6,2015,5,2,1,1,3,76108,M,,,76
200800013437,8,3,7,1425,1,2,1,8,2,76575,M,,,76
200800013438,8,3,7,1225,1,2,1,1,7,76474,M,,,76
200800013439,8,3,8,755,1,2,1,1,7,76540,M,,,76
200800013440,8,3,11,1430,1,2,3,3,3,76540,M,,,76
200800013441,8,3,12,610,5,2,1,2,3,76108,M,,,76
200800013442,8,3,12,1045,1,2,1,1,7,76498,M,,,76
200800013443,8,3,12,1935,5,2,1,1,6,76157,M,,,76
200800013444,8,3,13,650,2,2,1,8,1,76681,M,,,76
200800013445,8,3,14,800,1,2,1,8,3,76410,M,,,76
200800013446,8,3,17,1130,1,2,1,1,6,76410,M,,,76
200800013447,8,3,15,2150,5,2,1,2,3,76540,M,,,76
200800013448,8,3,15,1450,1,2,1,1,5,76540,M,,,76
200800013449,8,3,14,1830,2,2,1,1,6,76497,M,,,76
200800013450,8,3,14,1610,1,1,1,2,7,76540,M,,,76
200800013451,8,3,14,1425,1,1,1,2,3,76410,M,,,76
200800013452,8,3,14,2030,5,2,2,1,3,76540,M,,,76
200800013453,8,3,17,1515,1,2,1,1,3,76540,M,,,76
200800013454,8,3,17,2255,5,2,3,1,3,76540,M,,,76
200800013455,8,3,18,1635,1,2,1,1,6,76540,M,,,76
200800013456,8,3,21,1740,1,2,1,1,5,76681,M,,,76
200800013457,8,3,23,235,5,2,1,2,7,76540,M,,,76
200800013458,8,3,21,1750,1,2,1,1,3,76540,M,,,76
200800013459,8,3,25,1300,1,1,1,1,2,76157,M,,,76
200800013460,8,3,27,1645,1,2,1,1,3,76540,M,,,76
200800013461,8,3,27,1210,1,2,1,1,6,76498,M,,,76
200800013462,8,3,27,1750,1,2,1,1,6,76575,M,,,76
200800013463,8,3,29,100,5,2,1,1,7,76540,M,,,76
200800013464,8,3,31,1620,1,2,1,1,7,76410,M,,,76
200800013465,8,3,31,2100,5,2,1,1,3,76681,M,,,76
200800013466,8,3,5,1340,1,2,1,1,2,77108,M,,,77
200800013467,8,3,6,1730,1,2,1,1,6,77479,M,,,77
200800013468,8,3,17,1340,1,2,1,1,6,77108,M,,,77
200800013469,8,3,22,950,1,1,2,2,2,77517,M,,,77
200800013470,8,3,19,1350,1,1,1,1,1,77018,M,,,77
200800013471,8,3,1,1200,1,2,1,1,7,77131,M,,,77
200800013472,8,3,2,655,3,2,1,1,7,77371,M,,,77
200800013473,8,3,23,1315,1,2,1,7,6,77371,M,,,77
200800013474,8,3,25,1550,1,1,1,1,6,77320,M,,,77
200800013475,8,3,25,1530,1,1,2,1,3,77400,M,,,77
200800013476,8,3,5,950,1,2,1,1,6,77186,M,,,77
200800013477,8,3,7,2150,5,2,1,2,2,77186,M,,,77
200800013478,8,3,20,1640,1,1,1,1,1,77186,M,,,77
200800013479,8,3,22,1625,1,1,1,2,1,77186,M,,,77
200800013480,8,3,22,2040,3,1,2,2,3,77186,M,,,77
200800013481,8,3,23,2300,3,1,1,4,7,77226,M,,,77
200800013482,8,3,29,1815,1,2,2,1,3,77186,M,,,77
200800013483,8,3,12,815,1,2,2,8,5,77284,M,,,77
200800013484,8,3,13,1200,1,2,1,1,6,77284,M,,,77
200800013485,8,3,5,1735,1,2,2,7,3,77067,M,,,77
200800013486,8,3,27,1535,1,2,1,1,6,77288,M,,,77
200800013487,8,3,6,1400,1,2,2,1,1,77053,M,,,77
200800013488,8,3,27,740,2,1,1,2,1,77114,M,,,77
200800013489,8,3,3,918,1,2,1,2,6,77482,M,,,77
200800013490,8,3,16,1830,1,2,1,2,6,77305,M,,,77
200800013491,8,3,27,810,1,1,1,2,1,77409,M,,,77
200800013492,8,3,27,1550,1,1,1,1,1,77409,M,,,77
200800013493,8,3,14,1750,1,1,1,1,5,77506,M,,,77
200800013494,8,3,3,1500,1,2,1,1,3,77083,M,,,77
200800013495,8,3,16,1030,1,2,1,2,6,77337,M,,,77
200800013496,8,3,15,1805,1,2,9,1,2,77258,M,,,77
200800013497,8,3,17,855,1,2,1,1,2,77083,M,,,77
200800013498,8,3,27,745,2,2,1,3,1,77468,M,,,77
200800013499,8,3,17,1715,1,2,2,1,3,77379,M,,,77
200800013500,8,3,1,1530,1,2,4,1,3,77118,M,,,77
200800013501,8,3,2,1705,2,1,9,2,6,77118,M,,,77
200800013502,8,3,14,1200,1,2,2,1,6,77514,M,,,77
200800013503,8,3,15,930,1,2,3,1,3,77118,M,,,77
200800013504,8,3,27,1750,1,2,1,1,4,78126,M,,,78
200800013505,8,3,2,2020,5,2,4,1,3,78005,M,,,78
200800013506,8,3,8,1135,1,2,3,1,6,78005,M,,,78
200800013507,8,3,6,1930,4,2,1,1,7,78015,M,,,78
200800013508,8,3,12,945,1,2,2,1,3,78172,M,,,78
200800013509,8,3,7,2315,5,2,2,1,3,78172,M,,,78
200800013510,8,3,18,1420,1,2,3,1,3,78005,M,,,78
200800013511,8,3,28,1250,1,2,2,1,3,78005,M,,,78
200800013512,8,3,23,1700,1,2,1,2,3,78168,M,,,78
200800013513,8,3,27,2350,5,2,1,1,7,78168,M,,,78
200800013514,8,3,1,2130,5,2,1,1,1,78423,M,,,78
200800013515,8,3,7,2040,5,2,1,1,7,78423,M,,,78
200800013516,8,3,13,1915,5,2,2,2,7,78423,M,,,78
200800013517,8,3,28,750,1,2,1,1,3,78423,M,,,78
200800013518,8,3,9,1010,1,2,1,1,6,78311,M,,,78
200800013519,8,3,8,1625,1,2,1,1,6,78358,M,,,78
200800013520,8,3,13,2005,5,2,1,2,6,78358,M,,,78
200800013521,8,3,1,1545,1,2,2,1,5,78354,M,,,78
200800013522,8,3,7,645,2,2,2,1,3,78217,M,,,78
200800013523,8,3,9,1245,1,2,3,8,3,78361,M,,,78
200800013524,8,3,12,1545,1,2,1,1,6,78335,M,,,78
200800013525,8,3,14,1810,1,2,1,1,2,78361,M,,,78
200800013526,8,3,15,2205,5,2,3,2,2,78335,M,,,78
200800013527,8,3,17,705,1,1,1,8,2,78402,M,,,78
200800013528,8,3,17,1345,1,2,3,8,3,78354,M,,,78
200800013529,8,3,19,1235,1,2,1,1,2,78362,M,,,78
200800013530,8,3,21,1530,1,2,1,1,2,78361,M,,,78
200800013531,8,3,21,1600,1,2,1,1,6,78361,M,,,78
200800013532,8,3,24,2035,3,2,1,2,6,78361,M,,,78
200800013533,8,3,17,615,3,1,1,2,3,78372,M,,,78
200800013534,8,3,2,955,1,2,2,1,3,78490,M,,,78
200800013535,8,3,6,755,1,2,1,1,7,78165,M,,,78
200800013536,8,3,9,1510,1,2,1,2,2,78674,M,,,78
200800013537,8,3,14,910,1,2,1,1,2,78490,M,,,78
200800013538,8,3,23,2000,5,2,2,2,1,78165,M,,,78
200800013539,8,3,27,1315,1,2,1,1,3,78490,M,,,78
200800013540,8,3,29,2230,5,2,3,1,3,78674,M,,,78
200800013541,8,3,6,645,2,2,3,2,3,78643,M,,,78
200800013542,8,3,6,530,5,2,4,2,6,78498,M,,,78
200800013543,8,3,6,2015,5,2,3,1,3,78672,M,,,78
200800013544,8,3,8,1905,2,1,3,1,3,78624,M,,,78
200800013545,8,3,9,115,5,2,3,2,3,78624,M,,,78
200800013546,8,3,12,1825,1,2,2,1,3,78123,M,,,78
200800013547,8,3,13,1845,2,2,3,2,3,78498,M,,,78
200800013548,8,3,14,2325,5,2,1,1,6,78643,M,,,78
200800013549,8,3,27,1815,1,2,9,1,3,78643,M,,,78
200800013550,8,3,9,1815,1,2,4,8,3,78517,M,,,78
200800013551,8,3,17,1625,1,2,3,1,3,78517,M,,,78
200800013552,8,3,25,1415,1,1,1,1,2,78551,M,,,78
200800013553,8,3,11,1240,1,1,1,1,6,78551,M,,,78
200800013554,8,3,30,1200,1,2,3,8,6,78481,M,,,78
200800013555,8,3,7,840,1,2,6,1,3,78586,M,,,78
200800013556,8,3,6,2300,5,2,2,1,3,78586,M,,,78
200800013557,8,3,12,1730,1,2,6,1,3,78586,M,,,78
200800013558,8,3,15,1330,1,2,1,1,6,78586,M,,,78
200800013559,8,3,20,1135,1,2,2,1,3,78586,M,,,78
200800013560,8,3,21,1735,1,2,1,1,6,78586,M,,,78
200800013561,8,3,19,1720,1,1,1,2,5,78621,M,,,78
200800013562,8,3,23,1520,1,2,1,2,5,78621,M,,,78
200800013563,8,3,27,735,1,1,1,2,3,78621,M,,,78
200800013564,8,3,27,910,1,2,2,2,3,78621,M,,,78
200800013565,8,3,29,840,1,2,2,1,3,78621,M,,,78
200800013566,8,3,4,1950,5,2,1,1,6,78640,M,,,78
200800013567,8,3,5,1420,1,2,1,1,6,78640,M,,,78
200800013568,8,3,7,1000,1,2,1,8,6,78686,M,,,78
200800013569,8,3,8,1610,1,2,1,8,6,78640,M,,,78
200800013570,8,3,11,1745,1,2,1,2,7,78640,M,,,78
200800013571,8,3,18,1215,1,2,9,8,6,78640,M,,,78
200800013572,8,3,20,800,1,2,3,8,6,78640,M,,,78
200800013573,8,3,4,1420,1,2,1,9,2,78646,M,,,78
200800013574,8,3,8,1620,1,2,1,1,6,78646,M,,,78
200800013575,8,3,11,1750,1,2,1,2,3,78646,M,,,78
200800013576,8,3,14,2135,5,2,2,1,6,78646,M,,,78
200800013577,8,3,15,1750,1,2,3,2,3,78646,M,,,78
200800013578,8,3,18,1815,1,2,6,1,3,78158,M,,,78
200800013579,8,3,25,740,1,2,3,1,6,78646,M,,,78
200800013580,8,3,28,1210,1,2,1,1,6,78646,M,,,78
200800013581,8,3,29,1140,1,2,1,1,6,78646,M,,,78
200800013582,8,3,13,1940,5,2,3,2,3,78418,M,,,78
200800013583,8,3,14,2105,5,2,1,1,6,78650,M,,,78
200800013584,8,3,11,1531,1,1,2,2,3,79329,M,,,79
200800013585,8,3,2,1223,1,2,3,1,3,80021,M,,,80
200800013586,8,3,3,1415,1,2,1,1,3,80021,M,,,80
200800013587,8,3,5,805,1,2,1,1,3,80021,M,,,80
200800013588,8,3,6,740,1,1,1,1,7,80021,M,,,80
200800013589,8,3,7,1500,1,2,1,1,3,80021,M,,,80
200800013590,8,3,12,825,1,2,2,1,3,80021,M,,,80
200800013591,8,3,12,1145,1,2,1,1,2,80021,M,,,80
200800013592,8,3,13,2000,5,1,1,3,6,80021,M,,,80
200800013593,8,3,13,1450,1,2,2,1,3,80021,M,,,80
200800013594,8,3,13,1800,2,2,1,2,4,80021,M,,,80
200800013595,8,3,13,1840,5,2,1,2,3,80021,M,,,80
200800013596,8,3,13,1915,5,2,2,2,3,80021,M,,,80
200800013597,8,3,15,850,1,2,6,1,7,80021,M,,,80
200800013598,8,3,15,1310,1,2,1,1,2,80021,M,,,80
200800013599,8,3,15,1615,1,2,6,1,3,80021,M,,,80
200800013600,8,3,15,2130,5,2,1,1,3,80021,M,,,80
200800013601,8,3,18,2015,5,2,2,2,3,80021,M,,,80
200800013602,8,3,19,1210,1,2,1,2,2,80021,M,,,80
200800013603,8,3,19,1610,1,2,1,1,3,80021,M,,,80
200800013604,8,3,19,1440,1,2,1,1,2,80021,M,,,80
200800013605,8,3,17,930,1,2,1,8,2,80261,M,,,80
200800013606,8,3,17,930,1,2,1,1,3,80131,M,,,80
200800013607,8,3,20,1750,2,2,1,3,6,80021,M,,,80
200800013608,8,3,21,1955,3,1,1,2,7,80725,M,,,80
200800013609,8,3,22,1255,1,2,2,2,3,80021,M,,,80
200800013610,8,3,24,1400,1,2,1,1,3,80021,M,,,80
200800013611,8,3,21,950,1,2,3,2,3,80021,M,,,80
200800013612,8,3,27,1225,1,2,1,1,4,80021,M,,,80
200800013613,8,3,27,1635,1,2,1,1,6,80021,M,,,80
200800013614,8,3,25,1100,1,2,1,1,2,80021,M,,,80
200800013615,8,3,25,1400,1,2,1,1,6,80021,M,,,80
200800013616,8,3,26,1400,1,2,3,1,3,80021,M,,,80
200800013617,8,3,26,1325,1,2,1,2,6,80021,M,,,80
200800013618,8,3,31,1800,1,2,1,1,3,80021,M,,,80
200800013619,8,3,29,1205,1,2,3,1,3,80021,M,,,80
200800013620,8,3,30,1400,1,2,1,1,6,80021,M,,,80
200800013621,8,3,26,1750,1,2,1,1,6,81004,M,,,81
200800013622,8,3,9,1520,1,2,1,2,2,81065,M,,,81
200800013623,8,3,13,830,1,2,1,2,1,81065,M,,,81
200800013624,8,3,21,1335,1,1,3,8,3,81065,M,,,81
200800013625,8,3,28,1434,1,2,1,1,6,81065,M,,,81
200800013626,8,3,29,2025,5,2,1,1,7,81065,M,,,81
200800013627,8,3,30,2315,5,2,1,2,6,81065,M,,,81
200800013628,8,3,19,1540,1,2,1,1,6,81105,M,,,81
200800013629,8,3,26,1720,1,1,3,2,3,81105,M,,,81
200800013630,8,3,13,1820,1,2,2,1,3,81021,M,,,81
200800013631,8,3,6,1540,1,1,2,1,3,82121,M,,,82
200800013632,8,3,11,1930,5,2,1,1,6,82121,M,,,82
200800013633,8,3,13,735,1,1,1,1,2,82121,M,,,82
200800013634,8,3,31,1340,1,1,3,1,3,82121,M,,,82
200800013635,8,3,14,1815,1,1,1,1,1,82121,M,,,82
200800013636,8,3,18,1630,1,2,1,1,6,82121,M,,,82
200800013637,8,3,29,510,3,1,1,1,6,82121,M,,,82
200800013638,8,3,29,1510,1,2,2,1,3,82121,M,,,82
200800013639,8,3,15,5,5,2,3,1,2,82121,M,,,82
200800013640,8,3,2,1713,1,2,3,1,4,83050,M,,,83
200800013641,8,3,3,1900,3,1,1,1,6,83141,M,,,83
200800013642,8,3,6,1020,1,2,2,1,6,83050,M,,,83
200800013643,8,3,14,1130,1,2,1,1,2,83050,M,,,83
200800013644,8,3,15,1230,1,1,1,1,3,83141,M,,,83
200800013645,8,3,14,2220,5,2,1,1,7,83050,M,,,83
200800013646,8,3,17,1320,1,2,1,1,3,83141,M,,,83
200800013647,8,3,18,840,1,2,3,1,6,83050,M,,,83
200800013648,8,3,23,1835,1,1,1,1,3,83050,M,,,83
200800013649,8,3,30,1850,1,2,1,1,3,83050,M,,,83
200800013650,8,3,5,1134,1,2,5,8,3,83118,M,,,83
200800013651,8,3,23,510,5,2,3,1,3,83061,M,,,83
200800013652,8,3,20,1715,1,2,1,1,6,83061,M,,,83
200800013653,8,3,4,1620,1,2,3,1,3,83129,M,,,83
200800013654,8,3,14,730,1,2,9,1,3,83129,M,,,83
200800013655,8,3,20,1455,1,2,3,1,3,83129,M,,,83
200800013656,8,3,26,1115,1,2,1,1,6,83123,M,,,83
200800013657,8,3,27,1855,2,2,1,1,6,83129,M,,,83
200800013658,8,3,28,1650,1,2,1,1,3,83009,M,,,83
200800013659,8,3,30,1330,1,2,1,1,6,83129,M,,,83
200800013660,8,3,2,1735,1,2,3,1,3,83126,M,,,83
200800013661,8,3,3,1329,1,2,1,1,2,83126,M,,,83
200800013662,8,3,14,805,1,1,3,1,3,83126,M,,,83
200800013663,8,3,15,850,1,2,1,1,6,83126,M,,,83
200800013664,8,3,16,1910,5,2,9,1,3,83126,M,,,83
200800013665,8,3,19,825,1,2,6,1,3,83126,M,,,83
200800013666,8,3,24,635,2,2,1,1,6,83126,M,,,83
200800013667,8,3,27,1725,1,2,1,1,5,83126,M,,,83
200800013668,8,3,27,1905,2,1,1,1,1,83126,M,,,83
200800013669,8,3,28,745,2,2,1,1,3,83126,M,,,83
200800013670,8,3,31,1500,1,2,3,3,3,83126,M,,,83
200800013671,8,3,2,1815,1,2,1,1,6,83137,M,,,83
200800013672,8,3,4,120,5,2,2,1,3,83137,M,,,83
200800013673,8,3,4,755,1,2,1,1,6,83137,M,,,83
200800013674,8,3,4,1330,1,2,1,1,6,83137,M,,,83
200800013675,8,3,4,1915,5,2,1,1,1,83144,M,,,83
200800013676,8,3,5,950,1,1,6,1,2,83090,M,,,83
200800013677,8,3,6,730,1,2,3,1,1,83090,M,,,83
200800013678,8,3,8,1650,1,2,1,2,3,83137,M,,,83
200800013679,8,3,9,1630,1,2,2,1,3,83090,M,,,83
200800013680,8,3,11,1435,1,2,1,1,2,83137,M,,,83
200800013681,8,3,1,1100,1,2,1,1,6,83137,M,,,83
200800013682,8,3,7,1138,1,2,1,2,2,83137,M,,,83
200800013683,8,3,7,922,1,2,4,2,3,83144,M,,,83
200800013684,8,3,8,1455,1,2,1,1,6,83137,M,,,83
200800013685,8,3,15,1150,1,2,1,1,1,83137,M,,,83
200800013686,8,3,18,1425,1,2,2,1,7,83137,M,,,83
200800013687,8,3,12,1205,1,2,1,1,1,83062,M,,,83
200800013688,8,3,7,1520,1,2,3,1,6,83137,M,,,83
200800013689,8,3,21,1650,1,2,4,3,2,83137,M,,,83
200800013690,8,3,23,1650,1,2,1,1,4,83098,M,,,83
200800013691,8,3,24,145,3,1,1,1,6,83098,M,,,83
200800013692,8,3,18,940,1,2,1,1,3,83062,M,,,83
200800013693,8,3,25,1810,1,2,1,1,3,83137,M,,,83
200800013694,8,3,21,1155,1,2,3,1,2,83144,M,,,83
200800013695,8,3,28,1200,1,1,1,1,2,83137,M,,,83
200800013696,8,3,31,1720,1,1,1,2,6,83144,M,,,83
200800013697,8,3,27,1650,1,2,9,1,6,83137,M,,,83
200800013698,8,3,23,1120,1,2,1,1,7,83137,M,,,83
200800013699,8,3,21,1125,1,1,1,1,2,83090,M,,,83
200800013700,8,3,19,1105,1,2,1,1,7,83137,M,,,83
200800013701,8,3,28,1505,1,1,1,1,3,83090,M,,,83
200800013702,8,3,29,1833,1,1,1,1,3,83062,M,,,83
200800013703,8,3,13,2130,5,2,2,1,3,83137,M,,,83
200800013704,8,3,29,1830,5,2,2,1,3,83137,M,,,83
200800013705,8,3,3,1925,5,2,1,1,3,84007,M,,,84
200800013706,8,3,9,1140,1,2,3,1,3,84007,M,,,84
200800013707,8,3,9,1710,1,2,1,1,3,84007,M,,,84
200800013708,8,3,13,755,1,2,1,1,2,84007,M,,,84
200800013709,8,3,14,805,1,2,1,1,6,84007,M,,,84
200800013710,8,3,15,1415,1,2,6,1,3,84007,M,,,84
200800013711,8,3,18,1510,1,2,1,1,3,84007,M,,,84
200800013712,8,3,18,2030,5,2,1,6,3,84007,M,,,84
200800013713,8,3,18,1830,1,2,1,1,3,84007,M,,,84
200800013714,8,3,19,1630,1,2,1,1,2,84007,M,,,84
200800013715,8,3,19,2300,5,2,6,1,2,84007,M,,,84
200800013716,8,3,21,750,1,2,2,1,3,84007,M,,,84
200800013717,8,3,26,1050,1,2,1,1,5,84007,M,,,84
200800013718,8,3,26,1600,1,2,1,1,3,84007,M,,,84
200800013719,8,3,28,1445,1,2,2,1,3,84007,M,,,84
200800013720,8,3,22,705,2,1,1,9,6,84080,M,,,84
200800013721,8,3,6,1610,1,1,2,1,5,84035,M,,,84
200800013722,8,3,13,1720,1,2,1,1,6,84035,M,,,84
200800013723,8,3,27,750,1,1,1,1,4,84035,M,,,84
200800013724,8,3,2,1915,5,2,3,1,3,84087,M,,,84
200800013725,8,3,16,25,3,1,1,2,6,84087,M,,,84
200800013726,8,3,17,1935,3,2,3,1,3,84087,M,,,84
200800013727,8,3,21,438,5,2,1,1,2,84087,M,,,84
200800013728,8,3,23,315,5,2,1,1,6,85191,M,,,85
200800013729,8,3,31,1630,1,2,1,1,6,85191,M,,,85
200800013730,8,3,26,810,1,2,3,5,3,85191,M,,,85
200800013731,8,3,14,2025,3,2,1,1,7,85194,M,,,85
200800013732,8,3,19,2100,5,2,1,1,7,85194,M,,,85
200800013733,8,3,20,2350,5,2,1,1,6,85194,M,,,85
200800013734,8,3,21,1145,1,2,2,2,3,85194,M,,,85
200800013735,8,3,5,1507,1,2,1,1,7,86066,M,,,86
200800013736,8,3,5,2000,5,2,1,1,3,86066,M,,,86
200800013737,8,3,14,2230,5,2,3,1,3,86066,M,,,86
200800013738,8,3,1,1730,1,2,1,1,2,86194,M,,,86
200800013739,8,3,2,10,5,2,1,1,7,86194,M,,,86
200800013740,8,3,4,1550,1,2,1,2,4,86194,M,,,86
200800013741,8,3,7,140,5,2,1,1,6,86194,M,,,86
200800013742,8,3,10,2105,5,2,6,1,6,86194,M,,,86
200800013743,8,3,11,1405,1,2,1,2,6,86194,M,,,86
200800013744,8,3,11,2310,5,2,1,2,6,86194,M,,,86
200800013745,8,3,16,235,5,2,1,2,6,86194,M,,,86
200800013746,8,3,19,1745,1,2,2,1,3,86194,M,,,86
200800013747,8,3,20,1810,1,2,1,1,3,86194,M,,,86
200800013748,8,3,21,650,2,2,2,2,3,86194,M,,,86
200800013749,8,3,23,550,5,2,1,1,7,86194,M,,,86
200800013750,8,3,23,1925,1,2,1,2,6,86194,M,,,86
200800013751,8,3,26,1245,1,2,3,1,3,86194,M,,,86
200800013752,8,3,26,1610,1,2,1,2,6,86194,M,,,86
200800013753,8,3,26,1635,1,2,1,2,2,86194,M,,,86
200800013754,8,3,26,2040,5,2,2,1,3,86194,M,,,86
200800013755,8,3,28,820,1,2,1,1,1,86157,M,,,86
200800013756,8,3,31,1855,1,2,1,2,2,86194,M,,,86
200800013757,8,3,1,1310,1,2,9,2,6,87065,M,,,87
200800013758,8,3,2,1729,1,2,1,1,6,87085,M,,,87
200800013759,8,3,3,1925,5,2,1,1,6,87085,M,,,87
200800013760,8,3,4,740,1,2,3,2,3,87085,M,,,87
200800013761,8,3,4,1122,1,2,1,2,6,87085,M,,,87
200800013762,8,3,4,1635,1,1,1,4,6,87085,M,,,87
200800013763,8,3,4,2217,5,2,1,2,6,87050,M,,,87
200800013764,8,3,7,136,5,2,3,1,6,87085,M,,,87
200800013765,8,3,7,614,5,2,1,2,6,87085,M,,,87
200800013766,8,3,9,742,1,2,1,1,6,87085,M,,,87
200800013767,8,3,9,1427,1,1,1,1,6,87085,M,,,87
200800013768,8,3,11,1114,1,2,1,2,6,87085,M,,,87
200800013769,8,3,11,1756,1,2,1,2,3,87085,M,,,87
200800013770,8,3,12,715,5,2,1,2,6,87085,M,,,87
200800013771,8,3,12,733,5,2,6,2,3,87085,M,,,87
200800013772,8,3,12,715,1,1,1,3,6,87050,M,,,87
200800013773,8,3,13,1355,1,1,1,1,6,87085,M,,,87
200800013774,8,3,15,2109,5,2,3,2,3,87113,M,,,87
200800013775,8,3,16,1503,1,2,1,2,6,87085,M,,,87
200800013776,8,3,17,1958,5,2,3,1,3,87085,M,,,87
200800013777,8,3,18,952,1,2,1,1,2,87065,M,,,87
200800013778,8,3,19,1029,1,2,1,1,6,87085,M,,,87
200800013779,8,3,19,1800,1,2,2,1,3,87085,M,,,87
200800013780,8,3,20,729,1,2,1,1,2,87065,M,,,87
200800013781,8,3,20,1131,1,2,1,1,6,87085,M,,,87
200800013782,8,3,20,1259,1,2,3,1,3,87085,M,,,87
200800013783,8,3,20,1645,1,2,1,1,2,87085,M,,,87
200800013784,8,3,21,258,5,2,1,3,6,87085,M,,,87
200800013785,8,3,21,730,1,2,1,3,5,87085,M,,,87
200800013786,8,3,21,1219,1,1,1,3,4,87085,M,,,87
200800013787,8,3,21,1808,1,2,1,1,2,87085,M,,,87
200800013788,8,3,21,1626,1,1,1,2,6,87065,M,,,87
200800013789,8,3,22,1746,2,2,1,1,6,87085,M,,,87
200800013790,8,3,22,1917,5,2,3,1,3,87085,M,,,87
200800013791,8,3,24,1833,2,2,3,2,3,87085,M,,,87
200800013792,8,3,27,1658,1,2,1,2,2,87113,M,,,87
200800013793,8,3,27,1718,1,2,1,2,6,87085,M,,,87
200800013794,8,3,28,2149,1,2,1,1,6,87085,M,,,87
200800013795,8,3,29,1743,1,2,1,1,2,87085,M,,,87
200800013796,8,3,30,1724,1,1,1,3,6,87085,M,,,87
200800013797,8,3,30,1952,1,2,1,2,6,87065,M,,,87
200800013798,8,3,30,2312,3,1,1,1,6,87085,M,,,87
200800013799,8,3,2,1705,1,1,1,2,6,88160,M,4815664.0,646391.0,88
200800013800,8,3,4,1100,1,2,1,1,6,88160,M,4817870.0,644983.0,88
200800013801,8,3,17,1440,1,2,1,8,3,88160,M,4817630.0,648211.0,88
200800013802,8,3,27,1710,1,2,2,8,3,88209,M,4818817.0,641979.0,88
200800013803,8,3,18,2010,3,1,1,1,7,88209,M,4821360.0,642073.0,88
200800013804,8,3,29,2135,5,2,1,1,3,88383,M,,,88
200800013805,8,3,6,1745,1,2,1,1,6,88413,M,4829744.0,694600.0,88
200800013806,8,3,28,640,1,1,1,1,6,88413,M,4827586.0,694374.0,88
200800013807,8,3,12,755,1,2,1,1,6,89024,M,,,89
200800013808,8,3,26,1640,1,2,1,2,6,89024,M,,,89
200800013809,8,3,29,1535,1,1,3,1,3,89024,M,,,89
200800013810,8,3,7,1215,1,2,2,1,7,89387,M,,,89
200800013811,8,3,27,1530,1,2,1,1,6,89387,M,,,89
200800013812,8,3,1,1625,1,2,1,1,3,90010,M,,,90
200800013813,8,3,4,1404,1,2,9,2,7,90010,M,,,90
200800013814,8,3,5,953,1,2,3,1,6,90039,M,,,90
200800013815,8,3,5,1715,1,2,1,1,4,90010,M,,,90
200800013816,8,3,16,1810,1,2,1,2,6,90010,M,,,90
200800013817,8,3,17,2106,5,2,2,2,3,90010,M,,,90
200800013818,8,3,20,1312,1,2,1,1,6,90010,M,,,90
200800013819,8,3,20,1420,1,2,1,1,3,90008,M,,,90
200800013820,8,3,20,1651,1,2,1,8,6,90010,M,,,90
200800013821,8,3,22,1217,1,2,1,4,4,90010,M,,,90
200800013822,8,3,22,1700,1,2,2,1,7,90010,M,,,90
200800013823,8,3,30,155,3,1,1,1,7,90039,M,,,90
200800013824,8,3,30,350,5,2,3,1,3,90010,M,,,90
200800013825,8,3,30,530,5,2,1,1,6,90010,M,,,90
200800013826,8,3,1,1345,1,2,2,1,3,91425,M,,,91
200800013827,8,3,12,1558,1,1,1,1,1,91457,M,,,91
200800013828,8,3,14,820,1,2,2,1,3,91347,M,,,91
200800013829,8,3,19,1725,1,1,2,1,3,91457,M,,,91