Num_Acc,an,mois,jour,hrmn,lum,agg,int,atm,col,com,gps,lat,long,dep
200800013830,8,3,29,1248,1,2,2,1,3,91021,M,,,91
200800013831,8,3,29,1430,1,2,2,1,3,91103,M,,,91
200800013832,8,3,29,2110,5,1,9,1,6,91425,M,,,91
200800013833,8,3,9,2230,5,1,1,1,6,91479,M,,,91
200800013834,8,3,20,1820,2,1,1,1,6,91479,M,,,91
200800013835,8,3,3,810,1,2,1,1,2,91114,M,,,91
200800013836,8,3,8,1240,1,2,1,1,6,91215,M,,,91
200800013837,8,3,12,1010,1,2,2,2,3,91114,M,,,91
200800013838,8,3,13,1715,1,2,6,1,3,91114,M,,,91
200800013839,8,3,15,1835,5,2,2,2,3,91114,M,,,91
200800013840,8,3,20,1705,1,2,1,1,3,91514,M,,,91
200800013841,8,3,26,1500,1,2,1,1,2,91097,M,,,91
200800013842,8,3,29,1105,1,2,1,1,7,91514,M,,,91
200800013843,8,3,25,1840,2,2,1,1,2,91114,M,,,91
200800013844,8,3,29,645,5,2,1,1,2,91114,M,,,91
200800013845,8,3,11,1035,1,2,1,1,3,91657,M,,,91
200800013846,8,3,11,1505,1,2,2,1,3,91657,M,,,91
200800013847,8,3,13,2330,5,2,2,1,7,91201,M,,,91
200800013848,8,3,21,1745,1,2,1,1,6,91657,M,,,91
200800013849,8,3,15,950,1,2,6,1,1,91201,M,,,91
200800013850,8,3,15,1515,1,2,2,1,3,91657,M,,,91
200800013851,8,3,1,1320,1,1,2,1,3,91469,M,,,91
200800013852,8,3,12,1310,1,1,2,1,3,91433,M,,,91
200800013853,8,3,22,759,1,1,1,2,7,91223,M,,,91
200800013854,8,3,23,40,3,1,1,1,7,91223,M,,,91
200800013855,8,3,1,1715,1,2,6,1,2,91182,M,,,91
200800013856,8,3,2,1335,1,2,1,1,6,91521,M,,,91
200800013857,8,3,9,1545,1,2,1,1,6,91521,M,,,91
200800013858,8,3,10,1700,1,2,1,1,6,91228,M,,,91
200800013859,8,3,12,1240,1,2,1,2,2,91182,M,,,91
200800013860,8,3,17,820,1,2,1,2,6,91228,M,,,91
200800013861,8,3,18,1730,1,2,1,1,6,91228,M,,,91
200800013862,8,3,21,1940,5,2,2,1,6,91228,M,,,91
200800013863,8,3,15,1745,1,2,1,1,2,91161,M,,,91
200800013864,8,3,21,1610,1,2,1,1,3,91161,M,,,91
200800013865,8,3,3,2325,5,1,1,1,6,91421,M,,,91
200800013866,8,3,4,845,1,2,4,1,1,91691,M,,,91
200800013867,8,3,5,1545,1,2,1,1,1,91421,M,,,91
200800013868,8,3,7,830,1,2,1,1,2,91421,M,,,91
200800013869,8,3,10,2110,3,1,1,1,2,91421,M,,,91
200800013870,8,3,8,840,1,2,1,1,7,91421,M,,,91
200800013871,8,3,14,1830,1,2,1,1,5,91421,M,,,91
200800013872,8,3,15,1300,1,2,1,1,3,91191,M,,,91
200800013873,8,3,21,2015,5,2,1,1,4,91421,M,,,91
200800013874,8,3,29,1745,1,2,1,1,7,91421,M,,,91
200800013875,8,3,1,730,5,1,1,1,7,91692,M,,,91
200800013876,8,3,3,1040,1,1,3,1,3,91122,M,,,91
200800013877,8,3,7,1625,1,2,1,1,1,91692,M,,,91
200800013878,8,3,10,1215,1,1,3,1,3,91064,M,,,91
200800013879,8,3,12,1520,1,1,6,1,3,91477,M,,,91
200800013880,8,3,14,815,2,2,1,1,6,91477,M,,,91
200800013881,8,3,15,225,5,2,1,1,6,91645,M,,,91
200800013882,8,3,16,745,2,1,1,1,7,91692,M,,,91
200800013883,8,3,19,1810,1,2,1,1,6,91477,M,,,91
200800013884,8,3,20,1925,5,2,1,1,7,91477,M,,,91
200800013885,8,3,20,2005,5,2,6,1,3,91312,M,,,91
200800013886,8,3,25,1245,1,2,2,1,3,91645,M,,,91
200800013887,8,3,11,1650,1,2,1,6,1,91216,M,,,91
200800013888,8,3,21,115,5,2,1,2,6,91667,M,,,91
200800013889,8,3,21,1600,1,2,2,1,3,91216,M,,,91
200800013890,8,3,24,1230,1,2,3,2,3,91549,M,,,91
200800013891,8,3,3,1715,1,2,2,1,6,91589,M,,,91
200800013892,8,3,21,1650,1,2,4,1,7,91432,M,,,91
200800013893,8,3,29,1012,1,2,2,1,3,91589,M,,,91
200800013894,8,3,3,940,1,2,3,2,6,92002,M,,,92
200800013895,8,3,21,1315,1,2,3,2,3,92002,M,,,92
200800013896,8,3,25,900,1,2,6,1,3,92002,M,,,92
200800013897,8,3,25,1030,1,2,3,8,6,92002,M,,,92
200800013898,8,3,28,1945,5,2,3,2,3,92002,M,,,92
200800013899,8,3,29,2220,5,2,1,1,6,92002,M,,,92
200800013900,8,3,31,2000,2,2,1,1,6,92002,M,,,92
200800013901,8,3,4,1810,2,2,2,2,6,92009,M,,,92
200800013902,8,3,5,1920,5,2,3,1,6,92009,M,,,92
200800013903,8,3,8,1100,1,2,1,1,2,92004,M,,,92
200800013904,8,3,11,1015,1,2,1,1,6,92009,M,,,92
200800013905,8,3,11,2220,5,2,2,1,3,92004,M,,,92
200800013906,8,3,16,1430,1,2,2,1,3,92004,M,,,92
200800013907,8,3,18,1830,1,2,3,1,3,92004,M,,,92
200800013908,8,3,22,2315,5,2,2,2,3,92004,M,,,92
200800013909,8,3,25,925,1,2,2,1,6,92004,M,,,92
200800013910,8,3,27,925,1,2,2,2,6,92004,M,,,92
200800013911,8,3,27,2326,5,2,2,1,3,92004,M,,,92
200800013912,8,3,28,800,1,2,3,1,6,92004,M,,,92
200800013913,8,3,28,1400,1,2,1,1,7,92004,M,,,92
200800013914,8,3,30,1010,1,2,3,1,3,92009,M,,,92
200800013915,8,3,11,830,1,2,3,1,6,92007,M,,,92
200800013916,8,3,12,1315,1,2,1,1,4,92007,M,,,92
200800013917,8,3,4,2100,5,2,1,2,6,92019,M,,,92
200800013918,8,3,5,1730,1,2,1,1,2,92071,M,,,92
200800013919,8,3,9,1900,5,2,2,3,3,92019,M,,,92
200800013920,8,3,20,1800,1,2,1,2,3,92019,M,,,92
200800013921,8,3,26,1900,2,2,2,8,1,92032,M,,,92
200800013922,8,3,31,1815,1,2,3,1,2,92071,M,,,92
200800013923,8,3,11,905,1,2,6,1,3,92060,M,,,92
200800013924,8,3,11,1405,1,2,2,2,3,92023,M,,,92
200800013925,8,3,13,1155,1,2,3,1,1,92060,M,,,92
200800013926,8,3,27,1950,2,2,1,9,6,92023,M,,,92
200800013927,8,3,31,840,1,2,2,1,3,92060,M,,,92
200800013928,8,3,6,1750,1,2,2,2,3,92024,M,,,92
200800013929,8,3,7,915,1,2,3,1,1,92024,M,,,92
200800013930,8,3,3,1940,1,2,3,1,6,92024,M,,,92
200800013931,8,3,2,645,2,2,2,1,3,92024,M,,,92
200800013932,8,3,16,1330,1,2,1,1,6,92024,M,,,92
200800013933,8,3,2,1910,5,2,2,1,3,92025,M,,,92
200800013934,8,3,7,1920,5,2,2,2,3,92025,M,,,92
200800013935,8,3,12,2225,5,2,1,1,3,92025,M,,,92
200800013936,8,3,14,1650,1,2,1,1,6,92025,M,,,92
200800013937,8,3,14,1715,1,2,2,1,6,92025,M,,,92
200800013938,8,3,16,2005,5,2,3,2,6,92025,M,,,92
200800013939,8,3,27,1110,1,2,2,1,3,92025,M,,,92
200800013940,8,3,31,1745,1,2,1,2,2,92025,M,,,92
200800013941,8,3,28,1820,1,2,1,2,5,92025,M,,,92
200800013942,8,3,31,1820,1,2,1,1,6,92025,M,,,92
200800013943,8,3,3,2335,5,2,3,2,6,92026,M,,,92
200800013944,8,3,3,910,1,2,1,8,2,92026,M,,,92
200800013945,8,3,4,2000,4,2,3,1,6,92026,M,,,92
200800013946,8,3,10,2200,5,1,3,2,1,92026,M,,,92
200800013947,8,3,9,150,5,2,2,1,3,92026,M,,,92
200800013948,8,3,10,1215,1,2,2,2,6,92026,M,,,92
200800013949,8,3,12,745,1,2,2,1,3,92026,M,,,92
200800013950,8,3,13,1600,1,2,3,8,3,92026,M,,,92
200800013951,8,3,14,1530,1,2,1,1,2,92026,M,,,92
200800013952,8,3,18,1720,1,2,3,1,3,92026,M,,,92
200800013953,8,3,21,225,5,2,1,2,6,92026,M,,,92
200800013954,8,3,22,1915,5,2,3,2,3,92026,M,,,92
200800013955,8,3,27,1550,1,2,3,2,6,92026,M,,,92
200800013956,8,3,25,600,2,2,2,8,3,92026,M,,,92
200800013957,8,3,25,2140,5,2,1,1,3,92026,M,,,92
200800013958,8,3,28,1310,1,2,3,8,6,92026,M,,,92
200800013959,8,3,30,1450,1,2,6,2,3,92026,M,,,92
200800013960,8,3,31,850,1,2,3,1,3,92026,M,,,92
200800013961,8,3,11,800,1,2,1,2,6,92035,M,,,92
200800013962,8,3,17,850,1,2,6,1,6,92035,M,,,92
200800013963,8,3,3,1440,1,2,9,1,6,92036,M,,,92
200800013964,8,3,5,1615,1,2,9,1,6,92036,M,,,92
200800013965,8,3,15,2045,5,2,9,3,2,92036,M,,,92
200800013966,8,3,24,1125,1,2,6,1,6,92036,M,,,92
200800013967,8,3,1,1550,1,2,1,1,6,92040,M,,,92
200800013968,8,3,4,1915,5,2,3,2,7,92040,M,,,92
200800013969,8,3,7,1620,1,2,5,8,7,92040,M,,,92
200800013970,8,3,11,1240,1,2,1,2,2,92040,M,,,92
200800013971,8,3,12,1510,1,2,1,6,6,92040,M,,,92
200800013972,8,3,15,920,1,2,1,1,2,92040,M,,,92
200800013973,8,3,26,2115,5,2,1,1,6,92040,M,,,92
200800013974,8,3,27,1620,1,2,1,1,2,92040,M,,,92
200800013975,8,3,16,2115,5,2,2,2,3,92044,M,,,92
200800013976,8,3,17,1645,1,2,1,8,6,92044,M,,,92
200800013977,8,3,17,1646,1,2,1,1,2,92044,M,,,92
200800013978,8,3,17,2000,5,2,2,1,6,92044,M,,,92
200800013979,8,3,18,1515,1,2,2,1,6,92044,M,,,92
200800013980,8,3,8,220,5,2,3,1,3,92048,M,,,92
200800013981,8,3,12,1315,1,2,2,1,1,92048,M,,,92
200800013982,8,3,1,2200,5,2,1,1,2,92049,M,,,92
200800013983,8,3,2,120,5,2,1,2,3,92020,M,,,92
200800013984,8,3,10,945,1,2,1,6,7,92020,M,,,92
200800013985,8,3,11,1245,1,2,1,1,2,92020,M,,,92
200800013986,8,3,11,1730,1,2,1,1,2,92020,M,,,92
200800013987,8,3,13,1315,1,2,1,2,3,92020,M,,,92
200800013988,8,3,13,1535,1,2,1,1,3,92049,M,,,92
200800013989,8,3,30,1945,1,2,1,1,2,92049,M,,,92
200800013990,8,3,3,2220,5,2,2,3,3,92062,M,,,92
200800013991,8,3,12,1925,1,2,1,1,6,92062,M,,,92
200800013992,8,3,14,640,2,2,3,1,3,92062,M,,,92
200800013993,8,3,16,1320,1,2,3,1,6,92062,M,,,92
200800013994,8,3,18,900,1,2,1,1,4,92062,M,,,92
200800013995,8,3,20,1240,1,2,1,1,6,92062,M,,,92
200800013996,8,3,20,1920,1,2,1,1,3,92062,M,,,92
200800013997,8,3,31,1050,1,2,3,1,2,92062,M,,,92
200800013998,8,3,11,1750,1,2,1,1,2,92063,M,,,92
200800013999,8,3,13,800,1,2,1,1,4,92063,M,,,92
200800014000,8,3,17,1225,1,2,1,1,2,92063,M,,,92
200800014001,8,3,17,1340,1,2,1,1,3,92063,M,,,92
200800014002,8,3,18,745,1,2,3,1,6,92063,M,,,92
200800014003,8,3,5,1450,1,2,1,8,6,92064,M,,,92
200800014004,8,3,12,838,1,2,1,2,6,92064,M,,,92
200800014005,8,3,13,800,1,2,1,1,4,92064,M,,,92
200800014006,8,3,21,1135,1,2,1,2,4,92064,M,,,92
200800014007,8,3,26,1755,1,2,1,1,6,92076,M,,,92
200800014008,8,3,27,900,1,2,1,8,6,92064,M,,,92
200800014009,8,3,29,922,1,2,1,1,6,92064,M,,,92
200800014010,8,3,29,1700,1,2,1,1,3,92064,M,,,92
200800014011,8,3,6,835,1,2,1,1,5,92022,M,,,92
200800014012,8,3,4,1850,1,2,1,1,6,92022,M,,,92
200800014013,8,3,6,1430,1,2,1,1,3,92022,M,,,92
200800014014,8,3,11,910,1,2,4,1,3,92072,M,,,92
200800014015,8,3,8,1220,1,2,1,1,3,92077,M,,,92
200800014016,8,3,20,1455,1,2,1,1,6,92022,M,,,92
200800014017,8,3,28,2035,5,2,1,2,3,92072,M,,,92
200800014018,8,3,30,1925,2,2,1,2,2,92022,M,,,92
200800014019,8,3,7,805,1,2,1,1,4,92073,M,,,92
200800014020,8,3,25,830,1,2,3,1,6,92073,M,,,92
200800014021,8,3,26,1540,1,2,2,2,4,92073,M,,,92
200800014022,8,3,15,120,5,2,2,1,2,92046,M,,,92
200800014023,8,3,16,1830,2,2,2,1,6,92046,M,,,92
200800014024,8,3,18,940,1,2,1,1,3,92046,M,,,92
200800014025,8,3,19,1605,1,2,2,1,6,92075,M,,,92
200800014026,8,3,31,2220,5,2,1,1,6,92046,M,,,92
200800014027,8,3,31,1745,1,2,2,1,3,92046,M,,,92
200800014028,8,3,22,1850,2,2,1,1,1,92078,M,,,92
200800014029,8,3,14,1830,1,2,1,1,2,92078,M,,,92
200800014030,8,3,1,615,2,2,1,1,7,92062,M,,,92
200800014031,8,3,24,1100,1,2,2,1,3,92026,M,,,92
200800014032,8,3,1,1703,1,2,1,1,7,93001,M,,,93
200800014033,8,3,2,1115,1,2,1,1,6,93001,M,,,93
200800014034,8,3,2,2010,5,2,1,1,1,93001,M,,,93
200800014035,8,3,10,1140,1,2,1,3,6,93001,M,,,93
200800014036,8,3,12,1635,1,2,2,1,3,93001,M,,,93
200800014037,8,3,16,740,1,2,1,2,2,93001,M,,,93
200800014038,8,3,19,2300,5,2,2,1,3,93001,M,,,93
200800014039,8,3,23,1825,1,2,4,1,6,93001,M,,,93
200800014040,8,3,23,2045,5,2,1,3,3,93001,M,,,93
200800014041,8,3,27,1600,1,2,1,2,6,93001,M,,,93
200800014042,8,3,28,715,1,2,3,1,3,93001,M,,,93
200800014043,8,3,30,2100,5,2,2,2,3,93001,M,,,93
200800014044,8,3,31,1730,1,2,1,1,6,93001,M,,,93
200800014045,8,3,31,1900,1,2,1,1,6,93001,M,,,93
200800014046,8,3,2,1030,1,2,1,1,6,93007,M,,,93
200800014047,8,3,3,220,5,2,2,2,3,93007,M,,,93
200800014048,8,3,5,845,1,2,1,1,6,93007,M,,,93
200800014049,8,3,7,1900,5,2,1,2,6,93007,M,,,93
200800014050,8,3,10,1550,1,2,1,2,1,93007,M,,,93
200800014051,8,3,5,1345,1,2,8,1,1,93008,M,,,93
200800014052,8,3,8,1450,1,2,2,1,3,93008,M,,,93
200800014053,8,3,8,1550,1,2,1,1,4,93008,M,,,93
200800014054,8,3,13,1955,5,2,2,2,6,93008,M,,,93
200800014055,8,3,14,1650,1,2,1,1,6,93008,M,,,93
200800014056,8,3,18,1645,1,2,1,1,6,93008,M,,,93
200800014057,8,3,19,2340,5,2,2,1,3,93008,M,,,93
200800014058,8,3,28,1320,1,2,3,1,3,93008,M,,,93
200800014059,8,3,28,900,1,2,1,1,6,93010,M,,,93
200800014060,8,3,7,1740,1,2,1,2,3,93010,M,,,93
200800014061,8,3,13,735,1,2,4,1,3,93057,M,,,93
200800014062,8,3,16,1530,1,2,1,2,6,93010,M,,,93
200800014063,8,3,19,1055,1,2,3,1,3,93057,M,,,93
200800014064,8,3,26,2015,5,2,2,1,3,93057,M,,,93
200800014065,8,3,27,1650,1,2,2,2,1,93010,M,,,93
200800014066,8,3,29,1445,1,2,1,1,6,93057,M,,,93
200800014067,8,3,29,2155,5,2,1,1,6,93010,M,,,93
200800014068,8,3,31,915,1,2,1,1,3,93010,M,,,93
200800014069,8,3,8,105,5,2,1,1,7,93027,M,,,93
200800014070,8,3,14,1045,1,2,1,1,3,93027,M,,,93
200800014071,8,3,6,1245,1,2,1,1,6,93027,M,,,93
200800014072,8,3,9,1955,5,2,1,2,6,93027,M,,,93
200800014073,8,3,12,1125,1,2,9,2,3,93030,M,,,93
200800014074,8,3,20,1500,1,2,1,2,6,93030,M,,,93
200800014075,8,3,18,1755,1,2,1,1,2,93031,M,,,93
200800014076,8,3,20,615,2,2,1,1,7,93031,M,,,93
200800014077,8,3,25,855,1,2,2,1,3,93031,M,,,93
200800014078,8,3,30,810,2,2,3,1,2,93031,M,,,93
200800014079,8,3,5,1530,1,2,2,1,3,93047,M,,,93
200800014080,8,3,7,1825,2,2,1,2,6,93032,M,,,93
200800014081,8,3,7,2015,5,2,1,2,5,93032,M,,,93
200800014082,8,3,13,800,1,2,1,1,3,93032,M,,,93
200800014083,8,3,13,830,1,2,1,1,6,93032,M,,,93
200800014084,8,3,14,20,5,2,2,2,6,93047,M,,,93
200800014085,8,3,16,915,1,2,1,2,3,93032,M,,,93
200800014086,8,3,31,635,1,2,1,8,6,93047,M,,,93
200800014087,8,3,2,1540,1,2,2,1,6,93006,M,,,93
200800014088,8,3,9,135,5,2,2,1,6,93063,M,,,93
200800014089,8,3,11,1515,1,2,1,2,6,93006,M,,,93
200800014090,8,3,11,2310,5,2,1,1,1,93063,M,,,93
200800014091,8,3,14,915,1,2,1,1,3,93006,M,,,93
200800014092,8,3,1,2125,5,2,2,1,3,93046,M,,,93
200800014093,8,3,9,720,1,2,2,1,7,93046,M,,,93
200800014094,8,3,18,2010,5,2,6,1,7,93015,M,,,93
200800014095,8,3,19,815,1,2,1,1,6,93046,M,,,93
200800014096,8,3,23,2133,5,1,1,3,6,93046,M,,,93
200800014097,8,3,27,1725,1,2,1,1,2,93046,M,,,93
200800014098,8,3,29,2245,5,2,1,1,6,93015,M,,,93
200800014099,8,3,3,1720,1,2,1,1,5,93048,M,,,93
200800014100,8,3,12,1045,1,2,1,1,3,93048,M,,,93
200800014101,8,3,13,740,2,2,1,1,3,93048,M,,,93
200800014102,8,3,12,2005,2,2,1,1,5,93048,M,,,93
200800014103,8,3,14,800,1,2,2,1,3,93048,M,,,93
200800014104,8,3,18,805,1,2,1,1,6,93048,M,,,93
200800014105,8,3,18,1900,5,2,1,1,2,93048,M,,,93
200800014106,8,3,19,630,5,2,2,1,3,93048,M,,,93
200800014107,8,3,19,1925,5,2,1,1,6,93048,M,,,93
200800014108,8,3,23,1600,1,2,1,1,6,93048,M,,,93
200800014109,8,3,27,1745,1,2,1,2,2,93048,M,,,93
200800014110,8,3,30,1810,1,2,1,2,6,93048,M,,,93
200800014111,8,3,31,1320,1,2,1,1,6,93048,M,,,93
200800014112,8,3,9,1900,5,2,3,2,3,93049,M,,,93
200800014113,8,3,14,2330,5,2,1,1,6,93049,M,,,93
200800014114,8,3,22,2050,5,2,1,3,6,93050,M,,,93
200800014115,8,3,30,1800,1,2,1,8,6,93050,M,,,93
200800014116,8,3,8,1510,1,2,1,1,2,93051,M,,,93
200800014117,8,3,15,25,5,2,6,1,2,93051,M,,,93
200800014118,8,3,18,2220,5,2,5,1,3,93033,M,,,93
200800014119,8,3,26,2040,5,2,3,1,6,93051,M,,,93
200800014120,8,3,28,1750,1,2,1,3,6,93051,M,,,93
200800014121,8,3,7,1955,5,2,2,2,1,93053,M,,,93
200800014122,8,3,9,1940,5,2,1,3,6,93053,M,,,93
200800014123,8,3,28,1815,1,2,1,2,6,93053,M,,,93
200800014124,8,3,3,1640,1,2,1,1,3,93055,M,,,93
200800014125,8,3,5,2215,5,2,3,1,3,93055,M,,,93
200800014126,8,3,9,2015,5,2,1,2,1,93055,M,,,93
200800014127,8,3,17,2040,5,2,3,1,3,93055,M,,,93
200800014128,8,3,18,2015,5,2,1,2,6,93055,M,,,93
200800014129,8,3,20,1625,1,2,1,1,5,93055,M,,,93
200800014130,8,3,26,1145,1,2,1,1,3,93055,M,,,93
200800014131,8,3,27,1215,1,2,1,1,3,93055,M,,,93
200800014132,8,3,28,1215,1,2,1,2,6,93055,M,,,93
200800014133,8,3,31,1830,1,2,1,1,6,93055,M,,,93
200800014134,8,3,7,1700,1,2,1,2,6,93014,M,,,93
200800014135,8,3,13,2140,5,2,6,2,3,93062,M,,,93
200800014136,8,3,16,2350,5,2,3,1,3,93014,M,,,93
200800014137,8,3,20,2010,5,2,1,2,3,93062,M,,,93
200800014138,8,3,22,1455,1,2,1,2,6,93014,M,,,93
200800014139,8,3,27,740,1,2,3,3,6,93014,M,,,93
200800014140,8,3,31,1905,1,2,1,1,6,93062,M,,,93
200800014141,8,3,3,1115,1,2,3,1,1,93064,M,,,93
200800014142,8,3,7,640,5,2,2,1,3,93077,M,,,93
200800014143,8,3,16,1120,1,2,2,1,6,93064,M,,,93
200800014144,8,3,8,1850,2,2,1,1,6,93064,M,,,93
200800014145,8,3,30,1705,1,2,3,2,3,93064,M,,,93
200800014146,8,3,4,645,5,2,3,1,5,93066,M,,,93
200800014147,8,3,5,1025,1,2,1,1,7,93066,M,,,93
200800014148,8,3,6,2000,5,2,1,1,3,93066,M,,,93
200800014149,8,3,11,800,1,2,1,1,1,93066,M,,,93
200800014150,8,3,14,840,1,2,1,1,2,93039,M,,,93
200800014151,8,3,14,1215,1,2,1,1,2,93066,M,,,93
200800014152,8,3,15,1410,1,2,1,1,3,93066,M,,,93
200800014153,8,3,16,2200,3,2,1,2,3,93066,M,,,93
200800014154,8,3,17,810,1,2,1,1,6,93066,M,,,93
200800014155,8,3,19,700,2,2,3,1,3,93066,M,,,93
200800014156,8,3,21,1450,1,2,1,2,7,93066,M,,,93
200800014157,8,3,23,1510,1,2,1,1,6,93066,M,,,93
200800014158,8,3,26,1100,1,2,5,1,3,93066,M,,,93
200800014159,8,3,12,810,1,2,1,8,4,93066,M,,,93
200800014160,8,3,17,1200,1,2,1,1,7,93066,M,,,93
200800014161,8,3,26,1850,1,2,1,2,6,93066,M,,,93
200800014162,8,3,2,30,5,2,3,1,7,93071,M,,,93
200800014163,8,3,3,625,5,2,2,2,3,93071,M,,,93
200800014164,8,3,4,1000,1,2,1,2,3,93071,M,,,93
200800014165,8,3,5,1410,1,2,1,1,6,93071,M,,,93
200800014166,8,3,12,1110,1,2,3,1,1,93071,M,,,93
200800014167,8,3,6,2040,5,2,2,1,1,93073,M,,,93
200800014168,8,3,10,1045,1,2,1,6,6,93073,M,,,93
200800014169,8,3,10,1650,1,2,1,2,2,93073,M,,,93
200800014170,8,3,12,2000,5,2,2,1,1,93078,M,,,93
200800014171,8,3,13,815,1,2,2,1,2,93078,M,,,93
200800014172,8,3,18,1210,1,2,1,1,7,93073,M,,,93
200800014173,8,3,20,1340,1,2,2,1,3,93078,M,,,93
200800014174,8,3,21,810,1,2,6,3,6,93078,M,,,93
200800014175,8,3,21,1645,1,2,3,1,2,93078,M,,,93
200800014176,8,3,26,1920,5,2,1,2,6,93073,M,,,93
200800014177,8,3,27,1315,1,2,3,1,2,93078,M,,,93
200800014178,8,3,29,1000,1,2,3,1,3,93073,M,,,93
200800014179,8,3,8,1535,1,2,1,1,1,94002,M,,,94
200800014180,8,3,17,925,1,2,3,1,3,94002,M,,,94
200800014181,8,3,24,1015,1,2,3,1,3,94002,M,,,94
200800014182,8,3,30,2105,5,1,3,1,3,94002,M,,,94
200800014183,8,3,12,1440,1,2,1,1,2,94004,M,,,94
200800014184,8,3,13,720,1,2,6,8,3,94071,M,,,94
200800014185,8,3,13,1315,1,2,1,8,6,94044,M,,,94
200800014186,8,3,21,835,2,2,1,3,3,94044,M,,,94
200800014187,8,3,30,1815,1,1,1,8,6,94071,M,,,94
200800014188,8,3,3,1915,5,2,9,1,6,94004,M,,,94
200800014189,8,3,6,1200,1,2,1,1,6,94017,M,,,94
200800014190,8,3,6,2050,3,2,4,8,6,94017,M,,,94
200800014191,8,3,13,2140,3,2,3,2,3,94017,M,,,94
200800014192,8,3,20,830,1,2,2,1,6,94017,M,,,94
200800014193,8,3,22,2050,5,2,1,1,6,94017,M,,,94
200800014194,8,3,25,850,1,2,2,1,6,94017,M,,,94
200800014195,8,3,25,2125,5,2,2,1,3,94017,M,,,94
200800014196,8,3,29,10,4,2,2,1,3,94017,M,,,94
200800014197,8,3,31,830,1,2,1,1,6,94017,M,,,94
200800014198,8,3,5,655,5,2,3,1,3,94018,M,,,94
200800014199,8,3,17,1510,1,2,1,1,6,94018,M,,,94
200800014200,8,3,15,1430,1,2,1,1,6,94018,M,,,94
200800014201,8,3,28,905,1,2,9,2,3,94018,M,,,94
200800014202,8,3,30,910,1,2,1,1,6,94069,M,,,94
200800014203,8,3,6,650,5,2,1,1,7,94079,M,,,94
200800014204,8,3,6,1750,1,2,1,1,6,94019,M,,,94
200800014205,8,3,16,2105,5,2,1,2,3,94059,M,,,94
200800014206,8,3,30,1050,1,2,1,1,6,94060,M,,,94
200800014207,8,3,26,1900,2,2,2,1,3,94022,M,,,94
200800014208,8,3,5,950,1,2,1,1,2,94022,M,,,94
200800014209,8,3,7,1045,1,2,9,1,3,94054,M,,,94
200800014210,8,3,10,830,1,2,2,2,2,94054,M,,,94
200800014211,8,3,17,1015,1,2,3,1,6,94022,M,,,94
200800014212,8,3,20,1956,5,2,1,1,6,94022,M,,,94
200800014213,8,3,24,1735,1,2,6,2,6,94054,M,,,94
200800014214,8,3,28,1515,1,2,2,2,3,94022,M,,,94
200800014215,8,3,3,830,1,2,1,1,1,94011,M,,,94
200800014216,8,3,1,440,5,2,1,1,6,94028,M,,,94
200800014217,8,3,4,1030,1,2,1,1,2,94011,M,,,94
200800014218,8,3,5,955,2,2,1,1,2,94011,M,,,94
200800014219,8,3,5,1730,1,2,1,1,3,94028,M,,,94
200800014220,8,3,6,850,1,2,1,1,2,94028,M,,,94
200800014221,8,3,12,2006,5,2,1,1,7,94011,M,,,94
200800014222,8,3,13,2055,5,2,1,2,3,94028,M,,,94
200800014223,8,3,15,1650,1,2,1,1,2,94028,M,,,94
200800014224,8,3,15,1720,2,2,1,1,2,94028,M,,,94
200800014225,8,3,18,2020,5,2,1,1,3,94028,M,,,94
200800014226,8,3,20,1610,1,2,1,1,7,94028,M,,,94
200800014227,8,3,27,1250,1,2,1,1,2,94028,M,,,94
200800014228,8,3,29,1950,1,2,1,1,6,94028,M,,,94
200800014229,8,3,29,2200,5,2,1,1,6,94028,M,,,94
200800014230,8,3,29,2240,5,2,1,1,6,94028,M,,,94
200800014231,8,3,31,1957,1,2,1,1,6,94028,M,,,94
200800014232,8,3,5,1840,1,2,1,1,3,94033,M,,,94
200800014233,8,3,11,2045,5,2,1,1,3,94033,M,,,94
200800014234,8,3,16,400,5,2,1,1,1,94033,M,,,94
200800014235,8,3,29,1250,1,2,1,1,6,94033,M,,,94
200800014236,8,3,4,1920,5,2,1,1,3,94016,M,,,94
200800014237,8,3,5,245,5,2,1,1,6,94003,M,,,94
200800014238,8,3,5,930,1,2,2,1,3,94003,M,,,94
200800014239,8,3,6,1635,1,2,1,2,6,94076,M,,,94
200800014240,8,3,12,945,1,2,1,8,3,94003,M,,,94
200800014241,8,3,12,930,1,2,1,1,3,94076,M,,,94
200800014242,8,3,12,1720,1,2,1,1,3,94003,M,,,94
200800014243,8,3,14,1010,1,2,1,1,3,94003,M,,,94
200800014244,8,3,13,1655,1,2,1,2,3,94016,M,,,94
200800014245,8,3,17,800,1,2,3,1,3,94016,M,,,94
200800014246,8,3,17,1625,1,2,2,1,2,94043,M,,,94
200800014247,8,3,18,810,1,2,2,1,3,94003,M,,,94
200800014248,8,3,19,1115,1,2,1,1,7,94076,M,,,94
200800014249,8,3,19,1845,2,2,1,8,2,94076,M,,,94
200800014250,8,3,21,830,1,2,1,3,6,94003,M,,,94
200800014251,8,3,28,1325,1,2,9,8,3,94003,M,,,94
200800014252,8,3,29,2050,5,2,1,1,6,94003,M,,,94
200800014253,8,3,29,2105,5,2,1,1,6,94076,M,,,94
200800014254,8,3,1,1545,1,1,6,1,3,94065,M,,,94
200800014255,8,3,3,2000,5,2,1,1,6,94034,M,,,94
200800014256,8,3,7,1800,2,2,1,2,3,94073,M,,,94
200800014257,8,3,10,1820,2,2,2,2,3,94073,M,,,94
200800014258,8,3,11,1630,1,2,3,8,3,94034,M,,,94
200800014259,8,3,12,815,1,2,1,2,6,94021,M,,,94