Num_Acc,an,mois,jour,hrmn,lum,agg,int,atm,col,com,gps,lat,long,dep
200800014260,8,3,12,1350,1,2,1,1,2,94038,M,,,94
200800014261,8,3,12,1725,1,2,1,1,6,94073,M,,,94
200800014262,8,3,13,1114,1,2,2,1,3,94065,M,,,94
200800014263,8,3,15,1550,1,2,1,1,6,94073,M,,,94
200800014264,8,3,15,1805,1,2,3,8,3,94073,M,,,94
200800014265,8,3,18,800,2,2,1,1,7,94073,M,,,94
200800014266,8,3,20,2005,5,2,3,1,3,94073,M,,,94
200800014267,8,3,21,1200,1,2,1,2,3,94073,M,,,94
200800014268,8,3,21,1250,1,2,2,2,5,94073,M,,,94
200800014269,8,3,22,1510,1,2,1,2,3,94073,M,,,94
200800014270,8,3,26,730,1,2,3,1,3,94073,M,,,94
200800014271,8,3,29,150,5,1,1,1,6,94073,M,,,94
200800014272,8,3,31,715,2,1,1,1,7,94073,M,,,94
200800014273,8,3,28,1520,1,1,1,8,3,94073,M,,,94
200800014274,8,3,28,1100,1,1,3,1,2,94065,M,,,94
200800014275,8,3,18,1550,1,2,1,1,3,94041,M,,,94
200800014276,8,3,11,1700,1,2,1,2,2,94041,M,,,94
200800014277,8,3,17,850,1,2,2,1,3,94041,M,,,94
200800014278,8,3,22,2200,5,2,2,2,2,94041,M,,,94
200800014279,8,3,28,1702,1,2,1,2,3,94041,M,,,94
200800014280,8,3,3,1705,1,2,2,1,3,94046,M,,,94
200800014281,8,3,12,1945,5,2,1,1,3,94046,M,,,94
200800014282,8,3,13,1430,1,2,1,2,3,94046,M,,,94
200800014283,8,3,14,1,5,2,2,1,3,94046,M,,,94
200800014284,8,3,17,1710,1,2,2,1,3,94046,M,,,94
200800014285,8,3,23,40,5,2,1,1,2,94046,M,,,94
200800014286,8,3,25,1610,1,2,1,1,3,94046,M,,,94
200800014287,8,3,26,950,1,2,2,1,3,94058,M,,,94
200800014288,8,3,14,1805,1,2,1,1,6,94052,M,,,94
200800014289,8,3,14,1735,1,2,1,1,6,94052,M,,,94
200800014290,8,3,18,1640,1,2,1,1,3,94058,M,,,94
200800014291,8,3,31,1415,1,2,1,1,6,94058,M,,,94
200800014292,8,3,17,1215,1,2,1,1,6,94058,M,,,94
200800014293,8,3,28,1630,1,1,2,1,2,94054,M,,,94
200800014294,8,3,2,1425,1,2,1,1,6,94068,M,,,94
200800014295,8,3,2,1010,1,2,2,1,3,94068,M,,,94
200800014296,8,3,6,1355,1,2,2,2,6,94068,M,,,94
200800014297,8,3,13,910,1,2,2,1,6,94068,M,,,94
200800014298,8,3,15,2130,2,2,2,3,1,94068,M,,,94
200800014299,8,3,17,900,1,2,1,1,2,94068,M,,,94
200800014300,8,3,20,200,5,2,2,1,3,94068,M,,,94
200800014301,8,3,19,635,2,2,1,1,3,94068,M,,,94
200800014302,8,3,22,1405,1,2,9,1,3,94068,M,,,94
200800014303,8,3,26,1340,1,2,1,1,6,94068,M,,,94
200800014304,8,3,26,1830,1,2,2,1,3,94068,M,,,94
200800014305,8,3,17,1320,1,2,1,1,2,94068,M,,,94
200800014306,8,3,30,920,1,2,1,1,6,94068,M,,,94
200800014307,8,3,28,1525,1,2,2,8,3,94068,M,,,94
200800014308,8,3,3,1140,1,2,1,1,6,94068,M,,,94
200800014309,8,3,3,1545,1,2,1,1,3,94074,M,,,94
200800014310,8,3,13,730,1,2,1,1,2,94001,M,,,94
200800014311,8,3,12,2135,5,2,7,1,3,94078,M,,,94
200800014312,8,3,15,1830,2,2,1,1,6,94078,M,,,94
200800014313,8,3,17,1750,2,2,1,2,6,94077,M,,,94
200800014314,8,3,18,815,1,2,2,7,6,94077,M,,,94
200800014315,8,3,19,1400,1,2,2,1,3,94078,M,,,94
200800014316,8,3,7,2045,5,2,1,2,3,94078,M,,,94
200800014317,8,3,21,1650,1,2,1,1,2,94078,M,,,94
200800014318,8,3,24,1855,2,2,1,1,6,94078,M,,,94
200800014319,8,3,23,820,1,2,1,1,6,94078,M,,,94
200800014320,8,3,25,1650,1,2,1,1,7,94078,M,,,94
200800014321,8,3,25,835,1,2,3,1,6,94078,M,,,94
200800014322,8,3,26,830,1,2,1,1,2,94078,M,,,94
200800014323,8,3,27,2000,5,2,1,1,6,94078,M,,,94
200800014324,8,3,3,940,1,2,3,2,3,94080,M,,,94
200800014325,8,3,7,750,1,2,1,1,6,94080,M,,,94
200800014326,8,3,7,944,1,2,4,1,6,94067,M,,,94
200800014327,8,3,7,1520,1,2,1,1,6,94067,M,,,94
200800014328,8,3,22,2115,2,2,2,2,3,94080,M,,,94
200800014329,8,3,3,1555,1,2,2,1,3,94081,M,,,94
200800014330,8,3,5,800,1,2,1,1,6,94081,M,,,94
200800014331,8,3,9,1010,1,2,1,2,3,94081,M,,,94
200800014332,8,3,11,1410,1,2,1,2,2,94081,M,,,94
200800014333,8,3,13,1740,1,2,1,2,6,94081,M,,,94
200800014334,8,3,14,1740,1,2,1,1,6,94081,M,,,94
200800014335,8,3,15,2240,4,2,9,2,2,94081,M,,,94
200800014336,8,3,21,2050,5,2,2,1,3,94081,M,,,94
200800014337,8,3,27,1840,1,2,1,1,6,94081,M,,,94
200800014338,8,3,30,1630,1,2,1,2,6,94081,M,,,94
200800014339,8,3,2,2045,5,2,2,1,1,95018,M,,,95
200800014340,8,3,9,1150,1,2,6,2,6,95582,M,,,95
200800014341,8,3,13,930,1,2,1,8,6,95018,M,,,95
200800014342,8,3,15,350,5,2,1,1,7,95018,M,,,95
200800014343,8,3,16,835,1,2,2,2,3,95018,M,,,95
200800014344,8,3,7,1420,1,2,3,1,6,95018,M,,,95
200800014345,8,3,12,1930,5,2,2,1,3,95018,M,,,95
200800014346,8,3,17,1525,1,2,2,1,3,95018,M,,,95
200800014347,8,3,21,2125,5,2,2,1,3,95176,M,,,95
200800014348,8,3,21,1045,1,2,1,2,3,95018,M,,,95
200800014349,8,3,26,1755,1,2,3,1,6,95018,M,,,95
200800014350,8,3,29,1730,1,1,1,2,3,95176,M,,,95
200800014351,8,3,27,1820,1,2,2,1,7,95018,M,,,95
200800014352,8,3,31,1640,1,2,1,1,6,95018,M,,,95
200800014353,8,3,31,1755,1,2,5,7,3,95582,M,,,95
200800014354,8,3,18,830,1,1,1,1,7,95063,M,,,95
200800014355,8,3,5,1725,1,2,1,1,7,95500,M,,,95
200800014356,8,3,19,1450,1,2,1,1,3,95500,M,,,95
200800014357,8,3,29,1625,1,2,3,1,3,95572,M,,,95
200800014358,8,3,27,600,5,2,1,3,3,95476,M,,,95
200800014359,8,3,23,2000,5,2,2,2,3,95197,M,,,95
200800014360,8,3,29,1145,1,2,2,1,3,95555,M,,,95
200800014361,8,3,6,1320,1,2,2,1,3,95574,M,,,95
200800014362,8,3,12,1630,1,2,1,1,1,95252,M,,,95
200800014363,8,3,14,1750,1,2,1,1,6,95252,M,,,95
200800014364,8,3,17,1835,1,2,3,1,3,95203,M,,,95
200800014365,8,3,18,950,1,2,1,1,1,95252,M,,,95
200800014366,8,3,19,1330,1,2,3,1,3,95203,M,,,95
200800014367,8,3,23,1610,1,2,1,8,6,95252,M,,,95
200800014368,8,3,25,1550,1,2,1,1,6,95252,M,,,95
200800014369,8,3,26,1615,1,2,6,1,3,95491,M,,,95
200800014370,8,3,28,815,1,2,6,1,3,95203,M,,,95
200800014371,8,3,28,1220,1,2,1,1,2,95203,M,,,95
200800014372,8,3,21,1730,1,2,1,1,6,95268,M,,,95
200800014373,8,3,11,927,1,2,1,8,6,95280,M,,,95
200800014374,8,3,18,825,1,2,3,1,6,95277,M,,,95
200800014375,8,3,23,2129,3,2,1,2,6,95277,M,,,95
200800014376,8,3,1,1500,1,2,3,1,5,95424,M,,,95
200800014377,8,3,5,1755,1,1,1,2,7,95306,M,,,95
200800014378,8,3,7,1950,2,2,6,1,7,95306,M,,,95
200800014379,8,3,13,1810,1,2,1,1,3,95424,M,,,95
200800014380,8,3,20,900,1,2,1,1,2,95306,M,,,95
200800014381,8,3,23,2055,5,2,1,2,6,95257,M,,,95
200800014382,8,3,30,1800,1,2,1,1,2,95424,M,,,95
200800014383,8,3,2,1650,1,2,1,1,6,95487,M,,,95
200800014384,8,3,3,1405,1,1,1,1,6,95313,M,,,95
200800014385,8,3,3,1730,1,2,1,1,6,95487,M,,,95
200800014386,8,3,8,2045,3,2,1,1,6,95052,M,,,95
200800014387,8,3,21,2215,5,2,1,1,6,95487,M,,,95
200800014388,8,3,25,845,1,2,3,1,3,95052,M,,,95
200800014389,8,3,19,1418,1,1,2,1,3,95539,M,,,95
200800014390,8,3,19,1720,1,1,1,3,1,95539,M,,,95
200800014391,8,3,22,1930,1,2,1,3,7,95680,M,,,95
200800014392,8,3,10,1130,1,2,2,1,3,95051,M,,,95
200800014393,8,3,12,805,1,2,1,3,6,95607,M,,,95
200800014394,8,3,21,810,1,2,1,3,6,95607,M,,,95
200800014395,8,3,21,1500,1,2,1,2,6,95051,M,,,95
200800014396,8,3,24,1310,1,2,2,2,1,95607,M,,,95
200800014397,8,3,27,1230,1,2,2,2,5,95060,M,,,95
200800014398,8,3,2,1243,1,2,1,1,1,20004,M,,,201
200800014399,8,3,5,1550,1,2,1,1,6,20004,M,,,201
200800014400,8,3,7,1355,1,2,1,1,6,20004,M,,,201
200800014401,8,3,10,1635,1,2,1,2,6,20004,M,,,201
200800014402,8,3,14,1605,1,2,1,1,3,20004,M,,,201
200800014403,8,3,15,1900,5,2,1,1,3,20004,M,,,201
200800014404,8,3,19,1250,1,2,1,1,2,20004,M,,,201
200800014405,8,3,28,1605,1,2,1,1,6,20004,M,,,201
200800014406,8,3,23,1225,1,2,1,1,3,20004,M,,,201
200800014407,8,3,23,2355,5,2,3,1,3,20004,M,,,201
200800014408,8,3,28,1745,1,2,1,1,3,20004,M,,,201
200800014409,8,3,30,1920,2,2,4,1,3,20004,M,,,201
200800014410,8,3,31,2030,5,2,1,1,3,20004,M,,,201
200800014411,8,3,31,2025,5,2,1,8,1,20004,M,,,201
200800014412,8,3,18,1525,1,2,1,1,6,69381,M,,,69
200800014413,8,3,31,1635,1,2,1,8,6,69381,M,,,69
200800014414,8,3,1,1730,5,1,1,1,2,94017,M,,,94
200800014415,8,3,4,1530,1,1,1,1,3,94065,M,,,94
200800014416,8,3,5,545,3,1,1,1,5,94042,M,,,94
200800014417,8,3,5,1830,2,1,1,8,6,77449,M,,,77
200800014418,8,3,6,1720,1,1,1,1,3,94028,M,,,94
200800014419,8,3,7,1810,1,1,1,1,4,94022,M,,,94
200800014420,8,3,9,1400,1,1,1,2,6,77337,M,,,77
200800014421,8,3,10,900,1,1,1,2,2,94069,M,,,94
200800014422,8,3,11,1715,1,1,1,2,3,93051,M,,,93
200800014423,8,3,11,1720,1,1,1,2,6,94028,M,,,94
200800014424,8,3,12,930,1,1,1,2,7,94018,M,,,94
200800014425,8,3,12,1055,1,1,1,1,2,77146,M,,,77
200800014426,8,3,12,1600,1,1,1,1,6,94017,M,,,94
200800014427,8,3,12,1935,3,1,1,1,3,94015,M,,,94
200800014428,8,3,13,2245,3,1,1,2,3,77468,M,,,77
200800014429,8,3,14,810,1,1,1,1,3,94017,M,,,94
200800014430,8,3,18,820,1,1,1,1,5,94073,M,,,94
200800014431,8,3,14,1820,1,1,1,1,6,94017,M,,,94
200800014432,8,3,14,2030,5,1,1,8,4,94017,M,,,94
200800014433,8,3,15,30,3,1,1,1,5,77169,M,,,77
200800014434,8,3,16,935,1,1,1,2,6,94073,M,,,94
200800014435,8,3,16,2130,3,1,1,2,7,77122,M,,,77
200800014436,8,3,17,1830,2,1,1,1,5,94065,M,,,94
200800014437,8,3,17,540,3,1,1,1,2,77294,M,,,77
200800014438,8,3,18,850,1,1,1,1,4,77121,M,,,77
200800014439,8,3,19,1640,1,1,1,1,2,93051,M,,,93
200800014440,8,3,20,700,2,1,1,1,3,77053,M,,,77
200800014441,8,3,20,1610,1,1,1,1,2,77258,M,,,77
200800014442,8,3,20,2000,5,1,1,1,2,94018,M,,,94
200800014443,8,3,22,45,5,1,1,8,7,94017,M,,,94
200800014444,8,3,22,715,2,1,1,1,6,94073,M,,,94
200800014445,8,3,23,110,5,1,1,2,6,77169,M,,,77
200800014446,8,3,24,1730,1,1,1,1,7,94073,M,,,94
200800014447,8,3,24,2200,3,1,1,2,7,77450,M,,,77
200800014448,8,3,25,930,1,1,1,1,7,94069,M,,,94
200800014449,8,3,26,600,5,1,1,1,6,94052,M,,,94
200800014450,8,3,26,1125,1,1,1,1,6,77495,M,,,77
200800014451,8,3,28,915,1,1,1,1,5,94073,M,,,94
200800014452,8,3,28,2325,3,1,1,1,2,77058,M,,,77
200800014453,8,3,30,545,3,1,1,1,7,77249,M,,,77
200800014454,8,3,30,1530,1,1,1,2,6,77468,M,,,77
200800014455,8,3,30,1900,1,1,1,2,6,94018,M,,,94
200800014456,8,3,31,530,3,1,1,1,6,77373,M,,,77
200800014457,8,3,2,2315,5,1,1,2,2,93027,M,,,93
200800014458,8,3,3,1730,1,1,1,1,2,93078,M,,,93
200800014459,8,3,4,705,2,1,1,1,5,93027,M,,,93
200800014460,8,3,4,1105,1,1,1,2,2,93032,M,,,93
200800014461,8,3,4,1545,1,1,1,1,2,95527,M,,,95
200800014462,8,3,6,1230,1,1,1,2,6,93032,M,,,93
200800014463,8,3,7,2245,4,1,1,1,6,93066,M,,,93
200800014464,8,3,9,1445,1,1,1,2,5,92036,M,,,92
200800014465,8,3,9,1610,1,1,1,2,7,93027,M,,,93
200800014466,8,3,9,1910,5,1,1,2,2,93066,M,,,93
200800014467,8,3,9,2230,5,1,1,1,7,93027,M,,,93
200800014468,8,3,9,2320,3,1,1,2,7,92036,M,,,92
200800014469,8,3,10,1415,1,1,1,1,7,93027,M,,,93
200800014470,8,3,11,1205,1,1,1,8,7,93078,M,,,93
200800014471,8,3,11,1800,1,1,1,2,6,93053,M,,,93
200800014472,8,3,15,1425,1,1,1,1,6,93032,M,,,93
200800014473,8,3,15,2315,5,1,1,2,3,93078,M,,,93
200800014474,8,3,16,130,3,1,1,3,6,95018,M,,,95
200800014475,8,3,16,1110,1,1,1,2,7,93027,M,,,93
200800014476,8,3,18,845,1,1,1,1,6,93078,M,,,93
200800014477,8,3,20,400,3,1,1,8,7,92036,M,,,92
200800014478,8,3,21,1615,1,1,1,1,6,95491,M,,,95
200800014479,8,3,25,1235,1,1,1,2,5,95582,M,,,95
200800014480,8,3,22,710,1,1,1,8,2,95252,M,,,95
200800014481,8,3,22,520,4,1,1,3,5,93027,M,,,93
200800014482,8,3,23,615,1,1,1,1,3,95488,M,,,95
200800014483,8,3,24,750,2,1,1,1,7,93078,M,,,93
200800014484,8,3,29,1545,1,1,1,1,6,95306,M,,,95
200800014485,8,3,30,525,3,1,1,1,5,95252,M,,,95
200800014486,8,3,1,430,5,1,1,2,4,78362,M,,,78
200800014487,8,3,3,1900,5,1,1,1,7,92063,M,,,92
200800014488,8,3,13,1855,3,1,1,2,2,92036,M,,,92
200800014489,8,3,15,1915,5,1,1,2,4,92047,M,,,92
200800014490,8,3,18,1730,1,1,1,1,6,78466,M,,,78
200800014491,8,3,20,1000,1,1,1,1,2,78158,M,,,78
200800014492,8,3,21,1835,1,1,1,1,4,78029,M,,,78
200800014493,8,3,26,1240,1,1,1,1,7,92072,M,,,92
200800014494,8,3,28,2030,3,1,1,1,6,92036,M,,,92
200800014495,8,3,27,1110,1,1,1,1,2,75116,M,,,75
200800014496,8,3,1,2,5,1,1,2,2,94003,M,,,94
200800014497,8,3,1,1227,1,1,1,6,3,77251,M,,,77
200800014498,8,3,2,1735,1,1,1,1,6,91589,M,,,91
200800014499,8,3,4,2105,5,1,9,1,5,91161,M,,,91
200800014500,8,3,5,157,5,1,1,1,2,91377,M,,,91
200800014501,8,3,5,630,2,1,1,1,6,91689,M,,,91
200800014502,8,3,5,1546,1,1,1,1,6,94037,M,,,94
200800014503,8,3,7,2145,3,1,1,2,3,91659,M,,,91
200800014504,8,3,8,945,2,1,1,1,2,91161,M,,,91
200800014505,8,3,9,1415,1,1,1,1,4,91521,M,,,91
200800014506,8,3,10,920,1,1,1,2,3,92019,M,,,92
200800014507,8,3,10,2000,3,1,1,8,3,91377,M,,,91
200800014508,8,3,11,2150,3,1,1,1,3,91377,M,,,91
200800014509,8,3,11,740,1,1,1,1,2,94034,M,,,94
200800014510,8,3,11,1505,1,1,1,3,7,91377,M,,,91
200800014511,8,3,11,1834,3,1,1,3,3,91471,M,,,91
200800014512,8,3,12,1817,2,1,1,1,7,91064,M,,,91
200800014513,8,3,13,812,1,1,1,1,3,91534,M,,,91
200800014514,8,3,13,828,1,1,1,1,4,92002,M,,,92
200800014515,8,3,13,1615,1,1,1,2,6,94065,M,,,94
200800014516,8,3,14,2035,3,1,1,1,2,91589,M,,,91
200800014517,8,3,14,2100,3,1,1,1,6,91363,M,,,91
200800014518,8,3,14,2330,4,1,9,1,6,91161,M,,,91
200800014519,8,3,15,1248,1,1,1,1,1,91477,M,,,91
200800014520,8,3,15,2356,3,1,1,2,2,91174,M,,,91
200800014521,8,3,16,227,5,1,1,2,4,94034,M,,,94
200800014522,8,3,16,1500,1,1,1,8,6,91064,M,,,91
200800014523,8,3,16,1500,1,1,1,8,2,91345,M,,,91
200800014524,8,3,16,2313,3,1,1,2,3,91136,M,,,91
200800014525,8,3,17,920,1,1,1,1,5,91589,M,,,91
200800014526,8,3,18,749,1,1,1,1,7,77251,M,,,77
200800014527,8,3,18,810,1,1,1,1,4,91161,M,,,91
200800014528,8,3,19,1339,1,1,1,1,2,94065,M,,,94
200800014529,8,3,20,851,1,1,1,1,2,92002,M,,,92
200800014530,8,3,20,1435,1,1,1,1,3,92002,M,,,92
200800014531,8,3,23,411,3,1,1,1,7,91340,M,,,91
200800014532,8,3,23,600,5,1,1,2,7,94038,M,,,94
200800014533,8,3,23,2315,3,1,1,8,2,91064,M,,,91
200800014534,8,3,24,41,3,1,1,3,6,91471,M,,,91
200800014535,8,3,24,145,5,1,1,1,3,92019,M,,,92
200800014536,8,3,25,120,3,1,1,1,6,91377,M,,,91
200800014537,8,3,25,831,1,1,1,1,3,91363,M,,,91
200800014538,8,3,25,941,1,1,1,1,4,91661,M,,,91
200800014539,8,3,25,1030,1,1,1,8,2,91689,M,,,91
200800014540,8,3,26,1300,1,1,1,1,1,91235,M,,,91
200800014541,8,3,27,1230,1,1,1,8,5,91086,M,,,91
200800014542,8,3,28,1450,1,1,1,1,6,94037,M,,,94
200800014543,8,3,28,1835,2,1,1,2,2,91064,M,,,91
200800014544,8,3,28,335,3,1,1,8,3,91689,M,,,91
200800014545,8,3,29,950,1,1,1,1,6,77296,M,,,77
200800014546,8,3,29,1305,1,1,1,1,6,91174,M,,,91
200800014547,8,3,29,1328,1,1,1,1,3,91174,M,,,91
200800014548,8,3,30,755,1,1,1,1,3,91228,M,,,91
200800014549,8,3,30,1417,1,1,1,3,7,91659,M,,,91
200800014550,8,3,30,1424,1,1,1,3,7,91363,M,,,91
200800014551,8,3,30,1749,1,1,1,8,7,91064,M,,,91
200800014552,8,3,30,1813,1,1,1,2,7,91064,M,,,91
200800014553,8,3,30,2055,3,1,1,2,6,91286,M,,,91
200800014554,8,3,30,2130,3,1,1,2,6,91286,M,,,91
200800014555,8,3,31,1821,1,1,1,1,2,94076,M,,,94
200800014556,8,3,3,1202,1,2,1,1,2,20033,M,,,202
200800014557,8,3,3,1725,1,2,1,1,6,20033,M,,,202
200800014558,8,3,6,1427,1,1,1,3,7,20033,M,,,202
200800014559,8,3,6,1933,5,2,1,3,6,20033,M,,,202
200800014560,8,3,8,1557,1,1,1,1,7,20033,M,,,202
200800014561,8,3,10,1530,1,2,6,1,6,20037,M,,,202
200800014562,8,3,12,1710,1,2,2,1,3,20037,M,,,202
200800014563,8,3,13,1235,1,2,1,1,2,20033,M,,,202
200800014564,8,3,18,1506,1,2,1,1,2,20033,M,,,202
200800014565,8,3,18,1742,1,2,1,1,4,20033,M,,,202
200800014566,8,3,23,1222,1,2,2,1,6,20033,M,,,202
200800014567,8,3,25,1621,1,1,1,1,1,20037,M,,,202
200800014568,8,3,26,905,1,2,1,1,3,20033,M,,,202
200800014569,8,3,27,1100,1,2,1,1,3,20033,M,,,202
200800014570,8,3,28,2235,4,2,1,1,3,20033,M,,,202
200800014571,8,3,31,739,1,2,6,1,7,20033,M,,,202
200800014572,8,3,2,15,5,2,2,1,2,69382,M,,,69
200800014573,8,3,6,1315,1,2,3,1,3,69382,M,,,69
200800014574,8,3,7,1545,1,2,2,1,3,69382,M,,,69
200800014575,8,3,9,2230,5,2,1,2,6,69382,M,,,69
200800014576,8,3,22,1530,1,2,1,1,5,69382,M,,,69
200800014577,8,3,10,2000,5,2,1,2,2,69382,M,,,69
200800014578,8,3,12,2110,5,2,2,1,3,69382,M,,,69
200800014579,8,3,22,1531,1,2,1,1,2,69382,M,,,69
200800014580,8,3,27,2110,5,2,1,1,6,69382,M,,,69
200800014581,8,3,3,700,5,1,1,2,6,62274,M,,,62
200800014582,8,3,3,938,1,1,1,1,2,59350,M,,,59
200800014583,8,3,3,1515,1,1,1,1,6,62351,M,,,62
200800014584,8,3,3,1815,1,1,1,1,6,59350,M,,,59
200800014585,8,3,4,1515,1,1,1,1,6,59560,M,,,59
200800014586,8,3,5,815,1,1,1,1,6,59585,M,,,59
200800014587,8,3,5,915,1,1,1,1,6,59196,M,,,59
200800014588,8,3,5,950,1,1,1,1,2,59556,M,,,59
200800014589,8,3,6,340,5,1,1,1,6,59378,M,,,59
200800014590,8,3,6,1500,1,1,1,1,6,59462,M,,,59
200800014591,8,3,7,45,5,1,1,1,6,59350,M,,,59
200800014592,8,3,7,1310,1,1,1,1,5,59009,M,,,59
200800014593,8,3,7,2320,5,1,1,1,5,62528,M,,,62
200800014594,8,3,8,1350,1,1,1,1,6,59599,M,,,59
200800014595,8,3,9,1130,1,1,1,2,6,62624,M,,,62
200800014596,8,3,9,1415,1,1,1,2,6,62771,M,,,62
200800014597,8,3,9,1535,1,1,1,2,6,59386,M,,,59
200800014598,8,3,10,845,1,1,1,1,6,59350,M,,,59
200800014599,8,3,10,1815,1,1,1,2,6,62274,M,,,62
200800014600,8,3,10,1800,1,1,1,2,2,59183,M,,,59
200800014601,8,3,11,1320,1,1,1,2,2,62193,M,,,62
200800014602,8,3,11,1655,1,1,1,2,6,59183,M,,,59
200800014603,8,3,13,730,1,1,1,1,6,59343,M,,,59
200800014604,8,3,13,1400,1,1,1,1,6,59564,M,,,59
200800014605,8,3,14,515,5,1,1,1,6,59183,M,,,59
200800014606,8,3,14,800,1,1,1,1,5,59155,M,,,59
200800014607,8,3,14,835,1,1,1,2,4,59515,M,,,59
200800014608,8,3,15,1940,5,1,1,2,6,59196,M,,,59
200800014609,8,3,16,405,5,1,1,2,6,59462,M,,,59
200800014610,8,3,16,715,1,1,1,2,6,59143,M,,,59
200800014611,8,3,16,1515,1,1,1,2,6,59350,M,,,59
200800014612,8,3,17,1620,1,1,1,1,5,59183,M,,,59
200800014613,8,3,17,1905,5,1,1,1,6,59183,M,,,59
200800014614,8,3,18,1440,1,1,1,1,3,59343,M,,,59
200800014615,8,3,20,510,5,1,1,1,6,59560,M,,,59
200800014616,8,3,21,1255,1,1,1,6,6,62193,M,,,62
200800014617,8,3,22,1420,1,1,1,2,6,62239,M,,,62
200800014618,8,3,24,5,5,1,1,1,6,59009,M,,,59
200800014619,8,3,24,1830,1,1,1,2,7,59458,M,,,59
200800014620,8,3,25,230,5,1,1,4,6,59426,M,,,59
200800014621,8,3,26,400,5,1,1,1,6,59350,M,,,59
200800014622,8,3,26,1410,1,1,1,1,6,59378,M,,,59
200800014623,8,3,27,1130,1,1,1,1,6,59581,M,,,59
200800014624,8,3,28,1020,1,1,1,1,6,59508,M,,,59
200800014625,8,3,29,510,5,1,1,1,6,59350,M,,,59
200800014626,8,3,29,1900,1,1,1,1,6,59599,M,,,59
200800014627,8,3,30,445,5,1,1,1,6,59459,M,,,59
200800014628,8,3,30,1650,1,1,1,1,6,59350,M,,,59
200800014629,8,3,5,855,1,2,1,1,3,69383,M,,,69
200800014630,8,3,6,1348,1,2,1,1,2,69386,M,,,69
200800014631,8,3,5,1345,1,2,2,1,3,69383,M,,,69
200800014632,8,3,10,1000,1,2,2,1,3,69386,M,,,69
200800014633,8,3,10,1915,5,2,2,2,3,69386,M,,,69
200800014634,8,3,7,1135,1,2,2,1,5,69386,M,,,69
200800014635,8,3,12,1650,1,2,2,1,3,69386,M,,,69
200800014636,8,3,14,830,1,2,1,1,6,69383,M,,,69
200800014637,8,3,14,1620,1,2,1,1,3,69383,M,,,69
200800014638,8,3,15,1748,1,2,1,1,6,69383,M,,,69
200800014639,8,3,15,2005,3,2,2,1,6,69386,M,,,69
200800014640,8,3,17,1110,1,2,2,1,3,69386,M,,,69
200800014641,8,3,18,845,1,2,1,1,6,69383,M,,,69
200800014642,8,3,19,1820,1,2,2,1,3,69386,M,,,69
200800014643,8,3,5,1715,1,2,2,1,7,69383,M,,,69
200800014644,8,3,21,920,1,2,1,2,2,69383,M,,,69
200800014645,8,3,21,1020,1,2,2,2,3,69386,M,,,69
200800014646,8,3,25,1300,1,2,3,8,3,69383,M,,,69
200800014647,8,3,25,1710,1,2,1,1,6,69383,M,,,69
200800014648,8,3,26,845,1,2,2,1,6,69383,M,,,69
200800014649,8,3,27,820,1,2,3,1,7,69383,M,,,69
200800014650,8,3,27,1020,1,2,2,1,3,69386,M,,,69
200800014651,8,3,30,2120,5,2,2,3,3,69383,M,,,69
200800014652,8,3,31,1340,1,2,1,1,2,69386,M,,,69
200800014653,8,3,5,2005,5,2,2,1,6,69384,M,,,69
200800014654,8,3,11,1305,1,2,1,2,4,69384,M,,,69
200800014655,8,3,21,1850,3,2,1,2,6,69384,M,,,69
200800014656,8,3,26,930,1,2,1,1,6,69384,M,,,69
200800014657,8,3,27,1915,2,2,1,1,3,69384,M,,,69
200800014658,8,3,1,1137,1,1,1,2,7,33122,M,,,33
200800014659,8,3,3,1815,1,1,1,1,3,33249,M,,,33
200800014660,8,3,3,1825,1,1,1,1,7,33550,M,,,33
200800014661,8,3,3,2140,5,1,1,2,2,33162,M,,,33
200800014662,8,3,5,1650,2,1,1,1,2,33550,M,,,33
200800014663,8,3,8,1435,1,1,1,1,6,33249,M,,,33
200800014664,8,3,8,1620,1,1,1,1,5,33192,M,,,33
200800014665,8,3,9,1620,1,1,1,2,6,33550,M,,,33
200800014666,8,3,10,1830,1,1,1,2,2,33550,M,,,33
200800014667,8,3,11,1255,1,1,1,2,7,33318,M,,,33
200800014668,8,3,11,1535,1,1,1,2,2,33550,M,,,33
200800014669,8,3,11,1755,1,1,1,1,2,33550,M,,,33
200800014670,8,3,13,800,1,1,1,2,3,33167,M,,,33
200800014671,8,3,13,1230,1,1,1,1,5,33281,M,,,33
200800014672,8,3,14,1200,1,1,1,1,6,33096,M,,,33
200800014673,8,3,14,2235,5,1,1,1,7,33162,M,,,33
200800014674,8,3,15,1435,1,1,1,2,6,33550,M,,,33
200800014675,8,3,15,2215,5,1,1,2,6,33039,M,,,33
200800014676,8,3,16,2110,5,1,1,1,6,33550,M,,,33
200800014677,8,3,18,710,1,1,1,1,3,33162,M,,,33
200800014678,8,3,22,620,5,1,1,2,6,33487,M,,,33
200800014679,8,3,22,1925,2,1,1,3,6,33550,M,,,33
200800014680,8,3,24,530,5,1,1,2,6,33192,M,,,33
200800014681,8,3,24,608,5,1,1,2,6,33550,M,,,33
200800014682,8,3,24,1205,1,1,1,2,6,33249,M,,,33
200800014683,8,3,24,2040,5,1,1,2,6,33550,M,,,33
200800014684,8,3,25,845,1,1,1,3,6,33318,M,,,33
200800014685,8,3,25,1025,1,1,1,3,6,33318,M,,,33
200800014686,8,3,26,1530,1,1,1,2,7,33318,M,,,33
200800014687,8,3,28,440,5,1,1,2,2,33192,M,,,33