Num_Acc,an,mois,jour,hrmn,lum,agg,int,atm,col,com,gps,lat,long,dep
200800014688,8,3,29,1830,1,1,1,1,6,33122,M,,,33
200800014689,8,3,30,730,1,1,1,1,2,33550,M,,,33
200800014690,8,3,30,1442,5,1,1,2,7,33433,M,,,33
200800014691,8,3,31,1115,1,1,1,2,7,33318,M,,,33
200800014692,8,3,1,900,1,2,1,1,2,69385,M,,,69
200800014693,8,3,31,805,1,2,3,2,3,69385,M,,,69
200800014694,8,3,8,330,3,1,1,1,7,67309,M,,,67
200800014695,8,3,29,1945,5,1,1,1,4,67137,M,,,67
200800014696,8,3,2,1440,1,1,1,1,7,54571,M,,,54
200800014697,8,3,8,1652,1,1,1,1,6,54357,M,,,54
200800014698,8,3,21,1235,1,1,1,3,5,54115,M,,,54
200800014699,8,3,29,1530,1,1,1,1,2,54232,M,,,54
200800014700,8,3,3,1835,2,1,1,1,2,57303,M,,,57
200800014701,8,3,8,1459,1,1,1,1,2,57303,M,,,57
200800014702,8,3,14,130,4,1,1,2,6,57672,M,,,57
200800014703,8,3,1,1950,5,2,1,1,6,69387,M,,,69
200800014704,8,3,6,135,5,2,1,6,7,69387,M,,,69
200800014705,8,3,5,1635,1,2,2,6,6,69387,M,,,69
200800014706,8,3,7,2230,5,2,1,2,6,69387,M,,,69
200800014707,8,3,9,1515,1,2,1,1,2,69387,M,,,69
200800014708,8,3,7,1530,1,2,1,1,6,69387,M,,,69
200800014709,8,3,13,1550,1,2,1,1,6,69387,M,,,69
200800014710,8,3,14,930,1,2,2,1,3,69387,M,,,69
200800014711,8,3,17,1550,1,2,1,1,6,69387,M,,,69
200800014712,8,3,29,1700,1,2,3,1,3,69387,M,,,69
200800014713,8,3,31,140,5,2,9,2,7,69387,M,,,69
200800014714,8,3,31,1950,5,2,1,1,2,69387,M,,,69
200800014715,8,3,2,1620,1,2,2,1,6,69388,M,,,69
200800014716,8,3,19,150,5,2,1,1,6,69388,M,,,69
200800014717,8,3,15,1000,1,2,1,1,6,69388,M,,,69
200800014718,8,3,21,1750,1,2,3,2,6,69388,M,,,69
200800014719,8,3,28,1405,1,2,1,1,6,69388,M,,,69
200800014720,8,3,29,1610,1,2,3,1,6,69388,M,,,69
200800014721,8,3,28,1400,1,2,2,1,6,69388,M,,,69
200800014722,8,3,26,1715,1,2,1,2,6,69388,M,,,69
200800014723,8,3,6,840,1,1,1,1,4,42044,M,,,42
200800014724,8,3,1,2100,5,1,1,1,7,69009,M,,,69
200800014725,8,3,3,1905,3,1,1,2,2,38184,M,,,38
200800014726,8,3,7,1830,5,1,1,1,2,69290,M,,,69
200800014727,8,3,8,210,5,1,1,1,2,69072,M,,,69
200800014728,8,3,13,1500,1,1,1,1,3,69281,M,,,69
200800014729,8,3,21,1640,1,1,1,2,2,69266,M,,,69
200800014730,8,3,22,820,1,1,1,1,6,69199,M,,,69
200800014731,8,3,22,1230,1,1,1,2,7,69029,M,,,69
200800014732,8,3,25,720,2,1,1,2,5,69266,M,,,69
200800014733,8,3,29,225,4,1,1,1,7,69029,M,,,69
200800014734,8,3,29,1300,1,1,1,1,6,69122,M,,,69
200800014735,8,3,31,840,1,1,1,8,4,69270,M,,,69
200800014736,8,3,3,750,1,2,1,1,6,69389,M,,,69
200800014737,8,3,6,1325,1,2,3,1,3,69389,M,,,69
200800014738,8,3,14,1940,5,2,1,1,3,69389,M,,,69
200800014739,8,3,14,1907,5,2,1,1,6,69389,M,,,69
200800014740,8,3,20,815,1,2,2,1,6,69389,M,,,69
200800014741,8,3,3,1125,1,1,9,1,2,83137,M,,,83
200800014742,8,3,3,1435,1,1,1,1,2,83137,M,,,83
200800014743,8,3,4,1710,1,1,1,1,4,83090,M,,,83
200800014744,8,3,7,2035,5,1,1,1,4,83137,M,,,83
200800014745,8,3,10,1830,2,1,1,2,2,83062,M,,,83
200800014746,8,3,25,711,1,1,1,7,6,83062,M,,,83
200800014747,8,3,25,1125,1,1,1,1,3,83137,M,,,83
200800014748,8,3,26,2010,3,1,1,1,7,83047,M,,,83
200800014749,8,3,29,1617,1,1,1,1,2,83137,M,,,83
200800014750,8,3,29,1920,2,1,1,1,6,83062,M,,,83
200800014751,8,3,1,145,3,1,1,1,6,13026,M,,,13
200800014752,8,3,1,500,3,1,1,1,2,13026,M,,,13
200800014753,8,3,3,630,2,1,1,1,2,13202,M,,,13
200800014754,8,3,4,630,2,1,1,1,6,13071,M,,,13
200800014755,8,3,5,530,5,1,1,1,7,13210,M,,,13
200800014756,8,3,5,850,1,1,1,1,4,13202,M,,,13
200800014757,8,3,5,1600,1,1,1,1,7,13106,M,,,13
200800014758,8,3,5,1810,1,1,1,1,4,13214,M,,,13
200800014759,8,3,8,1950,5,1,1,1,7,13215,M,,,13
200800014760,8,3,7,1020,1,1,1,1,5,13210,M,,,13
200800014761,8,3,7,1050,1,1,1,1,6,13106,M,,,13
200800014762,8,3,8,335,3,1,1,1,6,13005,M,,,13
200800014763,8,3,8,608,3,1,1,1,5,13001,M,,,13
200800014764,8,3,9,1840,2,1,1,2,1,13043,M,,,13
200800014765,8,3,9,915,1,1,1,1,7,13055,M,,,13
200800014766,8,3,10,855,1,1,1,1,2,13056,M,,,13
200800014767,8,3,10,1745,1,1,1,2,6,13214,M,,,13
200800014768,8,3,10,1815,1,1,1,2,6,13215,M,,,13
200800014769,8,3,11,445,3,1,1,8,7,13015,M,,,13
200800014770,8,3,12,725,1,1,1,1,6,13005,M,,,13
200800014771,8,3,14,1330,1,1,1,1,5,13001,M,,,13
200800014772,8,3,14,1820,1,1,1,1,4,13001,M,,,13
200800014773,8,3,14,2025,3,1,1,1,2,13215,M,,,13
200800014774,8,3,15,30,3,1,1,5,6,13071,M,,,13
200800014775,8,3,15,130,3,1,1,5,7,13081,M,,,13
200800014776,8,3,15,1730,1,1,1,1,6,13001,M,,,13
200800014777,8,3,16,1610,1,1,1,1,2,13071,M,,,13
200800014778,8,3,17,10,3,1,1,1,7,13005,M,,,13
200800014779,8,3,17,740,2,1,1,1,5,13215,M,,,13
200800014780,8,3,17,1645,1,1,1,1,4,13202,M,,,13
200800014781,8,3,18,1745,1,1,1,1,6,13071,M,,,13
200800014782,8,3,18,1810,1,1,1,1,4,13211,M,,,13
200800014783,8,3,19,800,1,1,1,1,4,13207,M,,,13
200800014784,8,3,20,1823,1,1,1,1,6,13015,M,,,13
200800014785,8,3,21,330,3,1,1,1,6,13088,M,,,13
200800014786,8,3,22,150,3,1,1,2,5,13071,M,,,13
200800014787,8,3,21,915,1,1,1,1,7,13005,M,,,13
200800014788,8,3,24,510,3,1,1,1,6,13015,M,,,13
200800014789,8,3,25,515,3,1,1,1,2,13211,M,,,13
200800014790,8,3,25,2210,3,1,1,6,5,13071,M,,,13
200800014791,8,3,24,1110,1,1,1,1,7,13005,M,,,13
200800014792,8,3,27,902,1,1,1,1,2,13015,M,,,13
200800014793,8,3,27,1145,1,1,1,1,4,13202,M,,,13
200800014794,8,3,27,1155,1,1,1,1,6,13216,M,,,13
200800014795,8,3,31,1300,1,1,1,2,6,13056,M,,,13
200800014796,8,3,31,1358,1,1,1,1,7,13106,M,,,13
200800014797,8,3,31,1617,1,1,1,2,4,13202,M,,,13
200800014798,8,3,1,225,5,2,1,2,6,75103,M,,,75
200800014799,8,3,1,1650,1,2,3,1,6,75101,M,,,75
200800014800,8,3,5,15,5,2,2,1,3,75101,M,,,75
200800014801,8,3,5,2035,5,2,1,1,3,75101,M,,,75
200800014802,8,3,10,1245,1,2,1,3,4,75101,M,,,75
200800014803,8,3,12,1805,1,2,1,1,7,75101,M,,,75
200800014804,8,3,15,1530,1,2,3,1,7,75101,M,,,75
200800014805,8,3,15,2045,5,2,1,2,7,75101,M,,,75
200800014806,8,3,22,2035,5,2,1,2,1,75101,M,,,75
200800014807,8,3,26,1745,1,2,2,1,6,75101,M,,,75
200800014808,8,3,27,1150,1,2,2,8,6,75101,M,,,75
200800014809,8,3,2,1610,1,2,1,1,3,75102,M,,,75
200800014810,8,3,4,905,1,2,3,8,6,75102,M,,,75
200800014811,8,3,7,1710,1,2,2,2,3,75102,M,,,75
200800014812,8,3,10,1305,1,2,2,2,3,75102,M,,,75
200800014813,8,3,10,1530,1,2,1,8,6,75102,M,,,75
200800014814,8,3,11,1235,1,2,1,2,3,75102,M,,,75
200800014815,8,3,15,505,5,2,2,1,3,75102,M,,,75
200800014816,8,3,18,1515,1,2,2,1,6,75102,M,,,75
200800014817,8,3,18,1713,1,2,1,1,6,75102,M,,,75
200800014818,8,3,19,1910,5,2,1,2,7,75101,M,,,75
200800014819,8,3,21,1430,1,2,2,7,3,75102,M,,,75
200800014820,8,3,22,142,5,2,1,2,2,75102,M,,,75
200800014821,8,3,24,1420,1,2,4,1,3,75102,M,,,75
200800014822,8,3,28,1915,5,2,2,2,3,75102,M,,,75
200800014823,8,3,30,545,5,2,1,1,2,75102,M,,,75
200800014824,8,3,3,822,1,2,2,2,3,75103,M,,,75
200800014825,8,3,5,2105,5,2,1,1,2,75103,M,,,75
200800014826,8,3,6,1900,5,2,1,1,6,75101,M,,,75
200800014827,8,3,8,2015,5,2,2,1,4,75103,M,,,75
200800014828,8,3,10,1445,1,2,1,2,7,75103,M,,,75
200800014829,8,3,15,2130,5,2,1,2,3,75103,M,,,75
200800014830,8,3,17,850,1,2,5,1,3,75103,M,,,75
200800014831,8,3,22,1715,1,2,1,8,6,75103,M,,,75
200800014832,8,3,28,2345,5,2,1,1,1,75103,M,,,75
200800014833,8,3,1,2030,5,2,1,1,7,75104,M,,,75
200800014834,8,3,4,1330,1,2,1,9,6,75104,M,,,75
200800014835,8,3,8,2020,5,2,4,1,3,75104,M,,,75
200800014836,8,3,10,2015,5,2,1,2,2,75104,M,,,75
200800014837,8,3,11,1500,1,2,1,2,7,75104,M,,,75
200800014838,8,3,13,1801,1,2,1,2,6,75104,M,,,75
200800014839,8,3,15,1600,1,2,1,2,2,75104,M,,,75
200800014840,8,3,15,1601,1,2,2,2,7,75104,M,,,75
200800014841,8,3,20,1945,5,2,1,2,6,75104,M,,,75
200800014842,8,3,24,1800,2,2,1,2,7,75104,M,,,75
200800014843,8,3,26,900,1,2,1,8,6,75104,M,,,75
200800014844,8,3,29,2030,5,2,2,1,6,75104,M,,,75
200800014845,8,3,31,1740,1,2,3,8,6,75104,M,,,75
200800014846,8,3,5,1750,1,2,1,1,4,75105,M,,,75
200800014847,8,3,1,955,1,2,2,1,3,75105,M,,,75
200800014848,8,3,1,1945,5,2,1,1,6,75105,M,,,75
200800014849,8,3,2,1600,1,2,5,1,7,75105,M,,,75
200800014850,8,3,2,2030,5,2,2,2,3,75105,M,,,75
200800014851,8,3,3,2225,5,2,5,3,3,75105,M,,,75
200800014852,8,3,6,1231,1,2,1,2,6,75105,M,,,75
200800014853,8,3,9,1000,1,2,1,2,7,75105,M,,,75
200800014854,8,3,11,1945,5,2,2,8,3,75105,M,,,75
200800014855,8,3,12,1805,1,2,2,1,3,75105,M,,,75
200800014856,8,3,15,1210,1,2,2,1,3,75105,M,,,75
200800014857,8,3,16,630,2,2,2,2,6,75105,M,,,75
200800014858,8,3,17,1245,1,2,1,1,7,75105,M,,,75
200800014859,8,3,18,1335,1,2,1,1,7,75105,M,,,75
200800014860,8,3,18,1545,1,2,3,1,3,75105,M,,,75
200800014861,8,3,19,1900,5,2,1,2,3,75105,M,,,75
200800014862,8,3,20,1945,5,2,3,2,3,75105,M,,,75
200800014863,8,3,23,2027,5,2,1,2,3,75105,M,,,75
200800014864,8,3,27,1145,1,2,1,1,5,75105,M,,,75
200800014865,8,3,31,1510,1,2,2,2,7,75105,M,,,75
200800014866,8,3,31,1915,1,2,3,1,3,75105,M,,,75
200800014867,8,3,15,1415,1,2,2,1,3,75106,M,,,75
200800014868,8,3,15,1455,1,2,1,2,6,75106,M,,,75
200800014869,8,3,2,2310,5,2,1,3,6,75106,M,,,75
200800014870,8,3,3,1120,1,2,1,1,7,75106,M,,,75
200800014871,8,3,7,1000,1,2,1,2,6,75106,M,,,75
200800014872,8,3,7,2115,5,2,5,1,3,75106,M,,,75
200800014873,8,3,9,30,5,2,1,1,6,75106,M,,,75
200800014874,8,3,9,1436,1,2,2,2,6,75106,M,,,75
200800014875,8,3,10,1715,1,2,1,2,6,75106,M,,,75
200800014876,8,3,11,2335,4,2,1,1,6,75105,M,,,75
200800014877,8,3,12,1635,1,2,1,1,6,75106,M,,,75
200800014878,8,3,12,1915,2,2,1,1,3,75106,M,,,75
200800014879,8,3,15,2000,5,2,1,2,6,75106,M,,,75
200800014880,8,3,16,635,1,2,2,2,6,75106,M,,,75
200800014881,8,3,16,1242,1,2,3,1,3,75114,M,,,75
200800014882,8,3,19,1900,5,2,1,2,3,75106,M,,,75
200800014883,8,3,19,2250,5,2,1,1,3,75106,M,,,75
200800014884,8,3,20,800,1,2,1,1,6,75106,M,,,75
200800014885,8,3,19,1030,1,2,1,1,3,75106,M,,,75
200800014886,8,3,23,2015,5,2,1,3,3,75106,M,,,75
200800014887,8,3,26,1152,1,2,1,1,6,75106,M,,,75
200800014888,8,3,27,942,1,2,1,2,3,75106,M,,,75
200800014889,8,3,30,145,5,2,2,1,3,75106,M,,,75
200800014890,8,3,1,1755,1,2,1,1,3,75107,M,,,75
200800014891,8,3,6,1120,1,2,1,2,3,75107,M,,,75
200800014892,8,3,15,400,5,2,3,1,6,75107,M,,,75
200800014893,8,3,15,1230,1,2,2,1,3,75107,M,,,75
200800014894,8,3,16,1240,1,2,2,2,3,75107,M,,,75
200800014895,8,3,17,2030,5,2,1,1,6,75107,M,,,75
200800014896,8,3,18,1040,1,2,1,1,7,75107,M,,,75
200800014897,8,3,20,1420,1,2,2,1,3,75107,M,,,75
200800014898,8,3,20,1550,1,2,3,1,2,75107,M,,,75
200800014899,8,3,20,2030,5,2,1,1,6,75107,M,,,75
200800014900,8,3,20,2305,5,2,3,2,3,75115,M,,,75
200800014901,8,3,21,745,1,2,1,3,2,75107,M,,,75
200800014902,8,3,21,1020,1,2,2,8,3,75107,M,,,75
200800014903,8,3,21,1205,1,2,7,2,6,75107,M,,,75
200800014904,8,3,25,1635,1,2,3,1,3,75107,M,,,75
200800014905,8,3,27,1630,1,2,2,2,6,75107,M,,,75
200800014906,8,3,28,915,1,2,1,2,3,75107,M,,,75
200800014907,8,3,29,1055,1,2,2,1,3,75107,M,,,75
200800014908,8,3,30,1500,1,2,2,2,3,75107,M,,,75
200800014909,8,3,1,217,5,2,1,9,6,75108,M,,,75
200800014910,8,3,1,1300,1,2,1,1,2,75108,M,,,75
200800014911,8,3,3,930,1,2,1,2,2,75108,M,,,75
200800014912,8,3,4,810,1,2,1,1,2,75101,M,,,75
200800014913,8,3,4,1220,1,2,1,2,6,75108,M,,,75
200800014914,8,3,4,1550,1,2,1,2,6,75108,M,,,75
200800014915,8,3,5,2320,5,2,1,1,6,75108,M,,,75
200800014916,8,3,6,955,1,2,1,2,3,75108,M,,,75
200800014917,8,3,6,1015,1,2,1,2,3,75108,M,,,75
200800014918,8,3,6,1140,1,2,1,2,4,75108,M,,,75
200800014919,8,3,6,1810,1,2,1,1,2,75108,M,,,75
200800014920,8,3,6,2040,5,2,1,1,3,75108,M,,,75
200800014921,8,3,8,2135,5,2,1,1,2,75108,M,,,75
200800014922,8,3,8,2245,5,2,1,1,3,75117,M,,,75
200800014923,8,3,9,1645,1,2,1,1,7,75108,M,,,75
200800014924,8,3,9,2235,5,2,4,1,3,75108,M,,,75
200800014925,8,3,10,1045,1,2,1,3,6,75108,M,,,75
200800014926,8,3,10,1750,1,2,1,2,7,75108,M,,,75
200800014927,8,3,11,1740,1,2,2,2,3,75108,M,,,75
200800014928,8,3,11,2330,5,2,2,1,3,75108,M,,,75
200800014929,8,3,11,1645,1,2,2,1,7,75108,M,,,75
200800014930,8,3,13,1945,5,2,1,2,1,75108,M,,,75
200800014931,8,3,13,1735,1,2,1,2,3,75108,M,,,75
200800014932,8,3,14,1530,1,2,1,1,6,75108,M,,,75
200800014933,8,3,17,1040,1,2,1,8,3,75108,M,,,75
200800014934,8,3,18,1205,1,2,1,1,2,75108,M,,,75
200800014935,8,3,18,1410,1,2,1,1,6,75108,M,,,75
200800014936,8,3,18,2200,5,2,1,1,6,75108,M,,,75
200800014937,8,3,19,1330,1,2,1,1,2,75108,M,,,75
200800014938,8,3,19,1820,5,2,5,2,3,75108,M,,,75
200800014939,8,3,20,835,1,2,2,1,3,75108,M,,,75
200800014940,8,3,20,1928,5,2,1,2,5,75108,M,,,75
200800014941,8,3,21,115,5,2,1,2,6,75108,M,,,75
200800014942,8,3,21,530,2,2,2,2,3,75108,M,,,75
200800014943,8,3,21,805,1,2,1,3,4,75108,M,,,75
200800014944,8,3,21,1710,1,2,1,1,3,75108,M,,,75
200800014945,8,3,22,205,5,2,1,2,1,75108,M,,,75
200800014946,8,3,23,114,5,2,1,1,1,75108,M,,,75
200800014947,8,3,25,735,1,2,1,1,7,75108,M,,,75
200800014948,8,3,26,2310,5,2,7,1,3,75108,M,,,75
200800014949,8,3,27,1000,1,2,1,1,6,75108,M,,,75
200800014950,8,3,28,2055,5,2,2,1,3,75108,M,,,75
200800014951,8,3,29,1630,1,2,2,1,6,75108,M,,,75
200800014952,8,3,30,1130,1,2,2,2,3,75108,M,,,75
200800014953,8,3,31,1000,1,2,1,8,6,75108,M,,,75
200800014954,8,3,31,1105,1,2,1,8,3,75108,M,,,75
200800014955,8,3,3,1220,1,2,1,1,6,75109,M,,,75
200800014956,8,3,4,1605,1,2,3,1,2,75109,M,,,75
200800014957,8,3,5,950,1,2,1,1,6,75109,M,,,75
200800014958,8,3,6,1050,1,2,1,9,3,75109,M,,,75
200800014959,8,3,6,1435,1,2,1,1,6,75109,M,,,75
200800014960,8,3,13,30,5,2,1,1,2,75109,M,,,75
200800014961,8,3,13,1500,1,2,1,2,6,75109,M,,,75
200800014962,8,3,15,1620,1,2,5,1,6,75109,M,,,75
200800014963,8,3,15,530,5,2,5,1,6,75109,M,,,75
200800014964,8,3,18,710,1,2,1,1,3,75109,M,,,75
200800014965,8,3,19,845,1,2,1,1,3,75109,M,,,75
200800014966,8,3,19,855,1,2,3,1,6,75109,M,,,75
200800014967,8,3,20,900,1,2,1,1,3,75109,M,,,75
200800014968,8,3,20,1500,1,2,1,1,2,75109,M,,,75
200800014969,8,3,20,1740,1,2,2,8,3,75109,M,,,75
200800014970,8,3,22,1120,1,2,2,2,3,75109,M,,,75
200800014971,8,3,26,1215,1,2,3,1,6,75109,M,,,75
200800014972,8,3,27,1320,1,2,4,1,2,75109,M,,,75
200800014973,8,3,28,855,1,2,3,2,3,75109,M,,,75
200800014974,8,3,31,1505,1,2,1,3,3,75109,M,,,75
200800014975,8,3,20,1900,2,2,1,1,3,75110,M,,,75
200800014976,8,3,26,1420,1,2,1,1,3,75110,M,,,75
200800014977,8,3,1,2125,5,2,1,1,6,75110,M,,,75
200800014978,8,3,1,2325,3,2,1,1,2,75110,M,,,75
200800014979,8,3,2,10,5,2,1,1,6,75110,M,,,75
200800014980,8,3,6,1640,1,2,1,1,6,75110,M,,,75
200800014981,8,3,8,545,5,2,1,1,6,75110,M,,,75
200800014982,8,3,8,1535,1,2,2,1,3,75110,M,,,75
200800014983,8,3,8,2115,5,2,1,1,6,75110,M,,,75
200800014984,8,3,12,1015,1,2,2,1,3,75110,M,,,75
200800014985,8,3,12,1606,1,2,1,1,7,75110,M,,,75
200800014986,8,3,13,1610,1,2,1,2,6,75110,M,,,75
200800014987,8,3,14,2255,5,2,1,1,6,75110,M,,,75
200800014988,8,3,15,1340,1,2,3,1,6,75110,M,,,75
200800014989,8,3,15,2305,5,2,1,2,3,75110,M,,,75
200800014990,8,3,16,1900,5,2,1,2,3,75110,M,,,75
200800014991,8,3,18,1420,1,2,3,1,6,75110,M,,,75
200800014992,8,3,21,1730,1,2,1,1,6,75110,M,,,75
200800014993,8,3,23,550,5,2,1,1,6,75110,M,,,75
200800014994,8,3,24,1815,2,2,1,2,3,75110,M,,,75
200800014995,8,3,25,1650,1,2,1,1,6,75110,M,,,75
200800014996,8,3,26,1235,1,2,1,1,6,75110,M,,,75
200800014997,8,3,27,250,5,2,1,3,6,75110,M,,,75
200800014998,8,3,28,2055,5,2,1,1,6,75110,M,,,75
200800014999,8,3,30,1125,1,2,2,2,3,75110,M,,,75
200800015000,8,3,30,2150,5,2,2,2,3,75110,M,,,75
200800015001,8,3,1,1015,1,2,1,1,6,75111,M,,,75
200800015002,8,3,1,1225,1,2,2,1,3,75111,M,,,75
200800015003,8,3,1,1615,1,2,1,1,6,75111,M,,,75
200800015004,8,3,3,1640,1,2,3,1,3,75111,M,,,75
200800015005,8,3,4,205,5,2,1,2,6,75111,M,,,75
200800015006,8,3,4,925,1,2,5,1,7,75111,M,,,75
200800015007,8,3,4,955,1,2,5,8,3,75111,M,,,75
200800015008,8,3,5,1020,1,2,1,1,3,75111,M,,,75
200800015009,8,3,6,1240,1,2,5,2,3,75111,M,,,75
200800015010,8,3,6,1241,1,2,1,2,3,75111,M,,,75
200800015011,8,3,6,1355,1,2,1,2,3,75111,M,,,75
200800015012,8,3,7,935,1,2,1,1,6,75111,M,,,75
200800015013,8,3,7,1210,1,2,3,1,3,75111,M,,,75
200800015014,8,3,7,1835,2,2,1,2,2,75111,M,,,75
200800015015,8,3,10,915,1,2,1,2,3,75111,M,,,75
200800015016,8,3,10,1555,1,2,1,2,6,75111,M,,,75
200800015017,8,3,10,1500,1,2,2,2,7,75111,M,,,75
200800015018,8,3,12,1820,1,2,2,2,6,75111,M,,,75
200800015019,8,3,13,1100,1,2,2,1,6,75111,M,,,75
200800015020,8,3,14,1255,1,2,1,1,6,75111,M,,,75
200800015021,8,3,15,1205,1,2,2,1,6,75111,M,,,75
200800015022,8,3,16,1750,1,2,1,1,6,75111,M,,,75
200800015023,8,3,16,2315,5,2,2,2,3,75111,M,,,75
200800015024,8,3,21,1700,1,2,3,1,6,75111,M,,,75
200800015025,8,3,21,1650,1,2,1,1,6,75111,M,,,75
200800015026,8,3,28,1315,1,2,2,1,6,75111,M,,,75
200800015027,8,3,28,1500,1,2,1,2,3,75111,M,,,75
200800015028,8,3,28,1905,2,2,1,2,6,75111,M,,,75
200800015029,8,3,31,1456,1,2,2,2,3,75111,M,,,75
200800015030,8,3,3,930,1,2,2,2,3,75112,M,,,75
200800015031,8,3,6,1311,1,2,1,2,6,75112,M,,,75
200800015032,8,3,1,1605,1,2,2,1,2,75112,M,,,75
200800015033,8,3,2,1310,1,2,1,1,3,75112,M,,,75
200800015034,8,3,2,1545,1,2,2,1,7,75112,M,,,75
200800015035,8,3,2,1715,1,2,1,1,3,75112,M,,,75
200800015036,8,3,3,1425,1,2,3,1,3,75112,M,,,75
200800015037,8,3,3,1745,1,2,1,1,6,75112,M,,,75
200800015038,8,3,3,2240,5,2,2,2,3,75112,M,,,75
200800015039,8,3,4,1910,5,2,1,1,3,75112,M,,,75
200800015040,8,3,4,2315,5,2,1,1,7,75112,M,,,75
200800015041,8,3,5,625,5,2,1,1,2,75112,M,,,75
200800015042,8,3,5,920,1,2,1,1,3,75112,M,,,75
200800015043,8,3,6,1000,1,2,2,8,6,75112,M,,,75
200800015044,8,3,6,1235,1,2,3,2,6,75112,M,,,75
200800015045,8,3,6,2255,5,2,2,1,3,75112,M,,,75
200800015046,8,3,9,1225,1,2,1,2,7,75112,M,,,75
200800015047,8,3,10,935,1,2,2,2,3,75112,M,,,75
200800015048,8,3,12,145,5,2,1,2,6,75112,M,,,75
200800015049,8,3,12,900,1,2,1,1,3,75112,M,,,75
200800015050,8,3,12,2015,5,2,1,1,4,75112,M,,,75
200800015051,8,3,15,1630,1,2,1,1,7,75120,M,,,75
200800015052,8,3,15,2000,5,2,3,2,6,75112,M,,,75
200800015053,8,3,16,1340,1,2,1,2,3,75112,M,,,75
200800015054,8,3,16,1450,1,2,1,2,6,75112,M,,,75
200800015055,8,3,17,930,1,2,1,1,3,75111,M,,,75
200800015056,8,3,18,1545,1,2,1,1,3,75112,M,,,75
200800015057,8,3,18,1630,1,2,1,1,6,75112,M,,,75
200800015058,8,3,19,855,1,2,1,1,3,75112,M,,,75
200800015059,8,3,20,1930,5,2,2,2,2,75112,M,,,75
200800015060,8,3,21,650,2,2,2,2,3,75112,M,,,75
200800015061,8,3,21,1030,1,2,1,2,7,75112,M,,,75
200800015062,8,3,21,1735,1,2,3,1,3,75112,M,,,75
200800015063,8,3,21,1935,5,2,1,1,3,75112,M,,,75
200800015064,8,3,25,1830,2,2,3,1,3,75112,M,,,75
200800015065,8,3,27,1034,1,2,1,1,6,75111,M,,,75
200800015066,8,3,27,1620,1,2,1,2,6,75112,M,,,75
200800015067,8,3,28,1725,1,2,1,3,6,75112,M,,,75
200800015068,8,3,28,1945,5,2,1,1,1,75112,M,,,75
200800015069,8,3,31,1430,1,2,1,2,6,75112,M,,,75
200800015070,8,3,31,1535,1,2,5,1,6,75112,M,,,75
200800015071,8,3,31,1730,1,2,1,1,3,75112,M,,,75
200800015072,8,3,1,1535,1,2,1,1,2,75113,M,,,75
200800015073,8,3,1,1645,1,2,1,1,3,75113,M,,,75
200800015074,8,3,2,2030,5,2,5,2,3,75113,M,,,75
200800015075,8,3,3,640,5,2,5,2,6,75113,M,,,75
200800015076,8,3,3,900,1,2,3,2,2,75113,M,,,75
200800015077,8,3,4,1355,1,2,1,1,6,75113,M,,,75
200800015078,8,3,9,1230,1,2,2,2,3,75113,M,,,75
200800015079,8,3,9,1530,1,2,1,8,6,75113,M,,,75
200800015080,8,3,9,1600,1,2,1,1,2,75113,M,,,75
200800015081,8,3,10,840,1,2,1,2,7,75113,M,,,75
200800015082,8,3,10,1420,1,2,1,2,5,75113,M,,,75
200800015083,8,3,12,2025,5,2,1,1,7,75113,M,,,75
200800015084,8,3,13,534,5,2,5,2,7,75105,M,,,75
200800015085,8,3,13,2150,5,2,2,2,3,75113,M,,,75
200800015086,8,3,14,1235,1,2,1,8,3,75113,M,,,75
200800015087,8,3,15,1905,5,2,2,2,6,75113,M,,,75
200800015088,8,3,15,1940,5,2,1,2,3,75113,M,,,75
200800015089,8,3,15,1941,5,2,3,2,3,75113,M,,,75
200800015090,8,3,16,150,5,2,1,2,6,75113,M,,,75
200800015091,8,3,16,1750,1,2,1,1,2,75113,M,,,75
200800015092,8,3,17,910,1,2,1,1,3,75113,M,,,75
200800015093,8,3,17,1330,1,2,1,1,6,75113,M,,,75
200800015094,8,3,17,1910,5,2,3,1,3,75113,M,,,75
200800015095,8,3,18,850,1,2,1,1,7,75113,M,,,75
200800015096,8,3,18,1815,5,2,1,1,3,75113,M,,,75
200800015097,8,3,19,1900,5,2,1,1,6,75113,M,,,75
200800015098,8,3,20,1345,1,2,1,1,7,75113,M,,,75
200800015099,8,3,21,1710,1,2,1,1,6,75113,M,,,75
200800015100,8,3,22,2035,5,2,5,2,1,75113,M,,,75
200800015101,8,3,25,640,2,2,1,1,6,75113,M,,,75
200800015102,8,3,29,1350,1,2,1,1,2,75113,M,,,75
200800015103,8,3,29,1430,1,2,2,1,3,75113,M,,,75
200800015104,8,3,30,1400,1,2,1,2,3,75113,M,,,75
200800015105,8,3,1,730,1,2,5,1,6,75114,M,,,75
200800015106,8,3,1,1500,1,2,1,1,6,75114,M,,,75
200800015107,8,3,5,1310,1,2,2,1,3,75114,M,,,75
200800015108,8,3,9,825,1,2,1,1,6,75114,M,,,75
200800015109,8,3,10,1925,3,2,1,1,6,75114,M,,,75
200800015110,8,3,11,2005,5,2,3,2,3,75114,M,,,75
200800015111,8,3,11,2045,5,2,1,2,6,75114,M,,,75
200800015112,8,3,11,2300,5,2,9,1,6,75114,M,,,75
200800015113,8,3,12,850,1,2,1,8,3,75114,M,,,75
200800015114,8,3,12,1455,1,2,3,1,6,75114,M,,,75
200800015115,8,3,15,1630,1,2,1,1,3,75114,M,,,75
200800015116,8,3,17,15,5,2,1,2,3,75114,M,,,75
200800015117,8,3,17,1350,1,2,1,1,6,75114,M,,,75