Num_Acc,an,mois,jour,hrmn,lum,agg,int,atm,col,com,gps,lat,long,dep
200800015118,8,3,16,1615,1,2,1,2,6,75114,M,,,75
200800015119,8,3,18,1700,1,2,1,1,2,75114,M,,,75
200800015120,8,3,18,2100,5,2,2,1,3,75114,M,,,75
200800015121,8,3,18,2015,5,2,1,1,2,75114,M,,,75
200800015122,8,3,19,1720,1,2,1,1,6,75114,M,,,75
200800015123,8,3,19,2130,5,2,1,1,3,75114,M,,,75
200800015124,8,3,22,2000,5,2,1,2,5,75114,M,,,75
200800015125,8,3,25,1640,1,2,1,1,6,75114,M,,,75
200800015126,8,3,26,1550,1,2,1,2,7,75114,M,,,75
200800015127,8,3,27,2245,5,2,2,1,2,75114,M,,,75
200800015128,8,3,28,1620,1,2,2,3,3,75114,M,,,75
200800015129,8,3,28,1610,1,2,1,2,7,75114,M,,,75
200800015130,8,3,29,1710,1,2,2,1,6,75114,M,,,75
200800015131,8,3,31,1300,1,2,1,1,3,75114,M,,,75
200800015132,8,3,31,2155,5,2,1,1,6,75114,M,,,75
200800015133,8,3,1,917,1,2,2,1,3,75115,M,,,75
200800015134,8,3,1,1,5,2,2,2,6,75115,M,,,75
200800015135,8,3,5,2120,5,2,4,1,3,75107,M,,,75
200800015136,8,3,6,855,1,2,1,1,3,75115,M,,,75
200800015137,8,3,6,925,1,2,3,2,6,75115,M,,,75
200800015138,8,3,6,1235,1,2,2,2,7,75115,M,,,75
200800015139,8,3,7,1030,1,2,1,1,3,75115,M,,,75
200800015140,8,3,7,2000,5,2,3,1,6,75115,M,,,75
200800015141,8,3,7,1850,5,2,1,2,6,75115,M,,,75
200800015142,8,3,8,1525,1,2,1,1,6,75115,M,,,75
200800015143,8,3,9,225,5,2,1,1,6,75115,M,,,75
200800015144,8,3,10,840,1,2,1,2,7,75115,M,,,75
200800015145,8,3,12,1010,1,2,1,1,7,75115,M,,,75
200800015146,8,3,12,1333,1,2,1,8,6,75115,M,,,75
200800015147,8,3,13,1325,1,2,1,1,2,75115,M,,,75
200800015148,8,3,13,2020,5,2,1,2,6,75115,M,,,75
200800015149,8,3,14,1645,1,2,1,1,3,75115,M,,,75
200800015150,8,3,15,1420,1,2,1,1,4,75115,M,,,75
200800015151,8,3,15,1900,5,2,2,2,3,75115,M,,,75
200800015152,8,3,16,1645,1,2,1,2,3,75115,M,,,75
200800015153,8,3,17,805,1,2,2,1,6,75115,M,,,75
200800015154,8,3,17,1440,1,2,5,1,3,75115,M,,,75
200800015155,8,3,17,2000,5,2,1,1,6,75115,M,,,75
200800015156,8,3,18,1415,1,2,1,1,6,75115,M,,,75
200800015157,8,3,18,1655,1,2,1,1,3,75115,M,,,75
200800015158,8,3,19,20,5,2,5,1,3,75115,M,,,75
200800015159,8,3,19,1620,1,2,2,1,3,75115,M,,,75
200800015160,8,3,19,1830,2,2,3,1,6,75115,M,,,75
200800015161,8,3,20,930,1,2,1,1,6,75115,M,,,75
200800015162,8,3,20,2240,5,2,3,2,3,75115,M,,,75
200800015163,8,3,21,1015,1,2,1,1,2,75115,M,,,75
200800015164,8,3,21,1020,1,2,2,2,3,75115,M,,,75
200800015165,8,3,21,1305,1,2,1,2,1,75115,M,,,75
200800015166,8,3,21,1805,1,2,2,1,6,75115,M,,,75
200800015167,8,3,21,2125,5,2,1,1,6,75115,M,,,75
200800015168,8,3,21,2115,3,2,2,1,3,75115,M,,,75
200800015169,8,3,22,1750,1,2,1,2,2,75115,M,,,75
200800015170,8,3,24,2245,5,2,2,8,2,75115,M,,,75
200800015171,8,3,25,905,1,2,1,1,6,75115,M,,,75
200800015172,8,3,25,1205,1,2,3,1,3,75115,M,,,75
200800015173,8,3,25,1745,1,2,3,8,6,75115,M,,,75
200800015174,8,3,27,950,1,2,1,1,6,75115,M,,,75
200800015175,8,3,29,1840,1,2,1,1,3,75115,M,,,75
200800015176,8,3,30,935,1,2,2,8,6,75115,M,,,75
200800015177,8,3,30,1500,1,2,1,2,6,75115,M,,,75
200800015178,8,3,30,2045,5,2,1,2,5,75115,M,,,75
200800015179,8,3,31,1815,1,2,1,1,6,75115,M,,,75
200800015180,8,3,31,1900,1,2,1,1,6,75115,M,,,75
200800015181,8,3,2,430,5,2,1,1,6,75116,M,,,75
200800015182,8,3,3,840,1,2,2,2,3,75116,M,,,75
200800015183,8,3,4,1355,1,2,1,1,6,75116,M,,,75
200800015184,8,3,4,1405,1,2,2,1,3,75116,M,,,75
200800015185,8,3,4,1640,1,2,2,8,3,75116,M,,,75
200800015186,8,3,7,750,1,2,5,1,6,75116,M,,,75
200800015187,8,3,8,644,2,2,1,1,7,75116,M,,,75
200800015188,8,3,10,810,1,2,1,6,1,75116,M,,,75
200800015189,8,3,10,845,1,2,1,6,7,75116,M,,,75
200800015190,8,3,11,2115,5,2,1,1,3,75116,M,,,75
200800015191,8,3,13,945,1,2,1,1,6,75116,M,,,75
200800015192,8,3,13,2130,5,2,2,2,6,75116,M,,,75
200800015193,8,3,14,1250,1,2,1,1,7,75116,M,,,75
200800015194,8,3,14,1715,1,2,1,8,3,75116,M,,,75
200800015195,8,3,15,455,5,2,2,1,7,75116,M,,,75
200800015196,8,3,15,1925,5,2,3,3,6,75116,M,,,75
200800015197,8,3,16,2230,5,2,3,2,6,75107,M,,,75
200800015198,8,3,17,1415,1,2,1,1,2,75116,M,,,75
200800015199,8,3,17,2010,5,2,1,8,7,75116,M,,,75
200800015200,8,3,17,2310,5,2,2,1,6,75116,M,,,75
200800015201,8,3,18,705,1,2,1,1,6,75116,M,,,75
200800015202,8,3,18,800,1,2,3,1,3,75116,M,,,75
200800015203,8,3,18,851,1,2,4,1,6,75116,M,,,75
200800015204,8,3,18,1400,1,2,1,1,3,75116,M,,,75
200800015205,8,3,18,1620,1,2,1,8,6,75116,M,,,75
200800015206,8,3,19,105,5,2,1,1,6,75116,M,,,75
200800015207,8,3,19,1330,1,2,1,2,3,75116,M,,,75
200800015208,8,3,19,2130,5,2,1,1,6,75116,M,,,75
200800015209,8,3,20,1600,1,2,1,1,6,75116,M,,,75
200800015210,8,3,20,1620,1,2,1,1,3,75116,M,,,75
200800015211,8,3,20,2240,5,2,1,3,2,75116,M,,,75
200800015212,8,3,21,845,1,2,1,2,6,75116,M,,,75
200800015213,8,3,21,800,1,2,2,3,3,75116,M,,,75
200800015214,8,3,21,1020,1,2,1,2,3,75116,M,,,75
200800015215,8,3,21,1050,1,2,2,2,3,75116,M,,,75
200800015216,8,3,21,1345,1,2,1,2,3,75116,M,,,75
200800015217,8,3,21,1445,1,2,1,1,3,75116,M,,,75
200800015218,8,3,21,1532,1,2,1,1,3,75116,M,,,75
200800015219,8,3,22,1200,1,2,1,1,3,75116,M,,,75
200800015220,8,3,22,1410,1,2,1,2,6,75116,M,,,75
200800015221,8,3,22,1925,5,2,1,3,3,75116,M,,,75
200800015222,8,3,23,1048,1,2,1,1,7,75116,M,,,75
200800015223,8,3,23,1145,1,2,1,1,6,75116,M,,,75
200800015224,8,3,24,1730,1,2,2,2,2,75116,M,,,75
200800015225,8,3,25,820,1,2,2,8,3,75116,M,,,75
200800015226,8,3,25,1535,1,2,1,1,2,75116,M,,,75
200800015227,8,3,25,1230,1,2,1,1,7,75116,M,,,75
200800015228,8,3,26,905,1,2,1,1,2,75116,M,,,75
200800015229,8,3,26,1440,1,2,2,2,3,75116,M,,,75
200800015230,8,3,26,1635,1,2,7,2,6,75116,M,,,75
200800015231,8,3,26,2220,5,2,1,1,3,75116,M,,,75
200800015232,8,3,27,815,1,2,1,2,3,75116,M,,,75
200800015233,8,3,27,1150,1,2,1,1,2,75116,M,,,75
200800015234,8,3,28,800,1,2,2,1,6,75116,M,,,75
200800015235,8,3,29,1300,1,2,1,1,4,75116,M,,,75
200800015236,8,3,29,1815,1,2,7,1,3,75117,M,,,75
200800015237,8,3,30,1305,1,2,1,3,6,75116,M,,,75
200800015238,8,3,31,1305,1,2,1,1,6,75116,M,,,75
200800015239,8,3,1,545,5,2,2,2,3,75117,M,,,75
200800015240,8,3,3,936,1,2,1,2,6,75117,M,,,75
200800015241,8,3,3,1330,1,2,3,1,6,75117,M,,,75
200800015242,8,3,4,1600,1,2,1,2,6,75117,M,,,75
200800015243,8,3,4,1753,2,2,1,3,1,75117,M,,,75
200800015244,8,3,4,1405,1,2,1,1,6,75117,M,,,75
200800015245,8,3,5,900,1,2,1,1,6,75117,M,,,75
200800015246,8,3,5,1930,5,2,2,1,3,75117,M,,,75
200800015247,8,3,7,850,1,2,1,1,2,75117,M,,,75
200800015248,8,3,7,1500,1,2,2,1,6,75117,M,,,75
200800015249,8,3,9,110,5,2,2,1,3,75117,M,,,75
200800015250,8,3,9,245,5,2,1,1,3,75109,M,,,75
200800015251,8,3,10,415,5,2,6,1,6,75117,M,,,75
200800015252,8,3,10,1150,1,2,1,3,7,75117,M,,,75
200800015253,8,3,11,1630,1,2,3,1,3,75117,M,,,75
200800015254,8,3,12,1130,1,2,2,1,3,75117,M,,,75
200800015255,8,3,12,1310,1,2,1,1,2,75117,M,,,75
200800015256,8,3,13,2225,5,2,5,2,3,75117,M,,,75
200800015257,8,3,13,1327,1,2,1,8,6,75117,M,,,75
200800015258,8,3,14,1800,1,2,1,8,6,75117,M,,,75
200800015259,8,3,15,1215,1,2,1,1,6,75117,M,,,75
200800015260,8,3,16,200,5,2,3,2,3,75117,M,,,75
200800015261,8,3,15,2130,5,2,2,2,3,75117,M,,,75
200800015262,8,3,16,2030,5,2,2,1,3,75117,M,,,75
200800015263,8,3,17,1730,1,2,1,1,6,75117,M,,,75
200800015264,8,3,18,1315,1,2,1,1,4,75117,M,,,75
200800015265,8,3,18,2010,5,2,1,1,6,75117,M,,,75
200800015266,8,3,19,1710,1,2,1,2,6,75117,M,,,75
200800015267,8,3,22,1821,1,2,1,2,6,75117,M,,,75
200800015268,8,3,23,2050,5,2,1,2,6,75117,M,,,75
200800015269,8,3,25,830,1,2,4,1,3,75117,M,,,75
200800015270,8,3,25,930,1,2,1,1,2,75117,M,,,75
200800015271,8,3,25,1320,1,2,6,1,3,75117,M,,,75
200800015272,8,3,25,1500,1,2,2,1,3,75117,M,,,75
200800015273,8,3,26,1235,1,2,4,1,3,75117,M,,,75
200800015274,8,3,26,1535,1,2,1,2,6,75117,M,,,75
200800015275,8,3,27,2255,5,2,1,1,6,75117,M,,,75
200800015276,8,3,30,2015,5,2,1,2,6,75117,M,,,75
200800015277,8,3,30,2100,5,2,1,2,6,75117,M,,,75
200800015278,8,3,31,726,2,2,1,1,3,75117,M,,,75
200800015279,8,3,13,1555,1,2,1,2,6,75118,M,,,75
200800015280,8,3,2,700,2,2,1,1,2,75118,M,,,75
200800015281,8,3,2,1100,1,2,2,1,6,75118,M,,,75
200800015282,8,3,2,1600,1,2,3,1,3,75118,M,,,75
200800015283,8,3,3,2100,5,2,1,2,3,75118,M,,,75
200800015284,8,3,4,2115,5,2,2,8,6,75118,M,,,75
200800015285,8,3,5,1140,1,2,5,1,3,75119,M,,,75
200800015286,8,3,8,1400,1,2,3,1,6,75118,M,,,75
200800015287,8,3,8,1810,1,2,2,1,1,75118,M,,,75
200800015288,8,3,8,2245,5,2,1,1,6,75118,M,,,75
200800015289,8,3,9,5,5,2,1,1,6,75118,M,,,75
200800015290,8,3,10,1105,1,2,2,2,3,75118,M,,,75
200800015291,8,3,11,900,1,2,2,1,3,75118,M,,,75
200800015292,8,3,11,1920,5,2,1,2,1,75118,M,,,75
200800015293,8,3,12,1340,1,2,1,1,6,75118,M,,,75
200800015294,8,3,13,725,1,2,1,1,7,75118,M,,,75
200800015295,8,3,13,1300,1,2,2,1,3,75118,M,,,75
200800015296,8,3,15,1730,1,2,1,1,3,75118,M,,,75
200800015297,8,3,16,1925,5,2,1,2,6,75118,M,,,75
200800015298,8,3,18,1155,1,2,2,1,3,75118,M,,,75
200800015299,8,3,18,1715,1,2,2,8,6,75118,M,,,75
200800015300,8,3,19,1355,1,2,2,1,6,75118,M,,,75
200800015301,8,3,19,1700,1,2,2,1,3,75118,M,,,75
200800015302,8,3,19,1655,1,2,1,1,6,75118,M,,,75
200800015303,8,3,19,1750,1,2,1,2,6,75118,M,,,75
200800015304,8,3,20,1645,1,2,1,1,6,75118,M,,,75
200800015305,8,3,20,1830,1,2,1,8,7,75118,M,,,75
200800015306,8,3,21,1300,1,2,1,1,6,75118,M,,,75
200800015307,8,3,21,1900,2,2,1,8,6,75118,M,,,75
200800015308,8,3,22,1040,1,2,1,2,6,75118,M,,,75
200800015309,8,3,22,1600,1,2,1,8,6,75118,M,,,75
200800015310,8,3,23,615,5,2,1,1,6,75118,M,,,75
200800015311,8,3,24,1145,1,2,1,1,6,75118,M,,,75
200800015312,8,3,24,1240,1,2,1,1,6,75118,M,,,75
200800015313,8,3,26,1952,5,2,1,1,7,75118,M,,,75
200800015314,8,3,27,1725,1,2,1,1,3,75118,M,,,75
200800015315,8,3,28,30,5,2,2,1,3,75118,M,,,75
200800015316,8,3,29,500,5,2,9,1,6,75118,M,,,75
200800015317,8,3,29,1530,1,2,1,1,3,75118,M,,,75
200800015318,8,3,30,325,5,2,2,1,3,75118,M,,,75
200800015319,8,3,30,1325,1,2,1,3,6,75118,M,,,75
200800015320,8,3,30,2115,5,2,1,2,3,75118,M,,,75
200800015321,8,3,31,2120,5,2,1,1,6,75118,M,,,75
200800015322,8,3,1,1520,1,2,1,1,6,75119,M,,,75
200800015323,8,3,3,1515,1,2,1,1,3,75119,M,,,75
200800015324,8,3,4,1520,1,2,1,1,6,75119,M,,,75
200800015325,8,3,8,1745,5,2,1,1,6,75119,M,,,75
200800015326,8,3,9,1505,1,2,1,2,7,75119,M,,,75
200800015327,8,3,10,700,2,2,1,2,6,75119,M,,,75
200800015328,8,3,10,1245,1,2,1,2,6,75119,M,,,75
200800015329,8,3,10,1505,1,2,1,2,6,75119,M,,,75
200800015330,8,3,11,850,1,2,1,1,2,75119,M,,,75
200800015331,8,3,11,1430,1,2,1,2,6,75119,M,,,75
200800015332,8,3,11,1620,1,2,1,2,6,75119,M,,,75
200800015333,8,3,11,1655,1,2,1,8,2,75119,M,,,75
200800015334,8,3,13,1100,1,2,1,1,6,75119,M,,,75
200800015335,8,3,13,1510,1,2,3,2,3,75119,M,,,75
200800015336,8,3,13,1955,3,2,1,2,6,75119,M,,,75
200800015337,8,3,9,520,5,2,1,1,7,75119,M,,,75
200800015338,8,3,14,8,5,2,5,2,6,75119,M,,,75
200800015339,8,3,16,950,1,2,1,8,6,75119,M,,,75
200800015340,8,3,17,630,2,2,1,1,3,75119,M,,,75
200800015341,8,3,17,740,1,2,1,1,6,75119,M,,,75
200800015342,8,3,17,1120,1,2,3,1,3,75119,M,,,75
200800015343,8,3,18,1500,1,2,1,1,6,75119,M,,,75
200800015344,8,3,18,1700,1,2,2,1,3,75110,M,,,75
200800015345,8,3,19,15,5,2,5,1,3,75119,M,,,75
200800015346,8,3,20,1250,1,2,2,1,3,75119,M,,,75
200800015347,8,3,20,2140,5,2,1,1,2,75119,M,,,75
200800015348,8,3,21,1330,1,2,2,8,6,75119,M,,,75
200800015349,8,3,21,1840,1,2,1,1,6,75119,M,,,75
200800015350,8,3,21,2035,5,2,1,1,2,75119,M,,,75
200800015351,8,3,21,2330,5,2,1,2,6,75119,M,,,75
200800015352,8,3,22,1230,1,2,1,1,3,75119,M,,,75
200800015353,8,3,24,1305,1,2,3,1,3,75119,M,,,75
200800015354,8,3,27,505,3,2,2,3,6,75119,M,,,75
200800015355,8,3,27,1835,1,2,1,1,7,75119,M,,,75
200800015356,8,3,27,1920,5,2,1,1,6,75119,M,,,75
200800015357,8,3,31,700,2,2,1,8,3,75119,M,,,75
200800015358,8,3,31,1200,1,2,1,1,6,75119,M,,,75
200800015359,8,3,31,1450,1,2,1,1,6,75119,M,,,75
200800015360,8,3,31,1835,1,2,5,1,3,75119,M,,,75
200800015361,8,3,31,2340,5,2,1,1,3,75119,M,,,75
200800015362,8,3,1,1455,1,2,1,1,6,75120,M,,,75
200800015363,8,3,2,1235,1,2,1,1,3,75120,M,,,75
200800015364,8,3,2,1532,1,2,1,1,6,75120,M,,,75
200800015365,8,3,6,827,1,2,5,1,7,75120,M,,,75
200800015366,8,3,6,2000,5,2,3,1,3,75120,M,,,75
200800015367,8,3,8,1540,1,2,5,1,3,75120,M,,,75
200800015368,8,3,9,2310,5,2,1,2,6,75120,M,,,75
200800015369,8,3,11,730,1,2,4,1,2,75120,M,,,75
200800015370,8,3,11,1200,1,2,3,8,6,75120,M,,,75
200800015371,8,3,14,1234,1,2,1,8,3,75120,M,,,75
200800015372,8,3,13,1800,2,2,1,2,6,75120,M,,,75
200800015373,8,3,14,1700,1,2,1,1,6,75120,M,,,75
200800015374,8,3,17,1910,5,2,2,1,6,75120,M,,,75
200800015375,8,3,21,1040,1,2,2,1,3,75120,M,,,75
200800015376,8,3,24,1316,1,2,1,1,3,75120,M,,,75
200800015377,8,3,25,1020,1,2,1,1,3,75120,M,,,75
200800015378,8,3,25,1425,1,2,1,1,6,75120,M,,,75
200800015379,8,3,25,1820,1,2,1,1,6,75120,M,,,75
200800015380,8,3,28,1000,1,2,1,2,6,75120,M,,,75
200800015381,8,3,28,1350,1,2,1,8,3,75120,M,,,75
200800015382,8,3,29,5,5,2,1,1,7,75111,M,,,75
200800015383,8,3,29,1410,1,2,1,1,6,75120,M,,,75
200800015384,8,3,29,1500,1,2,3,1,3,75120,M,,,75
200800015385,8,3,31,1253,1,2,3,1,3,75120,M,,,75
200800015386,8,3,1,640,5,2,1,2,6,75120,M,,,75
200800015387,8,3,1,1330,1,2,1,1,6,75112,M,,,75
200800015388,8,3,2,2110,5,2,1,2,3,75119,M,,,75
200800015389,8,3,3,1120,1,2,2,1,3,75110,M,,,75
200800015390,8,3,4,625,2,2,5,1,3,75102,M,,,75
200800015391,8,3,4,1630,1,2,1,2,2,75115,M,,,75
200800015392,8,3,5,2200,5,2,2,1,3,75106,M,,,75
200800015393,8,3,6,1920,5,2,3,1,3,75116,M,,,75
200800015394,8,3,7,935,1,2,1,1,3,75120,M,,,75
200800015395,8,3,7,1315,1,2,1,1,6,75114,M,,,75
200800015396,8,3,7,1530,1,2,2,8,6,75113,M,,,75
200800015397,8,3,8,658,2,2,1,1,6,75109,M,,,75
200800015398,8,3,10,1930,5,2,1,2,6,75113,M,,,75
200800015399,8,3,11,1115,1,2,2,1,3,75116,M,,,75
200800015400,8,3,11,1350,1,2,1,2,6,75115,M,,,75
200800015401,8,3,11,1830,4,2,2,2,3,75112,M,,,75
200800015402,8,3,12,200,5,2,1,2,6,75103,M,,,75
200800015403,8,3,12,730,1,2,1,1,3,75120,M,,,75
200800015404,8,3,12,1335,1,2,2,1,6,75103,M,,,75
200800015405,8,3,12,2005,5,2,1,1,6,75104,M,,,75
200800015406,8,3,12,2025,5,2,1,1,6,75107,M,,,75
200800015407,8,3,13,800,1,2,1,1,6,75112,M,,,75
200800015408,8,3,13,1020,1,2,1,1,6,75115,M,,,75
200800015409,8,3,13,1025,1,2,1,1,6,75116,M,,,75
200800015410,8,3,13,1245,1,2,2,1,6,75113,M,,,75
200800015411,8,3,13,1650,1,2,1,1,6,75113,M,,,75
200800015412,8,3,14,340,5,2,1,1,6,75110,M,,,75
200800015413,8,3,15,810,1,2,1,1,2,75106,M,,,75
200800015414,8,3,15,1830,5,2,1,2,3,75115,M,,,75
200800015415,8,3,16,1745,1,2,1,2,7,75115,M,,,75
200800015416,8,3,18,1350,1,2,3,1,2,75116,M,,,75
200800015417,8,3,18,1835,1,2,3,3,6,75115,M,,,75
200800015418,8,3,19,30,5,2,1,1,6,75103,M,,,75
200800015419,8,3,19,1315,1,2,1,1,4,75108,M,,,75
200800015420,8,3,20,955,1,2,1,1,2,75120,M,,,75
200800015421,8,3,20,1255,1,2,1,1,3,75114,M,,,75
200800015422,8,3,21,910,1,2,1,1,2,75112,M,,,75
200800015423,8,3,21,1150,1,2,1,3,6,75119,M,,,75
200800015424,8,3,21,1410,1,2,1,2,6,75110,M,,,75
200800015425,8,3,21,1640,1,2,1,1,7,75116,M,,,75
200800015426,8,3,23,1830,3,2,1,1,3,75108,M,,,75
200800015427,8,3,24,715,1,2,2,1,3,75109,M,,,75
200800015428,8,3,25,430,5,2,1,1,6,75104,M,,,75
200800015429,8,3,25,1205,1,2,1,1,6,75119,M,,,75
200800015430,8,3,26,2245,5,2,2,1,3,75120,M,,,75
200800015431,8,3,27,1955,5,2,1,1,6,75110,M,,,75
200800015432,8,3,28,950,1,2,1,1,2,75112,M,,,75
200800015433,8,3,28,1420,1,2,2,1,3,75115,M,,,75
200800015434,8,3,28,1805,1,2,2,2,3,75103,M,,,75
200800015435,8,3,29,1020,1,2,3,1,6,75117,M,,,75
200800015436,8,3,30,1850,1,2,1,3,7,75117,M,,,75
200800015437,8,3,31,1900,1,2,1,1,4,75104,M,,,75
200800015438,8,3,1,1530,1,2,1,1,2,75113,M,,,75
200800015439,8,3,2,1620,1,2,1,1,3,75119,M,,,75
200800015440,8,3,3,1300,1,2,1,1,3,75119,M,,,75
200800015441,8,3,3,2230,5,2,1,2,6,75118,M,,,75
200800015442,8,3,4,1925,2,2,1,1,3,75113,M,,,75
200800015443,8,3,5,1830,5,2,1,1,6,75116,M,,,75
200800015444,8,3,5,2010,5,2,1,1,4,75119,M,,,75
200800015445,8,3,6,20,5,2,1,1,7,75113,M,,,75
200800015446,8,3,6,540,5,2,1,1,6,75113,M,,,75
200800015447,8,3,7,845,1,2,4,1,5,75114,M,,,75
200800015448,8,3,7,1245,1,2,1,1,2,75114,M,,,75
200800015449,8,3,7,1630,1,2,1,8,2,75119,M,,,75
200800015450,8,3,7,1820,2,2,1,2,7,75117,M,,,75
200800015451,8,3,8,1010,1,2,1,1,7,75115,M,,,75
200800015452,8,3,10,1450,1,2,4,2,6,75116,M,,,75
200800015453,8,3,10,1755,1,2,1,2,7,75114,M,,,75
200800015454,8,3,10,1950,5,2,1,2,7,75113,M,,,75
200800015455,8,3,11,740,1,2,1,1,5,75116,M,,,75
200800015456,8,3,11,1015,1,2,1,1,2,75112,M,,,75
200800015457,8,3,11,1045,1,2,1,1,7,75117,M,,,75
200800015458,8,3,12,710,1,2,1,1,4,75118,M,,,75
200800015459,8,3,13,30,5,2,1,1,6,75113,M,,,75
200800015460,8,3,14,2030,5,2,1,1,4,75113,M,,,75
200800015461,8,3,15,1315,1,2,1,1,6,75114,M,,,75
200800015462,8,3,15,2020,5,2,1,2,3,75115,M,,,75
200800015463,8,3,16,800,1,2,1,2,6,75112,M,,,75
200800015464,8,3,17,1910,5,2,1,1,3,75112,M,,,75
200800015465,8,3,18,830,1,2,1,1,3,75113,M,,,75
200800015466,8,3,19,935,1,2,1,1,2,75120,M,,,75
200800015467,8,3,19,1725,1,2,1,1,4,75120,M,,,75
200800015468,8,3,20,1115,1,2,1,1,2,75113,M,,,75
200800015469,8,3,23,430,5,2,1,9,2,75112,M,,,75
200800015470,8,3,26,930,1,2,1,1,7,75112,M,,,75
200800015471,8,3,26,1520,1,2,1,2,3,75116,M,,,75
200800015472,8,3,27,1045,1,2,1,2,3,75118,M,,,75
200800015473,8,3,27,1220,1,2,1,1,3,75117,M,,,75
200800015474,8,3,27,1820,2,2,1,1,6,75118,M,,,75
200800015475,8,3,28,940,1,2,1,1,6,75117,M,,,75
200800015476,8,3,28,1610,1,2,1,1,2,75112,M,,,75
200800015477,8,3,28,1900,5,2,1,2,3,75116,M,,,75
200800015478,8,3,28,2045,5,2,1,8,6,75118,M,,,75
200800015479,8,3,28,2115,5,2,1,8,3,75112,M,,,75
200800015480,8,3,29,1300,1,2,1,1,4,75119,M,,,75
200800015481,8,3,29,1301,1,2,1,1,4,75119,M,,,75
200800015482,8,3,29,1640,1,2,1,1,4,75114,M,,,75
200800015483,8,3,29,1550,1,2,1,1,5,75113,M,,,75
200800015484,8,3,29,1745,1,2,1,1,2,75120,M,,,75
200800015485,8,3,31,1600,1,2,1,2,7,75117,M,,,75
200800015486,8,2,28,2105,5,2,2,1,3,10387,M,,,10
200800015487,8,2,2,1200,1,1,1,1,2,30028,M,,,30
200800015488,8,2,10,1855,3,1,2,1,3,30028,M,,,30
200800015489,8,1,3,1050,1,2,2,1,3,47201,M,,,47
200800015490,8,1,5,1000,1,2,1,1,6,47032,M,,,47
200800015491,8,1,16,745,1,2,1,1,6,47001,M,,,47
200800015492,8,1,18,1759,1,2,1,1,6,47001,M,,,47
200800015493,8,1,21,655,2,2,1,1,3,47001,M,,,47
200800015494,8,1,21,1438,1,2,1,1,2,47001,M,,,47
200800015495,8,1,21,1820,1,2,1,1,3,47201,M,,,47
200800015496,8,1,21,1915,2,2,1,5,3,47001,M,,,47
200800015497,8,2,8,1000,1,2,1,1,6,47001,M,,,47
200800015498,8,2,8,1356,1,2,1,1,3,47201,M,,,47
200800015499,8,2,13,948,1,2,2,1,3,47001,M,,,47
200800015500,8,2,20,1814,1,2,1,1,3,47001,M,,,47
200800015501,8,2,29,425,5,2,1,1,6,47001,M,,,47
200800015502,8,2,1,1200,1,1,1,8,7,76216,M,,,76
200800015503,8,2,1,1935,5,2,1,2,6,76540,M,,,76
200800015504,8,2,1,1550,1,2,1,7,3,76212,M,,,76
200800015505,8,2,2,925,1,2,2,9,6,76681,M,,,76
200800015506,8,2,5,145,5,2,6,3,7,76212,M,,,76
200800015507,8,2,4,800,1,2,1,8,3,76540,M,,,76
200800015508,8,2,5,830,1,2,3,3,3,76540,M,,,76
200800015509,8,2,5,1530,1,2,2,1,3,76451,M,,,76
200800015510,8,2,5,2225,5,2,1,2,6,76497,M,,,76
200800015511,8,2,6,810,2,1,1,1,7,76005,M,,,76
200800015512,8,2,7,1915,5,1,1,1,2,76484,M,,,76
200800015513,8,2,7,1405,1,2,2,1,3,76103,M,,,76
200800015514,8,2,7,1220,1,2,1,1,6,76540,M,,,76
200800015515,8,2,7,1230,1,2,1,1,2,76108,M,,,76
200800015516,8,2,9,1630,1,2,1,1,3,76498,M,,,76
200800015517,8,2,8,1850,5,2,1,1,6,76575,M,,,76
200800015518,8,2,11,855,1,2,3,1,3,76681,M,,,76
200800015519,8,2,12,815,1,2,3,1,3,76484,M,,,76
200800015520,8,2,12,1030,1,2,1,9,6,76216,M,,,76
200800015521,8,2,13,1000,1,2,1,1,6,76575,M,,,76
200800015522,8,2,13,1540,1,2,1,1,3,76540,M,,,76
200800015523,8,2,13,1750,1,1,1,1,7,76484,M,,,76
200800015524,8,2,13,2015,5,2,1,1,5,76681,M,,,76
200800015525,8,2,13,1830,5,2,1,1,3,76216,M,,,76
200800015526,8,2,13,1550,1,2,1,1,3,76540,M,,,76
200800015527,8,2,15,2109,5,2,1,1,3,76540,M,,,76
200800015528,8,2,16,1515,1,2,1,1,3,76157,M,,,76
200800015529,8,2,16,2015,5,1,1,1,7,76108,M,,,76
200800015530,8,2,17,1155,1,2,1,1,7,76540,M,,,76
200800015531,8,2,19,1430,1,2,1,1,3,76540,M,,,76
200800015532,8,2,20,500,5,2,1,1,3,76540,M,,,76
200800015533,8,2,20,1100,1,2,1,8,2,76216,M,,,76
200800015534,8,2,22,1345,1,2,1,1,7,76451,M,,,76
200800015535,8,2,22,1900,5,2,3,1,3,76540,M,,,76
200800015536,8,2,23,2105,5,2,1,1,7,76484,M,,,76
200800015537,8,2,25,815,2,1,1,8,2,76497,M,,,76
200800015538,8,2,25,2215,5,2,1,1,6,76540,M,,,76
200800015539,8,2,26,1210,1,2,1,2,2,76322,M,,,76
200800015540,8,2,26,1200,1,2,1,3,3,76319,M,,,76
200800015541,8,2,26,1215,1,2,1,2,6,76540,M,,,76
200800015542,8,2,26,1335,1,2,1,2,3,76540,M,,,76
200800015543,8,2,27,740,1,2,1,1,6,76451,M,,,76
200800015544,8,2,27,1155,1,2,1,1,6,76681,M,,,76
200800015545,8,2,28,1220,1,2,1,2,3,76540,M,,,76
200800015546,8,2,28,1650,1,2,3,9,3,76319,M,,,76
200800015547,8,2,28,1705,1,1,1,1,2,76575,M,,,76