Num_Acc,an,mois,jour,hrmn,lum,agg,int,atm,col,com,gps,lat,long,dep
200800015548,8,2,29,1620,1,2,1,1,6,76474,M,,,76
200800015549,8,2,29,1030,1,1,1,1,3,76322,M,,,76
200800015550,8,1,15,1645,2,1,1,3,3,77013,M,,,77
200800015551,8,1,16,2000,5,2,1,2,6,77131,M,,,77
200800015552,8,1,25,820,1,1,1,5,7,77028,M,,,77
200800015553,8,2,6,820,1,1,1,8,3,77028,M,,,77
200800015554,8,2,8,845,1,2,1,9,7,77131,M,,,77
200800015555,8,2,13,1700,1,2,3,1,3,77131,M,,,77
200800015556,8,2,23,1830,5,2,2,1,1,77320,M,,,77
200800015557,8,2,28,1820,2,2,1,2,3,77320,M,,,77
200800015558,8,2,11,1420,1,2,3,1,7,77118,M,,,77
200800015559,8,2,15,1910,5,1,1,1,3,77118,M,,,77
200800015560,8,2,24,1555,1,1,1,1,7,77118,M,,,77
200800015561,8,2,22,1300,1,2,1,1,1,77118,M,,,77
200800015562,8,2,24,1645,1,1,1,1,3,77118,M,,,77
200800015563,8,2,18,755,1,1,4,1,3,78172,M,,,78
200800015564,8,2,14,835,2,2,4,1,2,78172,M,,,78
200800015565,8,2,12,1150,1,2,2,7,7,78172,M,,,78
200800015566,8,2,27,1645,1,2,2,1,3,78138,M,,,78
200800015567,8,2,17,930,1,2,3,1,7,78005,M,,,78
200800015568,8,2,22,1500,1,2,1,1,7,78015,M,,,78
200800015569,8,1,27,1035,1,2,2,1,6,93072,M,,,93
200800015570,8,3,23,1115,1,2,1,1,6,59051,M,5053400.0,280300.0,59
200800015571,8,3,14,745,1,1,2,8,3,59478,M,,,59
200800015572,8,3,17,2130,3,1,1,1,6,59262,M,0.0,0.0,59
200800015573,8,3,6,800,1,1,8,1,6,59044,M,5062300.0,322400.0,59
200800015574,8,3,2,1,3,2,1,2,7,59348,M,5028000.0,335600.0,59
200800015575,8,3,22,1100,1,1,1,8,1,59036,M,5013400.0,393200.0,59
200800015576,8,3,26,1445,1,2,1,1,6,59472,M,5016800.0,366400.0,59
200800015577,8,3,9,430,5,2,1,1,6,59445,M,0.0,0.0,59
200800015578,8,3,13,830,1,1,1,1,1,59216,M,0.0,0.0,59
200800015579,8,3,5,730,2,2,1,4,6,59139,M,5012700.0,341500.0,59
200800015580,8,3,9,545,5,2,1,1,6,59321,M,5012600.0,346700.0,59
200800015581,8,3,20,1615,1,2,1,8,5,59063,M,5014600.0,337600.0,59
200800015582,8,3,25,1415,1,2,1,1,7,59311,M,0.0,0.0,59
200800015583,8,3,28,2245,3,1,1,1,7,59541,M,5019500.0,344900.0,59
200800015584,8,3,8,1445,1,2,1,1,3,59617,M,5025000.0,385000.0,59
200800015585,8,3,12,1630,1,1,4,6,1,59315,M,5031300.0,378300.0,59
200800015586,8,3,31,2345,3,1,1,1,6,62290,M,5033000.0,276400.0,62
200800015587,8,3,19,1700,1,2,1,1,1,62252,M,5058200.0,271500.0,62
200800015588,8,3,17,1445,1,1,1,1,5,62896,M,0.0,0.0,62
200800015589,8,3,16,115,3,1,1,2,7,62408,M,0.0,0.0,62
200800015590,8,3,21,215,3,1,1,2,7,62334,M,0.0,0.0,62
200800015591,8,3,27,1945,3,1,1,8,7,62849,M,5040200.0,166300.0,62
200800015592,8,3,1,915,1,2,1,7,6,62811,M,0.0,0.0,62
200800015593,8,3,29,2100,3,1,1,1,6,62294,M,5060500.0,228000.0,62
200800015594,8,3,29,545,2,2,1,1,1,62436,M,0.0,0.0,62
200800015595,8,3,30,945,1,1,1,2,7,62269,M,5044500.0,245800.0,62
200800015596,8,3,15,1700,2,1,1,2,1,62477,M,5032000.0,251600.0,62
200800015597,8,3,21,845,1,1,1,1,1,62045,M,0.0,0.0,62
200800015598,8,3,24,1600,1,1,1,1,6,62199,M,5037000.0,265000.0,62
200800015599,8,3,11,1500,1,2,1,1,6,80338,M,0.0,0.0,80
200800015600,8,3,1,15,5,2,1,6,6,80456,M,4980600.0,179700.0,80
200800015601,8,3,27,2100,3,1,1,1,1,80013,M,0.0,0.0,80
200800015602,8,3,12,1430,1,2,1,6,6,80624,M,5000300.0,237600.0,80
200800015603,8,3,22,1645,1,2,1,4,6,80746,M,0.0,0.0,80
200800015604,8,3,11,1700,1,2,6,1,6,80096,M,0.0,0.0,80
200800015605,8,3,7,1345,1,1,1,1,1,80633,M,5021000.0,168300.0,80
200800015606,8,3,9,215,3,1,1,2,6,80217,M,0.0,0.0,80
200800015607,8,3,9,445,5,2,1,2,6,80122,M,0.0,0.0,80
200800015608,8,3,22,2000,3,1,1,2,6,80166,M,5005500.0,222000.0,80
200800015609,8,3,15,800,1,1,1,8,6,80452,M,0.0,0.0,80
200800015610,8,3,21,1400,1,1,1,1,1,80570,M,0.0,0.0,80
200800015611,8,3,26,1030,1,1,1,1,6,80595,M,0.0,0.0,80
200800015612,8,3,8,515,5,2,1,1,7,80620,M,0.0,0.0,80
200800015613,8,3,23,1615,1,1,1,1,7,80271,M,5002000.0,311900.0,80
200800015614,8,3,30,630,5,1,1,1,7,80801,M,4988400.0,288900.0,80
200800015615,8,3,10,1930,3,2,1,3,6,80172,M,4993100.0,275800.0,80
200800015616,8,3,20,1115,3,2,1,9,6,80058,M,0.0,0.0,80
200800015617,8,3,20,845,1,1,1,1,3,80417,M,0.0,0.0,80
200800015618,8,3,23,1445,1,1,1,1,1,02498,M,4957400.0,386400.0,02
200800015619,8,3,30,2015,3,1,1,1,3,02221,M,4904100.0,325300.0,02
200800015620,8,3,4,1050,1,1,1,1,2,02347,M,0.0,0.0,02
200800015621,8,3,9,230,3,1,1,1,6,02543,M,0.0,0.0,02
200800015622,8,3,18,1830,1,1,1,1,1,02137,M,0.0,0.0,02
200800015623,8,3,3,830,1,1,4,1,5,02095,M,4999700.0,345200.0,02
200800015624,8,3,18,2050,3,1,1,1,6,02063,M,4993900.0,324800.0,02
200800015625,8,3,26,1715,1,1,1,2,7,02756,M,4981000.0,330100.0,02
200800015626,8,3,6,2045,5,2,1,1,6,02148,M,0.0,0.0,02
200800015627,8,3,17,2240,3,1,1,1,6,02771,M,0.0,0.0,02
200800015628,8,3,22,900,1,1,1,2,4,02810,M,0.0,0.0,02
200800015629,8,3,25,730,1,1,1,4,2,02438,M,4930800.0,321400.0,02
200800015630,8,3,23,600,2,1,1,1,6,02666,M,0.0,0.0,02
200800015631,8,3,14,2000,3,1,1,1,6,60103,M,0.0,0.0,60
200800015632,8,3,11,15,3,1,1,6,6,60616,M,4937000.0,175000.0,60
200800015633,8,3,13,1700,2,1,1,2,7,60143,M,0.0,0.0,60
200800015634,8,3,2,2130,3,1,1,1,3,60388,M,0.0,0.0,60
200800015635,8,3,6,745,1,1,1,1,2,60136,M,0.0,0.0,60
200800015636,8,3,27,1315,1,1,1,2,6,60590,M,0.0,0.0,60
200800015637,8,3,16,1400,1,1,1,2,7,60218,M,0.0,0.0,60
200800015638,8,3,27,800,1,1,1,2,5,60330,M,0.0,0.0,60
200800015639,8,3,1,1500,1,2,1,1,1,60439,M,0.0,0.0,60
200800015640,8,3,10,2145,5,2,1,1,6,60574,M,0.0,0.0,60
200800015641,8,3,15,2230,3,1,1,3,1,60120,M,0.0,0.0,60
200800015642,8,3,2,830,1,1,1,1,3,60495,M,4952400.0,244500.0,60
200800015643,8,3,4,815,1,2,1,2,6,60537,M,4950600.0,293400.0,60
200800015644,8,3,9,1430,1,1,9,8,2,60534,M,0.0,0.0,60
200800015645,8,3,15,415,3,1,1,1,6,60582,M,4946500.0,295000.0,60
200800015646,8,3,24,1330,1,2,1,4,6,60392,M,4949500.0,285400.0,60
200800015647,8,3,7,1845,3,1,1,1,3,60281,M,0.0,0.0,60
200800015648,8,3,9,900,1,1,1,1,1,60318,M,0.0,0.0,60
200800015649,8,3,31,2330,5,2,1,1,6,60533,M,0.0,0.0,60
200800015650,8,3,28,2015,3,1,1,1,6,60181,M,4964000.0,303800.0,60
200800015651,8,3,9,2130,3,1,1,3,6,57194,M,0.0,0.0,57
200800015652,8,3,23,2200,3,1,1,4,7,60517,M,0.0,0.0,60
200800015653,8,3,31,1445,1,2,1,1,7,60139,M,0.0,0.0,60
200800015654,8,3,30,1830,1,1,1,1,1,60141,M,0.0,0.0,60
200800015655,8,3,8,1130,1,2,1,1,3,60589,M,0.0,0.0,60
200800015656,8,3,24,15,3,1,1,9,6,60320,M,4919200.0,303600.0,60
200800015657,8,3,28,1615,1,2,1,3,1,60046,M,0.0,0.0,60
200800015658,8,3,9,1130,1,1,1,2,2,60667,M,0.0,0.0,60
200800015659,8,3,8,2145,3,1,1,1,6,76367,M,0.0,0.0,76
200800015660,8,3,29,1715,1,1,1,1,1,76614,M,4945300.0,97200.0,76
200800015661,8,3,26,1600,1,1,2,2,1,76589,M,0.0,0.0,76
200800015662,8,3,3,700,2,2,1,3,6,76116,M,4939300.0,120500.0,76
200800015663,8,3,2,200,3,1,1,1,1,76636,M,0.0,0.0,76
200800015664,8,3,15,1300,1,2,1,1,1,76709,M,0.0,0.0,76
200800015665,8,3,27,2100,5,1,1,1,6,76164,M,4952500.0,69700.0,76
200800015666,8,3,8,1130,1,2,2,1,3,76258,M,0.0,0.0,76
200800015667,8,3,9,1015,1,1,2,1,3,76751,M,0.0,0.0,76
200800015668,8,3,26,600,2,1,1,1,2,76471,M,0.0,0.0,76
200800015669,8,3,13,1145,1,2,1,1,3,76260,M,0.0,0.0,76
200800015670,8,3,10,900,1,1,1,2,1,76043,M,4960300.0,73700.0,76
200800015671,8,3,28,1700,1,2,1,1,6,76758,M,0.0,0.0,76
200800015672,8,3,1,1415,1,2,1,1,6,76495,M,0.0,0.0,76
200800015673,8,3,29,1400,1,2,2,2,3,76289,M,0.0,0.0,76
200800015674,8,3,25,1545,1,2,1,1,6,76569,M,,,76
200800015675,8,3,4,1930,3,1,1,1,3,27615,M,0.0,0.0,27
200800015676,8,3,10,945,1,1,1,3,3,27650,M,0.0,0.0,27
200800015677,8,3,13,1500,1,1,2,2,3,27165,M,0.0,0.0,27
200800015678,8,3,15,1745,1,1,1,1,6,27147,M,0.0,0.0,27
200800015679,8,3,20,1600,1,1,1,1,6,27451,M,0.0,0.0,27
200800015680,8,3,15,2230,3,1,1,2,6,27510,M,4901700.0,135000.0,27
200800015681,8,3,10,600,3,1,1,6,1,27108,M,0.0,0.0,27
200800015682,8,3,22,2145,3,1,1,1,1,27383,M,0.0,0.0,27
200800015683,8,3,18,830,1,2,1,1,7,27440,M,0.0,0.0,27
200800015684,8,3,23,600,1,1,1,1,6,27070,M,0.0,0.0,27
200800015685,8,3,9,1700,1,2,1,3,1,27152,M,4921100.0,166800.0,27
200800015686,8,3,6,800,1,2,1,1,6,27013,M,0.0,0.0,27
200800015687,8,3,23,1030,1,1,1,1,3,27496,M,0.0,0.0,27
200800015688,8,3,13,545,5,2,1,1,6,27067,M,0.0,0.0,27
200800015689,8,3,29,1600,1,1,1,1,1,27067,M,0.0,0.0,27
200800015690,8,3,7,2200,3,1,1,1,6,27106,M,4911700.0,50900.0,27
200800015691,8,3,20,1915,5,1,6,1,3,27056,M,0.0,0.0,27
200800015692,8,3,23,1315,1,1,2,1,1,27516,M,0.0,0.0,27
200800015693,8,3,24,2130,3,1,1,1,6,27295,M,0.0,0.0,27
200800015694,8,3,10,1815,1,1,1,6,7,27290,M,4914200.0,78200.0,27
200800015695,8,3,16,400,3,1,1,1,6,27007,M,0.0,0.0,27
200800015696,8,3,2,1845,2,1,1,1,1,27348,M,4933200.0,115300.0,27
200800015697,8,3,29,1115,1,2,1,1,5,27348,M,4931700.0,115900.0,27
200800015698,8,3,18,2100,3,2,1,1,7,27428,M,4915100.0,90800.0,27
200800015699,8,3,9,1700,1,1,1,8,2,27092,M,0.0,0.0,27
200800015700,8,3,2,1100,1,1,4,1,2,35326,M,4834100.0,-151800.0,35
200800015701,8,3,24,815,1,1,1,1,6,35079,M,4822600.0,-163400.0,35
200800015702,8,3,12,1945,5,2,1,1,3,35340,M,0.0,0.0,35
200800015703,8,3,26,1515,1,1,1,2,3,35023,M,0.0,0.0,35
200800015704,8,3,1,130,3,1,1,1,7,35196,M,0.0,0.0,35
200800015705,8,3,16,1130,1,1,1,1,5,35196,M,0.0,0.0,35
200800015706,8,3,5,1615,1,1,6,1,7,35004,M,0.0,0.0,35
200800015707,8,3,17,1715,1,1,1,1,1,35191,M,0.0,0.0,35
200800015708,8,3,29,1330,1,1,1,6,7,35178,M,0.0,0.0,35
200800015709,8,3,13,830,1,2,1,7,6,35236,M,0.0,0.0,35
200800015710,8,3,11,930,3,1,1,1,7,35218,M,0.0,0.0,35
200800015711,8,3,1,2130,3,1,1,1,7,35328,M,0.0,0.0,35
200800015712,8,3,22,1445,1,1,1,8,7,35123,M,4802000.0,-182000.0,35
200800015713,8,3,27,1630,1,1,1,1,3,35219,M,0.0,0.0,35
200800015714,8,3,7,1730,1,1,1,1,6,35127,M,0.0,0.0,35
200800015715,8,3,22,545,3,1,1,2,1,35116,M,0.0,0.0,35
200800015716,8,3,28,1000,1,1,1,1,3,35306,M,0.0,0.0,35
200800015717,8,3,1,1200,1,1,1,1,6,35329,M,4852300.0,-151000.0,35
200800015718,8,3,5,1815,1,1,1,1,3,35078,M,0.0,0.0,35
200800015719,8,3,28,900,1,1,1,8,5,35207,M,0.0,0.0,35
200800015720,8,3,29,1700,1,1,1,1,1,35235,M,4791000.0,-119000.0,35
200800015721,8,3,28,1545,1,1,1,8,3,22151,M,0.0,0.0,22
200800015722,8,3,30,1900,1,1,1,8,3,22002,M,0.0,0.0,22
200800015723,8,3,31,1745,1,1,1,1,5,22165,M,0.0,0.0,22
200800015724,8,3,2,1500,1,1,1,8,7,22203,M,0.0,0.0,22
200800015725,8,3,20,1400,1,1,1,1,3,22155,M,4824900.0,-269600.0,22
200800015726,8,3,22,2315,3,1,1,2,3,22136,M,4817000.0,-271500.0,22
200800015727,8,3,7,1700,1,1,1,1,3,22162,M,0.0,0.0,22
200800015728,8,3,8,1000,1,1,1,1,3,22214,M,0.0,0.0,22
200800015729,8,3,15,630,2,1,1,1,6,22162,M,4875000.0,-304000.0,22
200800015730,8,3,26,1445,1,1,1,3,3,22233,M,4874600.0,-306800.0,22
200800015731,8,3,1,215,3,1,1,2,7,22054,M,0.0,0.0,22
200800015732,8,3,30,1930,1,1,1,2,1,22240,M,4824900.0,-222500.0,22
200800015733,8,3,22,230,3,1,1,4,6,22077,M,0.0,0.0,22
200800015734,8,3,27,1845,1,1,1,1,3,22255,M,4816700.0,-265200.0,22
200800015735,8,3,14,1600,1,1,1,1,1,22358,M,4861100.0,-317800.0,22
200800015736,8,3,19,1130,1,1,1,1,1,22091,M,4862600.0,-318300.0,22
200800015737,8,3,11,1345,1,1,1,6,1,22087,M,4827500.0,-336800.0,22
200800015738,8,3,15,700,2,1,1,1,7,22061,M,4825900.0,-343700.0,22
200800015739,8,3,2,2045,3,1,1,2,3,22227,M,4858200.0,-357000.0,22
200800015740,8,3,4,2000,5,1,1,1,3,22194,M,4864800.0,-362600.0,22
200800015741,8,3,15,215,3,1,1,6,6,22131,M,4852100.0,-348600.0,22
200800015742,8,3,24,1330,1,2,1,2,1,22207,M,4863200.0,-346400.0,22
200800015743,8,3,10,845,1,1,1,2,7,22196,M,4878600.0,-314800.0,22
200800015744,8,3,18,1115,1,1,1,1,1,22034,M,4869900.0,-335500.0,22
200800015745,8,3,22,815,1,1,1,1,3,22028,M,4878200.0,-330300.0,22
200800015746,8,3,29,1530,1,1,1,1,6,22254,M,4867900.0,-330800.0,22
200800015747,8,3,28,1730,1,2,7,2,1,22127,M,4878900.0,-310800.0,22
200800015748,8,3,2,130,3,1,1,2,6,29065,M,4803900.0,-425100.0,29
200800015749,8,3,7,1800,1,1,1,1,5,29032,M,4789900.0,-407500.0,29
200800015750,8,3,22,1400,1,2,1,6,6,29058,M,4789300.0,-398700.0,29
200800015751,8,3,27,2145,5,2,1,1,6,29171,M,0.0,0.0,29
200800015752,8,3,1,1800,1,1,1,1,3,29056,M,4844700.0,-428100.0,29
200800015753,8,3,21,1530,1,1,1,6,1,29061,M,4844200.0,-444800.0,29
200800015754,8,3,29,1830,1,1,1,2,1,29061,M,4844200.0,-444800.0,29
200800015755,8,3,5,1630,1,2,1,1,2,29103,M,4845600.0,-424800.0,29
200800015756,8,3,11,1315,1,1,1,2,6,29237,M,4846900.0,-420200.0,29
200800015757,8,3,14,2045,3,1,1,1,6,29124,M,4865200.0,-437200.0,29
200800015758,8,3,28,1500,1,1,2,1,3,29198,M,4857700.0,-427300.0,29
200800015759,8,3,25,800,1,1,1,8,1,29093,M,4857700.0,-439200.0,29
200800015760,8,3,27,1845,1,2,1,7,6,29117,M,4857400.0,-451600.0,29
200800015761,8,3,21,1800,1,2,1,1,2,29302,M,0.0,0.0,29
200800015762,8,3,28,1200,1,1,1,8,2,29089,M,0.0,0.0,29
200800015763,8,3,10,730,2,1,1,1,1,29162,M,0.0,0.0,29
200800015764,8,3,11,2300,3,1,1,2,6,29107,M,4807700.0,-398800.0,29
200800015765,8,3,21,2330,3,1,1,2,7,29062,M,4816700.0,-401100.0,29
200800015766,8,3,23,500,3,1,1,1,7,29122,M,4815700.0,-383400.0,29
200800015767,8,3,13,2315,3,1,1,1,7,29238,M,0.0,0.0,29
200800015768,8,3,31,1515,1,1,1,1,3,29042,M,4825200.0,-444600.0,29
200800015769,8,3,27,745,1,1,1,1,3,29199,M,4859400.0,-369300.0,29
200800015770,8,3,8,115,3,1,1,1,6,29279,M,0.0,0.0,29
200800015771,8,3,17,945,1,1,1,1,6,29210,M,4858900.0,-398900.0,29
200800015772,8,3,16,1145,1,2,9,1,6,56042,M,0.0,0.0,56
200800015773,8,3,20,1415,1,1,6,1,1,56206,M,4769000.0,-273200.0,56
200800015774,8,3,2,100,3,1,1,1,1,56221,M,0.0,0.0,56
200800015775,8,3,15,2330,5,2,1,1,1,56147,M,4753800.0,-228100.0,56
200800015776,8,3,29,1715,1,1,1,8,1,56036,M,0.0,0.0,56
200800015777,8,3,6,2300,3,1,1,1,6,56176,M,4768000.0,-295000.0,56
200800015778,8,3,31,815,1,2,1,1,3,56176,M,4767100.0,-296600.0,56
200800015779,8,3,1,830,1,1,1,1,7,56168,M,0.0,0.0,56
200800015780,8,3,6,1800,1,1,1,1,3,56026,M,4795800.0,-316400.0,56
200800015781,8,3,4,1845,2,1,1,1,7,56165,M,0.0,0.0,56
200800015782,8,3,29,1930,1,1,1,1,6,56257,M,0.0,0.0,56
200800015783,8,3,30,2215,3,1,1,8,6,56079,M,4792800.0,-249200.0,56
200800015784,8,3,10,1930,3,1,1,6,1,56125,M,4808200.0,-305100.0,56
200800015785,8,3,15,830,1,1,1,1,3,56156,M,4803300.0,-320200.0,56
200800015786,8,3,17,500,5,2,1,1,6,14098,M,4921000.0,-51000.0,14
200800015787,8,3,23,1945,5,2,1,4,6,14266,M,4911700.0,-41600.0,14
200800015788,8,3,7,1800,1,1,1,7,3,14092,M,0.0,0.0,14
200800015789,8,3,31,1700,1,1,1,1,3,14047,M,4929500.0,-72100.0,14
200800015790,8,3,5,115,5,2,1,1,6,14480,M,0.0,0.0,14
200800015791,8,3,29,1545,1,1,2,1,3,14283,M,4886600.0,-9100.0,14
200800015792,8,3,2,1600,1,1,1,1,6,14251,M,4898600.0,-47500.0,14
200800015793,8,3,26,1000,1,2,1,1,1,14324,M,0.0,0.0,14
200800015794,8,3,6,1215,1,1,1,1,2,14599,M,0.0,0.0,14
200800015795,8,3,29,1215,1,1,1,1,3,14575,M,4928600.0,11500.0,14
200800015796,8,3,29,1830,1,2,1,1,6,14762,M,0.0,0.0,14
200800015797,8,3,28,1830,1,1,1,1,1,14347,M,0.0,0.0,14
200800015798,8,3,7,1815,1,2,1,1,2,50280,M,4914800.0,-126200.0,50
200800015799,8,3,25,1030,1,1,1,1,7,50489,M,0.0,0.0,50
200800015800,8,3,5,1745,1,1,1,1,2,50276,M,0.0,0.0,50
200800015801,8,3,10,800,1,1,1,4,1,50262,M,4882700.0,-127200.0,50
200800015802,8,3,30,1845,1,1,1,1,1,50220,M,0.0,0.0,50
200800015803,8,3,5,1215,1,1,1,1,3,50401,M,4946200.0,-179300.0,50
200800015804,8,3,7,1715,1,2,9,1,1,50082,M,4947800.0,-162600.0,50
200800015805,8,3,13,900,2,1,1,3,2,50402,M,0.0,0.0,50
200800015806,8,3,23,1515,1,1,1,4,7,50402,M,0.0,0.0,50
200800015807,8,3,14,730,1,1,1,2,3,50551,M,0.0,0.0,50
200800015808,8,3,9,1515,1,1,1,8,7,50595,M,4961600.0,-145200.0,50
200800015809,8,3,12,1630,1,1,1,1,3,50350,M,0.0,0.0,50
200800015810,8,3,19,1415,1,2,3,1,3,50550,M,0.0,0.0,50
200800015811,8,3,21,2100,3,1,1,1,1,50111,M,0.0,0.0,50
200800015812,8,3,2,2200,3,1,1,1,6,50403,M,4917700.0,-157400.0,50
200800015813,8,3,24,800,1,1,1,4,6,61474,M,0.0,0.0,61
200800015814,8,3,27,1115,1,1,1,1,1,61366,M,4896000.0,40200.0,61
200800015815,8,3,5,1815,1,1,1,7,3,61063,M,4870700.0,-36500.0,61
200800015816,8,3,5,1730,1,2,1,1,2,61097,M,4849000.0,64700.0,61
200800015817,8,3,23,2300,3,1,1,2,3,61309,M,4836300.0,66900.0,61
200800015818,8,3,3,1645,1,2,6,1,1,61214,M,0.0,0.0,61
200800015819,8,3,11,1445,1,1,1,2,2,61456,M,0.0,0.0,61
200800015820,8,3,21,1800,1,1,1,2,1,61456,M,0.0,0.0,61
200800015821,8,3,5,630,3,1,9,1,1,44014,M,0.0,0.0,44
200800015822,8,3,7,645,3,1,8,1,1,44064,M,4712000.0,-132300.0,44
200800015823,8,3,4,1315,1,1,9,1,1,44022,M,4706300.0,-118100.0,44
200800015824,8,3,8,400,3,1,1,1,1,44156,M,0.0,0.0,44
200800015825,8,3,9,1915,2,1,1,1,1,44191,M,0.0,0.0,44
200800015826,8,3,21,2130,5,2,1,1,1,44082,M,4741300.0,-137600.0,44
200800015827,8,3,3,945,1,1,1,1,1,44036,M,4771700.0,-134900.0,44
200800015828,8,3,13,1930,1,2,1,1,6,44015,M,4748800.0,-176500.0,44
200800015829,8,3,15,1430,1,1,1,2,2,44015,M,4747600.0,-172800.0,44
200800015830,8,3,31,1100,1,2,1,1,3,44185,M,4764800.0,-206700.0,44
200800015831,8,3,1,930,1,2,1,1,6,44110,M,4744400.0,-149400.0,44
200800015832,8,3,29,330,3,1,1,1,4,44179,M,4733700.0,-147700.0,44
200800015833,8,3,30,1830,1,1,1,1,7,44197,M,4772100.0,-154200.0,44
200800015834,8,3,8,1745,1,2,1,1,3,44131,M,4711900.0,-210400.0,44
200800015835,8,3,25,1100,1,2,1,1,6,44131,M,0.0,0.0,44
200800015836,8,3,29,615,3,1,1,1,7,44131,M,4711600.0,-204200.0,44
200800015837,8,3,29,1345,1,1,1,1,3,44131,M,4711600.0,-202600.0,44
200800015838,8,3,23,115,3,2,1,1,7,44192,M,4725900.0,-201300.0,44
200800015839,8,3,12,1615,1,2,1,1,6,44186,M,4711000.0,-180600.0,44
200800015840,8,3,25,2215,5,2,1,1,3,44133,M,4713900.0,-175100.0,44
200800015841,8,3,7,645,3,1,1,1,1,44074,M,4721000.0,-167600.0,44
200800015842,8,3,2,1415,1,1,1,2,3,44069,M,4744900.0,-225900.0,44
200800015843,8,3,24,800,1,1,1,1,3,44033,M,0.0,0.0,44
200800015844,8,3,7,1730,1,1,1,2,1,49020,M,4747400.0,-61400.0,49
200800015845,8,3,14,1315,1,1,1,1,3,49278,M,0.0,0.0,49
200800015846,8,3,22,1245,1,2,1,1,7,49223,M,0.0,0.0,49
200800015847,8,3,26,930,1,1,1,8,3,49338,M,4739100.0,-53800.0,49
200800015848,8,3,16,1400,1,1,1,3,2,49082,M,4732900.0,-74100.0,49
200800015849,8,3,14,1600,1,1,1,1,7,49306,M,4744100.0,-70200.0,49
200800015850,8,3,5,1800,1,2,1,1,6,49092,M,0.0,0.0,49
200800015851,8,3,18,845,1,2,1,1,3,49092,M,0.0,0.0,49
200800015852,8,3,25,230,3,1,1,1,1,49023,M,4719900.0,-97400.0,49
200800015853,8,3,10,2115,3,1,1,2,3,49301,M,0.0,0.0,49
200800015854,8,3,11,1915,3,1,1,2,3,49301,M,0.0,0.0,49
200800015855,8,3,16,115,3,2,1,3,1,49069,M,4734100.0,-126200.0,49
200800015856,8,3,26,1430,1,2,1,8,3,49125,M,0.0,0.0,49
200800015857,8,3,26,1545,1,1,1,2,1,49215,M,4714200.0,-16300.0,49
200800015858,8,3,1,1845,1,1,1,1,1,49248,M,0.0,0.0,49
200800015859,8,3,1,1645,1,1,1,1,2,49294,M,4748600.0,-67200.0,49
200800015860,8,3,3,1215,1,2,7,1,6,49170,M,0.0,0.0,49
200800015861,8,3,15,1415,1,1,1,1,3,53255,M,4812400.0,-37200.0,53
200800015862,8,3,19,600,3,1,1,1,1,53124,M,4785400.0,-81600.0,53
200800015863,8,3,27,1530,1,1,1,1,3,53145,M,4784500.0,-79200.0,53
200800015864,8,3,9,1430,1,1,1,1,6,53084,M,4795000.0,-109100.0,53
200800015865,8,3,21,900,1,2,1,1,2,53188,M,4780000.0,-105500.0,53
200800015866,8,3,27,2045,5,1,1,1,5,53162,M,4828700.0,-62400.0,53
200800015867,8,3,1,1445,1,1,2,1,3,53096,M,4826800.0,-98500.0,53
200800015868,8,3,12,1800,1,2,1,7,1,53107,M,0.0,0.0,53
200800015869,8,3,19,1000,1,1,1,1,3,72155,M,0.0,0.0,72
200800015870,8,3,20,1515,1,2,1,1,3,72008,M,4794800.0,19500.0,72
200800015871,8,3,23,100,3,1,1,1,1,72008,M,0.0,0.0,72
200800015872,8,3,20,2245,3,1,1,6,7,72241,M,0.0,0.0,72
200800015873,8,3,15,1700,1,1,1,3,1,72067,M,4806100.0,44500.0,72
200800015874,8,3,20,1330,1,1,1,1,3,72054,M,0.0,0.0,72
200800015875,8,3,3,1045,1,2,1,1,6,72154,M,4770400.0,-7800.0,72
200800015876,8,3,29,2245,3,1,1,1,6,72185,M,4771400.0,600.0,72
200800015877,8,3,5,1000,1,1,1,1,3,72143,M,0.0,0.0,72
200800015878,8,3,2,115,5,1,1,1,6,72176,M,0.0,0.0,72
200800015879,8,3,16,2130,3,1,1,1,1,72191,M,4775400.0,27900.0,72
200800015880,8,3,11,1230,1,2,1,2,6,72264,M,4783000.0,-31400.0,72
200800015881,8,3,8,1715,1,1,6,1,1,72186,M,4822500.0,13100.0,72
200800015882,8,3,24,1700,1,1,1,8,6,72308,M,4842500.0,10900.0,72
200800015883,8,3,16,1230,1,2,1,2,6,85089,M,0.0,0.0,85
200800015884,8,3,28,1145,1,2,1,1,3,85146,M,4697700.0,-131100.0,85
200800015885,8,3,4,1530,1,1,1,1,7,85003,M,0.0,0.0,85
200800015886,8,3,5,1730,1,2,1,1,2,85003,M,0.0,0.0,85
200800015887,8,3,8,1800,1,1,9,8,6,85003,M,0.0,0.0,85
200800015888,8,3,10,1145,1,1,1,2,1,85092,M,4644000.0,-82500.0,85
200800015889,8,3,8,1445,1,2,1,1,3,85001,M,4634000.0,-131100.0,85
200800015890,8,3,11,830,1,2,6,2,3,85128,M,4646700.0,-117200.0,85
200800015891,8,3,17,1745,1,1,1,8,4,85094,M,0.0,0.0,85
200800015892,8,3,19,800,1,1,1,1,7,85035,M,0.0,0.0,85
200800015893,8,3,24,2100,5,2,1,1,3,85088,M,4671200.0,-192000.0,85
200800015894,8,3,26,1815,1,1,1,1,6,85070,M,4668600.0,-177400.0,85
200800015895,8,3,30,500,3,1,1,1,7,85268,M,4670600.0,-185800.0,85
200800015896,8,3,5,1600,1,2,1,1,1,85284,M,4679900.0,-190500.0,85