Num_Acc,an,mois,jour,hrmn,lum,agg,int,atm,col,com,gps,lat,long,dep
200800015897,8,3,15,1000,1,2,1,1,1,85234,M,0.0,0.0,85
200800015898,8,3,21,1445,1,1,1,6,1,85234,M,4681000.0,-210400.0,85
200800015899,8,3,6,715,2,1,1,1,1,85288,M,0.0,0.0,85
200800015900,8,3,29,45,5,2,1,1,6,85294,M,4636300.0,-144400.0,85
200800015901,8,3,30,1115,3,1,1,1,6,85277,M,4648400.0,-137000.0,85
200800015902,8,3,19,1345,1,1,1,1,6,33029,M,0.0,0.0,33
200800015903,8,3,21,815,1,2,3,2,3,33519,M,4491800.0,-67800.0,33
200800015904,8,3,28,830,1,2,1,8,6,33519,M,0.0,0.0,33
200800015905,8,3,7,900,1,2,6,1,3,33449,M,0.0,0.0,33
200800015906,8,3,5,1630,1,1,2,1,3,33530,M,4510200.0,-54300.0,33
200800015907,8,3,27,1700,1,1,1,8,3,33151,M,0.0,0.0,33
200800015908,8,3,31,1215,1,1,1,1,1,33267,M,4527700.0,-52600.0,33
200800015909,8,3,2,545,3,2,1,1,6,33492,M,4514200.0,-41600.0,33
200800015910,8,3,1,1530,1,2,1,2,6,33040,M,4464000.0,-32000.0,33
200800015911,8,3,9,500,3,1,1,1,7,33253,M,4463100.0,-30700.0,33
200800015912,8,3,10,2330,3,1,1,2,6,33176,M,0.0,0.0,33
200800015913,8,3,24,15,5,2,1,2,1,33081,M,4464000.0,-30000.0,33
200800015914,8,3,22,1530,1,1,1,1,1,33448,M,4471400.0,-49300.0,33
200800015915,8,3,2,715,5,2,1,1,6,33381,M,4475100.0,-43000.0,33
200800015916,8,3,9,830,1,1,1,1,6,33140,M,4478400.0,-33700.0,33
200800015917,8,3,12,1300,1,2,1,2,6,33140,M,4477700.0,-34600.0,33
200800015918,8,3,20,815,1,2,1,1,3,33363,M,0.0,0.0,33
200800015919,8,3,26,1300,1,2,1,2,3,33140,M,0.0,0.0,33
200800015920,8,3,9,100,3,1,1,1,6,33535,M,0.0,0.0,33
200800015921,8,3,22,1130,1,2,1,1,6,33013,M,0.0,0.0,33
200800015922,8,3,4,1100,1,1,1,2,6,33501,M,4466900.0,-55800.0,33
200800015923,8,3,28,1630,1,1,1,3,1,33120,M,4463800.0,-32600.0,33
200800015924,8,3,10,900,1,2,1,1,2,33036,M,4443500.0,-21500.0,33
200800015925,8,3,27,1800,1,1,1,9,6,33036,M,4445200.0,-23500.0,33
200800015926,8,3,11,900,1,1,1,3,7,33453,M,4458200.0,4400.0,33
200800015927,8,3,5,2115,3,1,1,1,6,33026,M,0.0,0.0,33
200800015928,8,3,11,815,1,2,1,3,6,33057,M,4475300.0,-7300.0,33
200800015929,8,3,27,1245,1,1,1,2,1,33022,M,4504000.0,-75300.0,33
200800015930,8,3,2,2030,3,1,1,1,1,33322,M,4494400.0,-68700.0,33
200800015931,8,3,7,1445,1,1,1,1,6,33296,M,0.0,0.0,33
200800015932,8,3,13,745,2,1,1,2,5,33394,M,0.0,0.0,33
200800015933,8,3,13,1200,1,2,1,1,2,33393,M,0.0,0.0,33
200800015934,8,3,24,215,3,1,1,1,6,33014,M,0.0,0.0,33
200800015935,8,3,13,245,3,1,1,1,6,33179,M,0.0,0.0,33
200800015936,8,3,20,1645,1,1,1,1,2,33542,M,0.0,0.0,33
200800015937,8,3,16,2100,3,1,1,2,3,24208,M,0.0,0.0,24
200800015938,8,3,19,1430,1,1,1,1,2,24484,M,0.0,0.0,24
200800015939,8,3,5,1730,2,2,1,1,6,24475,M,0.0,0.0,24
200800015940,8,3,15,1830,1,1,1,8,7,24302,M,4521700.0,113600.0,24
200800015941,8,3,27,745,2,1,1,2,1,24362,M,4495300.0,82400.0,24
200800015942,8,3,7,2200,3,1,1,2,6,24126,M,4480300.0,52200.0,24
200800015943,8,3,14,1345,1,1,1,1,3,24126,M,0.0,0.0,24
200800015944,8,3,22,1430,1,1,1,1,1,24271,M,4549300.0,77700.0,24
200800015945,8,3,19,815,5,2,1,1,6,24352,M,4525200.0,34000.0,24
200800015946,8,3,11,100,3,2,1,2,6,24294,M,4501800.0,16100.0,24
200800015947,8,3,30,545,3,1,1,1,7,24376,M,4518200.0,11700.0,24
200800015948,8,3,30,2145,3,1,1,1,6,24178,M,0.0,0.0,24
200800015949,8,3,8,1830,1,2,1,1,5,24520,M,0.0,0.0,24
200800015950,8,3,9,1445,1,1,1,1,6,24577,M,0.0,0.0,24
200800015951,8,3,15,1845,2,2,1,8,2,24520,M,0.0,0.0,24
200800015952,8,3,26,1300,1,1,2,2,3,24520,M,0.0,0.0,24
200800015953,8,3,9,1630,1,1,1,4,3,24229,M,4514400.0,119900.0,24
200800015954,8,3,26,1215,1,1,1,3,3,40230,M,0.0,0.0,40
200800015955,8,3,9,215,3,1,1,1,6,40125,M,0.0,0.0,40
200800015956,8,3,24,2215,5,2,1,3,6,40063,M,4371000.0,-98000.0,40
200800015957,8,3,7,1445,1,1,1,1,1,40155,M,4395800.0,-117300.0,40
200800015958,8,3,6,2030,3,1,1,1,1,40141,M,0.0,0.0,40
200800015959,8,3,18,1615,1,1,1,1,7,40201,M,0.0,0.0,40
200800015960,8,3,9,600,3,1,1,2,6,40284,M,0.0,0.0,40
200800015961,8,3,23,845,1,1,1,1,6,40044,M,0.0,0.0,40
200800015962,8,3,10,1415,1,1,1,3,6,40009,M,0.0,0.0,40
200800015963,8,3,17,1445,1,1,1,1,5,40184,M,4416200.0,-121600.0,40
200800015964,8,3,13,2145,3,1,1,2,1,40001,M,0.0,0.0,40
200800015965,8,3,3,1630,1,1,1,1,2,40139,M,4385900.0,-42100.0,40
200800015966,8,3,23,15,3,1,1,1,1,40259,M,4384200.0,-30200.0,40
200800015967,8,3,24,130,5,2,6,2,6,47031,M,0.0,0.0,47
200800015968,8,3,14,1730,1,2,1,1,3,47249,M,0.0,0.0,47
200800015969,8,3,29,345,5,2,1,1,1,47004,M,4429800.0,33900.0,47
200800015970,8,3,22,945,1,1,1,2,3,47075,M,0.0,0.0,47
200800015971,8,3,13,1845,1,1,1,1,3,47232,M,0.0,0.0,47
200800015972,8,3,30,1045,1,1,1,1,6,47114,M,0.0,0.0,47
200800015973,8,3,4,230,5,2,1,3,6,47310,M,4439700.0,31600.0,47
200800015974,8,3,7,1845,2,2,1,2,6,47280,M,0.0,0.0,47
200800015975,8,3,27,800,2,1,1,2,1,47223,M,4464700.0,72800.0,47
200800015976,8,3,10,1830,1,1,1,2,3,47312,M,0.0,0.0,47
200800015977,8,3,19,1645,1,1,2,1,1,47185,M,0.0,0.0,47
200800015978,8,3,29,1800,1,1,1,1,1,64138,M,0.0,0.0,64
200800015979,8,3,6,2200,3,1,1,1,1,64233,M,4356700.0,-28300.0,64
200800015980,8,3,20,1930,3,1,1,1,1,64090,M,0.0,0.0,64
200800015981,8,3,17,845,1,1,1,1,7,64038,M,4341600.0,-152300.0,64
200800015982,8,3,19,1700,1,1,1,1,5,64209,M,0.0,0.0,64
200800015983,8,3,30,1530,1,1,1,3,7,64116,M,0.0,0.0,64
200800015984,8,3,10,1130,1,1,6,6,2,86062,M,0.0,0.0,86
200800015985,8,3,25,815,1,1,1,1,1,86147,M,0.0,0.0,86
200800015986,8,3,27,1630,1,1,1,8,1,86145,M,0.0,0.0,86
200800015987,8,3,1,800,1,1,1,1,7,86105,M,0.0,0.0,86
200800015988,8,3,22,2145,3,1,1,1,6,86235,M,4665000.0,71700.0,86
200800015989,8,3,31,900,1,1,1,1,6,86290,M,0.0,0.0,86
200800015990,8,3,15,1445,1,1,1,1,2,86086,M,0.0,0.0,86
200800015991,8,3,8,100,3,1,1,1,7,86225,M,0.0,0.0,86
200800015992,8,3,30,1215,1,1,2,2,3,86233,M,4648400.0,64400.0,86
200800015993,8,3,24,1415,1,2,1,8,3,86112,M,4624100.0,69500.0,86
200800015994,8,3,4,700,2,1,1,8,2,86153,M,0.0,0.0,86
200800015995,8,3,14,400,3,1,1,1,7,86190,M,4636700.0,77400.0,86
200800015996,8,3,28,1615,1,1,1,2,1,16384,M,0.0,0.0,16
200800015997,8,3,10,1345,1,2,1,3,6,16056,M,0.0,0.0,16
200800015998,8,3,14,1200,1,1,1,1,7,16064,M,4595900.0,84600.0,16
200800015999,8,3,7,945,1,1,1,8,5,16192,M,0.0,0.0,16
200800016000,8,3,8,530,3,2,1,5,6,16268,M,4597300.0,25100.0,16
200800016001,8,3,10,1400,1,1,1,2,6,16078,M,0.0,0.0,16
200800016002,8,3,30,1800,1,1,1,9,5,16163,M,0.0,0.0,16
200800016003,8,3,27,1615,1,2,1,1,6,16241,M,4584800.0,22100.0,16
200800016004,8,3,11,745,2,1,2,2,3,16406,M,4567900.0,41500.0,16
200800016005,8,3,13,1045,1,2,1,1,7,16281,M,4574400.0,38800.0,16
200800016006,8,3,14,1845,1,1,1,7,3,16281,M,0.0,0.0,16
200800016007,8,3,17,1645,1,1,1,1,7,16055,M,4562600.0,32600.0,16
200800016008,8,3,29,1,3,1,1,1,2,16344,M,0.0,0.0,16
200800016009,8,3,13,815,1,1,1,1,2,16286,M,0.0,0.0,16
200800016010,8,3,28,1645,1,1,1,8,7,16207,M,0.0,0.0,16
200800016011,8,3,5,1530,1,2,1,1,3,17010,M,0.0,0.0,17
200800016012,8,3,9,1545,1,1,1,1,1,17317,M,0.0,0.0,17
200800016013,8,3,30,630,2,1,1,1,6,17210,M,0.0,0.0,17
200800016014,8,3,21,1515,1,2,1,3,1,17240,M,0.0,0.0,17
200800016015,8,3,9,1700,1,1,1,2,6,17351,M,0.0,0.0,17
200800016016,8,3,18,2300,3,1,1,2,6,17185,M,0.0,0.0,17
200800016017,8,3,30,900,1,1,1,8,2,17093,M,4588900.0,-122700.0,17
200800016018,8,3,9,1345,1,1,1,6,6,17080,M,0.0,0.0,17
200800016019,8,3,15,115,5,2,1,1,6,17221,M,0.0,0.0,17
200800016020,8,3,4,1945,5,1,1,1,3,17431,M,4577000.0,-78000.0,17
200800016021,8,3,27,2045,3,1,1,2,6,17098,M,0.0,0.0,17
200800016022,8,3,28,300,3,1,1,1,7,17425,M,0.0,0.0,17
200800016023,8,3,14,1230,1,2,1,1,6,17347,M,0.0,0.0,17
200800016024,8,3,16,1845,2,2,1,3,3,17347,M,4593900.0,-52700.0,17
200800016025,8,3,16,1300,1,1,1,6,7,17334,M,4605200.0,-41400.0,17
200800016026,8,3,1,700,2,1,1,2,6,17188,M,0.0,0.0,17
200800016027,8,3,26,800,1,2,1,1,3,17025,M,0.0,0.0,17
200800016028,8,3,26,1245,1,2,1,2,3,17023,M,0.0,0.0,17
200800016029,8,3,21,1515,1,1,1,1,5,79066,M,4648900.0,-35500.0,79
200800016030,8,3,1,1300,1,1,1,1,1,79137,M,0.0,0.0,79
200800016031,8,3,28,1230,1,1,1,2,1,79130,M,4624700.0,-53800.0,79
200800016032,8,3,26,1600,1,1,1,1,5,79048,M,0.0,0.0,79
200800016033,8,3,8,2000,3,1,2,8,3,79237,M,4698700.0,-65700.0,79
200800016034,8,3,16,515,3,1,1,2,6,79131,M,0.0,0.0,79
200800016035,8,3,15,2100,3,1,1,2,7,79171,M,0.0,0.0,79
200800016036,8,3,21,1845,2,2,1,1,1,79194,M,0.0,0.0,79
200800016037,8,3,12,2130,3,1,1,1,1,79061,M,0.0,0.0,79
200800016038,8,3,31,1415,1,1,1,3,3,79057,M,4615700.0,-21000.0,79
200800016039,8,3,22,500,3,1,1,2,6,79148,M,0.0,0.0,79
200800016040,8,3,15,1100,1,1,2,1,4,79008,M,4675200.0,-30600.0,79
200800016041,8,3,29,700,3,1,1,1,3,79080,M,4669000.0,-26800.0,79
200800016042,8,3,2,630,2,1,1,1,6,87001,M,4577800.0,111700.0,87
200800016043,8,3,5,1715,1,1,1,1,7,87117,M,4582900.0,176900.0,87
200800016044,8,3,26,2130,3,1,1,1,7,87105,M,0.0,0.0,87
200800016045,8,3,25,1900,1,2,1,1,3,87187,M,4552600.0,120900.0,87
200800016046,8,3,21,430,3,1,1,2,5,87033,M,4599900.0,115100.0,87
200800016047,8,3,12,2100,3,1,1,1,6,87041,M,4612300.0,126500.0,87
200800016048,8,3,30,2245,3,2,1,1,7,87154,M,0.0,0.0,87
200800016049,8,3,23,30,3,1,1,2,6,19061,M,4521100.0,167600.0,19
200800016050,8,3,23,2230,5,2,1,2,1,19107,M,4512000.0,141000.0,19
200800016051,8,3,15,1930,5,2,1,8,6,19153,M,4526800.0,140900.0,19
200800016052,8,3,18,1830,5,2,1,1,1,19153,M,4527000.0,140700.0,19
200800016053,8,3,29,2130,3,1,1,1,6,19277,M,4551100.0,228700.0,19
200800016054,8,3,30,1315,1,1,1,2,6,23193,M,4617700.0,193300.0,23
200800016055,8,3,18,1915,3,1,1,2,5,23120,M,4633500.0,218700.0,23
200800016056,8,3,16,1215,1,1,1,2,1,23064,M,4630500.0,216200.0,23
200800016057,8,3,1,1100,1,1,1,2,3,23075,M,4631800.0,166300.0,23
200800016058,8,3,24,1730,1,1,1,2,7,31418,M,4362700.0,155300.0,31
200800016059,8,3,13,1715,1,2,1,1,4,31232,M,4376800.0,129100.0,31
200800016060,8,3,23,30,3,1,1,1,6,31403,M,0.0,0.0,31
200800016061,8,3,13,930,2,2,1,1,6,31424,M,0.0,0.0,31
200800016062,8,3,2,1530,1,1,1,1,7,31091,M,0.0,0.0,31
200800016063,8,3,8,1445,1,1,1,1,3,31136,M,0.0,0.0,31
200800016064,8,3,23,630,2,1,1,1,1,31117,M,4369100.0,154200.0,31
200800016065,8,3,2,145,3,1,1,2,6,31574,M,4344600.0,142400.0,31
200800016066,8,3,29,1015,1,2,1,1,5,31320,M,4332100.0,124100.0,31
200800016067,8,3,18,1300,1,1,1,2,1,31427,M,0.0,0.0,31
200800016068,8,3,29,1315,1,1,1,1,1,31495,M,4341400.0,158000.0,31
200800016069,8,3,30,1245,1,1,1,1,6,31100,M,4327800.0,164600.0,31
200800016070,8,3,29,2345,3,1,1,1,3,31037,M,4338000.0,175900.0,31
200800016071,8,3,16,1845,1,2,1,1,3,31480,M,0.0,0.0,31
200800016072,8,3,23,345,4,1,1,1,6,31325,M,4357500.0,176200.0,31
200800016073,8,3,30,1545,1,1,1,1,1,31366,M,4345500.0,153100.0,31
200800016074,8,3,13,1800,1,1,1,1,1,31451,M,4346600.0,185800.0,31
200800016075,8,3,20,2000,1,1,1,1,1,09306,M,0.0,0.0,09
200800016076,8,3,8,1730,1,1,1,1,3,09076,M,,,09
200800016077,8,3,16,300,3,1,1,1,5,09332,M,0.0,0.0,09
200800016078,8,3,15,315,3,1,1,1,6,09105,M,0.0,0.0,09
200800016079,8,3,12,1730,1,2,1,1,5,09261,M,0.0,0.0,09
200800016080,8,3,22,2245,5,2,2,3,3,09261,M,0.0,0.0,09
200800016081,8,3,6,1230,1,2,1,1,6,09235,M,0.0,0.0,09
200800016082,8,3,26,1530,1,2,1,1,6,09235,M,0.0,0.0,09
200800016083,8,3,6,2200,3,1,1,1,6,12267,M,4410100.0,256000.0,12
200800016084,8,3,17,1745,1,1,1,1,1,12011,M,4421000.0,270300.0,12
200800016085,8,3,7,2015,3,1,1,1,6,12254,M,4448000.0,253500.0,12
200800016086,8,3,21,800,2,1,1,4,3,12266,M,4424900.0,283600.0,12
200800016087,8,3,1,2330,5,2,1,2,1,12208,M,4395300.0,290000.0,12
200800016088,8,3,8,400,5,2,1,9,1,12203,M,4397800.0,296300.0,12
200800016089,8,3,11,1145,1,2,1,1,6,12208,M,4396200.0,288400.0,12
200800016090,8,3,13,1715,1,2,1,1,6,12244,M,0.0,0.0,12
200800016091,8,3,2,515,3,1,1,1,6,12205,M,4430800.0,195600.0,12
200800016092,8,3,25,1915,2,1,1,3,7,32165,M,4361800.0,85600.0,32
200800016093,8,3,6,1445,1,1,1,1,1,32121,M,4354300.0,100000.0,32
200800016094,8,3,22,2030,3,1,1,1,7,32210,M,4356400.0,113000.0,32
200800016095,8,3,8,1215,1,1,1,1,3,32462,M,4376500.0,20900.0,32
200800016096,8,3,29,1815,1,1,1,1,3,32107,M,4395200.0,42000.0,32
200800016097,8,3,14,1445,1,1,1,1,7,32369,M,4379200.0,-200.0,32
200800016098,8,3,19,215,5,2,7,1,6,32290,M,0.0,0.0,32
200800016099,8,3,31,1815,1,1,1,7,4,32180,M,4388200.0,20800.0,32
200800016100,8,3,5,1800,1,1,1,1,6,32103,M,4336400.0,54800.0,32
200800016101,8,3,20,1015,1,1,1,1,1,32254,M,0.0,0.0,32
200800016102,8,3,20,930,1,1,1,1,1,32344,M,0.0,0.0,32
200800016103,8,3,27,1230,1,1,1,1,6,46070,M,0.0,0.0,46
200800016104,8,3,27,2215,3,1,1,1,5,46069,M,0.0,0.0,46
200800016105,8,3,30,700,2,1,1,1,6,46103,M,4429400.0,138600.0,46
200800016106,8,3,29,1215,1,1,1,1,7,46197,M,4439900.0,145300.0,46
200800016107,8,3,29,1715,1,2,1,1,6,46109,M,0.0,0.0,46
200800016108,8,3,30,700,2,1,1,1,6,46123,M,4492400.0,180800.0,46
200800016109,8,3,4,745,1,1,1,2,3,46334,M,0.0,0.0,46
200800016110,8,3,7,700,2,1,1,1,3,46113,M,4466500.0,148100.0,46
200800016111,8,3,7,1715,1,1,1,1,3,46113,M,4467800.0,147800.0,46
200800016112,8,3,9,1730,1,1,1,2,6,46121,M,4472600.0,151300.0,46
200800016113,8,3,13,1045,1,1,1,8,6,46334,M,0.0,0.0,46
200800016114,8,3,28,1630,1,2,9,2,6,46127,M,4474000.0,138500.0,46
200800016115,8,3,10,1345,1,1,1,2,1,46298,M,4501900.0,161500.0,46
200800016116,8,3,16,630,2,1,1,1,1,65395,M,4310900.0,-17400.0,65
200800016117,8,3,11,700,2,2,1,1,7,65218,M,4302800.0,37200.0,65
200800016118,8,3,31,1700,1,1,1,4,6,65258,M,4316100.0,39500.0,65
200800016119,8,3,18,2045,3,1,1,1,1,81079,M,0.0,0.0,81
200800016120,8,3,11,1815,1,1,1,2,6,81248,M,4376500.0,186200.0,81
200800016121,8,3,25,1530,1,1,1,1,1,81298,M,0.0,0.0,81
200800016122,8,3,21,1415,1,1,1,1,7,81219,M,4360300.0,197000.0,81
200800016123,8,3,19,600,2,1,1,1,6,82134,M,0.0,0.0,82
200800016124,8,3,16,900,1,1,1,1,6,82088,M,4416300.0,195300.0,82
200800016125,8,3,16,1645,1,1,1,1,6,82093,M,4393100.0,107700.0,82
200800016126,8,3,17,1915,2,2,1,1,3,82112,M,0.0,0.0,82
200800016127,8,3,14,2045,3,1,1,1,6,82025,M,4394400.0,133000.0,82
200800016128,8,3,16,1,3,2,1,1,6,82062,M,4391500.0,122500.0,82
200800016129,8,3,3,100,3,1,1,1,6,82008,M,0.0,0.0,82
200800016130,8,3,11,1215,1,1,1,2,3,82032,M,0.0,0.0,82
200800016131,8,3,11,1300,1,2,1,1,6,69072,M,4580700.0,476500.0,69
200800016132,8,3,13,1730,1,2,1,1,1,69279,M,0.0,0.0,69
200800016133,8,3,21,1830,1,2,1,8,3,69116,M,0.0,0.0,69
200800016134,8,3,17,1500,1,2,1,1,6,69286,M,0.0,0.0,69
200800016135,8,3,28,1845,2,1,1,2,2,69289,M,0.0,0.0,69
200800016136,8,3,25,700,1,2,1,8,3,69273,M,0.0,0.0,69
200800016137,8,3,28,1745,1,2,1,1,2,69236,M,0.0,0.0,69
200800016138,8,3,26,715,1,1,1,1,5,69177,M,0.0,0.0,69
200800016139,8,3,15,1430,1,1,1,1,7,69249,M,0.0,0.0,69
200800016140,8,3,29,1200,1,2,1,1,6,69294,M,0.0,0.0,69
200800016141,8,3,14,1545,1,1,1,1,3,69219,M,0.0,0.0,69
200800016142,8,3,12,530,5,2,1,1,3,69151,M,4606700.0,459300.0,69
200800016143,8,3,8,1715,1,2,1,1,2,69009,M,4594000.0,472000.0,69
200800016144,8,3,17,1215,1,1,6,2,3,69211,M,0.0,0.0,69
200800016145,8,3,20,730,2,1,1,1,5,69211,M,0.0,0.0,69
200800016146,8,3,15,1430,1,1,1,1,1,69222,M,0.0,0.0,69
200800016147,8,3,25,1030,1,1,1,1,6,69239,M,0.0,0.0,69
200800016148,8,3,12,830,1,1,1,1,4,01211,M,0.0,0.0,01
200800016149,8,3,28,2145,5,2,1,2,1,01336,M,0.0,0.0,01
200800016150,8,3,6,1700,1,1,1,1,5,01323,M,0.0,0.0,01
200800016151,8,3,14,700,2,1,1,8,5,01130,M,0.0,0.0,01
200800016152,8,3,16,1845,3,1,1,2,5,01422,M,0.0,0.0,01
200800016153,8,3,7,930,1,1,1,1,1,01034,M,0.0,0.0,01
200800016154,8,3,15,1900,3,1,1,2,7,01338,M,0.0,0.0,01
200800016155,8,3,25,1230,1,1,1,2,7,01310,M,0.0,0.0,01
200800016156,8,3,1,930,1,2,1,2,2,01004,M,0.0,0.0,01
200800016157,8,3,4,1615,1,1,4,2,5,01008,M,0.0,0.0,01
200800016158,8,3,19,1815,1,2,1,1,1,01004,M,0.0,0.0,01
200800016159,8,3,14,2300,5,2,1,1,6,01148,M,0.0,0.0,01
200800016160,8,3,15,1730,3,1,1,3,7,01240,M,4625800.0,551300.0,01
200800016161,8,3,30,1330,1,2,1,1,3,01237,M,4621300.0,561000.0,01
200800016162,8,3,3,1030,1,2,1,1,3,01427,M,0.0,0.0,01
200800016163,8,3,16,2030,3,1,1,2,6,01235,M,4605400.0,507200.0,01
200800016164,8,3,2,745,1,1,1,1,6,01096,M,0.0,0.0,01
200800016165,8,3,6,1800,1,2,1,1,1,01049,M,0.0,0.0,01
200800016166,8,3,26,945,1,1,1,1,3,01443,M,4600300.0,501600.0,01
200800016167,8,3,31,1315,1,1,1,1,1,01021,M,0.0,0.0,01
200800016168,8,3,4,1130,1,2,6,2,3,01263,M,4608500.0,476800.0,01
200800016169,8,3,5,700,2,1,1,6,6,07296,M,4459000.0,437300.0,07
200800016170,8,3,16,1615,1,1,1,1,6,07295,M,4484100.0,457600.0,07
200800016171,8,3,2,430,3,1,1,1,6,07260,M,4470200.0,470700.0,07
200800016172,8,3,13,1345,1,2,1,1,6,07329,M,4459100.0,412900.0,07
200800016173,8,3,2,100,5,2,1,1,7,07156,M,0.0,0.0,07
200800016174,8,3,28,1345,1,1,1,1,1,07028,M,0.0,0.0,07
200800016175,8,3,2,1700,1,2,1,1,7,07324,M,4506700.0,483300.0,07
200800016176,8,3,21,1700,1,2,1,1,5,07324,M,0.0,0.0,07
200800016177,8,3,23,1900,2,1,1,1,2,07143,M,0.0,0.0,07
200800016178,8,3,18,330,3,1,1,1,7,07064,M,4492400.0,446000.0,07
200800016179,8,3,24,2130,3,1,1,4,7,07204,M,0.0,0.0,07
200800016180,8,3,9,630,1,1,1,1,6,26166,M,0.0,0.0,26
200800016181,8,3,6,730,1,1,1,1,3,26113,M,0.0,0.0,26
200800016182,8,3,23,630,2,1,1,1,5,26085,M,0.0,0.0,26
200800016183,8,3,8,545,3,1,1,1,6,26033,M,4433000.0,486000.0,26
200800016184,8,3,28,1200,1,1,1,1,5,26324,M,4436900.0,473600.0,26
200800016185,8,3,5,1715,1,2,1,1,6,26220,M,0.0,0.0,26
200800016186,8,3,29,1845,1,1,6,1,1,26322,M,4440000.0,504000.0,26
200800016187,8,3,15,1530,1,1,1,1,7,26067,M,0.0,0.0,26
200800016188,8,3,5,2230,5,1,1,1,6,26087,M,0.0,0.0,26
200800016189,8,3,27,715,1,1,1,1,1,26088,M,0.0,0.0,26
200800016190,8,3,2,1730,1,2,1,1,7,26325,M,4529400.0,481900.0,26
200800016191,8,3,6,1830,5,2,1,6,3,26333,M,0.0,0.0,26
200800016192,8,3,18,2230,3,2,1,1,6,26325,M,4529400.0,481500.0,26
200800016193,8,3,25,1830,1,1,1,1,7,26160,M,4522200.0,481800.0,26
200800016194,8,3,26,1415,1,2,1,1,6,38547,M,0.0,0.0,38
200800016195,8,3,5,1745,1,2,3,1,3,38075,M,0.0,0.0,38
200800016196,8,3,24,1700,1,2,1,4,6,38382,M,0.0,0.0,38
200800016197,8,3,13,915,1,1,1,1,4,38540,M,4528700.0,561700.0,38
200800016198,8,3,26,1300,1,1,3,1,3,38565,M,0.0,0.0,38
200800016199,8,3,23,1730,2,1,1,4,7,38518,M,4489600.0,588300.0,38
200800016200,8,3,15,845,1,1,1,1,1,38071,M,4506900.0,572200.0,38
200800016201,8,3,21,730,1,1,1,4,3,38528,M,4509800.0,579400.0,38
200800016202,8,3,29,2300,3,1,1,1,6,38529,M,4512800.0,580700.0,38
200800016203,8,3,2,1400,1,1,1,1,6,38095,M,0.0,0.0,38
200800016204,8,3,21,930,1,1,1,2,3,38463,M,4517100.0,532700.0,38
200800016205,8,3,23,430,2,1,1,4,1,38194,M,0.0,0.0,38
200800016206,8,3,10,1700,1,2,1,1,3,38348,M,4559200.0,531600.0,38
200800016207,8,3,9,600,1,1,1,1,6,38380,M,4545800.0,534100.0,38
200800016208,8,3,15,1545,1,1,9,1,1,38118,M,4540300.0,546600.0,38
200800016209,8,3,23,2045,3,1,1,1,7,38046,M,4545000.0,538400.0,38
200800016210,8,3,20,1715,1,1,1,1,1,38054,M,4578500.0,544800.0,38
200800016211,8,3,19,745,1,1,1,1,5,38139,M,4573900.0,546100.0,38
200800016212,8,3,28,1630,3,1,1,1,3,38022,M,4562500.0,560100.0,38
200800016213,8,3,25,715,2,1,1,2,6,38336,M,4551700.0,487100.0,38
200800016214,8,3,28,1800,1,1,6,1,3,38215,M,4559300.0,495600.0,38
200800016215,8,3,1,1330,1,1,1,1,3,38284,M,0.0,0.0,38
200800016216,8,3,5,1915,3,1,1,1,3,38069,M,0.0,0.0,38
200800016217,8,3,11,1645,1,1,1,8,3,38034,M,0.0,0.0,38
200800016218,8,3,22,130,3,1,1,2,6,38267,M,0.0,0.0,38
200800016219,8,3,28,1015,1,2,1,1,6,38034,M,0.0,0.0,38
200800016220,8,3,2,1730,1,2,1,7,3,38519,M,0.0,0.0,38
200800016221,8,3,3,1730,2,1,1,1,4,38211,M,0.0,0.0,38
200800016222,8,3,8,2000,3,1,1,1,6,38231,M,0.0,0.0,38
200800016223,8,3,17,1245,1,2,1,8,3,38519,M,0.0,0.0,38
200800016224,8,3,20,1145,1,2,1,1,1,38144,M,0.0,0.0,38
200800016225,8,3,27,1900,1,1,1,1,2,38507,M,0.0,0.0,38
200800016226,8,3,15,815,1,1,9,1,3,38349,M,4534300.0,478500.0,38
200800016227,8,3,15,1515,1,1,1,1,6,38449,M,0.0,0.0,38
200800016228,8,3,11,1400,1,1,9,2,1,38449,M,4565400.0,511700.0,38
200800016229,8,3,29,1045,1,1,1,1,1,42224,M,0.0,0.0,42
200800016230,8,3,13,1600,1,1,1,1,5,42151,M,0.0,0.0,42
200800016231,8,3,15,1645,1,1,1,1,7,42108,M,0.0,0.0,42
200800016232,8,3,17,1715,1,2,1,1,1,42005,M,0.0,0.0,42
200800016233,8,3,11,1315,1,1,1,2,6,42313,M,0.0,0.0,42
200800016234,8,3,22,2030,3,1,1,1,6,42094,M,4573200.0,422600.0,42
200800016235,8,3,14,2230,3,1,1,1,6,42318,M,4537700.0,393000.0,42
200800016236,8,3,21,1715,1,1,1,4,7,42318,M,4540800.0,395700.0,42
200800016237,8,3,6,1915,2,2,2,1,3,42059,M,4564200.0,439000.0,42
200800016238,8,3,14,1330,1,2,1,1,3,42059,M,4563800.0,438500.0,42
200800016239,8,3,14,2115,5,2,6,1,7,42271,M,4549700.0,456800.0,42
200800016240,8,3,21,1730,1,1,1,2,2,42052,M,4617500.0,419200.0,42
200800016241,8,3,26,800,1,1,1,1,1,42052,M,0.0,0.0,42
200800016242,8,3,11,2145,3,1,1,6,7,42233,M,4609000.0,394000.0,42
200800016243,8,3,29,630,2,1,1,1,6,42049,M,4615000.0,388800.0,42
200800016244,8,3,2,1545,1,1,1,1,1,42282,M,0.0,0.0,42