Num_Acc,an,mois,jour,hrmn,lum,agg,int,atm,col,com,gps,lat,long,dep
200800016245,8,3,4,1900,2,2,2,1,5,73010,M,4578900.0,594100.0,73
200800016246,8,3,2,845,1,1,1,1,6,73149,M,4576600.0,578600.0,73
200800016247,8,3,16,315,3,1,1,3,1,73028,M,4566300.0,570100.0,73
200800016248,8,3,3,1530,1,1,1,1,7,73025,M,0.0,0.0,73
200800016249,8,3,21,2030,5,2,1,2,6,73058,M,4553000.0,574200.0,73
200800016250,8,3,21,1500,1,1,1,4,1,73315,M,4549500.0,615700.0,73
200800016251,8,3,27,900,1,1,1,2,3,73074,M,0.0,0.0,73
200800016252,8,3,25,600,2,1,1,4,1,73143,M,4528300.0,681900.0,73
200800016253,8,3,4,1800,5,1,2,1,5,74035,M,4581800.0,595100.0,74
200800016254,8,3,6,1015,1,2,9,6,3,74225,M,0.0,0.0,74
200800016255,8,3,8,2100,3,1,1,1,3,74165,M,4583600.0,597000.0,74
200800016256,8,3,14,445,5,2,3,1,1,74225,M,4585600.0,595300.0,74
200800016257,8,3,16,1630,1,1,1,2,1,74161,M,4588500.0,599000.0,74
200800016258,8,3,29,1130,1,1,1,1,7,74225,M,4588100.0,593900.0,74
200800016259,8,3,4,2130,3,2,1,1,7,74280,M,0.0,0.0,74
200800016260,8,3,16,1745,1,1,1,2,6,74080,M,0.0,0.0,74
200800016261,8,3,21,745,1,1,1,4,1,74079,M,0.0,0.0,74
200800016262,8,3,30,1545,1,2,1,1,6,74280,M,0.0,0.0,74
200800016263,8,3,14,1630,1,2,1,1,1,74264,M,0.0,0.0,74
200800016264,8,3,27,1745,1,2,1,1,6,74169,M,0.0,0.0,74
200800016265,8,3,29,115,5,2,1,3,6,74099,M,0.0,0.0,74
200800016266,8,3,2,1630,1,1,2,1,3,74250,M,4607700.0,639500.0,74
200800016267,8,3,14,845,1,2,3,1,3,74250,M,0.0,0.0,74
200800016268,8,3,14,745,1,1,1,1,6,74256,M,0.0,0.0,74
200800016269,8,3,26,530,3,1,1,1,3,74256,M,0.0,0.0,74
200800016270,8,3,10,615,2,1,1,2,3,74276,M,0.0,0.0,74
200800016271,8,3,11,1945,3,1,1,3,7,74273,M,0.0,0.0,74
200800016272,8,3,14,2115,5,2,1,1,1,74258,M,0.0,0.0,74
200800016273,8,3,25,730,1,1,1,1,5,74044,M,0.0,0.0,74
200800016274,8,3,23,230,5,2,1,1,1,74220,M,4614000.0,627200.0,74
200800016275,8,3,30,100,3,1,1,1,2,74040,M,0.0,0.0,74
200800016276,8,3,3,1400,1,2,1,2,3,74291,M,0.0,0.0,74
200800016277,8,3,11,1045,1,2,1,1,7,74178,M,0.0,0.0,74
200800016278,8,3,21,800,1,1,1,4,4,74291,M,0.0,0.0,74
200800016279,8,3,7,1730,1,2,1,1,3,74210,M,0.0,0.0,74
200800016280,8,3,22,600,2,1,1,1,1,74048,M,4628200.0,640200.0,74
200800016281,8,3,27,900,1,1,1,1,6,74025,M,0.0,0.0,74
200800016282,8,3,29,1700,1,1,1,1,3,74263,M,4633000.0,635900.0,74
200800016283,8,3,2,715,1,2,1,1,6,74063,M,0.0,0.0,74
200800016284,8,3,9,545,5,1,1,1,6,63273,M,0.0,0.0,63
200800016285,8,3,12,1800,1,1,1,1,1,63154,M,0.0,0.0,63
200800016286,8,3,21,2030,3,1,1,4,1,63410,M,4576600.0,258500.0,63
200800016287,8,3,6,1515,1,2,3,1,3,63263,M,4531400.0,301300.0,63
200800016288,8,3,20,2000,5,2,3,1,3,63284,M,0.0,0.0,63
200800016289,8,3,15,1630,1,1,1,1,7,63259,M,4563900.0,307400.0,63
200800016290,8,3,3,2300,3,1,1,1,6,63010,M,4541000.0,370900.0,63
200800016291,8,3,4,1115,1,1,1,4,5,63139,M,0.0,0.0,63
200800016292,8,3,5,1100,1,1,1,8,7,63158,M,4542000.0,352600.0,63
200800016293,8,3,15,1030,1,2,1,1,6,63458,M,4548100.0,318200.0,63
200800016294,8,3,21,830,1,2,1,1,6,63352,M,4546100.0,324000.0,63
200800016295,8,3,19,830,1,1,1,1,7,63470,M,4586000.0,299500.0,63
200800016296,8,3,22,1515,1,1,1,8,6,63041,M,4597600.0,269700.0,63
200800016297,8,3,30,1315,1,2,1,1,3,63281,M,4611300.0,269500.0,63
200800016298,8,3,2,130,3,2,1,1,6,63195,M,0.0,0.0,63
200800016299,8,3,6,745,1,1,1,1,6,63265,M,4586600.0,343900.0,63
200800016300,8,3,7,1600,1,2,1,8,1,63195,M,4583300.0,337900.0,63
200800016301,8,3,22,930,1,1,1,4,1,63131,M,4586300.0,333900.0,63
200800016302,8,3,11,900,1,2,4,2,3,63210,M,0.0,0.0,63
200800016303,8,3,19,1415,1,2,1,1,6,63210,M,4592400.0,332500.0,63
200800016304,8,3,22,1445,1,2,1,1,1,03036,M,0.0,0.0,03
200800016305,8,3,21,345,3,1,1,2,6,03156,M,4659500.0,350400.0,03
200800016306,8,3,21,130,3,1,1,1,6,03234,M,4638300.0,336300.0,03
200800016307,8,3,18,1745,1,1,1,1,7,03237,M,4618300.0,321800.0,03
200800016308,8,3,28,2045,3,2,1,1,3,03267,M,4633400.0,325800.0,03
200800016309,8,3,25,200,3,1,1,4,7,03099,M,4638700.0,303800.0,03
200800016310,8,3,8,1830,2,2,1,1,3,03217,M,0.0,0.0,03
200800016311,8,3,8,1045,1,2,1,2,6,03082,M,4629400.0,274100.0,03
200800016312,8,3,28,2015,5,2,1,1,2,03159,M,4630700.0,273300.0,03
200800016313,8,3,29,1415,1,1,1,1,2,03107,M,4611200.0,313800.0,03
200800016314,8,3,2,715,2,1,1,1,7,15268,M,4486800.0,222600.0,15
200800016315,8,3,5,1300,1,1,1,4,6,15231,M,4511200.0,306100.0,15
200800016316,8,3,13,1730,1,1,1,1,1,15187,M,0.0,0.0,15
200800016317,8,3,21,2145,3,1,1,4,1,15164,M,0.0,0.0,15
200800016318,8,3,31,1700,1,2,1,1,1,43018,M,4501400.0,377800.0,43
200800016319,8,3,10,930,1,1,1,1,3,43078,M,0.0,0.0,43
200800016320,8,3,9,1630,1,1,1,1,7,43078,M,4503000.0,393000.0,43
200800016321,8,3,16,1630,1,2,1,2,1,43080,M,4533600.0,384700.0,43
200800016322,8,3,24,1000,1,1,1,4,3,43080,M,4530400.0,383800.0,43
200800016323,8,3,2,1515,1,1,1,1,7,43132,M,4513000.0,349000.0,43
200800016324,8,3,18,730,1,2,4,1,3,43016,M,0.0,0.0,43
200800016325,8,3,30,1600,1,1,1,1,1,43170,M,4529000.0,328000.0,43
200800016326,8,3,4,815,1,1,1,7,6,43211,M,4522900.0,412500.0,43
200800016327,8,3,22,30,3,1,1,9,3,43137,M,0.0,0.0,43
200800016328,8,3,29,1800,1,1,1,1,5,43012,M,4539300.0,423000.0,43
200800016329,8,3,14,530,3,1,1,1,6,43159,M,4521200.0,429600.0,43
200800016330,8,3,7,2315,3,1,1,2,7,57017,M,4916600.0,603700.0,57
200800016331,8,3,22,245,3,1,1,2,7,57017,M,4916900.0,604100.0,57
200800016332,8,3,28,800,2,1,1,5,1,57017,M,4916700.0,606400.0,57
200800016333,8,3,31,1545,1,2,1,1,1,57707,M,4915100.0,600300.0,57
200800016334,8,3,8,1100,1,2,1,1,2,57433,M,0.0,0.0,57
200800016335,8,3,2,245,5,2,1,8,6,57677,M,0.0,0.0,57
200800016336,8,3,20,1645,1,1,1,2,3,57043,M,0.0,0.0,57
200800016337,8,3,8,1900,5,2,1,1,1,57160,M,0.0,0.0,57
200800016338,8,3,11,2145,5,2,1,9,1,57160,M,0.0,0.0,57
200800016339,8,3,8,830,1,1,1,1,3,57159,M,0.0,0.0,57
200800016340,8,3,5,1745,2,1,1,1,7,57485,M,4880400.0,655700.0,57
200800016341,8,3,15,1800,1,1,1,1,1,57692,M,0.0,0.0,57
200800016342,8,3,2,200,5,2,1,2,6,57550,M,4915700.0,663500.0,57
200800016343,8,3,29,930,1,1,1,1,6,57266,M,4878200.0,670400.0,57
200800016344,8,3,8,2045,3,1,1,1,6,57428,M,4911600.0,675100.0,57
200800016345,8,3,10,1445,1,2,1,6,1,57082,M,0.0,0.0,57
200800016346,8,3,14,1745,1,1,1,2,1,57239,M,0.0,0.0,57
200800016347,8,3,17,915,1,1,1,8,1,57321,M,0.0,0.0,57
200800016348,8,3,15,1345,1,2,3,1,3,57089,M,0.0,0.0,57
200800016349,8,3,7,2000,3,1,1,1,6,57388,M,0.0,0.0,57
200800016350,8,3,9,830,3,1,1,1,6,54333,M,0.0,0.0,54
200800016351,8,3,18,1645,1,2,1,1,2,54150,M,4879000.0,615000.0,54
200800016352,8,3,27,530,4,2,1,1,6,54430,M,0.0,0.0,54
200800016353,8,3,12,1945,3,2,1,1,1,54266,M,0.0,0.0,54
200800016354,8,3,19,1500,1,1,1,2,3,54513,M,0.0,0.0,54
200800016355,8,3,22,845,1,2,1,1,7,54322,M,0.0,0.0,54
200800016356,8,3,25,2030,3,1,1,1,6,54394,M,4934600.0,583200.0,54
200800016357,8,3,21,530,3,1,1,4,6,54562,M,4858300.0,682800.0,54
200800016358,8,3,21,1715,1,1,1,4,6,54129,M,0.0,0.0,54
200800016359,8,3,1,1700,1,1,2,1,3,55366,M,4881000.0,510000.0,55
200800016360,8,3,21,830,1,1,1,3,6,55069,M,4885500.0,497000.0,55
200800016361,8,3,9,1930,3,1,1,2,1,55521,M,4898800.0,548600.0,55
200800016362,8,3,4,1200,3,2,1,1,3,55575,M,0.0,0.0,55
200800016363,8,3,13,500,3,1,1,2,6,55351,M,4952700.0,535100.0,55
200800016364,8,3,6,1030,1,1,1,1,7,88136,M,4820400.0,647000.0,88
200800016365,8,3,16,2245,5,2,1,1,1,88439,M,0.0,0.0,88
200800016366,8,3,10,1030,1,1,1,1,7,88225,M,0.0,0.0,88
200800016367,8,3,24,1700,1,1,1,4,5,88020,M,0.0,0.0,88
200800016368,8,3,28,745,1,1,1,9,7,88478,M,0.0,0.0,88
200800016369,8,3,29,1815,2,1,1,1,1,88364,M,4833200.0,610800.0,88
200800016370,8,3,27,1100,1,1,1,3,3,88385,M,0.0,0.0,88
200800016371,8,3,1,1600,3,1,1,1,7,88426,M,4787300.0,685600.0,88
200800016372,8,3,7,800,1,2,1,1,3,88468,M,4788700.0,676200.0,88
200800016373,8,3,28,900,1,1,1,1,5,88426,M,4787200.0,682900.0,88
200800016374,8,3,6,15,3,1,1,8,6,88120,M,4822100.0,704700.0,88
200800016375,8,3,7,1900,2,1,1,2,1,88244,M,4819900.0,688100.0,88
200800016376,8,3,5,900,1,2,1,1,3,67028,M,4837400.0,759000.0,67
200800016377,8,3,22,845,1,1,1,2,6,67028,M,4836100.0,762000.0,67
200800016378,8,3,8,1515,1,2,1,1,1,67130,M,4841800.0,766000.0,67
200800016379,8,3,14,1400,1,2,1,1,6,67130,M,4842500.0,765800.0,67
200800016380,8,3,30,1400,1,2,6,1,3,67130,M,4843300.0,765900.0,67
200800016381,8,3,4,1300,1,2,1,2,6,67458,M,4882200.0,772500.0,67
200800016382,8,3,14,1745,1,1,1,2,3,67345,M,4877000.0,795600.0,67
200800016383,8,3,29,2030,5,2,1,1,3,67520,M,0.0,0.0,67
200800016384,8,3,11,745,1,2,1,1,3,67437,M,0.0,0.0,67
200800016385,8,3,15,1530,1,1,1,1,3,67380,M,0.0,0.0,67
200800016386,8,3,6,1615,1,1,1,1,6,67434,M,0.0,0.0,67
200800016387,8,3,29,1330,1,2,2,1,3,67434,M,4894000.0,707000.0,67
200800016388,8,3,1,15,3,1,1,6,6,67067,M,4874700.0,775600.0,67
200800016389,8,3,29,1100,1,2,1,1,6,67506,M,4866300.0,772600.0,67
200800016390,8,3,30,1800,1,1,1,1,6,67506,M,4867800.0,771800.0,67
200800016391,8,3,19,1315,1,1,9,1,3,67539,M,4872800.0,763500.0,67
200800016392,8,3,20,2245,3,2,1,2,6,67529,M,4872000.0,779000.0,67
200800016393,8,3,16,1830,1,1,1,1,3,67350,M,0.0,0.0,67
200800016394,8,3,31,915,1,2,1,1,6,67001,M,0.0,0.0,67
200800016395,8,3,5,1145,1,2,1,1,6,68097,M,0.0,0.0,68
200800016396,8,3,18,915,1,1,1,8,6,68173,M,0.0,0.0,68
200800016397,8,3,3,2045,5,2,1,1,6,68157,M,4813100.0,748100.0,68
200800016398,8,3,9,500,3,1,1,1,7,68164,M,4813800.0,728600.0,68
200800016399,8,3,14,245,3,1,1,2,1,68338,M,4808800.0,730800.0,68
200800016400,8,3,12,1430,1,2,1,1,3,68062,M,4762300.0,721100.0,68
200800016401,8,3,18,400,3,1,1,1,1,68377,M,0.0,0.0,68
200800016402,8,3,30,1715,1,1,1,1,3,68127,M,4767100.0,723000.0,68
200800016403,8,3,1,2245,3,1,4,1,1,68347,M,4751500.0,729900.0,68
200800016404,8,3,22,1630,1,1,1,1,6,68330,M,4758400.0,713100.0,68
200800016405,8,3,29,800,1,1,1,1,1,68049,M,4750900.0,735700.0,68
200800016406,8,3,9,1115,1,1,1,1,3,68235,M,4799700.0,737900.0,68
200800016407,8,3,7,730,1,1,1,1,6,68203,M,4791700.0,731600.0,68
200800016408,8,3,23,1315,1,1,1,1,6,68015,M,0.0,0.0,68
200800016409,8,3,14,1345,1,2,1,8,6,68384,M,4770000.0,730000.0,68
200800016410,8,3,31,2315,3,1,1,1,7,68195,M,4776000.0,725000.0,68
200800016411,8,3,22,45,3,1,1,4,2,68126,M,4757600.0,754500.0,68
200800016412,8,3,3,630,2,1,1,1,7,68160,M,0.0,0.0,68
200800016413,8,3,17,1645,1,1,1,1,3,68357,M,0.0,0.0,68
200800016414,8,3,9,2300,5,2,1,1,3,68348,M,0.0,0.0,68
200800016415,8,3,30,1500,1,2,1,1,3,68040,M,4783000.0,708200.0,68
200800016416,8,3,6,800,1,2,1,1,1,68060,M,4773200.0,715100.0,68
200800016417,8,3,13,2130,5,2,1,2,1,68167,M,4780200.0,696200.0,68
200800016418,8,3,18,2030,3,1,1,1,5,68011,M,4778300.0,716400.0,68
200800016419,8,3,29,915,1,1,1,1,6,68314,M,4774200.0,708000.0,68
200800016420,8,3,8,600,3,1,1,5,6,51146,M,0.0,0.0,51
200800016421,8,3,22,1800,1,1,1,1,6,51389,M,4913000.0,432000.0,51
200800016422,8,3,17,445,3,1,1,1,6,51413,M,4902400.0,403800.0,51
200800016423,8,3,17,1000,1,1,1,1,5,51413,M,4901500.0,403600.0,51
200800016424,8,3,27,1800,1,1,1,8,6,51264,M,4882300.0,358800.0,51
200800016425,8,3,4,1745,1,1,1,7,6,51514,M,4870300.0,376700.0,51
200800016426,8,3,23,100,3,1,1,4,7,51324,M,0.0,0.0,51
200800016427,8,3,30,2345,3,1,1,1,6,51402,M,4873700.0,349700.0,51
200800016428,8,3,1,1500,1,1,1,1,7,51111,M,4919000.0,383800.0,51
200800016429,8,3,23,500,3,1,1,9,7,51425,M,4913500.0,368100.0,51
200800016430,8,3,14,515,3,1,1,1,6,51210,M,4906900.0,395700.0,51
200800016431,8,3,25,1245,1,1,1,1,7,51232,M,0.0,0.0,51
200800016432,8,3,6,1445,1,1,1,1,7,51598,M,4871300.0,469500.0,51
200800016433,8,3,18,1115,1,2,1,1,6,51649,M,0.0,0.0,51
200800016434,8,3,23,615,2,1,1,1,6,51598,M,4871000.0,466300.0,51
200800016435,8,3,15,1900,3,1,1,2,7,51197,M,4906700.0,464500.0,51
200800016436,8,3,18,1200,1,2,1,1,3,51507,M,4909100.0,488300.0,51
200800016437,8,3,6,1130,1,2,1,1,6,08328,M,0.0,0.0,08
200800016438,8,3,24,145,3,1,1,8,6,08188,M,0.0,0.0,08
200800016439,8,3,26,1615,1,2,1,1,1,08081,M,0.0,0.0,08
200800016440,8,3,29,1630,1,2,1,1,5,08125,M,0.0,0.0,08
200800016441,8,3,3,1130,1,2,1,1,3,08185,M,4999700.0,470800.0,08
200800016442,8,3,29,1030,1,1,1,1,1,08367,M,4993400.0,454400.0,08
200800016443,8,3,29,115,3,1,1,1,7,10125,M,0.0,0.0,10
200800016444,8,3,13,1145,1,1,1,1,6,10190,M,4829800.0,421000.0,10
200800016445,8,3,8,1645,1,1,1,1,7,10076,M,0.0,0.0,10
200800016446,8,3,20,945,1,1,1,1,1,10064,M,4840600.0,452600.0,10
200800016447,8,3,30,300,3,1,1,1,6,10064,M,0.0,0.0,10
200800016448,8,3,9,1700,2,1,2,1,1,10355,M,4853700.0,349700.0,10
200800016449,8,3,18,1015,1,1,1,1,3,10231,M,4852300.0,342100.0,10
200800016450,8,3,14,2015,3,2,2,1,3,10392,M,4847300.0,390400.0,10
200800016451,8,3,22,915,1,1,2,8,3,52114,M,4798500.0,489400.0,52
200800016452,8,3,31,1645,1,1,1,1,4,52276,M,4810200.0,523900.0,52
200800016453,8,3,13,1330,1,1,1,1,1,52064,M,4822400.0,559700.0,52
200800016454,8,3,24,1400,1,1,1,4,6,52132,M,0.0,0.0,52
200800016455,8,3,4,1715,1,2,1,1,3,52269,M,,,52
200800016456,8,3,22,600,3,1,1,4,6,52380,M,0.0,0.0,52
200800016457,8,3,30,1730,1,2,1,1,6,52269,M,0.0,0.0,52
200800016458,8,3,1,900,1,1,1,2,5,52093,M,0.0,0.0,52
200800016459,8,3,23,1500,1,2,1,1,6,52195,M,0.0,0.0,52
200800016460,8,3,6,945,1,1,1,1,2,52292,M,4775900.0,532300.0,52
200800016461,8,3,24,45,3,1,1,1,7,52226,M,0.0,0.0,52
200800016462,8,3,18,1100,1,2,1,1,2,52250,M,4844600.0,514300.0,52
200800016463,8,3,17,915,1,1,1,1,1,52411,M,0.0,0.0,52
200800016464,8,3,3,1645,1,1,1,9,2,21298,M,4732500.0,449200.0,21
200800016465,8,3,14,1745,1,2,1,7,6,21657,M,,,21
200800016466,8,3,23,1815,1,1,1,1,1,21486,M,4720900.0,524800.0,21
200800016467,8,3,10,1245,1,1,1,3,1,21310,M,4733000.0,459000.0,21
200800016468,8,3,3,630,2,1,1,1,3,21086,M,4700700.0,482500.0,21
200800016469,8,3,18,1830,1,1,1,1,1,21393,M,4789100.0,460000.0,21
200800016470,8,3,23,1100,1,1,1,9,1,21413,M,,,21
200800016471,8,3,29,2000,3,1,1,1,5,21198,M,0.0,0.0,21
200800016472,8,3,7,1330,1,1,1,8,5,58051,M,4692300.0,316400.0,58
200800016473,8,3,15,1930,3,1,1,2,5,58296,M,0.0,0.0,58
200800016474,8,3,29,1730,1,1,1,1,6,58144,M,4677500.0,304700.0,58
200800016475,8,3,12,515,2,1,1,3,1,58262,M,0.0,0.0,58
200800016476,8,3,15,245,3,1,1,5,6,58165,M,4739700.0,361400.0,58
200800016477,8,3,25,945,1,1,1,1,7,58217,M,4751100.0,352800.0,58
200800016478,8,3,1,815,1,1,1,2,1,58047,M,4723200.0,378200.0,58
200800016479,8,3,15,1530,1,1,1,8,1,58220,M,0.0,0.0,58
200800016480,8,3,5,1945,5,2,1,9,6,71556,M,0.0,0.0,71
200800016481,8,3,6,1900,5,1,4,1,1,71371,M,0.0,0.0,71
200800016482,8,3,27,1700,1,1,1,1,6,71210,M,0.0,0.0,71
200800016483,8,3,16,1215,1,1,1,1,3,71090,M,4621700.0,475800.0,71
200800016484,8,3,17,1430,1,1,2,3,3,71345,M,4644100.0,480300.0,71
200800016485,8,3,26,1430,1,1,1,1,1,71251,M,4689500.0,415000.0,71
200800016486,8,3,14,1400,1,1,1,1,1,71498,M,0.0,0.0,71
200800016487,8,3,15,1400,1,1,1,1,6,71221,M,0.0,0.0,71
200800016488,8,3,22,1130,1,1,1,1,1,71324,M,0.0,0.0,71
200800016489,8,3,15,1545,1,1,1,1,3,71456,M,4681300.0,502800.0,71
200800016490,8,3,25,730,1,1,1,1,1,71002,M,0.0,0.0,71
200800016491,8,3,3,1245,1,1,1,2,6,71242,M,4660100.0,454900.0,71
200800016492,8,3,10,1800,1,2,1,2,6,71106,M,4644000.0,427400.0,71
200800016493,8,3,26,1900,3,1,1,2,1,71106,M,0.0,0.0,71
200800016494,8,3,27,1830,1,2,1,1,3,71176,M,4648600.0,398900.0,71
200800016495,8,3,9,1800,1,1,1,2,2,71123,M,0.0,0.0,71
200800016496,8,3,15,1800,1,1,1,2,3,71291,M,0.0,0.0,71
200800016497,8,3,25,900,1,2,1,4,1,71271,M,4622500.0,411200.0,71
200800016498,8,3,30,1815,1,1,1,2,2,71491,M,4641300.0,403400.0,71
200800016499,8,3,10,1800,1,1,1,6,6,71064,M,0.0,0.0,71
200800016500,8,3,6,1800,1,1,1,1,3,71244,M,4657500.0,504900.0,71
200800016501,8,3,2,1815,1,2,1,1,6,89398,M,4809300.0,377100.0,89
200800016502,8,3,22,930,1,1,3,1,3,89345,M,0.0,0.0,89
200800016503,8,3,15,1600,1,1,1,1,7,89034,M,0.0,0.0,89
200800016504,8,3,1,1630,1,1,1,1,1,89365,M,4769100.0,297900.0,89
200800016505,8,3,6,1830,2,1,1,1,6,89046,M,4767700.0,293100.0,89
200800016506,8,3,29,1215,1,2,1,1,3,89433,M,0.0,0.0,89
200800016507,8,3,21,1315,1,1,1,3,6,89343,M,4782500.0,312300.0,89
200800016508,8,3,7,700,2,1,1,5,1,89059,M,4802700.0,351500.0,89
200800016509,8,3,7,1430,1,1,1,1,3,89425,M,0.0,0.0,89
200800016510,8,3,30,1745,1,1,1,3,6,89257,M,4799900.0,363500.0,89
200800016511,8,3,12,1730,1,1,1,2,6,89066,M,0.0,0.0,89
200800016512,8,3,30,1445,1,1,1,3,7,89195,M,4816600.0,326800.0,89
200800016513,8,3,4,1800,2,1,6,7,3,89460,M,4834100.0,306600.0,89
200800016514,8,3,12,1215,1,1,1,2,3,89136,M,4826800.0,328300.0,89
200800016515,8,3,15,130,3,1,1,1,7,89136,M,4826300.0,324100.0,89
200800016516,8,3,27,815,1,2,1,2,5,89074,M,0.0,0.0,89
200800016517,8,3,1,1745,1,1,1,1,7,89126,M,0.0,0.0,89
200800016518,8,3,24,1715,1,1,1,2,6,89180,M,4816300.0,312500.0,89
200800016519,8,3,21,1915,3,1,1,8,1,89348,M,0.0,0.0,89
200800016520,8,3,9,1415,1,2,1,1,7,89418,M,4785900.0,397400.0,89
200800016521,8,3,19,1630,1,1,1,1,3,89418,M,4786400.0,405200.0,89
200800016522,8,3,12,1730,1,1,1,7,1,25287,M,0.0,0.0,25
200800016523,8,3,2,30,5,2,1,1,6,25057,M,4754000.0,680000.0,25
200800016524,8,3,21,1830,3,1,1,3,2,25057,M,0.0,0.0,25
200800016525,8,3,1,1830,1,2,1,1,1,25207,M,0.0,0.0,25
200800016526,8,3,22,1530,1,2,1,1,3,25048,M,0.0,0.0,25
200800016527,8,3,24,1530,1,2,1,4,1,25048,M,0.0,0.0,25
200800016528,8,3,12,1430,1,2,1,2,7,25304,M,0.0,0.0,25
200800016529,8,3,12,1715,1,1,1,3,6,25174,M,0.0,0.0,25
200800016530,8,3,15,900,5,2,1,8,6,25356,M,4725200.0,678900.0,25
200800016531,8,3,2,230,5,2,7,1,7,25463,M,4738900.0,677100.0,25
200800016532,8,3,28,1315,1,2,1,1,1,25463,M,4739000.0,677500.0,25
200800016533,8,3,21,1030,1,2,1,3,3,25047,M,0.0,0.0,25
200800016534,8,3,28,1430,1,1,1,1,3,25377,M,0.0,0.0,25
200800016535,8,3,1,1330,1,1,1,1,1,25372,M,0.0,0.0,25
200800016536,8,3,8,2345,3,1,1,2,7,25262,M,0.0,0.0,25
200800016537,8,3,14,1900,5,2,1,1,3,25578,M,0.0,0.0,25
200800016538,8,3,17,1330,1,1,3,2,3,25578,M,0.0,0.0,25
200800016539,8,3,30,1345,1,1,1,1,6,25079,M,0.0,0.0,25
200800016540,8,3,25,1715,1,1,1,4,6,25403,M,0.0,0.0,25
200800016541,8,3,22,200,3,1,1,8,6,39458,M,4662400.0,560500.0,39
200800016542,8,3,16,545,2,1,1,2,7,39287,M,0.0,0.0,39
200800016543,8,3,19,1000,1,2,1,1,6,39500,M,4693400.0,588600.0,39
200800016544,8,3,12,1430,2,1,1,3,1,70430,M,0.0,0.0,70
200800016545,8,3,24,1530,1,1,1,4,1,70383,M,4741700.0,606800.0,70
200800016546,8,3,21,2145,3,2,1,4,6,70259,M,,,70
200800016547,8,3,3,830,1,1,1,2,6,70120,M,0.0,0.0,70
200800016548,8,3,5,945,1,1,1,9,5,70096,M,4759100.0,679000.0,70
200800016549,8,3,6,1330,1,1,1,1,1,70478,M,0.0,0.0,70
200800016550,8,3,8,100,3,1,9,1,6,70155,M,0.0,0.0,70
200800016551,8,3,10,45,5,2,6,2,7,70093,M,4780800.0,633600.0,70
200800016552,8,3,7,1245,1,1,1,1,3,70240,M,0.0,0.0,70
200800016553,8,3,6,1145,1,2,1,7,6,70279,M,4745300.0,559300.0,70
200800016554,8,3,3,1715,1,2,1,8,6,70122,M,4761700.0,551700.0,70
200800016555,8,3,29,1830,1,2,6,1,6,90097,M,0.0,0.0,90
200800016556,8,3,27,1545,1,1,1,1,7,90082,M,4760500.0,696200.0,90
200800016557,8,3,7,1230,1,1,1,1,7,38072,M,4532100.0,481300.0,38
200800016558,8,3,15,730,2,1,1,1,2,26124,M,0.0,0.0,26
200800016559,8,3,19,415,3,1,1,1,6,26072,M,0.0,0.0,26
200800016560,8,3,5,1645,1,1,1,6,3,26324,M,4433000.0,473000.0,26
200800016561,8,3,14,1800,1,2,1,1,3,13015,M,0.0,0.0,13
200800016562,8,3,21,1930,3,2,1,1,6,13019,M,4342400.0,536000.0,13
200800016563,8,3,30,1900,2,2,1,1,2,13019,M,0.0,0.0,13
200800016564,8,3,5,845,1,1,2,1,5,13110,M,0.0,0.0,13
200800016565,8,3,11,1945,3,1,1,2,1,13110,M,4349500.0,565700.0,13
200800016566,8,3,16,1100,1,1,2,1,3,13004,M,0.0,0.0,13
200800016567,8,3,3,730,1,1,1,1,3,13027,M,0.0,0.0,13
200800016568,8,3,12,2130,5,2,1,1,3,13027,M,4388800.0,485800.0,13
200800016569,8,3,22,400,3,1,1,1,6,13096,M,0.0,0.0,13
200800016570,8,3,17,2015,3,1,1,1,6,13097,M,4358000.0,478000.0,13
200800016571,8,3,23,615,2,1,1,1,6,13097,M,4362500.0,475100.0,13
200800016572,8,3,14,815,1,1,3,1,3,13100,M,0.0,0.0,13
200800016573,8,3,18,1800,1,1,1,1,1,13052,M,0.0,0.0,13
200800016574,8,3,15,1115,1,1,1,1,3,13030,M,0.0,0.0,13
200800016575,8,3,8,1400,1,1,1,1,5,13022,M,4321800.0,558000.0,13
200800016576,8,3,20,1545,1,1,1,1,2,13119,M,4327100.0,558800.0,13
200800016577,8,3,22,1430,1,1,1,1,6,13073,M,0.0,0.0,13
200800016578,8,3,13,1130,1,1,1,1,3,13086,M,0.0,0.0,13
200800016579,8,3,14,1630,1,2,9,1,6,13086,M,0.0,0.0,13
200800016580,8,3,19,845,1,1,1,1,3,13086,M,0.0,0.0,13
200800016581,8,3,25,730,1,2,1,1,3,13031,M,0.0,0.0,13
200800016582,8,3,25,2230,3,2,1,1,6,13007,M,0.0,0.0,13
200800016583,8,3,3,2030,3,1,1,1,1,13092,M,4353000.0,505000.0,13
200800016584,8,3,13,1530,1,2,6,1,3,13035,M,0.0,0.0,13
200800016585,8,3,22,1030,1,1,1,1,1,13003,M,4372000.0,513000.0,13
200800016586,8,3,24,300,3,1,1,1,6,13115,M,0.0,0.0,13
200800016587,8,3,29,1515,2,1,1,1,6,13081,M,0.0,0.0,13
200800016588,8,3,1,1500,1,1,1,1,1,13082,M,0.0,0.0,13
200800016589,8,3,1,1700,1,1,1,1,1,13082,M,0.0,0.0,13