Num_Acc,an,mois,jour,hrmn,lum,agg,int,atm,col,com,gps,lat,long,dep
200800016590,8,3,20,945,1,1,1,1,1,04001,M,0.0,0.0,04
200800016591,8,3,6,1145,1,1,1,1,1,04068,M,0.0,0.0,04
200800016592,8,3,22,800,2,1,1,1,7,04088,M,4392600.0,582100.0,04
200800016593,8,3,23,1500,1,1,9,1,6,04208,M,4400000.0,552800.0,04
200800016594,8,3,16,2300,3,1,1,1,1,04197,M,4380700.0,577900.0,04
200800016595,8,3,30,815,2,1,1,1,7,04063,M,4377100.0,576200.0,04
200800016596,8,3,8,1315,1,1,1,1,7,04179,M,4425300.0,605900.0,04
200800016597,8,3,23,1200,1,2,1,1,6,04209,M,4420100.0,594300.0,04
200800016598,8,3,5,1445,1,1,9,1,3,05147,M,0.0,0.0,05
200800016599,8,3,15,1615,1,1,1,1,1,05170,M,4446000.0,604500.0,05
200800016600,8,3,19,1215,1,1,1,1,7,05031,M,4473900.0,656600.0,05
200800016601,8,3,24,1145,1,1,1,1,1,05006,M,4477700.0,656100.0,05
200800016602,8,3,21,1945,5,2,1,1,3,06048,M,4381700.0,732100.0,06
200800016603,8,3,1,1600,1,1,1,1,6,06091,M,0.0,0.0,06
200800016604,8,3,15,2345,3,1,1,2,6,06091,M,0.0,0.0,06
200800016605,8,3,19,1845,2,1,1,3,1,06161,M,0.0,0.0,06
200800016606,8,3,24,1900,5,1,1,1,4,06161,M,4362000.0,713000.0,06
200800016607,8,3,25,1415,1,2,1,1,2,06161,M,4363000.0,713000.0,06
200800016608,8,3,21,2030,3,1,1,2,1,06118,M,0.0,0.0,06
200800016609,8,3,23,1630,1,1,1,1,1,06154,M,0.0,0.0,06
200800016610,8,3,18,1830,1,2,1,1,3,06032,M,4372600.0,740800.0,06
200800016611,8,3,16,1730,1,1,1,1,1,06101,M,0.0,0.0,06
200800016612,8,3,3,2030,5,2,6,1,6,06073,M,0.0,0.0,06
200800016613,8,3,2,2030,3,1,1,1,1,83004,M,0.0,0.0,83
200800016614,8,3,15,815,1,1,1,1,1,83004,M,0.0,0.0,83
200800016615,8,3,16,1445,1,1,1,1,5,83117,M,4359300.0,668000.0,83
200800016616,8,3,10,1030,1,1,1,1,6,83045,M,0.0,0.0,83
200800016617,8,3,12,1545,1,2,1,1,6,83106,M,0.0,0.0,83
200800016618,8,3,16,1215,1,1,1,1,6,83077,M,0.0,0.0,83
200800016619,8,3,1,2045,3,1,1,6,6,83116,M,0.0,0.0,83
200800016620,8,3,3,1245,1,2,1,1,3,83116,M,0.0,0.0,83
200800016621,8,3,29,1800,1,1,1,1,1,83116,M,0.0,0.0,83
200800016622,8,3,12,1445,1,2,1,1,6,83036,M,0.0,0.0,83
200800016623,8,3,8,1630,1,2,1,1,3,83042,M,0.0,0.0,83
200800016624,8,3,11,1715,1,2,1,1,3,83042,M,0.0,0.0,83
200800016625,8,3,15,700,1,1,1,1,1,83115,M,0.0,0.0,83
200800016626,8,3,21,1945,2,1,1,1,7,83115,M,0.0,0.0,83
200800016627,8,3,19,1900,3,1,1,1,2,83119,M,0.0,0.0,83
200800016628,8,3,30,1245,1,1,1,1,6,83101,M,0.0,0.0,83
200800016629,8,3,4,930,1,2,2,6,3,83035,M,0.0,0.0,83
200800016630,8,3,27,1430,1,1,1,1,6,83035,M,0.0,0.0,83
200800016631,8,3,13,345,5,1,1,1,6,83049,M,0.0,0.0,83
200800016632,8,3,17,1200,1,1,1,1,3,83100,M,0.0,0.0,83
200800016633,8,3,30,700,2,1,1,1,1,83091,M,0.0,0.0,83
200800016634,8,3,20,2130,5,1,1,1,1,83047,M,0.0,0.0,83
200800016635,8,3,9,2130,5,1,1,3,1,84071,M,0.0,0.0,84
200800016636,8,3,1,2300,5,1,1,1,6,84092,M,0.0,0.0,84
200800016637,8,3,5,830,1,2,2,1,3,84092,M,0.0,0.0,84
200800016638,8,3,10,2000,5,2,1,2,3,84092,M,0.0,0.0,84
200800016639,8,3,12,2015,5,2,1,1,6,84141,M,0.0,0.0,84
200800016640,8,3,4,1745,1,2,1,1,3,84003,M,4388100.0,539300.0,84
200800016641,8,3,6,815,1,1,1,1,6,84145,M,0.0,0.0,84
200800016642,8,3,30,1715,1,1,1,1,6,84095,M,0.0,0.0,84
200800016643,8,3,5,1045,1,1,1,1,6,84072,M,4404500.0,515100.0,84
200800016644,8,3,15,230,3,1,1,1,1,84072,M,0.0,0.0,84
200800016645,8,3,30,515,2,1,1,1,6,84122,M,0.0,0.0,84
200800016646,8,3,15,1345,1,1,1,1,6,84017,M,0.0,0.0,84
200800016647,8,3,18,715,1,1,1,1,1,84088,M,4399400.0,501200.0,84
200800016648,8,3,22,800,1,1,1,1,6,84088,M,0.0,0.0,84
200800016649,8,3,15,1645,1,2,1,1,1,84056,M,4414000.0,489000.0,84
200800016650,8,3,4,2115,3,1,1,6,1,84096,M,0.0,0.0,84
200800016651,8,3,6,1200,3,1,1,6,7,84028,M,0.0,0.0,84
200800016652,8,3,22,1145,1,1,1,1,6,84135,M,0.0,0.0,84
200800016653,8,3,3,845,1,2,1,1,3,34022,M,4366400.0,401900.0,34
200800016654,8,3,15,1145,1,1,1,8,6,34027,M,4373400.0,401500.0,34
200800016655,8,3,5,915,1,2,1,1,6,34128,M,4393100.0,372500.0,34
200800016656,8,3,5,2200,3,1,1,1,6,34174,M,4395000.0,374200.0,34
200800016657,8,3,21,2330,5,2,1,1,6,34145,M,0.0,0.0,34
200800016658,8,3,22,2000,5,2,1,1,1,34330,M,0.0,0.0,34
200800016659,8,3,24,430,3,1,1,4,6,34145,M,0.0,0.0,34
200800016660,8,3,1,1630,1,1,1,1,3,34154,M,4359700.0,393900.0,34
200800016661,8,3,3,2015,3,2,1,1,6,34276,M,0.0,0.0,34
200800016662,8,3,23,1130,2,1,1,1,6,34126,M,4359300.0,309300.0,34
200800016663,8,3,26,1800,1,1,1,1,3,34028,M,4361200.0,314800.0,34
200800016664,8,3,14,415,5,2,1,1,6,34183,M,0.0,0.0,34
200800016665,8,3,26,1715,1,1,1,8,7,34063,M,0.0,0.0,34
200800016666,8,3,29,1330,1,1,1,1,7,34199,M,4349300.0,349300.0,34
200800016667,8,3,1,1200,2,1,1,6,3,34284,M,0.0,0.0,34
200800016668,8,3,18,1300,1,1,1,1,7,34187,M,0.0,0.0,34
200800016669,8,3,31,345,5,1,1,1,7,34229,M,4347000.0,279200.0,34
200800016670,8,3,8,2130,3,1,1,1,1,34147,M,4347900.0,324100.0,34
200800016671,8,3,30,415,1,1,1,1,6,34300,M,4342900.0,330800.0,34
200800016672,8,3,1,430,3,1,1,1,6,34299,M,4328300.0,328800.0,34
200800016673,8,3,1,1545,1,2,3,1,3,34142,M,0.0,0.0,34
200800016674,8,3,9,1745,3,1,1,2,7,34036,M,4370200.0,336500.0,34
200800016675,8,3,5,1345,1,1,1,6,1,34281,M,4353100.0,348600.0,34
200800016676,8,3,7,1500,1,1,1,1,6,34013,M,4357300.0,345300.0,34
200800016677,8,3,21,1630,1,2,6,1,6,34210,M,4359800.0,351400.0,34
200800016678,8,3,31,1745,1,1,1,1,6,34079,M,4352900.0,348600.0,34
200800016679,8,3,8,600,3,1,1,1,3,34101,M,4338900.0,344500.0,34
200800016680,8,3,15,1800,2,2,1,3,3,34113,M,0.0,0.0,34
200800016681,8,3,19,1600,1,2,2,1,1,34165,M,0.0,0.0,34
200800016682,8,3,8,2100,5,2,9,1,7,34213,M,0.0,0.0,34
200800016683,8,3,8,2200,3,1,1,1,3,34039,M,0.0,0.0,34
200800016684,8,3,8,530,3,1,1,1,6,11288,M,4326000.0,226100.0,11
200800016685,8,3,23,715,3,1,1,2,6,11367,M,4336300.0,217800.0,11
200800016686,8,3,30,1300,1,1,1,1,7,11319,M,0.0,0.0,11
200800016687,8,3,21,1600,1,1,2,2,3,11286,M,4329200.0,255600.0,11
200800016688,8,3,2,1515,1,1,3,1,3,11192,M,4330900.0,205200.0,11
200800016689,8,3,23,1645,1,1,3,8,3,11178,M,4335000.0,182600.0,11
200800016690,8,3,30,1415,1,1,1,1,7,11430,M,4329100.0,190900.0,11
200800016691,8,3,1,800,1,1,1,1,6,11254,M,0.0,0.0,11
200800016692,8,3,27,1315,1,2,1,1,3,11153,M,4319700.0,209300.0,11
200800016693,8,3,17,745,1,1,1,1,7,11162,M,4323100.0,192000.0,11
200800016694,8,3,6,800,1,1,1,1,3,11102,M,4316100.0,229500.0,11
200800016695,8,3,21,800,1,2,1,1,6,11206,M,4306600.0,221700.0,11
200800016696,8,3,4,1115,1,1,1,3,3,11063,M,4291000.0,219300.0,11
200800016697,8,3,14,1815,1,1,4,1,3,11304,M,4296300.0,226300.0,11
200800016698,8,3,13,2230,3,1,1,1,7,11262,M,0.0,0.0,11
200800016699,8,3,7,1600,1,2,1,1,2,11116,M,0.0,0.0,11
200800016700,8,3,22,2315,5,2,1,1,6,11140,M,4315200.0,272800.0,11
200800016701,8,3,2,630,3,1,1,1,1,30276,M,4359400.0,419700.0,30
200800016702,8,3,6,1115,1,1,1,6,2,30003,M,4358500.0,419800.0,30
200800016703,8,3,16,1700,1,2,1,1,3,30133,M,0.0,0.0,30
200800016704,8,3,31,1030,1,1,1,1,6,30352,M,0.0,0.0,30
200800016705,8,3,9,2000,5,2,1,3,1,30206,M,0.0,0.0,30
200800016706,8,3,16,2215,3,1,1,1,1,30156,M,4387100.0,444700.0,30
200800016707,8,3,22,1330,1,2,1,1,3,30156,M,0.0,0.0,30
200800016708,8,3,24,2215,3,1,1,1,7,30258,M,0.0,0.0,30
200800016709,8,3,1,2230,3,1,6,1,7,30006,M,4368500.0,421300.0,30
200800016710,8,3,25,2330,3,1,1,1,6,30341,M,4364900.0,431600.0,30
200800016711,8,3,23,1945,3,1,1,1,7,30033,M,0.0,0.0,30
200800016712,8,3,18,1515,1,1,1,1,5,30042,M,4404200.0,405300.0,30
200800016713,8,3,5,1930,5,2,1,6,1,30307,M,4420400.0,403900.0,30
200800016714,8,3,16,1530,1,1,1,1,6,30239,M,0.0,0.0,30
200800016715,8,3,23,1345,1,1,1,1,6,30203,M,0.0,0.0,30
200800016716,8,3,27,1315,1,2,1,1,1,30274,M,4418600.0,410500.0,30
200800016717,8,3,11,1300,1,1,1,8,7,30147,M,4402400.0,405600.0,30
200800016718,8,3,1,2245,3,1,1,1,3,30037,M,0.0,0.0,30
200800016719,8,3,5,1100,1,2,9,1,1,30037,M,0.0,0.0,30
200800016720,8,3,26,1300,1,1,1,1,3,30008,M,0.0,0.0,30
200800016721,8,3,2,1930,3,1,1,1,1,30256,M,0.0,0.0,30
200800016722,8,3,21,1830,1,2,1,1,6,30290,M,,,30
200800016723,8,3,13,1830,1,1,1,1,3,30235,M,4393700.0,455300.0,30
200800016724,8,3,26,745,1,2,1,1,1,30179,M,4387700.0,459100.0,30
200800016725,8,3,27,1630,1,2,1,1,3,30073,M,4396000.0,456800.0,30
200800016726,8,3,15,500,3,1,1,5,1,30315,M,4395500.0,470800.0,30
200800016727,8,3,28,1600,1,2,1,1,1,30217,M,4398300.0,469800.0,30
200800016728,8,3,14,1630,1,1,1,1,1,30180,M,0.0,0.0,30
200800016729,8,3,28,1530,1,1,1,1,6,30061,M,0.0,0.0,30
200800016730,8,3,30,830,1,1,1,1,6,30088,M,4386300.0,412000.0,30
200800016731,8,3,9,1730,1,1,1,2,2,30272,M,0.0,0.0,30
200800016732,8,3,8,600,5,2,1,2,7,48094,M,4431200.0,317400.0,48
200800016733,8,3,6,1745,1,2,3,1,3,48092,M,0.0,0.0,48
200800016734,8,3,28,815,1,1,1,8,2,66026,M,4256600.0,290600.0,66
200800016735,8,3,11,1715,1,1,1,1,6,66056,M,0.0,0.0,66
200800016736,8,3,21,2045,3,1,1,6,6,66180,M,0.0,0.0,66
200800016737,8,3,2,2100,5,2,1,1,7,66144,M,0.0,0.0,66
200800016738,8,3,5,2000,5,2,1,1,3,66210,M,4263400.0,275300.0,66
200800016739,8,3,8,1200,1,2,1,1,6,66217,M,0.0,0.0,66
200800016740,8,3,21,1830,1,1,1,8,2,66226,M,0.0,0.0,66
200800016741,8,3,26,1745,1,1,1,3,2,66008,M,0.0,0.0,66
200800016742,8,3,1,2130,3,1,1,1,6,66175,M,0.0,0.0,66
200800016743,8,3,18,1515,1,2,1,1,3,66133,M,0.0,0.0,66
200800016744,8,3,18,1230,1,1,1,1,3,66225,M,0.0,0.0,66
200800016745,8,3,30,2045,5,2,1,1,6,66148,M,4252500.0,310800.0,66
200800016746,8,3,11,1,3,1,1,1,6,66005,M,0.0,0.0,66
200800016747,8,3,26,1745,1,2,1,1,1,66088,M,0.0,0.0,66
200800016748,8,3,26,1430,1,1,1,1,3,20271,M,0.0,0.0,201
200800016749,8,3,20,1345,1,1,1,1,7,20041,M,0.0,0.0,201
200800016750,8,3,26,2045,3,1,1,8,6,20041,M,4143000.0,918500.0,201
200800016751,8,3,14,1045,1,2,9,1,3,20247,M,0.0,0.0,201
200800016752,8,3,23,1245,1,1,1,2,3,20247,M,4156500.0,923700.0,201
200800016753,8,3,10,1315,1,1,1,8,6,20272,M,4164100.0,896300.0,201
200800016754,8,3,24,1200,1,1,1,4,1,20071,M,0.0,0.0,201
200800016755,8,3,19,2045,3,1,1,2,1,20355,M,0.0,0.0,202
200800016756,8,3,5,1100,1,1,1,3,6,20224,M,4286300.0,948000.0,202
200800016757,8,3,5,515,3,1,1,1,6,20096,M,4229200.0,920100.0,202
200800016758,8,3,1,1715,1,1,1,1,1,20332,M,0.0,0.0,202
200800016759,8,3,13,145,3,1,1,1,1,20009,M,4209000.0,950000.0,202
200800016760,8,3,13,2130,5,1,1,1,3,20311,M,4235900.0,953300.0,202
200800016761,8,3,16,1815,3,1,1,1,3,20343,M,4250300.0,946800.0,202
200800016762,8,3,29,2130,5,2,7,1,3,20286,M,4250100.0,947200.0,202
200800016763,8,3,27,1800,1,2,1,7,1,78089,M,0.0,0.0,78
200800016764,8,3,2,600,2,2,1,1,6,78465,M,4884000.0,170400.0,78
200800016765,8,3,8,730,2,1,1,1,7,78564,M,4852800.0,193000.0,78
200800016766,8,3,22,1545,1,2,1,1,5,78575,M,0.0,0.0,78
200800016767,8,3,3,2115,3,1,1,2,6,78262,M,4880800.0,180800.0,78
200800016768,8,3,20,1900,5,2,1,1,3,78576,M,4876400.0,188500.0,78
200800016769,8,3,25,830,2,1,1,1,2,78576,M,4873800.0,188600.0,78
200800016770,8,3,22,130,3,1,1,2,6,78616,M,0.0,0.0,78
200800016771,8,3,9,1830,2,1,1,2,4,78601,M,0.0,0.0,78
200800016772,8,3,17,745,1,1,1,8,1,78349,M,0.0,0.0,78
200800016773,8,3,24,1500,1,2,1,1,1,91599,M,0.0,0.0,91
200800016774,8,3,7,1915,5,1,1,1,5,91106,M,4856200.0,214800.0,91
200800016775,8,3,11,1730,1,1,1,8,1,91602,M,4852400.0,216200.0,91
200800016776,8,3,26,1130,1,2,1,1,1,91630,M,4856900.0,206100.0,91
200800016777,8,3,6,1145,1,1,1,1,1,91041,M,4857800.0,224900.0,91
200800016778,8,3,11,1530,1,1,1,2,1,91115,M,4859100.0,219500.0,91
200800016779,8,3,12,2000,5,2,1,1,1,91494,M,0.0,0.0,91
200800016780,8,3,23,900,1,2,9,1,1,91274,M,0.0,0.0,91
200800016781,8,3,12,800,1,1,1,6,3,95078,M,0.0,0.0,95
200800016782,8,3,25,1715,1,1,1,1,1,95241,M,4904800.0,243800.0,95
200800016783,8,3,28,2345,3,2,1,1,1,95241,M,4905200.0,245100.0,95
200800016784,8,3,1,515,3,1,1,6,6,77103,M,,,77
200800016785,8,3,4,1130,1,1,1,1,3,77034,M,4858200.0,278100.0,77
200800016786,8,3,20,915,1,2,6,1,3,77295,M,4857000.0,273600.0,77
200800016787,8,3,21,2045,3,1,1,1,1,77295,M,0.0,0.0,77
200800016788,8,3,7,1615,1,2,1,1,7,77047,M,4888200.0,289000.0,77
200800016789,8,3,9,2115,3,1,1,8,7,77130,M,4889800.0,294100.0,77
200800016790,8,3,10,1630,1,1,1,2,1,77402,M,4883600.0,335500.0,77
200800016791,8,3,14,1700,1,1,1,2,2,77106,M,4882400.0,316800.0,77
200800016792,8,3,18,1415,1,1,1,8,7,77031,M,4869500.0,291800.0,77
200800016793,8,3,17,2045,3,1,1,1,6,77469,M,4873300.0,302100.0,77
200800016794,8,3,6,1000,1,1,1,8,5,77339,M,4838500.0,249900.0,77
200800016795,8,3,5,1045,1,1,1,1,6,77531,M,4826500.0,297000.0,77
200800016796,8,3,17,900,1,1,1,9,3,77473,M,4828100.0,276900.0,77
200800016797,8,3,30,2145,3,1,1,1,5,77420,M,4903100.0,266900.0,77
200800016798,8,3,21,1230,1,1,1,2,3,77157,M,4903100.0,313700.0,77
200800016799,8,3,16,2200,3,2,1,2,1,77032,M,4870500.0,325000.0,77
200800016800,8,3,26,1315,1,1,1,1,5,77109,M,4860700.0,320900.0,77
200800016801,8,3,24,2045,3,1,1,4,1,77025,M,0.0,0.0,77
200800016802,8,3,13,1645,1,1,1,2,6,77190,M,4853400.0,301100.0,77
200800016803,8,3,18,1400,1,2,1,1,1,77327,M,4856500.0,301900.0,77
200800016804,8,3,11,745,1,1,1,8,1,45082,M,0.0,0.0,45
200800016805,8,3,8,1900,3,1,1,1,7,45272,M,4782800.0,195600.0,45
200800016806,8,3,1,1245,1,2,1,1,3,45028,M,0.0,0.0,45
200800016807,8,3,3,1245,1,1,1,1,1,45203,M,4785200.0,172700.0,45
200800016808,8,3,15,1430,1,1,1,1,5,45203,M,4782600.0,170300.0,45
200800016809,8,3,18,1200,1,2,1,1,6,45028,M,4778400.0,163400.0,45
200800016810,8,3,27,700,1,1,1,1,2,45028,M,4778500.0,163200.0,45
200800016811,8,3,15,415,3,1,1,1,2,45155,M,0.0,0.0,45
200800016812,8,3,25,1845,1,1,1,1,7,45108,M,0.0,0.0,45
200800016813,8,3,21,2015,3,1,1,1,1,45108,M,4760600.0,251500.0,45
200800016814,8,3,29,15,3,1,1,1,1,45060,M,0.0,0.0,45
200800016815,8,3,25,815,1,1,1,1,3,45315,M,0.0,0.0,45
200800016816,8,3,9,600,3,1,1,1,1,45279,M,4795100.0,287000.0,45
200800016817,8,3,13,645,2,1,1,1,6,45307,M,4807200.0,288600.0,45
200800016818,8,3,22,515,3,1,1,1,6,45026,M,4813600.0,302600.0,45
200800016819,8,3,30,830,1,2,1,1,6,45119,M,4814800.0,225700.0,45
200800016820,8,3,25,1800,1,1,1,1,3,18023,M,4708900.0,272200.0,18
200800016821,8,3,26,1115,1,1,1,1,1,18053,M,4715600.0,287100.0,18
200800016822,8,3,8,1630,1,2,1,1,2,18197,M,4672700.0,251600.0,18
200800016823,8,3,19,1700,1,1,1,1,1,18172,M,4673700.0,247100.0,18
200800016824,8,3,27,1600,1,1,1,1,5,18195,M,4685200.0,285900.0,18
200800016825,8,3,2,1115,1,1,1,2,3,18030,M,4752200.0,251500.0,18
200800016826,8,3,9,1745,1,1,1,8,3,18149,M,4731200.0,239400.0,18
200800016827,8,3,21,1715,1,1,1,2,6,18138,M,0.0,0.0,18
200800016828,8,3,4,2000,3,1,1,6,7,18226,M,0.0,0.0,18
200800016829,8,3,22,1730,1,1,1,8,7,18016,M,0.0,0.0,18
200800016830,8,3,28,1915,2,1,1,2,4,18179,M,0.0,0.0,18
200800016831,8,3,31,1630,1,1,1,1,1,28006,M,4844100.0,137900.0,28
200800016832,8,3,20,745,1,1,1,1,3,28023,M,4852600.0,164700.0,28
200800016833,8,3,9,615,3,1,1,1,6,28391,M,4821600.0,194800.0,28
200800016834,8,3,14,1530,1,2,1,1,2,28422,M,4827700.0,162900.0,28
200800016835,8,3,12,800,1,1,1,2,7,28185,M,4877500.0,154500.0,28
200800016836,8,3,1,1600,1,2,1,1,7,28386,M,4857500.0,125200.0,28
200800016837,8,3,3,1845,5,2,1,2,3,28280,M,4831900.0,81900.0,28
200800016838,8,3,10,1600,1,1,1,2,3,28335,M,,,28
200800016839,8,3,24,1200,1,1,1,2,6,28214,M,0.0,0.0,28
200800016840,8,3,29,1900,2,1,1,1,1,28119,M,0.0,0.0,28
200800016841,8,3,14,1700,1,1,1,1,1,36117,M,4656000.0,156900.0,36
200800016842,8,3,15,500,3,1,1,1,6,36106,M,0.0,0.0,36
200800016843,8,3,30,145,3,1,9,2,6,36154,M,4660000.0,157700.0,36
200800016844,8,3,7,830,1,1,1,1,1,36241,M,4686800.0,152900.0,36
200800016845,8,3,19,1215,1,1,1,8,2,36082,M,4702200.0,149100.0,36
200800016846,8,3,21,1800,1,2,2,1,3,36241,M,4684900.0,153900.0,36
200800016847,8,3,23,900,1,1,1,1,6,36136,M,4692500.0,112700.0,36
200800016848,8,3,25,2345,3,1,1,1,6,36232,M,4680300.0,140900.0,36
200800016849,8,3,1,2000,5,2,1,8,2,36001,M,4644100.0,182400.0,36
200800016850,8,3,4,1745,1,1,1,8,1,36179,M,4694200.0,196700.0,36
200800016851,8,3,10,900,1,1,1,3,6,36171,M,4710100.0,204500.0,36
200800016852,8,3,15,530,3,2,1,1,7,37003,M,4742400.0,98600.0,37
200800016853,8,3,28,1600,1,1,1,3,1,37003,M,4739900.0,100200.0,37
200800016854,8,3,28,1530,1,1,1,2,7,37171,M,0.0,0.0,37
200800016855,8,3,5,1715,1,1,6,1,7,37109,M,4741700.0,59400.0,37
200800016856,8,3,14,1645,1,1,1,1,6,37139,M,0.0,0.0,37
200800016857,8,3,21,1545,1,2,1,1,7,37072,M,0.0,0.0,37
200800016858,8,3,11,1030,1,1,1,3,7,37147,M,4707200.0,54100.0,37
200800016859,8,3,16,1400,1,1,1,2,6,37107,M,4697900.0,85800.0,37
200800016860,8,3,9,500,5,1,3,1,3,41296,M,4765600.0,198800.0,41
200800016861,8,3,22,1700,1,1,1,2,6,41231,M,0.0,0.0,41
200800016862,8,3,31,1345,1,1,1,1,7,41285,M,4762900.0,171000.0,41
200800016863,8,3,15,1900,2,1,1,1,7,41131,M,0.0,0.0,41
200800016864,8,3,17,1945,2,1,1,1,3,41215,M,0.0,0.0,41
200800016865,8,3,30,1045,1,1,2,2,3,41087,M,4782000.0,86100.0,41
200800016866,8,3,1,1800,2,1,1,1,6,41096,M,0.0,0.0,41
200800016867,8,3,20,1100,1,2,1,1,3,33333,M,4487800.0,-109200.0,33
200800016868,8,3,5,1945,3,1,1,1,1,29031,M,0.0,0.0,29
200800016869,8,3,8,245,3,1,1,1,6,29092,M,0.0,0.0,29
200800016870,8,3,8,600,2,1,3,1,3,29274,M,0.0,0.0,29
200800016871,8,3,10,1415,1,2,1,6,1,29004,M,4791800.0,-370900.0,29
200800016872,8,3,17,1830,1,1,1,1,6,29241,M,4797400.0,-380300.0,29
200800016873,8,3,29,1800,1,1,1,1,1,29146,M,4792900.0,-384800.0,29
200800016874,8,3,10,1445,1,1,1,2,5,87205,M,4573700.0,127200.0,87
200800016875,8,3,22,1330,1,1,1,1,1,87205,M,0.0,0.0,87
200800016876,8,3,3,1600,1,2,1,1,2,33234,M,4480200.0,-49500.0,33
200800016877,8,3,3,945,1,1,1,1,3,13087,M,4349300.0,563100.0,13
200800016878,8,3,7,2130,3,1,1,1,6,13087,M,4347300.0,564500.0,13
200800016879,8,3,10,715,1,1,1,2,1,13040,M,4346100.0,554600.0,13
200800016880,8,3,23,1945,5,2,1,1,6,13040,M,4345000.0,555400.0,13
200800016881,8,3,3,1545,1,2,1,1,6,47195,M,0.0,0.0,47
200800016882,8,3,16,230,3,1,1,2,6,47172,M,4414400.0,52100.0,47
200800016883,8,3,23,430,3,1,1,1,7,11144,M,4287700.0,299200.0,11
200800016884,8,3,5,1815,5,2,1,1,6,57096,M,0.0,0.0,57
200800016885,8,3,9,115,4,2,1,1,6,51477,M,4938600.0,410100.0,51
200800016886,8,3,1,915,1,1,1,1,6,37243,M,0.0,0.0,37
200800016887,8,3,1,915,1,1,1,8,6,29078,M,4832000.0,-417500.0,29
200800016888,8,3,5,615,3,2,1,2,3,33005,M,0.0,0.0,33
200800016889,8,3,1,700,1,1,1,2,7,89208,M,0.0,0.0,89
200800016890,8,3,15,1830,1,1,1,1,7,89330,M,0.0,0.0,89
200800016891,8,3,7,1445,1,1,1,1,7,62317,M,0.0,0.0,62
200800016892,8,3,24,1430,1,1,1,1,6,80307,M,0.0,0.0,80
200800016893,8,3,31,1345,1,1,1,8,2,80033,M,0.0,0.0,80
200800016894,8,3,14,1345,1,1,1,7,5,71520,M,0.0,0.0,71
200800016895,8,3,23,1800,1,1,1,1,6,71269,M,0.0,0.0,71
200800016896,8,3,1,1730,1,1,1,1,5,89037,M,0.0,0.0,89
200800016897,8,3,2,1730,1,1,1,8,6,89263,M,0.0,0.0,89
200800016898,8,3,9,2215,3,1,1,3,6,89167,M,0.0,0.0,89
200800016899,8,3,12,1515,1,1,1,1,6,13067,M,0.0,0.0,13
200800016900,8,3,3,45,3,1,1,1,2,30116,M,0.0,0.0,30
200800016901,8,3,14,1800,1,1,1,1,1,84034,M,0.0,0.0,84
200800016902,8,3,4,1445,1,1,1,1,6,83031,M,4340000.0,632000.0,83
200800016903,8,3,16,2100,3,1,1,1,6,83132,M,4318000.0,604000.0,83
200800016904,8,3,23,45,3,1,1,1,3,60686,M,0.0,0.0,60
200800016905,8,3,23,2215,3,1,1,1,2,27701,M,0.0,0.0,27
200800016906,8,3,1,600,5,1,1,1,5,60369,M,0.0,0.0,60
200800016907,8,3,20,445,3,1,1,1,6,60680,M,0.0,0.0,60
200800016908,8,3,29,1015,1,1,1,1,6,60533,M,4953500.0,272400.0,60
200800016909,8,3,20,745,1,1,1,1,2,69077,M,4617100.0,477100.0,69
200800016910,8,3,29,130,3,1,1,1,2,38530,M,0.0,0.0,38
200800016911,8,3,30,30,5,2,1,1,3,68278,M,0.0,0.0,68
200800016912,8,3,3,1945,5,2,1,1,6,95604,M,0.0,0.0,95
200800016913,8,3,5,2130,3,1,1,9,6,95580,M,0.0,0.0,95
200800016914,8,3,11,1645,1,1,1,2,3,95604,M,4909900.0,253100.0,95
200800016915,8,3,15,15,3,2,1,2,7,95580,M,4908600.0,255500.0,95
200800016916,8,3,2,2100,3,1,1,2,5,76517,M,4950000.0,116400.0,76
200800016917,8,3,27,2330,3,1,1,1,7,76532,M,4960500.0,127300.0,76
200800016918,8,3,3,515,3,1,1,1,6,41288,M,0.0,0.0,41
200800016919,8,3,23,1715,1,1,1,1,7,41252,M,0.0,0.0,41
200800016920,8,3,1,1800,2,1,1,1,4,74081,M,0.0,0.0,74
200800016921,8,3,1,530,3,1,1,1,2,30317,M,0.0,0.0,30
200800016922,8,3,13,945,1,1,1,1,6,30123,M,0.0,0.0,30
200800016923,8,3,15,515,3,1,1,5,1,30317,M,4392400.0,458000.0,30
200800016924,8,3,18,1730,3,1,1,8,2,34146,M,0.0,0.0,34
200800016925,8,3,17,2345,3,1,1,1,6,30258,M,0.0,0.0,30
200800016926,8,3,20,515,3,1,1,1,1,34244,M,0.0,0.0,34
200800016927,8,3,21,1130,1,1,1,1,7,30060,M,0.0,0.0,30
200800016928,8,3,23,500,3,1,1,1,2,30169,M,0.0,0.0,30
200800016929,8,3,30,1530,1,1,1,1,6,34340,M,0.0,0.0,34
200800016930,8,3,31,615,2,1,1,2,6,30123,M,4373000.0,418200.0,30
200800016931,8,3,7,1745,1,1,2,2,3,37267,M,0.0,0.0,37
200800016932,8,3,11,1145,1,1,1,2,1,45067,M,0.0,0.0,45
200800016933,8,3,23,2230,3,1,1,4,6,45232,M,0.0,0.0,45
200800016934,8,3,15,815,1,2,1,1,6,73296,M,0.0,0.0,73
200800016935,8,3,6,1945,2,1,1,1,1,13037,M,0.0,0.0,13
200800016936,8,3,20,1300,1,1,1,1,2,73039,M,4557900.0,564700.0,73