Num_Acc,an,mois,jour,hrmn,lum,agg,int,atm,col,com,gps,lat,long,dep
200800016937,8,3,22,500,3,1,1,2,7,38257,M,4548000.0,539800.0,38
200800016938,8,3,27,1945,3,1,1,1,6,38239,M,4534900.0,556200.0,38
200800016939,8,3,31,830,1,1,1,2,6,38481,M,4557300.0,534300.0,38
200800016940,8,3,3,1045,1,1,1,1,6,28173,M,0.0,0.0,28
200800016941,8,3,26,830,3,1,1,3,6,28409,M,0.0,0.0,28
200800016942,8,3,13,2200,5,2,1,1,1,41031,M,0.0,0.0,41
200800016943,8,3,19,1400,1,2,1,1,6,41204,M,0.0,0.0,41
200800016944,8,3,21,1700,2,1,2,1,3,41059,M,4741400.0,138800.0,41
200800016945,8,3,30,45,5,2,1,1,6,69043,M,4571600.0,474200.0,69
200800016946,8,3,24,1630,1,1,1,1,5,34113,M,0.0,0.0,34
200800016947,8,3,22,1445,1,1,1,1,6,63054,M,4549600.0,325100.0,63
200800016948,8,3,29,230,3,1,1,1,6,63052,M,4546800.0,325700.0,63
200800016949,8,3,23,930,1,1,1,4,3,64125,M,0.0,0.0,64
200800016950,8,3,23,300,3,1,1,2,6,91085,M,0.0,0.0,91
200800016951,8,3,16,245,5,2,2,1,3,69081,M,0.0,0.0,69
200800016952,8,3,8,1245,1,1,1,1,2,57204,M,0.0,0.0,57
200800016953,8,3,14,1045,1,1,1,1,2,90097,M,0.0,0.0,90
200800016954,8,3,15,115,3,1,1,1,2,90001,M,0.0,0.0,90
200800016955,8,3,7,1,3,1,9,1,7,67033,M,0.0,0.0,67
200800016956,8,3,31,500,3,1,1,1,6,62019,M,5041800.0,273200.0,62
200800016957,8,3,17,600,2,1,1,1,5,38027,M,4544000.0,600000.0,38
200800016958,8,3,1,1715,1,1,1,1,3,86115,M,0.0,0.0,86
200800016959,8,3,19,615,2,1,1,1,2,86174,M,4677000.0,48000.0,86
200800016960,8,3,16,2200,3,1,1,3,3,25156,M,0.0,0.0,25
200800016961,8,3,20,730,1,1,1,1,3,06085,M,0.0,0.0,06
200800016962,8,3,25,1130,1,1,1,1,3,06079,M,0.0,0.0,06
200800016963,8,3,20,845,1,1,1,1,4,06027,M,0.0,0.0,06
200800016964,8,3,30,1645,1,1,1,1,6,06079,M,0.0,0.0,06
200800016965,8,3,31,1600,1,1,9,1,5,06085,M,4360700.0,700300.0,06
200800016966,8,3,26,930,1,1,1,1,6,11069,M,4319700.0,234000.0,11
200800016967,8,3,18,1115,1,1,1,1,1,28327,M,0.0,0.0,28
200800016968,8,3,27,315,3,1,1,1,7,72080,M,0.0,0.0,72
200800016969,8,3,31,515,3,1,1,1,6,28018,M,0.0,0.0,28
200800016970,8,3,29,1300,1,1,1,1,6,31100,M,0.0,0.0,31
200800016971,8,3,18,845,1,1,1,1,7,33042,M,4447800.0,-82300.0,33
200800016972,8,3,14,1430,1,1,1,1,1,20130,M,0.0,0.0,201
200800016973,8,3,7,1230,1,2,1,1,7,38229,M,4521200.0,578600.0,38
200800016974,8,3,22,1300,1,1,1,1,1,38249,M,0.0,0.0,38
200800016975,8,3,28,1830,2,1,2,1,3,38249,M,4522700.0,581900.0,38
200800016976,8,3,6,845,1,2,1,1,1,06085,M,0.0,0.0,06
200800016977,8,3,22,1630,1,2,1,1,6,06085,M,0.0,0.0,06
200800016978,8,3,10,1300,1,1,1,1,2,67021,M,0.0,0.0,67
200800016979,8,3,19,130,3,1,1,1,2,67445,M,0.0,0.0,67
200800016980,8,3,30,2245,3,1,1,1,6,17415,M,0.0,0.0,17
200800016981,8,3,14,1700,1,1,1,1,6,17052,M,0.0,0.0,17
200800016982,8,3,9,1715,1,1,1,8,3,22144,M,4851500.0,-285100.0,22
200800016983,8,3,9,1730,1,1,1,1,3,22038,M,4854700.0,-296800.0,22
200800016984,8,3,8,1545,1,1,1,1,1,74272,M,0.0,0.0,74
200800016985,8,3,1,1700,1,1,1,1,3,42169,M,4546400.0,411100.0,42
200800016986,8,3,29,1715,1,2,1,1,6,42279,M,4550500.0,424000.0,42
200800016987,8,3,21,1700,1,1,1,1,5,91045,M,4852000.0,238300.0,91
200800016988,8,3,19,830,1,1,1,1,2,52332,M,4801500.0,552100.0,52
200800016989,8,3,30,645,5,2,1,1,1,31157,M,4355900.0,136400.0,31
200800016990,8,3,26,830,1,1,1,1,1,62393,M,0.0,0.0,62
200800016991,8,3,18,745,1,1,1,1,7,06152,M,0.0,0.0,06
200800016992,8,3,29,745,1,2,1,1,6,69088,M,0.0,0.0,69
200800016993,8,3,12,1715,1,2,1,1,5,69244,M,0.0,0.0,69
200800016994,8,3,18,1500,1,2,1,1,3,69244,M,0.0,0.0,69
200800016995,8,3,12,1915,3,1,1,2,1,74176,M,0.0,0.0,74
200800016996,8,3,8,1645,1,1,1,1,1,34116,M,0.0,0.0,34
200800016997,8,3,18,1530,1,2,1,1,3,34255,M,0.0,0.0,34
200800016998,8,3,5,700,2,1,1,1,6,01151,M,0.0,0.0,01
200800016999,8,3,9,1630,1,1,1,2,1,09032,M,0.0,0.0,09
200800017000,8,3,14,1315,1,1,1,1,1,56251,M,4763800.0,-268200.0,56
200800017001,8,3,9,200,3,1,1,1,6,34333,M,0.0,0.0,34
200800017002,8,3,16,1500,1,2,3,1,1,34159,M,0.0,0.0,34
200800017003,8,3,28,1945,2,1,1,1,6,14391,M,4931200.0,-73800.0,14
200800017004,8,3,3,2245,3,1,1,1,6,13069,M,0.0,0.0,13
200800017005,8,3,9,1630,1,1,1,2,6,13029,M,0.0,0.0,13
200800017006,8,3,16,2000,3,1,1,1,3,13069,M,0.0,0.0,13
200800017007,8,3,21,900,1,1,1,1,2,06084,M,0.0,0.0,06
200800017008,8,3,29,1845,1,2,1,1,6,06090,M,0.0,0.0,06
200800017009,8,3,24,1800,1,1,1,2,7,49007,M,4749600.0,-53700.0,49
200800017010,8,3,12,900,1,1,1,6,1,67049,M,0.0,0.0,67
200800017011,8,3,15,1900,5,2,1,1,3,67152,M,4852300.0,768400.0,67
200800017012,8,3,10,830,1,2,1,1,6,67309,M,4864700.0,772300.0,67
200800017013,8,3,20,1930,3,1,1,1,3,67389,M,0.0,0.0,67
200800017014,8,3,29,515,4,2,1,1,6,67296,M,4861900.0,769200.0,67
200800017015,8,3,21,1815,5,2,1,1,1,06010,M,4370500.0,698900.0,06
200800017016,8,3,10,245,3,1,1,1,2,21638,M,4756400.0,520000.0,21
200800017017,8,3,25,1830,1,1,1,1,6,04149,M,0.0,0.0,04
200800017018,8,3,27,1800,1,1,1,1,6,05162,M,4442900.0,601300.0,05
200800017019,8,3,13,730,2,1,1,2,3,13113,M,4358500.0,546700.0,13
200800017020,8,3,13,1115,1,1,1,1,6,13113,M,0.0,0.0,13
200800017021,8,3,18,1930,3,1,9,1,5,73082,M,0.0,0.0,73
200800017022,8,3,25,1815,1,1,9,1,7,77453,M,0.0,0.0,77
200800017023,8,3,7,915,1,1,1,1,2,31324,M,0.0,0.0,31
200800017024,8,3,3,330,3,1,1,2,7,49041,M,0.0,0.0,49
200800017025,8,3,14,900,1,1,1,1,7,49041,M,0.0,0.0,49
200800017026,8,3,4,2300,5,2,1,2,2,74278,M,0.0,0.0,74
200800017027,8,3,15,545,3,1,1,1,6,44103,M,0.0,0.0,44
200800017028,8,3,3,1345,1,1,1,2,2,19234,M,4529300.0,157400.0,19
200800017029,8,3,1,1130,1,1,1,1,6,87148,M,0.0,0.0,87
200800017030,8,3,24,745,2,1,1,1,6,45247,M,0.0,0.0,45
200800017031,8,3,10,2330,3,1,1,1,5,34123,M,0.0,0.0,34
200800017032,8,3,13,1630,1,1,1,6,7,34196,M,0.0,0.0,34
200800017033,8,3,22,1830,3,1,1,1,6,33393,M,0.0,0.0,33
200800017034,8,3,29,1600,1,2,2,1,3,72320,M,4806200.0,16700.0,72
200800017035,8,3,19,400,3,1,1,1,7,58298,M,0.0,0.0,58
200800017036,8,3,10,1845,2,1,1,4,6,19176,M,0.0,0.0,19
200800017037,8,3,25,700,1,1,9,1,6,19207,M,0.0,0.0,19
200800017038,8,3,11,1645,1,1,2,1,3,31269,M,4348200.0,126100.0,31
200800017039,8,3,1,1745,1,1,1,1,1,30034,M,0.0,0.0,30
200800017040,8,3,3,1345,1,1,1,1,3,30060,M,0.0,0.0,30
200800017041,8,3,8,145,3,1,1,1,5,30135,M,4383100.0,452600.0,30
200800017042,8,3,15,2230,3,1,1,2,6,30135,M,0.0,0.0,30
200800017043,8,3,18,2200,3,1,6,1,2,30047,M,0.0,0.0,30
200800017044,8,3,16,115,3,1,1,8,6,13045,M,0.0,0.0,13
200800017045,8,3,20,915,1,2,1,1,6,34192,M,0.0,0.0,34
200800017046,8,3,21,1345,1,1,1,1,6,76192,M,5002500.0,132600.0,76
200800017047,8,3,11,2000,5,2,1,2,3,76255,M,5005300.0,142800.0,76
200800017048,8,3,20,1215,1,2,1,1,5,76255,M,0.0,0.0,76
200800017049,8,3,21,1330,1,1,1,1,7,76192,M,5002600.0,132800.0,76
200800017050,8,3,28,1730,1,2,1,1,2,76644,M,5001300.0,139200.0,76
200800017051,8,3,1,730,2,1,1,6,3,76248,M,4958200.0,129100.0,76
200800017052,8,3,2,545,3,1,1,2,6,76113,M,4952400.0,135500.0,76
200800017053,8,3,8,1915,3,1,1,1,3,25317,M,0.0,0.0,25
200800017054,8,3,23,1915,2,2,1,2,1,95183,M,0.0,0.0,95
200800017055,8,3,9,215,3,1,2,1,3,35173,M,0.0,0.0,35
200800017056,8,3,30,330,3,1,1,1,3,34169,M,4365900.0,386600.0,34
200800017057,8,3,31,1115,1,1,3,1,1,34169,M,0.0,0.0,34
200800017058,8,3,14,815,1,1,1,1,6,35273,M,4837400.0,-127900.0,35
200800017059,8,3,27,1830,1,1,1,1,4,37166,M,0.0,0.0,37
200800017060,8,3,20,815,1,2,1,1,6,34270,M,0.0,0.0,34
200800017061,8,3,22,1800,2,1,1,1,3,34270,M,0.0,0.0,34
200800017062,8,3,3,2215,3,1,1,1,6,30141,M,0.0,0.0,30
200800017063,8,3,27,1615,1,1,1,1,7,37050,M,0.0,0.0,37
200800017064,8,3,15,1900,5,2,2,1,3,83131,M,0.0,0.0,83
200800017065,8,3,31,815,1,1,1,1,6,50485,M,0.0,0.0,50
200800017066,8,3,21,1830,1,1,1,1,7,83019,M,0.0,0.0,83
200800017067,8,3,29,2015,3,1,1,1,7,68029,M,4791900.0,724400.0,68
200800017068,8,3,13,1930,5,2,1,1,3,33236,M,0.0,0.0,33
200800017069,8,2,8,1100,1,1,3,1,3,33527,M,0.0,0.0,33
200800017070,8,4,15,1530,1,2,1,1,6,06085,M,0.0,0.0,06
200800017071,8,4,12,15,3,1,1,1,6,11190,M,4324400.0,265700.0,11
200800017072,8,4,30,900,1,2,1,2,7,69055,M,0.0,0.0,69
200800017073,8,4,30,1500,1,2,1,1,6,74309,M,0.0,0.0,74
200800017074,8,4,6,1130,1,2,1,1,6,06161,M,4364000.0,714000.0,06
200800017075,8,4,22,1900,1,2,9,1,3,06161,M,0.0,0.0,06
200800017076,8,4,16,1245,1,1,1,4,3,18088,M,4743600.0,243600.0,18
200800017077,8,4,4,1745,1,2,1,1,2,06084,M,0.0,0.0,06
200800017078,8,4,1,1030,1,1,1,1,2,34259,M,0.0,0.0,34
200800017079,8,4,6,445,3,1,1,8,7,73213,M,0.0,0.0,73
200800017080,8,4,5,1515,1,1,1,1,7,73200,M,4550600.0,608100.0,73
200800017081,8,4,1,1645,1,2,1,1,6,69244,M,0.0,0.0,69
200800017082,8,4,4,500,3,1,1,1,2,34135,M,4327800.0,318200.0,34
200800017083,8,4,3,1445,1,1,1,1,6,34163,M,4365800.0,367700.0,34
200800017084,8,4,4,1815,1,2,1,1,6,34145,M,0.0,0.0,34
200800017085,8,4,1,1330,1,1,1,1,6,06151,M,0.0,0.0,06
200800017086,8,4,1,1630,1,2,1,1,6,67095,M,4894000.0,719000.0,67
200800017087,8,4,1,800,1,1,1,1,3,69114,M,0.0,0.0,69
200800017088,8,4,1,900,1,1,6,1,3,33422,M,4481100.0,-79400.0,33
200800017089,8,4,3,715,2,1,1,5,5,33498,M,4459100.0,-77500.0,33
200800017090,8,4,2,2215,3,1,1,1,6,60395,M,0.0,0.0,60
200800017091,8,4,30,1200,1,2,1,8,3,83070,M,0.0,0.0,83
200800017092,8,4,18,700,1,1,1,9,1,83019,M,0.0,0.0,83
200800017093,8,4,23,1600,1,1,1,1,1,72058,M,4796500.0,26000.0,72
200800017094,8,4,20,1615,1,1,6,2,7,72124,M,4782400.0,30000.0,72
200800017095,8,4,28,900,1,1,1,4,1,22034,M,0.0,0.0,22
200800017096,8,4,13,400,3,1,1,1,6,44103,M,0.0,0.0,44
200800017097,8,4,15,1915,1,1,1,1,6,08163,M,0.0,0.0,08
200800017098,8,4,25,1900,1,1,1,1,5,35124,M,4771500.0,-170500.0,35
200800017099,8,4,27,1900,1,1,1,1,6,34196,M,0.0,0.0,34
200800017100,8,4,23,1400,1,2,1,1,3,83054,M,0.0,0.0,83
200800017101,8,4,6,1600,1,1,1,1,5,83131,M,4320600.0,603000.0,83
200800017102,8,4,27,1815,1,1,1,1,6,30331,M,4410900.0,462200.0,30
200800017103,8,4,22,2330,3,1,9,1,3,30191,M,4414300.0,466900.0,30
200800017104,8,4,26,1715,1,1,1,1,1,34295,M,0.0,0.0,34
200800017105,8,4,8,745,2,2,1,2,3,34270,M,0.0,0.0,34
200800017106,8,4,15,1615,1,1,1,1,2,37170,M,0.0,0.0,37
200800017107,8,4,2,1900,1,1,1,1,2,37160,M,0.0,0.0,37
200800017108,8,4,10,1715,1,1,1,1,3,66028,M,4267300.0,296400.0,66
200800017109,8,4,7,2045,2,1,1,1,1,77359,M,0.0,0.0,77
200800017110,8,4,14,800,1,1,2,1,3,35031,M,4820100.0,-143600.0,35
200800017111,8,4,1,600,2,1,1,1,2,14568,M,4923200.0,-56200.0,14
200800017112,8,4,22,1900,1,1,1,1,7,56101,M,4779600.0,-308000.0,56
200800017113,8,4,14,1430,1,2,1,8,1,56177,M,0.0,0.0,56
200800017114,8,4,20,815,1,1,1,1,2,95612,M,0.0,0.0,95
200800017115,8,4,17,900,1,1,1,7,4,95527,M,0.0,0.0,95
200800017116,8,4,25,1300,1,1,1,1,5,25381,M,0.0,0.0,25
200800017117,8,4,30,715,1,1,1,2,1,31150,M,4364500.0,131700.0,31
200800017118,8,4,13,130,3,1,1,1,1,31150,M,4366700.0,132200.0,31
200800017119,8,4,8,2000,2,2,6,1,7,31150,M,4364900.0,132000.0,31
200800017120,8,4,12,230,3,1,1,1,6,60102,M,0.0,0.0,60
200800017121,8,4,13,615,5,2,1,1,1,83130,M,0.0,0.0,83
200800017122,8,4,21,900,1,1,1,1,4,76248,M,4959100.0,132800.0,76
200800017123,8,4,26,1900,1,1,1,1,7,76155,M,0.0,0.0,76
200800017124,8,4,18,2015,1,2,1,1,3,76374,M,0.0,0.0,76
200800017125,8,4,28,1800,1,1,1,2,5,30060,M,4380500.0,438000.0,30
200800017126,8,4,19,1245,1,1,6,1,6,30125,M,4377800.0,442000.0,30
200800017127,8,4,12,100,3,1,1,1,1,30117,M,4369600.0,460400.0,30
200800017128,8,4,20,1600,1,2,1,4,5,14374,M,0.0,0.0,14
200800017129,8,4,18,1845,1,1,1,2,3,72256,M,0.0,0.0,72
200800017130,8,4,4,1715,1,1,7,1,1,72334,M,4819900.0,-12100.0,72
200800017131,8,4,21,1315,1,1,1,2,6,72124,M,4786000.0,27400.0,72
200800017132,8,4,27,1400,1,1,1,1,7,19058,M,4549000.0,215600.0,19
200800017133,8,4,18,1330,1,1,1,1,6,39159,M,0.0,0.0,39
200800017134,8,4,6,1200,1,1,1,4,4,80021,M,0.0,0.0,80
200800017135,8,4,5,1700,1,2,1,1,6,71520,M,0.0,0.0,71
200800017136,8,4,4,2215,3,1,1,1,4,31334,M,4339300.0,128500.0,31
200800017137,8,4,27,1215,1,1,1,1,7,60265,M,0.0,0.0,60
200800017138,8,4,18,1545,1,1,1,1,6,95504,M,0.0,0.0,95
200800017139,8,4,15,1500,1,1,1,1,5,31118,M,0.0,0.0,31
200800017140,8,4,17,30,3,1,1,1,6,67237,M,0.0,0.0,67
200800017141,8,4,12,515,2,1,1,1,7,67205,M,0.0,0.0,67
200800017142,8,4,3,300,3,1,1,1,6,35206,M,0.0,0.0,35
200800017143,8,4,8,1445,1,1,1,2,6,38450,M,4529900.0,555500.0,38
200800017144,8,4,10,930,1,1,1,1,5,73240,M,4551600.0,601200.0,73
200800017145,8,4,16,1115,1,1,1,1,1,13080,M,0.0,0.0,13
200800017146,8,4,12,630,2,1,1,1,6,13113,M,4358800.0,549300.0,13
200800017147,8,4,26,1430,1,1,1,1,6,10076,M,0.0,0.0,10
200800017148,8,4,26,1715,1,1,9,1,7,10100,M,0.0,0.0,10
200800017149,8,4,30,1800,1,1,1,8,6,04112,M,0.0,0.0,04
200800017150,8,4,30,1430,1,1,1,3,6,04149,M,0.0,0.0,04
200800017151,8,4,24,1230,1,1,1,1,7,18126,M,4692600.0,242400.0,18
200800017152,8,4,6,1900,1,2,1,1,3,38193,M,0.0,0.0,38
200800017153,8,4,29,630,3,1,1,1,2,31395,M,4346600.0,131200.0,31
200800017154,8,4,14,1715,1,1,1,1,2,49129,M,4750700.0,-50600.0,49
200800017155,8,4,15,1830,1,2,1,1,1,13069,M,0.0,0.0,13
200800017156,8,4,25,1645,1,1,1,1,3,14565,M,4934300.0,-61300.0,14
200800017157,8,4,12,500,5,2,1,1,7,14191,M,4933600.0,-46200.0,14
200800017158,8,4,10,800,1,2,1,7,1,14757,M,0.0,0.0,14
200800017159,8,4,11,1030,1,1,1,3,4,01077,M,4611600.0,546700.0,01
200800017160,8,4,6,1400,1,1,1,4,2,41161,M,0.0,0.0,41
200800017161,8,4,14,1400,1,1,1,1,1,13113,M,0.0,0.0,13
200800017162,8,4,15,1630,1,1,1,4,6,88123,M,0.0,0.0,88
200800017163,8,4,15,2145,3,1,1,1,7,54220,M,0.0,0.0,54
200800017164,8,4,14,830,1,2,1,1,6,35353,M,0.0,0.0,35
200800017165,8,4,6,1445,1,1,1,4,3,76645,M,4989100.0,160000.0,76
200800017166,8,4,6,1330,1,1,1,4,5,76462,M,4974000.0,147000.0,76
200800017167,8,4,18,1430,1,1,1,2,6,09189,M,0.0,0.0,09
200800017168,8,4,2,1230,1,1,2,1,1,13112,M,4353100.0,524500.0,13
200800017169,8,4,20,345,3,2,1,1,6,34153,M,0.0,0.0,34
200800017170,8,4,13,1645,1,1,1,1,6,34082,M,0.0,0.0,34
200800017171,8,4,15,1230,1,2,1,1,1,38019,M,4543000.0,481700.0,38
200800017172,8,4,27,1500,1,2,1,1,5,06152,M,0.0,0.0,06
200800017173,8,4,23,1730,1,2,1,1,1,06152,M,0.0,0.0,06
200800017174,8,4,16,1345,1,1,1,1,3,06152,M,0.0,0.0,06
200800017175,8,4,3,830,1,2,1,1,6,06018,M,0.0,0.0,06
200800017176,8,4,30,1515,1,2,1,1,3,31157,M,4354200.0,135100.0,31
200800017177,8,4,6,1245,1,1,1,4,3,62043,M,5091500.0,194300.0,62
200800017178,8,4,26,1615,1,2,1,1,6,91045,M,0.0,0.0,91
200800017179,8,4,25,1,3,1,1,1,7,91045,M,4851700.0,238000.0,91
200800017180,8,4,22,900,1,1,1,2,6,01032,M,4586700.0,517300.0,01
200800017181,8,4,15,1600,1,1,1,1,7,01007,M,0.0,0.0,01
200800017182,8,4,6,315,3,1,1,1,3,01290,M,4590400.0,522500.0,01
200800017183,8,4,5,430,5,2,1,1,1,74272,M,0.0,0.0,74
200800017184,8,4,3,1845,1,2,1,1,6,74268,M,0.0,0.0,74
200800017185,8,4,12,2015,1,1,1,1,3,78518,M,4884100.0,202800.0,78
200800017186,8,4,2,1630,1,1,1,1,6,17102,M,0.0,0.0,17
200800017187,8,4,28,300,3,1,1,1,7,86100,M,0.0,0.0,86
200800017188,8,4,23,1700,1,1,1,1,4,67223,M,0.0,0.0,67
200800017189,8,4,6,1630,1,2,1,1,6,33122,M,0.0,0.0,33
200800017190,8,4,12,430,3,1,1,1,6,20174,M,4217300.0,882000.0,201
200800017191,8,4,18,1700,1,1,1,3,2,72168,M,0.0,0.0,72
200800017192,8,4,27,845,1,1,1,1,5,31450,M,4338000.0,173000.0,31
200800017193,8,4,11,1545,1,1,1,8,6,31004,M,4345800.0,159800.0,31
200800017194,8,4,6,645,2,1,1,1,7,72093,M,0.0,0.0,72
200800017195,8,4,6,145,3,2,1,1,6,59547,M,5019600.0,341800.0,59
200800017196,8,4,21,1630,1,1,1,1,6,11254,M,4323300.0,214200.0,11
200800017197,8,4,25,1715,1,1,1,1,3,77141,M,0.0,0.0,77
200800017198,8,4,21,830,1,1,1,9,6,13007,M,0.0,0.0,13
200800017199,8,4,4,700,1,1,1,1,6,13060,M,4350800.0,551400.0,13
200800017200,8,4,25,2145,5,2,1,1,6,95450,M,0.0,0.0,95
200800017201,8,4,6,1445,1,1,1,4,1,62801,M,0.0,0.0,62
200800017202,8,4,14,2100,2,1,1,4,5,74077,M,4606200.0,588800.0,74
200800017203,8,4,18,745,1,1,1,1,4,06083,M,0.0,0.0,06
200800017204,8,4,4,2345,3,1,1,1,6,57510,M,0.0,0.0,57
200800017205,8,4,18,945,1,1,1,1,7,38486,M,0.0,0.0,38
200800017206,8,4,28,1545,1,2,1,2,1,69081,M,4577500.0,478400.0,69
200800017207,8,4,20,200,3,1,1,2,6,69081,M,0.0,0.0,69
200800017208,8,4,26,1600,1,1,9,1,6,51569,M,4925800.0,396900.0,51
200800017209,8,4,28,1215,1,1,1,3,7,55317,M,0.0,0.0,55
200800017210,8,4,6,1530,1,1,1,1,1,63113,M,0.0,0.0,63
200800017211,8,4,24,900,1,2,1,1,6,31506,M,0.0,0.0,31
200800017212,8,4,17,1830,1,1,1,1,1,31254,M,0.0,0.0,31
200800017213,8,4,4,845,1,1,6,1,3,31044,M,0.0,0.0,31
200800017214,8,4,1,1030,1,1,1,1,2,33050,M,0.0,0.0,33
200800017215,8,4,22,1400,1,1,1,1,6,34101,M,4339200.0,345700.0,34
200800017216,8,4,10,1430,1,1,1,1,7,34207,M,4341200.0,349300.0,34
200800017217,8,4,3,1645,1,2,1,1,6,29011,M,4843000.0,-451000.0,29
200800017218,8,4,28,2015,5,1,6,3,2,69027,M,0.0,0.0,69
200800017219,8,4,13,2145,3,1,1,1,6,41094,M,0.0,0.0,41
200800017220,8,4,10,1315,1,2,1,1,2,41059,M,0.0,0.0,41
200800017221,8,4,4,1330,1,1,1,1,1,41050,M,0.0,0.0,41
200800017222,8,4,3,1900,1,1,1,1,1,13032,M,4356000.0,535100.0,13
200800017223,8,4,28,1145,1,1,1,1,7,67033,M,0.0,0.0,67
200800017224,8,4,19,800,1,1,1,1,7,73296,M,0.0,0.0,73
200800017225,8,4,15,630,2,1,1,2,1,45344,M,0.0,0.0,45
200800017226,8,4,17,1745,1,2,1,2,1,37070,M,4733800.0,107500.0,37
200800017227,8,4,26,1230,1,1,1,1,6,41252,M,0.0,0.0,41
200800017228,8,4,6,2115,3,1,1,1,5,83140,M,0.0,0.0,83
200800017229,8,4,2,1730,1,1,1,6,2,13087,M,0.0,0.0,13
200800017230,8,4,24,845,1,1,1,1,1,53156,M,4818300.0,-72100.0,53
200800017231,8,4,22,1,3,2,1,2,6,68118,M,0.0,0.0,68
200800017232,8,4,20,1930,1,1,9,1,6,69019,M,0.0,0.0,69
200800017233,8,4,14,1830,1,1,1,1,7,69264,M,0.0,0.0,69
200800017234,8,4,21,2130,3,1,1,1,5,60533,M,0.0,0.0,60
200800017235,8,4,15,1100,1,1,1,1,7,60541,M,0.0,0.0,60
200800017236,8,4,13,915,1,1,1,1,5,60138,M,0.0,0.0,60
200800017237,8,4,2,1200,1,1,1,1,6,60541,M,0.0,0.0,60
200800017238,8,4,23,1030,1,1,1,8,6,27701,M,0.0,0.0,27
200800017239,8,4,9,615,2,1,1,1,2,27517,M,0.0,0.0,27
200800017240,8,4,16,900,1,1,1,1,6,27065,M,4933000.0,33500.0,27
200800017241,8,4,27,330,3,1,1,1,6,60584,M,0.0,0.0,60
200800017242,8,4,12,200,3,1,1,1,6,83086,M,4346600.0,655900.0,83
200800017243,8,4,12,330,5,2,1,4,1,73296,M,0.0,0.0,73
200800017244,8,4,20,515,3,1,1,1,1,13067,M,4378100.0,506200.0,13
200800017245,8,4,19,815,2,1,1,2,6,13051,M,0.0,0.0,13
200800017246,8,4,17,1800,1,1,1,2,6,13105,M,0.0,0.0,13
200800017247,8,4,16,1045,1,1,1,1,6,13066,M,0.0,0.0,13
200800017248,8,4,12,1915,1,1,1,1,4,13081,M,0.0,0.0,13
200800017249,8,4,11,1630,1,1,1,1,6,89438,M,0.0,0.0,89
200800017250,8,4,17,1530,1,1,1,1,3,71583,M,4625400.0,480000.0,71
200800017251,8,4,12,1830,1,1,1,1,6,71270,M,0.0,0.0,71
200800017252,8,4,26,1330,1,1,1,1,6,71052,M,0.0,0.0,71
200800017253,8,4,2,1630,1,1,1,8,3,71269,M,0.0,0.0,71
200800017254,8,4,21,1445,1,1,1,7,2,80428,M,0.0,0.0,80
200800017255,8,4,5,2300,3,1,1,1,6,80383,M,0.0,0.0,80
200800017256,8,4,29,745,1,1,1,1,7,89022,M,4754100.0,397800.0,89
200800017257,8,4,2,830,1,1,1,2,6,89235,M,0.0,0.0,89
200800017258,8,4,26,1645,1,1,1,1,1,60494,M,0.0,0.0,60
200800017259,8,4,20,800,3,1,1,1,6,51293,M,0.0,0.0,51
200800017260,8,4,19,1745,1,2,1,1,6,51183,M,4932700.0,400400.0,51
200800017261,8,4,22,1800,1,1,1,1,6,28408,M,0.0,0.0,28
200800017262,8,4,20,1515,1,1,1,3,6,13069,M,0.0,0.0,13
200800017263,8,4,28,930,1,2,1,1,3,34202,M,4358600.0,376400.0,34
200800017264,8,4,7,745,1,1,1,7,2,34163,M,0.0,0.0,34
200800017265,8,4,1,715,2,1,3,1,3,34282,M,4363500.0,370400.0,34
200800017266,8,4,1,1630,1,2,1,1,3,57498,M,0.0,0.0,57
200800017267,8,4,2,830,1,1,1,1,6,57038,M,0.0,0.0,57
200800017268,8,4,20,1430,1,1,1,1,6,28092,M,0.0,0.0,28
200800017269,8,4,28,1615,1,2,1,2,6,47195,M,4413900.0,34000.0,47
200800017270,8,4,23,1430,1,1,1,1,1,47186,M,0.0,0.0,47
200800017271,8,4,19,1115,3,1,1,8,6,13040,M,0.0,0.0,13
200800017272,8,4,13,1630,1,1,1,1,7,95058,M,4917100.0,229800.0,95
200800017273,8,4,24,1800,1,1,1,1,6,13021,M,4334500.0,515700.0,13
200800017274,8,4,21,1800,1,1,1,2,1,29241,M,4796900.0,-385700.0,29
200800017275,8,4,4,1415,1,2,1,1,2,29233,M,4787600.0,-354400.0,29
200800017276,8,4,2,930,1,1,3,1,1,33070,M,4505200.0,-94900.0,33
200800017277,8,4,23,1730,1,1,1,1,7,41095,M,0.0,0.0,41
200800017278,8,4,30,1845,1,1,2,2,3,41078,M,4790200.0,92600.0,41
200800017279,8,4,23,2300,3,1,1,1,1,41199,M,4767600.0,97300.0,41
200800017280,8,4,12,1500,1,1,1,2,7,41046,M,4760000.0,189300.0,41
200800017281,8,4,18,1445,1,1,1,1,3,41066,M,0.0,0.0,41
200800017282,8,4,19,2215,5,2,1,1,1,41276,M,0.0,0.0,41
200800017283,8,4,12,2330,3,1,1,2,7,41101,M,0.0,0.0,41
200800017284,8,4,13,530,3,2,1,2,7,37266,M,0.0,0.0,37
200800017285,8,4,10,1900,1,1,1,2,3,37001,M,4691800.0,72300.0,37
200800017286,8,4,9,1415,1,1,1,1,1,37123,M,4733100.0,43600.0,37
200800017287,8,4,15,1615,1,1,1,1,1,37009,M,4754700.0,98400.0,37
200800017288,8,4,5,1430,1,1,1,8,1,37194,M,4749500.0,82900.0,37
200800017289,8,4,28,1545,1,1,1,1,7,37151,M,4745100.0,60500.0,37
200800017290,8,4,9,1100,1,1,1,2,7,37047,M,0.0,0.0,37