Num_Acc,an,mois,jour,hrmn,lum,agg,int,atm,col,com,gps,lat,long,dep
200800017291,8,4,4,1830,1,2,1,1,1,37109,M,4740400.0,59800.0,37
200800017292,8,4,4,1,5,2,7,1,3,95056,M,0.0,0.0,95
200800017293,8,4,30,1145,1,2,6,1,3,36088,M,4695900.0,199400.0,36
200800017294,8,4,16,1500,1,1,1,1,6,36248,M,4682700.0,191100.0,36
200800017295,8,4,1,845,1,1,1,1,7,36113,M,0.0,0.0,36
200800017296,8,4,10,2045,2,1,1,2,7,36233,M,4726600.0,155900.0,36
200800017297,8,4,18,845,1,1,1,1,7,36232,M,4680200.0,140500.0,36
200800017298,8,4,28,1330,1,1,1,1,2,36200,M,4661300.0,150500.0,36
200800017299,8,4,23,1800,1,1,1,1,6,36124,M,0.0,0.0,36
200800017300,8,4,28,2145,3,1,9,1,7,36079,M,0.0,0.0,36
200800017301,8,4,26,15,3,2,1,1,6,36005,M,0.0,0.0,36
200800017302,8,4,24,1915,1,2,1,1,1,36005,M,0.0,0.0,36
200800017303,8,4,18,1845,1,1,1,1,7,36026,M,4696700.0,173400.0,36
200800017304,8,4,11,1230,1,1,1,1,3,36157,M,0.0,0.0,36
200800017305,8,4,3,1730,1,2,9,1,3,28236,M,4833300.0,82300.0,28
200800017306,8,4,1,915,1,1,1,1,3,28377,M,4882600.0,141300.0,28
200800017307,8,4,15,615,2,1,1,1,6,28136,M,4871900.0,141700.0,28
200800017308,8,4,12,1900,2,1,3,2,2,28123,M,0.0,0.0,28
200800017309,8,4,1,745,1,1,1,1,2,28123,M,0.0,0.0,28
200800017310,8,4,30,1830,1,1,1,1,5,28350,M,4844800.0,132200.0,28
200800017311,8,4,6,600,1,1,1,1,7,28006,M,4846200.0,139200.0,28
200800017312,8,4,6,1745,3,2,1,1,6,18150,M,0.0,0.0,18
200800017313,8,4,4,2315,5,2,1,1,1,37139,M,4739900.0,53000.0,37
200800017314,8,4,15,1530,1,1,2,1,3,18149,M,4730900.0,242900.0,18
200800017315,8,4,11,1630,1,1,1,1,1,18011,M,0.0,0.0,18
200800017316,8,4,10,1600,1,2,1,3,3,18278,M,4654300.0,242700.0,18
200800017317,8,4,16,1545,1,1,1,1,6,18208,M,4738500.0,282100.0,18
200800017318,8,4,16,1015,1,1,1,1,5,18132,M,4719400.0,282600.0,18
200800017319,8,4,17,800,1,1,1,1,2,45246,M,4830400.0,214000.0,45
200800017320,8,4,4,1715,1,2,9,1,3,45252,M,4817500.0,226400.0,45
200800017321,8,4,4,1645,1,1,1,1,6,45256,M,0.0,0.0,45
200800017322,8,4,24,745,1,1,1,1,3,45323,M,0.0,0.0,45
200800017323,8,4,22,600,2,1,1,2,1,45029,M,0.0,0.0,45
200800017324,8,4,23,1230,1,2,1,1,2,45155,M,4770900.0,262400.0,45
200800017325,8,4,22,1700,1,2,1,1,2,45155,M,4770200.0,261100.0,45
200800017326,8,4,6,2200,5,2,1,1,1,45224,M,4807400.0,204400.0,45
200800017327,8,4,22,930,1,1,1,1,6,45272,M,0.0,0.0,45
200800017328,8,4,22,1300,1,1,1,1,3,45311,M,0.0,0.0,45
200800017329,8,4,17,1645,1,1,1,1,3,45173,M,4785000.0,211000.0,45
200800017330,8,4,16,1815,1,2,1,1,6,45272,M,0.0,0.0,45
200800017331,8,4,27,1815,1,1,1,1,3,77227,M,4850100.0,338900.0,77
200800017332,8,4,2,1445,1,1,1,1,7,77227,M,0.0,0.0,77
200800017333,8,4,4,1645,1,2,1,1,1,18134,M,0.0,0.0,18
200800017334,8,4,16,2115,3,1,1,1,6,77109,M,4864400.0,320900.0,77
200800017335,8,4,5,1800,1,1,1,2,3,77026,M,4861100.0,337700.0,77
200800017336,8,4,29,1300,1,1,1,3,1,77231,M,4900300.0,301600.0,77
200800017337,8,4,24,2030,2,1,1,1,7,77257,M,0.0,0.0,77
200800017338,8,4,20,230,5,2,1,1,6,77005,M,4893400.0,271700.0,77
200800017339,8,4,27,1900,1,1,1,1,1,77349,M,4907300.0,264100.0,77
200800017340,8,4,3,730,1,1,1,1,1,77168,M,4819000.0,284800.0,77
200800017341,8,4,26,15,3,1,1,1,7,77486,M,4868000.0,305000.0,77
200800017342,8,4,5,615,2,1,1,1,7,77264,M,4874800.0,296000.0,77
200800017343,8,4,25,1315,1,1,1,1,7,77318,M,4877000.0,291000.0,77
200800017344,8,4,13,2015,3,1,1,2,6,77144,M,4875200.0,289700.0,77
200800017345,8,4,15,1500,1,2,1,1,6,77176,M,4880600.0,299200.0,77
200800017346,8,4,13,1630,1,1,1,1,5,77336,M,4877000.0,286000.0,77
200800017347,8,4,27,45,3,1,1,1,2,77440,M,4895200.0,309100.0,77
200800017348,8,4,18,2330,4,2,1,2,6,77361,M,4890500.0,304500.0,77
200800017349,8,4,3,2045,1,2,1,1,3,77182,M,4879200.0,330300.0,77
200800017350,8,4,8,1545,1,1,1,8,6,77127,M,4867900.0,268400.0,77
200800017351,8,4,9,1830,1,2,1,1,1,95229,M,0.0,0.0,95
200800017352,8,4,6,1500,1,1,1,1,7,95303,M,4916300.0,199700.0,95
200800017353,8,4,25,1730,1,1,1,1,6,95523,M,0.0,0.0,95
200800017354,8,4,25,2000,1,1,1,1,3,77109,M,4865700.0,321800.0,77
200800017355,8,4,7,700,1,1,1,4,7,91274,M,0.0,0.0,91
200800017356,8,4,25,1115,1,1,1,1,1,91635,M,4872900.0,219000.0,91
200800017357,8,4,17,2000,2,2,1,1,1,91665,M,4867600.0,227700.0,91
200800017358,8,4,3,1145,1,2,1,1,3,91136,M,0.0,0.0,91
200800017359,8,4,7,1745,1,1,1,7,1,91093,M,4867200.0,203800.0,91
200800017360,8,4,4,1030,1,1,1,1,1,91249,M,4863300.0,206700.0,91
200800017361,8,4,2,1400,1,1,1,1,7,91494,M,4860900.0,232200.0,91
200800017362,8,4,28,1530,1,1,1,1,1,91156,M,0.0,0.0,91
200800017363,8,4,16,2000,1,1,1,1,3,91156,M,4845600.0,236500.0,91
200800017364,8,4,2,1745,1,1,1,2,3,91041,M,4856400.0,222600.0,91
200800017365,8,4,27,2015,1,1,1,1,3,91405,M,0.0,0.0,91
200800017366,8,4,30,1930,1,1,1,1,6,91659,M,0.0,0.0,91
200800017367,8,4,25,1715,1,2,1,1,6,91468,M,4858200.0,244500.0,91
200800017368,8,4,19,1845,1,2,1,1,7,78537,M,0.0,0.0,78
200800017369,8,4,25,1915,1,2,1,1,6,78513,M,0.0,0.0,78
200800017370,8,4,14,1100,1,1,1,1,7,78616,M,0.0,0.0,78
200800017371,8,4,8,1500,1,1,1,1,5,78062,M,4884300.0,184900.0,78
200800017372,8,4,18,1745,1,1,1,1,7,78576,M,0.0,0.0,78
200800017373,8,4,27,1600,1,1,1,1,4,78590,M,0.0,0.0,78
200800017374,8,4,19,1715,1,1,1,1,5,78548,M,0.0,0.0,78
200800017375,8,4,24,1000,1,1,6,1,3,95355,M,4916200.0,178300.0,95
200800017376,8,4,6,1615,1,1,1,3,6,78089,M,0.0,0.0,78
200800017377,8,4,29,1000,1,2,1,1,1,20346,M,4250700.0,946500.0,202
200800017378,8,4,10,1615,1,1,1,1,7,20318,M,4244500.0,951300.0,202
200800017379,8,4,4,1730,1,1,1,1,4,20346,M,4251000.0,946400.0,202
200800017380,8,4,1,815,1,2,1,1,2,20346,M,4250600.0,946600.0,202
200800017381,8,4,28,615,2,1,1,1,1,20303,M,4226000.0,954000.0,202
200800017382,8,4,19,1715,1,2,1,1,3,20251,M,4200200.0,938500.0,202
200800017383,8,4,7,2045,5,2,1,1,6,20251,M,4200100.0,939100.0,202
200800017384,8,4,7,1830,1,2,1,1,1,20135,M,4199200.0,929500.0,202
200800017385,8,4,30,1200,1,1,1,1,1,20079,M,4250700.0,930500.0,202
200800017386,8,4,30,945,1,2,1,1,6,20096,M,4230900.0,915000.0,202
200800017387,8,4,17,915,1,1,1,1,3,20093,M,0.0,0.0,202
200800017388,8,4,23,1145,1,2,1,1,3,20050,M,0.0,0.0,202
200800017389,8,4,29,1445,1,1,1,1,7,20029,M,4268200.0,938500.0,202
200800017390,8,4,27,1645,1,1,1,7,6,20188,M,4262000.0,935600.0,202
200800017391,8,4,12,1600,1,1,1,1,7,20185,M,4264600.0,934100.0,202
200800017392,8,4,8,1515,1,1,1,1,7,20314,M,4266400.0,915800.0,202
200800017393,8,4,9,1415,1,1,1,1,1,20355,M,0.0,0.0,202
200800017394,8,4,6,1030,1,1,1,1,3,20148,M,4254300.0,944500.0,202
200800017395,8,4,14,2215,3,1,1,1,6,20247,M,4165200.0,929500.0,201
200800017396,8,4,7,2330,3,1,1,1,6,78030,M,0.0,0.0,78
200800017397,8,4,23,2200,3,1,1,1,6,20085,M,4190700.0,887200.0,201
200800017398,8,4,12,1515,1,1,1,1,1,66088,M,0.0,0.0,66
200800017399,8,4,22,1500,1,1,1,1,6,66027,M,0.0,0.0,66
200800017400,8,4,6,400,3,1,1,1,1,66147,M,0.0,0.0,66
200800017401,8,4,11,1700,1,1,1,1,3,66125,M,0.0,0.0,66
200800017402,8,4,15,1130,1,1,1,1,3,66148,M,4251700.0,311600.0,66
200800017403,8,4,6,815,1,1,1,1,1,66148,M,0.0,0.0,66
200800017404,8,4,18,1700,1,2,1,1,6,66008,M,0.0,0.0,66
200800017405,8,4,4,800,1,2,1,1,3,66049,M,0.0,0.0,66
200800017406,8,4,15,2215,3,1,1,1,6,66226,M,0.0,0.0,66
200800017407,8,4,12,1845,1,1,1,1,3,66145,M,0.0,0.0,66
200800017408,8,4,14,1915,1,2,1,1,2,66164,M,0.0,0.0,66
200800017409,8,4,11,815,1,1,1,2,7,66164,M,0.0,0.0,66
200800017410,8,4,5,1545,1,1,1,1,2,66069,M,0.0,0.0,66
200800017411,8,4,26,1600,1,2,6,1,3,66037,M,0.0,0.0,66
200800017412,8,4,3,745,1,1,1,2,1,48128,M,4474900.0,334100.0,48
200800017413,8,4,26,1115,1,1,1,1,6,48088,M,4430000.0,331000.0,48
200800017414,8,4,8,1730,1,1,1,2,3,48146,M,4437000.0,343000.0,48
200800017415,8,4,2,1730,1,1,1,1,5,48045,M,0.0,0.0,48
200800017416,8,4,19,1845,1,1,1,1,1,30192,M,4388800.0,404700.0,30
200800017417,8,4,28,1345,1,1,9,1,1,20031,M,4198500.0,202000.0,201
200800017418,8,4,3,1730,1,1,1,1,1,30093,M,4395100.0,390800.0,30
200800017419,8,4,18,200,5,2,1,8,6,30184,M,0.0,0.0,30
200800017420,8,4,2,1530,1,1,1,1,1,30122,M,0.0,0.0,30
200800017421,8,4,22,1715,1,1,1,1,6,30073,M,4397600.0,457600.0,30
200800017422,8,4,19,1645,1,1,1,1,3,30103,M,4395600.0,466700.0,30
200800017423,8,4,18,1645,1,1,1,1,7,30336,M,4386200.0,461800.0,30
200800017424,8,4,15,1145,1,1,1,1,6,30340,M,4401000.0,458400.0,30
200800017425,8,4,13,15,3,2,1,1,2,30212,M,4394300.0,457900.0,30
200800017426,8,4,7,1930,1,2,1,1,2,30212,M,4394100.0,455900.0,30
200800017427,8,4,7,815,1,1,1,1,1,30328,M,4390400.0,462400.0,30
200800017428,8,4,28,630,1,1,1,1,6,30290,M,0.0,0.0,30
200800017429,8,4,8,1615,1,1,1,2,6,30096,M,4421600.0,451200.0,30
200800017430,8,4,4,1815,1,1,1,1,6,30277,M,0.0,0.0,30
200800017431,8,4,12,2215,3,1,1,1,7,30334,M,0.0,0.0,30
200800017432,8,4,2,1415,1,2,1,1,3,30334,M,4401500.0,442200.0,30
200800017433,8,4,22,1300,1,2,6,1,3,30152,M,0.0,0.0,30
200800017434,8,4,3,1330,1,1,1,1,1,30152,M,0.0,0.0,30
200800017435,8,4,9,1545,1,1,1,2,3,30305,M,4418200.0,417600.0,30
200800017436,8,4,28,845,1,1,1,2,3,30307,M,0.0,0.0,30
200800017437,8,4,12,1415,1,1,1,1,6,30159,M,4425900.0,407600.0,30
200800017438,8,4,12,2115,3,1,1,1,6,30210,M,0.0,0.0,30
200800017439,8,4,27,1200,1,1,1,1,3,30258,M,4367500.0,444300.0,30
200800017440,8,4,8,1400,1,2,1,2,6,30258,M,0.0,0.0,30
200800017441,8,4,26,900,1,2,1,1,3,30039,M,4388600.0,448900.0,30
200800017442,8,4,12,2230,3,1,1,1,7,30306,M,0.0,0.0,30
200800017443,8,4,19,930,1,2,1,1,3,30133,M,0.0,0.0,30
200800017444,8,4,15,1500,1,1,1,1,5,30276,M,4358500.0,425500.0,30
200800017445,8,4,25,2315,1,1,1,1,1,11188,M,0.0,0.0,11
200800017446,8,4,15,1415,1,1,1,1,7,11012,M,0.0,0.0,11
200800017447,8,4,26,1800,1,2,1,1,3,11170,M,0.0,0.0,11
200800017448,8,4,19,1730,1,2,9,1,6,11145,M,0.0,0.0,11
200800017449,8,4,16,2015,2,1,1,1,2,11116,M,4326100.0,299700.0,11
200800017450,8,4,12,1630,1,2,9,1,1,11024,M,0.0,0.0,11
200800017451,8,4,29,1715,1,1,1,1,7,11209,M,4296100.0,226200.0,11
200800017452,8,4,6,800,1,1,1,1,6,11129,M,4293200.0,222200.0,11
200800017453,8,4,23,2300,3,1,1,1,6,11036,M,0.0,0.0,11
200800017454,8,4,6,100,3,1,1,1,6,11105,M,4302200.0,225300.0,11
200800017455,8,4,6,515,3,1,1,1,6,11434,M,4328500.0,208100.0,11
200800017456,8,4,22,100,3,1,1,3,6,11234,M,4330000.0,196200.0,11
200800017457,8,4,29,1000,1,1,1,1,3,11099,M,0.0,0.0,11
200800017458,8,4,26,1630,1,1,1,1,1,11084,M,4324200.0,224600.0,11
200800017459,8,4,13,315,3,1,1,1,6,30010,M,4407300.0,397000.0,30
200800017460,8,4,19,300,4,1,1,1,7,34108,M,0.0,0.0,34
200800017461,8,4,22,1645,1,1,1,1,5,34901,M,4333000.0,356100.0,34
200800017462,8,4,2,1930,1,1,1,1,6,34031,M,4337800.0,341800.0,34
200800017463,8,4,20,1500,1,1,1,2,6,34010,M,0.0,0.0,34
200800017464,8,4,19,1315,1,1,1,1,6,34012,M,0.0,0.0,34
200800017465,8,4,1,1100,1,2,1,1,7,34010,M,4369000.0,358900.0,34
200800017466,8,4,8,330,3,1,1,1,7,34194,M,4352300.0,344900.0,34
200800017467,8,4,7,2300,3,1,1,1,7,34076,M,4364900.0,346400.0,34
200800017468,8,4,5,1715,1,1,1,1,7,34175,M,4361000.0,337000.0,34
200800017469,8,4,22,45,3,1,1,1,3,34209,M,4330200.0,334500.0,34
200800017470,8,4,15,945,1,1,1,1,7,34298,M,4326900.0,325700.0,34
200800017471,8,4,12,1715,1,1,1,1,6,34299,M,4329800.0,329300.0,34
200800017472,8,4,30,1645,1,1,1,1,3,34214,M,4347900.0,326100.0,34
200800017473,8,4,24,915,1,1,1,1,2,34237,M,4351300.0,330300.0,34
200800017474,8,4,9,1630,1,2,1,1,6,34237,M,4351000.0,331100.0,34
200800017475,8,4,28,1400,1,1,1,1,1,34199,M,4344900.0,340200.0,34
200800017476,8,4,21,845,2,1,1,5,5,34162,M,0.0,0.0,34
200800017477,8,4,14,400,3,1,1,2,7,34162,M,4349100.0,347100.0,34
200800017478,8,4,13,1415,1,2,1,1,1,34017,M,4346900.0,346200.0,34
200800017479,8,4,19,1600,1,1,1,1,7,11367,M,0.0,0.0,11
200800017480,8,4,18,1945,1,1,1,2,1,34183,M,0.0,0.0,34
200800017481,8,4,14,1600,1,2,1,1,6,34028,M,0.0,0.0,34
200800017482,8,4,6,200,3,1,1,1,1,34312,M,4356700.0,317800.0,34
200800017483,8,4,6,800,1,1,1,1,1,34152,M,4379700.0,380300.0,34
200800017484,8,4,10,730,2,1,1,2,1,34145,M,0.0,0.0,34
200800017485,8,4,19,1415,1,1,1,1,7,84053,M,4438200.0,492100.0,84
200800017486,8,4,19,2230,3,1,3,1,3,84019,M,0.0,0.0,84
200800017487,8,4,3,930,1,1,1,1,3,84029,M,4417600.0,492800.0,84
200800017488,8,4,17,815,1,1,1,1,1,84005,M,4413800.0,542700.0,84
200800017489,8,4,16,1115,1,1,1,1,1,84069,M,0.0,0.0,84
200800017490,8,4,15,1630,1,2,1,1,3,84012,M,0.0,0.0,84
200800017491,8,4,14,15,3,1,9,1,6,84067,M,0.0,0.0,84
200800017492,8,4,24,845,1,1,1,1,5,84102,M,4386800.0,529700.0,84
200800017493,8,4,15,800,1,1,1,1,6,84068,M,4375400.0,535100.0,84
200800017494,8,4,14,1800,1,1,1,1,1,84026,M,4372500.0,535800.0,84
200800017495,8,4,5,1715,1,1,1,1,1,84026,M,0.0,0.0,84
200800017496,8,4,6,1015,1,1,1,1,5,84003,M,4389500.0,538200.0,84
200800017497,8,4,7,1900,1,1,1,1,6,84092,M,0.0,0.0,84
200800017498,8,4,17,1730,1,1,1,2,1,34223,M,4343600.0,322300.0,34
200800017499,8,4,27,2045,3,1,1,1,3,84054,M,0.0,0.0,84
200800017500,8,4,1,200,5,2,1,1,6,84054,M,0.0,0.0,84
200800017501,8,4,4,1800,1,2,1,1,1,84132,M,4393200.0,500100.0,84
200800017502,8,4,14,1830,1,1,1,1,3,83047,M,0.0,0.0,83
200800017503,8,4,7,415,3,1,1,1,6,83047,M,4319200.0,610900.0,83
200800017504,8,4,13,915,1,1,1,1,3,83100,M,0.0,0.0,83
200800017505,8,4,10,1715,1,1,1,1,7,83100,M,4329200.0,614400.0,83
200800017506,8,4,27,1430,1,1,1,1,6,83035,M,0.0,0.0,83
200800017507,8,4,23,1645,1,2,1,1,3,83016,M,0.0,0.0,83
200800017508,8,4,27,1600,1,1,1,1,7,83065,M,0.0,0.0,83
200800017509,8,4,20,1815,1,1,2,3,1,83115,M,0.0,0.0,83
200800017510,8,4,12,1730,1,1,1,1,1,83115,M,0.0,0.0,83
200800017511,8,4,24,1500,1,1,1,1,3,83085,M,0.0,0.0,83
200800017512,8,4,21,1900,1,1,1,1,6,83086,M,0.0,0.0,83
200800017513,8,4,9,715,1,2,1,1,3,83086,M,4347500.0,656500.0,83
200800017514,8,4,29,1100,1,1,1,1,3,83068,M,0.0,0.0,83
200800017515,8,4,28,1445,1,1,1,1,6,83068,M,0.0,0.0,83
200800017516,8,4,27,1945,2,1,1,1,5,83063,M,0.0,0.0,83
200800017517,8,4,6,1745,1,1,1,1,3,83068,M,0.0,0.0,83
200800017518,8,4,12,1145,1,2,1,1,6,83036,M,0.0,0.0,83
200800017519,8,4,29,1615,1,2,1,1,3,84054,M,0.0,0.0,84
200800017520,8,4,26,1700,1,2,1,1,3,83116,M,0.0,0.0,83
200800017521,8,4,11,2115,5,2,1,1,6,83116,M,0.0,0.0,83
200800017522,8,4,29,2100,3,1,1,1,6,83106,M,0.0,0.0,83
200800017523,8,4,15,1945,1,1,1,1,1,83077,M,0.0,0.0,83
200800017524,8,4,21,1730,1,1,1,8,5,83006,M,0.0,0.0,83
200800017525,8,4,15,1545,1,1,1,6,6,83143,M,0.0,0.0,83
200800017526,8,4,14,1445,1,1,1,1,6,83023,M,0.0,0.0,83
200800017527,8,4,4,1830,1,1,1,1,3,83143,M,0.0,0.0,83
200800017528,8,4,20,15,3,1,1,1,1,83121,M,0.0,0.0,83
200800017529,8,4,15,1615,1,1,1,1,1,83149,M,0.0,0.0,83
200800017530,8,4,26,1130,1,2,1,1,6,83073,M,0.0,0.0,83
200800017531,8,4,11,315,2,2,1,2,7,83073,M,4339800.0,631100.0,83
200800017532,8,4,15,1045,1,2,1,1,1,83072,M,4350400.0,633200.0,83
200800017533,8,4,1,1145,1,1,1,1,1,83072,M,0.0,0.0,83
200800017534,8,4,21,1530,1,1,1,1,6,83080,M,0.0,0.0,83
200800017535,8,4,27,1045,1,1,1,1,1,83044,M,0.0,0.0,83
200800017536,8,4,25,1615,1,1,1,1,3,83004,M,0.0,0.0,83
200800017537,8,4,14,1800,1,2,1,1,2,83148,M,0.0,0.0,83
200800017538,8,4,14,15,3,1,1,1,1,83004,M,0.0,0.0,83
200800017539,8,4,7,2115,3,1,1,1,7,06073,M,0.0,0.0,06
200800017540,8,4,27,1730,1,2,1,1,3,83116,M,0.0,0.0,83
200800017541,8,4,12,1130,1,1,1,1,1,06053,M,4403300.0,682000.0,06
200800017542,8,4,22,2300,5,2,1,8,1,06059,M,4373400.0,736900.0,06
200800017543,8,4,30,1715,1,2,1,2,2,06150,M,0.0,0.0,06
200800017544,8,4,4,1100,1,1,1,1,7,06023,M,0.0,0.0,06
200800017545,8,4,4,1615,1,2,1,1,5,06126,M,0.0,0.0,06
200800017546,8,4,23,1615,1,2,1,8,1,06095,M,4364500.0,687400.0,06
200800017547,8,4,11,1030,1,2,1,1,6,06134,M,0.0,0.0,06
200800017548,8,4,28,1930,1,1,1,2,7,06161,M,0.0,0.0,06
200800017549,8,4,11,1915,1,2,1,1,1,06161,M,0.0,0.0,06
200800017550,8,4,28,1615,1,1,1,2,2,06151,M,0.0,0.0,06
200800017551,8,4,18,1430,1,1,1,1,6,06151,M,0.0,0.0,06
200800017552,8,4,23,1715,1,2,3,1,3,06091,M,0.0,0.0,06
200800017553,8,4,3,1230,1,1,1,1,3,06043,M,0.0,0.0,06
200800017554,8,4,16,1700,1,1,1,1,7,05017,M,4456200.0,619400.0,05
200800017555,8,4,6,1115,1,1,1,1,2,05140,M,4450700.0,615800.0,05
200800017556,8,4,24,130,3,1,1,1,6,05151,M,4487000.0,660100.0,05
200800017557,8,4,24,1645,1,1,1,1,7,05117,M,0.0,0.0,05
200800017558,8,4,9,1830,2,1,1,2,3,05171,M,0.0,0.0,05
200800017559,8,4,20,700,1,1,1,1,7,05132,M,4477000.0,601000.0,05
200800017560,8,4,27,1545,1,1,1,1,1,06129,M,0.0,0.0,06
200800017561,8,4,6,1545,1,1,1,1,1,04137,M,4427300.0,600500.0,04
200800017562,8,4,9,200,5,2,1,2,6,04244,M,4411700.0,601000.0,04
200800017563,8,4,5,1915,1,1,1,1,6,04160,M,0.0,0.0,04
200800017564,8,4,5,1015,1,1,1,1,3,04104,M,4396300.0,573900.0,04
200800017565,8,4,3,830,1,1,1,1,6,04111,M,0.0,0.0,04
200800017566,8,4,27,1215,1,1,1,1,6,04055,M,0.0,0.0,04
200800017567,8,4,27,1015,1,2,1,1,3,04143,M,0.0,0.0,04
200800017568,8,4,7,1545,1,2,1,1,6,04116,M,4403400.0,597500.0,04
200800017569,8,4,19,1145,1,2,1,1,1,04036,M,0.0,0.0,04
200800017570,8,4,17,1415,1,2,1,1,1,13081,M,0.0,0.0,13
200800017571,8,4,26,1000,1,1,1,1,7,13076,M,4381000.0,500700.0,13
200800017572,8,4,6,1515,1,1,1,1,6,13053,M,0.0,0.0,13
200800017573,8,4,23,1345,1,2,1,1,2,13035,M,4369500.0,503000.0,13
200800017574,8,4,16,445,3,1,1,1,6,13003,M,4371700.0,517500.0,13
200800017575,8,4,16,1100,1,2,1,1,2,13046,M,0.0,0.0,13
200800017576,8,4,23,2100,3,2,1,1,7,13119,M,4326700.0,558300.0,13
200800017577,8,4,6,1530,1,1,1,1,1,13022,M,0.0,0.0,13
200800017578,8,4,13,1500,1,2,1,1,3,13097,M,4364400.0,481300.0,13
200800017579,8,4,12,1415,1,1,1,1,6,13096,M,0.0,0.0,13
200800017580,8,4,6,600,3,1,1,1,6,13096,M,0.0,0.0,13
200800017581,8,4,5,1545,1,1,1,1,3,05034,M,4428000.0,581800.0,05
200800017582,8,4,27,400,3,1,1,1,3,13004,M,4363300.0,474700.0,13
200800017583,8,4,19,1615,2,1,1,1,6,13004,M,4365500.0,459500.0,13
200800017584,8,4,18,1800,1,1,1,1,1,13004,M,4358800.0,445700.0,13
200800017585,8,4,12,1815,1,1,1,1,3,13110,M,4348700.0,568600.0,13
200800017586,8,4,20,1,5,1,1,2,7,13015,M,4342700.0,538800.0,13
200800017587,8,4,13,1845,1,1,1,1,3,13019,M,0.0,0.0,13
200800017588,8,4,28,745,1,1,1,1,2,13074,M,4364700.0,549100.0,13
200800017589,8,4,9,2030,3,1,1,8,1,13041,M,0.0,0.0,13
200800017590,8,4,30,1500,1,1,1,1,2,26312,M,4459800.0,479900.0,26
200800017591,8,4,15,1430,1,1,1,1,6,26362,M,0.0,0.0,26
200800017592,8,4,11,200,3,1,1,2,5,26179,M,0.0,0.0,26
200800017593,8,4,19,1145,1,1,1,1,6,38019,M,4541500.0,482500.0,38
200800017594,8,4,17,1915,1,1,1,2,7,90041,M,4772400.0,690900.0,90
200800017595,8,4,14,1345,1,1,1,2,6,90105,M,0.0,0.0,90
200800017596,8,4,11,1515,1,1,1,3,4,90015,M,0.0,0.0,90
200800017597,8,4,27,100,3,1,1,1,6,70258,M,0.0,0.0,70
200800017598,8,4,13,600,2,1,1,1,6,70530,M,0.0,0.0,70
200800017599,8,4,19,200,5,2,1,8,6,70236,M,0.0,0.0,70
200800017600,8,4,9,700,1,2,9,1,1,70421,M,4769200.0,605200.0,70
200800017601,8,4,30,1315,1,1,1,9,1,70163,M,0.0,0.0,70
200800017602,8,4,20,1415,1,1,1,1,5,70111,M,0.0,0.0,70
200800017603,8,4,26,615,1,1,1,1,1,39470,M,4648800.0,605000.0,39
200800017604,8,4,4,1900,2,1,1,1,3,39470,M,4648900.0,605500.0,39
200800017605,8,4,25,1415,1,1,1,1,7,39307,M,0.0,0.0,39
200800017606,8,4,15,1400,1,1,1,8,1,39491,M,4639000.0,579000.0,39
200800017607,8,4,27,1630,1,2,3,1,3,39581,M,0.0,0.0,39
200800017608,8,4,24,1900,1,1,1,1,1,39190,M,4715800.0,574800.0,39
200800017609,8,4,7,1345,1,1,1,4,1,25411,M,4706300.0,662100.0,25
200800017610,8,4,23,1030,1,1,1,1,5,25634,M,0.0,0.0,25
200800017611,8,4,2,1345,1,2,1,1,6,25088,M,4733900.0,627500.0,25
200800017612,8,4,26,1415,1,1,1,1,1,25087,M,0.0,0.0,25
200800017613,8,4,12,1,5,2,1,1,6,25074,M,0.0,0.0,25
200800017614,8,4,21,1415,1,1,1,3,5,25057,M,4753800.0,679100.0,25
200800017615,8,4,14,1130,1,1,1,1,6,25143,M,0.0,0.0,25
200800017616,8,4,14,1245,1,1,1,2,6,25021,M,0.0,0.0,25
200800017617,8,4,6,1745,1,1,1,1,7,25622,M,0.0,0.0,25
200800017618,8,4,6,1530,1,1,1,1,7,25171,M,0.0,0.0,25
200800017619,8,4,12,745,1,1,1,1,3,70208,M,4754100.0,613400.0,70
200800017620,8,4,26,1030,1,2,1,1,3,25129,M,0.0,0.0,25
200800017621,8,4,19,2145,5,1,1,1,3,25112,M,0.0,0.0,25
200800017622,8,4,8,1015,1,1,1,1,6,25112,M,4726900.0,606600.0,25
200800017623,8,4,26,200,5,2,1,1,6,89445,M,0.0,0.0,89
200800017624,8,4,30,1630,1,1,1,8,6,89100,M,4820500.0,302100.0,89
200800017625,8,4,8,1900,1,1,1,1,7,89144,M,0.0,0.0,89
200800017626,8,4,21,545,3,1,1,1,6,89240,M,4817900.0,337100.0,89
200800017627,8,4,23,1030,1,1,1,1,6,89086,M,4791000.0,309000.0,89
200800017628,8,4,21,1900,1,2,1,1,7,89213,M,4788000.0,341000.0,89
200800017629,8,4,15,1100,1,1,4,1,2,89478,M,4770200.0,363400.0,89
200800017630,8,4,20,1500,2,2,1,1,6,89419,M,4773600.0,330700.0,89
200800017631,8,4,18,2015,2,1,1,2,7,89344,M,0.0,0.0,89
200800017632,8,4,20,345,3,1,1,1,6,89263,M,4783200.0,358300.0,89
200800017633,8,4,18,1130,1,2,9,1,2,89345,M,0.0,0.0,89
200800017634,8,4,5,1630,1,1,1,1,6,89474,M,4795900.0,381700.0,89
200800017635,8,4,5,1715,1,1,1,1,6,89169,M,0.0,0.0,89
200800017636,8,4,29,1545,1,1,1,1,6,89023,M,4776700.0,362800.0,89