Num_Acc,an,mois,jour,hrmn,lum,agg,int,atm,col,com,gps,lat,long,dep
200800017637,8,4,25,1415,1,1,1,1,5,89102,M,4775900.0,349700.0,89
200800017638,8,4,1,745,1,1,1,5,6,89023,M,0.0,0.0,89
200800017639,8,4,28,1530,1,1,1,3,6,71379,M,0.0,0.0,71
200800017640,8,4,1,1715,1,2,1,1,2,25631,M,4716300.0,593000.0,25
200800017641,8,4,26,1515,1,1,1,1,6,71564,M,4646700.0,439300.0,71
200800017642,8,4,8,945,1,1,1,1,6,71339,M,0.0,0.0,71
200800017643,8,4,26,1400,1,1,1,1,5,71462,M,4686100.0,503000.0,71
200800017644,8,4,14,1015,1,1,1,1,7,71202,M,4688700.0,477700.0,71
200800017645,8,4,26,830,1,2,1,1,6,71014,M,0.0,0.0,71
200800017646,8,4,18,915,1,2,1,1,6,71014,M,0.0,0.0,71
200800017647,8,4,16,1400,1,1,1,1,6,58109,M,4747600.0,323200.0,58
200800017648,8,4,26,900,1,1,1,1,7,58063,M,0.0,0.0,58
200800017649,8,4,15,1500,1,1,1,2,6,58050,M,0.0,0.0,58
200800017650,8,4,16,1430,1,2,1,1,3,58095,M,4683100.0,345700.0,58
200800017651,8,4,28,700,2,1,1,2,5,21264,M,4718200.0,451900.0,21
200800017652,8,4,27,1800,1,1,1,1,7,21360,M,4709300.0,468400.0,21
200800017653,8,4,10,715,2,1,1,2,1,21428,M,0.0,0.0,21
200800017654,8,4,3,1015,1,1,2,1,1,21512,M,4695500.0,476700.0,21
200800017655,8,4,23,400,3,1,1,1,1,21033,M,4729800.0,465300.0,21
200800017656,8,4,9,1845,1,2,1,8,6,21361,M,4749400.0,521300.0,21
200800017657,8,4,26,1930,1,1,1,1,1,21481,M,4726400.0,502600.0,21
200800017658,8,4,21,730,1,2,1,1,2,21442,M,0.0,0.0,21
200800017659,8,4,27,130,5,2,1,1,3,21106,M,4724700.0,511300.0,21
200800017660,8,4,2,1215,1,1,9,1,1,21486,M,4722300.0,525900.0,21
200800017661,8,4,13,2100,5,2,1,1,6,71263,M,0.0,0.0,71
200800017662,8,4,25,1715,1,2,1,1,6,52294,M,4855600.0,490900.0,52
200800017663,8,4,18,815,1,1,1,1,3,52542,M,0.0,0.0,52
200800017664,8,4,17,2330,3,1,1,2,7,52083,M,4781400.0,553300.0,52
200800017665,8,4,27,1645,1,2,1,7,6,52269,M,0.0,0.0,52
200800017666,8,4,10,1315,1,1,3,1,5,52269,M,0.0,0.0,52
200800017667,8,4,24,1700,1,1,1,1,1,52191,M,4804200.0,540700.0,52
200800017668,8,4,26,830,1,1,1,1,1,52008,M,4824800.0,529800.0,52
200800017669,8,4,12,530,3,1,1,1,6,52095,M,4825200.0,546200.0,52
200800017670,8,4,15,930,1,2,1,1,3,10023,M,4839300.0,365500.0,10
200800017671,8,4,26,1900,1,1,1,1,1,10115,M,4833000.0,412000.0,10
200800017672,8,4,28,45,5,2,1,1,6,10049,M,0.0,0.0,10
200800017673,8,4,27,215,3,1,1,1,6,10112,M,0.0,0.0,10
200800017674,8,4,10,1,3,1,1,1,7,10018,M,0.0,0.0,10
200800017675,8,4,27,215,3,1,1,1,6,10272,M,4857500.0,415000.0,10
200800017676,8,4,20,815,1,1,1,1,1,08150,M,4956000.0,428200.0,08
200800017677,8,4,27,1445,1,1,1,1,6,08057,M,4944900.0,482800.0,08
200800017678,8,4,28,1430,1,2,1,2,6,08490,M,4940000.0,468800.0,08
200800017679,8,4,30,900,1,2,1,1,6,08090,M,4963900.0,517200.0,08
200800017680,8,4,19,1115,1,1,1,2,7,08311,M,4958900.0,510600.0,08
200800017681,8,4,25,1845,1,2,2,1,3,08037,M,4987800.0,437800.0,08
200800017682,8,4,19,1115,1,1,1,2,6,52202,M,0.0,0.0,52
200800017683,8,4,30,1500,1,2,1,8,1,08081,M,0.0,0.0,08
200800017684,8,4,11,1445,1,2,1,1,6,08328,M,0.0,0.0,08
200800017685,8,4,10,1745,1,2,1,1,6,08188,M,0.0,0.0,08
200800017686,8,4,27,315,3,2,1,1,6,51507,M,4910200.0,489300.0,51
200800017687,8,4,22,930,1,1,1,2,6,51647,M,4876900.0,466100.0,51
200800017688,8,4,4,1345,1,1,1,1,3,51065,M,4873400.0,456900.0,51
200800017689,8,4,4,1530,1,1,1,1,1,51647,M,4876400.0,463700.0,51
200800017690,8,4,17,1415,1,1,6,1,6,51046,M,0.0,0.0,51
200800017691,8,4,11,1415,1,1,1,1,3,51347,M,4905600.0,404100.0,51
200800017692,8,4,27,1745,1,1,9,1,3,51418,M,4924100.0,398100.0,51
200800017693,8,4,9,930,3,1,1,1,7,51422,M,4921500.0,391900.0,51
200800017694,8,4,22,1030,1,1,1,2,3,51360,M,0.0,0.0,51
200800017695,8,4,30,1315,1,2,1,8,6,51380,M,4887300.0,353300.0,51
200800017696,8,4,25,1600,1,1,1,1,2,51555,M,4873900.0,429600.0,51
200800017697,8,4,17,1800,1,1,1,1,1,51630,M,4894600.0,392400.0,51
200800017698,8,4,10,2030,3,1,1,1,7,51203,M,4906900.0,446600.0,51
200800017699,8,4,5,1445,1,1,1,1,3,51278,M,0.0,0.0,51
200800017700,8,4,27,1215,1,1,1,1,7,68307,M,4781900.0,686000.0,68
200800017701,8,4,9,845,1,1,1,1,6,68011,M,4777500.0,716200.0,68
200800017702,8,4,28,1315,1,2,1,1,1,68063,M,4780800.0,717700.0,68
200800017703,8,4,17,1200,1,1,9,1,1,08028,M,0.0,0.0,08
200800017704,8,4,13,1500,1,1,1,1,1,68063,M,4780700.0,719300.0,68
200800017705,8,4,28,1715,1,2,6,1,3,68348,M,4781000.0,712600.0,68
200800017706,8,4,25,1715,1,1,1,1,6,68327,M,0.0,0.0,68
200800017707,8,4,11,1545,1,2,2,2,3,68349,M,0.0,0.0,68
200800017708,8,4,26,1830,1,1,1,1,3,68218,M,0.0,0.0,68
200800017709,8,4,24,730,1,1,1,1,6,68305,M,4753800.0,716400.0,68
200800017710,8,4,10,1845,1,1,1,3,1,68347,M,4751500.0,729800.0,68
200800017711,8,4,24,700,1,1,1,5,3,68134,M,4801000.0,733000.0,68
200800017712,8,4,7,1515,1,2,1,1,1,68374,M,4807800.0,728800.0,68
200800017713,8,4,1,2030,3,1,1,1,6,68329,M,4807100.0,704400.0,68
200800017714,8,4,2,1445,1,2,1,1,3,68175,M,4815300.0,719000.0,68
200800017715,8,4,18,2230,3,1,6,1,3,68007,M,0.0,0.0,68
200800017716,8,4,30,1500,1,2,1,2,3,67330,M,0.0,0.0,67
200800017717,8,4,19,2345,3,1,1,1,6,67235,M,4888300.0,806000.0,67
200800017718,8,4,12,500,5,2,1,1,6,67281,M,4816400.0,753500.0,67
200800017719,8,4,29,1700,1,1,1,1,6,67210,M,4841000.0,732900.0,67
200800017720,8,4,27,2015,1,2,1,1,7,67001,M,4858500.0,763200.0,67
200800017721,8,4,24,1630,1,1,1,1,1,67033,M,4874900.0,768600.0,67
200800017722,8,4,19,2245,3,1,1,1,6,67133,M,0.0,0.0,67
200800017723,8,4,16,1645,1,1,6,1,6,68063,M,4779700.0,717200.0,68
200800017724,8,4,30,1700,1,1,1,1,1,67103,M,0.0,0.0,67
200800017725,8,4,9,1300,1,2,9,3,1,67061,M,0.0,0.0,67
200800017726,8,4,26,1645,1,2,1,1,1,67520,M,4864200.0,744200.0,67
200800017727,8,4,27,1900,1,2,9,1,3,67480,M,4855500.0,740300.0,67
200800017728,8,4,24,1645,1,1,1,1,6,67420,M,4850100.0,725200.0,67
200800017729,8,4,11,1130,1,2,1,1,6,67313,M,4854300.0,745600.0,67
200800017730,8,4,27,415,3,1,1,1,6,67286,M,4845200.0,755600.0,67
200800017731,8,4,8,1915,1,2,1,1,6,67130,M,4843500.0,765800.0,67
200800017732,8,4,4,1015,1,1,1,1,7,67266,M,4846600.0,765800.0,67
200800017733,8,4,29,1145,1,2,7,1,6,67137,M,0.0,0.0,67
200800017734,8,4,5,330,3,1,1,1,6,67028,M,0.0,0.0,67
200800017735,8,4,28,2315,3,1,1,2,6,88319,M,4839700.0,686500.0,88
200800017736,8,4,26,1500,1,2,1,1,2,88451,M,4840300.0,698400.0,88
200800017737,8,4,26,1515,1,1,1,7,3,88531,M,4808800.0,693300.0,88
200800017738,8,4,26,930,1,2,1,1,1,88167,M,0.0,0.0,88
200800017739,8,4,18,1800,1,1,1,1,3,88148,M,4801100.0,661200.0,88
200800017740,8,4,25,2045,2,2,1,1,3,88400,M,4831300.0,603500.0,88
200800017741,8,4,26,1530,1,1,1,1,1,88481,M,0.0,0.0,88
200800017742,8,4,18,2230,3,1,1,1,3,88395,M,0.0,0.0,88
200800017743,8,4,6,2100,2,1,2,2,1,67009,M,0.0,0.0,67
200800017744,8,4,20,1530,1,1,1,1,7,88513,M,0.0,0.0,88
200800017745,8,4,6,1730,1,1,2,3,3,88147,M,4814100.0,625700.0,88
200800017746,8,4,29,1815,1,1,1,8,1,55492,M,4912700.0,547700.0,55
200800017747,8,4,30,2145,3,2,1,9,6,55490,M,0.0,0.0,55
200800017748,8,4,25,1845,1,1,1,1,6,55544,M,4951000.0,545000.0,55
200800017749,8,4,5,1330,1,2,1,3,6,55351,M,0.0,0.0,55
200800017750,8,4,29,645,1,1,1,1,1,55470,M,4870000.0,505800.0,55
200800017751,8,4,2,1445,1,2,1,1,1,55568,M,0.0,0.0,55
200800017752,8,4,4,2345,3,1,1,8,6,55010,M,4864300.0,504000.0,55
200800017753,8,4,18,1245,1,1,1,1,7,55369,M,4881300.0,520500.0,55
200800017754,8,4,2,1645,1,1,3,1,3,55108,M,4893100.0,525200.0,55
200800017755,8,4,8,745,1,1,1,1,2,54086,M,0.0,0.0,54
200800017756,8,4,7,1530,1,1,1,1,6,54540,M,4857600.0,696400.0,54
200800017757,8,4,18,630,2,1,1,1,6,54394,M,4934600.0,583200.0,54
200800017758,8,4,24,2015,2,2,1,1,7,54134,M,0.0,0.0,54
200800017759,8,4,29,900,1,1,2,1,3,54302,M,0.0,0.0,54
200800017760,8,4,25,1515,1,1,1,1,5,54434,M,0.0,0.0,54
200800017761,8,4,6,1500,1,1,2,1,3,54563,M,0.0,0.0,54
200800017762,8,4,1,1045,1,1,1,1,7,54299,M,0.0,0.0,54
200800017763,8,4,15,1145,1,1,1,1,3,54196,M,0.0,0.0,54
200800017764,8,4,15,1415,1,1,1,2,3,88367,M,0.0,0.0,88
200800017765,8,4,27,2030,1,1,1,1,6,54031,M,0.0,0.0,54
200800017766,8,4,27,1500,1,2,2,1,3,57437,M,4941300.0,630800.0,57
200800017767,8,4,26,1330,1,1,1,1,7,57341,M,4942400.0,632100.0,57
200800017768,8,4,16,1345,1,1,1,1,1,57383,M,0.0,0.0,57
200800017769,8,4,9,615,3,1,2,3,3,57271,M,4910400.0,680100.0,57
200800017770,8,4,27,1115,1,1,1,1,2,57702,M,4886600.0,652700.0,57
200800017771,8,4,25,1345,1,1,1,1,1,57281,M,0.0,0.0,57
200800017772,8,4,16,1930,1,1,1,1,1,57059,M,4890700.0,656000.0,57
200800017773,8,4,14,1300,1,2,3,1,3,57413,M,4911400.0,665700.0,57
200800017774,8,4,12,1030,1,1,1,1,6,57209,M,0.0,0.0,57
200800017775,8,4,18,2130,5,2,1,1,5,57273,M,0.0,0.0,57
200800017776,8,4,20,1415,1,2,1,1,1,57512,M,0.0,0.0,57
200800017777,8,4,16,1530,1,2,1,1,6,57148,M,0.0,0.0,57
200800017778,8,4,3,1700,1,1,3,1,3,57431,M,0.0,0.0,57
200800017779,8,4,13,845,1,2,6,1,3,57218,M,0.0,0.0,57
200800017780,8,4,26,1515,1,1,1,1,6,57511,M,4919300.0,611100.0,57
200800017781,8,4,9,1145,1,1,1,2,7,57645,M,4917900.0,615400.0,57
200800017782,8,4,25,915,1,1,1,1,2,57350,M,0.0,0.0,57
200800017783,8,4,14,1715,1,2,1,1,1,43137,M,4529500.0,416500.0,43
200800017784,8,4,25,915,1,1,1,1,6,43268,M,4517000.0,417700.0,43
200800017785,8,4,13,1445,1,1,1,1,7,54364,M,4860500.0,614700.0,54
200800017786,8,4,26,1645,1,1,1,1,6,43183,M,4514200.0,361700.0,43
200800017787,8,4,28,1745,1,1,1,3,6,43152,M,4508600.0,385000.0,43
200800017788,8,4,20,1230,1,1,2,1,3,15250,M,4536800.0,251200.0,15
200800017789,8,4,24,1715,1,1,3,1,1,15162,M,4528700.0,267100.0,15
200800017790,8,4,17,1045,1,1,1,1,1,03138,M,4624000.0,360300.0,03
200800017791,8,4,10,1215,1,2,1,2,3,03082,M,4629200.0,274800.0,03
200800017792,8,4,5,2000,2,1,1,1,7,03019,M,0.0,0.0,03
200800017793,8,4,27,1230,1,1,1,7,6,03015,M,4666200.0,318200.0,03
200800017794,8,4,25,700,2,1,1,1,1,63180,M,4589100.0,332100.0,63
200800017795,8,4,9,900,1,1,1,1,6,63196,M,4598400.0,344900.0,63
200800017796,8,4,26,1815,1,2,2,1,3,63194,M,4583100.0,333500.0,63
200800017797,8,4,7,1115,1,2,1,1,3,63125,M,4576300.0,354000.0,63
200800017798,8,4,21,1745,1,2,1,1,4,63195,M,4582800.0,336300.0,63
200800017799,8,4,25,230,3,1,1,1,6,63148,M,4589200.0,318900.0,63
200800017800,8,4,24,2330,3,1,1,1,7,63322,M,4586500.0,320500.0,63
200800017801,8,4,15,1815,1,1,2,1,3,63295,M,4600900.0,337600.0,63
200800017802,8,4,6,430,3,1,1,1,7,63030,M,4603100.0,331200.0,63
200800017803,8,4,7,2045,5,2,1,1,3,63135,M,4595000.0,310000.0,63
200800017804,8,4,4,1400,1,1,1,1,7,63313,M,0.0,0.0,63
200800017805,8,4,16,1700,1,2,1,1,2,63050,M,4541800.0,333200.0,63
200800017806,8,4,27,1615,1,1,1,1,7,43268,M,0.0,0.0,43
200800017807,8,4,6,445,3,1,1,1,6,63081,M,0.0,0.0,63
200800017808,8,4,20,1745,1,2,1,8,1,63457,M,4564200.0,321900.0,63
200800017809,8,4,20,745,1,1,1,8,6,63451,M,4565800.0,286600.0,63
200800017810,8,4,26,2345,5,2,1,1,6,63438,M,0.0,0.0,63
200800017811,8,4,1,815,1,1,1,1,3,63273,M,4573300.0,322200.0,63
200800017812,8,4,29,800,1,2,1,1,1,63307,M,0.0,0.0,63
200800017813,8,4,16,830,1,2,1,1,1,63307,M,4574000.0,309000.0,63
200800017814,8,4,30,1245,1,1,1,3,3,74295,M,4631900.0,660600.0,74
200800017815,8,4,30,1830,1,1,1,1,6,74308,M,4635600.0,660000.0,74
200800017816,8,4,14,1945,1,1,1,2,6,74146,M,4637100.0,657400.0,74
200800017817,8,4,8,1100,1,2,1,4,6,74053,M,4628800.0,644000.0,74
200800017818,8,4,4,2245,5,2,1,1,6,74171,M,4632200.0,633300.0,74
200800017819,8,4,21,1830,1,1,1,2,5,74021,M,4617100.0,627400.0,74
200800017820,8,4,4,1900,1,1,1,1,7,74094,M,0.0,0.0,74
200800017821,8,4,4,445,3,1,1,1,6,74229,M,0.0,0.0,74
200800017822,8,4,24,1200,1,1,2,1,3,74044,M,0.0,0.0,74
200800017823,8,4,27,1045,1,1,1,1,7,74273,M,0.0,0.0,74
200800017824,8,4,4,1800,1,2,1,1,6,74256,M,0.0,0.0,74
200800017825,8,4,13,1545,1,1,1,1,7,74110,M,4595300.0,639900.0,74
200800017826,8,4,3,715,2,1,1,2,6,74104,M,0.0,0.0,74
200800017827,8,4,16,1745,1,1,1,1,7,63139,M,4538600.0,378500.0,63
200800017828,8,4,22,1730,1,1,1,1,7,73287,M,0.0,0.0,73
200800017829,8,4,20,445,3,1,1,1,6,73007,M,0.0,0.0,73
200800017830,8,4,12,330,3,1,1,1,6,73173,M,4524700.0,640600.0,73
200800017831,8,4,5,1830,1,1,1,1,6,73173,M,4524700.0,640700.0,73
200800017832,8,4,26,1215,1,1,1,1,3,73303,M,0.0,0.0,73
200800017833,8,4,19,815,1,1,1,1,1,73216,M,0.0,0.0,73
200800017834,8,4,16,1715,1,2,1,1,6,73069,M,4553000.0,620200.0,73
200800017835,8,4,19,1545,1,1,1,1,3,73051,M,4567100.0,585300.0,73
200800017836,8,4,4,2230,3,1,1,8,7,73146,M,4569700.0,608400.0,73
200800017837,8,4,19,1830,1,2,1,1,7,73328,M,0.0,0.0,73
200800017838,8,4,19,630,2,2,1,1,6,42253,M,4604800.0,399800.0,42
200800017839,8,4,26,2330,3,1,1,1,1,42048,M,4615700.0,421200.0,42
200800017840,8,4,3,700,1,1,1,2,1,42267,M,0.0,0.0,42
200800017841,8,4,25,1830,1,1,1,1,1,42332,M,4599300.0,400800.0,42
200800017842,8,4,24,1830,1,1,1,1,3,42129,M,4537500.0,468300.0,42
200800017843,8,4,19,1815,1,1,1,1,1,42064,M,4546700.0,468400.0,42
200800017844,8,4,5,1800,1,2,1,1,3,42323,M,0.0,0.0,42
200800017845,8,4,3,845,1,1,1,2,6,42081,M,4561300.0,427200.0,42
200800017846,8,4,18,600,5,1,1,5,6,42219,M,4563800.0,423000.0,42
200800017847,8,4,8,1530,1,1,1,1,7,42227,M,4516500.0,353600.0,42
200800017848,8,4,19,1645,1,1,1,1,6,74181,M,0.0,0.0,74
200800017849,8,4,17,1530,1,2,1,1,1,38449,M,0.0,0.0,38
200800017850,8,4,9,1845,1,2,1,2,3,38537,M,0.0,0.0,38
200800017851,8,4,13,1700,1,2,1,1,2,38468,M,4535800.0,481000.0,38
200800017852,8,4,24,1745,1,1,1,7,1,38011,M,4579100.0,514400.0,38
200800017853,8,4,23,2245,5,2,1,1,3,38085,M,4575100.0,516400.0,38
200800017854,8,4,2,1645,1,2,1,1,3,38189,M,0.0,0.0,38
200800017855,8,4,5,1845,1,2,1,1,6,38399,M,,,38
200800017856,8,4,16,715,1,1,1,5,3,38069,M,0.0,0.0,38
200800017857,8,4,14,1600,1,1,1,1,6,38025,M,0.0,0.0,38
200800017858,8,4,30,1230,1,1,1,3,1,38336,M,4548400.0,483200.0,38
200800017859,8,4,23,1845,1,1,1,1,3,38110,M,4554800.0,488000.0,38
200800017860,8,4,21,1815,1,1,1,2,3,38336,M,4547500.0,482900.0,38
200800017861,8,4,13,2015,2,1,1,1,1,38157,M,4550600.0,500900.0,38
200800017862,8,4,12,1615,1,2,1,1,5,38087,M,4557400.0,481700.0,38
200800017863,8,4,9,845,1,2,1,2,3,38087,M,4558700.0,481100.0,38
200800017864,8,4,23,1545,1,2,3,1,3,38292,M,4548000.0,555300.0,38
200800017865,8,4,23,1845,1,1,1,8,1,38022,M,4567300.0,557500.0,38
200800017866,8,4,16,1230,1,2,1,1,1,38029,M,4559000.0,554400.0,38
200800017867,8,4,1,900,1,2,2,1,6,38261,M,4568000.0,547200.0,38
200800017868,8,4,14,2000,2,1,1,1,7,38118,M,4537400.0,546800.0,38
200800017869,8,4,3,2200,3,1,1,2,6,42151,M,0.0,0.0,42
200800017870,8,4,12,1000,1,1,1,1,6,38138,M,4573900.0,526800.0,38
200800017871,8,4,13,500,3,1,1,1,6,38450,M,0.0,0.0,38
200800017872,8,4,6,1800,1,1,1,1,1,38523,M,4524700.0,533900.0,38
200800017873,8,4,11,1730,1,1,1,2,4,38457,M,0.0,0.0,38
200800017874,8,4,7,930,1,2,1,1,3,38174,M,4539600.0,537000.0,38
200800017875,8,4,17,1615,1,2,1,1,1,38562,M,0.0,0.0,38
200800017876,8,4,29,1230,1,1,1,1,3,38429,M,4486000.0,561300.0,38
200800017877,8,4,19,1130,1,2,1,1,6,38304,M,4496100.0,577800.0,38
200800017878,8,4,11,1000,1,1,1,3,1,38565,M,4531700.0,561000.0,38
200800017879,8,4,28,1630,1,1,1,2,1,38504,M,0.0,0.0,38
200800017880,8,4,13,215,5,1,1,1,1,38070,M,0.0,0.0,38
200800017881,8,4,2,800,2,1,1,1,7,38412,M,0.0,0.0,38
200800017882,8,4,16,1630,1,1,1,1,5,38317,M,0.0,0.0,38
200800017883,8,4,25,1530,1,2,1,1,3,38158,M,4515100.0,573800.0,38
200800017884,8,4,10,1530,1,1,1,1,1,38422,M,4515600.0,584400.0,38
200800017885,8,4,6,1615,1,1,1,1,6,26179,M,0.0,0.0,26
200800017886,8,4,25,845,1,1,1,1,3,26295,M,4516800.0,490000.0,26
200800017887,8,4,21,2100,3,1,1,3,2,26010,M,4527700.0,489800.0,26
200800017888,8,4,19,1315,1,2,1,1,1,26325,M,4530000.0,481300.0,26
200800017889,8,4,11,915,1,1,1,3,3,26148,M,0.0,0.0,26
200800017890,8,4,1,2015,3,1,1,1,6,38065,M,4546200.0,540300.0,38
200800017891,8,4,6,700,2,1,1,1,6,26319,M,0.0,0.0,26
200800017892,8,4,4,1930,1,1,1,1,1,26088,M,4503900.0,508600.0,26
200800017893,8,4,6,145,2,1,1,1,7,26286,M,4434600.0,546500.0,26
200800017894,8,4,12,930,3,1,1,2,2,26348,M,4444900.0,499000.0,26
200800017895,8,4,15,1130,1,1,1,1,1,26377,M,0.0,0.0,26
200800017896,8,4,7,615,3,1,1,1,3,26182,M,0.0,0.0,26
200800017897,8,4,18,930,1,1,1,8,4,26345,M,4432800.0,482700.0,26
200800017898,8,4,1,1500,1,1,1,1,6,26345,M,4429300.0,485000.0,26
200800017899,8,4,1,1730,1,2,1,1,1,26074,M,0.0,0.0,26
200800017900,8,4,26,1245,1,1,1,1,1,26113,M,0.0,0.0,26
200800017901,8,4,6,1545,1,1,1,1,1,26368,M,4470800.0,525600.0,26
200800017902,8,4,12,1430,1,2,1,7,2,26037,M,4486800.0,494300.0,26
200800017903,8,4,19,1715,1,2,6,1,3,26011,M,0.0,0.0,26
200800017904,8,4,27,2000,1,1,1,1,1,07165,M,4494000.0,448500.0,07
200800017905,8,4,28,1945,1,1,1,3,1,07050,M,0.0,0.0,07
200800017906,8,4,10,700,2,1,1,2,6,07024,M,0.0,0.0,07
200800017907,8,4,28,2215,3,1,1,1,6,07053,M,0.0,0.0,07
200800017908,8,4,19,945,1,1,1,1,6,07224,M,0.0,0.0,07
200800017909,8,4,10,900,1,1,1,2,1,07288,M,0.0,0.0,07
200800017910,8,4,6,2045,5,2,1,1,6,07349,M,0.0,0.0,07
200800017911,8,4,15,945,3,1,2,8,3,26149,M,0.0,0.0,26
200800017912,8,4,30,1200,1,1,1,2,6,07300,M,0.0,0.0,07
200800017913,8,4,24,700,1,2,1,1,3,07319,M,0.0,0.0,07
200800017914,8,4,26,930,1,1,1,1,7,07167,M,4479600.0,461300.0,07
200800017915,8,4,26,800,1,1,1,1,3,07268,M,0.0,0.0,07
200800017916,8,4,26,2230,3,1,1,1,3,07122,M,0.0,0.0,07
200800017917,8,4,6,245,3,1,1,1,1,01319,M,0.0,0.0,01
200800017918,8,4,3,1700,1,2,1,1,7,01420,M,4617700.0,480400.0,01
200800017919,8,4,30,2230,5,2,1,1,3,01443,M,4600600.0,503100.0,01
200800017920,8,4,26,1545,1,2,1,1,3,01371,M,4595200.0,498500.0,01
200800017921,8,4,19,2115,3,1,1,8,7,01105,M,0.0,0.0,01
200800017922,8,4,23,1900,1,1,1,1,6,01093,M,0.0,0.0,01
200800017923,8,4,4,945,1,2,6,1,6,01427,M,0.0,0.0,01
200800017924,8,4,2,1700,1,2,7,1,6,01194,M,0.0,0.0,01
200800017925,8,4,15,1745,1,2,1,1,6,01160,M,0.0,0.0,01
200800017926,8,4,24,1945,1,2,1,1,6,01274,M,0.0,0.0,01
200800017927,8,4,25,2300,3,1,1,1,2,01213,M,0.0,0.0,01
200800017928,8,4,25,745,1,1,1,1,2,01202,M,0.0,0.0,01
200800017929,8,4,16,1745,1,2,1,1,2,01202,M,0.0,0.0,01
200800017930,8,4,6,1500,1,1,1,1,3,01004,M,4593900.0,538100.0,01
200800017931,8,4,5,1730,1,1,1,1,7,01228,M,0.0,0.0,01
200800017932,8,4,5,2100,5,2,1,1,2,07349,M,0.0,0.0,07
200800017933,8,4,18,2200,5,2,1,2,3,01010,M,4591700.0,581600.0,01
200800017934,8,4,14,1800,1,2,1,1,6,01118,M,0.0,0.0,01
200800017935,8,4,5,1445,1,1,1,1,1,01452,M,0.0,0.0,01
200800017936,8,4,21,1630,1,1,1,1,3,01058,M,0.0,0.0,01
200800017937,8,4,16,1730,1,1,1,1,5,01454,M,0.0,0.0,01
200800017938,8,4,12,1515,1,1,1,1,6,01229,M,0.0,0.0,01
200800017939,8,4,26,2000,1,1,1,1,7,01317,M,4619500.0,533500.0,01
200800017940,8,4,20,1230,1,2,2,1,3,01241,M,4626200.0,532900.0,01
200800017941,8,4,17,1500,1,2,1,2,3,01350,M,0.0,0.0,01
200800017942,8,4,17,1345,1,1,1,2,2,01095,M,0.0,0.0,01
200800017943,8,4,17,1445,1,1,1,2,1,01245,M,0.0,0.0,01
200800017944,8,4,17,2345,5,2,1,2,6,69248,M,0.0,0.0,69
200800017945,8,4,13,1900,1,2,1,1,1,69066,M,0.0,0.0,69
200800017946,8,4,24,2345,3,1,1,1,1,69229,M,4607900.0,449000.0,69
200800017947,8,4,19,2330,3,1,1,1,6,69093,M,4603900.0,448600.0,69
200800017948,8,4,26,1315,1,2,1,1,2,69245,M,0.0,0.0,69
200800017949,8,4,15,815,1,2,1,1,1,69024,M,0.0,0.0,69
200800017950,8,4,14,1445,1,1,1,1,3,69222,M,0.0,0.0,69
200800017951,8,4,19,1430,1,1,9,1,1,69162,M,0.0,0.0,69
200800017952,8,4,7,2300,3,1,1,1,6,69121,M,0.0,0.0,69
200800017953,8,4,22,1345,1,2,1,1,6,01407,M,0.0,0.0,01
200800017954,8,4,1,1830,1,1,1,1,3,69176,M,0.0,0.0,69
200800017955,8,4,26,1445,1,1,1,1,3,69291,M,4561900.0,485500.0,69
200800017956,8,4,2,800,1,2,1,1,2,69291,M,0.0,0.0,69
200800017957,8,4,5,1700,1,2,1,1,7,69249,M,0.0,0.0,69
200800017958,8,4,4,1615,1,2,1,1,6,69249,M,0.0,0.0,69
200800017959,8,4,25,1800,1,2,6,1,6,69227,M,0.0,0.0,69
200800017960,8,4,21,1,3,1,1,1,6,69227,M,0.0,0.0,69
200800017961,8,4,24,2315,3,1,1,1,7,69177,M,0.0,0.0,69
200800017962,8,4,24,845,1,1,1,2,1,69231,M,0.0,0.0,69
200800017963,8,4,1,830,1,1,1,1,1,69208,M,0.0,0.0,69
200800017964,8,4,18,1800,2,2,1,8,3,69236,M,0.0,0.0,69
200800017965,8,4,22,1830,1,1,1,1,3,69289,M,4565700.0,501700.0,69
200800017966,8,4,12,1230,1,2,1,1,1,69288,M,4569000.0,505700.0,69
200800017967,8,4,30,1700,1,2,1,1,3,69003,M,4587600.0,483300.0,69
200800017968,8,4,26,1815,1,2,9,1,2,69278,M,0.0,0.0,69
200800017969,8,4,3,1845,1,2,1,7,1,69116,M,0.0,0.0,69
200800017970,8,4,2,1400,1,1,1,1,5,69279,M,0.0,0.0,69
200800017971,8,4,22,1400,1,1,1,1,7,69072,M,0.0,0.0,69
200800017972,8,4,17,1445,1,1,1,3,1,82094,M,4428200.0,112500.0,82
200800017973,8,4,21,1715,1,1,1,2,7,82136,M,0.0,0.0,82
200800017974,8,4,4,1000,1,1,1,7,3,69195,M,0.0,0.0,69
200800017975,8,4,29,1830,1,1,1,1,1,82184,M,4402200.0,159200.0,82
200800017976,8,4,30,1245,1,1,1,1,6,82110,M,4413800.0,138900.0,82
200800017977,8,4,12,1045,1,2,1,1,1,82037,M,4416300.0,154300.0,82
200800017978,8,4,23,930,1,1,1,8,1,81070,M,4334700.0,119700.0,81
200800017979,8,4,3,1030,1,1,1,1,7,69089,M,4574900.0,471700.0,69