Num_Acc,an,mois,jour,hrmn,lum,agg,int,atm,col,com,gps,lat,long,dep
200800017980,8,4,25,1545,1,1,1,1,7,81099,M,0.0,0.0,81
200800017981,8,4,14,2115,3,1,1,1,7,81227,M,4366800.0,228200.0,81
200800017982,8,4,20,1415,1,1,1,2,6,81261,M,0.0,0.0,81
200800017983,8,4,4,1830,2,2,1,1,1,81271,M,0.0,0.0,81
200800017984,8,4,22,900,1,1,1,2,1,81124,M,4371800.0,273400.0,81
200800017985,8,4,29,1515,1,1,1,1,7,81174,M,4379100.0,209400.0,81
200800017986,8,4,23,1715,1,1,1,8,6,81168,M,0.0,0.0,81
200800017987,8,4,28,930,1,1,1,3,3,81052,M,4392000.0,223400.0,81
200800017988,8,4,27,1130,1,2,1,1,3,81097,M,4388700.0,222600.0,81
200800017989,8,4,5,1815,1,2,1,1,6,81222,M,0.0,0.0,81
200800017990,8,4,9,1915,1,1,1,1,2,65330,M,4344400.0,4400.0,65
200800017991,8,4,5,615,1,1,1,1,6,65161,M,0.0,0.0,65
200800017992,8,4,1,1615,1,1,1,1,6,65369,M,0.0,0.0,65
200800017993,8,4,13,115,3,1,1,2,6,65177,M,0.0,0.0,65
200800017994,8,4,13,1845,1,1,1,1,7,82056,M,4419800.0,182600.0,82
200800017995,8,4,26,15,3,1,1,1,6,46127,M,0.0,0.0,46
200800017996,8,4,3,1730,1,1,1,1,1,46257,M,0.0,0.0,46
200800017997,8,4,2,900,1,1,1,1,3,46297,M,4468500.0,126700.0,46
200800017998,8,4,29,1515,1,1,1,1,7,46251,M,0.0,0.0,46
200800017999,8,4,19,945,1,2,1,1,1,46251,M,4486600.0,187900.0,46
200800018000,8,4,7,1500,1,1,1,1,3,46090,M,4467400.0,179500.0,46
200800018001,8,4,12,1845,1,1,1,1,7,46053,M,4464900.0,199900.0,46
200800018002,8,4,15,1000,1,1,1,1,6,46225,M,0.0,0.0,46
200800018003,8,4,6,1545,1,1,1,1,6,46200,M,0.0,0.0,46
200800018004,8,4,17,1915,1,1,1,1,7,46197,M,0.0,0.0,46
200800018005,8,4,6,600,3,1,1,1,6,46026,M,0.0,0.0,46
200800018006,8,4,21,745,1,1,1,8,7,32181,M,4342800.0,27800.0,32
200800018007,8,4,28,1030,1,1,2,2,3,32156,M,0.0,0.0,32
200800018008,8,4,17,1600,1,1,1,8,6,32208,M,4393000.0,62700.0,32
200800018009,8,4,2,900,1,1,1,2,1,32208,M,0.0,0.0,32
200800018010,8,4,22,900,1,1,1,8,3,32340,M,4387300.0,5000.0,32
200800018011,8,4,5,100,3,1,1,1,6,32125,M,4379200.0,6100.0,32
200800018012,8,4,29,800,1,1,1,1,1,32404,M,0.0,0.0,32
200800018013,8,4,25,2000,1,2,2,1,5,32212,M,4404500.0,48100.0,32
200800018014,8,4,26,2330,3,1,1,1,6,32356,M,4356000.0,87000.0,32
200800018015,8,4,22,915,1,1,1,2,6,65440,M,4320800.0,12900.0,65
200800018016,8,4,2,1130,1,1,1,1,6,32141,M,4339700.0,72300.0,32
200800018017,8,4,18,2215,3,1,1,1,6,32147,M,4363700.0,92200.0,32
200800018018,8,4,19,1030,1,1,1,1,6,32029,M,0.0,0.0,32
200800018019,8,4,7,1745,1,1,1,1,6,12301,M,4445700.0,201900.0,12
200800018020,8,4,22,1745,1,1,1,1,1,12136,M,4441200.0,209700.0,12
200800018021,8,4,10,1130,1,2,1,1,6,12300,M,4435200.0,203300.0,12
200800018022,8,4,26,15,3,1,1,1,6,12009,M,4373000.0,293000.0,12
200800018023,8,4,13,1015,1,1,1,1,7,12291,M,0.0,0.0,12
200800018024,8,4,9,730,2,1,1,1,7,12211,M,0.0,0.0,12
200800018025,8,4,10,1245,1,1,1,1,6,12226,M,4477500.0,263000.0,12
200800018026,8,4,29,1700,1,1,1,1,6,12119,M,4467000.0,285100.0,12
200800018027,8,4,5,1630,1,1,1,1,6,12121,M,0.0,0.0,12
200800018028,8,4,17,2000,2,1,1,3,1,12194,M,4421700.0,241000.0,12
200800018029,8,4,17,1915,1,1,1,1,1,09246,M,0.0,0.0,09
200800018030,8,4,25,1730,1,1,1,1,7,09061,M,0.0,0.0,09
200800018031,8,4,27,900,1,1,1,1,7,09138,M,0.0,0.0,09
200800018032,8,4,13,45,5,2,1,1,1,09273,M,0.0,0.0,09
200800018033,8,4,26,1500,1,1,1,1,7,31451,M,4347100.0,197600.0,31
200800018034,8,4,19,1845,1,2,1,7,1,31573,M,4366300.0,166400.0,31
200800018035,8,4,17,1830,1,1,1,1,3,31026,M,4353100.0,183000.0,31
200800018036,8,4,3,1900,2,1,3,1,3,32447,M,4356200.0,79500.0,32
200800018037,8,4,6,1630,1,2,1,8,5,31017,M,0.0,0.0,31
200800018038,8,4,5,345,3,1,1,1,7,31499,M,0.0,0.0,31
200800018039,8,4,30,830,1,1,1,1,1,31052,M,4339500.0,135300.0,31
200800018040,8,4,6,2100,5,2,1,1,6,31395,M,4346900.0,132800.0,31
200800018041,8,4,16,1900,1,1,1,1,2,31462,M,0.0,0.0,31
200800018042,8,4,14,1015,1,2,1,1,4,31561,M,0.0,0.0,31
200800018043,8,4,12,1045,1,2,1,1,4,31488,M,4366800.0,150400.0,31
200800018044,8,4,11,1015,1,2,1,2,3,31484,M,4369200.0,149600.0,31
200800018045,8,4,9,730,1,2,1,1,3,31117,M,0.0,0.0,31
200800018046,8,4,19,845,1,2,1,1,5,31424,M,4356500.0,130200.0,31
200800018047,8,4,4,1700,1,1,1,7,1,31120,M,0.0,0.0,31
200800018048,8,4,1,1415,1,1,1,1,6,31156,M,0.0,0.0,31
200800018049,8,4,24,2215,5,2,1,1,3,31202,M,0.0,0.0,31
200800018050,8,4,23,2045,2,2,1,1,7,31579,M,0.0,0.0,31
200800018051,8,4,19,1915,1,1,1,1,6,31118,M,0.0,0.0,31
200800018052,8,4,24,1630,1,2,1,1,6,23013,M,4603300.0,250300.0,23
200800018053,8,4,16,1815,1,1,1,1,1,23142,M,4594900.0,225400.0,23
200800018054,8,4,11,1530,1,1,1,1,6,23176,M,4625100.0,146600.0,23
200800018055,8,4,7,1715,1,1,1,1,6,23245,M,4617500.0,181300.0,23
200800018056,8,4,3,1315,1,1,1,1,7,23005,M,4604400.0,244200.0,23
200800018057,8,4,11,2200,3,1,1,1,6,31106,M,4353000.0,174800.0,31
200800018058,8,4,3,915,1,1,1,1,1,19013,M,4520800.0,166400.0,19
200800018059,8,4,30,1545,1,1,1,1,6,19076,M,4539700.0,158600.0,19
200800018060,8,4,10,830,1,1,1,8,1,19258,M,4515200.0,201500.0,19
200800018061,8,4,9,1845,1,1,1,8,1,19096,M,4524300.0,180100.0,19
200800018062,8,4,12,1215,1,2,1,1,3,87168,M,4571400.0,76300.0,87
200800018063,8,4,24,1645,1,1,2,1,3,87154,M,0.0,0.0,87
200800018064,8,4,5,1600,1,2,1,1,3,87154,M,0.0,0.0,87
200800018065,8,4,22,1815,1,1,1,8,1,87145,M,4634000.0,134700.0,87
200800018066,8,4,28,915,1,1,1,3,7,87079,M,4601600.0,148500.0,87
200800018067,8,4,23,1915,1,2,1,1,6,87014,M,4610800.0,137300.0,87
200800018068,8,4,28,2045,2,2,1,2,7,87106,M,0.0,0.0,87
200800018069,8,4,25,1645,1,1,1,1,1,87049,M,0.0,0.0,87
200800018070,8,4,19,1600,1,1,1,1,7,87127,M,4559200.0,125600.0,87
200800018071,8,4,12,130,3,1,9,1,7,87060,M,0.0,0.0,87
200800018072,8,4,5,1415,1,2,1,1,3,87187,M,4552500.0,120900.0,87
200800018073,8,4,12,1500,1,2,1,1,1,87001,M,4579800.0,113700.0,87
200800018074,8,4,4,2245,3,1,1,1,7,79007,M,4657500.0,-36700.0,79
200800018075,8,4,6,1930,1,1,2,4,3,79325,M,4680300.0,-21300.0,79
200800018076,8,4,26,1930,1,1,1,1,6,79160,M,0.0,0.0,79
200800018077,8,4,3,730,2,1,1,1,6,79277,M,0.0,0.0,79
200800018078,8,4,17,1830,1,1,1,1,1,23101,M,4626000.0,192300.0,23
200800018079,8,4,18,815,1,1,1,2,6,79237,M,0.0,0.0,79
200800018080,8,4,22,2130,3,1,1,1,7,79049,M,0.0,0.0,79
200800018081,8,4,15,2030,1,2,2,1,3,79126,M,4617100.0,-36300.0,79
200800018082,8,4,9,845,1,1,1,3,3,17383,M,4593000.0,-33800.0,17
200800018083,8,4,1,1100,1,1,1,2,6,17211,M,4604800.0,-49400.0,17
200800018084,8,4,24,615,3,1,1,5,7,17440,M,4595200.0,-58000.0,17
200800018085,8,4,14,1830,1,1,1,1,2,17292,M,4502300.0,-72400.0,17
200800018086,8,4,23,1200,1,1,1,1,4,17152,M,0.0,0.0,17
200800018087,8,4,11,1630,1,1,1,1,6,17160,M,0.0,0.0,17
200800018088,8,4,23,1245,1,2,1,1,3,17284,M,0.0,0.0,17
200800018089,8,4,21,430,3,1,1,1,6,17080,M,0.0,0.0,17
200800018090,8,4,18,230,5,2,1,1,6,17447,M,0.0,0.0,17
200800018091,8,4,14,1700,1,2,1,1,3,17107,M,0.0,0.0,17
200800018092,8,4,4,2100,2,1,2,1,3,17340,M,4608100.0,-78200.0,17
200800018093,8,4,5,1745,1,1,2,1,1,17075,M,0.0,0.0,17
200800018094,8,4,10,100,3,2,1,1,6,17155,M,0.0,0.0,17
200800018095,8,4,23,1645,1,2,1,1,5,17140,M,4591600.0,-126500.0,17
200800018096,8,4,20,1945,1,1,1,1,3,17486,M,4602000.0,-137000.0,17
200800018097,8,4,15,1600,1,1,2,1,3,17337,M,4596900.0,-137000.0,17
200800018098,8,4,12,45,5,2,1,1,6,17093,M,0.0,0.0,17
200800018099,8,4,21,700,2,2,1,2,3,79103,M,0.0,0.0,79
200800018100,8,4,28,1830,1,2,1,1,1,17265,M,0.0,0.0,17
200800018101,8,4,11,800,1,1,1,1,1,17121,M,4620300.0,-142600.0,17
200800018102,8,4,13,1800,1,2,1,2,3,17059,M,0.0,0.0,17
200800018103,8,4,3,1615,1,2,1,1,3,17094,M,0.0,0.0,17
200800018104,8,4,19,1145,1,1,1,1,5,17297,M,0.0,0.0,17
200800018105,8,4,26,930,1,1,1,1,6,16411,M,0.0,0.0,16
200800018106,8,4,24,1545,1,1,1,1,7,16158,M,0.0,0.0,16
200800018107,8,4,12,2015,2,1,1,8,5,16146,M,0.0,0.0,16
200800018108,8,4,7,1700,1,1,1,1,6,16137,M,0.0,0.0,16
200800018109,8,4,5,445,3,1,1,1,7,16422,M,4560600.0,35000.0,16
200800018110,8,4,6,730,2,1,1,1,6,16206,M,4588300.0,15000.0,16
200800018111,8,4,30,1745,1,2,1,3,6,16187,M,0.0,0.0,16
200800018112,8,4,30,800,1,1,1,2,3,16138,M,0.0,0.0,16
200800018113,8,4,17,2330,5,2,1,1,6,16370,M,0.0,0.0,16
200800018114,8,4,9,145,3,1,1,3,7,16077,M,0.0,0.0,16
200800018115,8,4,15,1445,1,1,1,1,1,16016,M,0.0,0.0,16
200800018116,8,4,23,1845,1,1,1,1,3,16074,M,0.0,0.0,16
200800018117,8,4,13,1215,1,1,2,2,3,16384,M,4538100.0,-20600.0,16
200800018118,8,4,12,1415,1,1,1,1,6,16097,M,0.0,0.0,16
200800018119,8,4,21,1845,1,2,1,1,6,86078,M,4615300.0,29600.0,86
200800018120,8,4,2,1945,1,1,1,1,7,17337,M,4596000.0,-132000.0,17
200800018121,8,4,28,1445,1,1,1,1,3,86274,M,0.0,0.0,86
200800018122,8,4,23,600,3,1,1,2,6,86210,M,0.0,0.0,86
200800018123,8,4,1,2115,5,2,1,1,6,86046,M,0.0,0.0,86
200800018124,8,4,8,1730,1,1,1,1,3,86030,M,4673700.0,19300.0,86
200800018125,8,4,10,2145,3,1,1,2,2,86039,M,0.0,0.0,86
200800018126,8,4,14,1715,1,1,1,1,2,64499,M,0.0,0.0,64
200800018127,8,4,30,1600,1,2,1,1,6,64430,M,4349400.0,-77200.0,64
200800018128,8,4,25,715,1,1,1,5,5,64501,M,0.0,0.0,64
200800018129,8,4,15,745,1,2,1,7,6,64422,M,0.0,0.0,64
200800018130,8,4,23,1015,1,2,6,1,6,64371,M,4322400.0,-89000.0,64
200800018131,8,4,15,1130,1,2,1,1,1,64371,M,0.0,0.0,64
200800018132,8,4,29,1545,1,1,1,1,7,64558,M,4345300.0,-146300.0,64
200800018133,8,4,24,1845,1,2,1,1,3,64160,M,4336100.0,-139500.0,64
200800018134,8,4,1,745,1,2,2,8,3,64519,M,4336300.0,-38200.0,64
200800018135,8,4,19,2345,3,1,1,1,6,47252,M,0.0,0.0,47
200800018136,8,4,24,1200,1,1,1,1,2,47160,M,0.0,0.0,47
200800018137,8,4,18,2100,2,1,1,1,3,47203,M,0.0,0.0,47
200800018138,8,4,14,1330,1,1,2,1,3,47159,M,0.0,0.0,47
200800018139,8,4,26,1500,1,1,1,1,1,47068,M,0.0,0.0,47
200800018140,8,4,18,1730,1,1,2,2,3,47191,M,0.0,0.0,47
200800018141,8,4,30,2315,3,2,1,1,6,86137,M,0.0,0.0,86
200800018142,8,4,30,1630,1,2,1,1,3,47157,M,4450800.0,15500.0,47
200800018143,8,4,25,930,1,1,1,1,2,47274,M,0.0,0.0,47
200800018144,8,4,12,2300,3,1,1,1,1,40055,M,0.0,0.0,40
200800018145,8,4,5,1430,1,1,1,1,1,40117,M,0.0,0.0,40
200800018146,8,4,19,1945,1,1,1,8,2,40061,M,0.0,0.0,40
200800018147,8,4,13,1200,1,1,1,1,7,40046,M,0.0,0.0,40
200800018148,8,4,17,1130,1,1,1,1,6,40248,M,4355200.0,-132900.0,40
200800018149,8,4,29,1215,1,1,1,1,1,40317,M,0.0,0.0,40
200800018150,8,4,22,1500,1,2,1,1,3,40304,M,0.0,0.0,40
200800018151,8,4,20,745,2,2,1,1,6,40089,M,0.0,0.0,40
200800018152,8,4,3,915,1,1,1,1,3,40155,M,4391000.0,-122500.0,40
200800018153,8,4,2,1745,1,2,1,1,7,40313,M,0.0,0.0,40
200800018154,8,4,1,1215,1,1,9,8,2,40309,M,4380200.0,-74300.0,40
200800018155,8,4,26,745,2,1,1,1,7,40111,M,4400400.0,-61100.0,40
200800018156,8,4,3,1800,1,1,1,1,3,24547,M,4513200.0,132600.0,24
200800018157,8,4,23,2200,3,1,1,1,7,24396,M,0.0,0.0,24
200800018158,8,4,14,1715,1,2,1,1,3,24520,M,0.0,0.0,24
200800018159,8,4,8,900,1,1,1,1,6,24520,M,0.0,0.0,24
200800018160,8,4,18,1600,1,1,1,1,1,24553,M,4527100.0,53200.0,24
200800018161,8,4,8,1545,1,2,1,1,6,24352,M,0.0,0.0,24
200800018162,8,4,22,845,1,1,2,8,3,47301,M,4457100.0,30600.0,47
200800018163,8,4,28,1030,1,1,1,8,7,24101,M,4556500.0,77400.0,24
200800018164,8,4,12,1045,1,2,9,1,3,24479,M,4549900.0,74100.0,24
200800018165,8,4,10,1745,1,1,1,1,6,24568,M,4485400.0,11400.0,24
200800018166,8,4,24,1630,1,2,1,1,3,24177,M,4479100.0,64500.0,24
200800018167,8,4,8,1215,1,1,1,8,1,24132,M,4480000.0,56100.0,24
200800018168,8,4,4,1700,1,1,1,1,5,24181,M,0.0,0.0,24
200800018169,8,4,4,845,1,1,1,1,5,24126,M,0.0,0.0,24
200800018170,8,4,17,915,1,1,1,2,1,24068,M,4484700.0,82700.0,24
200800018171,8,4,8,1700,1,1,1,2,6,24414,M,4492000.0,62000.0,24
200800018172,8,4,19,1015,1,1,1,1,1,24011,M,4522500.0,84000.0,24
200800018173,8,4,3,45,3,1,1,1,6,24527,M,4527300.0,91500.0,24
200800018174,8,4,18,115,3,1,1,1,6,24372,M,0.0,0.0,24
200800018175,8,4,27,2000,2,1,1,2,7,24235,M,0.0,0.0,24
200800018176,8,4,28,1715,1,2,1,1,6,33062,M,0.0,0.0,33
200800018177,8,4,23,1700,1,2,1,1,3,33393,M,0.0,0.0,33
200800018178,8,4,11,1015,1,1,1,1,1,33230,M,0.0,0.0,33
200800018179,8,4,27,1630,1,1,2,1,3,33194,M,4480700.0,-22800.0,33
200800018180,8,4,9,1630,1,1,1,1,3,33301,M,0.0,0.0,33
200800018181,8,4,26,1730,1,1,1,1,3,33052,M,4495700.0,-23100.0,33
200800018182,8,4,4,100,3,1,1,8,3,24095,M,0.0,0.0,24
200800018183,8,4,20,1530,1,1,3,1,1,33540,M,4535100.0,-106600.0,33
200800018184,8,4,24,1215,1,1,1,1,2,33125,M,4522500.0,-87300.0,33
200800018185,8,4,9,2200,3,1,1,2,3,33395,M,4525700.0,-75400.0,33
200800018186,8,4,12,1545,1,1,1,1,1,33268,M,0.0,0.0,33
200800018187,8,4,27,130,3,1,1,1,6,33379,M,4471100.0,-14800.0,33
200800018188,8,4,20,2245,3,2,1,2,1,33399,M,4466300.0,-11100.0,33
200800018189,8,4,27,2315,3,1,1,2,6,33289,M,0.0,0.0,33
200800018190,8,4,27,1900,1,1,1,1,7,33537,M,0.0,0.0,33
200800018191,8,4,30,1245,1,1,1,1,7,33238,M,4474000.0,-57700.0,33
200800018192,8,4,6,1745,1,2,1,1,3,33238,M,4474000.0,-59600.0,33
200800018193,8,4,30,1815,1,1,1,1,6,33145,M,0.0,0.0,33
200800018194,8,4,21,1300,1,1,1,3,7,33408,M,0.0,0.0,33
200800018195,8,4,5,1615,1,2,1,1,1,33213,M,4468700.0,-52700.0,33
200800018196,8,4,16,1015,1,1,1,1,3,33397,M,0.0,0.0,33
200800018197,8,4,19,1400,1,1,1,1,3,33438,M,0.0,0.0,33
200800018198,8,4,19,1245,1,1,1,1,3,33151,M,4521000.0,-48200.0,33
200800018199,8,4,4,1400,1,1,1,1,3,33351,M,4521700.0,-49100.0,33
200800018200,8,4,15,1630,1,1,3,1,3,33073,M,4524100.0,-63600.0,33
200800018201,8,4,15,2200,5,2,1,1,6,33449,M,0.0,0.0,33
200800018202,8,4,2,1900,2,1,6,1,2,33539,M,0.0,0.0,33
200800018203,8,4,19,1830,1,2,1,1,6,33011,M,0.0,0.0,33
200800018204,8,4,14,830,1,2,1,2,3,33162,M,0.0,0.0,33
200800018205,8,4,30,1430,1,2,1,2,1,33312,M,4495700.0,-62300.0,33
200800018206,8,4,10,715,1,2,1,2,1,33056,M,4493500.0,-62300.0,33
200800018207,8,4,24,600,3,1,1,5,1,33555,M,0.0,0.0,33
200800018208,8,4,10,1100,1,2,1,1,3,33555,M,0.0,0.0,33
200800018209,8,4,24,2115,5,1,1,1,3,85179,M,0.0,0.0,85
200800018210,8,4,27,1,3,1,1,1,6,85035,M,0.0,0.0,85
200800018211,8,4,21,1630,1,1,1,3,2,85226,M,4674300.0,-195200.0,85
200800018212,8,4,21,1215,1,2,1,1,3,85222,M,0.0,0.0,85
200800018213,8,4,11,1830,1,1,1,1,3,85226,M,4674400.0,-192500.0,85
200800018214,8,4,8,1645,1,2,9,1,6,85226,M,0.0,0.0,85
200800018215,8,4,28,1630,1,2,3,1,3,85112,M,4656600.0,-177900.0,85
200800018216,8,4,5,1515,1,1,1,1,1,85047,M,4681800.0,-181300.0,85
200800018217,8,4,20,1115,1,2,1,1,6,85162,M,4643800.0,-68400.0,85
200800018218,8,4,19,2200,3,1,1,2,6,85227,M,4649100.0,-66200.0,85
200800018219,8,4,18,915,1,1,1,3,5,85216,M,4649400.0,-111000.0,85
200800018220,8,4,12,1115,1,2,1,1,6,85216,M,0.0,0.0,85
200800018221,8,4,25,1730,1,1,1,1,1,85155,M,4670800.0,-150300.0,85
200800018222,8,4,24,1900,1,2,6,1,1,85003,M,0.0,0.0,85
200800018223,8,4,26,1045,1,2,1,1,6,33236,M,0.0,0.0,33
200800018224,8,4,5,1415,1,1,1,1,5,85293,M,0.0,0.0,85
200800018225,8,4,30,1500,1,1,1,1,5,85089,M,0.0,0.0,85
200800018226,8,4,4,1245,1,2,1,1,3,85084,M,0.0,0.0,85
200800018227,8,4,3,1530,1,2,1,1,1,85008,M,4661200.0,-144600.0,85
200800018228,8,4,2,815,1,2,1,1,6,85135,M,0.0,0.0,85
200800018229,8,4,30,1400,1,1,1,4,5,72167,M,0.0,0.0,72
200800018230,8,4,2,1700,1,1,1,1,6,72244,M,0.0,0.0,72
200800018231,8,4,17,1200,1,2,1,1,6,72050,M,4798300.0,-23400.0,72
200800018232,8,4,22,2145,5,2,7,1,6,72071,M,0.0,0.0,72
200800018233,8,4,10,1800,1,2,1,1,2,72154,M,4771000.0,-9200.0,72
200800018234,8,4,29,1715,1,1,1,3,1,72346,M,4789800.0,4700.0,72
200800018235,8,4,25,1700,1,1,1,1,6,72339,M,4798100.0,1300.0,72
200800018236,8,4,7,1200,1,2,7,1,6,72346,M,0.0,0.0,72
200800018237,8,4,24,1900,1,2,1,1,6,72023,M,4818100.0,23600.0,72
200800018238,8,4,18,1515,1,1,1,1,1,72358,M,4806000.0,50200.0,72
200800018239,8,4,24,1745,1,1,1,1,6,53133,M,4853700.0,-22600.0,53
200800018240,8,4,21,1700,1,1,1,1,3,53208,M,4844100.0,-20900.0,53
200800018241,8,4,15,745,2,1,1,5,5,53080,M,0.0,0.0,53
200800018242,8,4,26,430,3,1,9,1,6,53072,M,4824600.0,-61900.0,53
200800018243,8,4,22,645,2,1,1,2,5,53084,M,0.0,0.0,53
200800018244,8,4,23,1515,1,1,1,1,2,85019,M,4675600.0,-143000.0,85
200800018245,8,4,18,1515,1,1,1,1,6,53010,M,4815400.0,-30400.0,53
200800018246,8,4,11,2145,3,2,1,1,6,53001,M,4803400.0,-91000.0,53
200800018247,8,4,13,1200,1,1,1,1,1,49266,M,4745800.0,-79100.0,49
200800018248,8,4,12,1845,1,2,1,1,6,49364,M,0.0,0.0,49
200800018249,8,4,6,315,3,1,1,1,6,49362,M,0.0,0.0,49
200800018250,8,4,1,1030,1,1,1,2,1,49100,M,4720900.0,-20200.0,49
200800018251,8,4,28,2300,3,1,1,1,6,49002,M,4730900.0,-2900.0,49
200800018252,8,4,26,1430,1,1,1,1,6,49279,M,4735500.0,-29200.0,49
200800018253,8,4,22,1230,1,1,3,1,3,49261,M,4739300.0,-21200.0,49
200800018254,8,4,13,830,2,1,1,2,6,49180,M,4743500.0,-12300.0,49
200800018255,8,4,16,1345,1,1,2,1,3,49150,M,4755100.0,6800.0,49
200800018256,8,4,14,1830,1,1,1,1,7,49175,M,4745200.0,7800.0,49
200800018257,8,4,14,1900,1,1,1,1,7,49031,M,0.0,0.0,49
200800018258,8,4,5,2015,1,1,1,1,7,49137,M,4724400.0,-105900.0,49
200800018259,8,4,4,1945,2,1,1,1,7,49349,M,4714600.0,-119600.0,49
200800018260,8,4,26,315,3,1,1,1,6,49151,M,4717000.0,-113200.0,49
200800018261,8,4,23,715,2,1,1,2,5,49239,M,4725300.0,-91100.0,49
200800018262,8,4,12,2215,3,1,1,1,7,49163,M,0.0,0.0,49
200800018263,8,4,21,1800,1,1,2,2,2,49212,M,4739200.0,-90500.0,49
200800018264,8,4,29,2300,3,1,1,2,1,49032,M,0.0,0.0,49
200800018265,8,4,2,1900,1,1,1,7,3,53088,M,4798100.0,-110000.0,53
200800018266,8,4,17,1830,1,1,1,3,7,49050,M,4728500.0,-48100.0,49
200800018267,8,4,15,1815,1,1,5,1,3,49050,M,4733800.0,-44000.0,49
200800018268,8,4,4,1730,1,2,1,1,7,49134,M,4729400.0,-51900.0,49
200800018269,8,4,20,1900,1,1,6,1,7,49194,M,4745800.0,-27600.0,49
200800018270,8,4,19,1515,1,1,1,1,3,44158,M,4728500.0,-176400.0,44
200800018271,8,4,13,1600,1,2,1,8,1,44068,M,0.0,0.0,44
200800018272,8,4,10,1930,1,2,1,1,6,44189,M,0.0,0.0,44
200800018273,8,4,6,1400,1,1,1,1,6,44068,M,4748000.0,-186000.0,44
200800018274,8,4,19,1715,1,2,6,1,3,44210,M,0.0,0.0,44
200800018275,8,4,20,730,1,1,1,2,3,44069,M,0.0,0.0,44
200800018276,8,4,27,315,3,1,1,1,6,44061,M,0.0,0.0,44
200800018277,8,4,6,1400,1,2,6,2,3,44154,M,4726600.0,-216600.0,44
200800018278,8,4,25,1945,1,1,1,1,1,44131,M,0.0,0.0,44
200800018279,8,4,20,1600,1,2,1,2,2,44110,M,0.0,0.0,44
200800018280,8,4,4,1030,1,1,1,1,6,44110,M,4743100.0,-148300.0,44
200800018281,8,4,6,1130,1,1,1,1,1,44123,M,4767900.0,-176600.0,44
200800018282,8,4,30,1815,1,2,1,1,1,44199,M,4774200.0,-130300.0,44
200800018283,8,4,27,1215,1,2,1,1,3,44036,M,4771700.0,-137700.0,44
200800018284,8,4,23,2245,3,2,1,1,6,44048,M,4739300.0,-129300.0,44
200800018285,8,4,3,1800,1,1,1,1,2,49323,M,0.0,0.0,49
200800018286,8,4,21,1530,1,2,6,3,3,44084,M,0.0,0.0,44
200800018287,8,4,3,715,3,1,1,1,1,44141,M,4721800.0,-130500.0,44
200800018288,8,4,25,30,4,2,1,1,4,44223,M,0.0,0.0,44
200800018289,8,4,5,200,5,2,1,1,6,44043,M,0.0,0.0,44
200800018290,8,4,15,2145,5,2,1,1,3,44026,M,0.0,0.0,44
200800018291,8,4,24,1545,1,1,1,1,1,44172,M,0.0,0.0,44
200800018292,8,4,19,1400,1,1,1,1,1,61432,M,0.0,0.0,61
200800018293,8,4,10,700,1,1,1,1,7,61008,M,0.0,0.0,61
200800018294,8,4,30,2130,5,2,1,1,6,61099,M,0.0,0.0,61
200800018295,8,4,22,2015,1,1,1,1,1,61450,M,0.0,0.0,61
200800018296,8,4,10,945,1,1,6,1,6,61130,M,0.0,0.0,61
200800018297,8,4,4,1600,1,2,1,1,3,61293,M,0.0,0.0,61
200800018298,8,4,27,1315,1,1,1,1,1,61148,M,0.0,0.0,61
200800018299,8,4,20,2200,3,1,1,2,6,61287,M,0.0,0.0,61
200800018300,8,4,28,1930,1,1,1,1,4,61033,M,0.0,0.0,61
200800018301,8,4,25,1815,1,2,7,1,3,61326,M,0.0,0.0,61
200800018302,8,4,11,2030,1,1,1,1,1,61033,M,0.0,0.0,61
200800018303,8,4,12,900,1,1,1,1,3,61102,M,4868500.0,-57900.0,61
200800018304,8,4,1,930,1,1,1,2,6,61102,M,4866500.0,-60600.0,61
200800018305,8,4,4,30,3,1,1,1,1,61464,M,0.0,0.0,61
200800018306,8,4,11,1845,1,1,3,1,3,44207,M,4748100.0,-134600.0,44
200800018307,8,4,19,1245,1,1,1,1,3,50182,M,4917300.0,-151700.0,50
200800018308,8,4,4,1645,1,1,1,1,6,50151,M,4920200.0,-157700.0,50
200800018309,8,4,27,1300,1,1,1,1,6,50569,M,0.0,0.0,50
200800018310,8,4,6,1345,1,1,1,1,6,50215,M,0.0,0.0,50
200800018311,8,4,25,1245,1,2,9,1,7,50178,M,4968700.0,-145600.0,50
200800018312,8,4,25,1015,1,1,1,1,3,50341,M,0.0,0.0,50
200800018313,8,4,2,1945,1,1,1,1,1,50268,M,4952300.0,-132000.0,50
200800018314,8,4,14,1915,2,1,1,1,3,50643,M,4958200.0,-170900.0,50
200800018315,8,4,6,445,3,1,1,1,6,50074,M,4871900.0,-117800.0,50
200800018316,8,4,1,1030,1,2,1,1,6,50410,M,4855900.0,-150900.0,50
200800018317,8,4,30,1900,1,2,1,1,3,50099,M,4930800.0,-124900.0,50
200800018318,8,4,26,1430,1,1,1,1,1,50023,M,4930700.0,-135200.0,50
200800018319,8,4,28,1500,1,2,1,1,5,14174,M,0.0,0.0,14
200800018320,8,4,13,115,3,1,1,1,6,14597,M,0.0,0.0,14
200800018321,8,4,21,745,2,1,1,1,6,14441,M,0.0,0.0,14
200800018322,8,4,17,1530,1,2,1,1,3,14532,M,0.0,0.0,14
200800018323,8,4,6,745,2,1,1,4,7,14227,M,4928100.0,-1200.0,14
200800018324,8,4,5,1815,1,1,1,1,1,14185,M,4931800.0,18600.0,14
200800018325,8,4,24,1745,1,1,1,1,2,14654,M,4903500.0,-2500.0,14