Num_Acc,an,mois,jour,hrmn,lum,agg,int,atm,col,com,gps,lat,long,dep
200800018326,8,4,13,530,2,1,1,1,1,14360,M,4891300.0,-30400.0,14
200800018327,8,4,7,715,2,1,1,9,4,50362,M,0.0,0.0,50
200800018328,8,4,29,1400,1,1,2,2,3,56170,M,4814500.0,-339300.0,56
200800018329,8,4,27,1215,1,1,1,1,3,56066,M,4814200.0,-365000.0,56
200800018330,8,4,13,1845,1,1,6,1,1,56066,M,4816100.0,-357800.0,56
200800018331,8,4,20,1730,1,2,9,1,1,56141,M,4784200.0,-287000.0,56
200800018332,8,4,14,1715,1,2,1,1,6,56117,M,4789200.0,-284100.0,56
200800018333,8,4,2,900,1,1,1,1,1,56222,M,0.0,0.0,56
200800018334,8,4,6,1415,1,1,1,1,3,56119,M,4774300.0,-312300.0,56
200800018335,8,4,6,1030,1,2,1,1,6,56055,M,4766100.0,-319500.0,56
200800018336,8,4,5,945,1,1,1,1,1,56161,M,0.0,0.0,56
200800018337,8,4,2,845,1,1,1,1,1,56161,M,4767000.0,-303900.0,56
200800018338,8,4,27,1715,1,1,4,1,3,56036,M,4780600.0,-334200.0,56
200800018339,8,4,23,1315,1,1,1,1,6,56229,M,0.0,0.0,56
200800018340,8,4,18,145,3,1,1,2,6,56003,M,0.0,0.0,56
200800018341,8,4,5,830,1,1,1,1,3,56008,M,0.0,0.0,56
200800018342,8,4,24,1900,1,1,1,7,3,29030,M,4866500.0,-409000.0,29
200800018343,8,4,4,2315,3,1,1,1,6,29279,M,0.0,0.0,29
200800018344,8,4,2,1045,1,1,1,1,5,29259,M,0.0,0.0,29
200800018345,8,4,20,15,3,1,1,1,7,29264,M,4850600.0,-417300.0,29
200800018346,8,4,17,945,1,2,1,1,1,29266,M,4852600.0,-394600.0,29
200800018347,8,4,25,2215,3,1,6,1,6,29120,M,0.0,0.0,29
200800018348,8,4,15,1145,1,1,1,1,1,14445,M,0.0,0.0,14
200800018349,8,4,22,1500,1,1,1,1,1,29026,M,4818700.0,-409900.0,29
200800018350,8,4,12,1145,1,1,1,8,6,29240,M,4828500.0,-424400.0,29
200800018351,8,4,28,1645,1,1,1,1,3,29149,M,4847900.0,-456600.0,29
200800018352,8,4,21,1600,1,1,1,2,3,29237,M,4846800.0,-419800.0,29
200800018353,8,4,9,1715,1,2,1,1,6,29103,M,4845500.0,-424700.0,29
200800018354,8,4,25,1000,1,2,1,1,1,29235,M,4840100.0,-439300.0,29
200800018355,8,4,5,845,1,1,1,1,3,29075,M,4843800.0,-435800.0,29
200800018356,8,4,30,2330,5,2,1,2,1,29158,M,0.0,0.0,29
200800018357,8,4,10,2115,2,1,1,1,3,29037,M,0.0,0.0,29
200800018358,8,4,22,1800,1,2,1,1,6,29247,M,0.0,0.0,29
200800018359,8,4,19,1715,1,1,2,1,3,29169,M,4805600.0,-413100.0,29
200800018360,8,4,12,145,3,2,1,2,6,29215,M,,,29
200800018361,8,4,1,1100,1,1,1,8,6,29143,M,4804000.0,-445600.0,29
200800018362,8,4,30,2145,3,1,1,2,6,22061,M,0.0,0.0,22
200800018363,8,4,24,1415,1,1,2,7,3,22183,M,4817500.0,-259900.0,22
200800018364,8,4,5,930,1,1,1,5,3,22066,M,4833600.0,-248700.0,22
200800018365,8,4,13,1700,1,2,1,1,1,22172,M,0.0,0.0,22
200800018366,8,4,2,1900,1,1,1,1,2,22190,M,0.0,0.0,22
200800018367,8,4,21,1600,1,2,1,1,1,22339,M,0.0,0.0,22
200800018368,8,4,20,1630,1,1,2,1,4,22008,M,4842100.0,-208800.0,22
200800018369,8,4,4,1900,1,2,1,1,6,29042,M,0.0,0.0,29
200800018370,8,4,15,1645,1,1,2,1,3,22173,M,0.0,0.0,22
200800018371,8,4,14,800,1,1,1,1,6,22389,M,0.0,0.0,22
200800018372,8,4,11,1230,1,1,1,1,2,22054,M,0.0,0.0,22
200800018373,8,4,11,1000,1,1,2,1,3,22242,M,0.0,0.0,22
200800018374,8,4,6,530,5,2,6,1,6,22389,M,4849000.0,-267600.0,22
200800018375,8,4,5,1900,1,1,1,1,3,22275,M,4814800.0,-269900.0,22
200800018376,8,4,5,645,3,1,6,1,6,22080,M,0.0,0.0,22
200800018377,8,4,28,1015,1,2,6,2,6,22121,M,0.0,0.0,22
200800018378,8,4,29,1500,1,1,2,8,3,35041,M,4795200.0,-156700.0,35
200800018379,8,4,11,1645,1,2,1,1,6,35125,M,4794200.0,-123100.0,35
200800018380,8,4,24,1400,1,1,1,1,2,35161,M,0.0,0.0,35
200800018381,8,4,16,1000,1,1,1,1,1,35006,M,4809100.0,-111300.0,35
200800018382,8,4,18,1330,1,1,1,1,7,35246,M,4855200.0,-180900.0,35
200800018383,8,4,22,1730,1,1,2,1,3,35306,M,0.0,0.0,35
200800018384,8,4,6,1845,1,1,1,1,6,35308,M,0.0,0.0,35
200800018385,8,4,3,1530,1,1,1,1,7,35224,M,4855000.0,-184600.0,35
200800018386,8,4,19,1900,1,2,1,1,6,35129,M,4782600.0,-183600.0,35
200800018387,8,4,19,1845,1,1,1,1,7,35033,M,0.0,0.0,35
200800018388,8,4,13,1100,1,1,1,1,7,35219,M,0.0,0.0,35
200800018389,8,4,5,645,3,1,1,5,2,35285,M,0.0,0.0,35
200800018390,8,4,6,1530,1,1,1,1,3,22259,M,4845000.0,-209000.0,22
200800018391,8,4,19,1330,1,2,6,1,3,35253,M,0.0,0.0,35
200800018392,8,4,11,930,1,1,1,1,2,35257,M,0.0,0.0,35
200800018393,8,4,10,1215,1,1,1,1,3,35121,M,0.0,0.0,35
200800018394,8,4,15,1645,1,1,1,1,3,35243,M,0.0,0.0,35
200800018395,8,4,1,15,3,1,1,1,7,35142,M,0.0,0.0,35
200800018396,8,4,24,500,3,1,1,1,6,35196,M,0.0,0.0,35
200800018397,8,4,10,2300,5,2,1,1,6,35240,M,0.0,0.0,35
200800018398,8,4,13,1515,1,1,1,4,7,35223,M,0.0,0.0,35
200800018399,8,4,20,1200,1,1,1,1,7,35302,M,4817500.0,-216100.0,35
200800018400,8,4,11,200,1,1,1,1,1,35094,M,4835300.0,-172000.0,35
200800018401,8,4,11,845,1,2,1,7,6,35177,M,4822300.0,-175300.0,35
200800018402,8,4,15,2100,1,2,1,1,1,27340,M,0.0,0.0,27
200800018403,8,4,1,900,1,1,1,1,1,27133,M,0.0,0.0,27
200800018404,8,4,10,2000,1,1,1,1,7,27384,M,0.0,0.0,27
200800018405,8,4,10,1730,1,2,1,1,6,27022,M,0.0,0.0,27
200800018406,8,4,6,815,1,1,1,1,6,27444,M,0.0,0.0,27
200800018407,8,4,28,1915,1,2,1,1,3,27547,M,4905800.0,41700.0,27
200800018408,8,4,25,1815,1,1,1,1,6,27414,M,4897000.0,47800.0,27
200800018409,8,4,17,1030,1,1,1,1,1,27516,M,0.0,0.0,27
200800018410,8,4,5,1700,1,1,1,1,3,27398,M,4909700.0,65100.0,27
200800018411,8,4,5,715,2,1,1,5,7,35176,M,0.0,0.0,35
200800018412,8,4,4,1045,1,2,1,1,3,27284,M,0.0,0.0,27
200800018413,8,4,25,300,3,1,1,1,7,27644,M,4914100.0,152300.0,27
200800018414,8,4,27,1845,1,1,1,1,7,27696,M,0.0,0.0,27
200800018415,8,4,26,1030,1,1,6,1,1,27378,M,4877500.0,121600.0,27
200800018416,8,4,8,1800,1,2,1,1,1,27548,M,4877400.0,124500.0,27
200800018417,8,4,5,1930,1,1,1,1,1,27548,M,4877500.0,124900.0,27
200800018418,8,4,4,2000,2,2,1,1,6,27027,M,0.0,0.0,27
200800018419,8,4,25,1745,1,2,1,7,3,27439,M,4906900.0,117700.0,27
200800018420,8,4,5,1715,1,1,1,1,1,27235,M,4901600.0,93300.0,27
200800018421,8,4,7,1530,1,1,2,1,3,76387,M,4971500.0,88800.0,76
200800018422,8,4,25,1530,1,1,1,1,6,76151,M,4983500.0,73800.0,76
200800018423,8,4,11,1815,1,1,1,1,6,76135,M,0.0,0.0,76
200800018424,8,4,13,1430,1,2,1,1,3,76758,M,4962500.0,74900.0,76
200800018425,8,4,26,700,2,2,1,1,6,76260,M,4947800.0,174700.0,76
200800018426,8,4,27,1200,1,1,3,1,3,76678,M,4964000.0,145400.0,76
200800018427,8,4,29,1715,1,1,1,2,6,76516,M,0.0,0.0,76
200800018428,8,4,19,1545,1,1,2,1,1,76476,M,4956500.0,58300.0,76
200800018429,8,4,26,1645,1,1,1,1,3,76222,M,0.0,0.0,76
200800018430,8,4,25,1330,1,1,1,1,6,76285,M,4941600.0,130000.0,76
200800018431,8,4,16,1400,1,1,3,1,5,76081,M,0.0,0.0,76
200800018432,8,4,13,1930,1,1,9,3,1,27045,M,0.0,0.0,27
200800018433,8,4,6,1100,1,1,1,2,1,76367,M,0.0,0.0,76
200800018434,8,4,29,530,2,1,1,1,1,60489,M,0.0,0.0,60
200800018435,8,4,20,915,1,1,1,1,1,60489,M,0.0,0.0,60
200800018436,8,4,4,2000,3,1,1,8,3,60176,M,4924400.0,288200.0,60
200800018437,8,4,11,2130,3,2,1,1,6,60238,M,4927400.0,258900.0,60
200800018438,8,4,26,1000,1,2,1,1,6,60612,M,4921000.0,257100.0,60
200800018439,8,4,5,2245,5,2,2,1,6,60612,M,4921100.0,260000.0,60
200800018440,8,4,20,2145,5,2,1,1,6,57600,M,0.0,0.0,57
200800018441,8,4,24,1545,1,2,1,1,1,60151,M,4944200.0,287900.0,60
200800018442,8,4,5,2015,3,1,1,1,1,60534,M,4943000.0,292800.0,60
200800018443,8,4,28,1745,1,1,1,1,6,60116,M,4933400.0,234800.0,60
200800018444,8,4,27,830,1,2,1,1,3,60130,M,4937700.0,251100.0,60
200800018445,8,4,14,1800,1,2,1,1,1,60104,M,4964000.0,229300.0,60
200800018446,8,4,16,915,1,2,1,1,6,60462,M,0.0,0.0,60
200800018447,8,4,26,1415,1,2,1,1,1,60218,M,0.0,0.0,60
200800018448,8,4,25,430,3,2,1,1,6,60088,M,0.0,0.0,60
200800018449,8,4,24,1200,1,1,1,1,3,60010,M,0.0,0.0,60
200800018450,8,4,19,400,3,2,1,2,6,60088,M,0.0,0.0,60
200800018451,8,4,30,1015,1,2,1,8,1,60211,M,4932500.0,177500.0,60
200800018452,8,4,13,1915,1,1,1,1,6,76562,M,0.0,0.0,76
200800018453,8,4,29,1945,1,2,1,3,1,60644,M,0.0,0.0,60
200800018454,8,4,23,830,1,1,1,5,1,60256,M,0.0,0.0,60
200800018455,8,4,18,1630,1,2,1,1,2,60678,M,0.0,0.0,60
200800018456,8,4,17,1600,1,1,1,1,3,60228,M,0.0,0.0,60
200800018457,8,4,7,1345,1,2,1,1,6,60512,M,0.0,0.0,60
200800018458,8,4,5,1415,1,1,1,2,7,60209,M,0.0,0.0,60
200800018459,8,4,16,2200,5,2,1,1,1,60029,M,4937600.0,199000.0,60
200800018460,8,4,14,1700,3,1,1,2,6,60030,M,0.0,0.0,60
200800018461,8,4,13,1145,1,2,2,1,3,60319,M,4935900.0,194300.0,60
200800018462,8,4,7,1830,1,1,1,8,6,60577,M,0.0,0.0,60
200800018463,8,4,29,2015,2,2,1,3,6,02435,M,4983000.0,422000.0,02
200800018464,8,4,28,1615,1,2,1,1,3,02275,M,0.0,0.0,02
200800018465,8,4,13,1330,1,2,1,1,6,02666,M,0.0,0.0,02
200800018466,8,4,12,1715,1,2,1,1,1,02822,M,4930500.0,310300.0,02
200800018467,8,4,30,1140,1,1,1,1,1,02152,M,4932500.0,352900.0,02
200800018468,8,4,20,2015,1,2,1,1,3,02648,M,4980200.0,345500.0,02
200800018469,8,4,17,745,1,1,1,1,6,02640,M,4973700.0,346200.0,02
200800018470,8,4,14,1815,1,1,1,1,1,02592,M,4982300.0,357900.0,02
200800018471,8,4,22,745,1,1,1,1,3,02063,M,4992500.0,325400.0,02
200800018472,8,4,29,2100,1,2,9,3,3,60211,M,0.0,0.0,60
200800018473,8,4,7,1045,1,2,1,1,1,02057,M,5000200.0,331100.0,02
200800018474,8,4,30,2200,3,2,1,1,6,02307,M,4918000.0,312500.0,02
200800018475,8,4,26,1915,1,1,1,1,1,02217,M,0.0,0.0,02
200800018476,8,4,19,415,3,1,1,1,6,02461,M,0.0,0.0,02
200800018477,8,4,3,1230,1,2,1,1,1,02680,M,0.0,0.0,02
200800018478,8,4,27,815,1,1,1,1,7,02128,M,4953000.0,367000.0,02
200800018479,8,4,16,1000,1,2,1,1,3,02468,M,0.0,0.0,02
200800018480,8,4,16,1610,1,1,1,1,3,02238,M,4961600.0,348600.0,02
200800018481,8,4,15,1645,1,1,1,1,6,02238,M,4961600.0,348100.0,02
200800018482,8,4,14,1910,1,1,1,1,7,02821,M,4962900.0,355800.0,02
200800018483,8,4,20,530,3,1,1,1,6,80807,M,0.0,0.0,80
200800018484,8,4,29,1845,1,1,1,1,5,80640,M,0.0,0.0,80
200800018485,8,4,16,700,1,2,1,1,3,80557,M,4988100.0,299300.0,80
200800018486,8,4,27,230,3,1,1,1,3,80064,M,0.0,0.0,80
200800018487,8,4,16,1045,1,1,1,1,7,80390,M,4970800.0,244100.0,80
200800018488,8,4,4,1545,1,1,1,1,3,80010,M,0.0,0.0,80
200800018489,8,4,11,2030,1,1,1,1,6,80685,M,0.0,0.0,80
200800018490,8,4,8,1845,1,2,9,1,1,80101,M,0.0,0.0,80
200800018491,8,4,12,2015,2,1,1,9,6,80408,M,5005000.0,222400.0,80
200800018492,8,4,21,1300,1,1,1,1,1,02291,M,4996600.0,328000.0,02
200800018493,8,4,20,1945,1,1,1,1,7,80290,M,5025200.0,193500.0,80
200800018494,8,4,18,530,3,2,1,1,7,80518,M,,,80
200800018495,8,4,17,1130,1,1,1,1,6,80029,M,0.0,0.0,80
200800018496,8,4,3,1415,1,1,1,1,6,80146,M,5014400.0,152200.0,80
200800018497,8,4,27,1500,1,1,1,1,6,80562,M,0.0,0.0,80
200800018498,8,4,14,945,1,2,1,1,1,80011,M,4992700.0,220600.0,80
200800018499,8,4,17,45,3,1,6,1,7,80024,M,4994200.0,224200.0,80
200800018500,8,4,27,1845,1,1,1,1,3,80583,M,4979400.0,220900.0,80
200800018501,8,4,13,245,3,1,1,1,7,80577,M,0.0,0.0,80
200800018502,8,4,7,1445,1,1,1,1,7,80114,M,4974300.0,220100.0,80
200800018503,8,4,14,1715,1,1,1,1,2,80703,M,0.0,0.0,80
200800018504,8,4,29,830,1,2,1,2,6,62361,M,0.0,0.0,62
200800018505,8,4,21,1345,1,1,1,1,3,62060,M,5025100.0,216600.0,62
200800018506,8,4,22,1645,1,2,1,1,3,62232,M,0.0,0.0,62
200800018507,8,4,21,645,1,1,1,1,7,62607,M,0.0,0.0,62
200800018508,8,4,8,1245,1,1,1,1,3,62069,M,0.0,0.0,62
200800018509,8,4,5,315,5,2,1,1,6,62581,M,0.0,0.0,62
200800018510,8,4,24,1400,1,2,1,1,6,62534,M,5071400.0,213300.0,62
200800018511,8,4,13,215,3,2,1,1,6,62730,M,5085300.0,219300.0,62
200800018512,8,4,5,1230,1,2,2,1,3,62057,M,5088200.0,208200.0,62
200800018513,8,4,27,1900,1,1,1,1,3,80133,M,0.0,0.0,80
200800018514,8,4,29,1430,1,1,1,1,3,62354,M,0.0,0.0,62
200800018515,8,4,3,1200,1,2,1,7,6,62397,M,5087500.0,187300.0,62
200800018516,8,4,2,1230,1,1,1,1,2,62031,M,5086000.0,190700.0,62
200800018517,8,4,16,1400,1,2,1,1,6,62300,M,0.0,0.0,62
200800018518,8,4,19,1800,1,2,1,1,1,62444,M,0.0,0.0,62
200800018519,8,4,25,1600,1,2,1,1,2,62896,M,5068500.0,176200.0,62
200800018520,8,4,7,1515,1,2,1,1,1,62502,M,5062500.0,270700.0,62
200800018521,8,4,25,2300,3,1,1,1,6,62454,M,5056000.0,260900.0,62
200800018522,8,4,19,1815,1,2,1,1,2,62770,M,0.0,0.0,62
200800018523,8,4,30,1800,1,2,1,2,1,62583,M,0.0,0.0,62
200800018524,8,4,8,1430,1,1,1,1,1,59571,M,0.0,0.0,59
200800018525,8,4,13,415,5,2,1,2,3,59413,M,0.0,0.0,59
200800018526,8,4,8,1430,1,2,1,1,6,59139,M,5012100.0,339200.0,59
200800018527,8,4,4,1100,1,2,1,1,2,59430,M,5014600.0,352200.0,59
200800018528,8,4,16,1700,1,2,1,1,3,59593,M,5020500.0,327800.0,59
200800018529,8,4,6,230,3,1,1,1,7,59583,M,5013400.0,382600.0,59
200800018530,8,4,3,1045,1,2,1,1,3,59092,M,5028600.0,331900.0,59
200800018531,8,4,30,945,1,2,1,1,2,59580,M,5081200.0,258300.0,59
200800018532,8,4,4,1815,1,2,1,1,1,59400,M,0.0,0.0,59
200800018533,8,4,11,2045,5,2,1,1,1,59212,M,5064100.0,270900.0,59
200800018534,8,4,26,1845,1,2,1,1,5,62038,M,5087600.0,198200.0,62
200800018535,8,4,26,2000,2,1,1,1,7,59237,M,5075500.0,265300.0,59
200800018536,8,4,14,1900,1,1,1,1,3,59120,M,0.0,0.0,59
200800018537,8,4,30,745,1,1,1,1,6,59210,M,5088900.0,244400.0,59
200800018538,8,4,20,1130,1,1,2,1,3,59338,M,5086900.0,242300.0,59
200800018539,8,4,11,1500,1,1,1,1,1,59663,M,5086200.0,249500.0,59
200800018540,8,4,26,1245,1,1,1,1,5,59404,M,5101000.0,255100.0,59
200800018541,8,4,5,1115,1,1,1,1,1,59532,M,5098100.0,221500.0,59
200800018542,8,4,18,1815,1,1,9,1,3,59034,M,0.0,0.0,59
200800018543,8,4,30,1845,1,2,1,1,1,59278,M,0.0,0.0,59
200800018544,8,4,29,830,1,2,1,1,6,59051,M,5053700.0,280600.0,59
200800018545,8,4,10,1645,1,2,1,1,1,59303,M,0.0,0.0,59
200800018546,8,4,5,1615,1,2,1,1,1,59524,M,5056300.0,290300.0,59
200800018547,8,4,1,2000,1,1,1,1,6,59581,M,5068200.0,280200.0,59
200800018548,8,4,2,1830,1,2,1,2,1,93005,M,,,93
200800018549,8,4,4,2220,5,2,6,1,7,93005,M,,,93
200800018550,8,4,7,2345,5,2,1,1,3,93005,M,,,93
200800018551,8,4,12,2315,5,2,4,1,3,93005,M,,,93
200800018552,8,4,17,1840,1,2,1,1,1,93005,M,,,93
200800018553,8,4,23,1950,1,2,1,1,6,93005,M,,,93
200800018554,8,4,24,1635,1,2,3,1,6,93005,M,,,93
200800018555,8,4,25,2220,5,2,1,1,2,93005,M,,,93
200800018556,8,4,30,1022,1,2,4,3,3,93005,M,,,93
200800018557,8,4,2,1440,1,2,2,1,3,59383,M,,,59
200800018558,8,4,20,205,3,2,3,1,6,77243,M,,,77
200800018559,8,4,4,1300,1,2,1,1,6,80001,M,,,80
200800018560,8,4,15,1215,1,2,2,1,1,80001,M,,,80
200800018561,8,4,5,1955,5,2,1,2,3,88383,M,,,88
200800018562,8,4,15,2020,4,2,2,1,6,92004,M,,,92
200800018563,8,4,16,1745,1,2,3,2,6,92004,M,,,92
200800018564,8,4,17,1130,1,2,2,1,3,92004,M,,,92
200800018565,8,4,17,1300,1,2,1,1,2,92004,M,,,92
200800018566,8,4,20,1315,1,2,1,2,6,92004,M,,,92
200800018567,8,4,20,35,5,2,2,2,1,92004,M,,,92
200800018568,8,4,21,1900,1,2,3,1,6,92004,M,,,92
200800018569,8,4,27,1120,1,2,2,1,3,92004,M,,,92
200800018570,8,4,28,1905,5,2,4,2,6,92009,M,,,92
200800018571,8,4,23,2115,5,2,1,1,1,95257,M,,,95
200800018572,8,4,26,2130,5,2,2,1,1,95306,M,,,95
200800018573,8,4,20,1720,1,2,1,1,7,95585,M,,,95
200800018574,8,4,16,1930,1,2,3,1,1,95680,M,,,95
200800018575,8,4,18,2020,1,2,1,3,7,95680,M,,,95
200800018576,8,4,11,1430,1,2,3,1,7,95585,M,,,95
200800018577,8,4,4,1835,1,2,1,1,7,95585,M,,,95
200800018578,8,4,18,835,1,2,1,1,3,14079,M,,,14
200800018579,8,4,2,1900,1,2,1,1,3,31557,M,,,31
200800018580,8,4,3,850,1,2,1,1,3,31557,M,,,31
200800018581,8,4,12,225,5,2,6,1,6,31557,M,,,31
200800018582,8,4,20,520,5,2,3,1,6,31557,M,,,31
200800018583,8,4,25,1115,1,2,6,1,2,31557,M,,,31
200800018584,8,4,7,1820,1,2,1,1,3,47001,M,,,47
200800018585,8,4,18,841,1,2,3,1,3,47032,M,,,47
200800018586,8,4,18,1610,1,2,1,1,6,47001,M,,,47
200800018587,8,4,21,1950,1,2,3,2,3,47001,M,,,47
200800018588,8,4,22,1855,1,2,1,1,3,47001,M,,,47
200800018589,8,4,28,1815,1,2,1,2,6,47001,M,,,47
200800018590,8,4,1,2225,3,1,1,1,6,76451,M,,,76
200800018591,8,4,2,845,1,2,1,1,2,76540,M,,,76
200800018592,8,4,3,1345,1,2,1,1,3,76540,M,,,76
200800018593,8,4,5,515,5,2,1,2,2,76540,M,,,76
200800018594,8,4,4,1415,1,1,1,1,4,76540,M,,,76
200800018595,8,4,6,505,5,2,3,2,6,76497,M,,,76
200800018596,8,4,4,1530,1,2,3,1,6,76575,M,,,76
200800018597,8,4,8,1130,1,2,1,1,2,76575,M,,,76
200800018598,8,4,7,1400,1,2,1,1,6,76540,M,,,76
200800018599,8,4,10,1355,1,1,1,1,6,76497,M,,,76
200800018600,8,4,11,2115,5,2,1,1,1,76451,M,,,76
200800018601,8,4,11,1700,1,2,3,1,3,76131,M,,,76
200800018602,8,4,11,2020,1,2,1,9,4,76540,M,,,76
200800018603,8,4,11,2010,1,1,1,1,7,76157,M,,,76
200800018604,8,4,14,1200,1,1,1,1,2,76681,M,,,76
200800018605,8,4,15,1545,1,2,1,1,6,76157,M,,,76
200800018606,8,4,16,1455,1,2,3,1,3,76540,M,,,76
200800018607,8,4,16,2347,5,2,2,1,3,76540,M,,,76
200800018608,8,4,16,1610,1,2,1,1,6,76410,M,,,76
200800018609,8,4,17,1545,1,2,1,1,6,76157,M,,,76
200800018610,8,4,17,1830,1,2,3,1,3,76540,M,,,76
200800018611,8,4,20,1215,1,2,1,1,6,76216,M,,,76
200800018612,8,4,19,2330,5,2,1,2,6,76322,M,,,76
200800018613,8,4,19,1845,1,2,1,2,7,76322,M,,,76
200800018614,8,4,19,1400,1,2,1,1,6,76497,M,,,76
200800018615,8,4,24,2240,5,2,1,1,2,76540,M,,,76
200800018616,8,4,24,1420,1,2,3,1,6,76540,M,,,76
200800018617,8,4,28,230,5,1,1,1,7,76540,M,,,76
200800018618,8,4,25,830,1,2,1,1,4,76540,M,,,76
200800018619,8,4,26,1800,1,2,2,1,6,76319,M,,,76
200800018620,8,4,28,1710,1,2,1,8,6,76212,M,,,76
200800018621,8,4,28,1915,1,2,3,1,3,76681,M,,,76
200800018622,8,4,29,1605,1,2,1,3,3,76216,M,,,76
200800018623,8,4,29,1415,1,2,1,3,6,76451,M,,,76
200800018624,8,4,2,1700,1,2,1,2,6,77131,M,,,77
200800018625,8,4,11,1720,1,2,1,1,6,77320,M,,,77
200800018626,8,4,15,1740,1,2,1,1,1,77320,M,,,77
200800018627,8,4,20,55,3,1,1,1,6,77013,M,,,77
200800018628,8,4,18,1630,1,2,1,1,6,81163,M,,,81
200800018629,8,4,27,1850,1,2,1,1,7,81021,M,,,81
200800018630,8,4,11,1640,1,2,4,1,6,93027,M,,,93
200800018631,8,4,9,1530,1,2,4,1,6,93013,M,,,93
200800018632,8,4,3,1430,1,2,1,1,2,93013,M,,,93
200800018633,8,4,4,1210,1,2,1,1,3,93027,M,,,93
200800018634,8,4,4,1410,1,2,2,1,3,93013,M,,,93
200800018635,8,4,6,1550,1,2,1,8,2,93027,M,,,93
200800018636,8,4,13,2140,3,2,2,2,3,93027,M,,,93
200800018637,8,4,18,1215,1,2,1,1,5,93027,M,,,93
200800018638,8,4,20,1821,1,2,1,8,3,93030,M,,,93
200800018639,8,4,21,1145,1,1,1,2,5,93013,M,,,93
200800018640,8,4,22,1830,1,2,2,1,1,93027,M,,,93
200800018641,8,4,17,1300,1,2,1,1,6,95268,M,,,95
200800018642,8,4,18,1645,1,2,2,1,3,21054,M,,,21
200800018643,8,4,20,1930,1,2,4,1,3,21054,M,,,21
200800018644,8,4,17,1732,1,2,3,3,7,21054,M,,,21
200800018645,8,4,1,1730,1,2,1,1,6,30028,M,,,30
200800018646,8,4,4,1525,1,2,1,1,6,30028,M,,,30
200800018647,8,4,5,335,5,2,1,1,6,30028,M,,,30
200800018648,8,4,12,1150,1,2,1,1,1,30028,M,,,30
200800018649,8,4,25,1155,1,2,1,1,4,30028,M,,,30
200800018650,8,4,3,840,1,2,2,1,3,30032,M,,,30
200800018651,8,4,10,755,2,1,1,1,7,30032,M,,,30
200800018652,8,4,2,1631,1,2,2,1,3,42127,M,,,42
200800018653,8,4,10,650,2,2,6,2,3,42187,M,,,42
200800018654,8,4,12,1135,1,2,2,1,3,42187,M,,,42
200800018655,8,4,14,1135,1,2,1,2,6,42187,M,,,42
200800018656,8,4,14,2200,4,2,6,2,3,42187,M,,,42
200800018657,8,4,18,755,1,2,3,1,3,42187,M,,,42
200800018658,8,4,19,2000,1,2,3,1,3,42187,M,,,42
200800018659,8,4,22,2230,5,1,3,1,2,42071,M,,,42
200800018660,8,4,24,1535,1,2,2,1,3,42071,M,,,42
200800018661,8,4,26,1540,1,2,1,1,3,42127,M,,,42
200800018662,8,4,10,1630,1,2,2,1,3,62040,M,,,62
200800018663,8,4,30,2305,5,2,2,1,3,78172,M,,,78
200800018664,8,4,18,940,1,2,2,1,3,69382,M,,,69
200800018665,8,4,1,1410,1,2,1,1,7,77118,M,,,77
200800018666,8,4,11,1310,1,1,1,1,2,77118,M,,,77
200800018667,8,4,3,1930,1,2,2,1,3,01053,M,,,01
200800018668,8,4,8,1720,1,1,2,1,3,01289,M,,,01
200800018669,8,4,10,1345,1,2,1,2,6,01053,M,,,01
200800018670,8,4,12,45,5,1,1,1,6,01451,M,,,01
200800018671,8,4,14,2115,5,2,1,1,6,01053,M,,,01
200800018672,8,4,21,930,1,2,3,2,3,01053,M,,,01
200800018673,8,4,22,1215,1,1,1,1,2,01451,M,,,01
200800018674,8,4,22,2100,5,2,1,1,6,01053,M,,,01
200800018675,8,4,26,650,2,2,1,1,6,01053,M,,,01
200800018676,8,4,27,2010,5,2,1,1,6,01053,M,,,01
200800018677,8,4,10,1340,1,2,2,1,3,01283,M,,,01
200800018678,8,4,18,1435,1,2,1,1,3,02168,M,,,02
200800018679,8,4,2,1100,1,2,3,1,6,02691,M,,,02
200800018680,8,4,2,1700,1,2,2,1,3,02691,M,,,02
200800018681,8,4,4,840,1,2,1,1,6,02691,M,,,02
200800018682,8,4,9,1410,1,2,1,1,6,02691,M,,,02
200800018683,8,4,30,1915,1,2,1,8,1,02691,M,,,02
200800018684,8,4,23,1710,1,2,3,1,3,02691,M,,,02
200800018685,8,4,3,1410,1,2,2,1,3,02722,M,,,02
200800018686,8,4,22,445,3,1,1,1,3,02805,M,,,02
200800018687,8,4,10,1729,1,2,2,1,3,02258,M,,,02
200800018688,8,4,14,1400,1,1,1,2,6,02258,M,,,02
200800018689,8,4,11,1120,1,1,1,8,1,03140,M,,,03
200800018690,8,4,12,40,5,2,1,1,6,03101,M,,,03
200800018691,8,4,20,2120,5,2,3,3,3,03185,M,,,03
200800018692,8,4,30,1815,1,2,1,1,6,03185,M,,,03
200800018693,8,4,4,755,1,2,2,1,3,03190,M,,,03
200800018694,8,4,27,10,5,2,1,1,6,03190,M,,,03
200800018695,8,4,5,20,5,2,1,1,6,03095,M,,,03
200800018696,8,4,7,1740,1,2,4,1,2,03023,M,,,03
200800018697,8,4,11,2015,2,2,1,1,6,03023,M,,,03
200800018698,8,4,16,1440,1,2,1,1,6,03023,M,,,03
200800018699,8,4,18,1515,1,2,1,2,6,03310,M,,,03