Num_Acc,an,mois,jour,hrmn,lum,agg,int,atm,col,com,gps,lat,long,dep
200800018700,8,4,25,1750,1,2,4,1,3,03310,M,,,03
200800018701,8,4,3,2210,5,2,6,1,3,04070,M,,,04
200800018702,8,4,1,1410,1,2,3,1,3,05023,M,,,05
200800018703,8,4,21,1359,1,2,1,2,6,05061,M,,,05
200800018704,8,4,29,1735,1,2,1,7,6,05061,M,,,05
200800018705,8,4,28,1456,1,2,1,1,6,05061,M,,,05
200800018706,8,4,25,1537,1,2,3,1,3,05061,M,,,05
200800018707,8,4,1,850,1,2,1,1,2,06004,M,,,06
200800018708,8,4,1,1355,1,2,1,1,5,06004,M,,,06
200800018709,8,4,5,1355,1,2,1,1,3,06004,M,,,06
200800018710,8,4,3,1415,1,2,1,1,6,06155,M,,,06
200800018711,8,4,5,1410,1,2,3,1,2,06004,M,,,06
200800018712,8,4,5,1640,1,1,3,1,6,06004,M,,,06
200800018713,8,4,11,1110,1,2,1,2,3,06004,M,,,06
200800018714,8,4,19,1225,1,2,1,1,1,06004,M,,,06
200800018715,8,4,26,1405,1,2,3,1,3,06155,M,,,06
200800018716,8,4,26,1210,1,2,1,1,6,06155,M,,,06
200800018717,8,4,27,1730,1,1,1,1,2,06155,M,,,06
200800018718,8,4,29,1750,1,2,1,1,2,06004,M,,,06
200800018719,8,4,29,1835,1,2,3,1,3,06004,M,,,06
200800018720,8,4,30,814,1,2,3,1,3,06004,M,,,06
200800018721,8,4,24,1705,1,2,2,1,3,06004,M,,,06
200800018722,8,4,1,1910,1,2,1,1,2,06027,M,,,06
200800018723,8,4,1,920,1,2,1,1,6,06123,M,,,06
200800018724,8,4,2,900,1,2,1,1,6,06027,M,,,06
200800018725,8,4,2,1700,1,2,1,1,2,06123,M,,,06
200800018726,8,4,7,850,1,2,3,1,3,06027,M,,,06
200800018727,8,4,7,1500,1,2,3,1,3,06027,M,,,06
200800018728,8,4,5,1645,1,2,1,1,7,06027,M,,,06
200800018729,8,4,9,1530,1,2,1,2,4,06027,M,,,06
200800018730,8,4,11,630,2,2,2,1,3,06027,M,,,06
200800018731,8,4,15,1300,1,2,3,1,3,06027,M,,,06
200800018732,8,4,14,1050,1,2,1,1,6,06123,M,,,06
200800018733,8,4,14,1355,1,2,1,1,4,06123,M,,,06
200800018734,8,4,16,1040,1,2,1,1,2,06123,M,,,06
200800018735,8,4,17,1150,1,2,1,1,6,06123,M,,,06
200800018736,8,4,21,1330,1,2,1,1,2,06027,M,,,06
200800018737,8,4,21,2050,4,2,1,1,2,06123,M,,,06
200800018738,8,4,22,815,1,2,1,1,3,06027,M,,,06
200800018739,8,4,22,1610,1,2,1,1,6,06027,M,,,06
200800018740,8,4,22,2000,2,2,3,1,3,06123,M,,,06
200800018741,8,4,25,1720,1,2,3,1,3,06123,M,,,06
200800018742,8,4,25,1750,1,2,1,1,6,06027,M,,,06
200800018743,8,4,25,1025,1,2,1,1,2,06123,M,,,06
200800018744,8,4,27,215,3,2,3,1,3,06123,M,,,06
200800018745,8,4,29,1700,1,2,1,1,2,06027,M,,,06
200800018746,8,4,29,910,1,2,1,1,6,06027,M,,,06
200800018747,8,4,2,1100,1,2,1,1,3,06029,M,,,06
200800018748,8,4,3,959,1,2,1,1,6,06029,M,,,06
200800018749,8,4,3,1710,1,2,1,1,2,06029,M,,,06
200800018750,8,4,4,1357,1,2,1,1,6,06029,M,,,06
200800018751,8,4,4,1115,1,2,1,1,3,06029,M,,,06
200800018752,8,4,6,1300,1,2,1,1,6,06029,M,,,06
200800018753,8,4,7,1330,1,2,1,1,3,06029,M,,,06
200800018754,8,4,7,1820,1,2,1,1,6,06029,M,,,06
200800018755,8,4,8,1255,1,2,4,1,3,06029,M,,,06
200800018756,8,4,12,1700,1,2,1,1,6,06029,M,,,06
200800018757,8,4,12,1359,1,2,1,1,6,06029,M,,,06
200800018758,8,4,12,1830,1,2,1,1,3,06029,M,,,06
200800018759,8,4,13,1633,1,2,1,1,7,06029,M,,,06
200800018760,8,4,11,2240,5,2,1,1,6,06029,M,,,06
200800018761,8,4,15,756,1,2,1,7,1,06029,M,,,06
200800018762,8,4,18,2000,5,2,2,3,3,06029,M,,,06
200800018763,8,4,18,2130,5,2,1,3,2,06029,M,,,06
200800018764,8,4,23,1007,1,2,1,1,2,06029,M,,,06
200800018765,8,4,23,1100,1,2,1,1,3,06029,M,,,06
200800018766,8,4,23,1640,1,2,1,1,3,06029,M,,,06
200800018767,8,4,24,1715,1,2,1,1,6,06029,M,,,06
200800018768,8,4,25,2350,5,2,1,1,2,06029,M,,,06
200800018769,8,4,27,740,1,2,1,1,7,06029,M,,,06
200800018770,8,4,26,230,5,2,1,1,6,06029,M,,,06
200800018771,8,4,27,345,5,2,1,1,6,06029,M,,,06
200800018772,8,4,28,831,1,2,1,1,6,06029,M,,,06
200800018773,8,4,28,1150,1,2,1,1,7,06029,M,,,06
200800018774,8,4,29,1400,1,2,1,1,5,06029,M,,,06
200800018775,8,4,29,1640,1,2,1,1,3,06029,M,,,06
200800018776,8,4,29,1710,1,2,1,1,3,06029,M,,,06
200800018777,8,4,29,2130,5,2,1,1,7,06029,M,,,06
200800018778,8,4,29,1215,1,2,1,1,3,06029,M,,,06
200800018779,8,4,24,1735,1,2,1,1,7,06029,M,,,06
200800018780,8,4,23,1300,1,2,1,1,3,06029,M,,,06
200800018781,8,4,30,1355,1,2,1,1,7,06029,M,,,06
200800018782,8,4,30,2040,5,2,1,1,6,06029,M,,,06
200800018783,8,4,2,1255,1,2,1,1,3,06069,M,,,06
200800018784,8,4,1,2100,5,2,1,1,7,06069,M,,,06
200800018785,8,4,2,920,1,2,1,1,2,06069,M,,,06
200800018786,8,4,2,1005,1,1,1,1,2,06069,M,,,06
200800018787,8,4,3,905,1,2,1,1,7,06069,M,,,06
200800018788,8,4,3,1220,1,2,1,1,3,06069,M,,,06
200800018789,8,4,7,1415,1,2,1,1,2,06069,M,,,06
200800018790,8,4,4,1525,1,2,1,1,7,06069,M,,,06
200800018791,8,4,6,1015,1,2,1,1,7,06069,M,,,06
200800018792,8,4,6,1320,1,2,1,1,3,06069,M,,,06
200800018793,8,4,7,1310,1,2,1,1,2,06069,M,,,06
200800018794,8,4,8,720,1,1,1,1,7,06069,M,,,06
200800018795,8,4,8,1030,1,2,1,2,6,06069,M,,,06
200800018796,8,4,9,1535,1,2,1,3,7,06069,M,,,06
200800018797,8,4,9,1800,1,2,1,2,7,06069,M,,,06
200800018798,8,4,9,1840,1,2,1,2,5,06069,M,,,06
200800018799,8,4,10,1100,1,2,1,2,6,06069,M,,,06
200800018800,8,4,10,1830,1,2,1,1,5,06069,M,,,06
200800018801,8,4,12,1500,1,1,1,1,6,06069,M,,,06
200800018802,8,4,12,1910,1,2,1,1,2,06069,M,,,06
200800018803,8,4,13,1815,1,1,1,1,7,06069,M,,,06
200800018804,8,4,14,1720,1,2,1,1,3,06069,M,,,06
200800018805,8,4,14,1805,1,2,1,1,5,06069,M,,,06
200800018806,8,4,15,1550,1,2,1,1,1,06069,M,,,06
200800018807,8,4,16,1635,1,2,1,1,3,06069,M,,,06
200800018808,8,4,17,1830,1,2,3,1,3,06069,M,,,06
200800018809,8,4,19,345,5,2,1,2,7,06069,M,,,06
200800018810,8,4,20,1820,1,2,1,2,7,06069,M,,,06
200800018811,8,4,22,2010,1,2,1,1,2,06069,M,,,06
200800018812,8,4,23,1105,1,2,1,1,7,06069,M,,,06
200800018813,8,4,23,1130,1,2,1,1,5,06069,M,,,06
200800018814,8,4,26,1335,1,2,7,1,7,06069,M,,,06
200800018815,8,4,26,2015,2,2,1,1,3,06069,M,,,06
200800018816,8,4,28,750,1,2,1,1,7,06069,M,,,06
200800018817,8,4,28,1410,1,1,1,1,7,06069,M,,,06
200800018818,8,4,29,1045,1,2,1,1,2,06069,M,,,06
200800018819,8,4,30,1430,1,2,1,1,3,06069,M,,,06
200800018820,8,4,30,1800,1,2,1,1,2,06069,M,,,06
200800018821,8,4,2,1434,1,2,1,1,3,06083,M,,,06
200800018822,8,4,6,1820,1,2,1,6,1,06083,M,,,06
200800018823,8,4,11,1535,1,2,3,1,3,06104,M,,,06
200800018824,8,4,14,1415,1,2,1,1,5,06104,M,,,06
200800018825,8,4,5,1305,1,2,1,1,2,06083,M,,,06
200800018826,8,4,19,1740,1,2,1,1,1,06083,M,,,06
200800018827,8,4,15,845,1,2,3,1,6,06083,M,,,06
200800018828,8,4,22,835,1,2,1,1,6,06083,M,,,06
200800018829,8,4,1,1205,1,2,1,1,2,06088,M,,,06
200800018830,8,4,1,1345,1,2,1,1,3,06159,M,,,06
200800018831,8,4,1,1710,1,2,1,1,6,06088,M,,,06
200800018832,8,4,1,1830,1,2,2,1,3,06088,M,,,06
200800018833,8,4,1,2000,5,1,1,1,1,06159,M,,,06
200800018834,8,4,1,2210,5,2,1,1,3,06088,M,,,06
200800018835,8,4,2,745,1,2,1,1,2,06088,M,,,06
200800018836,8,4,2,1510,1,2,1,1,6,06088,M,,,06
200800018837,8,4,2,1615,1,1,1,1,6,06088,M,,,06
200800018838,8,4,2,1800,1,2,1,1,6,06088,M,,,06
200800018839,8,4,3,727,1,2,2,1,6,06088,M,,,06
200800018840,8,4,3,855,1,2,1,1,3,06088,M,,,06
200800018841,8,4,3,1415,1,2,1,1,2,06088,M,,,06
200800018842,8,4,3,1445,1,2,1,1,6,06088,M,,,06
200800018843,8,4,3,1540,1,2,2,1,3,06088,M,,,06
200800018844,8,4,3,1730,1,2,1,1,6,06088,M,,,06
200800018845,8,4,3,2325,5,2,2,1,2,06088,M,,,06
200800018846,8,4,4,230,5,2,1,1,6,06088,M,,,06
200800018847,8,4,4,1300,1,2,1,1,3,06088,M,,,06
200800018848,8,4,4,1440,1,2,1,1,3,06088,M,,,06
200800018849,8,4,4,1650,1,2,2,1,3,06088,M,,,06
200800018850,8,4,4,2045,5,2,1,1,6,06088,M,,,06
200800018851,8,4,5,1310,1,2,1,1,3,06088,M,,,06
200800018852,8,4,5,1600,1,2,1,1,6,06088,M,,,06
200800018853,8,4,5,1720,1,2,1,1,6,06088,M,,,06
200800018854,8,4,5,1730,1,2,1,1,3,06088,M,,,06
200800018855,8,4,5,1724,1,2,1,1,3,06088,M,,,06
200800018856,8,4,5,2045,5,1,1,1,2,06159,M,,,06
200800018857,8,4,6,5,5,2,1,1,6,06088,M,,,06
200800018858,8,4,7,905,1,2,1,1,6,06088,M,,,06
200800018859,8,4,7,1315,1,2,2,1,6,06088,M,,,06
200800018860,8,4,8,1340,1,2,3,1,3,06088,M,,,06
200800018861,8,4,8,1645,1,2,2,1,3,06088,M,,,06
200800018862,8,4,8,1755,1,2,1,1,6,06088,M,,,06
200800018863,8,4,8,1900,1,2,1,2,6,06088,M,,,06
200800018864,8,4,9,920,1,2,2,2,6,06088,M,,,06
200800018865,8,4,9,1300,1,1,1,2,7,06088,M,,,06
200800018866,8,4,9,1515,1,2,1,2,6,06088,M,,,06
200800018867,8,4,9,1530,1,2,2,2,3,06088,M,,,06
200800018868,8,4,9,1630,1,2,2,3,3,06088,M,,,06
200800018869,8,4,10,1020,1,2,1,1,3,06088,M,,,06
200800018870,8,4,10,1615,1,2,1,1,3,06088,M,,,06
200800018871,8,4,10,1630,1,2,2,1,1,06088,M,,,06
200800018872,8,4,10,20,5,2,3,2,6,06088,M,,,06
200800018873,8,4,11,1215,1,2,1,2,3,06088,M,,,06
200800018874,8,4,11,945,1,2,3,1,3,06088,M,,,06
200800018875,8,4,11,1520,1,2,3,1,6,06088,M,,,06
200800018876,8,4,11,1710,1,2,1,1,6,06088,M,,,06
200800018877,8,4,12,1915,1,2,1,1,1,06088,M,,,06
200800018878,8,4,12,1930,1,2,1,1,6,06088,M,,,06
200800018879,8,4,14,700,1,2,2,1,6,06088,M,,,06
200800018880,8,4,14,745,1,2,5,3,1,06088,M,,,06
200800018881,8,4,14,1215,1,2,1,2,3,06088,M,,,06
200800018882,8,4,14,1340,1,2,1,1,2,06088,M,,,06
200800018883,8,4,14,2130,5,2,1,1,6,06088,M,,,06
200800018884,8,4,15,1030,1,2,1,1,6,06088,M,,,06
200800018885,8,4,15,1250,1,2,1,1,3,06088,M,,,06
200800018886,8,4,15,1440,1,2,1,1,3,06088,M,,,06
200800018887,8,4,15,1615,1,2,1,1,3,06088,M,,,06
200800018888,8,4,15,1740,1,2,1,1,6,06088,M,,,06
200800018889,8,4,16,1000,1,2,1,1,6,06088,M,,,06
200800018890,8,4,16,1815,1,2,1,1,3,06088,M,,,06
200800018891,8,4,16,2300,5,2,1,1,6,06088,M,,,06
200800018892,8,4,17,815,1,2,1,1,6,06088,M,,,06
200800018893,8,4,17,1225,1,2,3,1,7,06088,M,,,06
200800018894,8,4,17,1500,1,2,2,1,6,06088,M,,,06
200800018895,8,4,17,1845,1,2,3,2,6,06088,M,,,06
200800018896,8,4,18,40,5,2,2,3,6,06088,M,,,06
200800018897,8,4,18,720,1,2,2,1,6,06088,M,,,06
200800018898,8,4,18,1415,1,2,1,1,6,06088,M,,,06
200800018899,8,4,18,2000,3,2,1,3,3,06088,M,,,06
200800018900,8,4,19,715,1,2,3,1,3,06088,M,,,06
200800018901,8,4,19,1945,2,2,1,1,3,06159,M,,,06
200800018902,8,4,19,2015,2,2,1,1,6,06088,M,,,06
200800018903,8,4,20,50,5,2,2,1,3,06088,M,,,06
200800018904,8,4,20,1600,1,2,1,2,6,06088,M,,,06
200800018905,8,4,20,1840,1,2,2,2,5,06088,M,,,06
200800018906,8,4,20,1855,2,2,1,2,6,06088,M,,,06
200800018907,8,4,20,2030,5,2,1,3,6,06088,M,,,06
200800018908,8,4,20,2130,5,2,1,3,3,06088,M,,,06
200800018909,8,4,20,2245,5,2,1,3,6,06088,M,,,06
200800018910,8,4,22,820,1,2,2,1,6,06088,M,,,06
200800018911,8,4,22,1600,1,2,1,1,6,06088,M,,,06
200800018912,8,4,22,1700,1,2,1,1,6,06088,M,,,06
200800018913,8,4,22,1915,2,2,1,1,2,06088,M,,,06
200800018914,8,4,23,945,1,2,4,1,3,06088,M,,,06
200800018915,8,4,23,1405,1,2,1,1,3,06088,M,,,06
200800018916,8,4,23,1520,1,2,1,1,5,06088,M,,,06
200800018917,8,4,23,1525,1,2,1,1,6,06088,M,,,06
200800018918,8,4,23,1615,1,2,1,1,3,06088,M,,,06
200800018919,8,4,24,1720,1,2,3,1,3,06088,M,,,06
200800018920,8,4,25,1910,1,2,2,1,3,06088,M,,,06
200800018921,8,4,26,1225,1,2,1,1,5,06159,M,,,06
200800018922,8,4,26,1700,1,2,1,1,6,06088,M,,,06
200800018923,8,4,27,1545,1,2,1,1,2,06088,M,,,06
200800018924,8,4,27,2002,2,2,1,1,1,06088,M,,,06
200800018925,8,4,28,1030,1,2,2,1,3,06088,M,,,06
200800018926,8,4,28,1750,1,2,1,1,6,06088,M,,,06
200800018927,8,4,28,2040,5,2,1,2,3,06088,M,,,06
200800018928,8,4,29,750,1,2,1,1,3,06088,M,,,06
200800018929,8,4,29,900,1,2,1,1,3,06088,M,,,06
200800018930,8,4,29,1000,1,2,2,1,3,06088,M,,,06
200800018931,8,4,29,1205,1,2,1,1,3,06088,M,,,06
200800018932,8,4,29,1215,1,2,1,1,6,06088,M,,,06
200800018933,8,4,29,1750,1,2,1,1,3,06088,M,,,06
200800018934,8,4,29,1800,1,2,1,1,3,06088,M,,,06
200800018935,8,4,29,1845,1,2,1,1,6,06088,M,,,06
200800018936,8,4,30,800,1,2,2,1,3,06088,M,,,06
200800018937,8,4,30,1015,1,2,1,1,6,06088,M,,,06
200800018938,8,4,30,1110,1,2,1,1,3,06088,M,,,06
200800018939,8,4,30,1124,1,2,1,1,3,06088,M,,,06
200800018940,8,4,30,1230,1,2,1,1,2,06088,M,,,06
200800018941,8,4,30,2110,5,2,1,2,6,06088,M,,,06
200800018942,8,4,18,820,1,2,1,1,7,07019,M,,,07
200800018943,8,4,25,1330,1,1,2,1,6,07186,M,,,07
200800018944,8,4,4,1135,1,2,1,1,6,08105,M,,,08
200800018945,8,4,19,2145,5,2,4,1,3,08105,M,,,08
200800018946,8,4,19,1655,1,2,2,2,3,08497,M,,,08
200800018947,8,4,29,1735,1,2,1,2,6,08105,M,,,08
200800018948,8,4,29,2030,1,2,1,2,3,08105,M,,,08
200800018949,8,4,26,1350,1,2,1,1,5,08409,M,,,08
200800018950,8,4,15,1454,1,1,1,1,2,09122,M,,,09
200800018951,8,4,10,1225,1,2,3,1,6,09225,M,,,09
200800018952,8,4,19,2115,2,2,6,1,3,10387,M,,,10
200800018953,8,4,19,1835,1,2,3,1,3,10387,M,,,10
200800018954,8,4,18,2325,5,2,4,2,3,10387,M,,,10
200800018955,8,4,12,600,5,2,1,1,3,11076,M,,,11
200800018956,8,4,9,1550,1,2,3,1,3,11262,M,4311110.0,345699.0,11
200800018957,8,4,14,1905,2,2,1,1,4,11262,M,4311360.0,345699.0,11
200800018958,8,4,22,1335,1,1,1,1,2,11262,M,,,11
200800018959,8,4,28,1805,1,2,2,1,6,11262,M,,,11
200800018960,8,4,30,730,2,2,1,1,6,11262,M,,,11
200800018961,8,4,12,1830,1,2,1,1,3,11262,M,,,11
200800018962,8,4,18,1745,1,2,2,1,3,11262,M,,,11
200800018963,8,4,19,1600,1,2,1,1,3,11262,M,,,11
200800018964,8,4,21,1240,1,2,2,1,3,11262,M,,,11
200800018965,8,4,21,1900,1,2,1,1,3,11262,M,,,11
200800018966,8,4,24,1135,1,2,1,1,7,11262,M,,,11
200800018967,8,4,30,1855,1,2,1,1,3,11262,M,,,11
200800018968,8,4,18,1930,2,2,1,3,6,12013,M,,,12
200800018969,8,4,29,1430,1,2,1,1,6,12083,M,,,12
200800018970,8,4,6,2100,5,2,2,1,3,12145,M,,,12
200800018971,8,4,29,1915,1,2,1,1,2,12145,M,,,12
200800018972,8,4,2,1830,1,2,2,1,3,12202,M,,,12
200800018973,8,4,25,1500,1,2,1,1,6,12202,M,4434898.0,0.0,12
200800018974,8,4,2,800,1,2,1,1,2,13001,M,,,13
200800018975,8,4,12,1400,1,2,1,1,3,13001,M,,,13
200800018976,8,4,17,1705,1,1,1,2,5,13001,M,,,13
200800018977,8,4,4,1030,1,2,1,1,6,13001,M,,,13
200800018978,8,4,27,606,1,2,1,1,2,13001,M,,,13
200800018979,8,4,15,1605,1,2,9,1,6,13001,M,,,13
200800018980,8,4,5,1000,1,1,1,1,1,13004,M,,,13
200800018981,8,4,12,15,3,1,3,1,3,13004,M,,,13
200800018982,8,4,13,1745,1,2,4,1,3,13004,M,,,13
200800018983,8,4,17,1540,1,1,1,2,6,13004,M,,,13
200800018984,8,4,18,130,3,1,1,3,6,13004,M,,,13
200800018985,8,4,19,1110,1,2,1,1,7,13004,M,,,13
200800018986,8,4,24,640,2,2,1,1,3,13004,M,,,13
200800018987,8,4,28,1835,2,1,1,3,4,13004,M,,,13
200800018988,8,4,1,1720,1,2,1,1,3,13028,M,,,13
200800018989,8,4,1,2055,5,2,1,1,2,13028,M,,,13
200800018990,8,4,2,1830,1,2,1,1,3,13028,M,,,13
200800018991,8,4,16,1740,1,2,1,1,7,13028,M,,,13
200800018992,8,4,23,1635,1,2,1,1,2,13028,M,,,13
200800018993,8,4,3,1505,1,1,9,1,6,13047,M,,,13
200800018994,8,4,4,1205,1,1,1,1,2,13063,M,,,13
200800018995,8,4,6,1,5,2,2,1,3,13063,M,,,13
200800018996,8,4,6,125,5,2,1,1,6,13063,M,,,13
200800018997,8,4,16,1510,1,1,1,1,3,13047,M,,,13
200800018998,8,4,29,40,3,1,1,2,6,13047,M,,,13
200800018999,8,4,30,1145,1,2,6,3,6,13063,M,,,13
200800019000,8,4,6,1740,1,1,1,1,3,13054,M,,,13
200800019001,8,4,6,145,3,1,1,1,3,13043,M,,,13
200800019002,8,4,7,1315,1,2,3,1,6,13054,M,,,13
200800019003,8,4,22,1700,1,1,1,1,3,13054,M,,,13
200800019004,8,4,23,30,5,2,2,1,3,13054,M,,,13
200800019005,8,4,23,1210,1,2,1,1,2,13054,M,,,13
200800019006,8,4,24,1915,1,2,1,1,3,13054,M,,,13
200800019007,8,4,25,1210,1,2,1,1,3,13054,M,,,13
200800019008,8,4,29,1555,1,2,2,1,3,13054,M,,,13
200800019009,8,4,2,2215,5,2,3,1,3,13055,M,,,13
200800019010,8,4,6,1025,1,2,6,1,6,13055,M,,,13
200800019011,8,4,1,2035,5,2,2,1,3,13055,M,,,13
200800019012,8,4,6,1445,1,2,2,1,6,13055,M,,,13
200800019013,8,4,2,1310,1,2,1,1,6,13055,M,,,13
200800019014,8,4,3,1800,1,2,1,1,3,13055,M,,,13
200800019015,8,4,3,1801,1,2,3,1,3,13055,M,,,13
200800019016,8,4,9,300,5,2,2,1,3,13055,M,,,13
200800019017,8,4,9,540,5,2,1,1,6,13055,M,,,13
200800019018,8,4,9,1445,1,2,1,8,6,13055,M,,,13
200800019019,8,4,10,440,5,2,1,1,1,13055,M,,,13
200800019020,8,4,5,1030,1,2,1,1,6,13055,M,,,13
200800019021,8,4,9,1805,1,2,2,8,6,13055,M,,,13
200800019022,8,4,5,2045,5,2,1,1,7,13055,M,,,13
200800019023,8,4,4,1330,1,2,1,1,2,13055,M,,,13
200800019024,8,4,4,2200,5,2,6,1,6,13055,M,,,13
200800019025,8,4,4,830,1,2,3,1,3,13002,M,,,13
200800019026,8,4,8,1520,1,2,1,8,2,13055,M,,,13
200800019027,8,4,6,1530,1,2,1,1,2,13002,M,,,13
200800019028,8,4,2,1235,1,2,9,1,2,13055,M,,,13
200800019029,8,4,2,1000,1,2,1,1,3,13055,M,,,13
200800019030,8,4,12,842,1,2,3,1,3,13055,M,,,13
200800019031,8,4,12,300,5,2,1,1,4,13055,M,,,13
200800019032,8,4,14,645,1,2,1,1,3,13055,M,,,13
200800019033,8,4,13,1330,1,2,1,1,3,13055,M,,,13
200800019034,8,4,5,1500,1,2,3,1,3,13055,M,,,13
200800019035,8,4,5,1630,1,2,1,1,3,13055,M,,,13
200800019036,8,4,1,1110,1,1,1,1,2,13055,M,,,13
200800019037,8,4,5,2100,5,2,1,1,2,13055,M,,,13
200800019038,8,4,12,55,5,2,1,1,6,13055,M,,,13
200800019039,8,4,5,900,1,2,1,1,6,13055,M,,,13
200800019040,8,4,15,1300,1,2,1,1,6,13055,M,,,13
200800019041,8,4,13,2330,5,2,1,1,3,13055,M,,,13
200800019042,8,4,4,800,1,2,3,1,1,13055,M,,,13
200800019043,8,4,2,2220,5,2,7,6,6,13055,M,,,13
200800019044,8,4,9,1050,1,2,1,1,6,13055,M,,,13
200800019045,8,4,3,1815,1,2,1,1,3,13055,M,,,13
200800019046,8,4,3,1545,1,2,1,1,6,13055,M,,,13
200800019047,8,4,3,1740,1,2,1,1,3,13055,M,,,13
200800019048,8,4,1,1115,1,2,2,1,6,13055,M,,,13
200800019049,8,4,7,1,5,2,1,1,2,13055,M,,,13
200800019050,8,4,16,2150,5,2,2,1,2,13055,M,,,13
200800019051,8,4,8,1415,1,2,1,1,6,13055,M,,,13
200800019052,8,4,13,1225,1,2,1,1,6,13055,M,,,13
200800019053,8,4,14,1050,1,2,1,1,2,13055,M,,,13
200800019054,8,4,13,1545,1,2,1,1,6,13055,M,,,13
200800019055,8,4,14,855,1,2,1,1,2,13055,M,,,13
200800019056,8,4,10,1450,1,2,1,1,3,13055,M,,,13
200800019057,8,4,13,1520,1,2,1,1,1,13055,M,,,13
200800019058,8,4,11,1420,1,2,1,1,6,13055,M,,,13
200800019059,8,4,10,1815,1,2,3,1,6,13055,M,,,13
200800019060,8,4,9,1330,1,2,6,2,3,13055,M,,,13
200800019061,8,4,17,2145,5,2,3,2,6,13055,M,,,13
200800019062,8,4,3,1400,1,2,1,1,3,13055,M,,,13
200800019063,8,4,3,1700,1,2,1,1,6,13055,M,,,13
200800019064,8,4,9,945,1,2,2,1,3,13055,M,,,13
200800019065,8,4,9,1820,2,2,1,1,6,13055,M,,,13
200800019066,8,4,12,45,5,2,2,1,3,13055,M,,,13
200800019067,8,4,6,2100,4,2,5,1,3,13055,M,,,13
200800019068,8,4,7,1400,1,2,1,1,7,13055,M,,,13
200800019069,8,4,7,2005,2,2,1,1,7,13055,M,,,13
200800019070,8,4,3,215,5,2,1,1,1,13055,M,,,13
200800019071,8,4,9,1900,1,2,1,1,3,13055,M,,,13
200800019072,8,4,14,2045,5,2,2,1,6,13055,M,,,13
200800019073,8,4,3,1040,1,2,2,1,3,13055,M,,,13
200800019074,8,4,19,2115,5,2,1,1,2,13055,M,,,13
200800019075,8,4,18,1700,1,2,3,3,1,13055,M,,,13
200800019076,8,4,10,1530,1,2,1,1,2,13055,M,,,13
200800019077,8,4,19,1950,1,2,1,1,1,13055,M,,,13
200800019078,8,4,6,1640,1,1,3,1,3,13055,M,,,13
200800019079,8,4,12,1400,1,2,5,1,3,13055,M,,,13
200800019080,8,4,8,2200,5,2,1,1,6,13055,M,,,13
200800019081,8,4,8,2145,5,2,1,1,2,13055,M,,,13
200800019082,8,4,7,1730,1,2,1,1,6,13055,M,,,13
200800019083,8,4,14,1300,1,1,1,1,3,13055,M,,,13
200800019084,8,4,15,845,1,2,1,1,2,13055,M,,,13
200800019085,8,4,4,1525,1,2,1,1,6,13055,M,,,13
200800019086,8,4,17,1445,1,2,1,1,3,13055,M,,,13
200800019087,8,4,11,1400,1,2,1,8,2,13055,M,,,13
200800019088,8,4,11,1430,1,2,3,1,3,13055,M,,,13
200800019089,8,4,9,1430,1,2,1,2,3,13055,M,,,13
200800019090,8,4,15,1915,1,2,1,1,6,13055,M,,,13
200800019091,8,4,16,1640,1,2,3,1,2,13055,M,,,13
200800019092,8,4,10,1010,1,2,1,1,3,13055,M,,,13
200800019093,8,4,23,2240,5,2,1,1,6,13055,M,,,13
200800019094,8,4,23,1815,1,2,1,1,2,13055,M,,,13
200800019095,8,4,24,930,1,2,1,1,6,13055,M,,,13
200800019096,8,4,14,1800,1,2,6,1,3,13055,M,,,13
200800019097,8,4,16,1000,1,2,1,1,2,13055,M,,,13
200800019098,8,4,4,1720,1,2,1,1,2,13055,M,,,13
200800019099,8,4,7,1215,1,2,1,1,3,13055,M,,,13
200800019100,8,4,7,615,3,2,1,1,3,13055,M,,,13
200800019101,8,4,15,1800,1,2,1,1,3,13055,M,,,13
200800019102,8,4,20,2120,5,2,8,2,2,13055,M,,,13
200800019103,8,4,27,230,5,2,1,1,2,13055,M,,,13
200800019104,8,4,27,1945,1,2,1,1,2,13055,M,,,13
200800019105,8,4,27,305,5,2,1,1,6,13055,M,,,13
200800019106,8,4,11,1700,1,2,6,6,2,13055,M,,,13
200800019107,8,4,13,1210,1,2,2,1,3,13055,M,,,13
200800019108,8,4,16,1100,1,2,1,1,6,13055,M,,,13
200800019109,8,4,14,1400,1,2,1,1,4,13055,M,,,13
200800019110,8,4,21,1620,1,2,1,1,3,13055,M,,,13
200800019111,8,4,15,1000,1,2,1,1,2,13055,M,,,13
200800019112,8,4,8,1030,1,2,1,1,3,13055,M,,,13
200800019113,8,4,24,931,1,2,3,1,3,13055,M,,,13
200800019114,8,4,21,1915,1,2,1,1,6,13055,M,,,13
200800019115,8,4,11,1900,1,2,1,1,6,13055,M,,,13
200800019116,8,4,14,1930,1,2,1,1,2,13055,M,,,13
200800019117,8,4,22,930,1,2,6,1,3,13055,M,,,13
200800019118,8,4,15,2220,5,2,1,1,5,13055,M,,,13
200800019119,8,4,23,1210,1,2,1,1,6,13055,M,,,13
200800019120,8,4,29,1315,1,2,1,1,5,13055,M,,,13
200800019121,8,4,20,1330,1,2,1,2,6,13055,M,,,13
200800019122,8,4,17,1145,1,2,3,1,3,13055,M,,,13
200800019123,8,4,26,2020,2,2,1,1,1,13055,M,,,13
200800019124,8,4,25,945,1,2,1,1,4,13055,M,,,13
200800019125,8,4,3,2000,2,2,3,1,7,13055,M,,,13
200800019126,8,4,22,1240,1,2,1,1,2,13055,M,,,13
200800019127,8,4,20,1900,2,1,1,3,2,13055,M,,,13
200800019128,8,4,20,1135,1,2,1,8,2,13055,M,,,13