Num_Acc,an,mois,jour,hrmn,lum,agg,int,atm,col,com,gps,lat,long,dep
200800019129,8,4,9,1300,1,2,1,1,7,13055,M,,,13
200800019130,8,4,23,1950,5,2,1,2,3,13055,M,,,13
200800019131,8,4,25,1640,1,2,1,1,5,13075,M,,,13
200800019132,8,4,30,715,2,2,1,8,3,13055,M,,,13
200800019133,8,4,19,1100,1,2,1,1,3,13055,M,,,13
200800019134,8,4,22,1645,1,2,4,1,3,13055,M,,,13
200800019135,8,4,22,1815,1,2,1,1,6,13055,M,,,13
200800019136,8,4,16,1805,1,2,1,1,3,13055,M,,,13
200800019137,8,4,18,1100,1,2,1,8,3,13055,M,,,13
200800019138,8,4,11,2000,5,2,2,1,3,13055,M,,,13
200800019139,8,4,18,1915,1,2,3,8,3,13055,M,,,13
200800019140,8,4,22,2000,1,2,1,1,2,13055,M,,,13
200800019141,8,4,23,1900,1,2,1,1,2,13055,M,,,13
200800019142,8,4,2,930,1,2,1,1,6,13055,M,,,13
200800019143,8,4,25,1540,1,2,1,1,6,13055,M,,,13
200800019144,8,4,27,1750,1,2,1,1,7,13055,M,,,13
200800019145,8,4,25,1430,1,2,1,1,3,13055,M,,,13
200800019146,8,4,23,950,1,2,1,1,3,13055,M,,,13
200800019147,8,4,26,1130,1,2,1,1,2,13055,M,,,13
200800019148,8,4,19,1620,1,2,1,1,6,13055,M,,,13
200800019149,8,4,17,1250,1,2,1,1,2,13055,M,,,13
200800019150,8,4,19,50,5,2,1,1,6,13055,M,,,13
200800019151,8,4,14,1135,1,2,2,1,1,13055,M,,,13
200800019152,8,4,2,940,1,2,9,1,3,13055,M,,,13
200800019153,8,4,3,800,1,2,1,1,3,13055,M,,,13
200800019154,8,4,19,1855,1,2,1,1,3,13055,M,,,13
200800019155,8,4,19,2200,5,2,1,1,2,13055,M,,,13
200800019156,8,4,28,1035,1,2,1,2,6,13055,M,,,13
200800019157,8,4,25,230,5,2,2,1,3,13055,M,,,13
200800019158,8,4,23,1910,1,2,1,1,6,13055,M,,,13
200800019159,8,4,18,2015,1,2,1,2,2,13055,M,,,13
200800019160,8,4,11,1701,1,2,3,1,3,13055,M,,,13
200800019161,8,4,28,930,1,2,1,1,2,13055,M,,,13
200800019162,8,4,11,1830,1,2,1,1,3,13055,M,,,13
200800019163,8,4,26,2130,5,2,1,1,7,13055,M,,,13
200800019164,8,4,30,1645,1,2,1,1,2,13055,M,,,13
200800019165,8,4,18,1815,1,2,1,2,6,13055,M,,,13
200800019166,8,4,29,1800,1,2,1,1,6,13055,M,,,13
200800019167,8,4,26,2340,5,2,2,1,5,13055,M,,,13
200800019168,8,4,18,1845,1,2,1,3,7,13055,M,,,13
200800019169,8,4,21,830,1,2,1,1,2,13055,M,,,13
200800019170,8,4,4,1125,1,2,1,1,3,13055,M,,,13
200800019171,8,4,16,1230,1,2,1,1,6,13055,M,,,13
200800019172,8,4,22,620,1,2,1,1,3,13055,M,,,13
200800019173,8,4,28,1830,1,2,9,1,3,13055,M,,,13
200800019174,8,4,27,2000,1,2,1,1,2,13055,M,,,13
200800019175,8,4,25,715,2,2,1,1,7,13055,M,,,13
200800019176,8,4,18,845,1,2,1,1,2,13055,M,,,13
200800019177,8,4,24,815,1,2,1,1,3,13055,M,,,13
200800019178,8,4,30,845,1,2,1,3,2,13055,M,,,13
200800019179,8,4,21,2225,5,2,1,1,3,13055,M,,,13
200800019180,8,4,29,730,1,2,1,1,3,13055,M,,,13
200800019181,8,4,28,1600,1,2,1,1,6,13055,M,,,13
200800019182,8,4,6,1,5,2,1,1,7,13055,M,,,13
200800019183,8,4,18,1816,1,2,1,2,6,13055,M,,,13
200800019184,8,4,28,1415,1,2,1,8,2,13055,M,,,13
200800019185,8,4,23,640,2,1,2,1,3,13055,M,,,13
200800019186,8,4,19,1200,1,2,3,1,3,13055,M,,,13
200800019187,8,4,28,1200,1,2,1,1,6,13055,M,,,13
200800019188,8,4,21,1745,1,2,1,1,4,13055,M,,,13
200800019189,8,4,21,1335,1,2,1,1,3,13055,M,,,13
200800019190,8,4,14,1455,1,2,1,1,3,13055,M,,,13
200800019191,8,4,22,1210,1,2,1,1,3,13055,M,,,13
200800019192,8,4,29,845,1,2,1,1,4,13055,M,,,13
200800019193,8,4,16,925,1,2,1,1,6,13055,M,,,13
200800019194,8,4,25,900,1,2,3,1,2,13055,M,,,13
200800019195,8,4,29,1801,1,2,1,1,3,13055,M,,,13
200800019196,8,4,28,1540,1,2,1,8,6,13055,M,,,13
200800019197,8,4,7,230,5,2,1,1,1,13055,M,,,13
200800019198,8,4,24,1230,1,2,3,1,3,13055,M,,,13
200800019199,8,4,9,1530,1,2,1,1,6,13055,M,,,13
200800019200,8,4,8,2030,5,2,1,1,6,13055,M,,,13
200800019201,8,4,27,450,5,2,1,1,6,13055,M,,,13
200800019202,8,4,26,1805,1,2,1,1,1,13055,M,,,13
200800019203,8,4,25,820,1,2,1,1,5,13055,M,,,13
200800019204,8,4,30,1140,1,2,1,8,3,13055,M,,,13
200800019205,8,4,20,1830,1,2,1,3,3,13055,M,,,13
200800019206,8,4,23,745,1,2,1,1,3,13055,M,,,13
200800019207,8,4,30,1705,1,2,2,1,1,13055,M,,,13
200800019208,8,4,6,1755,1,2,3,1,3,13026,M,,,13
200800019209,8,4,11,820,1,1,1,3,1,13039,M,,,13
200800019210,8,4,11,1430,1,1,1,1,3,13039,M,,,13
200800019211,8,4,6,1440,1,1,1,1,1,13056,M,,,13
200800019212,8,4,16,1150,1,2,1,1,6,13056,M,,,13
200800019213,8,4,21,1135,1,1,1,1,2,13039,M,,,13
200800019214,8,4,7,905,1,1,1,1,3,13039,M,,,13
200800019215,8,4,27,915,1,2,3,1,3,13056,M,,,13
200800019216,8,4,18,1800,1,2,3,3,3,13056,M,,,13
200800019217,8,4,26,2240,5,2,1,1,6,13056,M,,,13
200800019218,8,4,26,1405,1,1,1,1,2,13039,M,,,13
200800019219,8,4,21,1450,1,2,1,1,4,13077,M,,,13
200800019220,8,4,14,915,1,2,2,1,6,13078,M,,,13
200800019221,8,4,22,1800,1,2,1,1,6,13103,M,,,13
200800019222,8,4,13,610,3,1,3,1,3,13108,M,,,13
200800019223,8,4,23,1830,1,2,1,1,3,13108,M,,,13
200800019224,8,4,29,1720,1,2,1,1,4,13108,M,,,13
200800019225,8,4,3,1920,1,2,1,1,2,14327,M,,,14
200800019226,8,4,9,800,1,2,2,8,3,14137,M,,,14
200800019227,8,4,12,1645,1,1,1,1,3,14437,M,,,14
200800019228,8,4,18,1810,1,2,1,8,6,14118,M,,,14
200800019229,8,4,18,910,1,1,1,1,3,14118,M,,,14
200800019230,8,4,21,53,5,1,1,2,6,14118,M,,,14
200800019231,8,4,24,2140,2,2,1,1,6,14118,M,,,14
200800019232,8,4,26,1730,1,2,1,1,6,14118,M,,,14
200800019233,8,4,7,50,3,2,1,4,7,14366,M,,,14
200800019234,8,4,8,1220,1,1,1,2,2,15012,M,,,15
200800019235,8,4,3,1210,1,2,3,1,6,17299,M,,,17
200800019236,8,4,9,1855,1,2,1,1,6,17299,M,,,17
200800019237,8,4,13,1915,1,2,2,2,3,17299,M,,,17
200800019238,8,4,15,940,1,2,1,1,7,17299,M,,,17
200800019239,8,4,15,1230,1,2,6,1,3,17299,M,,,17
200800019240,8,4,19,1000,1,2,3,1,2,17449,M,,,17
200800019241,8,4,23,1800,1,2,2,1,5,17299,M,,,17
200800019242,8,4,24,1900,1,2,3,1,3,17299,M,,,17
200800019243,8,4,25,1825,1,2,3,1,3,17449,M,,,17
200800019244,8,4,25,1945,1,2,1,1,7,17299,M,,,17
200800019245,8,4,26,1020,1,2,6,1,7,17299,M,,,17
200800019246,8,4,29,1825,1,2,1,1,3,17299,M,,,17
200800019247,8,4,2,1810,1,2,1,1,3,17300,M,,,17
200800019248,8,4,3,830,1,2,2,1,3,17300,M,,,17
200800019249,8,4,3,2100,5,2,6,1,3,17300,M,,,17
200800019250,8,4,5,1200,1,2,6,1,1,17274,M,,,17
200800019251,8,4,3,1830,1,2,1,1,3,17300,M,,,17
200800019252,8,4,6,500,5,2,1,1,6,17300,M,,,17
200800019253,8,4,6,1850,1,1,1,1,6,17300,M,,,17
200800019254,8,4,8,1120,1,2,2,1,1,17300,M,,,17
200800019255,8,4,9,1113,1,1,1,1,7,17291,M,,,17
200800019256,8,4,11,2200,5,2,2,1,3,17300,M,,,17
200800019257,8,4,12,1605,1,2,3,1,3,17300,M,,,17
200800019258,8,4,12,1810,1,1,1,1,2,17300,M,,,17
200800019259,8,4,13,115,5,2,9,3,3,17300,M,,,17
200800019260,8,4,13,630,3,1,1,3,6,17200,M,,,17
200800019261,8,4,16,1625,1,2,1,1,6,17300,M,,,17
200800019262,8,4,17,1945,1,2,1,1,3,17300,M,,,17
200800019263,8,4,18,210,5,2,2,1,3,17300,M,,,17
200800019264,8,4,18,1735,1,2,3,1,3,17291,M,,,17
200800019265,8,4,20,455,3,1,1,2,7,17300,M,,,17
200800019266,8,4,25,930,1,2,1,1,7,17300,M,,,17
200800019267,8,4,25,1730,1,2,1,1,6,17300,M,,,17
200800019268,8,4,28,745,1,2,1,1,6,17300,M,,,17
200800019269,8,4,28,1800,1,2,1,1,3,17300,M,,,17
200800019270,8,4,29,10,3,2,1,1,6,17028,M,,,17
200800019271,8,4,29,1250,1,2,1,2,6,17300,M,,,17
200800019272,8,4,29,1540,1,2,1,1,7,17300,M,,,17
200800019273,8,4,30,1640,1,2,1,1,6,17300,M,,,17
200800019274,8,4,8,1215,1,2,2,1,5,17300,M,,,17
200800019275,8,4,27,1630,1,2,1,1,3,17306,M,,,17
200800019276,8,4,27,1825,1,2,1,1,6,17461,M,,,17
200800019277,8,4,30,1626,1,2,1,1,6,17333,M,,,17
200800019278,8,4,2,1308,1,2,1,1,6,17415,M,,,17
200800019279,8,4,2,1758,1,2,1,1,2,17415,M,,,17
200800019280,8,4,5,700,3,1,1,1,6,17415,M,,,17
200800019281,8,4,8,305,5,2,1,1,6,17415,M,,,17
200800019282,8,4,9,720,2,1,1,2,6,17415,M,,,17
200800019283,8,4,14,1620,2,2,1,1,3,17415,M,,,17
200800019284,8,4,14,1845,1,1,1,1,4,17415,M,,,17
200800019285,8,4,22,800,1,2,2,2,3,17415,M,,,17
200800019286,8,4,29,1205,1,2,1,1,3,17415,M,,,17
200800019287,8,4,2,1645,1,2,1,1,2,18033,M,,,18
200800019288,8,4,7,1415,1,2,1,1,6,18033,M,,,18
200800019289,8,4,11,1810,1,2,2,1,3,18205,M,,,18
200800019290,8,4,11,1815,1,2,1,1,6,18033,M,,,18
200800019291,8,4,16,1755,1,2,2,1,6,18033,M,,,18
200800019292,8,4,17,1915,1,2,1,2,2,18033,M,,,18
200800019293,8,4,18,145,5,2,6,1,7,18205,M,,,18
200800019294,8,4,21,520,3,1,2,2,2,18205,M,,,18
200800019295,8,4,24,845,1,2,2,1,3,18033,M,,,18
200800019296,8,4,30,300,5,2,3,3,7,18033,M,,,18
200800019297,8,4,29,1735,1,2,6,2,3,18033,M,,,18
200800019298,8,4,21,555,5,2,2,1,3,18279,M,,,18
200800019299,8,4,25,1715,1,2,2,1,1,18279,M,,,18
200800019300,8,4,26,1030,1,2,1,1,5,18279,M,,,18
200800019301,8,4,28,1255,1,2,1,8,2,18279,M,,,18
200800019302,8,4,2,1210,1,2,6,1,3,19031,M,,,19
200800019303,8,4,12,1430,1,2,1,1,4,19031,M,,,19
200800019304,8,4,16,950,1,2,1,1,2,19031,M,4515937.0,453057.0,19
200800019305,8,4,18,1735,1,2,1,3,6,19031,M,4515313.0,450763.0,19
200800019306,8,4,20,210,5,2,3,1,3,19031,M,4516187.0,453274.0,19
200800019307,8,4,2,1000,1,2,2,1,6,21054,M,,,21
200800019308,8,4,1,821,1,2,1,1,6,21231,M,,,21
200800019309,8,4,1,1815,1,2,2,1,6,21231,M,,,21
200800019310,8,4,2,1508,1,2,1,1,2,21231,M,,,21
200800019311,8,4,4,1039,1,2,3,1,6,21231,M,,,21
200800019312,8,4,4,2144,5,2,1,1,3,21231,M,,,21
200800019313,8,4,6,958,1,2,2,1,3,21231,M,,,21
200800019314,8,4,6,2038,5,2,5,2,3,21231,M,,,21
200800019315,8,4,7,1029,1,2,7,1,3,21231,M,,,21
200800019316,8,4,7,1539,1,2,2,1,3,21231,M,,,21
200800019317,8,4,10,1247,1,2,2,2,3,21231,M,,,21
200800019318,8,4,15,750,1,2,2,1,1,21231,M,,,21
200800019319,8,4,15,2150,5,2,1,1,7,21231,M,,,21
200800019320,8,4,16,800,1,2,2,1,3,21231,M,,,21
200800019321,8,4,16,1720,1,2,2,1,6,21278,M,,,21
200800019322,8,4,16,1755,1,2,1,1,6,21231,M,,,21
200800019323,8,4,16,2200,5,2,2,1,3,21166,M,,,21
200800019324,8,4,17,805,1,2,1,1,3,21231,M,,,21
200800019325,8,4,20,2220,4,2,2,2,3,21231,M,,,21
200800019326,8,4,21,1357,1,2,4,1,3,21231,M,,,21
200800019327,8,4,22,1340,1,2,2,8,3,21231,M,,,21
200800019328,8,4,22,1415,1,2,1,1,6,21231,M,,,21
200800019329,8,4,24,1601,1,2,1,1,6,21231,M,,,21
200800019330,8,4,26,1035,1,2,1,1,6,21278,M,,,21
200800019331,8,4,29,1740,1,2,2,1,6,21231,M,,,21
200800019332,8,4,30,1555,1,2,4,2,2,21231,M,,,21
200800019333,8,4,30,1752,1,2,3,1,4,21231,M,,,21
200800019334,8,4,11,1015,1,2,1,7,6,22050,M,,,22
200800019335,8,4,24,1845,1,2,1,1,3,22050,M,,,22
200800019336,8,4,3,1925,5,2,1,1,2,22360,M,,,22
200800019337,8,4,3,1955,5,2,3,1,3,22278,M,,,22
200800019338,8,4,4,200,5,2,1,1,7,22278,M,,,22
200800019339,8,4,6,1205,1,2,1,1,2,22360,M,,,22
200800019340,8,4,6,1655,1,2,1,1,7,22278,M,,,22
200800019341,8,4,10,1805,1,2,1,1,6,22215,M,,,22
200800019342,8,4,11,1500,1,2,1,1,6,22278,M,,,22
200800019343,8,4,12,550,5,2,3,1,7,22106,M,,,22
200800019344,8,4,11,1535,1,1,1,1,7,22106,M,,,22
200800019345,8,4,15,1940,1,2,3,1,3,22278,M,,,22
200800019346,8,4,17,705,1,2,2,1,6,22278,M,,,22
200800019347,8,4,16,1840,1,2,6,1,2,22360,M,,,22
200800019348,8,4,18,1125,1,2,1,2,7,22278,M,,,22
200800019349,8,4,18,1250,1,2,1,2,3,22215,M,,,22
200800019350,8,4,18,2240,5,2,6,1,7,22360,M,,,22
200800019351,8,4,19,1740,1,1,1,1,3,22278,M,,,22
200800019352,8,4,23,1755,1,2,4,1,2,22278,M,,,22
200800019353,8,4,26,1300,1,2,1,1,2,22360,M,,,22
200800019354,8,4,28,1630,1,2,1,2,2,22215,M,,,22
200800019355,8,4,29,1805,1,2,1,2,7,22278,M,,,22
200800019356,8,4,6,1730,1,2,1,1,6,23096,M,,,23
200800019357,8,4,24,1240,1,2,3,1,2,24037,M,,,24
200800019358,8,4,20,1550,1,2,6,2,3,24322,M,,,24
200800019359,8,4,21,1855,1,2,3,1,6,24322,M,,,24
200800019360,8,4,22,2225,5,2,1,1,3,24322,M,,,24
200800019361,8,4,1,834,1,2,1,1,6,25056,M,,,25
200800019362,8,4,1,2005,1,2,1,1,2,25056,M,,,25
200800019363,8,4,4,1315,1,2,1,1,3,25056,M,,,25
200800019364,8,4,8,1910,1,2,1,1,7,25056,M,,,25
200800019365,8,4,9,1649,1,2,1,3,1,25056,M,,,25
200800019366,8,4,9,2103,5,2,1,1,6,25056,M,,,25
200800019367,8,4,11,1554,1,2,1,3,2,25056,M,,,25
200800019368,8,4,15,857,1,2,1,1,6,25056,M,,,25
200800019369,8,4,18,1754,1,2,1,2,3,25056,M,,,25
200800019370,8,4,19,316,5,2,1,2,6,25056,M,,,25
200800019371,8,4,20,545,5,2,1,1,6,25056,M,,,25
200800019372,8,4,23,1323,1,2,1,1,4,25056,M,,,25
200800019373,8,4,23,1824,1,1,1,1,6,25056,M,,,25
200800019374,8,4,25,2115,5,2,1,1,2,25056,M,,,25
200800019375,8,4,28,1820,1,2,1,3,2,25056,M,,,25
200800019376,8,4,29,1336,1,2,1,1,6,25056,M,,,25
200800019377,8,4,30,2220,5,2,1,1,6,25056,M,,,25
200800019378,8,4,19,1435,1,2,1,1,7,25020,M,,,25
200800019379,8,4,8,1730,1,2,2,2,3,26057,M,,,26
200800019380,8,4,25,1420,1,2,3,1,3,26281,M,,,26
200800019381,8,4,4,1105,1,1,1,1,3,26058,M,,,26
200800019382,8,4,12,1655,1,2,1,1,4,26362,M,,,26
200800019383,8,4,9,1705,1,1,1,8,5,26252,M,,,26
200800019384,8,4,13,435,3,1,1,1,6,26058,M,,,26
200800019385,8,4,18,730,1,2,1,1,3,26058,M,,,26
200800019386,8,4,21,900,1,2,1,2,6,26362,M,,,26
200800019387,8,4,21,1450,1,2,2,8,3,26362,M,,,26
200800019388,8,4,23,1830,1,2,2,1,3,26362,M,,,26
200800019389,8,4,28,1447,1,2,1,1,2,26362,M,,,26
200800019390,8,4,23,815,1,2,3,1,3,26058,M,,,26
200800019391,8,4,30,1120,1,2,1,1,6,26362,M,,,26
200800019392,8,4,1,1600,1,2,1,1,6,27229,M,,,27
200800019393,8,4,5,2105,5,2,1,1,3,27229,M,,,27
200800019394,8,4,13,1955,1,2,2,1,3,27229,M,,,27
200800019395,8,4,24,1750,1,2,1,1,6,27229,M,,,27
200800019396,8,4,28,1945,1,2,2,1,3,27229,M,,,27
200800019397,8,4,6,2050,3,2,1,8,7,27701,M,,,27
200800019398,8,4,8,2050,2,2,2,1,3,27351,M,,,27
200800019399,8,4,20,2125,3,1,1,1,2,27375,M,,,27
200800019400,8,4,24,1300,1,2,1,1,3,27701,M,,,27
200800019401,8,4,26,832,1,2,2,1,3,27701,M,,,27
200800019402,8,4,1,2235,5,2,1,1,7,27681,M,,,27
200800019403,8,4,9,1500,1,2,1,1,6,27681,M,,,27
200800019404,8,4,14,2230,5,2,1,1,2,27554,M,,,27
200800019405,8,4,24,1410,1,2,2,1,6,27681,M,,,27
200800019406,8,4,25,1615,1,2,1,1,2,27681,M,,,27
200800019407,8,4,18,2015,1,2,9,1,6,27681,M,,,27
200800019408,8,4,21,1220,1,2,1,2,6,27562,M,,,27
200800019409,8,4,27,1230,1,2,1,1,6,27681,M,,,27
200800019410,8,4,10,1440,1,2,7,1,6,27681,M,,,27
200800019411,8,4,19,2105,5,2,1,1,6,27562,M,,,27
200800019412,8,4,2,1510,1,2,1,8,6,28085,M,,,28
200800019413,8,4,3,1250,1,2,1,1,6,28229,M,,,28
200800019414,8,4,3,1732,1,1,1,1,1,28229,M,,,28
200800019415,8,4,11,1750,1,2,6,1,6,28110,M,,,28
200800019416,8,4,13,1615,1,2,1,1,2,28229,M,,,28
200800019417,8,4,25,1625,1,2,1,1,6,28085,M,,,28
200800019418,8,4,26,1730,1,2,1,1,6,28085,M,,,28
200800019419,8,4,26,1800,1,2,3,1,3,28229,M,,,28
200800019420,8,4,22,1350,1,2,1,1,6,28085,M,,,28
200800019421,8,4,1,645,3,1,4,1,3,28134,M,,,28
200800019422,8,4,1,1950,1,2,6,1,3,28404,M,,,28
200800019423,8,4,11,1900,1,2,1,1,7,28404,M,,,28
200800019424,8,4,3,840,1,2,1,1,6,29019,M,,,29
200800019425,8,4,3,1445,1,2,1,1,6,29019,M,,,29
200800019426,8,4,6,1005,1,2,2,8,3,29019,M,,,29
200800019427,8,4,6,1745,1,1,1,1,6,29019,M,,,29
200800019428,8,4,8,1010,1,2,1,1,6,29019,M,,,29
200800019429,8,4,8,1220,1,2,2,1,3,29019,M,,,29
200800019430,8,4,9,730,1,2,2,1,6,29019,M,,,29
200800019431,8,4,9,1800,1,2,1,1,6,29019,M,,,29
200800019432,8,4,7,630,2,2,6,1,6,29019,M,,,29
200800019433,8,4,10,750,1,2,2,1,2,29019,M,,,29
200800019434,8,4,11,800,1,2,3,1,1,29019,M,,,29
200800019435,8,4,11,925,1,2,1,2,6,29019,M,,,29
200800019436,8,4,11,1025,1,2,1,1,2,29019,M,,,29
200800019437,8,4,16,725,1,2,2,1,3,29019,M,,,29
200800019438,8,4,16,1330,1,2,3,1,6,29019,M,,,29
200800019439,8,4,16,1705,1,2,6,1,6,29019,M,,,29
200800019440,8,4,17,1945,1,1,1,1,6,29019,M,,,29
200800019441,8,4,18,5,3,2,9,2,7,29019,M,,,29
200800019442,8,4,21,1440,1,2,1,1,6,29019,M,,,29
200800019443,8,4,21,1705,1,2,1,2,6,29019,M,,,29
200800019444,8,4,23,1330,1,2,2,1,3,29019,M,,,29
200800019445,8,4,23,1400,1,2,2,1,3,29019,M,,,29
200800019446,8,4,24,1910,1,2,2,1,3,29019,M,,,29
200800019447,8,4,29,1345,1,2,1,2,6,29019,M,,,29
200800019448,8,4,20,1720,1,2,1,1,2,29039,M,,,29
200800019449,8,4,28,1215,1,2,6,2,3,29151,M,,,29
200800019450,8,4,21,1520,1,2,5,1,3,29232,M,,,29
200800019451,8,4,25,1605,1,2,6,1,6,29232,M,,,29
200800019452,8,4,2,2100,4,2,3,1,1,30189,M,4382031.0,434016.0,30
200800019453,8,4,3,1820,1,2,1,1,3,30189,M,4384084.0,431802.0,30
200800019454,8,4,2,1807,1,1,3,1,3,30189,M,4382685.0,436111.0,30
200800019455,8,4,4,1850,1,2,6,1,2,30189,M,4382021.0,435817.0,30
200800019456,8,4,11,530,3,2,1,2,7,30189,M,,,30
200800019457,8,4,11,1450,1,2,2,2,7,30189,M,,,30
200800019458,8,4,11,1605,1,2,1,2,2,30189,M,4384208.0,437842.0,30
200800019459,8,4,13,1550,1,2,1,1,7,30189,M,,,30
200800019460,8,4,15,948,1,1,2,1,3,30189,M,4390209.0,428387.0,30
200800019461,8,4,15,1756,1,2,1,1,2,30189,M,4380301.0,438146.0,30
200800019462,8,4,17,1044,1,2,2,1,3,30189,M,4382944.0,436170.0,30
200800019463,8,4,17,1622,1,2,1,2,6,30189,M,4384653.0,436229.0,30
200800019464,8,4,18,1650,1,2,2,3,3,30189,M,4383546.0,436949.0,30
200800019465,8,4,18,1845,1,2,1,2,7,30189,M,4383335.0,442557.0,30
200800019466,8,4,18,2320,5,2,2,2,3,30189,M,4383803.0,437678.0,30
200800019467,8,4,19,50,5,2,1,2,7,30189,M,4384395.0,430138.0,30
200800019468,8,4,19,1610,1,2,2,1,6,30189,M,,,30
200800019469,8,4,19,2038,2,2,4,1,7,30189,M,4379259.0,434785.0,30
200800019470,8,4,22,1210,1,2,1,1,5,30189,M,,,30
200800019471,8,4,22,1231,1,2,2,1,3,30189,M,4383957.0,437141.0,30
200800019472,8,4,23,1310,1,2,1,1,7,30189,M,,,30
200800019473,8,4,24,741,1,2,2,1,3,30189,M,4383513.0,437770.0,30
200800019474,8,4,24,1743,1,2,1,1,2,30189,M,,,30
200800019475,8,4,26,230,3,2,2,1,7,30189,M,4384027.0,438672.0,30
200800019476,8,4,28,1000,1,2,1,1,6,30189,M,,,30
200800019477,8,4,28,1859,1,2,2,2,6,30189,M,,,30
200800019478,8,4,28,2326,5,1,1,2,7,30189,M,4383772.0,432037.0,30
200800019479,8,4,29,802,1,2,1,1,3,30189,M,4382901.0,436083.0,30
200800019480,8,4,29,1600,1,2,1,1,4,30189,M,,,30
200800019481,8,4,30,1700,1,2,1,1,4,30189,M,4381840.0,435258.0,30
200800019482,8,4,8,830,1,2,9,2,3,31069,M,,,31
200800019483,8,4,18,1210,1,2,2,1,3,31069,M,,,31
200800019484,8,4,4,915,1,1,1,1,4,31149,M,,,31
200800019485,8,4,10,1510,1,2,1,3,4,31483,M,,,31
200800019486,8,4,1,440,5,2,1,1,1,31555,M,,,31
200800019487,8,4,1,1225,1,2,1,1,2,31555,M,,,31
200800019488,8,4,1,1930,1,2,1,1,6,31555,M,,,31
200800019489,8,4,1,850,1,2,1,1,4,31555,M,,,31
200800019490,8,4,2,1340,1,2,1,1,3,31555,M,,,31
200800019491,8,4,2,1735,1,2,3,1,3,31555,M,,,31
200800019492,8,4,2,1355,1,2,1,1,1,31555,M,,,31
200800019493,8,4,2,1800,1,2,6,1,3,31555,M,,,31
200800019494,8,4,3,830,1,2,1,1,6,31555,M,,,31
200800019495,8,4,3,850,1,2,1,1,7,31555,M,,,31
200800019496,8,4,3,1220,1,2,1,1,1,31555,M,,,31
200800019497,8,4,3,1450,1,2,1,1,6,31555,M,,,31
200800019498,8,4,3,1710,1,1,1,1,3,31555,M,,,31
200800019499,8,4,4,910,1,2,1,1,2,31555,M,,,31
200800019500,8,4,4,1410,1,2,1,1,6,31555,M,,,31
200800019501,8,4,5,1800,1,2,1,1,3,31555,M,,,31
200800019502,8,4,5,10,5,2,1,1,3,31555,M,,,31
200800019503,8,4,5,1540,1,2,1,1,6,31555,M,,,31
200800019504,8,4,7,1905,1,2,1,1,3,31555,M,,,31
200800019505,8,4,7,2150,5,2,1,2,6,31555,M,,,31
200800019506,8,4,7,2155,5,2,1,1,2,31555,M,,,31
200800019507,8,4,9,810,1,2,1,1,2,31555,M,,,31
200800019508,8,4,9,700,2,2,1,1,3,31555,M,,,31
200800019509,8,4,10,745,1,2,1,1,6,31555,M,,,31
200800019510,8,4,10,1315,1,2,1,1,3,31555,M,,,31
200800019511,8,4,11,350,5,2,1,3,2,31555,M,,,31
200800019512,8,4,11,1300,1,2,1,2,6,31555,M,,,31
200800019513,8,4,11,1210,1,2,1,1,6,31555,M,,,31
200800019514,8,4,11,1625,1,1,1,3,4,31555,M,,,31
200800019515,8,4,11,1830,1,1,1,2,6,31555,M,,,31
200800019516,8,4,12,150,5,2,1,1,6,31555,M,,,31
200800019517,8,4,12,2000,2,2,1,1,6,31555,M,,,31
200800019518,8,4,12,730,1,2,3,1,1,31555,M,,,31
200800019519,8,4,13,730,1,2,1,1,6,31555,M,,,31
200800019520,8,4,13,1600,1,2,1,1,6,31555,M,,,31
200800019521,8,4,14,1310,1,2,1,1,6,31555,M,,,31
200800019522,8,4,14,1350,1,2,1,1,3,31555,M,,,31
200800019523,8,4,14,1445,1,2,1,8,6,31555,M,,,31
200800019524,8,4,14,2335,5,2,1,1,6,31555,M,,,31
200800019525,8,4,15,1720,1,2,1,1,2,31555,M,,,31
200800019526,8,4,15,1000,1,2,1,1,6,31555,M,,,31
200800019527,8,4,15,2330,5,1,1,1,6,31555,M,,,31
200800019528,8,4,15,640,2,2,3,1,4,31555,M,,,31
200800019529,8,4,16,2240,5,2,1,1,6,31555,M,,,31
200800019530,8,4,16,1105,1,2,1,1,6,31555,M,,,31
200800019531,8,4,16,1620,1,2,1,1,3,31555,M,,,31
200800019532,8,4,17,2020,2,2,1,1,3,31555,M,,,31
200800019533,8,4,19,825,1,2,3,1,3,31555,M,,,31
200800019534,8,4,18,1430,1,1,1,8,6,31555,M,,,31
200800019535,8,4,18,1610,1,2,1,3,5,31555,M,,,31
200800019536,8,4,18,1715,1,2,1,8,3,31555,M,,,31
200800019537,8,4,20,1720,1,2,1,3,6,31555,M,,,31
200800019538,8,4,20,2105,5,2,1,3,6,31555,M,,,31
200800019539,8,4,21,1130,1,2,1,1,6,31555,M,,,31
200800019540,8,4,21,1705,1,1,1,3,4,31555,M,,,31
200800019541,8,4,21,1745,1,2,1,2,2,31555,M,,,31
200800019542,8,4,22,820,1,2,3,1,3,31555,M,,,31
200800019543,8,4,22,1200,1,2,1,8,3,31555,M,,,31
200800019544,8,4,23,710,1,2,1,1,3,31555,M,,,31
200800019545,8,4,23,1045,1,2,1,1,3,31555,M,,,31
200800019546,8,4,23,1705,1,2,1,1,2,31555,M,,,31
200800019547,8,4,25,1720,1,2,3,1,3,31555,M,,,31
200800019548,8,4,27,530,3,2,1,1,1,31555,M,,,31
200800019549,8,4,27,740,1,2,1,1,6,31555,M,,,31