Num_Acc,an,mois,jour,hrmn,lum,agg,int,atm,col,com,gps,lat,long,dep
200800019550,8,4,27,1405,1,2,3,1,2,31555,M,,,31
200800019551,8,4,28,1620,1,2,1,2,7,31555,M,,,31
200800019552,8,4,29,1039,1,2,3,1,3,31555,M,,,31
200800019553,8,4,30,1215,1,2,1,1,6,31555,M,,,31
200800019554,8,4,30,1415,1,1,1,1,2,31555,M,,,31
200800019555,8,4,30,1705,1,2,1,1,6,31555,M,,,31
200800019556,8,4,30,1720,1,2,1,1,3,31555,M,,,31
200800019557,8,4,9,720,1,1,3,8,3,32013,M,,,32
200800019558,8,4,13,2045,5,2,1,1,7,32013,M,,,32
200800019559,8,4,14,1740,1,1,3,1,3,32013,M,,,32
200800019560,8,4,15,1415,1,2,1,1,6,32013,M,,,32
200800019561,8,4,17,820,1,2,1,2,3,32013,M,,,32
200800019562,8,4,19,2105,3,1,1,8,7,32013,M,,,32
200800019563,8,4,28,1355,1,1,1,2,3,32013,M,,,32
200800019564,8,4,4,850,1,2,2,1,3,33529,M,,,33
200800019565,8,4,15,1830,1,2,1,1,2,33529,M,,,33
200800019566,8,4,19,1530,1,2,1,1,6,33529,M,,,33
200800019567,8,4,21,1455,1,2,2,1,3,33529,M,,,33
200800019568,8,4,1,925,1,1,1,1,2,33529,M,,,33
200800019569,8,4,11,820,1,1,2,1,3,33529,M,,,33
200800019570,8,4,25,1755,1,2,1,1,6,33529,M,,,33
200800019571,8,4,1,1220,1,2,1,1,2,33063,M,,,33
200800019572,8,4,1,1300,1,2,1,1,3,33063,M,,,33
200800019573,8,4,3,1900,1,2,2,1,3,33063,M,,,33
200800019574,8,4,2,800,1,2,1,1,5,33063,M,,,33
200800019575,8,4,3,1545,1,2,3,1,3,33063,M,,,33
200800019576,8,4,4,730,1,2,2,1,6,33063,M,,,33
200800019577,8,4,4,1625,1,2,2,1,3,33063,M,,,33
200800019578,8,4,4,1805,1,2,2,1,3,33063,M,,,33
200800019579,8,4,6,125,5,2,1,1,4,33063,M,,,33
200800019580,8,4,7,1530,1,2,1,7,6,33063,M,,,33
200800019581,8,4,4,2150,5,2,2,1,3,33318,M,,,33
200800019582,8,4,8,1100,1,2,2,2,3,33063,M,,,33
200800019583,8,4,8,1240,1,2,2,1,2,33063,M,,,33
200800019584,8,4,9,1940,1,2,1,1,3,33075,M,,,33
200800019585,8,4,4,1017,1,2,2,1,3,33281,M,,,33
200800019586,8,4,6,1025,1,2,3,1,3,33281,M,,,33
200800019587,8,4,3,1840,1,2,1,1,2,33063,M,,,33
200800019588,8,4,11,230,5,2,1,8,7,33063,M,,,33
200800019589,8,4,10,800,1,2,1,1,6,33063,M,,,33
200800019590,8,4,10,1255,1,2,1,2,2,33063,M,,,33
200800019591,8,4,7,900,1,2,3,1,3,33039,M,,,33
200800019592,8,4,5,1845,1,2,1,1,6,33192,M,,,33
200800019593,8,4,9,1610,1,2,6,1,3,33119,M,,,33
200800019594,8,4,11,1710,1,2,2,1,3,33063,M,,,33
200800019595,8,4,11,1840,1,2,2,1,6,33063,M,,,33
200800019596,8,4,11,1650,1,2,2,1,2,33063,M,,,33
200800019597,8,4,6,15,5,2,1,1,6,33522,M,,,33
200800019598,8,4,14,1335,1,2,3,1,1,33063,M,,,33
200800019599,8,4,4,950,1,2,2,1,6,33281,M,,,33
200800019600,8,4,12,1910,1,2,1,1,3,33063,M,,,33
200800019601,8,4,14,815,1,2,1,1,3,33063,M,,,33
200800019602,8,4,14,1330,1,2,1,1,3,33063,M,,,33
200800019603,8,4,7,1145,1,2,1,1,7,33249,M,,,33
200800019604,8,4,10,1235,1,2,6,2,7,33281,M,,,33
200800019605,8,4,15,1100,1,2,2,1,3,33063,M,,,33
200800019606,8,4,15,1730,1,2,1,1,4,33063,M,,,33
200800019607,8,4,16,1215,1,2,2,1,1,33063,M,,,33
200800019608,8,4,16,830,1,2,2,1,3,33063,M,,,33
200800019609,8,4,16,1245,1,2,1,1,2,33063,M,,,33
200800019610,8,4,16,1800,1,2,1,1,6,33119,M,,,33
200800019611,8,4,7,1000,1,2,1,1,3,33550,M,,,33
200800019612,8,4,15,1940,1,2,1,1,4,33318,M,,,33
200800019613,8,4,17,1800,1,2,7,1,3,33069,M,,,33
200800019614,8,4,11,1910,1,2,2,1,3,33039,M,,,33
200800019615,8,4,16,1620,1,2,1,1,4,33318,M,,,33
200800019616,8,4,12,2340,5,2,3,1,2,33063,M,,,33
200800019617,8,4,14,800,1,2,6,7,3,33192,M,,,33
200800019618,8,4,18,1315,1,2,5,1,1,33063,M,,,33
200800019619,8,4,18,1830,1,2,3,1,3,33063,M,,,33
200800019620,8,4,18,1715,1,2,2,8,4,33063,M,,,33
200800019621,8,4,20,35,5,2,3,1,3,33063,M,,,33
200800019622,8,4,18,1920,2,2,1,3,3,33063,M,,,33
200800019623,8,4,18,1820,1,2,2,3,2,33063,M,,,33
200800019624,8,4,12,1225,1,2,2,2,3,33281,M,,,33
200800019625,8,4,15,1750,1,2,3,9,3,33069,M,,,33
200800019626,8,4,15,715,2,2,5,1,6,33039,M,,,33
200800019627,8,4,15,1740,1,2,3,1,3,33075,M,,,33
200800019628,8,4,8,1740,1,2,4,1,3,33522,M,,,33
200800019629,8,4,21,1100,1,2,1,2,4,33063,M,,,33
200800019630,8,4,21,2200,5,2,1,2,6,33039,M,,,33
200800019631,8,4,15,1956,1,2,5,1,3,33318,M,,,33
200800019632,8,4,18,1210,1,2,2,1,3,33119,M,,,33
200800019633,8,4,22,1735,1,2,3,1,3,33063,M,,,33
200800019634,8,4,22,1650,1,2,2,1,3,33063,M,,,33
200800019635,8,4,18,744,1,2,1,2,6,33281,M,,,33
200800019636,8,4,19,2030,5,2,6,2,3,33550,M,,,33
200800019637,8,4,17,1630,1,2,3,1,4,33039,M,,,33
200800019638,8,4,19,236,5,2,1,1,6,33522,M,,,33
200800019639,8,4,18,1020,1,2,1,2,4,33318,M,,,33
200800019640,8,4,19,1410,1,2,2,1,3,33318,M,,,33
200800019641,8,4,19,1135,1,2,3,1,3,33550,M,,,33
200800019642,8,4,20,205,5,2,1,1,6,33039,M,,,33
200800019643,8,4,24,2300,5,2,3,1,3,33063,M,,,33
200800019644,8,4,23,1350,1,2,1,1,4,33119,M,,,33
200800019645,8,4,21,1747,1,2,3,3,3,33039,M,,,33
200800019646,8,4,24,2310,5,2,1,1,3,33063,M,,,33
200800019647,8,4,25,1510,1,2,1,1,6,33063,M,,,33
200800019648,8,4,28,818,1,2,1,1,3,33063,M,,,33
200800019649,8,4,22,803,1,2,2,2,3,33318,M,,,33
200800019650,8,4,22,1620,1,2,1,1,3,33550,M,,,33
200800019651,8,4,30,1240,1,2,1,1,6,33063,M,,,33
200800019652,8,4,28,800,2,2,2,1,3,33119,M,,,33
200800019653,8,4,26,2015,5,2,1,1,2,33550,M,,,33
200800019654,8,4,28,1525,1,2,2,1,2,33281,M,,,33
200800019655,8,4,29,850,1,2,3,2,2,33069,M,,,33
200800019656,8,4,28,2100,1,2,4,1,6,33075,M,,,33
200800019657,8,4,28,1455,1,2,3,3,3,33039,M,,,33
200800019658,8,4,30,1730,1,2,1,1,3,33281,M,,,33
200800019659,8,4,30,2025,1,2,3,1,7,33318,M,,,33
200800019660,8,4,11,2320,5,2,1,1,2,33243,M,,,33
200800019661,8,4,19,1115,1,2,1,1,6,33243,M,,,33
200800019662,8,4,25,735,2,2,1,5,1,33243,M,,,33
200800019663,8,4,5,2135,5,2,1,1,6,34003,M,,,34
200800019664,8,4,16,1500,1,2,1,1,6,34003,M,,,34
200800019665,8,4,18,1355,1,2,1,1,3,34003,M,,,34
200800019666,8,4,1,930,1,1,1,1,2,34032,M,,,34
200800019667,8,4,1,1915,2,2,1,1,7,34032,M,,,34
200800019668,8,4,4,1400,1,1,2,1,5,34032,M,,,34
200800019669,8,4,8,700,1,2,2,2,3,34032,M,,,34
200800019670,8,4,9,1112,1,2,4,1,7,34032,M,,,34
200800019671,8,4,8,2129,5,1,1,1,3,34336,M,,,34
200800019672,8,4,11,1530,1,2,6,1,7,34336,M,,,34
200800019673,8,4,10,2135,3,1,1,1,2,34336,M,,,34
200800019674,8,4,12,2000,2,2,1,1,2,34032,M,,,34
200800019675,8,4,13,1350,1,1,3,1,3,34032,M,,,34
200800019676,8,4,16,1930,1,2,2,1,3,34032,M,,,34
200800019677,8,4,20,1455,1,1,1,1,7,34032,M,4331000.0,345699.0,34
200800019678,8,4,21,1747,1,1,6,1,3,34032,M,,,34
200800019679,8,4,22,1820,1,2,2,1,3,34032,M,4334400.0,345699.0,34
200800019680,8,4,23,925,1,1,2,1,3,34032,M,,,34
200800019681,8,4,23,1030,1,2,2,1,7,34032,M,4334200.0,345699.0,34
200800019682,8,4,26,905,1,2,2,1,3,34032,M,,,34
200800019683,8,4,27,920,1,2,1,1,1,34032,M,4336402.0,345699.0,34
200800019684,8,4,30,1845,1,2,1,1,2,34032,M,,,34
200800019685,8,4,1,1050,1,1,1,1,3,34198,M,,,34
200800019686,8,4,2,1545,1,2,1,1,5,34172,M,,,34
200800019687,8,4,3,1510,1,2,1,1,6,34172,M,,,34
200800019688,8,4,4,725,1,2,1,1,3,34172,M,4361013.0,388435.0,34
200800019689,8,4,4,1440,1,2,1,1,2,34172,M,,,34
200800019690,8,4,4,1850,1,2,3,1,3,34172,M,,,34
200800019691,8,4,5,1345,1,1,1,1,7,34198,M,,,34
200800019692,8,4,2,1110,1,1,1,1,2,34129,M,,,34
200800019693,8,4,5,1225,1,2,3,1,3,34172,M,,,34
200800019694,8,4,7,1635,1,2,1,1,2,34172,M,4363194.0,388302.0,34
200800019695,8,4,7,850,1,2,1,1,3,34172,M,,,34
200800019696,8,4,8,1540,1,2,3,2,3,34172,M,,,34
200800019697,8,4,8,1450,1,2,1,2,6,34172,M,,,34
200800019698,8,4,9,1210,1,2,1,1,6,34172,M,,,34
200800019699,8,4,10,2216,5,2,1,1,7,34172,M,,,34
200800019700,8,4,11,1915,1,2,1,8,3,34172,M,,,34
200800019701,8,4,12,515,5,2,3,1,6,34172,M,,,34
200800019702,8,4,15,1740,1,2,2,1,3,34172,M,,,34
200800019703,8,4,13,550,5,2,2,1,3,34198,M,,,34
200800019704,8,4,12,1450,1,1,1,1,6,34129,M,,,34
200800019705,8,4,16,932,1,2,1,1,2,34172,M,,,34
200800019706,8,4,17,1540,1,1,6,3,7,34129,M,,,34
200800019707,8,4,17,1657,1,2,2,2,7,34172,M,,,34
200800019708,8,4,17,2010,2,1,6,2,3,34172,M,4358351.0,384867.0,34
200800019709,8,4,19,530,5,2,1,8,3,34172,M,4359715.0,388881.0,34
200800019710,8,4,19,1719,1,2,3,1,3,34172,M,,,34
200800019711,8,4,19,1803,1,2,3,1,3,34172,M,4360339.0,388295.0,34
200800019712,8,4,21,1040,1,2,3,1,3,34172,M,,,34
200800019713,8,4,26,1500,1,2,1,1,3,34172,M,,,34
200800019714,8,4,26,1730,1,2,3,1,3,34172,M,,,34
200800019715,8,4,26,1900,1,2,2,1,7,34172,M,,,34
200800019716,8,4,27,520,5,2,2,1,3,34172,M,4363016.0,382252.0,34
200800019717,8,4,26,2149,5,2,9,1,1,34172,M,,,34
200800019718,8,4,27,2150,5,2,4,1,7,34172,M,,,34
200800019719,8,4,28,155,5,2,1,1,7,34172,M,,,34
200800019720,8,4,28,1630,1,2,1,8,6,34172,M,,,34
200800019721,8,4,28,1825,1,2,3,2,3,34172,M,4360149.0,385175.0,34
200800019722,8,4,25,230,5,2,1,1,6,34172,M,4362872.0,385749.0,34
200800019723,8,4,28,2155,3,1,1,2,6,34198,M,,,34
200800019724,8,4,29,840,1,2,1,1,3,34172,M,4363242.0,383754.0,34
200800019725,8,4,30,1630,1,2,1,1,7,34129,M,,,34
200800019726,8,4,1,950,1,2,1,1,6,34108,M,,,34
200800019727,8,4,8,700,5,1,1,2,2,34301,M,,,34
200800019728,8,4,24,1915,1,2,1,1,5,34301,M,,,34
200800019729,8,4,17,805,1,2,1,1,6,35115,M,,,35
200800019730,8,4,1,915,1,2,3,2,3,35238,M,,,35
200800019731,8,4,1,1815,1,2,2,1,2,35238,M,,,35
200800019732,8,4,2,45,5,2,2,1,2,35238,M,,,35
200800019733,8,4,3,2300,5,2,2,1,3,35238,M,,,35
200800019734,8,4,5,1100,1,2,5,1,2,35238,M,,,35
200800019735,8,4,5,2220,5,2,2,1,2,35238,M,,,35
200800019736,8,4,6,612,5,2,1,1,7,35238,M,,,35
200800019737,8,4,7,820,1,2,2,1,3,35238,M,,,35
200800019738,8,4,7,1930,1,2,1,1,3,35238,M,,,35
200800019739,8,4,8,1843,1,2,1,1,6,35238,M,,,35
200800019740,8,4,8,2010,1,2,3,1,3,35238,M,,,35
200800019741,8,4,9,1145,1,2,1,1,6,35238,M,,,35
200800019742,8,4,9,1620,1,2,3,1,6,35238,M,,,35
200800019743,8,4,10,1300,1,2,2,1,3,35238,M,,,35
200800019744,8,4,10,1705,1,2,9,1,2,35281,M,,,35
200800019745,8,4,11,930,1,2,1,1,3,35278,M,,,35
200800019746,8,4,12,152,5,2,1,1,2,35238,M,,,35
200800019747,8,4,12,1515,1,1,1,3,2,35238,M,,,35
200800019748,8,4,12,1920,1,2,3,2,4,35238,M,,,35
200800019749,8,4,13,1430,1,1,1,8,7,35238,M,,,35
200800019750,8,4,13,2020,5,2,3,3,3,35238,M,,,35
200800019751,8,4,14,2010,1,2,3,1,3,35238,M,,,35
200800019752,8,4,15,950,1,1,9,1,3,35238,M,,,35
200800019753,8,4,15,1210,1,2,3,1,3,35238,M,,,35
200800019754,8,4,15,1210,1,2,6,1,3,35055,M,,,35
200800019755,8,4,16,1700,1,2,1,1,3,35238,M,,,35
200800019756,8,4,16,1645,1,1,9,1,6,35238,M,,,35
200800019757,8,4,16,1655,1,2,1,1,2,35238,M,,,35
200800019758,8,4,17,2335,3,1,1,2,6,35238,M,,,35
200800019759,8,4,17,2120,5,2,2,2,3,35238,M,,,35
200800019760,8,4,18,1515,1,2,2,2,6,35238,M,,,35
200800019761,8,4,19,1850,1,1,9,1,6,35238,M,,,35
200800019762,8,4,20,900,1,2,3,8,3,35238,M,,,35
200800019763,8,4,20,1843,1,2,1,1,3,35238,M,,,35
200800019764,8,4,21,750,1,1,1,2,2,35238,M,,,35
200800019765,8,4,21,950,1,2,1,2,7,35238,M,,,35
200800019766,8,4,23,1915,1,2,1,1,7,35238,M,,,35
200800019767,8,4,25,2155,5,2,1,1,1,35238,M,,,35
200800019768,8,4,26,255,5,2,2,1,3,35238,M,,,35
200800019769,8,4,22,1110,1,2,1,1,6,35238,M,,,35
200800019770,8,4,29,1245,1,2,1,2,2,35238,M,,,35
200800019771,8,4,30,755,1,1,1,1,7,35281,M,,,35
200800019772,8,4,30,955,1,1,1,8,4,35238,M,,,35
200800019773,8,4,30,1820,1,2,3,2,3,35238,M,,,35
200800019774,8,4,30,2345,5,2,2,1,6,35238,M,,,35
200800019775,8,4,15,2145,5,2,1,1,7,36044,M,,,36
200800019776,8,4,1,810,1,2,1,1,3,36044,M,,,36
200800019777,8,4,2,755,1,1,1,1,1,36044,M,,,36
200800019778,8,4,2,1700,1,2,1,1,2,36044,M,,,36
200800019779,8,4,2,1745,1,1,3,1,3,36159,M,,,36
200800019780,8,4,3,1500,1,2,2,1,3,36044,M,,,36
200800019781,8,4,6,1315,1,2,1,1,2,36044,M,,,36
200800019782,8,4,9,2220,3,1,1,1,6,36159,M,,,36
200800019783,8,4,11,1510,1,2,1,1,6,36044,M,,,36
200800019784,8,4,11,1555,1,1,1,1,2,36202,M,,,36
200800019785,8,4,13,1155,1,2,1,3,2,36202,M,,,36
200800019786,8,4,14,1720,1,2,3,1,3,36044,M,,,36
200800019787,8,4,18,752,1,1,3,1,3,36044,M,,,36
200800019788,8,4,18,1150,1,2,1,1,6,36044,M,,,36
200800019789,8,4,19,1547,1,1,1,1,7,36202,M,,,36
200800019790,8,4,22,1525,1,2,1,1,6,36044,M,,,36
200800019791,8,4,24,1750,1,1,1,1,6,36063,M,,,36
200800019792,8,4,24,2345,4,1,1,1,7,36202,M,,,36
200800019793,8,4,25,925,1,2,1,1,3,36044,M,,,36
200800019794,8,4,28,1017,1,2,1,1,5,36044,M,,,36
200800019795,8,4,6,125,5,2,2,8,3,37261,M,,,37
200800019796,8,4,4,1630,1,2,2,1,3,37261,M,,,37
200800019797,8,4,24,1725,1,2,1,1,6,37122,M,,,37
200800019798,8,4,28,1610,1,2,2,1,3,37261,M,,,37
200800019799,8,4,29,2150,5,2,2,3,3,37261,M,,,37
200800019800,8,4,21,852,1,1,1,3,5,37261,M,,,37
200800019801,8,4,15,1830,1,2,1,1,6,37122,M,,,37
200800019802,8,4,2,1535,1,2,1,1,6,38053,M,,,38
200800019803,8,4,11,1115,1,2,2,3,3,38053,M,,,38
200800019804,8,4,28,1330,1,1,1,8,1,38053,M,,,38
200800019805,8,4,1,1615,1,2,1,1,6,38185,M,,,38
200800019806,8,4,1,1900,1,1,1,1,2,38151,M,,,38
200800019807,8,4,2,1610,1,2,2,1,6,38185,M,,,38
200800019808,8,4,4,1950,1,2,2,1,6,38185,M,,,38
200800019809,8,4,7,1500,1,2,1,1,2,38185,M,,,38
200800019810,8,4,8,1125,1,2,1,2,6,38185,M,,,38
200800019811,8,4,10,845,1,2,1,2,1,38185,M,,,38
200800019812,8,4,10,1530,1,2,1,1,6,38151,M,,,38
200800019813,8,4,11,1130,1,2,1,2,6,38185,M,,,38
200800019814,8,4,12,1715,1,2,1,1,2,38185,M,,,38
200800019815,8,4,12,2350,3,1,1,1,2,38421,M,,,38
200800019816,8,4,13,1915,1,2,2,1,3,38421,M,,,38
200800019817,8,4,16,710,2,2,1,1,6,38185,M,,,38
200800019818,8,4,16,1630,1,2,3,1,3,38169,M,,,38
200800019819,8,4,17,2200,5,2,1,2,6,38185,M,,,38
200800019820,8,4,18,2150,5,2,3,2,3,38185,M,,,38
200800019821,8,4,26,1105,1,2,1,1,6,38185,M,,,38
200800019822,8,4,26,1520,1,2,1,1,2,38185,M,,,38
200800019823,8,4,27,1235,1,2,1,1,3,38151,M,,,38
200800019824,8,4,28,2300,3,1,1,2,5,38151,M,,,38
200800019825,8,4,29,1045,1,2,1,1,6,38185,M,,,38
200800019826,8,4,29,1430,1,2,1,1,3,38185,M,,,38
200800019827,8,4,9,1719,1,2,1,1,6,38544,M,,,38
200800019828,8,4,16,1841,5,2,3,1,5,38544,M,,,38
200800019829,8,4,30,1755,1,2,1,1,6,38544,M,,,38
200800019830,8,4,14,1810,1,2,4,8,3,39198,M,,,39
200800019831,8,4,26,1540,1,1,1,1,2,39198,M,,,39
200800019832,8,4,4,755,1,2,1,1,6,39300,M,,,39
200800019833,8,4,17,1840,1,2,3,3,6,39300,M,,,39
200800019834,8,4,3,2103,5,2,1,2,3,40279,M,,,40
200800019835,8,4,6,1900,1,2,1,1,4,40088,M,,,40
200800019836,8,4,13,1140,1,2,1,1,3,40279,M,,,40
200800019837,8,4,25,1512,1,2,1,1,3,40088,M,,,40
200800019838,8,4,9,2220,5,2,3,2,3,40192,M,,,40
200800019839,8,4,16,555,5,1,3,1,3,40192,M,,,40
200800019840,8,4,22,1334,1,2,3,2,6,40192,M,,,40
200800019841,8,4,5,1542,1,2,3,1,2,41018,M,,,41
200800019842,8,4,4,1300,1,2,1,1,6,41018,M,,,41
200800019843,8,4,8,1435,1,2,1,1,3,41047,M,,,41
200800019844,8,4,21,1800,1,2,1,2,1,41018,M,,,41
200800019845,8,4,23,957,1,2,1,1,6,41018,M,,,41
200800019846,8,4,24,2047,1,2,1,1,3,41018,M,,,41
200800019847,8,4,25,1645,1,2,1,1,2,41018,M,,,41
200800019848,8,4,29,1005,1,2,1,1,6,41047,M,,,41
200800019849,8,4,29,1140,1,2,1,1,2,41018,M,,,41
200800019850,8,4,3,1955,1,2,6,1,3,41194,M,,,41
200800019851,8,4,30,1140,1,1,1,1,3,41138,M,,,41
200800019852,8,4,3,1740,1,2,1,8,3,42095,M,,,42
200800019853,8,4,7,2310,5,2,1,1,6,42095,M,4522849.0,416622.0,42
200800019854,8,4,10,1705,1,2,1,1,7,42099,M,,,42
200800019855,8,4,19,1435,1,2,1,1,6,42044,M,4523945.0,419708.0,42
200800019856,8,4,21,1705,1,2,1,1,6,42095,M,4522883.0,416928.0,42
200800019857,8,4,30,1400,1,2,1,1,6,42044,M,,,42
200800019858,8,4,30,1510,1,2,1,1,3,42095,M,,,42
200800019859,8,4,24,2215,5,2,1,1,6,42095,M,,,42
200800019860,8,4,30,2120,5,2,1,1,1,42095,M,,,42
200800019861,8,4,5,1430,1,2,2,1,3,42147,M,,,42
200800019862,8,4,16,445,5,1,1,1,6,42299,M,,,42
200800019863,8,4,26,2105,5,2,3,1,3,42147,M,,,42
200800019864,8,4,29,1655,1,2,1,1,1,42186,M,,,42
200800019865,8,4,2,1755,1,2,1,1,6,42218,M,,,42
200800019866,8,4,3,740,2,2,1,2,2,42218,M,,,42
200800019867,8,4,7,838,1,2,2,1,6,42218,M,,,42
200800019868,8,4,7,1550,1,2,2,1,3,42218,M,,,42
200800019869,8,4,7,1745,1,2,3,1,6,42330,M,,,42
200800019870,8,4,8,1533,1,2,3,1,1,42218,M,,,42
200800019871,8,4,10,658,2,2,1,2,3,42218,M,,,42
200800019872,8,4,14,804,1,2,1,8,6,42218,M,,,42
200800019873,8,4,15,1936,1,2,3,1,6,42218,M,,,42
200800019874,8,4,16,1015,1,2,9,1,6,42218,M,4526225.0,424846.0,42
200800019875,8,4,16,1400,2,2,3,1,3,42218,M,,,42
200800019876,8,4,16,1420,1,2,1,1,6,42218,M,4526209.0,422963.0,42
200800019877,8,4,13,516,5,2,1,1,7,42218,M,,,42
200800019878,8,4,17,2100,5,2,2,1,3,42218,M,,,42
200800019879,8,4,19,940,1,1,1,1,7,42218,M,,,42
200800019880,8,4,19,2240,5,2,1,1,5,42218,M,,,42
200800019881,8,4,21,1430,1,2,6,1,6,42218,M,,,42
200800019882,8,4,23,1529,1,2,1,1,5,42218,M,,,42
200800019883,8,4,24,1500,1,2,1,1,2,42218,M,,,42
200800019884,8,4,24,1540,1,2,3,1,3,42218,M,4527032.0,423900.0,42
200800019885,8,4,26,1550,1,2,1,1,6,42218,M,,,42
200800019886,8,4,26,1550,1,2,1,1,6,42237,M,,,42
200800019887,8,4,30,1650,1,2,1,1,6,42218,M,4527880.0,422759.0,42
200800019888,8,4,7,1635,1,2,1,1,6,43089,M,,,43
200800019889,8,4,8,850,1,2,1,2,6,43041,M,,,43
200800019890,8,4,26,1145,1,2,1,1,3,43046,M,,,43
200800019891,8,4,3,824,1,1,6,1,3,44055,M,,,44
200800019892,8,4,1,1750,1,2,1,1,3,44109,M,,,44
200800019893,8,4,3,530,5,2,3,1,3,44109,M,,,44
200800019894,8,4,3,820,1,2,1,1,3,44162,M,,,44
200800019895,8,4,2,750,4,2,1,1,3,44109,M,,,44
200800019896,8,4,3,1425,1,1,1,1,2,44162,M,,,44
200800019897,8,4,4,1250,1,2,1,1,6,44109,M,,,44
200800019898,8,4,6,535,5,2,6,1,3,44109,M,,,44
200800019899,8,4,8,1550,1,2,1,1,6,44114,M,,,44
200800019900,8,4,10,1345,1,2,2,1,6,44109,M,,,44
200800019901,8,4,12,1655,1,2,1,1,3,44162,M,,,44
200800019902,8,4,11,1605,1,2,1,1,6,44109,M,,,44
200800019903,8,4,11,1425,1,2,4,1,2,44109,M,,,44
200800019904,8,4,11,1545,1,2,1,1,2,44109,M,,,44
200800019905,8,4,11,1810,1,2,1,1,6,44109,M,,,44
200800019906,8,4,12,425,5,2,1,1,6,44114,M,,,44
200800019907,8,4,13,1805,1,2,1,1,6,44109,M,,,44
200800019908,8,4,14,2123,5,2,2,2,3,44109,M,,,44
200800019909,8,4,15,1730,1,2,1,1,6,44109,M,,,44
200800019910,8,4,15,630,5,2,6,1,6,44109,M,,,44
200800019911,8,4,16,540,5,2,1,1,6,44109,M,,,44
200800019912,8,4,17,1605,1,2,1,1,7,44143,M,,,44
200800019913,8,4,17,1810,1,2,6,3,3,44109,M,,,44
200800019914,8,4,18,1740,1,2,6,1,3,44109,M,,,44
200800019915,8,4,20,1745,1,2,1,1,6,44109,M,,,44
200800019916,8,4,20,330,3,1,1,1,6,44009,M,,,44
200800019917,8,4,18,1410,1,2,3,2,3,44114,M,,,44
200800019918,8,4,21,1245,1,2,1,8,2,44162,M,,,44
200800019919,8,4,21,1210,1,1,1,3,3,44109,M,,,44
200800019920,8,4,22,2055,1,2,3,1,3,44109,M,,,44
200800019921,8,4,24,1820,1,2,1,1,7,44114,M,,,44
200800019922,8,4,18,1645,1,2,1,9,2,44162,M,,,44
200800019923,8,4,22,2100,5,2,1,9,6,44162,M,,,44
200800019924,8,4,24,1700,1,2,1,1,7,44109,M,,,44
200800019925,8,4,25,1745,1,2,1,1,6,44109,M,,,44
200800019926,8,4,25,1700,1,2,1,1,6,44109,M,,,44
200800019927,8,4,27,845,1,2,8,1,3,44109,M,,,44
200800019928,8,4,28,1635,1,2,1,1,6,44162,M,,,44
200800019929,8,4,29,2210,5,2,3,3,6,44109,M,,,44
200800019930,8,4,19,1430,1,2,1,1,6,44109,M,,,44
200800019931,8,4,18,2130,5,2,1,1,6,44109,M,,,44
200800019932,8,4,25,1450,1,2,1,1,6,44143,M,,,44
200800019933,8,4,16,1250,1,2,1,1,6,44114,M,,,44
200800019934,8,4,3,1515,1,2,2,1,3,44184,M,,,44
200800019935,8,4,19,1420,1,1,1,1,2,44184,M,,,44
200800019936,8,4,20,1945,1,2,1,1,3,44184,M,,,44
200800019937,8,4,23,1740,1,1,1,1,2,44184,M,,,44
200800019938,8,4,23,1757,1,1,1,1,6,44184,M,,,44
200800019939,8,4,1,855,1,2,6,1,3,45068,M,,,45
200800019940,8,4,7,1512,1,2,1,1,6,45208,M,,,45
200800019941,8,4,15,1811,1,2,3,1,3,45004,M,,,45
200800019942,8,4,1,735,1,2,1,1,4,45147,M,,,45
200800019943,8,4,1,1700,1,2,3,1,1,45286,M,,,45
200800019944,8,4,2,834,1,2,1,1,2,45234,M,,,45
200800019945,8,4,4,1155,1,2,3,1,3,45234,M,,,45
200800019946,8,4,4,1725,1,2,1,1,3,45234,M,,,45
200800019947,8,4,7,1900,1,1,1,1,2,45285,M,,,45
200800019948,8,4,9,1345,1,2,3,1,3,45232,M,,,45
200800019949,8,4,11,2045,2,2,1,1,2,45285,M,,,45
200800019950,8,4,11,1255,1,2,1,1,6,45285,M,,,45
200800019951,8,4,11,1105,1,2,1,1,6,45234,M,,,45
200800019952,8,4,14,1417,1,2,2,3,3,45285,M,,,45
200800019953,8,4,21,1300,1,2,3,1,3,45302,M,,,45
200800019954,8,4,23,830,1,2,2,1,3,45284,M,,,45
200800019955,8,4,23,1030,1,2,1,1,3,45284,M,,,45
200800019956,8,4,24,1810,1,2,1,1,6,45234,M,,,45
200800019957,8,4,25,2040,5,2,1,1,6,45286,M,,,45
200800019958,8,4,26,1640,1,2,2,1,3,45234,M,,,45
200800019959,8,4,26,1110,1,1,6,1,5,45302,M,,,45
200800019960,8,4,28,914,1,2,1,3,3,45286,M,,,45
200800019961,8,4,29,750,1,2,1,1,2,45234,M,,,45
200800019962,8,4,30,1520,1,1,1,1,3,45234,M,,,45
200800019963,8,4,30,1534,1,2,1,1,3,45302,M,,,45
200800019964,8,4,30,1620,1,2,1,1,6,45302,M,,,45
200800019965,8,4,30,1650,1,2,1,3,6,45234,M,,,45
200800019966,8,4,30,2300,5,1,1,1,2,45285,M,,,45
200800019967,8,4,1,1430,1,2,9,1,4,46042,M,,,46
200800019968,8,4,7,2035,1,2,2,1,3,46042,M,,,46
200800019969,8,4,8,1220,1,2,1,8,6,46042,M,,,46
200800019970,8,4,26,950,1,2,2,1,3,46191,M,,,46
200800019971,8,4,2,705,2,1,1,1,7,47027,M,,,47