Num_Acc,an,mois,jour,hrmn,lum,agg,int,atm,col,com,gps,lat,long,dep
200800019972,8,4,3,920,1,2,1,8,3,47027,M,,,47
200800019973,8,4,14,1820,1,2,1,1,4,47323,M,,,47
200800019974,8,4,29,1230,1,2,3,1,3,47323,M,,,47
200800019975,8,4,2,1208,1,2,1,1,6,48095,M,4452261.0,350118.0,48
200800019976,8,4,25,1649,1,2,1,1,2,48095,M,4451949.0,349711.0,48
200800019977,8,4,26,836,1,2,1,1,6,48095,M,4451629.0,349918.0,48
200800019978,8,4,1,1644,1,2,2,1,3,49007,M,,,49
200800019979,8,4,2,820,1,2,1,1,3,49007,M,,,49
200800019980,8,4,2,1142,1,2,1,1,2,49007,M,,,49
200800019981,8,4,2,1715,1,2,1,1,3,49007,M,,,49
200800019982,8,4,2,1450,1,2,1,1,6,49007,M,,,49
200800019983,8,4,3,1439,1,2,1,1,5,49246,M,,,49
200800019984,8,4,3,1713,1,2,1,1,3,49007,M,,,49
200800019985,8,4,4,1810,1,2,1,1,7,49007,M,,,49
200800019986,8,4,5,620,2,2,1,1,7,49353,M,,,49
200800019987,8,4,6,1351,1,2,1,1,7,49007,M,,,49
200800019988,8,4,6,2147,5,2,1,1,2,49007,M,,,49
200800019989,8,4,7,825,1,2,1,1,3,49007,M,,,49
200800019990,8,4,7,2120,5,2,1,1,3,49007,M,,,49
200800019991,8,4,8,2134,5,2,1,1,1,49007,M,,,49
200800019992,8,4,9,1009,1,2,1,2,1,49007,M,,,49
200800019993,8,4,10,1536,1,2,1,1,7,49007,M,,,49
200800019994,8,4,11,720,2,2,1,1,3,49246,M,,,49
200800019995,8,4,11,1715,1,2,1,1,7,49007,M,,,49
200800019996,8,4,12,1655,1,2,1,1,7,49007,M,,,49
200800019997,8,4,14,758,1,2,1,1,7,49015,M,,,49
200800019998,8,4,14,1319,1,2,1,2,7,49015,M,,,49
200800019999,8,4,14,1837,5,2,1,1,3,49007,M,,,49
200800020000,8,4,14,826,1,1,1,1,4,49267,M,,,49
200800020001,8,4,15,1538,1,2,1,1,7,49007,M,,,49
200800020002,8,4,16,836,1,2,1,1,3,49007,M,,,49
200800020003,8,4,17,1609,1,2,1,2,3,49015,M,,,49
200800020004,8,4,17,1519,1,2,1,2,1,49353,M,,,49
200800020005,8,4,18,952,1,2,1,2,7,49007,M,,,49
200800020006,8,4,19,1522,1,2,1,1,7,49246,M,,,49
200800020007,8,4,22,1434,1,2,1,1,7,49007,M,,,49
200800020008,8,4,25,810,1,2,1,1,7,49007,M,,,49
200800020009,8,4,25,1400,1,2,1,1,2,49007,M,,,49
200800020010,8,4,25,1420,1,2,1,1,3,49007,M,,,49
200800020011,8,4,25,1911,1,2,1,1,7,49007,M,,,49
200800020012,8,4,26,1600,1,2,1,1,7,49015,M,,,49
200800020013,8,4,28,2040,2,1,1,1,1,49267,M,,,49
200800020014,8,4,29,1039,1,2,1,1,7,49007,M,,,49
200800020015,8,4,29,1643,1,2,1,2,7,49007,M,,,49
200800020016,8,4,30,1609,1,1,1,1,7,49246,M,,,49
200800020017,8,4,2,1845,1,2,2,1,3,49099,M,,,49
200800020018,8,4,4,1607,1,2,3,1,3,49099,M,,,49
200800020019,8,4,5,135,5,2,1,1,6,49099,M,,,49
200800020020,8,4,7,2150,5,2,1,1,6,49099,M,,,49
200800020021,8,4,9,1025,1,2,3,1,3,49099,M,,,49
200800020022,8,4,10,2125,4,2,2,1,3,49099,M,,,49
200800020023,8,4,11,800,1,2,1,1,6,49099,M,,,49
200800020024,8,4,13,45,5,2,1,1,2,49099,M,,,49
200800020025,8,4,23,1735,1,2,1,1,5,49099,M,,,49
200800020026,8,4,15,1915,1,2,3,1,6,49328,M,,,49
200800020027,8,4,4,1225,1,2,1,1,4,50173,M,,,50
200800020028,8,4,6,1450,1,2,6,1,7,50602,M,,,50
200800020029,8,4,7,640,5,2,1,1,1,50203,M,,,50
200800020030,8,4,10,1840,1,2,1,1,2,50129,M,,,50
200800020031,8,4,10,1835,1,2,1,1,6,50129,M,,,50
200800020032,8,4,11,415,5,2,1,1,6,50173,M,,,50
200800020033,8,4,13,1845,1,2,2,1,7,50129,M,,,50
200800020034,8,4,14,1730,1,1,2,1,7,50203,M,,,50
200800020035,8,4,15,1435,1,2,3,1,3,50129,M,,,50
200800020036,8,4,19,320,5,1,1,2,7,50173,M,,,50
200800020037,8,4,21,1400,1,2,3,1,2,50173,M,,,50
200800020038,8,4,25,1620,1,2,3,1,3,50129,M,,,50
200800020039,8,4,25,2010,1,2,1,1,3,50173,M,,,50
200800020040,8,4,28,1700,1,1,1,1,2,50129,M,,,50
200800020041,8,4,29,1145,1,2,3,1,6,50129,M,,,50
200800020042,8,4,30,1050,1,2,2,1,6,50129,M,,,50
200800020043,8,4,11,1710,1,2,1,1,6,50147,M,,,50
200800020044,8,4,15,950,1,2,1,1,2,50147,M,,,50
200800020045,8,4,14,1420,1,2,1,1,3,50218,M,,,50
200800020046,8,4,16,1850,1,2,3,1,5,50502,M,,,50
200800020047,8,4,20,1730,1,2,2,1,3,50502,M,,,50
200800020048,8,4,19,2110,5,2,1,1,7,51108,M,,,51
200800020049,8,4,2,1230,1,2,9,1,6,51230,M,,,51
200800020050,8,4,5,315,5,2,1,1,7,51390,M,,,51
200800020051,8,4,10,750,2,2,1,1,6,51454,M,,,51
200800020052,8,4,12,1525,1,2,1,1,1,51454,M,,,51
200800020053,8,4,16,840,1,2,1,1,6,51454,M,,,51
200800020054,8,4,25,1800,1,2,1,1,3,51454,M,,,51
200800020055,8,4,1,1220,1,2,1,1,4,52121,M,,,52
200800020056,8,4,10,1024,1,1,3,2,3,52121,M,,,52
200800020057,8,4,10,1810,1,2,1,1,2,52121,M,,,52
200800020058,8,4,14,950,1,1,2,2,3,52121,M,,,52
200800020059,8,4,15,1040,1,2,1,1,6,52121,M,,,52
200800020060,8,4,4,1120,1,2,1,1,2,52448,M,,,52
200800020061,8,4,29,1110,1,2,1,1,6,52448,M,,,52
200800020062,8,4,22,850,1,1,1,1,1,53201,M,,,53
200800020063,8,4,30,2235,3,1,1,1,6,53130,M,,,53
200800020064,8,4,29,1740,1,2,1,1,6,54280,M,,,54
200800020065,8,4,17,1845,1,1,1,1,6,54136,M,,,54
200800020066,8,4,2,935,1,2,2,1,6,54395,M,,,54
200800020067,8,4,1,1705,1,2,2,1,2,54547,M,,,54
200800020068,8,4,5,1045,1,2,1,1,2,54578,M,,,54
200800020069,8,4,6,555,5,2,1,1,6,54395,M,,,54
200800020070,8,4,7,830,1,2,3,4,5,54547,M,,,54
200800020071,8,4,8,1610,1,1,1,1,6,54265,M,,,54
200800020072,8,4,9,2010,2,2,2,2,1,54547,M,,,54
200800020073,8,4,9,1845,1,1,3,2,3,54395,M,,,54
200800020074,8,4,11,1405,1,2,2,2,6,54395,M,,,54
200800020075,8,4,11,1630,1,2,3,1,3,54395,M,,,54
200800020076,8,4,11,1655,1,2,3,1,4,54395,M,,,54
200800020077,8,4,11,1705,1,2,1,1,1,54395,M,,,54
200800020078,8,4,12,1610,1,2,1,1,6,54395,M,,,54
200800020079,8,4,13,450,5,1,3,1,6,54025,M,,,54
200800020080,8,4,15,1200,1,2,3,1,6,54395,M,,,54
200800020081,8,4,15,2100,5,2,3,1,6,54395,M,,,54
200800020082,8,4,17,1715,1,1,1,1,6,54184,M,,,54
200800020083,8,4,19,1500,1,2,2,1,2,54395,M,,,54
200800020084,8,4,23,1525,1,2,4,2,6,54395,M,,,54
200800020085,8,4,25,1525,1,2,1,1,6,54339,M,,,54
200800020086,8,4,29,820,1,2,2,1,6,54395,M,,,54
200800020087,8,4,29,915,1,2,1,1,4,54578,M,,,54
200800020088,8,4,29,1620,1,2,4,1,2,54257,M,,,54
200800020089,8,4,30,1344,1,2,5,1,6,54395,M,,,54
200800020090,8,4,5,2100,5,2,3,1,3,54431,M,,,54
200800020091,8,4,21,1030,1,2,1,1,3,54431,M,,,54
200800020092,8,4,6,2040,3,2,1,1,3,54167,M,,,54
200800020093,8,4,5,1325,1,2,1,1,7,54580,M,,,54
200800020094,8,4,10,2034,3,1,1,1,7,54575,M,,,54
200800020095,8,4,19,2055,2,1,1,1,1,54575,M,,,54
200800020096,8,4,8,1130,1,2,1,2,6,55186,M,,,55
200800020097,8,4,8,1735,1,2,1,2,6,55029,M,,,55
200800020098,8,4,10,20,5,2,1,2,6,55029,M,,,55
200800020099,8,4,20,310,5,2,1,1,7,55029,M,,,55
200800020100,8,4,25,1600,1,2,1,1,3,55029,M,,,55
200800020101,8,4,1,1310,1,2,1,1,3,55545,M,,,55
200800020102,8,4,18,1410,1,2,3,7,3,55545,M,,,55
200800020103,8,4,27,1935,1,1,3,1,6,55505,M,,,55
200800020104,8,4,4,150,5,2,1,1,7,56121,M,,,56
200800020105,8,4,4,651,5,2,1,1,6,56121,M,,,56
200800020106,8,4,4,1100,1,1,6,1,3,56162,M,,,56
200800020107,8,4,6,645,2,2,1,1,6,56098,M,,,56
200800020108,8,4,7,1940,1,2,1,1,7,56083,M,,,56
200800020109,8,4,8,1255,1,2,1,1,5,56121,M,,,56
200800020110,8,4,9,1710,1,2,1,1,6,56121,M,,,56
200800020111,8,4,9,1904,1,2,2,1,3,56121,M,,,56
200800020112,8,4,10,1358,1,2,1,1,1,56121,M,,,56
200800020113,8,4,11,1024,1,2,3,1,7,56121,M,,,56
200800020114,8,4,11,1120,1,2,6,1,3,56121,M,,,56
200800020115,8,4,12,1106,1,2,1,1,2,56121,M,,,56
200800020116,8,4,12,1740,1,2,1,1,6,56121,M,,,56
200800020117,8,4,12,1745,1,2,1,1,6,56162,M,,,56
200800020118,8,4,13,2210,5,2,1,1,6,56098,M,,,56
200800020119,8,4,14,1440,1,2,1,1,6,56121,M,,,56
200800020120,8,4,14,1845,1,2,2,1,3,56121,M,,,56
200800020121,8,4,15,1220,1,2,1,1,3,56121,M,,,56
200800020122,8,4,21,1400,1,2,6,2,3,56121,M,,,56
200800020123,8,4,23,2315,5,2,1,1,7,56098,M,,,56
200800020124,8,4,26,1135,1,2,1,1,7,56083,M,,,56
200800020125,8,4,26,1955,1,2,1,1,6,56121,M,,,56
200800020126,8,4,26,1925,1,2,1,1,7,56162,M,,,56
200800020127,8,4,27,2010,1,2,1,1,3,56098,M,,,56
200800020128,8,4,28,1112,1,2,2,1,3,56121,M,,,56
200800020129,8,4,28,2222,5,2,1,1,1,56121,M,,,56
200800020130,8,4,29,1801,1,2,3,1,2,56121,M,,,56
200800020131,8,4,5,1530,1,2,1,1,6,56260,M,,,56
200800020132,8,4,8,902,1,2,1,1,6,56260,M,,,56
200800020133,8,4,4,1040,1,2,9,1,6,56260,M,,,56
200800020134,8,4,9,1510,1,2,1,1,6,56260,M,,,56
200800020135,8,4,29,1740,1,2,3,1,3,56260,M,,,56
200800020136,8,4,19,1350,1,2,1,1,6,56260,M,,,56
200800020137,8,4,29,245,5,2,6,2,7,56260,M,,,56
200800020138,8,4,7,915,1,2,6,1,3,56260,M,,,56
200800020139,8,4,8,1425,1,2,2,1,3,56260,M,,,56
200800020140,8,4,21,1600,1,2,6,1,7,56260,M,,,56
200800020141,8,4,4,1855,1,2,1,1,7,57537,M,,,57
200800020142,8,4,9,1210,1,2,1,1,2,57227,M,,,57
200800020143,8,4,24,525,2,2,1,1,3,57660,M,,,57
200800020144,8,4,23,1840,1,2,1,2,7,57227,M,,,57
200800020145,8,4,30,2010,1,2,3,1,3,57591,M,,,57
200800020146,8,4,5,1145,1,2,1,1,3,57463,M,,,57
200800020147,8,4,13,2055,5,2,1,3,6,57463,M,,,57
200800020148,8,4,14,1550,1,2,4,2,4,57463,M,,,57
200800020149,8,4,17,705,1,2,2,1,3,57463,M,,,57
200800020150,8,4,27,845,1,2,3,1,3,57463,M,,,57
200800020151,8,4,19,2310,4,2,3,1,6,57336,M,,,57
200800020152,8,4,27,1915,1,1,1,2,6,57606,M,,,57
200800020153,8,4,4,800,1,2,1,1,6,57672,M,,,57
200800020154,8,4,5,1235,1,2,2,1,3,57672,M,,,57
200800020155,8,4,3,2110,3,1,1,1,3,57672,M,,,57
200800020156,8,4,10,2205,5,2,1,1,1,57672,M,,,57
200800020157,8,4,16,1450,1,2,1,1,6,57672,M,,,57
200800020158,8,4,28,1630,1,2,1,3,3,57757,M,,,57
200800020159,8,4,30,755,1,2,1,1,4,57672,M,,,57
200800020160,8,4,29,1845,1,2,1,1,3,57672,M,,,57
200800020161,8,4,25,1755,1,2,1,1,2,57757,M,,,57
200800020162,8,4,30,1030,1,2,1,2,3,57666,M,,,57
200800020163,8,4,25,850,1,2,1,1,6,57306,M,,,57
200800020164,8,4,29,1615,1,2,1,1,6,57647,M,,,57
200800020165,8,4,23,1720,1,2,1,1,3,57672,M,,,57
200800020166,8,4,10,1620,1,2,9,2,6,58194,M,,,58
200800020167,8,4,20,2220,5,2,1,2,7,58194,M,,,58
200800020168,8,4,22,915,1,2,1,2,2,58194,M,,,58
200800020169,8,4,2,1010,1,2,2,1,3,58194,M,,,58
200800020170,8,4,6,1415,1,2,1,1,6,58194,M,,,58
200800020171,8,4,4,2045,5,2,1,1,6,58194,M,,,58
200800020172,8,4,8,1650,1,2,6,1,3,58194,M,,,58
200800020173,8,4,12,1615,1,2,1,1,6,58194,M,,,58
200800020174,8,4,10,1650,1,2,1,3,2,58194,M,,,58
200800020175,8,4,16,1845,1,2,1,1,7,58194,M,,,58
200800020176,8,4,25,1543,1,2,3,1,3,59008,M,,,59
200800020177,8,4,4,1830,1,1,2,1,3,59143,M,,,59
200800020178,8,4,17,1715,1,1,2,1,3,59317,M,,,59
200800020179,8,4,27,1115,1,1,2,1,3,59317,M,,,59
200800020180,8,4,26,1150,1,1,9,1,1,59431,M,,,59
200800020181,8,4,14,1640,1,2,6,1,3,59017,M,,,59
200800020182,8,4,22,1150,1,2,4,7,1,59033,M,,,59
200800020183,8,4,1,1750,1,2,1,1,3,59043,M,,,59
200800020184,8,4,6,245,5,2,1,1,6,59122,M,,,59
200800020185,8,4,15,1520,1,2,2,1,3,59122,M,,,59
200800020186,8,4,25,1443,1,2,2,7,3,59122,M,,,59
200800020187,8,4,30,1505,1,2,1,1,6,59122,M,,,59
200800020188,8,4,8,1310,1,2,1,1,6,59179,M,,,59
200800020189,8,4,16,1720,1,2,2,1,3,59589,M,,,59
200800020190,8,4,13,2215,5,2,1,2,1,59361,M,,,59
200800020191,8,4,8,1650,1,2,2,1,3,59172,M,,,59
200800020192,8,4,22,1845,1,2,1,1,6,59179,M,,,59
200800020193,8,4,26,1650,1,2,1,1,6,59179,M,,,59
200800020194,8,4,8,1415,1,2,2,1,6,59178,M,,,59
200800020195,8,4,26,2030,2,2,1,1,5,59234,M,,,59
200800020196,8,4,28,1315,1,2,1,1,6,59329,M,,,59
200800020197,8,4,1,1220,1,2,1,1,1,59183,M,,,59
200800020198,8,4,9,840,1,2,1,1,6,59183,M,,,59
200800020199,8,4,13,140,5,2,1,1,6,59588,M,,,59
200800020200,8,4,16,1550,1,2,2,1,3,59271,M,,,59
200800020201,8,4,22,35,5,2,1,1,6,59183,M,,,59
200800020202,8,4,19,1905,1,2,9,1,3,59540,M,,,59
200800020203,8,4,23,1130,1,2,2,1,3,59183,M,,,59
200800020204,8,4,23,1555,1,2,1,2,6,59540,M,,,59
200800020205,8,4,24,1745,1,2,3,1,3,59271,M,,,59
200800020206,8,4,28,1415,1,2,1,1,3,59131,M,,,59
200800020207,8,4,26,1150,1,2,2,1,6,59183,M,,,59
200800020208,8,4,22,1730,1,2,1,1,6,59183,M,,,59
200800020209,8,4,29,750,1,2,1,1,3,59183,M,,,59
200800020210,8,4,25,1200,1,1,4,1,7,59295,M,,,59
200800020211,8,4,12,1855,1,2,3,1,6,59385,M,,,59
200800020212,8,4,1,1640,1,2,1,1,2,59350,M,,,59
200800020213,8,4,1,1855,1,2,1,1,2,59350,M,,,59
200800020214,8,4,2,1640,1,2,1,1,6,59220,M,,,59
200800020215,8,4,2,1800,1,1,1,1,4,59560,M,,,59
200800020216,8,4,2,2310,5,2,2,1,3,59350,M,,,59
200800020217,8,4,3,1440,1,2,1,1,4,59560,M,,,59
200800020218,8,4,3,1700,1,2,1,1,3,59350,M,,,59
200800020219,8,4,3,1830,1,2,1,1,6,59009,M,,,59
200800020220,8,4,3,1920,1,2,3,1,7,59350,M,,,59
200800020221,8,4,4,1200,1,2,6,1,2,59350,M,,,59
200800020222,8,4,4,1615,1,2,6,1,6,59009,M,,,59
200800020223,8,4,5,2235,5,2,3,1,3,59350,M,,,59
200800020224,8,4,6,905,1,2,6,1,6,59378,M,,,59
200800020225,8,4,6,1750,1,2,1,8,2,59350,M,,,59
200800020226,8,4,7,910,1,2,2,1,3,59009,M,,,59
200800020227,8,4,7,1700,1,2,1,1,4,59350,M,,,59
200800020228,8,4,8,1240,1,2,2,1,6,59350,M,,,59
200800020229,8,4,8,1920,1,2,1,1,2,59560,M,,,59
200800020230,8,4,9,1600,1,2,1,1,2,59316,M,,,59
200800020231,8,4,10,1500,1,2,1,1,6,59410,M,,,59
200800020232,8,4,10,1720,1,2,2,1,3,59560,M,,,59
200800020233,8,4,10,1735,1,2,1,1,3,59386,M,,,59
200800020234,8,4,11,1040,1,2,1,1,7,59378,M,,,59
200800020235,8,4,11,1745,1,2,1,1,6,59350,M,,,59
200800020236,8,4,11,2335,5,2,2,1,3,59350,M,,,59
200800020237,8,4,12,1510,1,2,1,1,3,59350,M,,,59
200800020238,8,4,12,1720,1,2,2,1,6,59350,M,,,59
200800020239,8,4,16,215,5,2,2,1,3,59350,M,,,59
200800020240,8,4,15,1930,1,2,2,1,3,59350,M,,,59
200800020241,8,4,16,910,1,2,2,1,6,59378,M,,,59
200800020242,8,4,16,1935,2,2,9,1,1,59378,M,,,59
200800020243,8,4,16,1400,1,2,2,1,6,59350,M,,,59
200800020244,8,4,17,1115,1,2,1,1,6,59350,M,,,59
200800020245,8,4,17,1125,1,2,1,1,4,59350,M,,,59
200800020246,8,4,17,1445,1,2,1,1,6,59350,M,,,59
200800020247,8,4,17,1535,1,2,1,1,6,59350,M,,,59
200800020248,8,4,18,1610,1,2,3,1,6,59350,M,,,59
200800020249,8,4,19,1010,1,2,1,2,6,59527,M,,,59
200800020250,8,4,19,1300,1,2,3,2,3,59350,M,,,59
200800020251,8,4,19,1350,1,1,1,2,6,59560,M,,,59
200800020252,8,4,19,1610,1,1,1,2,6,59636,M,,,59
200800020253,8,4,19,1900,2,2,2,1,6,59350,M,,,59
200800020254,8,4,22,1600,1,2,2,1,6,59350,M,,,59
200800020255,8,4,23,1010,1,2,1,1,6,59470,M,,,59
200800020256,8,4,23,1555,1,2,9,1,7,59350,M,,,59
200800020257,8,4,23,1740,1,2,1,1,6,59350,M,,,59
200800020258,8,4,23,1850,1,2,6,1,6,59527,M,,,59
200800020259,8,4,25,1730,1,2,1,1,6,59350,M,,,59
200800020260,8,4,26,710,1,2,3,1,6,59009,M,,,59
200800020261,8,4,27,1610,1,2,2,1,3,59350,M,,,59
200800020262,8,4,27,1650,1,2,1,1,2,59410,M,,,59
200800020263,8,4,29,1830,1,2,1,1,6,59350,M,,,59
200800020264,8,4,29,2350,5,2,2,1,3,59350,M,,,59
200800020265,8,4,30,1600,1,2,1,8,2,59527,M,,,59
200800020266,8,4,9,930,1,2,2,1,6,59009,M,,,59
200800020267,8,4,2,1530,1,2,1,1,6,59365,M,,,59
200800020268,8,4,10,2055,5,1,1,1,7,59225,M,,,59
200800020269,8,4,13,150,3,2,1,2,6,59392,M,,,59
200800020270,8,4,12,1405,1,2,1,1,6,59392,M,,,59
200800020271,8,4,8,150,5,1,2,1,1,59512,M,,,59
200800020272,8,4,10,1730,1,1,1,1,2,59512,M,,,59
200800020273,8,4,2,1210,1,1,1,1,3,59646,M,,,59
200800020274,8,4,7,1005,1,1,7,1,3,59512,M,,,59
200800020275,8,4,6,1235,1,1,1,8,6,59512,M,,,59
200800020276,8,4,8,1325,1,2,1,1,6,59512,M,,,59
200800020277,8,4,9,1450,1,1,2,1,3,59512,M,,,59
200800020278,8,4,10,1625,1,1,3,1,3,59512,M,,,59
200800020279,8,4,10,1030,1,1,2,1,3,59646,M,,,59
200800020280,8,4,12,1820,1,1,1,1,3,59650,M,,,59
200800020281,8,4,14,1000,1,1,1,1,5,59646,M,,,59
200800020282,8,4,18,920,1,1,2,1,3,59512,M,,,59
200800020283,8,4,21,1005,1,1,3,1,1,59650,M,,,59
200800020284,8,4,18,1045,1,1,3,1,7,59646,M,,,59
200800020285,8,4,23,1930,1,1,1,1,6,59512,M,,,59
200800020286,8,4,29,1320,1,1,3,1,6,59512,M,,,59
200800020287,8,4,28,1530,1,1,2,1,3,59512,M,,,59
200800020288,8,4,30,1410,1,1,1,1,6,59512,M,,,59
200800020289,8,4,25,1950,1,2,1,1,3,59650,M,,,59
200800020290,8,4,16,1300,1,1,2,1,3,59512,M,,,59
200800020291,8,4,12,1555,1,1,3,1,6,59512,M,,,59
200800020292,8,4,25,1715,1,1,2,1,3,59512,M,,,59
200800020293,8,4,25,1645,1,1,1,1,2,59646,M,,,59
200800020294,8,4,13,1015,1,1,1,1,6,59637,M,,,59
200800020295,8,4,20,1850,1,2,1,1,3,59637,M,,,59
200800020296,8,4,26,2145,5,2,1,1,2,59574,M,,,59
200800020297,8,4,4,845,1,2,2,1,3,59421,M,,,59
200800020298,8,4,5,1155,1,2,6,3,3,59090,M,,,59
200800020299,8,4,7,1345,1,2,1,1,6,59599,M,,,59
200800020300,8,4,9,1005,1,2,2,1,6,59279,M,,,59
200800020301,8,4,9,1710,1,2,1,1,6,59599,M,,,59
200800020302,8,4,8,2000,1,2,3,1,6,59508,M,,,59
200800020303,8,4,13,1930,1,2,1,1,6,59599,M,,,59
200800020304,8,4,19,1005,1,2,2,2,6,59599,M,,,59
200800020305,8,4,19,1430,1,2,1,2,6,59599,M,,,59
200800020306,8,4,20,30,5,2,3,1,3,59508,M,,,59
200800020307,8,4,5,1900,1,2,1,1,6,59447,M,,,59
200800020308,8,4,6,515,3,2,1,1,6,59613,M,,,59
200800020309,8,4,4,1950,1,2,1,1,6,59564,M,,,59
200800020310,8,4,4,2105,5,2,1,1,6,59491,M,,,59
200800020311,8,4,2,1745,1,2,2,1,3,59014,M,,,59
200800020312,8,4,9,1635,1,2,1,1,2,59014,M,,,59
200800020313,8,4,15,2345,3,2,1,1,6,59475,M,,,59
200800020314,8,4,2,1725,1,2,2,1,6,59112,M,,,59
200800020315,8,4,10,1015,1,1,3,1,2,59603,M,,,59
200800020316,8,4,1,1515,1,2,1,1,6,59564,M,,,59
200800020317,8,4,16,1525,1,2,1,1,6,59447,M,,,59
200800020318,8,4,24,2000,1,1,1,2,3,59491,M,,,59
200800020319,8,4,27,1545,1,2,1,1,3,59447,M,,,59
200800020320,8,4,19,1200,1,2,1,1,3,59544,M,,,59
200800020321,8,4,24,830,1,2,1,1,6,59564,M,,,59
200800020322,8,4,9,1800,1,2,1,1,2,59112,M,,,59
200800020323,8,4,4,1005,1,2,3,1,3,59383,M,,,59
200800020324,8,4,4,1430,1,2,1,1,6,60057,M,,,60
200800020325,8,4,25,1615,1,2,1,1,6,60057,M,,,60
200800020326,8,4,2,1435,1,2,1,1,2,60159,M,,,60
200800020327,8,4,3,1415,1,2,6,1,3,60159,M,,,60
200800020328,8,4,3,1955,1,1,1,7,6,60665,M,,,60
200800020329,8,4,10,1350,1,2,7,1,7,60159,M,,,60
200800020330,8,4,10,2220,5,2,1,1,3,60382,M,,,60
200800020331,8,4,18,650,2,2,1,2,6,60159,M,,,60
200800020332,8,4,7,1200,1,1,1,1,3,61001,M,,,61
200800020333,8,4,7,1510,1,2,1,1,2,61006,M,,,61
200800020334,8,4,1,1450,1,2,1,1,6,61169,M,,,61
200800020335,8,4,19,1630,1,2,1,1,3,61169,M,,,61
200800020336,8,4,4,1020,1,1,1,1,6,62744,M,,,62
200800020337,8,4,4,2210,5,2,2,1,3,62041,M,,,62
200800020338,8,4,4,1240,1,2,1,1,2,62753,M,,,62
200800020339,8,4,11,1615,1,2,2,1,3,62041,M,,,62
200800020340,8,4,23,1025,1,2,2,1,3,62263,M,,,62
200800020341,8,4,4,450,3,1,1,1,7,62065,M,,,62
200800020342,8,4,5,2050,5,2,2,2,3,62065,M,,,62
200800020343,8,4,10,1445,1,1,1,1,3,62065,M,,,62
200800020344,8,4,10,1625,1,2,1,1,6,62724,M,,,62
200800020345,8,4,10,2230,5,2,1,1,3,62724,M,,,62
200800020346,8,4,28,1605,1,2,1,2,6,62065,M,,,62
200800020347,8,4,28,1535,1,2,1,8,6,62570,M,,,62
200800020348,8,4,10,1810,1,1,1,1,3,62108,M,,,62
200800020349,8,4,12,945,1,1,1,1,7,62480,M,,,62
200800020350,8,4,20,440,5,2,1,5,6,62035,M,,,62
200800020351,8,4,9,1715,1,2,3,7,3,62160,M,,,62
200800020352,8,4,22,1640,1,2,3,1,3,62160,M,,,62
200800020353,8,4,15,2100,1,2,3,1,3,62667,M,,,62
200800020354,8,4,11,1740,1,2,1,1,6,62178,M,,,62
200800020355,8,4,14,1615,1,2,1,8,6,62270,M,,,62
200800020356,8,4,23,1905,1,2,1,1,6,62178,M,,,62
200800020357,8,4,27,1415,1,2,1,1,3,62178,M,,,62
200800020358,8,4,5,200,5,2,1,1,5,62193,M,,,62
200800020359,8,4,3,1715,1,2,2,1,3,62193,M,,,62
200800020360,8,4,5,2045,2,2,3,1,1,62193,M,,,62
200800020361,8,4,18,1655,1,2,9,1,3,62193,M,,,62
200800020362,8,4,22,1155,1,2,9,1,3,62193,M,,,62
200800020363,8,4,27,530,2,2,1,1,2,62193,M,,,62
200800020364,8,4,9,1900,1,2,1,1,6,62413,M,,,62
200800020365,8,4,14,1940,1,2,2,1,3,62215,M,,,62
200800020366,8,4,13,1155,1,1,1,1,5,62321,M,,,62
200800020367,8,4,10,1125,1,2,1,1,6,62427,M,,,62
200800020368,8,4,27,1650,1,1,6,1,3,62274,M,,,62
200800020369,8,4,22,1925,1,2,1,1,6,62351,M,,,62
200800020370,8,4,8,1825,1,2,1,1,6,62218,M,,,62
200800020371,8,4,27,2225,5,2,2,1,3,62498,M,,,62
200800020372,8,4,30,1810,1,2,2,1,3,62218,M,,,62
200800020373,8,4,10,1555,1,2,1,7,6,62842,M,,,62
200800020374,8,4,1,1425,1,2,3,1,2,63113,M,,,63
200800020375,8,4,3,1150,1,2,1,1,6,63113,M,,,63
200800020376,8,4,3,1840,1,2,1,1,3,63113,M,,,63
200800020377,8,4,4,1030,1,2,2,1,6,63113,M,,,63
200800020378,8,4,5,1620,1,2,1,1,6,63113,M,,,63
200800020379,8,4,5,1710,1,2,1,1,3,63014,M,,,63
200800020380,8,4,7,1825,1,1,1,1,2,63032,M,,,63
200800020381,8,4,6,1210,1,2,3,1,6,63113,M,,,63
200800020382,8,4,9,910,1,2,2,1,6,63113,M,,,63
200800020383,8,4,9,1710,1,2,1,8,4,63113,M,,,63
200800020384,8,4,11,1030,1,2,1,1,6,63113,M,,,63
200800020385,8,4,11,1545,1,2,1,1,6,63113,M,,,63
200800020386,8,4,11,1635,1,2,1,1,6,63113,M,,,63
200800020387,8,4,14,1740,1,2,1,1,3,63113,M,,,63
200800020388,8,4,12,1545,1,2,3,1,3,63070,M,,,63
200800020389,8,4,15,1445,1,2,1,1,6,63113,M,,,63
200800020390,8,4,15,1800,1,2,1,1,7,63113,M,,,63
200800020391,8,4,17,1600,1,2,1,1,6,63014,M,,,63
200800020392,8,4,18,1015,1,2,1,1,6,63113,M,,,63
200800020393,8,4,18,2110,5,2,1,1,6,63014,M,,,63
200800020394,8,4,19,1055,1,2,2,1,1,63113,M,,,63
200800020395,8,4,19,1930,1,2,3,1,6,63113,M,,,63
200800020396,8,4,20,220,5,2,1,1,6,63308,M,,,63
200800020397,8,4,21,1225,1,2,2,1,3,63113,M,,,63
200800020398,8,4,23,1220,1,2,2,1,6,63113,M,,,63
200800020399,8,4,24,850,1,2,1,1,6,63113,M,,,63