Num_Acc,an,mois,jour,hrmn,lum,agg,int,atm,col,com,gps,lat,long,dep
200800020400,8,4,24,1320,1,2,1,1,2,63113,M,,,63
200800020401,8,4,25,1900,1,2,3,1,6,63113,M,,,63
200800020402,8,4,27,1430,1,2,1,1,3,63113,M,,,63
200800020403,8,4,27,1820,1,2,1,1,3,63113,M,,,63
200800020404,8,4,26,1110,1,2,1,1,6,63113,M,,,63
200800020405,8,4,28,1355,1,2,1,1,6,63113,M,,,63
200800020406,8,4,29,1800,1,2,1,1,6,63113,M,,,63
200800020407,8,4,30,720,2,2,3,8,3,63014,M,,,63
200800020408,8,4,30,1055,1,2,2,1,3,63113,M,,,63
200800020409,8,4,30,2000,1,2,1,1,6,63113,M,,,63
200800020410,8,4,30,2130,5,2,1,1,6,63113,M,,,63
200800020411,8,4,3,1900,1,1,2,1,3,63193,M,,,63
200800020412,8,4,10,1945,1,1,1,3,3,63164,M,,,63
200800020413,8,4,17,1850,1,2,3,3,3,63164,M,,,63
200800020414,8,4,4,625,3,1,1,1,6,63103,M,,,63
200800020415,8,4,2,1820,1,2,3,1,3,64102,M,,,64
200800020416,8,4,5,330,5,2,3,1,2,64102,M,,,64
200800020417,8,4,4,2050,5,2,1,1,3,64102,M,,,64
200800020418,8,4,8,1420,1,2,1,1,3,64102,M,,,64
200800020419,8,4,9,1230,1,1,1,1,1,64102,M,,,64
200800020420,8,4,11,1310,1,2,9,8,5,64102,M,,,64
200800020421,8,4,11,2328,5,2,1,8,6,64024,M,,,64
200800020422,8,4,15,1440,1,2,2,1,6,64102,M,,,64
200800020423,8,4,22,1800,1,2,3,1,3,64102,M,,,64
200800020424,8,4,2,755,1,2,2,5,3,64122,M,,,64
200800020425,8,4,2,1405,1,2,2,1,3,64122,M,,,64
200800020426,8,4,7,2050,5,2,2,2,3,64122,M,,,64
200800020427,8,4,10,1645,1,2,1,2,2,64125,M,,,64
200800020428,8,4,11,1705,1,2,1,2,6,64122,M,,,64
200800020429,8,4,14,1525,1,2,1,8,3,64122,M,,,64
200800020430,8,4,16,945,1,2,1,1,7,64122,M,,,64
200800020431,8,4,24,1535,1,2,1,1,1,64125,M,,,64
200800020432,8,4,28,1210,1,2,1,1,7,64122,M,,,64
200800020433,8,4,29,1145,1,2,1,1,3,64125,M,,,64
200800020434,8,4,1,2255,5,2,3,1,3,64445,M,,,64
200800020435,8,4,2,925,1,2,1,2,2,64445,M,,,64
200800020436,8,4,2,1900,2,1,1,1,7,64335,M,,,64
200800020437,8,4,3,1155,1,2,2,1,3,64445,M,,,64
200800020438,8,4,4,755,1,2,2,1,3,64445,M,,,64
200800020439,8,4,4,1910,1,2,2,1,3,64445,M,,,64
200800020440,8,4,7,950,1,2,1,1,5,64445,M,,,64
200800020441,8,4,7,1200,1,2,2,1,3,64445,M,,,64
200800020442,8,4,7,1245,1,2,9,1,3,64445,M,,,64
200800020443,8,4,10,1250,1,2,1,1,3,64348,M,,,64
200800020444,8,4,10,1720,1,2,1,2,6,64445,M,,,64
200800020445,8,4,10,1800,1,2,1,2,1,64129,M,,,64
200800020446,8,4,10,1643,1,2,1,1,3,64445,M,,,64
200800020447,8,4,10,1324,1,2,1,1,6,64445,M,,,64
200800020448,8,4,11,1735,1,2,2,2,3,64445,M,,,64
200800020449,8,4,12,1055,1,2,3,1,3,64129,M,,,64
200800020450,8,4,12,1710,1,2,1,1,3,64445,M,,,64
200800020451,8,4,15,1850,1,2,1,1,4,64445,M,,,64
200800020452,8,4,15,828,1,2,2,1,2,64445,M,,,64
200800020453,8,4,16,1650,1,2,1,1,3,64445,M,,,64
200800020454,8,4,19,1120,1,2,1,1,6,64445,M,,,64
200800020455,8,4,22,815,1,2,1,2,6,64445,M,,,64
200800020456,8,4,24,505,2,2,9,1,6,64445,M,,,64
200800020457,8,4,24,506,2,2,1,1,7,64445,M,,,64
200800020458,8,4,26,2250,5,2,1,1,6,64129,M,,,64
200800020459,8,4,24,1830,1,2,1,1,3,64132,M,,,64
200800020460,8,4,26,2145,3,2,1,1,3,64445,M,,,64
200800020461,8,4,24,1730,1,2,2,1,3,64445,M,,,64
200800020462,8,4,27,1950,1,2,2,1,2,64445,M,,,64
200800020463,8,4,28,1230,1,2,1,1,6,64445,M,,,64
200800020464,8,4,28,1620,1,2,1,1,3,64445,M,,,64
200800020465,8,4,29,1500,1,2,1,1,3,64129,M,,,64
200800020466,8,4,29,1750,1,2,1,1,2,64445,M,,,64
200800020467,8,4,30,940,1,2,6,1,3,64129,M,,,64
200800020468,8,4,30,1450,1,2,1,1,6,64445,M,,,64
200800020469,8,4,5,1740,1,2,1,1,6,64260,M,,,64
200800020470,8,4,6,1645,1,2,1,1,6,64260,M,,,64
200800020471,8,4,24,1540,1,1,1,1,3,64545,M,,,64
200800020472,8,4,25,1310,1,2,1,1,2,64260,M,,,64
200800020473,8,4,11,755,1,2,1,1,3,64189,M,,,64
200800020474,8,4,11,1530,1,2,1,1,7,64545,M,,,64
200800020475,8,4,13,200,5,2,1,1,7,64483,M,,,64
200800020476,8,4,15,825,1,2,1,1,6,64483,M,,,64
200800020477,8,4,15,1755,1,2,1,1,2,64545,M,,,64
200800020478,8,4,25,1815,1,2,1,1,6,64189,M,,,64
200800020479,8,4,25,1816,1,2,1,2,6,64189,M,,,64
200800020480,8,4,26,1855,1,1,1,1,3,64545,M,,,64
200800020481,8,4,27,1810,1,2,1,1,6,64483,M,,,64
200800020482,8,4,28,1450,1,2,1,2,3,64483,M,,,64
200800020483,8,4,14,1720,1,2,1,1,3,64483,M,,,64
200800020484,8,4,15,1610,1,2,2,1,3,64483,M,,,64
200800020485,8,4,7,900,1,2,3,1,6,64260,M,,,64
200800020486,8,4,22,2345,5,2,5,1,2,65286,M,,,65
200800020487,8,4,22,1420,1,2,3,1,1,65286,M,,,65
200800020488,8,4,26,2030,1,2,1,1,6,65286,M,,,65
200800020489,8,4,29,825,1,2,1,1,6,65286,M,,,65
200800020490,8,4,2,1830,1,2,1,1,2,65100,M,,,65
200800020491,8,4,4,1515,1,2,3,1,3,65440,M,,,65
200800020492,8,4,9,745,2,2,3,1,3,65047,M,,,65
200800020493,8,4,15,1830,1,2,2,1,6,65417,M,,,65
200800020494,8,4,16,1845,1,2,1,1,3,65047,M,,,65
200800020495,8,4,25,1835,1,2,3,1,6,65440,M,,,65
200800020496,8,4,27,1630,1,2,3,1,6,65440,M,,,65
200800020497,8,4,24,1825,1,2,1,1,5,66136,M,,,66
200800020498,8,4,25,1110,1,2,1,1,6,66136,M,,,66
200800020499,8,4,28,505,3,1,1,1,6,66136,M,,,66
200800020500,8,4,4,452,5,2,3,8,3,67462,M,,,67
200800020501,8,4,1,845,1,2,2,1,3,67482,M,,,67
200800020502,8,4,1,1825,1,2,1,1,6,67447,M,,,67
200800020503,8,4,1,1930,1,2,1,1,6,67043,M,,,67
200800020504,8,4,3,1845,1,2,2,1,6,67482,M,,,67
200800020505,8,4,4,1330,1,2,1,1,6,67482,M,,,67
200800020506,8,4,4,1430,1,2,2,1,3,67482,M,,,67
200800020507,8,4,4,1600,1,2,1,1,3,67482,M,,,67
200800020508,8,4,4,2105,3,2,2,1,3,67482,M,,,67
200800020509,8,4,5,1215,1,1,1,1,1,67365,M,,,67
200800020510,8,4,5,1750,1,2,2,1,3,67482,M,,,67
200800020511,8,4,8,620,5,2,3,1,3,67482,M,,,67
200800020512,8,4,8,830,1,2,1,1,6,67482,M,,,67
200800020513,8,4,8,1700,1,2,2,1,3,67482,M,,,67
200800020514,8,4,8,1910,1,2,1,1,6,67447,M,,,67
200800020515,8,4,8,2230,5,2,1,1,7,67482,M,,,67
200800020516,8,4,9,815,1,2,1,2,1,67204,M,,,67
200800020517,8,4,9,1540,1,2,1,2,6,67482,M,,,67
200800020518,8,4,10,1435,1,2,2,2,3,67482,M,,,67
200800020519,8,4,10,1850,2,2,3,2,3,67482,M,,,67
200800020520,8,4,10,1955,3,1,1,2,5,67218,M,,,67
200800020521,8,4,11,1530,1,2,2,3,3,67482,M,,,67
200800020522,8,4,12,840,1,2,1,1,6,67267,M,,,67
200800020523,8,4,12,1345,1,2,1,1,6,67447,M,,,67
200800020524,8,4,13,130,5,2,2,1,3,67482,M,,,67
200800020525,8,4,13,310,5,2,1,1,7,67482,M,,,67
200800020526,8,4,14,1050,1,2,2,1,3,67482,M,,,67
200800020527,8,4,14,1710,1,2,1,3,6,67482,M,,,67
200800020528,8,4,15,1655,1,2,1,2,1,67482,M,,,67
200800020529,8,4,18,1935,2,2,3,1,3,67482,M,,,67
200800020530,8,4,19,425,5,2,2,1,6,67482,M,,,67
200800020531,8,4,19,1420,1,2,6,1,3,67482,M,,,67
200800020532,8,4,19,1900,1,2,2,1,3,67482,M,,,67
200800020533,8,4,21,730,1,2,1,1,1,67482,M,,,67
200800020534,8,4,21,855,1,2,1,1,6,67482,M,,,67
200800020535,8,4,21,1416,1,2,1,2,3,67482,M,,,67
200800020536,8,4,24,850,1,2,3,1,3,67043,M,,,67
200800020537,8,4,24,915,1,2,2,1,3,67482,M,,,67
200800020538,8,4,24,1230,1,2,1,1,6,67482,M,,,67
200800020539,8,4,24,2005,1,2,2,1,6,67043,M,,,67
200800020540,8,4,25,230,5,2,1,2,6,67482,M,,,67
200800020541,8,4,25,2310,5,2,1,1,3,67482,M,,,67
200800020542,8,4,26,15,5,2,1,1,2,67482,M,,,67
200800020543,8,4,26,1140,1,2,4,1,3,67482,M,,,67
200800020544,8,4,26,1930,2,2,3,1,3,67482,M,,,67
200800020545,8,4,28,715,1,2,1,1,3,67482,M,,,67
200800020546,8,4,28,1515,1,2,1,1,6,67482,M,,,67
200800020547,8,4,28,1555,1,2,1,2,6,67482,M,,,67
200800020548,8,4,30,1350,1,2,2,1,3,67482,M,,,67
200800020549,8,4,2,556,5,2,1,1,6,68066,M,,,68
200800020550,8,4,4,1825,1,2,6,1,3,68066,M,,,68
200800020551,8,4,4,1015,1,2,1,1,6,68066,M,,,68
200800020552,8,4,7,2055,5,2,2,1,7,68066,M,,,68
200800020553,8,4,16,633,2,2,2,2,3,68066,M,,,68
200800020554,8,4,11,1915,1,2,4,1,2,68066,M,,,68
200800020555,8,4,23,1032,1,2,1,1,6,68066,M,,,68
200800020556,8,4,25,1416,1,2,2,2,2,68066,M,,,68
200800020557,8,4,26,750,1,2,6,1,3,68066,M,,,68
200800020558,8,4,27,2351,5,2,2,1,3,68066,M,,,68
200800020559,8,4,10,855,1,1,1,3,4,68224,M,,,68
200800020560,8,4,6,1955,5,2,1,1,6,68224,M,,,68
200800020561,8,4,12,1810,1,1,1,1,6,68224,M,,,68
200800020562,8,4,13,2020,2,2,1,1,6,68224,M,,,68
200800020563,8,4,24,1850,1,2,1,1,6,68224,M,,,68
200800020564,8,4,24,1725,1,2,3,1,6,68224,M,,,68
200800020565,8,4,11,700,1,2,3,2,3,68166,M,,,68
200800020566,8,4,8,1015,1,2,1,2,2,69029,M,,,69
200800020567,8,4,13,1847,1,2,1,1,6,69029,M,,,69
200800020568,8,4,12,1600,1,2,1,1,4,69034,M,,,69
200800020569,8,4,10,1110,1,2,3,1,3,69034,M,,,69
200800020570,8,4,15,1525,1,2,1,1,1,69034,M,,,69
200800020571,8,4,17,2035,5,2,1,3,3,69034,M,,,69
200800020572,8,4,29,1250,1,2,1,1,3,69091,M,,,69
200800020573,8,4,11,1500,1,2,3,3,3,69142,M,,,69
200800020574,8,4,12,2005,2,1,1,1,3,69152,M,,,69
200800020575,8,4,23,1425,1,1,1,1,2,69142,M,,,69
200800020576,8,4,23,1620,1,2,3,1,6,69202,M,,,69
200800020577,8,4,21,1145,1,2,1,1,6,69152,M,,,69
200800020578,8,4,29,1410,1,2,1,1,3,69149,M,,,69
200800020579,8,4,2,915,1,2,6,1,3,69256,M,,,69
200800020580,8,4,3,2105,4,2,1,1,6,69256,M,,,69
200800020581,8,4,8,1740,1,2,1,1,3,69256,M,,,69
200800020582,8,4,5,1525,1,2,2,1,5,69256,M,,,69
200800020583,8,4,3,2045,5,2,1,1,6,69259,M,,,69
200800020584,8,4,8,1500,1,2,2,2,3,69259,M,,,69
200800020585,8,4,15,2220,5,2,1,1,6,69259,M,,,69
200800020586,8,4,19,1835,1,2,2,1,3,69199,M,,,69
200800020587,8,4,26,1730,1,2,3,1,3,69259,M,,,69
200800020588,8,4,30,1030,1,2,1,2,1,69259,M,,,69
200800020589,8,4,4,1315,1,2,1,1,3,69115,M,,,69
200800020590,8,4,19,850,1,2,2,1,3,69264,M,,,69
200800020591,8,4,29,1845,1,2,2,1,3,69092,M,,,69
200800020592,8,4,7,715,1,2,1,1,1,69266,M,,,69
200800020593,8,4,9,1435,1,2,1,1,6,69266,M,,,69
200800020594,8,4,18,1615,1,2,2,1,3,69266,M,,,69
200800020595,8,4,19,1940,2,2,1,1,6,69266,M,,,69
200800020596,8,4,27,810,1,2,2,1,6,69266,M,,,69
200800020597,8,4,30,1020,1,2,1,3,6,69266,M,,,69
200800020598,8,4,1,2105,5,2,1,1,3,69275,M,,,69
200800020599,8,4,12,1345,1,2,8,1,6,69275,M,,,69
200800020600,8,4,18,1035,1,2,1,1,6,69275,M,,,69
200800020601,8,4,29,950,1,2,3,1,1,69275,M,,,69
200800020602,8,4,29,1450,1,2,1,1,6,69275,M,,,69
200800020603,8,4,8,1150,1,2,3,2,3,69282,M,,,69
200800020604,8,4,10,1430,1,2,1,1,6,69282,M,,,69
200800020605,8,4,28,1140,1,2,1,2,3,69282,M,,,69
200800020606,8,4,1,1000,1,2,2,1,3,69290,M,,,69
200800020607,8,4,5,1420,1,2,2,1,1,69290,M,,,69
200800020608,8,4,8,1215,1,2,1,3,1,69290,M,,,69
200800020609,8,4,8,1935,2,2,2,8,6,69290,M,,,69
200800020610,8,4,30,840,1,2,3,2,3,69290,M,,,69
200800020611,8,4,30,1135,1,2,2,2,3,69290,M,,,69
200800020612,8,4,24,1800,1,2,1,1,3,69290,M,,,69
200800020613,8,4,25,2045,2,2,1,1,2,69290,M,,,69
200800020614,8,4,29,2130,3,1,4,1,1,70285,M,,,70
200800020615,8,4,12,2200,3,2,1,1,3,70388,M,,,70
200800020616,8,4,30,1400,1,1,1,1,2,70261,M,,,70
200800020617,8,4,5,1640,1,1,1,1,2,71445,M,,,71
200800020618,8,4,8,735,2,2,3,1,3,71445,M,,,71
200800020619,8,4,5,1435,1,1,1,1,1,71153,M,,,71
200800020620,8,4,2,2215,5,2,1,2,6,71270,M,,,71
200800020621,8,4,8,1610,1,2,1,2,3,71270,M,,,71
200800020622,8,4,8,1700,1,2,1,2,6,71270,M,,,71
200800020623,8,4,10,650,2,2,1,2,7,71270,M,,,71
200800020624,8,4,11,725,1,2,1,8,2,71270,M,,,71
200800020625,8,4,19,2222,5,2,1,1,2,71270,M,,,71
200800020626,8,4,10,600,1,2,1,1,7,71270,M,,,71
200800020627,8,4,30,2200,5,2,1,1,7,71499,M,,,71
200800020628,8,4,2,1535,1,2,3,1,3,72181,M,,,72
200800020629,8,4,2,1915,1,2,1,1,4,72181,M,,,72
200800020630,8,4,3,1100,1,2,1,1,3,72181,M,,,72
200800020631,8,4,4,915,1,2,1,1,2,72181,M,,,72
200800020632,8,4,5,910,1,2,1,2,6,72181,M,,,72
200800020633,8,4,10,1800,1,2,1,1,6,72003,M,,,72
200800020634,8,4,11,1220,1,2,1,1,3,72181,M,,,72
200800020635,8,4,14,1410,1,2,3,1,3,72181,M,,,72
200800020636,8,4,17,1405,1,2,1,1,3,72181,M,,,72
200800020637,8,4,20,1205,1,1,1,1,7,72181,M,,,72
200800020638,8,4,20,1525,1,2,4,1,3,72181,M,,,72
200800020639,8,4,21,1330,1,2,1,2,2,72181,M,,,72
200800020640,8,4,21,1545,1,2,3,1,3,72003,M,,,72
200800020641,8,4,22,1250,1,2,1,1,6,72181,M,,,72
200800020642,8,4,23,100,3,2,1,1,6,72181,M,,,72
200800020643,8,4,23,1445,1,1,1,1,7,72181,M,,,72
200800020644,8,4,24,1725,1,2,1,1,6,72181,M,,,72
200800020645,8,4,25,2130,5,2,1,1,2,72181,M,,,72
200800020646,8,4,30,1100,1,2,1,2,6,72181,M,,,72
200800020647,8,4,3,1930,1,1,2,1,3,73065,M,,,73
200800020648,8,4,20,438,3,2,1,1,6,73029,M,,,73
200800020649,8,4,27,950,1,1,1,1,5,73222,M,,,73
200800020650,8,4,30,745,1,2,1,1,6,73065,M,,,73
200800020651,8,4,29,1635,1,2,3,1,6,74010,M,,,74
200800020652,8,4,1,2100,3,1,1,1,1,74118,M,,,74
200800020653,8,4,3,1700,1,2,4,1,3,74012,M,,,74
200800020654,8,4,16,1230,1,2,6,1,3,74281,M,,,74
200800020655,8,4,16,1745,1,2,3,1,6,74119,M,,,74
200800020656,8,4,27,1858,1,1,2,3,3,76576,M,,,76
200800020657,8,4,29,748,1,2,1,1,2,76114,M,,,76
200800020658,8,4,8,2230,4,2,2,1,3,76217,M,,,76
200800020659,8,4,11,1840,1,2,1,9,7,76026,M,,,76
200800020660,8,4,15,724,1,2,1,8,1,76026,M,,,76
200800020661,8,4,15,1305,1,1,1,1,7,76545,M,,,76
200800020662,8,4,16,244,5,2,1,1,7,76217,M,,,76
200800020663,8,4,21,1925,1,1,1,1,5,76349,M,,,76
200800020664,8,4,26,1532,1,1,1,1,6,76349,M,,,76
200800020665,8,4,9,1140,1,2,1,1,6,76231,M,,,76
200800020666,8,4,11,845,1,2,1,1,3,76231,M,,,76
200800020667,8,4,12,1325,1,2,3,1,3,76259,M,,,76
200800020668,8,4,1,1950,1,2,4,1,5,76351,M,,,76
200800020669,8,4,3,1330,1,1,6,1,6,76447,M,,,76
200800020670,8,4,5,2025,2,2,1,1,6,76351,M,,,76
200800020671,8,4,5,2235,5,2,1,1,6,76351,M,,,76
200800020672,8,4,6,2220,4,1,1,1,7,76351,M,,,76
200800020673,8,4,7,1830,1,2,1,1,6,76351,M,,,76
200800020674,8,4,7,1645,1,1,1,1,7,76447,M,,,76
200800020675,8,4,10,1515,1,2,1,1,1,76351,M,,,76
200800020676,8,4,16,2153,5,2,1,1,6,76351,M,,,76
200800020677,8,4,18,2240,5,2,2,1,3,76351,M,,,76
200800020678,8,4,19,955,1,2,3,8,6,76351,M,,,76
200800020679,8,4,21,1200,1,2,1,1,6,76351,M,,,76
200800020680,8,4,23,1820,1,2,2,1,3,76351,M,,,76
200800020681,8,4,25,215,3,2,1,1,6,76296,M,,,76
200800020682,8,4,28,115,5,2,1,1,6,76351,M,,,76
200800020683,8,4,28,800,1,2,1,1,6,76447,M,,,76
200800020684,8,4,7,1735,1,2,1,1,6,77108,M,,,77
200800020685,8,4,12,1650,1,2,1,1,3,77517,M,,,77
200800020686,8,4,14,2030,2,2,1,1,6,77108,M,,,77
200800020687,8,4,17,835,1,2,2,1,3,77108,M,,,77
200800020688,8,4,11,1415,1,2,1,1,6,77152,M,,,77
200800020689,8,4,19,1650,1,1,2,1,5,77518,M,,,77
200800020690,8,4,17,730,1,2,1,1,3,77407,M,,,77
200800020691,8,4,4,1530,1,2,1,1,6,77186,M,,,77
200800020692,8,4,8,1025,1,2,6,1,3,77186,M,,,77
200800020693,8,4,9,825,1,2,1,1,7,77186,M,,,77
200800020694,8,4,12,1620,1,1,1,1,7,77186,M,,,77
200800020695,8,4,15,1443,1,2,1,1,6,77284,M,,,77
200800020696,8,4,16,605,3,1,1,1,1,77284,M,,,77
200800020697,8,4,16,845,1,2,1,1,2,77284,M,,,77
200800020698,8,4,16,1350,1,2,1,1,3,77284,M,,,77
200800020699,8,4,28,20,5,2,1,1,2,77284,M,,,77
200800020700,8,4,4,1435,1,2,1,7,6,77288,M,,,77
200800020701,8,4,11,910,1,2,3,1,3,77288,M,,,77
200800020702,8,4,15,1205,1,2,2,1,3,77288,M,,,77
200800020703,8,4,17,350,5,2,1,1,6,77445,M,,,77
200800020704,8,4,23,1610,1,2,1,1,2,77445,M,,,77
200800020705,8,4,15,1720,1,2,1,1,6,77122,M,,,77
200800020706,8,4,1,720,2,1,3,1,7,77245,M,,,77
200800020707,8,4,9,1210,1,2,2,2,3,77333,M,,,77
200800020708,8,4,18,755,2,1,1,1,1,77216,M,,,77
200800020709,8,4,12,2045,5,2,1,1,7,77258,M,,,77
200800020710,8,4,20,1930,1,2,1,1,3,77121,M,,,77
200800020711,8,4,25,1915,1,2,6,1,3,77258,M,,,77
200800020712,8,4,4,2020,3,1,1,1,6,77403,M,,,77
200800020713,8,4,28,805,1,2,1,1,3,78126,M,,,78
200800020714,8,4,15,1755,1,2,1,1,7,78208,M,,,78
200800020715,8,4,22,1200,1,2,1,1,2,78168,M,,,78
200800020716,8,4,3,1820,1,2,2,1,1,78423,M,,,78
200800020717,8,4,8,1345,1,2,6,1,3,78688,M,,,78
200800020718,8,4,9,1020,1,2,1,1,3,78423,M,,,78
200800020719,8,4,26,1600,1,2,1,1,7,78297,M,,,78
200800020720,8,4,1,805,1,2,3,1,3,78311,M,,,78
200800020721,8,4,12,735,1,2,3,1,3,78311,M,,,78
200800020722,8,4,3,950,1,2,1,1,6,78361,M,,,78
200800020723,8,4,3,1220,1,2,1,1,6,78361,M,,,78
200800020724,8,4,3,1825,1,2,1,1,6,78361,M,,,78
200800020725,8,4,4,1845,1,2,3,1,3,78362,M,,,78
200800020726,8,4,4,1855,1,2,1,1,6,78361,M,,,78
200800020727,8,4,9,1205,1,2,1,1,3,78354,M,,,78
200800020728,8,4,10,1425,1,2,2,1,2,78354,M,,,78
200800020729,8,4,10,1005,1,2,1,1,2,78361,M,,,78
200800020730,8,4,11,750,1,2,3,1,6,78361,M,,,78
200800020731,8,4,16,2025,1,2,1,1,4,78335,M,,,78
200800020732,8,4,17,1550,1,2,1,1,4,78362,M,,,78
200800020733,8,4,17,1925,1,2,1,1,7,78217,M,,,78
200800020734,8,4,17,2015,1,2,2,1,3,78361,M,,,78
200800020735,8,4,18,1605,1,2,2,1,6,78402,M,,,78
200800020736,8,4,20,1340,1,2,1,8,2,78361,M,,,78
200800020737,8,4,21,1415,1,2,1,8,6,78362,M,,,78
200800020738,8,4,24,835,1,2,1,1,2,78335,M,,,78
200800020739,8,4,27,1940,1,2,1,1,6,78361,M,,,78
200800020740,8,4,1,950,1,1,1,1,2,78490,M,,,78
200800020741,8,4,4,920,1,1,1,1,5,78674,M,,,78
200800020742,8,4,4,1555,1,2,1,1,7,78490,M,,,78
200800020743,8,4,7,750,1,1,1,4,1,78674,M,,,78
200800020744,8,4,16,1730,1,2,1,1,2,78165,M,,,78
200800020745,8,4,28,1700,1,1,1,2,7,78490,M,,,78
200800020746,8,4,2,855,1,2,1,1,7,78498,M,,,78
200800020747,8,4,5,1620,1,2,1,2,4,78498,M,,,78
200800020748,8,4,11,1710,1,2,3,1,6,78123,M,,,78
200800020749,8,4,16,1850,1,2,1,1,6,78498,M,,,78
200800020750,8,4,10,1645,1,1,1,1,6,78642,M,,,78
200800020751,8,4,29,410,5,2,2,1,3,78498,M,,,78
200800020752,8,4,21,1500,1,2,1,1,7,78123,M,,,78
200800020753,8,4,24,1750,1,2,1,2,6,78643,M,,,78
200800020754,8,4,18,2015,1,2,1,1,6,78624,M,,,78
200800020755,8,4,2,1730,1,1,1,2,4,78220,M,,,78
200800020756,8,4,14,1830,1,2,1,1,3,78486,M,,,78
200800020757,8,4,1,2325,5,2,1,1,7,78545,M,,,78
200800020758,8,4,8,1310,1,2,1,1,6,78551,M,,,78
200800020759,8,4,16,1245,1,2,1,1,3,78551,M,,,78
200800020760,8,4,8,1505,1,2,3,1,3,78586,M,,,78
200800020761,8,4,10,750,1,2,3,1,3,78586,M,,,78
200800020762,8,4,12,1500,1,2,3,1,3,78586,M,,,78
200800020763,8,4,19,2250,3,2,3,1,1,78586,M,,,78
200800020764,8,4,14,1145,1,2,1,4,2,78586,M,,,78
200800020765,8,4,22,1120,1,2,6,1,3,78586,M,,,78
200800020766,8,4,21,645,1,2,1,1,6,78586,M,,,78
200800020767,8,4,6,1545,1,1,1,4,2,78621,M,,,78
200800020768,8,4,11,905,1,1,1,1,2,78621,M,,,78
200800020769,8,4,26,1535,1,2,3,1,4,78621,M,,,78
200800020770,8,4,18,825,1,2,1,1,6,78621,M,,,78
200800020771,8,4,9,1815,1,2,9,8,3,78640,M,,,78
200800020772,8,4,1,1210,1,2,1,1,3,78646,M,,,78
200800020773,8,4,2,855,1,1,3,1,2,78158,M,,,78
200800020774,8,4,3,1505,1,2,2,1,6,78646,M,,,78
200800020775,8,4,6,355,5,2,2,2,3,78646,M,,,78
200800020776,8,4,5,500,5,2,6,1,7,78158,M,,,78
200800020777,8,4,11,1640,1,2,3,1,6,78646,M,,,78
200800020778,8,4,12,1735,1,2,1,1,6,78646,M,,,78
200800020779,8,4,16,1335,1,2,1,1,7,78646,M,,,78
200800020780,8,4,22,1600,1,2,2,1,3,78646,M,,,78
200800020781,8,4,27,1355,1,2,1,1,6,78646,M,,,78
200800020782,8,4,30,1520,1,2,2,8,3,78646,M,,,78
200800020783,8,4,9,750,1,2,3,1,3,78146,M,,,78
200800020784,8,4,17,815,1,2,3,1,1,78650,M,,,78
200800020785,8,4,18,2310,5,2,1,3,6,78146,M,,,78
200800020786,8,4,19,1145,1,2,1,1,6,78146,M,,,78
200800020787,8,4,22,1845,1,2,3,1,3,78190,M,,,78
200800020788,8,4,4,1900,1,2,1,1,7,79191,M,,,79
200800020789,8,4,30,1700,1,2,3,1,3,79329,M,,,79
200800020790,8,4,1,1700,1,2,1,1,1,80021,M,,,80
200800020791,8,4,3,925,1,2,2,1,6,80021,M,,,80
200800020792,8,4,1,1755,1,2,1,1,3,80021,M,,,80
200800020793,8,4,5,1550,1,2,1,1,2,80021,M,,,80
200800020794,8,4,8,1450,1,2,2,1,3,80489,M,,,80
200800020795,8,4,8,715,1,2,1,1,6,80021,M,,,80
200800020796,8,4,13,1230,1,2,3,1,3,80021,M,,,80
200800020797,8,4,13,1915,1,2,1,1,3,80021,M,,,80
200800020798,8,4,16,1800,1,2,1,1,3,80021,M,,,80
200800020799,8,4,17,1330,1,2,3,1,3,80021,M,,,80
200800020800,8,4,18,2200,5,2,1,1,2,80021,M,,,80
200800020801,8,4,18,1335,1,2,2,1,3,80021,M,,,80
200800020802,8,4,20,1820,1,2,1,1,3,80674,M,,,80
200800020803,8,4,21,1820,1,2,1,1,2,80261,M,,,80
200800020804,8,4,21,810,1,2,1,1,2,80021,M,,,80
200800020805,8,4,21,505,5,1,1,8,3,80021,M,,,80
200800020806,8,4,22,1825,1,1,1,1,1,80021,M,,,80
200800020807,8,4,22,850,1,2,3,1,1,80021,M,,,80
200800020808,8,4,22,1905,1,2,1,1,2,80021,M,,,80
200800020809,8,4,23,1355,1,2,1,2,4,80021,M,,,80
200800020810,8,4,24,845,1,2,1,1,3,80725,M,,,80
200800020811,8,4,24,1645,1,2,1,2,2,80021,M,,,80
200800020812,8,4,25,810,1,1,1,1,2,80021,M,,,80
200800020813,8,4,25,1500,1,1,1,1,2,80021,M,,,80
200800020814,8,4,25,2140,5,2,1,1,1,80021,M,,,80
200800020815,8,4,25,1415,1,2,2,1,3,80021,M,,,80
200800020816,8,4,28,2235,5,2,5,2,3,80021,M,,,80
200800020817,8,4,29,1435,1,2,3,1,3,80021,M,,,80
200800020818,8,4,30,740,1,2,1,1,3,80725,M,,,80
200800020819,8,4,5,1835,1,2,1,1,2,81144,M,,,81
200800020820,8,4,7,1720,1,2,3,1,2,81004,M,,,81
200800020821,8,4,4,1740,1,2,3,1,3,81065,M,,,81
200800020822,8,4,5,950,1,2,1,1,3,81065,M,,,81
200800020823,8,4,12,2035,1,2,1,1,2,81065,M,,,81
200800020824,8,4,18,1350,1,1,1,1,7,82033,M,,,82
200800020825,8,4,21,1730,1,1,1,1,4,82121,M,,,82
200800020826,8,4,29,655,3,2,2,1,3,82121,M,,,82
200800020827,8,4,7,2250,3,1,1,2,6,82121,M,,,82
200800020828,8,4,2,1210,1,2,1,1,6,82121,M,,,82
200800020829,8,4,15,1410,1,2,1,1,6,82121,M,,,82