Num_Acc,an,mois,jour,hrmn,lum,agg,int,atm,col,com,gps,lat,long,dep
200800020830,8,4,13,30,3,1,1,1,6,82121,M,,,82
200800020831,8,4,25,1510,1,2,3,1,3,82121,M,,,82
200800020832,8,4,14,1715,1,2,1,1,2,82121,M,,,82
200800020833,8,4,18,1920,1,2,2,1,3,82121,M,,,82
200800020834,8,4,19,1455,2,2,1,1,3,82121,M,,,82
200800020835,8,4,26,1440,1,1,3,1,2,82121,M,,,82
200800020836,8,4,11,1120,1,2,1,1,6,82121,M,,,82
200800020837,8,4,2,1500,1,2,3,1,1,83050,M,,,83
200800020838,8,4,5,1820,1,1,1,1,3,83141,M,,,83
200800020839,8,4,11,1415,1,2,1,8,3,83050,M,,,83
200800020840,8,4,16,2055,5,2,1,1,7,83050,M,,,83
200800020841,8,4,18,725,1,1,1,8,1,83050,M,,,83
200800020842,8,4,5,1850,1,2,1,1,2,83061,M,,,83
200800020843,8,4,4,2255,5,2,3,1,3,83061,M,,,83
200800020844,8,4,9,55,3,1,1,1,6,83118,M,,,83
200800020845,8,4,12,100,5,2,1,1,1,83061,M,,,83
200800020846,8,4,5,555,5,2,1,1,2,83069,M,,,83
200800020847,8,4,10,1805,1,2,1,1,4,83069,M,,,83
200800020848,8,4,17,30,5,2,1,1,6,83069,M,,,83
200800020849,8,4,20,130,3,1,1,1,1,83069,M,,,83
200800020850,8,4,22,155,5,2,1,1,6,83069,M,,,83
200800020851,8,4,27,1748,1,1,1,1,6,83069,M,,,83
200800020852,8,4,8,915,1,2,9,1,3,83129,M,,,83
200800020853,8,4,12,1645,1,2,1,1,6,83009,M,,,83
200800020854,8,4,17,1100,1,2,1,1,4,83129,M,,,83
200800020855,8,4,29,1640,1,2,6,1,3,83129,M,,,83
200800020856,8,4,7,900,1,2,3,1,3,83126,M,,,83
200800020857,8,4,5,145,3,2,1,1,1,83126,M,,,83
200800020858,8,4,11,1010,1,2,1,8,3,83126,M,,,83
200800020859,8,4,12,10,5,2,2,1,7,83126,M,,,83
200800020860,8,4,22,905,1,2,1,1,6,83126,M,,,83
200800020861,8,4,23,1025,1,2,1,1,1,83126,M,,,83
200800020862,8,4,27,1813,1,2,2,1,3,83126,M,,,83
200800020863,8,4,24,815,1,2,1,1,2,83126,M,,,83
200800020864,8,4,29,1915,1,2,3,1,6,83126,M,,,83
200800020865,8,4,2,710,1,2,1,1,2,83137,M,,,83
200800020866,8,4,1,1040,1,2,1,1,6,83137,M,,,83
200800020867,8,4,2,1212,1,1,1,1,2,83137,M,,,83
200800020868,8,4,2,1330,1,1,3,1,6,83090,M,,,83
200800020869,8,4,4,1005,1,2,1,1,6,83137,M,,,83
200800020870,8,4,8,945,1,2,1,1,7,83098,M,,,83
200800020871,8,4,4,1915,1,1,1,1,1,83090,M,,,83
200800020872,8,4,10,1120,1,1,2,1,3,83137,M,,,83
200800020873,8,4,11,1110,1,2,4,1,1,83062,M,,,83
200800020874,8,4,10,930,1,1,3,1,3,83090,M,,,83
200800020875,8,4,13,1310,1,2,1,1,3,83137,M,,,83
200800020876,8,4,2,1330,1,2,1,1,6,83137,M,,,83
200800020877,8,4,20,2215,5,2,4,2,3,83137,M,,,83
200800020878,8,4,21,1518,1,2,1,1,6,83137,M,,,83
200800020879,8,4,21,830,1,2,2,2,6,83137,M,,,83
200800020880,8,4,8,857,1,2,1,1,3,83137,M,,,83
200800020881,8,4,23,445,5,2,1,1,7,83137,M,,,83
200800020882,8,4,24,1630,1,2,2,1,2,83137,M,,,83
200800020883,8,4,23,1000,1,2,1,1,2,83137,M,,,83
200800020884,8,4,26,1700,1,2,9,1,7,83137,M,,,83
200800020885,8,4,29,720,1,2,6,1,6,83137,M,,,83
200800020886,8,4,21,1700,1,2,1,1,6,83137,M,,,83
200800020887,8,4,28,1850,2,1,1,2,7,83090,M,,,83
200800020888,8,4,25,1220,1,2,3,1,3,83137,M,,,83
200800020889,8,4,30,1620,1,2,1,1,3,83137,M,,,83
200800020890,8,4,17,1300,1,2,1,1,4,83137,M,,,83
200800020891,8,4,30,1735,1,2,1,1,7,83062,M,,,83
200800020892,8,4,25,1335,1,2,3,1,3,83137,M,,,83
200800020893,8,4,1,1845,1,1,2,1,3,84007,M,,,84
200800020894,8,4,2,1850,1,2,1,6,3,84007,M,,,84
200800020895,8,4,4,1500,1,2,1,1,3,84007,M,,,84
200800020896,8,4,7,1810,1,2,1,1,3,84007,M,,,84
200800020897,8,4,7,1825,1,2,6,1,3,84007,M,,,84
200800020898,8,4,12,930,1,2,6,1,3,84007,M,,,84
200800020899,8,4,12,2155,5,2,1,1,6,84007,M,,,84
200800020900,8,4,17,900,1,2,2,1,3,84007,M,,,84
200800020901,8,4,21,1410,1,1,1,1,3,84007,M,,,84
200800020902,8,4,22,1850,1,2,1,1,3,84007,M,,,84
200800020903,8,4,23,1040,1,2,1,1,5,84007,M,,,84
200800020904,8,4,23,1715,1,2,1,1,3,84007,M,,,84
200800020905,8,4,26,1320,1,2,1,1,6,84007,M,,,84
200800020906,8,4,27,1045,1,2,1,1,6,84007,M,,,84
200800020907,8,4,27,1210,1,1,1,1,6,84007,M,,,84
200800020908,8,4,27,1735,1,2,1,1,3,84007,M,,,84
200800020909,8,4,28,1845,1,2,1,1,6,84007,M,,,84
200800020910,8,4,5,1850,1,2,3,1,5,84035,M,,,84
200800020911,8,4,19,2005,1,2,3,1,3,84035,M,,,84
200800020912,8,4,4,1655,1,1,1,1,1,84035,M,,,84
200800020913,8,4,23,1642,1,2,1,1,6,84089,M,,,84
200800020914,8,4,2,1430,1,2,1,1,2,85191,M,,,85
200800020915,8,4,7,1815,1,1,1,7,6,85191,M,,,85
200800020916,8,4,8,1525,1,2,1,1,6,85191,M,,,85
200800020917,8,4,15,1420,1,2,6,1,6,85191,M,,,85
200800020918,8,4,18,1340,1,2,1,1,7,85191,M,,,85
200800020919,8,4,23,2310,5,2,2,1,1,85191,M,,,85
200800020920,8,4,5,1850,1,2,2,1,3,85194,M,,,85
200800020921,8,4,14,1510,1,2,1,1,3,85194,M,,,85
200800020922,8,4,15,2045,2,2,6,1,2,85194,M,,,85
200800020923,8,4,18,1720,1,2,1,1,7,85194,M,,,85
200800020924,8,4,23,2305,3,2,1,1,7,85194,M,,,85
200800020925,8,4,24,1745,1,2,1,1,6,85194,M,,,85
200800020926,8,4,11,1600,1,2,1,1,6,86066,M,,,86
200800020927,8,4,19,1350,1,2,1,1,6,86066,M,,,86
200800020928,8,4,25,1930,1,2,3,1,2,86066,M,,,86
200800020929,8,4,11,1010,1,2,2,1,3,86194,M,,,86
200800020930,8,4,15,850,1,2,2,1,2,86194,M,,,86
200800020931,8,4,16,5,5,2,1,1,6,86027,M,,,86
200800020932,8,4,18,1840,1,2,2,1,3,86194,M,,,86
200800020933,8,4,20,2025,2,2,1,1,3,86194,M,,,86
200800020934,8,4,22,1725,1,2,1,1,6,86194,M,,,86
200800020935,8,4,24,750,1,2,1,1,6,86194,M,,,86
200800020936,8,4,25,1700,1,2,1,1,3,86194,M,,,86
200800020937,8,4,26,1305,1,2,2,1,3,86194,M,,,86
200800020938,8,4,28,1105,1,2,1,1,6,86194,M,,,86
200800020939,8,4,28,1425,1,2,2,2,3,86194,M,,,86
200800020940,8,4,28,1855,1,2,2,1,3,86194,M,,,86
200800020941,8,4,29,1010,1,2,7,1,1,86194,M,,,86
200800020942,8,4,2,1732,1,1,1,1,5,87050,M,,,87
200800020943,8,4,3,43,5,1,1,1,6,87085,M,,,87
200800020944,8,4,3,1217,1,2,1,1,2,87085,M,,,87
200800020945,8,4,4,1258,1,2,1,1,2,87085,M,,,87
200800020946,8,4,4,1708,1,1,1,1,4,87085,M,,,87
200800020947,8,4,3,805,1,2,1,1,6,87085,M,,,87
200800020948,8,4,7,943,1,2,2,1,3,87085,M,,,87
200800020949,8,4,8,1440,1,2,6,1,3,87085,M,,,87
200800020950,8,4,9,418,5,2,1,2,6,87085,M,,,87
200800020951,8,4,10,755,1,1,1,1,6,87085,M,,,87
200800020952,8,4,10,1915,1,2,1,1,6,87085,M,,,87
200800020953,8,4,11,906,1,2,1,1,2,87085,M,,,87
200800020954,8,4,12,49,5,1,1,1,6,87085,M,,,87
200800020955,8,4,13,1759,1,1,2,3,3,87075,M,,,87
200800020956,8,4,14,1356,1,2,3,1,3,87085,M,,,87
200800020957,8,4,14,2043,5,2,1,2,6,87113,M,,,87
200800020958,8,4,16,1554,1,2,1,1,6,87085,M,,,87
200800020959,8,4,16,1635,1,2,1,1,7,87085,M,,,87
200800020960,8,4,17,1631,1,2,1,2,2,87114,M,,,87
200800020961,8,4,19,1735,1,2,1,1,6,87085,M,,,87
200800020962,8,4,20,653,1,1,1,2,6,87085,M,,,87
200800020963,8,4,24,1512,1,2,1,1,3,87085,M,,,87
200800020964,8,4,24,1557,1,2,1,1,3,87085,M,,,87
200800020965,8,4,28,949,1,2,1,2,6,87085,M,,,87
200800020966,8,4,28,832,1,2,1,2,6,87065,M,,,87
200800020967,8,4,28,1201,1,2,1,2,6,87050,M,,,87
200800020968,8,4,28,1312,1,2,1,1,6,87085,M,,,87
200800020969,8,4,29,1549,1,2,1,1,6,87085,M,,,87
200800020970,8,4,29,1725,1,2,1,2,6,87085,M,,,87
200800020971,8,4,30,1034,1,2,1,1,3,87085,M,,,87
200800020972,8,4,22,1550,1,2,2,1,2,88160,M,4817295.0,644835.0,88
200800020973,8,4,23,2110,5,2,1,1,6,88160,M,4818050.0,643803.0,88
200800020974,8,4,24,1340,1,2,2,1,3,88160,M,4819352.0,645463.0,88
200800020975,8,4,25,1810,1,2,1,1,6,88160,M,4819486.0,645828.0,88
200800020976,8,4,29,1700,1,2,1,1,6,88160,M,4816353.0,645079.0,88
200800020977,8,4,7,1650,1,2,3,1,3,88160,M,4816023.0,645302.0,88
200800020978,8,4,14,1820,1,2,1,2,3,89387,M,,,89
200800020979,8,4,3,1720,1,2,4,1,3,89342,M,,,89
200800020980,8,4,27,1135,1,2,1,1,6,89387,M,,,89
200800020981,8,4,4,1505,1,2,1,1,6,90010,M,,,90
200800020982,8,4,5,1035,1,2,1,1,6,90010,M,,,90
200800020983,8,4,9,1105,1,2,1,3,7,90010,M,,,90
200800020984,8,4,17,2230,5,2,5,2,3,90010,M,,,90
200800020985,8,4,18,1641,1,2,1,1,6,90099,M,,,90
200800020986,8,4,21,1800,1,2,3,2,5,90010,M,,,90
200800020987,8,4,24,1529,1,2,2,1,2,90010,M,,,90
200800020988,8,4,26,1805,1,2,1,1,5,90039,M,,,90
200800020989,8,4,17,1935,1,2,2,1,1,91552,M,,,91
200800020990,8,4,19,750,1,2,8,1,3,91457,M,,,91
200800020991,8,4,25,1630,1,2,1,1,7,91552,M,,,91
200800020992,8,4,2,1745,1,1,1,1,6,91479,M,,,91
200800020993,8,4,3,1700,1,2,2,1,6,91479,M,,,91
200800020994,8,4,5,1625,1,2,1,2,6,91027,M,,,91
200800020995,8,4,11,1955,1,2,2,1,6,91027,M,,,91
200800020996,8,4,15,1345,1,2,1,1,6,91027,M,,,91
200800020997,8,4,17,615,5,2,1,1,6,91027,M,,,91
200800020998,8,4,24,1800,1,2,1,1,6,91027,M,,,91
200800020999,8,4,1,1140,1,2,1,1,2,91114,M,,,91
200800021000,8,4,5,1845,1,2,6,1,3,91097,M,,,91
200800021001,8,4,10,1820,1,1,1,1,3,91514,M,,,91
200800021002,8,4,13,1805,1,2,1,1,6,91114,M,,,91
200800021003,8,4,15,1620,1,2,2,1,3,91114,M,,,91
200800021004,8,4,17,830,1,2,1,1,6,91514,M,,,91
200800021005,8,4,26,1855,1,2,6,1,3,91114,M,,,91
200800021006,8,4,8,730,2,2,1,1,6,91657,M,,,91
200800021007,8,4,8,820,2,2,1,1,6,91201,M,,,91
200800021008,8,4,10,1800,1,2,2,1,3,91201,M,,,91
200800021009,8,4,15,1355,1,2,1,1,6,91657,M,,,91
200800021010,8,4,16,1355,1,2,2,1,3,91657,M,,,91
200800021011,8,4,17,1615,1,2,2,1,3,91657,M,,,91
200800021012,8,4,21,1445,1,2,1,1,6,91201,M,,,91
200800021013,8,4,27,2145,5,2,9,1,3,91201,M,,,91
200800021014,8,4,27,1450,1,2,1,1,3,91201,M,,,91
200800021015,8,4,29,1300,1,2,2,2,3,91201,M,,,91
200800021016,8,4,4,10,5,2,1,1,7,91433,M,,,91
200800021017,8,4,4,1610,1,2,1,1,7,91433,M,,,91
200800021018,8,4,11,415,3,1,6,1,7,91223,M,,,91
200800021019,8,4,22,1340,1,1,1,1,7,91469,M,,,91
200800021020,8,4,26,1540,1,2,1,1,2,91223,M,,,91
200800021021,8,4,28,1,1,1,1,2,7,91223,M,,,91
200800021022,8,4,30,1200,1,1,1,2,7,91223,M,,,91
200800021023,8,4,2,1650,1,2,1,2,2,91228,M,,,91
200800021024,8,4,5,1640,1,2,1,3,2,91521,M,,,91
200800021025,8,4,18,820,1,2,1,1,6,91521,M,,,91
200800021026,8,4,18,1800,1,2,1,1,6,91228,M,,,91
200800021027,8,4,24,1445,1,2,1,1,6,91182,M,,,91
200800021028,8,4,1,2125,3,2,1,1,3,91421,M,,,91
200800021029,8,4,2,1735,1,2,1,2,6,91691,M,,,91
200800021030,8,4,4,735,1,1,1,1,7,91421,M,,,91
200800021031,8,4,16,850,1,2,3,1,3,91191,M,,,91
200800021032,8,4,18,1725,1,2,1,1,2,91691,M,,,91
200800021033,8,4,25,1830,1,2,3,1,7,91191,M,,,91
200800021034,8,4,28,2050,2,2,1,2,2,91421,M,,,91
200800021035,8,4,2,1930,2,1,6,1,3,91692,M,,,91
200800021036,8,4,3,1800,1,2,1,1,6,91692,M,,,91
200800021037,8,4,4,1450,1,2,1,1,6,91477,M,,,91
200800021038,8,4,7,915,1,2,6,1,3,91471,M,,,91
200800021039,8,4,9,850,1,1,4,1,2,91692,M,,,91
200800021040,8,4,16,2015,1,2,1,1,2,91477,M,,,91
200800021041,8,4,24,930,1,2,3,1,3,91477,M,,,91
200800021042,8,4,6,1930,1,2,9,1,3,91549,M,,,91
200800021043,8,4,3,1210,1,2,1,1,6,92002,M,,,92
200800021044,8,4,16,800,1,2,1,1,6,92002,M,,,92
200800021045,8,4,21,1030,1,2,2,1,4,92002,M,,,92
200800021046,8,4,25,1120,1,2,3,1,6,92002,M,,,92
200800021047,8,4,26,1430,1,2,3,1,2,92014,M,,,92
200800021048,8,4,29,1720,1,2,1,2,6,92002,M,,,92
200800021049,8,4,2,2025,5,2,1,2,5,92004,M,,,92
200800021050,8,4,2,2120,5,2,2,9,6,92004,M,,,92
200800021051,8,4,4,400,5,2,3,1,2,92004,M,,,92
200800021052,8,4,7,1835,5,2,1,1,6,92004,M,,,92
200800021053,8,4,8,1730,1,2,1,1,6,92007,M,,,92
200800021054,8,4,12,1845,1,2,1,1,6,92007,M,,,92
200800021055,8,4,1,750,1,2,1,1,6,92012,M,,,92
200800021056,8,4,1,825,1,2,1,1,6,92012,M,,,92
200800021057,8,4,1,2030,2,2,2,1,6,92012,M,,,92
200800021058,8,4,2,657,1,2,3,1,6,92012,M,,,92
200800021059,8,4,3,1840,2,2,1,1,6,92012,M,,,92
200800021060,8,4,4,1805,1,2,2,1,6,92012,M,,,92
200800021061,8,4,5,1104,1,2,1,1,3,92012,M,,,92
200800021062,8,4,7,1500,1,2,1,1,6,92012,M,,,92
200800021063,8,4,8,1230,1,2,2,1,6,92012,M,,,92
200800021064,8,4,11,1840,1,2,1,1,6,92012,M,,,92
200800021065,8,4,19,1120,1,2,7,1,6,92012,M,,,92
200800021066,8,4,23,535,2,2,2,1,6,92012,M,,,92
200800021067,8,4,23,1750,1,2,1,1,6,92012,M,,,92
200800021068,8,4,24,1100,1,2,2,1,3,92012,M,,,92
200800021069,8,4,29,2215,5,2,2,1,3,92012,M,,,92
200800021070,8,4,30,1715,1,2,2,1,6,92012,M,,,92
200800021071,8,4,14,836,1,2,1,2,3,92019,M,,,92
200800021072,8,4,14,815,1,2,2,1,6,92032,M,,,92
200800021073,8,4,15,1005,1,2,2,1,1,92019,M,,,92
200800021074,8,4,15,940,1,2,2,1,6,92019,M,,,92
200800021075,8,4,20,2045,5,2,1,1,6,92032,M,,,92
200800021076,8,4,2,1055,1,2,2,1,3,92024,M,,,92
200800021077,8,4,4,930,1,2,3,1,6,92024,M,,,92
200800021078,8,4,3,930,1,2,1,2,3,92024,M,,,92
200800021079,8,4,10,1925,1,2,1,1,1,92024,M,,,92
200800021080,8,4,7,1635,1,2,1,1,3,92024,M,,,92
200800021081,8,4,8,1850,1,2,1,1,6,92024,M,,,92
200800021082,8,4,8,1810,1,2,1,1,1,92024,M,,,92
200800021083,8,4,11,1145,1,2,1,1,6,92024,M,,,92
200800021084,8,4,9,1830,1,2,1,1,3,92024,M,,,92
200800021085,8,4,15,2235,5,2,1,1,3,92024,M,,,92
200800021086,8,4,18,1955,1,2,2,1,3,92024,M,,,92
200800021087,8,4,18,1225,1,2,1,1,4,92024,M,,,92
200800021088,8,4,24,1925,1,2,1,1,3,92024,M,,,92
200800021089,8,4,29,2030,5,2,2,2,1,92024,M,,,92
200800021090,8,4,4,2115,5,2,1,1,3,92025,M,,,92
200800021091,8,4,5,1120,1,2,1,2,6,92025,M,,,92
200800021092,8,4,7,920,1,2,3,7,6,92025,M,,,92
200800021093,8,4,18,1000,1,2,1,1,2,92025,M,,,92
200800021094,8,4,18,2020,5,2,2,3,3,92025,M,,,92
200800021095,8,4,27,1425,1,2,1,1,3,92025,M,,,92
200800021096,8,4,30,1930,1,2,1,1,3,92025,M,,,92
200800021097,8,4,30,1030,1,2,1,1,6,92025,M,,,92
200800021098,8,4,1,920,1,2,3,1,2,92026,M,,,92
200800021099,8,4,3,1230,1,2,2,1,2,92026,M,,,92
200800021100,8,4,7,1000,1,2,1,1,3,92026,M,,,92
200800021101,8,4,9,900,1,2,3,1,5,92026,M,,,92
200800021102,8,4,13,215,5,2,2,2,3,92026,M,,,92
200800021103,8,4,15,1245,1,2,1,1,5,92026,M,,,92
200800021104,8,4,17,1340,1,2,3,1,6,92026,M,,,92
200800021105,8,4,23,900,1,2,3,1,3,92026,M,,,92
200800021106,8,4,26,1505,1,2,1,1,6,92026,M,,,92
200800021107,8,4,28,1500,1,2,2,1,3,92026,M,,,92
200800021108,8,4,15,1920,1,2,1,1,3,92035,M,,,92
200800021109,8,4,9,1825,1,2,1,1,1,92035,M,,,92
200800021110,8,4,15,700,1,2,1,1,3,92035,M,,,92
200800021111,8,4,8,1745,1,2,9,1,2,92036,M,,,92
200800021112,8,4,24,745,1,2,9,1,6,92036,M,,,92
200800021113,8,4,28,1050,1,2,9,1,2,92036,M,,,92
200800021114,8,4,30,1835,2,2,2,1,3,92036,M,,,92
200800021115,8,4,6,1130,1,2,1,1,7,92040,M,,,92
200800021116,8,4,9,945,1,2,9,1,6,92040,M,,,92
200800021117,8,4,9,1300,1,2,1,1,6,92040,M,,,92
200800021118,8,4,10,1005,1,2,1,1,6,92040,M,,,92
200800021119,8,4,17,1245,1,2,1,1,6,92040,M,,,92
200800021120,8,4,27,345,5,2,5,1,1,92040,M,,,92
200800021121,8,4,29,745,1,2,1,2,2,92040,M,,,92
200800021122,8,4,5,1545,1,2,1,8,3,92044,M,,,92
200800021123,8,4,9,710,1,2,1,1,2,92044,M,,,92
200800021124,8,4,9,1305,1,2,3,1,3,92044,M,,,92
200800021125,8,4,10,1515,1,2,1,1,2,92044,M,,,92
200800021126,8,4,14,1630,1,2,1,2,2,92044,M,,,92
200800021127,8,4,17,1220,1,2,2,1,2,92044,M,,,92
200800021128,8,4,17,2315,5,2,1,2,3,92044,M,,,92
200800021129,8,4,25,1135,1,2,4,1,2,92044,M,,,92
200800021130,8,4,25,1540,1,2,2,1,6,92044,M,,,92
200800021131,8,4,30,935,1,2,2,1,6,92044,M,,,92
200800021132,8,4,30,2045,2,2,2,1,3,92044,M,,,92
200800021133,8,4,15,2110,5,2,2,1,3,92048,M,,,92
200800021134,8,4,10,1920,2,2,3,1,2,92048,M,,,92
200800021135,8,4,20,1200,1,2,3,2,6,92048,M,,,92
200800021136,8,4,23,1015,1,2,3,1,5,92048,M,,,92
200800021137,8,4,4,910,1,2,1,1,6,92049,M,,,92
200800021138,8,4,7,1950,2,2,1,1,3,92049,M,,,92
200800021139,8,4,8,1150,1,2,1,1,7,92049,M,,,92
200800021140,8,4,10,1850,1,2,1,1,3,92020,M,,,92
200800021141,8,4,11,1035,1,2,1,1,2,92049,M,,,92
200800021142,8,4,11,1915,1,2,1,1,6,92049,M,,,92
200800021143,8,4,12,410,5,2,1,1,1,92049,M,,,92
200800021144,8,4,23,1930,1,2,2,1,3,92020,M,,,92
200800021145,8,4,4,1405,1,2,1,1,2,92062,M,,,92
200800021146,8,4,4,1700,1,2,1,1,6,92062,M,,,92
200800021147,8,4,15,1500,1,2,2,1,3,92062,M,,,92
200800021148,8,4,17,820,1,2,3,1,3,92062,M,,,92
200800021149,8,4,30,1820,1,2,1,1,6,92062,M,,,92
200800021150,8,4,1,915,1,2,2,1,3,92063,M,,,92
200800021151,8,4,3,1607,1,2,2,1,3,92063,M,,,92
200800021152,8,4,7,1410,1,2,1,1,6,92063,M,,,92
200800021153,8,4,8,840,1,2,3,1,6,92063,M,,,92
200800021154,8,4,8,1655,1,2,2,1,3,92063,M,,,92
200800021155,8,4,10,915,1,2,1,1,3,92063,M,,,92
200800021156,8,4,11,930,1,2,1,1,7,92063,M,,,92
200800021157,8,4,12,1030,1,2,3,1,3,92063,M,,,92
200800021158,8,4,16,1925,2,2,1,1,6,92063,M,,,92
200800021159,8,4,17,900,1,2,1,1,2,92063,M,,,92
200800021160,8,4,17,1920,1,2,3,1,6,92063,M,,,92
200800021161,8,4,19,2245,5,2,1,1,2,92063,M,,,92
200800021162,8,4,27,1825,1,2,1,1,3,92063,M,,,92
200800021163,8,4,1,1420,1,2,1,8,6,92064,M,,,92
200800021164,8,4,1,1600,1,2,1,8,6,92064,M,,,92
200800021165,8,4,1,2120,2,2,1,1,3,92076,M,,,92
200800021166,8,4,6,1015,1,2,1,1,6,92064,M,,,92
200800021167,8,4,10,1750,1,2,1,1,2,92047,M,,,92
200800021168,8,4,13,1300,1,2,1,1,6,92064,M,,,92
200800021169,8,4,14,920,1,2,2,9,3,92064,M,,,92
200800021170,8,4,16,755,1,2,1,1,6,92033,M,,,92
200800021171,8,4,17,1350,1,2,1,1,6,92064,M,,,92
200800021172,8,4,18,1450,1,2,1,1,6,92064,M,,,92
200800021173,8,4,19,1235,1,2,1,1,3,92064,M,,,92
200800021174,8,4,21,1730,1,2,1,1,3,92064,M,,,92
200800021175,8,4,23,1850,1,2,1,1,6,92064,M,,,92
200800021176,8,4,26,50,5,2,3,1,3,92064,M,,,92
200800021177,8,4,27,1325,1,2,3,1,3,92064,M,,,92
200800021178,8,4,30,2040,1,2,3,1,3,92064,M,,,92
200800021179,8,4,4,810,1,2,1,1,6,92072,M,,,92
200800021180,8,4,7,1955,1,2,1,1,3,92072,M,,,92
200800021181,8,4,13,820,1,2,1,1,6,92022,M,,,92
200800021182,8,4,25,1235,1,2,1,1,7,92072,M,,,92
200800021183,8,4,4,2040,5,2,3,1,3,92073,M,,,92
200800021184,8,4,6,1730,1,2,1,2,3,92073,M,,,92
200800021185,8,4,8,820,1,2,3,1,3,92073,M,,,92
200800021186,8,4,8,1915,5,2,3,1,3,92073,M,,,92
200800021187,8,4,16,1810,1,2,1,1,7,92073,M,,,92
200800021188,8,4,22,1745,1,2,1,1,7,92073,M,,,92
200800021189,8,4,23,2220,5,2,1,1,6,92073,M,,,92
200800021190,8,4,25,800,1,2,1,1,7,92073,M,,,92
200800021191,8,4,6,30,5,2,2,4,6,92075,M,,,92
200800021192,8,4,6,2115,5,2,2,9,3,92046,M,,,92
200800021193,8,4,13,1115,1,2,2,1,3,92046,M,,,92
200800021194,8,4,22,2105,3,2,3,1,3,92075,M,,,92
200800021195,8,4,9,1315,1,2,1,1,3,92078,M,,,92
200800021196,8,4,6,1540,1,1,1,1,7,92062,M,,,92
200800021197,8,4,20,2355,5,2,4,3,7,92062,M,,,92
200800021198,8,4,1,2030,5,2,1,1,1,93001,M,,,93
200800021199,8,4,1,2050,5,2,2,1,6,93001,M,,,93
200800021200,8,4,3,1650,1,2,1,1,6,93001,M,,,93
200800021201,8,4,4,935,1,2,1,1,3,93001,M,,,93
200800021202,8,4,4,1422,1,2,1,1,3,93001,M,,,93
200800021203,8,4,4,1800,1,2,3,1,2,93001,M,,,93
200800021204,8,4,4,2320,5,2,1,1,1,93001,M,,,93
200800021205,8,4,10,1540,1,2,1,1,6,93001,M,,,93
200800021206,8,4,11,1750,1,2,2,2,1,93001,M,,,93
200800021207,8,4,14,1445,1,2,2,1,3,93001,M,,,93
200800021208,8,4,16,1120,1,2,1,1,3,93001,M,,,93
200800021209,8,4,17,710,1,2,1,1,6,93001,M,,,93
200800021210,8,4,17,1300,1,2,3,1,6,93001,M,,,93
200800021211,8,4,19,1900,1,2,3,1,6,93001,M,,,93
200800021212,8,4,24,1740,1,2,1,1,6,93001,M,,,93
200800021213,8,4,26,1355,1,2,2,1,3,93001,M,,,93
200800021214,8,4,28,1805,1,2,7,1,6,93001,M,,,93
200800021215,8,4,29,1810,1,2,1,2,2,93001,M,,,93
200800021216,8,4,29,2020,1,2,2,1,3,93001,M,,,93
200800021217,8,4,1,1635,1,1,6,1,2,93008,M,,,93
200800021218,8,4,12,1342,1,2,2,1,3,93008,M,,,93
200800021219,8,4,15,1245,1,2,1,1,6,93008,M,,,93
200800021220,8,4,17,2020,2,2,1,1,2,93008,M,,,93
200800021221,8,4,18,1845,1,2,2,1,3,93008,M,,,93
200800021222,8,4,28,1715,1,2,1,2,1,93008,M,,,93
200800021223,8,4,1,1710,1,2,1,1,6,93010,M,,,93
200800021224,8,4,4,2100,5,2,2,1,3,93057,M,,,93
200800021225,8,4,17,1650,1,2,2,1,6,93010,M,,,93
200800021226,8,4,19,1950,1,2,4,1,1,93057,M,,,93
200800021227,8,4,20,100,5,2,1,1,6,93010,M,,,93
200800021228,8,4,21,1940,1,2,2,1,3,93010,M,,,93
200800021229,8,4,7,1055,1,2,1,1,7,93079,M,,,93
200800021230,8,4,7,1125,1,2,1,1,2,93079,M,,,93
200800021231,8,4,7,1755,1,2,1,8,6,93031,M,,,93
200800021232,8,4,9,1500,1,2,3,1,2,93031,M,,,93
200800021233,8,4,11,1510,1,2,1,1,6,93031,M,,,93
200800021234,8,4,18,1025,1,2,1,1,3,93079,M,,,93
200800021235,8,4,18,2135,5,2,1,2,2,93031,M,,,93
200800021236,8,4,23,1345,1,2,1,1,1,93031,M,,,93
200800021237,8,4,25,1415,1,2,1,1,3,93031,M,,,93
200800021238,8,4,27,1245,1,2,1,1,4,93031,M,,,93
200800021239,8,4,30,1135,1,2,1,2,6,93079,M,,,93
200800021240,8,4,7,1125,1,2,1,1,6,93047,M,,,93
200800021241,8,4,12,725,1,2,3,1,6,93032,M,,,93
200800021242,8,4,13,2030,2,2,2,2,3,93032,M,,,93
200800021243,8,4,6,645,5,2,1,1,6,93063,M,,,93
200800021244,8,4,7,755,1,2,1,1,6,93006,M,,,93
200800021245,8,4,7,1520,1,2,1,1,3,93063,M,,,93
200800021246,8,4,10,815,1,2,3,8,6,93045,M,,,93
200800021247,8,4,11,1045,1,2,1,1,7,93063,M,,,93
200800021248,8,4,14,1830,1,2,1,1,3,93006,M,,,93
200800021249,8,4,18,1800,1,2,1,1,6,93045,M,,,93
200800021250,8,4,20,1925,1,2,2,8,7,93063,M,,,93
200800021251,8,4,21,930,1,2,1,2,6,93006,M,,,93
200800021252,8,4,21,2320,5,2,1,1,6,93063,M,,,93
200800021253,8,4,22,1500,1,2,3,1,3,93045,M,,,93
200800021254,8,4,26,1515,1,2,6,1,3,93063,M,,,93
200800021255,8,4,29,715,2,2,2,2,5,93045,M,,,93
200800021256,8,4,5,1903,1,2,1,1,6,93046,M,,,93
200800021257,8,4,8,1950,2,2,2,1,3,93046,M,,,93