Num_Acc,an,mois,jour,hrmn,lum,agg,int,atm,col,com,gps,lat,long,dep
200800021258,8,4,10,1400,1,2,1,1,7,93046,M,,,93
200800021259,8,4,15,930,1,2,1,1,2,93074,M,,,93
200800021260,8,4,16,1825,1,2,3,1,3,93074,M,,,93
200800021261,8,4,22,920,1,2,3,1,3,93046,M,,,93
200800021262,8,4,28,1150,1,2,2,1,3,93046,M,,,93
200800021263,8,4,28,1547,1,2,1,2,6,93046,M,,,93
200800021264,8,4,30,2040,2,2,2,1,7,93046,M,,,93
200800021265,8,4,7,1550,1,2,3,8,3,93048,M,,,93
200800021266,8,4,7,2155,5,2,3,8,6,93048,M,,,93
200800021267,8,4,10,1150,1,2,1,1,7,93048,M,,,93
200800021268,8,4,10,2130,2,2,3,1,3,93048,M,,,93
200800021269,8,4,11,1645,1,2,5,1,3,93048,M,,,93
200800021270,8,4,14,945,1,2,1,8,6,93048,M,,,93
200800021271,8,4,19,1645,1,2,2,1,3,93048,M,,,93
200800021272,8,4,21,1355,1,2,2,1,3,93048,M,,,93
200800021273,8,4,19,1325,1,2,1,1,6,93049,M,,,93
200800021274,8,4,19,1655,1,2,3,1,3,93050,M,,,93
200800021275,8,4,19,1350,1,2,3,1,3,93050,M,,,93
200800021276,8,4,27,10,5,2,1,1,6,93049,M,,,93
200800021277,8,4,2,915,1,2,6,1,3,93051,M,,,93
200800021278,8,4,4,1240,1,2,4,1,1,93051,M,,,93
200800021279,8,4,6,1100,1,2,2,1,1,93051,M,,,93
200800021280,8,4,7,905,1,2,3,4,3,93051,M,,,93
200800021281,8,4,12,1400,1,2,3,1,3,93033,M,,,93
200800021282,8,4,18,2145,4,2,1,2,6,93051,M,,,93
200800021283,8,4,21,1500,1,2,6,8,3,93051,M,,,93
200800021284,8,4,4,1800,1,2,1,1,6,93055,M,,,93
200800021285,8,4,5,1255,1,2,3,1,3,93055,M,,,93
200800021286,8,4,7,2015,1,2,1,9,6,93055,M,,,93
200800021287,8,4,10,1735,1,2,1,1,4,93055,M,,,93
200800021288,8,4,11,1800,1,2,3,1,3,93055,M,,,93
200800021289,8,4,12,2215,5,2,8,1,6,93055,M,,,93
200800021290,8,4,22,1825,1,2,1,1,3,93055,M,,,93
200800021291,8,4,30,1150,1,2,2,3,3,93055,M,,,93
200800021292,8,4,3,1605,1,2,1,1,2,93062,M,,,93
200800021293,8,4,4,845,1,2,9,1,3,93014,M,,,93
200800021294,8,4,9,1320,1,2,2,1,6,93014,M,,,93
200800021295,8,4,16,1030,1,2,2,1,6,93062,M,,,93
200800021296,8,4,26,1300,1,2,1,1,6,93014,M,,,93
200800021297,8,4,2,1200,1,2,1,1,6,93077,M,,,93
200800021298,8,4,6,1900,1,2,2,2,3,93064,M,,,93
200800021299,8,4,7,1845,1,2,1,1,1,93064,M,,,93
200800021300,8,4,10,1705,1,2,1,1,7,93077,M,,,93
200800021301,8,4,16,1330,1,2,1,1,3,93077,M,,,93
200800021302,8,4,17,1935,1,2,1,1,7,93077,M,,,93
200800021303,8,4,22,1935,1,2,1,1,3,93077,M,,,93
200800021304,8,4,24,1710,1,2,3,1,3,93077,M,,,93
200800021305,8,4,30,1730,1,2,1,1,6,93077,M,,,93
200800021306,8,4,2,1830,1,2,2,2,2,93039,M,,,93
200800021307,8,4,6,925,1,2,1,8,6,93066,M,,,93
200800021308,8,4,7,1400,1,2,1,1,6,93066,M,,,93
200800021309,8,4,7,1540,1,2,9,8,5,93066,M,,,93
200800021310,8,4,9,1230,1,2,1,1,6,93066,M,,,93
200800021311,8,4,10,1300,1,1,1,1,3,93066,M,,,93
200800021312,8,4,11,1540,1,2,1,1,3,93066,M,,,93
200800021313,8,4,19,1507,1,2,1,1,2,93066,M,,,93
200800021314,8,4,19,1450,1,2,1,1,3,93066,M,,,93
200800021315,8,4,20,1340,1,2,1,1,3,93066,M,,,93
200800021316,8,4,20,1620,1,2,1,1,7,93066,M,,,93
200800021317,8,4,21,1100,1,2,1,2,1,93066,M,,,93
200800021318,8,4,21,1305,1,2,9,1,2,93066,M,,,93
200800021319,8,4,23,2130,5,2,1,1,3,93066,M,,,93
200800021320,8,4,24,1645,1,2,1,1,6,93066,M,,,93
200800021321,8,4,25,1500,1,2,1,1,3,93066,M,,,93
200800021322,8,4,25,1540,1,2,7,1,6,93066,M,,,93
200800021323,8,4,28,1940,1,2,1,3,5,93066,M,,,93
200800021324,8,4,28,2325,5,2,1,2,7,93066,M,,,93
200800021325,8,4,29,1335,1,2,1,3,6,93066,M,,,93
200800021326,8,4,3,135,5,2,1,2,7,93066,M,,,93
200800021327,8,4,6,1840,1,2,1,2,6,93066,M,,,93
200800021328,8,4,7,1300,1,2,3,2,3,93066,M,,,93
200800021329,8,4,4,1210,1,2,6,1,3,93071,M,,,93
200800021330,8,4,8,2300,5,2,2,1,3,93071,M,,,93
200800021331,8,4,10,840,1,2,1,1,3,93071,M,,,93
200800021332,8,4,25,1450,1,2,1,1,6,93071,M,,,93
200800021333,8,4,3,1540,1,2,1,1,6,93073,M,,,93
200800021334,8,4,5,1810,1,2,1,1,4,93078,M,,,93
200800021335,8,4,14,1410,1,2,1,1,6,93073,M,,,93
200800021336,8,4,15,1420,1,2,1,1,7,93073,M,,,93
200800021337,8,4,22,830,1,2,1,1,3,93078,M,,,93
200800021338,8,4,22,1945,1,2,1,1,6,93078,M,,,93
200800021339,8,4,30,1930,2,2,1,1,2,93078,M,,,93
200800021340,8,4,1,1305,1,2,3,1,2,94002,M,,,94
200800021341,8,4,3,2225,5,2,2,1,3,94002,M,,,94
200800021342,8,4,7,915,1,2,1,4,7,94002,M,,,94
200800021343,8,4,13,1900,1,2,3,2,3,94002,M,,,94
200800021344,8,4,17,1915,1,2,3,1,6,94002,M,,,94
200800021345,8,4,24,1855,1,2,3,2,7,94002,M,,,94
200800021346,8,4,25,2205,5,2,3,1,3,94002,M,,,94
200800021347,8,4,7,845,1,2,1,2,6,94004,M,,,94
200800021348,8,4,7,1500,1,2,2,1,1,94004,M,,,94
200800021349,8,4,10,1355,1,2,1,1,2,94004,M,,,94
200800021350,8,4,28,1000,1,2,1,2,4,94044,M,,,94
200800021351,8,4,26,2130,5,2,1,1,3,94071,M,,,94
200800021352,8,4,2,1210,1,2,9,1,2,94017,M,,,94
200800021353,8,4,2,1330,1,2,1,1,6,94017,M,,,94
200800021354,8,4,3,1000,1,2,4,1,3,94017,M,,,94
200800021355,8,4,9,1200,1,2,1,1,3,94017,M,,,94
200800021356,8,4,11,2020,2,2,3,1,6,94017,M,,,94
200800021357,8,4,12,1100,1,2,2,1,3,94017,M,,,94
200800021358,8,4,15,950,1,2,2,1,3,94017,M,,,94
200800021359,8,4,18,1930,1,2,4,1,6,94017,M,,,94
200800021360,8,4,25,2130,4,2,3,1,3,94017,M,,,94
200800021361,8,4,26,1405,1,2,1,1,3,94017,M,,,94
200800021362,8,4,29,2055,5,2,2,2,3,94017,M,,,94
200800021363,8,4,13,1545,1,2,2,1,6,94018,M,,,94
200800021364,8,4,24,1740,1,2,1,1,6,94018,M,,,94
200800021365,8,4,27,1955,1,2,2,1,1,94018,M,,,94
200800021366,8,4,14,720,1,2,1,1,3,94079,M,,,94
200800021367,8,4,16,2000,2,2,6,1,3,94060,M,,,94
200800021368,8,4,18,755,1,2,1,1,2,94055,M,,,94
200800021369,8,4,26,1400,1,2,1,1,6,94059,M,,,94
200800021370,8,4,3,1950,1,2,1,1,2,94022,M,,,94
200800021371,8,4,7,1920,1,2,1,1,6,94054,M,,,94
200800021372,8,4,10,900,1,2,1,1,3,94022,M,,,94
200800021373,8,4,10,1840,1,2,1,1,6,94022,M,,,94
200800021374,8,4,16,1230,1,2,2,1,3,94054,M,,,94
200800021375,8,4,18,920,1,2,1,1,5,94054,M,,,94
200800021376,8,4,18,2320,5,2,1,1,2,94054,M,,,94
200800021377,8,4,19,455,5,2,1,2,3,94054,M,,,94
200800021378,8,4,29,1240,1,2,1,3,6,94054,M,,,94
200800021379,8,4,2,1546,1,2,1,2,6,94028,M,,,94
200800021380,8,4,3,1550,1,2,1,1,6,94028,M,,,94
200800021381,8,4,4,910,1,2,1,1,3,94011,M,,,94
200800021382,8,4,5,936,1,2,1,1,6,94028,M,,,94
200800021383,8,4,5,1420,1,2,1,1,6,94028,M,,,94
200800021384,8,4,6,1500,1,2,1,2,6,94011,M,,,94
200800021385,8,4,7,1505,1,2,1,1,3,94028,M,,,94
200800021386,8,4,9,800,1,2,1,1,2,94028,M,,,94
200800021387,8,4,9,1223,1,2,1,1,7,94028,M,,,94
200800021388,8,4,9,1245,1,2,1,1,3,94028,M,,,94
200800021389,8,4,10,1630,2,2,1,1,6,94028,M,,,94
200800021390,8,4,11,1535,1,2,1,1,2,94028,M,,,94
200800021391,8,4,14,850,1,2,1,1,7,94028,M,,,94
200800021392,8,4,15,930,1,2,1,1,6,94028,M,,,94
200800021393,8,4,17,2110,3,2,1,1,1,94028,M,,,94
200800021394,8,4,18,1000,1,2,1,1,3,94028,M,,,94
200800021395,8,4,23,1807,2,2,1,1,4,94028,M,,,94
200800021396,8,4,28,1045,1,2,1,1,6,94028,M,,,94
200800021397,8,4,29,1440,1,2,2,1,5,94028,M,,,94
200800021398,8,4,18,935,1,2,2,1,3,94033,M,,,94
200800021399,8,4,2,1710,1,2,2,2,7,94003,M,,,94
200800021400,8,4,7,940,1,1,2,1,3,94003,M,,,94
200800021401,8,4,10,1120,1,2,9,1,6,94076,M,,,94
200800021402,8,4,11,1500,1,2,1,1,7,94043,M,,,94
200800021403,8,4,17,1900,1,2,5,8,3,94003,M,,,94
200800021404,8,4,19,1315,1,2,1,1,6,94003,M,,,94
200800021405,8,4,19,1740,1,2,1,1,3,94076,M,,,94
200800021406,8,4,17,1740,1,2,2,1,6,94076,M,,,94
200800021407,8,4,21,1725,1,2,2,1,3,94016,M,,,94
200800021408,8,4,23,1630,1,2,1,1,7,94076,M,,,94
200800021409,8,4,23,1840,1,2,1,1,3,94076,M,,,94
200800021410,8,4,24,2235,5,2,1,1,6,94003,M,,,94
200800021411,8,4,25,1845,1,2,1,1,3,94003,M,,,94
200800021412,8,4,26,1750,1,2,1,1,7,94043,M,,,94
200800021413,8,4,26,2335,5,2,2,1,1,94043,M,,,94
200800021414,8,4,27,1640,1,2,1,1,7,94003,M,,,94
200800021415,8,4,29,1530,1,2,1,1,6,94037,M,,,94
200800021416,8,4,30,1020,1,2,1,3,7,94037,M,,,94
200800021417,8,4,30,1315,1,2,1,1,3,94003,M,,,94
200800021418,8,4,2,1300,1,2,1,8,3,94021,M,,,94
200800021419,8,4,3,1645,1,1,1,1,3,94065,M,,,94
200800021420,8,4,4,1340,1,1,1,1,3,94073,M,,,94
200800021421,8,4,5,1300,1,1,1,8,7,94065,M,,,94
200800021422,8,4,9,1600,1,2,9,1,6,94021,M,,,94
200800021423,8,4,10,850,1,2,2,8,6,94073,M,,,94
200800021424,8,4,10,1750,1,2,1,1,6,94021,M,,,94
200800021425,8,4,11,1025,1,2,1,1,6,94038,M,,,94
200800021426,8,4,8,1815,1,1,1,1,3,94065,M,,,94
200800021427,8,4,12,1930,1,2,2,1,3,94073,M,,,94
200800021428,8,4,12,1945,1,1,1,1,3,94065,M,,,94
200800021429,8,4,14,2010,1,1,1,1,3,94073,M,,,94
200800021430,8,4,11,1040,1,2,2,1,3,94041,M,,,94
200800021431,8,4,12,105,1,2,2,2,3,94041,M,,,94
200800021432,8,4,16,835,1,2,9,1,1,94041,M,,,94
200800021433,8,4,17,1050,1,2,1,1,7,94041,M,,,94
200800021434,8,4,28,1455,1,2,1,1,6,94041,M,,,94
200800021435,8,4,26,1015,1,2,1,1,1,94041,M,,,94
200800021436,8,4,2,2055,5,2,2,2,3,94041,M,,,94
200800021437,8,4,12,1225,1,2,1,2,7,94041,M,,,94
200800021438,8,4,23,1430,1,2,1,1,3,94041,M,,,94
200800021439,8,4,26,2330,5,2,1,1,3,94041,M,,,94
200800021440,8,4,28,2210,5,2,1,1,7,94041,M,,,94
200800021441,8,4,27,1330,1,1,1,1,3,94041,M,,,94
200800021442,8,4,2,2005,5,2,2,1,3,94046,M,,,94
200800021443,8,4,8,945,1,2,3,1,3,94046,M,,,94
200800021444,8,4,14,1715,1,2,1,1,6,94046,M,,,94
200800021445,8,4,15,1745,1,2,1,1,6,94046,M,,,94
200800021446,8,4,18,1325,1,2,1,1,6,94046,M,,,94
200800021447,8,4,30,1650,1,2,3,2,3,94046,M,,,94
200800021448,8,4,5,1810,1,2,1,1,2,94058,M,,,94
200800021449,8,4,12,1130,1,2,7,1,3,94058,M,,,94
200800021450,8,4,16,1645,1,2,4,1,2,94042,M,,,94
200800021451,8,4,21,745,1,2,3,1,3,94052,M,,,94
200800021452,8,4,25,1830,1,2,5,1,3,94052,M,,,94
200800021453,8,4,1,1610,1,2,1,1,2,94068,M,,,94
200800021454,8,4,5,1635,1,2,1,2,1,94068,M,,,94
200800021455,8,4,14,1830,1,2,2,1,2,94068,M,,,94
200800021456,8,4,19,40,5,2,1,2,2,94068,M,,,94
200800021457,8,4,22,845,1,2,1,1,3,94068,M,,,94
200800021458,8,4,26,2205,5,2,1,1,3,94068,M,,,94
200800021459,8,4,3,1340,1,2,1,1,4,94078,M,,,94
200800021460,8,4,8,1635,1,2,1,1,6,94078,M,,,94
200800021461,8,4,7,1630,1,2,1,1,6,94078,M,,,94
200800021462,8,4,7,640,5,2,9,4,6,94074,M,,,94
200800021463,8,4,16,940,1,2,9,1,6,94078,M,,,94
200800021464,8,4,16,1340,1,2,1,1,6,94078,M,,,94
200800021465,8,4,19,1810,1,2,1,1,4,94074,M,,,94
200800021466,8,4,10,1755,1,2,1,1,6,94074,M,,,94
200800021467,8,4,19,1400,1,2,1,1,3,94078,M,,,94
200800021468,8,4,24,1940,1,2,1,2,2,94078,M,,,94
200800021469,8,4,26,1650,1,2,1,1,6,94078,M,,,94
200800021470,8,4,27,530,2,2,1,1,1,94078,M,,,94
200800021471,8,4,28,1015,1,2,3,1,6,94074,M,,,94
200800021472,8,4,30,1435,1,2,1,1,4,94078,M,,,94
200800021473,8,4,7,1030,1,2,1,2,3,94080,M,,,94
200800021474,8,4,10,1750,1,2,4,1,3,94080,M,,,94
200800021475,8,4,15,1410,1,2,3,1,4,94080,M,,,94
200800021476,8,4,23,1525,1,2,2,1,3,94080,M,,,94
200800021477,8,4,24,1900,1,2,2,2,3,94080,M,,,94
200800021478,8,4,25,720,1,2,2,1,3,94067,M,,,94
200800021479,8,4,1,945,1,2,1,1,6,94081,M,,,94
200800021480,8,4,9,945,1,2,1,1,6,94081,M,,,94
200800021481,8,4,11,1930,1,2,3,1,6,94081,M,,,94
200800021482,8,4,13,1245,1,2,1,1,6,94081,M,,,94
200800021483,8,4,14,1400,1,2,1,2,6,94081,M,,,94
200800021484,8,4,16,1615,1,2,1,1,6,94081,M,,,94
200800021485,8,4,22,1110,1,2,1,1,6,94081,M,,,94
200800021486,8,4,25,555,2,2,2,1,3,94081,M,,,94
200800021487,8,4,28,1205,1,2,2,1,3,94081,M,,,94
200800021488,8,4,30,1303,1,2,1,2,1,94081,M,,,94
200800021489,8,4,2,1950,1,2,2,1,3,95018,M,,,95
200800021490,8,4,3,1115,1,2,2,1,3,95018,M,,,95
200800021491,8,4,4,920,1,2,5,1,6,95018,M,,,95
200800021492,8,4,9,1010,1,2,3,1,6,95018,M,,,95
200800021493,8,4,10,2215,5,2,2,1,3,95018,M,,,95
200800021494,8,4,11,1405,1,2,2,1,3,95018,M,,,95
200800021495,8,4,14,1645,1,2,1,1,6,95018,M,,,95
200800021496,8,4,16,133,5,2,1,1,6,95018,M,,,95
200800021497,8,4,15,845,1,2,2,1,3,95176,M,,,95
200800021498,8,4,16,2045,3,2,3,1,3,95018,M,,,95
200800021499,8,4,16,1515,1,2,2,1,3,95018,M,,,95
200800021500,8,4,17,1820,1,2,2,1,7,95018,M,,,95
200800021501,8,4,21,1640,1,2,6,1,7,95018,M,,,95
200800021502,8,4,26,640,1,2,1,1,6,95018,M,,,95
200800021503,8,4,26,1500,1,2,6,1,7,95582,M,,,95
200800021504,8,4,29,1540,1,2,1,1,3,95018,M,,,95
200800021505,8,4,30,1300,1,2,1,1,3,95018,M,,,95
200800021506,8,4,7,2045,5,2,1,8,2,95063,M,,,95
200800021507,8,4,8,1750,1,1,1,1,3,95063,M,,,95
200800021508,8,4,8,1320,1,2,1,1,6,95218,M,,,95
200800021509,8,4,6,1710,1,2,3,1,5,95218,M,,,95
200800021510,8,4,17,810,1,2,1,1,6,95197,M,,,95
200800021511,8,4,14,940,1,2,2,1,3,95197,M,,,95
200800021512,8,4,6,1710,1,2,1,2,2,95210,M,,,95
200800021513,8,4,18,2045,5,2,2,3,3,95555,M,,,95
200800021514,8,4,30,2030,2,2,1,7,6,95428,M,,,95
200800021515,8,4,4,815,1,2,1,1,6,95203,M,,,95
200800021516,8,4,7,845,1,2,1,1,6,95203,M,,,95
200800021517,8,4,7,2000,1,2,1,1,6,95203,M,,,95
200800021518,8,4,8,805,1,2,1,8,7,95219,M,,,95
200800021519,8,4,9,1415,1,2,1,1,6,95203,M,,,95
200800021520,8,4,9,1320,1,2,1,1,6,95219,M,,,95
200800021521,8,4,11,1740,1,2,4,1,6,95252,M,,,95
200800021522,8,4,11,1720,1,2,1,2,1,95219,M,,,95
200800021523,8,4,11,2230,5,2,3,1,3,95252,M,,,95
200800021524,8,4,12,10,5,2,3,1,3,95252,M,,,95
200800021525,8,4,13,210,5,2,1,1,1,95252,M,,,95
200800021526,8,4,15,820,1,2,3,1,6,95252,M,,,95
200800021527,8,4,17,1235,1,2,2,1,3,95219,M,,,95
200800021528,8,4,18,1750,1,2,3,1,6,95252,M,,,95
200800021529,8,4,18,2115,5,2,2,3,6,95203,M,,,95
200800021530,8,4,19,2025,1,2,1,1,1,95219,M,,,95
200800021531,8,4,21,1815,1,2,1,1,6,95203,M,,,95
200800021532,8,4,30,1210,1,2,1,1,2,95219,M,,,95
200800021533,8,4,30,1830,1,2,1,1,6,95252,M,,,95
200800021534,8,4,30,2100,2,2,2,1,3,95574,M,,,95
200800021535,8,4,30,2205,5,2,1,1,6,95219,M,,,95
200800021536,8,4,11,1925,1,2,1,1,6,95277,M,,,95
200800021537,8,4,18,1550,1,2,1,1,5,95280,M,,,95
200800021538,8,4,11,1205,1,1,2,1,1,95277,M,,,95
200800021539,8,4,7,730,1,2,9,2,6,95277,M,,,95
200800021540,8,4,14,1900,1,2,1,1,6,95277,M,,,95
200800021541,8,4,25,1330,1,2,1,1,1,95280,M,,,95
200800021542,8,4,17,1050,1,2,1,1,6,95052,M,,,95
200800021543,8,4,3,810,1,2,9,1,6,95607,M,,,95
200800021544,8,4,8,1110,1,2,1,1,6,95607,M,,,95
200800021545,8,4,14,815,1,2,1,1,6,95051,M,,,95
200800021546,8,4,10,1230,1,2,1,1,2,95607,M,,,95
200800021547,8,4,29,1955,2,2,1,2,6,95607,M,,,95
200800021548,8,4,3,1750,1,2,1,1,2,20004,M,,,201
200800021549,8,4,4,1620,1,2,3,1,3,20004,M,,,201
200800021550,8,4,7,900,1,2,2,1,3,20004,M,,,201
200800021551,8,4,9,1400,1,2,1,1,6,20004,M,,,201
200800021552,8,4,8,1210,1,2,1,1,3,20004,M,,,201
200800021553,8,4,14,1625,1,2,1,1,1,20004,M,,,201
200800021554,8,4,17,729,1,2,1,1,6,20004,M,,,201
200800021555,8,4,18,2100,4,2,1,1,3,20004,M,,,201
200800021556,8,4,19,520,5,2,1,1,6,20004,M,,,201
200800021557,8,4,21,1350,1,2,1,1,6,20004,M,,,201
200800021558,8,4,22,1030,1,2,1,1,3,20004,M,,,201
200800021559,8,4,23,1405,1,2,1,1,6,20004,M,,,201
200800021560,8,4,25,1440,1,2,1,1,3,20004,M,,,201
200800021561,8,4,25,2140,5,2,1,1,6,20004,M,,,201
200800021562,8,4,30,2250,5,2,1,1,2,20004,M,,,201
200800021563,8,4,3,2245,5,2,3,1,6,69381,M,,,69
200800021564,8,4,9,1445,1,2,1,1,6,69381,M,,,69
200800021565,8,4,2,1025,1,2,1,1,6,20033,M,,,202
200800021566,8,4,3,830,1,2,1,1,1,20033,M,,,202
200800021567,8,4,5,1742,1,1,1,1,3,20037,M,,,202
200800021568,8,4,7,1948,5,2,1,1,2,20033,M,,,202
200800021569,8,4,11,1517,1,2,3,1,3,20033,M,,,202
200800021570,8,4,11,2056,5,2,1,1,7,20037,M,,,202
200800021571,8,4,13,713,1,2,1,1,5,20033,M,,,202
200800021572,8,4,13,2340,5,2,2,1,3,20033,M,,,202
200800021573,8,4,14,1350,1,1,1,1,7,20033,M,,,202
200800021574,8,4,15,2050,5,2,6,1,3,20033,M,,,202
200800021575,8,4,17,1732,1,1,1,1,7,20120,M,,,202
200800021576,8,4,20,540,2,2,1,1,2,20033,M,,,202
200800021577,8,4,21,840,1,1,1,2,7,20033,M,,,202
200800021578,8,4,22,818,1,2,1,1,1,20033,M,,,202
200800021579,8,4,24,1420,1,2,1,1,3,20033,M,,,202
200800021580,8,4,24,1926,1,2,1,1,3,20033,M,,,202
200800021581,8,4,25,801,1,1,1,1,2,20033,M,,,202
200800021582,8,4,27,600,1,2,1,1,7,20033,M,,,202
200800021583,8,4,29,1215,1,2,1,1,6,20120,M,,,202
200800021584,8,4,6,745,1,2,2,1,3,69382,M,,,69
200800021585,8,4,5,530,5,1,1,1,6,69382,M,,,69
200800021586,8,4,2,1200,1,2,3,1,3,69386,M,,,69
200800021587,8,4,3,800,1,2,2,2,6,69386,M,,,69
200800021588,8,4,12,10,5,2,2,1,3,69386,M,,,69
200800021589,8,4,12,1115,1,2,2,1,6,69386,M,,,69
200800021590,8,4,10,1645,1,2,1,1,6,69386,M,,,69
200800021591,8,4,16,810,1,2,2,1,6,69386,M,,,69
200800021592,8,4,15,1400,1,2,2,1,6,69383,M,,,69
200800021593,8,4,18,2045,5,2,2,2,2,69386,M,,,69
200800021594,8,4,17,410,5,2,1,1,1,69383,M,,,69
200800021595,8,4,21,1740,1,2,1,1,2,69383,M,,,69
200800021596,8,4,30,1100,1,2,2,2,5,69383,M,,,69
200800021597,8,4,29,720,1,2,2,1,3,69383,M,,,69
200800021598,8,4,30,1905,1,2,1,2,3,69383,M,,,69
200800021599,8,4,28,1115,1,2,2,3,6,69386,M,,,69
200800021600,8,4,1,1845,1,2,1,1,6,69384,M,,,69
200800021601,8,4,9,1820,1,2,3,2,6,69384,M,,,69
200800021602,8,4,19,145,5,2,3,1,3,69384,M,,,69
200800021603,8,4,14,1723,1,2,1,1,7,69385,M,,,69
200800021604,8,4,23,1800,1,2,3,1,3,69385,M,,,69
200800021605,8,4,3,2300,5,2,2,1,3,69387,M,,,69
200800021606,8,4,4,120,4,2,1,1,7,69387,M,,,69
200800021607,8,4,8,1520,1,2,1,1,6,69387,M,,,69
200800021608,8,4,9,2045,5,2,2,8,3,69387,M,,,69
200800021609,8,4,12,1550,1,2,1,1,4,69387,M,,,69
200800021610,8,4,17,1935,2,2,2,2,3,69387,M,,,69
200800021611,8,4,19,1315,1,2,1,1,3,69387,M,,,69
200800021612,8,4,21,2130,5,2,1,2,3,69387,M,,,69
200800021613,8,4,24,800,1,2,2,1,3,69387,M,,,69
200800021614,8,4,29,2120,5,2,2,1,3,69387,M,,,69
200800021615,8,4,16,1530,1,2,2,1,3,69387,M,,,69
200800021616,8,4,30,820,1,2,1,1,6,69387,M,,,69
200800021617,8,4,1,940,1,2,1,1,6,69388,M,,,69
200800021618,8,4,1,2045,5,2,1,1,6,69388,M,,,69
200800021619,8,4,2,1700,1,2,1,1,6,69388,M,,,69
200800021620,8,4,5,1900,1,2,1,1,6,69388,M,,,69
200800021621,8,4,12,1410,1,2,1,1,6,69388,M,,,69
200800021622,8,4,11,945,1,2,1,2,6,69388,M,,,69
200800021623,8,4,21,1845,1,2,2,1,6,69388,M,,,69
200800021624,8,4,22,2110,5,2,1,1,6,69388,M,,,69
200800021625,8,4,22,740,1,2,1,1,6,69388,M,,,69
200800021626,8,4,29,1410,1,2,1,1,6,69388,M,,,69
200800021627,8,4,29,950,1,2,1,1,6,69388,M,,,69
200800021628,8,4,29,1820,1,2,1,1,6,69388,M,,,69
200800021629,8,4,2,1615,1,2,1,1,2,69389,M,,,69
200800021630,8,4,6,2110,5,2,9,1,1,69389,M,,,69
200800021631,8,4,1,811,1,2,1,1,3,69389,M,,,69
200800021632,8,4,10,1345,1,2,1,1,6,69389,M,,,69
200800021633,8,4,16,1150,1,2,1,1,6,69389,M,,,69
200800021634,8,4,22,1107,1,2,1,1,6,69389,M,,,69
200800021635,8,4,8,1615,1,2,1,1,6,69389,M,,,69
200800021636,8,4,1,1335,1,2,1,1,6,75104,M,,,75
200800021637,8,4,1,820,1,2,1,1,6,75107,M,,,75
200800021638,8,4,1,1500,1,2,2,1,2,75112,M,,,75
200800021639,8,4,1,1445,1,2,1,1,6,75112,M,,,75
200800021640,8,4,1,1735,1,2,1,1,6,75112,M,,,75
200800021641,8,4,1,935,1,2,1,1,3,75113,M,,,75
200800021642,8,4,1,2200,5,2,1,1,2,75113,M,,,75
200800021643,8,4,1,955,1,2,1,1,3,75114,M,,,75
200800021644,8,4,1,1015,1,2,2,8,6,75115,M,,,75
200800021645,8,4,1,1745,1,2,1,1,6,75115,M,,,75
200800021646,8,4,1,2225,5,2,2,1,3,75115,M,,,75
200800021647,8,4,1,1810,1,2,2,1,3,75116,M,,,75
200800021648,8,4,1,1915,1,2,1,1,3,75116,M,,,75
200800021649,8,4,1,1345,1,2,1,1,6,75117,M,,,75
200800021650,8,4,1,835,1,2,2,1,3,75118,M,,,75
200800021651,8,4,1,1825,1,2,1,1,6,75118,M,,,75
200800021652,8,4,1,1000,1,2,1,1,6,75119,M,,,75
200800021653,8,4,1,1145,1,2,1,1,6,75119,M,,,75
200800021654,8,4,1,2030,5,2,2,1,3,75120,M,,,75
200800021655,8,4,1,635,2,2,2,1,3,75108,M,,,75
200800021656,8,4,1,815,1,2,1,8,6,75111,M,,,75
200800021657,8,4,1,1420,1,2,1,1,6,75118,M,,,75
200800021658,8,4,1,2145,5,2,1,1,6,75115,M,,,75
200800021659,8,4,1,28,5,2,1,1,6,75120,M,,,75
200800021660,8,4,1,1815,3,2,1,1,2,75116,M,,,75
200800021661,8,4,1,1900,1,2,1,1,3,75112,M,,,75
200800021662,8,4,2,950,1,2,5,1,6,75107,M,,,75
200800021663,8,4,2,1750,1,2,2,2,3,75107,M,,,75
200800021664,8,4,2,1500,1,2,5,1,7,75108,M,,,75
200800021665,8,4,2,1505,1,2,3,2,3,75108,M,,,75
200800021666,8,4,2,1640,1,2,3,2,3,75108,M,,,75
200800021667,8,4,2,1500,1,2,1,8,6,75109,M,,,75
200800021668,8,4,2,1955,1,2,1,2,6,75109,M,,,75
200800021669,8,4,2,910,1,2,1,1,6,75112,M,,,75
200800021670,8,4,2,1325,1,2,2,1,6,75112,M,,,75
200800021671,8,4,2,1617,1,2,2,2,6,75112,M,,,75
200800021672,8,4,2,940,1,2,1,1,4,75113,M,,,75
200800021673,8,4,2,1940,2,2,1,2,3,75113,M,,,75
200800021674,8,4,2,1215,1,2,2,1,3,75114,M,,,75
200800021675,8,4,2,1124,1,2,1,1,6,75114,M,,,75
200800021676,8,4,2,1700,1,2,1,2,6,75114,M,,,75
200800021677,8,4,2,1600,1,2,1,2,2,75114,M,,,75
200800021678,8,4,2,900,1,2,2,1,6,75116,M,,,75
200800021679,8,4,2,1345,1,2,5,1,7,75116,M,,,75
200800021680,8,4,2,1640,1,2,1,2,6,75116,M,,,75
200800021681,8,4,2,1900,1,2,1,2,7,75116,M,,,75
200800021682,8,4,2,1930,5,2,1,2,7,75116,M,,,75
200800021683,8,4,2,1250,1,2,1,1,3,75117,M,,,75
200800021684,8,4,2,900,1,2,2,1,7,75118,M,,,75
200800021685,8,4,2,1050,1,2,1,1,7,75118,M,,,75
200800021686,8,4,2,1443,1,2,1,1,6,75118,M,,,75