Num_Acc,an,mois,jour,hrmn,lum,agg,int,atm,col,com,gps,lat,long,dep
200800021687,8,4,2,1511,1,2,1,1,3,75118,M,,,75
200800021688,8,4,2,1645,1,2,3,2,6,75120,M,,,75
200800021689,8,4,2,1915,1,2,1,2,6,75120,M,,,75
200800021690,8,4,2,2230,5,2,1,2,4,75120,M,,,75
200800021691,8,4,2,200,5,2,1,1,6,75116,M,,,75
200800021692,8,4,2,935,1,2,1,1,6,75105,M,,,75
200800021693,8,4,2,1315,1,2,2,1,3,75105,M,,,75
200800021694,8,4,2,2115,5,2,1,8,6,75111,M,,,75
200800021695,8,4,2,2050,5,2,2,2,3,75115,M,,,75
200800021696,8,4,2,720,1,2,1,1,3,75113,M,,,75
200800021697,8,4,3,1200,1,2,1,1,2,75101,M,,,75
200800021698,8,4,3,800,1,2,1,2,6,75106,M,,,75
200800021699,8,4,3,1455,1,2,2,1,3,75106,M,,,75
200800021700,8,4,3,1900,1,2,2,1,7,75106,M,,,75
200800021701,8,4,3,910,1,2,5,1,7,75107,M,,,75
200800021702,8,4,3,1550,1,2,1,1,3,75108,M,,,75
200800021703,8,4,3,2140,5,2,1,1,2,75108,M,,,75
200800021704,8,4,3,1310,1,2,1,1,6,75109,M,,,75
200800021705,8,4,3,1540,1,2,1,1,6,75109,M,,,75
200800021706,8,4,3,715,1,2,1,1,6,75112,M,,,75
200800021707,8,4,3,940,1,2,3,1,6,75112,M,,,75
200800021708,8,4,3,650,2,2,1,8,2,75113,M,,,75
200800021709,8,4,3,725,1,2,2,8,6,75113,M,,,75
200800021710,8,4,3,1815,1,2,1,1,3,75113,M,,,75
200800021711,8,4,3,2350,5,2,5,1,6,75113,M,,,75
200800021712,8,4,3,1245,1,2,5,1,3,75114,M,,,75
200800021713,8,4,3,1410,1,2,1,1,6,75114,M,,,75
200800021714,8,4,3,1143,1,2,1,1,7,75115,M,,,75
200800021715,8,4,3,1430,1,2,1,1,3,75115,M,,,75
200800021716,8,4,3,830,1,2,1,8,6,75116,M,,,75
200800021717,8,4,3,840,1,2,1,8,2,75116,M,,,75
200800021718,8,4,3,1530,1,2,3,1,6,75120,M,,,75
200800021719,8,4,3,1815,1,2,4,1,6,75120,M,,,75
200800021720,8,4,3,235,5,2,2,2,3,75112,M,,,75
200800021721,8,4,3,1650,1,2,1,1,3,75113,M,,,75
200800021722,8,4,3,1250,1,2,1,1,2,75115,M,,,75
200800021723,8,4,3,1620,1,2,1,1,3,75116,M,,,75
200800021724,8,4,4,2055,5,2,1,1,3,75101,M,,,75
200800021725,8,4,4,935,1,2,2,1,3,75102,M,,,75
200800021726,8,4,4,934,1,2,1,1,6,75104,M,,,75
200800021727,8,4,4,1010,1,2,1,1,6,75104,M,,,75
200800021728,8,4,4,1515,1,2,1,7,6,75105,M,,,75
200800021729,8,4,4,735,1,2,2,1,3,75105,M,,,75
200800021730,8,4,4,315,5,2,1,1,3,75108,M,,,75
200800021731,8,4,4,1620,1,2,2,1,7,75108,M,,,75
200800021732,8,4,4,1740,1,2,1,1,6,75109,M,,,75
200800021733,8,4,4,1345,1,2,1,7,3,75112,M,,,75
200800021734,8,4,4,1615,1,2,3,1,3,75112,M,,,75
200800021735,8,4,4,1745,1,2,1,1,6,75113,M,,,75
200800021736,8,4,4,1840,1,2,1,1,2,75115,M,,,75
200800021737,8,4,4,1525,1,2,1,1,2,75116,M,,,75
200800021738,8,4,4,2010,2,2,2,1,7,75116,M,,,75
200800021739,8,4,4,525,5,2,1,1,6,75117,M,,,75
200800021740,8,4,4,1945,2,2,3,1,6,75118,M,,,75
200800021741,8,4,4,1115,1,2,2,1,6,75119,M,,,75
200800021742,8,4,4,1920,1,2,1,1,6,75119,M,,,75
200800021743,8,4,4,1520,1,2,1,1,6,75120,M,,,75
200800021744,8,4,4,1700,1,2,1,1,6,75120,M,,,75
200800021745,8,4,4,1931,1,2,5,1,3,75120,M,,,75
200800021746,8,4,4,1928,1,2,1,1,2,75120,M,,,75
200800021747,8,4,4,1640,1,2,1,1,3,75118,M,,,75
200800021748,8,4,4,1025,1,2,1,1,4,75120,M,,,75
200800021749,8,4,4,1430,1,2,1,7,2,75113,M,,,75
200800021750,8,4,5,1615,1,2,1,3,6,75101,M,,,75
200800021751,8,4,5,1515,1,2,1,2,6,75103,M,,,75
200800021752,8,4,5,2030,5,2,5,1,2,75103,M,,,75
200800021753,8,4,5,500,5,2,2,1,3,75105,M,,,75
200800021754,8,4,5,1740,1,2,1,1,3,75109,M,,,75
200800021755,8,4,5,1840,1,2,1,2,6,75111,M,,,75
200800021756,8,4,5,1615,1,2,1,2,4,75113,M,,,75
200800021757,8,4,5,2000,5,2,1,8,3,75113,M,,,75
200800021758,8,4,5,2330,5,2,1,1,6,75113,M,,,75
200800021759,8,4,5,2331,3,2,1,1,6,75113,M,,,75
200800021760,8,4,5,100,5,2,1,1,6,75116,M,,,75
200800021761,8,4,5,655,2,2,1,1,3,75116,M,,,75
200800021762,8,4,5,1945,2,2,1,1,6,75117,M,,,75
200800021763,8,4,5,2230,5,2,5,1,7,75116,M,,,75
200800021764,8,4,5,646,2,2,1,1,3,75117,M,,,75
200800021765,8,4,5,1600,1,2,3,2,3,75118,M,,,75
200800021766,8,4,5,850,1,2,2,8,6,75119,M,,,75
200800021767,8,4,5,1145,1,2,1,8,6,75119,M,,,75
200800021768,8,4,5,2300,5,2,1,1,6,75119,M,,,75
200800021769,8,4,5,630,5,2,2,1,3,75120,M,,,75
200800021770,8,4,5,101,5,2,1,1,1,75116,M,,,75
200800021771,8,4,5,600,1,2,1,1,6,75113,M,,,75
200800021772,8,4,5,1145,1,2,1,1,3,75115,M,,,75
200800021773,8,4,6,320,5,2,1,1,7,75101,M,,,75
200800021774,8,4,6,535,5,2,1,2,6,75105,M,,,75
200800021775,8,4,6,1325,1,2,3,1,7,75107,M,,,75
200800021776,8,4,6,140,5,2,5,1,3,75108,M,,,75
200800021777,8,4,6,400,5,2,2,2,6,75108,M,,,75
200800021778,8,4,6,535,5,2,2,1,6,75108,M,,,75
200800021779,8,4,6,1600,1,2,1,2,3,75108,M,,,75
200800021780,8,4,6,1045,1,2,2,1,3,75111,M,,,75
200800021781,8,4,6,215,5,2,1,2,6,75112,M,,,75
200800021782,8,4,6,225,5,2,1,1,7,75113,M,,,75
200800021783,8,4,6,1400,1,2,1,1,6,75113,M,,,75
200800021784,8,4,6,1640,1,2,1,1,2,75115,M,,,75
200800021785,8,4,6,2250,5,2,4,1,6,75115,M,,,75
200800021786,8,4,6,400,5,2,2,2,3,75116,M,,,75
200800021787,8,4,6,218,5,2,2,2,3,75117,M,,,75
200800021788,8,4,6,545,5,2,2,8,3,75117,M,,,75
200800021789,8,4,6,1905,1,2,1,2,6,75117,M,,,75
200800021790,8,4,6,445,5,2,1,2,6,75111,M,,,75
200800021791,8,4,6,1850,2,2,1,2,6,75118,M,,,75
200800021792,8,4,7,1320,1,2,1,1,3,75103,M,,,75
200800021793,8,4,7,1730,1,2,1,2,6,75106,M,,,75
200800021794,8,4,7,1142,1,2,1,1,3,75107,M,,,75
200800021795,8,4,7,1655,1,2,1,8,3,75107,M,,,75
200800021796,8,4,7,740,1,2,1,2,7,75108,M,,,75
200800021797,8,4,7,845,1,2,2,1,3,75108,M,,,75
200800021798,8,4,7,1105,1,2,1,8,6,75111,M,,,75
200800021799,8,4,7,1945,1,2,1,2,3,75111,M,,,75
200800021800,8,4,7,1140,1,2,2,1,3,75112,M,,,75
200800021801,8,4,7,1350,1,2,3,1,3,75112,M,,,75
200800021802,8,4,7,1145,1,2,1,1,6,75113,M,,,75
200800021803,8,4,7,1820,1,2,1,2,6,75113,M,,,75
200800021804,8,4,7,725,1,2,2,8,3,75114,M,,,75
200800021805,8,4,7,1410,1,2,2,1,6,75115,M,,,75
200800021806,8,4,7,1515,1,2,1,1,6,75115,M,,,75
200800021807,8,4,7,1805,1,2,3,2,6,75115,M,,,75
200800021808,8,4,7,1950,2,2,1,8,3,75115,M,,,75
200800021809,8,4,7,1038,1,2,1,1,3,75116,M,,,75
200800021810,8,4,7,1115,1,2,1,1,6,75116,M,,,75
200800021811,8,4,7,1450,1,2,1,1,3,75116,M,,,75
200800021812,8,4,7,2120,5,2,1,1,3,75117,M,,,75
200800021813,8,4,7,2121,5,2,1,1,3,75117,M,,,75
200800021814,8,4,7,645,5,2,1,4,6,75119,M,,,75
200800021815,8,4,7,1445,1,2,1,1,3,75120,M,,,75
200800021816,8,4,7,845,1,2,1,1,3,75112,M,,,75
200800021817,8,4,7,943,1,2,1,8,3,75119,M,,,75
200800021818,8,4,7,1300,1,2,1,1,6,75114,M,,,75
200800021819,8,4,7,1730,1,2,1,8,3,75107,M,,,75
200800021820,8,4,7,1030,1,2,1,1,4,75119,M,,,75
200800021821,8,4,7,1605,1,2,1,1,4,75118,M,,,75
200800021822,8,4,11,1435,1,2,4,1,2,75102,M,,,75
200800021823,8,4,11,920,1,2,7,1,2,75103,M,,,75
200800021824,8,4,11,1825,1,2,1,1,6,75105,M,,,75
200800021825,8,4,11,855,1,2,1,1,6,75106,M,,,75
200800021826,8,4,11,926,1,2,1,1,6,75107,M,,,75
200800021827,8,4,11,1910,1,2,3,1,3,75107,M,,,75
200800021828,8,4,11,1150,1,2,1,1,7,75108,M,,,75
200800021829,8,4,11,2340,5,2,1,1,6,75117,M,,,75
200800021830,8,4,11,50,5,2,1,1,2,75112,M,,,75
200800021831,8,4,11,1115,1,2,2,1,6,75113,M,,,75
200800021832,8,4,11,1940,1,2,1,8,2,75113,M,,,75
200800021833,8,4,11,1200,1,2,2,1,6,75115,M,,,75
200800021834,8,4,11,2345,5,2,3,1,3,75115,M,,,75
200800021835,8,4,11,910,1,2,1,1,6,75116,M,,,75
200800021836,8,4,11,850,1,2,2,1,3,75116,M,,,75
200800021837,8,4,11,945,1,2,1,1,2,75116,M,,,75
200800021838,8,4,11,1750,1,2,2,1,6,75116,M,,,75
200800021839,8,4,11,1000,1,2,1,1,6,75117,M,,,75
200800021840,8,4,11,1815,1,2,1,1,7,75119,M,,,75
200800021841,8,4,11,2115,4,2,1,1,6,75107,M,,,75
200800021842,8,4,11,940,1,2,1,1,3,75119,M,,,75
200800021843,8,4,11,2050,5,2,1,1,3,75113,M,,,75
200800021844,8,4,12,15,5,2,1,9,6,75101,M,,,75
200800021845,8,4,12,2140,5,2,1,1,2,75103,M,,,75
200800021846,8,4,12,1740,1,2,2,1,3,75104,M,,,75
200800021847,8,4,12,220,5,2,2,1,3,75108,M,,,75
200800021848,8,4,12,1600,1,2,1,1,4,75109,M,,,75
200800021849,8,4,12,2340,5,2,2,1,3,75110,M,,,75
200800021850,8,4,12,1935,1,2,1,1,3,75111,M,,,75
200800021851,8,4,12,1330,1,2,1,2,7,75115,M,,,75
200800021852,8,4,12,1430,1,2,2,2,7,75115,M,,,75
200800021853,8,4,12,1707,1,2,1,1,6,75115,M,,,75
200800021854,8,4,12,1935,1,2,2,1,3,75115,M,,,75
200800021855,8,4,12,100,5,2,2,1,3,75116,M,,,75
200800021856,8,4,12,1748,1,2,1,1,2,75117,M,,,75
200800021857,8,4,12,1110,1,2,1,1,2,75118,M,,,75
200800021858,8,4,12,1620,1,2,2,1,3,75119,M,,,75
200800021859,8,4,12,115,4,2,1,1,6,75104,M,,,75
200800021860,8,4,12,2005,1,2,1,1,6,75111,M,,,75
200800021861,8,4,8,945,1,2,2,1,6,75103,M,,,75
200800021862,8,4,8,1850,1,2,1,1,3,75103,M,,,75
200800021863,8,4,8,1245,1,2,1,1,6,75104,M,,,75
200800021864,8,4,8,2230,5,2,5,1,6,75107,M,,,75
200800021865,8,4,8,2220,5,2,1,1,6,75109,M,,,75
200800021866,8,4,8,1130,1,2,1,1,6,75110,M,,,75
200800021867,8,4,8,840,1,2,3,1,3,75111,M,,,75
200800021868,8,4,8,1110,1,2,1,1,6,75111,M,,,75
200800021869,8,4,8,1650,1,2,1,8,3,75111,M,,,75
200800021870,8,4,8,1750,1,2,1,1,6,75111,M,,,75
200800021871,8,4,8,905,1,2,4,1,3,75112,M,,,75
200800021872,8,4,8,1600,1,2,1,1,6,75112,M,,,75
200800021873,8,4,8,1056,1,2,1,1,6,75105,M,,,75
200800021874,8,4,8,1545,1,2,1,1,3,75114,M,,,75
200800021875,8,4,8,2200,5,2,1,1,6,75115,M,,,75
200800021876,8,4,8,1145,1,2,1,1,3,75117,M,,,75
200800021877,8,4,8,1840,1,2,1,1,6,75118,M,,,75
200800021878,8,4,8,1710,1,2,3,8,6,75119,M,,,75
200800021879,8,4,8,2120,2,2,1,1,6,75119,M,,,75
200800021880,8,4,8,2134,5,2,3,1,6,75119,M,,,75
200800021881,8,4,8,1445,1,2,2,1,3,75115,M,,,75
200800021882,8,4,8,830,1,2,1,1,2,75115,M,,,75
200800021883,8,4,8,1400,1,2,1,1,4,75116,M,,,75
200800021884,8,4,10,120,5,2,4,1,3,75103,M,,,75
200800021885,8,4,10,1132,1,2,1,1,3,75104,M,,,75
200800021886,8,4,10,2010,5,2,2,1,3,75105,M,,,75
200800021887,8,4,10,1949,1,2,1,1,6,75106,M,,,75
200800021888,8,4,10,1140,1,2,1,1,3,75107,M,,,75
200800021889,8,4,10,255,5,2,1,1,2,75108,M,,,75
200800021890,8,4,10,1425,1,2,2,1,6,75113,M,,,75
200800021891,8,4,10,1520,1,2,1,1,6,75113,M,,,75
200800021892,8,4,10,815,1,2,1,1,6,75114,M,,,75
200800021893,8,4,10,1915,1,2,1,1,6,75114,M,,,75
200800021894,8,4,10,1920,1,2,1,1,7,75114,M,,,75
200800021895,8,4,10,950,1,2,1,8,3,75107,M,,,75
200800021896,8,4,10,1441,1,2,2,1,6,75115,M,,,75
200800021897,8,4,10,1510,1,2,5,1,6,75115,M,,,75
200800021898,8,4,10,1610,1,2,1,1,3,75116,M,,,75
200800021899,8,4,10,1330,1,2,1,1,3,75117,M,,,75
200800021900,8,4,10,1320,1,2,1,1,3,75117,M,,,75
200800021901,8,4,10,1240,1,2,5,1,3,75117,M,,,75
200800021902,8,4,10,2330,5,2,2,1,6,75117,M,,,75
200800021903,8,4,10,805,1,2,1,1,6,75118,M,,,75
200800021904,8,4,10,1540,1,2,2,1,6,75118,M,,,75
200800021905,8,4,10,1550,1,2,1,1,6,75119,M,,,75
200800021906,8,4,10,1900,1,2,3,1,3,75120,M,,,75
200800021907,8,4,10,1425,1,2,3,1,6,75101,M,,,75
200800021908,8,4,10,1640,1,2,1,1,4,75116,M,,,75
200800021909,8,4,10,2315,5,2,1,1,4,75120,M,,,75
200800021910,8,4,13,1815,1,2,1,2,3,75104,M,,,75
200800021911,8,4,13,1507,1,2,3,1,6,75106,M,,,75
200800021912,8,4,13,200,5,2,1,2,6,75117,M,,,75
200800021913,8,4,13,1410,1,2,1,1,3,75110,M,,,75
200800021914,8,4,13,1305,1,2,5,1,3,75111,M,,,75
200800021915,8,4,13,1730,1,2,1,2,3,75111,M,,,75
200800021916,8,4,13,1920,1,2,2,3,7,75111,M,,,75
200800021917,8,4,13,2250,5,2,1,3,6,75111,M,,,75
200800021918,8,4,13,1510,1,2,1,1,6,75114,M,,,75
200800021919,8,4,13,2155,5,2,2,2,3,75115,M,,,75
200800021920,8,4,13,1350,5,2,1,1,3,75116,M,,,75
200800021921,8,4,13,145,5,2,1,2,6,75117,M,,,75
200800021922,8,4,13,419,5,2,5,8,6,75117,M,,,75
200800021923,8,4,13,2345,5,2,3,3,3,75117,M,,,75
200800021924,8,4,13,1500,1,2,1,1,6,75118,M,,,75
200800021925,8,4,13,2015,5,2,1,2,7,75118,M,,,75
200800021926,8,4,13,809,1,2,1,1,7,75116,M,,,75
200800021927,8,4,13,1600,1,2,1,2,4,75114,M,,,75
200800021928,8,4,6,345,3,2,4,2,6,75119,M,,,75
200800021929,8,4,7,1255,1,2,2,1,6,75115,M,,,75
200800021930,8,4,8,1345,1,2,2,1,3,75112,M,,,75
200800021931,8,4,8,1500,1,2,1,1,6,75105,M,,,75
200800021932,8,4,14,1055,1,2,1,1,6,75104,M,,,75
200800021933,8,4,14,835,1,2,1,1,3,75105,M,,,75
200800021934,8,4,14,1810,1,2,1,1,6,75106,M,,,75
200800021935,8,4,14,1135,1,2,2,2,2,75108,M,,,75
200800021936,8,4,14,1700,1,2,3,1,3,75108,M,,,75
200800021937,8,4,14,1905,1,2,2,1,6,75108,M,,,75
200800021938,8,4,14,1220,1,2,2,2,3,75109,M,,,75
200800021939,8,4,14,1640,1,2,2,8,6,75110,M,,,75
200800021940,8,4,14,640,2,2,1,8,6,75110,M,,,75
200800021941,8,4,14,1510,1,2,3,1,2,75110,M,,,75
200800021942,8,4,14,1700,1,2,3,8,7,75111,M,,,75
200800021943,8,4,14,1420,1,2,1,1,6,75112,M,,,75
200800021944,8,4,14,1015,1,2,1,1,6,75113,M,,,75
200800021945,8,4,14,1135,1,2,2,3,6,75113,M,,,75
200800021946,8,4,14,2115,5,2,2,1,2,75113,M,,,75
200800021947,8,4,14,1119,1,2,1,8,6,75114,M,,,75
200800021948,8,4,14,255,3,2,6,2,5,75116,M,,,75
200800021949,8,4,14,1815,1,2,1,1,6,75116,M,,,75
200800021950,8,4,14,825,1,2,2,1,6,75117,M,,,75
200800021951,8,4,14,1030,1,2,1,1,3,75117,M,,,75
200800021952,8,4,14,1220,1,2,2,2,7,75117,M,,,75
200800021953,8,4,14,1300,1,2,1,2,6,75117,M,,,75
200800021954,8,4,14,1845,1,2,2,1,2,75117,M,,,75
200800021955,8,4,14,305,5,2,2,1,2,75118,M,,,75
200800021956,8,4,14,845,1,2,4,1,2,75118,M,,,75
200800021957,8,4,14,1000,1,2,3,1,6,75120,M,,,75
200800021958,8,4,14,45,5,2,1,2,2,75112,M,,,75
200800021959,8,4,14,1400,1,2,1,1,7,75120,M,,,75
200800021960,8,4,14,1800,1,2,1,1,5,75118,M,,,75
200800021961,8,4,14,1320,1,2,1,1,2,75119,M,,,75
200800021962,8,4,16,745,1,2,2,1,6,75101,M,,,75
200800021963,8,4,16,1720,1,2,2,1,6,75108,M,,,75
200800021964,8,4,16,1640,1,2,1,1,2,75108,M,,,75
200800021965,8,4,16,335,5,2,5,1,2,75110,M,,,75
200800021966,8,4,16,1735,1,2,1,1,3,75111,M,,,75
200800021967,8,4,16,1755,1,2,1,1,3,75111,M,,,75
200800021968,8,4,16,1515,1,2,1,1,6,75112,M,,,75
200800021969,8,4,16,1640,1,2,1,1,6,75112,M,,,75
200800021970,8,4,16,1915,1,2,2,1,3,75113,M,,,75
200800021971,8,4,16,905,1,2,1,1,5,75114,M,,,75
200800021972,8,4,16,2210,5,2,5,1,3,75114,M,,,75
200800021973,8,4,16,845,1,2,2,1,3,75116,M,,,75
200800021974,8,4,16,1715,1,2,2,1,3,75116,M,,,75
200800021975,8,4,16,2055,2,2,2,1,3,75116,M,,,75
200800021976,8,4,16,1630,1,2,2,1,6,75117,M,,,75
200800021977,8,4,16,1840,1,2,1,1,3,75117,M,,,75
200800021978,8,4,16,1055,1,2,3,1,3,75118,M,,,75
200800021979,8,4,16,1450,1,2,1,1,3,75118,M,,,75
200800021980,8,4,16,1705,1,2,4,1,6,75118,M,,,75
200800021981,8,4,16,2030,5,2,2,1,3,75118,M,,,75
200800021982,8,4,16,1300,1,2,1,1,2,75119,M,,,75
200800021983,8,4,16,1630,1,2,1,1,2,75119,M,,,75
200800021984,8,4,16,250,5,2,2,1,3,75120,M,,,75
200800021985,8,4,16,955,1,2,1,1,6,75120,M,,,75
200800021986,8,4,16,1725,1,2,3,1,6,75101,M,,,75
200800021987,8,4,16,1910,1,2,1,1,2,75117,M,,,75
200800021988,8,4,16,1810,1,2,1,1,7,75117,M,,,75
200800021989,8,4,17,755,1,2,2,1,3,75105,M,,,75
200800021990,8,4,17,1213,1,2,2,1,3,75108,M,,,75
200800021991,8,4,17,1535,1,2,1,1,6,75108,M,,,75
200800021992,8,4,17,2150,5,2,1,1,7,75108,M,,,75
200800021993,8,4,17,1650,1,2,1,1,7,75110,M,,,75
200800021994,8,4,17,1210,1,2,1,1,7,75111,M,,,75
200800021995,8,4,17,1730,1,2,1,1,3,75112,M,,,75
200800021996,8,4,17,1450,1,2,2,1,6,75113,M,,,75
200800021997,8,4,17,1555,1,2,1,1,6,75114,M,,,75
200800021998,8,4,17,1810,1,2,1,1,6,75114,M,,,75
200800021999,8,4,17,1930,1,2,1,1,2,75114,M,,,75
200800022000,8,4,17,1940,1,2,1,1,6,75114,M,,,75
200800022001,8,4,17,1820,1,2,1,6,3,75116,M,,,75
200800022002,8,4,17,1435,1,2,2,1,6,75117,M,,,75
200800022003,8,4,17,1940,1,2,2,1,3,75117,M,,,75
200800022004,8,4,17,745,1,2,2,1,3,75118,M,,,75
200800022005,8,4,17,2030,2,2,1,1,2,75118,M,,,75
200800022006,8,4,17,1420,1,2,1,1,7,75120,M,,,75
200800022007,8,4,17,1745,1,2,1,1,6,75120,M,,,75
200800022008,8,4,17,940,1,2,1,1,2,75116,M,,,75
200800022009,8,4,17,1605,1,2,3,1,3,75112,M,,,75
200800022010,8,4,17,900,1,2,1,1,4,75114,M,,,75
200800022011,8,4,17,915,1,2,1,1,2,75113,M,,,75
200800022012,8,4,17,1550,1,2,1,1,3,75116,M,,,75
200800022013,8,4,9,1750,1,2,1,1,6,75102,M,,,75
200800022014,8,4,9,2055,5,2,1,1,6,75102,M,,,75
200800022015,8,4,9,2245,5,2,2,1,3,75106,M,,,75
200800022016,8,4,9,830,1,2,1,1,3,75108,M,,,75
200800022017,8,4,9,1230,1,2,1,1,6,75108,M,,,75
200800022018,8,4,9,1945,1,2,1,1,3,75108,M,,,75
200800022019,8,4,9,1415,1,2,5,1,6,75109,M,,,75
200800022020,8,4,9,720,1,2,4,1,7,75110,M,,,75
200800022021,8,4,9,1533,1,2,1,1,6,75111,M,,,75
200800022022,8,4,9,1820,1,2,1,1,6,75112,M,,,75
200800022023,8,4,9,1630,1,2,1,1,6,75113,M,,,75
200800022024,8,4,9,1810,1,2,3,1,3,75113,M,,,75
200800022025,8,4,9,935,1,2,1,1,6,75114,M,,,75
200800022026,8,4,9,1420,1,2,1,1,6,75116,M,,,75
200800022027,8,4,9,2215,5,2,2,1,3,75116,M,,,75
200800022028,8,4,9,1830,1,2,1,1,6,75117,M,,,75
200800022029,8,4,9,800,1,2,3,1,3,75120,M,,,75
200800022030,8,4,9,930,1,2,1,1,6,75108,M,,,75
200800022031,8,4,9,1625,1,2,2,1,3,75111,M,,,75
200800022032,8,4,9,2335,5,2,1,1,6,75116,M,,,75
200800022033,8,4,9,15,5,2,1,1,7,75112,M,,,75
200800022034,8,4,9,1220,1,2,1,1,4,75113,M,,,75
200800022035,8,4,9,1645,1,2,1,1,2,75116,M,,,75
200800022036,8,4,15,150,5,2,1,1,6,75101,M,,,75
200800022037,8,4,15,1500,1,2,1,1,6,75103,M,,,75
200800022038,8,4,15,1800,1,2,2,1,3,75103,M,,,75
200800022039,8,4,15,1355,1,2,1,1,6,75103,M,,,75
200800022040,8,4,15,1530,1,2,2,1,3,75106,M,,,75
200800022041,8,4,15,820,1,2,5,1,3,75107,M,,,75
200800022042,8,4,15,900,1,2,1,1,3,75109,M,,,75
200800022043,8,4,15,2245,5,2,1,1,6,75110,M,,,75
200800022044,8,4,15,1020,1,2,1,1,3,75111,M,,,75
200800022045,8,4,15,1910,1,2,3,1,6,75111,M,,,75
200800022046,8,4,15,1250,1,2,2,1,4,75112,M,,,75
200800022047,8,4,15,1745,1,2,1,1,3,75112,M,,,75
200800022048,8,4,15,30,5,2,1,1,6,75113,M,,,75
200800022049,8,4,15,815,1,2,1,1,3,75113,M,,,75
200800022050,8,4,15,1710,1,2,3,1,3,75113,M,,,75
200800022051,8,4,15,1850,1,2,1,1,7,75113,M,,,75
200800022052,8,4,15,1300,1,2,3,1,6,75115,M,,,75
200800022053,8,4,15,1245,1,2,1,8,6,75115,M,,,75
200800022054,8,4,15,1730,1,2,1,1,6,75115,M,,,75
200800022055,8,4,15,1445,1,2,1,1,6,75116,M,,,75
200800022056,8,4,15,2130,5,2,1,1,6,75117,M,,,75
200800022057,8,4,15,930,1,2,3,1,3,75120,M,,,75
200800022058,8,4,15,1300,1,2,2,1,6,75113,M,,,75
200800022059,8,4,15,935,1,2,1,1,4,75117,M,,,75
200800022060,8,4,15,830,1,2,1,1,2,75119,M,,,75
200800022061,8,4,15,1425,1,2,1,1,7,75117,M,,,75
200800022062,8,4,15,1725,1,2,1,1,3,75117,M,,,75
200800022063,8,4,15,1920,1,2,1,1,3,75119,M,,,75
200800022064,8,4,18,915,1,2,1,1,6,75104,M,,,75
200800022065,8,4,18,540,5,2,1,2,6,75104,M,,,75
200800022066,8,4,18,850,1,2,1,8,6,75105,M,,,75
200800022067,8,4,18,1710,1,2,1,1,6,75105,M,,,75
200800022068,8,4,18,1554,1,2,1,1,6,75106,M,,,75
200800022069,8,4,18,1631,1,2,2,1,3,75106,M,,,75
200800022070,8,4,18,830,1,2,1,8,3,75107,M,,,75
200800022071,8,4,18,1505,1,2,1,1,2,75107,M,,,75
200800022072,8,4,18,1230,1,2,1,1,3,75108,M,,,75
200800022073,8,4,18,1220,1,2,1,1,3,75109,M,,,75
200800022074,8,4,18,2150,5,2,1,2,3,75110,M,,,75
200800022075,8,4,18,845,1,2,1,8,7,75111,M,,,75
200800022076,8,4,18,1230,1,2,1,1,6,75112,M,,,75
200800022077,8,4,18,1435,1,2,1,1,4,75112,M,,,75
200800022078,8,4,18,1415,1,2,1,1,3,75113,M,,,75
200800022079,8,4,18,2025,5,2,1,2,4,75114,M,,,75
200800022080,8,4,18,2315,5,2,1,3,3,75114,M,,,75
200800022081,8,4,18,900,1,2,1,1,3,75115,M,,,75
200800022082,8,4,18,829,1,2,2,1,6,75115,M,,,75
200800022083,8,4,18,1005,1,2,1,1,6,75115,M,,,75
200800022084,8,4,18,1540,1,2,1,8,6,75115,M,,,75
200800022085,8,4,18,1910,1,2,1,1,4,75116,M,,,75
200800022086,8,4,18,2130,5,2,1,2,7,75116,M,,,75
200800022087,8,4,18,1405,1,2,1,1,6,75117,M,,,75
200800022088,8,4,18,1735,1,2,1,1,6,75116,M,,,75
200800022089,8,4,18,1930,1,2,1,2,2,75117,M,,,75
200800022090,8,4,18,2105,5,2,1,2,6,75120,M,,,75
200800022091,8,4,18,1500,1,2,1,1,3,75116,M,,,75
200800022092,8,4,18,2000,4,2,1,2,4,75117,M,,,75
200800022093,8,4,19,1500,1,2,2,1,6,75105,M,,,75
200800022094,8,4,19,1630,1,2,1,1,6,75105,M,,,75
200800022095,8,4,19,108,5,2,1,2,3,75108,M,,,75
200800022096,8,4,19,1345,1,2,1,2,2,75108,M,,,75
200800022097,8,4,19,2045,5,2,2,1,3,75108,M,,,75
200800022098,8,4,19,2300,5,2,1,1,6,75110,M,,,75
200800022099,8,4,19,2345,5,2,1,1,2,75110,M,,,75
200800022100,8,4,19,35,5,2,2,2,6,75112,M,,,75
200800022101,8,4,19,850,1,2,2,2,7,75112,M,,,75
200800022102,8,4,19,1810,1,2,2,1,6,75116,M,,,75
200800022103,8,4,19,2300,5,2,2,1,3,75116,M,,,75
200800022104,8,4,19,2000,1,2,2,1,3,75117,M,,,75
200800022105,8,4,19,2030,2,2,1,1,2,75117,M,,,75
200800022106,8,4,19,2050,5,2,1,1,6,75118,M,,,75
200800022107,8,4,19,2240,5,2,1,1,2,75118,M,,,75
200800022108,8,4,19,1919,1,2,1,1,6,75119,M,,,75
200800022109,8,4,19,310,5,2,1,3,7,75104,M,,,75
200800022110,8,4,19,1815,1,2,1,1,4,75118,M,,,75
200800022111,8,4,17,1300,1,2,1,1,6,75116,M,,,75
200800022112,8,4,20,325,5,2,2,1,3,75101,M,,,75
200800022113,8,4,20,650,1,2,1,1,7,75105,M,,,75
200800022114,8,4,20,548,5,2,3,1,6,75108,M,,,75
200800022115,8,4,20,2008,2,2,5,1,3,75108,M,,,75
200800022116,8,4,20,120,5,2,3,1,6,75109,M,,,75
200800022117,8,4,20,404,5,2,1,1,6,75111,M,,,75