Num_Acc,an,mois,jour,hrmn,lum,agg,int,atm,col,com,gps,lat,long,dep
200800022118,8,4,20,2310,5,2,3,2,2,75111,M,,,75
200800022119,8,4,20,155,5,2,5,1,3,75112,M,,,75
200800022120,8,4,20,1610,1,2,1,1,3,75114,M,,,75
200800022121,8,4,20,1620,1,2,1,1,6,75114,M,,,75
200800022122,8,4,20,1915,1,2,1,1,6,75115,M,,,75
200800022123,8,4,20,1240,1,2,1,2,3,75117,M,,,75
200800022124,8,4,20,55,5,2,2,1,5,75106,M,,,75
200800022125,8,4,20,452,5,2,2,1,6,75101,M,,,75
200800022126,8,4,20,2115,5,2,5,1,3,75109,M,,,75
200800022127,8,4,20,810,1,2,1,1,2,75117,M,,,75
200800022128,8,4,21,845,1,2,4,8,7,75104,M,,,75
200800022129,8,4,21,1403,1,2,5,1,3,75106,M,,,75
200800022130,8,4,21,1035,1,2,4,2,3,75108,M,,,75
200800022131,8,4,21,1308,1,2,1,1,7,75108,M,,,75
200800022132,8,4,21,1700,1,2,3,1,3,75108,M,,,75
200800022133,8,4,21,1000,1,2,1,2,3,75111,M,,,75
200800022134,8,4,21,1855,1,2,1,1,6,75114,M,,,75
200800022135,8,4,21,1825,1,2,3,1,7,75116,M,,,75
200800022136,8,4,21,2235,5,2,1,1,2,75116,M,,,75
200800022137,8,4,21,935,1,2,1,8,3,75119,M,,,75
200800022138,8,4,21,1230,1,2,1,1,7,75119,M,,,75
200800022139,8,4,21,1810,1,2,2,1,3,75119,M,,,75
200800022140,8,4,21,2335,5,2,1,1,3,75118,M,,,75
200800022141,8,4,22,2330,5,2,1,1,6,75104,M,,,75
200800022142,8,4,22,930,1,2,1,1,6,75106,M,,,75
200800022143,8,4,22,1310,1,2,1,1,3,75108,M,,,75
200800022144,8,4,22,2115,5,2,5,1,6,75110,M,,,75
200800022145,8,4,22,1220,1,2,1,1,3,75111,M,,,75
200800022146,8,4,22,2240,1,2,1,1,4,75112,M,,,75
200800022147,8,4,22,1239,1,2,1,1,7,75113,M,,,75
200800022148,8,4,22,1845,1,2,1,1,6,75113,M,,,75
200800022149,8,4,22,1130,1,2,1,1,6,75117,M,,,75
200800022150,8,4,22,1130,1,2,1,1,6,75118,M,,,75
200800022151,8,4,22,1840,1,2,2,1,3,75118,M,,,75
200800022152,8,4,22,1315,1,2,1,1,6,75119,M,,,75
200800022153,8,4,22,1743,1,2,1,1,6,75119,M,,,75
200800022154,8,4,22,1702,1,2,1,1,6,75119,M,,,75
200800022155,8,4,22,2015,1,2,5,1,3,75119,M,,,75
200800022156,8,4,22,1554,1,2,1,1,6,75120,M,,,75
200800022157,8,4,23,1000,1,2,1,8,7,75108,M,,,75
200800022158,8,4,23,245,5,2,1,1,6,75109,M,,,75
200800022159,8,4,23,2040,2,2,1,1,6,75110,M,,,75
200800022160,8,4,23,2025,2,2,1,1,6,75110,M,,,75
200800022161,8,4,23,1000,1,2,1,1,6,75111,M,,,75
200800022162,8,4,23,1720,1,2,1,1,6,75111,M,,,75
200800022163,8,4,23,1845,1,2,5,1,7,75111,M,,,75
200800022164,8,4,23,1210,1,2,1,1,6,75113,M,,,75
200800022165,8,4,23,2000,1,2,1,1,6,75113,M,,,75
200800022166,8,4,23,800,1,2,1,1,6,75115,M,,,75
200800022167,8,4,23,1100,1,2,2,1,3,75115,M,,,75
200800022168,8,4,23,2115,5,2,1,1,6,75115,M,,,75
200800022169,8,4,23,1120,1,2,1,1,6,75118,M,,,75
200800022170,8,4,23,1230,1,2,1,8,6,75118,M,,,75
200800022171,8,4,23,1735,1,2,1,1,6,75118,M,,,75
200800022172,8,4,23,1120,1,2,1,1,2,75119,M,,,75
200800022173,8,4,23,1355,1,2,1,1,3,75119,M,,,75
200800022174,8,4,23,1720,1,2,2,1,2,75119,M,,,75
200800022175,8,4,23,1825,1,2,1,1,6,75119,M,,,75
200800022176,8,4,23,1100,1,2,1,1,3,75120,M,,,75
200800022177,8,4,23,1924,1,2,1,1,6,75104,M,,,75
200800022178,8,4,23,935,1,2,1,1,2,75115,M,,,75
200800022179,8,4,23,1315,1,2,1,1,4,75112,M,,,75
200800022180,8,4,24,1135,1,2,1,1,3,75103,M,,,75
200800022181,8,4,24,1150,1,2,1,1,6,75107,M,,,75
200800022182,8,4,24,1950,1,2,1,1,6,75107,M,,,75
200800022183,8,4,24,930,1,2,1,1,3,75108,M,,,75
200800022184,8,4,24,1532,1,2,1,1,3,75108,M,,,75
200800022185,8,4,24,1800,1,2,3,1,3,75108,M,,,75
200800022186,8,4,24,1750,1,2,1,1,2,75108,M,,,75
200800022187,8,4,24,2115,5,2,5,1,6,75108,M,,,75
200800022188,8,4,24,1820,1,2,4,1,1,75110,M,,,75
200800022189,8,4,24,1225,1,2,1,1,2,75102,M,,,75
200800022190,8,4,24,1515,1,2,1,1,6,75110,M,,,75
200800022191,8,4,24,2000,5,2,1,2,7,75111,M,,,75
200800022192,8,4,24,2115,5,2,3,1,3,75112,M,,,75
200800022193,8,4,24,1200,1,2,3,1,3,75113,M,,,75
200800022194,8,4,24,1945,1,2,2,2,3,75113,M,,,75
200800022195,8,4,24,1300,1,2,1,1,6,75114,M,,,75
200800022196,8,4,24,1215,1,2,2,1,3,75114,M,,,75
200800022197,8,4,24,1910,1,2,1,2,6,75114,M,,,75
200800022198,8,4,24,1045,1,2,5,1,3,75115,M,,,75
200800022199,8,4,24,1841,1,2,2,2,5,75115,M,,,75
200800022200,8,4,24,1350,1,2,1,1,6,75116,M,,,75
200800022201,8,4,24,845,1,2,1,1,6,75118,M,,,75
200800022202,8,4,24,1230,1,2,1,1,6,75119,M,,,75
200800022203,8,4,24,1625,1,2,1,1,3,75119,M,,,75
200800022204,8,4,24,1655,1,2,1,1,4,75119,M,,,75
200800022205,8,4,24,1650,1,2,5,1,3,75120,M,,,75
200800022206,8,4,24,930,1,2,1,1,7,75113,M,,,75
200800022207,8,4,27,1615,1,2,2,1,3,75109,M,,,75
200800022208,8,4,27,350,5,2,1,1,6,75111,M,,,75
200800022209,8,4,27,45,5,2,1,1,7,75112,M,,,75
200800022210,8,4,27,1515,1,2,1,1,3,75112,M,,,75
200800022211,8,4,27,1800,1,2,1,1,6,75112,M,,,75
200800022212,8,4,27,10,5,2,1,1,6,75113,M,,,75
200800022213,8,4,27,15,5,2,2,1,3,75113,M,,,75
200800022214,8,4,27,2000,1,2,1,1,1,75113,M,,,75
200800022215,8,4,27,1325,1,2,2,1,3,75115,M,,,75
200800022216,8,4,27,2040,5,2,1,1,2,75118,M,,,75
200800022217,8,4,27,2135,2,2,1,1,2,75119,M,,,75
200800022218,8,4,27,25,5,2,1,1,2,75114,M,,,75
200800022219,8,4,27,145,5,2,1,1,7,75112,M,,,75
200800022220,8,4,27,1500,1,2,2,1,6,75105,M,,,75
200800022221,8,4,27,1920,1,2,1,1,3,75113,M,,,75
200800022222,8,4,25,1550,1,2,2,1,3,75103,M,,,75
200800022223,8,4,25,835,1,2,5,1,3,75107,M,,,75
200800022224,8,4,25,855,1,2,3,1,3,75109,M,,,75
200800022225,8,4,25,1320,1,2,1,1,7,75111,M,,,75
200800022226,8,4,25,1920,1,2,2,1,3,75111,M,,,75
200800022227,8,4,25,1917,1,2,5,1,2,75112,M,,,75
200800022228,8,4,25,2030,5,2,3,1,2,75112,M,,,75
200800022229,8,4,25,1205,1,2,5,1,3,75113,M,,,75
200800022230,8,4,25,2130,5,2,1,1,3,75115,M,,,75
200800022231,8,4,25,1600,1,2,2,1,3,75116,M,,,75
200800022232,8,4,25,745,1,2,1,1,6,75118,M,,,75
200800022233,8,4,25,2240,5,2,3,1,6,75120,M,,,75
200800022234,8,4,25,1905,1,2,1,1,3,75119,M,,,75
200800022235,8,4,25,1730,1,2,1,1,6,75116,M,,,75
200800022236,8,4,25,2115,5,2,1,1,2,75118,M,,,75
200800022237,8,4,25,2100,5,2,1,1,3,75116,M,,,75
200800022238,8,4,19,1325,1,2,1,1,6,75114,M,,,75
200800022239,8,4,26,2230,5,2,5,1,3,75102,M,,,75
200800022240,8,4,26,1540,1,2,2,1,3,75106,M,,,75
200800022241,8,4,26,1500,1,2,2,1,3,75106,M,,,75
200800022242,8,4,26,140,5,2,2,1,6,75107,M,,,75
200800022243,8,4,26,532,2,2,1,1,6,75108,M,,,75
200800022244,8,4,26,1730,1,2,1,1,3,75108,M,,,75
200800022245,8,4,26,1034,1,2,1,1,3,75109,M,,,75
200800022246,8,4,26,227,5,2,1,1,7,75110,M,,,75
200800022247,8,4,26,1310,1,2,1,1,6,75110,M,,,75
200800022248,8,4,26,125,5,2,1,1,6,75111,M,,,75
200800022249,8,4,26,1340,1,2,1,1,3,75112,M,,,75
200800022250,8,4,26,2000,1,2,2,1,6,75113,M,,,75
200800022251,8,4,26,2030,1,2,1,1,6,75114,M,,,75
200800022252,8,4,26,1120,1,2,1,1,7,75115,M,,,75
200800022253,8,4,26,1230,1,2,1,1,3,75117,M,,,75
200800022254,8,4,26,1750,1,2,2,1,3,75118,M,,,75
200800022255,8,4,26,2015,1,2,1,1,2,75118,M,,,75
200800022256,8,4,26,420,5,2,5,1,3,75109,M,,,75
200800022257,8,4,26,2245,5,2,1,1,6,75109,M,,,75
200800022258,8,4,26,1320,1,2,1,1,6,75101,M,,,75
200800022259,8,4,26,1830,1,2,1,1,7,75116,M,,,75
200800022260,8,4,26,1645,1,2,1,1,2,75116,M,,,75
200800022261,8,4,28,510,5,2,1,2,6,75101,M,,,75
200800022262,8,4,28,1010,1,2,1,8,3,75103,M,,,75
200800022263,8,4,28,1510,1,2,2,1,3,75103,M,,,75
200800022264,8,4,28,1700,1,2,2,1,3,75103,M,,,75
200800022265,8,4,28,1625,1,2,1,2,6,75105,M,,,75
200800022266,8,4,28,640,1,2,2,1,3,75108,M,,,75
200800022267,8,4,28,620,2,2,5,2,3,75108,M,,,75
200800022268,8,4,28,1818,1,2,1,1,6,75108,M,,,75
200800022269,8,4,28,2000,2,2,2,3,2,75109,M,,,75
200800022270,8,4,28,1825,1,2,1,2,3,75111,M,,,75
200800022271,8,4,28,1850,1,2,1,2,6,75111,M,,,75
200800022272,8,4,28,1605,1,2,1,2,3,75112,M,,,75
200800022273,8,4,28,1130,1,2,1,1,2,75115,M,,,75
200800022274,8,4,28,1755,1,2,1,2,6,75115,M,,,75
200800022275,8,4,28,1300,1,2,2,1,3,75116,M,,,75
200800022276,8,4,28,900,1,2,1,1,4,75117,M,,,75
200800022277,8,4,28,1800,1,2,1,1,6,75118,M,,,75
200800022278,8,4,28,2010,2,2,1,1,2,75118,M,,,75
200800022279,8,4,28,2255,5,2,3,2,6,75118,M,,,75
200800022280,8,4,28,30,5,2,1,1,2,75119,M,,,75
200800022281,8,4,28,110,5,2,1,1,6,75119,M,,,75
200800022282,8,4,28,900,1,2,1,1,3,75108,M,,,75
200800022283,8,4,28,1845,2,2,1,2,6,75112,M,,,75
200800022284,8,4,29,1130,1,2,2,2,3,75101,M,,,75
200800022285,8,4,29,1345,1,2,2,2,2,75101,M,,,75
200800022286,8,4,29,1300,1,2,1,2,7,75103,M,,,75
200800022287,8,4,29,1455,1,2,2,2,4,75103,M,,,75
200800022288,8,4,29,1705,1,2,2,2,3,75103,M,,,75
200800022289,8,4,29,1000,1,2,3,2,3,75104,M,,,75
200800022290,8,4,29,1755,1,2,1,2,2,75104,M,,,75
200800022291,8,4,29,1925,1,2,1,2,7,75106,M,,,75
200800022292,8,4,29,920,1,2,2,2,2,75108,M,,,75
200800022293,8,4,29,955,1,2,1,2,5,75108,M,,,75
200800022294,8,4,29,1110,1,2,3,2,3,75108,M,,,75
200800022295,8,4,29,1955,1,2,2,8,7,75108,M,,,75
200800022296,8,4,29,1500,1,2,2,2,7,75109,M,,,75
200800022297,8,4,29,1430,1,2,1,2,6,75110,M,,,75
200800022298,8,4,29,1600,1,2,1,1,2,75112,M,,,75
200800022299,8,4,29,1825,1,2,3,2,3,75112,M,,,75
200800022300,8,4,29,1340,1,2,1,2,1,75113,M,,,75
200800022301,8,4,29,1915,1,2,2,2,7,75114,M,,,75
200800022302,8,4,29,1400,1,2,2,3,3,75115,M,,,75
200800022303,8,4,29,105,5,2,2,1,6,75116,M,,,75
200800022304,8,4,29,730,1,2,2,2,7,75116,M,,,75
200800022305,8,4,29,810,1,2,1,3,6,75116,M,,,75
200800022306,8,4,29,1105,1,2,1,3,5,75116,M,,,75
200800022307,8,4,29,1620,1,2,1,2,3,75116,M,,,75
200800022308,8,4,29,55,5,2,2,1,7,75117,M,,,75
200800022309,8,4,29,1240,1,2,1,8,6,75118,M,,,75
200800022310,8,4,29,910,1,2,7,2,7,75119,M,,,75
200800022311,8,4,29,1520,1,2,2,2,7,75119,M,,,75
200800022312,8,4,29,1920,1,2,3,8,3,75119,M,,,75
200800022313,8,4,29,1205,1,2,2,1,3,75120,M,,,75
200800022314,8,4,30,2020,2,2,1,8,3,75101,M,,,75
200800022315,8,4,30,1203,1,2,2,2,3,75102,M,,,75
200800022316,8,4,30,1830,1,2,1,1,3,75105,M,,,75
200800022317,8,4,30,40,5,2,3,2,7,75109,M,,,75
200800022318,8,4,30,1445,1,2,1,2,6,75111,M,,,75
200800022319,8,4,30,2145,3,2,3,1,3,75111,M,,,75
200800022320,8,4,30,1130,1,2,4,2,6,75105,M,,,75
200800022321,8,4,30,1920,1,2,3,1,2,75113,M,,,75
200800022322,8,4,30,1545,1,2,3,2,3,75114,M,,,75
200800022323,8,4,30,1700,1,2,2,1,3,75115,M,,,75
200800022324,8,4,30,705,1,2,5,2,6,75116,M,,,75
200800022325,8,4,30,1440,1,2,1,1,6,75117,M,,,75
200800022326,8,4,30,2210,5,2,5,2,3,75117,M,,,75
200800022327,8,4,30,930,1,2,2,2,6,75118,M,,,75
200800022328,8,4,30,2310,5,2,2,1,3,75118,M,,,75
200800022329,8,4,30,1345,1,2,1,1,6,75119,M,,,75
200800022330,8,4,30,1635,1,2,1,1,6,75120,M,,,75
200800022331,8,4,30,1950,2,2,1,1,3,75118,M,,,75
200800022332,8,4,30,2035,1,2,1,1,6,75112,M,,,75
200800022333,8,4,1,1055,1,1,1,2,3,33039,M,,,33
200800022334,8,4,2,1904,1,1,1,1,7,33249,M,,,33
200800022335,8,4,4,1720,1,1,1,1,6,33281,M,,,33
200800022336,8,4,8,830,1,1,1,2,2,33281,M,,,33
200800022337,8,4,9,1600,1,1,1,1,6,33281,M,,,33
200800022338,8,4,10,1045,1,1,1,2,5,33023,M,,,33
200800022339,8,4,11,1705,1,1,1,1,2,33318,M,,,33
200800022340,8,4,12,1510,1,1,1,2,7,33318,M,,,33
200800022341,8,4,13,310,3,1,1,2,5,33122,M,,,33
200800022342,8,4,13,440,5,1,1,2,6,33487,M,,,33
200800022343,8,4,13,2350,5,1,1,3,7,33192,M,,,33
200800022344,8,4,15,1905,1,1,1,1,4,33192,M,,,33
200800022345,8,4,17,720,1,1,1,2,3,33119,M,,,33
200800022346,8,4,17,1020,1,1,1,2,6,33167,M,,,33
200800022347,8,4,18,1750,1,1,1,2,6,33167,M,,,33
200800022348,8,4,19,1445,1,1,1,1,3,33119,M,,,33
200800022349,8,4,19,1925,1,1,1,2,7,33550,M,,,33
200800022350,8,4,20,535,5,1,1,1,6,33249,M,,,33
200800022351,8,4,21,740,1,1,1,2,6,33318,M,,,33
200800022352,8,4,24,1655,1,1,1,1,5,33192,M,,,33
200800022353,8,4,26,1300,1,1,1,1,5,33192,M,,,33
200800022354,8,4,27,720,2,1,1,1,6,33318,M,,,33
200800022355,8,4,29,850,1,1,1,2,6,33318,M,,,33
200800022356,8,4,30,1620,1,1,1,1,4,33249,M,,,33
200800022357,8,4,2,1745,1,1,1,1,4,83090,M,,,83
200800022358,8,4,5,1620,1,1,1,1,6,83126,M,,,83
200800022359,8,4,11,1135,1,1,1,1,2,83137,M,,,83
200800022360,8,4,12,1530,1,1,1,1,7,83137,M,,,83
200800022361,8,4,15,1505,1,1,1,1,2,83137,M,,,83
200800022362,8,4,16,1310,1,1,1,1,2,83137,M,,,83
200800022363,8,4,16,1854,1,1,1,1,7,83062,M,,,83
200800022364,8,4,19,1740,1,1,1,1,3,83069,M,,,83
200800022365,8,4,19,1736,1,1,1,1,2,83144,M,,,83
200800022366,8,4,21,805,1,1,1,1,6,83027,M,,,83
200800022367,8,4,23,1000,1,1,1,1,7,83137,M,,,83
200800022368,8,4,25,1218,1,1,1,1,2,83137,M,,,83
200800022369,8,4,27,1710,1,1,1,1,7,83144,M,,,83
200800022370,8,4,30,2015,2,1,1,1,4,83137,M,,,83
200800022371,8,4,9,2300,3,1,1,1,7,77337,M,,,77
200800022372,8,4,1,825,1,1,1,1,3,94069,M,,,94
200800022373,8,4,1,850,1,1,1,1,2,75112,M,,,75
200800022374,8,4,1,950,1,1,1,1,6,94018,M,,,94
200800022375,8,4,1,1710,1,1,1,1,3,94018,M,,,94
200800022376,8,4,1,1850,1,1,1,1,7,94069,M,,,94
200800022377,8,4,2,720,2,1,1,1,3,94065,M,,,94
200800022378,8,4,2,1620,1,1,1,2,5,77514,M,,,77
200800022379,8,4,3,1600,1,1,1,1,6,94074,M,,,94
200800022380,8,4,3,1900,1,1,1,1,4,77169,M,,,77
200800022381,8,4,4,805,1,1,1,1,2,94046,M,,,94
200800022382,8,4,4,920,1,1,1,1,2,94018,M,,,94
200800022383,8,4,4,930,1,1,1,1,2,94042,M,,,94
200800022384,8,4,4,1230,1,1,1,1,6,94042,M,,,94
200800022385,8,4,4,1700,1,1,1,1,3,94033,M,,,94
200800022386,8,4,4,1700,1,1,1,1,2,94073,M,,,94
200800022387,8,4,4,1730,1,1,1,1,2,94073,M,,,94
200800022388,8,4,7,750,1,1,1,1,3,94017,M,,,94
200800022389,8,4,7,1750,1,1,1,1,6,77294,M,,,77
200800022390,8,4,7,1909,1,1,1,2,4,94069,M,,,94
200800022391,8,4,8,1530,1,1,1,1,3,77450,M,,,77
200800022392,8,4,8,1625,1,1,1,1,5,77146,M,,,77
200800022393,8,4,11,830,1,1,1,1,2,94079,M,,,94
200800022394,8,4,11,1820,1,1,1,1,3,75112,M,,,75
200800022395,8,4,12,730,2,1,1,1,6,94018,M,,,94
200800022396,8,4,12,1915,1,1,1,1,4,77514,M,,,77
200800022397,8,4,12,1920,2,1,1,1,2,77251,M,,,77
200800022398,8,4,12,2330,3,1,1,2,2,77296,M,,,77
200800022399,8,4,13,200,5,1,1,2,6,94069,M,,,94
200800022400,8,4,16,740,1,1,1,1,2,94069,M,,,94
200800022401,8,4,16,1515,1,1,1,1,4,75112,M,,,75
200800022402,8,4,17,1700,1,1,1,1,6,77181,M,,,77
200800022403,8,4,18,730,1,1,1,1,2,77514,M,,,77
200800022404,8,4,19,1740,1,1,1,1,4,94017,M,,,94
200800022405,8,4,18,2320,3,1,1,2,2,77495,M,,,77
200800022406,8,4,20,1900,1,1,1,1,7,77495,M,,,77
200800022407,8,4,20,2200,5,1,1,3,6,77258,M,,,77
200800022408,8,4,21,200,5,1,1,3,6,94073,M,,,94
200800022409,8,4,21,1400,1,1,1,1,5,94033,M,,,94
200800022410,8,4,22,1430,1,1,1,1,2,94022,M,,,94
200800022411,8,4,22,1610,1,1,1,1,2,94065,M,,,94
200800022412,8,4,23,1730,1,1,1,1,3,93051,M,,,93
200800022413,8,4,24,2350,5,1,1,1,3,94042,M,,,94
200800022414,8,4,25,1020,1,1,1,1,2,77373,M,,,77
200800022415,8,4,26,1330,1,1,1,1,6,77249,M,,,77
200800022416,8,4,28,830,1,1,1,1,6,94042,M,,,94
200800022417,8,4,28,1540,1,1,1,1,3,94018,M,,,94
200800022418,8,4,28,2000,5,1,1,2,3,94052,M,,,94
200800022419,8,4,19,1910,1,1,1,2,5,77258,M,,,77
200800022420,8,4,29,2150,3,1,1,2,6,77468,M,,,77
200800022421,8,4,30,1250,1,1,1,8,6,77372,M,,,77
200800022422,8,4,1,300,5,1,1,1,7,60631,M,,,60
200800022423,8,4,1,1310,1,1,1,1,4,93010,M,,,93
200800022424,8,4,2,1815,1,1,1,2,7,95176,M,,,95
200800022425,8,4,2,1905,1,1,1,1,7,93078,M,,,93
200800022426,8,4,3,810,1,1,1,1,2,95527,M,,,95
200800022427,8,4,3,850,1,1,1,1,3,93010,M,,,93
200800022428,8,4,3,1748,1,1,1,1,2,93066,M,,,93
200800022429,8,4,14,1640,1,1,1,1,5,93066,M,,,93
200800022430,8,4,4,1900,2,1,1,1,2,92036,M,,,92
200800022431,8,4,6,1915,2,1,1,2,7,95277,M,,,95
200800022432,8,4,6,1930,3,1,1,4,5,93078,M,,,93
200800022433,8,4,7,450,3,1,1,4,7,95607,M,,,95
200800022434,8,4,7,1250,1,1,1,1,3,93013,M,,,93
200800022435,8,4,9,815,1,1,1,1,7,93032,M,,,93
200800022436,8,4,11,1056,1,1,1,1,2,93029,M,,,93
200800022437,8,4,14,1750,1,1,1,1,6,95527,M,,,95
200800022438,8,4,14,2015,1,1,1,1,6,93064,M,,,93
200800022439,8,4,15,630,5,1,1,1,3,93066,M,,,93
200800022440,8,4,16,1650,1,1,1,1,2,92078,M,,,92
200800022441,8,4,16,2220,5,1,1,1,2,92036,M,,,92
200800022442,8,4,17,335,3,1,1,1,7,93005,M,,,93
200800022443,8,4,17,550,5,1,1,1,2,93073,M,,,93
200800022444,8,4,17,800,1,1,1,1,5,95582,M,,,95
200800022445,8,4,17,2300,5,1,1,2,2,93039,M,,,93
200800022446,8,4,19,40,3,1,1,3,7,95582,M,,,95
200800022447,8,4,19,445,5,1,1,2,1,93053,M,,,93
200800022448,8,4,19,1000,1,1,1,2,6,95678,M,,,95
200800022449,8,4,20,205,5,1,1,1,7,93027,M,,,93
200800022450,8,4,20,1345,1,1,1,1,7,95256,M,,,95
200800022451,8,4,25,550,5,1,1,1,6,93008,M,,,93
200800022452,8,4,26,1000,1,1,1,1,7,93064,M,,,93
200800022453,8,4,26,1645,1,1,1,1,7,93006,M,,,93
200800022454,8,4,27,600,2,1,1,1,7,95488,M,,,95
200800022455,8,4,1,815,1,1,1,1,7,91037,M,,,91
200800022456,8,4,1,1740,1,1,1,1,2,91228,M,,,91
200800022457,8,4,1,2335,3,1,1,1,6,91064,M,,,91
200800022458,8,4,2,2010,3,1,1,2,2,91037,M,,,91
200800022459,8,4,3,210,5,1,1,2,4,91161,M,,,91
200800022460,8,4,3,1015,1,1,1,8,3,91521,M,,,91
200800022461,8,4,3,1016,1,1,1,8,2,91521,M,,,91
200800022462,8,4,3,1635,1,1,1,1,2,91235,M,,,91
200800022463,8,4,5,1315,1,1,1,1,2,91235,M,,,91
200800022464,8,4,5,1406,1,1,1,1,6,92002,M,,,92
200800022465,8,4,5,1900,1,1,1,8,6,91161,M,,,91
200800022466,8,4,6,509,3,1,1,2,6,94037,M,,,94
200800022467,8,4,6,850,1,1,1,8,7,92019,M,,,92
200800022468,8,4,6,1315,1,1,1,1,6,91161,M,,,91
200800022469,8,4,6,1355,1,1,1,1,7,91617,M,,,91
200800022470,8,4,6,1645,1,1,1,1,3,91377,M,,,91
200800022471,8,4,7,14,3,1,1,2,5,91037,M,,,91
200800022472,8,4,7,831,1,1,1,1,5,94003,M,,,94
200800022473,8,4,7,1920,1,1,1,8,4,91471,M,,,91
200800022474,8,4,8,910,1,1,1,8,2,91521,M,,,91
200800022475,8,4,8,1610,1,1,1,1,2,91228,M,,,91
200800022476,8,4,10,850,1,1,1,1,2,91286,M,,,91
200800022477,8,4,11,1819,1,1,1,1,7,91534,M,,,91
200800022478,8,4,12,2015,1,1,1,1,6,94076,M,,,94
200800022479,8,4,14,120,3,1,1,2,1,91477,M,,,91
200800022480,8,4,14,1700,1,1,1,1,6,91589,M,,,91
200800022481,8,4,15,815,2,1,1,1,3,94003,M,,,94
200800022482,8,4,15,830,1,1,1,1,7,94037,M,,,94
200800022483,8,4,15,2045,3,1,1,1,7,91617,M,,,91
200800022484,8,4,16,925,1,1,1,1,2,94037,M,,,94
200800022485,8,4,19,200,3,1,2,8,6,91549,M,,,91
200800022486,8,4,19,1311,1,1,1,8,2,91689,M,,,91
200800022487,8,4,19,1515,1,1,1,1,7,91661,M,,,91
200800022488,8,4,20,20,5,1,1,1,6,91377,M,,,91
200800022489,8,4,20,1345,1,1,1,1,6,91228,M,,,91
200800022490,8,4,21,820,1,1,1,1,7,91617,M,,,91
200800022491,8,4,21,1130,1,1,1,1,6,94076,M,,,94
200800022492,8,4,21,1610,1,1,1,8,3,91340,M,,,91
200800022493,8,4,22,1423,1,1,1,1,6,94034,M,,,94
200800022494,8,4,23,858,1,1,1,8,6,91312,M,,,91
200800022495,8,4,24,815,1,1,1,1,2,92002,M,,,92
200800022496,8,4,24,1127,1,1,1,1,6,91471,M,,,91
200800022497,8,4,25,2100,3,1,1,1,2,92002,M,,,92
200800022498,8,4,26,245,3,1,1,1,6,91617,M,,,91
200800022499,8,4,26,1230,1,1,1,1,2,91340,M,,,91
200800022500,8,4,27,730,1,1,1,1,6,77495,M,,,77
200800022501,8,4,29,1013,1,1,1,2,3,94037,M,,,94
200800022502,8,4,29,1738,1,1,1,2,6,92019,M,,,92
200800022503,8,4,30,726,1,1,1,1,2,91434,M,,,91
200800022504,8,4,30,1326,3,1,1,1,4,91534,M,,,91
200800022505,8,4,30,1800,1,1,1,1,4,91235,M,,,91
200800022506,8,4,30,1930,1,1,1,1,6,91377,M,,,91
200800022507,8,4,2,1830,1,1,1,1,6,59378,M,,,59
200800022508,8,4,3,1515,1,1,1,1,6,62498,M,,,62
200800022509,8,4,4,1200,1,1,1,1,6,59009,M,,,59
200800022510,8,4,4,1425,1,1,1,1,6,59462,M,,,59
200800022511,8,4,4,1445,1,1,1,1,4,59378,M,,,59
200800022512,8,4,4,1630,1,1,1,1,7,59359,M,,,59
200800022513,8,4,5,910,1,1,1,1,6,59123,M,,,59
200800022514,8,4,5,1350,1,1,1,1,6,59155,M,,,59
200800022515,8,4,5,2110,5,1,1,2,6,59507,M,,,59
200800022516,8,4,6,1300,1,1,1,1,6,59564,M,,,59
200800022517,8,4,6,2030,5,1,1,4,7,59009,M,,,59
200800022518,8,4,9,1100,1,1,1,1,2,59359,M,,,59
200800022519,8,4,9,1110,1,1,1,1,7,59256,M,,,59
200800022520,8,4,10,620,3,1,1,1,4,59449,M,,,59
200800022521,8,4,10,930,1,1,1,1,6,59508,M,,,59
200800022522,8,4,10,1630,1,1,1,1,6,59507,M,,,59
200800022523,8,4,10,2235,3,1,1,1,2,59383,M,,,59
200800022524,8,4,11,1925,1,1,1,1,6,62528,M,,,62
200800022525,8,4,12,1320,1,1,1,1,2,59646,M,,,59
200800022526,8,4,12,1600,1,1,1,1,6,62498,M,,,62
200800022527,8,4,13,2230,5,1,1,1,6,59195,M,,,59
200800022528,8,4,14,730,1,1,1,1,7,59636,M,,,59
200800022529,8,4,16,1000,1,1,1,1,6,59256,M,,,59
200800022530,8,4,16,1100,1,1,1,1,7,59560,M,,,59
200800022531,8,4,16,1445,1,1,1,1,4,59090,M,,,59
200800022532,8,4,16,1545,1,1,1,1,5,59159,M,,,59
200800022533,8,4,16,1615,1,1,1,1,6,59410,M,,,59
200800022534,8,4,19,2040,5,1,1,2,2,62498,M,,,62
200800022535,8,4,19,2041,5,1,1,2,2,62498,M,,,62
200800022536,8,4,19,2355,5,1,1,2,6,59009,M,,,59
200800022537,8,4,21,1545,1,1,1,1,2,62249,M,,,62
200800022538,8,4,23,800,1,1,1,1,2,62274,M,,,62
200800022539,8,4,23,1930,1,1,1,1,6,59459,M,,,59
200800022540,8,4,24,840,1,1,1,1,4,59350,M,,,59
200800022541,8,4,24,1730,1,1,1,2,2,62498,M,,,62
200800022542,8,4,25,915,1,1,1,1,6,59009,M,,,59
200800022543,8,4,25,2050,1,1,1,1,2,59606,M,,,59
200800022544,8,4,25,2320,5,1,1,1,7,62528,M,,,62
200800022545,8,4,26,1610,1,1,1,1,6,62274,M,,,62
200800022546,8,4,26,2215,5,1,1,1,6,62274,M,,,62