Num_Acc,an,mois,jour,hrmn,lum,agg,int,atm,col,com,gps,lat,long,dep
200800022547,8,4,28,650,1,1,1,1,2,59196,M,,,59
200800022548,8,4,28,1900,1,1,1,1,2,62193,M,,,62
200800022549,8,4,29,1050,1,1,1,2,7,59421,M,,,59
200800022550,8,4,30,830,1,1,1,2,2,59094,M,,,59
200800022551,8,4,30,1600,1,1,1,1,6,62624,M,,,62
200800022552,8,4,2,1340,1,1,1,1,3,69266,M,,,69
200800022553,8,4,7,1255,1,1,1,1,4,69115,M,,,69
200800022554,8,4,9,555,3,1,1,1,7,69295,M,,,69
200800022555,8,4,9,1130,1,1,1,2,2,69034,M,,,69
200800022556,8,4,11,1425,1,1,1,2,4,69259,M,,,69
200800022557,8,4,13,1342,1,1,1,1,7,69266,M,,,69
200800022558,8,4,14,1750,1,1,1,1,7,69142,M,,,69
200800022559,8,4,15,610,3,1,1,1,7,69271,M,,,69
200800022560,8,4,18,1200,1,1,1,1,5,69259,M,,,69
200800022561,8,4,19,515,5,1,1,2,2,69256,M,,,69
200800022562,8,4,21,830,1,1,1,8,4,69382,M,,,69
200800022563,8,4,23,1430,1,1,1,1,3,38544,M,,,38
200800022564,8,4,24,1732,1,1,1,1,5,69009,M,,,69
200800022565,8,4,25,1100,1,1,1,1,6,69290,M,,,69
200800022566,8,4,21,2110,5,1,1,1,3,69290,M,,,69
200800022567,8,4,1,400,5,1,1,1,6,13215,M,,,13
200800022568,8,4,1,2205,3,1,1,1,6,13001,M,,,13
200800022569,8,4,2,905,1,1,1,1,7,13071,M,,,13
200800022570,8,4,3,613,5,1,1,1,2,13202,M,,,13
200800022571,8,4,4,525,3,1,1,1,2,13026,M,,,13
200800022572,8,4,4,1700,1,1,1,1,2,13215,M,,,13
200800022573,8,4,4,1724,1,1,1,1,3,13202,M,,,13
200800022574,8,4,5,145,5,1,1,1,2,13211,M,,,13
200800022575,8,4,5,1945,1,1,1,1,7,13216,M,,,13
200800022576,8,4,6,600,3,1,1,1,5,13106,M,,,13
200800022577,8,4,8,847,1,1,1,1,4,13215,M,,,13
200800022578,8,4,8,1710,1,1,1,1,6,13071,M,,,13
200800022579,8,4,8,1755,1,1,1,1,6,13005,M,,,13
200800022580,8,4,10,1,3,1,1,1,7,13005,M,,,13
200800022581,8,4,10,940,1,1,1,1,3,13071,M,,,13
200800022582,8,4,13,2005,1,1,1,1,1,13117,M,,,13
200800022583,8,4,11,700,3,1,1,2,6,13088,M,,,13
200800022584,8,4,11,1215,1,1,1,1,2,13211,M,,,13
200800022585,8,4,11,2220,3,1,1,1,6,13215,M,,,13
200800022586,8,4,13,1154,1,1,1,1,7,13026,M,,,13
200800022587,8,4,16,840,1,1,1,1,4,13215,M,,,13
200800022588,8,4,16,2150,3,1,1,1,6,13043,M,,,13
200800022589,8,4,17,1740,1,1,1,2,2,13215,M,,,13
200800022590,8,4,17,1930,2,1,1,3,3,13001,M,,,13
200800022591,8,4,17,2105,3,1,1,3,6,13056,M,,,13
200800022592,8,4,18,1120,1,1,1,1,7,13005,M,,,13
200800022593,8,4,19,530,3,1,1,1,2,13071,M,,,13
200800022594,8,4,20,714,1,1,1,1,7,13106,M,,,13
200800022595,8,4,21,745,1,1,1,2,7,13215,M,,,13
200800022596,8,4,21,1110,1,1,1,1,6,13026,M,,,13
200800022597,8,4,22,1520,1,1,1,1,6,13210,M,,,13
200800022598,8,4,23,1630,1,1,1,1,4,13070,M,,,13
200800022599,8,4,24,1610,1,1,1,1,3,13085,M,,,13
200800022600,8,4,25,2352,3,1,1,1,6,13056,M,,,13
200800022601,8,4,26,355,3,1,1,1,5,13022,M,,,13
200800022602,8,4,26,1110,1,1,1,1,6,13088,M,,,13
200800022603,8,4,26,1710,1,1,1,1,2,13070,M,,,13
200800022604,8,4,28,2100,5,1,1,2,7,13202,M,,,13
200800022605,8,4,29,1700,1,1,1,1,2,13211,M,,,13
200800022606,8,4,29,1845,1,1,1,1,2,13070,M,,,13
200800022607,8,4,30,829,1,1,1,2,3,13216,M,,,13
200800022608,8,4,30,1200,1,1,1,3,6,13081,M,,,13
200800022609,8,4,30,1640,1,1,1,1,7,13117,M,,,13
200800022610,8,4,4,845,1,1,1,1,6,57463,M,,,57
200800022611,8,4,14,1815,1,1,1,2,3,57582,M,,,57
200800022612,8,4,9,1106,1,1,1,2,3,54265,M,,,54
200800022613,8,4,1,915,1,1,1,1,4,67152,M,,,67
200800022614,8,4,10,2110,4,1,1,2,7,67482,M,,,67
200800022615,8,4,15,1635,1,1,1,2,2,67482,M,,,67
200800022616,8,4,28,950,1,1,1,1,3,67482,M,,,67
200800022617,8,4,1,1830,1,1,1,1,4,42218,M,,,42
200800022618,8,4,7,530,3,1,1,1,6,42097,M,,,42
200800022619,8,4,7,1830,1,1,1,1,4,42218,M,,,42
200800022620,8,4,13,1830,1,1,1,1,2,42218,M,,,42
200800022621,8,4,2,545,2,1,1,1,6,69266,M,,,69
200800022622,8,4,5,2015,2,1,1,1,7,69199,M,,,69
200800022623,8,4,4,2240,5,1,1,1,6,69091,M,,,69
200800022624,8,4,14,430,4,1,1,2,2,69382,M,,,69
200800022625,8,4,16,1850,1,1,1,1,4,69199,M,,,69
200800022626,8,4,17,1440,1,1,1,1,3,69382,M,,,69
200800022627,8,4,25,1805,1,1,1,1,2,69266,M,,,69
200800022628,8,4,28,1655,1,1,1,2,1,69152,M,,,69
200800022629,8,4,29,1040,1,1,9,1,3,69116,M,,,69
200800022630,8,4,30,925,1,1,1,3,6,69235,M,,,69
200800022631,8,4,1,1735,1,1,1,1,3,92050,M,,,92
200800022632,8,4,2,1125,1,1,1,1,4,78362,M,,,78
200800022633,8,4,4,815,1,1,1,1,5,92036,M,,,92
200800022634,8,4,7,900,1,1,1,1,2,78646,M,,,78
200800022635,8,4,9,545,3,1,1,1,6,92025,M,,,92
200800022636,8,4,13,1654,1,1,1,2,2,92048,M,,,92
200800022637,8,4,14,705,2,1,1,8,4,78362,M,,,78
200800022638,8,4,14,1520,1,1,1,2,6,78297,M,,,78
200800022639,8,4,15,855,1,1,1,1,6,78423,M,,,78
200800022640,8,4,16,920,1,1,1,1,2,78043,M,,,78
200800022641,8,4,16,1430,1,1,1,1,3,78362,M,,,78
200800022642,8,4,16,1800,1,1,1,1,3,78545,M,,,78
200800022643,8,4,17,2000,1,1,1,1,2,75116,M,,,75
200800022644,8,4,18,2046,3,1,1,2,6,78090,M,,,78
200800022645,8,4,20,45,5,1,1,1,6,92062,M,,,92
200800022646,8,4,22,845,1,1,1,1,2,92036,M,,,92
200800022647,8,4,24,300,5,1,1,1,6,78672,M,,,78
200800022648,8,4,30,1930,1,1,1,1,3,78206,M,,,78
200800022649,8,4,27,1056,1,1,1,9,7,78551,M,,,78
200800022650,8,4,29,1218,1,1,1,8,2,92051,M,,,92
200800022651,8,4,30,1730,1,1,1,1,5,78640,M,,,78
200800022652,8,4,13,400,5,1,1,8,6,92064,M,,,92
200800022653,8,4,28,650,2,1,1,1,6,92036,M,,,92
200800022654,8,3,1,945,1,2,1,1,3,93005,M,,,93
200800022655,8,3,3,1650,1,2,1,1,6,93005,M,,,93
200800022656,8,3,3,1900,5,2,3,1,6,93005,M,,,93
200800022657,8,3,21,1730,1,2,2,8,6,93005,M,,,93
200800022658,8,3,25,1745,1,2,1,1,2,93005,M,,,93
200800022659,8,3,28,1845,1,2,1,2,6,93005,M,,,93
200800022660,8,3,31,1455,1,2,1,1,6,93005,M,,,93
200800022661,8,3,3,1030,1,2,1,1,6,59014,M,,,59
200800022662,8,3,1,1725,1,2,1,1,3,92012,M,,,92
200800022663,8,3,4,940,1,1,2,1,2,92012,M,,,92
200800022664,8,3,10,1500,1,2,1,1,6,92012,M,,,92
200800022665,8,3,10,1705,1,2,1,1,6,92012,M,,,92
200800022666,8,3,11,820,1,2,1,1,3,92012,M,,,92
200800022667,8,3,11,1755,1,2,1,1,4,92012,M,,,92
200800022668,8,3,13,1345,1,2,2,1,6,92012,M,,,92
200800022669,8,3,13,1630,1,2,2,1,3,92012,M,,,92
200800022670,8,3,14,1735,1,2,1,1,6,92012,M,,,92
200800022671,8,3,18,810,1,2,1,1,6,92012,M,,,92
200800022672,8,3,20,2120,5,2,1,1,6,92012,M,,,92
200800022673,8,3,21,1840,1,2,1,1,3,92012,M,,,92
200800022674,8,3,25,1720,1,2,9,1,2,92012,M,,,92
200800022675,8,3,26,900,1,1,1,1,2,92012,M,,,92
200800022676,8,3,22,1815,1,2,1,1,6,92012,M,,,92
200800022677,8,3,23,2120,5,2,6,1,6,92012,M,,,92
200800022678,8,3,25,1200,1,1,1,1,6,92012,M,,,92
200800022679,8,3,30,1715,1,2,1,1,6,92012,M,,,92
200800022680,8,2,6,1920,2,2,1,1,6,92012,M,,,92
200800022681,8,2,4,1910,1,2,2,1,2,92012,M,,,92
200800022682,8,2,5,737,1,2,1,1,6,92012,M,,,92
200800022683,8,2,7,1355,1,2,1,1,6,92012,M,,,92
200800022684,8,2,7,1520,1,2,1,1,6,92012,M,,,92
200800022685,8,2,5,1950,5,2,1,2,3,92012,M,,,92
200800022686,8,2,12,1847,5,2,1,1,3,92012,M,,,92
200800022687,8,2,13,1025,1,2,1,1,6,92012,M,,,92
200800022688,8,2,14,1140,1,2,1,1,4,92012,M,,,92
200800022689,8,2,14,2250,5,2,2,1,3,92012,M,,,92
200800022690,8,2,13,1325,1,2,1,1,6,92012,M,,,92
200800022691,8,2,15,1952,2,2,1,1,6,92012,M,,,92
200800022692,8,2,15,1920,5,2,1,1,2,92012,M,,,92
200800022693,8,2,19,1015,1,2,1,1,3,92012,M,,,92
200800022694,8,2,21,10,5,2,1,1,2,92012,M,,,92
200800022695,8,2,21,1625,1,2,1,1,3,92012,M,,,92
200800022696,8,2,21,2235,5,2,1,1,4,92012,M,,,92
200800022697,8,2,25,1240,1,2,1,1,3,92012,M,,,92
200800022698,8,3,2,50,5,2,1,1,7,47031,M,,,47
200800022699,8,3,2,1909,2,2,1,1,1,47001,M,,,47
200800022700,8,3,4,1854,5,2,3,2,3,47032,M,,,47
200800022701,8,3,10,1205,1,2,1,2,3,47201,M,,,47
200800022702,8,3,21,1320,1,2,1,1,2,47032,M,,,47
200800022703,8,3,25,750,1,2,1,1,2,47001,M,,,47
200800022704,8,3,25,1922,1,2,1,2,1,47001,M,,,47
200800022705,8,3,30,1655,1,2,2,2,3,47001,M,,,47
200800022706,8,3,29,1838,1,2,1,1,3,47001,M,,,47
200800022707,8,3,26,715,2,1,1,8,6,44109,M,,,44
200800022708,8,3,4,905,1,2,1,1,7,59249,M,,,59
200800022709,8,2,25,1915,4,1,1,1,4,42218,M,,,42
200800022710,8,1,2,725,3,1,1,1,2,69288,M,,,69
200800022711,8,1,3,1510,1,1,1,8,6,69256,M,,,69
200800022712,8,1,18,605,5,1,1,1,3,38544,M,,,38
200800022713,8,1,21,1715,1,1,1,1,7,69081,M,,,69
200800022714,8,2,9,1730,1,1,1,1,6,69081,M,,,69
200800022715,8,2,16,1505,1,1,1,1,2,69034,M,,,69
200800022716,8,2,20,1210,1,1,2,1,3,69199,M,,,69
200800022717,8,2,24,1530,1,1,1,1,3,38544,M,,,38
200800022718,8,2,26,1345,1,1,1,1,3,69297,M,,,69
200800022719,8,3,8,1335,1,1,1,1,2,69290,M,,,69
200800022720,8,3,14,2310,5,1,1,1,2,69290,M,,,69
200800022721,8,3,17,805,1,1,1,2,2,69287,M,,,69
200800022722,8,3,17,1045,1,1,1,1,5,69388,M,,,69
200800022723,8,3,17,2115,4,1,1,1,2,69266,M,,,69
200800022724,8,3,18,140,5,1,1,1,6,69256,M,,,69
200800022725,8,3,22,1320,1,1,1,1,7,69297,M,,,69
200800022726,8,3,23,1305,1,1,1,2,6,69290,M,,,69
200800022727,8,3,24,700,2,1,9,4,6,69116,M,,,69
200800022728,8,3,23,155,5,1,1,3,6,69259,M,,,69
200800022729,8,3,25,1715,1,1,1,1,7,69288,M,,,69
200800022730,8,3,29,1730,1,1,1,1,4,38544,M,,,38
200800022731,8,3,29,2300,3,1,1,1,7,69297,M,,,69
200800022732,8,3,31,1320,1,1,1,1,3,69297,M,,,69
200800022733,8,1,3,600,4,1,1,2,4,78217,M,,,78
200800022734,8,1,3,545,5,1,1,2,6,78498,M,,,78
200800022735,8,1,3,905,1,1,1,8,7,78423,M,,,78
200800022736,8,1,6,2030,5,1,1,2,2,78217,M,,,78
200800022737,8,1,7,110,5,1,1,1,6,92036,M,,,92
200800022738,8,1,8,1535,1,1,1,1,2,78545,M,,,78
200800022739,8,1,8,2355,3,1,1,1,7,78217,M,,,78
200800022740,8,1,9,900,1,1,1,2,3,92050,M,,,92
200800022741,8,1,9,1210,1,1,1,1,4,92048,M,,,92
200800022742,8,1,9,1248,1,1,1,2,4,92048,M,,,92
200800022743,8,1,9,1350,1,1,1,1,7,92072,M,,,92
200800022744,8,1,8,740,3,1,1,8,4,78640,M,,,78
200800022745,8,1,29,730,2,1,1,1,2,78423,M,,,78
200800022746,8,1,17,210,5,1,1,1,2,92064,M,,,92
200800022747,8,1,20,1810,5,1,1,1,6,78133,M,,,78
200800022748,8,1,19,730,2,1,1,1,5,78090,M,,,78
200800022749,8,1,24,1645,1,1,1,1,4,92050,M,,,92
200800022750,8,1,26,1925,5,1,1,1,3,78490,M,,,78
200800022751,8,1,30,1405,1,1,1,8,6,78297,M,,,78
200800022752,8,1,17,231,5,1,1,8,6,78073,M,,,78
200800022753,8,2,4,830,1,1,1,8,7,92050,M,,,92
200800022754,8,2,4,930,1,1,1,2,7,92023,M,,,92
200800022755,8,2,4,1720,1,1,1,1,6,92023,M,,,92
200800022756,8,2,7,1800,2,1,1,1,7,92023,M,,,92
200800022757,8,2,8,745,5,1,1,1,3,92025,M,,,92
200800022758,8,2,11,955,1,1,1,1,6,92064,M,,,92
200800022759,8,2,11,1000,1,1,1,1,6,78524,M,,,78
200800022760,8,2,9,1210,1,1,1,1,2,92012,M,,,92
200800022761,8,2,15,1055,1,1,1,1,3,78217,M,,,78
200800022762,8,2,16,1345,1,1,1,1,2,92062,M,,,92
200800022763,8,2,25,1943,5,1,1,1,2,92050,M,,,92
200800022764,8,2,26,730,1,1,1,1,3,78545,M,,,78
200800022765,8,2,26,1925,5,1,1,2,6,92072,M,,,92
200800022766,8,2,27,710,1,1,1,1,4,92047,M,,,92
200800022767,8,2,28,700,2,1,1,2,5,78029,M,,,78
200800022768,8,3,4,1305,1,1,1,1,7,78362,M,,,78
200800022769,8,3,4,1815,1,1,1,8,5,92004,M,,,92
200800022770,8,3,5,920,1,1,1,1,4,78545,M,,,78
200800022771,8,3,12,830,1,1,1,1,2,92036,M,,,92
200800022772,8,3,14,1715,1,1,1,1,2,92050,M,,,92
200800022773,8,3,15,2100,3,1,1,2,5,78362,M,,,78
200800022774,8,3,18,830,1,1,1,1,3,78423,M,,,78
200800022775,8,3,19,2030,3,1,1,1,3,78640,M,,,78
200800022776,8,3,20,1530,1,1,1,1,5,78133,M,,,78
200800022777,8,3,21,1130,1,1,1,1,2,78029,M,,,78
200800022778,8,3,24,540,4,1,1,8,3,78423,M,,,78
200800022779,8,3,24,557,3,1,1,8,5,78043,M,,,78
200800022780,8,3,24,635,1,1,1,1,2,92025,M,,,92
200800022781,8,3,26,1500,1,1,1,1,7,78402,M,,,78
200800022782,8,3,28,1700,1,1,1,8,7,92025,M,,,92
200800022783,8,3,13,1645,1,2,1,1,6,59384,M,5014300.0,374600.0,59
200800022784,8,4,17,815,1,2,1,1,6,06161,M,4363700.0,713400.0,06
200800022785,8,4,25,1515,1,2,9,1,3,06161,M,4363100.0,712500.0,06
200800022786,8,4,15,1400,1,2,1,1,3,06085,M,0.0,0.0,06
200800022787,8,1,10,805,1,2,3,2,3,07010,M,,,07
200800022788,8,1,11,2050,5,2,1,3,3,07010,M,,,07
200800022789,8,3,4,1740,2,2,3,1,1,07010,M,,,07
200800022790,8,4,25,1910,1,2,1,1,5,07010,M,,,07
200800022791,8,1,17,1900,3,2,3,2,1,11069,M,,,11
200800022792,8,1,20,345,3,1,1,1,6,11069,M,,,11
200800022793,8,1,26,2050,3,2,1,1,7,11069,M,,,11
200800022794,8,2,10,2052,5,2,1,1,3,11069,M,4320743.0,345699.0,11
200800022795,8,4,17,1910,3,1,1,9,1,11069,M,4322145.0,345699.0,11
200800022796,8,3,4,1130,1,2,6,1,3,13117,M,,,13
200800022797,8,3,7,2100,5,1,1,1,2,13117,M,,,13
200800022798,8,3,12,2025,4,2,1,1,2,13071,M,,,13
200800022799,8,3,13,410,3,2,1,1,6,13117,M,,,13
200800022800,8,3,13,1810,1,2,3,1,3,13117,M,,,13
200800022801,8,3,16,1540,1,2,6,1,3,13117,M,,,13
200800022802,8,3,19,855,1,1,1,1,2,13071,M,,,13
200800022803,8,3,20,1655,1,2,1,1,6,13117,M,,,13
200800022804,8,3,22,1840,2,2,1,1,2,13117,M,,,13
200800022805,8,3,24,2010,3,1,1,1,6,13117,M,,,13
200800022806,8,3,26,745,1,2,3,1,3,13117,M,,,13
200800022807,8,3,26,1928,4,1,1,1,3,13071,M,,,13
200800022808,8,3,27,1520,1,2,2,1,3,13117,M,,,13
200800022809,8,4,2,655,1,2,3,1,3,13117,M,,,13
200800022810,8,4,6,1500,1,2,1,1,6,13071,M,,,13
200800022811,8,4,9,1235,1,1,2,1,3,13117,M,,,13
200800022812,8,4,10,1400,1,2,1,1,2,13071,M,,,13
200800022813,8,4,11,1555,1,2,1,8,5,13071,M,,,13
200800022814,8,4,12,1550,1,2,1,1,4,13117,M,,,13
200800022815,8,4,19,1300,1,1,1,1,6,13071,M,,,13
200800022816,8,4,21,750,1,1,1,1,4,13117,M,,,13
200800022817,8,4,21,835,1,2,1,1,3,13071,M,,,13
200800022818,8,4,23,1355,1,2,3,1,3,13117,M,,,13
200800022819,8,4,25,1210,1,1,1,1,3,13117,M,,,13
200800022820,8,4,25,1530,1,1,1,1,3,13071,M,,,13
200800022821,8,2,27,1305,1,1,1,1,4,14225,M,,,14
200800022822,8,3,3,1315,1,2,1,2,6,19275,M,,,19
200800022823,8,4,7,1100,1,2,1,1,6,19275,M,,,19
200800022824,8,4,27,1445,1,2,2,1,3,19275,M,,,19
200800022825,8,4,3,1703,1,2,3,8,5,24053,M,,,24
200800022826,8,4,8,1756,1,2,3,1,3,24557,M,,,24
200800022827,8,4,14,630,5,2,1,8,3,24053,M,,,24
200800022828,8,4,17,1916,1,2,6,1,3,24256,M,,,24
200800022829,8,4,24,1440,1,2,2,1,3,24322,M,,,24
200800022830,8,2,27,1515,1,1,2,1,3,26198,M,,,26
200800022831,8,3,19,702,2,2,2,9,3,30007,M,,,30
200800022832,8,4,10,1017,1,2,1,1,6,30007,M,,,30
200800022833,8,3,14,1225,1,2,1,1,3,30007,M,,,30
200800022834,8,4,14,1710,1,2,1,1,1,30007,M,,,30
200800022835,8,4,10,2250,5,2,1,1,2,30007,M,,,30
200800022836,8,2,14,930,1,2,1,1,6,35288,M,,,35
200800022837,8,3,4,1700,1,2,1,1,2,35288,M,,,35
200800022838,8,4,9,755,1,2,3,1,3,35288,M,,,35
200800022839,8,4,28,1930,1,2,2,1,1,35288,M,,,35
200800022840,8,2,8,205,5,2,1,1,6,42218,M,,,42
200800022841,8,4,26,1840,1,2,1,1,6,51454,M,,,51
200800022842,8,1,26,1740,2,2,2,1,3,59392,M,,,59
200800022843,8,2,9,2115,5,2,3,1,5,59392,M,,,59
200800022844,8,3,6,550,5,1,2,1,3,59225,M,,,59
200800022845,8,4,24,1640,1,1,1,1,7,59291,M,,,59
200800022846,8,3,28,2355,5,1,1,1,1,59299,M,,,59
200800022847,8,1,16,630,3,1,9,1,7,60175,M,,,60
200800022848,8,1,17,805,2,2,1,1,2,60414,M,,,60
200800022849,8,1,25,815,2,2,3,1,7,60175,M,,,60
200800022850,8,1,26,2035,5,2,1,1,6,60414,M,,,60
200800022851,8,1,31,800,2,2,6,2,7,60463,M,,,60
200800022852,8,2,13,1000,1,2,3,1,2,60414,M,,,60
200800022853,8,2,15,815,1,2,3,1,2,60463,M,,,60
200800022854,8,2,17,1120,1,2,1,1,7,60175,M,,,60
200800022855,8,2,24,635,3,1,1,5,7,60463,M,,,60
200800022856,8,2,24,2030,5,2,1,1,7,60175,M,,,60
200800022857,8,2,8,100,3,1,1,1,7,60463,M,,,60
200800022858,8,2,29,2100,3,1,6,1,2,60175,M,,,60
200800022859,8,3,1,1000,1,1,1,1,3,60463,M,,,60
200800022860,8,3,28,2230,5,1,1,2,4,60175,M,,,60
200800022861,8,4,9,1650,1,2,1,1,7,60175,M,,,60
200800022862,8,4,19,1515,1,2,1,3,7,60175,M,,,60
200800022863,8,4,19,2035,5,2,1,3,7,60463,M,,,60
200800022864,8,4,24,1335,1,2,1,1,7,60175,M,,,60
200800022865,8,4,23,1653,1,2,1,1,6,62510,M,,,62
200800022866,8,4,26,1145,1,1,1,1,6,62528,M,,,62
200800022867,8,4,2,1620,1,2,1,1,3,62617,M,,,62
200800022868,8,2,16,435,5,1,1,1,6,67180,M,,,67
200800022869,8,4,24,1610,1,1,2,1,5,67180,M,,,67
200800022870,8,4,26,1605,1,2,1,1,3,67180,M,,,67
200800022871,8,1,3,1833,5,2,2,1,3,77294,M,,,77
200800022872,8,1,8,1800,3,1,1,2,6,77294,M,,,77
200800022873,8,1,18,100,5,1,1,8,7,77291,M,,,77
200800022874,8,1,23,2350,3,1,6,1,6,77123,M,,,77
200800022875,8,1,25,1754,3,1,1,1,1,77291,M,,,77
200800022876,8,1,31,1630,1,1,9,1,2,77123,M,,,77
200800022877,8,2,1,1337,1,2,2,8,3,77294,M,,,77
200800022878,8,2,9,1817,3,1,1,1,4,77292,M,,,77
200800022879,8,2,17,950,1,2,1,1,6,77294,M,,,77
200800022880,8,2,21,1820,2,1,1,1,3,77294,M,,,77
200800022881,8,2,25,1315,1,1,1,1,6,77294,M,,,77
200800022882,8,2,28,1305,1,2,2,2,3,77241,M,,,77
200800022883,8,3,2,305,3,1,6,1,7,77123,M,,,77
200800022884,8,3,15,1735,1,1,1,1,6,77294,M,,,77
200800022885,8,3,10,1100,1,1,1,3,6,77123,M,,,77
200800022886,8,3,12,630,3,1,1,1,6,77294,M,,,77
200800022887,8,3,20,1806,1,2,1,6,7,77294,M,,,77
200800022888,8,3,17,745,1,1,1,1,4,77123,M,,,77
200800022889,8,3,16,1741,1,1,1,8,4,77214,M,,,77
200800022890,8,3,30,1725,1,1,1,2,4,77214,M,,,77
200800022891,8,4,3,1759,1,1,1,1,7,77294,M,,,77
200800022892,8,3,20,900,1,2,1,1,2,77294,M,,,77
200800022893,8,4,2,730,1,2,6,1,6,77214,M,,,77
200800022894,8,4,11,1145,1,1,1,1,5,77123,M,,,77
200800022895,8,4,18,553,2,2,6,2,6,77294,M,,,77
200800022896,8,4,24,1855,1,1,1,1,1,77294,M,,,77
200800022897,8,4,29,1520,1,1,4,8,3,77123,M,,,77
200800022898,8,2,2,915,1,1,1,1,1,77215,M,,,77
200800022899,8,4,19,1500,1,1,1,1,7,77350,M,,,77
200800022900,8,1,2,1415,1,1,1,1,6,78238,M,,,78
200800022901,8,1,6,2250,5,2,1,2,6,78440,M,,,78
200800022902,8,1,17,810,1,2,1,1,6,78238,M,,,78
200800022903,8,1,16,1825,5,1,1,8,1,78609,M,,,78
200800022904,8,1,24,1320,1,2,1,1,7,78440,M,,,78
200800022905,8,2,2,2120,5,1,3,1,2,78029,M,,,78
200800022906,8,2,3,2320,5,2,1,3,7,78440,M,,,78
200800022907,8,2,7,1750,1,2,1,1,6,78440,M,,,78
200800022908,8,2,12,1950,5,2,1,1,6,78440,M,,,78
200800022909,8,2,12,1730,1,1,1,1,6,78401,M,,,78
200800022910,8,2,14,1605,1,2,6,1,6,78440,M,,,78
200800022911,8,2,17,1545,1,2,1,1,6,78440,M,,,78
200800022912,8,2,21,1905,5,1,3,2,3,78401,M,,,78
200800022913,8,2,22,1330,1,2,2,8,3,78401,M,,,78
200800022914,8,2,22,1655,1,1,1,1,2,78238,M,,,78
200800022915,8,2,28,835,1,2,1,1,3,78401,M,,,78
200800022916,8,3,10,1335,1,2,1,1,7,78029,M,,,78
200800022917,8,3,14,1935,5,2,1,8,3,78238,M,,,78
200800022918,8,3,20,1040,1,1,1,1,3,78029,M,,,78
200800022919,8,3,21,2100,3,1,1,1,7,78609,M,,,78
200800022920,8,3,21,2200,5,2,1,2,7,78440,M,,,78
200800022921,8,3,29,1550,1,2,2,1,3,78440,M,,,78
200800022922,8,4,2,535,5,2,2,1,3,78440,M,,,78
200800022923,8,4,3,900,1,2,1,1,3,78029,M,,,78
200800022924,8,4,4,1850,1,2,1,1,6,78638,M,,,78
200800022925,8,4,6,1810,1,2,1,2,2,78440,M,,,78
200800022926,8,4,10,1620,1,2,1,1,6,78440,M,,,78
200800022927,8,4,11,1815,1,2,1,1,6,78440,M,,,78
200800022928,8,4,13,745,1,2,1,1,2,78440,M,,,78
200800022929,8,4,15,1350,1,1,1,1,2,78238,M,,,78
200800022930,8,4,18,2110,5,2,1,2,2,78638,M,,,78
200800022931,8,4,27,550,3,1,1,1,6,78238,M,,,78
200800022932,8,4,25,720,1,1,2,1,4,78401,M,,,78
200800022933,8,3,14,1735,1,1,1,1,7,78029,M,,,78
200800022934,8,4,1,1105,1,1,6,1,6,78238,M,,,78
200800022935,8,3,24,1150,1,2,1,1,3,78440,M,,,78
200800022936,8,4,1,750,1,1,3,1,5,78646,M,,,78
200800022937,8,4,12,1410,1,2,2,2,3,78158,M,,,78
200800022938,8,4,24,1350,1,2,3,1,3,78646,M,,,78
200800022939,8,4,1,1750,1,2,9,1,3,90001,M,,,90
200800022940,8,2,27,1855,5,2,1,1,2,91174,M,,,91
200800022941,8,3,4,1035,1,2,2,2,2,91174,M,,,91
200800022942,8,2,19,750,1,2,1,1,6,91174,M,,,91
200800022943,8,3,4,1510,1,2,1,2,3,91174,M,,,91
200800022944,8,3,11,1600,1,2,1,2,2,91174,M,,,91
200800022945,8,4,7,1500,1,2,1,1,3,91174,M,,,91
200800022946,8,3,22,1125,1,2,1,2,3,91174,M,,,91
200800022947,8,4,22,1655,1,2,1,1,5,91174,M,,,91
200800022948,8,4,19,1650,1,2,1,1,3,91174,M,,,91
200800022949,8,4,18,845,1,2,1,1,2,91174,M,,,91
200800022950,8,4,18,1515,1,2,1,1,7,91174,M,,,91
200800022951,8,4,1,2300,5,2,1,1,2,91174,M,,,91
200800022952,8,2,24,2045,5,2,1,1,3,91286,M,,,91
200800022953,8,3,18,1705,1,2,6,1,3,91687,M,,,91
200800022954,8,2,23,1610,1,2,1,1,2,91326,M,,,91
200800022955,8,3,27,820,1,2,9,1,4,91286,M,,,91
200800022956,8,4,7,1325,1,2,1,1,6,91687,M,,,91
200800022957,8,2,11,2030,5,2,1,1,6,91434,M,,,91
200800022958,8,4,2,1500,1,2,1,1,3,91687,M,,,91
200800022959,8,4,4,1600,1,2,3,1,3,92023,M,,,92
200800022960,8,4,12,1215,1,2,7,1,3,92023,M,,,92
200800022961,8,4,22,2055,5,2,1,2,6,92023,M,,,92
200800022962,8,4,25,1120,1,2,1,1,3,92060,M,,,92
200800022963,8,1,12,1735,5,2,1,1,5,92050,M,,,92
200800022964,8,1,31,2155,5,2,2,2,6,92050,M,,,92
200800022965,8,1,18,1800,5,2,1,2,3,92050,M,,,92
200800022966,8,1,17,925,1,2,1,1,7,92050,M,,,92
200800022967,8,1,21,945,1,2,1,1,3,92050,M,,,92
200800022968,8,1,14,915,1,2,1,1,7,92050,M,,,92
200800022969,8,1,21,1015,1,2,1,1,6,92050,M,,,92
200800022970,8,2,6,1955,5,2,1,1,6,92050,M,,,92
200800022971,8,2,18,1940,5,2,1,1,3,92050,M,,,92
200800022972,8,2,21,1550,1,2,5,1,3,92050,M,,,92
200800022973,8,2,24,1800,1,2,1,1,6,92050,M,,,92