Num_Acc,an,mois,jour,hrmn,lum,agg,int,atm,col,com,gps,lat,long,dep
200800022974,8,1,15,1815,2,2,1,1,6,92050,M,,,92
200800022975,8,2,2,840,1,2,2,1,6,92050,M,,,92
200800022976,8,2,14,750,2,2,1,1,3,92050,M,,,92
200800022977,8,3,2,920,1,2,1,1,7,92050,M,,,92
200800022978,8,3,10,1805,2,1,1,2,3,92050,M,,,92
200800022979,8,3,14,915,1,2,1,1,3,92050,M,,,92
200800022980,8,3,28,905,1,2,3,2,3,92050,M,,,92
200800022981,8,4,3,1730,1,2,1,1,7,92050,M,,,92
200800022982,8,3,25,1625,1,2,1,1,5,92050,M,,,92
200800022983,8,4,14,1510,1,2,1,2,5,92050,M,,,92
200800022984,8,4,10,1925,1,2,4,1,6,92050,M,,,92
200800022985,8,4,23,1330,1,2,4,1,6,92050,M,,,92
200800022986,8,4,26,1350,1,2,3,1,7,92050,M,,,92
200800022987,8,2,25,1950,2,2,1,1,6,92050,M,,,92
200800022988,8,2,2,1505,1,2,1,1,3,92051,M,,,92
200800022989,8,2,13,1345,1,2,1,1,2,92051,M,,,92
200800022990,8,2,14,2000,5,2,1,1,6,92051,M,,,92
200800022991,8,2,14,1505,1,2,9,1,6,92051,M,,,92
200800022992,8,2,8,1400,1,2,1,1,7,92051,M,,,92
200800022993,8,2,4,945,1,2,1,1,3,92051,M,,,92
200800022994,8,2,16,1550,1,2,1,1,1,92051,M,,,92
200800022995,8,2,19,1510,1,2,1,1,2,92051,M,,,92
200800022996,8,2,19,1100,1,2,1,1,6,92051,M,,,92
200800022997,8,2,25,715,1,2,1,2,3,92051,M,,,92
200800022998,8,2,27,940,1,2,1,2,6,92051,M,,,92
200800022999,8,2,28,352,5,2,1,2,3,92051,M,,,92
200800023000,8,3,5,950,1,2,1,1,6,92051,M,,,92
200800023001,8,3,5,935,1,2,1,1,2,92051,M,,,92
200800023002,8,3,17,1455,1,2,1,1,3,92051,M,,,92
200800023003,8,3,11,740,1,2,1,1,2,92051,M,,,92
200800023004,8,3,12,1500,1,2,1,1,2,92051,M,,,92
200800023005,8,3,23,1150,1,2,1,1,3,92051,M,,,92
200800023006,8,3,21,1500,1,2,1,2,6,92051,M,,,92
200800023007,8,3,28,840,1,2,1,1,6,92051,M,,,92
200800023008,8,3,18,1320,1,2,1,1,6,92051,M,,,92
200800023009,8,4,1,2105,5,2,1,1,2,92051,M,,,92
200800023010,8,4,4,1755,1,2,1,1,3,92051,M,,,92
200800023011,8,4,4,2114,5,2,1,1,3,92051,M,,,92
200800023012,8,4,9,835,1,2,1,1,6,92051,M,,,92
200800023013,8,4,11,950,1,2,1,1,3,92051,M,,,92
200800023014,8,3,29,1800,1,2,1,1,5,92051,M,,,92
200800023015,8,3,19,1220,1,2,2,1,6,92051,M,,,92
200800023016,8,4,29,1200,1,2,1,1,2,92051,M,,,92
200800023017,8,3,17,1210,1,2,8,1,6,93007,M,,,93
200800023018,8,3,17,1620,1,2,1,1,6,93007,M,,,93
200800023019,8,3,18,832,1,2,1,1,6,93007,M,,,93
200800023020,8,4,13,2310,5,2,3,3,3,93007,M,,,93
200800023021,8,4,16,1830,1,2,1,1,6,93007,M,,,93
200800023022,8,4,16,2040,1,2,3,1,7,93007,M,,,93
200800023023,8,4,17,1555,1,2,1,1,6,93007,M,,,93
200800023024,8,4,18,830,1,2,1,2,1,93007,M,,,93
200800023025,8,4,22,1550,1,2,3,1,3,93007,M,,,93
200800023026,8,1,7,2020,5,2,1,1,2,93029,M,,,93
200800023027,8,1,8,1015,1,2,3,1,3,93029,M,,,93
200800023028,8,1,15,650,5,2,3,1,3,93029,M,,,93
200800023029,8,1,16,1650,1,2,1,1,2,93029,M,,,93
200800023030,8,1,22,1700,1,2,3,1,6,93029,M,,,93
200800023031,8,1,24,1120,1,2,1,1,7,93029,M,,,93
200800023032,8,1,30,1200,1,2,1,1,6,93029,M,,,93
200800023033,8,2,5,1307,1,2,1,1,6,93029,M,,,93
200800023034,8,2,14,1620,1,2,1,1,6,93029,M,,,93
200800023035,8,2,16,135,5,2,1,1,2,93029,M,,,93
200800023036,8,2,18,1135,1,2,4,1,3,93029,M,,,93
200800023037,8,2,18,1638,1,2,1,1,6,93029,M,,,93
200800023038,8,2,24,1129,1,2,3,1,6,93029,M,,,93
200800023039,8,2,26,1155,1,2,2,1,3,93029,M,,,93
200800023040,8,2,26,1640,1,2,1,1,6,93029,M,,,93
200800023041,8,2,27,2145,5,2,1,1,3,93029,M,,,93
200800023042,8,2,29,2020,5,2,1,1,6,93029,M,,,93
200800023043,8,3,8,1945,5,2,3,1,3,93029,M,,,93
200800023044,8,3,10,915,1,2,1,1,2,93029,M,,,93
200800023045,8,3,11,1805,1,2,1,1,6,93029,M,,,93
200800023046,8,3,14,1630,1,2,3,1,3,93029,M,,,93
200800023047,8,3,25,1200,1,2,1,1,2,93029,M,,,93
200800023048,8,3,28,1150,1,2,1,1,6,93029,M,,,93
200800023049,8,3,28,1337,1,2,2,1,2,93029,M,,,93
200800023050,8,4,5,2235,4,2,1,1,6,93029,M,,,93
200800023051,8,4,20,2110,5,2,1,1,6,93029,M,,,93
200800023052,8,4,21,1250,1,2,1,1,6,93029,M,,,93
200800023053,8,4,23,2210,5,2,1,1,6,93029,M,,,93
200800023054,8,4,29,1240,1,2,1,1,6,93029,M,,,93
200800023055,8,4,1,1020,1,2,5,1,3,93053,M,,,93
200800023056,8,4,5,35,5,2,1,9,7,93053,M,,,93
200800023057,8,4,10,1555,1,2,3,1,6,93053,M,,,93
200800023058,8,4,15,845,1,2,1,1,3,93053,M,,,93
200800023059,8,4,16,1230,1,2,4,1,6,93053,M,,,93
200800023060,8,4,16,1430,1,2,9,1,3,93053,M,,,93
200800023061,8,4,24,1535,1,2,1,1,3,93053,M,,,93
200800023062,8,1,22,835,2,2,1,1,6,93066,M,,,93
200800023063,8,1,23,2000,5,2,1,1,6,93066,M,,,93
200800023064,8,1,24,2045,5,2,2,2,3,93066,M,,,93
200800023065,8,1,25,950,1,2,1,1,6,93066,M,,,93
200800023066,8,1,26,600,2,1,1,1,6,93066,M,,,93
200800023067,8,1,27,55,5,1,1,1,3,93066,M,,,93
200800023068,8,1,30,1710,1,1,1,1,3,93066,M,,,93
200800023069,8,1,3,30,5,2,1,1,6,93070,M,,,93
200800023070,8,1,11,1850,5,1,1,2,6,93070,M,,,93
200800023071,8,1,11,1950,5,2,1,2,2,93070,M,,,93
200800023072,8,1,16,815,1,2,1,8,1,93070,M,,,93
200800023073,8,1,19,1955,3,2,1,1,6,93070,M,,,93
200800023074,8,1,21,1330,1,2,9,1,6,93070,M,,,93
200800023075,8,2,2,15,5,2,1,2,2,93070,M,,,93
200800023076,8,2,4,1235,1,2,1,2,6,93070,M,,,93
200800023077,8,2,12,2105,5,2,1,1,2,93070,M,,,93
200800023078,8,2,16,1900,5,2,3,1,3,93070,M,,,93
200800023079,8,3,21,1310,1,2,1,3,3,93070,M,,,93
200800023080,8,3,28,2100,5,2,1,2,3,93070,M,,,93
200800023081,8,4,10,1647,1,2,1,1,6,93070,M,,,93
200800023082,8,4,16,1100,1,2,1,1,5,93070,M,,,93
200800023083,8,4,20,1750,1,2,1,1,3,93070,M,,,93
200800023084,8,4,29,1920,1,1,1,2,2,93070,M,,,93
200800023085,8,4,3,1830,1,2,1,1,6,93072,M,,,93
200800023086,8,4,6,1335,1,2,2,8,2,93059,M,,,93
200800023087,8,4,6,1650,1,2,1,1,6,93072,M,,,93
200800023088,8,4,17,810,1,2,1,1,4,93072,M,,,93
200800023089,8,3,27,925,1,2,1,2,2,93059,M,,,93
200800023090,8,4,22,1700,1,2,1,1,3,93072,M,,,93
200800023091,8,3,29,1400,1,2,1,1,3,93059,M,,,93
200800023092,8,3,29,1720,1,2,3,1,1,93059,M,,,93
200800023093,8,4,15,2010,1,2,3,1,6,93059,M,,,93
200800023094,8,3,4,1,5,2,1,2,6,93072,M,,,93
200800023095,8,4,25,1230,1,2,1,1,3,94038,M,,,94
200800023096,8,4,17,15,5,2,9,1,3,94073,M,,,94
200800023097,8,4,27,1130,1,2,3,1,3,94073,M,,,94
200800023098,8,4,29,905,1,2,1,2,2,94073,M,,,94
200800023099,8,2,2,1340,1,2,2,1,3,94015,M,,,94
200800023100,8,2,3,1650,1,2,2,1,2,94058,M,,,94
200800023101,8,2,16,1610,1,2,2,1,3,94058,M,,,94
200800023102,8,3,1,115,5,2,2,6,3,94052,M,,,94
200800023103,8,2,21,1830,5,2,3,1,3,94058,M,,,94
200800023104,8,4,5,1705,1,2,1,1,6,94052,M,,,94
200800023105,8,2,5,1715,2,2,2,2,6,94042,M,,,94
200800023106,8,1,30,1230,1,2,3,2,3,94058,M,,,94
200800023107,8,2,16,1605,1,2,2,1,3,94052,M,,,94
200800023108,8,4,3,2240,5,2,1,1,6,95585,M,,,95
200800023109,8,4,22,1910,1,2,1,1,6,95680,M,,,95
200800023110,8,4,18,430,5,1,2,1,3,38544,M,,,38
200800023111,8,5,5,1610,1,2,1,1,6,01344,M,,,01
200800023112,8,5,14,1045,1,1,2,1,3,01289,M,,,01
200800023113,8,5,13,1300,1,1,3,1,5,01451,M,,,01
200800023114,8,5,18,1905,1,1,1,2,7,01289,M,,,01
200800023115,8,5,22,1705,1,1,2,1,5,01451,M,,,01
200800023116,8,5,24,805,1,2,1,1,7,01053,M,,,01
200800023117,8,5,15,2200,5,2,6,2,1,01053,M,,,01
200800023118,8,5,28,1650,1,2,2,1,3,01289,M,,,01
200800023119,8,5,29,1705,1,2,2,2,3,01053,M,,,01
200800023120,8,5,4,1930,1,2,1,1,6,01283,M,,,01
200800023121,8,5,13,1835,1,2,1,1,3,02408,M,,,02
200800023122,8,5,2,1825,1,2,1,1,6,02691,M,,,02
200800023123,8,5,3,1825,1,1,1,1,6,02691,M,,,02
200800023124,8,5,5,1957,1,1,1,1,3,02340,M,,,02
200800023125,8,5,6,850,1,1,1,1,4,02691,M,,,02
200800023126,8,5,2,1215,1,2,6,1,3,02722,M,,,02
200800023127,8,5,5,1215,1,2,3,1,3,03185,M,,,03
200800023128,8,5,10,1410,1,2,3,1,3,03185,M,,,03
200800023129,8,5,11,1230,1,1,1,1,6,03262,M,,,03
200800023130,8,5,23,1230,1,2,2,1,5,03185,M,,,03
200800023131,8,5,26,1225,1,2,2,3,6,03185,M,,,03
200800023132,8,5,28,1240,1,2,2,1,6,03185,M,,,03
200800023133,8,5,1,1920,1,2,1,1,6,03310,M,,,03
200800023134,8,5,3,35,5,2,2,1,6,03023,M,,,03
200800023135,8,5,6,1315,1,2,1,1,2,03095,M,,,03
200800023136,8,5,6,1550,1,2,1,1,1,03310,M,,,03
200800023137,8,5,7,1900,1,1,1,1,2,03023,M,,,03
200800023138,8,5,10,815,1,2,1,1,6,03310,M,,,03
200800023139,8,5,14,1200,1,2,1,1,7,03023,M,,,03
200800023140,8,5,19,1330,1,2,2,1,3,03023,M,,,03
200800023141,8,5,21,1630,1,2,3,1,6,03310,M,,,03
200800023142,8,5,23,725,1,1,1,1,1,03095,M,,,03
200800023143,8,5,23,1650,1,2,1,1,6,03310,M,,,03
200800023144,8,5,28,805,1,2,1,1,6,03310,M,,,03
200800023145,8,5,25,1125,1,2,1,2,5,04070,M,,,04
200800023146,8,5,11,1534,1,1,1,1,7,05061,M,,,05
200800023147,8,5,7,2010,2,2,3,1,3,05061,M,,,05
200800023148,8,5,31,1820,1,1,3,8,3,05061,M,,,05
200800023149,8,5,1,2000,1,2,1,1,3,06155,M,,,06
200800023150,8,5,6,1744,1,2,1,1,3,06004,M,,,06
200800023151,8,5,6,1755,1,2,1,1,3,06155,M,,,06
200800023152,8,5,10,1430,1,2,1,1,6,06004,M,,,06
200800023153,8,5,12,350,5,2,1,1,6,06004,M,,,06
200800023154,8,5,10,1840,1,2,1,1,3,06155,M,,,06
200800023155,8,5,12,1513,1,2,1,1,6,06004,M,,,06
200800023156,8,5,8,10,5,2,1,1,6,06004,M,,,06
200800023157,8,5,17,1430,1,2,1,2,3,06004,M,,,06
200800023158,8,5,17,1835,1,1,1,2,1,06004,M,,,06
200800023159,8,5,21,1030,1,2,3,2,3,06155,M,,,06
200800023160,8,5,23,2240,5,2,1,1,3,06004,M,,,06
200800023161,8,5,23,1035,1,2,1,1,6,06004,M,,,06
200800023162,8,5,10,1015,1,2,2,1,6,06004,M,,,06
200800023163,8,5,28,1430,1,2,6,1,3,06004,M,,,06
200800023164,8,5,28,1845,1,2,3,8,3,06004,M,,,06
200800023165,8,5,28,1315,1,2,3,8,3,06004,M,,,06
200800023166,8,5,1,1540,1,2,1,1,3,06123,M,,,06
200800023167,8,5,2,1215,1,2,2,1,6,06027,M,,,06
200800023168,8,5,2,2050,5,2,1,1,1,06027,M,,,06
200800023169,8,5,6,1720,1,2,1,1,3,06123,M,,,06
200800023170,8,5,7,1830,1,2,1,1,6,06027,M,,,06
200800023171,8,5,10,1800,1,2,6,1,3,06027,M,,,06
200800023172,8,5,12,1005,1,2,1,1,3,06123,M,,,06
200800023173,8,5,13,735,1,2,1,1,3,06027,M,,,06
200800023174,8,5,14,1800,1,2,1,1,2,06027,M,,,06
200800023175,8,5,15,1745,1,2,4,1,3,06123,M,,,06
200800023176,8,5,15,850,1,2,1,1,4,06123,M,,,06
200800023177,8,5,19,2135,5,2,3,1,3,06027,M,,,06
200800023178,8,5,19,1640,1,2,1,1,6,06123,M,,,06
200800023179,8,5,22,1045,1,2,1,1,2,06027,M,,,06
200800023180,8,5,22,1400,1,2,3,1,3,06027,M,,,06
200800023181,8,5,23,645,1,2,1,1,6,06027,M,,,06
200800023182,8,5,24,1635,1,2,1,1,6,06027,M,,,06
200800023183,8,5,26,1345,1,2,1,1,3,06027,M,,,06
200800023184,8,5,28,1925,1,2,3,1,3,06027,M,,,06
200800023185,8,5,27,1220,1,2,6,1,1,06123,M,,,06
200800023186,8,5,29,1000,1,2,3,1,3,06027,M,,,06
200800023187,8,5,4,900,1,2,1,1,3,06030,M,,,06
200800023188,8,5,4,2320,5,2,1,1,6,06029,M,,,06
200800023189,8,5,4,1730,1,1,1,1,3,06029,M,,,06
200800023190,8,5,6,1220,1,2,2,1,3,06029,M,,,06
200800023191,8,5,6,1805,1,2,2,1,3,06029,M,,,06
200800023192,8,5,8,45,5,2,1,1,2,06029,M,,,06
200800023193,8,5,7,1930,1,2,1,1,2,06030,M,,,06
200800023194,8,5,9,1618,1,2,1,1,3,06030,M,,,06
200800023195,8,5,14,900,1,2,1,1,7,06029,M,,,06
200800023196,8,5,15,1930,1,2,1,1,7,06030,M,,,06
200800023197,8,5,16,1340,1,2,2,1,3,06029,M,,,06
200800023198,8,5,16,1425,1,2,1,1,5,06029,M,,,06
200800023199,8,5,17,1059,1,2,1,1,6,06029,M,,,06
200800023200,8,5,18,150,5,2,1,1,1,06029,M,,,06
200800023201,8,5,18,1535,1,2,1,1,3,06029,M,,,06
200800023202,8,5,22,505,2,2,1,1,2,06029,M,,,06
200800023203,8,5,19,1835,1,2,1,1,3,06029,M,,,06
200800023204,8,5,20,1035,1,2,1,1,5,06030,M,,,06
200800023205,8,5,16,1907,1,2,1,1,3,06030,M,,,06
200800023206,8,5,20,900,1,2,1,1,3,06029,M,,,06
200800023207,8,5,21,1222,1,2,2,1,3,06030,M,,,06
200800023208,8,5,22,1050,1,2,1,1,2,06030,M,,,06
200800023209,8,5,23,1613,1,2,1,1,2,06029,M,,,06
200800023210,8,5,25,2053,5,2,1,2,2,06029,M,,,06
200800023211,8,5,23,406,5,2,1,1,6,06030,M,,,06
200800023212,8,5,27,1247,1,2,1,1,4,06030,M,,,06
200800023213,8,5,29,1700,2,2,1,2,4,06029,M,,,06
200800023214,8,5,30,2015,5,2,1,1,3,06029,M,,,06
200800023215,8,5,30,1633,1,2,1,1,3,06029,M,,,06
200800023216,8,5,31,1245,1,2,1,1,3,06030,M,,,06
200800023217,8,5,31,1615,1,2,1,1,3,06029,M,,,06
200800023218,8,5,31,1730,1,2,1,1,3,06029,M,,,06
200800023219,8,5,2,1720,1,2,1,1,6,06069,M,,,06
200800023220,8,5,5,1800,1,2,1,1,3,06069,M,,,06
200800023221,8,5,6,2015,2,2,1,1,2,06069,M,,,06
200800023222,8,5,7,1745,1,2,1,1,7,06069,M,,,06
200800023223,8,5,9,1215,1,2,1,1,3,06069,M,,,06
200800023224,8,5,9,1340,1,2,1,1,1,06069,M,,,06
200800023225,8,5,13,1840,1,2,1,1,7,06069,M,,,06
200800023226,8,5,15,805,1,1,1,1,7,06069,M,,,06
200800023227,8,5,16,810,1,2,2,1,4,06069,M,,,06
200800023228,8,5,17,1705,1,2,1,2,1,06069,M,,,06
200800023229,8,5,18,1020,1,1,1,1,1,06069,M,,,06
200800023230,8,5,18,1200,1,1,1,1,1,06069,M,,,06
200800023231,8,5,19,1445,1,2,1,1,7,06069,M,,,06
200800023232,8,5,20,1810,1,2,1,1,1,06069,M,,,06
200800023233,8,5,21,2035,1,2,1,1,7,06069,M,,,06
200800023234,8,5,23,1615,1,2,1,1,3,06069,M,,,06
200800023235,8,5,23,1616,1,2,1,1,1,06069,M,,,06
200800023236,8,5,26,820,1,1,1,1,7,06069,M,,,06
200800023237,8,5,26,1325,1,2,1,2,7,06069,M,,,06
200800023238,8,5,28,720,1,2,3,1,2,06069,M,,,06
200800023239,8,5,30,2040,1,2,1,1,4,06069,M,,,06
200800023240,8,5,2,1435,1,2,3,1,3,06083,M,,,06
200800023241,8,5,7,1630,1,2,2,7,3,06104,M,,,06
200800023242,8,5,14,1820,1,2,5,1,2,06083,M,,,06
200800023243,8,5,20,1345,1,2,1,1,1,06104,M,,,06
200800023244,8,5,22,1700,1,2,1,1,3,06104,M,,,06
200800023245,8,5,20,1645,1,2,1,3,6,06083,M,,,06
200800023246,8,5,28,1215,1,2,1,1,7,06083,M,,,06
200800023247,8,5,2,1030,1,2,1,1,2,06088,M,,,06
200800023248,8,5,2,1150,1,2,1,1,3,06088,M,,,06
200800023249,8,5,2,1335,1,2,1,1,3,06088,M,,,06
200800023250,8,5,2,1550,1,2,1,1,6,06088,M,,,06
200800023251,8,5,2,1930,1,2,2,1,3,06088,M,,,06
200800023252,8,5,3,110,5,2,1,1,2,06088,M,,,06
200800023253,8,5,3,1250,1,2,1,1,5,06088,M,,,06
200800023254,8,5,3,1515,1,2,3,1,3,06159,M,,,06
200800023255,8,5,3,1730,1,2,1,1,4,06088,M,,,06
200800023256,8,5,3,1900,1,2,1,1,2,06088,M,,,06
200800023257,8,5,3,2025,2,2,9,1,3,06088,M,,,06
200800023258,8,5,4,820,1,2,1,1,2,06088,M,,,06
200800023259,8,5,4,1045,1,2,1,1,6,06088,M,,,06
200800023260,8,5,5,915,1,1,1,1,7,06088,M,,,06
200800023261,8,5,5,932,1,2,1,1,3,06088,M,,,06
200800023262,8,5,5,1155,1,2,2,1,3,06088,M,,,06
200800023263,8,5,5,1245,1,2,1,1,6,06088,M,,,06
200800023264,8,5,5,1605,1,2,2,8,3,06088,M,,,06
200800023265,8,5,5,1600,1,2,1,1,6,06088,M,,,06
200800023266,8,5,5,1800,1,1,1,1,6,06088,M,,,06
200800023267,8,5,6,845,1,2,3,1,3,06088,M,,,06
200800023268,8,5,6,915,1,2,1,1,3,06088,M,,,06
200800023269,8,5,6,1025,1,2,3,1,6,06088,M,,,06
200800023270,8,5,6,1925,1,2,1,1,1,06088,M,,,06
200800023271,8,5,7,1130,1,2,1,1,3,06088,M,,,06
200800023272,8,5,7,1500,1,2,2,1,3,06088,M,,,06
200800023273,8,5,7,1715,1,2,2,1,3,06088,M,,,06
200800023274,8,5,8,1440,1,2,2,1,3,06088,M,,,06
200800023275,8,5,8,1600,1,2,1,1,6,06088,M,,,06
200800023276,8,5,9,730,1,2,1,1,3,06088,M,,,06
200800023277,8,5,9,915,1,2,1,1,6,06088,M,,,06
200800023278,8,5,10,930,1,1,1,1,6,06088,M,,,06
200800023279,8,5,10,1415,1,2,1,1,6,06088,M,,,06
200800023280,8,5,10,1450,1,2,1,1,3,06088,M,,,06
200800023281,8,5,10,1520,1,2,1,1,2,06088,M,,,06
200800023282,8,5,10,1715,1,2,1,1,6,06088,M,,,06
200800023283,8,5,10,2200,5,2,2,1,3,06088,M,,,06
200800023284,8,5,11,2110,5,2,3,1,3,06088,M,,,06
200800023285,8,5,12,2130,2,2,2,2,3,06088,M,,,06
200800023286,8,5,13,1150,1,2,1,8,6,06088,M,,,06
200800023287,8,5,13,1720,1,2,1,1,2,06088,M,,,06
200800023288,8,5,14,1000,1,2,1,1,3,06088,M,,,06
200800023289,8,5,14,1350,1,1,1,1,6,06088,M,,,06
200800023290,8,5,14,1815,1,2,3,1,3,06088,M,,,06
200800023291,8,5,15,1605,1,2,1,1,6,06088,M,,,06
200800023292,8,5,15,1855,1,2,1,1,3,06088,M,,,06
200800023293,8,5,16,720,1,2,6,1,3,06088,M,,,06
200800023294,8,5,16,810,1,2,1,1,2,06088,M,,,06
200800023295,8,5,16,1110,1,2,1,3,1,06088,M,,,06
200800023296,8,5,16,1200,1,2,1,2,6,06088,M,,,06
200800023297,8,5,16,1220,1,2,1,2,6,06088,M,,,06
200800023298,8,5,16,1420,1,2,1,1,1,06088,M,,,06
200800023299,8,5,17,725,1,2,2,2,3,06088,M,,,06
200800023300,8,5,17,850,1,2,2,1,6,06088,M,,,06
200800023301,8,5,17,1600,1,2,6,1,3,06088,M,,,06
200800023302,8,5,17,2145,5,2,1,2,2,06088,M,,,06
200800023303,8,5,18,230,5,2,1,2,6,06088,M,,,06
200800023304,8,5,19,40,5,2,2,1,3,06088,M,,,06
200800023305,8,5,19,2110,5,2,4,1,1,06088,M,,,06
200800023306,8,5,20,1,5,2,1,1,6,06088,M,,,06
200800023307,8,5,20,1145,1,2,1,1,3,06088,M,,,06
200800023308,8,5,20,1605,1,2,1,8,3,06088,M,,,06
200800023309,8,5,20,1755,1,2,1,1,6,06088,M,,,06
200800023310,8,5,21,1215,1,2,1,1,6,06088,M,,,06
200800023311,8,5,21,1345,1,2,1,1,5,06088,M,,,06
200800023312,8,5,22,1445,1,2,1,1,3,06088,M,,,06
200800023313,8,5,21,1555,1,2,3,1,3,06088,M,,,06
200800023314,8,5,22,800,1,1,1,1,3,06088,M,,,06
200800023315,8,5,22,810,1,2,2,1,3,06088,M,,,06
200800023316,8,5,22,1730,1,2,1,1,2,06088,M,,,06
200800023317,8,5,22,1810,1,2,1,1,6,06088,M,,,06
200800023318,8,5,22,2045,2,2,1,1,1,06159,M,,,06
200800023319,8,5,22,2230,5,2,1,1,3,06088,M,,,06
200800023320,8,5,23,740,1,2,1,1,6,06088,M,,,06
200800023321,8,5,23,750,1,2,1,1,6,06088,M,,,06
200800023322,8,5,23,1045,1,2,2,1,2,06088,M,,,06
200800023323,8,5,23,1615,1,2,2,1,3,06088,M,,,06
200800023324,8,5,23,1700,1,2,1,1,4,06088,M,,,06
200800023325,8,5,23,2120,5,2,1,1,3,06088,M,,,06
200800023326,8,5,24,500,5,2,1,2,2,06088,M,,,06
200800023327,8,5,24,1330,1,2,2,1,3,06088,M,,,06
200800023328,8,5,26,1015,1,2,1,2,6,06088,M,,,06
200800023329,8,5,26,1400,1,2,1,2,3,06088,M,,,06
200800023330,8,5,26,1645,1,2,1,1,6,06088,M,,,06
200800023331,8,5,26,1735,1,2,2,1,3,06088,M,,,06
200800023332,8,5,27,1245,1,2,1,1,6,06088,M,,,06
200800023333,8,5,27,1300,1,2,1,1,2,06088,M,,,06
200800023334,8,5,27,1440,1,2,1,1,6,06088,M,,,06
200800023335,8,5,27,1810,1,2,1,1,6,06088,M,,,06
200800023336,8,5,28,955,1,2,1,8,5,06088,M,,,06
200800023337,8,5,28,1215,1,2,1,8,3,06088,M,,,06
200800023338,8,5,29,1015,1,2,1,3,6,06088,M,,,06
200800023339,8,5,29,1610,1,2,1,1,2,06088,M,,,06
200800023340,8,5,29,1615,1,2,1,2,5,06088,M,,,06
200800023341,8,5,29,1730,1,2,3,2,3,06088,M,,,06
200800023342,8,5,29,1950,1,2,1,1,1,06088,M,,,06
200800023343,8,5,30,945,1,2,4,2,3,06088,M,,,06
200800023344,8,5,30,1425,1,2,1,1,1,06088,M,,,06
200800023345,8,5,31,1015,1,2,1,1,3,06088,M,,,06
200800023346,8,5,31,1900,1,2,3,1,3,06088,M,,,06
200800023347,8,5,2,135,3,2,1,1,7,07019,M,,,07
200800023348,8,5,30,1745,1,2,1,1,2,08105,M,,,08
200800023349,8,5,31,1155,1,2,7,1,3,09122,M,,,09
200800023350,8,5,5,1755,1,2,6,1,3,10387,M,,,10
200800023351,8,5,6,1615,1,2,1,1,6,10387,M,,,10
200800023352,8,5,7,655,2,2,1,1,6,10081,M,,,10
200800023353,8,5,7,1830,1,2,3,1,6,10081,M,,,10
200800023354,8,5,8,1115,1,2,3,1,3,10387,M,,,10
200800023355,8,5,16,2115,2,2,1,1,6,10265,M,,,10
200800023356,8,5,19,1630,1,2,2,1,3,10387,M,,,10
200800023357,8,5,19,1945,1,2,1,1,7,10387,M,,,10
200800023358,8,5,27,855,1,2,1,1,6,10387,M,,,10
200800023359,8,5,27,1340,1,2,3,2,3,10081,M,,,10
200800023360,8,5,31,1635,1,2,1,8,7,10387,M,,,10
200800023361,8,5,30,1605,1,2,2,1,6,10387,M,,,10
200800023362,8,5,9,1805,1,2,1,1,6,10362,M,,,10
200800023363,8,5,12,1255,1,2,1,1,6,10387,M,,,10
200800023364,8,5,5,750,1,2,1,1,6,11069,M,,,11
200800023365,8,5,7,2045,4,2,2,1,1,11069,M,,,11
200800023366,8,5,12,1315,1,2,2,1,3,11069,M,4322327.0,345699.0,11
200800023367,8,5,31,1025,1,1,9,1,3,11076,M,,,11
200800023368,8,5,1,1738,1,2,1,1,6,11262,M,,,11
200800023369,8,5,6,2140,5,2,3,1,3,11262,M,4310450.0,0.0,11
200800023370,8,5,6,300,3,1,1,1,6,11262,M,4308580.0,0.0,11
200800023371,8,5,6,1850,1,2,2,1,3,11262,M,,,11
200800023372,8,5,30,1047,1,2,2,1,3,11262,M,4310160.0,0.0,11
200800023373,8,5,27,1750,1,2,1,8,6,11262,M,,,11
200800023374,8,5,30,915,1,2,1,1,6,11262,M,4311170.0,0.0,11
200800023375,8,5,1,1300,1,2,1,1,3,11262,M,,,11
200800023376,8,5,15,1150,1,2,1,1,6,11262,M,,,11
200800023377,8,5,15,1725,1,2,1,1,3,11262,M,,,11
200800023378,8,5,17,1740,1,2,2,1,6,11262,M,,,11
200800023379,8,5,18,1210,1,2,1,1,2,11262,M,,,11
200800023380,8,5,29,1205,1,2,1,1,7,11262,M,,,11
200800023381,8,5,29,1715,1,1,1,1,7,11262,M,,,11
200800023382,8,5,16,1300,1,2,2,1,1,12089,M,,,12
200800023383,8,5,26,555,2,2,1,2,6,12089,M,,,12
200800023384,8,5,29,1800,1,2,1,1,7,12089,M,4455877.0,0.0,12
200800023385,8,5,21,1556,1,2,1,1,6,12145,M,,,12
200800023386,8,5,28,1925,1,1,1,8,7,12145,M,,,12
200800023387,8,5,28,1915,1,1,1,8,6,12145,M,,,12
200800023388,8,5,14,1220,1,2,3,1,3,12202,M,,,12
200800023389,8,5,5,720,1,2,1,1,3,13001,M,,,13
200800023390,8,5,5,1330,1,2,1,1,6,13001,M,,,13
200800023391,8,5,16,742,1,2,1,1,7,13001,M,,,13
200800023392,8,5,15,1445,1,2,1,2,5,13001,M,,,13
200800023393,8,5,2,1740,1,2,1,1,3,13001,M,,,13
200800023394,8,5,28,850,1,1,1,1,6,13001,M,,,13
200800023395,8,5,26,845,1,2,3,3,3,13001,M,,,13
200800023396,8,5,21,1815,1,2,1,1,1,13001,M,,,13
200800023397,8,5,7,1830,1,1,9,1,3,13001,M,,,13
200800023398,8,5,30,1715,1,2,1,1,3,13001,M,,,13
200800023399,8,5,12,1915,1,1,1,1,2,13004,M,,,13
200800023400,8,5,13,1550,1,2,1,1,6,13004,M,,,13
200800023401,8,5,13,2005,1,2,2,1,7,13004,M,,,13