Num_Acc,an,mois,jour,hrmn,lum,agg,int,atm,col,com,gps,lat,long,dep
200800023402,8,5,16,1325,1,2,2,1,1,13004,M,,,13
200800023403,8,5,26,750,1,2,3,3,3,13004,M,,,13
200800023404,8,5,28,1820,1,1,3,1,7,13004,M,,,13
200800023405,8,5,29,1940,1,2,1,2,6,13004,M,,,13
200800023406,8,5,8,1130,1,2,1,1,3,13028,M,,,13
200800023407,8,5,7,1120,1,2,1,1,3,13028,M,,,13
200800023408,8,5,30,1230,1,2,1,1,6,13028,M,,,13
200800023409,8,5,14,1435,1,1,1,1,5,13047,M,,,13
200800023410,8,5,1,1725,1,2,1,1,6,13063,M,,,13
200800023411,8,5,29,755,1,1,1,2,5,13047,M,,,13
200800023412,8,5,3,1025,1,2,6,1,4,13054,M,,,13
200800023413,8,5,16,825,1,2,6,1,6,13054,M,,,13
200800023414,8,5,16,1150,1,2,1,2,3,13102,M,,,13
200800023415,8,5,16,1350,1,2,1,2,3,13054,M,,,13
200800023416,8,5,29,1045,1,2,1,1,6,13054,M,,,13
200800023417,8,5,5,1400,1,2,1,1,6,13055,M,,,13
200800023418,8,5,4,1845,1,2,2,1,6,13055,M,,,13
200800023419,8,5,5,1530,1,2,1,1,6,13055,M,,,13
200800023420,8,5,4,425,5,2,1,1,3,13055,M,,,13
200800023421,8,5,4,2020,1,2,1,1,3,13055,M,,,13
200800023422,8,5,7,2030,5,2,1,1,6,13055,M,,,13
200800023423,8,5,9,1310,1,2,1,1,2,13055,M,,,13
200800023424,8,5,10,2045,5,2,2,1,3,13055,M,,,13
200800023425,8,5,6,910,1,2,1,2,3,13055,M,,,13
200800023426,8,5,7,1015,1,2,1,1,3,13002,M,,,13
200800023427,8,5,1,1730,1,2,1,1,4,13055,M,,,13
200800023428,8,5,9,1600,1,2,3,1,6,13055,M,,,13
200800023429,8,5,9,1530,1,2,1,1,6,13055,M,,,13
200800023430,8,5,7,1725,1,1,1,1,5,13055,M,,,13
200800023431,8,5,15,1915,1,2,1,1,4,13055,M,,,13
200800023432,8,5,7,1545,1,2,1,1,3,13055,M,,,13
200800023433,8,5,2,915,1,2,1,1,3,13055,M,,,13
200800023434,8,5,16,1600,1,2,1,2,3,13055,M,,,13
200800023435,8,5,7,1815,1,2,1,1,3,13055,M,,,13
200800023436,8,5,14,850,1,2,1,1,3,13055,M,,,13
200800023437,8,5,8,2000,2,2,1,1,3,13055,M,,,13
200800023438,8,5,6,210,3,2,1,2,6,13055,M,,,13
200800023439,8,5,4,2130,5,1,1,1,4,13055,M,,,13
200800023440,8,5,10,1630,1,2,1,1,4,13055,M,,,13
200800023441,8,5,17,1355,1,2,9,1,3,13002,M,,,13
200800023442,8,5,18,1610,1,2,1,2,1,13002,M,,,13
200800023443,8,5,4,1340,1,2,4,1,1,13055,M,,,13
200800023444,8,5,12,750,1,2,1,1,3,13055,M,,,13
200800023445,8,5,14,1425,1,2,9,1,1,13055,M,,,13
200800023446,8,5,17,1945,1,2,1,1,3,13055,M,,,13
200800023447,8,5,3,1130,1,2,2,1,6,13055,M,,,13
200800023448,8,5,2,1610,1,2,1,1,3,13055,M,,,13
200800023449,8,5,14,1515,1,2,1,1,6,13055,M,,,13
200800023450,8,5,13,1520,1,2,1,2,2,13055,M,,,13
200800023451,8,5,12,1830,1,2,3,2,3,13055,M,,,13
200800023452,8,5,6,820,1,2,2,2,3,13055,M,,,13
200800023453,8,5,18,1020,1,2,2,1,6,13055,M,,,13
200800023454,8,5,21,30,5,2,1,1,6,13055,M,,,13
200800023455,8,5,14,1740,1,2,3,1,6,13055,M,,,13
200800023456,8,5,8,1650,1,2,2,1,3,13055,M,,,13
200800023457,8,5,17,2020,1,2,2,1,3,13055,M,,,13
200800023458,8,5,14,1900,1,2,1,1,7,13055,M,,,13
200800023459,8,5,15,1916,1,2,9,1,6,13055,M,,,13
200800023460,8,5,14,1700,1,2,6,1,2,13055,M,,,13
200800023461,8,5,16,1115,1,2,1,2,3,13055,M,,,13
200800023462,8,5,8,2001,2,2,1,1,1,13055,M,,,13
200800023463,8,5,14,650,2,2,3,1,3,13055,M,,,13
200800023464,8,5,19,1700,1,2,1,8,4,13055,M,,,13
200800023465,8,5,18,1600,1,2,1,1,3,13055,M,,,13
200800023466,8,5,16,2130,5,2,3,1,3,13055,M,,,13
200800023467,8,5,14,750,1,2,1,1,1,13055,M,,,13
200800023468,8,5,2,945,1,2,1,1,6,13055,M,,,13
200800023469,8,5,7,800,1,2,1,1,3,13055,M,,,13
200800023470,8,5,11,2310,5,2,2,1,3,13055,M,,,13
200800023471,8,5,16,1345,1,2,1,3,6,13055,M,,,13
200800023472,8,5,22,1510,1,2,1,1,6,13055,M,,,13
200800023473,8,5,22,1530,1,2,1,1,6,13055,M,,,13
200800023474,8,5,13,1720,1,2,2,1,3,13055,M,,,13
200800023475,8,5,14,1445,1,2,1,1,2,13055,M,,,13
200800023476,8,5,24,410,5,2,1,1,7,13055,M,,,13
200800023477,8,5,22,1800,1,2,1,1,3,13055,M,,,13
200800023478,8,5,18,1725,1,2,1,1,6,13055,M,,,13
200800023479,8,5,15,1150,1,2,1,1,3,13055,M,,,13
200800023480,8,5,21,955,1,2,3,1,3,13055,M,,,13
200800023481,8,5,18,400,5,2,1,8,2,13055,M,,,13
200800023482,8,5,16,1200,1,2,1,1,6,13055,M,,,13
200800023483,8,5,12,2150,5,2,1,1,6,13055,M,,,13
200800023484,8,5,15,1030,1,2,1,1,6,13055,M,,,13
200800023485,8,5,19,1000,1,2,3,1,7,13055,M,,,13
200800023486,8,5,10,920,1,2,1,1,2,13055,M,,,13
200800023487,8,5,1,1515,1,2,1,1,6,13055,M,,,13
200800023488,8,5,9,1930,2,2,1,1,3,13055,M,,,13
200800023489,8,5,4,1035,1,2,1,1,1,13055,M,,,13
200800023490,8,5,19,2100,5,2,3,2,1,13055,M,,,13
200800023491,8,5,26,1730,1,2,1,1,6,13055,M,,,13
200800023492,8,5,19,1300,1,2,1,1,2,13055,M,,,13
200800023493,8,5,20,1950,1,2,1,1,3,13055,M,,,13
200800023494,8,5,20,1340,1,2,1,1,2,13055,M,,,13
200800023495,8,5,21,1315,1,2,1,1,3,13055,M,,,13
200800023496,8,5,9,1250,1,2,2,1,3,13055,M,,,13
200800023497,8,5,20,945,1,2,1,1,6,13055,M,,,13
200800023498,8,5,25,1515,1,2,1,2,2,13055,M,,,13
200800023499,8,5,2,1920,1,2,1,1,3,13055,M,,,13
200800023500,8,5,23,1600,1,2,1,1,3,13055,M,,,13
200800023501,8,5,24,1140,1,2,1,1,3,13055,M,,,13
200800023502,8,5,25,1545,1,2,1,2,3,13055,M,,,13
200800023503,8,5,20,2100,5,2,2,1,3,13055,M,,,13
200800023504,8,5,23,1730,1,2,1,1,3,13055,M,,,13
200800023505,8,5,15,1100,1,2,1,1,3,13055,M,,,13
200800023506,8,5,12,1450,1,2,1,1,3,13055,M,,,13
200800023507,8,5,15,1145,1,2,2,1,6,13055,M,,,13
200800023508,8,5,8,1850,1,2,1,1,3,13055,M,,,13
200800023509,8,5,5,1240,1,2,2,1,6,13055,M,,,13
200800023510,8,5,15,1450,1,2,3,1,6,13055,M,,,13
200800023511,8,5,24,945,1,2,3,1,1,13075,M,,,13
200800023512,8,5,26,2200,5,2,6,1,3,13055,M,,,13
200800023513,8,5,2,946,1,2,1,1,6,13055,M,,,13
200800023514,8,5,2,745,1,2,1,1,1,13002,M,,,13
200800023515,8,5,18,300,5,2,1,1,6,13055,M,,,13
200800023516,8,5,23,1110,1,2,3,1,7,13055,M,,,13
200800023517,8,5,23,915,1,2,1,1,3,13055,M,,,13
200800023518,8,5,22,1840,1,2,3,1,3,13055,M,,,13
200800023519,8,5,21,1345,1,2,1,1,3,13055,M,,,13
200800023520,8,5,17,1300,1,2,1,1,6,13055,M,,,13
200800023521,8,5,10,1400,1,2,7,1,6,13055,M,,,13
200800023522,8,5,5,1855,1,2,1,1,3,13055,M,,,13
200800023523,8,5,20,1605,1,2,2,1,1,13055,M,,,13
200800023524,8,5,7,1845,1,2,2,1,3,13055,M,,,13
200800023525,8,5,22,815,1,2,1,1,7,13055,M,,,13
200800023526,8,5,21,2015,1,2,1,9,6,13055,M,,,13
200800023527,8,5,13,800,1,2,1,2,6,13055,M,,,13
200800023528,8,5,20,1450,1,2,1,1,6,13055,M,,,13
200800023529,8,5,16,2125,5,2,1,1,3,13055,M,,,13
200800023530,8,5,22,1130,1,2,1,1,6,13055,M,,,13
200800023531,8,5,22,1920,1,2,4,1,3,13055,M,,,13
200800023532,8,5,28,1920,1,2,1,8,3,13055,M,,,13
200800023533,8,5,29,1825,1,2,3,8,5,13055,M,,,13
200800023534,8,5,26,1740,1,1,1,1,6,13055,M,,,13
200800023535,8,5,15,1700,1,2,1,1,3,13055,M,,,13
200800023536,8,5,7,1440,1,2,1,1,3,13055,M,,,13
200800023537,8,5,20,1415,1,2,3,1,3,13055,M,,,13
200800023538,8,5,24,2205,5,2,1,1,6,13055,M,,,13
200800023539,8,5,24,2200,5,2,1,1,6,13055,M,,,13
200800023540,8,5,14,930,1,2,1,1,6,13055,M,,,13
200800023541,8,5,13,1710,1,2,1,1,6,13055,M,,,13
200800023542,8,5,27,1705,1,2,1,1,3,13055,M,,,13
200800023543,8,5,19,1150,1,2,1,1,3,13055,M,,,13
200800023544,8,5,13,750,1,2,1,1,3,13002,M,,,13
200800023545,8,5,24,2300,5,2,1,2,7,13055,M,,,13
200800023546,8,5,27,1200,1,2,1,8,2,13055,M,,,13
200800023547,8,5,28,915,1,2,3,1,3,13055,M,,,13
200800023548,8,5,28,930,1,2,9,1,6,13055,M,,,13
200800023549,8,5,7,1840,1,2,1,1,1,13055,M,,,13
200800023550,8,5,27,2350,5,2,1,8,1,13055,M,,,13
200800023551,8,5,25,1350,1,2,1,2,6,13055,M,,,13
200800023552,8,5,16,1850,1,2,6,1,3,13055,M,,,13
200800023553,8,5,26,1115,1,2,9,1,2,13055,M,,,13
200800023554,8,5,10,1900,1,2,1,1,3,13055,M,,,13
200800023555,8,5,18,800,1,2,1,1,7,13055,M,,,13
200800023556,8,5,29,1800,1,2,1,8,3,13055,M,,,13
200800023557,8,5,21,1900,1,2,1,1,2,13055,M,,,13
200800023558,8,5,28,2115,5,2,3,3,6,13055,M,,,13
200800023559,8,5,4,1730,1,2,1,1,2,13055,M,,,13
200800023560,8,5,27,1905,1,2,1,1,3,13055,M,,,13
200800023561,8,5,24,1500,1,2,1,1,6,13055,M,,,13
200800023562,8,5,24,435,5,2,5,1,3,13055,M,,,13
200800023563,8,5,21,1220,1,2,1,1,5,13055,M,,,13
200800023564,8,5,27,1330,1,2,1,1,3,13055,M,,,13
200800023565,8,5,27,1830,1,2,1,1,6,13055,M,,,13
200800023566,8,5,25,1445,1,2,3,2,3,13055,M,,,13
200800023567,8,5,15,1240,1,2,1,1,3,13055,M,,,13
200800023568,8,5,30,1320,1,2,3,1,3,13055,M,,,13
200800023569,8,5,20,730,1,2,1,1,5,13055,M,,,13
200800023570,8,5,21,825,1,2,1,1,6,13055,M,,,13
200800023571,8,5,30,1710,1,2,1,1,3,13055,M,,,13
200800023572,8,5,22,1645,1,2,1,1,3,13055,M,,,13
200800023573,8,5,15,900,1,2,1,1,1,13055,M,,,13
200800023574,8,5,28,931,1,1,1,1,6,13055,M,,,13
200800023575,8,5,28,1400,1,2,4,1,1,13055,M,,,13
200800023576,8,5,30,1105,1,2,9,1,7,13055,M,,,13
200800023577,8,5,19,905,1,2,3,1,6,13055,M,,,13
200800023578,8,5,22,1640,1,2,3,1,3,13055,M,,,13
200800023579,8,5,23,1930,1,2,2,1,5,13055,M,,,13
200800023580,8,5,24,855,1,2,1,1,2,13055,M,,,13
200800023581,8,5,28,1830,3,2,1,1,7,13055,M,,,13
200800023582,8,5,16,1130,1,2,1,3,4,13055,M,,,13
200800023583,8,5,8,1145,1,2,1,1,6,13055,M,,,13
200800023584,8,5,27,1520,1,2,3,1,3,13055,M,,,13
200800023585,8,5,23,1410,1,2,1,1,3,13055,M,,,13
200800023586,8,5,29,2030,1,2,3,1,3,13055,M,,,13
200800023587,8,5,28,1235,1,2,1,1,3,13055,M,,,13
200800023588,8,5,23,805,1,2,3,1,6,13055,M,,,13
200800023589,8,5,30,830,1,2,2,1,3,13055,M,,,13
200800023590,8,5,21,1030,1,2,2,1,3,13055,M,,,13
200800023591,8,5,13,820,1,2,1,1,5,13055,M,,,13
200800023592,8,5,18,1050,1,2,1,1,3,13055,M,,,13
200800023593,8,5,14,1300,1,2,1,1,6,13055,M,,,13
200800023594,8,5,20,1330,1,2,2,1,6,13055,M,,,13
200800023595,8,5,25,1500,1,2,1,1,3,13055,M,,,13
200800023596,8,5,23,1055,1,2,1,1,6,13055,M,,,13
200800023597,8,5,18,1640,1,2,1,1,6,13055,M,,,13
200800023598,8,5,20,1140,1,2,1,1,3,13055,M,,,13
200800023599,8,5,27,2030,5,2,1,2,3,13055,M,,,13
200800023600,8,5,29,2115,5,2,1,1,7,13055,M,,,13
200800023601,8,5,27,1500,1,2,1,1,6,13055,M,,,13
200800023602,8,5,28,1945,5,2,1,1,2,13055,M,,,13
200800023603,8,5,23,1300,1,2,1,1,6,13055,M,,,13
200800023604,8,5,30,1410,1,2,1,1,1,13055,M,,,13
200800023605,8,5,13,1605,1,2,1,2,2,13055,M,,,13
200800023606,8,5,26,920,1,1,1,1,1,13002,M,,,13
200800023607,8,5,4,1915,1,2,2,1,3,13055,M,,,13
200800023608,8,5,18,2230,5,2,1,1,6,13055,M,,,13
200800023609,8,5,16,1400,1,2,3,3,3,13055,M,,,13
200800023610,8,5,6,1115,1,2,3,2,6,13055,M,,,13
200800023611,8,5,4,1930,1,2,1,1,1,13055,M,,,13
200800023612,8,5,3,1355,1,2,3,2,3,13055,M,,,13
200800023613,8,5,30,1620,1,2,1,1,2,13055,M,,,13
200800023614,8,5,20,1630,1,2,1,1,2,13055,M,,,13
200800023615,8,5,15,1830,1,2,1,1,3,13055,M,,,13
200800023616,8,5,22,2100,2,2,1,1,6,13055,M,,,13
200800023617,8,5,13,1600,1,2,1,1,6,13055,M,,,13
200800023618,8,5,20,820,1,2,1,1,1,13055,M,,,13
200800023619,8,5,19,1230,1,2,1,1,6,13055,M,,,13
200800023620,8,5,5,845,1,2,1,1,3,13077,M,,,13
200800023621,8,5,3,1820,1,1,1,1,1,13056,M,,,13
200800023622,8,5,16,1405,1,2,1,3,6,13077,M,,,13
200800023623,8,5,19,1230,1,2,1,1,3,13056,M,,,13
200800023624,8,5,10,2015,2,1,1,1,1,13078,M,,,13
200800023625,8,5,24,515,3,1,1,2,7,13103,M,,,13
200800023626,8,5,7,1210,1,1,3,1,3,13108,M,,,13
200800023627,8,5,11,1655,1,1,1,1,6,13108,M,,,13
200800023628,8,5,19,2000,1,2,2,1,3,13108,M,,,13
200800023629,8,5,24,1900,1,2,3,1,2,13108,M,,,13
200800023630,8,5,31,1650,1,2,2,1,3,13108,M,,,13
200800023631,8,5,1,2015,1,2,1,1,7,13117,M,,,13
200800023632,8,5,14,1025,1,2,2,1,3,13071,M,,,13
200800023633,8,5,14,1239,1,2,1,1,3,13117,M,,,13
200800023634,8,5,18,400,5,1,1,8,1,13071,M,,,13
200800023635,8,5,20,900,1,2,1,1,3,13071,M,,,13
200800023636,8,5,25,1350,1,2,6,2,3,13117,M,,,13
200800023637,8,5,26,930,1,1,1,1,3,13071,M,,,13
200800023638,8,5,27,1315,1,2,3,6,3,13117,M,,,13
200800023639,8,5,28,1250,1,2,1,1,6,13117,M,,,13
200800023640,8,5,1,50,5,2,1,1,6,14118,M,,,14
200800023641,8,5,4,1100,1,2,1,1,2,14118,M,,,14
200800023642,8,5,4,2030,2,2,2,1,3,14271,M,,,14
200800023643,8,5,6,1545,1,2,1,1,7,14271,M,,,14
200800023644,8,5,12,1830,1,1,1,1,2,14125,M,,,14
200800023645,8,5,15,1215,1,2,1,1,2,14118,M,,,14
200800023646,8,5,21,1815,1,2,1,1,3,14118,M,,,14
200800023647,8,5,23,2100,5,2,1,1,3,14118,M,,,14
200800023648,8,5,27,443,5,1,1,1,7,14341,M,,,14
200800023649,8,5,27,1340,1,2,3,1,3,14118,M,,,14
200800023650,8,5,30,2000,1,2,1,1,7,14118,M,,,14
200800023651,8,5,31,1915,1,1,1,1,6,14118,M,,,14
200800023652,8,5,24,1530,1,2,6,1,3,14225,M,,,14
200800023653,8,5,16,753,1,2,6,1,3,14333,M,,,14
200800023654,8,5,24,1305,1,1,1,1,3,14001,M,,,14
200800023655,8,5,9,1850,1,2,1,1,7,14366,M,,,14
200800023656,8,5,19,1655,1,2,1,1,6,14366,M,,,14
200800023657,8,5,22,1450,1,2,3,1,1,14366,M,,,14
200800023658,8,5,23,1700,1,2,1,1,6,14366,M,,,14
200800023659,8,5,12,1545,1,2,3,1,6,14715,M,,,14
200800023660,8,5,15,2100,1,2,1,1,3,14715,M,,,14
200800023661,8,5,16,2105,2,2,1,2,6,14557,M,,,14
200800023662,8,5,20,1700,1,2,1,1,6,15014,M,,,15
200800023663,8,5,3,1510,1,2,1,1,3,17299,M,,,17
200800023664,8,5,6,1850,1,2,2,1,3,17299,M,,,17
200800023665,8,5,7,1820,1,2,1,1,7,17299,M,,,17
200800023666,8,5,9,1445,1,2,1,1,7,17299,M,,,17
200800023667,8,5,13,1830,1,2,1,1,4,17449,M,,,17
200800023668,8,5,14,1540,1,2,1,1,2,17299,M,,,17
200800023669,8,5,14,1915,1,2,1,1,7,17299,M,,,17
200800023670,8,5,14,2040,1,1,1,1,7,17299,M,,,17
200800023671,8,5,20,1450,1,2,1,1,7,17299,M,,,17
200800023672,8,5,22,1830,1,1,1,1,3,17299,M,,,17
200800023673,8,5,23,1445,1,2,2,1,3,17299,M,,,17
200800023674,8,5,27,1710,1,2,1,2,6,17299,M,,,17
200800023675,8,5,30,1700,1,1,1,1,1,17449,M,,,17
200800023676,8,5,1,1600,1,2,2,1,3,17300,M,,,17
200800023677,8,5,4,2140,5,2,1,1,7,17028,M,,,17
200800023678,8,5,6,1255,1,2,9,1,3,17300,M,,,17
200800023679,8,5,6,1735,1,1,1,1,2,17200,M,,,17
200800023680,8,5,7,835,1,2,1,1,2,17028,M,,,17
200800023681,8,5,7,810,1,2,2,1,3,17300,M,,,17
200800023682,8,5,7,1915,1,2,1,1,3,17300,M,,,17
200800023683,8,5,9,1210,1,2,1,2,1,17300,M,,,17
200800023684,8,5,10,1648,1,2,2,1,5,17300,M,,,17
200800023685,8,5,11,453,5,2,2,1,6,17300,M,,,17
200800023686,8,5,11,2200,3,2,1,1,1,17300,M,,,17
200800023687,8,5,13,845,1,2,1,1,6,17274,M,,,17
200800023688,8,5,13,825,1,2,7,1,3,17028,M,,,17
200800023689,8,5,13,925,1,2,1,1,6,17300,M,,,17
200800023690,8,5,13,1415,1,2,1,1,2,17300,M,,,17
200800023691,8,5,14,40,3,2,1,1,7,17300,M,,,17
200800023692,8,5,14,1807,1,2,1,1,2,17300,M,,,17
200800023693,8,5,15,1100,1,2,3,1,6,17300,M,,,17
200800023694,8,5,15,1250,1,2,1,1,3,17300,M,,,17
200800023695,8,5,16,1115,1,1,1,2,7,17200,M,,,17
200800023696,8,5,17,1225,1,2,9,1,6,17200,M,,,17
200800023697,8,5,20,832,1,2,3,1,3,17300,M,,,17
200800023698,8,5,20,1000,1,2,1,1,2,17300,M,,,17
200800023699,8,5,22,1630,1,1,1,1,7,17300,M,,,17
200800023700,8,5,21,1750,1,2,2,1,2,17274,M,,,17
200800023701,8,5,27,1520,1,2,9,1,3,17300,M,,,17
200800023702,8,5,27,1655,1,2,2,1,3,17300,M,,,17
200800023703,8,5,27,1800,1,2,1,1,6,17291,M,,,17
200800023704,8,5,28,2325,3,2,1,1,7,17300,M,,,17
200800023705,8,5,30,1600,1,2,1,1,6,17200,M,,,17
200800023706,8,5,30,1805,1,2,1,1,1,17300,M,,,17
200800023707,8,5,1,1210,1,2,1,1,6,17380,M,,,17
200800023708,8,5,6,2015,2,2,1,1,7,17306,M,,,17
200800023709,8,5,6,925,1,2,1,1,6,17306,M,,,17
200800023710,8,5,6,1505,2,2,1,1,3,17333,M,,,17
200800023711,8,5,6,1505,1,1,1,1,6,17306,M,,,17
200800023712,8,5,11,1030,1,2,1,1,6,17306,M,,,17
200800023713,8,5,11,1600,1,2,1,1,2,17380,M,,,17
200800023714,8,5,13,1025,1,2,1,1,3,17333,M,,,17
200800023715,8,5,18,511,5,2,1,1,4,17380,M,,,17
200800023716,8,5,25,515,3,2,1,1,7,17380,M,,,17
200800023717,8,5,28,1635,1,2,2,1,3,17306,M,,,17
200800023718,8,5,28,1725,1,2,3,1,3,17306,M,,,17
200800023719,8,5,2,1325,1,2,1,1,6,17415,M,,,17
200800023720,8,5,5,1030,1,2,1,1,6,17415,M,,,17
200800023721,8,5,5,1835,1,1,2,1,5,17415,M,,,17
200800023722,8,5,6,1730,1,2,2,1,6,17415,M,,,17
200800023723,8,5,6,2355,3,1,1,1,6,17415,M,,,17
200800023724,8,5,9,100,5,2,1,1,6,17415,M,,,17
200800023725,8,5,10,1705,1,2,1,1,2,17415,M,,,17
200800023726,8,5,15,1220,1,2,1,1,3,17415,M,,,17
200800023727,8,5,15,2040,2,1,6,1,3,17415,M,,,17
200800023728,8,5,17,1405,1,1,1,1,6,17415,M,,,17
200800023729,8,5,24,950,1,2,6,2,1,17415,M,,,17
200800023730,8,5,10,750,1,2,1,1,4,18033,M,,,18
200800023731,8,5,7,1205,1,2,1,1,6,18033,M,,,18
200800023732,8,5,7,2057,1,2,2,1,3,18033,M,,,18
200800023733,8,5,11,520,5,2,1,1,2,18205,M,,,18
200800023734,8,5,13,1110,1,2,1,1,6,18033,M,,,18
200800023735,8,5,13,1335,1,2,1,1,6,18033,M,,,18
200800023736,8,5,17,2010,1,2,1,1,6,18033,M,,,18
200800023737,8,5,19,1430,1,2,1,1,2,18205,M,,,18
200800023738,8,5,19,1552,1,2,3,1,3,18033,M,,,18
200800023739,8,5,20,1155,1,2,1,1,1,18033,M,,,18
200800023740,8,5,20,1815,1,1,1,1,1,18205,M,,,18
200800023741,8,5,23,1035,1,2,2,1,3,18033,M,,,18
200800023742,8,5,23,1940,1,2,2,2,3,18033,M,,,18
200800023743,8,5,24,1055,1,1,2,2,3,18033,M,,,18
200800023744,8,5,24,2205,5,2,1,1,3,18033,M,,,18
200800023745,8,5,26,910,1,2,1,1,6,18033,M,,,18
200800023746,8,5,27,1630,1,2,3,2,2,18033,M,,,18
200800023747,8,5,3,445,5,2,1,1,1,18279,M,,,18
200800023748,8,5,7,750,1,2,2,1,3,18279,M,,,18
200800023749,8,5,9,2130,5,2,9,1,6,18279,M,,,18
200800023750,8,5,13,1015,1,2,1,1,7,18279,M,,,18
200800023751,8,5,14,940,1,2,2,1,3,18279,M,,,18
200800023752,8,5,26,1815,1,2,1,2,3,18279,M,,,18
200800023753,8,5,29,825,1,2,4,1,3,18279,M,,,18
200800023754,8,5,2,2230,5,2,3,1,3,19031,M,,,19
200800023755,8,5,5,1045,1,2,3,9,3,19031,M,,,19
200800023756,8,5,5,1340,1,2,1,2,2,19031,M,,,19
200800023757,8,5,6,950,1,2,1,1,6,19031,M,,,19
200800023758,8,5,7,1920,1,2,1,1,2,19031,M,,,19
200800023759,8,5,14,1740,1,2,6,1,6,19031,M,,,19
200800023760,8,5,17,1745,1,2,1,1,6,19031,M,4515587.0,450171.0,19
200800023761,8,5,19,725,1,2,1,1,2,19031,M,4515202.0,454058.0,19
200800023762,8,5,20,1815,1,2,1,1,3,19031,M,4516065.0,452315.0,19
200800023763,8,5,22,925,1,2,1,1,2,19031,M,4515047.0,453158.0,19
200800023764,8,5,23,1510,1,2,6,1,6,19031,M,4514675.0,448257.0,19
200800023765,8,5,23,1705,1,2,1,1,3,19031,M,4516541.0,453533.0,19
200800023766,8,5,27,1650,1,2,1,2,2,19031,M,4514497.0,447553.0,19
200800023767,8,5,28,1450,1,2,1,1,6,19031,M,4515633.0,451959.0,19
200800023768,8,5,29,1205,1,2,1,1,6,19031,M,4516220.0,453623.0,19
200800023769,8,5,29,1655,1,2,1,1,3,19031,M,4512498.0,451705.0,19
200800023770,8,5,31,2210,5,2,1,1,1,19031,M,4515586.0,453998.0,19
200800023771,8,5,20,215,5,2,1,1,6,19272,M,4526644.0,378005.0,19
200800023772,8,5,20,1725,1,2,1,1,6,19272,M,4525989.0,375641.0,19
200800023773,8,5,21,1615,1,2,2,1,6,19272,M,4526845.0,377253.0,19
200800023774,8,5,23,1947,1,2,2,1,3,19272,M,,,19
200800023775,8,5,9,1030,1,2,1,1,2,19275,M,,,19
200800023776,8,5,8,610,1,2,3,1,3,21054,M,,,21
200800023777,8,5,2,715,1,2,2,1,3,21231,M,,,21
200800023778,8,5,2,1135,1,2,2,1,2,21231,M,,,21
200800023779,8,5,3,2145,5,2,1,1,3,21231,M,,,21
200800023780,8,5,5,740,1,2,1,1,6,21231,M,,,21
200800023781,8,5,5,940,1,2,1,1,3,21231,M,,,21
200800023782,8,5,6,845,1,2,1,1,6,21231,M,,,21
200800023783,8,5,6,1335,1,2,2,1,2,21231,M,,,21
200800023784,8,5,6,1800,1,2,2,1,3,21231,M,,,21
200800023785,8,5,6,1930,1,2,2,1,5,21231,M,,,21
200800023786,8,5,7,1138,1,2,2,1,3,21231,M,,,21
200800023787,8,5,7,1225,1,2,1,1,1,21231,M,,,21
200800023788,8,5,7,1819,1,2,1,1,2,21231,M,,,21
200800023789,8,5,8,1042,1,2,2,1,3,21231,M,,,21
200800023790,8,5,8,2035,1,2,1,1,2,21231,M,,,21
200800023791,8,5,9,1044,1,2,1,1,2,21231,M,,,21
200800023792,8,5,10,1857,1,2,1,1,2,21231,M,,,21
200800023793,8,5,13,752,1,2,1,1,2,21231,M,,,21
200800023794,8,5,14,900,1,2,1,1,6,21231,M,,,21
200800023795,8,5,13,1212,1,2,7,1,2,21231,M,,,21
200800023796,8,5,13,1735,1,2,1,1,6,21540,M,,,21
200800023797,8,5,14,1235,1,2,1,1,2,21231,M,,,21
200800023798,8,5,16,1419,1,2,1,1,2,21231,M,,,21
200800023799,8,5,19,1524,1,2,1,1,4,21166,M,,,21
200800023800,8,5,20,1218,1,2,9,1,3,21231,M,,,21
200800023801,8,5,21,756,1,2,1,1,2,21231,M,,,21
200800023802,8,5,22,1549,1,2,1,1,2,21231,M,,,21
200800023803,8,5,24,1201,1,2,1,1,3,21231,M,,,21
200800023804,8,5,24,2038,2,2,3,2,2,21231,M,,,21
200800023805,8,5,27,1750,1,1,3,1,3,21231,M,,,21
200800023806,8,5,29,1752,1,2,3,8,1,21231,M,,,21
200800023807,8,5,29,1846,1,2,2,1,2,21617,M,,,21
200800023808,8,5,30,932,1,2,1,1,6,21166,M,,,21
200800023809,8,5,18,1225,1,2,3,1,3,22050,M,,,22
200800023810,8,5,3,1615,1,2,1,1,7,22215,M,,,22
200800023811,8,5,2,1355,1,1,1,1,4,22360,M,,,22
200800023812,8,5,5,920,1,1,1,2,3,22215,M,,,22
200800023813,8,5,5,1325,1,2,1,1,3,22278,M,,,22
200800023814,8,5,7,1515,1,2,6,1,3,22278,M,,,22
200800023815,8,5,8,1705,1,2,6,2,3,22278,M,,,22
200800023816,8,5,9,2240,5,2,2,2,2,22278,M,,,22
200800023817,8,5,12,2225,5,2,1,1,7,22278,M,,,22
200800023818,8,5,13,1545,1,2,3,1,3,22278,M,,,22
200800023819,8,5,15,247,5,1,1,8,7,22278,M,,,22
200800023820,8,5,15,1200,1,2,3,1,6,22215,M,,,22
200800023821,8,5,15,1410,1,1,1,1,3,22278,M,,,22
200800023822,8,5,17,1143,1,2,1,2,7,22278,M,,,22
200800023823,8,5,17,1530,1,2,1,2,7,22360,M,,,22
200800023824,8,5,20,1125,1,2,6,1,2,22106,M,,,22
200800023825,8,5,20,1230,1,2,1,1,6,22278,M,,,22