Num_Acc,an,mois,jour,hrmn,lum,agg,int,atm,col,com,gps,lat,long,dep
200800023826,8,5,23,645,2,1,3,1,3,22215,M,,,22
200800023827,8,5,27,915,1,2,2,1,2,22278,M,,,22
200800023828,8,5,28,1155,1,2,1,1,6,22106,M,,,22
200800023829,8,5,28,1225,1,2,1,1,3,22278,M,,,22
200800023830,8,5,29,940,1,2,1,1,3,22278,M,,,22
200800023831,8,5,29,1455,1,2,2,1,7,22278,M,,,22
200800023832,8,5,31,1420,1,1,2,1,3,22106,M,,,22
200800023833,8,5,26,1730,1,1,1,1,7,23096,M,,,23
200800023834,8,5,13,2215,5,2,6,1,3,24037,M,,,24
200800023835,8,5,18,1315,1,2,1,1,7,24140,M,,,24
200800023836,8,5,2,520,5,2,1,1,2,24322,M,,,24
200800023837,8,5,6,1400,1,2,1,1,3,24557,M,,,24
200800023838,8,5,13,1337,1,2,2,1,3,24322,M,,,24
200800023839,8,5,22,1415,1,2,3,1,3,24102,M,,,24
200800023840,8,5,25,1418,1,2,1,3,5,24322,M,,,24
200800023841,8,5,28,1043,1,2,3,1,2,24322,M,,,24
200800023842,8,5,29,530,5,2,1,1,6,24322,M,,,24
200800023843,8,5,29,1949,1,2,1,1,6,24322,M,,,24
200800023844,8,5,30,1827,1,2,4,1,3,24322,M,,,24
200800023845,8,5,1,1448,1,2,1,1,2,25056,M,,,25
200800023846,8,5,3,1610,1,2,1,1,6,25056,M,,,25
200800023847,8,5,4,1630,1,2,1,1,6,25056,M,,,25
200800023848,8,5,5,2045,2,2,1,1,6,25056,M,,,25
200800023849,8,5,6,1215,1,2,1,1,7,25056,M,,,25
200800023850,8,5,10,2030,1,2,6,1,3,25056,M,,,25
200800023851,8,5,11,1228,1,2,1,1,2,25056,M,,,25
200800023852,8,5,12,325,5,2,1,1,6,25056,M,,,25
200800023853,8,5,14,1412,1,2,1,1,3,25056,M,,,25
200800023854,8,5,14,1918,1,2,3,1,3,25056,M,,,25
200800023855,8,5,22,2115,2,2,1,1,1,25056,M,,,25
200800023856,8,5,23,1230,1,2,1,1,6,25056,M,,,25
200800023857,8,5,24,915,1,2,1,1,3,25056,M,,,25
200800023858,8,5,31,1532,1,2,1,2,6,25056,M,,,25
200800023859,8,5,5,950,1,2,3,1,3,25230,M,,,25
200800023860,8,5,31,1008,1,2,3,2,3,25462,M,,,25
200800023861,8,5,7,800,1,2,1,1,6,26281,M,,,26
200800023862,8,5,7,810,1,2,2,1,6,26281,M,,,26
200800023863,8,5,8,1550,1,2,9,1,6,26281,M,,,26
200800023864,8,5,10,845,1,2,2,1,3,26281,M,,,26
200800023865,8,5,20,1830,1,2,2,1,3,26057,M,,,26
200800023866,8,5,4,1330,1,2,2,1,3,26252,M,,,26
200800023867,8,5,13,1805,1,2,1,1,6,26362,M,,,26
200800023868,8,5,12,905,1,2,1,1,2,26362,M,,,26
200800023869,8,5,12,937,1,2,6,1,3,26362,M,,,26
200800023870,8,5,25,1135,1,2,3,2,3,26362,M,,,26
200800023871,8,5,17,1030,1,2,3,2,1,26362,M,,,26
200800023872,8,5,14,1829,1,2,1,1,6,26362,M,,,26
200800023873,8,5,24,1118,1,1,1,1,2,26362,M,,,26
200800023874,8,5,26,1745,1,1,1,1,5,26058,M,,,26
200800023875,8,5,28,1225,1,2,2,1,3,26058,M,,,26
200800023876,8,5,29,1730,1,2,1,2,6,26058,M,,,26
200800023877,8,5,30,1835,1,2,1,2,1,26252,M,,,26
200800023878,8,5,7,540,2,2,1,1,3,27229,M,,,27
200800023879,8,5,11,850,1,2,1,1,7,27229,M,,,27
200800023880,8,5,16,815,1,2,3,1,3,27229,M,,,27
200800023881,8,5,22,1325,1,2,1,1,1,27229,M,,,27
200800023882,8,5,26,1750,1,2,2,2,3,27229,M,,,27
200800023883,8,5,27,1540,1,2,1,2,6,27229,M,,,27
200800023884,8,5,9,1800,1,2,1,1,1,27375,M,,,27
200800023885,8,5,10,1405,1,1,1,1,6,27701,M,,,27
200800023886,8,5,13,1200,1,2,2,1,3,27375,M,,,27
200800023887,8,5,28,205,4,2,1,3,7,27701,M,,,27
200800023888,8,5,5,1820,1,2,1,1,4,27681,M,,,27
200800023889,8,5,14,1105,1,2,1,1,6,27562,M,,,27
200800023890,8,5,25,145,5,2,1,1,6,27681,M,,,27
200800023891,8,5,29,1035,1,2,2,1,6,27681,M,,,27
200800023892,8,5,31,2115,2,2,1,1,7,27562,M,,,27
200800023893,8,5,8,1710,1,2,3,1,6,28085,M,,,28
200800023894,8,5,10,1035,1,2,3,1,3,28229,M,,,28
200800023895,8,5,13,1510,1,2,1,1,6,28085,M,,,28
200800023896,8,5,13,2301,5,2,9,1,7,28085,M,,,28
200800023897,8,5,15,745,1,2,9,1,6,28085,M,,,28
200800023898,8,5,16,1700,1,2,9,1,2,28085,M,,,28
200800023899,8,5,16,925,1,2,2,1,3,28110,M,,,28
200800023900,8,5,18,341,5,2,3,1,6,28209,M,,,28
200800023901,8,5,21,1205,1,2,3,1,6,28085,M,,,28
200800023902,8,5,23,810,1,1,9,1,4,28229,M,,,28
200800023903,8,5,23,2102,1,2,6,1,6,28218,M,,,28
200800023904,8,5,26,700,1,2,1,1,6,28085,M,,,28
200800023905,8,5,26,1850,1,2,1,1,1,28229,M,,,28
200800023906,8,5,29,805,1,2,1,1,6,28220,M,,,28
200800023907,8,5,30,1535,1,1,1,1,6,28209,M,,,28
200800023908,8,5,30,1720,1,2,1,1,6,28218,M,,,28
200800023909,8,5,31,1530,1,2,1,1,2,28218,M,,,28
200800023910,8,5,1,2230,3,1,1,3,1,28223,M,,,28
200800023911,8,5,17,1010,1,1,1,1,3,28134,M,,,28
200800023912,8,5,1,1515,1,2,2,1,6,29019,M,,,29
200800023913,8,5,5,1500,1,2,1,1,6,29019,M,,,29
200800023914,8,5,5,1740,1,2,4,1,3,29019,M,,,29
200800023915,8,5,12,1015,1,2,2,1,3,29019,M,,,29
200800023916,8,5,14,1205,1,2,1,3,6,29019,M,,,29
200800023917,8,5,15,1720,1,2,3,1,6,29019,M,,,29
200800023918,8,5,15,1715,1,2,1,1,2,29019,M,,,29
200800023919,8,5,21,1200,1,2,1,1,2,29019,M,,,29
200800023920,8,5,22,2245,3,1,1,1,2,29019,M,,,29
200800023921,8,5,24,340,5,2,6,1,6,29019,M,,,29
200800023922,8,5,26,1325,1,2,3,3,1,29019,M,,,29
200800023923,8,5,26,2040,1,2,1,2,2,29019,M,,,29
200800023924,8,5,27,740,1,2,1,1,1,29019,M,,,29
200800023925,8,5,31,1246,1,2,2,1,3,29019,M,,,29
200800023926,8,5,10,2220,3,1,1,1,1,29039,M,,,29
200800023927,8,5,25,2300,5,2,9,1,6,29039,M,,,29
200800023928,8,5,8,2200,5,2,1,1,6,29151,M,,,29
200800023929,8,5,11,325,3,2,1,1,6,29151,M,,,29
200800023930,8,5,15,1030,1,2,1,1,1,29151,M,,,29
200800023931,8,5,18,2050,1,2,1,1,6,29254,M,,,29
200800023932,8,5,3,1150,1,2,1,1,6,29232,M,,,29
200800023933,8,5,5,1810,1,1,1,1,3,29232,M,,,29
200800023934,8,5,29,1120,1,2,1,1,3,29232,M,,,29
200800023935,8,5,3,240,5,2,1,1,7,30007,M,,,30
200800023936,8,5,7,810,1,2,1,9,6,30007,M,,,30
200800023937,8,5,28,1305,1,2,1,1,3,30007,M,,,30
200800023938,8,5,14,740,1,2,1,1,3,30007,M,,,30
200800023939,8,5,13,1510,1,2,1,1,5,30007,M,,,30
200800023940,8,5,19,1934,1,2,1,1,4,30007,M,,,30
200800023941,8,5,21,950,1,2,1,1,6,30007,M,,,30
200800023942,8,5,23,1050,1,1,1,1,4,30243,M,,,30
200800023943,8,5,28,1650,1,2,1,1,1,30007,M,,,30
200800023944,8,5,6,1950,1,1,1,1,6,30028,M,,,30
200800023945,8,5,14,1230,1,2,1,1,4,30028,M,,,30
200800023946,8,5,15,2249,5,2,1,1,6,30028,M,,,30
200800023947,8,5,25,655,2,1,1,3,6,30028,M,,,30
200800023948,8,5,25,1555,1,1,1,2,6,30028,M,,,30
200800023949,8,5,1,1356,1,2,1,1,7,30032,M,,,30
200800023950,8,5,19,650,1,1,1,1,1,30032,M,,,30
200800023951,8,5,25,1750,1,1,1,2,1,30032,M,,,30
200800023952,8,5,29,2130,2,1,3,2,6,30032,M,,,30
200800023953,8,5,1,1325,1,2,2,1,3,30189,M,4381623.0,434832.0,30
200800023954,8,5,1,2030,5,2,2,1,1,30189,M,4382457.0,434492.0,30
200800023955,8,5,1,2028,1,2,2,1,3,30189,M,4384137.0,435774.0,30
200800023956,8,5,2,1010,1,2,1,1,6,30189,M,4383888.0,436343.0,30
200800023957,8,5,2,1533,1,2,1,1,7,30189,M,4382913.0,437786.0,30
200800023958,8,5,5,1845,1,2,2,1,3,30189,M,,,30
200800023959,8,5,7,1557,1,2,1,1,2,30189,M,,,30
200800023960,8,5,7,1920,1,2,2,1,3,30189,M,,,30
200800023961,8,5,8,1300,1,2,1,1,6,30189,M,,,30
200800023962,8,5,8,1610,1,2,1,1,3,30189,M,4381992.0,433624.0,30
200800023963,8,5,9,806,1,2,6,1,3,30189,M,4384308.0,438171.0,30
200800023964,8,5,10,2045,1,2,2,1,3,30189,M,4383768.0,432037.0,30
200800023965,8,5,11,125,5,2,1,1,1,30189,M,,,30
200800023966,8,5,13,2315,5,2,1,1,6,30189,M,4383054.0,436961.0,30
200800023967,8,5,14,1308,1,2,1,1,6,30189,M,4383066.0,435352.0,30
200800023968,8,5,14,1555,1,2,1,1,4,30189,M,4383066.0,435352.0,30
200800023969,8,5,16,2320,5,2,1,1,2,30189,M,4383048.0,436960.0,30
200800023970,8,5,17,2348,5,2,6,2,3,30189,M,4382720.0,437488.0,30
200800023971,8,5,18,2143,5,2,3,1,1,30189,M,4384082.0,436297.0,30
200800023972,8,5,19,1415,1,2,2,1,3,30189,M,,,30
200800023973,8,5,20,1630,1,2,2,1,3,30189,M,4380302.0,435626.0,30
200800023974,8,5,21,1705,1,1,1,1,3,30189,M,4381881.0,429757.0,30
200800023975,8,5,21,1827,1,2,1,1,6,30189,M,4383430.0,435910.0,30
200800023976,8,5,22,1922,1,2,2,1,2,30189,M,4383466.0,435216.0,30
200800023977,8,5,24,1227,1,2,2,1,3,30189,M,,,30
200800023978,8,5,25,1320,1,1,1,2,7,30189,M,4388202.0,430838.0,30
200800023979,8,5,26,845,1,1,6,2,6,30189,M,4381612.0,439265.0,30
200800023980,8,5,30,2219,5,2,1,1,7,30189,M,4384079.0,436297.0,30
200800023981,8,5,31,1645,1,1,1,1,6,30189,M,,,30
200800023982,8,5,11,1600,1,2,1,1,3,31069,M,,,31
200800023983,8,5,13,1835,1,2,1,1,3,31069,M,,,31
200800023984,8,5,31,2230,5,2,2,1,3,31069,M,,,31
200800023985,8,5,3,1140,1,2,1,1,5,31149,M,,,31
200800023986,8,5,15,845,1,2,3,1,3,31149,M,,,31
200800023987,8,5,30,1120,1,2,3,1,3,31149,M,,,31
200800023988,8,5,1,515,3,2,1,1,1,31483,M,,,31
200800023989,8,5,9,1055,1,1,9,1,1,31483,M,,,31
200800023990,8,5,4,400,5,2,1,1,2,31555,M,,,31
200800023991,8,5,4,620,2,2,1,1,3,31555,M,,,31
200800023992,8,5,2,1520,1,2,1,1,6,31555,M,,,31
200800023993,8,5,3,2300,5,2,1,1,7,31555,M,,,31
200800023994,8,5,4,255,5,2,1,1,7,31555,M,,,31
200800023995,8,5,4,100,5,2,2,1,3,31555,M,,,31
200800023996,8,5,4,2000,2,2,1,1,6,31555,M,,,31
200800023997,8,5,5,1645,1,2,1,1,6,31555,M,,,31
200800023998,8,5,6,1105,1,2,1,1,2,31555,M,,,31
200800023999,8,5,6,1730,1,2,1,1,2,31555,M,,,31
200800024000,8,5,6,2230,5,2,1,1,2,31555,M,,,31
200800024001,8,5,3,300,5,2,1,1,6,31555,M,,,31
200800024002,8,5,7,1330,1,2,1,1,6,31555,M,,,31
200800024003,8,5,7,700,1,2,1,1,2,31555,M,,,31
200800024004,8,5,7,1515,1,2,1,1,6,31555,M,,,31
200800024005,8,5,7,2255,5,2,1,1,1,31555,M,,,31
200800024006,8,5,8,1340,1,2,1,1,3,31555,M,,,31
200800024007,8,5,8,1935,1,1,1,1,5,31555,M,,,31
200800024008,8,5,9,900,1,2,3,1,3,31555,M,,,31
200800024009,8,5,10,600,2,2,1,1,6,31555,M,,,31
200800024010,8,5,10,1620,1,2,1,1,6,31555,M,,,31
200800024011,8,5,10,1920,1,2,1,1,6,31555,M,,,31
200800024012,8,5,10,1705,1,2,1,1,1,31555,M,,,31
200800024013,8,5,10,2145,5,2,3,1,1,31555,M,,,31
200800024014,8,5,11,745,1,2,2,1,1,31555,M,,,31
200800024015,8,5,12,1630,1,2,1,1,5,31555,M,,,31
200800024016,8,5,12,1906,1,1,1,1,6,31555,M,,,31
200800024017,8,5,13,1645,1,2,1,1,6,31555,M,,,31
200800024018,8,5,13,1705,1,1,1,1,6,31555,M,,,31
200800024019,8,5,13,1900,1,1,1,1,5,31555,M,,,31
200800024020,8,5,13,2305,5,2,1,1,7,31555,M,,,31
200800024021,8,5,4,2356,5,2,1,1,3,31555,M,,,31
200800024022,8,5,14,1740,1,2,1,1,4,31555,M,,,31
200800024023,8,5,14,1845,1,1,1,3,4,31555,M,,,31
200800024024,8,5,14,2140,5,1,1,2,6,31149,M,,,31
200800024025,8,5,15,520,5,2,2,1,6,31555,M,,,31
200800024026,8,5,8,510,2,2,6,1,7,31555,M,,,31
200800024027,8,5,15,900,1,2,1,1,2,31555,M,,,31
200800024028,8,5,15,1212,1,2,2,1,1,31555,M,,,31
200800024029,8,5,15,1715,1,2,1,1,2,31555,M,,,31
200800024030,8,5,16,725,2,2,1,1,2,31555,M,,,31
200800024031,8,5,16,1405,1,2,1,2,2,31555,M,,,31
200800024032,8,5,16,1410,1,1,1,8,6,31555,M,,,31
200800024033,8,5,17,430,5,2,1,8,2,31555,M,,,31
200800024034,8,5,17,845,1,2,2,1,1,31555,M,,,31
200800024035,8,5,17,1640,1,2,1,1,6,31555,M,,,31
200800024036,8,5,18,435,5,2,1,8,7,31555,M,,,31
200800024037,8,5,19,348,5,2,1,1,7,31555,M,,,31
200800024038,8,5,19,735,1,2,1,1,6,31555,M,,,31
200800024039,8,5,19,2345,5,2,1,1,5,31555,M,,,31
200800024040,8,5,20,1815,1,2,1,1,7,31555,M,,,31
200800024041,8,5,21,805,1,2,3,1,3,31555,M,,,31
200800024042,8,5,21,1855,1,1,1,1,4,31555,M,,,31
200800024043,8,5,22,100,5,2,3,1,1,31555,M,,,31
200800024044,8,5,22,1105,1,2,1,1,1,31555,M,,,31
200800024045,8,5,22,1115,1,2,1,1,1,31555,M,,,31
200800024046,8,5,22,1000,1,2,1,1,6,31555,M,,,31
200800024047,8,5,23,805,1,2,1,1,2,31555,M,,,31
200800024048,8,5,23,830,1,2,3,1,3,31555,M,,,31
200800024049,8,5,23,850,1,1,1,1,6,31555,M,,,31
200800024050,8,5,23,900,1,2,1,1,3,31555,M,,,31
200800024051,8,5,23,1205,1,2,3,1,3,31555,M,,,31
200800024052,8,5,23,1450,1,2,1,1,7,31555,M,,,31
200800024053,8,5,23,1735,1,2,1,1,3,31555,M,,,31
200800024054,8,5,23,1750,1,2,1,1,3,31555,M,,,31
200800024055,8,5,24,430,2,2,1,1,7,31555,M,,,31
200800024056,8,5,24,1630,1,2,1,1,6,31555,M,,,31
200800024057,8,5,24,2325,5,2,1,2,7,31555,M,,,31
200800024058,8,5,25,254,5,2,1,2,3,31555,M,,,31
200800024059,8,5,25,1115,1,2,1,2,7,31555,M,,,31
200800024060,8,5,25,1500,1,2,1,2,6,31555,M,,,31
200800024061,8,5,25,1503,1,2,3,2,3,31555,M,,,31
200800024062,8,5,25,2110,5,1,1,2,6,31555,M,,,31
200800024063,8,5,25,2330,5,1,1,1,6,31555,M,,,31
200800024064,8,5,26,2,5,2,1,1,6,31555,M,,,31
200800024065,8,5,22,1420,1,1,1,1,3,31555,M,,,31
200800024066,8,5,22,1830,1,2,1,1,4,31555,M,,,31
200800024067,8,5,25,1530,1,1,1,3,3,31555,M,,,31
200800024068,8,5,27,1425,1,2,1,3,1,31555,M,,,31
200800024069,8,5,27,1445,1,2,1,3,4,31555,M,,,31
200800024070,8,5,27,1634,1,2,1,3,4,31555,M,,,31
200800024071,8,5,27,1750,1,1,1,2,4,31555,M,,,31
200800024072,8,5,28,5,5,1,1,2,6,31555,M,,,31
200800024073,8,5,28,15,5,2,1,2,3,31555,M,,,31
200800024074,8,5,28,105,4,2,1,2,6,31555,M,,,31
200800024075,8,5,28,1015,1,2,1,1,1,31555,M,,,31
200800024076,8,5,28,2050,2,2,1,1,6,31555,M,,,31
200800024077,8,5,29,30,5,2,1,1,1,31555,M,,,31
200800024078,8,5,30,1515,1,1,1,1,2,31555,M,,,31
200800024079,8,5,30,1605,1,2,1,1,6,31555,M,,,31
200800024080,8,5,31,510,5,2,3,1,1,31555,M,,,31
200800024081,8,5,31,2130,5,2,1,1,1,31555,M,,,31
200800024082,8,5,14,1810,1,2,1,1,1,31557,M,,,31
200800024083,8,5,18,1815,1,2,1,1,7,31557,M,,,31
200800024084,8,5,22,1115,1,2,6,1,4,31557,M,,,31
200800024085,8,5,7,1100,1,2,2,1,6,32013,M,,,32
200800024086,8,5,13,755,1,2,1,1,6,32013,M,,,32
200800024087,8,5,1,2320,5,1,2,1,3,33529,M,,,33
200800024088,8,5,5,1050,1,2,2,2,3,33009,M,,,33
200800024089,8,5,2,1655,1,2,1,1,2,33009,M,,,33
200800024090,8,5,3,1420,1,2,1,1,6,33529,M,,,33
200800024091,8,5,17,1000,1,1,1,1,5,33529,M,,,33
200800024092,8,5,23,2000,1,2,1,2,6,33529,M,,,33
200800024093,8,5,26,1645,1,2,1,1,2,33009,M,,,33
200800024094,8,5,1,1810,1,2,1,1,5,33063,M,,,33
200800024095,8,5,1,2140,5,2,1,1,3,33063,M,,,33
200800024096,8,5,5,1355,1,2,3,1,2,33063,M,,,33
200800024097,8,5,9,225,5,2,2,1,2,33063,M,,,33
200800024098,8,5,13,1525,1,2,5,1,6,33063,M,,,33
200800024099,8,5,7,1535,1,2,1,1,6,33063,M,,,33
200800024100,8,5,12,25,5,2,2,3,6,33063,M,,,33
200800024101,8,5,3,1445,1,2,1,1,6,33281,M,,,33
200800024102,8,5,7,2030,1,2,5,1,3,33281,M,,,33
200800024103,8,5,4,1745,1,2,3,1,2,33075,M,,,33
200800024104,8,5,3,1300,1,2,1,1,7,33281,M,,,33
200800024105,8,5,1,47,5,2,2,1,7,33281,M,,,33
200800024106,8,5,10,155,5,2,2,1,3,33063,M,,,33
200800024107,8,5,9,1910,1,2,3,1,3,33063,M,,,33
200800024108,8,5,12,2320,5,2,2,1,3,33063,M,,,33
200800024109,8,5,13,1450,1,2,5,1,3,33063,M,,,33
200800024110,8,5,12,1945,1,2,3,1,1,33063,M,,,33
200800024111,8,5,13,730,1,2,2,1,6,33063,M,,,33
200800024112,8,5,13,745,1,2,5,1,3,33063,M,,,33
200800024113,8,5,14,305,5,2,2,1,3,33063,M,,,33
200800024114,8,5,7,2200,5,2,3,1,3,33281,M,,,33
200800024115,8,5,7,1740,1,2,2,1,3,33075,M,,,33
200800024116,8,5,6,800,1,2,2,1,3,33281,M,,,33
200800024117,8,5,15,1720,1,2,1,1,6,33063,M,,,33
200800024118,8,5,13,1010,1,2,6,1,3,33281,M,,,33
200800024119,8,5,13,735,1,2,3,1,6,33281,M,,,33
200800024120,8,5,10,1215,1,2,1,1,6,33069,M,,,33
200800024121,8,5,10,1601,1,2,1,1,3,33281,M,,,33
200800024122,8,5,14,715,2,2,1,3,1,33318,M,,,33
200800024123,8,5,15,805,1,2,1,1,2,33063,M,,,33
200800024124,8,5,15,2035,1,2,2,1,3,33063,M,,,33
200800024125,8,5,12,1850,1,2,1,4,6,33249,M,,,33
200800024126,8,5,17,1645,1,2,1,1,4,33063,M,,,33
200800024127,8,5,6,1645,1,2,1,1,2,33522,M,,,33
200800024128,8,5,16,2050,2,2,1,1,1,33063,M,,,33
200800024129,8,5,16,1920,1,2,2,1,2,33063,M,,,33
200800024130,8,5,16,1515,1,2,3,1,3,33550,M,,,33
200800024131,8,5,18,1540,1,2,1,1,3,33063,M,,,33
200800024132,8,5,18,1340,1,2,1,2,6,33063,M,,,33
200800024133,8,5,18,500,5,2,1,1,6,33063,M,,,33
200800024134,8,5,16,2335,5,2,1,1,3,33063,M,,,33
200800024135,8,5,16,1150,1,2,1,2,6,33063,M,,,33
200800024136,8,5,15,1145,1,2,1,1,3,33249,M,,,33
200800024137,8,5,19,850,1,2,1,1,3,33063,M,,,33
200800024138,8,5,19,1410,1,2,1,1,3,33063,M,,,33
200800024139,8,5,19,1340,1,2,1,1,3,33063,M,,,33
200800024140,8,5,13,1855,1,2,1,1,3,33281,M,,,33
200800024141,8,5,13,1810,1,2,1,1,3,33075,M,,,33
200800024142,8,5,17,1100,1,2,2,1,3,33119,M,,,33
200800024143,8,5,14,800,1,2,1,1,3,33281,M,,,33
200800024144,8,5,14,1920,1,2,2,1,3,33318,M,,,33
200800024145,8,5,15,1000,1,2,2,1,3,33318,M,,,33
200800024146,8,5,15,1020,1,2,1,1,6,33069,M,,,33
200800024147,8,5,21,430,5,2,1,1,6,33063,M,,,33
200800024148,8,5,22,150,5,2,1,1,2,33063,M,,,33
200800024149,8,5,21,2120,1,2,1,1,6,33063,M,,,33
200800024150,8,5,21,1140,1,2,1,1,3,33063,M,,,33
200800024151,8,5,13,1650,1,2,1,1,6,33522,M,,,33
200800024152,8,5,21,820,1,2,3,1,3,33063,M,,,33
200800024153,8,5,18,1140,1,2,2,1,6,33522,M,,,33
200800024154,8,5,23,230,5,2,1,1,6,33063,M,,,33
200800024155,8,5,23,220,5,2,1,1,2,33063,M,,,33
200800024156,8,5,22,945,1,2,1,1,6,33063,M,,,33
200800024157,8,5,22,1645,1,2,2,1,3,33063,M,,,33
200800024158,8,5,21,100,5,2,2,1,3,33119,M,,,33
200800024159,8,5,24,1130,1,2,3,2,3,33063,M,,,33
200800024160,8,5,23,2220,5,2,2,1,3,33063,M,,,33
200800024161,8,5,23,2025,1,2,2,1,3,33063,M,,,33
200800024162,8,5,18,1818,1,2,1,1,6,33167,M,,,33
200800024163,8,5,20,1610,1,2,2,1,3,33069,M,,,33
200800024164,8,5,26,1125,1,2,2,1,6,33063,M,,,33
200800024165,8,5,20,1200,1,2,1,1,4,33063,M,,,33
200800024166,8,5,21,1340,1,2,2,1,3,33318,M,,,33
200800024167,8,5,22,750,1,2,2,1,3,33249,M,,,33
200800024168,8,5,22,2245,5,2,2,1,3,33281,M,,,33
200800024169,8,5,27,1450,1,2,1,2,6,33063,M,,,33
200800024170,8,5,27,1830,1,2,1,2,3,33063,M,,,33
200800024171,8,5,22,2300,5,2,1,1,2,33032,M,,,33
200800024172,8,5,16,1534,1,2,1,1,6,33522,M,,,33
200800024173,8,5,22,1415,1,2,2,1,3,33281,M,,,33
200800024174,8,5,21,1704,1,2,1,1,2,33281,M,,,33
200800024175,8,5,23,1655,1,2,3,2,1,33318,M,,,33
200800024176,8,5,28,1930,1,2,1,3,6,33281,M,,,33
200800024177,8,5,28,1015,1,2,2,1,3,33063,M,,,33
200800024178,8,5,23,2100,1,2,5,1,3,33281,M,,,33
200800024179,8,5,26,300,3,2,1,1,7,33281,M,,,33
200800024180,8,5,29,850,1,2,1,1,6,33063,M,,,33
200800024181,8,5,23,1135,1,2,1,1,6,33281,M,,,33
200800024182,8,5,26,1230,1,2,4,2,2,33167,M,,,33
200800024183,8,5,27,940,1,2,1,1,3,33281,M,,,33
200800024184,8,5,29,1200,1,2,5,1,3,33063,M,,,33
200800024185,8,5,29,2010,1,2,5,1,3,33063,M,,,33
200800024186,8,5,29,1740,1,2,7,1,3,33063,M,,,33
200800024187,8,5,29,1730,1,2,1,1,6,33063,M,,,33
200800024188,8,5,30,1810,1,2,1,8,6,33063,M,,,33
200800024189,8,5,31,1230,1,2,3,1,1,33063,M,,,33
200800024190,8,5,30,1350,1,2,3,1,6,33063,M,,,33
200800024191,8,5,30,1450,1,2,1,1,2,33063,M,,,33
200800024192,8,5,30,2228,5,2,3,1,3,33063,M,,,33
200800024193,8,5,28,1910,2,2,2,3,3,33063,M,,,33
200800024194,8,5,30,1808,1,2,1,1,6,33281,M,,,33
200800024195,8,5,29,1138,1,2,2,7,3,33069,M,,,33
200800024196,8,5,28,1515,1,2,1,1,6,33075,M,,,33
200800024197,8,5,27,1230,1,2,6,1,2,33281,M,,,33
200800024198,8,5,31,2040,1,2,1,8,3,33069,M,,,33
200800024199,8,5,30,1515,1,2,1,1,3,33318,M,,,33
200800024200,8,5,29,1855,1,2,1,1,2,33281,M,,,33
200800024201,8,5,29,1345,1,2,3,1,3,33119,M,,,33
200800024202,8,5,30,1811,1,2,1,1,3,33063,M,,,33
200800024203,8,5,28,1910,1,2,2,2,3,33318,M,,,33
200800024204,8,5,31,1513,1,2,1,1,2,33039,M,,,33
200800024205,8,5,29,1800,1,2,3,1,3,33192,M,,,33
200800024206,8,5,9,2025,2,2,1,8,3,33243,M,,,33
200800024207,8,5,13,1345,1,2,1,1,2,34003,M,,,34
200800024208,8,5,22,1730,1,1,1,1,3,34003,M,,,34
200800024209,8,5,30,1225,1,2,1,1,2,34003,M,,,34
200800024210,8,5,2,1435,1,2,2,1,2,34032,M,4335157.0,345699.0,34
200800024211,8,5,2,1540,1,2,1,1,2,34032,M,,,34
200800024212,8,5,3,1330,1,2,3,1,3,34032,M,,,34
200800024213,8,5,6,1410,1,2,1,1,7,34032,M,,,34
200800024214,8,5,7,2105,2,2,2,1,3,34032,M,4334600.0,345699.0,34
200800024215,8,5,8,1105,1,1,1,1,7,34032,M,,,34
200800024216,8,5,8,1315,1,1,1,1,3,34032,M,4333040.0,345699.0,34
200800024217,8,5,8,1930,1,2,1,1,7,34032,M,,,34
200800024218,8,5,9,1325,1,2,1,1,5,34032,M,,,34
200800024219,8,5,9,1530,1,2,1,1,2,34032,M,,,34
200800024220,8,5,9,2035,2,2,2,1,7,34032,M,,,34
200800024221,8,5,10,1535,1,2,1,1,2,34032,M,,,34
200800024222,8,5,12,1545,1,1,1,1,7,34032,M,4332700.0,345699.0,34
200800024223,8,5,14,120,4,2,1,1,1,34032,M,,,34
200800024224,8,5,14,315,5,2,1,1,7,34032,M,4333300.0,345699.0,34
200800024225,8,5,14,2220,5,2,1,1,3,34032,M,,,34
200800024226,8,5,15,1525,1,1,2,1,7,34336,M,,,34
200800024227,8,5,15,1830,1,2,3,2,3,34032,M,,,34
200800024228,8,5,22,1220,1,2,1,1,7,34032,M,,,34
200800024229,8,5,22,2130,2,1,1,1,7,34032,M,,,34
200800024230,8,5,23,1735,1,2,2,1,3,34032,M,,,34
200800024231,8,5,24,1510,1,2,3,1,1,34032,M,,,34
200800024232,8,5,24,2010,1,1,1,1,7,34032,M,4123456.0,345699.0,34
200800024233,8,5,25,1630,1,2,2,2,1,34032,M,,,34
200800024234,8,5,26,655,1,2,1,1,7,34032,M,,,34
200800024235,8,5,26,820,2,2,3,2,7,34032,M,,,34
200800024236,8,5,26,1225,1,2,2,1,7,34032,M,,,34
200800024237,8,5,26,2150,2,1,1,1,7,34336,M,,,34
200800024238,8,5,28,1430,1,2,1,1,2,34032,M,,,34
200800024239,8,5,28,1730,1,1,1,1,3,34032,M,,,34
200800024240,8,5,30,1500,1,2,1,1,7,34032,M,,,34
200800024241,8,5,1,1944,1,1,1,1,1,34198,M,4354769.0,396993.0,34
200800024242,8,5,3,1243,1,1,1,1,6,34172,M,,,34
200800024243,8,5,3,1950,1,2,3,1,6,34172,M,,,34
200800024244,8,5,5,750,1,2,1,1,6,34172,M,,,34