Num_Acc,an,mois,jour,hrmn,lum,agg,int,atm,col,com,gps,lat,long,dep
200800024245,8,5,7,1405,1,2,1,1,3,34172,M,,,34
200800024246,8,5,7,1640,1,2,1,1,7,34172,M,4360479.0,388647.0,34
200800024247,8,5,8,29,5,2,1,1,7,34172,M,,,34
200800024248,8,5,8,45,5,2,2,1,3,34172,M,4360087.0,388471.0,34
200800024249,8,5,11,600,2,2,3,1,3,34172,M,4362194.0,386409.0,34
200800024250,8,5,11,1815,1,2,3,1,7,34172,M,4359934.0,387340.0,34
200800024251,8,5,13,750,1,2,2,8,3,34172,M,4359909.0,388036.0,34
200800024252,8,5,13,1401,1,2,1,1,1,34172,M,,,34
200800024253,8,5,14,1908,1,2,1,1,3,34172,M,4362593.0,382548.0,34
200800024254,8,5,15,1610,1,1,1,1,6,34172,M,,,34
200800024255,8,5,15,2116,5,2,2,8,1,34172,M,,,34
200800024256,8,5,16,800,1,2,3,8,3,34172,M,,,34
200800024257,8,5,7,412,5,2,2,1,6,34172,M,,,34
200800024258,8,5,18,1629,1,2,1,1,2,34198,M,4355134.0,396898.0,34
200800024259,8,5,19,415,5,2,1,1,1,34129,M,,,34
200800024260,8,5,21,840,1,2,1,1,2,34172,M,4358400.0,388115.0,34
200800024261,8,5,23,905,1,2,4,1,3,34129,M,4358575.0,391995.0,34
200800024262,8,5,24,55,5,2,1,1,3,34172,M,,,34
200800024263,8,5,23,1425,1,2,2,1,3,34172,M,4358221.0,387970.0,34
200800024264,8,5,23,1445,1,1,1,1,3,34198,M,,,34
200800024265,8,5,25,157,5,2,1,8,1,34172,M,4360889.0,384187.0,34
200800024266,8,5,25,543,5,2,2,3,3,34172,M,4362402.0,386216.0,34
200800024267,8,5,26,823,1,2,1,2,7,34172,M,4361753.0,387068.0,34
200800024268,8,5,26,1100,1,2,1,2,3,34172,M,4359921.0,388523.0,34
200800024269,8,5,26,1123,1,2,2,3,3,34172,M,,,34
200800024270,8,5,26,1641,1,2,1,8,7,34172,M,,,34
200800024271,8,5,28,925,1,2,1,8,3,34172,M,4360612.0,385737.0,34
200800024272,8,5,27,2005,1,2,2,2,6,34172,M,4361768.0,386928.0,34
200800024273,8,5,28,1600,1,2,6,1,3,34172,M,,,34
200800024274,8,5,28,2340,5,2,1,2,6,34172,M,4358175.0,386414.0,34
200800024275,8,5,29,906,1,2,1,2,3,34172,M,,,34
200800024276,8,5,30,1815,1,2,2,1,3,34172,M,4361110.0,382851.0,34
200800024277,8,5,30,1830,1,2,1,1,6,34172,M,,,34
200800024278,8,5,2,750,1,1,1,1,3,34108,M,,,34
200800024279,8,5,2,845,1,2,1,1,3,34301,M,,,34
200800024280,8,5,2,2100,3,1,3,1,3,34108,M,,,34
200800024281,8,5,14,2120,5,2,1,1,6,34301,M,,,34
200800024282,8,5,24,120,5,2,1,1,3,34108,M,,,34
200800024283,8,5,27,1000,1,2,6,2,3,34108,M,,,34
200800024284,8,5,1,1535,1,2,1,1,6,35115,M,,,35
200800024285,8,5,2,105,5,2,2,1,3,35238,M,,,35
200800024286,8,5,2,830,1,2,6,1,2,35238,M,,,35
200800024287,8,5,3,730,1,2,1,1,6,35238,M,,,35
200800024288,8,5,5,915,1,2,9,2,7,35238,M,,,35
200800024289,8,5,5,1240,1,2,1,1,2,35238,M,,,35
200800024290,8,5,5,1340,1,2,3,8,3,35238,M,,,35
200800024291,8,5,7,745,1,2,2,1,1,35278,M,,,35
200800024292,8,5,8,224,5,2,2,1,3,35238,M,,,35
200800024293,8,5,8,1435,1,1,6,1,3,35055,M,,,35
200800024294,8,5,9,1150,1,1,1,1,2,35238,M,,,35
200800024295,8,5,12,2000,1,2,3,1,3,35238,M,,,35
200800024296,8,5,13,750,1,1,3,1,7,35281,M,,,35
200800024297,8,5,13,1250,1,2,3,1,6,35238,M,,,35
200800024298,8,5,13,2145,5,1,2,1,3,35238,M,,,35
200800024299,8,5,14,1600,1,2,3,1,3,35238,M,,,35
200800024300,8,5,16,415,3,1,2,1,3,35281,M,,,35
200800024301,8,5,16,920,1,1,1,1,1,35055,M,,,35
200800024302,8,5,16,1315,1,2,9,8,4,35238,M,,,35
200800024303,8,5,16,2050,1,2,9,1,5,35238,M,,,35
200800024304,8,5,19,740,1,2,2,1,5,35238,M,,,35
200800024305,8,5,20,830,1,2,1,1,6,35238,M,,,35
200800024306,8,5,20,945,1,2,6,1,3,35238,M,,,35
200800024307,8,5,20,810,1,1,1,1,3,35238,M,,,35
200800024308,8,5,20,940,1,2,1,1,4,35055,M,,,35
200800024309,8,5,20,2000,1,1,2,1,1,35281,M,,,35
200800024310,8,5,21,1410,1,2,3,1,6,35238,M,,,35
200800024311,8,5,22,915,1,2,1,8,6,35238,M,,,35
200800024312,8,5,23,845,1,2,6,1,3,35238,M,,,35
200800024313,8,5,23,1405,1,2,1,8,2,35238,M,,,35
200800024314,8,5,23,1425,1,2,1,1,6,35238,M,,,35
200800024315,8,5,23,1530,1,2,1,8,6,35238,M,,,35
200800024316,8,5,23,1645,1,2,2,1,3,35238,M,,,35
200800024317,8,5,24,1030,1,2,1,3,3,35238,M,,,35
200800024318,8,5,24,1630,1,2,1,8,4,35238,M,,,35
200800024319,8,5,25,1725,1,2,1,1,2,35238,M,,,35
200800024320,8,5,26,2155,5,2,2,1,7,35238,M,,,35
200800024321,8,5,28,1000,1,2,7,1,7,35238,M,,,35
200800024322,8,5,28,1645,1,2,7,1,3,35238,M,,,35
200800024323,8,5,28,1610,1,2,6,1,3,35238,M,,,35
200800024324,8,5,30,740,1,2,2,1,3,35238,M,,,35
200800024325,8,5,29,1144,1,2,3,1,6,35238,M,,,35
200800024326,8,5,29,1230,1,2,2,1,3,35238,M,,,35
200800024327,8,5,29,1320,1,2,4,1,3,35238,M,,,35
200800024328,8,5,30,1020,1,2,2,1,6,35238,M,,,35
200800024329,8,5,30,1826,1,1,1,2,7,35055,M,,,35
200800024330,8,5,30,2210,5,2,2,1,6,35238,M,,,35
200800024331,8,5,5,1600,1,2,1,1,6,35288,M,,,35
200800024332,8,5,12,1818,1,2,2,1,3,35288,M,,,35
200800024333,8,5,25,1245,1,1,9,1,2,35288,M,,,35
200800024334,8,5,3,1500,1,1,1,1,7,36044,M,,,36
200800024335,8,5,6,805,1,2,3,1,3,36044,M,,,36
200800024336,8,5,17,225,5,1,1,8,6,36202,M,,,36
200800024337,8,5,17,1958,1,2,3,1,3,36044,M,,,36
200800024338,8,5,27,733,1,2,1,2,6,36044,M,,,36
200800024339,8,5,4,1807,1,2,1,1,6,36044,M,,,36
200800024340,8,5,12,1445,1,2,1,1,6,36159,M,,,36
200800024341,8,5,13,1800,1,2,1,1,2,36044,M,,,36
200800024342,8,5,19,1230,1,2,1,1,2,36044,M,,,36
200800024343,8,5,24,1550,1,2,1,1,3,36044,M,,,36
200800024344,8,5,24,1635,1,2,1,1,3,36044,M,,,36
200800024345,8,5,25,800,1,2,3,1,1,36044,M,,,36
200800024346,8,5,25,2030,5,2,1,8,1,36044,M,,,36
200800024347,8,5,26,905,1,2,3,8,3,36044,M,,,36
200800024348,8,5,26,1559,1,2,3,8,3,36044,M,,,36
200800024349,8,5,29,1830,1,2,1,1,6,36044,M,,,36
200800024350,8,5,10,55,5,2,1,1,6,37261,M,,,37
200800024351,8,5,10,2150,5,2,2,1,3,37261,M,,,37
200800024352,8,5,11,1047,1,2,1,1,6,37261,M,,,37
200800024353,8,5,25,2030,1,1,3,1,3,37195,M,,,37
200800024354,8,5,21,1925,1,2,2,1,3,37261,M,,,37
200800024355,8,5,13,1910,1,2,1,1,6,37261,M,,,37
200800024356,8,5,22,855,1,1,1,1,4,37122,M,,,37
200800024357,8,5,28,1545,1,2,1,1,4,38053,M,,,38
200800024358,8,5,7,1445,1,2,1,1,6,38185,M,,,38
200800024359,8,5,11,2230,5,2,2,2,6,38185,M,,,38
200800024360,8,5,13,1540,1,2,1,1,4,38179,M,,,38
200800024361,8,5,14,810,1,2,1,1,3,38185,M,,,38
200800024362,8,5,14,957,1,1,1,1,6,38382,M,,,38
200800024363,8,5,15,1815,1,2,1,1,6,38516,M,,,38
200800024364,8,5,15,1930,1,2,2,2,3,38185,M,,,38
200800024365,8,5,15,2205,5,2,1,1,1,38185,M,,,38
200800024366,8,5,17,1125,1,2,1,2,6,38185,M,,,38
200800024367,8,5,17,1215,1,2,2,2,3,38185,M,,,38
200800024368,8,5,19,1210,1,2,1,1,3,38185,M,,,38
200800024369,8,5,19,2227,5,2,1,1,6,38185,M,,,38
200800024370,8,5,20,1215,1,2,2,1,3,38185,M,,,38
200800024371,8,5,20,1830,1,2,1,1,1,38169,M,,,38
200800024372,8,5,22,1100,1,2,1,1,6,38185,M,,,38
200800024373,8,5,22,1140,1,2,1,1,3,38185,M,,,38
200800024374,8,5,22,1200,1,2,1,1,2,38421,M,,,38
200800024375,8,5,23,1905,1,2,1,1,3,38421,M,,,38
200800024376,8,5,25,320,5,2,2,2,3,38169,M,,,38
200800024377,8,5,26,1950,1,2,1,2,6,38185,M,,,38
200800024378,8,5,27,800,1,2,1,2,6,38185,M,,,38
200800024379,8,5,28,920,1,2,1,1,6,38185,M,,,38
200800024380,8,5,28,1843,1,2,1,1,6,38185,M,,,38
200800024381,8,5,28,1815,1,2,1,1,7,38185,M,,,38
200800024382,8,5,29,1325,1,2,1,1,6,38185,M,,,38
200800024383,8,5,29,1515,1,2,1,1,2,38421,M,,,38
200800024384,8,5,30,1700,1,2,1,1,3,38185,M,,,38
200800024385,8,5,30,2333,5,2,2,2,3,38185,M,,,38
200800024386,8,5,19,1415,1,2,2,1,3,38544,M,,,38
200800024387,8,5,26,1710,1,2,1,1,6,38563,M,,,38
200800024388,8,5,11,100,5,2,6,1,3,39198,M,,,39
200800024389,8,5,3,610,5,2,1,1,5,40088,M,,,40
200800024390,8,5,6,938,1,2,1,1,6,40088,M,,,40
200800024391,8,5,10,120,5,2,1,1,1,40088,M,,,40
200800024392,8,5,31,1100,1,2,2,2,6,40088,M,,,40
200800024393,8,5,6,1540,1,1,1,1,2,40281,M,,,40
200800024394,8,5,7,1125,1,2,1,1,6,40192,M,,,40
200800024395,8,5,24,1527,1,2,6,1,3,40192,M,,,40
200800024396,8,5,23,1218,1,2,1,1,3,40192,M,,,40
200800024397,8,5,22,1555,1,2,1,1,6,41018,M,,,41
200800024398,8,5,1,2305,4,2,3,1,3,41018,M,,,41
200800024399,8,5,6,1200,1,2,1,1,3,41018,M,,,41
200800024400,8,5,8,2020,1,2,3,1,3,41018,M,,,41
200800024401,8,5,15,1425,1,2,1,1,3,41018,M,,,41
200800024402,8,5,3,1740,1,2,3,1,3,41018,M,,,41
200800024403,8,5,19,1535,1,2,1,8,5,41018,M,,,41
200800024404,8,5,20,820,1,1,1,1,3,41018,M,,,41
200800024405,8,5,20,1150,1,2,1,1,6,41018,M,,,41
200800024406,8,5,31,2200,5,1,1,1,2,41018,M,,,41
200800024407,8,5,26,2355,5,2,3,1,3,41194,M,,,41
200800024408,8,5,2,1710,1,1,1,1,1,42031,M,4524344.0,413623.0,42
200800024409,8,5,4,1425,1,2,1,1,3,42095,M,,,42
200800024410,8,5,7,1455,1,1,1,1,2,42031,M,4524579.0,414201.0,42
200800024411,8,5,14,1155,1,1,1,1,4,42095,M,4521999.0,418366.0,42
200800024412,8,5,14,1710,1,2,1,1,3,42044,M,4523671.0,417900.0,42
200800024413,8,5,13,935,1,1,1,1,2,42183,M,,,42
200800024414,8,5,5,1550,1,2,1,1,2,42147,M,,,42
200800024415,8,5,18,1910,1,1,1,1,4,42147,M,,,42
200800024416,8,5,3,2030,2,2,2,1,3,42071,M,,,42
200800024417,8,5,20,2230,5,2,1,1,6,42184,M,,,42
200800024418,8,5,21,1405,1,2,3,1,3,42187,M,,,42
200800024419,8,5,23,2145,5,2,1,1,5,42187,M,,,42
200800024420,8,5,24,1010,1,2,1,1,2,42184,M,,,42
200800024421,8,5,30,1550,1,2,1,2,3,42187,M,,,42
200800024422,8,5,31,1930,1,2,1,2,2,42187,M,,,42
200800024423,8,5,2,935,1,2,9,1,6,42207,M,,,42
200800024424,8,5,27,1634,1,2,1,1,6,42330,M,,,42
200800024425,8,5,6,1548,1,2,2,1,3,42218,M,4526946.0,423456.0,42
200800024426,8,5,6,1742,1,2,1,1,3,42218,M,4526389.0,424137.0,42
200800024427,8,5,7,833,1,2,3,1,6,42218,M,4525479.0,423754.0,42
200800024428,8,5,7,1125,1,2,1,1,6,42218,M,4525136.0,425182.0,42
200800024429,8,5,7,1145,1,1,9,1,2,42218,M,4525199.0,424596.0,42
200800024430,8,5,3,1530,1,1,1,1,1,42189,M,,,42
200800024431,8,5,10,1856,1,2,1,1,3,42218,M,,,42
200800024432,8,5,11,1157,1,2,1,1,7,42223,M,,,42
200800024433,8,5,11,1906,1,2,1,1,6,42218,M,,,42
200800024434,8,5,15,1137,1,2,1,1,6,42218,M,4524649.0,422955.0,42
200800024435,8,5,20,1305,1,2,1,1,2,42218,M,,,42
200800024436,8,5,20,1656,1,2,2,1,6,42218,M,4526502.0,422743.0,42
200800024437,8,5,21,1645,1,2,1,8,1,42218,M,,,42
200800024438,8,5,22,1233,1,2,2,1,3,42218,M,,,42
200800024439,8,5,24,1200,1,2,3,1,2,42218,M,,,42
200800024440,8,5,25,1940,1,2,3,8,3,42218,M,,,42
200800024441,8,5,26,849,1,2,1,1,6,42218,M,,,42
200800024442,8,5,27,1438,1,2,2,2,3,42218,M,,,42
200800024443,8,5,7,1955,1,2,1,1,1,43251,M,,,43
200800024444,8,5,30,1157,1,2,1,1,6,43157,M,,,43
200800024445,8,5,8,1050,1,2,4,2,1,44135,M,,,44
200800024446,8,5,11,1120,1,2,1,1,3,44055,M,,,44
200800024447,8,5,11,1035,1,2,1,1,6,44055,M,,,44
200800024448,8,5,31,2055,1,2,6,1,3,44132,M,,,44
200800024449,8,5,1,945,1,2,1,2,2,44109,M,,,44
200800024450,8,5,1,1320,1,2,2,2,3,44109,M,,,44
200800024451,8,5,4,720,1,2,3,1,3,44109,M,,,44
200800024452,8,5,4,1940,1,2,1,1,6,44162,M,,,44
200800024453,8,5,6,1935,1,2,1,1,6,44109,M,,,44
200800024454,8,5,7,1250,1,2,1,1,3,44162,M,,,44
200800024455,8,5,2,1520,1,2,1,1,4,44162,M,,,44
200800024456,8,5,9,1300,1,1,1,1,6,44109,M,,,44
200800024457,8,5,10,2045,1,2,6,1,3,44109,M,,,44
200800024458,8,5,12,1845,1,1,1,1,6,44109,M,,,44
200800024459,8,5,13,705,1,2,2,1,3,44109,M,,,44
200800024460,8,5,14,825,1,2,2,1,3,44109,M,,,44
200800024461,8,5,14,1040,1,2,1,2,6,44109,M,,,44
200800024462,8,5,11,615,2,2,1,1,1,44109,M,,,44
200800024463,8,5,13,2245,5,2,1,1,6,44162,M,,,44
200800024464,8,5,8,645,1,2,1,2,6,44109,M,,,44
200800024465,8,5,10,2330,5,2,3,1,3,44109,M,,,44
200800024466,8,5,15,915,1,2,1,1,6,44109,M,,,44
200800024467,8,5,15,1340,1,2,2,1,3,44109,M,,,44
200800024468,8,5,17,1650,1,2,1,1,6,44109,M,,,44
200800024469,8,5,18,1430,1,2,1,1,6,44109,M,,,44
200800024470,8,5,14,630,2,2,1,1,7,44114,M,,,44
200800024471,8,5,19,1040,1,2,1,1,6,44109,M,,,44
200800024472,8,5,16,1800,1,1,4,1,5,44047,M,,,44
200800024473,8,5,20,755,1,2,1,1,1,44143,M,,,44
200800024474,8,5,19,1915,1,2,1,1,6,44109,M,,,44
200800024475,8,5,8,1035,1,1,1,2,4,44114,M,,,44
200800024476,8,5,15,1515,1,2,1,9,6,44162,M,,,44
200800024477,8,5,16,920,1,2,1,1,6,44109,M,,,44
200800024478,8,5,20,1455,1,2,3,1,3,44162,M,,,44
200800024479,8,5,23,15,3,2,1,1,6,44109,M,,,44
200800024480,8,5,22,340,5,2,1,1,7,44109,M,,,44
200800024481,8,5,22,1840,1,2,1,1,6,44109,M,,,44
200800024482,8,5,24,1550,1,2,1,2,4,44109,M,,,44
200800024483,8,5,24,1650,1,2,6,2,3,44109,M,,,44
200800024484,8,5,25,245,5,2,1,1,6,44109,M,,,44
200800024485,8,5,26,1830,1,2,1,2,6,44109,M,,,44
200800024486,8,5,26,750,1,2,1,1,3,44109,M,,,44
200800024487,8,5,24,920,1,2,1,3,2,44190,M,,,44
200800024488,8,5,27,1615,1,2,1,1,6,44109,M,,,44
200800024489,8,5,27,1325,1,2,1,1,6,44109,M,,,44
200800024490,8,5,27,1610,1,2,6,1,6,44109,M,,,44
200800024491,8,5,28,2220,2,2,1,1,6,44114,M,,,44
200800024492,8,5,30,7,5,2,1,1,3,44109,M,,,44
200800024493,8,5,23,2047,2,2,1,1,6,44162,M,,,44
200800024494,8,5,29,1700,1,2,1,1,7,44109,M,,,44
200800024495,8,5,31,2055,1,2,1,1,6,44109,M,,,44
200800024496,8,5,30,810,1,1,1,8,2,44109,M,,,44
200800024497,8,5,31,150,5,2,1,1,1,44109,M,,,44
200800024498,8,5,31,1920,1,1,1,1,6,44109,M,,,44
200800024499,8,5,31,1747,1,2,1,1,1,44109,M,,,44
200800024500,8,5,14,1405,1,2,1,1,6,44190,M,,,44
200800024501,8,5,8,1655,1,1,1,1,6,44109,M,,,44
200800024502,8,5,7,2105,2,2,1,1,6,44143,M,,,44
200800024503,8,5,21,1805,1,1,1,9,2,44109,M,,,44
200800024504,8,5,26,200,5,1,1,1,6,44109,M,,,44
200800024505,8,5,6,1120,1,2,2,1,3,44184,M,,,44
200800024506,8,5,9,1735,1,2,3,1,3,44184,M,,,44
200800024507,8,5,14,1215,1,2,1,2,2,44184,M,,,44
200800024508,8,5,14,1245,1,2,1,1,2,44184,M,,,44
200800024509,8,5,21,815,1,2,1,1,5,44184,M,,,44
200800024510,8,5,19,1830,1,2,3,1,3,44184,M,,,44
200800024511,8,5,22,2245,5,2,1,1,6,44184,M,,,44
200800024512,8,5,25,1715,1,2,1,1,7,44184,M,,,44
200800024513,8,5,28,1745,1,1,1,1,6,44184,M,,,44
200800024514,8,5,31,1345,1,2,1,1,6,44184,M,,,44
200800024515,8,5,18,2225,3,1,1,1,7,45004,M,,,45
200800024516,8,5,2,1840,1,2,3,1,3,45234,M,,,45
200800024517,8,5,3,940,1,2,1,1,6,45234,M,,,45
200800024518,8,5,7,1940,1,2,1,1,3,45234,M,,,45
200800024519,8,5,7,1830,1,2,2,1,2,45286,M,,,45
200800024520,8,5,8,1300,1,2,1,1,6,45234,M,,,45
200800024521,8,5,5,2150,2,2,1,1,3,45285,M,,,45
200800024522,8,5,11,125,5,2,1,1,1,45234,M,,,45
200800024523,8,5,10,1,5,1,1,1,6,45285,M,,,45
200800024524,8,5,11,200,5,1,1,1,6,45285,M,,,45
200800024525,8,5,12,1735,1,2,1,1,6,45234,M,,,45
200800024526,8,5,13,1623,1,2,2,1,5,45284,M,,,45
200800024527,8,5,14,2320,5,2,1,3,6,45302,M,,,45
200800024528,8,5,15,1255,1,2,1,1,3,45232,M,,,45
200800024529,8,5,21,1950,1,2,2,1,3,45234,M,,,45
200800024530,8,5,23,1440,1,2,1,1,3,45285,M,,,45
200800024531,8,5,23,2315,5,2,2,1,3,45234,M,,,45
200800024532,8,5,24,1040,1,1,1,1,6,45169,M,,,45
200800024533,8,5,25,50,5,2,1,1,2,45234,M,,,45
200800024534,8,5,23,1204,1,2,1,1,3,45232,M,,,45
200800024535,8,5,26,1435,1,2,2,2,3,45234,M,,,45
200800024536,8,5,27,1625,1,2,1,2,6,45147,M,,,45
200800024537,8,5,27,1120,1,2,1,2,6,45234,M,,,45
200800024538,8,5,30,1115,1,2,1,1,6,45234,M,,,45
200800024539,8,5,29,710,1,2,2,1,3,45234,M,,,45
200800024540,8,5,30,1330,1,2,3,1,3,45285,M,,,45
200800024541,8,5,31,2355,5,2,6,1,6,45234,M,,,45
200800024542,8,5,30,1305,1,2,3,1,3,45285,M,,,45
200800024543,8,5,5,1620,1,2,1,2,1,46042,M,,,46
200800024544,8,5,7,1600,1,2,1,1,2,46042,M,,,46
200800024545,8,5,16,1520,1,2,1,3,2,46042,M,,,46
200800024546,8,5,16,1805,1,2,1,1,6,46042,M,,,46
200800024547,8,5,14,1300,1,2,1,1,3,46042,M,,,46
200800024548,8,5,2,1410,1,2,3,1,3,47001,M,,,47
200800024549,8,5,10,2245,5,2,1,1,1,47001,M,,,47
200800024550,8,5,12,352,5,2,1,2,6,47001,M,,,47
200800024551,8,5,23,1600,1,1,1,1,3,47323,M,,,47
200800024552,8,5,1,1404,1,1,1,1,3,49007,M,,,49
200800024553,8,5,2,1753,1,2,1,1,7,49007,M,,,49
200800024554,8,5,3,1140,1,2,1,1,7,49007,M,,,49
200800024555,8,5,3,1605,1,2,1,1,1,49007,M,,,49
200800024556,8,5,3,1222,1,2,1,1,7,49007,M,,,49
200800024557,8,5,7,1521,1,2,6,1,3,49007,M,,,49
200800024558,8,5,7,1946,1,2,1,1,7,49007,M,,,49
200800024559,8,5,8,1617,1,2,1,2,7,49007,M,,,49
200800024560,8,5,8,1810,1,2,2,1,3,49007,M,,,49
200800024561,8,5,8,2313,5,2,1,2,7,49007,M,,,49
200800024562,8,5,9,1044,1,2,1,1,7,49246,M,,,49
200800024563,8,5,9,1627,1,2,1,1,3,49007,M,,,49
200800024564,8,5,10,817,1,2,1,1,7,49015,M,,,49
200800024565,8,5,10,1922,1,2,1,1,7,49007,M,,,49
200800024566,8,5,11,1802,1,2,1,1,7,49007,M,,,49
200800024567,8,5,12,1115,1,2,1,1,2,49015,M,,,49
200800024568,8,5,12,1555,1,2,1,1,3,49007,M,,,49
200800024569,8,5,13,1902,1,2,1,2,2,49007,M,,,49
200800024570,8,5,13,1710,1,2,1,1,7,49007,M,,,49
200800024571,8,5,15,1312,1,2,3,1,3,49007,M,,,49
200800024572,8,5,15,1728,1,2,5,1,3,49007,M,,,49
200800024573,8,5,16,1731,1,2,1,8,6,49007,M,,,49
200800024574,8,5,16,1309,1,2,1,2,7,49007,M,,,49
200800024575,8,5,17,1310,1,2,2,1,3,49007,M,,,49
200800024576,8,5,17,1856,1,2,1,1,3,49007,M,,,49
200800024577,8,5,18,955,1,2,2,1,3,49007,M,,,49
200800024578,8,5,19,820,1,2,1,1,6,49007,M,,,49
200800024579,8,5,20,1052,1,2,2,1,3,49007,M,,,49
200800024580,8,5,8,142,3,1,1,1,7,49267,M,,,49
200800024581,8,5,22,854,1,2,1,1,2,49007,M,,,49
200800024582,8,5,21,945,1,2,6,1,5,49007,M,,,49
200800024583,8,5,21,1224,1,2,2,1,3,49007,M,,,49
200800024584,8,5,21,1640,1,2,2,1,3,49007,M,,,49
200800024585,8,5,22,807,1,2,6,1,2,49015,M,,,49
200800024586,8,5,22,1405,1,2,1,1,3,49007,M,,,49
200800024587,8,5,22,1809,1,2,1,1,7,49007,M,,,49
200800024588,8,5,23,1210,1,2,1,1,7,49007,M,,,49
200800024589,8,5,23,1249,1,2,1,1,7,49267,M,,,49
200800024590,8,5,24,1006,1,2,5,2,3,49007,M,,,49
200800024591,8,5,25,2023,1,2,1,2,3,49007,M,,,49
200800024592,8,5,26,818,1,2,1,2,7,49007,M,,,49
200800024593,8,5,26,1625,1,2,1,3,1,49007,M,,,49
200800024594,8,5,27,1657,1,2,1,3,3,49007,M,,,49
200800024595,8,5,27,1745,1,2,1,3,2,49007,M,,,49
200800024596,8,5,27,1847,1,2,1,2,6,49007,M,,,49
200800024597,8,5,28,1105,1,2,1,1,6,49007,M,,,49
200800024598,8,5,28,745,1,2,1,2,3,49007,M,,,49
200800024599,8,5,28,1900,1,2,1,1,7,49007,M,,,49
200800024600,8,5,28,1834,1,2,1,1,6,49007,M,,,49
200800024601,8,5,29,846,1,2,1,1,7,49007,M,,,49
200800024602,8,5,29,1056,1,2,1,1,7,49007,M,,,49
200800024603,8,5,8,2250,5,2,1,1,6,49099,M,,,49
200800024604,8,5,13,1710,1,2,1,1,3,49099,M,,,49
200800024605,8,5,19,1920,1,1,3,1,3,49099,M,,,49
200800024606,8,5,20,855,1,2,1,1,7,49099,M,,,49
200800024607,8,5,26,1130,1,2,3,1,2,49099,M,,,49
200800024608,8,5,26,1710,1,2,1,1,3,49099,M,,,49
200800024609,8,5,30,1025,1,2,1,1,6,49099,M,,,49
200800024610,8,5,31,2345,5,2,2,1,3,49099,M,,,49
200800024611,8,5,1,1100,1,2,6,1,2,49328,M,,,49
200800024612,8,5,12,1555,1,1,1,1,4,49328,M,,,49
200800024613,8,5,19,1725,1,2,1,1,6,49328,M,,,49
200800024614,8,5,21,913,1,1,1,1,3,49328,M,,,49
200800024615,8,5,28,1235,1,2,3,1,3,49328,M,,,49
200800024616,8,5,3,2255,5,2,1,1,2,50129,M,,,50
200800024617,8,5,5,1625,1,2,1,1,4,50173,M,,,50
200800024618,8,5,6,1815,1,2,1,1,6,50203,M,,,50
200800024619,8,5,9,2220,2,2,3,1,2,50129,M,,,50
200800024620,8,5,10,1535,1,2,1,1,1,50602,M,,,50
200800024621,8,5,11,2050,1,2,1,1,2,50129,M,,,50
200800024622,8,5,13,1125,1,1,1,1,2,50602,M,,,50
200800024623,8,5,14,1350,1,2,1,2,7,50129,M,,,50
200800024624,8,5,16,1155,1,2,1,1,2,50129,M,,,50
200800024625,8,5,18,1910,1,2,1,1,7,50129,M,,,50
200800024626,8,5,18,1930,1,2,1,1,6,50173,M,,,50
200800024627,8,5,24,1705,1,2,1,2,7,50129,M,,,50
200800024628,8,5,13,1115,1,2,4,1,3,50147,M,,,50
200800024629,8,5,16,1810,1,2,1,8,3,50218,M,,,50
200800024630,8,5,1,1930,1,2,9,2,5,51108,M,,,51
200800024631,8,5,16,1215,1,2,1,1,6,51108,M,,,51
200800024632,8,5,27,2100,5,2,1,8,3,51108,M,,,51
200800024633,8,5,30,1025,1,2,1,1,6,51108,M,,,51
200800024634,8,5,25,1300,1,1,1,1,5,51230,M,,,51
200800024635,8,5,5,1415,1,2,2,1,6,51454,M,,,51
200800024636,8,5,9,1955,1,2,2,1,3,51454,M,,,51
200800024637,8,5,10,1350,1,2,1,1,6,51454,M,,,51
200800024638,8,5,12,1645,1,2,1,1,6,51454,M,,,51
200800024639,8,5,13,835,1,2,2,1,3,51454,M,,,51
200800024640,8,5,13,910,1,2,1,1,3,51454,M,,,51
200800024641,8,5,20,1755,1,2,1,1,1,51172,M,,,51
200800024642,8,5,26,1800,1,2,1,1,3,51454,M,,,51
200800024643,8,5,30,738,1,2,1,1,6,51454,M,,,51
200800024644,8,5,25,540,1,1,3,2,7,52121,M,,,52
200800024645,8,5,7,1340,1,1,1,1,7,52121,M,,,52
200800024646,8,5,30,1720,1,2,1,1,6,52121,M,,,52
200800024647,8,5,6,1245,1,2,1,1,7,52448,M,,,52
200800024648,8,5,11,445,3,1,1,1,6,53034,M,,,53
200800024649,8,5,20,1730,1,1,1,1,6,53201,M,,,53
200800024650,8,5,31,1830,1,1,1,1,2,53201,M,,,53
200800024651,8,5,13,900,1,2,1,1,6,54273,M,,,54
200800024652,8,5,15,1100,1,2,1,1,6,54273,M,,,54
200800024653,8,5,20,1746,1,2,2,1,3,54159,M,,,54
200800024654,8,5,10,710,2,1,1,1,2,54323,M,,,54
200800024655,8,5,1,1825,1,2,2,1,1,54526,M,,,54
200800024656,8,5,2,1815,1,2,2,1,1,54395,M,,,54
200800024657,8,5,3,1330,1,2,1,1,6,54257,M,,,54
200800024658,8,5,3,1750,1,2,3,1,3,54395,M,,,54
200800024659,8,5,4,1604,1,1,4,1,3,54025,M,,,54
200800024660,8,5,6,210,5,2,1,1,6,54395,M,,,54
200800024661,8,5,9,1005,1,2,3,1,3,54357,M,,,54
200800024662,8,5,11,935,1,2,3,1,2,54304,M,,,54
200800024663,8,5,11,1625,1,2,1,1,6,54395,M,,,54