Num_Acc,an,mois,jour,hrmn,lum,agg,int,atm,col,com,gps,lat,long,dep
200800024664,8,5,11,2220,5,2,1,1,6,54300,M,,,54
200800024665,8,5,12,1614,1,2,2,1,2,54339,M,,,54
200800024666,8,5,13,1950,1,2,1,1,4,54395,M,,,54
200800024667,8,5,5,1100,1,2,1,1,6,54395,M,,,54
200800024668,8,5,14,1710,1,2,2,2,3,54526,M,,,54
200800024669,8,5,14,1813,1,2,1,8,5,54395,M,,,54
200800024670,8,5,15,755,1,2,2,1,6,54300,M,,,54
200800024671,8,5,15,1535,1,2,3,1,6,54395,M,,,54
200800024672,8,5,21,1710,1,2,2,1,2,54395,M,,,54
200800024673,8,5,22,1944,1,2,2,1,3,54395,M,,,54
200800024674,8,5,26,1315,1,2,2,1,1,54304,M,,,54
200800024675,8,5,27,2150,5,2,1,1,3,54304,M,,,54
200800024676,8,5,26,1700,1,1,2,1,3,54526,M,,,54
200800024677,8,5,27,1350,1,2,1,1,1,54395,M,,,54
200800024678,8,5,29,1100,1,2,1,1,7,54395,M,,,54
200800024679,8,5,30,100,5,2,1,3,6,54395,M,,,54
200800024680,8,5,31,1828,1,2,2,1,6,54395,M,,,54
200800024681,8,5,2,1215,1,2,3,1,3,54431,M,,,54
200800024682,8,5,17,1200,1,2,1,1,6,54431,M,,,54
200800024683,8,5,9,1935,1,2,4,1,3,54528,M,,,54
200800024684,8,5,10,1100,1,2,3,1,5,54528,M,,,54
200800024685,8,5,11,1910,1,2,1,1,3,54528,M,,,54
200800024686,8,5,18,1610,1,1,2,1,3,54167,M,,,54
200800024687,8,5,25,2045,1,2,1,1,6,54528,M,,,54
200800024688,8,5,2,2055,2,2,1,1,6,55029,M,,,55
200800024689,8,5,22,755,1,2,1,1,7,55029,M,,,55
200800024690,8,5,10,1915,1,2,1,1,1,55545,M,,,55
200800024691,8,5,1,1920,1,2,3,1,3,56083,M,,,56
200800024692,8,5,1,1300,1,2,1,1,7,56121,M,,,56
200800024693,8,5,3,1505,1,2,1,1,5,56121,M,,,56
200800024694,8,5,3,1700,1,2,1,1,6,56121,M,,,56
200800024695,8,5,3,1800,1,2,2,1,3,56121,M,,,56
200800024696,8,5,6,900,1,2,6,1,3,56121,M,,,56
200800024697,8,5,11,5,5,2,2,1,2,56121,M,,,56
200800024698,8,5,11,200,5,2,2,1,3,56121,M,,,56
200800024699,8,5,12,1045,1,2,1,1,6,56098,M,,,56
200800024700,8,5,13,2234,5,2,1,3,7,56083,M,,,56
200800024701,8,5,14,1521,1,1,1,1,3,56162,M,,,56
200800024702,8,5,14,1846,1,1,1,1,5,56162,M,,,56
200800024703,8,5,15,1035,1,2,2,1,3,56121,M,,,56
200800024704,8,5,16,1810,1,2,1,1,6,56121,M,,,56
200800024705,8,5,17,600,2,1,1,1,6,56098,M,,,56
200800024706,8,5,17,1354,1,2,1,1,5,56098,M,,,56
200800024707,8,5,18,1836,1,2,3,1,3,56098,M,,,56
200800024708,8,5,19,904,1,2,4,1,3,56083,M,,,56
200800024709,8,5,20,906,1,2,2,1,3,56121,M,,,56
200800024710,8,5,21,1905,1,1,1,1,7,56098,M,,,56
200800024711,8,5,21,1730,1,2,1,1,6,56121,M,,,56
200800024712,8,5,23,650,2,2,4,1,3,56121,M,,,56
200800024713,8,5,23,1006,1,2,6,1,3,56162,M,,,56
200800024714,8,5,24,1119,1,2,1,3,7,56121,M,,,56
200800024715,8,5,24,1430,1,2,3,1,3,56098,M,,,56
200800024716,8,5,25,1345,1,2,1,1,7,56162,M,,,56
200800024717,8,5,26,1200,1,2,1,1,7,56098,M,,,56
200800024718,8,5,26,1810,1,2,1,1,3,56121,M,,,56
200800024719,8,5,29,209,5,2,3,1,7,56121,M,,,56
200800024720,8,5,29,950,1,2,6,1,7,56121,M,,,56
200800024721,8,5,30,200,1,2,3,1,2,56098,M,,,56
200800024722,8,5,30,230,5,2,6,1,7,56121,M,,,56
200800024723,8,5,30,1515,1,1,1,1,3,56107,M,,,56
200800024724,8,5,31,1703,1,1,1,1,7,56098,M,,,56
200800024725,8,5,1,1920,1,2,1,1,3,56260,M,,,56
200800024726,8,5,7,2030,1,2,6,1,3,56260,M,,,56
200800024727,8,5,11,1800,1,2,1,1,2,56260,M,,,56
200800024728,8,5,14,750,1,2,2,1,7,56260,M,,,56
200800024729,8,5,13,1710,1,2,3,1,3,56260,M,,,56
200800024730,8,5,24,1510,1,2,1,1,6,56260,M,,,56
200800024731,8,5,22,2040,1,2,1,1,2,56260,M,,,56
200800024732,8,5,27,1420,1,2,3,1,6,56260,M,,,56
200800024733,8,5,23,1830,1,2,1,2,6,56260,M,,,56
200800024734,8,5,31,1219,1,2,1,1,6,56260,M,,,56
200800024735,8,5,19,900,1,2,3,1,6,56260,M,,,56
200800024736,8,5,28,1025,1,2,1,1,7,56260,M,,,56
200800024737,8,5,7,648,1,1,2,1,3,57227,M,,,57
200800024738,8,5,9,1425,1,2,1,1,6,57240,M,,,57
200800024739,8,5,19,1055,1,2,1,1,2,57019,M,,,57
200800024740,8,5,22,820,1,2,3,1,3,57019,M,,,57
200800024741,8,5,28,1710,1,2,6,1,3,57591,M,,,57
200800024742,8,5,30,1720,1,2,1,1,6,57253,M,,,57
200800024743,8,5,4,2145,5,2,3,1,1,57480,M,,,57
200800024744,8,5,6,2000,1,2,1,7,6,57480,M,,,57
200800024745,8,5,10,2310,5,2,6,1,3,57751,M,,,57
200800024746,8,5,11,1435,1,2,1,1,1,57463,M,,,57
200800024747,8,5,16,1125,1,2,3,1,6,57447,M,,,57
200800024748,8,5,18,810,1,1,1,8,6,57463,M,,,57
200800024749,8,5,19,825,1,2,1,1,4,57616,M,,,57
200800024750,8,5,20,1915,1,2,1,1,6,57463,M,,,57
200800024751,8,5,22,2245,5,2,1,1,7,57463,M,,,57
200800024752,8,5,25,1730,1,2,1,1,6,57480,M,,,57
200800024753,8,5,27,1500,1,2,4,1,6,57463,M,,,57
200800024754,8,5,29,2155,5,2,1,1,6,57642,M,,,57
200800024755,8,5,30,1325,1,2,1,1,6,57463,M,,,57
200800024756,8,5,7,1215,1,2,1,1,1,57630,M,,,57
200800024757,8,5,16,1030,1,2,3,1,6,57631,M,,,57
200800024758,8,5,2,1620,1,2,1,1,4,57672,M,,,57
200800024759,8,5,6,1115,1,2,3,1,3,57306,M,,,57
200800024760,8,5,7,2230,4,2,1,1,3,57306,M,,,57
200800024761,8,5,11,1635,1,2,1,1,6,57757,M,,,57
200800024762,8,5,5,1130,1,2,1,1,3,57666,M,,,57
200800024763,8,5,9,935,1,2,2,1,3,57672,M,,,57
200800024764,8,5,15,1525,1,1,1,1,3,57672,M,,,57
200800024765,8,5,16,1655,1,2,6,1,4,57672,M,,,57
200800024766,8,5,21,1235,1,2,1,1,6,57672,M,,,57
200800024767,8,5,25,815,1,2,3,1,3,57672,M,,,57
200800024768,8,5,30,1918,1,1,1,1,6,57672,M,,,57
200800024769,8,5,8,1550,1,2,1,1,7,58194,M,,,58
200800024770,8,5,3,1855,1,2,2,1,3,58194,M,,,58
200800024771,8,5,1,1815,1,2,1,2,6,58194,M,,,58
200800024772,8,5,14,555,1,2,1,1,3,58194,M,,,58
200800024773,8,5,8,1955,1,2,1,1,2,58194,M,,,58
200800024774,8,5,9,1055,1,2,1,1,6,58194,M,,,58
200800024775,8,5,10,1440,1,2,1,1,2,58194,M,,,58
200800024776,8,5,6,1725,1,2,2,1,3,58194,M,,,58
200800024777,8,5,20,35,3,2,1,1,6,58194,M,,,58
200800024778,8,5,20,1005,1,1,1,1,2,58194,M,,,58
200800024779,8,5,20,2245,5,2,1,1,3,58194,M,,,58
200800024780,8,5,30,1420,1,2,1,1,6,58194,M,,,58
200800024781,8,5,31,1725,1,2,1,1,6,58194,M,,,58
200800024782,8,5,12,1530,1,2,1,1,6,59017,M,,,59
200800024783,8,5,21,1355,1,2,1,7,3,59043,M,,,59
200800024784,8,5,1,2245,3,2,1,2,2,59122,M,,,59
200800024785,8,5,15,1705,1,1,1,3,5,59206,M,,,59
200800024786,8,5,13,1128,1,1,1,7,6,59002,M,,,59
200800024787,8,5,14,1420,1,2,9,1,1,59205,M,,,59
200800024788,8,5,21,1310,1,2,1,1,6,59172,M,,,59
200800024789,8,5,26,1830,1,2,2,3,6,59504,M,,,59
200800024790,8,5,24,1050,1,2,1,1,6,59205,M,,,59
200800024791,8,5,30,2110,1,2,1,1,6,59172,M,,,59
200800024792,8,5,25,1825,1,1,2,1,3,59007,M,,,59
200800024793,8,5,30,1035,1,2,1,1,6,59276,M,,,59
200800024794,8,5,26,950,1,2,1,1,6,59239,M,,,59
200800024795,8,5,21,950,1,2,6,1,6,59165,M,,,59
200800024796,8,5,2,1540,1,2,2,1,3,59183,M,,,59
200800024797,8,5,2,1705,1,2,1,1,5,59155,M,,,59
200800024798,8,5,3,1230,1,2,9,1,3,59183,M,,,59
200800024799,8,5,15,1215,1,2,4,1,3,59183,M,,,59
200800024800,8,5,19,800,1,2,1,1,3,59588,M,,,59
200800024801,8,5,19,1705,1,2,3,1,5,59183,M,,,59
200800024802,8,5,24,525,2,2,2,1,3,59540,M,,,59
200800024803,8,5,26,1045,1,2,2,1,3,59183,M,,,59
200800024804,8,5,31,745,1,2,9,1,1,59183,M,,,59
200800024805,8,5,13,1330,1,2,1,1,7,59249,M,,,59
200800024806,8,5,11,650,2,2,1,1,3,59249,M,,,59
200800024807,8,5,15,1445,1,2,1,1,1,59324,M,,,59
200800024808,8,5,26,1145,1,2,1,1,6,59385,M,,,59
200800024809,8,5,10,1815,1,2,1,7,1,59324,M,,,59
200800024810,8,5,1,420,4,2,1,1,6,59350,M,,,59
200800024811,8,5,1,1630,1,2,1,8,6,59360,M,,,59
200800024812,8,5,2,1435,1,2,1,1,6,59350,M,,,59
200800024813,8,5,2,1835,1,2,3,1,3,59378,M,,,59
200800024814,8,5,3,2135,5,2,2,1,3,59648,M,,,59
200800024815,8,5,4,255,5,2,2,1,6,59350,M,,,59
200800024816,8,5,4,2125,5,2,3,1,6,59350,M,,,59
200800024817,8,5,5,845,1,2,1,1,6,59350,M,,,59
200800024818,8,5,5,1120,1,2,1,1,2,59350,M,,,59
200800024819,8,5,5,1615,1,2,3,1,6,59350,M,,,59
200800024820,8,5,5,1700,1,2,2,1,6,59350,M,,,59
200800024821,8,5,6,735,1,2,6,1,6,59378,M,,,59
200800024822,8,5,7,1855,1,2,6,1,6,59386,M,,,59
200800024823,8,5,7,2000,1,2,1,1,6,59350,M,,,59
200800024824,8,5,8,1540,1,2,1,1,3,59350,M,,,59
200800024825,8,5,8,1620,1,1,1,1,7,59343,M,,,59
200800024826,8,5,8,1945,1,2,1,7,6,59560,M,,,59
200800024827,8,5,9,1330,1,2,2,1,3,59009,M,,,59
200800024828,8,5,9,1725,1,2,1,1,6,59410,M,,,59
200800024829,8,5,10,850,1,2,2,1,6,59350,M,,,59
200800024830,8,5,10,1500,1,2,1,1,6,59328,M,,,59
200800024831,8,5,10,2205,3,1,1,1,6,59470,M,,,59
200800024832,8,5,11,1210,1,1,1,1,3,59368,M,,,59
200800024833,8,5,11,1240,1,2,3,1,3,59350,M,,,59
200800024834,8,5,11,1930,1,2,1,1,6,59368,M,,,59
200800024835,8,5,12,1730,1,2,1,1,6,59507,M,,,59
200800024836,8,5,13,830,1,2,1,1,6,59328,M,,,59
200800024837,8,5,14,1210,1,1,1,1,7,59410,M,,,59
200800024838,8,5,14,1430,1,2,1,1,3,59368,M,,,59
200800024839,8,5,15,820,1,2,1,1,6,59328,M,,,59
200800024840,8,5,15,1500,1,2,2,1,3,59350,M,,,59
200800024841,8,5,16,750,1,2,1,2,3,59378,M,,,59
200800024842,8,5,16,2040,3,2,2,1,2,59350,M,,,59
200800024843,8,5,17,755,1,2,1,2,6,59350,M,,,59
200800024844,8,5,17,1355,1,1,2,1,3,59368,M,,,59
200800024845,8,5,17,1700,1,2,1,1,3,59648,M,,,59
200800024846,8,5,18,1820,1,2,2,1,3,59193,M,,,59
200800024847,8,5,19,1630,1,2,1,1,6,59368,M,,,59
200800024848,8,5,19,1620,1,2,2,1,3,59386,M,,,59
200800024849,8,5,20,930,1,2,1,1,3,59350,M,,,59
200800024850,8,5,20,1315,1,2,1,1,3,59410,M,,,59
200800024851,8,5,20,1600,1,2,1,2,7,59009,M,,,59
200800024852,8,5,21,1714,1,2,3,7,3,59360,M,,,59
200800024853,8,5,20,2020,1,2,2,1,3,59350,M,,,59
200800024854,8,5,22,830,1,2,1,1,6,59328,M,,,59
200800024855,8,5,22,1230,1,2,1,1,3,59009,M,,,59
200800024856,8,5,22,1730,1,2,2,1,3,59378,M,,,59
200800024857,8,5,22,1750,1,2,2,1,6,59560,M,,,59
200800024858,8,5,22,1820,1,2,1,1,3,59410,M,,,59
200800024859,8,5,23,910,1,2,1,1,4,59566,M,,,59
200800024860,8,5,23,1352,1,2,2,1,6,59368,M,,,59
200800024861,8,5,23,2015,1,2,1,1,6,59386,M,,,59
200800024862,8,5,23,2015,2,2,2,1,3,59350,M,,,59
200800024863,8,5,24,1115,1,2,1,1,3,59350,M,,,59
200800024864,8,5,24,1300,1,2,3,1,3,59507,M,,,59
200800024865,8,5,24,1850,1,2,1,1,6,59350,M,,,59
200800024866,8,5,25,1215,1,2,2,1,6,59350,M,,,59
200800024867,8,5,25,1355,1,2,1,1,7,59009,M,,,59
200800024868,8,5,26,1700,1,2,1,1,6,59350,M,,,59
200800024869,8,5,26,1950,1,2,9,3,7,59346,M,,,59
200800024870,8,5,26,1740,1,2,1,1,6,59350,M,,,59
200800024871,8,5,3,1800,1,2,2,1,6,59648,M,,,59
200800024872,8,5,29,1525,1,2,2,1,3,59350,M,,,59
200800024873,8,5,29,2000,1,2,1,1,3,59350,M,,,59
200800024874,8,5,29,1845,1,2,1,2,6,59350,M,,,59
200800024875,8,5,30,1450,1,2,1,1,6,59286,M,,,59
200800024876,8,5,31,2120,5,2,2,1,6,59507,M,,,59
200800024877,8,5,15,850,1,2,1,1,6,59350,M,,,59
200800024878,8,5,30,1730,1,2,1,1,6,59350,M,,,59
200800024879,8,5,2,1020,1,2,2,1,6,59392,M,,,59
200800024880,8,5,5,1430,1,2,1,1,6,59392,M,,,59
200800024881,8,5,11,45,5,2,1,1,7,59392,M,,,59
200800024882,8,5,1,1200,1,1,2,2,6,59512,M,,,59
200800024883,8,5,8,2029,4,1,1,1,7,59339,M,,,59
200800024884,8,5,12,830,1,1,1,1,3,59512,M,,,59
200800024885,8,5,12,1915,1,1,3,1,1,59512,M,,,59
200800024886,8,5,7,1010,1,2,7,1,6,59646,M,,,59
200800024887,8,5,6,845,1,1,7,1,3,59512,M,,,59
200800024888,8,5,2,845,1,1,2,1,3,59512,M,,,59
200800024889,8,5,4,1705,1,1,9,1,3,59163,M,,,59
200800024890,8,5,11,1655,1,1,3,1,3,59512,M,,,59
200800024891,8,5,4,2340,5,1,2,1,3,59512,M,,,59
200800024892,8,5,6,810,1,2,1,1,6,59512,M,,,59
200800024893,8,5,7,1500,1,1,1,1,3,59512,M,,,59
200800024894,8,5,10,600,2,1,9,1,3,59646,M,,,59
200800024895,8,5,10,1920,1,1,9,1,3,59646,M,,,59
200800024896,8,5,10,1630,1,1,3,1,3,59163,M,,,59
200800024897,8,5,12,1855,1,2,1,1,6,59512,M,,,59
200800024898,8,5,13,1130,1,1,1,1,6,59650,M,,,59
200800024899,8,5,14,2130,5,1,3,1,3,59512,M,,,59
200800024900,8,5,1,1535,1,1,2,2,3,59512,M,,,59
200800024901,8,5,15,1725,1,1,1,3,3,59299,M,,,59
200800024902,8,5,16,2255,5,1,1,2,7,59646,M,,,59
200800024903,8,5,9,1055,1,1,2,1,1,59512,M,,,59
200800024904,8,5,18,1200,1,1,3,1,3,59299,M,,,59
200800024905,8,5,13,1910,1,1,1,1,3,59512,M,,,59
200800024906,8,5,19,830,1,1,3,1,6,59512,M,,,59
200800024907,8,5,23,1940,1,1,3,1,3,59512,M,,,59
200800024908,8,5,9,1110,1,1,2,1,3,59512,M,,,59
200800024909,8,5,10,1725,1,1,3,1,6,59512,M,,,59
200800024910,8,5,10,1940,1,1,2,1,3,59646,M,,,59
200800024911,8,5,22,1340,1,2,2,1,3,59163,M,,,59
200800024912,8,5,22,1455,1,1,1,1,6,59512,M,,,59
200800024913,8,5,23,1905,1,1,2,1,6,59512,M,,,59
200800024914,8,5,26,755,1,2,1,8,3,59512,M,,,59
200800024915,8,5,26,2125,5,1,2,1,6,59163,M,,,59
200800024916,8,5,28,1420,1,1,9,1,6,59646,M,,,59
200800024917,8,5,28,1720,1,1,1,1,6,59512,M,,,59
200800024918,8,5,30,645,5,1,2,2,7,59512,M,,,59
200800024919,8,5,31,1815,1,1,2,1,3,59646,M,,,59
200800024920,8,5,9,820,1,2,1,1,2,59512,M,,,59
200800024921,8,5,16,1140,1,1,1,1,6,59512,M,,,59
200800024922,8,5,20,2300,5,2,3,1,6,59574,M,,,59
200800024923,8,5,2,800,1,2,3,1,3,59599,M,,,59
200800024924,8,5,9,1455,1,2,1,1,5,59599,M,,,59
200800024925,8,5,9,1405,1,2,3,1,3,59599,M,,,59
200800024926,8,5,9,1710,1,2,3,1,3,59421,M,,,59
200800024927,8,5,9,2050,2,2,1,1,7,59279,M,,,59
200800024928,8,5,13,1600,1,2,3,1,6,59599,M,,,59
200800024929,8,5,16,1250,1,2,1,1,6,59599,M,,,59
200800024930,8,5,17,2140,5,2,1,2,6,59599,M,,,59
200800024931,8,5,23,1625,1,2,3,1,1,59599,M,,,59
200800024932,8,5,22,1250,1,2,1,1,1,59508,M,,,59
200800024933,8,5,27,150,3,2,1,8,7,59352,M,,,59
200800024934,8,5,27,800,1,2,1,1,1,59599,M,,,59
200800024935,8,5,3,340,5,2,1,1,6,59383,M,,,59
200800024936,8,5,3,1625,1,2,1,1,5,59014,M,,,59
200800024937,8,5,7,1830,1,1,2,1,3,59369,M,,,59
200800024938,8,5,15,2155,5,2,1,1,6,59606,M,,,59
200800024939,8,5,14,1720,1,2,3,1,3,59014,M,,,59
200800024940,8,5,9,1200,1,1,1,1,3,59459,M,,,59
200800024941,8,5,13,1800,1,2,1,1,4,59564,M,,,59
200800024942,8,5,14,1830,1,2,2,1,3,59606,M,,,59
200800024943,8,5,3,1930,1,2,1,1,6,59014,M,,,59
200800024944,8,5,16,1015,1,2,1,1,3,59491,M,,,59
200800024945,8,5,28,2345,5,2,1,1,6,59383,M,,,59
200800024946,8,5,30,245,3,1,1,1,6,59557,M,,,59
200800024947,8,5,13,1430,1,2,3,1,3,59014,M,,,59
200800024948,8,5,8,1855,1,2,3,1,5,59479,M,,,59
200800024949,8,5,7,2115,3,2,1,1,6,60057,M,,,60
200800024950,8,5,11,1850,1,2,1,1,7,60057,M,,,60
200800024951,8,5,17,30,5,2,1,2,1,60159,M,,,60
200800024952,8,5,18,1920,2,2,1,1,3,60159,M,,,60
200800024953,8,5,31,1815,1,2,1,2,6,60159,M,,,60
200800024954,8,5,5,1620,1,2,1,1,7,60414,M,,,60
200800024955,8,5,16,2030,4,2,3,2,3,60463,M,,,60
200800024956,8,5,25,2110,1,2,1,1,6,60175,M,,,60
200800024957,8,5,27,1110,1,1,1,2,4,60175,M,,,60
200800024958,8,5,11,110,5,2,6,1,3,61001,M,,,61
200800024959,8,5,11,1515,1,1,1,1,2,61001,M,,,61
200800024960,8,5,3,2009,1,2,2,1,3,61006,M,,,61
200800024961,8,5,6,1200,1,2,1,1,6,61006,M,,,61
200800024962,8,5,1,1545,1,2,1,1,3,61169,M,,,61
200800024963,8,5,6,1050,1,2,2,1,1,62041,M,,,62
200800024964,8,5,12,1900,1,1,1,1,6,62744,M,,,62
200800024965,8,5,13,850,1,2,1,1,6,62041,M,,,62
200800024966,8,5,19,1015,1,1,1,1,1,62263,M,,,62
200800024967,8,5,30,2335,5,2,9,1,7,62041,M,,,62
200800024968,8,5,3,1540,1,2,1,1,3,62065,M,,,62
200800024969,8,5,4,1215,1,2,3,7,3,62570,M,,,62
200800024970,8,5,18,420,5,2,1,1,6,62065,M,,,62
200800024971,8,5,20,1315,1,2,1,1,6,62570,M,,,62
200800024972,8,5,20,1445,1,1,3,1,3,62724,M,,,62
200800024973,8,5,24,2200,5,2,1,3,6,62277,M,,,62
200800024974,8,5,29,1205,1,2,1,1,6,62065,M,,,62
200800024975,8,5,30,405,5,1,6,1,1,62570,M,,,62
200800024976,8,5,11,1230,1,2,1,1,6,62108,M,,,62
200800024977,8,5,7,1445,1,2,1,1,2,62126,M,,,62
200800024978,8,5,23,405,5,2,4,1,6,62119,M,,,62
200800024979,8,5,18,1110,1,1,2,1,3,62126,M,,,62
200800024980,8,5,28,230,5,2,6,2,6,62626,M,,,62
200800024981,8,5,21,1355,1,1,1,1,2,62132,M,,,62
200800024982,8,5,6,2050,1,2,1,1,5,62643,M,,,62
200800024983,8,5,6,510,5,2,1,1,6,62160,M,,,62
200800024984,8,5,6,820,1,1,2,1,3,62894,M,,,62
200800024985,8,5,21,1000,1,2,3,1,3,62160,M,,,62
200800024986,8,5,24,1140,1,2,1,1,6,62178,M,,,62
200800024987,8,5,1,1005,1,2,1,1,7,62244,M,,,62
200800024988,8,5,8,2035,1,2,1,1,6,62193,M,,,62
200800024989,8,5,9,825,1,2,9,1,3,62193,M,,,62
200800024990,8,5,17,1800,1,2,1,1,7,62193,M,,,62
200800024991,8,5,30,1945,1,2,9,1,6,62193,M,,,62
200800024992,8,5,9,2250,5,2,1,1,6,62413,M,,,62
200800024993,8,5,13,1335,1,2,1,1,6,62215,M,,,62
200800024994,8,5,5,1805,1,2,1,1,3,62907,M,,,62
200800024995,8,5,6,955,1,2,2,1,7,62413,M,,,62
200800024996,8,5,5,700,1,2,1,1,1,62666,M,,,62
200800024997,8,5,16,1505,1,2,9,1,3,62413,M,,,62
200800024998,8,5,30,1650,1,2,1,1,6,62215,M,,,62
200800024999,8,5,14,1515,1,1,1,1,7,62215,M,,,62
200800025000,8,5,1,1355,1,2,1,1,6,62427,M,,,62
200800025001,8,5,2,1445,1,2,2,1,3,62587,M,,,62
200800025002,8,5,3,1450,1,1,1,1,6,62624,M,,,62
200800025003,8,5,15,1720,1,2,3,3,3,62351,M,,,62
200800025004,8,5,23,2205,5,2,1,1,6,62274,M,,,62
200800025005,8,5,6,735,1,2,3,1,3,62587,M,,,62
200800025006,8,5,10,1210,1,2,1,1,3,62351,M,,,62
200800025007,8,5,15,1610,1,2,1,1,6,62427,M,,,62
200800025008,8,5,18,45,5,2,2,3,3,62133,M,,,62
200800025009,8,5,6,1710,1,2,2,1,3,62427,M,,,62
200800025010,8,5,30,1740,1,1,1,1,2,62427,M,,,62
200800025011,8,5,2,1340,1,1,3,1,3,62498,M,,,62
200800025012,8,5,6,1450,1,2,1,1,4,62498,M,,,62
200800025013,8,5,13,1620,1,2,1,1,6,62842,M,,,62
200800025014,8,5,17,1820,1,2,1,1,6,62218,M,,,62
200800025015,8,5,19,1245,1,2,1,1,4,62498,M,,,62
200800025016,8,5,20,1740,1,2,3,1,3,62498,M,,,62
200800025017,8,5,24,1900,1,2,1,1,6,62573,M,,,62
200800025018,8,5,26,500,2,2,1,1,2,62464,M,,,62
200800025019,8,5,27,1030,1,2,1,1,6,62498,M,,,62
200800025020,8,5,29,1735,1,2,1,1,6,62498,M,,,62
200800025021,8,5,31,2135,5,2,1,1,6,62523,M,,,62
200800025022,8,5,1,1725,1,2,6,1,1,62510,M,,,62
200800025023,8,5,2,1150,1,2,1,1,6,62186,M,,,62
200800025024,8,5,10,1747,1,2,1,1,3,62510,M,,,62
200800025025,8,5,15,1735,1,2,1,3,3,62386,M,,,62
200800025026,8,5,15,1629,1,2,1,3,1,62510,M,,,62
200800025027,8,5,23,810,1,2,2,1,1,62032,M,,,62
200800025028,8,5,8,1335,1,1,1,1,3,62186,M,,,62
200800025029,8,5,27,1940,1,2,2,1,3,62510,M,,,62
200800025030,8,5,16,1630,1,1,1,1,7,62479,M,,,62
200800025031,8,5,31,1415,1,1,1,1,1,62197,M,,,62
200800025032,8,5,18,2020,1,2,1,1,6,62737,M,,,62
200800025033,8,5,22,1445,1,1,1,1,1,62617,M,,,62
200800025034,8,5,26,845,1,1,1,2,3,62040,M,,,62
200800025035,8,5,29,1855,1,1,6,2,3,62040,M,,,62
200800025036,8,5,4,1150,1,2,1,1,6,62826,M,,,62
200800025037,8,5,1,1710,1,2,1,1,3,63113,M,,,63
200800025038,8,5,2,1450,1,2,1,1,3,63075,M,,,63
200800025039,8,5,3,720,1,2,2,1,1,63113,M,,,63
200800025040,8,5,3,1100,1,2,2,1,6,63113,M,,,63
200800025041,8,5,4,920,1,1,1,1,6,63113,M,,,63
200800025042,8,5,5,1150,1,2,1,1,6,63113,M,,,63
200800025043,8,5,5,1210,1,2,1,1,6,63113,M,,,63
200800025044,8,5,6,1225,1,2,2,1,6,63113,M,,,63
200800025045,8,5,6,2100,5,2,2,1,3,63113,M,,,63
200800025046,8,5,7,25,4,2,2,1,5,63113,M,,,63
200800025047,8,5,7,1205,1,2,1,2,6,63075,M,,,63
200800025048,8,5,9,1650,1,2,1,1,3,63075,M,,,63
200800025049,8,5,10,1510,1,2,1,1,6,63113,M,,,63
200800025050,8,5,10,2330,5,2,2,1,3,63032,M,,,63
200800025051,8,5,12,1700,1,2,1,1,1,63113,M,,,63
200800025052,8,5,14,1350,1,2,2,1,1,63032,M,,,63
200800025053,8,5,14,1540,1,2,1,1,6,63113,M,,,63
200800025054,8,5,15,1640,1,2,1,1,6,63014,M,,,63
200800025055,8,5,15,2110,5,2,2,2,3,63113,M,,,63
200800025056,8,5,16,20,5,2,1,1,6,63113,M,,,63
200800025057,8,5,16,1235,1,2,1,1,7,63070,M,,,63
200800025058,8,5,17,2000,1,2,1,1,3,63113,M,,,63
200800025059,8,5,17,2300,5,2,6,1,6,63113,M,,,63
200800025060,8,5,18,2220,5,2,1,8,6,63113,M,,,63
200800025061,8,5,19,1835,1,1,1,1,6,63113,M,,,63
200800025062,8,5,19,2150,5,2,2,2,6,63113,M,,,63
200800025063,8,5,20,1450,1,2,1,1,1,63113,M,,,63
200800025064,8,5,20,1615,1,2,3,1,3,63113,M,,,63
200800025065,8,5,20,2340,5,2,1,1,4,63014,M,,,63
200800025066,8,5,21,355,5,2,1,1,6,63113,M,,,63
200800025067,8,5,22,940,1,2,1,1,6,63113,M,,,63
200800025068,8,5,22,1650,1,2,1,1,6,63113,M,,,63
200800025069,8,5,23,1440,1,2,1,1,6,63070,M,,,63
200800025070,8,5,23,1620,1,2,1,1,1,63113,M,,,63
200800025071,8,5,27,200,5,2,1,1,6,63075,M,,,63
200800025072,8,5,27,1830,1,2,2,1,6,63113,M,,,63
200800025073,8,5,29,1910,1,2,1,1,6,63113,M,,,63
200800025074,8,5,30,1550,1,2,3,1,6,63113,M,,,63
200800025075,8,5,30,535,5,2,1,1,4,63113,M,,,63
200800025076,8,5,31,1000,1,2,2,1,6,63113,M,,,63
200800025077,8,5,25,1725,1,1,1,3,6,63193,M,,,63
200800025078,8,5,15,1750,1,1,2,1,3,63063,M,,,63
200800025079,8,5,28,1840,1,2,6,1,3,63019,M,,,63
200800025080,8,5,15,1655,1,2,1,1,6,63164,M,,,63
200800025081,8,5,3,28,5,2,1,1,6,64024,M,,,64
200800025082,8,5,6,845,1,2,1,1,3,64102,M,,,64
200800025083,8,5,8,1,5,2,1,2,1,64024,M,,,64
200800025084,8,5,8,1108,1,2,3,1,3,64140,M,,,64
200800025085,8,5,8,1340,1,2,1,1,3,64024,M,,,64
200800025086,8,5,11,45,5,2,1,1,3,64102,M,,,64
200800025087,8,5,11,955,1,2,1,1,3,64024,M,,,64
200800025088,8,5,16,2330,4,2,1,1,7,64024,M,,,64
200800025089,8,5,18,255,3,2,1,1,6,64102,M,,,64
200800025090,8,5,21,1335,1,2,1,1,7,64102,M,,,64
200800025091,8,5,22,1040,1,2,3,1,7,64102,M,,,64
200800025092,8,5,23,820,1,2,1,3,2,64102,M,,,64