Num_Acc,an,mois,jour,hrmn,lum,agg,int,atm,col,com,gps,lat,long,dep
200800025093,8,5,27,2006,1,2,3,8,7,64102,M,,,64
200800025094,8,5,28,2130,2,2,3,1,3,64024,M,,,64
200800025095,8,5,29,1030,1,2,1,1,6,64102,M,,,64
200800025096,8,5,2,2230,5,2,1,1,3,64122,M,,,64
200800025097,8,5,5,750,1,2,1,1,7,64122,M,,,64
200800025098,8,5,13,900,1,2,1,1,6,64122,M,,,64
200800025099,8,5,20,750,1,2,1,2,3,64122,M,,,64
200800025100,8,5,26,730,1,2,1,8,3,64122,M,,,64
200800025101,8,5,28,1645,1,2,1,3,2,64125,M,,,64
200800025102,8,5,31,1155,1,2,4,8,2,64122,M,,,64
200800025103,8,5,1,910,1,2,3,1,3,64445,M,,,64
200800025104,8,5,5,1100,1,2,1,1,2,64348,M,,,64
200800025105,8,5,2,1515,1,2,6,1,3,64335,M,,,64
200800025106,8,5,3,1645,1,2,9,1,2,64445,M,,,64
200800025107,8,5,5,1600,1,2,1,1,3,64445,M,,,64
200800025108,8,5,6,1825,1,2,1,1,2,64348,M,,,64
200800025109,8,5,7,815,1,2,2,1,3,64445,M,,,64
200800025110,8,5,7,2215,5,2,2,1,3,64445,M,,,64
200800025111,8,5,9,705,1,2,2,2,3,64445,M,,,64
200800025112,8,5,10,1815,1,2,1,1,3,64445,M,,,64
200800025113,8,5,11,2045,1,1,1,1,2,64445,M,,,64
200800025114,8,5,12,1405,1,2,9,1,6,64445,M,,,64
200800025115,8,5,13,1705,1,1,1,1,4,64132,M,,,64
200800025116,8,5,15,1720,1,2,1,2,3,64445,M,,,64
200800025117,8,5,16,1250,1,2,1,2,3,64348,M,,,64
200800025118,8,5,16,1425,1,2,1,2,3,64445,M,,,64
200800025119,8,5,17,1135,1,2,2,1,5,64445,M,,,64
200800025120,8,5,22,1750,1,2,1,1,4,64445,M,,,64
200800025121,8,5,25,620,2,2,2,2,3,64335,M,,,64
200800025122,8,5,24,1200,1,2,1,2,5,64445,M,,,64
200800025123,8,5,27,1650,1,1,1,3,1,64335,M,,,64
200800025124,8,5,29,2205,5,2,1,1,6,64445,M,,,64
200800025125,8,5,29,1030,1,2,1,1,3,64445,M,,,64
200800025126,8,5,29,830,1,2,2,1,6,64445,M,,,64
200800025127,8,5,30,1830,1,2,1,1,3,64445,M,,,64
200800025128,8,5,31,2000,1,2,3,3,3,64237,M,,,64
200800025129,8,5,1,2010,1,2,3,1,3,64260,M,,,64
200800025130,8,5,17,1940,1,1,1,1,7,64260,M,,,64
200800025131,8,5,4,1640,1,2,1,1,6,64545,M,,,64
200800025132,8,5,6,1115,1,1,1,1,6,64189,M,,,64
200800025133,8,5,6,1645,1,2,1,1,1,64483,M,,,64
200800025134,8,5,10,2005,2,2,1,3,3,64189,M,,,64
200800025135,8,5,16,1220,1,2,1,1,5,64483,M,,,64
200800025136,8,5,16,1945,2,1,1,1,3,64189,M,,,64
200800025137,8,5,28,1825,1,2,1,8,3,64483,M,,,64
200800025138,8,5,29,1935,1,2,1,3,6,64483,M,,,64
200800025139,8,5,31,40,5,1,1,1,3,64189,M,,,64
200800025140,8,5,3,2025,2,2,1,1,2,64483,M,,,64
200800025141,8,5,7,1120,1,2,3,1,6,64260,M,,,64
200800025142,8,5,25,1940,1,1,1,3,1,64545,M,,,64
200800025143,8,5,31,1100,1,2,1,8,6,64545,M,,,64
200800025144,8,5,20,1900,1,2,1,1,6,65286,M,,,65
200800025145,8,5,21,1920,1,2,1,1,6,65286,M,,,65
200800025146,8,5,7,1140,1,2,1,1,3,65440,M,,,65
200800025147,8,5,11,2130,2,2,1,1,6,65440,M,,,65
200800025148,8,5,13,915,1,2,1,1,6,65440,M,,,65
200800025149,8,5,15,1755,1,2,1,1,6,65440,M,,,65
200800025150,8,5,18,5,5,2,3,9,3,65440,M,,,65
200800025151,8,5,19,1156,1,2,3,2,3,65440,M,,,65
200800025152,8,5,20,750,1,2,1,1,6,65440,M,,,65
200800025153,8,5,22,1700,1,2,3,1,3,65440,M,,,65
200800025154,8,5,27,715,1,2,1,2,6,65440,M,,,65
200800025155,8,5,29,1050,1,2,1,1,3,65433,M,,,65
200800025156,8,5,29,1700,1,2,1,1,6,65440,M,,,65
200800025157,8,5,30,1740,1,2,2,2,1,65440,M,,,65
200800025158,8,5,1,2330,5,2,1,1,1,66136,M,,,66
200800025159,8,5,3,20,5,2,1,1,5,66136,M,,,66
200800025160,8,5,7,2145,3,1,1,1,2,66136,M,,,66
200800025161,8,5,15,1900,1,2,2,1,3,66136,M,,,66
200800025162,8,5,15,1405,1,2,1,1,6,66136,M,,,66
200800025163,8,5,18,730,2,2,1,1,7,66136,M,,,66
200800025164,8,5,19,848,1,2,1,1,6,66136,M,,,66
200800025165,8,5,19,1651,1,2,1,1,3,66136,M,,,66
200800025166,8,5,20,1105,1,2,1,1,3,66136,M,,,66
200800025167,8,5,21,2210,3,2,1,1,3,66136,M,,,66
200800025168,8,5,30,1050,1,2,1,1,6,66136,M,,,66
200800025169,8,5,15,1540,1,1,1,1,6,66136,M,,,66
200800025170,8,5,20,1550,1,1,1,1,5,67180,M,,,67
200800025171,8,5,19,1300,1,1,3,1,2,67180,M,,,67
200800025172,8,5,16,1533,1,2,1,1,6,67462,M,,,67
200800025173,8,5,2,650,1,2,1,1,6,67482,M,,,67
200800025174,8,5,2,1105,1,2,2,1,3,67218,M,,,67
200800025175,8,5,2,1550,1,2,1,1,6,67218,M,,,67
200800025176,8,5,3,955,1,2,3,1,1,67482,M,,,67
200800025177,8,5,3,1845,1,2,1,1,2,67447,M,,,67
200800025178,8,5,3,1715,1,2,1,1,1,67482,M,,,67
200800025179,8,5,4,5,5,2,1,1,3,67043,M,,,67
200800025180,8,5,4,1340,1,2,1,1,2,67365,M,,,67
200800025181,8,5,5,1610,1,2,2,1,3,67043,M,,,67
200800025182,8,5,6,215,5,2,1,1,7,67267,M,,,67
200800025183,8,5,6,900,1,2,1,1,3,67482,M,,,67
200800025184,8,5,6,1215,1,2,1,1,3,67365,M,,,67
200800025185,8,5,6,1800,1,2,1,1,3,67482,M,,,67
200800025186,8,5,7,1500,1,2,3,1,3,67482,M,,,67
200800025187,8,5,7,1716,1,2,1,1,2,67482,M,,,67
200800025188,8,5,8,1755,1,2,1,1,6,67482,M,,,67
200800025189,8,5,9,1655,1,2,3,1,3,67204,M,,,67
200800025190,8,5,11,1415,1,2,1,1,6,67043,M,,,67
200800025191,8,5,11,1647,1,2,2,1,3,67482,M,,,67
200800025192,8,5,12,617,1,2,3,1,3,67482,M,,,67
200800025193,8,5,12,1105,1,2,1,1,6,67482,M,,,67
200800025194,8,5,13,900,1,2,1,1,6,67482,M,,,67
200800025195,8,5,13,1540,1,2,2,1,3,67482,M,,,67
200800025196,8,5,13,1605,1,2,1,1,2,67447,M,,,67
200800025197,8,5,13,1925,1,2,3,1,3,67043,M,,,67
200800025198,8,5,14,830,1,2,3,1,3,67043,M,,,67
200800025199,8,5,14,1210,1,2,1,1,6,67482,M,,,67
200800025200,8,5,14,1510,1,2,1,1,6,67482,M,,,67
200800025201,8,5,15,1215,1,2,1,8,1,67482,M,,,67
200800025202,8,5,15,1710,1,2,1,1,6,67482,M,,,67
200800025203,8,5,15,1715,1,2,2,1,3,67204,M,,,67
200800025204,8,5,15,1745,1,2,1,8,6,67482,M,,,67
200800025205,8,5,15,1855,1,2,4,3,3,67482,M,,,67
200800025206,8,5,16,640,1,2,3,1,3,67043,M,,,67
200800025207,8,5,16,1210,1,2,3,1,3,67218,M,,,67
200800025208,8,5,16,1720,1,2,2,8,3,67447,M,,,67
200800025209,8,5,16,2215,5,2,1,1,6,67482,M,,,67
200800025210,8,5,17,1420,1,2,1,1,3,67482,M,,,67
200800025211,8,5,18,1330,1,2,2,2,3,67482,M,,,67
200800025212,8,5,18,1740,1,2,1,2,3,67482,M,,,67
200800025213,8,5,19,1215,1,2,1,1,6,67482,M,,,67
200800025214,8,5,19,1730,1,2,3,1,6,67482,M,,,67
200800025215,8,5,20,1215,1,2,2,1,3,67482,M,,,67
200800025216,8,5,20,1840,1,2,3,1,3,67447,M,,,67
200800025217,8,5,21,1755,1,1,3,1,3,67482,M,,,67
200800025218,8,5,21,1815,1,2,1,1,3,67482,M,,,67
200800025219,8,5,22,825,1,2,1,1,5,67482,M,,,67
200800025220,8,5,22,1425,1,2,1,1,3,67482,M,,,67
200800025221,8,5,23,915,1,2,1,1,2,67482,M,,,67
200800025222,8,5,23,1450,1,2,2,1,3,67447,M,,,67
200800025223,8,5,23,1815,1,2,2,1,3,67447,M,,,67
200800025224,8,5,26,1020,1,2,2,1,3,67365,M,,,67
200800025225,8,5,26,1350,1,2,1,1,6,67482,M,,,67
200800025226,8,5,26,1745,1,2,3,1,3,67482,M,,,67
200800025227,8,5,27,855,1,2,3,1,2,67218,M,,,67
200800025228,8,5,27,1035,1,2,1,1,2,67482,M,,,67
200800025229,8,5,27,1150,1,2,1,1,2,67482,M,,,67
200800025230,8,5,27,1740,1,2,1,1,6,67482,M,,,67
200800025231,8,5,27,1750,1,2,1,1,6,67482,M,,,67
200800025232,8,5,27,1835,1,2,1,1,3,67482,M,,,67
200800025233,8,5,29,1000,1,2,1,1,6,67482,M,,,67
200800025234,8,5,29,1712,1,2,1,1,6,67482,M,,,67
200800025235,8,5,30,930,1,2,1,1,2,67482,M,,,67
200800025236,8,5,30,1700,1,2,1,1,6,67482,M,,,67
200800025237,8,5,31,1135,1,2,3,1,6,67482,M,,,67
200800025238,8,5,31,1345,1,2,1,1,6,67482,M,,,67
200800025239,8,5,31,1445,1,2,1,1,6,67482,M,,,67
200800025240,8,5,31,1845,1,2,1,1,3,67482,M,,,67
200800025241,8,5,2,1642,1,2,3,1,3,68066,M,,,68
200800025242,8,5,11,1900,1,2,1,1,6,68066,M,,,68
200800025243,8,5,9,2100,1,2,1,1,3,68066,M,,,68
200800025244,8,5,17,1617,1,2,1,2,6,68066,M,,,68
200800025245,8,5,19,847,1,2,2,1,3,68066,M,,,68
200800025246,8,5,20,1315,1,2,1,1,3,68066,M,,,68
200800025247,8,5,28,1207,1,2,1,1,1,68066,M,,,68
200800025248,8,5,29,1252,1,2,6,1,3,68066,M,,,68
200800025249,8,5,30,1212,1,2,2,1,3,68066,M,,,68
200800025250,8,5,4,145,5,2,1,1,7,68112,M,,,68
200800025251,8,5,7,1355,1,2,3,1,3,68112,M,,,68
200800025252,8,5,19,1105,1,2,2,1,3,68112,M,,,68
200800025253,8,5,2,1045,1,2,1,1,6,68224,M,,,68
200800025254,8,5,3,1455,1,2,3,1,3,68224,M,,,68
200800025255,8,5,2,1720,1,2,3,1,3,68224,M,,,68
200800025256,8,5,3,926,1,2,7,1,6,68224,M,,,68
200800025257,8,5,5,1130,1,2,2,1,3,68224,M,,,68
200800025258,8,5,12,1530,1,2,2,1,3,68224,M,,,68
200800025259,8,5,26,1643,1,2,1,1,6,68271,M,,,68
200800025260,8,5,16,1835,1,2,9,1,6,68224,M,,,68
200800025261,8,5,23,1415,1,2,6,1,2,68256,M,,,68
200800025262,8,5,22,1410,1,1,1,1,3,68224,M,,,68
200800025263,8,5,14,1855,1,2,8,1,3,68256,M,,,68
200800025264,8,5,13,1352,1,2,3,1,6,68224,M,,,68
200800025265,8,5,23,1030,1,2,9,1,3,68224,M,,,68
200800025266,8,5,30,1520,1,2,2,2,3,68224,M,,,68
200800025267,8,5,20,750,1,2,1,1,2,68224,M,,,68
200800025268,8,5,20,814,1,2,1,1,6,68224,M,,,68
200800025269,8,5,29,1720,1,2,2,1,3,68256,M,,,68
200800025270,8,5,18,1500,1,2,1,1,3,68056,M,,,68
200800025271,8,5,31,1425,1,2,3,2,3,68056,M,,,68
200800025272,8,5,9,1200,1,2,1,1,3,68297,M,,,68
200800025273,8,5,10,2000,1,2,1,1,6,69034,M,,,69
200800025274,8,5,16,2140,5,2,1,8,7,69091,M,,,69
200800025275,8,5,27,1720,1,1,1,1,2,69091,M,,,69
200800025276,8,5,8,1720,1,2,3,1,3,69149,M,,,69
200800025277,8,5,10,1630,1,2,1,1,3,69149,M,,,69
200800025278,8,5,17,800,1,2,2,2,3,69149,M,,,69
200800025279,8,5,12,1512,1,2,1,1,7,69202,M,,,69
200800025280,8,5,28,2320,5,2,9,1,6,69142,M,,,69
200800025281,8,5,19,1005,1,2,1,1,3,69149,M,,,69
200800025282,8,5,7,2045,2,2,2,1,3,69256,M,,,69
200800025283,8,5,1,1100,1,2,1,7,6,69259,M,,,69
200800025284,8,5,14,1215,1,2,3,1,2,69259,M,,,69
200800025285,8,5,14,1430,1,2,1,1,6,69199,M,,,69
200800025286,8,5,15,1140,1,2,1,1,6,69259,M,,,69
200800025287,8,5,15,1615,1,2,1,1,4,69199,M,,,69
200800025288,8,5,19,1905,1,2,2,1,1,69259,M,,,69
200800025289,8,5,20,905,1,2,2,1,3,69259,M,,,69
200800025290,8,5,20,1945,1,2,3,1,3,69259,M,,,69
200800025291,8,5,24,1800,1,2,1,1,6,69259,M,,,69
200800025292,8,5,26,1135,1,2,1,1,6,69259,M,,,69
200800025293,8,5,27,2152,5,2,6,1,7,69259,M,,,69
200800025294,8,5,29,1235,1,2,2,1,3,69259,M,,,69
200800025295,8,5,5,1815,1,2,1,1,6,69264,M,,,69
200800025296,8,5,15,1310,1,2,2,2,2,69264,M,,,69
200800025297,8,5,11,1430,1,2,3,1,2,69092,M,,,69
200800025298,8,5,27,2232,5,2,2,1,1,69264,M,,,69
200800025299,8,5,20,1355,1,2,1,1,6,69264,M,,,69
200800025300,8,5,5,1335,1,2,1,1,6,69266,M,,,69
200800025301,8,5,9,40,5,2,2,1,6,69266,M,,,69
200800025302,8,5,19,1715,1,2,3,1,6,69266,M,,,69
200800025303,8,5,9,1545,1,2,2,1,3,69266,M,,,69
200800025304,8,5,9,1735,1,2,1,1,6,69266,M,,,69
200800025305,8,5,10,1515,1,2,1,1,6,69266,M,,,69
200800025306,8,5,13,1915,1,2,9,1,6,69266,M,,,69
200800025307,8,5,20,1700,1,2,3,1,7,69266,M,,,69
200800025308,8,5,13,800,1,2,2,1,6,69266,M,,,69
200800025309,8,5,17,1810,1,2,1,1,2,69266,M,,,69
200800025310,8,5,17,2125,5,2,1,1,6,69266,M,,,69
200800025311,8,5,20,1705,1,2,2,1,6,69266,M,,,69
200800025312,8,5,22,730,1,2,1,1,6,69266,M,,,69
200800025313,8,5,11,1225,1,2,2,1,6,69266,M,,,69
200800025314,8,5,22,1825,1,2,9,1,6,69266,M,,,69
200800025315,8,5,26,1755,1,2,1,2,3,69266,M,,,69
200800025316,8,5,27,1900,1,2,2,1,6,69266,M,,,69
200800025317,8,5,29,1750,1,2,2,2,3,69266,M,,,69
200800025318,8,5,30,1115,1,2,2,1,6,69266,M,,,69
200800025319,8,5,18,2130,5,2,3,1,1,69282,M,,,69
200800025320,8,5,5,1750,1,2,1,1,3,69290,M,,,69
200800025321,8,5,8,1115,1,2,2,1,3,69290,M,,,69
200800025322,8,5,9,1045,1,2,1,1,6,69290,M,,,69
200800025323,8,5,21,1340,1,2,1,1,2,69290,M,,,69
200800025324,8,5,21,1840,1,2,1,1,6,69290,M,,,69
200800025325,8,5,22,735,1,2,2,1,3,69290,M,,,69
200800025326,8,5,23,750,1,2,1,1,5,69290,M,,,69
200800025327,8,5,8,300,5,2,1,1,3,70378,M,,,70
200800025328,8,5,10,130,5,2,1,1,2,70550,M,,,70
200800025329,8,5,7,1440,1,2,2,1,2,71445,M,,,71
200800025330,8,5,13,1220,1,2,6,1,2,71076,M,,,71
200800025331,8,5,28,1400,1,2,1,1,1,71076,M,,,71
200800025332,8,5,13,900,1,2,2,1,2,71153,M,,,71
200800025333,8,5,10,1310,1,2,3,1,3,71540,M,,,71
200800025334,8,5,11,2315,5,2,3,1,3,71153,M,,,71
200800025335,8,5,3,2200,5,2,2,1,3,71270,M,,,71
200800025336,8,5,30,1550,1,2,1,1,3,71270,M,,,71
200800025337,8,5,9,2245,3,2,1,1,7,71306,M,,,71
200800025338,8,5,19,1340,1,2,2,1,7,71306,M,,,71
200800025339,8,5,29,1810,1,2,6,1,2,71499,M,,,71
200800025340,8,5,3,450,5,2,1,1,6,72181,M,,,72
200800025341,8,5,5,1335,1,2,1,1,6,72095,M,,,72
200800025342,8,5,6,1900,1,2,3,1,6,72181,M,,,72
200800025343,8,5,7,1845,1,2,2,1,2,72181,M,,,72
200800025344,8,5,9,5,5,2,2,1,3,72181,M,,,72
200800025345,8,5,13,1422,1,2,1,1,6,72181,M,,,72
200800025346,8,5,13,1200,1,2,1,1,6,72181,M,,,72
200800025347,8,5,14,1730,1,2,1,1,2,72181,M,,,72
200800025348,8,5,16,1320,1,2,1,1,2,72181,M,,,72
200800025349,8,5,16,1505,1,2,1,1,2,72181,M,,,72
200800025350,8,5,16,1625,1,1,1,1,2,72181,M,,,72
200800025351,8,5,16,1735,1,2,1,1,3,72181,M,,,72
200800025352,8,5,19,2250,5,2,5,1,3,72181,M,,,72
200800025353,8,5,20,1815,1,2,1,1,3,72181,M,,,72
200800025354,8,5,27,1735,1,2,1,2,6,72181,M,,,72
200800025355,8,5,29,1950,1,2,1,1,6,72003,M,,,72
200800025356,8,5,30,1420,1,2,1,1,6,72181,M,,,72
200800025357,8,5,22,1610,1,2,3,1,5,73008,M,,,73
200800025358,8,5,22,1835,1,2,1,1,3,73011,M,,,73
200800025359,8,5,24,2105,2,2,1,2,1,73011,M,,,73
200800025360,8,5,9,1220,1,1,1,1,6,73029,M,,,73
200800025361,8,5,10,2100,5,2,1,1,3,73065,M,,,73
200800025362,8,5,17,5,5,2,1,9,7,73065,M,,,73
200800025363,8,5,26,1800,1,2,1,1,6,73065,M,,,73
200800025364,8,5,30,1240,1,2,6,1,2,73065,M,,,73
200800025365,8,5,25,1030,1,2,1,1,6,73087,M,,,73
200800025366,8,5,9,1405,1,2,6,2,6,74010,M,,,74
200800025367,8,5,14,1410,1,2,6,1,6,74010,M,,,74
200800025368,8,5,19,1420,1,1,2,1,6,74010,M,,,74
200800025369,8,5,22,1300,1,2,2,1,3,74093,M,,,74
200800025370,8,5,23,1450,1,2,1,1,6,74093,M,,,74
200800025371,8,5,25,430,5,2,1,3,6,74010,M,,,74
200800025372,8,5,27,1646,1,2,1,1,6,74010,M,,,74
200800025373,8,5,29,1510,1,2,3,1,3,74010,M,,,74
200800025374,8,5,29,1910,1,2,3,1,6,74010,M,,,74
200800025375,8,5,7,1635,1,2,1,1,3,74133,M,,,74
200800025376,8,5,2,1032,1,2,1,1,6,74012,M,,,74
200800025377,8,5,5,1937,1,2,3,1,3,74281,M,,,74
200800025378,8,5,10,100,5,2,1,1,6,74013,M,,,74
200800025379,8,5,9,1445,1,2,3,1,3,74218,M,,,74
200800025380,8,5,13,2000,1,2,1,1,6,74281,M,,,74
200800025381,8,5,18,1100,1,2,1,1,7,74281,M,,,74
200800025382,8,5,12,1155,1,2,6,1,2,74281,M,,,74
200800025383,8,5,31,1322,1,2,4,3,3,74281,M,,,74
200800025384,8,5,17,1325,1,2,3,2,3,74281,M,,,74
200800025385,8,5,6,1044,1,1,3,1,3,76382,M,,,76
200800025386,8,5,4,1455,1,1,1,1,3,76217,M,,,76
200800025387,8,5,13,1800,1,1,1,1,3,76545,M,,,76
200800025388,8,5,4,1750,1,1,1,1,7,76391,M,,,76
200800025389,8,5,5,2130,5,2,1,1,7,76705,M,,,76
200800025390,8,5,15,1445,1,2,1,1,7,76486,M,,,76
200800025391,8,5,26,1740,1,2,3,2,3,76231,M,,,76
200800025392,8,5,31,1419,1,2,1,1,3,76231,M,,,76
200800025393,8,5,21,1430,1,1,1,1,3,76259,M,,,76
200800025394,8,5,4,1600,1,2,2,1,3,76351,M,,,76
200800025395,8,5,6,2145,1,2,2,1,3,76351,M,,,76
200800025396,8,5,9,1150,1,2,1,1,6,76351,M,,,76
200800025397,8,5,10,200,5,2,2,1,6,76351,M,,,76
200800025398,8,5,10,1215,1,2,1,1,6,76351,M,,,76
200800025399,8,5,12,2005,1,2,1,1,6,76351,M,,,76
200800025400,8,5,13,1310,1,1,3,1,3,76305,M,,,76
200800025401,8,5,17,1645,1,2,1,1,6,76351,M,,,76
200800025402,8,5,17,2335,5,2,1,1,2,76351,M,,,76
200800025403,8,5,19,1250,1,2,3,1,3,76351,M,,,76
200800025404,8,5,19,1755,1,2,2,1,6,76351,M,,,76
200800025405,8,5,20,920,1,2,2,1,7,76351,M,,,76
200800025406,8,5,24,1200,1,2,1,1,6,76351,M,,,76
200800025407,8,5,3,853,1,2,1,1,3,76212,M,,,76
200800025408,8,5,3,1400,1,2,1,1,3,76540,M,,,76
200800025409,8,5,4,1700,1,2,2,1,3,76540,M,,,76
200800025410,8,5,4,1610,1,2,3,1,6,76319,M,,,76
200800025411,8,5,4,2015,1,2,3,1,3,76540,M,,,76
200800025412,8,5,6,1100,1,2,3,1,3,76540,M,,,76
200800025413,8,5,7,1740,1,2,6,1,6,76319,M,,,76
200800025414,8,5,7,930,1,2,1,1,6,76322,M,,,76
200800025415,8,5,9,1210,1,2,2,1,3,76681,M,,,76
200800025416,8,5,9,1550,1,2,1,1,4,76681,M,,,76
200800025417,8,5,10,25,5,2,1,1,7,76540,M,,,76
200800025418,8,5,9,1630,1,2,1,1,5,76410,M,,,76
200800025419,8,5,10,1330,1,2,1,1,1,76212,M,,,76
200800025420,8,5,10,1215,1,2,1,7,3,76540,M,,,76
200800025421,8,5,11,1250,1,2,1,1,3,76451,M,,,76
200800025422,8,5,11,1630,1,2,1,1,7,76540,M,,,76
200800025423,8,5,12,1205,1,2,1,1,6,76108,M,,,76
200800025424,8,5,11,1735,1,2,1,1,3,76095,M,,,76
200800025425,8,5,12,1025,1,2,1,1,6,76540,M,,,76
200800025426,8,5,5,1710,1,2,1,1,6,76540,M,,,76
200800025427,8,5,13,1300,1,2,1,1,1,76366,M,,,76
200800025428,8,5,13,2005,1,2,1,1,6,76599,M,,,76
200800025429,8,5,14,1350,1,2,1,1,2,76540,M,,,76
200800025430,8,5,15,1410,1,2,1,1,6,76540,M,,,76
200800025431,8,5,17,1255,1,2,1,1,2,76319,M,,,76
200800025432,8,5,17,1515,1,2,1,1,6,76410,M,,,76
200800025433,8,5,19,1005,1,2,1,1,6,76540,M,,,76
200800025434,8,5,19,1815,1,2,1,1,4,76429,M,,,76
200800025435,8,5,19,1715,1,2,1,1,3,76108,M,,,76
200800025436,8,5,22,230,5,1,1,1,7,76540,M,,,76
200800025437,8,5,22,950,1,2,1,1,6,76540,M,,,76
200800025438,8,5,23,1715,1,2,1,1,2,76681,M,,,76
200800025439,8,5,23,2240,3,1,1,1,7,76497,M,,,76
200800025440,8,5,24,2105,1,1,1,3,7,76575,M,,,76
200800025441,8,5,24,1635,1,2,1,3,3,76322,M,,,76
200800025442,8,5,25,1640,1,2,3,1,3,76681,M,,,76
200800025443,8,5,26,1020,1,2,1,8,7,76540,M,,,76
200800025444,8,5,26,1645,1,2,1,8,5,76540,M,,,76
200800025445,8,5,27,845,1,2,3,1,3,76457,M,,,76
200800025446,8,5,28,1715,1,2,1,1,2,76540,M,,,76
200800025447,8,5,29,1800,1,1,1,1,7,76322,M,,,76
200800025448,8,5,30,2035,1,2,3,1,3,76216,M,,,76
200800025449,8,5,30,1600,1,2,1,1,6,76540,M,,,76
200800025450,8,5,30,1915,1,2,1,1,3,76322,M,,,76
200800025451,8,5,31,1250,1,2,1,1,7,76498,M,,,76
200800025452,8,5,31,2000,1,2,1,1,6,76484,M,,,76
200800025453,8,5,31,1610,1,2,1,1,3,76540,M,,,76
200800025454,8,5,30,1145,1,1,1,1,3,76410,M,,,76
200800025455,8,5,9,2025,1,2,2,1,3,77108,M,,,77
200800025456,8,5,14,1530,1,2,1,1,2,77479,M,,,77
200800025457,8,5,14,1710,1,2,1,1,3,77108,M,,,77
200800025458,8,5,7,730,1,1,1,1,3,77132,M,,,77
200800025459,8,5,1,415,3,1,1,1,7,77320,M,,,77
200800025460,8,5,6,735,1,2,1,1,7,77131,M,,,77
200800025461,8,5,8,1235,1,2,3,1,3,77131,M,,,77
200800025462,8,5,7,1635,1,2,1,1,6,77131,M,,,77
200800025463,8,5,14,1030,1,2,1,1,7,77320,M,,,77
200800025464,8,5,16,940,1,1,1,1,7,77028,M,,,77
200800025465,8,5,20,1940,1,1,2,1,3,77028,M,,,77
200800025466,8,5,23,1730,1,2,1,7,2,77320,M,,,77
200800025467,8,5,30,1800,1,1,3,1,2,77433,M,,,77
200800025468,8,5,31,1415,1,1,3,1,1,77028,M,,,77
200800025469,8,5,8,645,1,1,1,1,6,77186,M,,,77
200800025470,8,5,8,2235,3,1,1,1,6,77186,M,,,77
200800025471,8,5,10,2105,1,2,1,1,6,77014,M,,,77
200800025472,8,5,12,1520,1,1,1,1,6,77186,M,,,77
200800025473,8,5,16,710,1,1,1,2,6,77186,M,,,77
200800025474,8,5,23,2215,3,1,1,2,2,77186,M,,,77
200800025475,8,5,29,320,5,2,1,1,6,77014,M,,,77
200800025476,8,5,17,200,5,2,1,2,6,77284,M,,,77
200800025477,8,5,17,1600,1,2,1,1,2,77284,M,,,77
200800025478,8,5,3,1545,1,2,1,1,7,77445,M,,,77
200800025479,8,5,6,1550,1,2,4,7,3,77445,M,,,77
200800025480,8,5,13,2230,3,2,1,1,6,77445,M,,,77
200800025481,8,5,13,1655,1,1,1,1,1,77306,M,,,77
200800025482,8,5,24,1015,1,2,1,1,6,77067,M,,,77
200800025483,8,5,9,1250,1,1,1,1,6,77427,M,,,77
200800025484,8,5,6,1825,1,2,3,1,1,77294,M,,,77
200800025485,8,5,6,733,1,1,3,1,2,77294,M,,,77
200800025486,8,5,20,655,1,1,6,1,7,77123,M,,,77
200800025487,8,5,31,1135,1,1,1,1,1,77292,M,,,77
200800025488,8,5,16,800,1,1,6,1,3,77123,M,,,77
200800025489,8,5,13,1915,1,2,6,1,5,77122,M,,,77
200800025490,8,5,8,1700,1,2,3,1,3,77482,M,,,77
200800025491,8,5,8,550,1,1,1,1,6,77333,M,,,77
200800025492,8,5,23,700,1,2,3,1,3,77458,M,,,77
200800025493,8,5,12,2100,2,2,1,1,3,77390,M,,,77
200800025494,8,5,13,1940,1,2,3,1,3,77373,M,,,77
200800025495,8,5,26,825,1,2,3,8,6,77373,M,,,77
200800025496,8,5,3,1745,1,1,1,1,1,77073,M,,,77
200800025497,8,5,19,900,1,2,1,1,1,77073,M,,,77
200800025498,8,5,24,1540,1,1,1,2,5,77514,M,,,77
200800025499,8,5,6,1810,1,2,1,1,1,78138,M,,,78
200800025500,8,5,9,45,3,2,3,1,7,78172,M,,,78
200800025501,8,5,6,855,1,1,2,1,3,78172,M,,,78
200800025502,8,5,2,925,1,2,1,1,3,78208,M,,,78
200800025503,8,5,2,1610,1,2,1,1,7,78383,M,,,78
200800025504,8,5,4,1958,1,2,2,1,3,78168,M,,,78
200800025505,8,5,16,1015,1,1,3,1,3,78644,M,,,78
200800025506,8,5,19,1900,1,2,1,1,2,78208,M,,,78
200800025507,8,5,29,105,5,2,1,1,7,78383,M,,,78
200800025508,8,5,29,2135,5,2,2,1,3,78168,M,,,78
200800025509,8,5,4,1920,1,2,1,1,5,78688,M,,,78
200800025510,8,5,5,1905,1,2,1,1,7,78297,M,,,78
200800025511,8,5,15,1645,1,2,2,1,1,78423,M,,,78
200800025512,8,5,30,1915,1,1,1,1,1,78423,M,,,78
200800025513,8,5,31,1835,1,1,1,1,7,78297,M,,,78
200800025514,8,5,16,1820,1,2,1,1,7,78423,M,,,78
200800025515,8,5,9,1210,1,2,1,1,7,78423,M,,,78
200800025516,8,5,10,1250,1,2,1,1,6,78311,M,,,78
200800025517,8,5,14,800,1,2,1,1,6,78311,M,,,78
200800025518,8,5,21,1925,1,2,3,1,6,78124,M,,,78
200800025519,8,5,28,910,1,2,1,1,2,78311,M,,,78
200800025520,8,5,2,1830,1,2,1,1,6,78361,M,,,78
200800025521,8,5,5,1205,1,2,1,1,2,78361,M,,,78