Num_Acc,an,mois,jour,hrmn,lum,agg,int,atm,col,com,gps,lat,long,dep
200800025522,8,5,6,820,1,2,1,1,6,78361,M,,,78
200800025523,8,5,6,1520,1,2,1,1,2,78267,M,,,78
200800025524,8,5,8,800,1,2,2,1,3,78361,M,,,78
200800025525,8,5,10,1355,1,2,1,1,3,78217,M,,,78
200800025526,8,5,10,2250,5,2,2,1,1,78314,M,,,78
200800025527,8,5,12,1115,1,2,1,1,2,78217,M,,,78
200800025528,8,5,17,1145,1,2,1,8,6,78361,M,,,78
200800025529,8,5,17,1955,1,2,6,8,3,78362,M,,,78
200800025530,8,5,21,1440,1,2,1,1,6,78361,M,,,78
200800025531,8,5,22,1745,1,2,1,1,6,78361,M,,,78
200800025532,8,5,23,830,1,2,1,1,6,78267,M,,,78
200800025533,8,5,23,1410,1,2,2,1,3,78335,M,,,78
200800025534,8,5,24,1555,1,2,1,3,1,78362,M,,,78
200800025535,8,5,26,1810,1,2,1,2,6,78361,M,,,78
200800025536,8,5,7,1255,1,2,2,1,2,78372,M,,,78
200800025537,8,5,11,1700,1,2,1,1,3,78502,M,,,78
200800025538,8,5,8,1750,1,1,2,1,3,78029,M,,,78
200800025539,8,5,25,2115,2,1,1,2,7,78238,M,,,78
200800025540,8,5,11,1730,1,2,1,1,3,78261,M,,,78
200800025541,8,5,12,1030,1,2,1,1,6,78440,M,,,78
200800025542,8,5,23,855,1,2,1,1,2,78029,M,,,78
200800025543,8,5,31,1145,1,1,1,1,3,78238,M,,,78
200800025544,8,5,16,1100,1,2,1,1,4,78440,M,,,78
200800025545,8,5,7,815,1,1,6,1,4,78490,M,,,78
200800025546,8,5,7,1920,1,2,3,1,3,78165,M,,,78
200800025547,8,5,13,1650,1,2,1,1,3,78490,M,,,78
200800025548,8,5,17,1550,1,2,1,1,7,78674,M,,,78
200800025549,8,5,27,1350,1,2,1,2,1,78490,M,,,78
200800025550,8,5,30,945,1,2,1,1,2,78490,M,,,78
200800025551,8,5,13,1810,1,2,6,1,3,78642,M,,,78
200800025552,8,5,7,910,1,2,1,1,6,78624,M,,,78
200800025553,8,5,3,1640,1,1,1,1,6,78498,M,,,78
200800025554,8,5,16,2210,5,2,2,1,3,78498,M,,,78
200800025555,8,5,23,1805,1,1,3,1,3,78624,M,,,78
200800025556,8,5,27,1830,1,2,2,2,6,78498,M,,,78
200800025557,8,5,30,1935,1,2,3,1,3,78498,M,,,78
200800025558,8,5,31,1825,1,2,6,1,6,78498,M,,,78
200800025559,8,5,27,1700,1,2,3,2,6,78498,M,,,78
200800025560,8,5,24,325,5,1,1,1,1,78624,M,,,78
200800025561,8,5,8,1215,1,2,6,1,3,78517,M,,,78
200800025562,8,5,29,840,1,1,1,1,4,78220,M,,,78
200800025563,8,5,15,1830,1,2,1,1,5,78481,M,,,78
200800025564,8,5,15,2340,5,2,1,1,2,78551,M,,,78
200800025565,8,5,19,1215,1,2,1,1,3,78481,M,,,78
200800025566,8,5,30,1925,1,2,1,1,4,78481,M,,,78
200800025567,8,5,31,40,5,2,1,1,6,78551,M,,,78
200800025568,8,5,2,1900,1,2,2,1,3,78586,M,,,78
200800025569,8,5,23,1700,1,2,1,1,3,78586,M,,,78
200800025570,8,5,24,1645,1,2,2,1,3,78586,M,,,78
200800025571,8,5,29,920,1,2,2,1,3,78586,M,,,78
200800025572,8,5,9,1535,1,2,2,1,3,78621,M,,,78
200800025573,8,5,13,1830,1,2,1,1,6,78621,M,,,78
200800025574,8,5,29,1305,1,2,1,1,7,78621,M,,,78
200800025575,8,5,30,1100,1,2,1,1,7,78621,M,,,78
200800025576,8,5,9,910,1,2,1,1,6,78686,M,,,78
200800025577,8,5,21,955,1,2,1,1,6,78322,M,,,78
200800025578,8,5,21,1015,1,2,3,1,2,78686,M,,,78
200800025579,8,5,21,1150,1,2,1,1,3,78640,M,,,78
200800025580,8,5,25,1710,1,1,1,1,6,78322,M,,,78
200800025581,8,5,27,930,1,2,1,2,3,78686,M,,,78
200800025582,8,5,31,630,1,2,1,1,1,78322,M,,,78
200800025583,8,5,2,1305,1,2,1,1,3,78646,M,,,78
200800025584,8,5,5,1650,1,2,2,1,6,78646,M,,,78
200800025585,8,5,6,1705,1,2,3,1,3,78646,M,,,78
200800025586,8,5,7,1110,1,2,2,1,2,78646,M,,,78
200800025587,8,5,14,1200,1,2,1,1,3,78117,M,,,78
200800025588,8,5,14,1500,1,2,7,1,6,78158,M,,,78
200800025589,8,5,16,940,1,2,1,1,3,78646,M,,,78
200800025590,8,5,15,1810,1,2,1,1,3,78646,M,,,78
200800025591,8,5,16,845,1,1,3,1,3,78117,M,,,78
200800025592,8,5,17,2020,1,2,2,2,1,78646,M,,,78
200800025593,8,5,19,1100,1,2,1,1,2,78646,M,,,78
200800025594,8,5,20,1500,1,2,3,1,6,78646,M,,,78
200800025595,8,5,22,1635,1,2,3,1,3,78646,M,,,78
200800025596,8,5,26,640,1,1,3,1,3,78524,M,,,78
200800025597,8,5,26,1300,1,2,3,1,6,78158,M,,,78
200800025598,8,5,31,1520,1,2,1,1,6,78646,M,,,78
200800025599,8,5,30,825,1,2,1,1,6,78646,M,,,78
200800025600,8,5,31,1210,1,2,1,1,6,78158,M,,,78
200800025601,8,5,30,1855,1,2,1,1,2,78646,M,,,78
200800025602,8,5,31,1310,1,2,1,1,5,78117,M,,,78
200800025603,8,5,14,2255,5,2,1,1,6,78650,M,,,78
200800025604,8,5,26,1055,1,2,1,1,6,78146,M,,,78
200800025605,8,5,27,1,5,2,1,1,1,78650,M,,,78
200800025606,8,5,27,1850,1,2,1,2,7,78418,M,,,78
200800025607,8,5,16,1315,1,2,6,3,3,79191,M,,,79
200800025608,8,5,26,2235,5,2,2,1,1,79191,M,,,79
200800025609,8,5,2,1735,1,1,3,1,3,79329,M,,,79
200800025610,8,5,10,2011,1,2,6,1,2,79329,M,,,79
200800025611,8,5,20,1210,1,2,6,1,3,80001,M,,,80
200800025612,8,5,1,1400,1,2,1,1,3,80021,M,,,80
200800025613,8,5,6,2055,1,2,2,1,3,80021,M,,,80
200800025614,8,5,5,1600,1,2,1,1,6,80021,M,,,80
200800025615,8,5,5,1555,1,2,1,1,7,80021,M,,,80
200800025616,8,5,6,850,1,2,2,1,3,80021,M,,,80
200800025617,8,5,6,1200,1,2,1,1,3,80021,M,,,80
200800025618,8,5,6,1620,1,2,1,1,3,80021,M,,,80
200800025619,8,5,6,1500,1,2,1,1,2,80021,M,,,80
200800025620,8,5,6,700,2,2,2,1,3,80021,M,,,80
200800025621,8,5,12,1815,1,2,1,1,3,80021,M,,,80
200800025622,8,5,12,1720,1,2,1,1,6,80021,M,,,80
200800025623,8,5,10,1145,1,2,3,1,3,80021,M,,,80
200800025624,8,5,10,1155,1,2,1,1,6,80021,M,,,80
200800025625,8,5,12,2155,2,2,1,1,3,80674,M,,,80
200800025626,8,5,9,1600,1,2,2,1,3,80021,M,,,80
200800025627,8,5,14,1550,1,2,2,1,3,80164,M,,,80
200800025628,8,5,15,2000,1,1,1,1,7,80021,M,,,80
200800025629,8,5,16,25,4,2,1,1,6,80379,M,,,80
200800025630,8,5,15,1530,1,2,3,2,6,80021,M,,,80
200800025631,8,5,15,1435,1,2,1,2,6,80021,M,,,80
200800025632,8,5,16,1705,1,2,1,2,6,80725,M,,,80
200800025633,8,5,16,1920,2,2,2,1,3,80021,M,,,80
200800025634,8,5,21,830,1,2,1,1,3,80021,M,,,80
200800025635,8,5,20,1735,1,2,1,1,3,80021,M,,,80
200800025636,8,5,22,1730,1,2,1,1,7,80021,M,,,80
200800025637,8,5,27,1800,1,2,1,2,6,80021,M,,,80
200800025638,8,5,27,1810,1,2,1,2,7,80021,M,,,80
200800025639,8,5,26,1840,1,2,1,2,3,80131,M,,,80
200800025640,8,5,29,1405,1,2,1,2,1,80021,M,,,80
200800025641,8,5,29,1705,1,2,1,1,7,80021,M,,,80
200800025642,8,5,31,1120,1,2,1,1,7,80021,M,,,80
200800025643,8,5,28,1020,1,2,1,1,2,80164,M,,,80
200800025644,8,5,8,1905,1,1,2,1,5,81060,M,,,81
200800025645,8,5,10,2345,3,1,1,1,7,81065,M,,,81
200800025646,8,5,5,1400,1,2,2,1,1,81021,M,,,81
200800025647,8,5,26,1015,1,2,1,1,1,81163,M,,,81
200800025648,8,5,28,1010,1,2,2,1,3,81021,M,,,81
200800025649,8,5,30,2015,1,2,3,1,3,82033,M,,,82
200800025650,8,5,6,1010,1,2,3,1,3,82121,M,,,82
200800025651,8,5,10,1425,1,2,1,1,6,82121,M,,,82
200800025652,8,5,18,5,3,2,1,1,1,82121,M,,,82
200800025653,8,5,21,1810,1,2,1,1,6,82121,M,,,82
200800025654,8,5,26,740,1,1,3,1,3,82121,M,,,82
200800025655,8,5,22,1900,1,1,1,1,1,82121,M,,,82
200800025656,8,5,10,902,1,2,6,1,5,82121,M,,,82
200800025657,8,5,23,1935,1,2,6,1,3,82121,M,,,82
200800025658,8,5,3,1243,1,1,1,7,1,83050,M,,,83
200800025659,8,5,8,1910,1,2,1,1,1,83050,M,,,83
200800025660,8,5,13,2050,3,2,1,1,6,83050,M,,,83
200800025661,8,5,14,1340,1,2,1,1,6,83050,M,,,83
200800025662,8,5,17,1410,1,2,1,2,5,83050,M,,,83
200800025663,8,5,15,2200,5,2,1,1,6,83118,M,,,83
200800025664,8,5,18,1310,1,2,1,1,1,83061,M,,,83
200800025665,8,5,26,1725,1,2,1,1,3,83061,M,,,83
200800025666,8,5,21,1740,1,1,1,1,2,83061,M,,,83
200800025667,8,5,1,1015,1,2,1,1,6,83034,M,,,83
200800025668,8,5,5,1230,1,2,1,1,6,83069,M,,,83
200800025669,8,5,24,2110,3,1,1,1,1,83069,M,,,83
200800025670,8,5,4,1625,1,2,1,1,1,83129,M,,,83
200800025671,8,5,6,2245,5,1,1,1,3,83123,M,,,83
200800025672,8,5,11,1750,1,2,1,1,7,83123,M,,,83
200800025673,8,5,13,1648,1,2,3,2,3,83129,M,,,83
200800025674,8,5,7,1750,1,2,1,1,5,83129,M,,,83
200800025675,8,5,19,1515,1,2,1,2,6,83123,M,,,83
200800025676,8,5,24,300,5,2,6,1,7,83129,M,,,83
200800025677,8,5,23,1900,1,2,3,1,3,83129,M,,,83
200800025678,8,5,29,1305,1,2,2,8,6,83123,M,,,83
200800025679,8,5,3,1535,1,1,3,1,3,83126,M,,,83
200800025680,8,5,11,1935,1,2,1,1,3,83126,M,,,83
200800025681,8,5,17,1430,1,2,1,1,3,83126,M,,,83
200800025682,8,5,29,1005,1,2,1,8,3,83126,M,,,83
200800025683,8,5,30,1125,1,2,2,1,1,83126,M,,,83
200800025684,8,5,1,2042,1,2,1,1,3,83137,M,,,83
200800025685,8,5,3,2030,5,2,1,1,7,83137,M,,,83
200800025686,8,5,5,1245,1,2,1,1,3,83137,M,,,83
200800025687,8,5,9,2210,4,2,3,1,3,83144,M,,,83
200800025688,8,5,8,1410,1,2,1,1,2,83137,M,,,83
200800025689,8,5,10,1305,1,2,1,1,2,83137,M,,,83
200800025690,8,5,7,1945,1,2,1,1,6,83137,M,,,83
200800025691,8,5,13,1645,1,2,3,2,3,83137,M,,,83
200800025692,8,5,13,1530,1,2,1,1,2,83137,M,,,83
200800025693,8,5,14,1800,1,2,1,1,3,83137,M,,,83
200800025694,8,5,15,800,1,2,1,1,6,83137,M,,,83
200800025695,8,5,7,1205,1,1,1,1,3,83090,M,,,83
200800025696,8,5,5,1100,1,2,1,1,3,83137,M,,,83
200800025697,8,5,9,1925,1,2,3,1,3,83137,M,,,83
200800025698,8,5,19,2115,5,2,1,1,3,83137,M,,,83
200800025699,8,5,20,840,1,1,1,8,6,83144,M,,,83
200800025700,8,5,21,35,5,2,1,1,6,83137,M,,,83
200800025701,8,5,16,2130,3,2,1,1,6,83062,M,,,83
200800025702,8,5,22,1710,1,2,1,1,6,83137,M,,,83
200800025703,8,5,26,1555,1,2,1,2,6,83137,M,,,83
200800025704,8,5,22,930,1,1,1,1,2,83090,M,,,83
200800025705,8,5,24,1520,1,2,1,1,2,83137,M,,,83
200800025706,8,5,16,1700,1,2,1,2,2,83137,M,,,83
200800025707,8,5,10,1130,1,2,1,1,3,83137,M,,,83
200800025708,8,5,23,1715,1,2,2,1,3,83062,M,,,83
200800025709,8,5,22,1345,1,1,3,1,5,83090,M,,,83
200800025710,8,5,19,1856,1,2,4,2,4,83137,M,,,83
200800025711,8,5,17,930,1,2,1,2,3,83137,M,,,83
200800025712,8,5,1,1915,1,2,1,1,6,84007,M,,,84
200800025713,8,5,2,1215,1,2,1,1,2,84007,M,,,84
200800025714,8,5,2,1230,1,2,1,1,2,84007,M,,,84
200800025715,8,5,3,1020,1,2,1,1,6,84007,M,,,84
200800025716,8,5,3,1100,1,2,1,1,6,84007,M,,,84
200800025717,8,5,3,1500,1,2,3,1,3,84007,M,,,84
200800025718,8,5,3,2020,2,2,9,1,6,84007,M,,,84
200800025719,8,5,2,1025,1,2,1,1,4,84007,M,,,84
200800025720,8,5,5,1845,1,2,1,3,6,84007,M,,,84
200800025721,8,5,6,1155,1,2,3,1,3,84007,M,,,84
200800025722,8,5,6,1815,1,2,1,1,4,84007,M,,,84
200800025723,8,5,7,1255,1,1,1,1,3,84007,M,,,84
200800025724,8,5,10,2045,1,2,1,1,3,84007,M,,,84
200800025725,8,5,13,1150,1,2,1,1,3,84007,M,,,84
200800025726,8,5,18,1420,1,2,1,1,6,84007,M,,,84
200800025727,8,5,18,1630,1,2,1,1,1,84007,M,,,84
200800025728,8,5,21,740,1,2,1,1,3,84007,M,,,84
200800025729,8,5,24,1530,1,2,1,1,6,84007,M,,,84
200800025730,8,5,28,1900,1,2,1,1,6,84007,M,,,84
200800025731,8,5,11,1400,1,1,1,1,3,84035,M,,,84
200800025732,8,5,2,1535,1,2,1,1,3,84087,M,,,84
200800025733,8,5,22,1600,1,2,1,1,6,84087,M,,,84
200800025734,8,5,31,1340,1,2,2,2,3,84087,M,,,84
200800025735,8,5,1,1340,1,2,2,1,3,84089,M,,,84
200800025736,8,5,12,2230,3,1,1,1,7,84089,M,,,84
200800025737,8,5,21,1330,1,2,1,1,3,84089,M,,,84
200800025738,8,5,11,1930,1,1,1,1,3,85191,M,,,85
200800025739,8,5,10,1218,1,2,1,1,3,85191,M,,,85
200800025740,8,5,15,1845,1,2,1,1,3,85191,M,,,85
200800025741,8,5,17,822,1,1,1,1,6,85191,M,,,85
200800025742,8,5,15,1105,1,2,2,1,3,85191,M,,,85
200800025743,8,5,15,1527,1,2,1,1,2,85191,M,,,85
200800025744,8,5,20,1110,1,2,3,1,6,85191,M,,,85
200800025745,8,5,30,1840,1,2,1,1,3,85191,M,,,85
200800025746,8,5,2,1555,1,2,6,1,3,85194,M,,,85
200800025747,8,5,3,1740,1,2,3,1,3,85194,M,,,85
200800025748,8,5,5,930,1,2,6,1,6,85194,M,,,85
200800025749,8,5,6,1710,1,2,1,1,2,85194,M,,,85
200800025750,8,5,10,2000,1,2,1,1,6,85194,M,,,85
200800025751,8,5,14,905,1,2,3,2,6,85194,M,,,85
200800025752,8,5,14,1245,1,2,2,1,3,85194,M,,,85
200800025753,8,5,22,1715,1,2,1,1,6,85194,M,,,85
200800025754,8,5,30,1740,1,2,3,1,3,85194,M,,,85
200800025755,8,5,5,1715,1,2,1,2,6,86194,M,,,86
200800025756,8,5,6,2105,5,2,1,1,6,86194,M,,,86
200800025757,8,5,7,1730,1,2,1,1,6,86194,M,,,86
200800025758,8,5,8,1200,1,2,3,1,3,86194,M,,,86
200800025759,8,5,13,1635,1,2,6,1,3,86041,M,,,86
200800025760,8,5,13,1910,1,2,1,1,4,86194,M,,,86
200800025761,8,5,14,1115,1,1,1,1,6,86214,M,,,86
200800025762,8,5,15,1820,1,2,1,1,3,86157,M,,,86
200800025763,8,5,17,1435,1,2,3,1,4,86194,M,,,86
200800025764,8,5,18,1725,1,2,6,8,2,86194,M,,,86
200800025765,8,5,27,1545,1,2,2,2,3,86194,M,,,86
200800025766,8,5,28,1600,1,2,2,1,3,86194,M,,,86
200800025767,8,5,29,1645,1,2,1,1,6,86194,M,,,86
200800025768,8,5,1,1632,1,2,2,1,3,87085,M,,,87
200800025769,8,5,4,1604,1,2,1,1,6,87065,M,,,87
200800025770,8,5,4,1917,1,1,1,1,6,87085,M,,,87
200800025771,8,5,6,1431,1,2,1,1,3,87065,M,,,87
200800025772,8,5,6,1812,1,2,3,1,3,87085,M,,,87
200800025773,8,5,7,1605,1,2,1,1,6,87085,M,,,87
200800025774,8,5,8,634,1,2,2,1,3,87085,M,,,87
200800025775,8,5,10,1320,1,1,1,1,6,87048,M,,,87
200800025776,8,5,11,1451,1,1,1,1,1,87085,M,,,87
200800025777,8,5,12,1259,1,2,1,1,3,87085,M,,,87
200800025778,8,5,13,947,1,2,2,1,3,87085,M,,,87
200800025779,8,5,15,1733,1,2,1,1,6,87085,M,,,87
200800025780,8,5,16,1916,1,2,1,1,7,87085,M,,,87
200800025781,8,5,19,1402,1,1,1,1,6,87085,M,,,87
200800025782,8,5,20,845,1,2,1,1,7,87085,M,,,87
200800025783,8,5,20,1128,1,2,1,1,6,87085,M,,,87
200800025784,8,5,22,1041,1,2,1,1,6,87085,M,,,87
200800025785,8,5,22,1424,1,2,2,1,3,87085,M,,,87
200800025786,8,5,22,1731,1,2,1,1,1,87085,M,,,87
200800025787,8,5,24,1339,1,2,1,2,2,87085,M,,,87
200800025788,8,5,24,2119,1,2,3,1,3,87085,M,,,87
200800025789,8,5,26,1658,1,2,1,1,6,87085,M,,,87
200800025790,8,5,27,751,1,2,1,3,4,87085,M,,,87
200800025791,8,5,27,1741,1,2,3,2,3,87085,M,,,87
200800025792,8,5,28,1648,1,1,1,1,6,87075,M,,,87
200800025793,8,5,30,1150,1,2,1,1,6,87085,M,,,87
200800025794,8,5,30,2304,3,2,1,1,6,87113,M,,,87
200800025795,8,5,3,2042,1,2,2,1,3,88160,M,,,88
200800025796,8,5,20,1038,1,2,1,1,2,88209,M,4819083.0,642506.0,88
200800025797,8,5,30,1720,1,2,1,1,2,88160,M,,,88
200800025798,8,5,5,1315,1,2,3,1,3,88160,M,4814879.0,645925.0,88
200800025799,8,5,27,1315,1,1,1,2,3,89024,M,,,89
200800025800,8,5,15,1725,1,2,1,2,2,89387,M,,,89
200800025801,8,5,16,1220,1,2,1,1,6,89387,M,,,89
200800025802,8,5,23,1110,1,2,1,1,2,89387,M,,,89
200800025803,8,5,26,1545,1,1,1,3,2,89387,M,,,89
200800025804,8,5,2,1605,1,2,1,1,7,90010,M,,,90
200800025805,8,5,2,1615,1,1,1,1,6,90075,M,,,90
200800025806,8,5,7,1735,1,2,1,1,7,90099,M,,,90
200800025807,8,5,8,1445,1,2,1,1,7,90075,M,,,90
200800025808,8,5,8,1830,1,1,1,1,7,90008,M,,,90
200800025809,8,5,13,1650,1,2,1,1,2,90008,M,,,90
200800025810,8,5,14,749,1,2,1,1,3,90010,M,,,90
200800025811,8,5,14,1215,1,2,1,1,3,90010,M,,,90
200800025812,8,5,21,1235,1,2,9,1,4,90010,M,,,90
200800025813,8,5,20,1510,1,2,2,1,3,90010,M,,,90
200800025814,8,5,23,920,1,2,1,1,6,90010,M,,,90
200800025815,8,5,24,740,1,2,1,2,7,90008,M,,,90
200800025816,8,5,25,130,5,1,1,2,7,90010,M,,,90
200800025817,8,5,25,1626,1,2,1,1,6,90099,M,,,90
200800025818,8,5,30,1519,1,1,1,1,1,90010,M,,,90
200800025819,8,5,30,1640,1,2,1,1,3,90099,M,,,90
200800025820,8,5,31,1440,1,2,3,2,3,90010,M,,,90
200800025821,8,5,1,1503,1,2,2,2,1,91103,M,,,91
200800025822,8,5,4,1830,1,2,2,1,3,91339,M,,,91
200800025823,8,5,6,1925,1,1,1,7,2,91425,M,,,91
200800025824,8,5,19,230,5,1,1,2,1,91339,M,,,91
200800025825,8,5,17,1550,1,2,1,1,6,91103,M,,,91
200800025826,8,5,21,750,1,2,6,1,3,91021,M,,,91
200800025827,8,5,22,925,1,1,1,1,2,91339,M,,,91
200800025828,8,5,1,625,2,1,1,1,3,91514,M,,,91
200800025829,8,5,8,1340,1,2,2,1,2,91114,M,,,91
200800025830,8,5,13,930,1,2,2,1,3,91114,M,,,91
200800025831,8,5,15,1145,1,2,2,1,3,91114,M,,,91
200800025832,8,5,17,2030,5,2,1,1,6,91097,M,,,91
200800025833,8,5,26,500,2,2,1,1,7,91514,M,,,91
200800025834,8,5,26,930,1,2,1,1,6,91514,M,,,91
200800025835,8,5,27,1455,1,2,1,8,6,91114,M,,,91
200800025836,8,5,29,1520,1,2,1,1,3,91114,M,,,91
200800025837,8,5,31,1135,1,2,1,1,2,91097,M,,,91
200800025838,8,5,21,1415,1,2,1,1,6,91174,M,,,91
200800025839,8,5,15,1858,1,2,1,1,6,91174,M,,,91
200800025840,8,5,4,245,5,2,1,1,6,91657,M,,,91
200800025841,8,5,27,855,2,2,1,1,3,91657,M,,,91
200800025842,8,5,1,1700,1,2,2,1,3,91657,M,,,91
200800025843,8,5,22,1815,1,2,1,1,4,91201,M,,,91
200800025844,8,5,24,1745,1,2,1,1,2,91201,M,,,91
200800025845,8,5,27,145,3,2,1,1,6,91657,M,,,91
200800025846,8,5,31,1755,1,2,1,1,6,91657,M,,,91
200800025847,8,5,3,1440,1,1,1,1,7,91433,M,,,91
200800025848,8,5,8,1615,1,2,1,1,1,91469,M,,,91
200800025849,8,5,13,600,2,1,1,1,7,91223,M,,,91
200800025850,8,5,18,820,1,1,1,1,7,91223,M,,,91
200800025851,8,5,23,2125,5,2,1,1,7,91223,M,,,91
200800025852,8,5,26,1650,1,2,1,1,7,91223,M,,,91
200800025853,8,5,27,1935,1,2,1,1,7,91223,M,,,91
200800025854,8,5,30,1750,1,2,3,1,3,91433,M,,,91
200800025855,8,5,30,2105,2,1,1,1,7,91223,M,,,91
200800025856,8,5,30,2145,2,1,2,1,3,91433,M,,,91
200800025857,8,5,31,1625,1,1,1,1,7,91223,M,,,91
200800025858,8,5,5,1229,1,2,1,1,6,91228,M,,,91
200800025859,8,5,6,830,1,2,1,7,6,91182,M,,,91
200800025860,8,5,8,1,5,2,3,1,3,91521,M,,,91
200800025861,8,5,11,1600,1,2,1,1,3,91521,M,,,91
200800025862,8,5,25,405,5,2,1,1,6,91521,M,,,91
200800025863,8,5,25,2110,2,2,3,2,3,91228,M,,,91
200800025864,8,5,30,905,1,2,2,1,3,91228,M,,,91
200800025865,8,5,10,1010,1,2,2,1,2,91687,M,,,91
200800025866,8,5,18,1930,1,2,1,1,6,91434,M,,,91
200800025867,8,5,16,820,1,2,1,1,6,91286,M,,,91
200800025868,8,5,4,1835,1,2,2,1,3,91421,M,,,91
200800025869,8,5,6,710,1,2,1,1,1,91191,M,,,91
200800025870,8,5,19,1120,1,2,1,1,3,91421,M,,,91
200800025871,8,5,17,2310,5,2,3,1,1,91691,M,,,91
200800025872,8,5,18,1455,1,1,1,2,2,91421,M,,,91
200800025873,8,5,19,1310,1,2,1,1,6,91691,M,,,91
200800025874,8,5,21,1245,1,2,1,1,6,91191,M,,,91
200800025875,8,5,24,1435,1,2,1,1,6,91191,M,,,91
200800025876,8,5,27,1830,1,2,1,1,6,91691,M,,,91
200800025877,8,5,28,1335,1,2,1,1,6,91421,M,,,91
200800025878,8,5,29,1030,1,2,1,1,6,91691,M,,,91
200800025879,8,5,4,1745,1,2,1,1,3,91471,M,,,91
200800025880,8,5,5,1750,1,2,1,1,6,91692,M,,,91
200800025881,8,5,6,1120,1,1,1,1,1,91692,M,,,91
200800025882,8,5,6,1705,1,2,1,1,6,91477,M,,,91
200800025883,8,5,9,1625,1,2,1,1,6,91692,M,,,91
200800025884,8,5,13,730,2,1,1,1,6,91312,M,,,91
200800025885,8,5,20,1650,1,2,1,1,3,91471,M,,,91
200800025886,8,5,21,755,1,2,1,1,3,91692,M,,,91
200800025887,8,5,21,1030,1,1,1,1,6,91477,M,,,91
200800025888,8,5,23,1205,1,2,1,1,6,91477,M,,,91
200800025889,8,5,30,1125,1,2,1,1,6,91064,M,,,91
200800025890,8,5,30,916,1,1,6,1,2,91477,M,,,91
200800025891,8,5,1,1105,1,2,1,1,6,91549,M,,,91
200800025892,8,5,13,1930,1,2,1,1,7,91667,M,,,91
200800025893,8,5,16,1920,1,2,2,1,3,91549,M,,,91
200800025894,8,5,19,810,1,2,1,1,7,91549,M,,,91
200800025895,8,5,23,1512,1,2,1,1,6,91549,M,,,91
200800025896,8,5,3,45,3,2,1,1,2,91589,M,,,91
200800025897,8,5,12,234,3,1,1,1,4,91432,M,,,91
200800025898,8,5,4,1410,1,2,3,1,3,92014,M,,,92
200800025899,8,5,13,1220,1,2,1,1,6,92002,M,,,92
200800025900,8,5,15,1950,1,2,2,1,3,92002,M,,,92
200800025901,8,5,28,1300,1,1,2,7,5,92002,M,,,92
200800025902,8,5,29,1640,1,2,2,8,2,92014,M,,,92
200800025903,8,5,28,1925,2,2,1,2,6,92004,M,,,92
200800025904,8,5,1,1800,4,2,3,1,5,92009,M,,,92
200800025905,8,5,5,840,1,2,1,1,6,92004,M,,,92
200800025906,8,5,5,1925,1,2,3,1,6,92009,M,,,92
200800025907,8,5,7,1940,2,2,2,1,3,92004,M,,,92
200800025908,8,5,8,1600,1,2,3,1,3,92004,M,,,92
200800025909,8,5,8,1840,1,2,1,1,6,92004,M,,,92
200800025910,8,5,14,1145,1,2,3,1,6,92004,M,,,92
200800025911,8,5,11,1625,1,2,1,1,2,92004,M,,,92
200800025912,8,5,16,2130,5,2,3,1,3,92004,M,,,92
200800025913,8,5,28,1750,1,2,1,1,6,92004,M,,,92
200800025914,8,5,30,1240,1,2,1,1,6,92004,M,,,92
200800025915,8,5,31,1410,1,2,1,1,2,92004,M,,,92
200800025916,8,5,9,2010,1,2,3,1,3,92007,M,,,92
200800025917,8,5,12,2150,2,2,2,1,7,92007,M,,,92
200800025918,8,5,16,2130,2,2,3,1,3,92007,M,,,92
200800025919,8,5,19,1200,1,2,1,1,6,92007,M,,,92
200800025920,8,5,23,930,1,2,3,1,4,92007,M,,,92
200800025921,8,5,28,555,2,2,2,1,3,92007,M,,,92
200800025922,8,5,10,655,1,2,6,1,3,92012,M,,,92
200800025923,8,5,10,1525,1,2,2,1,6,92012,M,,,92
200800025924,8,5,10,2335,5,2,1,1,2,92012,M,,,92
200800025925,8,5,14,1650,1,2,1,1,6,92012,M,,,92
200800025926,8,5,14,1300,1,2,1,1,4,92012,M,,,92
200800025927,8,5,16,1145,1,2,1,1,6,92012,M,,,92
200800025928,8,5,15,2140,5,2,1,1,2,92012,M,,,92
200800025929,8,5,19,1410,1,2,2,1,6,92012,M,,,92
200800025930,8,5,17,1645,1,2,2,1,3,92012,M,,,92
200800025931,8,5,21,830,1,2,1,1,6,92012,M,,,92
200800025932,8,5,21,1810,1,2,1,1,6,92012,M,,,92
200800025933,8,5,22,1155,1,2,2,1,3,92012,M,,,92
200800025934,8,5,24,1440,1,2,1,1,7,92012,M,,,92
200800025935,8,5,26,1800,1,2,2,1,3,92012,M,,,92
200800025936,8,5,27,1750,1,2,1,1,6,92012,M,,,92
200800025937,8,5,27,1305,1,2,1,1,3,92012,M,,,92
200800025938,8,5,30,1420,1,2,1,1,2,92012,M,,,92
200800025939,8,5,21,1830,1,2,1,1,3,92019,M,,,92
200800025940,8,5,22,2045,1,2,3,1,3,92019,M,,,92
200800025941,8,5,23,845,1,2,1,1,4,92019,M,,,92
200800025942,8,5,24,1605,1,2,1,2,6,92032,M,,,92
200800025943,8,5,29,830,1,2,2,1,2,92071,M,,,92
200800025944,8,5,2,855,1,2,1,1,3,92060,M,,,92
200800025945,8,5,3,1110,1,2,1,1,3,92023,M,,,92
200800025946,8,5,12,745,1,2,3,1,3,92023,M,,,92
200800025947,8,5,10,1835,1,2,3,1,6,92023,M,,,92
200800025948,8,5,14,1340,1,2,1,1,6,92023,M,,,92
200800025949,8,5,17,1800,1,2,1,1,6,92023,M,,,92