Num_Acc,an,mois,jour,hrmn,lum,agg,int,atm,col,com,gps,lat,long,dep
200800025950,8,5,16,1930,1,2,3,1,6,92023,M,,,92
200800025951,8,5,21,1750,1,2,4,1,1,92023,M,,,92
200800025952,8,5,28,1445,1,2,4,1,1,92060,M,,,92
200800025953,8,5,31,2300,5,2,3,1,2,92023,M,,,92
200800025954,8,5,2,1850,1,2,1,1,3,92024,M,,,92
200800025955,8,5,6,2005,1,2,2,1,3,92024,M,,,92
200800025956,8,5,11,1550,1,2,1,1,2,92024,M,,,92
200800025957,8,5,8,1840,1,2,1,1,3,92024,M,,,92
200800025958,8,5,21,1945,1,2,1,1,3,92024,M,,,92
200800025959,8,5,23,1945,1,2,2,1,3,92024,M,,,92
200800025960,8,5,23,2030,1,2,1,1,6,92024,M,,,92
200800025961,8,5,26,1555,1,2,2,3,3,92024,M,,,92
200800025962,8,5,27,1030,1,2,3,2,6,92024,M,,,92
200800025963,8,5,4,1500,1,2,3,1,1,92025,M,,,92
200800025964,8,5,11,1720,1,2,2,1,3,92025,M,,,92
200800025965,8,5,14,825,1,2,3,1,6,92025,M,,,92
200800025966,8,5,17,2120,2,2,2,1,6,92025,M,,,92
200800025967,8,5,21,1530,1,2,1,1,3,92025,M,,,92
200800025968,8,5,21,1635,1,2,2,1,3,92025,M,,,92
200800025969,8,5,22,1850,1,2,5,1,5,92025,M,,,92
200800025970,8,5,25,2015,1,2,1,1,5,92025,M,,,92
200800025971,8,5,26,855,1,2,1,1,6,92025,M,,,92
200800025972,8,5,27,1445,1,2,2,2,3,92025,M,,,92
200800025973,8,5,29,1300,1,2,1,1,6,92025,M,,,92
200800025974,8,5,1,1535,1,2,3,1,2,92026,M,,,92
200800025975,8,5,8,1100,1,2,3,1,4,92026,M,,,92
200800025976,8,5,8,1900,1,2,1,1,3,92026,M,,,92
200800025977,8,5,5,1135,1,2,1,1,6,92026,M,,,92
200800025978,8,5,24,1040,1,2,1,1,6,92026,M,,,92
200800025979,8,5,21,930,1,2,1,1,3,92026,M,,,92
200800025980,8,5,18,2030,1,2,1,1,2,92026,M,,,92
200800025981,8,5,13,1935,1,2,2,1,7,92035,M,,,92
200800025982,8,5,5,1540,1,2,1,1,6,92035,M,,,92
200800025983,8,5,7,1500,1,2,1,1,6,92035,M,,,92
200800025984,8,5,23,2100,2,2,5,1,3,92035,M,,,92
200800025985,8,5,4,1405,1,2,1,1,7,92036,M,,,92
200800025986,8,5,7,745,1,2,1,7,3,92036,M,,,92
200800025987,8,5,9,1400,1,2,1,1,4,92036,M,,,92
200800025988,8,5,14,1720,1,2,3,3,3,92036,M,,,92
200800025989,8,5,20,130,5,2,1,1,6,92036,M,,,92
200800025990,8,5,21,1800,1,2,1,1,4,92036,M,,,92
200800025991,8,5,5,1750,1,2,1,1,6,92040,M,,,92
200800025992,8,5,11,1520,1,2,1,1,3,92040,M,,,92
200800025993,8,5,17,1405,1,2,1,1,6,92040,M,,,92
200800025994,8,5,19,1420,1,2,1,1,3,92040,M,,,92
200800025995,8,5,20,1520,1,2,1,1,2,92040,M,,,92
200800025996,8,5,21,2140,1,2,1,1,6,92040,M,,,92
200800025997,8,5,6,845,1,2,1,1,3,92044,M,,,92
200800025998,8,5,14,1630,1,2,2,1,6,92044,M,,,92
200800025999,8,5,15,1205,1,2,2,1,3,92044,M,,,92
200800026000,8,5,17,1305,1,2,1,1,6,92044,M,,,92
200800026001,8,5,20,730,1,2,2,1,3,92044,M,,,92
200800026002,8,5,23,2125,2,2,1,1,2,92044,M,,,92
200800026003,8,5,28,1355,1,2,1,1,6,92044,M,,,92
200800026004,8,5,29,1205,1,2,2,1,3,92044,M,,,92
200800026005,8,5,2,2250,5,2,6,1,6,92048,M,,,92
200800026006,8,5,8,1630,1,1,2,1,3,92048,M,,,92
200800026007,8,5,16,745,1,2,2,1,1,92048,M,,,92
200800026008,8,5,1,2215,5,2,1,1,6,92049,M,,,92
200800026009,8,5,2,1205,1,2,1,1,3,92020,M,,,92
200800026010,8,5,4,340,5,2,2,1,2,92020,M,,,92
200800026011,8,5,8,1140,1,2,1,1,3,92020,M,,,92
200800026012,8,5,8,2345,5,2,1,1,3,92049,M,,,92
200800026013,8,5,9,1545,1,2,1,1,6,92020,M,,,92
200800026014,8,5,6,945,1,2,1,1,3,92049,M,,,92
200800026015,8,5,16,1740,1,2,1,1,7,92049,M,,,92
200800026016,8,5,19,1615,1,2,1,1,3,92020,M,,,92
200800026017,8,5,19,844,1,2,1,1,3,92049,M,,,92
200800026018,8,5,22,925,1,2,1,1,3,92049,M,,,92
200800026019,8,5,24,845,2,2,1,2,6,92049,M,,,92
200800026020,8,5,24,2025,2,2,1,1,6,92049,M,,,92
200800026021,8,5,29,1225,1,2,1,1,6,92049,M,,,92
200800026022,8,5,29,1545,1,2,1,1,2,92020,M,,,92
200800026023,8,5,31,215,5,2,2,1,3,92049,M,,,92
200800026024,8,5,2,1830,1,2,6,1,2,92050,M,,,92
200800026025,8,5,21,1010,1,2,6,1,6,92050,M,,,92
200800026026,8,5,23,935,1,2,3,1,7,92050,M,,,92
200800026027,8,5,6,1800,1,2,1,1,3,92051,M,,,92
200800026028,8,5,7,1230,1,2,1,1,6,92051,M,,,92
200800026029,8,5,7,1445,1,2,1,1,5,92051,M,,,92
200800026030,8,5,7,1650,1,2,1,1,6,92051,M,,,92
200800026031,8,5,13,815,1,2,1,1,3,92051,M,,,92
200800026032,8,5,22,1420,1,2,1,1,6,92051,M,,,92
200800026033,8,5,23,945,1,2,1,1,5,92051,M,,,92
200800026034,8,5,24,2040,1,2,1,1,6,92051,M,,,92
200800026035,8,5,14,1800,1,2,1,2,6,92051,M,,,92
200800026036,8,5,25,1953,1,2,1,1,6,92051,M,,,92
200800026037,8,5,19,840,1,2,1,1,3,92051,M,,,92
200800026038,8,5,29,1450,1,2,1,1,3,92051,M,,,92
200800026039,8,5,26,1810,1,2,1,1,3,92051,M,,,92
200800026040,8,5,27,1125,1,2,1,1,2,92051,M,,,92
200800026041,8,5,30,1006,1,2,1,1,6,92051,M,,,92
200800026042,8,5,13,1120,1,2,1,1,3,92051,M,,,92
200800026043,8,5,3,1925,1,2,1,1,6,92062,M,,,92
200800026044,8,5,19,1601,1,2,2,1,3,92062,M,,,92
200800026045,8,5,17,1330,1,2,1,1,2,92062,M,,,92
200800026046,8,5,19,1810,1,2,3,1,6,92062,M,,,92
200800026047,8,5,26,1655,1,2,3,2,5,92062,M,,,92
200800026048,8,5,30,1925,1,2,3,1,3,92062,M,,,92
200800026049,8,5,14,2020,1,2,2,3,3,92063,M,,,92
200800026050,8,5,16,820,1,2,1,1,3,92076,M,,,92
200800026051,8,5,16,1240,1,2,1,1,2,92064,M,,,92
200800026052,8,5,17,1700,1,2,1,2,2,92064,M,,,92
200800026053,8,5,18,1710,1,2,1,1,2,92064,M,,,92
200800026054,8,5,19,1015,1,2,1,1,6,92064,M,,,92
200800026055,8,5,26,840,1,2,3,8,5,92033,M,,,92
200800026056,8,5,13,830,1,2,1,1,6,92077,M,,,92
200800026057,8,5,21,1703,1,2,1,1,2,92072,M,,,92
200800026058,8,5,22,1445,1,2,1,1,1,92072,M,,,92
200800026059,8,5,23,1710,1,2,2,1,3,92072,M,,,92
200800026060,8,5,26,830,1,2,1,1,2,92072,M,,,92
200800026061,8,5,12,1930,1,2,1,2,7,92073,M,,,92
200800026062,8,5,23,1450,1,2,1,1,5,92073,M,,,92
200800026063,8,5,7,1030,1,2,1,1,6,92075,M,,,92
200800026064,8,5,14,1240,1,2,2,1,1,92075,M,,,92
200800026065,8,5,15,915,1,2,1,1,6,92075,M,,,92
200800026066,8,5,21,1830,1,2,1,1,6,92046,M,,,92
200800026067,8,5,22,940,1,2,3,1,3,92046,M,,,92
200800026068,8,5,30,1755,1,2,1,1,2,92075,M,,,92
200800026069,8,5,20,1115,1,2,1,1,3,92078,M,,,92
200800026070,8,5,21,1820,1,2,1,1,3,92078,M,,,92
200800026071,8,5,13,1730,1,2,3,1,2,92062,M,,,92
200800026072,8,5,16,1755,1,2,3,1,3,92026,M,,,92
200800026073,8,5,22,1000,1,2,3,1,6,92026,M,,,92
200800026074,8,5,23,1832,1,2,2,1,3,92026,M,,,92
200800026075,8,5,31,1530,1,2,3,1,3,92026,M,,,92
200800026076,8,5,3,1940,1,2,3,1,6,93001,M,,,93
200800026077,8,5,4,2030,1,2,1,1,6,93001,M,,,93
200800026078,8,5,7,1920,1,2,2,1,6,93001,M,,,93
200800026079,8,5,11,1340,1,2,2,1,1,93001,M,,,93
200800026080,8,5,13,2054,1,2,1,1,2,93001,M,,,93
200800026081,8,5,16,1815,1,2,1,2,2,93001,M,,,93
200800026082,8,5,17,1425,1,2,2,1,3,93001,M,,,93
200800026083,8,5,18,1905,1,2,1,1,6,93001,M,,,93
200800026084,8,5,18,2150,4,2,3,1,3,93001,M,,,93
200800026085,8,5,20,1740,1,2,1,1,6,93001,M,,,93
200800026086,8,5,21,1740,1,2,1,1,6,93001,M,,,93
200800026087,8,5,22,610,2,2,2,1,3,93001,M,,,93
200800026088,8,5,23,930,1,2,2,1,3,93001,M,,,93
200800026089,8,5,25,250,5,2,1,1,3,93001,M,,,93
200800026090,8,5,26,1040,1,2,1,1,6,93001,M,,,93
200800026091,8,5,26,1120,1,2,3,1,3,93001,M,,,93
200800026092,8,5,26,1220,1,2,1,1,1,93001,M,,,93
200800026093,8,5,30,1800,1,2,1,1,3,93001,M,,,93
200800026094,8,5,3,145,3,2,1,1,3,93005,M,,,93
200800026095,8,5,3,1820,1,2,1,1,4,93005,M,,,93
200800026096,8,5,4,2120,5,2,2,1,3,93005,M,,,93
200800026097,8,5,9,750,1,2,1,1,3,93005,M,,,93
200800026098,8,5,12,1650,1,2,1,1,4,93005,M,,,93
200800026099,8,5,13,2330,5,2,6,1,6,93005,M,,,93
200800026100,8,5,16,1630,1,2,9,1,2,93005,M,,,93
200800026101,8,5,17,2230,5,2,3,2,2,93005,M,,,93
200800026102,8,5,19,1430,1,2,3,1,1,93005,M,,,93
200800026103,8,5,21,320,5,2,7,1,7,93005,M,,,93
200800026104,8,5,22,1215,1,2,1,1,3,93005,M,,,93
200800026105,8,5,26,1910,1,2,1,1,1,93005,M,,,93
200800026106,8,5,27,945,1,2,1,2,6,93005,M,,,93
200800026107,8,5,29,2230,5,2,2,1,3,93005,M,,,93
200800026108,8,5,30,1650,1,2,3,1,1,93005,M,,,93
200800026109,8,5,31,705,1,2,2,1,3,93005,M,,,93
200800026110,8,5,11,220,5,2,1,1,3,93007,M,,,93
200800026111,8,5,12,105,5,2,1,1,6,93007,M,,,93
200800026112,8,5,13,920,1,2,1,1,7,93007,M,,,93
200800026113,8,5,15,1245,1,2,1,1,6,93007,M,,,93
200800026114,8,5,17,2145,5,2,2,8,3,93007,M,,,93
200800026115,8,5,21,2015,1,2,1,1,6,93007,M,,,93
200800026116,8,5,30,2105,1,2,1,1,2,93007,M,,,93
200800026117,8,5,14,1215,1,2,1,1,7,93008,M,,,93
200800026118,8,5,18,2305,5,2,3,1,4,93008,M,,,93
200800026119,8,5,29,1010,1,2,1,8,2,93008,M,,,93
200800026120,8,5,29,2000,1,2,3,1,3,93008,M,,,93
200800026121,8,5,2,225,5,2,1,2,3,93057,M,,,93
200800026122,8,5,3,1440,1,2,1,1,2,93010,M,,,93
200800026123,8,5,4,1715,1,2,1,1,6,93010,M,,,93
200800026124,8,5,11,1440,1,2,1,1,3,93057,M,,,93
200800026125,8,5,13,1005,1,2,1,1,2,93010,M,,,93
200800026126,8,5,14,830,1,2,1,1,6,93010,M,,,93
200800026127,8,5,24,1750,1,2,1,2,2,93010,M,,,93
200800026128,8,5,25,1730,1,2,1,1,6,93010,M,,,93
200800026129,8,5,31,1625,1,2,1,1,6,93010,M,,,93
200800026130,8,5,21,750,1,2,3,1,6,93027,M,,,93
200800026131,8,5,15,1920,1,2,1,1,6,93027,M,,,93
200800026132,8,5,1,35,5,2,2,1,3,93027,M,,,93
200800026133,8,5,3,2150,5,2,6,1,3,93027,M,,,93
200800026134,8,5,6,2210,5,2,2,1,3,93027,M,,,93
200800026135,8,5,11,2140,5,2,2,1,4,93013,M,,,93
200800026136,8,5,17,2050,1,2,1,1,6,93027,M,,,93
200800026137,8,5,29,1835,1,2,1,1,2,93027,M,,,93
200800026138,8,5,4,1605,1,2,3,1,6,93029,M,,,93
200800026139,8,5,9,1258,1,2,1,1,6,93029,M,,,93
200800026140,8,5,14,1920,1,2,1,1,6,93029,M,,,93
200800026141,8,5,26,1648,1,2,1,1,6,93029,M,,,93
200800026142,8,5,26,1715,1,2,2,1,3,93029,M,,,93
200800026143,8,5,28,1345,1,2,1,1,6,93029,M,,,93
200800026144,8,5,30,1350,1,2,2,1,7,93029,M,,,93
200800026145,8,5,30,1705,1,2,2,1,3,93029,M,,,93
200800026146,8,5,3,1950,1,2,1,1,6,93031,M,,,93
200800026147,8,5,5,1800,1,2,1,1,3,93031,M,,,93
200800026148,8,5,10,1240,1,1,1,1,6,93079,M,,,93
200800026149,8,5,12,1440,1,2,1,1,3,93079,M,,,93
200800026150,8,5,24,950,1,2,1,1,1,93031,M,,,93
200800026151,8,5,7,1900,1,2,3,1,5,93047,M,,,93
200800026152,8,5,11,2000,1,2,3,1,2,93032,M,,,93
200800026153,8,5,25,1800,1,2,3,1,3,93047,M,,,93
200800026154,8,5,25,2125,5,2,1,8,2,93032,M,,,93
200800026155,8,5,31,2240,5,2,1,9,3,93047,M,,,93
200800026156,8,5,23,1850,1,2,1,1,6,93047,M,,,93
200800026157,8,5,1,1910,1,2,1,1,6,93006,M,,,93
200800026158,8,5,3,1610,1,2,6,1,3,93006,M,,,93
200800026159,8,5,7,1945,1,2,9,1,3,93006,M,,,93
200800026160,8,5,8,1900,1,2,1,1,3,93045,M,,,93
200800026161,8,5,13,1135,1,2,1,1,6,93045,M,,,93
200800026162,8,5,14,1740,1,2,5,1,3,93006,M,,,93
200800026163,8,5,19,1630,1,2,1,1,6,93045,M,,,93
200800026164,8,5,20,1800,1,2,1,1,2,93045,M,,,93
200800026165,8,5,21,1240,1,2,1,1,6,93006,M,,,93
200800026166,8,5,25,2030,1,2,2,2,1,93045,M,,,93
200800026167,8,5,6,1415,1,2,5,1,3,93074,M,,,93
200800026168,8,5,10,1925,1,2,2,1,3,93046,M,,,93
200800026169,8,5,18,2020,1,2,1,1,6,93046,M,,,93
200800026170,8,5,20,810,1,2,1,1,6,93074,M,,,93
200800026171,8,5,22,1030,1,2,1,1,6,93046,M,,,93
200800026172,8,5,24,1155,1,2,2,1,3,93046,M,,,93
200800026173,8,5,26,1630,1,2,1,2,6,93046,M,,,93
200800026174,8,5,28,1210,1,2,3,1,2,93046,M,,,93
200800026175,8,5,1,1930,1,2,1,1,6,93048,M,,,93
200800026176,8,5,3,2010,2,2,2,1,3,93048,M,,,93
200800026177,8,5,6,2325,5,2,3,1,6,93048,M,,,93
200800026178,8,5,19,1320,1,2,2,1,1,93048,M,,,93
200800026179,8,5,17,1330,1,2,1,1,6,93048,M,,,93
200800026180,8,5,25,1955,1,2,1,1,2,93048,M,,,93
200800026181,8,5,26,1345,1,2,1,1,6,93048,M,,,93
200800026182,8,5,26,2120,2,2,2,2,3,93048,M,,,93
200800026183,8,5,28,1415,1,2,1,1,6,93048,M,,,93
200800026184,8,5,29,1145,1,2,1,1,1,93048,M,,,93
200800026185,8,5,30,1630,1,2,3,1,6,93048,M,,,93
200800026186,8,5,30,1650,1,2,1,1,7,93048,M,,,93
200800026187,8,5,5,955,1,2,2,1,3,93050,M,,,93
200800026188,8,5,5,1850,1,2,1,1,4,93049,M,,,93
200800026189,8,5,11,1210,1,2,1,1,3,93050,M,,,93
200800026190,8,5,13,950,1,2,1,1,4,93050,M,,,93
200800026191,8,5,16,1520,1,2,1,1,3,93050,M,,,93
200800026192,8,5,19,605,2,2,1,1,6,93050,M,,,93
200800026193,8,5,22,1425,1,2,2,1,3,93049,M,,,93
200800026194,8,5,23,1700,1,2,2,1,3,93050,M,,,93
200800026195,8,5,24,1350,1,2,3,1,3,93049,M,,,93
200800026196,8,5,26,1658,1,2,1,2,6,93050,M,,,93
200800026197,8,5,28,825,1,2,3,1,3,93049,M,,,93
200800026198,8,5,1,2030,1,2,3,1,3,93051,M,,,93
200800026199,8,5,2,800,1,2,3,1,6,93033,M,,,93
200800026200,8,5,2,1210,1,2,1,1,3,93033,M,,,93
200800026201,8,5,6,1300,1,2,1,1,6,93051,M,,,93
200800026202,8,5,10,1128,1,2,1,1,6,93051,M,,,93
200800026203,8,5,10,1820,1,2,1,1,6,93051,M,,,93
200800026204,8,5,11,1515,1,2,1,1,6,93051,M,,,93
200800026205,8,5,16,1520,1,2,1,1,3,93051,M,,,93
200800026206,8,5,21,1500,1,2,3,1,3,93051,M,,,93
200800026207,8,5,21,2235,5,2,3,1,3,93051,M,,,93
200800026208,8,5,22,2100,2,2,2,1,1,93051,M,,,93
200800026209,8,5,26,900,1,2,1,1,2,93051,M,,,93
200800026210,8,5,8,1055,1,2,1,1,1,93053,M,,,93
200800026211,8,5,10,2220,5,2,1,1,6,93053,M,,,93
200800026212,8,5,13,915,1,2,1,1,2,93053,M,,,93
200800026213,8,5,13,2105,2,2,2,1,5,93053,M,,,93
200800026214,8,5,14,1745,1,2,3,8,6,93053,M,,,93
200800026215,8,5,18,1400,1,2,1,2,2,93053,M,,,93
200800026216,8,5,26,840,1,2,2,1,3,93053,M,,,93
200800026217,8,5,14,725,1,2,1,1,1,93053,M,,,93
200800026218,8,5,4,1430,1,2,1,1,6,93055,M,,,93
200800026219,8,5,4,1710,1,2,1,1,7,93055,M,,,93
200800026220,8,5,5,100,5,2,3,1,7,93055,M,,,93
200800026221,8,5,10,1015,1,2,1,1,2,93055,M,,,93
200800026222,8,5,17,1345,1,2,2,8,6,93055,M,,,93
200800026223,8,5,21,1635,1,2,4,1,6,93055,M,,,93
200800026224,8,5,22,2000,1,2,1,1,6,93055,M,,,93
200800026225,8,5,25,1720,1,2,2,1,3,93055,M,,,93
200800026226,8,5,2,1145,1,2,1,1,6,93014,M,,,93
200800026227,8,5,4,1455,1,2,1,9,3,93062,M,,,93
200800026228,8,5,7,1140,1,2,3,1,6,93014,M,,,93
200800026229,8,5,13,1735,1,2,5,1,3,93062,M,,,93
200800026230,8,5,14,1330,1,2,2,1,3,93062,M,,,93
200800026231,8,5,24,1230,1,2,1,1,6,93014,M,,,93
200800026232,8,5,28,510,2,2,3,8,2,93014,M,,,93
200800026233,8,5,28,1230,1,2,1,1,6,93014,M,,,93
200800026234,8,5,18,1900,1,2,1,1,3,93064,M,,,93
200800026235,8,5,16,810,1,2,3,1,2,93064,M,,,93
200800026236,8,5,20,1900,1,2,3,1,7,93064,M,,,93
200800026237,8,5,24,1100,1,2,1,1,4,93064,M,,,93
200800026238,8,5,26,910,1,2,2,1,7,93064,M,,,93
200800026239,8,5,30,2110,1,2,1,1,2,93077,M,,,93
200800026240,8,5,3,1820,1,2,1,1,7,93066,M,,,93
200800026241,8,5,3,525,2,2,1,1,1,93066,M,,,93
200800026242,8,5,4,1110,1,2,1,1,3,93066,M,,,93
200800026243,8,5,4,1645,1,2,2,1,3,93039,M,,,93
200800026244,8,5,5,1650,1,1,3,1,5,93066,M,,,93
200800026245,8,5,6,1320,1,2,1,1,2,93066,M,,,93
200800026246,8,5,7,1625,1,2,6,1,3,93066,M,,,93
200800026247,8,5,9,1050,1,2,1,1,6,93066,M,,,93
200800026248,8,5,13,1530,1,2,1,1,3,93066,M,,,93
200800026249,8,5,14,1955,1,2,1,2,6,93066,M,,,93
200800026250,8,5,17,1350,1,2,8,1,3,93066,M,,,93
200800026251,8,5,19,1045,1,2,1,1,2,93066,M,,,93
200800026252,8,5,20,810,1,2,1,1,3,93066,M,,,93
200800026253,8,5,21,845,1,2,1,1,2,93066,M,,,93
200800026254,8,5,21,1500,1,2,1,1,7,93066,M,,,93
200800026255,8,5,23,1400,1,2,1,1,4,93066,M,,,93
200800026256,8,5,23,1505,1,2,1,1,6,93039,M,,,93
200800026257,8,5,24,1530,1,2,1,8,3,93066,M,,,93
200800026258,8,5,28,1910,1,2,1,1,3,93066,M,,,93
200800026259,8,5,29,2240,5,2,1,1,5,93066,M,,,93
200800026260,8,5,31,1750,1,2,1,1,6,93066,M,,,93
200800026261,8,5,3,1200,1,2,1,1,1,93066,M,,,93
200800026262,8,5,7,1630,1,2,1,1,3,93066,M,,,93
200800026263,8,5,10,915,1,2,1,1,3,93066,M,,,93
200800026264,8,5,11,315,5,2,1,1,1,93066,M,,,93
200800026265,8,5,11,1405,1,2,1,1,3,93066,M,,,93
200800026266,8,5,12,1400,1,2,1,1,3,93066,M,,,93
200800026267,8,5,12,1935,1,2,1,1,6,93066,M,,,93
200800026268,8,5,14,2100,5,2,1,2,3,93066,M,,,93
200800026269,8,5,16,1640,1,2,1,1,6,93066,M,,,93
200800026270,8,5,17,2215,3,2,1,2,2,93066,M,,,93
200800026271,8,5,23,1715,1,2,1,1,7,93066,M,,,93
200800026272,8,5,7,1540,1,2,1,1,6,93070,M,,,93
200800026273,8,5,8,1045,1,2,1,1,6,93070,M,,,93
200800026274,8,5,9,1745,1,2,1,1,2,93070,M,,,93
200800026275,8,5,16,1140,1,2,1,1,3,93070,M,,,93
200800026276,8,5,17,1830,1,2,1,8,7,93070,M,,,93
200800026277,8,5,22,2045,2,2,1,1,3,93070,M,,,93
200800026278,8,5,23,945,1,2,1,1,1,93070,M,,,93
200800026279,8,5,24,1100,1,2,1,1,6,93070,M,,,93
200800026280,8,5,28,1550,1,2,2,1,1,93070,M,,,93
200800026281,8,5,1,1850,1,1,1,1,1,93071,M,,,93
200800026282,8,5,5,2000,1,2,2,1,3,93071,M,,,93
200800026283,8,5,12,1845,1,2,1,1,6,93071,M,,,93
200800026284,8,5,20,1700,1,2,1,1,3,93071,M,,,93
200800026285,8,5,23,2215,5,2,1,1,1,93071,M,,,93
200800026286,8,5,27,1300,1,2,1,3,6,93071,M,,,93
200800026287,8,5,30,1355,1,2,1,1,3,93071,M,,,93
200800026288,8,5,5,45,5,2,6,1,6,93072,M,,,93
200800026289,8,5,17,715,1,2,2,1,3,93059,M,,,93
200800026290,8,5,17,1915,1,2,3,2,4,93072,M,,,93
200800026291,8,5,17,1455,1,2,2,1,3,93072,M,,,93
200800026292,8,5,18,1740,1,2,1,1,6,93059,M,,,93
200800026293,8,5,26,2042,1,2,3,8,3,93072,M,,,93
200800026294,8,5,31,1530,1,2,1,1,6,93059,M,,,93
200800026295,8,5,5,1420,1,2,1,1,2,93072,M,,,93
200800026296,8,5,8,1740,1,2,2,1,6,93059,M,,,93
200800026297,8,5,11,420,5,2,1,1,6,93059,M,,,93
200800026298,8,5,4,1320,1,2,3,1,3,93073,M,,,93
200800026299,8,5,5,1810,1,2,1,1,6,93078,M,,,93
200800026300,8,5,6,1910,1,2,1,1,6,93073,M,,,93
200800026301,8,5,7,2320,5,2,1,1,6,93078,M,,,93
200800026302,8,5,8,1550,1,2,6,1,3,93078,M,,,93
200800026303,8,5,8,1655,1,2,6,1,7,93073,M,,,93
200800026304,8,5,8,2340,5,2,3,1,6,93073,M,,,93
200800026305,8,5,9,1120,1,2,6,1,2,93078,M,,,93
200800026306,8,5,10,10,5,2,1,1,6,93078,M,,,93
200800026307,8,5,13,1545,1,2,1,1,4,93073,M,,,93
200800026308,8,5,15,1540,1,2,1,2,3,93078,M,,,93
200800026309,8,5,22,2250,5,2,1,1,7,93078,M,,,93
200800026310,8,5,27,1600,1,2,2,2,4,93078,M,,,93
200800026311,8,5,27,1930,1,1,1,3,7,93078,M,,,93
200800026312,8,5,2,1045,1,2,1,1,7,94002,M,,,94
200800026313,8,5,13,1000,1,1,9,1,2,94075,M,,,94
200800026314,8,5,20,1050,1,2,1,1,6,94071,M,,,94
200800026315,8,5,23,820,1,2,1,1,2,94004,M,,,94
200800026316,8,5,24,1315,1,1,1,1,3,94071,M,,,94
200800026317,8,5,25,1750,1,2,1,8,7,94044,M,,,94
200800026318,8,5,4,2040,2,2,2,1,3,94071,M,,,94
200800026319,8,5,1,1150,1,2,3,1,3,94017,M,,,94
200800026320,8,5,2,1335,1,2,6,1,3,94017,M,,,94
200800026321,8,5,9,1355,1,2,3,1,6,94017,M,,,94
200800026322,8,5,6,1700,1,2,1,1,6,94017,M,,,94
200800026323,8,5,9,1545,1,2,1,1,6,94017,M,,,94
200800026324,8,5,9,1935,1,2,1,1,6,94017,M,,,94
200800026325,8,5,14,1800,1,2,1,1,5,94017,M,,,94
200800026326,8,5,16,830,1,2,1,1,6,94017,M,,,94
200800026327,8,5,16,2305,4,2,1,3,6,94017,M,,,94
200800026328,8,5,22,830,1,2,1,1,3,94017,M,,,94
200800026329,8,5,22,1840,1,2,3,1,3,94017,M,,,94
200800026330,8,5,23,1150,1,2,1,1,6,94017,M,,,94
200800026331,8,5,26,1845,1,2,1,2,3,94017,M,,,94
200800026332,8,5,30,830,1,2,9,1,6,94017,M,,,94
200800026333,8,5,30,1815,1,2,2,1,6,94017,M,,,94
200800026334,8,5,11,2300,5,2,1,1,2,94018,M,,,94
200800026335,8,5,16,1800,1,2,3,8,6,94018,M,,,94
200800026336,8,5,25,1945,2,2,1,2,5,94018,M,,,94
200800026337,8,5,28,1950,1,2,3,1,3,94018,M,,,94
200800026338,8,5,31,1157,1,2,3,1,3,94018,M,,,94
200800026339,8,5,17,1615,1,2,1,8,6,94055,M,,,94
200800026340,8,5,9,1450,1,1,1,1,3,94019,M,,,94
200800026341,8,5,20,1725,1,2,1,1,2,94055,M,,,94
200800026342,8,5,26,915,1,2,1,8,7,94079,M,,,94
200800026343,8,5,4,1248,1,2,3,1,3,94054,M,,,94
200800026344,8,5,4,1805,1,2,1,1,6,94022,M,,,94
200800026345,8,5,6,1855,1,2,1,1,2,94022,M,,,94
200800026346,8,5,9,1310,1,2,9,1,2,94054,M,,,94
200800026347,8,5,13,835,1,2,9,1,3,94022,M,,,94
200800026348,8,5,15,5,5,2,2,3,2,94022,M,,,94
200800026349,8,5,20,1957,1,2,1,1,7,94022,M,,,94
200800026350,8,5,21,2045,2,1,9,1,6,94022,M,,,94
200800026351,8,5,26,1920,1,2,1,2,6,94022,M,,,94
200800026352,8,5,28,1610,1,2,1,3,3,94022,M,,,94
200800026353,8,5,28,1730,1,2,1,1,6,94054,M,,,94
200800026354,8,5,30,1125,1,2,6,1,3,94022,M,,,94
200800026355,8,5,1,1545,1,2,1,1,6,94028,M,,,94
200800026356,8,5,5,1215,1,2,1,1,6,94028,M,,,94
200800026357,8,5,3,1815,1,2,1,1,3,94011,M,,,94
200800026358,8,5,2,1930,1,2,1,1,6,94028,M,,,94
200800026359,8,5,7,1045,1,2,1,1,6,94028,M,,,94
200800026360,8,5,7,1245,1,2,1,1,6,94028,M,,,94
200800026361,8,5,9,2010,1,2,1,1,7,94011,M,,,94
200800026362,8,5,15,15,5,1,1,1,6,94011,M,,,94
200800026363,8,5,15,755,1,2,2,1,3,94028,M,,,94
200800026364,8,5,16,1730,1,2,1,1,6,94028,M,,,94
200800026365,8,5,16,1630,1,2,1,1,1,94011,M,,,94
200800026366,8,5,19,1425,1,2,1,1,2,94028,M,,,94
200800026367,8,5,20,1525,1,2,1,1,3,94011,M,,,94
200800026368,8,5,20,1750,1,2,1,1,4,94028,M,,,94
200800026369,8,5,21,850,1,2,1,1,2,94028,M,,,94
200800026370,8,5,27,2305,1,2,1,1,3,94028,M,,,94
200800026371,8,5,25,2015,2,2,1,1,3,94028,M,,,94
200800026372,8,5,25,2330,5,2,1,2,6,94028,M,,,94
200800026373,8,5,27,1400,1,2,1,1,6,94028,M,,,94
200800026374,8,5,28,1650,1,2,1,1,7,94028,M,,,94
200800026375,8,5,29,2200,5,2,1,1,6,94028,M,,,94
200800026376,8,5,30,1440,1,2,1,1,3,94033,M,,,94
200800026377,8,5,10,1855,1,2,1,1,6,94033,M,,,94
200800026378,8,5,15,800,1,2,1,1,6,94033,M,,,94