Num_Acc,an,mois,jour,hrmn,lum,agg,int,atm,col,com,gps,lat,long,dep
200800026379,8,5,21,1805,1,2,1,1,3,94033,M,,,94
200800026380,8,5,26,1000,1,2,3,1,3,94033,M,,,94
200800026381,8,5,1,1815,1,2,1,7,6,94003,M,,,94
200800026382,8,5,3,1700,1,2,2,1,6,94016,M,,,94
200800026383,8,5,3,2140,2,2,1,1,5,94043,M,,,94
200800026384,8,5,4,1640,1,2,1,1,2,94016,M,,,94
200800026385,8,5,4,1630,1,2,6,1,7,94076,M,,,94
200800026386,8,5,5,1800,1,2,1,1,6,94076,M,,,94
200800026387,8,5,5,1320,1,2,1,1,6,94076,M,,,94
200800026388,8,5,6,1937,1,2,1,1,6,94076,M,,,94
200800026389,8,5,7,720,1,2,2,1,3,94076,M,,,94
200800026390,8,5,9,2000,1,2,1,1,2,94043,M,,,94
200800026391,8,5,10,1655,1,2,3,1,3,94076,M,,,94
200800026392,8,5,10,1850,1,2,3,1,2,94037,M,,,94
200800026393,8,5,11,1835,1,2,2,1,2,94076,M,,,94
200800026394,8,5,13,2015,1,2,1,1,3,94043,M,,,94
200800026395,8,5,15,1230,1,2,2,1,1,94016,M,,,94
200800026396,8,5,15,1900,1,2,1,1,6,94003,M,,,94
200800026397,8,5,16,825,1,2,1,1,3,94003,M,,,94
200800026398,8,5,16,900,1,2,1,1,6,94043,M,,,94
200800026399,8,5,16,1510,1,2,1,1,6,94016,M,,,94
200800026400,8,5,16,1935,1,2,2,1,3,94076,M,,,94
200800026401,8,5,17,1820,1,2,1,1,3,94076,M,,,94
200800026402,8,5,17,1905,1,2,2,3,6,94016,M,,,94
200800026403,8,5,19,1800,1,1,1,1,6,94003,M,,,94
200800026404,8,5,20,1430,1,2,2,1,3,94076,M,,,94
200800026405,8,5,21,1450,1,2,9,1,7,94076,M,,,94
200800026406,8,5,22,1955,1,2,1,1,6,94037,M,,,94
200800026407,8,5,24,1125,1,2,1,1,6,94003,M,,,94
200800026408,8,5,24,1650,1,2,1,2,2,94043,M,,,94
200800026409,8,5,26,1650,1,2,1,2,7,94043,M,,,94
200800026410,8,5,26,1903,1,2,9,8,7,94076,M,,,94
200800026411,8,5,28,2010,1,2,3,1,3,94043,M,,,94
200800026412,8,5,30,735,1,2,1,1,6,94076,M,,,94
200800026413,8,5,3,800,1,2,1,1,3,94065,M,,,94
200800026414,8,5,5,1655,1,2,1,1,6,94038,M,,,94
200800026415,8,5,7,1720,1,2,1,1,6,94038,M,,,94
200800026416,8,5,9,1420,1,2,3,1,6,94038,M,,,94
200800026417,8,5,14,1515,1,2,1,1,3,94034,M,,,94
200800026418,8,5,14,1800,1,2,1,2,6,94065,M,,,94
200800026419,8,5,15,2030,1,2,1,1,5,94073,M,,,94
200800026420,8,5,16,1800,1,2,1,2,7,94065,M,,,94
200800026421,8,5,18,410,5,2,1,1,6,94021,M,,,94
200800026422,8,5,18,1245,1,2,2,2,3,94073,M,,,94
200800026423,8,5,20,655,1,2,1,1,6,94073,M,,,94
200800026424,8,5,22,1915,1,2,1,1,3,94065,M,,,94
200800026425,8,5,25,1345,1,2,1,1,7,94021,M,,,94
200800026426,8,5,27,620,2,2,1,2,6,94021,M,,,94
200800026427,8,5,28,1535,1,2,1,1,3,94021,M,,,94
200800026428,8,5,31,1615,1,2,9,1,2,94073,M,,,94
200800026429,8,5,10,840,1,2,1,1,6,94041,M,,,94
200800026430,8,5,3,55,5,2,1,2,3,94041,M,,,94
200800026431,8,5,17,1710,1,2,1,1,7,94041,M,,,94
200800026432,8,5,27,1400,1,2,1,2,7,94041,M,,,94
200800026433,8,5,30,635,1,2,1,1,5,94041,M,,,94
200800026434,8,5,31,1620,1,2,1,2,7,94041,M,,,94
200800026435,8,5,21,1840,1,2,1,1,7,94041,M,,,94
200800026436,8,5,23,2015,2,2,1,1,7,94041,M,,,94
200800026437,8,5,1,1600,1,2,1,8,3,94046,M,,,94
200800026438,8,5,3,1645,1,2,3,1,3,94046,M,,,94
200800026439,8,5,9,1900,1,2,1,1,6,94046,M,,,94
200800026440,8,5,13,850,1,2,1,1,6,94046,M,,,94
200800026441,8,5,13,1240,1,2,1,1,4,94046,M,,,94
200800026442,8,5,15,1735,1,2,2,1,6,94046,M,,,94
200800026443,8,5,16,1300,1,2,1,1,2,94046,M,,,94
200800026444,8,5,20,1745,1,2,1,1,5,94046,M,,,94
200800026445,8,5,25,1300,1,2,1,1,6,94046,M,,,94
200800026446,8,5,28,800,1,2,1,1,3,94046,M,,,94
200800026447,8,5,28,1230,1,2,1,1,2,94046,M,,,94
200800026448,8,5,28,1320,1,2,1,1,6,94046,M,,,94
200800026449,8,5,5,2000,1,2,1,1,6,94052,M,,,94
200800026450,8,5,14,1220,1,2,1,1,6,94058,M,,,94
200800026451,8,5,14,2000,1,2,1,8,3,94058,M,,,94
200800026452,8,5,19,820,1,2,1,1,6,94042,M,,,94
200800026453,8,5,19,830,1,2,1,1,3,94052,M,,,94
200800026454,8,5,20,1545,1,2,3,1,6,94052,M,,,94
200800026455,8,5,21,1225,1,2,1,1,6,94042,M,,,94
200800026456,8,5,22,1720,1,2,5,1,3,94058,M,,,94
200800026457,8,5,29,1700,1,2,1,8,6,94015,M,,,94
200800026458,8,5,30,1100,1,2,1,1,3,94058,M,,,94
200800026459,8,5,23,1400,1,1,9,1,3,94054,M,,,94
200800026460,8,5,10,1040,1,2,1,1,6,94068,M,,,94
200800026461,8,5,1,1255,1,2,2,2,3,94068,M,,,94
200800026462,8,5,7,730,1,2,2,1,3,94068,M,,,94
200800026463,8,5,11,1730,1,2,1,1,6,94068,M,,,94
200800026464,8,5,16,1600,1,2,1,1,6,94068,M,,,94
200800026465,8,5,16,1120,1,2,1,1,3,94068,M,,,94
200800026466,8,5,18,1325,1,2,2,2,3,94068,M,,,94
200800026467,8,5,16,1820,1,2,1,3,6,94068,M,,,94
200800026468,8,5,23,1230,1,2,1,1,2,94068,M,,,94
200800026469,8,5,22,1600,1,2,2,1,3,94068,M,,,94
200800026470,8,5,13,1350,1,2,2,1,3,94068,M,,,94
200800026471,8,5,3,1355,1,2,1,1,3,94078,M,,,94
200800026472,8,5,8,1740,1,2,6,1,6,94077,M,,,94
200800026473,8,5,8,1650,1,2,1,1,6,94077,M,,,94
200800026474,8,5,8,1315,1,2,9,1,2,94078,M,,,94
200800026475,8,5,6,1940,1,2,1,1,6,94077,M,,,94
200800026476,8,5,16,1730,1,2,2,1,3,94078,M,,,94
200800026477,8,5,24,1140,1,2,1,1,6,94074,M,,,94
200800026478,8,5,24,2210,5,2,1,8,7,94077,M,,,94
200800026479,8,5,23,1625,1,2,1,1,3,94078,M,,,94
200800026480,8,5,13,800,1,2,1,1,6,94078,M,,,94
200800026481,8,5,28,800,1,2,1,1,6,94078,M,,,94
200800026482,8,5,30,1930,1,2,1,1,6,94078,M,,,94
200800026483,8,5,1,1435,1,2,9,2,2,94078,M,,,94
200800026484,8,5,23,1550,1,2,9,1,7,94001,M,,,94
200800026485,8,5,10,15,5,2,1,1,7,94080,M,,,94
200800026486,8,5,12,1645,1,2,2,1,3,94080,M,,,94
200800026487,8,5,20,135,5,2,2,1,3,94080,M,,,94
200800026488,8,5,25,1950,1,2,2,1,1,94080,M,,,94
200800026489,8,5,27,1345,1,2,3,2,1,94080,M,,,94
200800026490,8,5,30,1900,1,2,1,1,3,94080,M,,,94
200800026491,8,5,31,1455,1,2,2,1,7,94080,M,,,94
200800026492,8,5,4,1730,1,2,3,1,3,94081,M,,,94
200800026493,8,5,9,1350,1,2,1,1,2,94081,M,,,94
200800026494,8,5,9,1910,1,2,1,1,2,94081,M,,,94
200800026495,8,5,12,1530,1,2,1,1,3,94081,M,,,94
200800026496,8,5,14,2100,2,2,1,2,1,94081,M,,,94
200800026497,8,5,15,855,1,2,3,1,6,94081,M,,,94
200800026498,8,5,15,1940,1,2,1,1,6,94081,M,,,94
200800026499,8,5,18,150,5,2,6,1,6,94081,M,,,94
200800026500,8,5,19,815,1,2,3,1,6,94081,M,,,94
200800026501,8,5,21,1220,1,2,3,1,6,94081,M,,,94
200800026502,8,5,21,1810,1,2,1,1,6,94081,M,,,94
200800026503,8,5,22,2315,5,2,9,1,6,94081,M,,,94
200800026504,8,5,29,2230,5,2,1,1,6,94081,M,,,94
200800026505,8,5,23,1625,1,1,1,1,6,94081,M,,,94
200800026506,8,5,27,1040,1,2,3,1,6,94081,M,,,94
200800026507,8,5,27,1735,1,2,2,2,6,94081,M,,,94
200800026508,8,5,29,1500,1,1,1,2,3,94081,M,,,94
200800026509,8,5,1,1520,1,1,1,1,6,95176,M,,,95
200800026510,8,5,5,5,5,2,1,1,3,95582,M,,,95
200800026511,8,5,4,1210,1,2,1,1,6,95582,M,,,95
200800026512,8,5,5,820,1,2,1,1,4,95176,M,,,95
200800026513,8,5,6,740,1,2,3,1,5,95176,M,,,95
200800026514,8,5,8,1530,1,2,3,1,3,95018,M,,,95
200800026515,8,5,9,1155,1,2,3,1,6,95018,M,,,95
200800026516,8,5,10,405,5,2,1,1,7,95018,M,,,95
200800026517,8,5,10,1450,1,2,3,1,6,95018,M,,,95
200800026518,8,5,11,1250,1,2,3,1,3,95582,M,,,95
200800026519,8,5,13,1105,1,2,2,7,6,95018,M,,,95
200800026520,8,5,13,1510,1,2,2,1,3,95176,M,,,95
200800026521,8,5,17,2015,1,2,2,2,7,95582,M,,,95
200800026522,8,5,18,1225,1,2,5,1,3,95018,M,,,95
200800026523,8,5,17,1355,1,2,6,1,3,95018,M,,,95
200800026524,8,5,16,1535,1,2,3,1,7,95018,M,,,95
200800026525,8,5,21,910,1,2,1,1,2,95018,M,,,95
200800026526,8,5,22,1850,1,2,2,1,3,95018,M,,,95
200800026527,8,5,22,1545,1,2,2,1,3,95018,M,,,95
200800026528,8,5,27,1645,1,2,1,1,6,95018,M,,,95
200800026529,8,5,27,1235,1,2,3,3,3,95018,M,,,95
200800026530,8,5,29,755,1,2,1,1,1,95176,M,,,95
200800026531,8,5,28,1730,1,2,1,1,3,95176,M,,,95
200800026532,8,5,27,1600,1,2,2,2,2,95018,M,,,95
200800026533,8,5,31,915,1,2,2,1,7,95176,M,,,95
200800026534,8,5,27,1105,1,2,1,2,6,95063,M,,,95
200800026535,8,5,12,2020,1,1,1,1,5,95218,M,,,95
200800026536,8,5,23,1800,1,2,1,1,1,95218,M,,,95
200800026537,8,5,30,2225,5,2,3,1,6,95197,M,,,95
200800026538,8,5,2,1910,1,2,3,1,6,95203,M,,,95
200800026539,8,5,6,1015,1,2,2,1,6,95203,M,,,95
200800026540,8,5,7,1220,1,2,2,1,3,95252,M,,,95
200800026541,8,5,9,1600,1,2,1,1,6,95574,M,,,95
200800026542,8,5,10,25,5,2,1,1,7,95252,M,,,95
200800026543,8,5,11,2025,1,2,4,1,7,95252,M,,,95
200800026544,8,5,13,1420,1,2,3,1,3,95219,M,,,95
200800026545,8,5,16,1410,1,2,3,1,3,95203,M,,,95
200800026546,8,5,16,1845,1,2,2,1,3,95203,M,,,95
200800026547,8,5,17,1750,1,2,3,1,6,95252,M,,,95
200800026548,8,5,18,2015,1,2,1,1,6,95252,M,,,95
200800026549,8,5,19,1655,1,2,1,1,6,95252,M,,,95
200800026550,8,5,21,1500,1,2,1,1,2,95203,M,,,95
200800026551,8,5,21,1600,1,2,1,1,6,95252,M,,,95
200800026552,8,5,24,2345,5,2,1,1,6,95491,M,,,95
200800026553,8,5,28,1730,1,2,2,1,3,95252,M,,,95
200800026554,8,5,11,2030,1,2,2,1,2,95019,M,,,95
200800026555,8,5,19,2010,1,2,1,1,6,95280,M,,,95
200800026556,8,5,24,1820,1,2,1,2,4,95277,M,,,95
200800026557,8,5,6,2315,5,2,3,1,3,95306,M,,,95
200800026558,8,5,23,1620,1,2,1,1,6,95424,M,,,95
200800026559,8,5,22,2200,5,2,3,1,3,95306,M,,,95
200800026560,8,5,21,926,1,2,3,1,1,95487,M,,,95
200800026561,8,5,27,1845,1,2,1,1,6,95487,M,,,95
200800026562,8,5,30,1335,1,2,2,1,3,95313,M,,,95
200800026563,8,5,7,1530,1,1,1,1,2,95527,M,,,95
200800026564,8,5,15,2025,1,2,1,1,7,95585,M,,,95
200800026565,8,5,13,1415,1,1,1,1,4,95539,M,,,95
200800026566,8,5,30,2035,1,2,1,1,7,95680,M,,,95
200800026567,8,5,16,1845,1,2,2,1,3,95607,M,,,95
200800026568,8,5,21,1100,1,2,1,1,6,95051,M,,,95
200800026569,8,5,26,1910,1,2,3,2,1,95051,M,,,95
200800026570,8,5,27,1300,1,2,6,3,6,95051,M,,,95
200800026571,8,5,1,1535,1,2,3,1,1,20004,M,,,201
200800026572,8,5,3,1638,1,2,1,1,1,20004,M,,,201
200800026573,8,5,3,1955,1,1,1,1,6,20004,M,,,201
200800026574,8,5,3,1145,1,1,4,1,3,20004,M,,,201
200800026575,8,5,8,1755,1,2,1,1,6,20004,M,,,201
200800026576,8,5,9,1500,1,1,1,1,7,20004,M,,,201
200800026577,8,5,7,1758,1,2,1,1,3,20004,M,,,201
200800026578,8,5,21,2130,5,1,6,1,7,20004,M,,,201
200800026579,8,5,23,2100,5,2,1,1,6,20004,M,,,201
200800026580,8,5,24,1350,1,2,1,8,6,20004,M,,,201
200800026581,8,5,28,2241,5,2,2,1,3,20004,M,,,201
200800026582,8,5,30,1140,1,2,1,2,3,20004,M,,,201
200800026583,8,5,3,150,5,2,1,1,6,69381,M,,,69
200800026584,8,5,17,1300,1,2,2,1,6,69381,M,,,69
200800026585,8,5,27,1700,1,2,3,1,6,69381,M,,,69
200800026586,8,5,30,30,4,2,2,2,3,69381,M,,,69
200800026587,8,5,31,1010,1,2,1,1,6,69381,M,,,69
200800026588,8,5,2,2340,5,1,1,1,2,77337,M,,,77
200800026589,8,5,5,725,1,1,1,1,4,77373,M,,,77
200800026590,8,5,5,1025,1,1,1,1,2,94018,M,,,94
200800026591,8,5,5,1300,1,1,1,1,3,94017,M,,,94
200800026592,8,5,6,930,1,1,1,1,3,94065,M,,,94
200800026593,8,5,6,945,1,1,1,1,3,94017,M,,,94
200800026594,8,5,7,1025,1,1,1,1,3,94017,M,,,94
200800026595,8,5,21,1935,1,1,1,1,2,94018,M,,,94
200800026596,8,5,9,2215,5,1,1,1,6,94052,M,,,94
200800026597,8,5,13,220,5,1,1,1,2,93051,M,,,93
200800026598,8,5,13,915,1,1,1,1,4,77121,M,,,77
200800026599,8,5,13,1230,1,1,1,1,4,77181,M,,,77
200800026600,8,5,15,830,1,1,1,1,3,94073,M,,,94
200800026601,8,5,15,835,1,1,1,2,7,77249,M,,,77
200800026602,8,5,15,930,1,1,1,2,1,77517,M,,,77
200800026603,8,5,18,600,5,1,1,1,2,94069,M,,,94
200800026604,8,5,19,700,2,1,1,1,6,94042,M,,,94
200800026605,8,5,19,720,1,1,1,1,3,94073,M,,,94
200800026606,8,5,19,810,1,1,1,1,6,94018,M,,,94
200800026607,8,5,19,1015,1,1,1,1,4,77363,M,,,77
200800026608,8,5,19,2104,2,1,1,1,6,77175,M,,,77
200800026609,8,5,20,830,1,1,1,1,3,94017,M,,,94
200800026610,8,5,20,1950,1,1,1,1,7,94069,M,,,94
200800026611,8,5,21,825,1,1,1,1,2,94081,M,,,94
200800026612,8,5,21,1000,1,1,1,1,2,77249,M,,,77
200800026613,8,5,22,715,1,1,1,1,2,94079,M,,,94
200800026614,8,5,22,845,1,1,1,1,2,94052,M,,,94
200800026615,8,5,23,250,3,1,1,1,2,77121,M,,,77
200800026616,8,5,23,2115,1,1,1,1,6,77237,M,,,77
200800026617,8,5,25,130,5,1,1,1,5,94065,M,,,94
200800026618,8,5,25,1900,1,1,1,1,2,94046,M,,,94
200800026619,8,5,26,1740,1,1,1,2,3,94079,M,,,94
200800026620,8,5,28,2245,3,1,1,1,7,77249,M,,,77
200800026621,8,5,29,1830,1,1,1,1,2,94028,M,,,94
200800026622,8,5,2,1730,1,1,1,1,3,93053,M,,,93
200800026623,8,5,3,1845,1,1,1,1,6,93053,M,,,93
200800026624,8,5,4,606,5,1,1,1,3,93066,M,,,93
200800026625,8,5,4,1655,1,1,1,1,6,95527,M,,,95
200800026626,8,5,5,700,1,1,1,1,7,95582,M,,,95
200800026627,8,5,5,1810,1,1,1,1,6,95252,M,,,95
200800026628,8,5,6,1930,1,1,1,1,2,93066,M,,,93
200800026629,8,5,8,230,5,1,1,1,6,95582,M,,,95
200800026630,8,5,8,1700,1,1,1,1,7,93078,M,,,93
200800026631,8,5,8,1300,1,1,1,1,7,60421,M,,,60
200800026632,8,5,14,1615,1,1,1,1,6,95306,M,,,95
200800026633,8,5,16,1245,1,1,1,1,3,95491,M,,,95
200800026634,8,5,17,1810,1,1,1,1,5,93066,M,,,93
200800026635,8,5,18,650,1,1,1,8,7,93078,M,,,93
200800026636,8,5,18,1340,1,1,1,4,5,95527,M,,,95
200800026637,8,5,16,1930,1,1,1,3,2,93078,M,,,93
200800026638,8,5,20,1750,1,1,1,1,6,93032,M,,,93
200800026639,8,5,21,1550,1,1,1,1,2,93066,M,,,93
200800026640,8,5,23,1000,1,1,1,1,3,93066,M,,,93
200800026641,8,5,24,1930,1,1,1,2,7,95252,M,,,95
200800026642,8,5,25,2220,3,1,1,2,7,93032,M,,,93
200800026643,8,5,24,2240,3,1,1,2,7,93027,M,,,93
200800026644,8,5,27,830,1,1,1,1,3,95306,M,,,95
200800026645,8,5,27,1100,1,1,1,2,7,93032,M,,,93
200800026646,8,5,27,1135,1,1,1,2,7,95306,M,,,95
200800026647,8,5,28,558,1,1,1,1,2,93066,M,,,93
200800026648,8,5,22,1050,1,1,1,1,7,78455,M,,,78
200800026649,8,5,2,1805,1,1,1,1,4,92064,M,,,92
200800026650,8,5,3,130,5,1,1,1,7,92047,M,,,92
200800026651,8,5,3,1920,1,1,1,1,5,92047,M,,,92
200800026652,8,5,7,1810,1,1,1,1,3,78238,M,,,78
200800026653,8,5,8,950,1,1,1,1,3,78090,M,,,78
200800026654,8,5,9,547,5,1,1,1,6,78126,M,,,78
200800026655,8,5,9,1300,1,1,1,1,2,78043,M,,,78
200800026656,8,5,10,950,1,1,1,1,2,75116,M,,,75
200800026657,8,5,11,1730,1,1,1,1,6,78646,M,,,78
200800026658,8,5,13,1030,5,1,1,1,7,92050,M,,,92
200800026659,8,5,14,820,1,1,1,1,4,92050,M,,,92
200800026660,8,5,14,1600,1,1,1,1,2,78140,M,,,78
200800026661,8,5,15,105,5,1,1,1,6,92064,M,,,92
200800026662,8,5,16,809,1,1,1,1,3,78545,M,,,78
200800026663,8,5,16,1855,1,1,1,8,4,92064,M,,,92
200800026664,8,5,19,725,1,1,1,1,3,78646,M,,,78
200800026665,8,5,20,910,1,1,1,1,3,92025,M,,,92
200800026666,8,5,20,1920,1,1,1,1,6,92050,M,,,92
200800026667,8,5,8,1320,1,1,1,1,2,78242,M,,,78
200800026668,8,5,21,740,1,1,1,1,6,78217,M,,,78
200800026669,8,5,21,845,1,1,1,1,2,78524,M,,,78
200800026670,8,5,22,1015,1,1,1,1,2,92063,M,,,92
200800026671,8,5,22,1200,1,1,1,1,2,92050,M,,,92
200800026672,8,5,22,1920,1,1,1,1,6,92064,M,,,92
200800026673,8,5,22,2050,1,1,1,1,6,92025,M,,,92
200800026674,8,5,23,2135,1,1,1,1,7,78140,M,,,78
200800026675,8,5,24,2210,4,1,1,1,2,78431,M,,,78
200800026676,8,5,27,1420,1,1,1,1,6,78423,M,,,78
200800026677,8,5,30,1830,1,1,1,1,2,75116,M,,,75
200800026678,8,5,17,1435,1,1,1,2,6,78362,M,,,78
200800026679,8,5,2,530,2,1,1,1,7,94038,M,,,94
200800026680,8,5,3,1920,1,1,1,1,3,91161,M,,,91
200800026681,8,5,3,4,5,1,1,1,2,94043,M,,,94
200800026682,8,5,5,1248,1,1,1,1,7,94037,M,,,94
200800026683,8,5,7,100,4,1,1,1,2,91174,M,,,91
200800026684,8,5,7,1455,1,1,1,1,5,91689,M,,,91
200800026685,8,5,7,1515,1,1,1,1,3,91182,M,,,91
200800026686,8,5,7,1940,1,1,1,1,2,91174,M,,,91
200800026687,8,5,7,1910,1,1,1,1,4,94034,M,,,94
200800026688,8,5,8,710,2,1,1,1,2,91377,M,,,91
200800026689,8,5,8,1900,2,1,1,1,5,91179,M,,,91
200800026690,8,5,8,1910,1,1,1,1,6,91589,M,,,91
200800026691,8,5,9,1645,1,1,1,1,3,91521,M,,,91
200800026692,8,5,9,2341,5,1,1,1,6,91377,M,,,91
200800026693,8,5,11,1340,1,1,1,1,3,91570,M,,,91
200800026694,8,5,13,544,2,1,1,1,6,94034,M,,,94
200800026695,8,5,14,1530,1,1,1,1,7,91570,M,,,91
200800026696,8,5,13,2005,1,1,1,1,3,94021,M,,,94
200800026697,8,5,14,745,2,1,1,1,3,91363,M,,,91
200800026698,8,5,15,1430,1,1,1,1,5,94034,M,,,94
200800026699,8,5,16,1719,1,1,1,1,3,91136,M,,,91
200800026700,8,5,16,1734,1,1,1,1,2,91064,M,,,91
200800026701,8,5,16,1746,1,1,1,1,6,91228,M,,,91
200800026702,8,5,16,1937,1,1,1,1,3,91689,M,,,91
200800026703,8,5,17,5,3,1,1,2,2,91174,M,,,91
200800026704,8,5,17,633,1,1,1,1,6,77384,M,,,77
200800026705,8,5,18,1935,1,1,1,1,4,94034,M,,,94
200800026706,8,5,18,245,3,1,1,1,6,91339,M,,,91
200800026707,8,5,18,115,3,1,1,1,6,91064,M,,,91
200800026708,8,5,19,2137,2,1,1,1,7,91340,M,,,91
200800026709,8,5,20,1610,1,1,1,1,3,91661,M,,,91
200800026710,8,5,20,1725,1,1,1,1,3,91174,M,,,91
200800026711,8,5,22,755,1,1,1,1,4,94034,M,,,94
200800026712,8,5,22,2214,3,1,1,1,7,91064,M,,,91
200800026713,8,5,23,1719,1,1,1,1,6,91689,M,,,91
200800026714,8,5,24,150,3,1,1,1,6,91161,M,,,91
200800026715,8,5,24,1814,1,1,1,1,6,94038,M,,,94
200800026716,8,5,25,2020,1,1,1,2,2,94038,M,,,94
200800026717,8,5,25,2050,4,1,1,3,7,94021,M,,,94
200800026718,8,5,26,1351,1,1,1,1,5,94034,M,,,94
200800026719,8,5,26,1850,1,1,1,3,6,91553,M,,,91
200800026720,8,5,26,2240,3,1,1,8,1,91477,M,,,91
200800026721,8,5,26,2258,3,1,1,8,7,91687,M,,,91
200800026722,8,5,27,1905,1,1,1,2,4,91689,M,,,91
200800026723,8,5,29,801,1,1,1,1,2,94034,M,,,94
200800026724,8,5,29,847,1,1,1,1,2,94021,M,,,94
200800026725,8,5,29,1922,1,1,4,1,6,91468,M,,,91
200800026726,8,5,30,745,1,1,1,1,2,91692,M,,,91
200800026727,8,5,30,755,1,1,1,1,7,94034,M,,,94
200800026728,8,5,1,1500,1,2,1,1,2,20033,M,,,202
200800026729,8,5,3,229,5,2,1,1,7,20033,M,,,202
200800026730,8,5,6,1830,1,2,1,1,7,20037,M,,,202
200800026731,8,5,13,1305,1,1,1,3,1,20033,M,,,202
200800026732,8,5,13,1645,1,2,1,3,1,20120,M,,,202
200800026733,8,5,16,1555,1,2,1,1,1,20033,M,,,202
200800026734,8,5,16,1602,1,2,1,2,4,20033,M,,,202
200800026735,8,5,17,1932,5,2,1,2,3,20037,M,,,202
200800026736,8,5,22,1207,1,1,1,1,7,20033,M,,,202
200800026737,8,5,22,1453,1,2,1,1,3,20033,M,,,202
200800026738,8,5,26,1500,1,1,1,1,3,20037,M,,,202
200800026739,8,5,29,2237,5,2,1,2,7,20033,M,,,202
200800026740,8,5,6,1410,1,2,3,1,3,69382,M,,,69
200800026741,8,5,7,1830,1,2,2,1,3,69382,M,,,69
200800026742,8,5,8,120,5,2,1,1,2,69382,M,,,69
200800026743,8,5,12,130,5,2,1,1,6,69382,M,,,69
200800026744,8,5,9,1740,1,2,2,1,3,69382,M,,,69
200800026745,8,5,19,1835,1,2,1,1,2,69382,M,,,69
200800026746,8,5,29,830,1,2,3,3,3,69382,M,,,69
200800026747,8,5,3,600,2,2,2,1,3,69382,M,,,69
200800026748,8,5,30,850,1,2,1,1,6,69382,M,,,69
200800026749,8,5,1,2340,4,1,1,2,6,59636,M,,,59
200800026750,8,5,2,1045,1,1,1,1,7,62351,M,,,62
200800026751,8,5,2,1100,1,1,1,1,4,59271,M,,,59
200800026752,8,5,3,1245,1,1,1,1,7,59586,M,,,59
200800026753,8,5,3,1830,1,1,1,1,4,62528,M,,,62
200800026754,8,5,4,1327,1,1,1,1,6,59124,M,,,59
200800026755,8,5,6,105,3,1,1,1,2,59560,M,,,59
200800026756,8,5,6,740,1,1,1,1,7,59508,M,,,59
200800026757,8,5,6,915,1,1,1,1,4,59378,M,,,59
200800026758,8,5,6,1150,1,1,1,1,3,59599,M,,,59
200800026759,8,5,7,1640,1,1,1,1,7,59305,M,,,59
200800026760,8,5,9,1125,1,1,1,1,4,59662,M,,,59
200800026761,8,5,9,1126,1,1,1,1,7,59662,M,,,59
200800026762,8,5,10,950,1,1,1,1,7,59491,M,,,59
200800026763,8,5,10,1635,1,1,1,1,7,62907,M,,,62
200800026764,8,5,11,1315,1,1,1,1,2,59343,M,,,59
200800026765,8,5,12,1925,1,1,1,1,4,59043,M,,,59
200800026766,8,5,13,730,1,1,1,1,6,59508,M,,,59
200800026767,8,5,14,1030,1,1,1,1,6,59507,M,,,59
200800026768,8,5,16,1350,1,1,1,1,7,59262,M,,,59
200800026769,8,5,16,1745,1,1,1,1,3,59507,M,,,59
200800026770,8,5,17,745,1,1,1,2,6,59350,M,,,59
200800026771,8,5,17,945,1,1,1,3,6,59646,M,,,59
200800026772,8,5,17,930,1,1,1,2,6,59350,M,,,59
200800026773,8,5,17,1630,1,1,1,2,6,59378,M,,,59
200800026774,8,5,18,30,3,1,1,2,5,59196,M,,,59
200800026775,8,5,18,2130,3,1,1,1,5,62193,M,,,62
200800026776,8,5,19,2035,2,1,1,1,7,59350,M,,,59
200800026777,8,5,20,830,1,1,1,1,7,59143,M,,,59
200800026778,8,5,22,640,1,1,1,1,6,59665,M,,,59
200800026779,8,5,23,1150,1,1,1,1,7,59507,M,,,59
200800026780,8,5,24,345,1,1,1,1,6,59507,M,,,59
200800026781,8,5,24,1400,1,1,1,1,6,59556,M,,,59
200800026782,8,5,24,2240,5,1,1,2,6,62637,M,,,62
200800026783,8,5,24,2340,3,1,1,2,6,59343,M,,,59
200800026784,8,5,25,1,3,1,1,2,6,62587,M,,,62
200800026785,8,5,27,615,1,1,1,1,4,62186,M,,,62
200800026786,8,5,27,2255,3,1,1,1,6,59313,M,,,59
200800026787,8,5,28,1755,1,1,1,1,5,59507,M,,,59
200800026788,8,5,28,2015,1,1,1,1,3,59609,M,,,59
200800026789,8,5,29,1715,1,1,1,2,2,59350,M,,,59
200800026790,8,5,30,1655,1,1,1,1,4,59603,M,,,59
200800026791,8,5,3,1410,1,2,1,1,6,69383,M,,,69
200800026792,8,5,10,1640,1,2,2,1,3,69386,M,,,69
200800026793,8,5,7,1500,1,2,1,1,3,69386,M,,,69
200800026794,8,5,9,1630,1,2,2,1,6,69386,M,,,69
200800026795,8,5,10,2045,1,2,2,1,3,69383,M,,,69
200800026796,8,5,14,1515,1,2,2,1,6,69383,M,,,69
200800026797,8,5,15,850,1,2,2,2,3,69383,M,,,69
200800026798,8,5,16,745,1,2,2,1,3,69383,M,,,69
200800026799,8,5,1,1215,1,2,1,1,6,69383,M,,,69
200800026800,8,5,19,1810,1,1,2,1,3,69386,M,,,69
200800026801,8,5,16,1010,1,2,1,1,3,69383,M,,,69
200800026802,8,5,18,1550,1,2,2,1,2,69386,M,,,69
200800026803,8,5,23,1215,1,2,2,1,3,69383,M,,,69
200800026804,8,5,17,1700,1,2,1,1,6,69383,M,,,69
200800026805,8,5,22,815,1,2,1,1,2,69383,M,,,69
200800026806,8,5,22,1002,1,2,1,1,6,69383,M,,,69
200800026807,8,5,28,900,1,2,2,1,6,69383,M,,,69