Num_Acc,an,mois,jour,hrmn,lum,agg,int,atm,col,com,gps,lat,long,dep
200800026808,8,5,30,1600,1,2,1,3,6,69383,M,,,69
200800026809,8,5,5,1140,1,2,3,1,3,69384,M,,,69
200800026810,8,5,23,1745,1,2,1,1,6,69384,M,,,69
200800026811,8,5,4,605,5,1,1,1,2,33192,M,,,33
200800026812,8,5,5,10,5,1,1,2,6,33249,M,,,33
200800026813,8,5,9,1600,1,1,1,1,3,33167,M,,,33
200800026814,8,5,12,1330,1,1,1,1,6,33474,M,,,33
200800026815,8,5,12,1705,1,1,1,1,6,33023,M,,,33
200800026816,8,5,12,2055,1,1,1,2,7,33192,M,,,33
200800026817,8,5,14,1230,1,1,1,3,6,33550,M,,,33
200800026818,8,5,14,1355,1,1,1,2,6,33249,M,,,33
200800026819,8,5,15,1620,1,1,1,1,2,33119,M,,,33
200800026820,8,5,16,835,1,1,1,2,7,33318,M,,,33
200800026821,8,5,16,1300,1,1,1,2,7,33249,M,,,33
200800026822,8,5,16,1325,1,1,1,2,6,33249,M,,,33
200800026823,8,5,16,1355,1,1,1,8,3,33039,M,,,33
200800026824,8,5,23,820,1,1,1,3,6,33318,M,,,33
200800026825,8,5,29,532,5,1,1,2,6,33162,M,,,33
200800026826,8,5,26,1600,1,1,1,1,6,33318,M,,,33
200800026827,8,5,29,1140,1,1,1,1,3,33167,M,,,33
200800026828,8,5,30,5,5,2,1,2,6,69385,M,,,69
200800026829,8,5,30,2045,1,2,1,1,3,69389,M,,,69
200800026830,8,5,2,2203,3,1,1,1,5,54571,M,,,54
200800026831,8,5,8,1345,1,1,1,7,6,54312,M,,,54
200800026832,8,5,2,1710,1,1,1,1,3,54328,M,,,54
200800026833,8,5,13,1754,1,1,1,1,2,57666,M,,,57
200800026834,8,5,9,1020,1,2,3,1,6,69387,M,,,69
200800026835,8,5,9,1027,1,2,2,1,4,69387,M,,,69
200800026836,8,5,9,1125,1,2,1,1,6,69387,M,,,69
200800026837,8,5,10,2230,5,2,1,1,6,69387,M,,,69
200800026838,8,5,10,1340,1,2,3,1,3,69387,M,,,69
200800026839,8,5,26,415,5,2,1,1,2,69387,M,,,69
200800026840,8,5,21,1734,1,2,2,1,3,69387,M,,,69
200800026841,8,5,17,2340,5,2,1,1,6,69387,M,,,69
200800026842,8,5,29,1130,1,2,9,1,5,69387,M,,,69
200800026843,8,5,22,845,1,2,1,1,7,69387,M,,,69
200800026844,8,5,11,1810,1,2,1,1,6,69388,M,,,69
200800026845,8,5,10,940,1,2,1,1,6,69388,M,,,69
200800026846,8,5,13,1900,1,2,1,1,6,69388,M,,,69
200800026847,8,5,16,1640,1,2,1,1,6,69388,M,,,69
200800026848,8,5,21,900,1,2,1,1,7,69388,M,,,69
200800026849,8,5,24,2130,5,2,1,1,6,69388,M,,,69
200800026850,8,5,30,1510,1,2,1,1,2,69388,M,,,69
200800026851,8,5,31,2135,5,2,2,2,3,69388,M,,,69
200800026852,8,5,8,820,1,1,1,1,7,42097,M,,,42
200800026853,8,5,10,1205,1,1,1,1,3,42097,M,,,42
200800026854,8,5,20,1738,1,1,1,7,6,42183,M,,,42
200800026855,8,5,29,1920,1,1,1,2,3,42186,M,,,42
200800026856,8,5,6,1315,1,1,1,1,3,69259,M,,,69
200800026857,8,5,7,930,1,1,1,1,3,69297,M,,,69
200800026858,8,5,14,800,1,1,1,1,3,69259,M,,,69
200800026859,8,5,16,1500,1,1,1,1,7,69005,M,,,69
200800026860,8,5,16,1700,1,1,1,1,6,69152,M,,,69
200800026861,8,5,17,1230,1,1,1,2,6,69290,M,,,69
200800026862,8,5,17,1220,1,1,1,2,6,69029,M,,,69
200800026863,8,5,17,1250,1,1,1,2,2,38449,M,,,38
200800026864,8,5,18,745,1,1,1,2,2,69290,M,,,69
200800026865,8,5,20,1900,1,1,1,1,7,69122,M,,,69
200800026866,8,5,21,1445,1,1,1,1,6,69235,M,,,69
200800026867,8,5,23,1340,1,1,1,1,2,38087,M,,,38
200800026868,8,5,24,1620,1,1,1,1,7,01249,M,,,01
200800026869,8,5,24,1700,5,1,1,1,3,69081,M,,,69
200800026870,8,5,25,1200,1,1,1,1,6,69199,M,,,69
200800026871,8,5,27,740,1,1,1,2,7,69288,M,,,69
200800026872,8,5,29,920,1,1,1,2,2,69382,M,,,69
200800026873,8,5,30,2025,1,1,1,2,3,69029,M,,,69
200800026874,8,5,30,2125,5,1,1,2,6,69034,M,,,69
200800026875,8,5,3,2155,5,2,2,1,3,69389,M,,,69
200800026876,8,5,2,2305,5,2,1,1,2,69389,M,,,69
200800026877,8,5,6,1235,1,2,1,1,6,69389,M,,,69
200800026878,8,5,12,1255,1,2,1,1,3,69389,M,,,69
200800026879,8,5,15,935,1,2,3,2,3,69389,M,,,69
200800026880,8,5,20,1530,1,2,1,1,3,69389,M,,,69
200800026881,8,5,22,1810,1,2,1,1,3,69389,M,,,69
200800026882,8,5,22,1935,1,2,1,1,3,69389,M,,,69
200800026883,8,5,30,1340,1,2,1,1,3,69389,M,,,69
200800026884,8,5,10,105,3,1,1,1,7,83144,M,,,83
200800026885,8,5,2,2215,3,1,1,1,7,13005,M,,,13
200800026886,8,5,2,2330,3,1,1,1,3,13005,M,,,13
200800026887,8,5,3,650,1,1,1,1,6,13088,M,,,13
200800026888,8,5,4,910,1,1,1,1,2,13071,M,,,13
200800026889,8,5,6,845,1,1,1,2,6,13005,M,,,13
200800026890,8,5,6,850,1,1,1,1,2,13215,M,,,13
200800026891,8,5,6,910,1,1,1,2,3,13215,M,,,13
200800026892,8,5,7,1705,1,1,1,1,6,13216,M,,,13
200800026893,8,5,7,1820,1,1,1,1,6,13215,M,,,13
200800026894,8,5,8,645,1,1,1,1,6,13211,M,,,13
200800026895,8,5,8,2238,3,1,1,1,2,13056,M,,,13
200800026896,8,5,9,730,1,1,1,1,6,13211,M,,,13
200800026897,8,5,13,710,1,1,1,1,3,13207,M,,,13
200800026898,8,5,13,858,1,1,1,1,5,13071,M,,,13
200800026899,8,5,13,930,1,1,1,1,7,13071,M,,,13
200800026900,8,5,13,1651,1,1,1,1,4,13214,M,,,13
200800026901,8,5,14,1745,1,1,1,1,6,13043,M,,,13
200800026902,8,5,15,855,1,1,1,1,4,13117,M,,,13
200800026903,8,5,16,1720,1,1,1,8,7,13056,M,,,13
200800026904,8,5,16,1945,1,1,1,1,4,13214,M,,,13
200800026905,8,5,17,1950,1,1,1,1,3,13085,M,,,13
200800026906,8,5,17,2345,3,1,1,3,4,13015,M,,,13
200800026907,8,5,18,330,3,1,9,3,6,13005,M,,,13
200800026908,8,5,18,607,1,1,1,5,6,13001,M,,,13
200800026909,8,5,18,800,1,1,1,1,6,13106,M,,,13
200800026910,8,5,29,1715,1,1,1,1,2,13202,M,,,13
200800026911,8,5,20,1715,1,1,1,1,4,13202,M,,,13
200800026912,8,5,21,1730,1,1,1,1,7,13033,M,,,13
200800026913,8,5,22,700,1,1,1,1,7,13005,M,,,13
200800026914,8,5,23,630,2,1,1,1,6,13085,M,,,13
200800026915,8,5,23,1700,1,1,1,1,2,13211,M,,,13
200800026916,8,5,25,1530,1,1,1,1,6,13071,M,,,13
200800026917,8,5,25,1205,1,1,1,2,6,13117,M,,,13
200800026918,8,5,26,1900,1,1,1,1,6,13215,M,,,13
200800026919,8,5,26,516,3,1,1,3,7,13071,M,,,13
200800026920,8,5,26,610,2,1,1,3,6,13019,M,,,13
200800026921,8,5,26,940,1,1,1,8,5,13214,M,,,13
200800026922,8,5,29,905,1,1,1,1,3,13071,M,,,13
200800026923,8,5,4,1020,1,2,3,1,6,75101,M,,,75
200800026924,8,5,6,1340,1,2,5,1,2,75101,M,,,75
200800026925,8,5,7,1535,1,2,2,1,3,75101,M,,,75
200800026926,8,5,9,1525,1,2,1,1,6,75101,M,,,75
200800026927,8,5,10,1510,1,2,2,1,7,75101,M,,,75
200800026928,8,5,11,150,5,2,2,1,6,75102,M,,,75
200800026929,8,5,12,530,5,2,2,1,3,75101,M,,,75
200800026930,8,5,15,1845,1,2,2,1,3,75101,M,,,75
200800026931,8,5,15,2150,3,2,2,1,3,75101,M,,,75
200800026932,8,5,17,1810,1,2,1,1,7,75101,M,,,75
200800026933,8,5,19,2100,2,2,1,1,2,75101,M,,,75
200800026934,8,5,20,1445,1,2,2,1,2,75101,M,,,75
200800026935,8,5,21,2310,5,2,1,1,6,75101,M,,,75
200800026936,8,5,27,1635,1,2,2,2,2,75101,M,,,75
200800026937,8,5,28,1420,1,2,4,1,2,75101,M,,,75
200800026938,8,5,29,1050,1,2,3,8,3,75101,M,,,75
200800026939,8,5,29,1450,1,2,1,2,6,75101,M,,,75
200800026940,8,5,31,350,5,2,1,1,1,75101,M,,,75
200800026941,8,5,4,700,1,2,1,1,7,75103,M,,,75
200800026942,8,5,4,1005,1,2,2,1,6,75102,M,,,75
200800026943,8,5,11,520,5,2,2,1,6,75102,M,,,75
200800026944,8,5,11,2110,1,2,2,1,3,75102,M,,,75
200800026945,8,5,11,2350,5,2,1,1,6,75102,M,,,75
200800026946,8,5,14,1404,1,2,3,1,6,75102,M,,,75
200800026947,8,5,16,1430,1,2,2,1,3,75102,M,,,75
200800026948,8,5,30,1050,1,2,1,1,6,75101,M,,,75
200800026949,8,5,2,2310,5,2,1,1,6,75103,M,,,75
200800026950,8,5,7,1220,1,2,1,1,6,75103,M,,,75
200800026951,8,5,7,1900,1,2,1,1,3,75103,M,,,75
200800026952,8,5,8,1,5,2,1,1,3,75103,M,,,75
200800026953,8,5,14,1550,1,2,1,1,6,75103,M,,,75
200800026954,8,5,16,2005,1,2,2,1,6,75103,M,,,75
200800026955,8,5,20,1000,1,2,2,1,7,75103,M,,,75
200800026956,8,5,21,2225,5,2,2,1,6,75104,M,,,75
200800026957,8,5,22,1336,1,2,1,1,7,75103,M,,,75
200800026958,8,5,22,1345,1,2,2,1,2,75103,M,,,75
200800026959,8,5,23,700,1,2,6,1,3,75104,M,,,75
200800026960,8,5,23,1100,1,2,7,1,3,75103,M,,,75
200800026961,8,5,23,1740,1,2,2,1,3,75103,M,,,75
200800026962,8,5,25,15,5,2,4,1,7,75103,M,,,75
200800026963,8,5,26,1825,2,2,1,2,6,75103,M,,,75
200800026964,8,5,29,1735,1,2,1,8,6,75103,M,,,75
200800026965,8,5,29,1740,1,2,1,8,7,75103,M,,,75
200800026966,8,5,30,1215,1,2,2,1,3,75103,M,,,75
200800026967,8,5,30,1235,1,2,2,1,6,75103,M,,,75
200800026968,8,5,1,2200,5,2,2,1,3,75104,M,,,75
200800026969,8,5,4,2032,1,2,1,1,3,75104,M,,,75
200800026970,8,5,9,1205,1,2,1,1,3,75104,M,,,75
200800026971,8,5,12,1805,1,2,3,1,3,75104,M,,,75
200800026972,8,5,14,1850,1,2,1,2,7,75104,M,,,75
200800026973,8,5,16,1325,1,2,1,1,6,75104,M,,,75
200800026974,8,5,16,1445,1,2,1,1,6,75104,M,,,75
200800026975,8,5,21,1035,1,2,1,1,6,75104,M,,,75
200800026976,8,5,21,1250,1,2,1,1,3,75104,M,,,75
200800026977,8,5,25,350,5,2,2,1,6,75104,M,,,75
200800026978,8,5,28,1626,1,2,1,1,3,75104,M,,,75
200800026979,8,5,28,1910,1,2,4,1,3,75104,M,,,75
200800026980,8,5,3,1345,1,2,2,1,3,75105,M,,,75
200800026981,8,5,3,1640,1,2,1,7,6,75105,M,,,75
200800026982,8,5,8,1520,1,2,1,1,6,75105,M,,,75
200800026983,8,5,11,1335,1,2,2,1,6,75105,M,,,75
200800026984,8,5,11,1700,1,2,2,1,7,75105,M,,,75
200800026985,8,5,13,820,1,2,1,1,6,75105,M,,,75
200800026986,8,5,16,1900,1,2,1,2,3,75105,M,,,75
200800026987,8,5,17,535,2,2,3,9,3,75105,M,,,75
200800026988,8,5,19,930,1,2,1,1,6,75105,M,,,75
200800026989,8,5,24,1045,1,2,3,1,3,75105,M,,,75
200800026990,8,5,27,2002,1,2,2,2,3,75105,M,,,75
200800026991,8,5,29,1140,1,2,2,1,3,75105,M,,,75
200800026992,8,5,29,2000,1,2,1,1,2,75105,M,,,75
200800026993,8,5,31,1830,1,2,4,1,3,75105,M,,,75
200800026994,8,5,7,855,1,2,5,1,3,75106,M,,,75
200800026995,8,5,7,1705,1,2,1,1,6,75106,M,,,75
200800026996,8,5,7,1755,1,2,1,1,6,75106,M,,,75
200800026997,8,5,7,1855,1,2,2,1,3,75106,M,,,75
200800026998,8,5,7,2110,5,2,1,1,6,75114,M,,,75
200800026999,8,5,10,1130,1,2,1,1,6,75106,M,,,75
200800027000,8,5,12,2330,5,2,3,1,3,75106,M,,,75
200800027001,8,5,13,835,1,2,2,1,6,75106,M,,,75
200800027002,8,5,15,200,5,2,2,2,2,75106,M,,,75
200800027003,8,5,15,1350,1,2,2,1,6,75106,M,,,75
200800027004,8,5,16,115,5,2,2,1,2,75106,M,,,75
200800027005,8,5,17,1715,1,2,2,2,3,75106,M,,,75
200800027006,8,5,17,1630,1,2,2,2,6,75106,M,,,75
200800027007,8,5,18,1020,1,2,1,1,7,75106,M,,,75
200800027008,8,5,20,1015,1,2,1,1,3,75106,M,,,75
200800027009,8,5,24,1430,1,2,1,2,3,75106,M,,,75
200800027010,8,5,28,1820,1,2,2,1,3,75106,M,,,75
200800027011,8,5,28,1935,1,2,2,1,3,75106,M,,,75
200800027012,8,5,31,1330,1,2,1,1,2,75106,M,,,75
200800027013,8,5,2,1745,1,2,3,1,3,75107,M,,,75
200800027014,8,5,3,100,5,2,2,1,3,75115,M,,,75
200800027015,8,5,5,1755,1,2,1,1,5,75107,M,,,75
200800027016,8,5,5,1840,1,2,1,1,3,75107,M,,,75
200800027017,8,5,6,2,5,2,1,1,6,75107,M,,,75
200800027018,8,5,9,1230,1,2,2,1,6,75107,M,,,75
200800027019,8,5,10,1700,1,2,2,1,2,75107,M,,,75
200800027020,8,5,14,110,5,2,1,1,6,75107,M,,,75
200800027021,8,5,14,1445,1,2,1,1,6,75107,M,,,75
200800027022,8,5,15,150,5,2,2,2,3,75107,M,,,75
200800027023,8,5,15,2345,5,2,2,1,7,75106,M,,,75
200800027024,8,5,17,1505,1,2,2,1,3,75107,M,,,75
200800027025,8,5,18,145,5,2,1,1,6,75107,M,,,75
200800027026,8,5,18,1725,1,2,1,1,7,75107,M,,,75
200800027027,8,5,19,235,5,2,1,1,6,75107,M,,,75
200800027028,8,5,19,1420,1,2,2,1,3,75107,M,,,75
200800027029,8,5,19,1612,1,2,2,1,6,75107,M,,,75
200800027030,8,5,21,2300,5,2,2,1,3,75107,M,,,75
200800027031,8,5,23,840,1,2,1,1,6,75107,M,,,75
200800027032,8,5,24,1115,1,2,1,1,3,75107,M,,,75
200800027033,8,5,25,645,1,2,1,1,7,75107,M,,,75
200800027034,8,5,25,1900,1,2,2,1,3,75107,M,,,75
200800027035,8,5,27,1602,1,2,3,2,7,75107,M,,,75
200800027036,8,5,27,1830,1,2,3,2,3,75107,M,,,75
200800027037,8,5,28,30,5,2,3,3,3,75107,M,,,75
200800027038,8,5,29,2300,5,2,1,1,6,75116,M,,,75
200800027039,8,5,30,2125,2,2,1,1,3,75115,M,,,75
200800027040,8,5,1,1945,1,2,2,1,7,75108,M,,,75
200800027041,8,5,2,1430,1,2,2,1,3,75108,M,,,75
200800027042,8,5,4,1005,1,2,5,7,6,75108,M,,,75
200800027043,8,5,5,1914,1,2,1,1,6,75108,M,,,75
200800027044,8,5,6,2030,1,2,1,1,4,75108,M,,,75
200800027045,8,5,7,1730,1,2,5,1,2,75108,M,,,75
200800027046,8,5,7,1835,1,2,1,1,3,75108,M,,,75
200800027047,8,5,10,1625,1,2,1,7,7,75108,M,,,75
200800027048,8,5,11,1443,1,2,1,1,6,75108,M,,,75
200800027049,8,5,11,1620,1,2,2,1,3,75108,M,,,75
200800027050,8,5,12,125,5,2,1,1,6,75108,M,,,75
200800027051,8,5,13,910,1,2,1,1,7,75108,M,,,75
200800027052,8,5,13,1050,1,2,5,1,3,75108,M,,,75
200800027053,8,5,13,1910,1,2,1,1,6,75108,M,,,75
200800027054,8,5,14,1030,1,2,1,1,3,75108,M,,,75
200800027055,8,5,15,2210,5,2,2,1,6,75108,M,,,75
200800027056,8,5,16,854,1,2,1,1,2,75108,M,,,75
200800027057,8,5,16,1015,1,2,1,1,2,75108,M,,,75
200800027058,8,5,16,2351,5,2,2,2,1,75108,M,,,75
200800027059,8,5,17,500,5,2,1,2,6,75108,M,,,75
200800027060,8,5,17,1230,1,2,2,1,3,75108,M,,,75
200800027061,8,5,17,1605,1,2,1,2,7,75108,M,,,75
200800027062,8,5,18,450,5,2,2,1,3,75108,M,,,75
200800027063,8,5,19,1510,1,2,1,1,3,75108,M,,,75
200800027064,8,5,21,850,1,2,1,1,2,75108,M,,,75
200800027065,8,5,21,1515,1,2,1,1,7,75108,M,,,75
200800027066,8,5,22,830,1,2,2,1,3,75108,M,,,75
200800027067,8,5,23,1340,1,2,2,1,3,75108,M,,,75
200800027068,8,5,25,2030,2,2,3,2,6,75108,M,,,75
200800027069,8,5,26,1916,1,2,4,2,2,75108,M,,,75
200800027070,8,5,27,1025,1,2,2,2,3,75108,M,,,75
200800027071,8,5,27,1002,1,2,2,2,2,75108,M,,,75
200800027072,8,5,27,1800,1,2,3,3,3,75108,M,,,75
200800027073,8,5,27,1850,1,2,2,2,7,75108,M,,,75
200800027074,8,5,28,250,5,2,1,3,6,75108,M,,,75
200800027075,8,5,28,1338,1,2,1,1,3,75108,M,,,75
200800027076,8,5,29,1330,1,2,1,1,6,75108,M,,,75
200800027077,8,5,30,10,5,2,2,1,3,75108,M,,,75
200800027078,8,5,30,940,1,2,1,1,7,75108,M,,,75
200800027079,8,5,30,2350,5,2,6,1,7,75108,M,,,75
200800027080,8,5,3,530,2,2,1,1,2,75109,M,,,75
200800027081,8,5,3,1030,1,2,1,1,6,75109,M,,,75
200800027082,8,5,5,1510,1,2,1,1,6,75109,M,,,75
200800027083,8,5,5,1735,1,2,5,1,4,75109,M,,,75
200800027084,8,5,6,1115,1,2,1,1,6,75109,M,,,75
200800027085,8,5,7,1040,1,2,1,1,2,75109,M,,,75
200800027086,8,5,7,1410,1,2,1,1,7,75109,M,,,75
200800027087,8,5,7,2330,5,2,1,1,2,75117,M,,,75
200800027088,8,5,8,5,5,2,1,1,3,75109,M,,,75
200800027089,8,5,13,2120,5,2,1,1,6,75109,M,,,75
200800027090,8,5,15,2145,5,2,2,1,6,75109,M,,,75
200800027091,8,5,16,1205,1,2,2,1,6,75109,M,,,75
200800027092,8,5,16,1500,1,2,1,1,6,75109,M,,,75
200800027093,8,5,17,1330,1,2,2,1,6,75109,M,,,75
200800027094,8,5,18,2210,5,2,2,1,6,75109,M,,,75
200800027095,8,5,20,1055,1,2,2,1,6,75109,M,,,75
200800027096,8,5,21,1320,1,2,3,1,3,75109,M,,,75
200800027097,8,5,22,1815,1,2,2,1,2,75109,M,,,75
200800027098,8,5,23,905,1,2,3,1,3,75109,M,,,75
200800027099,8,5,23,1130,1,2,2,1,6,75109,M,,,75
200800027100,8,5,25,1345,1,2,1,1,3,75109,M,,,75
200800027101,8,5,27,1740,1,2,1,2,6,75109,M,,,75
200800027102,8,5,28,1720,1,2,1,1,6,75109,M,,,75
200800027103,8,5,28,2030,1,2,2,1,6,75109,M,,,75
200800027104,8,5,2,1315,1,2,1,1,3,75110,M,,,75
200800027105,8,5,2,1600,1,2,1,1,6,75110,M,,,75
200800027106,8,5,3,245,5,2,1,1,6,75110,M,,,75
200800027107,8,5,5,1330,1,2,1,1,3,75110,M,,,75
200800027108,8,5,7,2300,5,2,1,1,6,75110,M,,,75
200800027109,8,5,8,1355,1,2,2,1,3,75110,M,,,75
200800027110,8,5,9,550,1,2,2,1,7,75110,M,,,75
200800027111,8,5,9,555,2,2,1,1,6,75110,M,,,75
200800027112,8,5,10,1130,1,2,2,1,3,75110,M,,,75
200800027113,8,5,11,1825,1,2,1,1,6,75110,M,,,75
200800027114,8,5,14,1045,1,2,1,1,2,75110,M,,,75
200800027115,8,5,14,2027,1,2,1,8,7,75110,M,,,75
200800027116,8,5,15,1645,1,2,2,1,6,75110,M,,,75
200800027117,8,5,17,258,5,2,1,2,6,75110,M,,,75
200800027118,8,5,17,835,1,2,1,1,7,75110,M,,,75
200800027119,8,5,17,1140,1,2,1,1,3,75110,M,,,75
200800027120,8,5,17,1435,1,2,1,1,6,75110,M,,,75
200800027121,8,5,18,140,5,2,1,1,6,75110,M,,,75
200800027122,8,5,18,1410,1,2,3,1,3,75110,M,,,75
200800027123,8,5,20,1600,1,2,2,1,6,75110,M,,,75
200800027124,8,5,21,910,1,2,1,1,7,75110,M,,,75
200800027125,8,5,22,1030,1,2,1,1,6,75110,M,,,75
200800027126,8,5,24,1120,1,2,2,1,3,75110,M,,,75
200800027127,8,5,25,2239,5,2,1,8,3,75110,M,,,75
200800027128,8,5,26,1215,1,2,1,1,6,75110,M,,,75
200800027129,8,5,26,2120,2,2,1,1,3,75110,M,,,75
200800027130,8,5,27,1415,1,2,1,2,2,75110,M,,,75
200800027131,8,5,28,725,1,2,2,1,6,75110,M,,,75
200800027132,8,5,29,45,5,2,1,1,7,75110,M,,,75
200800027133,8,5,29,1150,1,2,1,6,6,75110,M,,,75
200800027134,8,5,30,1845,1,2,1,1,6,75110,M,,,75
200800027135,8,5,30,1915,1,2,1,1,7,75110,M,,,75
200800027136,8,5,4,1420,1,2,1,1,6,75111,M,,,75
200800027137,8,5,5,1715,1,2,1,1,6,75111,M,,,75
200800027138,8,5,5,1610,1,2,3,1,6,75111,M,,,75
200800027139,8,5,6,1115,1,2,1,1,6,75111,M,,,75
200800027140,8,5,7,1555,1,2,1,1,3,75111,M,,,75
200800027141,8,5,8,2030,1,2,1,1,6,75111,M,,,75
200800027142,8,5,8,2100,2,2,2,1,3,75111,M,,,75
200800027143,8,5,9,1450,1,2,1,1,6,75111,M,,,75
200800027144,8,5,10,250,5,2,5,1,3,75111,M,,,75
200800027145,8,5,10,2305,5,2,2,1,6,75111,M,,,75
200800027146,8,5,11,1910,1,2,3,1,3,75111,M,,,75
200800027147,8,5,12,1400,1,2,1,1,6,75111,M,,,75
200800027148,8,5,13,1025,1,2,1,1,7,75111,M,,,75
200800027149,8,5,13,1930,1,2,3,1,3,75111,M,,,75
200800027150,8,5,14,1445,1,2,1,1,4,75111,M,,,75
200800027151,8,5,14,1520,1,2,1,1,6,75111,M,,,75
200800027152,8,5,15,1800,1,2,1,1,6,75111,M,,,75
200800027153,8,5,15,1801,1,2,3,1,3,75111,M,,,75
200800027154,8,5,15,1756,1,2,2,1,6,75111,M,,,75
200800027155,8,5,18,553,2,2,7,1,6,75111,M,,,75
200800027156,8,5,18,1132,1,2,1,1,7,75111,M,,,75
200800027157,8,5,19,1240,1,2,1,1,7,75111,M,,,75
200800027158,8,5,20,1000,1,2,6,1,3,75111,M,,,75
200800027159,8,5,20,1815,1,2,2,1,6,75111,M,,,75
200800027160,8,5,21,1905,1,2,2,1,3,75111,M,,,75
200800027161,8,5,24,315,5,2,4,1,6,75111,M,,,75
200800027162,8,5,24,1825,1,2,1,2,3,75111,M,,,75
200800027163,8,5,24,2210,5,2,3,1,6,75111,M,,,75
200800027164,8,5,26,1045,1,2,3,1,6,75111,M,,,75
200800027165,8,5,27,1430,1,2,2,3,7,75111,M,,,75
200800027166,8,5,27,2130,5,2,2,2,7,75111,M,,,75
200800027167,8,5,28,1045,1,2,3,1,6,75111,M,,,75
200800027168,8,5,29,1420,2,2,1,2,3,75111,M,,,75
200800027169,8,5,29,1615,1,2,2,2,3,75111,M,,,75
200800027170,8,5,29,2030,1,2,1,8,7,75111,M,,,75
200800027171,8,5,30,645,1,2,2,1,6,75111,M,,,75
200800027172,8,5,30,2200,5,2,1,1,3,75111,M,,,75
200800027173,8,5,31,510,2,2,1,1,2,75111,M,,,75
200800027174,8,5,31,1605,1,2,3,1,7,75111,M,,,75
200800027175,8,5,1,1500,1,2,1,2,6,75112,M,,,75
200800027176,8,5,3,550,5,2,1,1,6,75112,M,,,75
200800027177,8,5,3,2000,2,2,3,1,3,75112,M,,,75
200800027178,8,5,5,204,5,2,1,1,7,75112,M,,,75
200800027179,8,5,8,306,5,2,1,1,3,75112,M,,,75
200800027180,8,5,9,1948,1,2,1,1,3,75112,M,,,75
200800027181,8,5,9,1930,1,2,1,1,6,75112,M,,,75
200800027182,8,5,10,1326,1,2,1,1,2,75112,M,,,75
200800027183,8,5,10,1520,1,2,2,1,6,75112,M,,,75
200800027184,8,5,11,400,5,2,1,1,7,75112,M,,,75
200800027185,8,5,11,1520,1,2,4,1,6,75112,M,,,75
200800027186,8,5,11,1655,1,2,1,1,6,75112,M,,,75
200800027187,8,5,11,2120,5,2,2,1,3,75112,M,,,75
200800027188,8,5,13,845,1,2,1,1,3,75112,M,,,75
200800027189,8,5,13,910,1,2,1,1,3,75112,M,,,75
200800027190,8,5,13,1210,1,2,1,1,7,75112,M,,,75
200800027191,8,5,13,1420,1,2,1,1,6,75112,M,,,75
200800027192,8,5,13,1715,1,2,5,7,2,75112,M,,,75
200800027193,8,5,14,815,1,2,2,1,2,75112,M,,,75
200800027194,8,5,14,910,1,2,1,1,2,75112,M,,,75
200800027195,8,5,14,1430,1,2,1,1,4,75112,M,,,75
200800027196,8,5,14,1725,1,2,2,1,3,75112,M,,,75
200800027197,8,5,14,1740,1,2,4,2,6,75112,M,,,75
200800027198,8,5,14,2115,2,2,2,8,3,75112,M,,,75
200800027199,8,5,15,945,1,2,1,1,3,75112,M,,,75
200800027200,8,5,16,1710,1,2,3,2,7,75112,M,,,75
200800027201,8,5,16,2000,2,2,1,1,3,75112,M,,,75
200800027202,8,5,17,1550,1,2,1,1,2,75112,M,,,75
200800027203,8,5,17,1950,1,2,1,1,3,75112,M,,,75
200800027204,8,5,18,905,1,2,1,1,6,75112,M,,,75
200800027205,8,5,18,1355,1,2,1,2,6,75112,M,,,75
200800027206,8,5,19,1120,1,2,1,1,6,75112,M,,,75
200800027207,8,5,19,2050,2,2,1,1,6,75112,M,,,75
200800027208,8,5,20,830,1,2,3,1,3,75112,M,,,75
200800027209,8,5,21,1138,1,2,1,1,3,75112,M,,,75
200800027210,8,5,21,1325,1,2,1,1,6,75112,M,,,75
200800027211,8,5,21,1615,1,2,2,1,3,75112,M,,,75
200800027212,8,5,22,945,1,2,1,1,6,75112,M,,,75
200800027213,8,5,23,1018,1,2,1,1,5,75112,M,,,75
200800027214,8,5,23,2015,1,2,1,1,7,75112,M,,,75
200800027215,8,5,24,935,1,2,1,1,3,75112,M,,,75
200800027216,8,5,24,1100,1,2,1,1,6,75112,M,,,75
200800027217,8,5,25,2130,5,2,1,1,2,75112,M,,,75
200800027218,8,5,26,2105,1,2,1,1,3,75112,M,,,75
200800027219,8,5,26,2050,2,2,1,2,6,75112,M,,,75
200800027220,8,5,28,1430,1,2,2,8,7,75112,M,,,75
200800027221,8,5,30,505,5,2,1,1,2,75112,M,,,75
200800027222,8,5,30,1715,1,2,1,1,6,75112,M,,,75
200800027223,8,5,30,1745,1,2,1,1,3,75112,M,,,75
200800027224,8,5,30,2100,2,2,1,1,3,75112,M,,,75
200800027225,8,5,31,1610,1,2,2,1,7,75112,M,,,75
200800027226,8,5,31,1645,1,2,1,1,6,75112,M,,,75
200800027227,8,5,12,1112,1,2,1,1,3,75113,M,,,75
200800027228,8,5,3,1450,1,2,1,1,3,75113,M,,,75
200800027229,8,5,3,2145,5,2,1,1,3,75113,M,,,75
200800027230,8,5,3,2300,5,2,1,1,6,75113,M,,,75
200800027231,8,5,4,1820,1,2,1,1,6,75113,M,,,75
200800027232,8,5,5,1325,1,2,2,1,3,75113,M,,,75
200800027233,8,5,5,1700,1,2,1,1,3,75113,M,,,75
200800027234,8,5,7,948,1,2,2,1,3,75113,M,,,75
200800027235,8,5,7,1340,1,2,1,1,6,75113,M,,,75
200800027236,8,5,7,1820,1,2,5,1,3,75113,M,,,75