Num_Acc,an,mois,jour,hrmn,lum,agg,int,atm,col,com,gps,lat,long,dep
200800027237,8,5,7,2030,1,2,1,1,6,75113,M,,,75
200800027238,8,5,9,1151,1,2,1,1,2,75113,M,,,75
200800027239,8,5,9,2320,5,2,1,1,6,75113,M,,,75
200800027240,8,5,10,50,5,2,3,1,3,75113,M,,,75
200800027241,8,5,11,2220,5,2,1,1,7,75113,M,,,75
200800027242,8,5,13,1250,1,2,1,7,6,75113,M,,,75
200800027243,8,5,13,1820,1,2,1,1,2,75113,M,,,75
200800027244,8,5,13,2315,5,2,3,1,6,75113,M,,,75
200800027245,8,5,14,535,2,2,1,1,7,75113,M,,,75
200800027246,8,5,14,1550,1,2,3,1,6,75113,M,,,75
200800027247,8,5,14,1748,1,2,1,1,6,75113,M,,,75
200800027248,8,5,14,1944,1,2,1,2,3,75113,M,,,75
200800027249,8,5,16,755,1,2,1,1,6,75113,M,,,75
200800027250,8,5,17,1002,1,2,1,2,6,75113,M,,,75
200800027251,8,5,17,1455,1,2,3,1,3,75113,M,,,75
200800027252,8,5,18,1440,1,2,2,8,3,75113,M,,,75
200800027253,8,5,19,1300,1,2,1,1,6,75113,M,,,75
200800027254,8,5,19,1545,1,2,1,1,6,75113,M,,,75
200800027255,8,5,19,2300,5,2,1,1,6,75113,M,,,75
200800027256,8,5,21,1430,1,2,2,1,2,75113,M,,,75
200800027257,8,5,21,1750,1,2,3,1,3,75113,M,,,75
200800027258,8,5,22,925,1,2,1,1,6,75113,M,,,75
200800027259,8,5,22,1135,1,2,2,1,7,75113,M,,,75
200800027260,8,5,23,1240,1,2,1,1,3,75113,M,,,75
200800027261,8,5,24,1755,1,2,1,2,6,75113,M,,,75
200800027262,8,5,28,1525,1,2,4,1,3,75113,M,,,75
200800027263,8,5,28,1735,1,2,2,1,6,75113,M,,,75
200800027264,8,5,29,1315,1,2,2,1,3,75113,M,,,75
200800027265,8,5,29,1545,1,2,1,8,4,75113,M,,,75
200800027266,8,5,31,2300,5,2,2,1,3,75113,M,,,75
200800027267,8,5,31,1320,1,2,2,1,3,75113,M,,,75
200800027268,8,5,11,1720,1,2,5,1,6,75114,M,,,75
200800027269,8,5,1,1740,1,2,2,1,3,75114,M,,,75
200800027270,8,5,2,115,5,2,5,3,3,75114,M,,,75
200800027271,8,5,8,900,1,2,2,1,3,75114,M,,,75
200800027272,8,5,9,630,1,2,2,1,3,75114,M,,,75
200800027273,8,5,9,845,1,2,3,1,6,75114,M,,,75
200800027274,8,5,10,1150,1,2,2,1,2,75114,M,,,75
200800027275,8,5,12,1815,1,2,2,1,3,75114,M,,,75
200800027276,8,5,13,1455,1,2,1,1,6,75114,M,,,75
200800027277,8,5,13,2110,2,2,1,1,3,75114,M,,,75
200800027278,8,5,14,1050,1,2,1,1,6,75114,M,,,75
200800027279,8,5,14,1235,1,2,3,1,6,75114,M,,,75
200800027280,8,5,16,730,1,2,2,1,3,75114,M,,,75
200800027281,8,5,17,2025,1,2,1,1,6,75114,M,,,75
200800027282,8,5,19,750,1,2,1,1,6,75114,M,,,75
200800027283,8,5,19,1100,1,2,4,1,3,75114,M,,,75
200800027284,8,5,19,2035,1,2,1,1,3,75114,M,,,75
200800027285,8,5,20,1810,1,2,6,1,3,75114,M,,,75
200800027286,8,5,21,1000,1,2,1,1,3,75114,M,,,75
200800027287,8,5,21,1630,1,2,2,1,3,75114,M,,,75
200800027288,8,5,21,2215,4,2,2,1,3,75114,M,,,75
200800027289,8,5,25,1015,1,2,7,1,3,75114,M,,,75
200800027290,8,5,25,1530,1,2,1,1,3,75114,M,,,75
200800027291,8,5,26,1140,1,2,3,1,2,75114,M,,,75
200800027292,8,5,26,1320,1,2,1,1,6,75114,M,,,75
200800027293,8,5,26,1330,1,2,2,8,3,75114,M,,,75
200800027294,8,5,26,1700,1,2,1,2,6,75114,M,,,75
200800027295,8,5,26,1930,1,2,1,2,3,75114,M,,,75
200800027296,8,5,27,1455,1,2,1,2,6,75114,M,,,75
200800027297,8,5,27,1755,1,2,1,2,7,75114,M,,,75
200800027298,8,5,1,1750,1,2,1,1,3,75115,M,,,75
200800027299,8,5,4,545,5,2,1,1,7,75115,M,,,75
200800027300,8,5,7,55,5,2,1,1,4,75115,M,,,75
200800027301,8,5,7,1740,1,2,2,1,3,75115,M,,,75
200800027302,8,5,11,1840,1,2,1,1,3,75115,M,,,75
200800027303,8,5,13,650,1,2,3,1,3,75115,M,,,75
200800027304,8,5,13,955,1,2,1,1,7,75115,M,,,75
200800027305,8,5,13,2000,1,2,3,1,3,75115,M,,,75
200800027306,8,5,14,1255,1,2,1,1,3,75115,M,,,75
200800027307,8,5,16,130,5,2,1,1,6,75115,M,,,75
200800027308,8,5,16,900,1,2,2,1,3,75115,M,,,75
200800027309,8,5,20,915,1,2,1,1,3,75115,M,,,75
200800027310,8,5,21,1450,1,2,2,1,3,75115,M,,,75
200800027311,8,5,21,1810,1,2,1,1,6,75115,M,,,75
200800027312,8,5,21,1850,1,2,5,1,3,75115,M,,,75
200800027313,8,5,22,2150,5,2,1,1,5,75115,M,,,75
200800027314,8,5,23,1825,1,2,1,1,3,75115,M,,,75
200800027315,8,5,23,1920,1,2,2,1,3,75115,M,,,75
200800027316,8,5,24,1845,1,2,2,2,3,75115,M,,,75
200800027317,8,5,25,750,1,2,1,1,7,75115,M,,,75
200800027318,8,5,25,1200,1,2,2,1,6,75115,M,,,75
200800027319,8,5,26,1050,1,2,1,1,7,75115,M,,,75
200800027320,8,5,26,1250,1,2,1,1,4,75115,M,,,75
200800027321,8,5,26,1325,1,2,5,1,6,75115,M,,,75
200800027322,8,5,27,1105,1,2,1,2,6,75115,M,,,75
200800027323,8,5,27,2030,2,2,1,2,3,75115,M,,,75
200800027324,8,5,27,2145,5,2,2,2,3,75115,M,,,75
200800027325,8,5,29,855,1,2,1,1,2,75115,M,,,75
200800027326,8,5,1,1610,1,2,1,1,6,75116,M,,,75
200800027327,8,5,1,1800,1,2,5,1,3,75116,M,,,75
200800027328,8,5,1,2130,5,2,5,1,3,75116,M,,,75
200800027329,8,5,5,1815,1,2,2,1,7,75116,M,,,75
200800027330,8,5,7,545,2,2,3,1,3,75116,M,,,75
200800027331,8,5,6,1300,1,2,5,1,3,75116,M,,,75
200800027332,8,5,7,1640,1,2,3,1,2,75116,M,,,75
200800027333,8,5,7,1355,1,2,2,1,6,75116,M,,,75
200800027334,8,5,8,1610,1,2,1,1,2,75116,M,,,75
200800027335,8,5,10,1350,1,2,2,1,6,75116,M,,,75
200800027336,8,5,11,205,5,2,1,1,2,75116,M,,,75
200800027337,8,5,12,1235,1,2,2,1,3,75116,M,,,75
200800027338,8,5,13,1845,1,2,1,1,6,75116,M,,,75
200800027339,8,5,13,2050,2,2,5,1,7,75116,M,,,75
200800027340,8,5,14,750,1,2,1,1,2,75116,M,,,75
200800027341,8,5,15,35,5,2,3,3,6,75116,M,,,75
200800027342,8,5,18,145,5,2,1,1,3,75116,M,,,75
200800027343,8,5,18,1957,1,2,3,1,3,75116,M,,,75
200800027344,8,5,18,2045,1,2,1,1,7,75116,M,,,75
200800027345,8,5,18,2130,5,2,2,1,2,75116,M,,,75
200800027346,8,5,19,920,1,2,1,1,7,75116,M,,,75
200800027347,8,5,20,825,5,2,1,1,4,75116,M,,,75
200800027348,8,5,20,1225,1,2,1,1,2,75116,M,,,75
200800027349,8,5,20,1320,1,2,1,1,6,75116,M,,,75
200800027350,8,5,21,1050,1,2,1,1,6,75116,M,,,75
200800027351,8,5,22,1620,1,2,5,1,3,75116,M,,,75
200800027352,8,5,22,1725,1,2,2,1,3,75116,M,,,75
200800027353,8,5,23,700,1,2,2,1,7,75116,M,,,75
200800027354,8,5,23,1105,1,2,3,1,6,75116,M,,,75
200800027355,8,5,23,1100,1,2,1,1,3,75116,M,,,75
200800027356,8,5,23,1200,1,2,2,1,6,75116,M,,,75
200800027357,8,5,24,535,2,2,5,1,6,75116,M,,,75
200800027358,8,5,24,1415,1,2,5,2,3,75116,M,,,75
200800027359,8,5,25,550,1,2,2,8,3,75116,M,,,75
200800027360,8,5,25,1245,1,2,1,1,6,75116,M,,,75
200800027361,8,5,26,920,1,2,1,1,4,75116,M,,,75
200800027362,8,5,26,1330,1,2,1,1,6,75116,M,,,75
200800027363,8,5,26,2030,2,2,5,8,6,75116,M,,,75
200800027364,8,5,27,1130,1,2,1,2,7,75116,M,,,75
200800027365,8,5,27,1420,1,2,2,3,2,75116,M,,,75
200800027366,8,5,27,1530,1,2,2,3,3,75116,M,,,75
200800027367,8,5,27,2200,5,2,2,2,3,75116,M,,,75
200800027368,8,5,28,1600,1,2,5,1,2,75116,M,,,75
200800027369,8,5,29,1530,1,2,1,3,3,75116,M,,,75
200800027370,8,5,29,1640,1,2,2,1,3,75116,M,,,75
200800027371,8,5,30,920,1,2,1,1,2,75116,M,,,75
200800027372,8,5,30,1305,1,2,2,1,7,75116,M,,,75
200800027373,8,5,30,1815,1,2,2,1,6,75116,M,,,75
200800027374,8,5,30,1945,1,2,1,1,3,75116,M,,,75
200800027375,8,5,31,330,5,2,2,1,3,75116,M,,,75
200800027376,8,5,31,850,1,2,1,1,6,75116,M,,,75
200800027377,8,5,31,1110,1,2,1,1,4,75116,M,,,75
200800027378,8,5,31,1500,1,2,3,1,6,75116,M,,,75
200800027379,8,5,1,1650,1,2,2,1,3,75117,M,,,75
200800027380,8,5,1,1545,1,2,5,1,3,75117,M,,,75
200800027381,8,5,5,600,2,2,3,1,6,75117,M,,,75
200800027382,8,5,5,1225,1,2,2,1,3,75117,M,,,75
200800027383,8,5,5,1605,1,2,1,7,2,75117,M,,,75
200800027384,8,5,6,1515,1,2,2,1,3,75117,M,,,75
200800027385,8,5,7,1445,1,2,1,1,2,75117,M,,,75
200800027386,8,5,8,654,1,2,1,1,1,75117,M,,,75
200800027387,8,5,8,1850,1,2,7,1,2,75117,M,,,75
200800027388,8,5,8,2134,5,2,2,1,6,75117,M,,,75
200800027389,8,5,9,735,1,2,2,1,2,75117,M,,,75
200800027390,8,5,10,620,1,2,1,1,7,75117,M,,,75
200800027391,8,5,13,1445,1,2,1,1,3,75117,M,,,75
200800027392,8,5,13,1905,2,2,3,1,6,75117,M,,,75
200800027393,8,5,14,1002,1,2,3,1,3,75117,M,,,75
200800027394,8,5,14,1120,1,2,1,1,4,75117,M,,,75
200800027395,8,5,14,1210,1,2,1,1,2,75117,M,,,75
200800027396,8,5,15,919,1,2,2,1,6,75117,M,,,75
200800027397,8,5,15,1350,1,2,2,1,3,75117,M,,,75
200800027398,8,5,15,1850,1,2,2,1,6,75117,M,,,75
200800027399,8,5,17,1940,1,2,1,3,6,75117,M,,,75
200800027400,8,5,18,1820,1,2,2,1,7,75117,M,,,75
200800027401,8,5,19,900,1,2,1,1,3,75117,M,,,75
200800027402,8,5,22,1135,1,2,2,1,2,75117,M,,,75
200800027403,8,5,23,1455,1,2,2,1,3,75117,M,,,75
200800027404,8,5,24,1940,1,2,1,8,2,75117,M,,,75
200800027405,8,5,25,958,1,2,2,1,3,75117,M,,,75
200800027406,8,5,26,940,1,2,2,1,2,75117,M,,,75
200800027407,8,5,26,1615,1,2,3,3,7,75117,M,,,75
200800027408,8,5,27,915,1,2,2,1,6,75117,M,,,75
200800027409,8,5,27,1405,1,2,2,2,3,75117,M,,,75
200800027410,8,5,27,1525,1,2,1,2,5,75117,M,,,75
200800027411,8,5,27,1945,1,2,1,1,2,75117,M,,,75
200800027412,8,5,27,2350,5,2,3,3,4,75117,M,,,75
200800027413,8,5,28,1453,1,2,1,1,4,75117,M,,,75
200800027414,8,5,28,1605,1,2,4,1,3,75117,M,,,75
200800027415,8,5,31,1425,1,2,2,1,5,75117,M,,,75
200800027416,8,5,31,1545,1,2,1,1,3,75117,M,,,75
200800027417,8,5,2,1145,1,2,2,1,3,75118,M,,,75
200800027418,8,5,3,1515,1,2,1,1,3,75118,M,,,75
200800027419,8,5,3,2230,5,2,1,1,7,75118,M,,,75
200800027420,8,5,5,1200,1,2,2,1,2,75118,M,,,75
200800027421,8,5,6,1120,1,2,1,1,6,75118,M,,,75
200800027422,8,5,7,417,3,2,2,1,3,75118,M,,,75
200800027423,8,5,7,1245,1,2,1,1,6,75118,M,,,75
200800027424,8,5,7,2045,2,2,1,1,3,75118,M,,,75
200800027425,8,5,8,2315,5,2,1,1,6,75118,M,,,75
200800027426,8,5,9,1910,1,2,2,1,6,75118,M,,,75
200800027427,8,5,13,850,1,2,1,1,6,75118,M,,,75
200800027428,8,5,13,2035,1,2,1,1,6,75118,M,,,75
200800027429,8,5,15,1330,1,2,2,1,3,75118,M,,,75
200800027430,8,5,16,839,1,2,1,1,6,75118,M,,,75
200800027431,8,5,17,1500,1,2,1,2,6,75118,M,,,75
200800027432,8,5,18,620,2,2,3,1,7,75118,M,,,75
200800027433,8,5,19,1230,1,2,2,1,3,75118,M,,,75
200800027434,8,5,19,1701,1,2,1,1,3,75119,M,,,75
200800027435,8,5,19,1900,1,2,3,1,6,75118,M,,,75
200800027436,8,5,21,845,1,2,4,1,3,75118,M,,,75
200800027437,8,5,21,1110,1,2,1,1,6,75118,M,,,75
200800027438,8,5,21,1405,1,2,1,1,6,75118,M,,,75
200800027439,8,5,22,235,5,2,4,1,2,75118,M,,,75
200800027440,8,5,23,1835,1,2,2,1,6,75118,M,,,75
200800027441,8,5,24,1020,1,2,2,1,3,75118,M,,,75
200800027442,8,5,24,2025,1,2,1,8,2,75118,M,,,75
200800027443,8,5,26,1055,1,2,1,1,3,75118,M,,,75
200800027444,8,5,27,1540,1,2,1,2,6,75118,M,,,75
200800027445,8,5,28,1050,1,2,1,1,3,75118,M,,,75
200800027446,8,5,21,1544,1,2,3,1,3,75118,M,,,75
200800027447,8,5,28,1625,1,2,1,1,6,75118,M,,,75
200800027448,8,5,29,2100,1,2,1,1,6,75118,M,,,75
200800027449,8,5,1,1745,1,2,2,1,6,75119,M,,,75
200800027450,8,5,4,430,5,2,1,1,6,75119,M,,,75
200800027451,8,5,5,310,5,2,5,1,6,75119,M,,,75
200800027452,8,5,5,1340,1,2,1,1,7,75119,M,,,75
200800027453,8,5,6,2255,5,2,1,1,6,75119,M,,,75
200800027454,8,5,7,1,5,2,1,1,6,75119,M,,,75
200800027455,8,5,7,830,1,2,1,1,2,75119,M,,,75
200800027456,8,5,8,605,2,2,2,1,3,75119,M,,,75
200800027457,8,5,7,1650,1,2,2,1,7,75119,M,,,75
200800027458,8,5,8,1615,1,2,1,1,6,75119,M,,,75
200800027459,8,5,9,1620,1,2,2,1,6,75119,M,,,75
200800027460,8,5,9,1910,1,2,1,1,1,75119,M,,,75
200800027461,8,5,10,2130,5,2,1,1,7,75119,M,,,75
200800027462,8,5,10,2320,5,2,6,1,3,75119,M,,,75
200800027463,8,5,11,2005,1,2,1,1,2,75119,M,,,75
200800027464,8,5,12,1525,1,2,7,1,3,75119,M,,,75
200800027465,8,5,13,1050,1,2,3,1,3,75119,M,,,75
200800027466,8,5,13,1130,1,2,2,1,3,75119,M,,,75
200800027467,8,5,14,1745,1,2,1,1,6,75119,M,,,75
200800027468,8,5,16,1030,1,2,1,1,6,75119,M,,,75
200800027469,8,5,16,1350,1,2,1,1,6,75119,M,,,75
200800027470,8,5,16,1604,1,2,1,8,2,75119,M,,,75
200800027471,8,5,17,1615,1,2,1,2,7,75119,M,,,75
200800027472,8,5,17,1600,1,2,1,3,2,75119,M,,,75
200800027473,8,5,18,1130,1,2,2,1,2,75119,M,,,75
200800027474,8,5,19,2035,2,2,1,1,6,75119,M,,,75
200800027475,8,5,22,1020,1,2,1,1,6,75119,M,,,75
200800027476,8,5,22,1920,1,2,2,1,6,75119,M,,,75
200800027477,8,5,22,2210,3,2,1,1,6,75119,M,,,75
200800027478,8,5,22,2211,5,2,1,1,2,75119,M,,,75
200800027479,8,5,23,950,1,2,1,1,3,75119,M,,,75
200800027480,8,5,23,1020,1,2,1,1,3,75119,M,,,75
200800027481,8,5,23,1510,1,2,2,1,2,75119,M,,,75
200800027482,8,5,25,1542,1,2,2,1,3,75119,M,,,75
200800027483,8,5,26,1035,1,2,3,1,3,75119,M,,,75
200800027484,8,5,28,1830,1,2,1,1,6,75119,M,,,75
200800027485,8,5,28,1955,1,2,1,1,2,75119,M,,,75
200800027486,8,5,29,900,1,2,1,1,6,75119,M,,,75
200800027487,8,5,30,1525,1,2,1,1,6,75119,M,,,75
200800027488,8,5,30,1625,1,2,1,1,2,75119,M,,,75
200800027489,8,5,1,1720,1,2,3,1,6,75120,M,,,75
200800027490,8,5,3,45,5,2,3,1,6,75120,M,,,75
200800027491,8,5,7,1120,1,2,1,1,3,75120,M,,,75
200800027492,8,5,7,1405,1,2,2,1,3,75120,M,,,75
200800027493,8,5,8,1945,1,2,1,1,6,75120,M,,,75
200800027494,8,5,9,1340,1,2,1,1,3,75120,M,,,75
200800027495,8,5,11,1835,1,2,2,1,3,75120,M,,,75
200800027496,8,5,12,640,2,2,7,1,6,75120,M,,,75
200800027497,8,5,13,935,1,2,1,1,6,75120,M,,,75
200800027498,8,5,15,1830,1,2,2,1,7,75120,M,,,75
200800027499,8,5,17,1655,1,2,1,2,2,75120,M,,,75
200800027500,8,5,20,100,5,2,1,1,3,75120,M,,,75
200800027501,8,5,20,906,1,2,2,1,3,75120,M,,,75
200800027502,8,5,20,1615,1,2,1,1,6,75120,M,,,75
200800027503,8,5,20,1848,1,2,2,1,6,75120,M,,,75
200800027504,8,5,21,842,1,2,1,1,3,75120,M,,,75
200800027505,8,5,21,1740,1,2,2,1,3,75120,M,,,75
200800027506,8,5,24,910,1,2,1,1,6,75120,M,,,75
200800027507,8,5,24,1130,1,2,1,1,6,75120,M,,,75
200800027508,8,5,25,1932,1,2,2,8,2,75120,M,,,75
200800027509,8,5,26,1630,1,2,1,3,2,75120,M,,,75
200800027510,8,5,27,630,1,2,3,1,3,75120,M,,,75
200800027511,8,5,28,1645,1,2,1,1,6,75120,M,,,75
200800027512,8,5,29,2130,2,2,1,1,3,75120,M,,,75
200800027513,8,5,2,1500,1,2,2,1,4,75117,M,,,75
200800027514,8,5,2,1735,1,2,5,1,3,75110,M,,,75
200800027515,8,5,5,1415,1,2,1,1,4,75116,M,,,75
200800027516,8,5,5,1700,1,2,1,1,6,75101,M,,,75
200800027517,8,5,6,20,5,2,2,1,6,75117,M,,,75
200800027518,8,5,7,320,5,2,1,1,6,75108,M,,,75
200800027519,8,5,7,2045,5,2,2,1,3,75114,M,,,75
200800027520,8,5,9,1030,1,2,1,1,6,75102,M,,,75
200800027521,8,5,9,2330,5,2,1,1,7,75112,M,,,75
200800027522,8,5,10,1010,1,2,1,1,3,75112,M,,,75
200800027523,8,5,11,145,5,2,2,1,6,75120,M,,,75
200800027524,8,5,11,1723,1,2,1,1,1,75116,M,,,75
200800027525,8,5,11,2230,5,2,1,1,2,75116,M,,,75
200800027526,8,5,12,1230,1,2,2,1,3,75116,M,,,75
200800027527,8,5,12,1410,1,2,2,7,3,75117,M,,,75
200800027528,8,5,13,730,1,2,1,1,4,75116,M,,,75
200800027529,8,5,13,1440,1,2,1,1,6,75112,M,,,75
200800027530,8,5,14,1120,1,2,1,1,6,75119,M,,,75
200800027531,8,5,14,1135,1,2,1,1,6,75104,M,,,75
200800027532,8,5,15,735,1,2,1,1,6,75113,M,,,75
200800027533,8,5,15,925,1,2,1,1,2,75112,M,,,75
200800027534,8,5,15,1149,1,2,1,1,3,75112,M,,,75
200800027535,8,5,16,1730,1,2,3,1,6,75120,M,,,75
200800027536,8,5,17,2312,5,2,1,3,6,75108,M,,,75
200800027537,8,5,17,2220,5,2,2,1,3,75117,M,,,75
200800027538,8,5,17,2300,5,2,1,1,6,75117,M,,,75
200800027539,8,5,21,715,1,2,1,1,6,75116,M,,,75
200800027540,8,5,21,930,1,2,1,1,6,75111,M,,,75
200800027541,8,5,21,1030,1,2,5,1,3,75108,M,,,75
200800027542,8,5,21,1700,1,2,3,1,7,75101,M,,,75
200800027543,8,5,22,1856,1,2,1,1,6,75114,M,,,75
200800027544,8,5,23,545,2,2,2,1,3,75104,M,,,75
200800027545,8,5,23,1530,1,2,3,1,6,75117,M,,,75
200800027546,8,5,23,1733,1,2,1,1,3,75110,M,,,75
200800027547,8,5,23,1945,1,2,1,1,6,75114,M,,,75
200800027548,8,5,24,320,5,2,1,1,6,75105,M,,,75
200800027549,8,5,24,1240,1,2,1,1,6,75116,M,,,75
200800027550,8,5,25,1550,1,2,7,1,3,75108,M,,,75
200800027551,8,5,25,2019,5,2,1,1,3,75120,M,,,75
200800027552,8,5,26,800,1,2,1,1,2,75114,M,,,75
200800027553,8,5,26,1051,1,2,2,1,6,75115,M,,,75
200800027554,8,5,26,1850,1,2,1,2,3,75114,M,,,75
200800027555,8,5,26,2230,5,2,1,1,6,75120,M,,,75
200800027556,8,5,27,1445,1,2,1,2,3,75113,M,,,75
200800027557,8,5,27,1250,1,2,2,1,3,75101,M,,,75
200800027558,8,5,27,1530,1,2,1,1,6,75119,M,,,75
200800027559,8,5,27,1730,1,2,1,1,3,75101,M,,,75
200800027560,8,5,28,1410,1,2,1,1,1,75104,M,,,75
200800027561,8,5,28,1415,1,2,2,1,3,75106,M,,,75
200800027562,8,5,28,2035,2,2,1,1,6,75119,M,,,75
200800027563,8,5,29,2145,5,2,1,1,6,75112,M,,,75
200800027564,8,5,30,925,1,2,1,1,3,75120,M,,,75
200800027565,8,5,31,1700,1,2,1,1,6,75117,M,,,75
200800027566,8,5,2,1645,1,2,1,1,4,75118,M,,,75
200800027567,8,5,4,1700,1,2,1,1,4,75114,M,,,75
200800027568,8,5,4,1900,1,2,1,1,3,75117,M,,,75
200800027569,8,5,6,915,1,2,1,1,2,75114,M,,,75
200800027570,8,5,6,1325,1,2,1,1,4,75113,M,,,75
200800027571,8,5,6,1930,1,2,1,1,3,75119,M,,,75
200800027572,8,5,7,820,1,2,1,1,4,75116,M,,,75
200800027573,8,5,7,1155,1,2,1,1,4,75114,M,,,75
200800027574,8,5,7,1230,1,2,1,1,6,75119,M,,,75
200800027575,8,5,7,1615,1,2,1,1,2,75112,M,,,75
200800027576,8,5,7,2020,5,2,1,1,3,75116,M,,,75
200800027577,8,5,8,1030,1,2,1,1,2,75116,M,,,75
200800027578,8,5,8,2000,1,2,4,1,6,75112,M,,,75
200800027579,8,5,8,2005,1,2,1,1,5,75115,M,,,75
200800027580,8,5,9,1240,1,2,1,1,3,75118,M,,,75
200800027581,8,5,9,1540,1,2,1,1,3,75118,M,,,75
200800027582,8,5,10,700,1,2,1,1,2,75112,M,,,75
200800027583,8,5,10,1535,1,2,4,1,2,75116,M,,,75
200800027584,8,5,10,1800,1,2,1,1,2,75118,M,,,75
200800027585,8,5,10,2125,2,2,1,1,2,75118,M,,,75
200800027586,8,5,11,1440,1,2,1,1,4,75116,M,,,75
200800027587,8,5,12,1138,1,2,1,1,2,75116,M,,,75
200800027588,8,5,13,20,5,2,1,1,6,75116,M,,,75
200800027589,8,5,13,1530,1,2,1,1,2,75115,M,,,75
200800027590,8,5,13,1930,1,2,1,1,4,75114,M,,,75
200800027591,8,5,14,1230,1,2,1,1,4,75116,M,,,75
200800027592,8,5,15,830,1,2,1,1,3,75120,M,,,75
200800027593,8,5,15,1637,1,2,1,1,4,75120,M,,,75
200800027594,8,5,15,1440,1,2,1,1,7,75117,M,,,75
200800027595,8,5,15,1815,1,2,1,1,3,75115,M,,,75
200800027596,8,5,16,120,5,2,1,1,5,75118,M,,,75
200800027597,8,5,16,800,1,2,1,1,3,75120,M,,,75
200800027598,8,5,16,905,1,2,1,1,2,75115,M,,,75
200800027599,8,5,16,1000,1,2,1,1,3,75116,M,,,75
200800027600,8,5,16,1750,1,2,1,2,2,75119,M,,,75
200800027601,8,5,16,1900,1,2,4,1,4,75116,M,,,75
200800027602,8,5,16,2130,5,2,1,2,2,75115,M,,,75
200800027603,8,5,17,2025,1,2,1,1,3,75113,M,,,75
200800027604,8,5,17,1945,2,2,1,8,3,75118,M,,,75
200800027605,8,5,18,1610,1,2,1,1,3,75113,M,,,75
200800027606,8,5,18,2040,2,2,1,8,4,75118,M,,,75
200800027607,8,5,19,1000,1,2,4,1,3,75112,M,,,75
200800027608,8,5,19,1825,1,2,1,1,6,75117,M,,,75
200800027609,8,5,20,725,1,2,1,1,3,75117,M,,,75
200800027610,8,5,20,1200,1,2,1,1,4,75120,M,,,75
200800027611,8,5,19,1930,1,2,1,1,7,75116,M,,,75
200800027612,8,5,20,1645,1,2,1,1,4,75120,M,,,75
200800027613,8,5,21,1410,1,2,1,1,6,75114,M,,,75
200800027614,8,5,21,1500,1,2,1,1,4,75113,M,,,75
200800027615,8,5,22,1435,1,2,1,1,3,75112,M,,,75
200800027616,8,5,22,1820,1,2,1,1,6,75114,M,,,75
200800027617,8,5,23,935,1,2,1,1,3,75120,M,,,75
200800027618,8,5,23,1520,1,2,1,1,4,75116,M,,,75
200800027619,8,5,24,1550,1,2,1,2,3,75120,M,,,75
200800027620,8,5,27,1220,1,2,1,2,2,75120,M,,,75
200800027621,8,5,27,1345,1,2,1,2,2,75112,M,,,75
200800027622,8,5,27,1545,1,2,1,2,5,75118,M,,,75
200800027623,8,5,27,1850,2,2,4,8,4,75118,M,,,75
200800027624,8,5,28,740,1,2,1,2,7,75119,M,,,75
200800027625,8,5,28,945,1,2,1,1,7,75120,M,,,75
200800027626,8,5,28,1130,1,2,4,1,6,75114,M,,,75
200800027627,8,5,28,1410,1,2,1,1,3,75116,M,,,75
200800027628,8,5,28,1510,1,2,1,1,2,75114,M,,,75
200800027629,8,5,28,2110,1,2,1,1,3,75117,M,,,75
200800027630,8,5,29,1230,1,2,1,1,2,75113,M,,,75
200800027631,8,5,29,1230,1,2,1,1,6,75116,M,,,75
200800027632,8,5,29,1900,1,2,1,1,3,75115,M,,,75
200800027633,8,5,30,1053,1,2,1,1,7,75118,M,,,75
200800027634,8,5,30,1430,1,2,1,1,3,75114,M,,,75
200800027635,8,5,30,1735,1,2,1,1,2,75112,M,,,75
200800027636,8,5,30,2245,5,2,1,1,2,75116,M,,,75
200800027637,8,5,11,515,5,2,1,1,6,59051,M,5053500.0,280400.0,59
200800027638,8,5,18,430,3,1,6,1,7,59550,M,0.0,0.0,59
200800027639,8,5,5,2345,5,2,1,1,7,59653,M,5059300.0,292900.0,59
200800027640,8,5,14,700,2,2,6,1,3,59278,M,0.0,0.0,59
200800027641,8,5,20,1215,1,1,1,1,3,59278,M,5061000.0,295000.0,59
200800027642,8,5,11,215,4,1,1,1,6,59197,M,5054600.0,315300.0,59
200800027643,8,5,10,845,1,2,1,1,3,59266,M,5054700.0,298800.0,59
200800027644,8,5,22,2045,1,1,1,1,6,59094,M,5093400.0,219200.0,59
200800027645,8,5,25,2030,1,1,1,1,1,59094,M,5095100.0,218800.0,59
200800027646,8,5,3,1900,1,2,1,1,1,59663,M,5088600.0,246600.0,59
200800027647,8,5,14,1530,1,1,1,1,1,59416,M,0.0,0.0,59
200800027648,8,5,1,1100,1,1,3,1,3,59399,M,5073700.0,265500.0,59
200800027649,8,5,9,1000,1,1,1,1,1,59401,M,5075400.0,265900.0,59
200800027650,8,5,30,1130,1,1,1,1,1,59180,M,0.0,0.0,59
200800027651,8,5,25,715,2,1,1,3,1,59400,M,0.0,0.0,59
200800027652,8,5,4,2115,3,1,1,1,7,59262,M,0.0,0.0,59
200800027653,8,5,17,1215,1,2,1,2,7,59580,M,5081500.0,258200.0,59
200800027654,8,5,25,1930,1,1,1,1,4,59054,M,5076100.0,241900.0,59
200800027655,8,5,2,1845,1,2,1,1,1,59096,M,0.0,0.0,59
200800027656,8,5,21,900,1,2,1,1,3,59419,M,0.0,0.0,59
200800027657,8,5,23,200,4,2,1,1,6,59374,M,5013200.0,384200.0,59
200800027658,8,5,16,2215,5,2,1,2,6,59194,M,5019600.0,363900.0,59
200800027659,8,5,30,815,1,1,1,1,1,59593,M,0.0,0.0,59