Num_Acc,an,mois,jour,hrmn,lum,agg,int,atm,col,com,gps,lat,long,dep
200800027660,8,5,20,1015,1,1,2,1,3,59136,M,5007600.0,350400.0,59
200800027661,8,5,31,130,5,1,1,1,6,59136,M,0.0,0.0,59
200800027662,8,5,25,1030,1,2,1,1,5,59074,M,0.0,0.0,59
200800027663,8,5,13,930,1,1,1,1,1,59263,M,5031300.0,310000.0,59
200800027664,8,5,22,1645,1,2,1,1,6,59115,M,5027400.0,314700.0,59
200800027665,8,5,26,1230,1,2,1,1,6,59449,M,0.0,0.0,59
200800027666,8,5,13,1645,1,1,2,1,5,59357,M,5028800.0,388300.0,59
200800027667,8,5,18,1615,1,1,1,1,6,59157,M,0.0,0.0,59
200800027668,8,5,23,2230,5,1,2,1,3,62712,M,0.0,0.0,62
200800027669,8,5,2,1015,1,2,1,1,1,62284,M,5025600.0,307200.0,62
200800027670,8,5,17,1145,1,1,1,8,7,62164,M,5019800.0,313300.0,62
200800027671,8,5,30,1915,1,1,1,1,3,62414,M,5023200.0,297200.0,62
200800027672,8,5,11,1830,1,2,1,1,1,62599,M,0.0,0.0,62
200800027673,8,5,5,1400,1,2,1,1,3,62170,M,5042600.0,267100.0,62
200800027674,8,5,18,745,1,1,1,1,6,62233,M,5036900.0,165500.0,62
200800027675,8,5,27,1600,1,2,1,1,6,62201,M,0.0,0.0,62
200800027676,8,5,6,2130,1,2,1,1,6,62100,M,5042800.0,190000.0,62
200800027677,8,5,11,1145,1,1,9,1,3,62204,M,5040400.0,187900.0,62
200800027678,8,5,31,1800,1,2,3,1,5,62204,M,5040100.0,187800.0,62
200800027679,8,5,9,1245,1,2,1,1,3,62752,M,0.0,0.0,62
200800027680,8,5,13,2215,3,1,1,1,2,62014,M,0.0,0.0,62
200800027681,8,5,5,1530,1,1,1,1,7,62904,M,5082100.0,208200.0,62
200800027682,8,5,6,1830,1,1,1,1,6,62174,M,0.0,0.0,62
200800027683,8,5,13,845,1,1,1,1,1,62308,M,5071900.0,195200.0,62
200800027684,8,5,2,1815,1,1,1,1,7,62299,M,5047200.0,232900.0,62
200800027685,8,5,10,1345,1,1,1,1,7,62468,M,0.0,0.0,62
200800027686,8,5,20,1115,1,2,2,1,5,62045,M,5035000.0,258000.0,62
200800027687,8,5,26,1800,1,1,9,2,7,80050,M,0.0,0.0,80
200800027688,8,5,5,1800,1,1,3,1,3,80137,M,4993000.0,217000.0,80
200800027689,8,5,6,1830,1,1,1,1,1,80077,M,0.0,0.0,80
200800027690,8,5,2,1430,1,1,1,1,1,80163,M,0.0,0.0,80
200800027691,8,5,20,2100,1,2,1,1,6,80200,M,0.0,0.0,80
200800027692,8,5,27,1645,1,1,1,1,1,80078,M,0.0,0.0,80
200800027693,8,5,2,830,1,1,6,1,3,80834,M,,,80
200800027694,8,5,5,2030,1,2,1,1,3,80190,M,0.0,0.0,80
200800027695,8,5,13,1800,1,1,1,1,1,80039,M,0.0,0.0,80
200800027696,8,5,17,1230,1,2,2,8,1,80126,M,,,80
200800027697,8,5,30,530,1,2,1,1,3,80368,M,0.0,0.0,80
200800027698,8,5,1,1000,1,1,1,1,6,80600,M,0.0,0.0,80
200800027699,8,5,2,1,3,2,1,1,7,80462,M,0.0,0.0,80
200800027700,8,5,1,1400,1,1,1,3,6,80095,M,5009000.0,256000.0,80
200800027701,8,5,5,1545,1,2,1,1,7,80253,M,5016600.0,234700.0,80
200800027702,8,5,9,2245,3,1,3,1,2,80253,M,5013000.0,233000.0,80
200800027703,8,5,12,1830,1,2,9,1,7,80584,M,5004000.0,228000.0,80
200800027704,8,5,10,1430,1,1,1,1,6,80561,M,0.0,0.0,80
200800027705,8,5,31,300,5,2,9,1,6,80561,M,0.0,0.0,80
200800027706,8,5,12,1930,1,1,1,1,2,80545,M,0.0,0.0,80
200800027707,8,5,6,1930,1,1,1,1,1,80521,M,4999500.0,284200.0,80
200800027708,8,5,20,845,1,1,1,1,1,80204,M,0.0,0.0,80
200800027709,8,5,30,15,3,1,1,1,7,80438,M,0.0,0.0,80
200800027710,8,5,1,2115,5,2,1,2,7,80016,M,0.0,0.0,80
200800027711,8,5,2,2100,2,2,1,1,3,80016,M,0.0,0.0,80
200800027712,8,5,9,1545,1,1,1,1,7,80151,M,0.0,0.0,80
200800027713,8,5,14,1815,1,2,1,1,2,80016,M,0.0,0.0,80
200800027714,8,5,22,1600,1,1,1,1,3,80016,M,0.0,0.0,80
200800027715,8,5,2,1545,1,1,2,1,3,80644,M,0.0,0.0,80
200800027716,8,5,4,700,1,2,1,1,5,80417,M,0.0,0.0,80
200800027717,8,5,11,1945,1,1,1,1,7,80682,M,4978600.0,270900.0,80
200800027718,8,5,3,2215,5,2,1,1,3,02468,M,4974600.0,377400.0,02
200800027719,8,5,7,1900,1,1,1,1,3,02180,M,4965600.0,361500.0,02
200800027720,8,5,2,1200,1,1,1,1,3,02820,M,0.0,0.0,02
200800027721,8,5,4,1715,1,2,1,1,6,02645,M,0.0,0.0,02
200800027722,8,5,21,1730,1,2,9,1,3,02307,M,0.0,0.0,02
200800027723,8,5,15,1600,1,1,1,3,1,02420,M,0.0,0.0,02
200800027724,8,5,24,230,3,1,1,1,6,02303,M,4987700.0,326300.0,02
200800027725,8,5,31,1430,1,2,1,2,7,02504,M,0.0,0.0,02
200800027726,8,5,17,100,5,2,1,2,6,02575,M,0.0,0.0,02
200800027727,8,5,10,245,3,1,1,1,6,02400,M,4945600.0,343000.0,02
200800027728,8,5,11,1015,1,1,1,1,2,02082,M,4923600.0,341200.0,02
200800027729,8,5,12,1420,1,2,1,1,1,02780,M,4936900.0,338900.0,02
200800027730,8,5,16,2130,5,1,1,1,6,02610,M,0.0,0.0,02
200800027731,8,5,31,115,5,2,1,1,6,02706,M,4933000.0,335000.0,02
200800027732,8,5,9,2130,5,2,1,1,6,02487,M,0.0,0.0,02
200800027733,8,5,14,1200,1,2,1,1,6,02110,M,0.0,0.0,02
200800027734,8,5,4,1730,1,1,1,1,3,02810,M,4927400.0,310200.0,02
200800027735,8,5,10,1300,1,1,1,1,6,02506,M,4930100.0,318300.0,02
200800027736,8,5,15,1330,1,1,9,2,1,02326,M,4940800.0,318200.0,02
200800027737,8,5,3,1930,1,2,1,1,3,02379,M,0.0,0.0,02
200800027738,8,5,2,2145,3,2,1,1,3,02625,M,0.0,0.0,02
200800027739,8,5,10,1645,1,2,1,1,3,02757,M,0.0,0.0,02
200800027740,8,5,10,2345,3,1,1,1,7,02476,M,0.0,0.0,02
200800027741,8,5,18,1030,1,2,1,1,3,60663,M,0.0,0.0,60
200800027742,8,5,24,100,3,1,1,1,1,60628,M,0.0,0.0,60
200800027743,8,5,23,1930,1,1,2,1,3,60668,M,0.0,0.0,60
200800027744,8,5,2,1930,1,2,1,1,1,60029,M,0.0,0.0,60
200800027745,8,5,19,1000,1,1,1,1,7,60343,M,0.0,0.0,60
200800027746,8,5,20,1530,1,2,1,1,1,60073,M,0.0,0.0,60
200800027747,8,5,24,1115,1,2,1,1,3,60029,M,4937300.0,200000.0,60
200800027748,8,5,10,145,3,1,1,1,6,60645,M,0.0,0.0,60
200800027749,8,5,17,1,3,2,1,3,6,60644,M,0.0,0.0,60
200800027750,8,5,27,630,1,1,1,5,1,60363,M,0.0,0.0,60
200800027751,8,5,28,2045,2,1,9,1,3,60195,M,0.0,0.0,60
200800027752,8,5,2,1445,1,1,1,7,6,60395,M,0.0,0.0,60
200800027753,8,5,3,1715,1,2,1,1,2,60462,M,0.0,0.0,60
200800027754,8,5,22,830,1,1,1,1,1,60575,M,0.0,0.0,60
200800027755,8,5,3,1645,1,1,2,1,3,60299,M,0.0,0.0,60
200800027756,8,5,8,2100,1,1,1,1,7,60042,M,4934600.0,245600.0,60
200800027757,8,5,26,2045,2,2,3,2,3,60439,M,0.0,0.0,60
200800027758,8,5,3,900,1,1,1,1,1,60133,M,0.0,0.0,60
200800027759,8,5,8,100,3,1,1,1,6,60643,M,4956600.0,256600.0,60
200800027760,8,5,26,1330,1,1,6,1,3,60698,M,0.0,0.0,60
200800027761,8,5,13,1715,1,2,1,7,3,60150,M,4954600.0,295300.0,60
200800027762,8,5,16,1730,1,2,1,8,2,60501,M,0.0,0.0,60
200800027763,8,5,30,1830,1,1,1,1,3,60070,M,4945900.0,283100.0,60
200800027764,8,5,8,2245,3,1,9,1,6,60223,M,0.0,0.0,60
200800027765,8,5,6,1645,1,2,1,1,6,60471,M,4958900.0,300200.0,60
200800027766,8,5,20,745,1,1,1,1,1,57124,M,0.0,0.0,57
200800027767,8,5,28,1200,1,1,1,1,2,57475,M,0.0,0.0,57
200800027768,8,5,5,1800,1,1,1,1,7,60139,M,0.0,0.0,60
200800027769,8,5,10,1030,1,1,1,1,3,60398,M,0.0,0.0,60
200800027770,8,5,10,2030,2,1,1,1,6,60651,M,0.0,0.0,60
200800027771,8,5,23,1815,1,2,1,1,1,60139,M,0.0,0.0,60
200800027772,8,5,25,2030,1,2,1,1,7,60139,M,0.0,0.0,60
200800027773,8,5,29,1830,1,2,1,1,6,60450,M,0.0,0.0,60
200800027774,8,5,17,1815,1,1,1,1,3,60683,M,0.0,0.0,60
200800027775,8,5,11,1215,1,1,1,1,1,60446,M,4913100.0,279100.0,60
200800027776,8,5,1,2300,3,1,1,2,6,60667,M,0.0,0.0,60
200800027777,8,5,20,930,1,1,1,1,3,60525,M,0.0,0.0,60
200800027778,8,5,26,1845,1,2,1,2,2,60509,M,0.0,0.0,60
200800027779,8,5,9,2100,1,2,1,1,6,76452,M,4954300.0,106400.0,76
200800027780,8,5,20,1715,1,2,1,1,6,76047,M,4974900.0,93500.0,76
200800027781,8,5,13,900,1,2,6,1,3,76096,M,4972300.0,105700.0,76
200800027782,8,5,31,1630,1,2,1,1,1,76116,M,4941700.0,123300.0,76
200800027783,8,5,28,1100,1,1,1,9,6,76608,M,0.0,0.0,76
200800027784,8,5,24,130,3,2,1,1,6,76409,M,4960000.0,17900.0,76
200800027785,8,5,18,230,3,1,1,1,1,76388,M,0.0,0.0,76
200800027786,8,5,9,1345,1,1,1,1,1,76533,M,0.0,0.0,76
200800027787,8,5,3,1400,1,2,1,1,6,76462,M,0.0,0.0,76
200800027788,8,5,13,1015,1,1,2,1,3,76399,M,0.0,0.0,76
200800027789,8,5,15,715,1,2,1,1,1,76101,M,4993600.0,162300.0,76
200800027790,8,5,1,600,2,1,1,1,6,76648,M,4969900.0,132100.0,76
200800027791,8,5,21,1900,1,1,1,1,1,76067,M,0.0,0.0,76
200800027792,8,5,17,1715,1,1,1,2,2,76758,M,4962200.0,78900.0,76
200800027793,8,5,6,1745,1,2,1,1,2,76495,M,0.0,0.0,76
200800027794,8,5,21,1815,1,2,1,1,6,76370,M,0.0,0.0,76
200800027795,8,5,31,1400,1,2,1,1,1,76495,M,0.0,0.0,76
200800027796,8,5,20,1700,1,1,1,1,3,76013,M,4978200.0,50100.0,76
200800027797,8,5,4,1245,1,1,1,1,1,76228,M,4964400.0,82700.0,76
200800027798,8,5,20,2015,1,1,1,1,1,76387,M,4971500.0,92500.0,76
200800027799,8,5,12,1315,1,1,1,1,2,27524,M,0.0,0.0,27
200800027800,8,5,17,1845,1,1,1,1,1,27044,M,0.0,0.0,27
200800027801,8,5,25,1815,1,1,2,1,3,27650,M,4909000.0,98700.0,27
200800027802,8,5,27,1700,1,1,1,2,1,27099,M,4906900.0,119100.0,27
200800027803,8,5,3,1230,1,2,1,1,1,27438,M,4876800.0,122000.0,27
200800027804,8,5,9,1130,1,1,1,1,3,27693,M,4892300.0,110500.0,27
200800027805,8,5,10,1545,1,2,1,1,6,27350,M,0.0,0.0,27
200800027806,8,5,9,1700,1,2,3,7,3,27181,M,4881300.0,128500.0,27
200800027807,8,5,24,1230,1,1,1,1,6,27368,M,4884900.0,130100.0,27
200800027808,8,5,29,2115,3,1,1,1,1,27297,M,4881600.0,108300.0,27
200800027809,8,5,3,1345,1,1,1,1,5,27183,M,0.0,0.0,27
200800027810,8,5,8,1500,1,1,1,1,6,27280,M,0.0,0.0,27
200800027811,8,5,8,1515,1,1,1,1,6,27391,M,0.0,0.0,27
200800027812,8,5,16,1615,3,1,1,3,6,27410,M,0.0,0.0,27
200800027813,8,5,3,1045,1,1,3,1,3,27679,M,0.0,0.0,27
200800027814,8,5,24,500,2,1,1,1,7,27104,M,0.0,0.0,27
200800027815,8,5,11,1545,1,1,3,1,3,27617,M,4931500.0,152000.0,27
200800027816,8,5,17,1930,1,2,1,1,1,27204,M,0.0,0.0,27
200800027817,8,5,11,1545,1,1,1,1,1,27129,M,4908200.0,57500.0,27
200800027818,8,5,25,2015,2,2,1,1,1,27237,M,4918700.0,53000.0,27
200800027819,8,5,16,230,3,1,1,1,7,27131,M,0.0,0.0,27
200800027820,8,5,31,1430,1,1,2,1,3,27356,M,0.0,0.0,27
200800027821,8,5,25,1830,1,1,1,1,3,27275,M,4916400.0,132600.0,27
200800027822,8,5,31,1145,1,1,6,1,6,27275,M,0.0,0.0,27
200800027823,8,5,4,1215,1,2,1,1,3,27636,M,4927700.0,96900.0,27
200800027824,8,5,10,530,2,1,9,1,7,27698,M,4917300.0,90800.0,27
200800027825,8,5,30,1615,1,1,1,1,5,27698,M,0.0,0.0,27
200800027826,8,5,2,1330,1,1,1,1,6,27169,M,0.0,0.0,27
200800027827,8,5,3,1115,1,2,1,1,7,27243,M,0.0,0.0,27
200800027828,8,5,4,400,3,1,1,1,7,27655,M,0.0,0.0,27
200800027829,8,5,10,1945,1,1,1,1,6,27174,M,0.0,0.0,27
200800027830,8,5,24,245,5,2,1,1,3,27467,M,4934900.0,51400.0,27
200800027831,8,5,31,2115,2,1,1,1,6,27064,M,0.0,0.0,27
200800027832,8,5,28,1915,1,1,2,1,3,27103,M,0.0,0.0,27
200800027833,8,5,1,2300,3,1,1,9,6,35130,M,4829100.0,-180400.0,35
200800027834,8,5,16,1500,1,2,3,1,3,35216,M,4819600.0,-183100.0,35
200800027835,8,5,31,1645,1,1,1,1,7,35187,M,0.0,0.0,35
200800027836,8,5,6,1030,1,1,1,7,3,35240,M,0.0,0.0,35
200800027837,8,5,11,445,5,2,1,1,3,35240,M,0.0,0.0,35
200800027838,8,5,26,1215,1,2,6,1,6,35240,M,0.0,0.0,35
200800027839,8,5,2,415,3,1,1,1,7,35162,M,0.0,0.0,35
200800027840,8,5,8,945,3,1,1,1,6,35162,M,0.0,0.0,35
200800027841,8,5,4,1715,1,1,1,1,6,35253,M,0.0,0.0,35
200800027842,8,5,6,1730,1,1,2,1,3,35267,M,0.0,0.0,35
200800027843,8,5,28,1830,1,1,3,1,3,35083,M,0.0,0.0,35
200800027844,8,5,30,1245,1,2,1,1,5,35273,M,0.0,0.0,35
200800027845,8,5,11,1645,1,1,1,1,6,35343,M,0.0,0.0,35
200800027846,8,5,6,800,1,1,1,1,2,35127,M,4790600.0,-186400.0,35
200800027847,8,5,11,2130,2,1,1,1,6,35127,M,4790400.0,-183100.0,35
200800027848,8,5,5,1400,1,1,3,1,3,35337,M,0.0,0.0,35
200800027849,8,5,23,1545,1,1,1,1,1,35179,M,0.0,0.0,35
200800027850,8,5,3,1700,1,2,1,1,3,35095,M,0.0,0.0,35
200800027851,8,5,15,1730,1,1,1,1,1,35108,M,4795700.0,-148000.0,35
200800027852,8,5,20,815,1,1,2,1,1,35002,M,0.0,0.0,35
200800027853,8,5,7,1545,1,2,9,1,6,22093,M,0.0,0.0,22
200800027854,8,5,24,215,3,1,1,1,6,22258,M,0.0,0.0,22
200800027855,8,5,13,1430,1,1,1,1,1,22136,M,0.0,0.0,22
200800027856,8,5,6,1545,1,2,6,1,6,22162,M,4878000.0,-304000.0,22
200800027857,8,5,8,1445,1,1,1,2,1,22162,M,0.0,0.0,22
200800027858,8,5,11,1145,1,1,1,1,6,22214,M,4871800.0,-297400.0,22
200800027859,8,5,27,1800,1,1,3,1,3,22214,M,4874600.0,-299300.0,22
200800027860,8,5,6,1315,1,1,1,1,7,22197,M,0.0,0.0,22
200800027861,8,5,28,1500,1,1,2,1,3,22364,M,0.0,0.0,22
200800027862,8,5,29,1700,1,1,1,1,1,22123,M,0.0,0.0,22
200800027863,8,5,28,1230,1,1,1,1,5,22020,M,0.0,0.0,22
200800027864,8,5,30,800,1,1,3,1,3,22239,M,0.0,0.0,22
200800027865,8,5,8,2200,3,1,1,1,3,22014,M,0.0,0.0,22
200800027866,8,5,8,845,1,1,1,1,7,22333,M,0.0,0.0,22
200800027867,8,5,17,715,2,1,1,2,7,22163,M,0.0,0.0,22
200800027868,8,5,29,1515,1,1,1,1,1,22220,M,0.0,0.0,22
200800027869,8,5,11,1,3,1,1,1,1,22226,M,4868900.0,-350100.0,22
200800027870,8,5,24,500,3,1,1,2,7,22194,M,4865900.0,-364300.0,22
200800027871,8,5,30,2245,2,2,1,1,7,22343,M,4877400.0,-356700.0,22
200800027872,8,5,13,1745,1,2,1,2,2,22166,M,4881600.0,-329400.0,22
200800027873,8,5,4,1215,1,2,1,1,1,29197,M,4801800.0,-448400.0,29
200800027874,8,5,18,745,1,2,1,1,6,29228,M,4803100.0,-460500.0,29
200800027875,8,5,23,1415,1,1,1,1,1,29218,M,4804600.0,-450500.0,29
200800027876,8,5,3,145,3,1,1,1,7,29058,M,4787600.0,-399500.0,29
200800027877,8,5,3,1200,1,1,1,1,5,29058,M,4789000.0,-400700.0,29
200800027878,8,5,6,900,1,2,6,1,1,29220,M,0.0,0.0,29
200800027879,8,5,14,1815,1,2,1,1,3,29165,M,0.0,0.0,29
200800027880,8,5,3,1615,1,1,1,1,7,29181,M,4847600.0,-426400.0,29
200800027881,8,5,19,1215,1,1,1,1,6,29180,M,4843100.0,-412200.0,29
200800027882,8,5,14,1215,1,1,1,1,1,29198,M,4862300.0,-433000.0,29
200800027883,8,5,1,530,3,1,1,8,6,29117,M,4858200.0,-457200.0,29
200800027884,8,5,15,1800,1,2,1,1,1,29178,M,4856100.0,-469100.0,29
200800027885,8,5,16,815,1,1,1,1,2,29149,M,4844000.0,-457700.0,29
200800027886,8,5,12,1315,1,1,1,1,3,29026,M,4820800.0,-408100.0,29
200800027887,8,5,11,1815,1,1,1,1,6,29007,M,0.0,0.0,29
200800027888,8,5,25,1845,1,1,1,1,1,29163,M,4850700.0,-385600.0,29
200800027889,8,5,16,2015,1,1,1,1,1,29192,M,4868900.0,-405600.0,29
200800027890,8,5,17,2215,3,1,1,1,1,29259,M,0.0,0.0,29
200800027891,8,5,18,2345,3,1,1,1,6,29239,M,4871600.0,-399700.0,29
200800027892,8,5,22,1615,1,2,1,3,3,29259,M,4868900.0,-398200.0,29
200800027893,8,5,29,1800,1,1,1,3,6,29079,M,4863900.0,-392200.0,29
200800027894,8,5,7,430,3,1,1,1,6,56164,M,4766500.0,-283000.0,56
200800027895,8,5,29,1100,1,1,1,1,1,56008,M,0.0,0.0,56
200800027896,8,5,2,2130,5,2,1,1,6,56147,M,0.0,0.0,56
200800027897,8,5,7,1745,1,1,2,1,1,56053,M,0.0,0.0,56
200800027898,8,5,8,315,3,1,1,1,6,56046,M,0.0,0.0,56
200800027899,8,5,18,545,2,1,1,1,3,56185,M,4778400.0,-341900.0,56
200800027900,8,5,4,500,3,1,1,1,6,56169,M,4771600.0,-321100.0,56
200800027901,8,5,31,2100,1,1,1,1,7,56134,M,4807700.0,-254300.0,56
200800027902,8,5,2,1845,1,2,1,1,3,56180,M,4791900.0,-220400.0,56
200800027903,8,5,5,2300,3,1,1,1,1,56200,M,4781700.0,-230400.0,56
200800027904,8,5,16,745,1,1,1,5,6,56075,M,4794900.0,-214800.0,56
200800027905,8,5,1,1100,1,2,1,1,6,56178,M,4807400.0,-296900.0,56
200800027906,8,5,5,1145,1,2,9,1,7,56178,M,4806300.0,-297200.0,56
200800027907,8,5,5,1230,1,1,1,1,7,56151,M,0.0,0.0,56
200800027908,8,5,22,900,1,1,1,1,3,56242,M,4811000.0,-318500.0,56
200800027909,8,5,21,1530,1,2,1,1,3,56074,M,4791200.0,-297900.0,56
200800027910,8,5,30,1715,1,1,1,1,2,56207,M,4792700.0,-305400.0,56
200800027911,8,5,21,2245,2,1,1,1,6,56066,M,4816100.0,-359400.0,56
200800027912,8,5,24,1200,1,2,1,3,6,56057,M,4803600.0,-349000.0,56
200800027913,8,5,24,1400,1,1,1,1,3,14274,M,4914700.0,-44900.0,14
200800027914,8,5,11,345,3,1,1,1,7,14408,M,4910300.0,-38700.0,14
200800027915,8,5,8,2030,1,1,1,1,1,14252,M,4902000.0,-25300.0,14
200800027916,8,5,11,2000,1,1,1,1,6,14145,M,0.0,0.0,14
200800027917,8,5,4,1915,1,1,1,1,3,14640,M,0.0,0.0,14
200800027918,8,5,11,2000,1,1,1,1,6,14306,M,4926900.0,-19500.0,14
200800027919,8,5,4,1815,1,1,1,1,1,14224,M,0.0,0.0,14
200800027920,8,5,10,1430,1,2,1,1,6,14714,M,0.0,0.0,14
200800027921,8,5,14,1930,1,1,2,1,3,14697,M,4899600.0,-4500.0,14
200800027922,8,5,29,1045,1,1,1,1,6,14419,M,4909600.0,14700.0,14
200800027923,8,5,18,415,3,1,1,1,6,14105,M,4897500.0,16700.0,14
200800027924,8,5,2,1330,1,2,2,1,1,14229,M,4923000.0,-4300.0,14
200800027925,8,5,15,1930,1,1,1,1,1,14545,M,4883700.0,-86600.0,14
200800027926,8,5,12,2030,1,2,1,1,7,14027,M,4902100.0,-63000.0,14
200800027927,8,5,20,2215,5,1,1,1,2,50485,M,4930800.0,-122800.0,50
200800027928,8,5,5,900,1,1,1,8,1,50488,M,0.0,0.0,50
200800027929,8,5,23,1830,1,1,1,1,1,50468,M,0.0,0.0,50
200800027930,8,5,16,1230,1,2,3,1,3,50411,M,0.0,0.0,50
200800027931,8,5,23,1830,1,1,1,1,6,50541,M,0.0,0.0,50
200800027932,8,5,11,1115,1,1,2,1,3,50412,M,4936600.0,-169700.0,50
200800027933,8,5,13,1215,1,1,1,1,1,50082,M,4948700.0,-161700.0,50
200800027934,8,5,17,1115,1,1,1,8,2,50083,M,0.0,0.0,50
200800027935,8,5,17,1745,1,1,1,1,5,50402,M,0.0,0.0,50
200800027936,8,5,30,1100,1,1,1,1,6,50604,M,0.0,0.0,50
200800027937,8,5,11,1845,1,1,2,1,3,50268,M,4952500.0,-131800.0,50
200800027938,8,5,29,1830,1,1,1,3,3,50523,M,0.0,0.0,50
200800027939,8,5,28,815,1,1,1,2,3,50209,M,4963900.0,-147600.0,50
200800027940,8,5,8,1245,1,1,1,1,3,50243,M,0.0,0.0,50
200800027941,8,5,18,1230,1,1,1,1,7,50007,M,0.0,0.0,50
200800027942,8,5,25,1215,1,1,1,1,6,50481,M,4924100.0,-158600.0,50
200800027943,8,5,5,1700,1,2,1,1,3,61382,M,4846100.0,-5000.0,61
200800027944,8,5,8,1100,1,1,1,1,2,61382,M,4846100.0,-3300.0,61
200800027945,8,5,13,2000,1,1,1,1,6,61382,M,4848200.0,-4700.0,61
200800027946,8,5,8,845,1,2,1,1,1,61258,M,0.0,0.0,61
200800027947,8,5,9,2200,4,2,1,1,3,61258,M,0.0,0.0,61
200800027948,8,5,10,1015,1,1,1,1,1,61485,M,0.0,0.0,61
200800027949,8,5,13,1415,1,1,1,1,1,61294,M,4866600.0,8800.0,61
200800027950,8,5,10,2315,5,2,2,1,3,61181,M,4880000.0,29600.0,61
200800027951,8,5,16,1600,1,1,1,1,1,61493,M,4880000.0,35700.0,61
200800027952,8,5,19,1200,1,1,1,1,7,61150,M,4874900.0,37100.0,61
200800027953,8,5,30,1030,1,1,1,1,3,61122,M,4876500.0,30900.0,61
200800027954,8,5,21,800,1,1,2,1,3,61387,M,4850600.0,-73100.0,61
200800027955,8,5,16,1115,1,2,1,1,6,61214,M,0.0,0.0,61
200800027956,8,5,11,1500,1,1,1,1,1,61230,M,0.0,0.0,61
200800027957,8,5,6,100,5,2,6,1,7,44026,M,4730400.0,-148800.0,44
200800027958,8,5,20,2045,1,2,1,1,6,44064,M,4711000.0,-130400.0,44
200800027959,8,5,27,1800,1,1,1,1,5,44081,M,0.0,0.0,44
200800027960,8,5,20,845,1,1,2,1,3,44191,M,0.0,0.0,44
200800027961,8,5,24,1000,1,2,1,2,1,44036,M,4771900.0,-138400.0,44
200800027962,8,5,11,1830,1,2,6,1,3,44185,M,4764900.0,-206900.0,44
200800027963,8,5,9,45,3,1,2,5,5,44023,M,4739600.0,-188000.0,44
200800027964,8,5,11,1545,1,2,1,7,6,44015,M,4747400.0,-176700.0,44
200800027965,8,5,18,115,5,2,1,1,3,44015,M,4748200.0,-176100.0,44
200800027966,8,5,3,1500,1,1,1,1,3,44122,M,4741400.0,-140700.0,44
200800027967,8,5,31,2115,1,1,1,1,6,44110,M,4746900.0,-152300.0,44
200800027968,8,5,31,2045,1,2,1,1,7,44171,M,0.0,0.0,44
200800027969,8,5,4,1330,1,1,1,1,3,44131,M,4711100.0,-206400.0,44
200800027970,8,5,8,2200,3,1,1,1,2,44154,M,4726200.0,-215800.0,44
200800027971,8,5,12,2330,1,1,1,1,6,44192,M,4722200.0,-200600.0,44
200800027972,8,5,15,1215,1,2,3,1,3,44154,M,4726400.0,-215500.0,44
200800027973,8,5,25,1845,1,2,1,2,1,44154,M,4725600.0,-214200.0,44
200800027974,8,5,2,1515,3,1,1,1,6,44186,M,0.0,0.0,44
200800027975,8,5,7,930,1,1,1,1,3,44157,M,0.0,0.0,44
200800027976,8,5,10,1515,1,1,3,1,3,44006,M,0.0,0.0,44
200800027977,8,5,24,515,3,1,1,8,7,44069,M,0.0,0.0,44
200800027978,8,5,12,1230,1,1,1,1,3,44129,M,4739800.0,-211600.0,44
200800027979,8,5,19,1715,1,1,1,1,1,49020,M,4749000.0,-62500.0,49
200800027980,8,5,15,1015,1,2,1,1,3,49042,M,0.0,0.0,49
200800027981,8,5,9,1345,1,1,1,1,5,49283,M,4741500.0,-75600.0,49
200800027982,8,5,13,2015,1,1,1,1,6,49285,M,0.0,0.0,49
200800027983,8,5,18,1915,1,1,1,1,3,49332,M,4709200.0,-96500.0,49
200800027984,8,5,30,1400,1,1,1,1,6,49193,M,0.0,0.0,49
200800027985,8,5,30,1815,1,1,1,1,7,49179,M,4703700.0,-104300.0,49
200800027986,8,5,31,100,3,1,1,1,7,49360,M,0.0,0.0,49
200800027987,8,5,13,1100,1,1,2,1,3,49224,M,4732400.0,-1500.0,49
200800027988,8,5,21,1700,1,1,1,1,3,49041,M,4729700.0,5200.0,49
200800027989,8,5,12,1800,1,2,1,2,1,49140,M,0.0,0.0,49
200800027990,8,5,28,1545,1,2,1,1,1,49274,M,0.0,0.0,49
200800027991,8,5,8,1345,1,1,1,1,1,49331,M,0.0,0.0,49
200800027992,8,5,22,1400,1,1,1,1,1,49331,M,0.0,0.0,49
200800027993,8,5,4,1700,1,1,1,1,3,49183,M,4752400.0,-88000.0,49
200800027994,8,5,10,2145,3,1,2,1,3,49170,M,4766400.0,-50700.0,49
200800027995,8,5,22,715,1,1,1,7,3,53007,M,4809400.0,-66700.0,53
200800027996,8,5,1,1830,1,1,1,2,6,53221,M,4817900.0,-26800.0,53
200800027997,8,5,5,1000,1,1,1,1,3,53078,M,0.0,0.0,53
200800027998,8,5,4,2015,1,2,1,1,6,53188,M,0.0,0.0,53
200800027999,8,5,21,1615,1,1,1,1,6,53135,M,0.0,0.0,53
200800028000,8,5,30,2030,1,1,1,2,3,53200,M,4828600.0,-62900.0,53
200800028001,8,5,15,1945,1,1,1,1,1,53107,M,0.0,0.0,53
200800028002,8,5,21,1600,1,1,1,1,1,53139,M,0.0,0.0,53
200800028003,8,5,17,2200,3,1,1,1,6,72169,M,4794800.0,4300.0,72
200800028004,8,5,20,1700,1,1,1,1,6,72131,M,4789500.0,-4500.0,72
200800028005,8,5,23,1200,1,1,1,1,3,72154,M,0.0,0.0,72
200800028006,8,5,21,1915,1,1,1,1,3,72161,M,4776900.0,55400.0,72