Num_Acc,an,mois,jour,hrmn,lum,agg,int,atm,col,com,gps,lat,long,dep
200800028007,8,5,24,1830,1,1,1,1,1,72384,M,4770500.0,46900.0,72
200800028008,8,5,25,1615,1,1,1,1,7,72134,M,4775600.0,43300.0,72
200800028009,8,5,21,2000,1,1,1,1,3,72051,M,4787100.0,3500.0,72
200800028010,8,5,28,1345,1,1,1,1,7,72243,M,4766500.0,16800.0,72
200800028011,8,5,9,830,1,2,1,1,6,72264,M,0.0,0.0,72
200800028012,8,5,11,1430,1,1,1,1,6,72016,M,0.0,0.0,72
200800028013,8,5,28,730,2,1,1,8,6,72151,M,0.0,0.0,72
200800028014,8,5,4,930,1,2,1,1,6,72220,M,0.0,0.0,72
200800028015,8,5,20,1015,1,1,1,1,3,72276,M,4828300.0,43900.0,72
200800028016,8,5,1,1645,1,2,1,1,3,72080,M,4817700.0,65800.0,72
200800028017,8,5,24,900,1,1,1,1,6,72080,M,0.0,0.0,72
200800028018,8,5,30,1245,1,1,1,7,1,72296,M,0.0,0.0,72
200800028019,8,5,9,915,1,1,1,1,4,72011,M,4830300.0,1300.0,72
200800028020,8,5,11,1430,1,1,1,1,3,72294,M,4834100.0,-6300.0,72
200800028021,8,5,18,1600,1,1,1,1,3,72152,M,4824600.0,11800.0,72
200800028022,8,5,19,1600,1,1,3,1,1,85074,M,0.0,0.0,85
200800028023,8,5,23,1045,1,1,1,1,1,85291,M,0.0,0.0,85
200800028024,8,5,28,1945,1,1,1,1,7,85144,M,0.0,0.0,85
200800028025,8,5,9,30,3,1,1,1,6,85272,M,0.0,0.0,85
200800028026,8,5,14,1830,1,2,1,8,5,85048,M,4692000.0,-96000.0,85
200800028027,8,5,29,1400,1,1,1,1,1,85302,M,0.0,0.0,85
200800028028,8,5,18,1745,1,1,1,1,2,85019,M,4677400.0,-142700.0,85
200800028029,8,5,31,1400,1,1,1,1,1,85092,M,0.0,0.0,85
200800028030,8,5,17,2230,3,1,1,1,1,85133,M,0.0,0.0,85
200800028031,8,5,19,830,1,1,1,1,4,85158,M,0.0,0.0,85
200800028032,8,5,26,1545,2,1,1,1,3,85087,M,4655200.0,-61000.0,85
200800028033,8,5,11,1415,1,1,1,1,1,85047,M,4682300.0,-182300.0,85
200800028034,8,5,14,1200,1,2,1,1,3,85047,M,0.0,0.0,85
200800028035,8,5,2,1330,1,1,1,1,3,85214,M,4653500.0,-171200.0,85
200800028036,8,5,13,100,4,2,1,1,6,85112,M,4660500.0,-175600.0,85
200800028037,8,5,29,1600,1,2,1,1,3,85250,M,4656900.0,-171400.0,85
200800028038,8,5,18,1830,1,2,1,1,6,85307,M,4633700.0,-132100.0,85
200800028039,8,5,19,1930,1,1,2,2,3,33019,M,0.0,0.0,33
200800028040,8,5,23,1300,1,1,1,1,2,33051,M,0.0,0.0,33
200800028041,8,5,7,2130,2,2,1,1,3,33056,M,0.0,0.0,33
200800028042,8,5,10,2000,1,1,1,1,2,33312,M,4498200.0,-56000.0,33
200800028043,8,5,20,745,1,1,1,1,4,33162,M,0.0,0.0,33
200800028044,8,5,19,1845,1,2,1,1,1,33162,M,0.0,0.0,33
200800028045,8,5,13,815,1,2,6,1,2,33376,M,0.0,0.0,33
200800028046,8,5,18,1500,1,2,1,1,1,33200,M,0.0,0.0,33
200800028047,8,5,15,1830,1,1,1,1,3,33267,M,0.0,0.0,33
200800028048,8,5,30,1900,1,1,1,1,1,33416,M,0.0,0.0,33
200800028049,8,5,26,945,1,1,1,1,2,33003,M,4491800.0,-41100.0,33
200800028050,8,5,19,2015,1,2,1,1,2,33003,M,4493100.0,-49000.0,33
200800028051,8,5,4,2030,1,2,1,1,6,33463,M,4457600.0,-19500.0,33
200800028052,8,5,17,2130,5,1,1,1,1,33253,M,4462000.0,-29900.0,33
200800028053,8,5,4,2000,1,1,1,1,2,33518,M,4474200.0,-41300.0,33
200800028054,8,5,5,1800,1,2,1,1,1,33311,M,4468900.0,-36400.0,33
200800028055,8,5,24,1545,1,1,1,1,1,33141,M,4482100.0,-36000.0,33
200800028056,8,5,25,1930,1,1,1,8,7,33408,M,0.0,0.0,33
200800028057,8,5,28,1230,1,2,1,1,7,33145,M,4480700.0,-32900.0,33
200800028058,8,5,3,1145,1,1,1,1,6,33535,M,0.0,0.0,33
200800028059,8,5,22,1145,1,2,1,1,3,33330,M,4485800.0,-43900.0,33
200800028060,8,5,23,1700,1,1,7,2,6,33366,M,4501800.0,-44100.0,33
200800028061,8,5,26,1015,1,2,2,1,3,33433,M,4491700.0,-39400.0,33
200800028062,8,5,3,1830,1,1,1,1,7,33457,M,4454300.0,-20200.0,33
200800028063,8,5,24,1530,1,2,1,1,1,33227,M,0.0,0.0,33
200800028064,8,5,1,1900,1,1,1,1,1,33244,M,4444300.0,-27300.0,33
200800028065,8,5,15,1000,1,2,1,1,5,33305,M,4446700.0,-29100.0,33
200800028066,8,5,16,1545,1,2,1,1,6,33036,M,4443000.0,-21000.0,33
200800028067,8,5,30,1200,1,1,1,1,1,33036,M,4441900.0,-21800.0,33
200800028068,8,5,10,1800,1,2,1,1,7,33484,M,0.0,0.0,33
200800028069,8,5,24,1530,1,2,1,8,2,33251,M,0.0,0.0,33
200800028070,8,5,10,900,1,1,1,1,1,33038,M,4537300.0,-89700.0,33
200800028071,8,5,17,2230,3,1,2,1,1,33177,M,4529200.0,-95600.0,33
200800028072,8,5,4,430,3,1,1,1,7,33297,M,4503300.0,-82600.0,33
200800028073,8,5,3,1900,1,2,1,7,1,33220,M,4510000.0,-71700.0,33
200800028074,8,5,6,1830,1,2,1,1,2,33256,M,4497100.0,-61800.0,33
200800028075,8,5,24,1330,1,1,1,1,3,33314,M,0.0,0.0,33
200800028076,8,5,31,1630,1,1,1,1,5,33545,M,4522600.0,-87400.0,33
200800028077,8,5,29,1430,1,2,1,1,6,33208,M,4542300.0,-97500.0,33
200800028078,8,5,21,1830,1,2,1,1,6,33207,M,0.0,0.0,33
200800028079,8,5,1,945,1,1,1,1,3,33185,M,4485600.0,-23500.0,33
200800028080,8,5,3,130,3,1,1,1,7,33460,M,4481200.0,-5100.0,33
200800028081,8,5,5,1600,1,1,2,1,3,33344,M,4481500.0,-3900.0,33
200800028082,8,5,16,1800,1,2,1,1,3,33001,M,0.0,0.0,33
200800028083,8,5,4,345,3,1,1,1,6,33062,M,0.0,0.0,33
200800028084,8,5,23,1430,1,2,1,1,3,33198,M,0.0,0.0,33
200800028085,8,5,10,1815,1,1,1,1,6,24115,M,0.0,0.0,24
200800028086,8,5,16,1300,1,1,1,2,1,24561,M,0.0,0.0,24
200800028087,8,5,4,1845,1,1,1,1,6,24442,M,0.0,0.0,24
200800028088,8,5,17,2000,1,2,1,1,7,24372,M,0.0,0.0,24
200800028089,8,5,8,1900,1,2,1,1,3,24182,M,4488400.0,24900.0,24
200800028090,8,5,18,1145,1,1,1,1,1,24155,M,4502200.0,61200.0,24
200800028091,8,5,17,1745,1,1,1,2,1,24073,M,4484800.0,83200.0,24
200800028092,8,5,21,1815,1,1,1,1,3,24223,M,0.0,0.0,24
200800028093,8,5,19,1030,1,2,2,1,3,24189,M,4487000.0,18000.0,24
200800028094,8,5,18,15,3,1,1,1,7,24498,M,0.0,0.0,24
200800028095,8,5,13,1415,1,1,2,1,3,24352,M,4522800.0,32400.0,24
200800028096,8,5,25,1900,2,1,1,2,1,24090,M,4527700.0,43600.0,24
200800028097,8,5,24,945,1,1,1,3,6,24520,M,0.0,0.0,24
200800028098,8,5,30,2330,3,1,1,1,7,24471,M,0.0,0.0,24
200800028099,8,5,4,1515,1,1,1,1,7,24443,M,4501900.0,107200.0,24
200800028100,8,5,31,1345,1,1,1,1,7,24006,M,0.0,0.0,24
200800028101,8,5,15,2300,3,1,1,8,6,40111,M,4397900.0,-59800.0,40
200800028102,8,5,29,400,3,1,1,1,7,40230,M,0.0,0.0,40
200800028103,8,5,15,1645,1,1,1,8,7,40071,M,0.0,0.0,40
200800028104,8,5,18,2215,3,1,1,1,6,40306,M,4354300.0,-104600.0,40
200800028105,8,5,20,1600,1,1,1,8,6,40101,M,4362400.0,-105800.0,40
200800028106,8,5,7,230,3,1,1,1,7,40284,M,0.0,0.0,40
200800028107,8,5,18,1500,1,1,1,1,5,40261,M,0.0,0.0,40
200800028108,8,5,9,1900,1,2,1,2,6,40304,M,4366800.0,-139100.0,40
200800028109,8,5,29,915,1,1,1,1,3,40004,M,0.0,0.0,40
200800028110,8,5,9,1445,1,2,1,1,1,40312,M,4354500.0,-146600.0,40
200800028111,8,5,4,1845,1,1,1,1,1,40046,M,0.0,0.0,40
200800028112,8,5,8,1900,1,1,1,1,7,40184,M,4418300.0,-116300.0,40
200800028113,8,5,5,1830,1,2,1,1,1,40184,M,4420600.0,-122900.0,40
200800028114,8,5,12,1030,1,2,1,1,6,40117,M,0.0,0.0,40
200800028115,8,5,30,1100,1,2,7,1,3,40080,M,0.0,0.0,40
200800028116,8,5,24,630,2,1,1,3,6,40096,M,4404600.0,-9200.0,40
200800028117,8,5,8,1330,1,2,1,1,3,47069,M,0.0,0.0,47
200800028118,8,5,15,1800,1,2,1,2,6,47015,M,4407100.0,64900.0,47
200800028119,8,5,21,1900,1,1,1,1,3,47069,M,0.0,0.0,47
200800028120,8,5,31,1915,1,2,1,8,3,47069,M,0.0,0.0,47
200800028121,8,5,28,815,1,2,1,1,3,47004,M,0.0,0.0,47
200800028122,8,5,6,1515,1,1,3,1,3,47003,M,4464800.0,34900.0,47
200800028123,8,5,4,1800,1,2,1,1,2,47310,M,4439900.0,30300.0,47
200800028124,8,5,30,1730,1,1,1,1,3,47203,M,0.0,0.0,47
200800028125,8,5,7,1400,1,1,1,1,1,47023,M,4451800.0,63200.0,47
200800028126,8,5,13,1415,1,1,1,1,3,47185,M,0.0,0.0,47
200800028127,8,5,31,1945,1,2,1,2,6,47106,M,0.0,0.0,47
200800028128,8,5,24,1645,1,2,1,1,6,64060,M,4332000.0,-47600.0,64
200800028129,8,5,10,1645,1,2,1,8,6,64472,M,4337700.0,-30700.0,64
200800028130,8,5,5,815,1,1,9,2,3,64043,M,4343700.0,-33400.0,64
200800028131,8,5,13,1800,1,2,1,1,1,64063,M,0.0,0.0,64
200800028132,8,5,8,1430,1,1,1,1,1,64134,M,0.0,0.0,64
200800028133,8,5,11,745,1,1,1,1,6,64495,M,4337500.0,-158500.0,64
200800028134,8,5,17,1330,1,2,1,1,1,64065,M,4335000.0,-162400.0,64
200800028135,8,5,5,730,1,2,1,8,1,64100,M,4344900.0,-151500.0,64
200800028136,8,5,9,1800,1,1,1,1,2,64124,M,0.0,0.0,64
200800028137,8,5,26,1200,1,1,1,1,6,64218,M,4312300.0,-121600.0,64
200800028138,8,5,15,2145,3,1,1,1,6,64104,M,0.0,0.0,64
200800028139,8,5,1,1645,1,1,1,1,6,64320,M,0.0,0.0,64
200800028140,8,5,4,1415,1,1,1,1,5,64458,M,4326500.0,-72400.0,64
200800028141,8,5,27,1615,1,1,1,3,1,64005,M,0.0,0.0,64
200800028142,8,5,2,1845,1,1,1,1,7,64418,M,4338000.0,-60200.0,64
200800028143,8,5,22,300,3,2,9,1,6,64057,M,4349100.0,-59900.0,64
200800028144,8,5,16,1615,1,1,1,1,1,64083,M,0.0,0.0,64
200800028145,8,5,7,1745,1,2,1,1,1,86297,M,4657900.0,26700.0,86
200800028146,8,5,15,1730,1,2,1,1,6,86226,M,4656300.0,50700.0,86
200800028147,8,5,25,615,2,1,1,1,6,86226,M,4653900.0,53300.0,86
200800028148,8,5,2,1530,1,1,1,1,6,86163,M,0.0,0.0,86
200800028149,8,5,6,830,1,1,6,1,7,86188,M,0.0,0.0,86
200800028150,8,5,9,715,2,2,1,1,7,86213,M,0.0,0.0,86
200800028151,8,5,13,1830,1,2,1,1,3,86253,M,0.0,0.0,86
200800028152,8,5,11,2045,1,2,1,1,1,86142,M,0.0,0.0,86
200800028153,8,5,9,1345,1,2,1,1,3,86178,M,4648600.0,45300.0,86
200800028154,8,5,18,1515,1,1,2,1,1,86263,M,4654000.0,35400.0,86
200800028155,8,5,24,1400,1,1,1,2,1,86178,M,4651100.0,47500.0,86
200800028156,8,5,3,1745,1,1,1,1,7,86258,M,4681700.0,39700.0,86
200800028157,8,5,23,2115,2,1,2,1,3,86258,M,4681800.0,39100.0,86
200800028158,8,5,6,2215,3,1,1,1,1,86274,M,0.0,0.0,86
200800028159,8,5,24,1945,1,2,1,1,7,86137,M,0.0,0.0,86
200800028160,8,5,25,1045,1,1,1,1,6,86193,M,0.0,0.0,86
200800028161,8,5,28,1900,1,1,1,1,1,86165,M,4633400.0,80500.0,86
200800028162,8,5,16,1730,1,1,3,2,3,86070,M,4658000.0,68000.0,86
200800028163,8,5,2,915,1,1,2,1,3,86054,M,0.0,0.0,86
200800028164,8,5,21,1845,1,2,7,1,3,86247,M,4615000.0,21900.0,86
200800028165,8,5,27,1215,1,2,1,2,4,86140,M,4640800.0,70800.0,86
200800028166,8,5,3,1530,1,1,1,1,3,86246,M,4657000.0,85600.0,86
200800028167,8,5,30,2230,3,1,1,1,7,86118,M,4649500.0,99100.0,86
200800028168,8,5,10,1415,1,2,1,8,2,16028,M,0.0,0.0,16
200800028169,8,5,25,1000,1,1,1,1,7,16338,M,0.0,0.0,16
200800028170,8,5,6,715,1,1,1,1,2,16056,M,0.0,0.0,16
200800028171,8,5,11,845,1,1,9,1,7,16085,M,4581700.0,44200.0,16
200800028172,8,5,20,930,1,1,2,1,3,16398,M,0.0,0.0,16
200800028173,8,5,4,115,3,1,1,1,2,16011,M,4574600.0,18900.0,16
200800028174,8,5,11,30,3,2,1,1,6,16068,M,4587200.0,42000.0,16
200800028175,8,5,10,1745,1,1,1,1,6,16055,M,4561300.0,33600.0,16
200800028176,8,5,3,1615,1,2,1,1,2,17094,M,0.0,0.0,17
200800028177,8,5,12,2030,2,2,2,1,3,17245,M,0.0,0.0,17
200800028178,8,5,1,1330,1,1,1,1,7,17008,M,0.0,0.0,17
200800028179,8,5,13,1930,1,2,1,1,6,17091,M,0.0,0.0,17
200800028180,8,5,20,2000,1,1,1,1,6,17091,M,4627000.0,-110500.0,17
200800028181,8,5,15,1915,1,1,1,1,1,17161,M,4618100.0,-128700.0,17
200800028182,8,5,29,1300,1,2,1,1,5,17121,M,4620100.0,-141900.0,17
200800028183,8,5,9,1200,1,1,1,1,5,17111,M,0.0,0.0,17
200800028184,8,5,19,1845,1,2,1,1,6,17236,M,0.0,0.0,17
200800028185,8,5,26,1845,1,1,1,7,3,17055,M,4519200.0,-9600.0,17
200800028186,8,5,21,800,1,1,1,7,1,17351,M,0.0,0.0,17
200800028187,8,5,4,1830,1,1,1,1,3,17146,M,4591300.0,-94400.0,17
200800028188,8,5,25,1530,1,1,1,1,1,17452,M,4579600.0,-115000.0,17
200800028189,8,5,9,1100,1,1,1,1,3,17065,M,0.0,0.0,17
200800028190,8,5,7,1815,1,1,1,1,3,17434,M,0.0,0.0,17
200800028191,8,5,5,30,3,1,1,1,1,17289,M,0.0,0.0,17
200800028192,8,5,10,2245,3,1,6,1,7,17453,M,4589100.0,-89600.0,17
200800028193,8,5,24,100,3,1,1,1,6,17120,M,0.0,0.0,17
200800028194,8,5,3,100,3,1,1,1,6,17310,M,0.0,0.0,17
200800028195,8,5,4,1445,1,1,1,1,7,17441,M,4562700.0,-65500.0,17
200800028196,8,5,1,1745,1,1,1,1,1,17425,M,4561100.0,-93400.0,17
200800028197,8,5,3,2030,1,1,1,1,7,17119,M,4563100.0,-84000.0,17
200800028198,8,5,7,1730,1,1,1,1,3,17421,M,0.0,0.0,17
200800028199,8,5,6,1430,1,1,1,1,6,17459,M,4591700.0,-43800.0,17
200800028200,8,5,14,815,1,1,1,1,1,17459,M,0.0,0.0,17
200800028201,8,5,21,800,1,1,2,1,3,17397,M,4586800.0,-65800.0,17
200800028202,8,5,9,1345,1,1,1,1,6,17070,M,0.0,0.0,17
200800028203,8,5,10,1130,1,1,1,1,4,17026,M,0.0,0.0,17
200800028204,8,5,7,1800,1,2,6,1,6,79003,M,4629100.0,-41300.0,79
200800028205,8,5,25,1600,1,2,1,1,3,79270,M,0.0,0.0,79
200800028206,8,5,16,1930,1,1,1,1,3,79193,M,0.0,0.0,79
200800028207,8,5,18,115,5,2,6,1,6,79049,M,0.0,0.0,79
200800028208,8,5,20,930,1,2,1,1,6,79049,M,0.0,0.0,79
200800028209,8,5,29,1445,1,1,1,1,1,79052,M,0.0,0.0,79
200800028210,8,5,31,1715,1,1,1,1,5,79013,M,0.0,0.0,79
200800028211,8,5,2,2045,1,2,1,1,3,79062,M,0.0,0.0,79
200800028212,8,5,3,1900,1,1,1,1,3,79172,M,4655400.0,-27700.0,79
200800028213,8,5,13,1130,1,2,1,1,6,79172,M,0.0,0.0,79
200800028214,8,5,24,945,1,1,1,3,3,79156,M,4680500.0,-14700.0,79
200800028215,8,5,19,630,1,1,1,1,6,79094,M,0.0,0.0,79
200800028216,8,5,23,1630,1,2,1,1,7,79076,M,4674100.0,-47200.0,79
200800028217,8,5,3,1615,1,1,1,1,1,87152,M,4595600.0,117700.0,87
200800028218,8,5,16,2015,2,1,1,1,3,87202,M,4589500.0,106000.0,87
200800028219,8,5,19,1645,1,1,1,1,3,87027,M,0.0,0.0,87
200800028220,8,5,7,1830,1,1,1,1,5,87012,M,4606900.0,111500.0,87
200800028221,8,5,9,1115,1,2,1,1,2,87014,M,4610600.0,135200.0,87
200800028222,8,5,15,1315,1,1,1,1,1,87181,M,4605500.0,149000.0,87
200800028223,8,5,15,1700,1,1,1,1,1,87061,M,4616000.0,113000.0,87
200800028224,8,5,30,1745,1,1,1,1,6,19147,M,4506000.0,148500.0,19
200800028225,8,5,10,1415,1,2,1,1,1,19028,M,4540600.0,250100.0,19
200800028226,8,5,11,1930,2,1,1,4,3,19238,M,4564800.0,227500.0,19
200800028227,8,5,20,1730,1,1,1,1,5,23100,M,4620800.0,206900.0,23
200800028228,8,5,24,1130,1,1,1,1,7,23137,M,4609700.0,167000.0,23
200800028229,8,5,27,1600,1,2,1,2,1,31053,M,4364900.0,156300.0,31
200800028230,8,5,4,415,3,1,1,1,6,31232,M,0.0,0.0,31
200800028231,8,5,16,1500,1,2,1,1,6,31232,M,4377700.0,129300.0,31
200800028232,8,5,20,1345,1,1,1,1,6,31156,M,0.0,0.0,31
200800028233,8,5,11,1930,1,2,1,1,6,31297,M,4367100.0,119500.0,31
200800028234,8,5,13,1745,1,2,1,1,3,31424,M,4359500.0,128700.0,31
200800028235,8,5,20,845,1,2,1,1,1,31417,M,4362100.0,128800.0,31
200800028236,8,5,25,1715,1,2,1,2,1,31291,M,0.0,0.0,31
200800028237,8,5,29,1900,1,1,1,8,7,31424,M,4360100.0,127800.0,31
200800028238,8,5,18,1630,1,2,1,1,2,31182,M,4367600.0,141200.0,31
200800028239,8,5,22,2315,3,1,1,1,6,31516,M,0.0,0.0,31
200800028240,8,5,25,1315,1,1,1,8,6,31136,M,0.0,0.0,31
200800028241,8,5,28,1145,1,2,3,1,3,31182,M,0.0,0.0,31
200800028242,8,5,30,1730,1,2,1,1,6,31490,M,4374700.0,137000.0,31
200800028243,8,5,24,1330,1,2,1,3,6,31117,M,0.0,0.0,31
200800028244,8,5,28,630,2,1,1,1,6,31462,M,0.0,0.0,31
200800028245,8,5,30,615,2,2,2,1,3,31462,M,4367300.0,151700.0,31
200800028246,8,5,5,1645,1,1,1,1,7,31052,M,4340300.0,136200.0,31
200800028247,8,5,11,1200,1,2,1,1,5,31145,M,4331400.0,151600.0,31
200800028248,8,5,28,1500,1,2,1,1,3,31435,M,0.0,0.0,31
200800028249,8,5,30,1500,1,1,2,8,3,31159,M,0.0,0.0,31
200800028250,8,5,25,800,1,1,1,1,7,31080,M,0.0,0.0,31
200800028251,8,5,22,1645,1,1,1,1,6,31332,M,4336600.0,154000.0,31
200800028252,8,5,27,2330,3,1,1,1,6,31374,M,4341800.0,164500.0,31
200800028253,8,5,30,1415,1,1,1,1,6,11243,M,4339600.0,180600.0,11
200800028254,8,5,7,700,2,1,1,7,3,31082,M,4359800.0,168800.0,31
200800028255,8,5,10,130,3,1,1,1,7,31194,M,4358600.0,175200.0,31
200800028256,8,5,4,630,2,1,1,1,7,09291,M,0.0,0.0,09
200800028257,8,5,23,1415,1,2,1,1,3,09231,M,0.0,0.0,09
200800028258,8,5,30,2030,1,1,1,1,6,09257,M,0.0,0.0,09
200800028259,8,5,9,1615,1,1,1,1,1,12279,M,4473300.0,287100.0,12
200800028260,8,5,27,800,1,2,1,2,6,12119,M,4468700.0,284900.0,12
200800028261,8,5,12,1430,1,1,1,1,7,12094,M,4466900.0,254600.0,12
200800028262,8,5,26,1500,1,1,1,2,6,12168,M,4402700.0,323400.0,12
200800028263,8,5,31,1000,1,1,1,1,7,12211,M,4412600.0,325300.0,12
200800028264,8,5,12,1500,1,1,1,1,7,12294,M,4430800.0,289300.0,12
200800028265,8,5,3,1245,1,1,1,1,3,12243,M,4402600.0,296500.0,12
200800028266,8,5,3,1915,1,2,1,1,3,12208,M,4396000.0,288400.0,12
200800028267,8,5,2,1730,1,2,1,1,3,12208,M,4396200.0,288400.0,12
200800028268,8,5,18,1030,1,2,1,1,3,12208,M,4396300.0,288500.0,12
200800028269,8,5,28,1330,1,1,1,1,1,12203,M,4398500.0,297800.0,12
200800028270,8,5,16,1845,1,1,1,8,2,12300,M,4432600.0,202900.0,12
200800028271,8,5,17,1345,1,2,1,1,6,12300,M,4435900.0,202900.0,12
200800028272,8,5,8,2000,1,1,1,1,7,32410,M,4350000.0,92000.0,32
200800028273,8,5,23,1800,1,1,1,1,1,32231,M,4378500.0,30100.0,32
200800028274,8,5,7,1530,1,1,1,1,2,32369,M,4378800.0,-1900.0,32
200800028275,8,5,12,1200,1,1,3,1,3,32208,M,4399100.0,63400.0,32
200800028276,8,5,24,745,1,1,1,3,3,32208,M,4396600.0,66000.0,32
200800028277,8,5,31,1500,1,1,1,1,1,32313,M,4385500.0,90200.0,32
200800028278,8,5,5,1115,1,1,1,2,1,32393,M,4348300.0,33800.0,32
200800028279,8,5,13,1000,1,1,1,1,6,32242,M,4343300.0,58900.0,32
200800028280,8,5,6,900,1,1,1,1,6,46263,M,0.0,0.0,46
200800028281,8,5,9,1400,1,2,1,1,6,46225,M,0.0,0.0,46
200800028282,8,5,1,1100,1,1,4,1,3,46207,M,4462500.0,220300.0,46
200800028283,8,5,13,1745,1,1,1,1,6,46102,M,4461400.0,201100.0,46
200800028284,8,5,1,1715,1,1,2,1,3,65206,M,0.0,0.0,65
200800028285,8,5,31,15,5,2,1,1,6,65460,M,4338700.0,5600.0,65
200800028286,8,5,25,1530,1,2,1,3,6,65025,M,4301200.0,-10100.0,65
200800028287,8,5,7,1745,1,1,1,1,5,65389,M,4309900.0,49500.0,65
200800028288,8,5,8,1630,1,1,1,1,6,81167,M,4387100.0,255700.0,81
200800028289,8,5,5,1515,1,1,1,2,1,81135,M,4410800.0,204400.0,81
200800028290,8,5,16,1915,2,1,1,3,2,81195,M,4355300.0,222400.0,81
200800028291,8,5,21,2115,5,2,1,1,6,81273,M,4359000.0,217400.0,81
200800028292,8,5,23,1115,1,1,1,1,6,81040,M,4373900.0,204000.0,81
200800028293,8,5,20,1630,1,2,1,1,6,81124,M,4371200.0,269000.0,81
200800028294,8,5,21,945,1,1,1,1,6,81140,M,0.0,0.0,81
200800028295,8,5,30,1530,1,1,1,1,1,81318,M,0.0,0.0,81
200800028296,8,5,31,1430,1,1,1,1,1,81271,M,4376100.0,170800.0,81
200800028297,8,5,16,1645,1,2,1,1,5,69089,M,4574300.0,476800.0,69
200800028298,8,5,18,845,1,2,1,1,1,69089,M,0.0,0.0,69
200800028299,8,5,2,445,5,1,1,1,6,81002,M,0.0,0.0,81
200800028300,8,5,7,1600,1,1,1,1,7,81204,M,0.0,0.0,81
200800028301,8,5,31,1630,1,1,1,1,6,81050,M,4359300.0,186100.0,81
200800028302,8,5,30,1030,1,1,1,1,3,82119,M,4421900.0,151000.0,82
200800028303,8,5,8,1100,1,1,1,1,6,82161,M,4405400.0,144000.0,82
200800028304,8,5,2,1045,1,1,1,1,1,82183,M,4428600.0,119000.0,82
200800028305,8,5,4,2045,3,1,1,1,7,82005,M,0.0,0.0,82
200800028306,8,5,7,2045,1,1,1,1,7,82125,M,4394500.0,123900.0,82
200800028307,8,5,16,2245,3,1,1,2,1,82190,M,4380400.0,126500.0,82
200800028308,8,5,11,400,5,2,1,1,6,82008,M,0.0,0.0,82
200800028309,8,5,22,1230,1,2,1,1,3,82186,M,0.0,0.0,82
200800028310,8,5,29,15,3,1,1,1,1,82054,M,0.0,0.0,82
200800028311,8,5,31,800,1,2,3,1,1,69286,M,0.0,0.0,69
200800028312,8,5,27,830,1,2,1,1,6,69204,M,0.0,0.0,69
200800028313,8,5,6,1745,1,2,1,1,1,69289,M,4565000.0,501800.0,69
200800028314,8,5,25,1500,1,1,1,2,6,69299,M,0.0,0.0,69
200800028315,8,5,31,2100,3,1,1,1,6,69259,M,0.0,0.0,69
200800028316,8,5,15,1015,1,2,1,3,6,69231,M,0.0,0.0,69
200800028317,8,5,27,1200,1,1,1,8,1,69112,M,0.0,0.0,69
200800028318,8,5,21,1900,1,2,1,1,7,69010,M,0.0,0.0,69
200800028319,8,5,15,1745,1,1,1,8,1,69155,M,0.0,0.0,69
200800028320,8,5,29,1915,1,2,1,1,3,69014,M,0.0,0.0,69
200800028321,8,5,1,1630,1,2,6,1,1,69028,M,0.0,0.0,69
200800028322,8,5,18,2000,1,1,1,1,6,69219,M,4564500.0,470600.0,69
200800028323,8,5,10,1600,1,1,1,1,7,69192,M,4603500.0,452700.0,69
200800028324,8,5,21,1400,1,1,1,1,1,69264,M,0.0,0.0,69
200800028325,8,5,24,1100,1,1,1,1,7,69257,M,4605400.0,454500.0,69
200800028326,8,5,3,815,1,1,1,1,6,69106,M,4592600.0,467700.0,69
200800028327,8,5,31,830,1,1,1,1,6,69020,M,0.0,0.0,69
200800028328,8,5,3,1430,1,1,1,1,6,69065,M,0.0,0.0,69
200800028329,8,5,6,2100,2,1,1,1,5,69206,M,0.0,0.0,69
200800028330,8,5,6,2015,1,2,1,1,6,69206,M,4606300.0,471100.0,69
200800028331,8,5,31,2100,2,1,1,2,6,69211,M,4612000.0,470400.0,69
200800028332,8,5,13,2000,1,1,1,1,1,69222,M,0.0,0.0,69
200800028333,8,5,31,2300,5,2,9,1,6,69024,M,0.0,0.0,69
200800028334,8,5,31,1730,1,1,1,1,7,69102,M,0.0,0.0,69
200800028335,8,5,3,1515,1,1,1,1,3,69107,M,4604000.0,449300.0,69
200800028336,8,5,22,2015,1,1,1,1,3,69107,M,0.0,0.0,69
200800028337,8,5,28,1400,1,1,1,1,6,69169,M,4597900.0,439100.0,69
200800028338,8,5,28,1500,1,1,1,1,7,69248,M,0.0,0.0,69
200800028339,8,5,18,330,3,1,1,2,7,01336,M,0.0,0.0,01
200800028340,8,5,16,1845,1,1,1,1,1,01245,M,4616100.0,538800.0,01
200800028341,8,5,18,1415,1,1,1,1,6,01127,M,0.0,0.0,01
200800028342,8,5,25,1400,1,1,1,2,3,01350,M,4626900.0,533800.0,01
200800028343,8,5,4,2300,3,1,1,1,2,01296,M,0.0,0.0,01
200800028344,8,5,11,945,1,1,1,1,1,01236,M,0.0,0.0,01
200800028345,8,5,30,1830,1,1,1,9,2,01422,M,0.0,0.0,01
200800028346,8,5,16,1630,1,2,1,1,3,01365,M,0.0,0.0,01
200800028347,8,5,31,1100,1,2,1,8,3,01370,M,0.0,0.0,01
200800028348,8,5,9,1530,1,1,1,1,3,01268,M,0.0,0.0,01
200800028349,8,5,17,900,1,1,1,2,1,01034,M,0.0,0.0,01
200800028350,8,5,10,1,3,1,1,1,7,01187,M,0.0,0.0,01