Num_Acc,an,mois,jour,hrmn,lum,agg,int,atm,col,com,gps,lat,long,dep
200800028351,8,5,2,1430,1,1,1,1,5,01089,M,4598000.0,531400.0,01
200800028352,8,5,13,1100,1,2,1,1,6,01004,M,4596400.0,534800.0,01
200800028353,8,5,14,1345,1,2,1,1,1,01416,M,0.0,0.0,01
200800028354,8,5,31,1430,1,2,1,1,1,01148,M,0.0,0.0,01
200800028355,8,5,1,1145,1,1,1,1,5,01347,M,0.0,0.0,01
200800028356,8,5,23,1800,1,2,1,1,3,01427,M,0.0,0.0,01
200800028357,8,5,18,830,1,1,1,2,6,01129,M,4598100.0,521200.0,01
200800028358,8,5,23,1545,1,1,1,1,5,01457,M,0.0,0.0,01
200800028359,8,5,25,2345,3,1,1,8,6,01093,M,4611800.0,497500.0,01
200800028360,8,5,31,1445,1,2,2,1,3,01093,M,4612400.0,495800.0,01
200800028361,8,5,27,1100,1,1,1,8,5,01290,M,0.0,0.0,01
200800028362,8,5,10,100,3,1,1,1,2,01446,M,4602500.0,490000.0,01
200800028363,8,5,20,2315,3,1,1,1,6,01207,M,4599200.0,499100.0,01
200800028364,8,5,7,1700,1,1,1,1,6,01389,M,4607300.0,487600.0,01
200800028365,8,5,22,1800,1,2,1,1,3,01263,M,0.0,0.0,01
200800028366,8,5,4,1445,1,1,1,1,3,07339,M,0.0,0.0,07
200800028367,8,5,21,745,1,2,2,1,3,07259,M,0.0,0.0,07
200800028368,8,5,10,1745,1,1,1,1,1,07005,M,0.0,0.0,07
200800028369,8,5,16,745,1,1,1,1,7,07346,M,0.0,0.0,07
200800028370,8,5,26,1500,1,2,2,8,5,07319,M,0.0,0.0,07
200800028371,8,5,27,1900,1,1,1,1,3,07349,M,0.0,0.0,07
200800028372,8,5,11,1515,1,2,1,1,3,07232,M,0.0,0.0,07
200800028373,8,5,24,2215,3,1,1,1,2,07017,M,4442000.0,416400.0,07
200800028374,8,5,5,930,1,1,1,1,3,07317,M,0.0,0.0,07
200800028375,8,5,14,915,1,1,1,1,1,07276,M,4491300.0,445900.0,07
200800028376,8,5,1,1630,1,1,1,1,6,07170,M,4510600.0,457500.0,07
200800028377,8,5,11,1000,1,2,1,1,3,07309,M,4515100.0,460800.0,07
200800028378,8,5,26,1645,1,1,2,8,1,26344,M,0.0,0.0,26
200800028379,8,5,9,1400,1,1,6,1,3,26166,M,0.0,0.0,26
200800028380,8,5,1,1500,1,1,1,1,6,26069,M,4483000.0,539000.0,26
200800028381,8,5,25,1715,1,1,1,1,1,26315,M,0.0,0.0,26
200800028382,8,5,28,1500,1,1,1,1,3,26290,M,0.0,0.0,26
200800028383,8,5,3,415,3,2,1,1,7,26305,M,0.0,0.0,26
200800028384,8,5,2,1700,1,1,1,1,6,26339,M,4458300.0,479200.0,26
200800028385,8,5,4,1715,1,1,1,1,6,26338,M,4461600.0,480900.0,26
200800028386,8,5,7,1630,1,1,1,1,2,26045,M,4456900.0,493900.0,26
200800028387,8,5,4,645,2,1,1,1,6,26116,M,0.0,0.0,26
200800028388,8,5,11,745,1,1,1,1,6,26085,M,0.0,0.0,26
200800028389,8,5,12,2215,3,1,1,1,7,26085,M,0.0,0.0,26
200800028390,8,5,29,1615,1,1,2,8,3,26085,M,0.0,0.0,26
200800028391,8,5,5,830,1,1,1,1,3,26235,M,0.0,0.0,26
200800028392,8,5,25,1930,1,1,1,2,1,26357,M,4429000.0,494000.0,26
200800028393,8,5,8,1230,1,1,1,1,6,26016,M,0.0,0.0,26
200800028394,8,5,28,1645,1,1,1,8,6,26360,M,4442200.0,480300.0,26
200800028395,8,5,31,1600,1,1,1,1,7,26363,M,4446300.0,518200.0,26
200800028396,8,5,2,1230,1,1,1,1,7,26139,M,4507900.0,509100.0,26
200800028397,8,5,23,1615,1,1,1,1,1,26143,M,0.0,0.0,26
200800028398,8,5,22,2215,5,2,1,1,7,26010,M,0.0,0.0,26
200800028399,8,5,25,1900,1,1,1,2,7,26009,M,4524300.0,482000.0,26
200800028400,8,5,23,1915,1,2,1,1,6,38547,M,4525900.0,590400.0,38
200800028401,8,5,10,1700,1,2,1,1,6,38317,M,4513700.0,569500.0,38
200800028402,8,5,3,1600,1,2,1,1,6,38314,M,4543700.0,601300.0,38
200800028403,8,5,8,2015,1,1,1,1,3,38075,M,4547900.0,598700.0,38
200800028404,8,5,17,1500,1,1,1,3,1,38027,M,4545500.0,600000.0,38
200800028405,8,5,29,2045,2,2,1,2,1,38382,M,0.0,0.0,38
200800028406,8,5,18,145,3,1,1,1,6,38405,M,0.0,0.0,38
200800028407,8,5,3,1345,1,1,1,1,1,38418,M,0.0,0.0,38
200800028408,8,5,13,1030,1,1,9,1,1,38511,M,0.0,0.0,38
200800028409,8,5,1,1615,1,1,1,1,1,38254,M,4499400.0,569900.0,38
200800028410,8,5,1,1715,1,1,1,1,6,38497,M,4491900.0,580500.0,38
200800028411,8,5,1,1215,1,1,1,1,1,38059,M,4513200.0,577800.0,38
200800028412,8,5,6,1600,3,1,1,1,1,38059,M,4514500.0,577100.0,38
200800028413,8,5,13,1745,1,2,1,1,1,38071,M,4508100.0,572600.0,38
200800028414,8,5,4,2300,3,1,1,1,6,38108,M,0.0,0.0,38
200800028415,8,5,8,1915,1,2,1,1,6,38239,M,4533200.0,555600.0,38
200800028416,8,5,5,1400,1,1,1,1,3,38058,M,4535300.0,528700.0,38
200800028417,8,5,11,1200,1,2,2,1,3,38505,M,4531000.0,516000.0,38
200800028418,8,5,25,1345,1,1,1,2,5,38467,M,4567200.0,533400.0,38
200800028419,8,5,11,1800,1,1,1,1,1,38247,M,0.0,0.0,38
200800028420,8,5,17,1100,1,2,1,2,6,38135,M,4573000.0,540800.0,38
200800028421,8,5,21,800,1,1,1,1,3,38139,M,4576900.0,544600.0,38
200800028422,8,5,25,1215,1,1,1,2,7,38139,M,4573500.0,545800.0,38
200800028423,8,5,24,1400,1,1,1,3,7,44201,M,4735800.0,-153900.0,44
200800028424,8,5,2,1030,1,1,1,1,3,38110,M,0.0,0.0,38
200800028425,8,5,7,1130,1,1,2,1,3,38487,M,4557000.0,485800.0,38
200800028426,8,5,11,1600,1,2,9,1,1,38087,M,4558400.0,480500.0,38
200800028427,8,5,18,845,1,1,1,1,3,38336,M,4550000.0,485000.0,38
200800028428,8,5,9,2315,5,2,1,1,7,38393,M,0.0,0.0,38
200800028429,8,5,19,600,2,1,9,1,1,38189,M,0.0,0.0,38
200800028430,8,5,23,1700,1,1,1,1,6,38184,M,0.0,0.0,38
200800028431,8,5,23,1945,1,2,1,1,3,38136,M,0.0,0.0,38
200800028432,8,5,28,645,1,1,1,1,1,38288,M,,,38
200800028433,8,5,13,2000,1,2,1,1,1,38468,M,4535400.0,482400.0,38
200800028434,8,5,19,1015,1,1,1,1,7,38003,M,4535200.0,486800.0,38
200800028435,8,5,9,1145,1,2,1,1,6,42302,M,4549200.0,445300.0,42
200800028436,8,5,15,1900,1,1,9,3,7,42208,M,0.0,0.0,42
200800028437,8,5,24,1030,1,1,1,1,3,42208,M,4553400.0,447000.0,42
200800028438,8,5,10,1630,1,1,1,1,7,42046,M,4564100.0,407500.0,42
200800028439,8,5,28,1845,1,1,1,1,2,42290,M,0.0,0.0,42
200800028440,8,5,9,1445,1,2,1,1,3,42313,M,0.0,0.0,42
200800028441,8,5,22,1800,1,1,1,1,1,42197,M,0.0,0.0,42
200800028442,8,5,19,1000,1,2,1,1,2,42094,M,4574700.0,421200.0,42
200800028443,8,5,20,1130,1,2,1,1,2,42165,M,0.0,0.0,42
200800028444,8,5,11,1045,1,1,1,1,5,42318,M,4539600.0,396000.0,42
200800028445,8,5,2,1115,1,2,9,1,2,42323,M,0.0,0.0,42
200800028446,8,5,11,1915,1,1,1,2,7,42081,M,4562900.0,427200.0,42
200800028447,8,5,16,1700,1,1,1,8,1,42222,M,4554600.0,434300.0,42
200800028448,8,5,17,2330,5,2,1,2,1,42200,M,0.0,0.0,42
200800028449,8,5,10,15,3,1,1,1,6,42332,M,0.0,0.0,42
200800028450,8,5,22,1715,1,1,1,1,1,42166,M,0.0,0.0,42
200800028451,8,5,30,1800,1,2,1,1,3,42332,M,4600000.0,404400.0,42
200800028452,8,5,17,1315,1,1,1,1,1,42289,M,0.0,0.0,42
200800028453,8,5,8,1030,1,2,1,1,3,42334,M,4585500.0,435900.0,42
200800028454,8,5,13,645,2,1,1,1,3,42033,M,0.0,0.0,42
200800028455,8,5,30,630,2,1,1,2,7,42082,M,4590500.0,401200.0,42
200800028456,8,5,10,1630,1,1,1,1,3,73085,M,4580400.0,585900.0,73
200800028457,8,5,11,530,5,2,1,1,7,73073,M,4580900.0,579300.0,73
200800028458,8,5,24,2030,2,2,1,2,1,73073,M,4580800.0,579200.0,73
200800028459,8,5,8,1845,1,1,1,1,6,73179,M,4558400.0,582400.0,73
200800028460,8,5,13,1630,1,2,1,1,6,73191,M,4558000.0,579600.0,73
200800028461,8,5,19,1445,1,2,3,1,1,73298,M,0.0,0.0,73
200800028462,8,5,26,945,1,1,1,1,1,73011,M,4501600.0,647800.0,73
200800028463,8,5,23,1615,1,1,1,1,5,73303,M,4579500.0,648300.0,73
200800028464,8,5,24,1530,1,2,1,1,2,73187,M,4552900.0,649200.0,73
200800028465,8,5,20,1315,1,1,1,1,5,73248,M,4528100.0,636100.0,73
200800028466,8,5,23,1445,1,2,8,1,6,73248,M,4529300.0,635500.0,73
200800028467,8,5,24,1345,1,1,1,8,6,73002,M,0.0,0.0,73
200800028468,8,5,5,1000,1,2,1,1,6,73157,M,4519600.0,665500.0,73
200800028469,8,5,14,1130,1,2,1,1,7,73157,M,4519900.0,666400.0,73
200800028470,8,5,15,615,2,2,1,1,3,74123,M,0.0,0.0,74
200800028471,8,5,2,1745,1,2,1,1,2,74225,M,0.0,0.0,74
200800028472,8,5,8,1515,1,2,1,1,1,74004,M,4576500.0,606500.0,74
200800028473,8,5,6,1915,1,1,1,1,7,74160,M,0.0,0.0,74
200800028474,8,5,24,1230,1,1,1,1,7,74280,M,0.0,0.0,74
200800028475,8,5,27,445,2,1,1,8,1,74042,M,0.0,0.0,74
200800028476,8,5,31,530,2,1,1,2,1,74042,M,0.0,0.0,74
200800028477,8,5,9,900,1,1,1,1,6,74920,M,0.0,0.0,74
200800028478,8,5,10,1600,1,1,1,1,7,74290,M,0.0,0.0,74
200800028479,8,5,9,1630,1,2,6,1,3,74081,M,0.0,0.0,74
200800028480,8,5,8,1130,1,1,1,1,7,74159,M,0.0,0.0,74
200800028481,8,5,17,2330,5,2,1,1,6,74081,M,0.0,0.0,74
200800028482,8,5,28,1630,1,2,6,1,2,74264,M,0.0,0.0,74
200800028483,8,5,4,1845,1,1,1,1,6,74103,M,4592700.0,665800.0,74
200800028484,8,5,11,1215,1,2,1,1,2,74208,M,0.0,0.0,74
200800028485,8,5,17,1115,1,2,1,1,3,74256,M,4594200.0,663100.0,74
200800028486,8,5,26,1330,1,1,6,1,1,74208,M,0.0,0.0,74
200800028487,8,5,9,2000,1,2,1,1,7,74276,M,0.0,0.0,74
200800028488,8,5,7,830,1,1,1,1,3,74243,M,0.0,0.0,74
200800028489,8,5,2,1500,1,1,1,1,5,74197,M,4614700.0,631800.0,74
200800028490,8,5,31,1715,1,2,1,1,1,74040,M,4617100.0,632200.0,74
200800028491,8,5,29,1615,1,1,1,8,3,74101,M,0.0,0.0,74
200800028492,8,5,11,1630,1,1,1,2,7,74168,M,4602600.0,601300.0,74
200800028493,8,5,10,845,1,1,1,1,1,74043,M,4627700.0,635000.0,74
200800028494,8,5,27,1600,1,1,9,1,7,74238,M,4624700.0,664200.0,74
200800028495,8,5,30,1930,1,2,1,2,7,63417,M,4583400.0,305000.0,63
200800028496,8,5,3,1030,1,2,1,1,6,63040,M,0.0,0.0,63
200800028497,8,5,17,530,3,1,1,2,6,63284,M,4579500.0,319400.0,63
200800028498,8,5,10,2330,3,1,1,1,6,63257,M,4575600.0,283600.0,63
200800028499,8,5,9,1615,1,1,1,1,7,63407,M,4560700.0,282800.0,63
200800028500,8,5,17,1100,1,1,1,8,7,63302,M,4570600.0,314200.0,63
200800028501,8,5,4,1400,1,2,1,1,6,63003,M,0.0,0.0,63
200800028502,8,5,9,545,1,2,1,1,6,63454,M,4564900.0,370800.0,63
200800028503,8,5,29,815,1,1,1,2,1,63230,M,4556500.0,366000.0,63
200800028504,8,5,31,1815,1,2,1,1,6,63162,M,4552000.0,359400.0,63
200800028505,8,5,19,1215,1,2,1,1,7,63050,M,0.0,0.0,63
200800028506,8,5,31,2145,1,1,1,8,6,63068,M,4595200.0,316100.0,63
200800028507,8,5,28,1615,1,2,1,1,1,63382,M,4606000.0,301800.0,63
200800028508,8,5,30,1830,1,1,2,1,3,63281,M,4611500.0,269900.0,63
200800028509,8,5,5,1215,1,1,1,1,5,63125,M,4578400.0,353400.0,63
200800028510,8,5,1,1900,1,1,1,1,3,63201,M,4598100.0,340800.0,63
200800028511,8,5,6,1230,1,1,2,1,3,63291,M,0.0,0.0,63
200800028512,8,5,8,1930,1,1,1,1,3,03203,M,4663100.0,360600.0,03
200800028513,8,5,21,1330,1,1,1,1,6,03180,M,4651900.0,346600.0,03
200800028514,8,5,22,830,1,2,1,1,3,03156,M,4659500.0,349000.0,03
200800028515,8,5,23,615,1,2,1,1,1,03254,M,4630800.0,328900.0,03
200800028516,8,5,5,1315,1,1,2,1,3,03281,M,4636600.0,314400.0,03
200800028517,8,5,13,1245,1,1,3,1,1,03275,M,4652600.0,317500.0,03
200800028518,8,5,14,815,1,2,2,1,3,03292,M,0.0,0.0,03
200800028519,8,5,16,1530,1,1,1,1,3,03281,M,0.0,0.0,03
200800028520,8,5,8,1115,1,2,1,1,6,03055,M,0.0,0.0,03
200800028521,8,5,23,2145,2,1,1,8,7,03269,M,0.0,0.0,03
200800028522,8,5,24,1630,1,1,1,8,1,03258,M,4619000.0,338600.0,03
200800028523,8,5,6,1800,1,1,1,1,2,03137,M,0.0,0.0,03
200800028524,8,5,6,745,1,1,1,2,1,15267,M,4493800.0,237900.0,15
200800028525,8,5,30,2100,1,1,1,1,7,15157,M,0.0,0.0,15
200800028526,8,5,24,430,3,1,1,1,6,15230,M,0.0,0.0,15
200800028527,8,5,3,1630,1,2,1,1,6,15187,M,0.0,0.0,15
200800028528,8,5,8,1115,1,2,1,1,3,43077,M,4490200.0,385200.0,43
200800028529,8,5,11,500,5,1,1,1,1,43039,M,4495100.0,384700.0,43
200800028530,8,5,25,1215,1,1,1,3,7,43135,M,4496800.0,397700.0,43
200800028531,8,5,23,1730,1,1,1,1,1,43230,M,4515400.0,391500.0,43
200800028532,8,5,10,1100,1,2,1,1,1,43221,M,4499500.0,368200.0,43
200800028533,8,5,25,1530,1,1,1,1,1,43113,M,4499200.0,402300.0,43
200800028534,8,5,5,1530,1,1,1,1,6,43080,M,0.0,0.0,43
200800028535,8,5,29,830,1,1,1,2,3,43187,M,0.0,0.0,43
200800028536,8,5,27,700,1,1,1,3,6,43093,M,4527900.0,373600.0,43
200800028537,8,5,29,1500,1,1,1,1,7,43133,M,4521900.0,328700.0,43
200800028538,8,5,2,2330,3,1,1,1,7,43016,M,4539200.0,334000.0,43
200800028539,8,5,8,115,3,1,1,1,6,43058,M,4533500.0,424300.0,43
200800028540,8,5,6,1545,1,1,1,1,6,43184,M,4537200.0,426400.0,43
200800028541,8,5,8,1800,1,1,1,7,7,57017,M,4915700.0,602300.0,57
200800028542,8,5,11,130,3,1,1,1,3,57620,M,4920900.0,599500.0,57
200800028543,8,5,14,645,1,1,1,1,3,57620,M,4920400.0,598000.0,57
200800028544,8,5,6,815,1,1,1,1,1,57443,M,0.0,0.0,57
200800028545,8,5,9,430,2,1,6,1,3,57452,M,4915600.0,618700.0,57
200800028546,8,5,9,1400,1,1,1,1,1,57433,M,0.0,0.0,57
200800028547,8,5,12,1215,1,2,1,1,7,57443,M,0.0,0.0,57
200800028548,8,5,6,1745,1,2,1,1,7,57425,M,0.0,0.0,57
200800028549,8,5,2,2245,3,1,1,1,7,57155,M,0.0,0.0,57
200800028550,8,5,18,1845,1,1,1,1,1,57438,M,0.0,0.0,57
200800028551,8,5,21,1230,1,1,1,1,1,57193,M,0.0,0.0,57
200800028552,8,5,27,900,1,1,1,1,2,57385,M,0.0,0.0,57
200800028553,8,5,16,2045,1,2,1,1,6,57205,M,0.0,0.0,57
200800028554,8,5,27,730,1,1,1,1,5,57276,M,4908600.0,652500.0,57
200800028555,8,5,26,1845,1,1,1,1,1,57290,M,4884300.0,659400.0,57
200800028556,8,5,31,1945,1,1,1,1,6,57712,M,4878000.0,651800.0,57
200800028557,8,5,4,1645,1,2,1,1,3,57659,M,0.0,0.0,57
200800028558,8,5,10,2115,2,1,1,1,6,57058,M,0.0,0.0,57
200800028559,8,5,26,700,1,2,1,1,7,57123,M,0.0,0.0,57
200800028560,8,5,7,1745,1,1,1,1,5,57321,M,4870700.0,704500.0,57
200800028561,8,5,11,2345,3,1,1,1,7,57637,M,4868900.0,707100.0,57
200800028562,8,5,3,1100,1,1,1,1,7,57742,M,4866200.0,714900.0,57
200800028563,8,5,3,1315,1,2,1,1,7,57210,M,0.0,0.0,57
200800028564,8,5,11,445,3,2,1,1,6,57468,M,4877700.0,722000.0,57
200800028565,8,5,11,2000,2,1,1,1,7,57407,M,0.0,0.0,57
200800028566,8,5,22,1330,1,1,1,1,2,57742,M,0.0,0.0,57
200800028567,8,5,26,1730,1,1,1,1,1,57289,M,0.0,0.0,57
200800028568,8,5,17,915,1,2,1,1,3,57724,M,4927700.0,612400.0,57
200800028569,8,5,1,1145,1,1,1,8,2,57102,M,0.0,0.0,57
200800028570,8,5,17,1915,1,1,3,1,1,57179,M,0.0,0.0,57
200800028571,8,5,21,2345,3,1,1,1,1,57464,M,0.0,0.0,57
200800028572,8,5,8,1745,1,1,1,1,2,57582,M,0.0,0.0,57
200800028573,8,5,16,1545,1,1,1,1,6,54577,M,0.0,0.0,54
200800028574,8,5,30,1700,1,2,1,1,3,54188,M,0.0,0.0,54
200800028575,8,5,5,1830,1,1,1,1,5,54351,M,0.0,0.0,54
200800028576,8,5,11,1430,1,2,1,1,7,54215,M,0.0,0.0,54
200800028577,8,5,10,1615,1,2,1,1,1,54397,M,4861500.0,610300.0,54
200800028578,8,5,22,1415,1,2,1,1,7,54043,M,0.0,0.0,54
200800028579,8,5,28,2030,1,1,1,1,2,54111,M,4863900.0,608300.0,54
200800028580,8,5,12,1515,1,2,1,1,3,54415,M,0.0,0.0,54
200800028581,8,5,21,1500,2,2,1,1,1,54518,M,0.0,0.0,54
200800028582,8,5,11,1330,1,1,1,1,3,54266,M,0.0,0.0,54
200800028583,8,5,18,1530,1,1,1,1,6,54533,M,0.0,0.0,54
200800028584,8,5,11,1345,1,1,1,1,6,54023,M,0.0,0.0,54
200800028585,8,5,10,2115,3,1,2,1,3,54256,M,0.0,0.0,54
200800028586,8,5,11,1700,1,1,1,1,3,54040,M,4849100.0,693500.0,54
200800028587,8,5,17,1615,1,2,4,1,3,54039,M,0.0,0.0,54
200800028588,8,5,24,1045,1,2,3,2,5,54039,M,0.0,0.0,54
200800028589,8,5,14,2115,3,1,1,1,6,54034,M,4877500.0,594200.0,54
200800028590,8,5,12,930,1,1,1,1,2,55427,M,4883300.0,495900.0,55
200800028591,8,5,12,1100,1,2,1,1,3,55414,M,4883000.0,491500.0,55
200800028592,8,5,9,930,1,1,1,1,1,55470,M,0.0,0.0,55
200800028593,8,5,9,1830,1,1,1,1,5,55447,M,0.0,0.0,55
200800028594,8,5,17,500,5,2,1,2,6,55010,M,4862200.0,501500.0,55
200800028595,8,5,25,1530,1,1,1,1,1,55553,M,4879300.0,563600.0,55
200800028596,8,5,7,1900,1,1,1,1,7,55312,M,4891000.0,554100.0,55
200800028597,8,5,9,715,1,1,1,1,3,55462,M,4901200.0,566700.0,55
200800028598,8,5,9,2145,3,1,1,1,7,55533,M,4866200.0,563300.0,55
200800028599,8,5,17,1815,1,1,1,1,6,55100,M,4855500.0,570900.0,55
200800028600,8,5,8,400,3,1,1,1,6,55351,M,4952700.0,539100.0,55
200800028601,8,5,8,1630,1,1,1,1,1,55167,M,4939800.0,518900.0,55
200800028602,8,5,10,1945,2,2,2,1,3,55167,M,4939400.0,518200.0,55
200800028603,8,5,9,1200,1,2,1,1,1,55094,M,4917500.0,571000.0,55
200800028604,8,5,11,1430,1,2,1,1,3,55181,M,4921700.0,563300.0,55
200800028605,8,5,26,1715,1,2,3,1,1,88122,M,0.0,0.0,88
200800028606,8,5,1,515,3,1,1,1,7,88216,M,4823600.0,670600.0,88
200800028607,8,5,2,1145,1,1,1,1,1,88512,M,0.0,0.0,88
200800028608,8,5,25,2045,1,1,1,1,3,88367,M,0.0,0.0,88
200800028609,8,5,16,615,1,2,6,1,3,88465,M,4825000.0,642500.0,88
200800028610,8,5,7,200,3,1,1,1,1,88530,M,4805400.0,640700.0,88
200800028611,8,5,10,1930,1,1,1,1,7,88015,M,0.0,0.0,88
200800028612,8,5,28,1345,1,1,1,1,3,88259,M,0.0,0.0,88
200800028613,8,5,31,1915,1,1,1,1,6,88507,M,4829900.0,617700.0,88
200800028614,8,5,19,1730,1,1,1,1,7,88447,M,4795600.0,674600.0,88
200800028615,8,5,17,145,3,1,6,1,6,88408,M,4794100.0,663900.0,88
200800028616,8,5,30,1230,1,1,3,1,3,88408,M,4791600.0,668500.0,88
200800028617,8,5,2,1830,1,2,1,1,6,88032,M,0.0,0.0,88
200800028618,8,5,12,1530,1,1,1,1,1,88009,M,0.0,0.0,88
200800028619,8,5,2,1700,1,1,1,1,7,88218,M,4813800.0,678200.0,88
200800028620,8,5,10,1030,1,1,4,1,3,88531,M,0.0,0.0,88
200800028621,8,5,15,945,1,2,1,1,6,88196,M,0.0,0.0,88
200800028622,8,5,24,600,2,2,1,1,6,88196,M,4805800.0,687500.0,88
200800028623,8,5,11,1145,1,2,1,1,6,88319,M,4838300.0,690400.0,88
200800028624,8,5,15,1215,1,2,1,1,3,88451,M,4840200.0,698500.0,88
200800028625,8,5,2,1200,1,1,1,1,1,67338,M,4836400.0,767400.0,67
200800028626,8,5,26,2315,3,1,1,1,6,67359,M,0.0,0.0,67
200800028627,8,5,5,1915,1,2,1,1,3,67046,M,4876300.0,785900.0,67
200800028628,8,5,31,1730,1,1,1,8,5,67101,M,4852600.0,747000.0,67
200800028629,8,5,3,1445,1,1,1,1,3,67436,M,4839500.0,714600.0,67
200800028630,8,5,9,1615,1,1,6,1,7,67026,M,4839800.0,726900.0,67
200800028631,8,5,15,1800,1,1,1,1,3,67188,M,4853200.0,737700.0,67
200800028632,8,5,16,645,1,1,1,1,7,67500,M,4852800.0,730600.0,67
200800028633,8,5,23,1230,1,2,1,1,3,67513,M,4841600.0,721600.0,67
200800028634,8,5,17,2315,3,1,1,1,1,67282,M,4862100.0,751800.0,67
200800028635,8,5,2,1500,1,2,1,1,1,67322,M,0.0,0.0,67
200800028636,8,5,15,830,1,1,1,1,1,67222,M,0.0,0.0,67
200800028637,8,5,2,1515,1,1,1,1,7,67538,M,0.0,0.0,67
200800028638,8,5,22,1600,1,1,1,1,6,67535,M,0.0,0.0,67
200800028639,8,5,24,2330,5,2,1,2,6,67508,M,0.0,0.0,67
200800028640,8,5,25,1045,1,1,1,1,1,67070,M,0.0,0.0,67
200800028641,8,5,25,2000,1,1,1,1,7,67552,M,0.0,0.0,67
200800028642,8,5,26,1145,1,2,1,1,1,67355,M,0.0,0.0,67
200800028643,8,5,16,1615,1,2,1,1,1,67173,M,4863900.0,767400.0,67
200800028644,8,5,29,1945,1,1,1,1,6,67419,M,0.0,0.0,67
200800028645,8,5,12,1800,1,1,1,1,5,67151,M,4869100.0,791400.0,67
200800028646,8,5,29,1300,1,1,1,1,1,67239,M,4828500.0,735900.0,67
200800028647,8,5,14,1800,1,2,9,1,1,67281,M,4817200.0,755500.0,67
200800028648,8,5,30,915,1,1,1,1,6,67310,M,4822000.0,750000.0,67
200800028649,8,5,5,1730,1,1,1,1,7,67351,M,4898700.0,799000.0,67
200800028650,8,5,11,115,3,2,1,1,6,67541,M,4893800.0,810500.0,67
200800028651,8,5,10,1415,1,1,1,1,6,67915,M,4892700.0,783200.0,67
200800028652,8,5,11,1345,1,1,1,1,1,67353,M,4905700.0,762900.0,67
200800028653,8,5,26,1000,1,1,1,1,6,67160,M,4899400.0,778200.0,67
200800028654,8,5,4,1645,1,1,1,1,1,68249,M,4812700.0,710500.0,68
200800028655,8,5,12,1015,1,1,1,1,3,68249,M,4812200.0,714500.0,68
200800028656,8,5,3,1530,1,1,1,1,7,68317,M,4807600.0,710200.0,68
200800028657,8,5,7,2330,3,1,1,1,7,68193,M,4803100.0,711100.0,68
200800028658,8,5,6,915,1,2,1,1,1,68345,M,4809300.0,749100.0,68
200800028659,8,5,22,830,1,2,3,1,1,68352,M,4801900.0,755400.0,68
200800028660,8,5,10,2000,1,1,1,1,1,68028,M,4821300.0,734600.0,68
200800028661,8,5,23,1145,1,2,1,1,6,68209,M,4815600.0,732100.0,68
200800028662,8,5,12,1630,1,1,1,1,3,68338,M,4809900.0,724100.0,68
200800028663,8,5,11,1815,1,2,1,1,2,68004,M,0.0,0.0,68
200800028664,8,5,27,1730,1,2,1,1,2,68004,M,4763700.0,723600.0,68
200800028665,8,5,3,1430,1,1,1,1,6,68152,M,4768800.0,727700.0,68
200800028666,8,5,13,1700,1,2,1,1,3,68216,M,4751500.0,721600.0,68
200800028667,8,5,15,1445,1,1,4,1,1,68347,M,4751600.0,729900.0,68
200800028668,8,5,20,1830,1,1,1,1,6,68176,M,4756000.0,718500.0,68
200800028669,8,5,18,1745,1,2,1,1,6,68041,M,0.0,0.0,68
200800028670,8,5,21,1845,1,2,1,1,6,68235,M,4798900.0,740100.0,68
200800028671,8,5,24,1345,1,1,1,2,3,68082,M,4787500.0,733000.0,68
200800028672,8,5,3,2130,5,2,1,1,6,68343,M,4787600.0,732800.0,68
200800028673,8,5,22,1730,1,1,1,1,7,68343,M,0.0,0.0,68
200800028674,8,5,8,1545,1,2,1,1,1,68154,M,0.0,0.0,68
200800028675,8,5,21,1100,1,1,1,1,7,68300,M,0.0,0.0,68
200800028676,8,5,3,1645,1,1,1,1,3,68253,M,4778500.0,751700.0,68
200800028677,8,5,6,1530,1,2,3,1,3,68349,M,0.0,0.0,68
200800028678,8,5,22,800,1,1,1,1,1,68297,M,0.0,0.0,68
200800028679,8,5,4,1745,1,1,1,1,1,68031,M,4770100.0,718100.0,68
200800028680,8,5,6,1445,1,1,1,1,3,68239,M,4781200.0,694300.0,68
200800028681,8,5,24,1830,1,1,1,1,6,51548,M,4900800.0,458600.0,51
200800028682,8,5,11,1045,1,1,1,1,3,51545,M,4871700.0,420100.0,51
200800028683,8,5,12,1900,1,2,1,1,6,51248,M,4875100.0,397400.0,51
200800028684,8,5,31,2030,1,1,1,2,7,51157,M,0.0,0.0,51
200800028685,8,5,3,530,2,1,2,1,5,51237,M,4872300.0,354800.0,51
200800028686,8,5,4,915,1,1,1,1,3,51514,M,4870300.0,376700.0,51
200800028687,8,5,7,30,3,1,1,1,7,51151,M,4868300.0,375400.0,51
200800028688,8,5,12,1345,1,2,9,1,1,51492,M,4855000.0,378000.0,51
200800028689,8,5,17,1015,1,1,1,1,3,51625,M,4876000.0,341000.0,51
200800028690,8,5,18,400,3,1,1,1,7,51535,M,0.0,0.0,51
200800028691,8,5,19,1700,1,1,1,1,6,51360,M,4871000.0,362000.0,51