Num_Acc,an,mois,jour,hrmn,lum,agg,int,atm,col,com,gps,lat,long,dep
200800028692,8,5,21,1715,1,1,1,1,3,51237,M,4873000.0,357000.0,51
200800028693,8,5,25,1330,1,1,1,1,2,51526,M,4868000.0,371000.0,51
200800028694,8,5,26,1630,1,1,4,8,3,51369,M,4873000.0,368000.0,51
200800028695,8,5,5,900,1,1,1,1,2,51086,M,4930700.0,375500.0,51
200800028696,8,5,19,1245,1,1,1,1,7,51310,M,0.0,0.0,51
200800028697,8,5,2,1315,1,1,1,1,7,51331,M,4911100.0,412900.0,51
200800028698,8,5,9,1845,1,1,1,1,3,51262,M,4870000.0,458000.0,51
200800028699,8,5,27,1045,1,2,1,2,1,51141,M,4884100.0,451600.0,51
200800028700,8,5,9,2015,1,2,1,1,3,08003,M,,,08
200800028701,8,5,18,2015,1,1,1,1,6,08076,M,4970600.0,469500.0,08
200800028702,8,5,31,1845,1,1,1,2,6,08478,M,0.0,0.0,08
200800028703,8,5,8,1245,1,2,1,7,6,08081,M,4985200.0,477000.0,08
200800028704,8,5,20,1445,1,2,1,1,6,08328,M,0.0,0.0,08
200800028705,8,5,23,2130,1,2,1,1,6,08237,M,0.0,0.0,08
200800028706,8,5,27,1200,1,1,1,2,6,08218,M,0.0,0.0,08
200800028707,8,5,10,330,3,1,1,1,6,08284,M,0.0,0.0,08
200800028708,8,5,25,1715,1,1,1,1,3,08170,M,0.0,0.0,08
200800028709,8,5,14,1200,1,1,1,7,1,08427,M,0.0,0.0,08
200800028710,8,5,2,1845,1,1,1,1,7,10272,M,4857300.0,412200.0,10
200800028711,8,5,4,1915,1,2,1,1,6,10004,M,4859600.0,410500.0,10
200800028712,8,5,23,1800,1,1,1,1,5,10415,M,0.0,0.0,10
200800028713,8,5,1,45,3,1,1,1,6,10014,M,4835800.0,420400.0,10
200800028714,8,5,24,1800,1,1,1,8,7,10287,M,4835700.0,434500.0,10
200800028715,8,5,18,2115,2,2,1,1,6,10012,M,0.0,0.0,10
200800028716,8,5,23,1730,1,2,1,1,6,10033,M,4823800.0,470300.0,10
200800028717,8,5,6,1815,1,1,1,1,6,10382,M,4843100.0,346500.0,10
200800028718,8,5,13,1845,1,2,1,1,1,10351,M,4844500.0,368200.0,10
200800028719,8,5,24,215,3,1,1,1,7,10320,M,4844900.0,396600.0,10
200800028720,8,5,31,1545,1,1,1,8,2,52140,M,4821700.0,492000.0,52
200800028721,8,5,7,1630,1,1,1,1,3,52432,M,0.0,0.0,52
200800028722,8,5,27,1330,1,1,1,1,1,52106,M,0.0,0.0,52
200800028723,8,5,7,1645,1,1,1,1,6,52060,M,0.0,0.0,52
200800028724,8,5,10,1645,1,1,1,1,1,52060,M,0.0,0.0,52
200800028725,8,5,25,230,3,1,1,1,7,52919,M,0.0,0.0,52
200800028726,8,5,4,1630,1,1,1,1,7,52431,M,4786800.0,512300.0,52
200800028727,8,5,4,1630,1,1,1,1,3,52364,M,4779000.0,526000.0,52
200800028728,8,5,26,800,1,1,1,1,7,52023,M,4780300.0,506200.0,52
200800028729,8,5,2,100,5,2,1,1,6,52226,M,0.0,0.0,52
200800028730,8,5,19,715,2,2,2,1,3,52331,M,4848500.0,477000.0,52
200800028731,8,5,15,1645,1,1,1,2,7,21214,M,4718500.0,468000.0,21
200800028732,8,5,28,1630,1,1,1,1,2,21633,M,0.0,0.0,21
200800028733,8,5,9,1800,1,2,1,1,6,21209,M,0.0,0.0,21
200800028734,8,5,28,1215,1,1,1,1,1,21105,M,0.0,0.0,21
200800028735,8,5,2,1700,1,2,1,1,1,21038,M,4719800.0,539400.0,21
200800028736,8,5,3,1545,1,1,1,1,6,21319,M,4717800.0,514500.0,21
200800028737,8,5,9,1600,1,2,1,1,2,21292,M,4724400.0,522300.0,21
200800028738,8,5,17,1630,1,1,2,1,3,21388,M,4721900.0,517900.0,21
200800028739,8,5,4,1630,1,2,2,1,3,21295,M,4727700.0,499000.0,21
200800028740,8,5,14,1700,1,1,3,3,2,21295,M,4722800.0,502900.0,21
200800028741,8,5,23,2315,5,2,1,1,6,21390,M,4728300.0,500200.0,21
200800028742,8,5,31,1015,1,1,1,2,6,21263,M,4726100.0,505900.0,21
200800028743,8,5,23,1445,1,1,1,1,3,21002,M,4730500.0,476300.0,21
200800028744,8,5,26,745,1,2,1,9,3,21318,M,4702300.0,465100.0,21
200800028745,8,5,1,115,3,1,1,1,7,58146,M,4669100.0,346900.0,58
200800028746,8,5,6,1830,1,1,1,1,3,58138,M,4681300.0,308100.0,58
200800028747,8,5,8,1630,1,1,1,1,6,58082,M,4710500.0,396300.0,58
200800028748,8,5,23,1630,1,1,1,1,1,58082,M,4700200.0,301600.0,58
200800028749,8,5,10,1030,1,1,1,1,7,58003,M,4720600.0,420200.0,58
200800028750,8,5,26,1630,1,1,1,2,6,58008,M,0.0,0.0,58
200800028751,8,5,22,1100,1,2,1,1,6,58261,M,0.0,0.0,58
200800028752,8,5,23,2345,5,2,1,1,7,58227,M,4753600.0,307300.0,58
200800028753,8,5,22,1845,1,1,1,1,3,71583,M,0.0,0.0,71
200800028754,8,5,17,745,1,2,1,1,6,71150,M,4624800.0,478700.0,71
200800028755,8,5,20,1545,1,1,9,1,1,71090,M,0.0,0.0,71
200800028756,8,5,30,1745,1,1,1,2,7,71460,M,4640100.0,479500.0,71
200800028757,8,5,11,1545,1,1,1,1,1,71266,M,0.0,0.0,71
200800028758,8,5,10,1530,1,2,1,1,6,71014,M,0.0,0.0,71
200800028759,8,5,24,1700,1,1,1,2,6,71237,M,0.0,0.0,71
200800028760,8,5,1,2000,1,2,1,1,1,71107,M,4684200.0,466800.0,71
200800028761,8,5,17,1800,1,1,1,1,5,71102,M,0.0,0.0,71
200800028762,8,5,13,1745,1,2,1,1,1,71512,M,0.0,0.0,71
200800028763,8,5,27,1530,1,1,1,1,2,71402,M,0.0,0.0,71
200800028764,8,5,1,1645,1,1,1,1,6,71191,M,0.0,0.0,71
200800028765,8,5,7,2215,3,1,1,1,5,71565,M,4663200.0,408700.0,71
200800028766,8,5,16,1830,1,2,1,3,6,71230,M,4660300.0,405500.0,71
200800028767,8,5,4,1300,1,2,1,1,3,71209,M,0.0,0.0,71
200800028768,8,5,5,1315,1,2,1,1,3,71580,M,0.0,0.0,71
200800028769,8,5,4,1115,1,2,1,1,2,71522,M,4663200.0,499600.0,71
200800028770,8,5,13,800,1,1,1,1,5,71523,M,4669500.0,518900.0,71
200800028771,8,5,4,1915,1,1,1,1,6,71560,M,4690000.0,521000.0,71
200800028772,8,5,17,1600,1,1,1,1,3,71173,M,0.0,0.0,71
200800028773,8,5,16,1430,1,1,1,1,1,71412,M,0.0,0.0,71
200800028774,8,5,3,1115,1,1,2,1,3,89158,M,4751800.0,332600.0,89
200800028775,8,5,23,1445,1,1,1,1,1,89199,M,0.0,0.0,89
200800028776,8,5,4,600,2,1,1,1,6,89345,M,0.0,0.0,89
200800028777,8,5,20,745,1,1,1,1,1,89169,M,4795100.0,389400.0,89
200800028778,8,5,2,1300,1,1,1,1,7,89265,M,0.0,0.0,89
200800028779,8,5,29,730,1,1,1,9,1,89034,M,0.0,0.0,89
200800028780,8,5,7,830,1,1,1,1,6,89173,M,4770000.0,326100.0,89
200800028781,8,5,12,1130,1,2,1,1,3,89419,M,4773900.0,329500.0,89
200800028782,8,5,24,1000,1,1,2,1,1,89033,M,4778800.0,339300.0,89
200800028783,8,5,3,1730,1,1,1,1,1,89485,M,0.0,0.0,89
200800028784,8,5,4,1900,1,1,9,1,3,89170,M,0.0,0.0,89
200800028785,8,5,31,1645,1,2,1,1,6,89485,M,0.0,0.0,89
200800028786,8,5,11,1200,1,2,1,1,3,89371,M,0.0,0.0,89
200800028787,8,5,3,245,5,2,1,1,6,89454,M,4794300.0,312800.0,89
200800028788,8,5,3,1600,1,1,1,1,6,89192,M,4780300.0,317500.0,89
200800028789,8,5,3,845,1,1,1,1,6,89317,M,4791700.0,312400.0,89
200800028790,8,5,9,1630,1,1,1,1,6,89167,M,0.0,0.0,89
200800028791,8,5,25,515,5,2,1,1,6,89317,M,4791700.0,313100.0,89
200800028792,8,5,28,15,3,1,1,3,6,89138,M,4793900.0,309600.0,89
200800028793,8,5,8,1345,1,1,1,1,1,89107,M,0.0,0.0,89
200800028794,8,5,11,1830,1,2,2,1,3,89122,M,0.0,0.0,89
200800028795,8,5,23,1630,1,1,1,1,1,89160,M,0.0,0.0,89
200800028796,8,5,25,1600,1,1,1,1,1,89239,M,0.0,0.0,89
200800028797,8,5,16,1400,1,2,1,1,2,89404,M,4816900.0,319800.0,89
200800028798,8,5,16,2145,3,1,1,3,7,89209,M,0.0,0.0,89
200800028799,8,5,17,2215,3,2,1,1,6,89054,M,4823700.0,312000.0,89
200800028800,8,5,21,1700,1,2,1,1,6,89370,M,4818900.0,310500.0,89
200800028801,8,5,11,1600,1,1,1,1,7,89418,M,0.0,0.0,89
200800028802,8,5,17,1315,1,2,2,1,1,89407,M,0.0,0.0,89
200800028803,8,5,28,145,5,2,1,1,6,89407,M,0.0,0.0,89
200800028804,8,5,11,1630,1,1,1,2,7,25537,M,0.0,0.0,25
200800028805,8,5,3,1545,1,2,1,1,7,25147,M,0.0,0.0,25
200800028806,8,5,20,1415,1,1,1,1,1,25475,M,4710800.0,589500.0,25
200800028807,8,5,8,1,3,1,1,1,6,25071,M,0.0,0.0,25
200800028808,8,5,11,1100,1,2,1,1,1,25148,M,4711000.0,668000.0,25
200800028809,8,5,20,1015,1,2,1,1,6,25356,M,4725100.0,679600.0,25
200800028810,8,5,21,1330,1,1,1,1,6,25571,M,4727300.0,687800.0,25
200800028811,8,5,26,1745,1,1,1,2,6,25529,M,0.0,0.0,25
200800028812,8,5,3,1615,1,1,1,1,3,25442,M,4686200.0,634100.0,25
200800028813,8,5,10,1445,1,2,3,1,3,25411,M,0.0,0.0,25
200800028814,8,5,10,1715,1,1,1,1,1,25347,M,0.0,0.0,25
200800028815,8,5,28,1730,1,2,1,1,1,25390,M,0.0,0.0,25
200800028816,8,5,14,1015,1,1,1,1,1,39489,M,4684600.0,562300.0,39
200800028817,8,5,4,1615,1,1,1,1,6,39035,M,4646100.0,533800.0,39
200800028818,8,5,8,1945,1,1,1,1,7,39202,M,4693300.0,595700.0,39
200800028819,8,5,4,1515,1,2,1,1,1,39172,M,4713400.0,580400.0,39
200800028820,8,5,3,1030,1,1,1,1,3,39126,M,4660800.0,596300.0,39
200800028821,8,5,10,1100,1,1,1,1,1,39441,M,4648000.0,603300.0,39
200800028822,8,5,31,1330,1,1,1,2,3,39470,M,4648800.0,604500.0,39
200800028823,8,5,15,800,1,2,1,1,7,70017,M,0.0,0.0,70
200800028824,8,5,25,1730,1,2,1,1,1,70202,M,0.0,0.0,70
200800028825,8,5,17,1830,1,1,1,2,6,70351,M,0.0,0.0,70
200800028826,8,5,25,1930,1,1,1,1,7,70498,M,0.0,0.0,70
200800028827,8,5,18,2300,5,2,1,1,6,70530,M,0.0,0.0,70
200800028828,8,5,20,1045,1,1,1,1,3,70317,M,0.0,0.0,70
200800028829,8,5,19,1330,1,1,1,1,1,70055,M,4777200.0,634500.0,70
200800028830,8,5,29,1200,1,1,1,1,1,70473,M,0.0,0.0,70
200800028831,8,5,14,1400,1,2,1,1,6,70168,M,0.0,0.0,70
200800028832,8,5,1,1445,1,2,1,1,1,70389,M,0.0,0.0,70
200800028833,8,5,22,745,1,1,2,1,3,70237,M,0.0,0.0,70
200800028834,8,5,27,2315,3,1,1,1,7,70481,M,4755800.0,573300.0,70
200800028835,8,5,15,1715,1,1,1,2,5,90093,M,4768600.0,684100.0,90
200800028836,8,5,21,1230,1,2,1,1,6,90037,M,0.0,0.0,90
200800028837,8,5,22,1900,1,1,1,1,1,90068,M,0.0,0.0,90
200800028838,8,5,29,2245,5,2,1,2,1,90052,M,0.0,0.0,90
200800028839,8,5,14,1830,1,1,1,1,2,26332,M,0.0,0.0,26
200800028840,8,5,26,430,3,1,1,8,7,38019,M,4543000.0,482700.0,38
200800028841,8,5,26,1915,1,1,1,2,2,38298,M,4540000.0,481000.0,38
200800028842,8,5,6,1645,1,1,1,1,6,26072,M,0.0,0.0,26
200800028843,8,5,16,745,1,1,1,1,3,26138,M,4439500.0,473100.0,26
200800028844,8,5,4,930,1,1,1,1,3,13041,M,4345500.0,545200.0,13
200800028845,8,5,4,1145,1,1,1,1,3,13019,M,0.0,0.0,13
200800028846,8,5,2,1630,1,2,1,1,7,13015,M,4345000.0,541800.0,13
200800028847,8,5,20,1615,1,2,1,1,1,13015,M,4345500.0,541200.0,13
200800028848,8,5,7,1515,1,1,1,1,1,13110,M,4345600.0,569600.0,13
200800028849,8,5,21,2200,5,2,3,1,1,13079,M,4353000.0,567700.0,13
200800028850,8,5,1,2030,3,1,1,1,1,13004,M,4371700.0,463600.0,13
200800028851,8,5,2,530,3,1,1,1,7,13004,M,4368400.0,460100.0,13
200800028852,8,5,13,1800,1,1,1,1,6,13097,M,0.0,0.0,13
200800028853,8,5,24,2030,2,2,1,1,1,13057,M,0.0,0.0,13
200800028854,8,5,18,1515,1,1,9,1,3,13085,M,0.0,0.0,13
200800028855,8,5,16,715,1,1,1,1,6,13007,M,0.0,0.0,13
200800028856,8,5,21,1930,1,2,1,1,3,13007,M,0.0,0.0,13
200800028857,8,5,24,345,5,2,1,8,1,13089,M,0.0,0.0,13
200800028858,8,5,15,1700,1,1,1,1,4,04001,M,0.0,0.0,04
200800028859,8,5,2,630,2,1,1,1,1,04041,M,4393300.0,596100.0,04
200800028860,8,5,25,115,5,2,1,8,6,04143,M,4391600.0,591700.0,04
200800028861,8,5,11,1615,1,1,1,8,1,04204,M,4388500.0,644000.0,04
200800028862,8,5,1,1115,1,1,1,1,3,04160,M,4386900.0,568000.0,04
200800028863,8,5,1,1530,1,1,1,1,1,04063,M,0.0,0.0,04
200800028864,8,5,9,330,3,1,1,1,6,04053,M,4410700.0,594800.0,04
200800028865,8,5,9,1830,1,1,1,1,7,04013,M,4413100.0,597500.0,04
200800028866,8,5,17,2345,3,1,1,1,7,04079,M,4406300.0,602100.0,04
200800028867,8,5,4,1745,1,1,1,1,6,05034,M,4427600.0,577800.0,05
200800028868,8,5,12,1545,1,1,1,1,7,05104,M,4471600.0,603300.0,05
200800028869,8,5,23,1315,1,1,1,1,3,05162,M,0.0,0.0,05
200800028870,8,5,19,1400,1,2,6,1,6,05166,M,4443300.0,571700.0,05
200800028871,8,5,18,1445,1,1,1,1,6,05179,M,0.0,0.0,05
200800028872,8,5,2,1300,1,1,1,1,6,06077,M,0.0,0.0,06
200800028873,8,5,9,1715,1,1,1,1,1,06091,M,0.0,0.0,06
200800028874,8,5,17,1430,1,2,1,8,6,06092,M,0.0,0.0,06
200800028875,8,5,20,830,1,1,1,1,1,06060,M,0.0,0.0,06
200800028876,8,5,18,1130,1,2,1,1,6,06074,M,4397800.0,731300.0,06
200800028877,8,5,9,1345,1,2,1,1,6,06011,M,,,06
200800028878,8,5,6,1130,1,1,1,1,4,06161,M,0.0,0.0,06
200800028879,8,5,8,1000,5,2,1,1,3,06161,M,0.0,0.0,06
200800028880,8,5,20,1215,1,2,1,1,3,06161,M,0.0,0.0,06
200800028881,8,5,7,2100,3,1,1,2,6,06058,M,0.0,0.0,06
200800028882,8,5,8,1215,1,1,1,1,1,06130,M,4372100.0,685000.0,06
200800028883,8,5,23,1845,1,2,1,1,5,06059,M,4373500.0,736500.0,06
200800028884,8,5,16,1630,1,1,1,3,6,06120,M,0.0,0.0,06
200800028885,8,5,2,1645,1,1,1,1,3,83004,M,0.0,0.0,83
200800028886,8,5,22,1645,1,1,1,1,1,83082,M,0.0,0.0,83
200800028887,8,5,27,900,1,1,1,8,1,83056,M,4353500.0,654900.0,83
200800028888,8,5,12,1030,1,1,1,1,1,83080,M,0.0,0.0,83
200800028889,8,5,13,1115,1,2,1,2,1,83029,M,0.0,0.0,83
200800028890,8,5,17,1330,1,2,1,2,7,83029,M,4362700.0,674600.0,83
200800028891,8,5,20,1700,1,1,9,1,3,83081,M,0.0,0.0,83
200800028892,8,5,25,1130,1,1,1,3,3,83058,M,0.0,0.0,83
200800028893,8,5,16,1215,1,1,1,2,1,83031,M,0.0,0.0,83
200800028894,8,5,1,1615,1,1,1,1,7,83025,M,0.0,0.0,83
200800028895,8,5,2,1645,1,1,1,1,3,83104,M,0.0,0.0,83
200800028896,8,5,5,730,1,1,1,1,6,83077,M,0.0,0.0,83
200800028897,8,5,8,1745,1,1,1,1,6,83140,M,4341100.0,592000.0,83
200800028898,8,5,18,1445,1,1,1,1,3,83087,M,0.0,0.0,83
200800028899,8,5,9,945,1,1,1,1,1,83107,M,0.0,0.0,83
200800028900,8,5,23,315,3,1,1,1,6,83107,M,0.0,0.0,83
200800028901,8,5,4,1145,1,2,6,1,1,83042,M,0.0,0.0,83
200800028902,8,5,6,1130,1,1,1,1,1,83068,M,0.0,0.0,83
200800028903,8,5,9,1715,1,2,1,1,3,83063,M,0.0,0.0,83
200800028904,8,5,22,945,1,1,1,1,1,83068,M,0.0,0.0,83
200800028905,8,5,4,1630,1,2,1,1,6,83086,M,4347400.0,656000.0,83
200800028906,8,5,25,315,3,1,1,2,1,83086,M,0.0,0.0,83
200800028907,8,5,4,1830,1,1,1,1,5,83115,M,0.0,0.0,83
200800028908,8,5,7,1815,1,1,1,1,3,83115,M,0.0,0.0,83
200800028909,8,5,13,1445,1,1,1,8,1,83094,M,0.0,0.0,83
200800028910,8,5,20,1200,1,2,1,1,3,83115,M,0.0,0.0,83
200800028911,8,5,21,2115,5,2,1,1,3,83115,M,0.0,0.0,83
200800028912,8,5,7,1415,1,1,1,1,1,83101,M,0.0,0.0,83
200800028913,8,5,14,2015,1,2,1,1,2,83119,M,0.0,0.0,83
200800028914,8,5,24,1400,1,1,1,1,6,83065,M,0.0,0.0,83
200800028915,8,5,29,2015,1,1,1,1,6,83101,M,0.0,0.0,83
200800028916,8,5,31,1430,1,1,1,1,2,83065,M,0.0,0.0,83
200800028917,8,5,8,1115,1,2,1,1,4,83016,M,0.0,0.0,83
200800028918,8,5,15,1430,1,1,1,1,6,83091,M,0.0,0.0,83
200800028919,8,5,17,1630,1,1,1,2,7,83100,M,0.0,0.0,83
200800028920,8,5,29,1830,1,1,1,2,5,83049,M,0.0,0.0,83
200800028921,8,5,16,1345,1,2,2,8,1,84132,M,0.0,0.0,84
200800028922,8,5,25,630,2,1,1,1,1,84034,M,0.0,0.0,84
200800028923,8,5,16,815,1,1,1,1,3,84099,M,0.0,0.0,84
200800028924,8,5,4,1900,1,1,1,1,1,84062,M,4388000.0,508000.0,84
200800028925,8,5,5,1700,1,1,1,1,3,84025,M,0.0,0.0,84
200800028926,8,5,12,1830,1,1,1,1,1,84054,M,0.0,0.0,84
200800028927,8,5,24,2245,3,1,1,8,6,84054,M,0.0,0.0,84
200800028928,8,5,29,1100,1,1,3,1,3,84025,M,0.0,0.0,84
200800028929,8,5,13,1645,1,2,1,1,3,84141,M,0.0,0.0,84
200800028930,8,5,10,845,1,2,1,1,5,84129,M,0.0,0.0,84
200800028931,8,5,19,1330,1,1,1,1,3,84129,M,0.0,0.0,84
200800028932,8,5,3,2215,5,2,1,1,6,84147,M,4371700.0,543600.0,84
200800028933,8,5,31,2330,3,1,1,1,1,84122,M,0.0,0.0,84
200800028934,8,5,10,330,3,1,1,1,6,84043,M,4401400.0,494400.0,84
200800028935,8,5,11,1330,1,1,1,1,1,84017,M,4412600.0,525000.0,84
200800028936,8,5,15,400,3,1,1,1,2,84091,M,4417100.0,476700.0,84
200800028937,8,5,24,1645,1,1,1,1,1,84027,M,4411700.0,476700.0,84
200800028938,8,5,27,1930,1,1,1,1,1,84087,M,0.0,0.0,84
200800028939,8,5,13,1100,1,2,1,1,1,84078,M,0.0,0.0,84
200800028940,8,5,20,1945,1,1,1,1,1,84078,M,4424200.0,474500.0,84
200800028941,8,5,1,1430,1,1,1,1,6,84028,M,0.0,0.0,84
200800028942,8,5,2,1530,1,1,1,1,7,84135,M,0.0,0.0,84
200800028943,8,5,14,1230,1,1,1,1,2,84098,M,0.0,0.0,84
200800028944,8,5,18,1600,1,1,2,1,3,84106,M,0.0,0.0,84
200800028945,8,5,18,200,3,1,1,9,7,84138,M,4439400.0,501900.0,84
200800028946,8,5,14,800,1,2,1,1,1,34058,M,4368400.0,398900.0,34
200800028947,8,5,30,845,1,2,1,1,1,34058,M,4367000.0,398000.0,34
200800028948,8,5,10,1415,1,2,1,1,6,34067,M,4392500.0,370400.0,34
200800028949,8,5,3,1330,1,1,9,1,1,34321,M,0.0,0.0,34
200800028950,8,5,12,1300,1,2,6,1,6,34145,M,0.0,0.0,34
200800028951,8,5,2,900,1,2,1,1,6,34127,M,4365500.0,407600.0,34
200800028952,8,5,10,1700,1,1,1,1,3,34154,M,4359300.0,395400.0,34
200800028953,8,5,27,1945,1,1,1,2,6,34154,M,4359100.0,394200.0,34
200800028954,8,5,22,300,3,1,1,1,7,34071,M,4380700.0,312300.0,34
200800028955,8,5,25,1545,1,1,1,3,6,34119,M,4359100.0,312400.0,34
200800028956,8,5,21,1400,1,1,1,1,6,34189,M,4328300.0,276000.0,34
200800028957,8,5,23,2100,1,1,1,1,7,34026,M,0.0,0.0,34
200800028958,8,5,16,800,1,2,6,2,1,34074,M,4345400.0,304700.0,34
200800028959,8,5,7,645,3,1,1,1,7,34182,M,0.0,0.0,34
200800028960,8,5,17,1545,1,1,1,1,3,34199,M,4347000.0,344000.0,34
200800028961,8,5,18,2215,3,1,1,1,7,34063,M,4349600.0,338700.0,34
200800028962,8,5,3,1730,1,1,3,1,3,34160,M,0.0,0.0,34
200800028963,8,5,4,200,3,1,1,1,6,34147,M,4347700.0,320900.0,34
200800028964,8,5,3,1830,1,1,1,1,2,34109,M,0.0,0.0,34
200800028965,8,5,14,2030,2,1,1,1,6,34300,M,4342900.0,331000.0,34
200800028966,8,5,1,1800,1,2,1,1,3,34047,M,4354200.0,349700.0,34
200800028967,8,5,8,1645,1,1,1,1,6,34313,M,4358000.0,348300.0,34
200800028968,8,5,5,1745,1,1,1,1,7,34175,M,4361500.0,331800.0,34
200800028969,8,5,13,1530,1,1,1,1,3,34047,M,4354900.0,348600.0,34
200800028970,8,5,20,1330,1,1,1,1,7,34041,M,4363000.0,347000.0,34
200800028971,8,5,27,1445,1,1,1,2,6,34079,M,0.0,0.0,34
200800028972,8,5,19,345,3,1,1,1,6,34010,M,0.0,0.0,34
200800028973,8,5,18,2230,5,2,6,1,6,34150,M,0.0,0.0,34
200800028974,8,5,28,1300,1,1,3,1,3,34207,M,0.0,0.0,34
200800028975,8,5,1,1200,1,1,1,1,6,11009,M,4326200.0,214300.0,11
200800028976,8,5,16,1815,1,1,1,1,1,11279,M,0.0,0.0,11
200800028977,8,5,10,1700,1,1,1,1,1,11251,M,4313200.0,253200.0,11
200800028978,8,5,13,1700,1,1,1,1,1,11280,M,4329800.0,269700.0,11
200800028979,8,5,25,1645,1,1,1,3,6,11190,M,4324300.0,265400.0,11
200800028980,8,5,18,200,3,1,1,1,6,11003,M,0.0,0.0,11
200800028981,8,5,3,100,3,1,1,1,1,11262,M,4321600.0,303100.0,11
200800028982,8,5,3,1715,1,2,1,1,2,11903,M,0.0,0.0,11
200800028983,8,5,4,1615,1,1,1,1,1,11910,M,0.0,0.0,11
200800028984,8,5,10,1830,2,1,1,2,1,11106,M,0.0,0.0,11
200800028985,8,5,10,315,3,1,1,2,6,11140,M,0.0,0.0,11
200800028986,8,5,11,1045,1,1,1,1,6,11203,M,4318800.0,276500.0,11
200800028987,8,5,19,1800,1,1,9,1,1,11132,M,0.0,0.0,11
200800028988,8,5,30,1530,1,2,1,3,7,11203,M,4320000.0,275000.0,11
200800028989,8,5,30,900,1,1,2,1,3,11203,M,4323000.0,279000.0,11
200800028990,8,5,13,1900,1,1,1,1,1,11188,M,4295900.0,298700.0,11
200800028991,8,5,3,1730,1,2,1,1,6,30133,M,0.0,0.0,30
200800028992,8,5,8,1630,1,2,1,1,1,30133,M,4354700.0,414800.0,30
200800028993,8,5,6,815,1,1,1,2,1,30138,M,0.0,0.0,30
200800028994,8,5,17,130,3,1,1,1,7,30082,M,0.0,0.0,30
200800028995,8,5,29,2000,1,1,1,2,1,30156,M,4386500.0,443000.0,30
200800028996,8,5,12,1345,1,2,1,1,1,30258,M,4368400.0,443200.0,30
200800028997,8,5,23,1415,1,2,9,1,1,30258,M,4368000.0,443200.0,30
200800028998,8,5,5,115,3,1,9,1,6,30083,M,0.0,0.0,30
200800028999,8,5,5,1645,1,1,1,1,1,30169,M,0.0,0.0,30
200800029000,8,5,11,500,3,1,1,1,1,30036,M,0.0,0.0,30
200800029001,8,5,14,1145,1,1,1,1,5,30169,M,0.0,0.0,30
200800029002,8,5,9,1530,1,2,1,2,3,30307,M,0.0,0.0,30
200800029003,8,5,26,1330,1,1,1,3,6,30307,M,0.0,0.0,30
200800029004,8,5,2,1630,1,1,1,1,3,30348,M,0.0,0.0,30
200800029005,8,5,29,1600,1,1,1,1,3,30227,M,4426100.0,419000.0,30
200800029006,8,5,31,1330,1,2,1,1,3,30227,M,0.0,0.0,30
200800029007,8,5,11,1930,2,1,1,1,1,30014,M,4399800.0,437300.0,30
200800029008,8,5,12,1630,1,1,1,1,7,30174,M,0.0,0.0,30
200800029009,8,5,25,1300,1,2,1,3,1,30334,M,4401800.0,442400.0,30
200800029010,8,5,24,1415,1,2,1,1,1,30202,M,0.0,0.0,30
200800029011,8,5,1,1230,1,1,1,1,1,30317,M,4393200.0,456200.0,30
200800029012,8,5,12,945,1,1,1,1,1,30012,M,4389300.0,467800.0,30
200800029013,8,5,12,1130,1,2,1,1,6,30179,M,4388100.0,459300.0,30
200800029014,8,5,25,1930,1,1,1,8,3,30340,M,0.0,0.0,30
200800029015,8,5,25,1900,1,2,1,1,6,30326,M,4401600.0,470500.0,30
200800029016,8,5,5,1700,1,1,1,1,7,30088,M,0.0,0.0,30
200800029017,8,5,10,1715,1,1,1,1,6,30228,M,0.0,0.0,30
200800029018,8,5,11,1715,1,1,1,1,7,30030,M,0.0,0.0,30
200800029019,8,5,29,1900,1,1,1,1,1,30224,M,0.0,0.0,30
200800029020,8,5,1,1830,1,1,1,1,6,30176,M,0.0,0.0,30
200800029021,8,5,3,1230,1,1,1,1,6,30229,M,0.0,0.0,30
200800029022,8,5,27,915,1,1,1,2,6,30350,M,4397400.0,354100.0,30
200800029023,8,5,25,1600,1,1,1,2,6,30198,M,0.0,0.0,30
200800029024,8,5,10,1715,1,1,1,1,6,30210,M,0.0,0.0,30
200800029025,8,5,25,1800,1,1,1,3,6,30192,M,4388200.0,406000.0,30
200800029026,8,5,11,930,1,1,1,1,6,48135,M,0.0,0.0,48
200800029027,8,5,2,1830,1,2,1,1,1,48051,M,4425200.0,391900.0,48
200800029028,8,5,8,1815,1,1,1,1,3,48097,M,4414200.0,382700.0,48
200800029029,8,5,24,1815,1,1,1,2,1,48173,M,4424500.0,390700.0,48
200800029030,8,5,12,1945,1,1,1,3,3,48176,M,4424100.0,328300.0,48
200800029031,8,5,16,1015,1,1,1,1,6,66227,M,4265500.0,292900.0,66
200800029032,8,5,29,1515,1,2,1,1,3,66065,M,4260600.0,297700.0,66
200800029033,8,5,10,700,1,1,1,1,5,66107,M,4279600.0,267300.0,66
200800029034,8,5,11,2230,3,1,1,1,6,66174,M,0.0,0.0,66
200800029035,8,5,3,1700,1,1,1,1,7,66180,M,0.0,0.0,66
200800029036,8,5,26,1145,1,2,1,1,6,66017,M,0.0,0.0,66
200800029037,8,5,23,900,1,1,1,1,3,66144,M,0.0,0.0,66
200800029038,8,5,25,700,1,1,1,2,6,66210,M,4264400.0,276500.0,66
200800029039,8,5,28,1630,1,1,1,1,6,66148,M,0.0,0.0,66
200800029040,8,5,3,1130,1,1,1,1,1,66209,M,0.0,0.0,66