Num_Acc,an,mois,jour,hrmn,lum,agg,int,atm,col,com,gps,lat,long,dep
200800029041,8,5,2,1915,1,1,1,1,1,66095,M,0.0,0.0,66
200800029042,8,5,21,1800,1,1,1,2,3,66130,M,0.0,0.0,66
200800029043,8,5,25,1245,1,1,1,3,1,66146,M,0.0,0.0,66
200800029044,8,5,17,1800,1,2,1,2,6,66004,M,0.0,0.0,66
200800029045,8,5,9,1445,1,1,1,1,1,20085,M,0.0,0.0,201
200800029046,8,5,24,1815,1,1,1,1,2,20001,M,0.0,0.0,201
200800029047,8,5,7,930,1,1,1,1,3,20041,M,0.0,0.0,201
200800029048,8,5,2,1600,1,1,1,1,7,20362,M,4173300.0,920400.0,201
200800029049,8,5,6,1845,1,1,1,1,5,20071,M,0.0,0.0,201
200800029050,8,5,8,1700,1,2,1,1,3,20148,M,0.0,0.0,202
200800029051,8,5,16,1400,1,1,1,1,6,20355,M,0.0,0.0,202
200800029052,8,5,28,45,3,1,1,1,6,20350,M,0.0,0.0,202
200800029053,8,5,1,915,1,1,1,1,6,20281,M,4282700.0,948700.0,202
200800029054,8,5,13,1630,3,1,1,1,6,20261,M,4295900.0,944400.0,202
200800029055,8,5,4,600,2,1,1,1,1,20050,M,4254800.0,879900.0,202
200800029056,8,5,12,2230,5,2,1,8,3,20134,M,4263600.0,893700.0,202
200800029057,8,5,28,15,3,2,1,1,2,20316,M,4263000.0,893700.0,202
200800029058,8,5,9,1045,1,1,1,1,3,20354,M,4211600.0,911500.0,202
200800029059,8,5,28,1630,1,1,9,1,3,20223,M,4252300.0,918300.0,202
200800029060,8,5,31,2115,2,1,1,1,1,20009,M,4208700.0,948600.0,202
200800029061,8,5,7,1945,1,1,1,1,1,20088,M,4229000.0,948200.0,202
200800029062,8,5,14,1630,1,1,1,1,1,20335,M,0.0,0.0,202
200800029063,8,5,9,1815,1,1,1,1,2,20319,M,4243500.0,952500.0,202
200800029064,8,5,13,1345,1,2,1,2,1,20207,M,4245100.0,950900.0,202
200800029065,8,5,21,1515,3,2,1,1,7,20346,M,4251000.0,945800.0,202
200800029066,8,5,23,1630,1,1,1,1,3,20077,M,4247000.0,948000.0,202
200800029067,8,5,13,930,1,1,1,1,6,78276,M,0.0,0.0,78
200800029068,8,5,24,1130,1,2,1,1,3,78089,M,0.0,0.0,78
200800029069,8,5,16,815,1,1,9,5,3,78234,M,4894000.0,163200.0,78
200800029070,8,5,26,1430,1,1,1,1,1,78325,M,0.0,0.0,78
200800029071,8,5,1,530,3,1,1,1,6,78557,M,0.0,0.0,78
200800029072,8,5,18,1615,1,1,9,1,6,78497,M,0.0,0.0,78
200800029073,8,5,4,1745,1,1,1,1,3,78562,M,0.0,0.0,78
200800029074,8,5,25,230,3,1,1,1,7,78321,M,4880300.0,190900.0,78
200800029075,8,5,7,1945,1,1,1,1,7,78265,M,0.0,0.0,78
200800029076,8,5,9,1545,1,1,1,1,3,78034,M,0.0,0.0,78
200800029077,8,5,11,1745,1,1,1,1,3,78278,M,0.0,0.0,78
200800029078,8,5,30,830,1,1,1,1,1,78036,M,0.0,0.0,78
200800029079,8,5,20,1900,1,2,6,1,3,91235,M,4863800.0,236000.0,91
200800029080,8,5,11,1615,1,2,1,1,6,91468,M,4857300.0,245800.0,91
200800029081,8,5,14,1830,1,1,3,3,3,91547,M,4841800.0,195100.0,91
200800029082,8,5,8,600,2,1,1,1,3,91226,M,4848700.0,219300.0,91
200800029083,8,5,4,1500,1,1,1,1,1,91654,M,4848100.0,242500.0,91
200800029084,8,5,16,1900,1,2,1,1,6,91293,M,0.0,0.0,91
200800029085,8,5,24,1130,1,1,3,1,3,91654,M,0.0,0.0,91
200800029086,8,5,31,845,1,1,1,1,5,91099,M,4843200.0,240500.0,91
200800029087,8,5,13,915,1,1,1,1,7,91533,M,0.0,0.0,91
200800029088,8,5,26,1645,1,2,1,2,6,91081,M,4850000.0,208900.0,91
200800029089,8,5,2,1915,1,1,1,1,3,91338,M,0.0,0.0,91
200800029090,8,5,2,2330,5,2,1,1,6,91249,M,4863100.0,209800.0,91
200800029091,8,5,22,1615,1,2,1,1,3,91044,M,4866400.0,227600.0,91
200800029092,8,5,16,1230,1,2,1,1,1,91044,M,4867000.0,227900.0,91
200800029093,8,5,20,1445,1,1,1,1,1,91534,M,4872000.0,217200.0,91
200800029094,8,5,5,1000,1,1,1,1,3,91538,M,0.0,0.0,91
200800029095,8,5,17,1145,1,1,2,1,3,95008,M,0.0,0.0,95
200800029096,8,5,14,1930,2,1,1,3,6,95054,M,4916100.0,188300.0,95
200800029097,8,5,8,1015,1,1,1,1,2,95039,M,4909300.0,214600.0,95
200800029098,8,5,16,1500,1,1,2,1,3,95483,M,0.0,0.0,95
200800029099,8,5,21,1800,1,2,1,1,3,95199,M,4904100.0,231300.0,95
200800029100,8,5,14,1115,1,1,1,1,6,95094,M,0.0,0.0,95
200800029101,8,5,15,800,1,1,1,1,3,95205,M,,,95
200800029102,8,5,7,830,1,1,1,1,2,95351,M,4904600.0,251100.0,95
200800029103,8,5,23,2345,3,1,1,1,1,77453,M,4855300.0,275300.0,77
200800029104,8,5,22,15,3,1,1,1,7,77211,M,4857900.0,296400.0,77
200800029105,8,5,24,1345,1,1,1,1,1,77128,M,4887100.0,287700.0,77
200800029106,8,5,10,1800,1,2,1,1,3,77265,M,4897600.0,318800.0,77
200800029107,8,5,25,1630,1,2,1,1,3,77176,M,,,77
200800029108,8,5,16,1300,1,1,1,1,3,77365,M,4871900.0,304500.0,77
200800029109,8,5,14,1115,1,1,2,1,3,77099,M,4815300.0,269000.0,77
200800029110,8,5,24,1915,1,1,1,1,1,77232,M,4891900.0,281500.0,77
200800029111,8,5,8,1645,1,1,1,1,7,77150,M,4901200.0,276600.0,77
200800029112,8,5,30,1745,1,1,1,1,3,77515,M,4898500.0,279600.0,77
200800029113,8,5,6,2115,1,1,1,1,1,77239,M,0.0,0.0,77
200800029114,8,5,13,1830,1,1,2,1,3,77109,M,4865600.0,321900.0,77
200800029115,8,5,22,115,3,1,1,1,7,77311,M,4846000.0,308300.0,77
200800029116,8,5,11,1700,1,1,1,1,6,45074,M,4803000.0,159600.0,45
200800029117,8,5,22,1900,1,1,1,1,7,45313,M,4805200.0,183600.0,45
200800029118,8,5,8,1115,1,1,1,1,3,45082,M,4786600.0,225400.0,45
200800029119,8,5,4,1830,1,1,1,1,1,45146,M,0.0,0.0,45
200800029120,8,5,7,1630,1,1,1,1,3,45130,M,0.0,0.0,45
200800029121,8,5,4,1800,1,2,1,1,1,45272,M,0.0,0.0,45
200800029122,8,5,7,1830,1,1,1,1,1,45269,M,4787700.0,176000.0,45
200800029123,8,5,11,400,3,1,9,1,7,45261,M,4798700.0,204600.0,45
200800029124,8,5,22,1000,1,1,1,1,2,45327,M,4794600.0,205500.0,45
200800029125,8,5,31,1645,1,1,1,1,1,45188,M,4798400.0,205900.0,45
200800029126,8,5,31,15,5,2,6,2,7,45155,M,4769500.0,263000.0,45
200800029127,8,5,3,2115,2,2,1,1,1,45087,M,0.0,0.0,45
200800029128,8,5,15,2100,2,2,1,2,6,45087,M,0.0,0.0,45
200800029129,8,5,15,2015,1,1,1,1,6,45268,M,0.0,0.0,45
200800029130,8,5,6,1615,1,1,1,1,6,45165,M,4793000.0,286400.0,45
200800029131,8,5,3,1915,1,1,1,1,1,45066,M,0.0,0.0,45
200800029132,8,5,2,1700,1,1,1,1,3,45190,M,4822000.0,229900.0,45
200800029133,8,5,21,1845,1,2,3,1,1,45258,M,4821100.0,247300.0,45
200800029134,8,5,11,1930,1,2,2,1,3,18012,M,4713000.0,300000.0,18
200800029135,8,5,10,2215,3,2,1,1,6,18127,M,4675600.0,217100.0,18
200800029136,8,5,30,1800,1,1,1,2,1,18289,M,4694700.0,258200.0,18
200800029137,8,5,13,945,1,1,1,1,1,18196,M,4677400.0,281300.0,18
200800029138,8,5,25,200,3,1,1,2,1,18080,M,4692400.0,286100.0,18
200800029139,8,5,1,1500,1,1,1,2,3,18015,M,0.0,0.0,18
200800029140,8,5,4,845,1,1,1,1,6,18067,M,0.0,0.0,18
200800029141,8,5,7,545,2,1,1,1,6,18219,M,4724100.0,220900.0,18
200800029142,8,5,19,1145,1,1,1,1,1,18159,M,0.0,0.0,18
200800029143,8,5,28,1630,1,2,1,1,3,18141,M,4715100.0,221900.0,18
200800029144,8,5,2,1630,1,1,2,1,3,28309,M,4836500.0,161700.0,28
200800029145,8,5,27,1030,1,1,1,2,3,28141,M,4835600.0,140500.0,28
200800029146,8,5,13,745,1,1,2,1,3,28168,M,0.0,0.0,28
200800029147,8,5,13,930,1,2,1,1,6,28015,M,4846100.0,177400.0,28
200800029148,8,5,15,1730,1,1,2,1,3,28169,M,0.0,0.0,28
200800029149,8,5,28,1100,1,2,7,1,6,28088,M,4807600.0,134000.0,28
200800029150,8,5,5,1745,1,1,1,1,6,28176,M,0.0,0.0,28
200800029151,8,5,31,1700,1,1,2,1,3,28171,M,4871700.0,131200.0,28
200800029152,8,5,26,715,1,2,1,1,3,28293,M,4887600.0,148000.0,28
200800029153,8,5,30,2045,1,1,1,1,3,28001,M,4877500.0,142900.0,28
200800029154,8,5,4,645,1,1,1,1,7,28089,M,0.0,0.0,28
200800029155,8,5,24,545,2,1,1,1,6,28386,M,0.0,0.0,28
200800029156,8,5,13,1630,1,1,1,1,6,28280,M,4831200.0,91000.0,28
200800029157,8,5,21,2100,1,1,1,1,3,28273,M,4821100.0,101100.0,28
200800029158,8,5,24,1045,1,2,1,1,6,28280,M,4831000.0,81000.0,28
200800029159,8,5,26,845,1,1,1,1,6,28378,M,4828000.0,84000.0,28
200800029160,8,5,3,1800,1,1,1,2,7,28086,M,0.0,0.0,28
200800029161,8,5,11,1915,1,1,2,1,1,28156,M,0.0,0.0,28
200800029162,8,5,15,815,1,2,1,1,3,36071,M,0.0,0.0,36
200800029163,8,5,4,1315,5,2,1,1,6,36241,M,4685000.0,153000.0,36
200800029164,8,5,13,1000,1,1,1,1,7,36232,M,0.0,0.0,36
200800029165,8,5,7,1145,1,2,1,1,1,37043,M,4747500.0,106200.0,37
200800029166,8,5,22,1715,1,1,1,1,1,37131,M,4745100.0,105000.0,37
200800029167,8,5,30,1215,1,2,1,1,6,37109,M,4739700.0,57900.0,37
200800029168,8,5,31,2015,5,1,1,8,6,37117,M,0.0,0.0,37
200800029169,8,5,13,745,1,1,1,1,1,37054,M,0.0,0.0,37
200800029170,8,5,3,1545,1,1,1,1,3,37228,M,0.0,0.0,37
200800029171,8,5,27,945,1,1,1,8,3,37024,M,0.0,0.0,37
200800029172,8,5,30,1800,1,2,1,1,6,37031,M,0.0,0.0,37
200800029173,8,5,5,1100,1,2,1,1,3,37226,M,0.0,0.0,37
200800029174,8,5,11,1545,1,1,1,1,1,37012,M,0.0,0.0,37
200800029175,8,5,4,500,3,1,1,1,6,37132,M,4713700.0,95400.0,37
200800029176,8,5,15,1645,1,1,1,1,7,37026,M,4699000.0,91400.0,37
200800029177,8,5,25,1045,1,1,1,1,3,37134,M,4718800.0,77400.0,37
200800029178,8,5,1,1515,1,2,1,1,1,41137,M,0.0,0.0,41
200800029179,8,5,21,2200,3,1,1,1,7,41203,M,0.0,0.0,41
200800029180,8,5,30,845,1,1,1,2,6,41136,M,0.0,0.0,41
200800029181,8,5,13,1815,1,1,1,1,1,41043,M,4728300.0,146800.0,41
200800029182,8,5,10,315,3,1,1,1,5,41232,M,4740200.0,205500.0,41
200800029183,8,5,22,700,1,2,1,1,2,41280,M,0.0,0.0,41
200800029184,8,5,11,1715,1,1,1,1,7,41073,M,4792100.0,100400.0,41
200800029185,8,5,14,1615,1,2,1,1,6,33333,M,4487900.0,-109200.0,33
200800029186,8,5,28,800,1,1,1,2,1,29233,M,4786500.0,-357500.0,29
200800029187,8,5,24,945,1,1,1,3,1,29150,M,0.0,0.0,29
200800029188,8,5,4,230,3,1,1,1,3,13033,M,0.0,0.0,13
200800029189,8,5,14,1700,1,1,3,1,3,87192,M,4576700.0,124100.0,87
200800029190,8,5,3,45,3,1,1,1,6,67469,M,0.0,0.0,67
200800029191,8,5,4,930,1,1,1,1,3,67283,M,0.0,0.0,67
200800029192,8,5,8,1900,1,1,1,1,3,67283,M,0.0,0.0,67
200800029193,8,5,27,1745,1,2,1,1,3,67367,M,0.0,0.0,67
200800029194,8,5,10,1645,1,1,6,1,3,33234,M,4480000.0,-51000.0,33
200800029195,8,5,29,2230,3,1,1,1,7,33099,M,4481200.0,-49300.0,33
200800029196,8,5,30,1845,1,1,1,1,3,47172,M,4414400.0,48500.0,47
200800029197,8,5,27,1130,1,1,1,2,1,11144,M,4287500.0,299000.0,11
200800029198,8,5,27,2045,1,1,1,1,7,57565,M,0.0,0.0,57
200800029199,8,5,13,1630,1,2,1,1,7,34123,M,4362300.0,380000.0,34
200800029200,8,5,3,115,3,1,1,1,1,11146,M,4319000.0,248000.0,11
200800029201,8,5,13,1230,1,1,1,1,6,28092,M,0.0,0.0,28
200800029202,8,5,15,1630,1,1,1,1,3,78009,M,0.0,0.0,78
200800029203,8,5,26,100,3,1,9,3,6,91363,M,0.0,0.0,91
200800029204,8,5,13,815,1,2,1,1,3,51662,M,4929500.0,412200.0,51
200800029205,8,5,20,930,1,1,1,1,6,29137,M,0.0,0.0,29
200800029206,8,5,26,1115,1,1,1,8,6,29045,M,4839800.0,-424100.0,29
200800029207,8,5,11,1030,1,1,1,1,7,77071,M,4820000.0,279000.0,77
200800029208,8,5,18,2145,1,1,1,1,4,77185,M,0.0,0.0,77
200800029209,8,5,15,1345,1,1,1,2,6,80033,M,0.0,0.0,80
200800029210,8,5,30,200,3,1,1,8,2,80101,M,0.0,0.0,80
200800029211,8,5,1,1515,1,1,1,1,6,71118,M,0.0,0.0,71
200800029212,8,5,9,1430,1,1,1,1,2,71520,M,0.0,0.0,71
200800029213,8,5,11,1330,1,1,1,1,6,71520,M,0.0,0.0,71
200800029214,8,5,20,230,3,1,1,1,2,71512,M,0.0,0.0,71
200800029215,8,5,21,1500,1,1,1,1,2,71265,M,0.0,0.0,71
200800029216,8,5,7,645,1,1,1,1,2,71583,M,4625500.0,478800.0,71
200800029217,8,5,7,1515,1,1,1,1,6,71270,M,4630400.0,482900.0,71
200800029218,8,5,15,800,1,1,1,2,3,71195,M,4652000.0,491200.0,71
200800029219,8,5,16,1415,1,1,1,1,4,71270,M,0.0,0.0,71
200800029220,8,5,24,1115,1,1,1,1,6,89013,M,0.0,0.0,89
200800029221,8,5,29,915,1,1,1,1,3,13114,M,0.0,0.0,13
200800029222,8,5,9,2030,1,1,1,1,3,84087,M,0.0,0.0,84
200800029223,8,5,23,400,3,1,1,1,6,30221,M,0.0,0.0,30
200800029224,8,5,6,1545,1,1,1,1,6,83057,M,0.0,0.0,83
200800029225,8,5,14,1500,1,1,1,1,7,83073,M,4340500.0,631000.0,83
200800029226,8,5,22,730,1,1,1,1,5,83062,M,4314500.0,600600.0,83
200800029227,8,5,21,1400,1,1,9,1,3,76484,M,4934300.0,107300.0,76
200800029228,8,5,27,1030,1,1,1,1,6,27497,M,4937300.0,74100.0,27
200800029229,8,5,28,15,3,1,1,2,6,27581,M,4940500.0,58600.0,27
200800029230,8,5,2,1345,1,1,1,1,7,27005,M,0.0,0.0,27
200800029231,8,5,4,1415,1,1,1,1,7,27005,M,0.0,0.0,27
200800029232,8,5,11,700,1,1,1,1,6,60024,M,0.0,0.0,60
200800029233,8,5,15,1900,1,1,1,1,6,59216,M,0.0,0.0,59
200800029234,8,5,18,1215,1,1,1,1,6,59625,M,0.0,0.0,59
200800029235,8,5,24,1330,1,1,1,1,6,59597,M,5020800.0,322200.0,59
200800029236,8,5,5,1745,1,2,1,1,1,68118,M,0.0,0.0,68
200800029237,8,5,19,1800,1,2,1,1,3,68278,M,0.0,0.0,68
200800029238,8,5,9,2130,2,2,1,1,6,53243,M,4814200.0,-90300.0,53
200800029239,8,5,30,930,1,1,1,1,3,53048,M,4823900.0,-86500.0,53
200800029240,8,5,17,2030,1,1,2,1,1,76517,M,4952600.0,119900.0,76
200800029241,8,5,29,2015,3,1,1,3,6,83140,M,0.0,0.0,83
200800029242,8,5,8,530,2,1,1,1,1,41091,M,4762000.0,129000.0,41
200800029243,8,5,21,445,3,1,1,1,7,41288,M,0.0,0.0,41
200800029244,8,5,23,230,3,1,1,1,6,41252,M,0.0,0.0,41
200800029245,8,5,3,1400,1,1,1,1,6,34256,M,0.0,0.0,34
200800029246,8,5,13,530,3,1,1,1,2,34154,M,0.0,0.0,34
200800029247,8,5,24,1230,1,1,1,1,7,30034,M,0.0,0.0,30
200800029248,8,5,26,300,3,1,1,2,2,34327,M,0.0,0.0,34
200800029249,8,5,29,730,1,1,1,2,3,30034,M,0.0,0.0,30
200800029250,8,5,24,930,1,1,1,1,6,11188,M,4295400.0,297100.0,11
200800029251,8,5,12,1430,1,1,1,1,7,45313,M,0.0,0.0,45
200800029252,8,5,24,30,3,1,1,1,6,45298,M,0.0,0.0,45
200800029253,8,5,6,1600,1,1,1,1,2,73008,M,0.0,0.0,73
200800029254,8,5,5,1815,1,1,1,1,5,38382,M,4524800.0,565900.0,38
200800029255,8,5,11,1715,1,1,1,1,3,13068,M,0.0,0.0,13
200800029256,8,5,21,1430,1,2,1,1,3,13065,M,0.0,0.0,13
200800029257,8,5,13,100,3,1,1,1,3,28161,M,4824100.0,106300.0,28
200800029258,8,5,13,1000,1,1,9,1,1,28173,M,0.0,0.0,28
200800029259,8,5,22,1500,1,1,1,1,6,28398,M,0.0,0.0,28
200800029260,8,5,8,215,3,1,1,1,1,29040,M,4836200.0,-477800.0,29
200800029261,8,5,29,1600,1,1,1,1,3,34101,M,0.0,0.0,34
200800029262,8,5,1,1630,1,1,1,3,6,91085,M,4854600.0,221100.0,91
200800029263,8,5,20,2100,1,1,1,1,6,91105,M,0.0,0.0,91
200800029264,8,5,13,1345,1,1,1,1,7,38177,M,4507600.0,604000.0,38
200800029265,8,5,5,930,1,1,1,1,6,51588,M,0.0,0.0,51
200800029266,8,5,7,1915,1,1,1,1,2,57289,M,0.0,0.0,57
200800029267,8,5,8,115,3,1,1,1,7,02809,M,0.0,0.0,02
200800029268,8,5,17,1435,1,1,1,1,6,02280,M,0.0,0.0,02
200800029269,8,5,19,1030,1,1,1,1,7,02655,M,0.0,0.0,02
200800029270,8,5,1,2045,2,1,1,1,6,06088,M,0.0,0.0,06
200800029271,8,5,31,1530,1,1,1,1,1,06088,M,0.0,0.0,06
200800029272,8,5,23,2315,3,1,1,1,5,68267,M,4774700.0,725000.0,68
200800029273,8,5,25,830,1,1,1,1,6,67067,M,0.0,0.0,67
200800029274,8,5,21,1300,1,1,1,1,6,62286,M,5057600.0,238000.0,62
200800029275,8,5,25,1800,1,1,1,1,2,38511,M,4535600.0,596500.0,38
200800029276,8,5,7,915,1,1,1,1,3,86174,M,0.0,0.0,86
200800029277,8,5,10,2000,1,1,1,1,7,86062,M,0.0,0.0,86
200800029278,8,5,20,545,1,1,1,1,6,86115,M,0.0,0.0,86
200800029279,8,5,7,1345,1,1,1,1,3,13013,M,4343900.0,557600.0,13
200800029280,8,5,1,600,1,1,1,1,7,06085,M,0.0,0.0,06
200800029281,8,5,31,1400,1,1,1,1,7,06030,M,0.0,0.0,06
200800029282,8,5,4,1600,1,1,1,1,7,77049,M,0.0,0.0,77
200800029283,8,5,16,800,1,1,1,1,1,66172,M,0.0,0.0,66
200800029284,8,5,16,1445,1,1,1,1,3,59037,M,0.0,0.0,59
200800029285,8,5,20,1745,1,1,1,1,2,59502,M,5021200.0,333900.0,59
200800029286,8,5,1,1115,1,1,1,1,6,28018,M,0.0,0.0,28
200800029287,8,5,16,1945,1,1,1,1,2,72386,M,0.0,0.0,72
200800029288,8,5,11,1730,1,1,1,1,6,25448,M,0.0,0.0,25
200800029289,8,5,2,1945,1,2,9,1,2,91553,M,4862300.0,249700.0,91
200800029290,8,5,10,1830,1,1,1,1,7,09185,M,0.0,0.0,09
200800029291,8,5,15,145,5,1,1,8,7,31254,M,0.0,0.0,31
200800029292,8,5,20,1000,1,1,1,1,4,33199,M,4462100.0,-108800.0,33
200800029293,8,5,4,1915,1,1,1,1,7,72149,M,0.0,0.0,72
200800029294,8,5,6,1415,1,1,6,1,3,39030,M,0.0,0.0,39
200800029295,8,5,30,2015,1,2,1,1,1,38397,M,0.0,0.0,38
200800029296,8,5,18,1015,1,2,1,1,3,06085,M,0.0,0.0,06
200800029297,8,5,7,100,5,2,1,1,7,78431,M,4894400.0,196100.0,78
200800029298,8,5,25,400,5,2,1,1,2,33090,M,0.0,0.0,33
200800029299,8,5,28,1315,1,1,1,1,6,67445,M,0.0,0.0,67
200800029300,8,5,8,1045,1,1,1,1,6,79231,M,0.0,0.0,79
200800029301,8,5,11,630,1,1,1,1,7,86116,M,0.0,0.0,86
200800029302,8,5,22,1045,1,1,1,1,2,79189,M,0.0,0.0,79
200800029303,8,5,20,1730,1,1,1,1,2,33351,M,0.0,0.0,33
200800029304,8,5,31,730,1,1,1,1,2,33351,M,0.0,0.0,33
200800029305,8,5,22,1515,1,1,1,1,3,74112,M,0.0,0.0,74
200800029306,8,5,31,1345,1,1,1,1,3,74268,M,0.0,0.0,74
200800029307,8,5,7,2345,3,1,1,1,1,52519,M,0.0,0.0,52
200800029308,8,5,9,1530,1,1,1,1,6,52111,M,4795300.0,536000.0,52
200800029309,8,5,7,1730,1,1,1,1,1,62623,M,0.0,0.0,62
200800029310,8,5,17,330,3,1,1,2,7,62748,M,0.0,0.0,62
200800029311,8,5,28,1700,1,1,1,1,3,62645,M,0.0,0.0,62
200800029312,8,5,17,1530,1,1,1,2,7,06152,M,0.0,0.0,06
200800029313,8,5,25,1000,2,2,1,1,6,69292,M,0.0,0.0,69
200800029314,8,5,26,800,1,2,1,1,1,69063,M,0.0,0.0,69
200800029315,8,5,8,515,5,2,1,1,3,69244,M,0.0,0.0,69
200800029316,8,5,1,1130,1,1,9,1,3,74137,M,0.0,0.0,74
200800029317,8,5,23,1115,1,1,1,1,6,74282,M,4600100.0,623300.0,74
200800029318,8,5,27,2100,2,2,1,8,3,74011,M,0.0,0.0,74
200800029319,8,5,30,1730,1,1,2,1,3,34116,M,0.0,0.0,34
200800029320,8,5,2,1415,1,1,1,1,2,01422,M,0.0,0.0,01
200800029321,8,5,9,1830,1,1,1,1,3,01069,M,4613200.0,528500.0,01
200800029322,8,5,26,330,3,1,1,1,2,01273,M,4608300.0,536500.0,01
200800029323,8,5,25,945,1,1,1,1,7,02691,M,0.0,0.0,02
200800029324,8,5,6,2045,2,2,9,1,1,95353,M,4908100.0,231200.0,95
200800029325,8,5,15,630,2,1,1,8,1,95430,M,4906900.0,233000.0,95
200800029326,8,5,29,1000,1,2,1,1,6,95430,M,4907500.0,232300.0,95
200800029327,8,5,4,1145,1,2,1,1,6,09032,M,0.0,0.0,09
200800029328,8,5,11,900,1,1,1,1,1,09318,M,0.0,0.0,09
200800029329,8,5,4,2115,1,1,1,1,3,76584,M,0.0,0.0,76
200800029330,8,5,14,1815,1,1,1,3,1,35275,M,0.0,0.0,35
200800029331,8,5,20,1400,1,2,1,1,1,56240,M,4753200.0,-277000.0,56
200800029332,8,5,28,1745,1,2,1,1,1,56251,M,4763700.0,-267100.0,56
200800029333,8,5,30,2330,1,1,1,3,7,13113,M,0.0,0.0,13
200800029334,8,5,7,1830,1,1,1,1,7,41296,M,4765600.0,193800.0,41
200800029335,8,5,31,1515,1,1,9,1,2,18279,M,4721900.0,211400.0,18
200800029336,8,5,8,1745,1,1,1,1,6,34333,M,0.0,0.0,34
200800029337,8,5,30,1945,1,1,1,1,1,34333,M,0.0,0.0,34
200800029338,8,5,8,1045,1,1,1,1,7,14385,M,4932200.0,-66200.0,14
200800029339,8,5,23,945,1,2,1,1,1,13051,M,0.0,0.0,13
200800029340,8,5,9,2215,3,1,1,1,1,63135,M,0.0,0.0,63
200800029341,8,5,21,1645,1,2,1,1,6,06084,M,0.0,0.0,06
200800029342,8,5,25,1745,1,2,1,1,6,06007,M,0.0,0.0,06
200800029343,8,5,9,1630,1,1,1,1,6,49076,M,0.0,0.0,49
200800029344,8,5,30,1915,1,1,1,1,6,40156,M,0.0,0.0,40
200800029345,8,5,15,915,1,2,6,1,7,67309,M,0.0,0.0,67
200800029346,8,5,9,2100,2,2,1,1,6,06105,M,4368000.0,703000.0,06
200800029347,8,5,23,1715,1,1,1,1,6,38193,M,4561600.0,522600.0,38
200800029348,8,5,18,1615,1,1,1,1,2,21111,M,4742800.0,517300.0,21
200800029349,8,5,11,1400,1,1,1,1,7,04112,M,4382600.0,583000.0,04
200800029350,8,5,16,1830,1,1,1,1,7,73237,M,4551600.0,631200.0,73
200800029351,8,5,26,1500,1,1,1,1,6,73007,M,0.0,0.0,73
200800029352,8,5,13,1200,1,2,1,1,6,35352,M,0.0,0.0,35
200800029353,8,5,17,1915,1,1,1,2,3,35266,M,0.0,0.0,35
200800029354,8,5,28,1745,1,1,1,3,3,64108,M,0.0,0.0,64
200800029355,8,5,1,1700,1,1,1,3,7,89171,M,0.0,0.0,89
200800029356,8,5,29,2245,3,1,1,1,2,89124,M,0.0,0.0,89
200800029357,8,5,10,845,1,1,1,1,6,31286,M,4325200.0,109600.0,31
200800029358,8,5,18,1400,1,1,9,2,2,76188,M,0.0,0.0,76
200800029359,8,5,24,500,2,1,1,1,6,76675,M,4958500.0,104900.0,76
200800029360,8,5,1,145,3,1,1,1,6,31585,M,0.0,0.0,31
200800029361,8,5,1,1415,1,1,1,4,1,49049,M,0.0,0.0,49
200800029362,8,5,4,1545,1,1,1,1,2,49378,M,0.0,0.0,49
200800029363,8,5,25,1430,1,1,1,1,6,49030,M,0.0,0.0,49
200800029364,8,5,16,1600,1,1,1,1,6,62758,M,0.0,0.0,62
200800029365,8,5,31,2030,1,1,1,8,6,52448,M,0.0,0.0,52
200800029366,8,5,6,1045,1,1,1,1,3,78356,M,0.0,0.0,78
200800029367,8,5,30,1345,1,1,1,1,7,49281,M,0.0,0.0,49
200800029368,8,5,5,800,1,1,1,1,6,19176,M,4537300.0,199700.0,19
200800029369,8,5,1,1415,1,2,1,1,2,67176,M,0.0,0.0,67
200800029370,8,5,31,2030,1,2,9,1,6,67176,M,4891500.0,765800.0,67
200800029371,8,5,11,2230,3,1,1,1,6,30034,M,0.0,0.0,30
200800029372,8,5,31,2345,3,1,1,1,6,30047,M,4380600.0,441200.0,30
200800029373,8,5,5,830,1,1,9,1,3,34192,M,4353700.0,391800.0,34
200800029374,8,5,1,2215,5,2,1,1,6,76252,M,5003300.0,138900.0,76
200800029375,8,5,3,2200,5,2,1,1,6,76255,M,0.0,0.0,76
200800029376,8,5,11,1600,1,2,1,1,6,76711,M,5006500.0,137100.0,76
200800029377,8,5,6,1830,1,1,1,1,2,76146,M,4959700.0,135200.0,76
200800029378,8,5,22,800,1,1,1,1,3,76673,M,4946600.0,126600.0,76
200800029379,8,5,9,1415,1,1,1,1,3,71269,M,0.0,0.0,71
200800029380,8,5,21,930,1,1,1,1,5,31032,M,4368100.0,130900.0,31
200800029381,8,5,21,2100,3,2,1,1,6,31032,M,4370600.0,131800.0,31
200800029382,8,5,8,2100,2,1,1,2,6,56101,M,0.0,0.0,56
200800029383,8,5,10,1930,1,1,1,1,7,56101,M,0.0,0.0,56
200800029384,8,5,3,1100,1,2,1,1,3,35024,M,4818500.0,-163700.0,35
200800029385,8,5,5,2200,3,1,1,1,3,35173,M,0.0,0.0,35
200800029386,8,5,20,1715,1,2,1,1,6,44009,M,0.0,0.0,44
200800029387,8,5,16,1445,1,2,6,1,3,62297,M,5082500.0,219600.0,62
200800029388,8,5,27,1330,1,2,1,2,6,34217,M,0.0,0.0,34
200800029389,8,5,27,2030,1,1,1,1,6,50071,M,0.0,0.0,50
200800029390,8,5,5,300,3,1,1,1,2,37166,M,0.0,0.0,37
200800029391,8,5,12,2200,4,1,1,1,6,34095,M,0.0,0.0,34