Num_Acc,an,mois,jour,hrmn,lum,agg,int,atm,col,com,gps,lat,long,dep
200800029392,8,5,2,1230,1,1,1,1,3,66021,M,0.0,0.0,66
200800029393,8,5,28,1800,1,2,1,1,1,30127,M,4408300.0,457700.0,30
200800029394,8,5,7,1730,1,1,1,1,2,50599,M,0.0,0.0,50
200800029395,8,5,15,1530,1,1,1,1,5,50087,M,0.0,0.0,50
200800029396,8,5,26,545,3,1,1,3,6,50175,M,4948600.0,-138700.0,50
200800029397,8,5,13,730,1,1,1,1,3,83091,M,0.0,0.0,83
200800029398,8,5,13,1715,1,1,1,1,6,12115,M,0.0,0.0,12
200800029399,8,5,27,1900,1,1,1,3,7,87014,M,0.0,0.0,87
200800029400,8,5,23,1615,1,1,1,1,3,19121,M,0.0,0.0,19
200800029401,8,5,24,1930,1,1,1,3,6,19072,M,0.0,0.0,19
200800029402,8,5,1,200,3,1,1,1,2,34184,M,0.0,0.0,34
200800029403,8,5,15,1230,1,1,1,1,1,34196,M,0.0,0.0,34
200800029404,8,5,5,1500,1,1,1,1,3,48049,M,0.0,0.0,48
200800029405,8,5,10,1145,1,1,1,1,3,48017,M,0.0,0.0,48
200800029406,8,5,19,715,1,1,1,1,7,35231,M,0.0,0.0,35
200800029407,8,5,15,400,3,1,1,1,6,08330,M,4954200.0,444700.0,08
200800029408,8,5,1,2100,1,1,1,8,6,44217,M,0.0,0.0,44
200800029409,8,5,25,545,2,1,1,9,6,44103,M,0.0,0.0,44
200800029410,8,5,13,2145,3,1,1,1,6,72058,M,4798200.0,27600.0,72
200800029411,8,5,24,1100,1,2,1,2,7,72058,M,4798400.0,27100.0,72
200800029412,8,5,15,1745,1,1,1,1,6,83070,M,0.0,0.0,83
200800029413,8,5,27,1500,1,1,1,1,6,83070,M,0.0,0.0,83
200800029414,8,5,31,2350,3,1,1,2,1,27493,M,0.0,0.0,27
200800029415,8,1,14,1720,1,2,1,1,6,14118,M,,,14
200800029416,8,5,10,2028,1,2,1,1,7,14181,M,,,14
200800029417,8,4,3,1610,1,2,1,1,6,16015,M,,,16
200800029418,8,4,4,404,1,1,1,1,3,16113,M,,,16
200800029419,8,4,13,1410,1,2,1,3,1,16015,M,,,16
200800029420,8,4,11,745,1,1,3,1,3,16154,M,,,16
200800029421,8,5,23,2225,5,2,6,2,3,16015,M,,,16
200800029422,8,5,23,1255,1,2,1,2,3,16015,M,,,16
200800029423,8,5,17,1805,1,1,1,1,1,35288,M,,,35
200800029424,8,4,24,745,1,2,1,1,3,62737,M,,,62
200800029425,8,2,6,741,2,1,1,1,5,78646,M,,,78
200800029426,8,6,9,1545,1,1,1,1,6,59278,M,5063100.0,296700.0,59
200800029427,8,6,12,1000,1,1,1,2,5,59630,M,0.0,0.0,59
200800029428,8,6,15,200,5,2,9,1,7,59252,M,5071600.0,293100.0,59
200800029429,8,6,6,1800,1,1,1,1,6,59285,M,5025300.0,341400.0,59
200800029430,8,6,16,145,3,2,1,1,6,59439,M,0.0,0.0,59
200800029431,8,6,27,2300,5,2,1,1,1,59331,M,5012600.0,369500.0,59
200800029432,8,6,16,2000,1,1,1,1,6,59601,M,5009000.0,411600.0,59
200800029433,8,6,25,1615,1,2,1,1,5,59525,M,5008600.0,401700.0,59
200800029434,8,6,9,2100,1,1,1,1,6,59496,M,0.0,0.0,59
200800029435,8,6,15,315,5,2,1,1,6,59139,M,5012300.0,342100.0,59
200800029436,8,6,15,1530,1,2,1,1,1,59624,M,0.0,0.0,59
200800029437,8,6,22,1615,1,2,1,1,1,59520,M,0.0,0.0,59
200800029438,8,6,9,1645,1,2,1,1,3,59571,M,0.0,0.0,59
200800029439,8,6,26,1930,1,2,1,1,7,59060,M,0.0,0.0,59
200800029440,8,6,28,2230,2,2,3,1,2,59117,M,5029200.0,315400.0,59
200800029441,8,6,1,1900,1,1,1,1,3,59029,M,0.0,0.0,59
200800029442,8,6,8,1630,1,1,1,1,3,59265,M,5026800.0,374200.0,59
200800029443,8,6,23,1400,1,1,1,1,2,59640,M,5030100.0,368800.0,59
200800029444,8,6,22,1845,1,1,1,1,1,59572,M,0.0,0.0,59
200800029445,8,6,14,2200,5,2,1,1,3,62097,M,0.0,0.0,62
200800029446,8,6,17,1030,1,1,1,1,1,62640,M,0.0,0.0,62
200800029447,8,6,24,1630,1,1,1,1,6,62712,M,0.0,0.0,62
200800029448,8,6,10,1845,1,2,2,1,3,62864,M,5030500.0,286500.0,62
200800029449,8,6,11,1730,1,2,1,1,1,62858,M,5023000.0,299000.0,62
200800029450,8,6,6,1630,1,1,1,2,1,62678,M,0.0,0.0,62
200800029451,8,6,3,2315,3,1,1,1,6,62054,M,0.0,0.0,62
200800029452,8,6,14,1415,1,1,1,1,7,62161,M,0.0,0.0,62
200800029453,8,6,10,1415,1,1,1,1,7,62793,M,5042900.0,263500.0,62
200800029454,8,6,5,1815,1,1,1,1,2,62014,M,0.0,0.0,62
200800029455,8,6,7,1815,1,2,1,1,2,62684,M,5069000.0,236000.0,62
200800029456,8,6,14,1845,1,1,1,1,7,62431,M,0.0,0.0,62
200800029457,8,6,19,1700,1,2,1,1,3,62038,M,0.0,0.0,62
200800029458,8,6,4,1715,1,1,3,1,3,62906,M,5086300.0,206300.0,62
200800029459,8,6,5,1230,1,2,1,1,3,62265,M,5063200.0,222900.0,62
200800029460,8,6,25,1830,1,1,1,1,1,62485,M,5054700.0,225000.0,62
200800029461,8,6,6,1515,1,2,1,3,1,62794,M,5071700.0,216500.0,62
200800029462,8,6,19,745,1,2,1,2,6,62010,M,5069500.0,208000.0,62
200800029463,8,6,17,1845,1,2,1,1,1,62868,M,0.0,0.0,62
200800029464,8,6,19,1130,1,1,1,1,7,62109,M,0.0,0.0,62
200800029465,8,6,24,1700,1,2,9,1,1,62442,M,0.0,0.0,62
200800029466,8,6,27,1000,1,2,6,1,6,80212,M,0.0,0.0,80
200800029467,8,6,9,30,3,1,1,1,7,80336,M,0.0,0.0,80
200800029468,8,6,21,2000,1,1,1,1,7,80013,M,0.0,0.0,80
200800029469,8,6,9,1830,1,1,1,1,3,80211,M,4972700.0,214400.0,80
200800029470,8,6,10,1115,1,1,1,1,3,80285,M,0.0,0.0,80
200800029471,8,6,18,1130,1,1,1,1,5,80285,M,4974400.0,221900.0,80
200800029472,8,6,2,1045,1,1,1,2,1,80082,M,4998500.0,212300.0,80
200800029473,8,6,24,2015,1,1,1,1,1,80779,M,0.0,0.0,80
200800029474,8,6,26,600,2,1,1,1,1,80716,M,0.0,0.0,80
200800029475,8,6,3,1900,1,2,1,2,6,80235,M,5004700.0,152900.0,80
200800029476,8,6,15,400,3,2,1,1,1,80597,M,0.0,0.0,80
200800029477,8,6,24,2045,1,1,2,1,3,80721,M,0.0,0.0,80
200800029478,8,6,27,2030,1,1,1,1,6,80228,M,5025100.0,160600.0,80
200800029479,8,6,28,1745,3,1,1,1,7,80602,M,5017000.0,228000.0,80
200800029480,8,6,25,1645,1,1,1,1,1,80296,M,0.0,0.0,80
200800029481,8,6,18,1330,1,1,1,1,2,80669,M,0.0,0.0,80
200800029482,8,6,20,1830,1,1,1,1,1,80315,M,4972700.0,225200.0,80
200800029483,8,6,21,1545,1,1,1,1,1,80035,M,0.0,0.0,80
200800029484,8,6,29,500,2,1,1,1,6,80188,M,0.0,0.0,80
200800029485,8,6,3,1645,1,2,1,1,3,80677,M,4995400.0,311800.0,80
200800029486,8,6,20,1445,1,2,1,1,7,80151,M,4997000.0,259300.0,80
200800029487,8,6,11,1600,1,1,1,1,1,80058,M,4986000.0,264700.0,80
200800029488,8,6,23,1700,1,2,1,1,6,80400,M,0.0,0.0,80
200800029489,8,6,27,1000,1,2,1,1,2,80335,M,4987900.0,278000.0,80
200800029490,8,6,25,1345,1,1,1,1,4,80442,M,0.0,0.0,80
200800029491,8,6,6,1200,1,1,1,2,3,02689,M,0.0,0.0,02
200800029492,8,6,22,1900,1,2,1,1,6,02173,M,4961800.0,320700.0,02
200800029493,8,6,16,1610,1,1,1,1,6,02309,M,0.0,0.0,02
200800029494,8,6,19,1430,1,1,1,8,1,02282,M,0.0,0.0,02
200800029495,8,6,28,1915,1,2,1,1,3,02553,M,4957200.0,405500.0,02
200800029496,8,6,19,640,1,1,1,1,1,02328,M,0.0,0.0,02
200800029497,8,6,13,1245,1,1,1,1,1,02162,M,4894700.0,337700.0,02
200800029498,8,6,5,1415,1,1,1,1,6,02543,M,0.0,0.0,02
200800029499,8,6,16,1520,1,2,1,1,7,02305,M,0.0,0.0,02
200800029500,8,6,4,845,1,2,1,1,3,02691,M,0.0,0.0,02
200800029501,8,6,16,1100,1,1,1,1,6,02131,M,4939000.0,337000.0,02
200800029502,8,6,21,1720,1,2,1,1,1,02131,M,4939000.0,341000.0,02
200800029503,8,6,1,45,3,1,1,1,6,02810,M,4927700.0,310300.0,02
200800029504,8,6,11,1700,1,1,1,1,3,02316,M,0.0,0.0,02
200800029505,8,6,10,1715,1,2,6,1,2,02463,M,0.0,0.0,02
200800029506,8,6,15,1145,1,1,1,1,3,02548,M,0.0,0.0,02
200800029507,8,6,29,1715,1,2,2,1,3,02731,M,0.0,0.0,02
200800029508,8,6,27,1615,1,1,1,1,3,60646,M,0.0,0.0,60
200800029509,8,6,27,1815,1,2,3,1,3,60251,M,0.0,0.0,60
200800029510,8,6,3,1815,1,2,2,1,5,60577,M,0.0,0.0,60
200800029511,8,6,8,1615,1,1,1,1,3,60352,M,4923600.0,181900.0,60
200800029512,8,6,13,2030,1,2,1,1,3,60143,M,0.0,0.0,60
200800029513,8,6,16,1,3,1,8,1,6,60289,M,0.0,0.0,60
200800029514,8,6,21,1745,1,1,1,1,6,60088,M,0.0,0.0,60
200800029515,8,6,4,1645,1,1,1,1,6,60007,M,0.0,0.0,60
200800029516,8,6,19,845,1,1,1,1,4,60157,M,0.0,0.0,60
200800029517,8,6,4,1800,1,1,2,1,3,60565,M,0.0,0.0,60
200800029518,8,6,15,1730,1,1,1,1,7,60404,M,4931400.0,246800.0,60
200800029519,8,6,17,1345,1,2,2,1,3,60439,M,4931400.0,232900.0,60
200800029520,8,6,29,1215,1,1,1,1,7,60551,M,4929000.0,238300.0,60
200800029521,8,6,11,1230,1,1,1,1,7,60043,M,4952300.0,298500.0,60
200800029522,8,6,28,2015,2,2,1,1,1,60636,M,4948200.0,286200.0,60
200800029523,8,6,15,230,3,1,1,1,2,60337,M,4942100.0,275500.0,60
200800029524,8,6,24,900,1,1,1,1,5,60338,M,0.0,0.0,60
200800029525,8,6,22,2000,1,1,1,1,7,60612,M,4922200.0,256000.0,60
200800029526,8,6,4,1630,1,2,1,1,6,60022,M,4922900.0,250500.0,60
200800029527,8,6,10,800,1,1,1,1,2,60358,M,4918600.0,288900.0,60
200800029528,8,6,18,1545,1,1,1,1,3,60430,M,4932400.0,293700.0,60
200800029529,8,6,12,915,1,2,1,1,2,60489,M,4916400.0,285000.0,60
200800029530,8,6,16,2045,1,1,1,1,2,60341,M,0.0,0.0,60
200800029531,8,6,1,1800,1,1,1,1,6,60509,M,0.0,0.0,60
200800029532,8,6,23,30,5,1,1,1,6,60667,M,0.0,0.0,60
200800029533,8,6,11,1845,1,2,1,1,6,76517,M,4952900.0,118800.0,76
200800029534,8,6,15,2300,3,1,1,1,1,76051,M,4978800.0,100900.0,76
200800029535,8,6,28,1545,1,1,1,1,2,76086,M,4966900.0,100400.0,76
200800029536,8,6,23,700,1,2,1,1,1,76116,M,0.0,0.0,76
200800029537,8,6,28,830,1,1,1,1,6,76753,M,4936100.0,118800.0,76
200800029538,8,6,2,1330,1,2,1,1,3,76709,M,4948300.0,82500.0,76
200800029539,8,6,2,1400,1,1,1,1,1,76725,M,0.0,0.0,76
200800029540,8,6,12,800,1,1,1,3,3,76238,M,4955700.0,24900.0,76
200800029541,8,6,1,1245,1,1,1,1,3,76182,M,4968600.0,65500.0,76
200800029542,8,6,3,730,1,1,1,2,2,76318,M,0.0,0.0,76
200800029543,8,6,7,230,2,1,1,1,6,76592,M,0.0,0.0,76
200800029544,8,6,10,1915,1,1,3,1,3,76279,M,0.0,0.0,76
200800029545,8,6,19,2100,1,1,1,1,6,76556,M,0.0,0.0,76
200800029546,8,6,16,1145,1,1,6,1,1,76533,M,0.0,0.0,76
200800029547,8,6,29,1045,1,1,9,1,1,76459,M,0.0,0.0,76
200800029548,8,6,1,1015,1,2,1,1,6,76101,M,0.0,0.0,76
200800029549,8,6,8,1715,1,1,1,1,6,76295,M,0.0,0.0,76
200800029550,8,6,11,1330,1,2,1,1,1,76648,M,0.0,0.0,76
200800029551,8,6,23,845,1,2,1,7,6,76276,M,0.0,0.0,76
200800029552,8,6,13,1615,1,1,1,1,3,76315,M,4978500.0,63600.0,76
200800029553,8,6,5,1645,1,1,3,1,3,76385,M,4962300.0,90400.0,76
200800029554,8,6,14,1630,1,1,1,1,7,76325,M,4965000.0,84200.0,76
200800029555,8,6,7,1630,2,1,1,1,6,27017,M,0.0,0.0,27
200800029556,8,6,14,1415,1,1,1,1,3,27524,M,4911000.0,92000.0,27
200800029557,8,6,23,815,1,1,1,1,1,27535,M,0.0,0.0,27
200800029558,8,6,15,645,2,2,1,1,6,27076,M,0.0,0.0,27
200800029559,8,6,16,900,1,1,1,1,1,27122,M,0.0,0.0,27
200800029560,8,6,7,2100,1,2,1,1,1,27151,M,0.0,0.0,27
200800029561,8,6,22,2115,1,1,1,1,1,27246,M,0.0,0.0,27
200800029562,8,6,29,1730,1,1,1,1,7,27370,M,4936100.0,145900.0,27
200800029563,8,6,29,2330,3,1,1,1,7,27496,M,0.0,0.0,27
200800029564,8,6,30,1900,1,2,1,1,7,27493,M,0.0,0.0,27
200800029565,8,6,28,1600,1,1,1,1,6,27056,M,4907500.0,58600.0,27
200800029566,8,6,4,1915,1,1,1,1,6,27005,M,0.0,0.0,27
200800029567,8,6,10,1145,1,1,1,1,1,27517,M,4915200.0,134100.0,27
200800029568,8,6,17,1130,1,2,1,1,3,27599,M,4915900.0,139200.0,27
200800029569,8,6,17,715,1,1,1,1,1,27517,M,0.0,0.0,27
200800029570,8,6,24,1545,1,2,1,1,6,27275,M,4916600.0,134900.0,27
200800029571,8,6,11,1500,1,1,1,1,1,27648,M,4926800.0,111700.0,27
200800029572,8,6,15,330,5,2,1,1,6,27394,M,4930000.0,106400.0,27
200800029573,8,6,26,915,1,1,8,1,2,27008,M,4932100.0,117600.0,27
200800029574,8,6,9,1745,1,2,1,1,1,27055,M,4911900.0,107000.0,27
200800029575,8,6,15,45,5,2,1,1,1,27658,M,4912300.0,91100.0,27
200800029576,8,6,30,1445,1,1,1,1,2,27174,M,0.0,0.0,27
200800029577,8,6,11,1915,1,2,1,1,1,27500,M,0.0,0.0,27
200800029578,8,6,14,1515,1,2,9,1,3,27580,M,0.0,0.0,27
200800029579,8,6,15,845,1,1,1,1,7,27170,M,4925700.0,38200.0,27
200800029580,8,6,4,945,1,1,1,1,1,35094,M,4835800.0,-174800.0,35
200800029581,8,6,23,2045,1,1,1,1,3,35128,M,4830900.0,-171800.0,35
200800029582,8,6,19,1215,1,2,9,1,3,35297,M,0.0,0.0,35
200800029583,8,6,29,45,3,1,3,1,3,35184,M,0.0,0.0,35
200800029584,8,6,20,2045,1,1,2,1,3,35040,M,0.0,0.0,35
200800029585,8,6,30,800,1,1,1,1,2,35223,M,,,35
200800029586,8,6,11,1545,1,1,1,1,3,35037,M,0.0,0.0,35
200800029587,8,6,11,1800,1,1,1,1,7,35271,M,0.0,0.0,35
200800029588,8,6,24,1915,1,1,1,7,1,35163,M,0.0,0.0,35
200800029589,8,6,6,1615,1,1,1,1,7,35221,M,0.0,0.0,35
200800029590,8,6,6,1700,1,1,1,1,1,35321,M,0.0,0.0,35
200800029591,8,6,9,1900,1,1,1,1,1,35343,M,0.0,0.0,35
200800029592,8,6,21,2230,3,1,1,1,2,35124,M,0.0,0.0,35
200800029593,8,6,17,1200,1,2,1,1,3,35126,M,0.0,0.0,35
200800029594,8,6,9,1730,1,1,1,1,1,35284,M,0.0,0.0,35
200800029595,8,6,28,2130,1,2,1,1,3,35337,M,0.0,0.0,35
200800029596,8,6,2,845,1,2,1,2,3,35104,M,0.0,0.0,35
200800029597,8,6,14,645,2,1,1,1,1,35006,M,0.0,0.0,35
200800029598,8,6,29,2030,1,1,1,1,1,35338,M,0.0,0.0,35
200800029599,8,6,12,2045,1,1,3,1,3,35207,M,0.0,0.0,35
200800029600,8,6,26,745,1,2,3,1,3,35207,M,0.0,0.0,35
200800029601,8,6,10,1045,1,2,1,1,3,35125,M,0.0,0.0,35
200800029602,8,6,22,315,3,1,1,1,6,35239,M,0.0,0.0,35
200800029603,8,6,8,45,5,2,1,1,3,22325,M,0.0,0.0,22
200800029604,8,6,9,1815,1,2,1,1,1,22175,M,4851800.0,-248700.0,22
200800029605,8,6,15,515,2,2,1,2,6,22175,M,4850400.0,-246800.0,22
200800029606,8,6,17,1700,1,2,6,1,3,22093,M,4847100.0,-251100.0,22
200800029607,8,6,24,615,2,1,1,1,6,22246,M,0.0,0.0,22
200800029608,8,6,11,845,1,1,1,1,3,22300,M,4827200.0,-279100.0,22
200800029609,8,6,9,1645,1,2,2,1,3,22186,M,0.0,0.0,22
200800029610,8,6,18,1615,1,2,1,1,1,22054,M,0.0,0.0,22
200800029611,8,6,26,1415,1,2,1,1,3,22176,M,4847200.0,-276100.0,22
200800029612,8,6,12,1830,1,1,1,1,1,22021,M,0.0,0.0,22
200800029613,8,6,25,100,3,2,1,1,6,22305,M,4827000.0,-215000.0,22
200800029614,8,6,26,1915,1,1,1,1,3,22209,M,0.0,0.0,22
200800029615,8,6,29,1145,1,1,1,1,5,22357,M,0.0,0.0,22
200800029616,8,6,6,1045,1,2,1,1,6,22067,M,4855900.0,-317200.0,22
200800029617,8,6,14,200,4,2,1,1,6,22070,M,0.0,0.0,22
200800029618,8,6,21,1645,1,1,1,1,3,22013,M,4849000.0,-319300.0,22
200800029619,8,6,5,1815,1,1,1,1,3,22061,M,0.0,0.0,22
200800029620,8,6,6,1845,1,1,1,1,1,22340,M,4865900.0,-338600.0,22
200800029621,8,6,7,1930,1,2,1,1,6,22343,M,4877800.0,-357800.0,22
200800029622,8,6,23,1645,1,2,7,1,7,22166,M,4881600.0,-329500.0,22
200800029623,8,6,8,1400,1,1,1,1,1,29052,M,4803500.0,-453500.0,29
200800029624,8,6,24,1815,1,2,1,1,1,29225,M,0.0,0.0,29
200800029625,8,6,29,2145,1,1,1,1,2,29214,M,0.0,0.0,29
200800029626,8,6,3,2345,3,1,1,1,6,29216,M,0.0,0.0,29
200800029627,8,6,5,1900,1,1,1,7,6,29032,M,4789000.0,-411900.0,29
200800029628,8,6,11,830,1,2,1,7,6,29057,M,4791400.0,-397200.0,29
200800029629,8,6,6,1700,1,1,1,1,2,29171,M,0.0,0.0,29
200800029630,8,6,18,1730,1,1,1,1,2,29171,M,0.0,0.0,29
200800029631,8,6,11,1615,1,2,1,1,6,29124,M,4857300.0,-432300.0,29
200800029632,8,6,14,130,3,2,1,1,6,29257,M,0.0,0.0,29
200800029633,8,6,13,1145,1,2,1,1,6,29178,M,0.0,0.0,29
200800029634,8,6,28,1515,1,1,1,1,2,29178,M,0.0,0.0,29
200800029635,8,6,27,600,2,1,2,1,3,29041,M,4805600.0,-384000.0,29
200800029636,8,6,28,1900,1,1,1,1,6,29042,M,4825100.0,-440700.0,29
200800029637,8,6,7,1300,1,1,1,1,1,29191,M,4847000.0,-374500.0,29
200800029638,8,6,2,1345,1,1,1,1,1,29105,M,4853300.0,-406500.0,29
200800029639,8,6,10,1330,1,1,3,1,3,29204,M,4849600.0,-416500.0,29
200800029640,8,6,10,1715,1,1,6,1,2,29010,M,4851800.0,-411400.0,29
200800029641,8,6,1,530,2,2,1,1,6,29259,M,4869000.0,-398100.0,29
200800029642,8,6,9,2200,2,2,1,1,6,29210,M,4858000.0,-404000.0,29
200800029643,8,6,7,1415,1,1,1,1,1,56058,M,4746900.0,-231700.0,56
200800029644,8,6,27,745,1,1,1,1,2,56149,M,4756800.0,-242500.0,56
200800029645,8,6,26,1830,1,2,1,1,3,56046,M,4762800.0,-300700.0,56
200800029646,8,6,30,1315,1,2,1,1,3,56007,M,4767600.0,-299200.0,56
200800029647,8,6,5,1515,1,2,6,1,3,56034,M,4758000.0,-307800.0,56
200800029648,8,6,19,1445,1,1,1,1,3,56054,M,4762000.0,-316300.0,56
200800029649,8,6,30,615,1,1,1,1,1,56118,M,0.0,0.0,56
200800029650,8,6,11,1800,1,1,1,1,3,56165,M,4794100.0,-242400.0,56
200800029651,8,6,3,45,4,1,1,1,6,56075,M,4795400.0,-214100.0,56
200800029652,8,6,3,1915,1,1,1,1,7,56075,M,4793100.0,-209000.0,56
200800029653,8,6,25,1615,1,1,1,1,1,56075,M,0.0,0.0,56
200800029654,8,6,6,1730,1,1,9,1,3,56151,M,4805200.0,-292800.0,56
200800029655,8,6,25,1330,1,2,1,1,6,56163,M,0.0,0.0,56
200800029656,8,6,27,1615,1,2,1,1,1,56178,M,0.0,0.0,56
200800029657,8,6,30,1100,1,1,1,1,6,56242,M,4813700.0,-314800.0,56
200800029658,8,6,6,245,3,2,1,1,6,56066,M,4814500.0,-361000.0,56
200800029659,8,6,22,345,3,2,1,1,6,14066,M,4933400.0,-43200.0,14
200800029660,8,6,4,1815,1,2,1,1,6,14060,M,0.0,0.0,14
200800029661,8,6,24,1915,1,2,1,1,3,14432,M,4912500.0,-54600.0,14
200800029662,8,6,7,1045,1,2,1,1,7,14668,M,0.0,0.0,14
200800029663,8,6,19,1700,1,2,1,1,3,14342,M,0.0,0.0,14
200800029664,8,6,15,1700,1,1,1,1,1,14144,M,0.0,0.0,14
200800029665,8,6,17,1045,1,2,3,1,3,14735,M,4897900.0,-8800.0,14
200800029666,8,6,14,915,1,1,1,1,2,14431,M,4906600.0,-8400.0,14
200800029667,8,6,19,1545,1,1,1,1,2,14331,M,4902500.0,-1300.0,14
200800029668,8,6,30,1845,1,2,1,1,3,14478,M,4902300.0,41100.0,14
200800029669,8,6,15,2300,3,1,1,1,6,14575,M,4930200.0,13600.0,14
200800029670,8,6,8,145,3,1,1,1,6,14198,M,0.0,0.0,14
200800029671,8,6,8,515,2,2,1,1,6,14731,M,0.0,0.0,14
200800029672,8,6,6,545,1,1,1,1,7,14618,M,4892300.0,-90300.0,14
200800029673,8,6,12,1145,1,1,1,1,3,14352,M,0.0,0.0,14
200800029674,8,6,30,1815,1,1,2,1,3,50393,M,0.0,0.0,50
200800029675,8,6,27,2015,1,2,3,1,3,50139,M,0.0,0.0,50
200800029676,8,6,27,2000,1,2,1,1,1,50027,M,0.0,0.0,50
200800029677,8,6,20,1330,1,1,1,1,1,50410,M,4856700.0,-150700.0,50
200800029678,8,6,25,2315,3,1,1,1,1,50074,M,4873000.0,-116000.0,50
200800029679,8,6,3,2245,3,1,1,1,6,50402,M,4951500.0,-181800.0,50
200800029680,8,6,16,615,2,1,1,1,1,50332,M,0.0,0.0,50
200800029681,8,6,17,1830,1,1,1,1,3,50402,M,0.0,0.0,50
200800029682,8,6,22,1015,1,2,1,1,2,50412,M,4933900.0,-169600.0,50
200800029683,8,6,11,1715,1,1,9,1,1,50127,M,0.0,0.0,50
200800029684,8,6,30,200,3,1,1,1,7,50421,M,4985000.0,-156700.0,50
200800029685,8,6,29,1400,1,2,1,1,6,50342,M,4966200.0,-127300.0,50
200800029686,8,6,14,300,3,1,1,1,6,50273,M,0.0,0.0,50
200800029687,8,6,26,1945,1,1,3,1,1,50456,M,0.0,0.0,50
200800029688,8,6,6,1415,1,1,1,1,7,61433,M,4850700.0,6600.0,61
200800029689,8,6,18,1915,1,1,1,1,6,61412,M,0.0,0.0,61
200800029690,8,6,28,1930,1,1,1,1,6,61485,M,0.0,0.0,61
200800029691,8,6,29,1700,1,1,1,1,7,61139,M,0.0,0.0,61
200800029692,8,6,2,1730,1,1,1,1,1,61155,M,0.0,0.0,61
200800029693,8,6,29,2200,2,2,6,1,7,61022,M,0.0,0.0,61
200800029694,8,6,11,1315,1,1,9,1,3,61093,M,0.0,0.0,61
200800029695,8,6,29,1745,1,1,1,1,3,61486,M,4875700.0,-73100.0,61
200800029696,8,6,24,630,1,1,1,1,1,61484,M,0.0,0.0,61
200800029697,8,6,29,2030,1,1,4,1,3,61079,M,0.0,0.0,61
200800029698,8,6,12,515,2,1,1,1,1,61457,M,0.0,0.0,61
200800029699,8,6,30,400,3,1,1,1,7,61042,M,4842200.0,76500.0,61
200800029700,8,6,20,2115,1,2,1,1,2,44172,M,0.0,0.0,44
200800029701,8,6,14,1700,1,2,1,1,6,44026,M,0.0,0.0,44
200800029702,8,6,12,1230,1,1,1,1,1,44088,M,4713100.0,-138300.0,44
200800029703,8,6,12,330,3,1,1,1,1,44064,M,0.0,0.0,44
200800029704,8,6,25,1745,1,1,1,1,6,44155,M,4703800.0,-153800.0,44
200800029705,8,6,12,1900,1,1,6,1,3,44160,M,0.0,0.0,44
200800029706,8,6,28,1630,1,1,2,1,3,44191,M,0.0,0.0,44
200800029707,8,6,28,1700,1,1,1,1,7,44219,M,0.0,0.0,44
200800029708,8,6,12,715,1,2,2,1,3,44212,M,0.0,0.0,44
200800029709,8,6,17,1745,1,1,1,1,1,44212,M,0.0,0.0,44
200800029710,8,6,21,100,3,1,1,1,1,44054,M,0.0,0.0,44
200800029711,8,6,8,1730,1,1,1,1,6,44092,M,4766900.0,-190600.0,44
200800029712,8,6,9,815,1,1,1,1,1,44914,M,4759000.0,-174900.0,44
200800029713,8,6,14,1115,1,2,1,1,3,44128,M,4753100.0,-195100.0,44
200800029714,8,6,14,2345,3,1,1,1,6,44056,M,4742100.0,-180000.0,44
200800029715,8,6,28,1500,1,1,1,1,6,44067,M,4769700.0,-186100.0,44
200800029716,8,6,29,1000,1,1,1,1,7,44067,M,4765000.0,-187600.0,44
200800029717,8,6,30,1045,1,2,1,1,6,44185,M,4765100.0,-208100.0,44
200800029718,8,6,10,500,2,1,1,1,6,44073,M,4747000.0,-168300.0,44
200800029719,8,6,24,1315,1,2,1,1,3,44154,M,0.0,0.0,44
200800029720,8,6,12,1815,1,1,1,1,1,44186,M,4711600.0,-180500.0,44
200800029721,8,6,7,1,3,1,1,1,6,44069,M,0.0,0.0,44
200800029722,8,6,8,1645,1,1,1,1,3,44069,M,0.0,0.0,44
200800029723,8,6,14,915,1,2,1,1,6,44010,M,0.0,0.0,44
200800029724,8,6,8,1300,1,1,1,1,6,44152,M,4743000.0,-203600.0,44
200800029725,8,6,25,1900,1,1,8,1,3,44053,M,0.0,0.0,44
200800029726,8,6,26,845,1,2,1,1,6,44013,M,0.0,0.0,44
200800029727,8,6,12,1815,1,2,2,1,3,44195,M,0.0,0.0,44
200800029728,8,6,17,2100,1,1,1,1,1,44068,M,4748600.0,-191400.0,44
200800029729,8,6,30,700,1,1,1,1,3,44137,M,4738400.0,-200800.0,44
200800029730,8,6,23,715,1,1,1,3,6,49292,M,0.0,0.0,49
200800029731,8,6,29,1115,1,2,1,1,1,49167,M,4741300.0,-48200.0,49
200800029732,8,6,20,900,1,1,1,1,5,49307,M,0.0,0.0,49
200800029733,8,6,7,2230,3,1,6,1,6,49284,M,4741600.0,-83000.0,49
200800029734,8,6,13,700,1,1,1,1,6,49284,M,4740200.0,-83800.0,49
200800029735,8,6,15,1515,1,1,1,1,1,49199,M,0.0,0.0,49
200800029736,8,6,24,1400,1,1,1,1,7,49239,M,0.0,0.0,49
200800029737,8,6,24,1815,1,1,1,9,2,49162,M,4720600.0,-84300.0,49
200800029738,8,6,6,1330,1,2,1,1,3,49301,M,0.0,0.0,49
200800029739,8,6,12,730,1,1,3,1,5,49296,M,0.0,0.0,49
200800029740,8,6,14,430,3,1,1,1,1,49320,M,0.0,0.0,49
200800029741,8,6,14,2000,1,1,1,1,3,49040,M,4734600.0,-112100.0,49
200800029742,8,6,21,315,3,1,1,1,6,49075,M,0.0,0.0,49