Num_Acc,an,mois,jour,hrmn,lum,agg,int,atm,col,com,gps,lat,long,dep
200800029743,8,6,24,100,3,1,1,1,6,49297,M,4735200.0,-94700.0,49
200800029744,8,6,26,730,1,1,1,1,7,49313,M,0.0,0.0,49
200800029745,8,6,27,1130,1,1,1,1,6,49126,M,0.0,0.0,49
200800029746,8,6,16,1315,1,2,1,1,4,49094,M,4731200.0,-15400.0,49
200800029747,8,6,27,1745,1,1,1,1,3,49002,M,4729700.0,2600.0,49
200800029748,8,6,15,1530,1,1,1,1,1,49054,M,0.0,0.0,49
200800029749,8,6,14,2030,1,2,1,1,7,49331,M,0.0,0.0,49
200800029750,8,6,19,2015,1,2,1,1,6,49331,M,0.0,0.0,49
200800029751,8,6,5,1530,1,1,1,1,1,49183,M,4751600.0,-94200.0,49
200800029752,8,6,19,1215,1,1,1,1,7,49026,M,4750200.0,-85800.0,49
200800029753,8,6,24,1030,1,1,1,1,1,49183,M,4751800.0,-92300.0,49
200800029754,8,6,23,1045,1,2,1,1,1,49135,M,4757500.0,-59200.0,49
200800029755,8,6,27,2045,1,1,1,1,7,53014,M,4783800.0,-62700.0,53
200800029756,8,6,6,1745,1,1,1,1,6,53222,M,4824000.0,-70100.0,53
200800029757,8,6,29,1715,1,2,1,1,3,53016,M,0.0,0.0,53
200800029758,8,6,24,930,1,1,1,1,5,53271,M,4834600.0,-29700.0,53
200800029759,8,6,7,200,3,1,1,1,1,72373,M,0.0,0.0,72
200800029760,8,6,27,1215,1,2,1,1,1,72269,M,0.0,0.0,72
200800029761,8,6,29,115,3,1,1,1,7,72204,M,4797400.0,68600.0,72
200800029762,8,6,28,500,2,1,1,1,7,72129,M,0.0,0.0,72
200800029763,8,6,30,1930,1,1,1,1,2,72007,M,4800100.0,44300.0,72
200800029764,8,6,13,830,1,1,2,1,3,72230,M,4784900.0,13100.0,72
200800029765,8,6,13,2300,3,1,1,1,6,72230,M,4786300.0,13400.0,72
200800029766,8,6,24,1815,1,1,1,1,7,72280,M,4797400.0,12000.0,72
200800029767,8,6,10,1930,1,2,1,1,6,72173,M,4771800.0,39900.0,72
200800029768,8,6,25,1400,1,1,1,1,3,72044,M,0.0,0.0,72
200800029769,8,6,26,1730,1,2,1,1,6,72228,M,4784800.0,-20000.0,72
200800029770,8,6,26,830,1,1,1,1,7,72135,M,4781100.0,5600.0,72
200800029771,8,6,2,1730,1,1,1,1,7,72296,M,0.0,0.0,72
200800029772,8,6,6,1000,1,1,1,1,6,72363,M,0.0,0.0,72
200800029773,8,6,8,1800,1,1,1,1,7,72254,M,4832400.0,15800.0,72
200800029774,8,6,12,1100,1,1,1,1,3,72305,M,4829000.0,4300.0,72
200800029775,8,6,11,800,1,2,1,1,3,85046,M,0.0,0.0,85
200800029776,8,6,17,615,1,1,1,1,1,85061,M,0.0,0.0,85
200800029777,8,6,1,1100,1,1,1,2,6,85084,M,0.0,0.0,85
200800029778,8,6,16,830,1,1,2,1,5,85065,M,4690600.0,-123000.0,85
200800029779,8,6,7,315,3,1,1,8,6,85190,M,0.0,0.0,85
200800029780,8,6,7,1430,1,1,2,1,1,85224,M,0.0,0.0,85
200800029781,8,6,9,730,1,1,1,1,6,85190,M,0.0,0.0,85
200800029782,8,6,14,1830,1,1,1,1,3,85217,M,0.0,0.0,85
200800029783,8,6,3,1130,1,1,1,1,3,85003,M,0.0,0.0,85
200800029784,8,6,6,845,1,1,1,1,6,85019,M,0.0,0.0,85
200800029785,8,6,10,1630,1,1,1,1,1,85019,M,0.0,0.0,85
200800029786,8,6,14,1215,1,1,1,1,7,85019,M,4678000.0,-142100.0,85
200800029787,8,6,13,1645,1,1,1,1,3,85300,M,4670200.0,-151700.0,85
200800029788,8,6,19,815,1,1,6,1,6,85300,M,0.0,0.0,85
200800029789,8,6,23,1530,1,1,1,9,3,85208,M,0.0,0.0,85
200800029790,8,6,26,1730,1,2,1,1,3,85003,M,4675400.0,-161800.0,85
200800029791,8,6,28,130,3,1,1,1,1,85129,M,4684200.0,-148800.0,85
200800029792,8,6,15,2345,3,1,9,1,6,85094,M,4652100.0,-69400.0,85
200800029793,8,6,26,1800,1,2,1,1,1,85306,M,0.0,0.0,85
200800029794,8,6,7,1200,1,1,1,1,6,85063,M,4684900.0,-83800.0,85
200800029795,8,6,25,900,1,1,1,1,3,85005,M,4663000.0,-77200.0,85
200800029796,8,6,5,1445,1,2,1,1,6,85047,M,4684900.0,-187400.0,85
200800029797,8,6,20,945,1,2,1,1,6,85047,M,0.0,0.0,85
200800029798,8,6,23,1900,1,1,1,1,6,85204,M,0.0,0.0,85
200800029799,8,6,23,645,1,1,1,1,6,85218,M,4664400.0,-161100.0,85
200800029800,8,6,27,1000,1,2,1,1,6,85152,M,4662200.0,-165700.0,85
200800029801,8,6,25,915,1,1,1,1,5,85083,M,4698100.0,-226100.0,85
200800029802,8,6,18,2115,1,2,6,1,6,85243,M,4661000.0,-183500.0,85
200800029803,8,6,24,1230,1,2,1,1,1,85226,M,0.0,0.0,85
200800029804,8,6,28,1715,1,2,6,1,2,85222,M,0.0,0.0,85
200800029805,8,6,2,1715,1,1,2,8,3,85221,M,0.0,0.0,85
200800029806,8,6,7,1600,1,2,1,1,6,85018,M,0.0,0.0,85
200800029807,8,6,11,815,1,1,1,1,1,85018,M,0.0,0.0,85
200800029808,8,6,10,1315,1,1,1,1,1,85127,M,0.0,0.0,85
200800029809,8,6,7,1730,1,2,1,1,1,85307,M,4632300.0,-131500.0,85
200800029810,8,6,21,1400,1,1,1,1,6,85179,M,0.0,0.0,85
200800029811,8,6,27,1330,1,1,1,1,6,85010,M,0.0,0.0,85
200800029812,8,6,30,1730,1,1,1,1,5,85231,M,0.0,0.0,85
200800029813,8,6,29,1915,1,1,1,1,3,85127,M,4642700.0,-149000.0,85
200800029814,8,6,28,2030,1,2,1,1,3,33051,M,0.0,0.0,33
200800029815,8,6,12,1300,1,2,1,1,1,33056,M,0.0,0.0,33
200800029816,8,6,10,1730,1,2,1,1,3,33162,M,0.0,0.0,33
200800029817,8,6,18,900,1,2,3,1,3,33162,M,0.0,0.0,33
200800029818,8,6,27,2045,1,2,1,1,7,33162,M,0.0,0.0,33
200800029819,8,6,13,1630,1,2,1,1,3,33236,M,4480300.0,-114200.0,33
200800029820,8,6,14,615,2,1,1,1,7,33376,M,0.0,0.0,33
200800029821,8,6,6,1415,1,2,1,1,1,33325,M,4512100.0,-65400.0,33
200800029822,8,6,25,1730,1,1,1,1,1,33351,M,0.0,0.0,33
200800029823,8,6,29,2045,1,2,1,1,6,33023,M,4471500.0,-47700.0,33
200800029824,8,6,11,1130,1,1,1,1,3,33140,M,4477100.0,-36600.0,33
200800029825,8,6,13,1800,1,1,1,1,7,33263,M,4476700.0,-39500.0,33
200800029826,8,6,19,1830,1,1,1,1,3,33007,M,4467000.0,-39000.0,33
200800029827,8,6,3,1630,1,1,1,1,7,33036,M,0.0,0.0,33
200800029828,8,6,29,1200,1,1,1,1,3,33235,M,0.0,0.0,33
200800029829,8,6,9,1230,1,1,1,1,1,33520,M,0.0,0.0,33
200800029830,8,6,19,1430,1,1,1,1,7,33516,M,0.0,0.0,33
200800029831,8,6,3,1930,1,1,1,1,6,33066,M,4455400.0,1100.0,33
200800029832,8,6,17,1800,1,1,1,1,3,33204,M,4454400.0,-1400.0,33
200800029833,8,6,2,1215,1,2,1,8,6,33547,M,0.0,0.0,33
200800029834,8,6,20,1500,1,1,1,1,7,33175,M,0.0,0.0,33
200800029835,8,6,28,15,5,2,1,1,6,33175,M,4474200.0,-16200.0,33
200800029836,8,6,28,1545,1,1,1,1,6,33506,M,0.0,0.0,33
200800029837,8,6,26,1730,1,2,1,1,7,33022,M,0.0,0.0,33
200800029838,8,6,10,1815,1,2,2,1,3,33517,M,4506000.0,-70000.0,33
200800029839,8,6,26,1930,1,1,1,1,1,33395,M,4524000.0,-78600.0,33
200800029840,8,6,28,1030,1,2,1,1,2,33314,M,4520300.0,-74900.0,33
200800029841,8,6,8,30,4,2,1,1,6,33540,M,4536200.0,-106900.0,33
200800029842,8,6,10,945,1,1,1,1,6,33174,M,4492600.0,-27100.0,33
200800029843,8,6,16,1000,1,1,1,3,4,33539,M,4488700.0,-33500.0,33
200800029844,8,6,20,2245,4,1,1,1,6,33328,M,4493100.0,-22800.0,33
200800029845,8,6,26,700,1,1,2,1,3,33222,M,0.0,0.0,33
200800029846,8,6,25,445,3,1,1,1,3,33394,M,0.0,0.0,33
200800029847,8,6,24,845,1,1,3,1,1,33315,M,0.0,0.0,33
200800029848,8,6,13,1900,1,2,2,1,3,33324,M,4484500.0,24500.0,33
200800029849,8,6,27,1430,1,2,1,1,3,33402,M,0.0,0.0,33
200800029850,8,6,18,1715,1,1,1,1,2,33219,M,4497700.0,-38700.0,33
200800029851,8,6,14,1930,1,2,1,1,3,24064,M,0.0,0.0,24
200800029852,8,6,20,1230,1,2,1,1,6,24295,M,0.0,0.0,24
200800029853,8,6,5,2300,5,1,1,1,3,24028,M,4476200.0,77300.0,24
200800029854,8,6,4,1245,1,1,1,1,6,24045,M,4472700.0,65400.0,24
200800029855,8,6,23,1630,1,2,1,1,3,24167,M,0.0,0.0,24
200800029856,8,6,2,600,2,1,1,2,7,24451,M,0.0,0.0,24
200800029857,8,6,5,1330,1,1,1,1,6,24457,M,0.0,0.0,24
200800029858,8,6,15,1200,1,2,1,1,7,24294,M,0.0,0.0,24
200800029859,8,6,8,500,3,1,1,8,7,24252,M,,,24
200800029860,8,6,20,1800,1,1,1,1,6,24081,M,0.0,0.0,24
200800029861,8,6,7,1030,1,1,1,1,1,24217,M,4494900.0,90200.0,24
200800029862,8,6,1,430,3,2,1,9,6,24127,M,4508800.0,127000.0,24
200800029863,8,6,9,1830,1,2,1,1,3,40245,M,4405100.0,-32300.0,40
200800029864,8,6,10,1430,1,1,1,1,3,40014,M,4405300.0,-36700.0,40
200800029865,8,6,27,1345,1,1,1,1,1,40288,M,4402000.0,-30300.0,40
200800029866,8,6,7,2315,3,1,1,1,6,40095,M,4361400.0,-92200.0,40
200800029867,8,6,14,1230,1,2,1,1,3,40224,M,0.0,0.0,40
200800029868,8,6,3,1530,1,1,1,1,1,40133,M,0.0,0.0,40
200800029869,8,6,21,400,3,1,1,1,6,40310,M,4376900.0,-139100.0,40
200800029870,8,6,21,2000,1,2,1,1,7,40296,M,0.0,0.0,40
200800029871,8,6,21,1530,1,1,1,1,6,40287,M,4450000.0,-105000.0,40
200800029872,8,6,23,1530,1,1,1,1,1,40046,M,0.0,0.0,40
200800029873,8,6,30,1415,1,2,1,1,6,40134,M,0.0,0.0,40
200800029874,8,6,21,1600,1,1,1,7,7,40200,M,0.0,0.0,40
200800029875,8,6,23,1730,1,2,1,1,1,40184,M,4421100.0,-124000.0,40
200800029876,8,6,27,2330,3,1,1,1,7,40182,M,4409300.0,-115000.0,40
200800029877,8,6,10,700,1,1,2,1,3,40022,M,0.0,0.0,40
200800029878,8,6,16,15,3,1,1,1,6,40005,M,4361900.0,-45300.0,40
200800029879,8,6,5,1800,1,1,1,2,7,40238,M,0.0,0.0,40
200800029880,8,6,13,2145,3,1,1,1,6,40051,M,4389400.0,-41100.0,40
200800029881,8,6,27,1545,1,1,1,1,1,40051,M,4389300.0,-41000.0,40
200800029882,8,6,28,115,3,1,1,1,3,47246,M,4424400.0,49700.0,47
200800029883,8,6,25,1315,1,2,1,1,3,47004,M,4430700.0,34100.0,47
200800029884,8,6,13,1530,1,1,1,2,3,47051,M,0.0,0.0,47
200800029885,8,6,10,945,1,2,1,1,2,47168,M,4459800.0,35100.0,47
200800029886,8,6,15,1115,1,1,1,1,3,47012,M,4428400.0,16700.0,47
200800029887,8,6,23,1130,1,2,1,1,3,47078,M,4429500.0,27400.0,47
200800029888,8,6,19,1815,1,1,1,1,7,47280,M,0.0,0.0,47
200800029889,8,6,1,130,3,1,1,2,1,47055,M,4449500.0,67100.0,47
200800029890,8,6,10,1645,1,1,1,1,6,47077,M,0.0,0.0,47
200800029891,8,6,22,1545,1,2,1,1,3,47179,M,0.0,0.0,47
200800029892,8,6,27,1615,1,1,1,1,3,47283,M,,,47
200800029893,8,6,22,1800,1,2,1,1,3,47049,M,4445200.0,61900.0,47
200800029894,8,6,28,1815,1,1,1,1,3,47252,M,4440600.0,63900.0,47
200800029895,8,6,4,1215,1,2,1,1,7,64519,M,0.0,0.0,64
200800029896,8,6,29,630,2,1,1,1,6,64399,M,4336300.0,-36600.0,64
200800029897,8,6,19,1100,1,1,1,1,7,64167,M,4349500.0,-27700.0,64
200800029898,8,6,19,1130,1,1,1,1,6,64365,M,0.0,0.0,64
200800029899,8,6,24,1045,1,1,1,1,5,64527,M,4333500.0,-146500.0,64
200800029900,8,6,6,845,1,2,1,3,3,64485,M,0.0,0.0,64
200800029901,8,6,15,1200,1,1,1,1,2,64034,M,4334600.0,-101100.0,64
200800029902,8,6,1,1600,1,1,1,8,3,64430,M,4346500.0,-79800.0,64
200800029903,8,6,23,2200,3,1,1,1,6,64430,M,4347300.0,-77900.0,64
200800029904,8,6,27,1530,1,1,1,1,6,86115,M,0.0,0.0,86
200800029905,8,6,8,630,2,1,1,1,6,86024,M,0.0,0.0,86
200800029906,8,6,24,1715,1,2,1,1,3,86160,M,0.0,0.0,86
200800029907,8,6,28,1115,1,1,3,1,3,86174,M,0.0,0.0,86
200800029908,8,6,15,1845,1,1,3,1,3,86258,M,4681800.0,42700.0,86
200800029909,8,6,14,1645,1,1,1,1,6,86173,M,0.0,0.0,86
200800029910,8,6,4,1500,1,1,2,1,3,86014,M,0.0,0.0,86
200800029911,8,6,8,1745,1,1,1,1,7,86193,M,0.0,0.0,86
200800029912,8,6,12,2145,3,1,1,1,6,86009,M,0.0,0.0,86
200800029913,8,6,8,1130,1,1,2,1,3,86075,M,4681700.0,17300.0,86
200800029914,8,6,20,2100,1,1,1,1,1,86286,M,4685700.0,15500.0,86
200800029915,8,6,26,2215,3,1,1,1,6,86104,M,0.0,0.0,86
200800029916,8,6,15,1045,1,1,1,1,7,86289,M,4622000.0,66300.0,86
200800029917,8,6,21,2215,3,1,1,1,5,86159,M,4621400.0,70200.0,86
200800029918,8,6,6,130,3,1,1,1,6,86262,M,4642000.0,85600.0,86
200800029919,8,6,1,1830,1,1,1,1,1,16082,M,0.0,0.0,16
200800029920,8,6,14,1515,1,1,1,1,5,16175,M,4555100.0,-2000.0,16
200800029921,8,6,24,1430,1,1,2,1,1,16287,M,4558800.0,2800.0,16
200800029922,8,6,24,1815,1,1,1,1,7,16072,M,4550000.0,13400.0,16
200800029923,8,6,21,2345,5,2,1,1,6,16097,M,0.0,0.0,16
200800029924,8,6,13,1800,1,1,1,1,1,16342,M,0.0,0.0,16
200800029925,8,6,12,1730,1,1,1,1,1,16013,M,0.0,0.0,16
200800029926,8,6,18,1945,1,1,1,1,7,16167,M,0.0,0.0,16
200800029927,8,6,24,1900,1,1,1,1,6,16086,M,0.0,0.0,16
200800029928,8,6,27,1900,1,1,1,1,2,16085,M,4584300.0,48600.0,16
200800029929,8,6,22,200,3,2,1,1,6,16163,M,0.0,0.0,16
200800029930,8,6,13,1600,3,2,9,1,7,17142,M,4619900.0,-105400.0,17
200800029931,8,6,28,1845,1,1,1,1,3,17200,M,0.0,0.0,17
200800029932,8,6,15,215,5,2,1,1,6,17161,M,0.0,0.0,17
200800029933,8,6,5,2100,2,2,1,1,6,17328,M,0.0,0.0,17
200800029934,8,6,20,2045,2,1,1,1,3,17331,M,0.0,0.0,17
200800029935,8,6,22,415,3,1,1,3,6,17236,M,0.0,0.0,17
200800029936,8,6,29,1330,1,1,1,1,5,17317,M,0.0,0.0,17
200800029937,8,6,12,730,1,1,9,1,1,17240,M,0.0,0.0,17
200800029938,8,6,13,1745,1,1,1,1,1,17351,M,0.0,0.0,17
200800029939,8,6,16,1730,1,2,1,2,1,17146,M,0.0,0.0,17
200800029940,8,6,13,1930,1,1,1,7,2,17385,M,0.0,0.0,17
200800029941,8,6,21,1930,1,1,1,7,3,17140,M,0.0,0.0,17
200800029942,8,6,24,1015,1,1,1,1,2,17385,M,0.0,0.0,17
200800029943,8,6,1,845,1,2,1,1,3,17155,M,4574000.0,-111400.0,17
200800029944,8,6,7,1515,1,2,1,1,3,17311,M,0.0,0.0,17
200800029945,8,6,25,1545,1,2,1,1,1,17452,M,0.0,0.0,17
200800029946,8,6,20,2230,3,1,1,1,2,17168,M,0.0,0.0,17
200800029947,8,6,1,215,5,2,1,1,6,17447,M,0.0,0.0,17
200800029948,8,6,4,2130,3,1,1,1,7,17063,M,0.0,0.0,17
200800029949,8,6,21,1730,1,1,2,1,3,17107,M,0.0,0.0,17
200800029950,8,6,7,1745,1,1,1,1,1,17214,M,4572100.0,-75900.0,17
200800029951,8,6,6,1645,1,1,1,1,1,17171,M,0.0,0.0,17
200800029952,8,6,19,1315,1,1,1,1,3,17045,M,4587400.0,-83600.0,17
200800029953,8,6,23,1700,1,1,1,1,6,17164,M,0.0,0.0,17
200800029954,8,6,10,1645,1,1,2,2,3,17183,M,0.0,0.0,17
200800029955,8,6,3,1915,1,2,1,1,6,17347,M,0.0,0.0,17
200800029956,8,6,12,1145,1,1,1,1,6,17397,M,4589700.0,-71900.0,17
200800029957,8,6,20,930,1,2,1,1,6,17347,M,0.0,0.0,17
200800029958,8,6,25,1715,1,1,1,1,6,17252,M,0.0,0.0,17
200800029959,8,6,20,1500,1,1,1,1,7,17261,M,0.0,0.0,17
200800029960,8,6,20,1900,1,1,2,1,3,79284,M,4643700.0,-45300.0,79
200800029961,8,6,25,1900,1,1,1,1,6,79263,M,4655400.0,-60500.0,79
200800029962,8,6,28,1930,1,1,1,1,1,79003,M,4627900.0,-45000.0,79
200800029963,8,6,1,1245,1,2,9,1,7,79114,M,0.0,0.0,79
200800029964,8,6,27,1715,1,2,1,1,2,79270,M,0.0,0.0,79
200800029965,8,6,20,2215,5,2,6,1,3,79049,M,0.0,0.0,79
200800029966,8,6,7,1415,1,1,1,1,7,79195,M,0.0,0.0,79
200800029967,8,6,11,2130,2,1,1,1,1,79183,M,0.0,0.0,79
200800029968,8,6,26,1530,1,1,1,1,6,79079,M,0.0,0.0,79
200800029969,8,6,25,1400,1,1,1,1,1,79056,M,0.0,0.0,79
200800029970,8,6,8,1130,1,2,1,1,1,79173,M,4619900.0,-18700.0,79
200800029971,8,6,15,2115,1,2,1,1,6,79142,M,4612000.0,-21500.0,79
200800029972,8,6,25,1000,1,1,1,1,3,79353,M,0.0,0.0,79
200800029973,8,6,14,500,3,1,1,1,6,79213,M,4661900.0,-24200.0,79
200800029974,8,6,8,530,2,1,1,1,6,87166,M,4577100.0,111500.0,87
200800029975,8,6,11,1145,1,1,2,1,5,87021,M,0.0,0.0,87
200800029976,8,6,7,1500,1,1,5,7,3,87070,M,4579400.0,146400.0,87
200800029977,8,6,7,1945,1,2,1,8,1,87047,M,4600100.0,132100.0,87
200800029978,8,6,13,2215,3,1,1,1,6,87045,M,4598100.0,106400.0,87
200800029979,8,6,18,1530,1,2,3,1,1,87083,M,4607800.0,147700.0,87
200800029980,8,6,8,1600,1,1,1,1,1,87133,M,4620400.0,135900.0,87
200800029981,8,6,19,1530,1,1,1,1,1,87180,M,4620200.0,130800.0,87
200800029982,8,6,3,1200,1,2,1,1,1,87030,M,0.0,0.0,87
200800029983,8,6,2,1300,1,1,1,3,6,19037,M,4546600.0,167700.0,19
200800029984,8,6,12,815,1,1,1,1,5,19269,M,4556300.0,181400.0,19
200800029985,8,6,21,1100,1,1,1,1,7,19037,M,,,19
200800029986,8,6,29,630,2,1,1,1,6,19269,M,4552500.0,178700.0,19
200800029987,8,6,4,930,1,2,1,1,6,19278,M,4521400.0,143400.0,19
200800029988,8,6,28,1800,1,1,1,1,1,19148,M,4538100.0,229800.0,19
200800029989,8,6,21,2100,2,1,2,1,3,23148,M,4643200.0,195900.0,23
200800029990,8,6,18,845,1,1,1,1,1,23247,M,4618000.0,174000.0,23
200800029991,8,6,1,30,3,1,1,2,7,23037,M,4602100.0,243700.0,23
200800029992,8,6,20,1615,1,2,1,1,7,31113,M,0.0,0.0,31
200800029993,8,6,25,30,3,1,1,1,6,31311,M,4382200.0,151900.0,31
200800029994,8,6,29,1100,1,2,1,1,3,31118,M,0.0,0.0,31
200800029995,8,6,28,2000,1,1,1,1,6,31202,M,0.0,0.0,31
200800029996,8,6,30,2330,5,1,6,1,6,31066,M,0.0,0.0,31
200800029997,8,6,2,1800,1,1,1,1,1,31438,M,4364500.0,115800.0,31
200800029998,8,6,14,45,3,1,1,1,1,31297,M,0.0,0.0,31
200800029999,8,6,19,730,1,2,1,1,1,31417,M,4362500.0,128700.0,31
200800030000,8,6,25,1430,1,2,1,1,1,31291,M,0.0,0.0,31
200800030001,8,6,4,1745,1,2,1,1,1,31117,M,0.0,0.0,31
200800030002,8,6,7,1900,1,1,1,1,6,31273,M,0.0,0.0,31
200800030003,8,6,6,2015,1,1,1,1,6,31574,M,4345000.0,142200.0,31
200800030004,8,6,26,1730,1,1,1,1,1,31229,M,4333000.0,112600.0,31
200800030005,8,6,17,1400,1,1,1,1,1,31065,M,4338800.0,118500.0,31
200800030006,8,6,28,1445,1,1,1,1,6,31502,M,0.0,0.0,31
200800030007,8,6,8,730,1,2,1,1,6,31190,M,4287700.0,73400.0,31
200800030008,8,6,13,1700,1,1,1,1,1,31524,M,4284500.0,60500.0,31
200800030009,8,6,27,1945,1,1,1,1,6,31307,M,0.0,0.0,31
200800030010,8,6,28,1145,1,2,1,1,3,31582,M,4340000.0,172100.0,31
200800030011,8,6,30,1045,1,1,1,1,1,31377,M,4341900.0,170100.0,31
200800030012,8,6,6,945,1,1,2,1,5,31567,M,4359800.0,166900.0,31
200800030013,8,6,15,145,3,1,1,1,7,31082,M,4359800.0,169300.0,31
200800030014,8,6,18,1400,1,2,2,1,3,31451,M,0.0,0.0,31
200800030015,8,6,26,230,3,1,1,1,7,31451,M,0.0,0.0,31
200800030016,8,6,9,1600,1,1,1,1,6,09269,M,0.0,0.0,09
200800030017,8,6,23,1845,1,1,1,1,6,09042,M,0.0,0.0,09
200800030018,8,6,11,930,1,2,1,8,6,09160,M,0.0,0.0,09
200800030019,8,6,24,1815,1,2,1,1,2,09157,M,4297300.0,186700.0,09
200800030020,8,6,27,1930,1,1,1,1,7,09190,M,4315300.0,134500.0,09
200800030021,8,6,17,2100,1,1,1,2,1,12033,M,0.0,0.0,12
200800030022,8,6,26,1915,1,1,1,1,3,12043,M,4428800.0,252800.0,12
200800030023,8,6,28,845,1,2,1,1,6,12288,M,0.0,0.0,12
200800030024,8,6,21,1500,1,1,1,1,6,12148,M,0.0,0.0,12
200800030025,8,6,25,1400,1,2,1,1,5,12148,M,4447500.0,222700.0,12
200800030026,8,6,13,2015,2,1,1,2,1,12096,M,4452300.0,276300.0,12
200800030027,8,6,11,1400,1,1,1,8,7,12187,M,4455300.0,296000.0,12
200800030028,8,6,1,945,1,1,1,3,1,12260,M,0.0,0.0,12
200800030029,8,6,10,1130,1,1,1,1,1,12082,M,0.0,0.0,12
200800030030,8,6,7,1300,1,1,1,1,6,12238,M,4422300.0,300000.0,12
200800030031,8,6,28,1600,1,1,1,1,1,12247,M,0.0,0.0,12
200800030032,8,6,25,845,1,1,1,1,6,12203,M,0.0,0.0,12
200800030033,8,6,27,1600,1,2,1,7,6,12208,M,4396200.0,288100.0,12
200800030034,8,6,29,1145,1,1,1,1,5,12186,M,4382300.0,259900.0,12
200800030035,8,6,8,300,3,1,1,1,7,12205,M,4429300.0,200600.0,12
200800030036,8,6,16,1315,1,1,1,1,1,12242,M,4440500.0,204100.0,12
200800030037,8,6,18,1845,1,2,1,7,3,12300,M,0.0,0.0,12
200800030038,8,6,18,1400,1,1,1,1,7,12258,M,4422900.0,219900.0,12
200800030039,8,6,25,1930,1,1,1,1,7,32331,M,0.0,0.0,32
200800030040,8,6,8,415,5,2,2,1,3,32154,M,4381300.0,85200.0,32
200800030041,8,6,11,1000,1,1,1,1,7,32269,M,4379600.0,83300.0,32
200800030042,8,6,13,2000,1,1,1,1,1,32433,M,4344700.0,74700.0,32
200800030043,8,6,11,1645,1,1,1,1,3,32168,M,4395100.0,15400.0,32
200800030044,8,6,21,1945,1,1,1,1,7,32119,M,4384800.0,6200.0,32
200800030045,8,6,24,2315,5,1,1,1,6,32096,M,4393000.0,-8100.0,32
200800030046,8,6,9,1330,1,1,1,1,3,32208,M,4393800.0,60100.0,32
200800030047,8,6,18,900,1,1,1,1,4,32132,M,0.0,0.0,32
200800030048,8,6,20,730,1,2,1,1,6,32132,M,4384800.0,66200.0,32
200800030049,8,6,12,1800,1,1,1,1,3,32167,M,4347900.0,28800.0,32
200800030050,8,6,20,1530,1,1,1,1,1,32172,M,0.0,0.0,32
200800030051,8,6,22,615,1,2,1,1,7,32283,M,0.0,0.0,32
200800030052,8,6,6,745,1,1,1,8,3,46322,M,0.0,0.0,46
200800030053,8,6,15,1830,1,1,1,1,7,46010,M,4441900.0,157600.0,46
200800030054,8,6,11,1415,1,1,1,1,3,46008,M,4460600.0,124300.0,46
200800030055,8,6,27,1830,1,1,1,1,6,46066,M,4464000.0,123900.0,46
200800030056,8,6,20,1515,1,1,1,1,3,46102,M,4463400.0,206500.0,46
200800030057,8,6,2,830,1,2,1,1,1,46127,M,0.0,0.0,46
200800030058,8,6,2,1030,1,1,1,3,2,46304,M,0.0,0.0,46
200800030059,8,6,20,2230,3,1,1,1,7,46219,M,4464300.0,140300.0,46
200800030060,8,6,21,230,3,1,1,1,6,46297,M,4468600.0,128800.0,46
200800030061,8,6,23,1100,1,1,1,1,6,46291,M,4461700.0,154500.0,46
200800030062,8,6,28,445,3,1,1,1,6,46334,M,4472900.0,142900.0,46
200800030063,8,6,15,1800,1,1,1,2,1,46208,M,4487300.0,162800.0,46
200800030064,8,6,11,730,1,1,1,1,1,65235,M,4320400.0,1000.0,65
200800030065,8,6,18,1645,1,2,1,1,3,65235,M,4320600.0,3800.0,65
200800030066,8,6,20,1200,1,2,1,1,3,65235,M,4320400.0,3000.0,65
200800030067,8,6,25,1030,1,1,1,1,5,65257,M,4317200.0,-700.0,65
200800030068,8,6,1,1500,1,2,1,1,3,65460,M,4338200.0,6300.0,65
200800030069,8,6,1,500,5,2,1,2,7,65267,M,0.0,0.0,65
200800030070,8,6,21,1100,1,1,1,1,2,65399,M,0.0,0.0,65
200800030071,8,6,1,300,3,2,1,2,6,65198,M,0.0,0.0,65
200800030072,8,6,19,1630,1,1,1,1,7,65123,M,0.0,0.0,65
200800030073,8,6,22,1000,1,1,1,1,1,65320,M,0.0,0.0,65
200800030074,8,6,5,1530,3,1,1,3,3,65389,M,0.0,0.0,65
200800030075,8,6,28,1800,1,1,1,1,2,81260,M,0.0,0.0,81
200800030076,8,6,15,400,5,2,1,1,6,81132,M,4364800.0,204800.0,81
200800030077,8,6,29,730,2,1,1,1,6,81215,M,4379500.0,189700.0,81
200800030078,8,6,3,1845,1,2,1,1,1,69089,M,4575000.0,471200.0,69
200800030079,8,6,4,1800,1,2,1,1,7,69089,M,0.0,0.0,69
200800030080,8,6,17,1645,1,2,9,8,6,69069,M,0.0,0.0,69
200800030081,8,6,26,2100,1,2,1,1,7,69089,M,4575100.0,474600.0,69
200800030082,8,6,3,1630,1,1,1,2,1,81238,M,4348000.0,249400.0,81
200800030083,8,6,14,1230,1,1,1,1,6,81237,M,4346600.0,207900.0,81
200800030084,8,6,23,1745,1,1,1,1,1,81242,M,0.0,0.0,81
200800030085,8,6,27,1015,1,1,1,1,5,81251,M,4356100.0,209600.0,81
200800030086,8,6,30,1830,1,1,1,1,7,81076,M,4355500.0,192000.0,81
200800030087,8,6,6,1745,1,1,1,1,1,82087,M,4411900.0,125000.0,82
200800030088,8,6,9,1700,1,1,1,1,6,82037,M,0.0,0.0,82