Num_Acc,an,mois,jour,hrmn,lum,agg,int,atm,col,com,gps,lat,long,dep
200800030089,8,6,28,915,1,1,1,1,6,82131,M,4425200.0,148300.0,82
200800030090,8,6,22,2100,1,2,1,1,6,82132,M,0.0,0.0,82
200800030091,8,6,21,1500,1,1,1,1,1,82129,M,4393200.0,87400.0,82
200800030092,8,6,7,1030,1,1,1,1,7,82167,M,0.0,0.0,82
200800030093,8,6,15,800,1,2,1,1,6,82142,M,0.0,0.0,82
200800030094,8,6,20,1845,1,1,1,7,3,82075,M,0.0,0.0,82
200800030095,8,6,1,15,3,1,1,2,3,82101,M,4409600.0,99600.0,82
200800030096,8,6,19,2130,3,1,1,1,3,82124,M,4400700.0,129900.0,82
200800030097,8,6,11,2000,1,2,1,1,3,69285,M,0.0,0.0,69
200800030098,8,6,26,2100,2,2,1,1,2,69277,M,0.0,0.0,69
200800030099,8,6,27,2315,3,1,1,1,3,69285,M,4528000.0,510000.0,69
200800030100,8,6,3,900,1,2,1,1,6,69068,M,0.0,0.0,69
200800030101,8,6,24,845,1,1,6,1,3,69288,M,4570200.0,502900.0,69
200800030102,8,6,30,1130,1,2,1,1,3,69287,M,0.0,0.0,69
200800030103,8,6,3,2030,1,2,1,1,1,69231,M,0.0,0.0,69
200800030104,8,6,8,1615,1,1,1,2,1,69112,M,0.0,0.0,69
200800030105,8,6,12,830,1,1,1,1,1,69032,M,0.0,0.0,69
200800030106,8,6,21,1815,1,1,1,1,3,69112,M,0.0,0.0,69
200800030107,8,6,30,1930,1,1,1,1,4,69177,M,0.0,0.0,69
200800030108,8,6,18,1630,1,1,1,1,1,69203,M,0.0,0.0,69
200800030109,8,6,26,1630,1,1,1,1,1,69220,M,4574500.0,445400.0,69
200800030110,8,6,21,1730,1,1,1,1,7,69014,M,0.0,0.0,69
200800030111,8,6,25,1230,1,1,1,1,5,69042,M,4564300.0,451000.0,69
200800030112,8,6,6,2015,1,1,1,2,1,69028,M,0.0,0.0,69
200800030113,8,6,12,15,3,1,1,1,6,69255,M,0.0,0.0,69
200800030114,8,6,21,15,3,1,1,1,1,69154,M,0.0,0.0,69
200800030115,8,6,18,1830,1,1,1,1,3,69291,M,0.0,0.0,69
200800030116,8,6,19,1915,1,1,1,1,3,69295,M,4561500.0,485500.0,69
200800030117,8,6,28,1315,1,1,1,7,1,69258,M,0.0,0.0,69
200800030118,8,6,8,430,3,1,9,1,7,69211,M,4613200.0,471400.0,69
200800030119,8,6,20,1745,1,1,2,1,3,69239,M,0.0,0.0,69
200800030120,8,6,16,1830,1,2,1,1,6,69243,M,0.0,0.0,69
200800030121,8,6,27,1315,1,2,1,1,6,69243,M,0.0,0.0,69
200800030122,8,6,10,2030,1,2,2,1,1,69160,M,4615500.0,445800.0,69
200800030123,8,6,3,1000,1,1,1,1,6,69169,M,4598200.0,438800.0,69
200800030124,8,6,20,1400,1,1,1,1,2,69006,M,4597900.0,434000.0,69
200800030125,8,6,26,1830,1,2,1,1,1,69066,M,4610000.0,432000.0,69
200800030126,8,6,20,2015,1,1,1,1,3,01246,M,0.0,0.0,01
200800030127,8,6,6,1815,1,1,1,2,5,01184,M,0.0,0.0,01
200800030128,8,6,19,845,1,2,1,1,6,01072,M,4618200.0,532500.0,01
200800030129,8,6,29,1515,1,1,1,1,7,01095,M,0.0,0.0,01
200800030130,8,6,16,1845,1,1,1,3,1,01040,M,0.0,0.0,01
200800030131,8,6,26,1330,1,2,1,1,2,01134,M,0.0,0.0,01
200800030132,8,6,2,2330,3,2,1,1,7,01058,M,0.0,0.0,01
200800030133,8,6,15,2000,1,1,1,1,3,01034,M,0.0,0.0,01
200800030134,8,6,20,600,2,1,1,1,6,01216,M,0.0,0.0,01
200800030135,8,6,23,1800,1,1,1,1,1,01010,M,4590900.0,580900.0,01
200800030136,8,6,21,1200,1,2,1,1,1,01138,M,4585300.0,577800.0,01
200800030137,8,6,30,1445,1,1,1,1,7,01409,M,4594700.0,571500.0,01
200800030138,8,6,16,1245,1,2,1,2,1,01122,M,,,01
200800030139,8,6,4,1515,1,1,1,1,7,01345,M,0.0,0.0,01
200800030140,8,6,28,1745,1,1,1,1,3,01004,M,4594300.0,537800.0,01
200800030141,8,6,18,2030,1,2,1,1,2,01265,M,0.0,0.0,01
200800030142,8,6,20,1330,1,1,1,1,6,01357,M,0.0,0.0,01
200800030143,8,6,7,1115,1,1,1,1,1,01419,M,0.0,0.0,01
200800030144,8,6,20,130,3,1,1,1,7,01078,M,0.0,0.0,01
200800030145,8,6,13,2130,2,1,1,1,7,01074,M,4602800.0,515400.0,01
200800030146,8,6,25,630,1,1,1,1,1,01434,M,0.0,0.0,01
200800030147,8,6,13,1730,1,1,1,1,1,01272,M,4616800.0,500100.0,01
200800030148,8,6,17,1200,1,1,1,1,1,01412,M,4616900.0,496400.0,01
200800030149,8,6,26,700,1,1,1,1,1,01046,M,0.0,0.0,01
200800030150,8,6,4,1115,1,2,9,1,6,01244,M,0.0,0.0,01
200800030151,8,6,14,1415,1,2,1,1,3,01325,M,0.0,0.0,01
200800030152,8,6,6,1045,1,2,1,1,3,01333,M,4593700.0,496100.0,01
200800030153,8,6,17,2115,2,1,3,8,5,01157,M,4601400.0,475300.0,01
200800030154,8,6,19,700,1,1,1,1,1,01348,M,4616800.0,481600.0,01
200800030155,8,6,20,2045,2,2,1,1,3,01348,M,4618500.0,481100.0,01
200800030156,8,6,7,1900,1,1,1,1,7,07042,M,0.0,0.0,07
200800030157,8,6,13,2030,2,1,1,1,1,07042,M,0.0,0.0,07
200800030158,8,6,10,1600,1,1,1,1,7,07167,M,0.0,0.0,07
200800030159,8,6,2,730,1,1,1,1,6,07346,M,0.0,0.0,07
200800030160,8,6,17,2000,1,1,1,1,6,07157,M,0.0,0.0,07
200800030161,8,6,7,1000,1,1,1,1,6,07341,M,0.0,0.0,07
200800030162,8,6,24,1000,1,2,1,1,6,07349,M,0.0,0.0,07
200800030163,8,6,6,1415,1,2,1,1,5,07182,M,0.0,0.0,07
200800030164,8,6,12,1115,1,2,1,1,7,07087,M,0.0,0.0,07
200800030165,8,6,23,800,1,1,1,1,5,07101,M,0.0,0.0,07
200800030166,8,6,13,1945,1,2,1,1,3,07324,M,4505900.0,483900.0,07
200800030167,8,6,23,1115,1,1,1,1,1,07217,M,4503500.0,473900.0,07
200800030168,8,6,24,1700,1,1,1,1,3,07324,M,0.0,0.0,07
200800030169,8,6,28,1500,1,1,1,1,1,07007,M,4494600.0,473600.0,07
200800030170,8,6,19,1900,1,1,1,1,1,07310,M,0.0,0.0,07
200800030171,8,6,15,1445,1,1,1,8,7,07103,M,4499100.0,436300.0,07
200800030172,8,6,21,830,1,1,1,1,6,07267,M,4488000.0,426100.0,07
200800030173,8,6,13,1200,1,1,1,1,6,07129,M,0.0,0.0,07
200800030174,8,6,21,2015,1,2,1,1,3,07236,M,0.0,0.0,07
200800030175,8,6,27,1915,1,2,1,1,3,26165,M,0.0,0.0,26
200800030176,8,6,22,1600,1,1,1,1,2,26290,M,0.0,0.0,26
200800030177,8,6,14,1215,1,1,2,1,1,26235,M,0.0,0.0,26
200800030178,8,6,8,1200,1,1,1,1,1,26050,M,4433700.0,532000.0,26
200800030179,8,6,22,1145,1,1,1,1,1,26105,M,4445500.0,537200.0,26
200800030180,8,6,23,845,1,1,1,1,2,26104,M,4444100.0,537000.0,26
200800030181,8,6,26,1515,1,1,1,1,7,26376,M,0.0,0.0,26
200800030182,8,6,19,1930,1,1,1,1,1,26084,M,0.0,0.0,26
200800030183,8,6,26,815,1,1,1,1,5,26096,M,4509100.0,493600.0,26
200800030184,8,6,7,545,3,1,1,2,6,26143,M,0.0,0.0,26
200800030185,8,6,10,1745,1,2,1,1,3,26148,M,0.0,0.0,26
200800030186,8,6,15,630,2,1,1,1,7,26332,M,0.0,0.0,26
200800030187,8,6,21,1715,1,1,1,1,6,26219,M,0.0,0.0,26
200800030188,8,6,16,1745,1,2,1,3,3,38547,M,4523800.0,588300.0,38
200800030189,8,6,20,1045,1,2,1,1,6,38150,M,4520700.0,583800.0,38
200800030190,8,6,20,2045,1,2,6,7,1,38158,M,4515700.0,573600.0,38
200800030191,8,6,2,1800,1,1,1,1,1,38412,M,0.0,0.0,38
200800030192,8,6,8,1745,1,1,1,1,3,38262,M,0.0,0.0,38
200800030193,8,6,13,2200,5,2,1,1,3,38170,M,4525300.0,566600.0,38
200800030194,8,6,13,2245,3,2,1,1,6,38565,M,4530400.0,562800.0,38
200800030195,8,6,20,1345,1,2,1,1,6,38565,M,4530000.0,563200.0,38
200800030196,8,6,22,1230,1,1,1,1,1,38061,M,4534500.0,561400.0,38
200800030197,8,6,23,1500,1,1,1,1,3,38565,M,0.0,0.0,38
200800030198,8,6,22,1245,1,1,1,1,3,38565,M,4534500.0,561400.0,38
200800030199,8,6,24,1930,1,2,1,1,3,38170,M,4526400.0,565900.0,38
200800030200,8,6,21,1245,1,1,1,1,2,38565,M,4532200.0,562200.0,38
200800030201,8,6,22,1830,1,1,1,1,2,38462,M,4499500.0,577300.0,38
200800030202,8,6,10,2115,2,2,1,1,1,38133,M,4536600.0,560300.0,38
200800030203,8,6,13,945,1,1,1,1,1,38058,M,0.0,0.0,38
200800030204,8,6,4,1230,1,2,1,1,1,38559,M,4521500.0,540500.0,38
200800030205,8,6,22,1200,1,1,3,1,1,38248,M,4526400.0,556100.0,38
200800030206,8,6,25,1800,1,1,2,1,3,38345,M,4520800.0,546500.0,38
200800030207,8,6,20,1515,1,2,1,1,6,38135,M,0.0,0.0,38
200800030208,8,6,29,430,5,2,1,1,6,38320,M,0.0,0.0,38
200800030209,8,6,16,1615,1,2,1,2,7,38124,M,4562000.0,553400.0,38
200800030210,8,6,21,1500,1,2,1,1,3,38315,M,0.0,0.0,38
200800030211,8,6,14,1715,1,1,1,1,6,38509,M,0.0,0.0,38
200800030212,8,6,20,1830,1,1,1,1,6,38464,M,4555800.0,541000.0,38
200800030213,8,6,22,1115,1,1,2,1,3,38076,M,4559800.0,547700.0,38
200800030214,8,6,28,1445,1,2,1,1,3,38369,M,0.0,0.0,38
200800030215,8,6,17,1415,1,2,2,1,3,44201,M,0.0,0.0,44
200800030216,8,6,15,1130,1,1,1,1,6,38288,M,4558400.0,502000.0,38
200800030217,8,6,11,1445,1,1,1,1,7,38349,M,4533700.0,478000.0,38
200800030218,8,6,14,2100,1,2,1,1,1,38298,M,4538600.0,479900.0,38
200800030219,8,6,13,615,1,1,1,1,7,38449,M,0.0,0.0,38
200800030220,8,6,7,1930,2,2,1,2,1,42211,M,0.0,0.0,42
200800030221,8,6,14,815,1,2,1,1,5,42005,M,0.0,0.0,42
200800030222,8,6,4,1200,1,1,1,2,3,42295,M,4540500.0,332400.0,42
200800030223,8,6,6,815,1,1,1,2,6,42262,M,4540300.0,417600.0,42
200800030224,8,6,27,845,1,1,1,1,6,42266,M,4541800.0,407200.0,42
200800030225,8,6,23,1345,1,2,1,1,6,42200,M,4565000.0,426200.0,42
200800030226,8,6,19,1700,1,2,1,1,1,42059,M,0.0,0.0,42
200800030227,8,6,17,1100,1,1,1,5,7,42331,M,0.0,0.0,42
200800030228,8,6,22,400,2,1,1,1,6,42069,M,0.0,0.0,42
200800030229,8,6,22,1700,1,2,1,1,6,42239,M,0.0,0.0,42
200800030230,8,6,10,1945,1,1,1,1,1,42213,M,0.0,0.0,42
200800030231,8,6,15,200,3,1,1,1,7,42333,M,0.0,0.0,42
200800030232,8,6,8,1500,1,1,1,8,6,42339,M,0.0,0.0,42
200800030233,8,6,21,1615,1,1,1,1,7,42248,M,4593500.0,386200.0,42
200800030234,8,6,24,1130,1,2,1,1,6,42047,M,4586100.0,383700.0,42
200800030235,8,6,7,515,3,1,1,2,6,73249,M,4574100.0,597100.0,73
200800030236,8,6,15,1515,1,1,1,1,2,73178,M,0.0,0.0,73
200800030237,8,6,7,1400,1,2,1,2,3,73270,M,4556800.0,615400.0,73
200800030238,8,6,12,1930,1,1,1,1,1,73191,M,4557500.0,579400.0,73
200800030239,8,6,24,2245,3,1,1,1,1,73145,M,4554300.0,578800.0,73
200800030240,8,6,22,1900,1,1,1,1,1,73041,M,4553000.0,619000.0,73
200800030241,8,6,30,1945,1,1,1,1,3,73289,M,4549400.0,615100.0,73
200800030242,8,6,7,200,3,1,1,5,6,73077,M,0.0,0.0,73
200800030243,8,6,29,1615,1,2,1,2,7,73320,M,4526500.0,637800.0,73
200800030244,8,6,12,1345,1,2,1,1,1,74182,M,0.0,0.0,74
200800030245,8,6,24,1900,1,2,1,1,1,74182,M,0.0,0.0,74
200800030246,8,6,11,1630,1,1,1,1,3,74275,M,0.0,0.0,74
200800030247,8,6,24,2300,3,1,1,1,3,74104,M,0.0,0.0,74
200800030248,8,6,28,1245,1,2,1,1,3,74267,M,,,74
200800030249,8,6,12,2115,1,1,1,1,6,74160,M,0.0,0.0,74
200800030250,8,6,13,1315,1,1,1,1,3,74280,M,0.0,0.0,74
200800030251,8,6,24,1100,1,2,1,1,1,74036,M,0.0,0.0,74
200800030252,8,6,27,1615,1,2,1,1,1,74136,M,0.0,0.0,74
200800030253,8,6,14,1430,1,2,1,1,6,74056,M,0.0,0.0,74
200800030254,8,6,1,1030,1,1,1,1,7,74014,M,0.0,0.0,74
200800030255,8,6,8,915,1,2,1,1,7,74081,M,0.0,0.0,74
200800030256,8,6,9,1130,1,2,1,1,1,74081,M,0.0,0.0,74
200800030257,8,6,28,2030,2,2,1,1,3,74169,M,0.0,0.0,74
200800030258,8,6,22,1300,1,2,1,1,6,74236,M,4590700.0,670500.0,74
200800030259,8,6,23,1730,1,2,1,1,1,74173,M,0.0,0.0,74
200800030260,8,6,8,800,1,1,1,1,6,74224,M,0.0,0.0,74
200800030261,8,6,20,1415,1,1,1,1,3,74007,M,4607300.0,634300.0,74
200800030262,8,6,14,1700,1,1,1,1,3,74208,M,4593400.0,668300.0,74
200800030263,8,6,16,2015,5,1,1,3,7,74103,M,4591800.0,665200.0,74
200800030264,8,6,11,2345,5,2,1,1,6,74243,M,0.0,0.0,74
200800030265,8,6,23,1945,1,1,1,7,3,74216,M,0.0,0.0,74
200800030266,8,6,29,300,3,1,1,1,2,74243,M,0.0,0.0,74
200800030267,8,6,7,245,3,1,1,2,5,74229,M,0.0,0.0,74
200800030268,8,6,11,1800,1,1,1,1,1,74211,M,4611900.0,626100.0,74
200800030269,8,6,13,2315,3,1,1,1,7,74197,M,4613900.0,631200.0,74
200800030270,8,6,27,1230,1,1,1,1,1,74185,M,0.0,0.0,74
200800030271,8,6,3,845,1,1,1,1,1,74096,M,0.0,0.0,74
200800030272,8,6,18,1915,1,1,1,1,5,74288,M,0.0,0.0,74
200800030273,8,6,17,2000,2,1,1,2,1,74131,M,0.0,0.0,74
200800030274,8,6,25,615,1,2,1,1,6,74168,M,0.0,0.0,74
200800030275,8,6,29,815,1,1,1,1,2,74131,M,0.0,0.0,74
200800030276,8,6,30,2115,1,2,1,1,1,74086,M,0.0,0.0,74
200800030277,8,6,2,1400,1,1,8,3,1,74005,M,4633000.0,643900.0,74
200800030278,8,6,12,830,3,1,1,2,6,74126,M,4627800.0,640900.0,74
200800030279,8,6,13,830,1,2,1,1,3,74070,M,4632900.0,627900.0,74
200800030280,8,6,15,200,5,2,1,1,3,74105,M,4631000.0,630500.0,74
200800030281,8,6,19,1345,1,1,1,1,1,74053,M,0.0,0.0,74
200800030282,8,6,22,100,3,1,1,1,3,74156,M,4629500.0,642700.0,74
200800030283,8,6,22,1715,1,1,1,1,6,74155,M,4629000.0,651600.0,74
200800030284,8,6,3,845,1,1,1,1,1,74249,M,0.0,0.0,74
200800030285,8,6,17,1015,1,1,1,2,1,74166,M,0.0,0.0,74
200800030286,8,6,4,845,1,1,1,8,7,63155,M,0.0,0.0,63
200800030287,8,6,19,1530,1,1,1,1,7,63045,M,4578300.0,343400.0,63
200800030288,8,6,26,2015,1,1,1,1,3,63146,M,4572000.0,338000.0,63
200800030289,8,6,29,1545,1,1,1,1,7,63106,M,4574000.0,327000.0,63
200800030290,8,6,30,1830,1,1,1,1,6,63236,M,4560200.0,283500.0,63
200800030291,8,6,22,2130,2,1,1,1,6,63225,M,4563200.0,250700.0,63
200800030292,8,6,25,1030,1,1,1,1,6,63048,M,4564800.0,256100.0,63
200800030293,8,6,18,2000,1,1,1,1,6,63141,M,0.0,0.0,63
200800030294,8,6,2,1545,1,1,1,1,1,63284,M,4580000.0,321800.0,63
200800030295,8,6,7,2000,1,1,1,2,1,63257,M,4574300.0,285800.0,63
200800030296,8,6,5,1215,1,2,1,1,2,63026,M,4567000.0,298000.0,63
200800030297,8,6,17,1400,1,2,2,3,3,63262,M,4570000.0,317000.0,63
200800030298,8,6,6,1000,1,1,1,2,3,63023,M,4561100.0,350400.0,63
200800030299,8,6,5,1330,1,2,1,3,1,63465,M,0.0,0.0,63
200800030300,8,6,25,815,1,1,1,1,1,63173,M,4553000.0,384500.0,63
200800030301,8,6,29,200,5,2,1,1,7,63052,M,4546800.0,326700.0,63
200800030302,8,6,28,1400,1,2,1,1,6,63470,M,0.0,0.0,63
200800030303,8,6,24,1000,1,1,1,1,1,63240,M,4604000.0,321100.0,63
200800030304,8,6,7,1030,1,1,1,1,7,63391,M,4607700.0,291600.0,63
200800030305,8,6,7,1930,2,1,1,2,7,63293,M,4612700.0,276400.0,63
200800030306,8,6,10,1215,1,1,1,1,7,63067,M,4610800.0,272300.0,63
200800030307,8,6,12,145,5,2,1,1,6,63195,M,4582800.0,338200.0,63
200800030308,8,6,9,800,1,1,1,1,1,63461,M,4592800.0,342200.0,63
200800030309,8,6,7,830,1,1,1,1,6,03155,M,4672000.0,295300.0,03
200800030310,8,6,28,1730,1,2,1,1,1,03173,M,4646700.0,394000.0,03
200800030311,8,6,29,1530,1,1,1,1,1,03173,M,4645100.0,389500.0,03
200800030312,8,6,16,2345,3,1,1,1,6,03076,M,4658300.0,342300.0,03
200800030313,8,6,4,800,1,1,1,2,1,03092,M,4644400.0,318400.0,03
200800030314,8,6,7,530,2,1,1,1,6,03026,M,4646000.0,323600.0,03
200800030315,8,6,24,1500,1,2,6,7,1,03092,M,4644800.0,316100.0,03
200800030316,8,6,24,1000,1,1,1,1,6,03249,M,0.0,0.0,03
200800030317,8,6,24,1600,1,1,2,1,3,03221,M,4664400.0,270700.0,03
200800030318,8,6,1,1530,1,2,1,1,3,03082,M,4628400.0,276300.0,03
200800030319,8,6,19,1800,1,1,1,1,1,03161,M,4617500.0,263300.0,03
200800030320,8,6,15,1230,1,1,1,2,3,03004,M,4626700.0,373300.0,03
200800030321,8,6,12,800,1,1,1,1,2,15267,M,4489800.0,240200.0,15
200800030322,8,6,17,1945,1,1,1,1,2,15118,M,0.0,0.0,15
200800030323,8,6,26,1245,1,1,1,1,6,15211,M,4500100.0,225700.0,15
200800030324,8,6,21,1130,1,1,1,1,3,15214,M,0.0,0.0,15
200800030325,8,6,7,1845,1,1,1,1,3,15174,M,4515900.0,248000.0,15
200800030326,8,6,12,1830,1,2,1,1,6,15187,M,0.0,0.0,15
200800030327,8,6,25,1500,1,1,1,1,6,15068,M,4496800.0,316300.0,15
200800030328,8,6,12,1830,1,2,1,1,3,43084,M,4499400.0,386100.0,43
200800030329,8,6,6,2100,2,1,1,2,6,43049,M,0.0,0.0,43
200800030330,8,6,15,230,3,1,1,1,7,43150,M,4509800.0,405700.0,43
200800030331,8,6,21,1545,1,1,1,1,1,43190,M,0.0,0.0,43
200800030332,8,6,23,1445,1,2,1,1,4,43194,M,0.0,0.0,43
200800030333,8,6,27,2230,3,1,1,1,7,43189,M,4531100.0,387800.0,43
200800030334,8,6,27,2145,2,2,6,1,3,43040,M,0.0,0.0,43
200800030335,8,6,27,1815,1,1,1,1,1,43074,M,0.0,0.0,43
200800030336,8,6,30,1700,1,1,1,7,6,43207,M,4527800.0,331200.0,43
200800030337,8,6,6,1415,1,1,1,2,6,43162,M,4523700.0,399800.0,43
200800030338,8,6,13,2100,1,1,1,1,6,43268,M,4511700.0,414500.0,43
200800030339,8,6,5,1530,1,2,1,1,6,43137,M,4528900.0,416700.0,43
200800030340,8,6,14,1530,1,1,1,1,1,43137,M,4527400.0,419700.0,43
200800030341,8,6,6,1745,1,1,1,1,3,43184,M,4536100.0,425300.0,43
200800030342,8,6,21,1815,1,2,9,1,3,57153,M,0.0,0.0,57
200800030343,8,6,27,1545,1,1,1,1,1,57578,M,0.0,0.0,57
200800030344,8,6,14,115,5,1,1,1,6,57452,M,0.0,0.0,57
200800030345,8,6,24,1845,1,1,1,1,3,57137,M,0.0,0.0,57
200800030346,8,6,29,1430,1,1,1,1,7,57472,M,0.0,0.0,57
200800030347,8,6,2,1145,1,1,1,1,1,57028,M,0.0,0.0,57
200800030348,8,6,3,1530,1,1,1,1,6,57193,M,0.0,0.0,57
200800030349,8,6,8,800,1,2,1,1,6,57736,M,0.0,0.0,57
200800030350,8,6,22,1630,1,1,1,1,1,57155,M,0.0,0.0,57
200800030351,8,6,8,1615,1,2,1,1,1,57274,M,0.0,0.0,57
200800030352,8,6,20,2000,1,2,1,1,3,57160,M,4921200.0,669600.0,57
200800030353,8,6,24,2015,1,1,1,1,7,57434,M,0.0,0.0,57
200800030354,8,6,9,1430,1,1,1,1,7,57706,M,4884000.0,674500.0,57
200800030355,8,6,18,1730,1,2,1,1,6,57177,M,0.0,0.0,57
200800030356,8,6,7,1600,1,2,1,1,1,57428,M,4910600.0,677400.0,57
200800030357,8,6,6,900,1,2,1,1,7,57262,M,4898300.0,674700.0,57
200800030358,8,6,22,715,1,1,1,1,6,57536,M,4898400.0,685600.0,57
200800030359,8,6,10,1845,1,1,1,1,6,57427,M,0.0,0.0,57
200800030360,8,6,28,1600,1,2,1,1,1,57561,M,0.0,0.0,57
200800030361,8,6,27,1145,1,1,1,1,3,57250,M,0.0,0.0,57
200800030362,8,6,18,1745,1,2,1,1,3,57206,M,0.0,0.0,57
200800030363,8,6,14,1600,1,1,1,2,1,57269,M,0.0,0.0,57
200800030364,8,6,18,1845,1,2,1,1,3,57370,M,0.0,0.0,57
200800030365,8,6,29,1815,1,1,1,1,1,57102,M,4927600.0,620300.0,57
200800030366,8,6,23,1700,1,2,1,1,6,57582,M,0.0,0.0,57
200800030367,8,6,24,1215,1,1,1,7,1,57582,M,0.0,0.0,57
200800030368,8,6,10,800,1,1,1,1,4,54089,M,4877100.0,626600.0,54
200800030369,8,6,23,2015,2,1,1,8,6,54301,M,0.0,0.0,54
200800030370,8,6,28,2100,1,1,1,1,6,54089,M,0.0,0.0,54
200800030371,8,6,30,700,1,1,1,1,3,54131,M,0.0,0.0,54
200800030372,8,6,14,2130,1,1,1,1,7,54305,M,0.0,0.0,54
200800030373,8,6,1,630,1,2,1,1,1,54397,M,4862700.0,611100.0,54
200800030374,8,6,19,2130,2,2,1,1,2,54397,M,0.0,0.0,54
200800030375,8,6,26,1845,1,2,1,1,3,54366,M,0.0,0.0,54
200800030376,8,6,26,2000,1,1,1,1,1,54352,M,4865300.0,608500.0,54
200800030377,8,6,18,1345,1,2,1,1,6,54094,M,4841000.0,619300.0,54
200800030378,8,6,21,1200,1,1,1,1,5,54581,M,0.0,0.0,54
200800030379,8,6,29,1000,1,1,1,1,6,54198,M,0.0,0.0,54
200800030380,8,6,9,430,3,1,1,1,7,54514,M,0.0,0.0,54
200800030381,8,6,29,330,5,2,1,1,6,54154,M,0.0,0.0,54
200800030382,8,6,30,1400,1,1,1,1,2,54080,M,0.0,0.0,54
200800030383,8,6,15,1615,1,1,1,1,4,55386,M,4893000.0,576000.0,55
200800030384,8,6,17,700,1,1,1,1,6,55245,M,4893000.0,567000.0,55
200800030385,8,6,27,1315,1,1,1,1,6,55362,M,4958300.0,511600.0,55
200800030386,8,6,8,2015,1,1,2,8,3,55191,M,4923200.0,559300.0,55
200800030387,8,6,24,1630,1,1,1,1,1,55181,M,4921700.0,562000.0,55
200800030388,8,6,28,1700,1,1,1,1,7,55357,M,4922600.0,558300.0,55
200800030389,8,6,1,1600,1,2,1,1,6,88281,M,0.0,0.0,88
200800030390,8,6,16,1245,1,2,1,1,3,88483,M,0.0,0.0,88
200800030391,8,6,28,1730,1,1,1,1,7,88253,M,0.0,0.0,88
200800030392,8,6,28,500,2,1,1,1,6,88261,M,0.0,0.0,88
200800030393,8,6,4,1330,1,2,1,1,2,88090,M,0.0,0.0,88
200800030394,8,6,16,1845,1,2,1,1,2,88513,M,0.0,0.0,88
200800030395,8,6,3,1730,1,1,1,1,1,88008,M,0.0,0.0,88
200800030396,8,6,26,1915,1,1,1,1,7,88497,M,4829800.0,643900.0,88
200800030397,8,6,27,1800,1,2,1,1,3,88212,M,0.0,0.0,88
200800030398,8,6,29,1600,1,2,1,1,6,88074,M,0.0,0.0,88
200800030399,8,6,1,1715,1,1,1,1,6,88304,M,0.0,0.0,88
200800030400,8,6,10,1845,1,2,1,1,7,88304,M,0.0,0.0,88
200800030401,8,6,14,415,3,1,1,1,6,88401,M,4832800.0,576900.0,88
200800030402,8,6,6,815,1,2,1,1,3,88158,M,4809000.0,660000.0,88
200800030403,8,6,20,1530,1,2,9,1,2,88498,M,4798200.0,663700.0,88
200800030404,8,6,12,1815,1,1,1,1,6,88177,M,0.0,0.0,88
200800030405,8,6,11,1745,1,1,2,1,3,88408,M,4795800.0,662900.0,88
200800030406,8,6,27,2000,1,1,1,1,1,88487,M,4796100.0,647700.0,88
200800030407,8,6,11,745,1,2,1,1,1,88196,M,0.0,0.0,88
200800030408,8,6,22,915,1,1,1,1,6,88531,M,0.0,0.0,88
200800030409,8,6,27,1730,1,2,1,1,6,67046,M,0.0,0.0,67
200800030410,8,6,13,1745,1,2,1,1,1,67020,M,4848200.0,722500.0,67
200800030411,8,6,30,330,3,1,1,1,1,67168,M,4854100.0,742300.0,67
200800030412,8,6,27,1145,1,1,3,1,5,67520,M,4864900.0,744400.0,67
200800030413,8,6,28,930,1,2,7,1,6,67520,M,4864300.0,745100.0,67
200800030414,8,6,3,1515,1,2,1,1,6,67437,M,0.0,0.0,67
200800030415,8,6,5,1945,1,2,1,2,6,67302,M,4876000.0,738000.0,67
200800030416,8,6,15,845,1,2,1,1,6,67437,M,4874500.0,736100.0,67
200800030417,8,6,14,1700,1,2,1,1,6,67162,M,4878000.0,748000.0,67
200800030418,8,6,22,2015,1,2,1,1,6,67437,M,4874900.0,735900.0,67
200800030419,8,6,5,1630,1,1,1,3,7,67467,M,0.0,0.0,67
200800030420,8,6,8,530,1,1,1,1,7,67535,M,0.0,0.0,67
200800030421,8,6,8,1630,1,1,1,1,1,67381,M,0.0,0.0,67
200800030422,8,6,28,500,3,1,1,1,6,67508,M,0.0,0.0,67
200800030423,8,6,30,2045,1,2,1,1,1,67009,M,0.0,0.0,67
200800030424,8,6,14,1145,1,2,1,1,6,67539,M,4872400.0,763400.0,67
200800030425,8,6,21,1845,1,2,1,1,1,67202,M,4875800.0,756800.0,67
200800030426,8,6,14,945,1,1,1,1,3,67495,M,4865500.0,760600.0,67
200800030427,8,6,28,1645,1,1,1,1,3,67519,M,4866800.0,781200.0,67
200800030428,8,6,26,1245,1,2,1,1,1,67445,M,4829200.0,742100.0,67
200800030429,8,6,10,1215,1,1,1,1,6,67422,M,4825900.0,763600.0,67
200800030430,8,6,10,1500,1,1,1,1,3,67544,M,4903300.0,792300.0,67
200800030431,8,6,18,645,1,1,1,1,6,67351,M,4898300.0,799300.0,67
200800030432,8,6,18,1600,1,2,1,1,3,67544,M,4903700.0,794600.0,67
200800030433,8,6,22,1045,1,1,1,1,6,67416,M,4903400.0,789700.0,67
200800030434,8,6,21,1600,1,1,1,7,1,67463,M,0.0,0.0,67
200800030435,8,6,3,2115,2,1,8,1,6,67235,M,0.0,0.0,67