Num_Acc,an,mois,jour,hrmn,lum,agg,int,atm,col,com,gps,lat,long,dep
200800030436,8,6,17,1000,1,1,1,1,7,67232,M,4897300.0,789600.0,67
200800030437,8,6,23,615,1,1,1,1,1,67104,M,4897800.0,787100.0,67
200800030438,8,6,4,1500,1,2,1,1,1,68295,M,0.0,0.0,68
200800030439,8,6,20,1345,1,1,1,1,3,68173,M,4810100.0,719900.0,68
200800030440,8,6,10,1315,1,2,1,1,6,68226,M,4804300.0,713300.0,68
200800030441,8,6,24,1500,1,1,9,2,6,68311,M,4798100.0,710000.0,68
200800030442,8,6,4,1000,1,1,1,1,7,68333,M,0.0,0.0,68
200800030443,8,6,5,2015,1,1,1,1,6,68035,M,4746900.0,743000.0,68
200800030444,8,6,18,2015,1,1,1,1,2,68049,M,4751100.0,734600.0,68
200800030445,8,6,21,1515,1,1,1,1,2,68184,M,4748100.0,722400.0,68
200800030446,8,6,16,2000,2,1,1,1,1,68082,M,4788000.0,738600.0,68
200800030447,8,6,19,645,1,2,1,1,3,68154,M,0.0,0.0,68
200800030448,8,6,5,845,1,2,1,2,3,68253,M,4779000.0,750900.0,68
200800030449,8,6,7,900,1,1,1,1,6,68349,M,0.0,0.0,68
200800030450,8,6,14,1800,3,1,6,1,6,68042,M,0.0,0.0,68
200800030451,8,6,25,1800,1,1,1,1,6,68263,M,0.0,0.0,68
200800030452,8,6,1,1400,1,1,1,1,1,68370,M,4800100.0,695300.0,68
200800030453,8,6,22,1730,1,1,1,1,7,68171,M,4794700.0,696300.0,68
200800030454,8,6,11,1730,1,1,1,1,6,51193,M,4899100.0,449500.0,51
200800030455,8,6,26,1615,1,1,1,1,1,51154,M,4883800.0,405900.0,51
200800030456,8,6,21,1915,2,1,1,7,3,51217,M,4906700.0,362200.0,51
200800030457,8,6,12,1345,1,1,1,2,1,51248,M,4876700.0,398900.0,51
200800030458,8,6,17,1745,1,2,1,1,3,51165,M,4873300.0,392500.0,51
200800030459,8,6,6,1800,1,2,1,1,3,51264,M,0.0,0.0,51
200800030460,8,6,19,530,2,1,1,1,7,51100,M,0.0,0.0,51
200800030461,8,6,24,1900,1,2,1,1,6,51163,M,4886400.0,382100.0,51
200800030462,8,6,21,1300,1,1,1,1,7,51210,M,4907900.0,397700.0,51
200800030463,8,6,2,1900,1,1,1,1,1,51065,M,0.0,0.0,51
200800030464,8,6,7,2345,3,1,1,1,1,51510,M,0.0,0.0,51
200800030465,8,6,13,1645,1,2,2,1,3,51649,M,0.0,0.0,51
200800030466,8,6,11,1130,1,2,7,1,3,51649,M,4872600.0,458200.0,51
200800030467,8,6,24,1330,1,2,1,1,6,51649,M,0.0,0.0,51
200800030468,8,6,27,515,2,2,1,1,1,51531,M,4879000.0,491200.0,51
200800030469,8,6,17,1815,1,2,1,1,3,51062,M,4924400.0,489500.0,51
200800030470,8,6,19,1630,1,1,1,1,6,51399,M,4912300.0,488400.0,51
200800030471,8,6,1,1815,1,2,1,1,1,08003,M,0.0,0.0,08
200800030472,8,6,24,1845,1,2,1,1,1,08363,M,0.0,0.0,08
200800030473,8,6,28,1815,1,2,1,1,6,08363,M,4993200.0,464900.0,08
200800030474,8,6,1,230,3,1,1,1,6,08028,M,5011000.0,475100.0,08
200800030475,8,6,15,1000,1,1,1,1,6,08367,M,4992700.0,459800.0,08
200800030476,8,6,21,15,3,1,1,1,7,08489,M,4945300.0,465100.0,08
200800030477,8,6,5,1830,1,1,1,2,1,08362,M,0.0,0.0,08
200800030478,8,6,26,1430,1,2,6,1,6,08362,M,0.0,0.0,08
200800030479,8,6,17,1700,1,2,3,1,3,10080,M,0.0,0.0,10
200800030480,8,6,11,1415,1,2,1,1,3,10096,M,0.0,0.0,10
200800030481,8,6,26,1515,1,1,1,1,1,10444,M,0.0,0.0,10
200800030482,8,6,10,1345,1,2,1,1,6,10178,M,4830400.0,457000.0,10
200800030483,8,6,27,1630,1,2,6,1,6,10064,M,4839600.0,452700.0,10
200800030484,8,6,19,1300,1,1,4,1,1,10438,M,0.0,0.0,10
200800030485,8,6,26,745,1,1,9,1,3,10025,M,0.0,0.0,10
200800030486,8,6,26,1215,1,1,1,1,3,10296,M,0.0,0.0,10
200800030487,8,6,28,945,1,1,1,1,3,10358,M,0.0,0.0,10
200800030488,8,6,23,1545,1,1,1,8,7,10268,M,4851600.0,351200.0,10
200800030489,8,6,26,1845,1,2,1,1,6,10382,M,4841400.0,344000.0,10
200800030490,8,6,2,1030,1,2,1,2,2,10234,M,0.0,0.0,10
200800030491,8,6,16,545,2,1,1,1,6,10234,M,4849300.0,388600.0,10
200800030492,8,6,9,845,1,1,1,1,1,52274,M,4798300.0,489300.0,52
200800030493,8,6,20,1630,1,2,3,1,1,52205,M,0.0,0.0,52
200800030494,8,6,24,1815,1,2,1,1,6,52205,M,0.0,0.0,52
200800030495,8,6,26,2115,2,1,1,1,6,52274,M,4798500.0,488200.0,52
200800030496,8,6,1,1115,1,2,3,1,3,52058,M,0.0,0.0,52
200800030497,8,6,18,1030,1,2,1,1,6,52269,M,0.0,0.0,52
200800030498,8,6,2,745,1,1,1,1,1,52377,M,0.0,0.0,52
200800030499,8,6,22,1045,1,2,2,1,3,52377,M,0.0,0.0,52
200800030500,8,6,3,1400,1,1,1,1,7,52500,M,0.0,0.0,52
200800030501,8,6,11,700,1,1,1,1,2,52331,M,0.0,0.0,52
200800030502,8,6,23,1715,1,1,1,3,7,21272,M,4743300.0,431900.0,21
200800030503,8,6,14,1530,1,1,1,1,5,21111,M,,,21
200800030504,8,6,30,500,2,1,1,1,2,21657,M,0.0,0.0,21
200800030505,8,6,7,1130,1,1,1,2,1,21320,M,4727500.0,520200.0,21
200800030506,8,6,29,2345,5,2,1,1,1,21292,M,4724500.0,522000.0,21
200800030507,8,6,1,1430,1,1,1,1,3,21263,M,0.0,0.0,21
200800030508,8,6,10,830,1,1,1,1,3,21295,M,4722300.0,499900.0,21
200800030509,8,6,9,1745,1,1,1,7,3,21433,M,4757100.0,545600.0,21
200800030510,8,6,18,1800,1,1,1,1,2,21611,M,4731000.0,470400.0,21
200800030511,8,6,1,2015,1,1,1,1,1,21527,M,4695900.0,467400.0,21
200800030512,8,6,16,2030,1,1,1,3,7,21527,M,4694700.0,465700.0,21
200800030513,8,6,29,615,2,1,1,1,6,21037,M,4699300.0,475900.0,21
200800030514,8,6,4,1615,1,1,1,1,1,21607,M,,,21
200800030515,8,6,8,400,3,1,1,2,7,21336,M,,,21
200800030516,8,6,25,1715,1,1,1,1,7,21134,M,0.0,0.0,21
200800030517,8,6,21,1445,1,1,1,1,6,21626,M,4773200.0,481000.0,21
200800030518,8,6,7,500,1,1,1,8,6,21497,M,0.0,0.0,21
200800030519,8,6,13,830,1,1,1,1,3,21394,M,0.0,0.0,21
200800030520,8,6,14,1430,1,1,1,1,3,21291,M,0.0,0.0,21
200800030521,8,6,21,1800,1,1,1,1,3,58306,M,0.0,0.0,58
200800030522,8,6,21,1800,1,1,1,7,6,58111,M,0.0,0.0,58
200800030523,8,6,6,1415,1,2,1,1,6,58086,M,0.0,0.0,58
200800030524,8,6,20,2300,3,2,1,1,2,58261,M,4740800.0,295100.0,58
200800030525,8,6,8,1500,1,1,1,1,6,58054,M,4724100.0,344300.0,58
200800030526,8,6,3,1500,1,1,1,1,6,71316,M,4632200.0,441000.0,71
200800030527,8,6,4,745,1,1,1,1,5,71134,M,4636900.0,457700.0,71
200800030528,8,6,22,2045,2,2,1,1,3,71345,M,0.0,0.0,71
200800030529,8,6,5,1630,1,1,1,2,6,71192,M,4687200.0,421500.0,71
200800030530,8,6,16,1345,1,1,1,1,1,71407,M,0.0,0.0,71
200800030531,8,6,4,1830,1,1,2,1,3,71202,M,0.0,0.0,71
200800030532,8,6,15,630,2,1,1,1,7,71102,M,0.0,0.0,71
200800030533,8,6,7,1830,1,1,1,2,1,71398,M,4677400.0,497900.0,71
200800030534,8,6,28,1115,1,1,3,1,3,71443,M,0.0,0.0,71
200800030535,8,6,2,1415,1,2,1,1,6,71512,M,4664600.0,487100.0,71
200800030536,8,6,28,1000,1,1,1,1,6,71512,M,4664600.0,487100.0,71
200800030537,8,6,28,1945,1,2,1,1,3,71026,M,0.0,0.0,71
200800030538,8,6,7,1900,1,1,1,2,5,71025,M,4641300.0,444400.0,71
200800030539,8,6,15,415,5,2,1,2,3,71120,M,4621200.0,432800.0,71
200800030540,8,6,2,715,1,1,1,1,1,71325,M,4649500.0,396800.0,71
200800030541,8,6,19,1115,1,2,1,1,3,71176,M,4649700.0,402700.0,71
200800030542,8,6,7,1800,1,1,1,2,1,71453,M,4624000.0,404000.0,71
200800030543,8,6,19,2000,1,1,2,1,3,71307,M,0.0,0.0,71
200800030544,8,6,7,1915,2,1,1,2,1,71590,M,0.0,0.0,71
200800030545,8,6,27,1615,1,2,3,1,3,71263,M,0.0,0.0,71
200800030546,8,6,5,1730,1,1,1,2,6,71061,M,4656900.0,503600.0,71
200800030547,8,6,14,1630,1,2,1,1,3,71158,M,4656300.0,499700.0,71
200800030548,8,6,23,1330,1,1,1,1,3,71522,M,4663400.0,498700.0,71
200800030549,8,6,28,1515,1,1,1,1,7,71319,M,4668000.0,511400.0,71
200800030550,8,6,4,930,2,1,1,1,6,71364,M,0.0,0.0,71
200800030551,8,6,16,1500,1,1,1,1,4,89023,M,4775500.0,360700.0,89
200800030552,8,6,21,1200,1,1,1,1,1,89102,M,4776200.0,350700.0,89
200800030553,8,6,28,1600,1,1,1,1,3,89337,M,0.0,0.0,89
200800030554,8,6,28,1315,1,1,1,1,1,89453,M,0.0,0.0,89
200800030555,8,6,24,1815,1,1,1,1,4,89441,M,0.0,0.0,89
200800030556,8,6,19,2130,1,1,1,1,6,89034,M,0.0,0.0,89
200800030557,8,6,19,1700,1,2,1,1,6,89025,M,0.0,0.0,89
200800030558,8,6,14,1815,1,2,9,1,3,89206,M,4798300.0,342400.0,89
200800030559,8,6,21,1830,1,2,1,7,3,89067,M,4799600.0,334300.0,89
200800030560,8,6,2,915,1,1,1,2,1,89334,M,0.0,0.0,89
200800030561,8,6,23,1745,1,1,1,1,1,89473,M,0.0,0.0,89
200800030562,8,6,22,100,5,2,1,1,3,89239,M,0.0,0.0,89
200800030563,8,6,29,500,3,1,1,1,7,89291,M,4811600.0,328600.0,89
200800030564,8,6,29,1915,1,2,1,1,7,89451,M,0.0,0.0,89
200800030565,8,6,1,1830,1,1,1,1,1,89255,M,0.0,0.0,89
200800030566,8,6,19,2145,2,1,1,1,3,89093,M,0.0,0.0,89
200800030567,8,6,26,1530,1,2,1,1,7,89449,M,0.0,0.0,89
200800030568,8,6,29,15,3,1,1,1,2,89309,M,4830200.0,318900.0,89
200800030569,8,6,4,1500,1,1,2,1,3,89466,M,4818200.0,319200.0,89
200800030570,8,6,6,945,1,1,1,2,6,89464,M,0.0,0.0,89
200800030571,8,6,5,1345,1,1,1,3,5,25328,M,0.0,0.0,25
200800030572,8,6,6,1100,1,1,1,1,1,25112,M,0.0,0.0,25
200800030573,8,6,26,800,1,2,1,1,6,25336,M,0.0,0.0,25
200800030574,8,6,28,915,1,1,1,1,3,25149,M,0.0,0.0,25
200800030575,8,6,13,1400,1,2,1,1,6,25190,M,0.0,0.0,25
200800030576,8,6,13,600,2,1,1,2,6,25255,M,0.0,0.0,25
200800030577,8,6,15,1700,1,1,1,2,7,25108,M,4724900.0,684200.0,25
200800030578,8,6,17,1300,1,1,1,8,1,25351,M,4717000.0,665700.0,25
200800030579,8,6,19,1815,1,2,1,1,1,25512,M,0.0,0.0,25
200800030580,8,6,24,2115,1,1,1,1,2,25356,M,4725400.0,681000.0,25
200800030581,8,6,14,1500,1,1,1,1,1,25492,M,0.0,0.0,25
200800030582,8,6,14,915,1,2,1,1,1,25382,M,4736700.0,612100.0,25
200800030583,8,6,25,1315,1,1,1,1,2,25163,M,4735900.0,618700.0,25
200800030584,8,6,3,830,1,1,1,1,7,25222,M,0.0,0.0,25
200800030585,8,6,7,1630,1,2,1,2,1,25578,M,0.0,0.0,25
200800030586,8,6,28,1945,1,1,1,1,1,25218,M,0.0,0.0,25
200800030587,8,6,28,2230,5,2,1,1,6,25301,M,0.0,0.0,25
200800030588,8,6,20,1345,1,2,1,1,3,25517,M,0.0,0.0,25
200800030589,8,6,22,1815,1,1,2,1,3,25100,M,4689700.0,622800.0,25
200800030590,8,6,28,1600,1,1,3,1,1,25122,M,4695800.0,613200.0,25
200800030591,8,6,27,1700,1,1,6,1,3,25514,M,0.0,0.0,25
200800030592,8,6,4,1545,1,1,1,2,1,39531,M,0.0,0.0,39
200800030593,8,6,11,1115,1,2,1,3,6,39097,M,0.0,0.0,39
200800030594,8,6,2,1445,1,1,1,3,3,39208,M,4663600.0,594700.0,39
200800030595,8,6,2,1300,1,1,1,8,3,39405,M,4703100.0,546400.0,39
200800030596,8,6,25,1900,1,2,1,1,3,39182,M,4707600.0,549200.0,39
200800030597,8,6,27,1530,1,2,2,1,5,39451,M,4715500.0,572600.0,39
200800030598,8,6,28,2345,5,2,1,1,1,39465,M,4716300.0,560200.0,39
200800030599,8,6,7,1545,1,1,1,3,1,39561,M,4642200.0,572400.0,39
200800030600,8,6,11,1615,1,2,1,1,6,39478,M,4639000.0,586000.0,39
200800030601,8,6,8,1745,1,1,1,1,6,39063,M,4660200.0,587100.0,39
200800030602,8,6,6,1030,1,2,1,2,1,70272,M,0.0,0.0,70
200800030603,8,6,5,1015,1,1,1,2,6,70309,M,4745000.0,621000.0,70
200800030604,8,6,5,1415,1,2,9,2,1,70260,M,4766500.0,655400.0,70
200800030605,8,6,22,15,3,1,1,1,6,70310,M,4769000.0,648000.0,70
200800030606,8,6,2,1945,1,2,1,2,6,70413,M,0.0,0.0,70
200800030607,8,6,21,1400,1,1,1,1,1,70248,M,0.0,0.0,70
200800030608,8,6,5,1330,1,1,1,2,3,70562,M,0.0,0.0,70
200800030609,8,6,20,1115,1,1,1,1,3,70561,M,0.0,0.0,70
200800030610,8,6,21,1900,1,2,1,1,2,70258,M,4782900.0,640900.0,70
200800030611,8,6,3,1630,1,1,1,1,1,70338,M,0.0,0.0,70
200800030612,8,6,12,530,2,1,1,1,1,70245,M,4791600.0,640700.0,70
200800030613,8,6,24,1715,1,2,1,1,3,90036,M,0.0,0.0,90
200800030614,8,6,13,2300,5,2,1,1,7,90071,M,4761500.0,700400.0,90
200800030615,8,6,18,1245,1,1,1,1,1,90047,M,0.0,0.0,90
200800030616,8,6,21,1200,1,1,1,2,6,26337,M,4468700.0,479600.0,26
200800030617,8,6,25,1445,1,1,1,1,4,26116,M,4444300.0,475000.0,26
200800030618,8,6,13,830,1,2,1,1,3,13060,M,4348200.0,550600.0,13
200800030619,8,6,29,1900,1,1,1,1,7,13060,M,4350500.0,548400.0,13
200800030620,8,6,20,1845,1,1,1,1,3,13074,M,4365500.0,561000.0,13
200800030621,8,6,21,1345,1,1,1,1,6,13107,M,4342900.0,544600.0,13
200800030622,8,6,27,1800,1,1,1,1,2,13019,M,0.0,0.0,13
200800030623,8,6,5,100,3,1,1,1,6,13004,M,0.0,0.0,13
200800030624,8,6,21,515,2,1,1,1,7,13004,M,4363000.0,474000.0,13
200800030625,8,6,21,1630,1,1,1,1,3,13066,M,4386900.0,491400.0,13
200800030626,8,6,23,1600,1,1,1,1,6,13027,M,4388400.0,483400.0,13
200800030627,8,6,7,1330,1,1,1,1,6,13097,M,4350700.0,486800.0,13
200800030628,8,6,8,645,1,1,1,1,6,13097,M,0.0,0.0,13
200800030629,8,6,14,1530,1,1,1,1,6,13097,M,4351400.0,486000.0,13
200800030630,8,6,28,700,1,1,1,1,3,13097,M,4353400.0,483100.0,13
200800030631,8,6,12,1645,1,1,1,1,1,13023,M,4323500.0,559000.0,13
200800030632,8,6,26,700,1,2,1,1,3,13101,M,0.0,0.0,13
200800030633,8,6,14,15,5,2,1,1,6,13086,M,0.0,0.0,13
200800030634,8,6,19,1900,1,1,1,1,1,13086,M,0.0,0.0,13
200800030635,8,6,22,230,5,1,1,1,3,13031,M,0.0,0.0,13
200800030636,8,6,24,2015,1,1,1,1,1,13086,M,0.0,0.0,13
200800030637,8,6,9,1100,1,1,1,1,1,13035,M,4367400.0,502400.0,13
200800030638,8,6,29,1215,1,1,1,1,1,13053,M,0.0,0.0,13
200800030639,8,6,24,945,1,1,1,1,3,04022,M,4395600.0,641900.0,04
200800030640,8,6,22,1700,1,1,1,1,1,04062,M,4446800.0,675200.0,04
200800030641,8,6,7,1815,1,1,1,1,7,04188,M,0.0,0.0,04
200800030642,8,6,9,1845,1,1,1,1,3,04160,M,4386800.0,568000.0,04
200800030643,8,6,13,1400,1,1,1,1,1,04045,M,4386100.0,556300.0,04
200800030644,8,6,27,715,1,1,1,1,1,04188,M,0.0,0.0,04
200800030645,8,6,27,1745,1,2,1,1,3,04242,M,4389500.0,586800.0,04
200800030646,8,6,22,1615,1,1,3,1,1,04190,M,0.0,0.0,04
200800030647,8,6,11,1545,1,1,1,1,1,04209,M,4421500.0,596500.0,04
200800030648,8,6,12,1030,1,1,1,1,5,04049,M,4411600.0,599800.0,04
200800030649,8,6,13,2330,3,1,1,1,1,04079,M,0.0,0.0,04
200800030650,8,6,15,130,3,1,1,1,6,04053,M,0.0,0.0,04
200800030651,8,6,17,2315,3,1,1,1,3,04244,M,4413400.0,599800.0,04
200800030652,8,6,27,830,1,1,1,1,1,04079,M,0.0,0.0,04
200800030653,8,6,28,1400,1,2,1,1,3,05070,M,4432100.0,582100.0,05
200800030654,8,6,14,2130,1,1,3,1,3,05162,M,0.0,0.0,05
200800030655,8,6,20,1615,1,1,1,1,1,05123,M,0.0,0.0,05
200800030656,8,6,26,1045,1,2,1,1,6,05170,M,0.0,0.0,05
200800030657,8,6,28,815,1,2,1,1,7,05089,M,0.0,0.0,05
200800030658,8,6,15,1445,1,2,1,1,6,05010,M,0.0,0.0,05
200800030659,8,6,5,515,5,1,1,1,7,06147,M,0.0,0.0,06
200800030660,8,6,13,1515,1,2,1,1,1,06114,M,0.0,0.0,06
200800030661,8,6,22,715,1,1,1,1,1,06075,M,0.0,0.0,06
200800030662,8,6,27,1545,1,1,9,1,3,06114,M,0.0,0.0,06
200800030663,8,6,29,400,3,1,1,1,6,06055,M,0.0,0.0,06
200800030664,8,6,9,1800,1,1,1,2,6,06074,M,0.0,0.0,06
200800030665,8,6,15,2015,1,1,1,1,2,06161,M,0.0,0.0,06
200800030666,8,6,29,1600,1,2,1,1,3,06161,M,0.0,0.0,06
200800030667,8,6,16,1830,1,2,1,1,2,06079,M,0.0,0.0,06
200800030668,8,6,5,1930,2,1,1,5,7,06058,M,0.0,0.0,06
200800030669,8,6,21,1145,1,1,1,1,1,06130,M,0.0,0.0,06
200800030670,8,6,28,530,2,1,1,1,7,06134,M,0.0,0.0,06
200800030671,8,6,1,645,1,1,1,1,1,06122,M,4375200.0,717700.0,06
200800030672,8,6,21,2245,3,1,1,1,3,06157,M,4371700.0,711900.0,06
200800030673,8,6,4,845,1,1,1,2,1,06033,M,0.0,0.0,06
200800030674,8,6,27,1300,1,1,1,1,6,06136,M,4384900.0,745600.0,06
200800030675,8,6,27,1900,1,1,1,1,6,06023,M,0.0,0.0,06
200800030676,8,6,27,2000,1,1,1,1,5,06078,M,4393700.0,714200.0,06
200800030677,8,6,28,815,1,1,1,7,5,06146,M,0.0,0.0,06
200800030678,8,6,21,1615,1,1,1,1,7,06120,M,0.0,0.0,06
200800030679,8,6,23,715,2,2,1,1,3,83148,M,4343500.0,643700.0,83
200800030680,8,6,28,230,3,1,1,1,5,83004,M,4345800.0,650800.0,83
200800030681,8,6,29,2200,3,1,1,1,6,83148,M,4340800.0,639000.0,83
200800030682,8,6,17,1845,1,1,1,3,7,83082,M,4367100.0,648800.0,83
200800030683,8,6,26,715,1,1,1,1,1,83081,M,0.0,0.0,83
200800030684,8,6,25,1900,1,1,1,1,3,83072,M,0.0,0.0,83
200800030685,8,6,27,915,1,2,1,1,6,83067,M,0.0,0.0,83
200800030686,8,6,29,245,3,1,1,1,1,83073,M,0.0,0.0,83
200800030687,8,6,22,2030,1,1,1,1,7,83066,M,0.0,0.0,83
200800030688,8,6,11,2030,1,1,1,2,3,83077,M,0.0,0.0,83
200800030689,8,6,13,1945,1,1,1,1,1,83064,M,0.0,0.0,83
200800030690,8,6,21,845,1,1,1,1,1,83088,M,0.0,0.0,83
200800030691,8,6,21,2015,1,1,1,1,6,83108,M,0.0,0.0,83
200800030692,8,6,3,1200,1,2,1,1,3,83087,M,0.0,0.0,83
200800030693,8,6,5,1745,1,1,1,1,3,83125,M,0.0,0.0,83
200800030694,8,6,20,2145,2,1,1,1,1,83021,M,0.0,0.0,83
200800030695,8,6,29,700,1,1,1,1,7,83097,M,0.0,0.0,83
200800030696,8,6,6,1030,1,2,1,1,3,83107,M,4344600.0,664900.0,83
200800030697,8,6,8,1715,1,1,1,1,3,83099,M,4346500.0,666000.0,83
200800030698,8,6,21,2030,1,1,1,1,7,83107,M,0.0,0.0,83
200800030699,8,6,3,1300,1,1,1,1,3,83048,M,0.0,0.0,83
200800030700,8,6,4,1830,1,2,1,2,1,83068,M,0.0,0.0,83
200800030701,8,6,4,2300,3,1,1,1,1,83068,M,0.0,0.0,83
200800030702,8,6,10,800,1,1,1,1,1,83042,M,0.0,0.0,83
200800030703,8,6,16,845,1,1,1,1,3,83042,M,0.0,0.0,83
200800030704,8,6,16,830,1,1,1,1,3,83042,M,0.0,0.0,83
200800030705,8,6,18,1000,1,1,1,1,3,83068,M,0.0,0.0,83
200800030706,8,6,21,1845,1,1,1,1,3,83068,M,0.0,0.0,83
200800030707,8,6,22,500,2,1,1,1,1,83068,M,0.0,0.0,83
200800030708,8,6,23,1300,1,1,1,1,3,83068,M,0.0,0.0,83
200800030709,8,6,23,1830,1,1,1,1,3,83068,M,0.0,0.0,83
200800030710,8,6,30,1530,1,1,1,1,1,83068,M,0.0,0.0,83
200800030711,8,6,8,1115,1,1,1,1,5,83115,M,0.0,0.0,83
200800030712,8,6,22,1600,1,2,1,1,1,83115,M,0.0,0.0,83
200800030713,8,6,9,430,3,1,1,1,1,83065,M,0.0,0.0,83
200800030714,8,6,15,1715,1,1,1,1,1,83101,M,0.0,0.0,83
200800030715,8,6,22,830,1,1,1,1,1,83101,M,0.0,0.0,83
200800030716,8,6,1,1515,1,1,1,1,1,83016,M,0.0,0.0,83
200800030717,8,6,18,1945,1,2,6,1,3,83016,M,0.0,0.0,83
200800030718,8,6,11,700,1,1,3,1,3,83047,M,4317100.0,610700.0,83
200800030719,8,6,11,1915,1,2,1,1,1,83071,M,0.0,0.0,83
200800030720,8,6,19,2215,3,2,1,1,3,83027,M,0.0,0.0,83
200800030721,8,6,29,1400,1,2,1,1,3,83112,M,0.0,0.0,83
200800030722,8,6,6,300,3,1,9,1,6,84055,M,4395900.0,493700.0,84
200800030723,8,6,20,745,2,1,1,1,1,84099,M,0.0,0.0,84
200800030724,8,6,24,2100,1,2,2,1,3,84099,M,0.0,0.0,84
200800030725,8,6,7,2030,1,1,1,1,1,84054,M,0.0,0.0,84
200800030726,8,6,19,1030,1,1,1,1,6,84054,M,0.0,0.0,84
200800030727,8,6,26,1430,1,2,2,1,1,84054,M,0.0,0.0,84
200800030728,8,6,4,1400,1,1,1,1,3,84129,M,4402400.0,487100.0,84
200800030729,8,6,22,200,5,1,1,1,2,84129,M,0.0,0.0,84
200800030730,8,6,22,1600,1,2,1,1,2,84129,M,0.0,0.0,84
200800030731,8,6,14,1745,1,1,1,1,1,84032,M,4390000.0,548400.0,84
200800030732,8,6,9,1515,1,2,1,1,1,84065,M,0.0,0.0,84
200800030733,8,6,11,1730,1,1,1,2,1,84043,M,4402400.0,492600.0,84
200800030734,8,6,3,1715,1,1,1,1,3,84056,M,0.0,0.0,84
200800030735,8,6,4,1845,1,1,1,1,3,84091,M,0.0,0.0,84
200800030736,8,6,6,2000,1,1,1,1,3,84039,M,0.0,0.0,84
200800030737,8,6,12,915,1,1,1,1,2,84091,M,0.0,0.0,84
200800030738,8,6,18,630,1,2,1,1,6,84091,M,0.0,0.0,84
200800030739,8,6,30,1645,1,1,1,1,1,84078,M,0.0,0.0,84
200800030740,8,6,2,1845,1,2,1,1,3,84137,M,0.0,0.0,84
200800030741,8,6,6,830,1,1,1,1,6,84137,M,0.0,0.0,84
200800030742,8,6,14,1600,1,1,1,1,7,84126,M,0.0,0.0,84
200800030743,8,6,19,800,1,1,2,7,3,84104,M,0.0,0.0,84
200800030744,8,6,27,1030,1,1,1,1,7,84028,M,0.0,0.0,84
200800030745,8,6,12,1500,1,2,1,1,3,84138,M,4438900.0,498800.0,84
200800030746,8,6,10,1745,1,1,1,1,3,34327,M,0.0,0.0,34
200800030747,8,6,15,1430,1,1,1,1,6,34227,M,0.0,0.0,34
200800030748,8,6,25,1500,1,1,1,1,7,34027,M,0.0,0.0,34
200800030749,8,6,27,1730,1,1,1,1,1,34327,M,0.0,0.0,34
200800030750,8,6,5,1915,1,2,1,1,6,34033,M,0.0,0.0,34
200800030751,8,6,5,1900,1,1,1,1,2,34151,M,0.0,0.0,34
200800030752,8,6,9,2030,1,1,1,1,6,34151,M,0.0,0.0,34
200800030753,8,6,10,745,1,2,1,1,6,34145,M,0.0,0.0,34
200800030754,8,6,22,445,3,1,1,1,1,34151,M,0.0,0.0,34
200800030755,8,6,22,1830,1,1,1,1,1,34145,M,0.0,0.0,34
200800030756,8,6,29,415,3,1,1,1,6,34272,M,0.0,0.0,34
200800030757,8,6,4,1115,1,2,1,1,6,34028,M,4361600.0,315800.0,34
200800030758,8,6,19,1030,1,1,1,1,1,34053,M,4362000.0,319100.0,34
200800030759,8,6,28,1030,1,2,1,1,7,34019,M,0.0,0.0,34
200800030760,8,6,8,1145,1,2,1,1,3,34069,M,4339800.0,310200.0,34
200800030761,8,6,29,1130,1,1,1,1,1,34026,M,0.0,0.0,34
200800030762,8,6,5,1845,1,1,1,1,1,34224,M,4345700.0,326000.0,34
200800030763,8,6,9,1030,1,1,1,1,7,34300,M,4340600.0,329200.0,34
200800030764,8,6,23,945,1,1,1,1,2,34299,M,4329700.0,329300.0,34
200800030765,8,6,30,1345,1,2,1,1,6,34299,M,4328500.0,328200.0,34
200800030766,8,6,21,745,1,2,1,1,6,34142,M,4374000.0,332600.0,34
200800030767,8,6,25,1945,1,1,1,1,6,34205,M,0.0,0.0,34
200800030768,8,6,30,1745,1,2,1,1,6,34142,M,0.0,0.0,34
200800030769,8,6,13,1115,1,1,1,1,3,34323,M,4361500.0,329800.0,34
200800030770,8,6,18,1730,1,1,1,1,7,34013,M,0.0,0.0,34
200800030771,8,6,15,1515,1,1,9,1,6,34328,M,0.0,0.0,34
200800030772,8,6,7,1945,1,1,1,1,7,34101,M,0.0,0.0,34
200800030773,8,6,15,100,3,1,1,1,6,34101,M,0.0,0.0,34
200800030774,8,6,23,745,1,1,1,1,3,34332,M,0.0,0.0,34
200800030775,8,6,26,1700,1,1,6,1,6,34150,M,4332300.0,354700.0,34
200800030776,8,6,1,2300,3,1,1,3,3,34039,M,0.0,0.0,34
200800030777,8,6,15,645,1,1,1,1,6,11357,M,4330500.0,213600.0,11
200800030778,8,6,1,1615,1,1,1,8,7,11007,M,4295800.0,249000.0,11
200800030779,8,6,18,1545,1,2,1,1,1,11185,M,4309000.0,262000.0,11
200800030780,8,6,24,2200,2,1,9,1,7,11363,M,4306800.0,260500.0,11
200800030781,8,6,21,1715,1,2,1,1,6,11301,M,4322600.0,262700.0,11
200800030782,8,6,27,2330,3,1,1,1,3,11190,M,0.0,0.0,11
200800030783,8,6,9,1345,1,1,1,1,6,11382,M,4335000.0,192400.0,11
200800030784,8,6,14,2245,3,1,1,8,7,11243,M,4335500.0,182500.0,11
200800030785,8,6,27,945,1,1,1,1,1,11192,M,4330100.0,204800.0,11
200800030786,8,6,22,1,3,1,1,1,6,11418,M,0.0,0.0,11
200800030787,8,6,27,1230,1,1,1,1,6,11105,M,0.0,0.0,11