Num_Acc,an,mois,jour,hrmn,lum,agg,int,atm,col,com,gps,lat,long,dep
200800030788,8,6,25,2045,1,1,1,1,6,11206,M,0.0,0.0,11
200800030789,8,6,18,2230,3,1,1,1,7,11310,M,4291200.0,232100.0,11
200800030790,8,6,8,645,1,1,1,1,6,11264,M,0.0,0.0,11
200800030791,8,6,9,930,1,1,1,1,1,11145,M,0.0,0.0,11
200800030792,8,6,27,1115,1,1,1,1,7,11269,M,0.0,0.0,11
200800030793,8,6,14,1100,1,1,1,1,2,11203,M,0.0,0.0,11
200800030794,8,6,25,1000,1,2,1,1,6,11379,M,0.0,0.0,11
200800030795,8,6,2,615,2,1,1,8,7,30276,M,0.0,0.0,30
200800030796,8,6,23,745,1,1,1,5,1,30082,M,0.0,0.0,30
200800030797,8,6,28,1945,1,2,1,1,1,30321,M,0.0,0.0,30
200800030798,8,6,15,800,1,2,1,1,7,30258,M,0.0,0.0,30
200800030799,8,6,8,545,2,1,1,1,6,30059,M,4369200.0,424400.0,30
200800030800,8,6,13,1630,1,1,1,1,3,30169,M,4378600.0,429800.0,30
200800030801,8,6,22,1200,1,1,1,1,3,30169,M,4378600.0,429800.0,30
200800030802,8,6,2,1545,1,1,1,1,1,30010,M,0.0,0.0,30
200800030803,8,6,5,2130,1,1,2,1,1,30027,M,4406800.0,406800.0,30
200800030804,8,6,10,1300,1,1,1,1,6,30162,M,4402900.0,403200.0,30
200800030805,8,6,21,1500,1,1,1,1,5,30330,M,0.0,0.0,30
200800030806,8,6,14,2015,1,2,1,1,6,30307,M,4421200.0,402500.0,30
200800030807,8,6,5,1545,1,1,1,8,7,30068,M,4400000.0,410000.0,30
200800030808,8,6,28,1430,1,1,1,1,3,30002,M,0.0,0.0,30
200800030809,8,6,29,1830,1,1,1,1,5,30348,M,0.0,0.0,30
200800030810,8,6,28,2100,1,1,1,1,7,30080,M,4429100.0,398900.0,30
200800030811,8,6,27,845,1,1,1,1,1,30167,M,4427600.0,418000.0,30
200800030812,8,6,26,2100,2,1,1,1,7,30247,M,4424200.0,423700.0,30
200800030813,8,6,10,1915,1,1,1,1,6,30299,M,0.0,0.0,30
200800030814,8,6,4,2345,3,2,1,1,6,30212,M,4393800.0,456000.0,30
200800030815,8,6,18,645,2,1,1,7,2,30012,M,4388900.0,464100.0,30
200800030816,8,6,22,1445,1,1,1,1,6,30085,M,4394800.0,444500.0,30
200800030817,8,6,17,1015,1,1,1,3,1,30281,M,0.0,0.0,30
200800030818,8,6,4,1100,1,1,1,2,6,30272,M,4397700.0,369300.0,30
200800030819,8,6,17,945,1,1,1,3,1,30272,M,4396200.0,368800.0,30
200800030820,8,6,22,1215,1,1,1,1,7,30108,M,0.0,0.0,30
200800030821,8,6,29,715,1,1,1,1,6,30121,M,0.0,0.0,30
200800030822,8,6,26,1930,1,1,1,1,1,48042,M,4455900.0,350400.0,48
200800030823,8,6,24,600,1,2,1,1,1,48080,M,0.0,0.0,48
200800030824,8,6,30,930,1,1,1,1,7,48146,M,0.0,0.0,48
200800030825,8,6,24,930,3,1,1,1,6,48034,M,0.0,0.0,48
200800030826,8,6,2,1045,1,1,1,1,7,66171,M,0.0,0.0,66
200800030827,8,6,14,1145,1,2,1,1,3,66180,M,0.0,0.0,66
200800030828,8,6,28,2330,3,1,1,1,5,66217,M,0.0,0.0,66
200800030829,8,6,14,1800,1,2,1,1,2,66008,M,0.0,0.0,66
200800030830,8,6,23,1645,1,2,1,1,1,66008,M,0.0,0.0,66
200800030831,8,6,14,1700,1,1,1,1,6,66063,M,0.0,0.0,66
200800030832,8,6,20,2115,2,2,1,1,6,66015,M,0.0,0.0,66
200800030833,8,6,6,1000,1,1,1,1,3,66148,M,4251000.0,312100.0,66
200800030834,8,6,20,1615,1,2,1,1,6,66149,M,0.0,0.0,66
200800030835,8,6,13,1700,1,1,1,3,6,66020,M,0.0,0.0,66
200800030836,8,6,13,915,1,1,1,1,3,66088,M,0.0,0.0,66
200800030837,8,6,9,1730,1,1,1,1,1,20008,M,0.0,0.0,201
200800030838,8,6,19,730,1,1,1,1,3,20006,M,0.0,0.0,201
200800030839,8,6,26,1645,1,1,1,1,2,20006,M,4196500.0,872800.0,201
200800030840,8,6,26,1615,1,2,1,1,3,20041,M,0.0,0.0,201
200800030841,8,6,15,1115,1,1,1,1,1,20142,M,4170000.0,910800.0,201
200800030842,8,6,27,1315,1,1,1,1,6,20362,M,0.0,0.0,201
200800030843,8,6,5,1930,1,1,1,1,1,20350,M,0.0,0.0,202
200800030844,8,6,21,730,1,1,1,1,6,20042,M,4260600.0,949300.0,202
200800030845,8,6,24,1000,1,1,1,1,1,20350,M,0.0,0.0,202
200800030846,8,6,27,1830,1,2,1,7,6,20261,M,4296300.0,945400.0,202
200800030847,8,6,20,830,1,1,1,1,1,20185,M,4266900.0,931000.0,202
200800030848,8,6,25,1815,1,1,1,1,1,20172,M,4258500.0,933100.0,202
200800030849,8,6,29,600,2,1,1,1,6,20185,M,4264800.0,933900.0,202
200800030850,8,6,12,845,1,1,6,1,1,20050,M,4254300.0,880100.0,202
200800030851,8,6,20,1145,1,1,1,1,2,20050,M,0.0,0.0,202
200800030852,8,6,25,500,2,1,1,1,7,20150,M,0.0,0.0,202
200800030853,8,6,26,1030,1,1,1,1,2,20049,M,0.0,0.0,202
200800030854,8,6,29,1630,1,1,1,1,1,20121,M,0.0,0.0,202
200800030855,8,6,6,2130,3,1,1,1,7,20199,M,4265700.0,906700.0,202
200800030856,8,6,6,2230,3,2,1,1,7,20079,M,4248800.0,928100.0,202
200800030857,8,6,7,2200,4,1,1,1,1,20311,M,0.0,0.0,202
200800030858,8,6,14,1400,1,2,1,1,3,20307,M,0.0,0.0,202
200800030859,8,6,5,1000,1,1,3,1,3,20166,M,4252000.0,944000.0,202
200800030860,8,6,14,1845,1,2,1,1,1,20346,M,4250000.0,946000.0,202
200800030861,8,6,18,1800,1,2,1,1,1,20343,M,0.0,0.0,202
200800030862,8,6,10,1545,1,2,1,1,7,78531,M,4900900.0,161900.0,78
200800030863,8,6,8,845,1,2,1,1,1,78089,M,0.0,0.0,78
200800030864,8,6,20,545,2,1,1,1,1,78246,M,4904200.0,175100.0,78
200800030865,8,6,30,1500,1,1,1,1,6,78048,M,0.0,0.0,78
200800030866,8,6,29,100,5,2,1,1,7,78451,M,4895000.0,183600.0,78
200800030867,8,6,28,900,1,2,1,1,3,78020,M,0.0,0.0,78
200800030868,8,6,2,1430,2,1,1,1,6,78497,M,0.0,0.0,78
200800030869,8,6,4,1600,1,2,1,1,3,78516,M,0.0,0.0,78
200800030870,8,6,16,1145,3,1,1,1,6,78003,M,0.0,0.0,78
200800030871,8,6,26,1530,1,2,1,1,2,78003,M,0.0,0.0,78
200800030872,8,6,21,1615,1,1,1,1,1,78128,M,0.0,0.0,78
200800030873,8,6,26,715,1,1,1,1,3,78128,M,0.0,0.0,78
200800030874,8,6,25,2115,1,1,1,1,7,78236,M,4886200.0,175200.0,78
200800030875,8,6,1,1500,1,2,1,1,6,78062,M,4886000.0,185000.0,78
200800030876,8,6,4,730,2,1,1,8,3,78034,M,0.0,0.0,78
200800030877,8,6,22,1200,1,1,1,1,6,78265,M,0.0,0.0,78
200800030878,8,6,11,2345,3,1,1,1,1,91200,M,0.0,0.0,91
200800030879,8,6,2,745,1,2,9,8,6,91330,M,4853100.0,229000.0,91
200800030880,8,6,10,2145,1,1,1,1,1,91226,M,0.0,0.0,91
200800030881,8,6,1,130,3,1,1,1,6,91412,M,4849000.0,241200.0,91
200800030882,8,6,2,1730,1,2,1,1,6,91639,M,4843800.0,235800.0,91
200800030883,8,6,2,1830,1,2,1,1,3,91315,M,4852400.0,235100.0,91
200800030884,8,6,9,1445,1,1,1,1,6,91511,M,0.0,0.0,91
200800030885,8,6,2,715,1,2,6,1,3,91534,M,0.0,0.0,91
200800030886,8,6,27,1815,1,2,1,1,7,91666,M,0.0,0.0,91
200800030887,8,6,1,1,5,2,1,1,6,91461,M,4859300.0,222300.0,91
200800030888,8,6,26,1315,1,2,3,1,3,91376,M,4856900.0,229300.0,91
200800030889,8,6,29,1500,1,1,1,1,2,91579,M,4854100.0,231800.0,91
200800030890,8,6,15,1100,1,1,1,8,1,91319,M,4864800.0,217100.0,91
200800030891,8,6,25,1430,1,2,6,1,1,91338,M,4864800.0,207600.0,91
200800030892,8,6,25,15,5,2,1,1,7,91272,M,0.0,0.0,91
200800030893,8,6,2,45,3,1,1,1,3,91274,M,0.0,0.0,91
200800030894,8,6,1,1900,1,1,1,1,1,95355,M,4915200.0,179300.0,95
200800030895,8,6,1,1245,1,1,6,1,3,95308,M,0.0,0.0,95
200800030896,8,6,3,1230,1,1,1,1,3,95170,M,0.0,0.0,95
200800030897,8,6,10,1615,1,2,1,1,3,95199,M,4903400.0,233400.0,95
200800030898,8,6,1,100,3,1,6,5,7,95351,M,4903400.0,250200.0,95
200800030899,8,6,1,200,3,1,1,5,7,95641,M,4907000.0,255800.0,95
200800030900,8,6,19,745,1,1,1,1,7,77004,M,,,77
200800030901,8,6,20,1345,1,1,1,1,6,77107,M,0.0,0.0,77
200800030902,8,6,11,2100,1,1,1,1,6,77505,M,4892300.0,298400.0,77
200800030903,8,6,13,745,1,1,1,1,2,77415,M,0.0,0.0,77
200800030904,8,6,25,1245,1,2,1,1,5,77238,M,4893000.0,312400.0,77
200800030905,8,6,12,1515,1,1,1,1,3,77031,M,4867700.0,296100.0,77
200800030906,8,6,12,1730,1,2,1,1,1,77192,M,4870800.0,286900.0,77
200800030907,8,6,13,2115,2,1,1,1,7,77264,M,4874900.0,295900.0,77
200800030908,8,6,13,630,1,1,1,1,6,77112,M,4825300.0,259900.0,77
200800030909,8,6,8,1515,1,1,1,1,6,77370,M,4826000.0,273000.0,77
200800030910,8,6,29,330,3,1,1,1,7,77392,M,4907400.0,271400.0,77
200800030911,8,6,29,1400,1,2,1,1,6,77153,M,4905900.0,267600.0,77
200800030912,8,6,18,900,1,1,1,1,2,77196,M,4895200.0,272400.0,77
200800030913,8,6,22,1100,1,1,1,1,3,77308,M,4903000.0,276800.0,77
200800030914,8,6,16,1830,1,1,1,1,3,77109,M,4865600.0,321800.0,77
200800030915,8,6,15,1100,1,1,1,1,4,77066,M,4869600.0,334600.0,77
200800030916,8,6,28,1130,1,1,1,1,1,77167,M,4844500.0,311300.0,77
200800030917,8,6,8,2045,1,2,6,1,6,45046,M,0.0,0.0,45
200800030918,8,6,25,1130,1,1,1,1,1,45046,M,0.0,0.0,45
200800030919,8,6,2,1845,1,1,1,1,6,45098,M,4784600.0,179000.0,45
200800030920,8,6,20,915,1,1,1,1,1,45146,M,0.0,0.0,45
200800030921,8,6,1,1615,1,1,1,1,7,45144,M,4782500.0,209300.0,45
200800030922,8,6,19,1800,1,2,1,1,6,45173,M,0.0,0.0,45
200800030923,8,6,21,2015,1,1,1,1,3,45173,M,0.0,0.0,45
200800030924,8,6,22,645,2,1,1,3,6,45006,M,4781900.0,187700.0,45
200800030925,8,6,30,2100,2,1,1,1,1,45019,M,4785800.0,161700.0,45
200800030926,8,6,4,1015,1,1,1,1,5,45195,M,4810600.0,216600.0,45
200800030927,8,6,22,2200,5,2,1,1,3,45188,M,0.0,0.0,45
200800030928,8,6,24,2100,1,1,1,1,6,45254,M,4769700.0,255600.0,45
200800030929,8,6,19,1400,1,2,1,1,1,45053,M,0.0,0.0,45
200800030930,8,6,23,1715,1,2,1,1,6,45184,M,0.0,0.0,45
200800030931,8,6,11,1730,1,1,1,1,3,45345,M,0.0,0.0,45
200800030932,8,6,13,730,1,2,1,1,7,45306,M,4801000.0,289000.0,45
200800030933,8,6,8,1530,1,1,1,1,6,45332,M,4789000.0,251600.0,45
200800030934,8,6,22,1245,1,1,1,1,6,45239,M,0.0,0.0,45
200800030935,8,6,26,1815,1,1,1,1,1,45239,M,0.0,0.0,45
200800030936,8,6,11,1315,1,2,1,1,7,45191,M,0.0,0.0,45
200800030937,8,6,30,715,1,1,1,1,1,45258,M,4819200.0,246600.0,45
200800030938,8,6,4,1515,1,1,1,1,7,18120,M,4713900.0,294300.0,18
200800030939,8,6,12,1615,1,1,1,3,1,18274,M,0.0,0.0,18
200800030940,8,6,27,2115,1,1,1,1,6,18258,M,0.0,0.0,18
200800030941,8,6,14,1545,1,1,1,1,6,18183,M,4680900.0,265500.0,18
200800030942,8,6,20,1600,1,1,1,1,1,18021,M,0.0,0.0,18
200800030943,8,6,23,2015,2,1,1,1,6,18091,M,4677500.0,242400.0,18
200800030944,8,6,24,1700,1,1,1,1,7,18254,M,4705300.0,245000.0,18
200800030945,8,6,6,845,1,1,2,2,3,18242,M,4684800.0,291200.0,18
200800030946,8,6,23,1845,1,2,1,1,6,18108,M,0.0,0.0,18
200800030947,8,6,9,1515,1,2,8,1,6,18165,M,4731800.0,225800.0,18
200800030948,8,6,25,815,1,1,1,1,2,28350,M,4845900.0,127700.0,28
200800030949,8,6,1,1100,1,1,4,1,1,28298,M,4859600.0,155100.0,28
200800030950,8,6,17,1630,1,1,2,1,3,28391,M,4819900.0,193400.0,28
200800030951,8,6,21,2000,1,2,1,1,7,28088,M,0.0,0.0,28
200800030952,8,6,14,1715,1,2,1,1,3,28098,M,4874700.0,142200.0,28
200800030953,8,6,30,1045,1,1,1,1,1,28308,M,4870500.0,115000.0,28
200800030954,8,6,17,1630,1,2,1,1,1,28372,M,0.0,0.0,28
200800030955,8,6,10,1500,1,2,1,1,6,36142,M,0.0,0.0,36
200800030956,8,6,17,1215,1,1,1,1,2,36064,M,0.0,0.0,36
200800030957,8,6,19,1400,1,1,1,1,6,36009,M,4670200.0,170600.0,36
200800030958,8,6,28,1700,1,1,1,1,3,36161,M,0.0,0.0,36
200800030959,8,6,27,800,1,1,2,1,3,36194,M,4691400.0,134300.0,36
200800030960,8,6,30,1100,1,1,1,1,1,36232,M,4683700.0,135200.0,36
200800030961,8,6,4,1645,1,2,1,1,4,36018,M,4663600.0,108200.0,36
200800030962,8,6,28,1115,1,1,1,1,7,36240,M,0.0,0.0,36
200800030963,8,6,29,2000,1,1,1,1,3,36060,M,4648200.0,194000.0,36
200800030964,8,6,8,1415,1,2,1,1,7,36088,M,0.0,0.0,36
200800030965,8,6,20,1130,1,2,1,1,2,37003,M,4741700.0,98300.0,37
200800030966,8,6,25,1400,1,1,2,1,3,37138,M,4739400.0,90900.0,37
200800030967,8,6,13,1215,1,2,9,1,1,37249,M,0.0,0.0,37
200800030968,8,6,11,1815,1,1,1,1,2,37169,M,4762500.0,93200.0,37
200800030969,8,6,23,1930,1,1,1,1,3,37010,M,0.0,0.0,37
200800030970,8,6,2,1800,1,1,1,8,1,37011,M,0.0,0.0,37
200800030971,8,6,11,1545,1,1,2,1,3,37082,M,4736100.0,27400.0,37
200800030972,8,6,27,2100,1,1,1,1,1,37031,M,4727900.0,18400.0,37
200800030973,8,6,27,1830,1,2,1,1,6,37072,M,0.0,0.0,37
200800030974,8,6,17,745,1,1,1,1,1,37173,M,0.0,0.0,37
200800030975,8,6,16,1300,1,2,1,1,3,37192,M,4723100.0,91800.0,37
200800030976,8,6,22,2000,1,1,1,1,6,37098,M,4706300.0,61700.0,37
200800030977,8,6,21,745,1,1,1,1,1,41045,M,4749400.0,123400.0,41
200800030978,8,6,26,1730,1,1,1,1,3,41128,M,0.0,0.0,41
200800030979,8,6,29,530,2,1,1,1,3,41128,M,0.0,0.0,41
200800030980,8,6,3,1800,1,1,1,1,7,41085,M,0.0,0.0,41
200800030981,8,6,22,1645,1,2,1,1,1,41220,M,0.0,0.0,41
200800030982,8,6,22,230,3,1,1,1,6,41002,M,0.0,0.0,41
200800030983,8,6,23,2030,1,1,1,1,1,41257,M,0.0,0.0,41
200800030984,8,6,28,2045,1,2,1,1,6,41080,M,0.0,0.0,41
200800030985,8,6,26,1730,1,2,2,1,3,41139,M,0.0,0.0,41
200800030986,8,6,30,2100,2,2,1,1,3,41151,M,4734700.0,118700.0,41
200800030987,8,6,6,2245,3,1,1,1,7,41249,M,4745900.0,220100.0,41
200800030988,8,6,23,2130,1,1,1,1,6,41131,M,4782000.0,95700.0,41
200800030989,8,6,2,1200,1,2,1,1,1,41143,M,0.0,0.0,41
200800030990,8,6,3,1015,1,1,1,1,1,29297,M,0.0,0.0,29
200800030991,8,6,11,945,1,2,1,1,6,29293,M,0.0,0.0,29
200800030992,8,6,23,900,1,1,1,1,3,29153,M,4783800.0,-380000.0,29
200800030993,8,6,13,130,3,1,1,1,3,13033,M,4335800.0,517600.0,13
200800030994,8,6,21,1215,1,1,1,1,2,13088,M,4336800.0,526800.0,13
200800030995,8,6,29,300,3,1,1,1,3,13104,M,0.0,0.0,13
200800030996,8,6,24,1530,1,2,1,1,1,13021,M,4333900.0,517500.0,13
200800030997,8,6,12,2000,1,2,1,2,1,95214,M,0.0,0.0,95
200800030998,8,6,13,845,1,1,1,1,1,33199,M,4457700.0,-106200.0,33
200800030999,8,6,25,745,1,1,2,1,5,87063,M,0.0,0.0,87
200800031000,8,6,14,1645,1,1,1,1,3,21473,M,0.0,0.0,21
200800031001,8,6,27,100,3,1,9,1,6,13025,M,0.0,0.0,13
200800031002,8,6,9,1845,1,1,1,1,6,47021,M,,,47
200800031003,8,6,10,800,2,1,1,1,7,47102,M,4405200.0,42000.0,47
200800031004,8,6,17,1430,1,1,1,3,1,47143,M,4419400.0,32200.0,47
200800031005,8,6,17,115,3,1,1,1,7,47174,M,4407600.0,37100.0,47
200800031006,8,6,19,1245,1,1,1,1,1,47195,M,4410700.0,35700.0,47
200800031007,8,6,20,1900,1,2,1,1,1,34134,M,0.0,0.0,34
200800031008,8,6,30,900,1,1,3,1,3,34202,M,4358900.0,377900.0,34
200800031009,8,6,9,1945,1,2,1,1,1,11068,M,4319200.0,255900.0,11
200800031010,8,6,26,1700,1,1,1,1,3,23140,M,4594300.0,219300.0,23
200800031011,8,6,16,1330,2,1,1,1,6,78349,M,0.0,0.0,78
200800031012,8,6,21,1045,1,2,1,1,2,37050,M,4733800.0,70700.0,37
200800031013,8,6,27,1830,1,1,1,1,5,29140,M,4841100.0,-429700.0,29
200800031014,8,6,14,2300,5,2,3,1,3,33229,M,0.0,0.0,33
200800031015,8,6,15,1800,1,1,1,1,7,89208,M,0.0,0.0,89
200800031016,8,6,21,345,5,1,1,1,6,62355,M,5033800.0,292000.0,62
200800031017,8,6,1,1800,1,1,1,1,6,80521,M,4997600.0,286400.0,80
200800031018,8,6,2,2300,3,1,1,1,6,80307,M,0.0,0.0,80
200800031019,8,6,11,1230,1,1,1,1,7,80033,M,0.0,0.0,80
200800031020,8,6,7,400,3,1,1,2,2,71550,M,0.0,0.0,71
200800031021,8,6,9,1515,1,1,1,1,7,71497,M,0.0,0.0,71
200800031022,8,6,19,1100,1,1,1,1,2,71270,M,0.0,0.0,71
200800031023,8,6,1,930,1,1,1,1,6,89196,M,0.0,0.0,89
200800031024,8,6,22,1600,1,1,1,1,6,13067,M,0.0,0.0,13
200800031025,8,6,28,930,1,1,1,1,2,13114,M,0.0,0.0,13
200800031026,8,6,16,45,3,1,1,1,2,84019,M,0.0,0.0,84
200800031027,8,6,29,1315,1,1,1,1,6,84087,M,0.0,0.0,84
200800031028,8,6,6,1830,1,1,1,1,2,83004,M,4344500.0,647900.0,83
200800031029,8,6,5,630,1,1,1,1,6,27091,M,0.0,0.0,27
200800031030,8,6,13,530,2,1,1,1,3,60100,M,0.0,0.0,60
200800031031,8,6,26,1300,1,1,1,1,3,60138,M,0.0,0.0,60
200800031032,8,6,29,1215,1,1,1,1,5,60531,M,0.0,0.0,60
200800031033,8,6,29,2215,3,1,1,1,6,60019,M,0.0,0.0,60
200800031034,8,6,15,1715,1,1,1,1,3,69013,M,4605000.0,472100.0,69
200800031035,8,6,6,430,3,1,1,2,2,59488,M,0.0,0.0,59
200800031036,8,6,26,945,1,1,1,7,2,38449,M,4565400.0,511900.0,38
200800031037,8,6,3,1130,1,1,1,1,7,83089,M,0.0,0.0,83
200800031038,8,6,6,1100,1,1,1,1,1,30189,M,0.0,0.0,30
200800031039,8,6,20,615,1,1,9,1,7,34340,M,0.0,0.0,34
200800031040,8,6,28,1245,1,1,1,1,5,34294,M,0.0,0.0,34
200800031041,8,6,26,345,4,1,1,1,2,21423,M,,,21
200800031042,8,6,14,900,3,1,1,1,2,73184,M,4558300.0,580300.0,73
200800031043,8,6,1,730,1,1,1,1,7,74090,M,4610300.0,629900.0,74
200800031044,8,6,25,1015,1,1,1,1,7,38118,M,0.0,0.0,38
200800031045,8,6,12,1515,1,1,1,1,6,13068,M,0.0,0.0,13
200800031046,8,6,21,245,3,1,1,1,2,28104,M,0.0,0.0,28
200800031047,8,6,14,1215,1,1,1,1,1,41094,M,0.0,0.0,41
200800031048,8,6,16,1715,1,2,1,1,3,41295,M,0.0,0.0,41
200800031049,8,6,22,1945,1,2,1,1,5,29190,M,4834900.0,-471800.0,29
200800031050,8,6,4,430,3,1,1,1,2,34129,M,4359300.0,389900.0,34
200800031051,8,6,30,1030,1,1,1,1,1,33474,M,4467800.0,-47600.0,33
200800031052,8,6,16,700,1,1,1,1,7,51197,M,4905600.0,467600.0,51
200800031053,8,6,14,1115,1,1,1,7,2,57444,M,0.0,0.0,57
200800031054,8,6,8,1630,1,1,1,1,1,02280,M,0.0,0.0,02
200800031055,8,6,16,615,1,1,1,1,6,06149,M,0.0,0.0,06
200800031056,8,6,22,1415,1,1,1,1,2,06104,M,0.0,0.0,06
200800031057,8,6,24,1045,1,1,9,1,2,67460,M,0.0,0.0,67
200800031058,8,6,4,2215,2,2,1,1,6,95323,M,0.0,0.0,95
200800031059,8,6,22,1630,1,2,1,1,1,95074,M,0.0,0.0,95
200800031060,8,6,28,1945,1,2,1,1,1,95323,M,0.0,0.0,95
200800031061,8,6,28,1200,1,1,1,1,2,38511,M,0.0,0.0,38
200800031062,8,6,24,1345,1,1,1,1,6,86115,M,0.0,0.0,86
200800031063,8,6,1,830,1,1,1,1,3,06004,M,0.0,0.0,06
200800031064,8,6,2,630,2,1,1,2,7,83061,M,4354800.0,683300.0,83
200800031065,8,6,8,645,2,1,1,1,2,83133,M,0.0,0.0,83
200800031066,8,6,17,1900,1,1,1,7,3,66228,M,0.0,0.0,66
200800031067,8,6,22,915,1,1,1,1,6,72386,M,0.0,0.0,72
200800031068,8,6,22,2315,3,1,1,1,6,25056,M,4731200.0,606200.0,25
200800031069,8,6,26,1430,1,1,1,1,7,25298,M,0.0,0.0,25
200800031070,8,6,30,715,1,1,1,1,1,38253,M,4503300.0,608500.0,38
200800031071,8,6,22,1400,1,1,1,1,6,31396,M,0.0,0.0,31
200800031072,8,6,16,1800,1,1,1,3,6,46162,M,0.0,0.0,46
200800031073,8,6,25,1045,1,1,1,1,6,72017,M,4801800.0,-9000.0,72
200800031074,8,6,8,1715,1,1,1,1,7,53264,M,0.0,0.0,53
200800031075,8,6,8,1815,1,1,1,1,7,53228,M,0.0,0.0,53
200800031076,8,6,17,430,3,1,9,1,6,53201,M,0.0,0.0,53
200800031077,8,6,22,1715,1,1,1,1,1,44026,M,4729500.0,-146700.0,44
200800031078,8,6,22,1800,1,1,9,1,4,44026,M,0.0,0.0,44
200800031079,8,6,8,400,3,1,1,1,6,20312,M,4187900.0,897400.0,201
200800031080,8,6,4,830,1,2,1,8,6,38229,M,4521800.0,577700.0,38
200800031081,8,6,5,1900,1,2,1,2,3,38229,M,0.0,0.0,38
200800031082,8,6,22,1130,1,2,1,1,1,38397,M,0.0,0.0,38
200800031083,8,6,16,1730,1,2,1,1,1,06085,M,0.0,0.0,06
200800031084,8,6,1,1215,1,1,1,1,3,78010,M,4892000.0,193300.0,78
200800031085,8,6,17,1315,1,2,1,1,3,78466,M,4893000.0,198000.0,78
200800031086,8,6,30,830,1,2,2,1,3,78010,M,4891000.0,192000.0,78
200800031087,8,6,29,1830,1,1,1,1,6,67481,M,0.0,0.0,67
200800031088,8,6,22,1630,1,1,1,1,7,17139,M,0.0,0.0,17
200800031089,8,6,1,545,2,1,1,3,3,33321,M,0.0,0.0,33
200800031090,8,6,12,915,1,2,1,1,7,22187,M,4854000.0,-277100.0,22
200800031091,8,6,19,700,1,1,1,1,6,69280,M,4581300.0,506600.0,69
200800031092,8,6,22,2345,3,1,1,1,7,01142,M,4585600.0,509300.0,01
200800031093,8,6,22,2030,1,2,1,1,6,42279,M,4550500.0,424000.0,42
200800031094,8,6,17,1700,1,1,2,1,1,51333,M,0.0,0.0,51
200800031095,8,6,18,1945,1,1,1,1,7,51614,M,4915600.0,416000.0,51
200800031096,8,6,21,1500,1,2,1,1,1,51007,M,4908000.0,417700.0,51
200800031097,8,6,27,1415,1,1,1,1,5,51536,M,4920300.0,415400.0,51
200800031098,8,6,28,830,1,1,1,1,6,51629,M,4916800.0,401200.0,51
200800031099,8,6,10,1945,2,1,1,4,3,52114,M,0.0,0.0,52
200800031100,8,6,21,2045,1,1,1,1,1,31157,M,4354500.0,137800.0,31
200800031101,8,6,22,615,2,2,1,1,6,62852,M,0.0,0.0,62
200800031102,8,6,2,945,1,2,1,8,3,06018,M,0.0,0.0,06
200800031103,8,6,5,1715,1,1,1,2,6,06018,M,0.0,0.0,06
200800031104,8,6,23,1745,1,1,1,1,2,06152,M,0.0,0.0,06
200800031105,8,6,28,1700,1,2,1,1,6,06152,M,0.0,0.0,06
200800031106,8,6,1,130,3,1,1,9,6,74282,M,0.0,0.0,74
200800031107,8,6,1,1800,1,1,1,1,7,74245,M,0.0,0.0,74
200800031108,8,6,28,915,1,1,1,1,3,34082,M,4367700.0,378200.0,34
200800031109,8,6,20,1100,1,1,1,1,6,01304,M,0.0,0.0,01
200800031110,8,6,22,2330,3,1,9,1,3,01451,M,0.0,0.0,01
200800031111,8,6,10,1745,1,2,3,7,3,78571,M,4886200.0,201500.0,78
200800031112,8,6,26,1915,1,1,1,1,3,78043,M,4884100.0,209100.0,78
200800031113,8,6,27,2015,2,1,1,1,3,09176,M,0.0,0.0,09
200800031114,8,6,2,1530,1,2,1,1,6,56248,M,4758200.0,-262900.0,56
200800031115,8,6,8,1930,1,1,1,1,3,56240,M,4753500.0,-283100.0,56
200800031116,8,6,24,2100,1,1,1,1,3,56240,M,4753600.0,-283100.0,56
200800031117,8,6,27,1730,1,2,1,1,3,56252,M,4753300.0,-266100.0,56
200800031118,8,6,28,1945,1,1,1,1,2,42066,M,4573800.0,418200.0,42
200800031119,8,6,17,1545,1,1,1,1,2,13048,M,0.0,0.0,13
200800031120,8,6,8,1515,1,1,1,1,3,34333,M,0.0,0.0,34
200800031121,8,6,20,2230,3,1,1,1,2,13051,M,4359300.0,511800.0,13
200800031122,8,6,15,530,2,1,1,2,6,03021,M,4612200.0,312700.0,03
200800031123,8,6,30,230,3,1,1,1,2,40075,M,0.0,0.0,40
200800031124,8,6,6,1400,1,1,9,1,2,67152,M,4852400.0,769600.0,67
200800031125,8,6,20,1300,1,2,1,1,4,67108,M,4853000.0,759800.0,67
200800031126,8,6,11,1600,1,1,1,1,1,06010,M,4370100.0,696900.0,06
200800031127,8,6,11,1815,1,1,1,1,1,38193,M,4562100.0,520100.0,38
200800031128,8,6,26,1830,1,1,1,7,5,38530,M,4561700.0,520200.0,38
200800031129,8,6,27,900,1,1,1,1,3,38193,M,4562000.0,520000.0,38
200800031130,8,6,28,1345,1,1,1,1,3,03256,M,4633600.0,290000.0,03
200800031131,8,6,25,845,1,1,1,1,6,04149,M,0.0,0.0,04
200800031132,8,6,10,945,1,2,1,1,6,13113,M,4361100.0,549200.0,13
200800031133,8,6,12,445,2,1,1,1,6,67194,M,0.0,0.0,67
200800031134,8,6,28,445,3,1,1,1,6,51634,M,4895100.0,427600.0,51
200800031135,8,6,14,2245,3,1,1,1,2,77453,M,0.0,0.0,77