Num_Acc,an,mois,jour,hrmn,lum,agg,int,atm,col,com,gps,lat,long,dep
200800031136,8,6,25,530,2,1,1,1,6,77165,M,4848600.0,286000.0,77
200800031137,8,6,26,1500,1,1,1,1,6,60009,M,0.0,0.0,60
200800031138,8,6,10,1915,1,1,1,1,5,31104,M,4334600.0,125600.0,31
200800031139,8,6,1,1745,1,2,1,1,3,74278,M,4608900.0,653400.0,74
200800031140,8,6,5,430,5,2,1,2,1,74164,M,4608600.0,650500.0,74
200800031141,8,6,12,2015,1,2,1,1,6,74164,M,4608000.0,649700.0,74
200800031142,8,6,13,600,2,1,1,1,6,74311,M,4615300.0,637800.0,74
200800031143,8,6,30,1730,1,1,1,1,6,74164,M,4611600.0,650300.0,74
200800031144,8,6,25,2015,1,1,1,1,7,80030,M,0.0,0.0,80
200800031145,8,6,29,1515,1,1,1,1,6,80809,M,0.0,0.0,80
200800031146,8,6,13,1100,1,1,1,1,3,62281,M,0.0,0.0,62
200800031147,8,6,27,1715,1,2,1,1,3,78356,M,0.0,0.0,78
200800031148,8,6,21,1100,1,1,9,1,1,95394,M,0.0,0.0,95
200800031149,8,6,11,1715,1,1,1,2,3,19287,M,4536700.0,193600.0,19
200800031150,8,6,28,2245,5,2,1,1,3,19073,M,4541100.0,205100.0,19
200800031151,8,6,2,730,2,1,1,1,6,67498,M,4885600.0,760600.0,67
200800031152,8,6,3,745,1,1,1,1,1,67388,M,4893100.0,767100.0,67
200800031153,8,6,5,1415,1,1,1,3,1,67498,M,0.0,0.0,67
200800031154,8,6,30,1845,1,2,1,1,1,67512,M,0.0,0.0,67
200800031155,8,6,15,1645,1,2,6,1,3,30047,M,0.0,0.0,30
200800031156,8,6,14,1915,1,1,1,1,1,76243,M,0.0,0.0,76
200800031157,8,6,5,1330,1,1,1,1,1,71520,M,0.0,0.0,71
200800031158,8,6,15,500,3,1,1,1,7,41044,M,4729600.0,192200.0,41
200800031159,8,6,26,1800,1,1,1,1,2,41049,M,4733500.0,151300.0,41
200800031160,8,6,2,200,5,2,1,8,6,31351,M,4367300.0,128900.0,31
200800031161,8,6,13,1300,1,2,1,1,3,95637,M,0.0,0.0,95
200800031162,8,6,19,45,5,2,1,1,6,95388,M,4903100.0,197800.0,95
200800031163,8,6,18,1645,1,1,1,1,7,14681,M,0.0,0.0,14
200800031164,8,6,5,1415,1,2,1,1,6,35001,M,0.0,0.0,35
200800031165,8,6,22,700,1,2,1,1,6,35024,M,0.0,0.0,35
200800031166,8,6,9,1230,1,1,1,1,1,34120,M,4367000.0,390600.0,34
200800031167,8,6,14,1515,1,1,1,1,7,14513,M,0.0,0.0,14
200800031168,8,6,22,1545,1,2,1,1,3,77065,M,4846700.0,253200.0,77
200800031169,8,6,5,1400,1,2,1,2,2,69260,M,0.0,0.0,69
200800031170,8,6,4,700,1,2,9,1,3,69046,M,0.0,0.0,69
200800031171,8,6,28,1730,1,1,1,1,6,27148,M,4897800.0,43800.0,27
200800031172,8,6,1,1345,1,1,1,8,2,61282,M,0.0,0.0,61
200800031173,8,6,22,1015,1,1,1,1,7,61464,M,0.0,0.0,61
200800031174,8,6,8,700,2,2,1,1,6,34095,M,4355900.0,377600.0,34
200800031175,8,6,23,2045,3,2,1,1,6,66021,M,0.0,0.0,66
200800031176,8,6,24,800,1,1,1,1,1,30081,M,4414500.0,471400.0,30
200800031177,8,6,26,1400,1,1,1,1,4,30331,M,0.0,0.0,30
200800031178,8,6,6,1300,1,1,1,2,3,83017,M,0.0,0.0,83
200800031179,8,6,9,1245,1,1,1,1,7,22051,M,4837500.0,-234500.0,22
200800031180,8,6,11,1100,1,1,2,1,3,83049,M,4325000.0,609000.0,83
200800031181,8,6,25,1030,1,2,1,1,3,83091,M,0.0,0.0,83
200800031182,8,6,5,1100,1,1,1,1,6,76462,M,4973800.0,144300.0,76
200800031183,8,6,10,1130,1,1,1,1,6,76122,M,0.0,0.0,76
200800031184,8,6,29,30,3,1,1,1,4,76462,M,4970700.0,136800.0,76
200800031185,8,6,3,1000,1,1,1,1,2,63242,M,4541100.0,327600.0,63
200800031186,8,6,25,915,1,1,1,1,3,63404,M,4557600.0,324800.0,63
200800031187,8,6,30,700,1,1,1,1,2,87205,M,0.0,0.0,87
200800031188,8,6,23,1430,1,1,1,1,6,34142,M,0.0,0.0,34
200800031189,8,6,30,1645,1,1,1,1,6,48034,M,4448000.0,321100.0,48
200800031190,8,6,16,815,1,1,1,1,6,35012,M,4785700.0,-169200.0,35
200800031191,8,6,25,1715,1,1,1,1,3,35243,M,4834400.0,-127900.0,35
200800031192,8,6,5,2345,3,1,1,3,2,08330,M,4954300.0,444200.0,08
200800031193,8,6,24,1845,1,1,1,1,2,22206,M,0.0,0.0,22
200800031194,8,6,13,715,1,1,1,1,3,72200,M,0.0,0.0,72
200800031195,8,6,20,1515,1,1,1,1,1,72260,M,0.0,0.0,72
200800031196,8,6,21,1930,1,1,1,1,1,72287,M,4785600.0,18200.0,72
200800031197,8,6,23,1545,1,1,1,1,3,72213,M,0.0,0.0,72
200800031198,8,6,25,1745,1,1,1,1,3,72231,M,0.0,0.0,72
200800031199,8,6,7,1800,1,1,1,1,6,83019,M,0.0,0.0,83
200800031200,8,6,10,745,2,2,1,1,3,83070,M,0.0,0.0,83
200800031201,8,6,26,1745,1,1,1,1,6,83019,M,0.0,0.0,83
200800031202,8,6,26,1700,1,2,1,1,5,91340,M,0.0,0.0,91
200800031203,8,6,25,2215,3,2,1,1,3,68315,M,4788500.0,722500.0,68
200800031204,8,6,1,1810,1,2,2,1,6,01053,M,,,01
200800031205,8,6,9,1655,1,2,1,1,6,01053,M,,,01
200800031206,8,6,7,1930,1,1,6,1,3,01451,M,,,01
200800031207,8,6,9,2350,5,2,1,2,6,01053,M,,,01
200800031208,8,6,16,1015,1,1,2,2,5,01289,M,,,01
200800031209,8,6,19,1855,1,2,1,1,6,01053,M,,,01
200800031210,8,6,26,2145,5,2,2,1,3,01289,M,,,01
200800031211,8,6,28,1215,1,2,3,1,3,01053,M,,,01
200800031212,8,6,21,2035,1,2,1,1,3,01283,M,,,01
200800031213,8,6,28,1357,1,2,6,1,3,01031,M,,,01
200800031214,8,6,13,1932,1,1,1,1,4,02168,M,,,02
200800031215,8,6,28,1625,1,2,1,1,6,02168,M,,,02
200800031216,8,6,25,2015,1,2,6,1,6,02408,M,,,02
200800031217,8,6,7,2355,5,2,1,1,6,02691,M,,,02
200800031218,8,6,11,2005,1,2,1,1,6,02691,M,,,02
200800031219,8,6,11,955,1,2,1,1,6,02691,M,,,02
200800031220,8,6,14,2200,5,2,3,1,2,02691,M,,,02
200800031221,8,6,14,1355,1,2,1,1,2,02691,M,,,02
200800031222,8,6,17,1235,1,2,1,1,3,02340,M,,,02
200800031223,8,6,17,1330,1,2,1,1,6,02691,M,,,02
200800031224,8,6,23,1615,1,2,2,1,3,02691,M,,,02
200800031225,8,6,28,1800,1,2,1,1,6,02691,M,,,02
200800031226,8,6,1,1145,1,2,4,1,6,03185,M,,,03
200800031227,8,6,23,935,1,2,1,1,6,03185,M,,,03
200800031228,8,6,27,1,5,2,1,1,7,03185,M,,,03
200800031229,8,6,23,1125,1,2,6,1,3,03321,M,,,03
200800031230,8,6,4,1015,1,2,2,2,6,03310,M,,,03
200800031231,8,6,4,1205,1,2,3,1,3,03095,M,,,03
200800031232,8,6,5,1407,1,2,1,3,6,03094,M,,,03
200800031233,8,6,14,1635,1,2,2,1,3,03310,M,,,03
200800031234,8,6,18,1720,1,1,1,1,3,03094,M,,,03
200800031235,8,6,19,1940,1,2,6,1,3,03310,M,,,03
200800031236,8,6,19,1710,1,2,6,1,3,03095,M,,,03
200800031237,8,6,19,1930,1,2,1,1,1,03023,M,,,03
200800031238,8,6,21,1140,1,2,1,1,6,03310,M,,,03
200800031239,8,6,21,1730,1,2,1,1,2,03095,M,,,03
200800031240,8,6,21,2025,1,1,1,1,7,03095,M,,,03
200800031241,8,6,7,2305,3,1,1,1,3,04112,M,,,04
200800031242,8,6,8,1820,1,1,2,2,3,04112,M,,,04
200800031243,8,6,30,1140,1,2,3,1,3,04112,M,,,04
200800031244,8,6,4,1743,1,2,1,1,2,05061,M,,,05
200800031245,8,6,5,1730,1,2,1,1,6,05061,M,,,05
200800031246,8,6,18,845,1,1,3,1,3,05061,M,,,05
200800031247,8,6,26,1613,1,2,3,1,3,05061,M,,,05
200800031248,8,6,2,1320,1,2,2,1,3,06004,M,,,06
200800031249,8,6,5,1125,1,2,1,1,6,06004,M,,,06
200800031250,8,6,6,1810,1,2,1,1,2,06004,M,,,06
200800031251,8,6,8,1725,1,2,1,1,5,06004,M,,,06
200800031252,8,6,12,850,1,2,1,1,3,06004,M,,,06
200800031253,8,6,18,830,1,2,1,1,6,06004,M,,,06
200800031254,8,6,18,2148,5,2,1,1,6,06155,M,,,06
200800031255,8,6,20,1705,1,2,1,1,2,06004,M,,,06
200800031256,8,6,23,1810,1,2,1,1,6,06004,M,,,06
200800031257,8,6,26,1245,1,2,1,1,6,06004,M,,,06
200800031258,8,6,30,1015,1,1,1,1,3,06004,M,,,06
200800031259,8,6,1,1150,1,2,1,1,2,06027,M,,,06
200800031260,8,6,3,1710,1,2,1,1,3,06027,M,,,06
200800031261,8,6,4,2330,5,2,3,1,3,06123,M,,,06
200800031262,8,6,5,920,1,2,3,1,2,06123,M,,,06
200800031263,8,6,6,1645,1,2,3,1,6,06027,M,,,06
200800031264,8,6,6,1240,1,2,1,1,3,06123,M,,,06
200800031265,8,6,9,1115,1,2,3,1,3,06123,M,,,06
200800031266,8,6,10,1410,1,2,1,1,6,06027,M,,,06
200800031267,8,6,10,1545,1,2,1,1,3,06123,M,,,06
200800031268,8,6,12,1540,1,2,3,1,6,06027,M,,,06
200800031269,8,6,13,1015,1,2,1,1,2,06123,M,,,06
200800031270,8,6,19,1930,1,2,1,1,3,06027,M,,,06
200800031271,8,6,24,1830,1,2,1,1,3,06027,M,,,06
200800031272,8,6,25,1230,1,2,3,1,6,06123,M,,,06
200800031273,8,6,27,730,1,2,1,1,3,06027,M,,,06
200800031274,8,6,28,2020,1,2,3,1,3,06123,M,,,06
200800031275,8,6,30,1830,1,2,1,1,2,06123,M,,,06
200800031276,8,6,2,900,1,2,1,1,3,06029,M,,,06
200800031277,8,6,2,1020,1,2,1,1,3,06029,M,,,06
200800031278,8,6,3,1700,1,2,1,1,3,06029,M,,,06
200800031279,8,6,4,1325,1,2,1,1,2,06029,M,,,06
200800031280,8,6,4,1434,2,2,2,1,3,06029,M,,,06
200800031281,8,6,5,950,1,2,1,1,6,06029,M,,,06
200800031282,8,6,4,1845,1,2,1,1,3,06029,M,,,06
200800031283,8,6,6,1300,1,2,1,1,2,06029,M,,,06
200800031284,8,6,7,1000,1,2,2,1,2,06029,M,,,06
200800031285,8,6,10,1326,1,2,1,1,3,06029,M,,,06
200800031286,8,6,11,1236,1,2,1,2,3,06029,M,,,06
200800031287,8,6,15,1135,1,2,1,1,3,06029,M,,,06
200800031288,8,6,16,1220,1,2,1,1,3,06029,M,,,06
200800031289,8,6,16,1411,1,2,1,1,4,06030,M,,,06
200800031290,8,6,17,100,5,2,1,1,3,06029,M,,,06
200800031291,8,6,17,1650,1,2,1,3,7,06029,M,,,06
200800031292,8,6,18,645,2,2,1,1,7,06029,M,,,06
200800031293,8,6,18,1000,1,2,1,1,3,06029,M,,,06
200800031294,8,6,18,1815,1,2,1,1,3,06029,M,,,06
200800031295,8,6,19,845,1,2,1,1,7,06030,M,,,06
200800031296,8,6,20,1640,1,2,1,7,3,06029,M,,,06
200800031297,8,6,22,1405,1,2,1,7,3,06029,M,,,06
200800031298,8,6,24,215,5,2,1,1,3,06029,M,,,06
200800031299,8,6,24,1020,1,2,1,7,3,06030,M,,,06
200800031300,8,6,27,1335,1,2,1,1,3,06029,M,,,06
200800031301,8,6,29,2115,1,2,1,1,3,06030,M,,,06
200800031302,8,6,30,650,1,2,1,1,2,06029,M,,,06
200800031303,8,6,2,1925,1,2,1,1,7,06069,M,,,06
200800031304,8,6,3,1220,1,2,1,1,1,06069,M,,,06
200800031305,8,6,3,2100,1,2,3,1,3,06069,M,,,06
200800031306,8,6,4,515,2,2,1,1,7,06069,M,,,06
200800031307,8,6,5,1115,1,2,1,1,6,06069,M,,,06
200800031308,8,6,6,1400,1,2,1,1,3,06069,M,,,06
200800031309,8,6,6,1715,1,2,1,1,1,06069,M,,,06
200800031310,8,6,9,2255,5,2,1,1,7,06069,M,,,06
200800031311,8,6,10,1815,1,2,1,1,2,06069,M,,,06
200800031312,8,6,11,1630,1,2,1,1,2,06069,M,,,06
200800031313,8,6,12,810,1,2,1,1,7,06069,M,,,06
200800031314,8,6,12,845,1,2,1,1,7,06069,M,,,06
200800031315,8,6,13,1505,1,2,1,1,3,06069,M,,,06
200800031316,8,6,16,1745,1,2,1,1,7,06069,M,,,06
200800031317,8,6,14,1200,1,2,1,1,7,06069,M,,,06
200800031318,8,6,19,855,1,2,1,1,7,06069,M,,,06
200800031319,8,6,19,1440,1,2,1,1,4,06069,M,,,06
200800031320,8,6,20,1840,1,2,1,1,3,06069,M,,,06
200800031321,8,6,22,320,5,2,1,1,7,06069,M,,,06
200800031322,8,6,26,810,1,2,1,1,1,06069,M,,,06
200800031323,8,6,27,855,1,2,3,1,3,06069,M,,,06
200800031324,8,6,27,1200,1,2,1,1,3,06069,M,,,06
200800031325,8,6,27,1735,1,2,2,1,3,06069,M,,,06
200800031326,8,6,28,1530,1,2,1,1,2,06069,M,,,06
200800031327,8,6,29,1845,1,2,1,1,7,06069,M,,,06
200800031328,8,6,4,2240,5,2,1,1,6,06012,M,,,06
200800031329,8,6,6,2100,2,2,1,1,2,06012,M,,,06
200800031330,8,6,8,235,5,2,1,1,1,06104,M,,,06
200800031331,8,6,7,500,5,2,1,1,7,06104,M,,,06
200800031332,8,6,6,1130,1,2,1,1,2,06083,M,,,06
200800031333,8,6,14,1500,1,2,1,1,3,06104,M,,,06
200800031334,8,6,16,1640,1,2,1,1,7,06083,M,,,06
200800031335,8,6,16,945,1,2,3,1,6,06083,M,,,06
200800031336,8,6,17,740,1,2,3,1,3,06083,M,,,06
200800031337,8,6,14,1010,1,2,1,1,6,06012,M,,,06
200800031338,8,6,20,1230,1,2,1,1,6,06104,M,,,06
200800031339,8,6,21,1955,1,2,1,1,1,06104,M,,,06
200800031340,8,6,22,1745,1,2,1,1,5,06104,M,,,06
200800031341,8,6,23,925,1,2,1,1,6,06083,M,,,06
200800031342,8,6,27,1345,1,2,1,1,2,06083,M,,,06
200800031343,8,6,1,230,5,2,1,1,1,06088,M,,,06
200800031344,8,6,1,550,4,2,1,1,6,06088,M,,,06
200800031345,8,6,1,1240,1,2,2,1,3,06088,M,,,06
200800031346,8,6,2,1540,1,2,1,1,6,06088,M,,,06
200800031347,8,6,2,1250,1,2,1,1,3,06088,M,,,06
200800031348,8,6,2,1445,1,2,2,1,3,06088,M,,,06
200800031349,8,6,2,1541,1,2,1,1,4,06088,M,,,06
200800031350,8,6,2,1845,1,2,1,1,5,06088,M,,,06
200800031351,8,6,3,820,1,2,3,1,3,06088,M,,,06
200800031352,8,6,3,1210,1,2,1,1,3,06088,M,,,06
200800031353,8,6,3,1630,1,2,1,1,6,06088,M,,,06
200800031354,8,6,3,1715,1,2,1,1,6,06088,M,,,06
200800031355,8,6,4,1120,1,2,3,1,2,06088,M,,,06
200800031356,8,6,4,1400,1,2,1,1,3,06088,M,,,06
200800031357,8,6,4,1600,1,2,2,1,3,06088,M,,,06
200800031358,8,6,5,800,1,2,1,1,6,06088,M,,,06
200800031359,8,6,5,1010,1,2,1,1,6,06088,M,,,06
200800031360,8,6,5,1530,1,2,2,1,6,06088,M,,,06
200800031361,8,6,5,1715,1,2,1,1,2,06088,M,,,06
200800031362,8,6,6,1030,1,2,1,1,6,06088,M,,,06
200800031363,8,6,6,1140,1,2,1,1,2,06088,M,,,06
200800031364,8,6,6,1600,1,2,2,1,3,06088,M,,,06
200800031365,8,6,7,200,5,2,2,1,3,06088,M,,,06
200800031366,8,6,7,320,5,2,1,1,6,06088,M,,,06
200800031367,8,6,7,550,4,2,1,1,3,06088,M,,,06
200800031368,8,6,7,1200,1,2,1,1,6,06088,M,,,06
200800031369,8,6,7,1246,1,2,1,1,5,06088,M,,,06
200800031370,8,6,7,1915,1,2,2,1,3,06088,M,,,06
200800031371,8,6,8,15,5,2,1,1,3,06088,M,,,06
200800031372,8,6,8,900,1,2,2,1,6,06088,M,,,06
200800031373,8,6,8,1650,1,2,1,1,6,06088,M,,,06
200800031374,8,6,9,1355,1,2,1,1,2,06088,M,,,06
200800031375,8,6,9,1647,1,2,1,1,6,06088,M,,,06
200800031376,8,6,9,1750,1,2,2,1,5,06088,M,,,06
200800031377,8,6,9,2220,5,2,1,1,3,06088,M,,,06
200800031378,8,6,10,1315,1,2,1,1,6,06088,M,,,06
200800031379,8,6,10,1355,1,2,1,1,6,06088,M,,,06
200800031380,8,6,10,1615,1,2,1,1,3,06088,M,,,06
200800031381,8,6,11,1325,1,2,1,1,2,06088,M,,,06
200800031382,8,6,11,1730,1,2,1,1,3,06088,M,,,06
200800031383,8,6,12,725,1,2,1,1,3,06088,M,,,06
200800031384,8,6,12,950,1,2,1,1,3,06088,M,,,06
200800031385,8,6,12,1050,1,2,1,1,2,06088,M,,,06
200800031386,8,6,12,1620,1,2,1,1,3,06088,M,,,06
200800031387,8,6,12,1730,1,2,1,1,5,06088,M,,,06
200800031388,8,6,12,1945,1,2,2,1,6,06088,M,,,06
200800031389,8,6,13,1050,1,2,2,1,3,06088,M,,,06
200800031390,8,6,13,1240,1,2,1,1,6,06088,M,,,06
200800031391,8,6,13,1325,1,2,1,1,6,06088,M,,,06
200800031392,8,6,13,1655,1,2,1,1,3,06088,M,,,06
200800031393,8,6,13,1715,1,2,1,1,3,06088,M,,,06
200800031394,8,6,13,1730,1,2,1,1,3,06088,M,,,06
200800031395,8,6,13,1830,1,2,1,1,6,06088,M,,,06
200800031396,8,6,14,30,5,2,3,1,3,06088,M,,,06
200800031397,8,6,14,1555,1,2,1,1,6,06088,M,,,06
200800031398,8,6,14,1605,1,2,1,1,6,06088,M,,,06
200800031399,8,6,14,1855,1,2,1,1,6,06088,M,,,06
200800031400,8,6,15,1030,1,2,3,1,6,06088,M,,,06
200800031401,8,6,15,1200,1,2,2,1,6,06088,M,,,06
200800031402,8,6,15,2020,1,2,2,1,3,06088,M,,,06
200800031403,8,6,16,857,1,2,1,1,3,06088,M,,,06
200800031404,8,6,16,1510,1,2,1,1,4,06088,M,,,06
200800031405,8,6,16,1545,1,2,3,1,3,06088,M,,,06
200800031406,8,6,16,1615,1,2,1,1,6,06088,M,,,06
200800031407,8,6,16,1700,1,2,6,1,3,06088,M,,,06
200800031408,8,6,16,1930,1,2,1,1,3,06088,M,,,06
200800031409,8,6,17,1045,1,2,1,1,6,06088,M,,,06
200800031410,8,6,17,1550,1,2,2,8,3,06088,M,,,06
200800031411,8,6,18,1330,1,2,1,1,3,06088,M,,,06
200800031412,8,6,18,1545,1,2,2,1,6,06088,M,,,06
200800031413,8,6,19,25,5,2,1,1,2,06088,M,,,06
200800031414,8,6,19,730,1,2,1,1,6,06088,M,,,06
200800031415,8,6,19,855,1,2,1,1,3,06088,M,,,06
200800031416,8,6,19,1345,1,2,1,1,3,06088,M,,,06
200800031417,8,6,19,1450,1,2,1,1,3,06088,M,,,06
200800031418,8,6,19,1500,1,2,2,1,5,06088,M,,,06
200800031419,8,6,19,1625,1,2,1,1,4,06088,M,,,06
200800031420,8,6,19,1635,1,2,1,1,2,06088,M,,,06
200800031421,8,6,20,1330,1,2,1,1,3,06088,M,,,06
200800031422,8,6,20,1350,1,2,1,1,1,06088,M,,,06
200800031423,8,6,20,1745,1,2,1,1,5,06088,M,,,06
200800031424,8,6,20,1805,1,2,1,1,3,06088,M,,,06
200800031425,8,6,20,2235,1,2,2,1,3,06088,M,,,06
200800031426,8,6,21,830,1,2,3,1,6,06088,M,,,06
200800031427,8,6,21,940,1,2,2,1,6,06088,M,,,06
200800031428,8,6,21,930,1,2,1,1,3,06088,M,,,06
200800031429,8,6,21,1200,1,2,2,1,3,06088,M,,,06
200800031430,8,6,21,1415,1,2,1,1,6,06088,M,,,06
200800031431,8,6,21,1540,1,2,1,1,6,06088,M,,,06
200800031432,8,6,21,2025,1,2,3,1,3,06088,M,,,06
200800031433,8,6,22,405,5,2,2,1,3,06088,M,,,06
200800031434,8,6,22,820,1,2,3,1,3,06088,M,,,06
200800031435,8,6,22,950,1,2,1,1,6,06088,M,,,06
200800031436,8,6,22,1120,1,2,1,1,6,06088,M,,,06
200800031437,8,6,22,1610,1,2,2,1,3,06088,M,,,06
200800031438,8,6,22,1946,1,2,2,1,3,06088,M,,,06
200800031439,8,6,23,1610,1,2,1,1,6,06088,M,,,06
200800031440,8,6,23,1615,1,2,1,1,7,06088,M,,,06
200800031441,8,6,24,800,1,2,1,1,3,06088,M,,,06
200800031442,8,6,24,835,1,2,1,1,7,06088,M,,,06
200800031443,8,6,24,940,1,2,1,1,6,06088,M,,,06
200800031444,8,6,24,2130,1,2,1,1,6,06088,M,,,06
200800031445,8,6,24,2131,5,2,1,1,6,06088,M,,,06
200800031446,8,6,25,1720,1,2,2,1,3,06088,M,,,06
200800031447,8,6,25,1810,1,2,6,1,3,06088,M,,,06
200800031448,8,6,25,2120,5,2,1,1,3,06088,M,,,06
200800031449,8,6,26,1200,1,2,1,1,6,06088,M,,,06
200800031450,8,6,26,1235,1,2,1,1,3,06088,M,,,06
200800031451,8,6,26,1455,1,2,1,1,2,06088,M,,,06
200800031452,8,6,26,1825,1,2,1,1,2,06088,M,,,06
200800031453,8,6,26,2025,2,2,1,1,2,06088,M,,,06
200800031454,8,6,27,330,5,2,2,1,3,06088,M,,,06
200800031455,8,6,27,340,5,2,2,1,2,06088,M,,,06
200800031456,8,6,27,1625,1,2,1,1,3,06088,M,,,06
200800031457,8,6,28,220,5,2,2,1,3,06088,M,,,06
200800031458,8,6,28,955,1,2,1,1,5,06088,M,,,06
200800031459,8,6,28,1500,1,2,3,1,3,06088,M,,,06
200800031460,8,6,28,1845,1,2,2,1,3,06088,M,,,06
200800031461,8,6,28,2325,5,2,1,1,3,06088,M,,,06
200800031462,8,6,29,1510,1,2,3,1,3,06088,M,,,06
200800031463,8,6,29,2100,2,2,6,1,3,06088,M,,,06
200800031464,8,6,30,200,5,2,1,1,2,06088,M,,,06
200800031465,8,6,30,750,1,2,1,1,6,06088,M,,,06
200800031466,8,6,2,2310,3,2,1,1,1,07019,M,,,07
200800031467,8,6,24,1140,1,1,1,1,1,07231,M,,,07
200800031468,8,6,1,1610,1,2,1,1,6,08105,M,,,08
200800031469,8,6,23,800,1,2,4,1,6,08105,M,,,08
200800031470,8,6,13,525,2,2,1,2,1,09122,M,,,09
200800031471,8,6,25,950,1,2,3,2,6,09122,M,,,09
200800031472,8,6,5,1510,1,2,1,1,6,10387,M,,,10
200800031473,8,6,6,1025,1,2,3,1,7,10387,M,,,10
200800031474,8,6,7,1555,1,2,1,1,6,10387,M,,,10
200800031475,8,6,10,1210,1,2,6,1,2,10343,M,,,10
200800031476,8,6,10,1215,1,2,1,1,3,10387,M,,,10
200800031477,8,6,13,1720,1,2,2,1,1,10343,M,,,10
200800031478,8,6,14,1225,1,2,1,1,7,10387,M,,,10
200800031479,8,6,18,1925,1,2,3,1,3,10387,M,,,10
200800031480,8,6,22,1855,1,1,1,1,6,10357,M,,,10
200800031481,8,6,26,2130,1,2,1,1,3,10343,M,,,10
200800031482,8,6,30,1725,1,2,3,1,7,10387,M,,,10
200800031483,8,6,2,1250,1,1,1,1,1,11076,M,,,11
200800031484,8,6,13,900,1,2,1,2,3,11076,M,,,11
200800031485,8,6,26,1600,1,2,3,1,3,11262,M,,,11
200800031486,8,6,23,1825,1,2,1,1,3,11262,M,,,11
200800031487,8,6,14,1640,1,2,1,2,3,11262,M,,,11
200800031488,8,6,18,1935,1,2,1,1,6,11262,M,,,11
200800031489,8,6,28,1430,1,2,2,1,3,11262,M,,,11
200800031490,8,6,27,1825,1,2,3,1,5,11262,M,,,11
200800031491,8,6,29,2025,2,2,1,1,7,11262,M,,,11
200800031492,8,6,1,530,3,1,1,1,6,11262,M,,,11
200800031493,8,6,4,1115,1,2,2,1,3,11262,M,,,11
200800031494,8,6,7,1915,1,2,1,1,5,11262,M,,,11
200800031495,8,6,15,1600,1,2,2,1,3,11262,M,,,11
200800031496,8,6,16,1815,1,2,1,2,7,11262,M,,,11
200800031497,8,6,27,645,2,2,3,1,3,11262,M,,,11
200800031498,8,6,30,1625,1,2,1,1,1,11262,M,,,11
200800031499,8,6,2,1805,1,2,9,1,3,12145,M,,,12
200800031500,8,6,17,1732,1,2,1,2,3,12145,M,,,12
200800031501,8,6,20,1910,1,1,3,1,6,12145,M,,,12
200800031502,8,6,26,2132,2,2,1,1,1,12145,M,,,12
200800031503,8,6,27,1720,1,2,1,1,1,12145,M,,,12
200800031504,8,6,13,1015,1,2,1,1,6,12202,M,,,12
200800031505,8,6,15,1610,1,2,3,1,3,12174,M,,,12
200800031506,8,6,27,1825,1,2,3,7,1,12176,M,,,12
200800031507,8,6,6,1051,1,1,1,8,2,13001,M,,,13
200800031508,8,6,7,2226,3,1,1,1,7,13001,M,,,13
200800031509,8,6,20,2016,1,1,1,1,1,13001,M,,,13
200800031510,8,6,14,1203,1,2,1,1,6,13001,M,,,13
200800031511,8,6,26,240,5,2,1,1,3,13001,M,,,13
200800031512,8,6,4,1710,1,2,3,1,3,13004,M,,,13
200800031513,8,6,4,1730,1,2,2,1,4,13004,M,,,13
200800031514,8,6,11,1255,1,2,1,1,3,13004,M,,,13
200800031515,8,6,12,1040,1,2,3,1,3,13004,M,,,13
200800031516,8,6,12,1330,1,2,3,1,2,13004,M,,,13
200800031517,8,6,22,1030,1,1,1,1,5,13004,M,,,13
200800031518,8,6,28,2045,1,1,1,1,7,13004,M,,,13
200800031519,8,6,30,1015,1,2,6,1,3,13004,M,,,13
200800031520,8,6,23,1520,1,2,3,1,3,13070,M,,,13
200800031521,8,6,30,1355,1,2,1,1,6,13005,M,,,13
200800031522,8,6,2,1000,1,2,1,1,6,13028,M,,,13
200800031523,8,6,14,1815,1,1,1,1,3,13028,M,,,13
200800031524,8,6,18,1610,1,2,1,1,6,13028,M,,,13
200800031525,8,6,26,557,1,2,1,1,7,13028,M,,,13
200800031526,8,6,29,1813,1,2,1,1,3,13028,M,,,13
200800031527,8,6,8,420,5,2,1,1,6,13063,M,,,13
200800031528,8,6,11,1615,1,2,2,1,3,13047,M,,,13
200800031529,8,6,26,1400,1,1,1,1,4,13063,M,,,13
200800031530,8,6,17,1030,1,2,6,2,3,13047,M,,,13
200800031531,8,6,7,1650,1,2,3,1,2,13054,M,,,13
200800031532,8,6,13,2025,2,2,2,1,5,13054,M,,,13
200800031533,8,6,16,720,1,1,1,1,3,13043,M,,,13
200800031534,8,6,19,750,1,2,6,1,3,13054,M,,,13
200800031535,8,6,20,1650,1,2,1,1,2,13054,M,,,13
200800031536,8,6,20,1835,1,2,1,1,2,13054,M,,,13
200800031537,8,6,21,1115,1,2,2,1,2,13054,M,,,13
200800031538,8,6,24,1520,1,2,3,1,3,13054,M,,,13
200800031539,8,6,24,1830,1,2,3,1,3,13043,M,,,13
200800031540,8,6,25,1215,1,2,3,1,3,13054,M,,,13
200800031541,8,6,26,1750,1,2,1,1,5,13054,M,,,13
200800031542,8,6,21,1545,1,2,1,1,6,13054,M,,,13
200800031543,8,6,5,1340,1,2,1,1,7,13055,M,,,13
200800031544,8,6,1,330,5,2,9,1,6,13055,M,,,13
200800031545,8,6,1,600,1,2,9,1,4,13055,M,,,13
200800031546,8,6,3,1400,1,2,3,1,2,13075,M,,,13
200800031547,8,6,4,1900,1,2,4,1,3,13055,M,,,13
200800031548,8,6,5,1430,1,2,1,1,1,13055,M,,,13