Num_Acc,an,mois,jour,hrmn,lum,agg,int,atm,col,com,gps,lat,long,dep
200800031549,8,6,6,1010,1,2,3,1,3,13055,M,,,13
200800031550,8,6,3,1015,1,2,1,1,6,13055,M,,,13
200800031551,8,6,3,800,1,2,1,1,3,13055,M,,,13
200800031552,8,6,4,920,1,2,1,1,7,13002,M,,,13
200800031553,8,6,2,1655,1,2,3,1,3,13055,M,,,13
200800031554,8,6,8,620,2,1,1,1,2,13055,M,,,13
200800031555,8,6,8,300,5,2,4,1,6,13055,M,,,13
200800031556,8,6,1,2215,5,2,2,9,6,13055,M,,,13
200800031557,8,6,7,1620,1,2,3,1,7,13055,M,,,13
200800031558,8,6,6,1530,1,2,3,1,3,13055,M,,,13
200800031559,8,6,5,1000,1,2,1,1,6,13055,M,,,13
200800031560,8,6,1,2055,3,1,1,2,7,13055,M,,,13
200800031561,8,6,3,840,1,2,3,1,3,13055,M,,,13
200800031562,8,6,3,1130,1,2,9,1,6,13055,M,,,13
200800031563,8,6,9,800,1,2,1,1,3,13055,M,,,13
200800031564,8,6,8,621,2,2,3,1,5,13055,M,,,13
200800031565,8,6,11,1700,1,2,1,1,5,13055,M,,,13
200800031566,8,6,9,1840,1,2,2,1,3,13055,M,,,13
200800031567,8,6,7,1145,1,2,1,1,6,13055,M,,,13
200800031568,8,6,12,1800,1,2,1,1,6,13055,M,,,13
200800031569,8,6,12,1300,1,2,1,1,6,13055,M,,,13
200800031570,8,6,1,1940,1,2,1,1,1,13055,M,,,13
200800031571,8,6,12,845,1,2,9,1,3,13055,M,,,13
200800031572,8,6,2,800,1,2,1,1,6,13055,M,,,13
200800031573,8,6,9,1845,1,1,1,2,6,13002,M,,,13
200800031574,8,6,14,525,5,2,1,1,3,13055,M,,,13
200800031575,8,6,6,1035,1,2,1,1,3,13055,M,,,13
200800031576,8,6,4,1120,1,2,3,1,6,13055,M,,,13
200800031577,8,6,2,1745,1,2,1,1,6,13055,M,,,13
200800031578,8,6,10,2340,5,2,2,1,3,13055,M,,,13
200800031579,8,6,1,1610,1,2,6,1,7,13055,M,,,13
200800031580,8,6,11,1705,1,2,1,1,6,13002,M,,,13
200800031581,8,6,9,1430,1,2,1,2,2,13055,M,,,13
200800031582,8,6,14,930,1,2,1,1,3,13055,M,,,13
200800031583,8,6,16,1730,1,2,1,1,3,13055,M,,,13
200800031584,8,6,6,2015,2,2,3,2,3,13055,M,,,13
200800031585,8,6,5,1245,1,2,2,1,3,13055,M,,,13
200800031586,8,6,17,2215,5,2,1,1,6,13055,M,,,13
200800031587,8,6,5,920,1,2,1,1,3,13055,M,,,13
200800031588,8,6,8,2000,1,1,1,2,7,13002,M,,,13
200800031589,8,6,13,1600,1,2,1,1,3,13055,M,,,13
200800031590,8,6,14,1405,1,2,9,1,6,13055,M,,,13
200800031591,8,6,10,815,1,1,2,1,6,13055,M,,,13
200800031592,8,6,17,1015,1,2,9,1,6,13055,M,,,13
200800031593,8,6,14,2020,1,2,1,1,4,13055,M,,,13
200800031594,8,6,9,920,1,2,1,1,6,13055,M,,,13
200800031595,8,6,5,2315,5,2,9,1,6,13055,M,,,13
200800031596,8,6,7,1600,1,2,2,1,3,13055,M,,,13
200800031597,8,6,5,921,1,2,3,1,1,13055,M,,,13
200800031598,8,6,3,1720,1,2,1,1,3,13055,M,,,13
200800031599,8,6,3,1340,1,2,3,1,3,13055,M,,,13
200800031600,8,6,5,2210,5,2,2,1,6,13055,M,,,13
200800031601,8,6,11,1835,1,2,2,1,3,13055,M,,,13
200800031602,8,6,4,2150,5,2,2,1,3,13055,M,,,13
200800031603,8,6,5,1130,1,2,1,1,7,13055,M,,,13
200800031604,8,6,5,800,1,2,1,1,6,13055,M,,,13
200800031605,8,6,13,1930,1,2,1,1,3,13055,M,,,13
200800031606,8,6,13,1015,1,2,1,1,5,13055,M,,,13
200800031607,8,6,10,1015,1,2,2,1,3,13055,M,,,13
200800031608,8,6,14,1030,1,2,1,1,3,13055,M,,,13
200800031609,8,6,10,1130,1,2,1,1,4,13055,M,,,13
200800031610,8,6,12,1450,1,2,1,1,5,13055,M,,,13
200800031611,8,6,3,1600,1,2,1,1,6,13055,M,,,13
200800031612,8,6,5,845,1,2,3,1,3,13055,M,,,13
200800031613,8,6,8,2130,2,2,1,1,6,13055,M,,,13
200800031614,8,6,13,815,1,2,1,1,6,13055,M,,,13
200800031615,8,6,19,1510,1,2,1,1,6,13055,M,,,13
200800031616,8,6,19,2345,5,2,9,1,7,13055,M,,,13
200800031617,8,6,7,2000,1,2,3,1,3,13055,M,,,13
200800031618,8,6,8,1245,1,2,1,1,6,13055,M,,,13
200800031619,8,6,18,1205,5,1,1,9,6,13055,M,,,13
200800031620,8,6,9,1630,1,2,1,1,3,13055,M,,,13
200800031621,8,6,6,1425,1,2,3,1,3,13055,M,,,13
200800031622,8,6,16,1930,1,2,1,1,7,13055,M,,,13
200800031623,8,6,4,745,1,2,9,1,3,13055,M,,,13
200800031624,8,6,4,1445,1,2,1,1,6,13055,M,,,13
200800031625,8,6,12,1415,1,2,1,1,7,13055,M,,,13
200800031626,8,6,13,1530,1,2,1,1,2,13055,M,,,13
200800031627,8,6,23,600,1,2,2,1,3,13055,M,,,13
200800031628,8,6,11,1415,1,2,2,1,3,13055,M,,,13
200800031629,8,6,12,846,1,2,2,1,3,13055,M,,,13
200800031630,8,6,11,700,1,2,1,1,3,13055,M,,,13
200800031631,8,6,18,1525,1,2,1,1,1,13055,M,,,13
200800031632,8,6,9,1631,1,2,1,1,3,13055,M,,,13
200800031633,8,6,9,1700,1,2,1,2,3,13055,M,,,13
200800031634,8,6,18,2140,3,1,1,1,7,13002,M,,,13
200800031635,8,6,20,2145,5,2,2,1,3,13055,M,,,13
200800031636,8,6,23,1740,1,2,1,1,3,13055,M,,,13
200800031637,8,6,18,2050,5,2,1,1,6,13055,M,,,13
200800031638,8,6,16,1700,1,2,3,1,6,13055,M,,,13
200800031639,8,6,11,2000,5,2,1,1,1,13055,M,,,13
200800031640,8,6,18,100,5,2,1,1,6,13055,M,,,13
200800031641,8,6,23,2355,5,2,1,1,6,13055,M,,,13
200800031642,8,6,24,2250,5,2,3,1,3,13055,M,,,13
200800031643,8,6,12,2215,5,2,3,1,6,13055,M,,,13
200800031644,8,6,2,1445,1,2,1,1,6,13055,M,,,13
200800031645,8,6,17,1330,1,2,1,8,6,13055,M,,,13
200800031646,8,6,18,830,1,2,1,1,5,13055,M,,,13
200800031647,8,6,5,1515,1,2,1,1,3,13055,M,,,13
200800031648,8,6,21,2045,5,2,1,1,7,13055,M,,,13
200800031649,8,6,21,2030,2,2,1,1,7,13055,M,,,13
200800031650,8,6,15,1500,1,2,1,1,3,13055,M,,,13
200800031651,8,6,14,1330,1,2,1,1,2,13055,M,,,13
200800031652,8,6,4,810,1,2,1,1,6,13055,M,,,13
200800031653,8,6,12,1600,1,2,1,1,2,13055,M,,,13
200800031654,8,6,7,920,1,2,1,1,2,13055,M,,,13
200800031655,8,6,5,1135,1,2,1,1,3,13055,M,,,13
200800031656,8,6,20,1030,1,2,6,1,2,13055,M,,,13
200800031657,8,6,12,1830,1,2,1,1,4,13055,M,,,13
200800031658,8,6,22,1500,1,2,1,1,6,13055,M,,,13
200800031659,8,6,11,1530,1,2,1,1,2,13055,M,,,13
200800031660,8,6,11,1100,1,2,1,1,6,13055,M,,,13
200800031661,8,6,17,1930,1,2,1,2,1,13055,M,,,13
200800031662,8,6,20,1015,1,2,1,1,6,13055,M,,,13
200800031663,8,6,18,1820,1,2,1,1,3,13055,M,,,13
200800031664,8,6,28,250,5,1,2,1,1,13055,M,,,13
200800031665,8,6,29,712,1,2,3,1,3,13055,M,,,13
200800031666,8,6,28,330,5,2,1,1,6,13055,M,,,13
200800031667,8,6,28,1440,1,2,1,1,4,13055,M,,,13
200800031668,8,6,24,2330,5,2,1,1,3,13055,M,,,13
200800031669,8,6,23,1930,1,2,3,1,3,13055,M,,,13
200800031670,8,6,17,1920,1,2,1,1,1,13055,M,,,13
200800031671,8,6,12,1945,1,2,1,1,3,13055,M,,,13
200800031672,8,6,19,1045,1,2,1,1,3,13055,M,,,13
200800031673,8,6,3,1745,1,2,1,1,6,13055,M,,,13
200800031674,8,6,23,1530,1,2,2,1,3,13055,M,,,13
200800031675,8,6,21,2000,1,2,1,1,6,13055,M,,,13
200800031676,8,6,30,1300,1,2,3,1,3,13055,M,,,13
200800031677,8,6,11,1240,1,2,1,1,2,13055,M,,,13
200800031678,8,6,6,1710,1,2,1,1,3,13055,M,,,13
200800031679,8,6,25,1405,1,2,1,1,1,13075,M,,,13
200800031680,8,6,14,1915,1,2,1,1,2,13055,M,,,13
200800031681,8,6,19,1910,1,2,1,1,2,13055,M,,,13
200800031682,8,6,9,1000,1,2,1,1,3,13055,M,,,13
200800031683,8,6,14,1930,1,2,3,1,6,13055,M,,,13
200800031684,8,6,14,1350,1,2,3,1,3,13055,M,,,13
200800031685,8,6,6,1810,1,2,2,1,3,13055,M,,,13
200800031686,8,6,8,1300,1,2,1,1,5,13055,M,,,13
200800031687,8,6,2,1000,1,2,1,1,1,13055,M,,,13
200800031688,8,6,2,700,1,2,2,1,3,13055,M,,,13
200800031689,8,6,21,250,5,2,3,1,3,13055,M,,,13
200800031690,8,6,25,2300,5,2,1,1,3,13055,M,,,13
200800031691,8,6,29,215,5,2,1,1,7,13055,M,,,13
200800031692,8,6,26,1800,1,2,1,1,3,13055,M,,,13
200800031693,8,6,25,1820,1,2,1,1,3,13055,M,,,13
200800031694,8,6,22,2230,5,2,1,1,7,13055,M,,,13
200800031695,8,6,22,130,5,2,4,1,3,13055,M,,,13
200800031696,8,6,26,1000,1,2,1,1,2,13055,M,,,13
200800031697,8,6,24,830,1,2,1,1,2,13055,M,,,13
200800031698,8,6,21,920,1,2,1,1,3,13055,M,,,13
200800031699,8,6,14,1230,1,2,3,1,3,13055,M,,,13
200800031700,8,6,10,1410,1,2,3,1,3,13055,M,,,13
200800031701,8,6,9,1400,1,2,1,1,6,13055,M,,,13
200800031702,8,6,30,2000,5,2,1,1,3,13055,M,,,13
200800031703,8,6,27,700,1,2,1,1,2,13055,M,,,13
200800031704,8,6,13,230,5,2,1,1,6,13055,M,,,13
200800031705,8,6,30,1335,1,2,1,1,2,13055,M,,,13
200800031706,8,6,23,1910,1,2,2,1,3,13055,M,,,13
200800031707,8,6,30,1740,1,2,1,1,6,13002,M,,,13
200800031708,8,6,30,2045,1,2,2,1,3,13055,M,,,13
200800031709,8,6,18,1925,1,2,2,1,6,13055,M,,,13
200800031710,8,6,18,1500,1,2,3,1,3,13055,M,,,13
200800031711,8,6,12,1630,1,2,1,1,6,13055,M,,,13
200800031712,8,6,26,920,1,2,1,1,6,13055,M,,,13
200800031713,8,6,24,1840,1,2,1,1,7,13055,M,,,13
200800031714,8,6,27,750,1,2,1,1,4,13055,M,,,13
200800031715,8,6,26,2320,5,2,1,1,7,13055,M,,,13
200800031716,8,6,23,1000,1,2,1,1,7,13055,M,,,13
200800031717,8,6,29,2330,5,2,4,1,6,13055,M,,,13
200800031718,8,6,24,2245,5,2,1,1,7,13055,M,,,13
200800031719,8,6,18,725,1,2,1,1,3,13055,M,,,13
200800031720,8,6,18,740,1,2,1,1,7,13055,M,,,13
200800031721,8,6,18,700,1,2,2,1,3,13055,M,,,13
200800031722,8,6,18,1200,1,2,2,1,1,13055,M,,,13
200800031723,8,6,23,1115,1,2,1,1,6,13055,M,,,13
200800031724,8,6,14,900,1,2,2,1,3,13055,M,,,13
200800031725,8,6,3,1410,1,2,1,1,3,13055,M,,,13
200800031726,8,6,11,2001,1,2,1,1,3,13055,M,,,13
200800031727,8,6,24,1600,1,2,1,1,2,13055,M,,,13
200800031728,8,6,3,1210,1,2,1,1,3,13055,M,,,13
200800031729,8,6,17,2330,5,2,2,1,3,13055,M,,,13
200800031730,8,6,11,1015,1,2,1,1,5,13055,M,,,13
200800031731,8,6,23,1030,1,2,1,1,3,13055,M,,,13
200800031732,8,6,24,1230,1,2,3,1,3,13055,M,,,13
200800031733,8,6,27,1830,1,2,1,1,6,13055,M,,,13
200800031734,8,6,20,830,1,2,1,1,4,13055,M,,,13
200800031735,8,6,28,1530,1,2,3,1,1,13055,M,,,13
200800031736,8,6,23,2045,1,2,1,1,2,13055,M,,,13
200800031737,8,6,24,1841,1,2,1,1,5,13055,M,,,13
200800031738,8,6,17,1100,1,2,1,1,7,13055,M,,,13
200800031739,8,6,11,500,2,2,1,1,3,13055,M,,,13
200800031740,8,6,29,2130,3,1,1,1,1,13055,M,,,13
200800031741,8,6,20,1220,1,2,3,1,6,13055,M,,,13
200800031742,8,6,9,1250,1,2,1,8,2,13055,M,,,13
200800031743,8,6,5,1945,1,2,1,1,3,13055,M,,,13
200800031744,8,6,25,1750,1,2,1,1,6,13055,M,,,13
200800031745,8,6,24,1540,1,2,1,1,1,13055,M,,,13
200800031746,8,6,3,1400,1,2,1,1,2,13055,M,,,13
200800031747,8,6,18,1340,1,2,3,1,3,13055,M,,,13
200800031748,8,6,30,1430,1,2,9,1,2,13055,M,,,13
200800031749,8,6,27,1520,1,2,1,1,5,13055,M,,,13
200800031750,8,6,27,1200,1,2,9,1,3,13055,M,,,13
200800031751,8,6,18,1745,1,2,6,1,3,13055,M,,,13
200800031752,8,6,18,1405,1,2,6,1,2,13055,M,,,13
200800031753,8,6,13,2330,5,2,1,1,7,13055,M,,,13
200800031754,8,6,11,1710,1,2,2,1,3,13055,M,,,13
200800031755,8,6,5,1345,1,2,1,1,6,13055,M,,,13
200800031756,8,6,26,1700,1,2,1,1,2,13055,M,,,13
200800031757,8,6,24,1645,1,2,1,1,6,13055,M,,,13
200800031758,8,6,3,1230,1,2,1,1,7,13055,M,,,13
200800031759,8,6,11,1701,1,2,1,1,3,13055,M,,,13
200800031760,8,6,30,1730,1,2,9,1,6,13055,M,,,13
200800031761,8,6,26,1750,1,2,3,1,6,13055,M,,,13
200800031762,8,6,18,1206,1,2,1,1,7,13055,M,,,13
200800031763,8,6,2,1400,1,2,3,1,3,13055,M,,,13
200800031764,8,6,27,1930,1,2,1,1,4,13055,M,,,13
200800031765,8,6,25,2110,5,2,1,1,2,13055,M,,,13
200800031766,8,6,4,1510,1,2,1,1,3,13055,M,,,13
200800031767,8,6,28,1,5,2,1,1,6,13055,M,,,13
200800031768,8,6,24,1720,1,2,1,1,7,13055,M,,,13
200800031769,8,6,26,2330,5,2,1,1,3,13055,M,,,13
200800031770,8,6,27,1000,1,2,1,1,3,13055,M,,,13
200800031771,8,6,4,910,1,2,1,1,6,13055,M,,,13
200800031772,8,6,20,1845,1,2,1,1,6,13055,M,,,13
200800031773,8,6,24,831,1,2,6,1,3,13055,M,,,13
200800031774,8,6,22,450,5,2,1,1,2,13055,M,,,13
200800031775,8,6,24,900,1,2,1,1,6,13055,M,,,13
200800031776,8,6,26,1500,1,2,2,1,3,13055,M,,,13
200800031777,8,6,27,1300,1,2,1,1,3,13055,M,,,13
200800031778,8,6,30,1400,1,2,2,1,3,13055,M,,,13
200800031779,8,6,16,735,1,2,1,1,6,13055,M,,,13
200800031780,8,6,17,1931,1,2,1,1,3,13055,M,,,13
200800031781,8,6,18,655,1,2,1,1,2,13055,M,,,13
200800031782,8,6,11,1531,1,2,1,1,6,13055,M,,,13
200800031783,8,6,9,1405,1,2,1,1,6,13055,M,,,13
200800031784,8,6,10,1340,1,2,1,1,2,13055,M,,,13
200800031785,8,6,27,910,1,2,1,1,3,13055,M,,,13
200800031786,8,6,20,930,1,2,1,1,3,13055,M,,,13
200800031787,8,6,2,815,1,2,2,1,3,13055,M,,,13
200800031788,8,6,2,1001,1,2,1,1,3,13055,M,,,13
200800031789,8,6,20,1100,1,2,1,1,6,13055,M,,,13
200800031790,8,6,30,1000,1,2,1,1,2,13055,M,,,13
200800031791,8,6,25,1000,1,2,6,1,2,13055,M,,,13
200800031792,8,6,25,1730,1,2,1,1,6,13055,M,,,13
200800031793,8,6,30,1100,1,2,6,1,3,13055,M,,,13
200800031794,8,6,29,2310,5,2,1,1,6,13055,M,,,13
200800031795,8,6,23,2040,1,2,1,1,6,13055,M,,,13
200800031796,8,6,28,1800,1,2,9,1,6,13055,M,,,13
200800031797,8,6,9,1330,1,2,6,1,2,13055,M,,,13
200800031798,8,6,21,1430,1,2,1,7,5,13055,M,,,13
200800031799,8,6,23,1300,1,2,9,1,7,13055,M,,,13
200800031800,8,6,15,1950,1,2,1,1,1,13055,M,,,13
200800031801,8,6,23,900,1,2,1,1,3,13055,M,,,13
200800031802,8,6,26,1730,1,2,2,1,7,13055,M,,,13
200800031803,8,6,20,805,1,2,1,1,2,13055,M,,,13
200800031804,8,6,20,1115,1,2,3,1,3,13055,M,,,13
200800031805,8,6,13,1545,1,2,1,1,6,13055,M,,,13
200800031806,8,6,30,940,1,2,1,1,3,13055,M,,,13
200800031807,8,6,18,1230,1,2,1,1,3,13055,M,,,13
200800031808,8,6,28,100,5,2,1,1,6,13055,M,,,13
200800031809,8,6,24,2315,5,2,1,1,6,13055,M,,,13
200800031810,8,6,13,1630,1,2,3,1,3,13055,M,,,13
200800031811,8,6,4,720,1,1,1,1,6,13056,M,,,13
200800031812,8,6,13,725,1,2,1,1,4,13077,M,,,13
200800031813,8,6,14,2242,5,1,1,1,3,13026,M,,,13
200800031814,8,6,16,2235,5,2,1,1,3,13039,M,,,13
200800031815,8,6,20,1355,1,2,1,1,6,13077,M,,,13
200800031816,8,6,20,2310,3,1,1,1,6,13039,M,,,13
200800031817,8,6,19,825,1,1,1,1,1,13039,M,,,13
200800031818,8,6,19,2015,1,1,1,1,6,13039,M,,,13
200800031819,8,6,14,1810,1,2,1,1,2,13026,M,,,13
200800031820,8,6,21,1040,1,2,3,1,3,13056,M,,,13
200800031821,8,6,6,1415,1,2,3,1,7,13103,M,,,13
200800031822,8,6,10,1510,1,2,1,1,6,13103,M,,,13
200800031823,8,6,18,1805,1,2,1,1,2,13103,M,,,13
200800031824,8,6,21,1855,1,2,1,1,6,13103,M,,,13
200800031825,8,6,27,1250,1,1,9,1,3,13103,M,,,13
200800031826,8,6,2,1215,1,1,2,1,3,13108,M,,,13
200800031827,8,6,16,710,1,1,1,1,2,13108,M,,,13
200800031828,8,6,1,540,2,2,1,2,7,13117,M,,,13
200800031829,8,6,3,1215,1,2,4,1,2,13117,M,,,13
200800031830,8,6,5,1630,1,1,1,1,3,13071,M,,,13
200800031831,8,6,10,1700,1,2,3,1,3,13117,M,,,13
200800031832,8,6,10,1830,1,2,1,1,6,13117,M,,,13
200800031833,8,6,12,1655,1,2,1,1,3,13117,M,,,13
200800031834,8,6,13,1400,1,1,1,1,7,13117,M,,,13
200800031835,8,6,21,2010,1,2,1,1,6,13071,M,,,13
200800031836,8,6,23,2210,5,2,6,1,7,13071,M,,,13
200800031837,8,6,24,845,1,2,1,1,5,13117,M,,,13
200800031838,8,6,27,1150,1,2,3,1,3,13117,M,,,13
200800031839,8,6,30,840,1,1,3,1,3,13071,M,,,13
200800031840,8,6,4,1950,1,2,1,1,3,14118,M,,,14
200800031841,8,6,4,1605,1,2,1,1,6,14118,M,,,14
200800031842,8,6,5,1600,1,2,1,1,2,14327,M,,,14
200800031843,8,6,6,2040,1,2,1,1,6,14118,M,,,14
200800031844,8,6,10,615,1,1,1,1,7,14118,M,,,14
200800031845,8,6,11,1700,1,2,1,1,6,14118,M,,,14
200800031846,8,6,12,1940,1,2,2,1,3,14118,M,,,14
200800031847,8,6,13,1055,1,2,2,1,3,14341,M,,,14
200800031848,8,6,15,1930,1,2,1,1,6,14118,M,,,14
200800031849,8,6,13,855,1,2,1,1,6,14118,M,,,14
200800031850,8,6,19,1045,1,2,1,8,1,14341,M,,,14
200800031851,8,6,21,1942,1,2,3,1,6,14137,M,,,14
200800031852,8,6,23,920,1,2,1,1,1,14118,M,,,14
200800031853,8,6,25,1415,1,2,1,1,3,14118,M,,,14
200800031854,8,6,27,800,1,2,3,1,3,14118,M,,,14
200800031855,8,6,29,1645,1,1,1,1,7,14118,M,,,14
200800031856,8,6,30,855,1,1,1,1,7,14101,M,,,14
200800031857,8,6,11,1830,1,2,2,1,3,14117,M,,,14
200800031858,8,6,17,1615,1,2,1,1,6,14333,M,,,14
200800031859,8,6,27,1700,1,2,1,1,6,14536,M,,,14
200800031860,8,6,21,1455,1,2,2,1,3,14366,M,,,14
200800031861,8,6,20,1525,1,2,1,1,6,14220,M,,,14
200800031862,8,6,7,1540,1,1,1,1,7,15012,M,,,15
200800031863,8,6,18,845,1,2,7,1,6,15014,M,,,15
200800031864,8,6,27,1850,1,2,1,1,6,15014,M,,,15
200800031865,8,6,1,10,5,2,4,1,3,16089,M,,,16
200800031866,8,6,1,1030,1,1,3,2,3,17449,M,,,17
200800031867,8,6,3,2230,5,2,6,1,7,17449,M,,,17
200800031868,8,6,4,1200,1,2,3,1,3,17299,M,,,17
200800031869,8,6,6,755,1,2,3,1,1,17299,M,,,17
200800031870,8,6,8,1610,1,2,6,1,7,17299,M,,,17
200800031871,8,6,10,1840,1,2,1,3,6,17299,M,,,17
200800031872,8,6,13,1125,1,1,1,1,2,17449,M,,,17
200800031873,8,6,13,2025,1,2,2,1,3,17299,M,,,17
200800031874,8,6,15,1210,1,2,6,1,3,17299,M,,,17
200800031875,8,6,21,1615,1,2,2,1,3,17299,M,,,17
200800031876,8,6,23,800,1,2,6,1,3,17299,M,,,17
200800031877,8,6,23,1220,1,2,1,1,3,17449,M,,,17
200800031878,8,6,28,500,5,1,1,1,7,17299,M,,,17
200800031879,8,6,28,1930,1,2,1,1,2,17299,M,,,17
200800031880,8,6,2,719,1,2,1,1,3,17300,M,,,17
200800031881,8,6,3,1647,1,2,1,1,7,17300,M,,,17
200800031882,8,6,4,1215,1,2,3,1,3,17300,M,,,17
200800031883,8,6,4,1530,1,2,9,1,6,17300,M,,,17
200800031884,8,6,4,1715,1,2,1,1,6,17274,M,,,17
200800031885,8,6,7,815,1,2,1,1,6,17300,M,,,17
200800031886,8,6,7,1654,1,2,1,1,2,17028,M,,,17
200800031887,8,6,9,950,1,2,1,1,3,17300,M,,,17
200800031888,8,6,10,1710,1,1,2,1,3,17291,M,,,17
200800031889,8,6,10,1730,1,2,3,1,3,17300,M,,,17
200800031890,8,6,11,140,3,1,1,1,6,17300,M,,,17
200800031891,8,6,11,320,5,2,1,1,7,17300,M,,,17
200800031892,8,6,11,1235,1,2,1,1,6,17300,M,,,17
200800031893,8,6,13,850,1,2,1,1,6,17300,M,,,17
200800031894,8,6,13,1430,1,2,1,1,7,17291,M,,,17
200800031895,8,6,15,1905,1,1,1,1,6,17028,M,,,17
200800031896,8,6,17,1215,1,2,1,1,2,17200,M,,,17
200800031897,8,6,18,1905,1,2,1,1,2,17300,M,,,17
200800031898,8,6,20,1515,1,2,1,1,2,17274,M,,,17
200800031899,8,6,20,2250,5,2,1,1,6,17300,M,,,17
200800031900,8,6,21,1800,1,2,1,1,3,17300,M,,,17
200800031901,8,6,22,2020,1,2,3,1,3,17300,M,,,17
200800031902,8,6,23,840,1,2,6,1,3,17300,M,,,17
200800031903,8,6,26,1740,1,1,1,1,6,17300,M,,,17
200800031904,8,6,27,810,1,2,2,1,3,17300,M,,,17
200800031905,8,6,30,1455,1,1,3,1,3,17300,M,,,17
200800031906,8,6,6,2000,1,2,1,1,2,17306,M,,,17
200800031907,8,6,7,2355,5,2,1,1,6,17306,M,,,17
200800031908,8,6,10,1225,1,2,3,1,3,17306,M,,,17
200800031909,8,6,12,840,1,2,1,1,7,17380,M,,,17
200800031910,8,6,13,1515,1,2,3,1,3,17306,M,,,17
200800031911,8,6,14,730,2,2,2,1,3,17306,M,,,17
200800031912,8,6,15,1735,1,2,6,1,3,17380,M,,,17
200800031913,8,6,19,1100,1,2,1,1,6,17306,M,,,17
200800031914,8,6,20,115,3,2,1,1,6,17306,M,,,17
200800031915,8,6,22,115,3,2,1,1,6,17306,M,,,17
200800031916,8,6,22,1140,1,2,1,1,2,17306,M,,,17
200800031917,8,6,24,1850,1,2,3,1,3,17461,M,,,17
200800031918,8,6,26,1650,1,2,1,1,2,17306,M,,,17
200800031919,8,6,27,205,3,2,1,1,2,17461,M,,,17
200800031920,8,6,27,1805,1,2,1,1,5,17306,M,,,17
200800031921,8,6,27,2325,5,2,1,1,3,17306,M,,,17
200800031922,8,6,6,1400,1,2,1,1,6,17415,M,,,17
200800031923,8,6,11,2240,5,2,1,1,7,17415,M,,,17
200800031924,8,6,13,1320,1,2,1,1,2,17415,M,,,17
200800031925,8,6,14,1140,1,2,1,1,6,17415,M,,,17
200800031926,8,6,15,815,1,1,1,1,1,17415,M,,,17
200800031927,8,6,16,1805,1,1,1,1,7,17415,M,,,17
200800031928,8,6,21,20,5,2,2,1,3,17415,M,,,17
200800031929,8,6,25,1135,1,1,1,1,3,17415,M,,,17
200800031930,8,6,2,1704,1,2,1,1,4,18033,M,,,18
200800031931,8,6,4,915,1,2,1,1,2,18033,M,,,18
200800031932,8,6,6,1948,1,2,1,1,5,18033,M,,,18
200800031933,8,6,7,1838,1,2,1,1,4,18033,M,,,18
200800031934,8,6,9,1753,1,2,1,1,6,18033,M,,,18
200800031935,8,6,10,1935,1,1,1,2,2,18205,M,,,18
200800031936,8,6,17,815,1,2,6,1,3,18033,M,,,18
200800031937,8,6,18,2100,1,2,1,1,3,18205,M,,,18
200800031938,8,6,18,1320,1,2,2,1,3,18033,M,,,18
200800031939,8,6,19,1750,1,2,1,1,2,18205,M,,,18
200800031940,8,6,25,1440,1,2,2,1,3,18033,M,,,18
200800031941,8,6,27,1045,1,2,2,1,3,18213,M,,,18
200800031942,8,6,27,700,1,2,3,7,3,18205,M,,,18
200800031943,8,6,28,1720,1,2,1,1,2,18033,M,,,18
200800031944,8,6,10,2115,1,2,1,2,7,18279,M,,,18
200800031945,8,6,11,720,1,2,1,1,6,18279,M,,,18
200800031946,8,6,20,1220,1,2,1,1,6,18279,M,,,18
200800031947,8,6,30,1135,1,2,1,1,7,18279,M,,,18
200800031948,8,6,2,1345,1,2,3,2,3,19031,M,,,19
200800031949,8,6,3,1825,1,2,1,1,4,19031,M,,,19
200800031950,8,6,7,1355,1,2,1,1,3,19031,M,,,19
200800031951,8,6,7,1530,1,2,3,7,6,19031,M,,,19
200800031952,8,6,9,1130,1,2,1,1,6,19031,M,,,19
200800031953,8,6,14,1750,1,2,6,1,3,19031,M,,,19
200800031954,8,6,15,835,1,2,1,1,6,19031,M,,,19
200800031955,8,6,15,1840,1,2,1,1,6,19031,M,,,19
200800031956,8,6,20,1225,1,2,1,1,7,19031,M,4515083.0,449945.0,19
200800031957,8,6,24,724,1,2,2,1,3,19031,M,4515951.0,450353.0,19
200800031958,8,6,25,1355,1,2,1,1,5,19031,M,4515712.0,454038.0,19
200800031959,8,6,25,1610,1,2,1,1,5,19031,M,4515050.0,449826.0,19
200800031960,8,6,26,1115,1,2,1,7,3,19031,M,4516264.0,453505.0,19
200800031961,8,6,26,1655,1,2,1,1,6,19031,M,4515756.0,452398.0,19
200800031962,8,6,27,1640,1,2,3,1,3,19031,M,4515537.0,452929.0,19
200800031963,8,6,29,1040,1,2,3,1,3,19275,M,,,19
200800031964,8,6,5,1255,1,2,3,1,3,21054,M,,,21
200800031965,8,6,13,1425,1,2,3,1,3,21054,M,,,21
200800031966,8,6,19,835,1,2,1,1,2,21054,M,,,21
200800031967,8,6,30,1605,1,2,3,1,3,21054,M,,,21
200800031968,8,6,2,732,1,2,3,8,3,21231,M,,,21
200800031969,8,6,3,1537,1,2,1,1,1,21231,M,,,21
200800031970,8,6,4,1207,1,2,2,1,3,21231,M,,,21
200800031971,8,6,5,1529,1,2,1,1,2,21231,M,,,21
200800031972,8,6,5,2342,5,2,1,2,6,21231,M,,,21
200800031973,8,6,6,1650,1,2,1,2,3,21231,M,,,21
200800031974,8,6,9,1800,1,2,2,1,3,21231,M,,,21
200800031975,8,6,10,834,1,1,1,1,3,21231,M,,,21