Num_Acc,an,mois,jour,hrmn,lum,agg,int,atm,col,com,gps,lat,long,dep
200800031976,8,6,12,1253,1,2,4,1,2,21355,M,,,21
200800031977,8,6,12,1748,1,2,6,3,3,21278,M,,,21
200800031978,8,6,13,1353,1,2,1,1,2,21231,M,,,21
200800031979,8,6,15,1350,1,2,3,2,3,21231,M,,,21
200800031980,8,6,16,1510,1,2,2,8,6,21231,M,,,21
200800031981,8,6,17,2100,1,2,3,1,4,21231,M,,,21
200800031982,8,6,18,1250,1,2,2,1,2,21231,M,,,21
200800031983,8,6,18,1605,1,2,3,1,3,21231,M,,,21
200800031984,8,6,19,1233,1,2,2,1,3,21231,M,,,21
200800031985,8,6,20,1720,1,2,1,1,2,21231,M,,,21
200800031986,8,6,21,1950,1,2,2,1,3,21231,M,,,21
200800031987,8,6,24,1214,1,2,1,1,2,21166,M,,,21
200800031988,8,6,24,2221,5,2,1,1,6,21231,M,,,21
200800031989,8,6,25,853,1,2,2,1,1,21231,M,,,21
200800031990,8,6,25,1215,1,2,2,1,3,21231,M,,,21
200800031991,8,6,25,1626,1,2,1,1,2,21231,M,,,21
200800031992,8,6,27,37,5,2,1,1,1,21231,M,,,21
200800031993,8,6,27,930,1,2,1,1,2,21231,M,,,21
200800031994,8,6,27,1600,1,2,2,1,6,21231,M,,,21
200800031995,8,6,27,1632,1,2,1,1,2,21231,M,,,21
200800031996,8,6,27,2125,1,2,1,1,1,21355,M,,,21
200800031997,8,6,28,1132,1,2,2,1,6,21231,M,,,21
200800031998,8,6,29,800,1,2,2,1,3,21166,M,,,21
200800031999,8,6,30,1325,1,2,3,1,2,21231,M,,,21
200800032000,8,6,1,1902,1,2,2,2,5,22050,M,,,22
200800032001,8,6,11,1320,1,1,3,1,7,22050,M,,,22
200800032002,8,6,26,740,1,2,2,1,3,22050,M,,,22
200800032003,8,6,3,1034,1,2,1,1,6,22278,M,,,22
200800032004,8,6,3,1825,1,1,3,1,3,22106,M,,,22
200800032005,8,6,4,920,1,1,1,1,6,22278,M,,,22
200800032006,8,6,8,34,5,2,2,1,3,22278,M,,,22
200800032007,8,6,16,1140,1,1,1,1,2,22360,M,,,22
200800032008,8,6,18,1447,1,2,3,1,3,22106,M,,,22
200800032009,8,6,20,1725,1,2,1,1,3,22278,M,,,22
200800032010,8,6,20,1735,1,2,3,1,3,22215,M,,,22
200800032011,8,6,22,1645,1,2,1,1,7,22278,M,,,22
200800032012,8,6,19,2330,5,2,1,1,7,22278,M,,,22
200800032013,8,6,24,755,1,2,1,1,7,22278,M,,,22
200800032014,8,6,25,1645,1,2,1,1,3,22360,M,,,22
200800032015,8,6,2,945,1,2,1,1,5,23096,M,,,23
200800032016,8,6,25,1038,1,2,1,1,2,23096,M,,,23
200800032017,8,6,3,2100,2,2,3,1,7,24037,M,,,24
200800032018,8,6,4,815,1,2,1,1,7,24037,M,,,24
200800032019,8,6,15,1620,1,2,2,1,1,24037,M,,,24
200800032020,8,6,24,1230,1,2,3,1,3,24053,M,,,24
200800032021,8,6,20,1940,1,2,1,1,6,24138,M,,,24
200800032022,8,6,30,1341,1,2,6,1,3,24322,M,,,24
200800032023,8,6,2,853,1,2,9,1,3,25056,M,,,25
200800032024,8,6,2,1310,1,2,9,1,3,25056,M,,,25
200800032025,8,6,3,2200,2,2,2,1,5,25056,M,,,25
200800032026,8,6,5,758,1,2,1,1,5,25056,M,,,25
200800032027,8,6,5,815,1,2,1,1,6,25056,M,,,25
200800032028,8,6,6,1916,1,2,9,2,6,25056,M,,,25
200800032029,8,6,9,1725,1,2,1,1,6,25056,M,,,25
200800032030,8,6,11,1656,1,2,1,1,1,25056,M,,,25
200800032031,8,6,12,15,3,1,1,1,6,25056,M,,,25
200800032032,8,6,16,1604,1,2,1,2,3,25056,M,,,25
200800032033,8,6,17,45,5,2,1,2,6,25056,M,,,25
200800032034,8,6,17,1733,1,2,1,1,3,25056,M,,,25
200800032035,8,6,21,1400,1,2,1,1,7,25056,M,,,25
200800032036,8,6,21,1622,1,2,1,1,6,25056,M,,,25
200800032037,8,6,21,2030,1,2,1,1,2,25056,M,,,25
200800032038,8,6,21,2125,2,2,1,1,5,25056,M,,,25
200800032039,8,6,23,1320,1,2,1,1,6,25056,M,,,25
200800032040,8,6,26,737,1,2,1,1,6,25056,M,,,25
200800032041,8,6,26,1220,1,2,1,1,1,25056,M,,,25
200800032042,8,6,27,1540,1,2,1,1,2,25056,M,,,25
200800032043,8,6,5,1515,1,2,1,2,3,25580,M,,,25
200800032044,8,6,18,648,2,1,1,1,2,26198,M,,,26
200800032045,8,6,26,430,5,2,1,1,6,26198,M,,,26
200800032046,8,6,25,940,1,1,9,7,1,26198,M,,,26
200800032047,8,6,21,220,4,2,1,1,2,26198,M,,,26
200800032048,8,6,7,1155,1,2,1,8,3,26281,M,,,26
200800032049,8,6,10,230,5,2,1,1,6,26057,M,,,26
200800032050,8,6,14,930,1,2,1,1,6,26281,M,,,26
200800032051,8,6,17,1325,1,2,1,1,3,26281,M,,,26
200800032052,8,6,26,850,1,2,1,1,6,26281,M,,,26
200800032053,8,6,27,900,1,2,6,2,6,26281,M,,,26
200800032054,8,6,30,1045,1,2,2,1,3,26281,M,,,26
200800032055,8,6,2,2235,5,2,1,1,7,26362,M,,,26
200800032056,8,6,11,2150,2,2,3,8,6,26362,M,,,26
200800032057,8,6,13,1545,1,2,1,1,1,26058,M,,,26
200800032058,8,6,14,410,5,2,1,1,6,26362,M,,,26
200800032059,8,6,16,742,1,2,3,1,3,26362,M,,,26
200800032060,8,6,16,915,1,2,1,1,6,26362,M,,,26
200800032061,8,6,10,1640,1,2,2,1,3,26058,M,,,26
200800032062,8,6,17,1755,1,2,2,2,3,26362,M,,,26
200800032063,8,6,22,420,5,2,1,1,7,26362,M,,,26
200800032064,8,6,23,1835,1,2,1,1,4,26058,M,,,26
200800032065,8,6,27,1350,1,2,1,1,6,26058,M,,,26
200800032066,8,6,2,1300,1,2,1,1,3,27229,M,,,27
200800032067,8,6,2,1930,1,2,1,1,3,27299,M,,,27
200800032068,8,6,6,1300,1,2,1,1,2,27229,M,,,27
200800032069,8,6,7,1620,1,2,1,1,2,27229,M,,,27
200800032070,8,6,13,1405,1,2,1,1,2,27229,M,,,27
200800032071,8,6,25,945,1,2,1,1,6,27229,M,,,27
200800032072,8,6,28,1650,1,2,1,1,2,27229,M,,,27
200800032073,8,6,30,1605,1,2,1,1,6,27229,M,,,27
200800032074,8,6,5,725,1,2,1,1,7,27701,M,,,27
200800032075,8,6,16,2115,1,1,1,1,6,27375,M,,,27
200800032076,8,6,4,1730,1,2,2,1,1,27701,M,,,27
200800032077,8,6,22,950,1,1,1,1,3,27375,M,,,27
200800032078,8,6,5,2225,5,2,2,1,6,27681,M,,,27
200800032079,8,6,6,805,1,2,1,1,2,27562,M,,,27
200800032080,8,6,11,1045,1,2,7,1,2,27562,M,,,27
200800032081,8,6,11,1300,1,2,1,1,6,27681,M,,,27
200800032082,8,6,12,1640,1,2,1,1,6,27681,M,,,27
200800032083,8,6,12,1705,1,2,1,1,6,27562,M,,,27
200800032084,8,6,17,1240,1,2,3,1,6,27681,M,,,27
200800032085,8,6,24,2000,1,2,1,1,6,27681,M,,,27
200800032086,8,6,25,2020,1,1,1,1,6,27681,M,,,27
200800032087,8,6,26,1420,1,2,1,1,2,27681,M,,,27
200800032088,8,6,11,1205,1,2,1,1,6,27681,M,,,27
200800032089,8,6,11,1740,1,2,1,1,6,27588,M,,,27
200800032090,8,6,2,640,2,2,1,1,2,28085,M,,,28
200800032091,8,6,8,2115,2,2,3,1,5,28085,M,,,28
200800032092,8,6,5,2115,2,2,9,1,7,28110,M,,,28
200800032093,8,6,10,1420,1,2,1,1,6,28085,M,,,28
200800032094,8,6,11,1953,1,2,1,1,2,28209,M,,,28
200800032095,8,6,11,2107,2,2,3,1,3,28085,M,,,28
200800032096,8,6,13,1500,1,2,1,1,6,28085,M,,,28
200800032097,8,6,14,1820,1,2,6,1,2,28218,M,,,28
200800032098,8,6,17,1245,1,2,1,1,2,28110,M,,,28
200800032099,8,6,19,1730,1,2,3,1,6,28085,M,,,28
200800032100,8,6,21,1930,1,1,1,1,5,28229,M,,,28
200800032101,8,6,23,850,1,1,1,1,7,28218,M,,,28
200800032102,8,6,25,1600,1,2,1,1,4,28085,M,,,28
200800032103,8,6,25,2345,5,2,1,1,6,28085,M,,,28
200800032104,8,6,26,745,1,2,1,1,6,28085,M,,,28
200800032105,8,6,27,2050,1,2,1,1,5,28209,M,,,28
200800032106,8,6,30,1800,1,2,1,1,3,28085,M,,,28
200800032107,8,6,30,1845,1,2,1,1,6,28085,M,,,28
200800032108,8,6,12,1720,1,1,4,1,4,28134,M,,,28
200800032109,8,6,18,1150,1,1,1,1,6,28134,M,,,28
200800032110,8,6,21,1503,1,2,2,1,2,28134,M,,,28
200800032111,8,6,28,1320,1,1,1,1,6,28134,M,,,28
200800032112,8,6,30,1710,1,2,3,1,3,28134,M,,,28
200800032113,8,6,4,910,1,2,1,1,3,29019,M,,,29
200800032114,8,6,7,945,1,2,1,1,2,29019,M,,,29
200800032115,8,6,9,1550,1,2,1,1,3,29019,M,,,29
200800032116,8,6,10,1720,1,2,3,1,3,29019,M,,,29
200800032117,8,6,10,2245,5,2,1,1,3,29019,M,,,29
200800032118,8,6,11,1435,1,2,1,1,6,29019,M,,,29
200800032119,8,6,12,245,4,2,1,1,6,29019,M,,,29
200800032120,8,6,13,748,1,2,2,1,3,29019,M,,,29
200800032121,8,6,13,830,1,2,1,1,6,29019,M,,,29
200800032122,8,6,13,1540,1,2,2,1,2,29019,M,,,29
200800032123,8,6,17,850,1,2,2,1,3,29019,M,,,29
200800032124,8,6,18,1503,1,2,3,1,5,29019,M,,,29
200800032125,8,6,19,1850,1,2,2,1,3,29019,M,,,29
200800032126,8,6,23,1615,1,2,3,1,3,29019,M,,,29
200800032127,8,6,25,1214,1,2,1,1,7,29019,M,,,29
200800032128,8,6,25,1855,1,2,1,1,3,29019,M,,,29
200800032129,8,6,26,735,1,2,2,1,3,29019,M,,,29
200800032130,8,6,4,2010,1,2,3,1,3,29039,M,,,29
200800032131,8,6,13,2225,1,2,1,1,6,29039,M,,,29
200800032132,8,6,3,1710,1,2,1,2,4,29151,M,,,29
200800032133,8,6,17,1835,1,2,9,1,3,29151,M,,,29
200800032134,8,6,26,1930,1,2,2,1,3,29151,M,,,29
200800032135,8,6,15,1229,1,2,1,1,3,29232,M,,,29
200800032136,8,6,20,1800,1,2,1,1,2,29051,M,,,29
200800032137,8,6,20,1815,1,2,6,1,1,29232,M,,,29
200800032138,8,6,30,1815,1,1,2,1,2,29051,M,,,29
200800032139,8,6,2,1513,1,2,1,3,6,30007,M,,,30
200800032140,8,6,6,1346,1,2,1,1,6,30007,M,,,30
200800032141,8,6,13,922,1,2,1,1,7,30007,M,,,30
200800032142,8,6,17,30,5,2,1,1,7,30007,M,,,30
200800032143,8,6,17,1747,1,2,1,1,4,30007,M,,,30
200800032144,8,6,25,1128,1,2,3,1,3,30007,M,,,30
200800032145,8,6,19,845,1,2,1,1,6,30007,M,,,30
200800032146,8,6,25,1430,1,2,2,1,3,30007,M,,,30
200800032147,8,6,26,1335,1,2,1,1,4,30007,M,,,30
200800032148,8,6,26,1940,1,2,1,1,3,30243,M,,,30
200800032149,8,6,29,1740,1,2,1,1,6,30007,M,,,30
200800032150,8,6,30,940,1,2,1,1,2,30007,M,,,30
200800032151,8,6,30,1800,1,2,1,1,6,30007,M,,,30
200800032152,8,6,8,1435,1,2,1,1,4,30028,M,,,30
200800032153,8,6,12,1100,1,2,2,1,3,30028,M,,,30
200800032154,8,6,21,1310,1,2,1,1,1,30028,M,,,30
200800032155,8,6,6,1115,1,2,2,1,7,30032,M,,,30
200800032156,8,6,24,1945,1,2,6,1,7,30032,M,,,30
200800032157,8,6,27,850,1,1,1,1,7,30032,M,,,30
200800032158,8,6,3,1215,1,2,2,1,3,30189,M,4383765.0,436399.0,30
200800032159,8,6,3,1216,1,2,1,1,6,30189,M,,,30
200800032160,8,6,3,2028,1,1,3,1,3,30189,M,4380505.0,433659.0,30
200800032161,8,6,5,1425,1,2,1,1,7,30189,M,,,30
200800032162,8,6,5,2030,1,2,3,1,3,30189,M,,,30
200800032163,8,6,6,1223,1,1,1,1,2,30189,M,4380511.0,433653.0,30
200800032164,8,6,9,720,1,2,2,1,3,30189,M,4381114.0,433010.0,30
200800032165,8,6,9,1430,1,2,2,1,3,30189,M,4382958.0,436031.0,30
200800032166,8,6,11,35,3,1,1,1,7,30189,M,4383481.0,434837.0,30
200800032167,8,6,11,925,1,2,1,1,1,30189,M,4383650.0,433704.0,30
200800032168,8,6,11,1320,1,2,3,1,6,30189,M,4384044.0,436480.0,30
200800032169,8,6,12,922,1,2,6,1,3,30189,M,4381564.0,434772.0,30
200800032170,8,6,12,1950,1,2,2,1,3,30189,M,4384411.0,432819.0,30
200800032171,8,6,13,1128,1,2,6,1,6,30189,M,4385288.0,439796.0,30
200800032172,8,6,13,1540,1,2,6,1,6,30189,M,4384583.0,345699.0,30
200800032173,8,6,13,1732,1,1,1,1,2,30189,M,4380718.0,432499.0,30
200800032174,8,6,14,1445,1,2,1,1,7,30189,M,4385424.0,438195.0,30
200800032175,8,6,15,1400,1,2,2,1,5,30189,M,4381557.0,434770.0,30
200800032176,8,6,16,1507,1,2,1,1,7,30189,M,4382644.0,437284.0,30
200800032177,8,6,16,1215,1,2,2,1,6,30189,M,,,30
200800032178,8,6,16,1508,1,2,1,1,7,30189,M,4383181.0,435440.0,30
200800032179,8,6,18,836,1,2,2,1,6,30189,M,,,30
200800032180,8,6,18,1200,1,2,4,1,3,30189,M,4384204.0,434028.0,30
200800032181,8,6,20,1223,1,1,1,1,7,30189,M,4380640.0,432326.0,30
200800032182,8,6,21,658,1,1,1,1,7,30189,M,4375108.0,440715.0,30
200800032183,8,6,23,820,1,2,1,1,6,30189,M,,,30
200800032184,8,6,24,1407,1,2,1,1,3,30189,M,4381881.0,434220.0,30
200800032185,8,6,26,855,1,2,6,1,6,30189,M,4381795.0,434795.0,30
200800032186,8,6,26,1320,1,2,1,1,3,30189,M,4382463.0,436855.0,30
200800032187,8,6,26,1605,1,2,4,1,6,30189,M,4382715.0,436117.0,30
200800032188,8,6,26,1800,1,2,1,1,3,30189,M,4384138.0,438395.0,30
200800032189,8,6,26,2019,1,2,1,1,2,30189,M,4379445.0,434586.0,30
200800032190,8,6,27,1050,1,2,1,1,7,30189,M,4383582.0,436217.0,30
200800032191,8,6,29,2015,1,2,1,1,5,30189,M,4382440.0,432716.0,30
200800032192,8,6,24,1615,1,2,1,1,3,31069,M,,,31
200800032193,8,6,6,1440,1,2,1,1,6,31149,M,,,31
200800032194,8,6,11,1145,1,2,6,1,3,31149,M,,,31
200800032195,8,6,11,1849,2,2,1,2,6,31149,M,,,31
200800032196,8,6,23,1301,1,2,6,1,6,31149,M,,,31
200800032197,8,6,24,105,5,2,1,1,7,31149,M,,,31
200800032198,8,6,11,1330,1,2,1,2,6,31483,M,,,31
200800032199,8,6,26,900,1,2,1,1,6,31483,M,,,31
200800032200,8,6,1,20,5,2,1,1,7,31555,M,,,31
200800032201,8,6,1,25,5,2,1,1,3,31555,M,,,31
200800032202,8,6,1,1000,1,1,1,1,6,31555,M,,,31
200800032203,8,6,2,1705,1,2,6,1,3,31555,M,,,31
200800032204,8,6,3,1755,1,2,1,1,6,31555,M,,,31
200800032205,8,6,3,1555,1,2,1,1,6,31555,M,,,31
200800032206,8,6,3,2120,5,1,1,2,2,31555,M,,,31
200800032207,8,6,4,1040,1,2,1,1,6,31555,M,,,31
200800032208,8,6,5,700,1,2,1,1,2,31555,M,,,31
200800032209,8,6,5,1240,1,2,1,1,3,31555,M,,,31
200800032210,8,6,5,1615,1,2,1,1,3,31555,M,,,31
200800032211,8,6,5,1715,1,2,1,1,6,31555,M,,,31
200800032212,8,6,5,1805,1,2,1,1,3,31555,M,,,31
200800032213,8,6,5,1900,1,2,1,1,2,31555,M,,,31
200800032214,8,6,6,250,5,2,1,1,6,31555,M,,,31
200800032215,8,6,6,1502,1,2,1,1,3,31555,M,,,31
200800032216,8,6,7,1525,1,2,1,1,3,31555,M,,,31
200800032217,8,6,8,155,5,1,1,1,7,31555,M,,,31
200800032218,8,6,8,1240,1,2,1,1,2,31555,M,,,31
200800032219,8,6,4,1910,1,2,2,1,3,31555,M,,,31
200800032220,8,6,9,1410,1,2,1,1,7,31555,M,,,31
200800032221,8,6,11,1330,1,2,1,1,6,31555,M,,,31
200800032222,8,6,11,2130,1,2,1,1,7,31555,M,,,31
200800032223,8,6,12,330,5,2,1,1,7,31555,M,,,31
200800032224,8,6,11,1730,1,2,3,1,3,31555,M,,,31
200800032225,8,6,12,1330,1,1,1,1,3,31555,M,,,31
200800032226,8,6,12,1730,1,2,1,1,4,31555,M,,,31
200800032227,8,6,14,510,5,2,1,1,1,31555,M,,,31
200800032228,8,6,15,445,5,2,1,1,7,31555,M,,,31
200800032229,8,6,13,750,1,1,1,1,2,31555,M,,,31
200800032230,8,6,14,645,1,1,1,1,7,31555,M,,,31
200800032231,8,6,14,725,1,1,1,1,7,31555,M,,,31
200800032232,8,6,14,1650,1,2,1,1,1,31555,M,,,31
200800032233,8,6,15,1435,1,2,1,1,6,31555,M,,,31
200800032234,8,6,13,1825,1,2,1,1,1,31555,M,,,31
200800032235,8,6,16,840,1,2,3,2,3,31555,M,,,31
200800032236,8,6,16,1250,1,2,1,1,2,31555,M,,,31
200800032237,8,6,17,1,5,2,1,1,2,31555,M,,,31
200800032238,8,6,17,845,1,2,1,1,6,31555,M,,,31
200800032239,8,6,17,1834,1,2,1,2,3,31555,M,,,31
200800032240,8,6,18,330,5,2,1,1,7,31555,M,,,31
200800032241,8,6,18,745,1,2,1,1,3,31555,M,,,31
200800032242,8,6,18,750,1,2,1,1,3,31555,M,,,31
200800032243,8,6,18,820,1,2,1,1,2,31555,M,,,31
200800032244,8,6,18,1800,1,2,1,1,3,31555,M,,,31
200800032245,8,6,18,1405,1,1,1,1,3,31555,M,,,31
200800032246,8,6,18,1650,1,2,1,1,1,31555,M,,,31
200800032247,8,6,19,1155,1,2,1,1,6,31555,M,,,31
200800032248,8,6,19,1740,1,2,1,1,3,31555,M,,,31
200800032249,8,6,19,1852,1,2,1,1,6,31555,M,,,31
200800032250,8,6,18,1915,1,2,1,1,2,31555,M,,,31
200800032251,8,6,21,740,1,2,1,1,3,31555,M,,,31
200800032252,8,6,20,1827,1,2,1,1,1,31555,M,,,31
200800032253,8,6,20,2150,5,2,1,1,7,31555,M,,,31
200800032254,8,6,21,50,5,2,1,1,3,31555,M,,,31
200800032255,8,6,21,1420,1,2,1,1,6,31555,M,,,31
200800032256,8,6,22,25,5,1,1,1,7,31555,M,,,31
200800032257,8,6,22,420,5,2,1,1,7,31555,M,,,31
200800032258,8,6,22,1730,1,2,1,1,3,31555,M,,,31
200800032259,8,6,23,1200,1,2,1,1,7,31555,M,,,31
200800032260,8,6,24,1450,1,2,1,1,2,31555,M,,,31
200800032261,8,6,24,2115,1,2,2,1,4,31555,M,,,31
200800032262,8,6,25,1045,1,2,1,1,3,31555,M,,,31
200800032263,8,6,25,1730,1,2,1,1,6,31555,M,,,31
200800032264,8,6,25,1750,1,1,1,1,2,31555,M,,,31
200800032265,8,6,26,15,5,2,1,1,6,31555,M,,,31
200800032266,8,6,26,830,1,2,1,1,3,31555,M,,,31
200800032267,8,6,26,1245,1,2,1,1,3,31555,M,,,31
200800032268,8,6,27,1455,1,2,1,1,6,31555,M,,,31
200800032269,8,6,27,1630,1,2,1,1,1,31555,M,,,31
200800032270,8,6,27,2150,2,2,1,1,7,31555,M,,,31
200800032271,8,6,28,2104,1,2,1,1,1,31555,M,,,31
200800032272,8,6,29,1850,1,2,1,1,7,31555,M,,,31
200800032273,8,6,26,1220,1,2,1,1,1,31555,M,,,31
200800032274,8,6,30,1640,1,2,1,1,3,31555,M,,,31
200800032275,8,6,30,1650,1,2,1,1,2,31555,M,,,31
200800032276,8,6,30,1715,1,2,1,1,6,31555,M,,,31
200800032277,8,6,10,745,1,1,1,1,4,31557,M,,,31
200800032278,8,6,15,910,1,1,1,1,7,31557,M,,,31
200800032279,8,6,6,505,5,2,3,2,3,32013,M,,,32
200800032280,8,6,20,955,1,2,6,2,3,32013,M,,,32
200800032281,8,6,25,1220,1,2,1,1,7,32013,M,,,32
200800032282,8,6,1,1423,1,2,1,1,6,33529,M,,,33
200800032283,8,6,14,1800,1,1,1,1,3,33529,M,,,33
200800032284,8,6,13,2235,4,2,1,1,6,33009,M,,,33
200800032285,8,6,24,1930,1,2,1,1,3,33529,M,,,33
200800032286,8,6,3,840,1,2,2,1,3,33009,M,,,33
200800032287,8,6,22,1335,5,2,1,2,6,33529,M,,,33
200800032288,8,6,1,110,5,2,1,1,3,33063,M,,,33
200800032289,8,6,1,1520,1,2,1,1,3,33063,M,,,33
200800032290,8,6,2,1730,1,2,1,1,6,33063,M,,,33
200800032291,8,6,2,1030,1,2,1,1,4,33063,M,,,33
200800032292,8,6,3,800,1,2,3,2,3,33063,M,,,33
200800032293,8,6,3,2100,2,2,3,8,3,33063,M,,,33
200800032294,8,6,4,950,1,2,1,1,2,33063,M,,,33
200800032295,8,6,1,15,5,2,1,1,6,33192,M,,,33
200800032296,8,6,7,100,5,2,1,1,2,33063,M,,,33
200800032297,8,6,6,2245,5,2,1,1,6,33119,M,,,33
200800032298,8,6,6,1125,1,2,2,1,6,33063,M,,,33
200800032299,8,6,6,2200,5,2,1,1,6,33063,M,,,33
200800032300,8,6,6,2100,2,2,1,1,3,33063,M,,,33
200800032301,8,6,6,1725,1,2,3,1,3,33063,M,,,33
200800032302,8,6,4,1715,1,2,3,1,3,33318,M,,,33
200800032303,8,6,9,1230,1,2,1,1,2,33063,M,,,33
200800032304,8,6,4,1740,1,2,1,1,2,33281,M,,,33
200800032305,8,6,3,2014,1,2,2,1,3,33281,M,,,33
200800032306,8,6,6,745,1,2,3,1,1,33318,M,,,33
200800032307,8,6,3,1335,1,2,5,1,2,33522,M,,,33
200800032308,8,6,9,2240,5,2,3,2,3,33281,M,,,33
200800032309,8,6,10,2120,5,2,1,1,6,33063,M,,,33
200800032310,8,6,10,900,1,2,3,1,3,33063,M,,,33
200800032311,8,6,10,1620,1,2,2,1,2,33063,M,,,33
200800032312,8,6,10,1615,1,2,1,1,3,33281,M,,,33
200800032313,8,6,4,1110,1,2,1,1,6,33281,M,,,33
200800032314,8,6,5,2305,5,2,2,1,3,33522,M,,,33
200800032315,8,6,5,1855,1,2,2,1,3,33063,M,,,33
200800032316,8,6,11,1720,1,2,3,1,2,33063,M,,,33
200800032317,8,6,12,930,1,2,1,1,2,33063,M,,,33
200800032318,8,6,12,815,1,2,3,1,3,33063,M,,,33
200800032319,8,6,9,1730,1,2,3,2,4,33281,M,,,33
200800032320,8,6,10,1730,1,2,1,1,2,33249,M,,,33
200800032321,8,6,13,255,5,2,6,1,6,33075,M,,,33
200800032322,8,6,13,1205,1,2,3,1,3,33063,M,,,33
200800032323,8,6,15,50,5,2,1,1,2,33063,M,,,33
200800032324,8,6,14,1035,1,2,2,1,4,33063,M,,,33
200800032325,8,6,14,458,3,2,1,1,6,33281,M,,,33
200800032326,8,6,14,1550,1,2,1,1,3,33063,M,,,33
200800032327,8,6,13,1700,1,2,1,1,4,33063,M,,,33
200800032328,8,6,9,1830,1,2,2,2,1,33522,M,,,33
200800032329,8,6,16,1625,1,2,1,2,6,33063,M,,,33
200800032330,8,6,12,1330,1,2,2,1,3,33069,M,,,33
200800032331,8,6,10,1926,1,2,5,1,2,33281,M,,,33
200800032332,8,6,17,2315,5,2,1,1,1,33063,M,,,33
200800032333,8,6,13,915,1,2,1,1,5,33318,M,,,33
200800032334,8,6,16,1616,1,2,1,2,2,33119,M,,,33
200800032335,8,6,16,1615,1,2,1,2,6,33249,M,,,33
200800032336,8,6,14,1000,1,2,6,1,2,33119,M,,,33
200800032337,8,6,18,1010,1,2,1,1,6,33063,M,,,33
200800032338,8,6,17,1800,1,2,1,1,3,33063,M,,,33
200800032339,8,6,13,1340,1,2,1,2,4,33167,M,,,33
200800032340,8,6,14,1030,1,2,2,1,3,33119,M,,,33
200800032341,8,6,20,150,5,2,4,1,6,33063,M,,,33
200800032342,8,6,19,1400,1,2,2,1,3,33063,M,,,33
200800032343,8,6,19,1343,1,2,1,1,2,33063,M,,,33
200800032344,8,6,19,1045,1,2,1,1,6,33063,M,,,33
200800032345,8,6,19,2153,1,2,1,1,6,33063,M,,,33
200800032346,8,6,16,2020,1,2,3,2,6,33281,M,,,33
200800032347,8,6,20,740,1,2,2,1,3,33063,M,,,33
200800032348,8,6,17,1845,1,2,2,1,3,33281,M,,,33
200800032349,8,6,20,915,1,2,2,1,3,33063,M,,,33
200800032350,8,6,21,905,1,2,1,1,4,33063,M,,,33
200800032351,8,6,22,15,5,1,3,1,2,33063,M,,,33
200800032352,8,6,17,2226,2,2,1,1,3,33318,M,,,33
200800032353,8,6,18,355,5,2,2,1,3,33069,M,,,33
200800032354,8,6,23,1930,1,2,6,1,3,33063,M,,,33
200800032355,8,6,24,1615,1,2,1,8,3,33063,M,,,33
200800032356,8,6,19,1820,1,2,2,1,2,33281,M,,,33
200800032357,8,6,22,145,4,2,6,2,6,33281,M,,,33
200800032358,8,6,21,1900,1,2,2,1,1,33281,M,,,33
200800032359,8,6,20,1430,1,2,3,1,1,33281,M,,,33
200800032360,8,6,18,825,1,2,1,1,6,33039,M,,,33
200800032361,8,6,13,2345,5,2,1,1,6,33550,M,,,33
200800032362,8,6,25,1220,1,2,1,1,6,33063,M,,,33
200800032363,8,6,25,2010,1,2,2,1,3,33063,M,,,33
200800032364,8,6,25,920,1,2,1,1,7,33063,M,,,33
200800032365,8,6,15,1620,1,2,1,1,6,33039,M,,,33
200800032366,8,6,26,1630,1,2,2,2,3,33063,M,,,33
200800032367,8,6,23,655,1,2,1,1,2,33281,M,,,33
200800032368,8,6,30,120,5,2,1,1,6,33063,M,,,33
200800032369,8,6,27,1900,1,2,1,1,3,33063,M,,,33
200800032370,8,6,27,1815,1,2,1,1,7,33522,M,,,33
200800032371,8,6,27,1500,1,2,1,1,3,33063,M,,,33
200800032372,8,6,25,640,2,2,2,1,3,33281,M,,,33
200800032373,8,6,24,1400,1,2,2,1,3,33069,M,,,33
200800032374,8,6,21,2100,1,2,1,1,3,33069,M,,,33
200800032375,8,6,24,1815,1,2,1,1,6,33281,M,,,33
200800032376,8,6,27,810,1,2,1,1,2,33318,M,,,33
200800032377,8,6,30,725,1,2,1,1,2,33063,M,,,33
200800032378,8,6,30,1320,1,2,1,1,3,33063,M,,,33
200800032379,8,6,26,2040,1,2,1,1,7,33281,M,,,33
200800032380,8,6,30,2045,1,2,1,1,6,33318,M,,,33
200800032381,8,6,29,1940,1,2,1,1,6,33249,M,,,33
200800032382,8,6,27,1215,1,2,2,1,3,33119,M,,,33
200800032383,8,6,27,1750,1,2,1,1,6,33550,M,,,33
200800032384,8,6,28,1543,1,2,1,1,3,33318,M,,,33
200800032385,8,6,30,550,1,2,2,1,2,33039,M,,,33
200800032386,8,6,28,204,5,2,1,1,2,33522,M,,,33
200800032387,8,6,23,700,1,2,2,1,3,33243,M,,,33
200800032388,8,6,29,245,5,2,9,1,6,33243,M,,,33
200800032389,8,6,13,935,1,2,2,1,3,34003,M,,,34
200800032390,8,6,13,930,1,1,1,1,3,34003,M,,,34
200800032391,8,6,13,1740,1,2,1,1,6,34003,M,,,34
200800032392,8,6,18,1705,1,2,1,1,6,34003,M,,,34
200800032393,8,6,3,1345,1,2,2,1,3,34032,M,,,34
200800032394,8,6,2,1430,1,2,1,1,7,34032,M,,,34
200800032395,8,6,3,1300,1,2,1,1,2,34336,M,,,34