Num_Acc,an,mois,jour,hrmn,lum,agg,int,atm,col,com,gps,lat,long,dep
200800032396,8,6,1,1845,1,2,2,3,2,34032,M,4334600.0,345699.0,34
200800032397,8,6,4,1900,1,2,2,1,7,34032,M,,,34
200800032398,8,6,3,2145,5,2,2,1,3,34032,M,4334700.0,345699.0,34
200800032399,8,6,5,1525,1,2,6,1,3,34032,M,,,34
200800032400,8,6,8,1305,1,2,1,1,7,34032,M,,,34
200800032401,8,6,10,1015,1,2,2,1,3,34032,M,4333800.0,345699.0,34
200800032402,8,6,10,1230,1,1,1,1,7,34032,M,,,34
200800032403,8,6,12,1345,1,2,2,1,7,34032,M,,,34
200800032404,8,6,12,1435,1,1,3,1,3,34032,M,,,34
200800032405,8,6,12,2004,1,1,1,1,2,34032,M,,,34
200800032406,8,6,13,2300,5,2,2,1,3,34032,M,,,34
200800032407,8,6,14,1105,1,2,1,1,2,34032,M,,,34
200800032408,8,6,15,1655,1,2,2,1,5,34032,M,,,34
200800032409,8,6,15,1734,1,1,1,1,7,34032,M,,,34
200800032410,8,6,20,2344,3,1,6,1,7,34032,M,,,34
200800032411,8,6,22,1010,1,1,2,1,3,34336,M,,,34
200800032412,8,6,22,1500,1,2,3,1,1,34032,M,,,34
200800032413,8,6,23,1205,1,2,2,1,3,34032,M,,,34
200800032414,8,6,23,2005,1,2,1,1,7,34032,M,,,34
200800032415,8,6,25,1040,1,1,1,1,4,34336,M,,,34
200800032416,8,6,25,2015,1,1,1,1,7,34032,M,,,34
200800032417,8,6,26,820,1,2,1,1,2,34032,M,,,34
200800032418,8,6,26,1545,1,2,1,1,3,34032,M,,,34
200800032419,8,6,29,220,5,2,1,1,7,34032,M,,,34
200800032420,8,6,29,615,2,1,4,1,6,34032,M,,,34
200800032421,8,6,29,1200,1,1,2,1,3,34336,M,4333100.0,345699.0,34
200800032422,8,6,29,2225,5,2,1,1,7,34032,M,,,34
200800032423,8,6,30,1235,1,1,1,1,4,34032,M,,,34
200800032424,8,6,2,1410,1,2,6,1,3,34129,M,4358655.0,392916.0,34
200800032425,8,6,3,824,1,2,2,1,3,34172,M,,,34
200800032426,8,6,3,1340,1,2,3,1,1,34172,M,,,34
200800032427,8,6,4,2020,1,2,1,1,6,34172,M,4362176.0,381445.0,34
200800032428,8,6,5,1544,1,1,1,1,7,34198,M,4357748.0,393442.0,34
200800032429,8,6,7,1645,1,2,1,1,6,34129,M,4356174.0,387755.0,34
200800032430,8,6,7,1825,1,2,1,1,6,34172,M,4361134.0,386674.0,34
200800032431,8,6,7,2023,1,2,2,1,6,34172,M,,,34
200800032432,8,6,9,922,1,2,6,1,5,34172,M,,,34
200800032433,8,6,9,1245,1,2,1,1,2,34172,M,4363436.0,386564.0,34
200800032434,8,6,9,1935,1,2,6,8,2,34129,M,,,34
200800032435,8,6,10,850,1,2,2,1,3,34172,M,,,34
200800032436,8,6,6,815,1,2,2,1,1,34172,M,4361098.0,383352.0,34
200800032437,8,6,7,1225,1,2,1,1,7,34172,M,4362587.0,381966.0,34
200800032438,8,6,11,1650,1,2,1,1,7,34172,M,,,34
200800032439,8,6,12,1423,1,2,3,1,1,34172,M,4359151.0,387363.0,34
200800032440,8,6,6,850,1,1,1,1,2,34129,M,4357119.0,388453.0,34
200800032441,8,6,13,850,1,2,1,1,3,34172,M,,,34
200800032442,8,6,13,1907,1,2,2,2,5,34172,M,4362650.0,386652.0,34
200800032443,8,6,14,1105,1,2,2,1,3,34172,M,,,34
200800032444,8,6,14,1520,1,2,1,1,3,34172,M,4360071.0,389766.0,34
200800032445,8,6,14,2115,2,2,1,1,6,34172,M,4362100.0,384639.0,34
200800032446,8,6,15,11,5,2,1,1,7,34198,M,4356555.0,394113.0,34
200800032447,8,6,16,1630,1,2,3,1,3,34172,M,4362084.0,389023.0,34
200800032448,8,6,17,1515,1,2,2,1,3,34172,M,,,34
200800032449,8,6,17,2125,2,2,3,1,3,34172,M,4360403.0,386770.0,34
200800032450,8,6,18,910,1,2,1,1,4,34172,M,,,34
200800032451,8,6,19,1610,1,2,3,1,1,34172,M,4360725.0,386645.0,34
200800032452,8,6,20,820,1,2,1,1,5,34172,M,,,34
200800032453,8,6,17,1020,1,2,1,1,6,34129,M,,,34
200800032454,8,6,17,1130,1,2,2,1,3,34172,M,,,34
200800032455,8,6,20,1915,1,2,1,1,3,34172,M,,,34
200800032456,8,6,21,410,5,1,1,1,7,34129,M,,,34
200800032457,8,6,19,850,1,2,1,1,7,34172,M,,,34
200800032458,8,6,23,940,1,2,2,1,6,34172,M,,,34
200800032459,8,6,21,1000,1,1,1,1,3,34172,M,4362811.0,384612.0,34
200800032460,8,6,25,1330,1,2,1,1,6,34172,M,4359941.0,386074.0,34
200800032461,8,6,25,1445,1,2,1,1,3,34172,M,4358605.0,387368.0,34
200800032462,8,6,26,336,5,2,1,1,7,34172,M,,,34
200800032463,8,6,25,430,5,2,1,1,2,34172,M,4369865.0,384192.0,34
200800032464,8,6,26,1730,1,2,1,1,5,34198,M,4355443.0,396698.0,34
200800032465,8,6,27,3,3,1,1,1,6,34198,M,,,34
200800032466,8,6,27,2040,1,2,2,1,1,34172,M,4361634.0,384089.0,34
200800032467,8,6,26,1300,1,2,2,1,7,34172,M,,,34
200800032468,8,6,27,1525,1,2,1,1,3,34172,M,4362578.0,387172.0,34
200800032469,8,6,27,1544,1,2,6,1,3,34172,M,,,34
200800032470,8,6,27,1710,1,2,1,1,3,34172,M,4358397.0,388542.0,34
200800032471,8,6,28,2235,5,2,1,1,3,34172,M,4359490.0,388842.0,34
200800032472,8,6,28,2340,5,2,3,1,1,34172,M,4361813.0,384404.0,34
200800032473,8,6,28,2200,5,2,1,1,3,34172,M,,,34
200800032474,8,6,29,940,1,2,2,1,3,34172,M,4360185.0,388462.0,34
200800032475,8,6,29,1310,1,2,1,1,1,34172,M,4361055.0,383290.0,34
200800032476,8,6,25,1153,1,2,1,1,7,34172,M,4361733.0,383801.0,34
200800032477,8,6,30,2110,1,1,1,1,7,34172,M,,,34
200800032478,8,6,30,2230,5,2,1,1,6,34172,M,,,34
200800032479,8,6,30,2220,5,2,3,1,3,34172,M,,,34
200800032480,8,6,2,20,3,1,1,3,1,34301,M,,,34
200800032481,8,6,3,1710,1,2,1,1,3,34108,M,,,34
200800032482,8,6,9,1315,1,1,1,1,6,34301,M,,,34
200800032483,8,6,5,5,5,2,2,1,3,35115,M,,,35
200800032484,8,6,1,745,1,1,1,2,3,35238,M,,,35
200800032485,8,6,1,1700,1,2,1,1,7,35238,M,,,35
200800032486,8,6,2,313,5,2,1,1,7,35238,M,,,35
200800032487,8,6,2,1405,1,2,2,1,3,35238,M,,,35
200800032488,8,6,2,1915,1,2,1,1,3,35238,M,,,35
200800032489,8,6,3,125,5,1,1,1,6,35238,M,,,35
200800032490,8,6,3,605,1,2,1,8,7,35238,M,,,35
200800032491,8,6,4,1200,1,2,1,1,3,35238,M,,,35
200800032492,8,6,6,130,5,2,2,1,3,35238,M,,,35
200800032493,8,6,6,40,5,2,1,1,2,35238,M,,,35
200800032494,8,6,12,840,1,2,6,1,7,35055,M,,,35
200800032495,8,6,6,2135,1,2,2,1,2,35238,M,,,35
200800032496,8,6,7,2045,1,2,6,1,7,35238,M,,,35
200800032497,8,6,9,1535,1,2,1,1,4,35238,M,,,35
200800032498,8,6,10,1655,1,2,2,1,6,35238,M,,,35
200800032499,8,6,11,1720,1,2,2,1,7,35238,M,,,35
200800032500,8,6,11,1935,1,2,2,1,3,35238,M,,,35
200800032501,8,6,13,735,1,2,2,1,2,35238,M,,,35
200800032502,8,6,13,845,1,2,1,1,6,35238,M,,,35
200800032503,8,6,13,1550,1,2,2,1,7,35238,M,,,35
200800032504,8,6,13,1900,1,2,1,1,6,35238,M,,,35
200800032505,8,6,14,835,1,1,9,1,6,35238,M,,,35
200800032506,8,6,16,1715,1,1,6,1,2,35238,M,,,35
200800032507,8,6,17,250,4,2,1,1,7,35281,M,,,35
200800032508,8,6,17,755,1,2,2,1,3,35238,M,,,35
200800032509,8,6,17,1025,1,1,1,1,3,35238,M,,,35
200800032510,8,6,17,1340,1,2,3,1,6,35238,M,,,35
200800032511,8,6,18,1110,1,2,1,1,6,35238,M,,,35
200800032512,8,6,18,2120,1,1,1,1,6,35238,M,,,35
200800032513,8,6,19,945,1,2,6,2,7,35238,M,,,35
200800032514,8,6,19,1300,1,1,9,2,6,35278,M,,,35
200800032515,8,6,20,145,3,2,3,1,7,35238,M,,,35
200800032516,8,6,20,2303,5,2,1,1,6,35238,M,,,35
200800032517,8,6,22,1105,1,2,2,1,3,35238,M,,,35
200800032518,8,6,22,1340,1,2,2,1,6,35238,M,,,35
200800032519,8,6,22,1505,1,2,6,1,2,35281,M,,,35
200800032520,8,6,22,1510,1,2,1,1,6,35238,M,,,35
200800032521,8,6,23,1200,1,2,2,1,3,35238,M,,,35
200800032522,8,6,23,1155,1,2,6,1,3,35238,M,,,35
200800032523,8,6,23,1725,1,2,1,1,7,35281,M,,,35
200800032524,8,6,25,40,5,2,6,1,6,35238,M,,,35
200800032525,8,6,26,940,1,2,3,7,6,35238,M,,,35
200800032526,8,6,26,1100,1,2,1,1,7,35238,M,,,35
200800032527,8,6,28,1055,1,2,9,1,7,35238,M,,,35
200800032528,8,6,28,1240,1,1,1,1,1,35055,M,,,35
200800032529,8,6,29,1250,1,2,6,1,3,35238,M,,,35
200800032530,8,6,30,110,5,2,2,1,3,35238,M,,,35
200800032531,8,6,30,1750,1,2,9,1,4,35238,M,,,35
200800032532,8,6,30,1830,1,2,3,1,3,35238,M,,,35
200800032533,8,6,30,1800,1,1,1,1,4,35238,M,,,35
200800032534,8,6,1,655,1,2,1,1,6,35288,M,,,35
200800032535,8,6,8,1530,1,2,6,1,6,35288,M,,,35
200800032536,8,6,24,1830,1,2,2,1,5,35288,M,,,35
200800032537,8,6,27,2225,5,2,3,1,3,35288,M,,,35
200800032538,8,6,4,1810,1,1,1,1,1,36159,M,,,36
200800032539,8,6,14,1610,1,1,3,1,3,36202,M,,,36
200800032540,8,6,15,535,3,1,1,2,1,36159,M,,,36
200800032541,8,6,24,1725,1,2,1,1,2,36044,M,,,36
200800032542,8,6,21,1500,1,1,1,1,7,36202,M,,,36
200800032543,8,6,22,1805,1,2,3,1,7,36044,M,,,36
200800032544,8,6,1,845,1,2,3,1,3,36044,M,,,36
200800032545,8,6,2,125,5,2,1,1,6,36202,M,,,36
200800032546,8,6,5,745,1,2,1,1,6,36044,M,,,36
200800032547,8,6,5,1927,1,2,3,1,2,36044,M,,,36
200800032548,8,6,9,1102,1,2,3,1,3,36044,M,,,36
200800032549,8,6,13,710,1,2,3,1,3,36044,M,,,36
200800032550,8,6,26,1712,1,2,1,1,6,36044,M,,,36
200800032551,8,6,2,1840,1,2,2,1,3,37261,M,,,37
200800032552,8,6,5,2340,5,2,3,1,1,37261,M,,,37
200800032553,8,6,17,1215,1,2,1,1,6,37261,M,,,37
200800032554,8,6,26,2045,1,2,2,1,3,37261,M,,,37
200800032555,8,6,27,1130,1,2,2,1,1,37261,M,,,37
200800032556,8,6,19,1453,1,1,1,1,1,38053,M,,,38
200800032557,8,6,1,1540,1,2,1,1,6,38185,M,,,38
200800032558,8,6,2,845,1,2,1,2,6,38421,M,,,38
200800032559,8,6,2,1000,1,2,1,2,3,38185,M,,,38
200800032560,8,6,2,1215,1,2,1,2,6,38185,M,,,38
200800032561,8,6,3,820,1,1,1,1,3,38185,M,,,38
200800032562,8,6,3,845,1,2,1,1,1,38185,M,,,38
200800032563,8,6,5,2240,5,2,1,2,3,38185,M,,,38
200800032564,8,6,6,900,1,2,1,1,6,38421,M,,,38
200800032565,8,6,6,1930,1,2,1,1,3,38151,M,,,38
200800032566,8,6,9,1640,1,2,1,1,4,38151,M,,,38
200800032567,8,6,10,830,1,1,1,1,2,38151,M,,,38
200800032568,8,6,11,1630,1,2,1,1,3,38185,M,,,38
200800032569,8,6,11,1705,1,2,1,2,3,38185,M,,,38
200800032570,8,6,11,2010,1,2,1,1,3,38185,M,,,38
200800032571,8,6,12,1615,1,2,1,1,1,38516,M,,,38
200800032572,8,6,13,720,1,1,1,1,4,38185,M,,,38
200800032573,8,6,13,1025,1,2,1,1,3,38421,M,,,38
200800032574,8,6,13,1730,1,2,2,1,3,38185,M,,,38
200800032575,8,6,15,1045,1,2,1,1,3,38185,M,,,38
200800032576,8,6,16,1330,1,2,1,2,6,38169,M,,,38
200800032577,8,6,16,1400,1,2,1,2,2,38179,M,,,38
200800032578,8,6,17,1700,1,2,1,2,2,38421,M,,,38
200800032579,8,6,19,1630,1,2,1,1,3,38185,M,,,38
200800032580,8,6,19,1740,1,1,1,1,4,38185,M,,,38
200800032581,8,6,19,1800,1,2,1,1,6,38185,M,,,38
200800032582,8,6,20,750,1,2,1,1,3,38185,M,,,38
200800032583,8,6,23,1330,1,2,1,1,2,38185,M,,,38
200800032584,8,6,24,1630,1,2,1,1,1,38421,M,,,38
200800032585,8,6,24,1720,1,2,1,1,7,38185,M,,,38
200800032586,8,6,24,1050,1,2,1,1,2,38185,M,,,38
200800032587,8,6,26,1800,1,2,1,1,3,38151,M,,,38
200800032588,8,6,27,715,1,2,1,1,3,38516,M,,,38
200800032589,8,6,27,1735,1,2,1,1,2,38185,M,,,38
200800032590,8,6,28,2314,5,1,1,1,6,38151,M,,,38
200800032591,8,6,30,1610,1,2,1,1,6,38185,M,,,38
200800032592,8,6,6,852,1,2,1,1,6,38544,M,,,38
200800032593,8,6,19,2025,1,2,2,1,3,38544,M,,,38
200800032594,8,6,19,1710,1,2,2,1,6,38544,M,,,38
200800032595,8,6,13,1440,1,2,1,1,6,38563,M,,,38
200800032596,8,6,24,1812,1,2,1,1,2,38563,M,,,38
200800032597,8,6,2,1145,1,2,2,2,3,40088,M,,,40
200800032598,8,6,7,1550,1,2,1,1,5,40088,M,,,40
200800032599,8,6,5,1920,1,2,2,1,3,40192,M,,,40
200800032600,8,6,25,1528,1,2,1,1,6,40192,M,,,40
200800032601,8,6,28,1120,1,2,1,1,4,40192,M,,,40
200800032602,8,6,29,1330,1,2,1,1,6,40192,M,,,40
200800032603,8,6,30,1245,1,2,1,1,3,40192,M,,,40
200800032604,8,6,2,725,2,1,1,8,1,41212,M,,,41
200800032605,8,6,6,1820,1,2,2,1,3,41018,M,,,41
200800032606,8,6,8,1230,1,2,3,1,3,41018,M,,,41
200800032607,8,6,4,1530,1,2,1,1,4,41018,M,,,41
200800032608,8,6,4,1845,1,2,2,1,6,41018,M,,,41
200800032609,8,6,9,1002,1,2,1,1,6,41018,M,,,41
200800032610,8,6,9,1117,1,2,4,1,3,41018,M,,,41
200800032611,8,6,10,1700,1,2,1,1,3,41018,M,,,41
200800032612,8,6,13,1739,1,2,1,1,3,41047,M,,,41
200800032613,8,6,17,1630,1,2,2,1,3,41018,M,,,41
200800032614,8,6,21,1910,1,2,1,1,7,41212,M,,,41
200800032615,8,6,25,2045,1,2,3,1,3,41018,M,,,41
200800032616,8,6,28,55,5,2,1,1,3,41018,M,,,41
200800032617,8,6,6,1802,1,2,1,1,7,41269,M,,,41
200800032618,8,6,3,1510,1,2,2,1,3,42044,M,4523755.0,419135.0,42
200800032619,8,6,4,1800,1,2,1,1,2,42095,M,,,42
200800032620,8,6,8,1130,1,1,1,2,1,42031,M,4524924.0,414419.0,42
200800032621,8,6,12,1335,1,2,1,1,7,42095,M,,,42
200800032622,8,6,13,725,1,2,1,1,3,42095,M,4523243.0,417350.0,42
200800032623,8,6,21,1955,1,2,1,1,3,42095,M,4523777.0,417478.0,42
200800032624,8,6,22,2100,1,1,3,1,3,42031,M,4524499.0,414741.0,42
200800032625,8,6,22,1730,1,2,1,1,3,42316,M,,,42
200800032626,8,6,23,1900,1,2,1,1,6,42095,M,,,42
200800032627,8,6,25,1625,1,2,1,1,6,42095,M,,,42
200800032628,8,6,29,1205,1,2,1,1,6,42123,M,,,42
200800032629,8,6,3,910,1,2,2,1,3,42071,M,,,42
200800032630,8,6,6,1725,1,2,1,2,6,42187,M,,,42
200800032631,8,6,7,2305,3,2,1,2,6,42187,M,,,42
200800032632,8,6,16,900,1,2,1,1,6,42187,M,,,42
200800032633,8,6,21,1535,1,2,1,1,3,42187,M,,,42
200800032634,8,6,21,1915,1,2,1,1,1,42187,M,,,42
200800032635,8,6,20,2110,1,2,1,1,6,42187,M,,,42
200800032636,8,6,28,1610,1,2,1,1,3,42184,M,,,42
200800032637,8,6,28,1008,1,2,1,1,3,42187,M,,,42
200800032638,8,6,10,1205,1,2,1,2,7,42207,M,,,42
200800032639,8,6,3,930,1,2,1,1,6,42330,M,,,42
200800032640,8,6,3,1643,1,1,6,8,2,42305,M,,,42
200800032641,8,6,4,1230,1,2,1,8,6,42218,M,,,42
200800032642,8,6,4,1442,1,2,2,8,3,42218,M,,,42
200800032643,8,6,8,1950,1,1,9,5,3,42218,M,4523289.0,427292.0,42
200800032644,8,6,10,1808,1,2,3,1,3,42218,M,,,42
200800032645,8,6,13,1110,1,2,1,1,3,42237,M,,,42
200800032646,8,6,18,1220,1,2,1,1,3,42218,M,4527110.0,423190.0,42
200800032647,8,6,18,1630,1,2,2,7,3,42218,M,,,42
200800032648,8,6,18,1920,1,2,2,1,6,42218,M,4526130.0,423160.0,42
200800032649,8,6,19,1709,1,2,1,7,2,42218,M,,,42
200800032650,8,6,20,1950,1,2,1,1,6,42218,M,,,42
200800032651,8,6,21,1030,1,2,1,1,3,42218,M,,,42
200800032652,8,6,23,1652,1,2,2,1,3,42218,M,,,42
200800032653,8,6,25,1018,1,2,3,7,3,42218,M,,,42
200800032654,8,6,27,1305,1,2,2,1,3,42218,M,,,42
200800032655,8,6,29,1150,1,2,2,1,3,42218,M,,,42
200800032656,8,6,29,1820,1,2,2,1,3,42218,M,,,42
200800032657,8,6,30,1540,1,2,1,1,2,42218,M,,,42
200800032658,8,6,30,2000,1,2,3,1,3,42218,M,,,42
200800032659,8,6,3,2220,5,2,3,1,3,43157,M,,,43
200800032660,8,6,10,1715,1,2,1,2,3,43157,M,,,43
200800032661,8,6,10,2125,5,2,1,2,6,43157,M,,,43
200800032662,8,6,26,1653,1,2,1,1,6,43002,M,,,43
200800032663,8,6,5,2300,5,2,1,1,6,44055,M,,,44
200800032664,8,6,9,2055,5,2,3,1,3,44132,M,,,44
200800032665,8,6,12,1405,1,1,1,1,7,44055,M,,,44
200800032666,8,6,13,415,5,2,1,1,6,44055,M,,,44
200800032667,8,6,15,1920,1,2,1,1,6,44055,M,,,44
200800032668,8,6,22,1015,1,2,1,1,6,44055,M,,,44
200800032669,8,6,23,1820,1,2,3,1,3,44055,M,,,44
200800032670,8,6,24,1915,1,1,1,1,7,44055,M,,,44
200800032671,8,6,30,1609,1,2,1,1,6,44055,M,,,44
200800032672,8,6,4,1650,1,2,1,1,6,44162,M,,,44
200800032673,8,6,4,2035,1,2,1,1,2,44109,M,,,44
200800032674,8,6,6,645,2,2,1,1,6,44109,M,,,44
200800032675,8,6,6,1430,1,2,1,1,3,44109,M,,,44
200800032676,8,6,8,223,5,2,3,1,3,44109,M,,,44
200800032677,8,6,9,1620,1,2,1,1,6,44143,M,,,44
200800032678,8,6,10,1610,1,2,1,1,6,44109,M,,,44
200800032679,8,6,10,1030,1,2,3,1,3,44162,M,,,44
200800032680,8,6,11,1130,1,2,2,1,2,44109,M,,,44
200800032681,8,6,12,1240,1,2,1,1,3,44109,M,,,44
200800032682,8,6,11,900,1,1,1,1,6,44109,M,,,44
200800032683,8,6,13,625,2,2,7,1,1,44109,M,,,44
200800032684,8,6,13,1855,1,2,1,1,6,44109,M,,,44
200800032685,8,6,14,1630,1,2,1,1,3,44109,M,,,44
200800032686,8,6,14,830,1,2,1,1,2,44109,M,,,44
200800032687,8,6,16,745,1,2,6,1,1,44109,M,,,44
200800032688,8,6,13,2130,1,2,1,1,6,44109,M,,,44
200800032689,8,6,5,1610,1,2,1,1,6,44109,M,,,44
200800032690,8,6,17,1340,1,2,1,1,6,44143,M,,,44
200800032691,8,6,16,1525,1,2,1,1,6,44162,M,,,44
200800032692,8,6,18,1145,1,2,3,1,3,44109,M,,,44
200800032693,8,6,16,745,1,2,1,1,7,44143,M,,,44
200800032694,8,6,19,1720,1,2,3,1,3,44109,M,,,44
200800032695,8,6,20,835,1,2,1,1,5,44109,M,,,44
200800032696,8,6,20,1440,1,2,1,1,3,44109,M,,,44
200800032697,8,6,20,1930,1,2,2,1,6,44109,M,,,44
200800032698,8,6,20,1755,1,2,1,1,3,44109,M,,,44
200800032699,8,6,19,950,1,1,1,2,2,44162,M,,,44
200800032700,8,6,19,745,1,2,1,2,7,44114,M,,,44
200800032701,8,6,19,930,1,1,1,1,7,44162,M,,,44
200800032702,8,6,23,1915,1,2,1,1,2,44109,M,,,44
200800032703,8,6,23,2028,1,2,6,1,3,44114,M,,,44
200800032704,8,6,23,1937,1,2,1,1,2,44114,M,,,44
200800032705,8,6,24,900,1,2,3,1,3,44109,M,,,44
200800032706,8,6,23,1830,1,2,6,1,6,44190,M,,,44
200800032707,8,6,26,1820,1,2,1,1,3,44109,M,,,44
200800032708,8,6,26,910,1,2,6,1,3,44109,M,,,44
200800032709,8,6,27,700,1,2,3,1,3,44109,M,,,44
200800032710,8,6,27,1330,1,2,1,1,6,44109,M,,,44
200800032711,8,6,28,1500,1,2,1,1,2,44109,M,,,44
200800032712,8,6,30,1020,1,2,1,1,6,44109,M,,,44
200800032713,8,6,27,1720,1,1,1,1,2,44162,M,,,44
200800032714,8,6,30,1516,1,2,2,1,3,44162,M,,,44
200800032715,8,6,4,1710,1,2,1,1,6,44184,M,,,44
200800032716,8,6,4,1818,1,2,1,1,6,44184,M,,,44
200800032717,8,6,10,810,1,2,1,1,3,44184,M,,,44
200800032718,8,6,10,710,1,2,1,1,2,44184,M,,,44
200800032719,8,6,11,1150,1,2,1,1,1,44184,M,,,44
200800032720,8,6,11,1615,1,2,1,1,7,44184,M,,,44
200800032721,8,6,15,940,1,2,6,2,7,44184,M,,,44
200800032722,8,6,16,1530,1,2,1,1,1,44184,M,,,44
200800032723,8,6,16,1800,1,2,6,1,3,44184,M,,,44
200800032724,8,6,16,2120,5,2,1,1,1,44184,M,,,44
200800032725,8,6,22,1815,1,2,1,1,6,44184,M,,,44
200800032726,8,6,25,930,1,2,1,1,6,44184,M,,,44
200800032727,8,6,25,1230,1,2,1,1,2,44184,M,,,44
200800032728,8,6,26,1250,1,2,1,1,3,44184,M,,,44
200800032729,8,6,3,825,1,2,1,2,6,45234,M,,,45
200800032730,8,6,3,828,1,2,2,2,3,45286,M,,,45
200800032731,8,6,5,1750,1,2,1,1,3,45147,M,,,45
200800032732,8,6,7,2305,5,2,2,1,3,45234,M,,,45
200800032733,8,6,8,2120,1,2,2,1,3,45234,M,,,45
200800032734,8,6,9,2045,1,2,3,1,3,45234,M,,,45
200800032735,8,6,9,955,1,2,6,1,3,45234,M,,,45
200800032736,8,6,10,740,1,2,1,1,3,45234,M,,,45
200800032737,8,6,10,840,1,1,1,1,2,45284,M,,,45
200800032738,8,6,16,1020,1,2,2,1,6,45147,M,,,45
200800032739,8,6,17,825,1,2,2,1,3,45234,M,,,45
200800032740,8,6,18,1340,1,2,3,1,3,45285,M,,,45
200800032741,8,6,18,1640,1,2,1,1,5,45284,M,,,45
200800032742,8,6,19,1810,1,2,1,1,3,45234,M,,,45
200800032743,8,6,19,1721,1,2,1,1,3,45234,M,,,45
200800032744,8,6,23,2100,1,2,1,1,3,45234,M,,,45
200800032745,8,6,3,1900,1,2,1,1,1,46042,M,,,46
200800032746,8,6,18,745,1,2,1,1,7,46042,M,,,46
200800032747,8,6,16,1618,1,2,1,1,6,47001,M,,,47
200800032748,8,6,20,1855,1,2,1,1,2,47001,M,,,47
200800032749,8,6,27,1016,1,2,1,1,3,47001,M,,,47
200800032750,8,6,7,1545,1,1,1,1,1,47323,M,,,47
200800032751,8,6,14,1150,1,2,1,1,1,47323,M,,,47
200800032752,8,6,5,1110,1,1,1,1,7,48095,M,4452423.0,352128.0,48
200800032753,8,6,16,1849,1,2,2,8,6,48095,M,4431535.0,349964.0,48
200800032754,8,6,29,1610,1,2,1,1,6,48095,M,4451537.0,349963.0,48
200800032755,8,6,2,1414,1,2,1,1,6,49007,M,,,49
200800032756,8,6,4,912,1,2,1,1,7,49007,M,,,49
200800032757,8,6,4,933,1,2,1,1,3,49007,M,,,49
200800032758,8,6,5,1923,1,2,1,1,2,49015,M,,,49
200800032759,8,6,6,2126,1,2,1,1,3,49007,M,,,49
200800032760,8,6,7,1344,1,2,1,1,3,49007,M,,,49
200800032761,8,6,8,1036,1,2,3,1,3,49007,M,,,49
200800032762,8,6,8,1545,1,2,1,1,3,49015,M,,,49
200800032763,8,6,7,1235,1,2,1,1,2,49007,M,,,49
200800032764,8,6,10,349,5,1,1,1,1,49007,M,,,49
200800032765,8,6,14,241,5,2,1,2,7,49007,M,,,49
200800032766,8,6,14,1304,1,2,1,1,3,49007,M,,,49
200800032767,8,6,16,1828,1,2,1,1,3,49246,M,,,49
200800032768,8,6,17,2130,1,2,2,1,3,49007,M,,,49
200800032769,8,6,18,921,1,2,1,1,7,49007,M,,,49
200800032770,8,6,18,1904,1,2,1,1,7,49267,M,,,49
200800032771,8,6,19,1325,1,2,1,1,1,49007,M,,,49
200800032772,8,6,19,937,1,2,1,1,3,49007,M,,,49
200800032773,8,6,19,1145,1,2,1,1,7,49007,M,,,49
200800032774,8,6,19,1852,1,2,1,1,3,49353,M,,,49
200800032775,8,6,20,1425,1,2,1,1,7,49267,M,,,49
200800032776,8,6,20,1712,1,2,1,1,7,49007,M,,,49
200800032777,8,6,21,2109,1,2,1,2,7,49007,M,,,49
200800032778,8,6,21,1146,1,2,1,1,7,49015,M,,,49
200800032779,8,6,21,2232,5,2,1,1,7,49007,M,,,49
200800032780,8,6,21,1606,1,2,1,1,7,49267,M,,,49
200800032781,8,6,20,2113,2,2,1,1,7,49267,M,,,49
200800032782,8,6,23,1737,1,2,1,1,5,49007,M,,,49
200800032783,8,6,23,2228,5,2,1,1,7,49007,M,,,49
200800032784,8,6,20,755,1,2,1,1,7,49353,M,,,49
200800032785,8,6,24,635,2,2,1,1,3,49007,M,,,49
200800032786,8,6,24,1729,1,2,1,1,3,49007,M,,,49
200800032787,8,6,25,1743,1,2,1,1,7,49353,M,,,49
200800032788,8,6,25,1954,1,1,1,1,7,49246,M,,,49
200800032789,8,6,25,1430,1,2,1,1,7,49007,M,,,49
200800032790,8,6,25,1220,1,2,1,1,3,49007,M,,,49
200800032791,8,6,26,1134,1,2,1,1,3,49015,M,,,49
200800032792,8,6,26,1149,1,2,1,1,3,49015,M,,,49
200800032793,8,6,26,1204,1,2,1,1,7,49007,M,,,49
200800032794,8,6,26,1341,1,2,1,1,7,49007,M,,,49
200800032795,8,6,27,1303,1,2,1,1,3,49353,M,,,49
200800032796,8,6,27,1353,1,2,1,1,7,49007,M,,,49
200800032797,8,6,28,1054,1,2,1,1,2,49015,M,,,49
200800032798,8,6,28,1521,1,2,1,1,7,49007,M,,,49
200800032799,8,6,30,1531,1,2,1,1,7,49246,M,,,49
200800032800,8,6,30,1756,1,2,1,1,3,49007,M,,,49
200800032801,8,6,30,1917,1,2,1,1,3,49007,M,,,49
200800032802,8,6,11,920,1,2,1,1,7,49007,M,,,49
200800032803,8,6,9,1618,1,2,1,1,3,49099,M,,,49
200800032804,8,6,17,2010,1,2,1,1,2,49099,M,,,49
200800032805,8,6,20,100,4,2,1,1,6,49099,M,,,49
200800032806,8,6,27,815,1,2,1,1,2,49099,M,,,49
200800032807,8,6,27,1555,1,2,1,1,6,49099,M,,,49
200800032808,8,6,28,1420,1,2,1,1,2,49099,M,,,49