Num_Acc,an,mois,jour,hrmn,lum,agg,int,atm,col,com,gps,lat,long,dep
200800032809,8,6,7,945,1,2,1,1,2,49328,M,,,49
200800032810,8,6,12,1925,1,2,3,1,2,49328,M,,,49
200800032811,8,6,16,1700,1,2,3,1,3,49328,M,,,49
200800032812,8,6,1,1529,1,2,1,1,7,50173,M,,,50
200800032813,8,6,4,1040,1,2,1,1,7,50129,M,,,50
200800032814,8,6,5,1755,1,2,2,1,3,50416,M,,,50
200800032815,8,6,5,2235,2,2,3,1,2,50602,M,,,50
200800032816,8,6,6,125,5,2,1,1,6,50203,M,,,50
200800032817,8,6,6,1500,1,2,1,1,4,50129,M,,,50
200800032818,8,6,7,205,5,2,1,1,6,50129,M,,,50
200800032819,8,6,10,1810,1,1,4,1,3,50602,M,,,50
200800032820,8,6,10,1825,1,2,1,1,6,50129,M,,,50
200800032821,8,6,11,735,1,2,3,1,3,50602,M,,,50
200800032822,8,6,12,955,1,2,1,7,6,50173,M,,,50
200800032823,8,6,12,1810,1,2,1,1,7,50203,M,,,50
200800032824,8,6,17,1110,1,2,1,1,6,50129,M,,,50
200800032825,8,6,18,1520,1,2,1,1,7,50129,M,,,50
200800032826,8,6,23,630,1,2,2,7,2,50129,M,,,50
200800032827,8,6,23,1630,1,2,1,1,7,50129,M,,,50
200800032828,8,6,25,1650,1,2,1,1,6,50129,M,,,50
200800032829,8,6,29,1815,1,2,1,1,3,50173,M,,,50
200800032830,8,6,2,750,1,2,9,2,3,50147,M,,,50
200800032831,8,6,9,1520,1,2,7,1,6,50532,M,,,50
200800032832,8,6,11,1540,1,2,1,1,6,50218,M,,,50
200800032833,8,6,18,1755,1,2,1,1,3,50218,M,,,50
200800032834,8,6,23,1410,1,1,1,1,1,50647,M,,,50
200800032835,8,6,9,1905,1,2,1,1,6,50502,M,,,50
200800032836,8,6,26,1850,1,1,1,1,3,50502,M,,,50
200800032837,8,6,20,1745,1,2,1,1,3,51108,M,,,51
200800032838,8,6,22,420,3,1,1,1,1,51483,M,,,51
200800032839,8,6,27,1210,1,2,1,1,6,51108,M,,,51
200800032840,8,6,18,2019,1,2,1,1,6,51230,M,,,51
200800032841,8,6,21,25,5,2,2,1,3,51663,M,,,51
200800032842,8,6,23,645,1,2,6,1,3,51230,M,,,51
200800032843,8,6,3,1805,1,2,1,8,6,51454,M,,,51
200800032844,8,6,3,1905,1,2,4,1,3,51454,M,,,51
200800032845,8,6,10,1310,1,2,1,1,6,51454,M,,,51
200800032846,8,6,13,1950,1,2,1,1,3,51474,M,,,51
200800032847,8,6,14,1610,1,2,1,1,3,51454,M,,,51
200800032848,8,6,26,1705,1,2,1,1,1,51454,M,,,51
200800032849,8,6,6,1710,1,2,3,2,3,52121,M,,,52
200800032850,8,6,8,2200,3,1,1,1,6,52121,M,,,52
200800032851,8,6,20,1048,1,2,1,1,4,52121,M,,,52
200800032852,8,6,21,1850,1,1,2,1,5,52121,M,,,52
200800032853,8,6,25,1400,1,1,2,1,3,52121,M,,,52
200800032854,8,6,6,1350,1,1,9,2,3,52121,M,,,52
200800032855,8,6,17,745,1,1,3,1,3,52121,M,,,52
200800032856,8,6,11,1650,1,1,1,1,3,52448,M,,,52
200800032857,8,6,15,2220,1,1,1,1,7,52448,M,,,52
200800032858,8,6,18,1845,1,2,2,1,6,52448,M,,,52
200800032859,8,6,21,2220,1,2,9,1,6,52448,M,,,52
200800032860,8,6,26,1505,1,2,1,1,2,52448,M,,,52
200800032861,8,6,12,1305,1,2,3,1,6,53130,M,,,53
200800032862,8,6,22,440,3,2,1,1,7,53130,M,,,53
200800032863,8,6,22,1900,1,2,1,1,3,53130,M,,,53
200800032864,8,6,2,1025,1,2,1,1,6,54263,M,,,54
200800032865,8,6,12,1400,1,1,1,1,6,54227,M,,,54
200800032866,8,6,27,1910,2,2,1,1,1,54321,M,,,54
200800032867,8,6,3,915,1,2,3,1,3,54329,M,,,54
200800032868,8,6,22,620,1,2,2,1,1,54116,M,,,54
200800032869,8,6,5,1654,1,2,2,2,3,54395,M,,,54
200800032870,8,6,5,1815,1,1,1,3,1,54328,M,,,54
200800032871,8,6,10,2100,5,2,1,2,1,54339,M,,,54
200800032872,8,6,8,2150,5,2,2,1,1,54395,M,,,54
200800032873,8,6,9,1320,1,2,3,1,3,54257,M,,,54
200800032874,8,6,11,1730,1,1,1,1,1,54482,M,,,54
200800032875,8,6,11,1830,1,2,1,1,6,54395,M,,,54
200800032876,8,6,12,30,5,2,2,1,3,54395,M,,,54
200800032877,8,6,13,1554,1,1,1,1,1,54184,M,,,54
200800032878,8,6,14,130,5,2,1,1,6,54184,M,,,54
200800032879,8,6,14,540,1,2,1,1,6,54395,M,,,54
200800032880,8,6,15,1103,1,2,1,3,4,54547,M,,,54
200800032881,8,6,15,1100,1,2,1,1,2,54395,M,,,54
200800032882,8,6,16,2015,1,1,9,1,6,54339,M,,,54
200800032883,8,6,18,1735,1,2,1,1,6,54395,M,,,54
200800032884,8,6,20,1545,1,2,3,1,3,54395,M,,,54
200800032885,8,6,21,1145,1,2,1,1,6,54274,M,,,54
200800032886,8,6,23,920,1,2,1,1,3,54526,M,,,54
200800032887,8,6,24,1915,1,1,1,1,2,54300,M,,,54
200800032888,8,6,24,1345,1,2,6,1,3,54184,M,,,54
200800032889,8,6,24,1812,1,2,3,1,2,54395,M,,,54
200800032890,8,6,26,1521,1,2,4,1,3,54395,M,,,54
200800032891,8,6,30,835,1,2,1,1,2,54395,M,,,54
200800032892,8,6,30,1755,1,2,1,1,2,54395,M,,,54
200800032893,8,6,19,1010,1,2,3,1,3,54431,M,,,54
200800032894,8,6,6,1655,1,1,1,1,6,54528,M,,,54
200800032895,8,6,16,1830,1,2,2,1,3,54528,M,,,54
200800032896,8,6,26,1935,1,2,3,1,6,54528,M,,,54
200800032897,8,6,27,1640,1,2,1,1,6,54174,M,,,54
200800032898,8,6,6,1115,1,1,1,2,5,54575,M,,,54
200800032899,8,6,30,1844,1,1,1,1,7,54149,M,,,54
200800032900,8,6,4,1420,1,1,1,1,6,55029,M,,,55
200800032901,8,6,8,540,2,2,1,1,7,55186,M,,,55
200800032902,8,6,19,1810,1,2,1,1,4,55029,M,,,55
200800032903,8,6,22,1350,1,2,1,1,3,55029,M,,,55
200800032904,8,6,26,1320,1,2,1,1,3,55029,M,,,55
200800032905,8,6,4,2135,2,2,1,1,7,55545,M,,,55
200800032906,8,6,21,1935,1,2,1,1,7,55545,M,,,55
200800032907,8,6,1,1553,1,2,1,1,3,56162,M,,,56
200800032908,8,6,2,1844,1,2,1,1,2,56121,M,,,56
200800032909,8,6,4,1443,1,2,1,1,6,56121,M,,,56
200800032910,8,6,4,2225,5,2,1,1,2,56083,M,,,56
200800032911,8,6,4,1840,1,2,1,1,4,56121,M,,,56
200800032912,8,6,5,915,1,2,2,2,6,56121,M,,,56
200800032913,8,6,8,2250,5,2,1,1,6,56098,M,,,56
200800032914,8,6,9,1050,1,2,3,1,3,56121,M,,,56
200800032915,8,6,10,1209,1,2,1,1,7,56083,M,,,56
200800032916,8,6,10,1430,1,2,2,1,2,56098,M,,,56
200800032917,8,6,10,2150,2,1,1,1,7,56098,M,,,56
200800032918,8,6,11,1758,1,2,2,1,6,56121,M,,,56
200800032919,8,6,11,1802,1,2,1,1,3,56098,M,,,56
200800032920,8,6,12,1620,1,2,1,1,6,56121,M,,,56
200800032921,8,6,14,1239,1,1,1,1,6,56162,M,,,56
200800032922,8,6,17,1000,1,2,1,1,7,56121,M,,,56
200800032923,8,6,18,1552,1,2,1,1,2,56083,M,,,56
200800032924,8,6,19,1044,1,2,1,1,7,56121,M,,,56
200800032925,8,6,21,612,2,2,1,1,6,56121,M,,,56
200800032926,8,6,21,1256,1,2,1,1,7,56083,M,,,56
200800032927,8,6,21,1803,1,2,6,1,3,56121,M,,,56
200800032928,8,6,21,1858,1,1,3,1,3,56162,M,,,56
200800032929,8,6,22,115,5,2,1,1,1,56162,M,,,56
200800032930,8,6,24,1050,1,2,1,1,7,56162,M,,,56
200800032931,8,6,25,1745,1,2,1,1,3,56121,M,,,56
200800032932,8,6,26,1035,1,2,1,1,7,56121,M,,,56
200800032933,8,6,27,945,1,1,1,1,7,56083,M,,,56
200800032934,8,6,27,2235,5,2,2,1,3,56121,M,,,56
200800032935,8,6,1,1115,1,2,1,8,1,56260,M,,,56
200800032936,8,6,3,2040,1,2,1,1,6,56260,M,,,56
200800032937,8,6,7,610,2,2,1,1,7,56260,M,,,56
200800032938,8,6,13,1800,1,2,1,1,1,56260,M,,,56
200800032939,8,6,9,1805,1,2,1,1,2,56260,M,,,56
200800032940,8,6,14,2345,3,2,3,1,3,56260,M,,,56
200800032941,8,6,25,1245,1,2,6,1,6,56260,M,,,56
200800032942,8,6,28,255,5,2,2,1,2,56260,M,,,56
200800032943,8,6,21,2130,5,2,2,1,6,56260,M,,,56
200800032944,8,6,23,836,1,2,1,1,4,56260,M,,,56
200800032945,8,6,5,1140,1,2,3,1,2,56260,M,,,56
200800032946,8,6,30,1335,1,2,1,1,7,56260,M,,,56
200800032947,8,6,30,1640,1,2,6,1,3,56260,M,,,56
200800032948,8,6,2,1325,1,1,1,1,7,57227,M,,,57
200800032949,8,6,3,1510,1,2,1,7,6,57227,M,,,57
200800032950,8,6,3,1920,1,2,1,1,3,57240,M,,,57
200800032951,8,6,10,1755,1,2,3,1,3,57019,M,,,57
200800032952,8,6,17,1345,1,2,1,1,6,57491,M,,,57
200800032953,8,6,28,1920,1,1,1,7,6,57019,M,,,57
200800032954,8,6,21,750,1,2,3,1,7,57019,M,,,57
200800032955,8,6,13,1635,1,1,1,1,7,57019,M,,,57
200800032956,8,6,24,1330,1,1,3,1,3,57019,M,,,57
200800032957,8,6,1,1350,1,1,1,1,6,57447,M,,,57
200800032958,8,6,3,1850,1,2,2,1,3,57642,M,,,57
200800032959,8,6,3,2120,2,2,3,1,1,57463,M,,,57
200800032960,8,6,6,515,5,2,1,1,7,57463,M,,,57
200800032961,8,6,12,1610,1,2,1,3,7,57463,M,,,57
200800032962,8,6,13,1650,1,2,1,1,2,57463,M,,,57
200800032963,8,6,14,1730,1,2,1,1,6,57751,M,,,57
200800032964,8,6,15,1155,1,1,2,2,1,57049,M,,,57
200800032965,8,6,16,1855,1,1,1,1,2,57751,M,,,57
200800032966,8,6,22,45,4,2,1,1,1,57463,M,,,57
200800032967,8,6,23,1655,1,2,1,1,2,57463,M,,,57
200800032968,8,6,25,1725,1,2,1,1,3,57463,M,,,57
200800032969,8,6,25,1820,1,2,1,1,1,57463,M,,,57
200800032970,8,6,26,1810,1,2,3,1,3,57480,M,,,57
200800032971,8,6,27,250,5,1,1,1,6,57463,M,,,57
200800032972,8,6,27,1440,1,2,1,1,7,57463,M,,,57
200800032973,8,6,28,1835,1,2,1,1,6,57463,M,,,57
200800032974,8,6,28,2140,1,2,1,1,7,57642,M,,,57
200800032975,8,6,30,1935,1,2,2,1,3,57480,M,,,57
200800032976,8,6,2,1650,1,2,1,1,6,57630,M,,,57
200800032977,8,6,12,1235,1,2,2,1,3,57566,M,,,57
200800032978,8,6,21,2320,3,1,1,1,3,57344,M,,,57
200800032979,8,6,19,2000,1,2,3,1,3,57631,M,,,57
200800032980,8,6,4,1645,1,2,6,1,2,57672,M,,,57
200800032981,8,6,5,1930,2,2,6,3,3,57757,M,,,57
200800032982,8,6,3,1205,1,2,1,1,2,57757,M,,,57
200800032983,8,6,9,1030,1,2,6,1,3,57672,M,,,57
200800032984,8,6,10,840,1,2,1,1,3,57666,M,,,57
200800032985,8,6,13,1733,1,2,1,1,6,57672,M,,,57
200800032986,8,6,14,910,1,2,3,1,3,57221,M,,,57
200800032987,8,6,14,1615,1,2,1,1,2,57306,M,,,57
200800032988,8,6,17,1655,1,2,3,1,3,57221,M,,,57
200800032989,8,6,17,1325,1,2,1,1,3,57672,M,,,57
200800032990,8,6,17,1033,1,1,1,1,1,57441,M,,,57
200800032991,8,6,19,1630,1,2,2,1,3,57306,M,,,57
200800032992,8,6,18,1005,1,2,1,1,6,57672,M,,,57
200800032993,8,6,20,2323,5,2,1,1,3,57221,M,,,57
200800032994,8,6,23,1840,1,2,1,1,3,57672,M,,,57
200800032995,8,6,21,1110,1,2,1,1,3,57757,M,,,57
200800032996,8,6,27,2000,1,2,1,1,6,57306,M,,,57
200800032997,8,6,27,745,1,2,1,1,7,58194,M,,,58
200800032998,8,6,2,2040,1,2,1,1,7,58194,M,,,58
200800032999,8,6,5,1540,1,2,1,2,6,58194,M,,,58
200800033000,8,6,11,1640,1,2,1,1,2,58194,M,,,58
200800033001,8,6,7,1305,1,2,1,2,3,58194,M,,,58
200800033002,8,6,22,1130,1,2,3,1,3,58194,M,,,58
200800033003,8,6,21,1520,1,2,1,1,7,58194,M,,,58
200800033004,8,6,24,320,5,2,1,1,6,58194,M,,,58
200800033005,8,6,20,1500,1,2,1,1,6,58194,M,,,58
200800033006,8,6,27,1630,1,2,2,1,3,58194,M,,,58
200800033007,8,6,24,1520,1,2,1,1,6,58194,M,,,58
200800033008,8,6,8,1420,1,2,3,1,1,59024,M,,,59
200800033009,8,6,1,5,5,2,3,2,3,59017,M,,,59
200800033010,8,6,15,550,1,2,7,1,3,59017,M,,,59
200800033011,8,6,23,740,1,1,9,1,2,59431,M,,,59
200800033012,8,6,28,2110,1,2,6,1,3,59017,M,,,59
200800033013,8,6,22,2050,1,2,1,1,6,59143,M,,,59
200800033014,8,6,24,1900,1,2,2,1,3,59143,M,,,59
200800033015,8,6,8,1830,1,1,1,1,5,59206,M,,,59
200800033016,8,6,12,725,1,2,1,2,2,59122,M,,,59
200800033017,8,6,13,945,1,2,1,1,6,59122,M,,,59
200800033018,8,6,20,205,5,2,1,1,6,59122,M,,,59
200800033019,8,6,6,1445,1,2,8,1,3,59172,M,,,59
200800033020,8,6,10,1830,1,2,1,1,6,59361,M,,,59
200800033021,8,6,21,1935,1,2,1,1,6,59589,M,,,59
200800033022,8,6,20,930,1,2,2,1,3,59170,M,,,59
200800033023,8,6,10,2035,1,1,9,7,3,59165,M,,,59
200800033024,8,6,3,2035,1,2,2,1,3,59183,M,,,59
200800033025,8,6,2,250,5,2,9,1,6,59540,M,,,59
200800033026,8,6,3,1700,1,2,9,1,3,59540,M,,,59
200800033027,8,6,15,240,5,2,9,1,6,59155,M,,,59
200800033028,8,6,17,740,1,2,1,1,2,59271,M,,,59
200800033029,8,6,17,1620,1,2,2,1,3,59155,M,,,59
200800033030,8,6,19,1910,1,2,2,1,3,59271,M,,,59
200800033031,8,6,22,100,5,2,9,1,1,59540,M,,,59
200800033032,8,6,24,1400,1,2,2,1,3,59540,M,,,59
200800033033,8,6,25,2150,2,2,9,1,3,59183,M,,,59
200800033034,8,6,25,1935,1,2,1,1,5,59183,M,,,59
200800033035,8,6,30,1305,1,2,1,1,6,59183,M,,,59
200800033036,8,6,30,1540,1,2,1,1,3,59271,M,,,59
200800033037,8,6,3,1755,1,2,1,1,3,59249,M,,,59
200800033038,8,6,22,215,5,2,1,1,6,59273,M,,,59
200800033039,8,6,1,630,2,2,3,1,6,59350,M,,,59
200800033040,8,6,2,1900,1,2,1,2,4,59328,M,,,59
200800033041,8,6,2,1901,1,2,2,2,3,59328,M,,,59
200800033042,8,6,2,1945,1,2,1,1,6,59368,M,,,59
200800033043,8,6,3,920,1,2,4,1,5,59350,M,,,59
200800033044,8,6,4,900,1,2,3,1,6,59350,M,,,59
200800033045,8,6,4,1120,1,2,3,1,3,59350,M,,,59
200800033046,8,6,5,1045,1,2,3,1,3,59009,M,,,59
200800033047,8,6,5,1230,1,2,2,1,6,59437,M,,,59
200800033048,8,6,5,1451,1,2,1,1,1,59350,M,,,59
200800033049,8,6,5,2015,1,2,1,1,6,59350,M,,,59
200800033050,8,6,6,740,1,2,2,2,3,59378,M,,,59
200800033051,8,6,6,1040,1,2,2,3,3,59350,M,,,59
200800033052,8,6,5,1900,1,2,1,2,6,59507,M,,,59
200800033053,8,6,7,1640,1,2,1,1,6,59009,M,,,59
200800033054,8,6,7,2050,2,2,3,1,6,59350,M,,,59
200800033055,8,6,8,1700,1,2,2,1,6,59009,M,,,59
200800033056,8,6,8,2015,1,2,1,1,6,59009,M,,,59
200800033057,8,6,9,1710,1,2,1,1,6,59009,M,,,59
200800033058,8,6,9,1740,1,2,2,1,6,59350,M,,,59
200800033059,8,6,9,1740,1,2,2,1,6,59009,M,,,59
200800033060,8,6,10,1305,1,1,9,1,6,59350,M,,,59
200800033061,8,6,10,1410,1,2,1,1,3,59009,M,,,59
200800033062,8,6,10,1735,1,2,2,1,6,59378,M,,,59
200800033063,8,6,11,800,1,2,1,1,3,59378,M,,,59
200800033064,8,6,11,915,1,2,1,1,3,59636,M,,,59
200800033065,8,6,11,1618,1,2,1,1,2,59350,M,,,59
200800033066,8,6,11,1830,1,2,3,1,6,59350,M,,,59
200800033067,8,6,11,1845,1,2,1,1,3,59009,M,,,59
200800033068,8,6,10,1240,1,2,2,1,3,59009,M,,,59
200800033069,8,6,12,1045,1,2,1,2,6,59350,M,,,59
200800033070,8,6,12,820,1,2,1,3,6,59636,M,,,59
200800033071,8,6,12,1150,1,2,2,1,3,59009,M,,,59
200800033072,8,6,12,1400,1,2,4,1,3,59286,M,,,59
200800033073,8,6,5,830,1,2,1,1,6,59350,M,,,59
200800033074,8,6,13,810,1,2,2,1,3,59368,M,,,59
200800033075,8,6,13,1600,1,2,3,1,3,59350,M,,,59
200800033076,8,6,13,2240,4,2,1,1,6,59350,M,,,59
200800033077,8,6,14,1935,1,2,1,1,1,59220,M,,,59
200800033078,8,6,15,415,5,2,1,1,7,59350,M,,,59
200800033079,8,6,16,1140,1,2,1,1,6,59609,M,,,59
200800033080,8,6,16,1720,1,2,1,1,6,59350,M,,,59
200800033081,8,6,16,845,1,2,1,1,2,59328,M,,,59
200800033082,8,6,17,730,1,2,1,1,7,59636,M,,,59
200800033083,8,6,14,600,1,2,1,1,1,59350,M,,,59
200800033084,8,6,17,1745,1,2,1,1,3,59350,M,,,59
200800033085,8,6,18,1400,1,2,1,1,3,59350,M,,,59
200800033086,8,6,18,2215,5,2,1,1,6,59350,M,,,59
200800033087,8,6,19,1640,1,2,4,1,6,59350,M,,,59
200800033088,8,6,21,2200,5,2,1,1,6,59350,M,,,59
200800033089,8,6,21,1840,1,2,4,1,3,59527,M,,,59
200800033090,8,6,20,1815,1,2,3,1,7,59360,M,,,59
200800033091,8,6,22,1140,1,2,2,1,3,59360,M,,,59
200800033092,8,6,21,1420,1,2,1,1,6,59009,M,,,59
200800033093,8,6,23,2140,1,2,1,1,6,59196,M,,,59
200800033094,8,6,23,1605,1,2,1,1,6,59009,M,,,59
200800033095,8,6,23,1345,1,2,1,1,4,59378,M,,,59
200800033096,8,6,24,1145,1,2,1,1,6,59360,M,,,59
200800033097,8,6,24,1510,1,2,2,1,3,59350,M,,,59
200800033098,8,6,25,2250,5,2,2,1,2,59507,M,,,59
200800033099,8,6,25,1930,1,2,1,1,6,59368,M,,,59
200800033100,8,6,26,850,1,2,1,1,6,59378,M,,,59
200800033101,8,6,26,1130,1,2,6,1,6,59527,M,,,59
200800033102,8,6,27,820,1,2,3,1,6,59368,M,,,59
200800033103,8,6,27,845,1,2,2,3,3,59360,M,,,59
200800033104,8,6,27,1700,1,2,1,1,6,59350,M,,,59
200800033105,8,6,27,1740,1,2,1,1,7,59378,M,,,59
200800033106,8,6,28,1655,1,2,1,1,6,59009,M,,,59
200800033107,8,6,28,1700,1,2,1,1,3,59350,M,,,59
200800033108,8,6,28,2035,1,2,3,1,3,59350,M,,,59
200800033109,8,6,29,1520,1,2,1,1,3,59350,M,,,59
200800033110,8,6,29,1730,1,1,1,1,6,59350,M,,,59
200800033111,8,6,30,1715,1,2,1,1,6,59560,M,,,59
200800033112,8,6,30,2100,5,2,3,1,3,59195,M,,,59
200800033113,8,6,19,2030,1,2,1,1,7,59247,M,,,59
200800033114,8,6,1,1816,1,2,1,1,7,59392,M,,,59
200800033115,8,6,5,2005,1,2,3,2,3,59291,M,,,59
200800033116,8,6,5,2230,5,1,3,2,3,59392,M,,,59
200800033117,8,6,17,1240,1,2,1,1,1,59392,M,,,59
200800033118,8,6,2,2025,1,2,2,1,3,59291,M,,,59
200800033119,8,6,10,1830,1,2,1,1,4,59291,M,,,59
200800033120,8,6,20,1640,1,2,1,1,7,59230,M,,,59
200800033121,8,6,5,900,1,2,2,1,3,59512,M,,,59
200800033122,8,6,5,1105,1,2,1,1,7,59163,M,,,59
200800033123,8,6,3,1715,1,1,1,2,6,59163,M,,,59
200800033124,8,6,4,1345,1,1,2,1,6,59512,M,,,59
200800033125,8,6,5,2005,1,1,2,8,3,59512,M,,,59
200800033126,8,6,8,1800,1,1,2,1,3,59512,M,,,59
200800033127,8,6,5,1010,1,2,3,1,3,59512,M,,,59
200800033128,8,6,9,2350,5,2,1,1,2,59512,M,,,59
200800033129,8,6,11,2045,1,1,2,1,3,59512,M,,,59
200800033130,8,6,18,1945,1,1,2,1,3,59512,M,,,59
200800033131,8,6,7,2005,1,1,2,8,3,59512,M,,,59
200800033132,8,6,12,1950,1,1,2,1,3,59299,M,,,59
200800033133,8,6,13,1200,1,2,2,1,5,59512,M,,,59
200800033134,8,6,12,825,1,1,1,3,6,59512,M,,,59
200800033135,8,6,13,1730,1,1,3,1,3,59650,M,,,59
200800033136,8,6,13,2000,1,1,3,1,1,59598,M,,,59
200800033137,8,6,13,1015,1,1,1,1,4,59512,M,,,59
200800033138,8,6,15,1410,1,1,3,3,2,59163,M,,,59
200800033139,8,6,16,1235,1,1,6,1,2,59646,M,,,59
200800033140,8,6,18,1630,1,2,1,1,2,59512,M,,,59
200800033141,8,6,16,1815,1,1,1,1,2,59339,M,,,59
200800033142,8,6,16,900,1,1,2,1,3,59512,M,,,59
200800033143,8,6,17,1850,1,1,2,1,3,59512,M,,,59
200800033144,8,6,15,1030,1,2,3,1,7,59512,M,,,59
200800033145,8,6,27,1600,1,1,2,1,3,59163,M,,,59
200800033146,8,6,21,1000,1,1,1,8,6,59650,M,,,59
200800033147,8,6,21,1815,1,1,3,1,1,59650,M,,,59
200800033148,8,6,21,2340,5,1,1,1,6,59512,M,,,59
200800033149,8,6,23,655,1,2,4,1,2,59512,M,,,59
200800033150,8,6,23,1745,1,1,1,1,1,59646,M,,,59
200800033151,8,6,23,1650,1,2,1,1,6,59512,M,,,59
200800033152,8,6,19,1300,1,1,2,1,3,59512,M,,,59
200800033153,8,6,20,955,1,1,2,1,6,59650,M,,,59
200800033154,8,6,18,1625,1,1,3,1,6,59646,M,,,59
200800033155,8,6,18,1500,1,1,1,1,6,59512,M,,,59
200800033156,8,6,29,2310,5,1,1,1,3,59650,M,,,59
200800033157,8,6,26,1100,1,1,1,1,2,59646,M,,,59
200800033158,8,6,27,1615,1,2,3,1,6,59512,M,,,59
200800033159,8,6,13,1755,1,2,6,1,3,59574,M,,,59
200800033160,8,6,22,1530,1,2,1,1,1,59456,M,,,59
200800033161,8,6,23,1640,1,2,7,1,6,59574,M,,,59
200800033162,8,6,27,1240,1,2,8,1,3,59314,M,,,59
200800033163,8,6,4,1610,1,2,2,1,6,59599,M,,,59
200800033164,8,6,4,1640,1,2,2,1,3,59152,M,,,59
200800033165,8,6,6,1650,1,2,1,2,2,59421,M,,,59
200800033166,8,6,11,1245,1,2,3,1,6,59421,M,,,59
200800033167,8,6,16,2210,2,1,1,1,6,59090,M,,,59
200800033168,8,6,19,1125,1,2,1,1,3,59599,M,,,59
200800033169,8,6,21,2320,5,2,1,1,1,59599,M,,,59
200800033170,8,6,26,1645,1,1,3,1,3,59426,M,,,59
200800033171,8,6,28,1855,1,2,2,1,3,59599,M,,,59
200800033172,8,6,29,2255,5,2,9,1,3,59599,M,,,59
200800033173,8,6,4,1420,1,2,3,1,6,59606,M,,,59
200800033174,8,6,11,1350,1,2,3,2,3,59491,M,,,59
200800033175,8,6,7,1930,1,2,3,1,6,59479,M,,,59
200800033176,8,6,25,1930,1,2,1,1,3,59606,M,,,59
200800033177,8,6,24,1650,1,2,1,1,6,59475,M,,,59
200800033178,8,6,20,1310,1,1,1,1,2,59447,M,,,59
200800033179,8,6,30,1650,1,1,2,1,2,59544,M,,,59
200800033180,8,6,27,820,1,2,1,1,3,59606,M,,,59
200800033181,8,6,19,1350,1,2,1,1,6,59032,M,,,59
200800033182,8,6,18,1420,1,2,1,1,6,59606,M,,,59
200800033183,8,6,13,1540,1,2,2,1,3,59606,M,,,59
200800033184,8,6,5,1810,1,2,1,1,6,60057,M,,,60
200800033185,8,6,3,1901,1,2,1,1,6,60057,M,,,60
200800033186,8,6,25,1720,1,2,1,1,1,60057,M,,,60
200800033187,8,6,27,230,3,1,1,1,6,60057,M,,,60
200800033188,8,6,19,1100,1,2,1,1,6,60057,M,,,60
200800033189,8,6,12,1310,1,2,3,2,3,60159,M,,,60
200800033190,8,6,17,945,1,1,2,1,3,60159,M,,,60
200800033191,8,6,19,925,1,2,1,1,3,60159,M,,,60
200800033192,8,6,23,520,2,2,1,1,2,60159,M,,,60
200800033193,8,6,27,950,1,2,3,1,3,60665,M,,,60
200800033194,8,6,11,1055,1,2,2,1,6,61001,M,,,61
200800033195,8,6,3,910,1,2,3,3,3,61006,M,,,61
200800033196,8,6,28,1145,1,2,1,1,6,61006,M,,,61
200800033197,8,6,1,1420,1,1,1,1,1,61218,M,,,61
200800033198,8,6,4,1300,1,2,1,1,3,61391,M,,,61
200800033199,8,6,12,750,1,1,1,3,5,62263,M,,,62
200800033200,8,6,10,1030,1,1,1,1,6,62041,M,,,62
200800033201,8,6,12,930,1,2,1,2,2,62753,M,,,62
200800033202,8,6,15,1120,1,2,9,1,7,62048,M,,,62
200800033203,8,6,27,2140,2,1,1,1,7,62188,M,,,62
200800033204,8,6,29,2250,5,2,9,1,6,62048,M,,,62
200800033205,8,6,30,1605,1,1,1,1,7,62516,M,,,62
200800033206,8,6,4,1650,1,2,1,1,6,62065,M,,,62
200800033207,8,6,9,1315,1,1,1,1,6,62570,M,,,62
200800033208,8,6,13,2036,1,2,1,1,6,62065,M,,,62
200800033209,8,6,22,1045,1,2,2,1,3,62065,M,,,62
200800033210,8,6,17,1730,1,2,1,1,6,62065,M,,,62
200800033211,8,6,29,1900,1,2,1,1,6,62570,M,,,62
200800033212,8,6,30,1621,1,2,1,1,6,62724,M,,,62
200800033213,8,6,17,1145,1,2,6,1,3,62108,M,,,62
200800033214,8,6,1,1835,1,2,1,1,6,62349,M,,,62
200800033215,8,6,10,1830,1,2,2,1,3,62160,M,,,62
200800033216,8,6,21,1700,1,2,1,1,6,62160,M,,,62
200800033217,8,6,28,2105,1,2,1,1,6,62758,M,,,62
200800033218,8,6,30,1827,1,2,1,1,6,62643,M,,,62
200800033219,8,6,2,1440,1,2,1,1,1,62270,M,,,62
200800033220,8,6,8,1945,1,2,5,1,1,62270,M,,,62
200800033221,8,6,22,2110,1,2,1,1,1,62178,M,,,62
200800033222,8,6,2,1720,1,2,1,1,3,62193,M,,,62
200800033223,8,6,3,1230,1,1,1,1,3,62193,M,,,62
200800033224,8,6,4,1200,1,2,9,1,2,62193,M,,,62
200800033225,8,6,6,1815,1,1,1,1,3,62239,M,,,62
200800033226,8,6,11,845,1,2,1,1,6,62193,M,,,62
200800033227,8,6,14,1905,1,2,1,1,6,62193,M,,,62
200800033228,8,6,23,855,1,2,1,1,6,62193,M,,,62
200800033229,8,6,23,730,1,2,1,1,6,62193,M,,,62
200800033230,8,6,23,2035,2,2,1,1,6,62193,M,,,62
200800033231,8,6,10,125,5,2,1,1,6,62215,M,,,62
200800033232,8,6,25,845,1,2,3,1,3,62413,M,,,62
200800033233,8,6,30,1725,1,2,1,1,3,62215,M,,,62
200800033234,8,6,26,1025,1,2,1,1,6,62907,M,,,62
200800033235,8,6,11,1750,1,1,1,1,3,62274,M,,,62
200800033236,8,6,14,940,1,2,9,1,3,62624,M,,,62
200800033237,8,6,18,1540,1,1,9,1,3,62249,M,,,62