Num_Acc,an,mois,jour,hrmn,lum,agg,int,atm,col,com,gps,lat,long,dep
200800033238,8,6,16,1215,1,2,1,1,6,62427,M,,,62
200800033239,8,6,1,1840,1,2,6,1,3,62218,M,,,62
200800033240,8,6,2,1220,1,2,1,1,6,62498,M,,,62
200800033241,8,6,2,730,1,2,2,1,2,62498,M,,,62
200800033242,8,6,3,1215,1,2,1,1,6,62895,M,,,62
200800033243,8,6,9,1125,1,2,1,1,6,62498,M,,,62
200800033244,8,6,2,1325,1,2,1,2,4,62498,M,,,62
200800033245,8,6,9,1810,1,2,1,1,6,62498,M,,,62
200800033246,8,6,12,1030,1,2,1,2,6,62498,M,,,62
200800033247,8,6,19,1320,1,2,1,2,6,62498,M,,,62
200800033248,8,6,1,2010,1,2,1,1,6,62032,M,,,62
200800033249,8,6,10,1215,1,2,2,1,3,62510,M,,,62
200800033250,8,6,24,1305,1,2,6,1,1,62032,M,,,62
200800033251,8,6,24,2020,1,2,1,1,3,62186,M,,,62
200800033252,8,6,27,925,1,1,1,1,6,62291,M,,,62
200800033253,8,6,4,1830,1,2,1,1,3,62479,M,,,62
200800033254,8,6,10,1745,1,1,1,1,3,62555,M,,,62
200800033255,8,6,28,1630,1,2,1,1,7,62023,M,,,62
200800033256,8,6,17,1630,1,2,1,1,2,62617,M,,,62
200800033257,8,6,24,1535,1,2,1,1,6,62737,M,,,62
200800033258,8,6,3,1725,1,2,1,1,6,62040,M,,,62
200800033259,8,6,22,535,1,2,6,1,6,62826,M,,,62
200800033260,8,6,1,1210,1,2,1,1,6,63075,M,,,63
200800033261,8,6,3,800,1,2,1,1,6,63113,M,,,63
200800033262,8,6,3,1000,1,2,2,1,3,63113,M,,,63
200800033263,8,6,3,2126,5,2,1,1,3,63113,M,,,63
200800033264,8,6,4,1810,1,2,2,1,6,63113,M,,,63
200800033265,8,6,4,2010,1,2,9,1,6,63014,M,,,63
200800033266,8,6,4,2110,5,2,2,1,6,63113,M,,,63
200800033267,8,6,5,730,1,2,1,8,3,63113,M,,,63
200800033268,8,6,5,1525,1,2,6,2,3,63113,M,,,63
200800033269,8,6,5,1700,1,2,1,1,2,63113,M,,,63
200800033270,8,6,6,1130,1,2,1,1,1,63113,M,,,63
200800033271,8,6,6,1145,1,2,1,1,6,63113,M,,,63
200800033272,8,6,6,1945,1,2,2,1,6,63113,M,,,63
200800033273,8,6,6,2150,5,2,1,1,3,63113,M,,,63
200800033274,8,6,8,1215,1,2,2,1,6,63113,M,,,63
200800033275,8,6,9,1850,1,2,3,1,2,63113,M,,,63
200800033276,8,6,8,2000,2,2,1,1,3,63308,M,,,63
200800033277,8,6,10,1315,1,2,1,1,6,63113,M,,,63
200800033278,8,6,12,1345,1,2,1,1,6,63113,M,,,63
200800033279,8,6,13,715,1,2,1,1,6,63113,M,,,63
200800033280,8,6,13,850,1,2,1,1,4,63113,M,,,63
200800033281,8,6,14,1800,1,2,3,1,6,63113,M,,,63
200800033282,8,6,14,1910,1,2,3,1,3,63113,M,,,63
200800033283,8,6,16,1330,1,2,1,1,6,63113,M,,,63
200800033284,8,6,16,1925,1,2,1,3,6,63113,M,,,63
200800033285,8,6,16,2140,5,2,1,8,3,63113,M,,,63
200800033286,8,6,16,2300,5,2,1,2,2,63113,M,,,63
200800033287,8,6,17,1810,1,2,3,2,3,63113,M,,,63
200800033288,8,6,24,840,1,2,9,1,2,63113,M,,,63
200800033289,8,6,19,1740,1,2,1,2,6,63113,M,,,63
200800033290,8,6,20,1750,1,2,1,1,6,63113,M,,,63
200800033291,8,6,22,40,5,2,1,1,6,63113,M,,,63
200800033292,8,6,23,1310,1,2,1,1,6,63113,M,,,63
200800033293,8,6,23,1330,1,2,1,1,6,63113,M,,,63
200800033294,8,6,24,1915,1,2,2,1,3,63075,M,,,63
200800033295,8,6,25,20,5,2,1,1,6,63014,M,,,63
200800033296,8,6,25,1220,1,2,1,1,6,63113,M,,,63
200800033297,8,6,25,1650,1,2,2,1,6,63014,M,,,63
200800033298,8,6,25,2030,1,2,1,1,2,63113,M,,,63
200800033299,8,6,26,1850,1,2,3,1,6,63070,M,,,63
200800033300,8,6,27,500,1,2,1,1,6,63113,M,,,63
200800033301,8,6,28,1130,1,2,1,1,6,63113,M,,,63
200800033302,8,6,28,1505,1,2,2,1,6,63113,M,,,63
200800033303,8,6,28,1850,1,2,2,1,5,63113,M,,,63
200800033304,8,6,29,25,4,2,1,1,6,63113,M,,,63
200800033305,8,6,30,900,1,2,1,1,4,63113,M,,,63
200800033306,8,6,30,1910,1,2,2,1,3,63113,M,,,63
200800033307,8,6,24,1210,1,2,1,1,6,63124,M,,,63
200800033308,8,6,24,2130,1,1,9,1,7,63193,M,,,63
200800033309,8,6,19,1315,1,1,3,1,7,63113,M,,,63
200800033310,8,6,24,935,1,2,2,1,6,63063,M,,,63
200800033311,8,6,10,1715,1,1,1,8,5,63212,M,,,63
200800033312,8,6,26,2055,2,2,1,1,3,63300,M,,,63
200800033313,8,6,4,1820,1,2,3,1,3,64102,M,,,64
200800033314,8,6,4,2045,1,2,3,1,3,64140,M,,,64
200800033315,8,6,10,819,1,2,1,8,7,64102,M,,,64
200800033316,8,6,11,835,1,2,1,1,1,64102,M,,,64
200800033317,8,6,11,715,1,2,1,1,6,64024,M,,,64
200800033318,8,6,12,1833,1,2,1,1,7,64102,M,,,64
200800033319,8,6,16,2325,5,2,1,1,6,64024,M,,,64
200800033320,8,6,20,858,1,2,6,1,3,64024,M,,,64
200800033321,8,6,20,1240,1,2,2,1,3,64102,M,,,64
200800033322,8,6,20,1510,1,2,1,1,6,64024,M,,,64
200800033323,8,6,21,1240,1,2,1,1,3,64024,M,,,64
200800033324,8,6,21,2120,2,2,1,1,6,64102,M,,,64
200800033325,8,6,23,1210,1,2,2,1,3,64024,M,,,64
200800033326,8,6,23,1915,1,2,3,1,3,64024,M,,,64
200800033327,8,6,25,1230,1,2,1,1,2,64024,M,,,64
200800033328,8,6,25,1859,1,2,4,1,2,64024,M,,,64
200800033329,8,6,26,1300,1,2,1,1,6,64024,M,,,64
200800033330,8,6,28,955,1,2,1,1,5,64102,M,,,64
200800033331,8,6,28,2130,1,2,1,1,3,64024,M,,,64
200800033332,8,6,28,2135,1,2,6,1,3,64102,M,,,64
200800033333,8,6,30,1719,1,2,1,1,3,64024,M,,,64
200800033334,8,6,2,10,5,2,2,2,6,64122,M,,,64
200800033335,8,6,4,800,1,2,6,1,3,64122,M,,,64
200800033336,8,6,14,2000,1,2,1,1,3,64122,M,,,64
200800033337,8,6,19,1705,1,2,1,1,2,64122,M,,,64
200800033338,8,6,8,1835,1,2,6,1,3,64445,M,,,64
200800033339,8,6,1,130,5,2,1,1,6,64284,M,,,64
200800033340,8,6,1,1115,1,2,1,1,6,64335,M,,,64
200800033341,8,6,3,800,1,2,3,3,2,64445,M,,,64
200800033342,8,6,5,1945,1,2,1,1,1,64445,M,,,64
200800033343,8,6,6,730,1,2,1,1,2,64445,M,,,64
200800033344,8,6,9,40,5,2,2,2,6,64445,M,,,64
200800033345,8,6,10,958,1,2,1,3,3,64445,M,,,64
200800033346,8,6,10,1815,1,2,1,3,2,64269,M,,,64
200800033347,8,6,11,1510,1,2,1,1,3,64335,M,,,64
200800033348,8,6,11,2045,2,2,2,3,6,64373,M,,,64
200800033349,8,6,11,1730,1,2,3,8,3,64348,M,,,64
200800033350,8,6,12,1315,1,2,1,2,2,64445,M,,,64
200800033351,8,6,14,1410,1,2,1,1,6,64348,M,,,64
200800033352,8,6,14,2035,1,2,1,1,7,64445,M,,,64
200800033353,8,6,16,1925,1,2,1,2,7,64445,M,,,64
200800033354,8,6,17,2005,1,2,1,1,3,64284,M,,,64
200800033355,8,6,19,1000,1,2,2,1,3,64445,M,,,64
200800033356,8,6,20,255,5,2,1,1,6,64445,M,,,64
200800033357,8,6,21,1830,1,2,2,1,3,64445,M,,,64
200800033358,8,6,23,820,1,2,6,1,3,64445,M,,,64
200800033359,8,6,23,1215,1,2,1,1,6,64132,M,,,64
200800033360,8,6,24,1510,1,2,1,1,2,64445,M,,,64
200800033361,8,6,23,2230,5,2,1,1,7,64348,M,,,64
200800033362,8,6,25,1530,1,2,1,1,2,64335,M,,,64
200800033363,8,6,26,230,5,2,2,1,2,64445,M,,,64
200800033364,8,6,21,330,5,2,6,1,2,64445,M,,,64
200800033365,8,6,27,1335,1,2,6,1,3,64445,M,,,64
200800033366,8,6,29,1005,1,2,1,1,3,64445,M,,,64
200800033367,8,6,30,915,1,2,3,1,2,64445,M,,,64
200800033368,8,6,30,1635,1,2,1,1,3,64132,M,,,64
200800033369,8,6,20,2025,2,2,3,1,3,64260,M,,,64
200800033370,8,6,28,1140,1,1,1,1,6,64545,M,,,64
200800033371,8,6,12,1625,1,2,1,1,2,64483,M,,,64
200800033372,8,6,14,210,5,2,1,1,6,64483,M,,,64
200800033373,8,6,19,1215,1,2,1,1,3,64545,M,,,64
200800033374,8,6,20,1640,1,2,1,1,4,64483,M,,,64
200800033375,8,6,22,335,5,2,1,1,7,64483,M,,,64
200800033376,8,6,23,1640,1,2,1,1,7,64483,M,,,64
200800033377,8,6,24,1645,1,2,1,1,6,64483,M,,,64
200800033378,8,6,27,940,1,2,1,1,4,64189,M,,,64
200800033379,8,6,28,1500,1,2,1,1,2,64189,M,,,64
200800033380,8,6,29,1220,1,2,1,1,5,64483,M,,,64
200800033381,8,6,3,1220,1,2,1,8,1,64483,M,,,64
200800033382,8,6,23,1345,1,1,1,1,6,64545,M,,,64
200800033383,8,6,27,930,1,2,1,1,6,64545,M,,,64
200800033384,8,6,25,1625,1,2,3,1,3,65286,M,,,65
200800033385,8,6,27,1800,1,2,3,1,6,65286,M,,,65
200800033386,8,6,4,810,1,2,1,8,2,65440,M,,,65
200800033387,8,6,5,1140,1,2,1,1,3,65047,M,,,65
200800033388,8,6,9,1715,1,2,1,1,2,65417,M,,,65
200800033389,8,6,11,900,1,2,1,2,6,65440,M,,,65
200800033390,8,6,18,425,5,1,6,1,6,65226,M,,,65
200800033391,8,6,19,745,1,2,3,1,3,65440,M,,,65
200800033392,8,6,24,1355,1,2,1,1,3,65047,M,,,65
200800033393,8,6,27,1930,1,1,2,1,6,65226,M,,,65
200800033394,8,6,30,1740,1,2,1,1,4,65440,M,,,65
200800033395,8,6,11,1720,1,1,1,3,2,66136,M,,,66
200800033396,8,6,12,2145,2,2,1,1,3,66136,M,,,66
200800033397,8,6,13,1730,1,2,2,1,3,66136,M,,,66
200800033398,8,6,19,1805,1,1,1,1,4,66136,M,,,66
200800033399,8,6,22,1735,1,2,1,1,6,66136,M,,,66
200800033400,8,6,25,810,1,2,1,1,1,66136,M,,,66
200800033401,8,6,25,1645,1,2,1,1,6,66136,M,,,66
200800033402,8,6,26,1445,1,2,2,1,3,66136,M,,,66
200800033403,8,6,25,1340,1,1,1,1,2,66136,M,,,66
200800033404,8,6,28,1310,1,2,2,1,3,66136,M,,,66
200800033405,8,6,24,2320,3,1,1,5,6,67180,M,,,67
200800033406,8,6,28,2010,1,2,2,1,3,67180,M,,,67
200800033407,8,6,29,245,3,1,1,1,7,67180,M,,,67
200800033408,8,6,2,1030,1,2,1,1,2,67267,M,,,67
200800033409,8,6,2,1705,1,2,1,1,6,67447,M,,,67
200800033410,8,6,3,1415,1,2,2,1,3,67482,M,,,67
200800033411,8,6,3,1850,1,2,1,1,4,67218,M,,,67
200800033412,8,6,3,1924,1,2,2,1,3,67482,M,,,67
200800033413,8,6,3,2020,1,2,3,1,1,67482,M,,,67
200800033414,8,6,4,1550,1,2,3,1,3,67482,M,,,67
200800033415,8,6,5,815,1,2,2,2,5,67482,M,,,67
200800033416,8,6,5,1455,1,2,1,2,6,67482,M,,,67
200800033417,8,6,6,1810,1,2,1,1,6,67204,M,,,67
200800033418,8,6,7,1135,1,2,1,1,4,67482,M,,,67
200800033419,8,6,7,1845,1,1,3,1,2,67482,M,,,67
200800033420,8,6,8,1455,1,2,1,1,3,67482,M,,,67
200800033421,8,6,8,2230,5,2,1,1,7,67482,M,,,67
200800033422,8,6,9,1530,1,2,1,1,6,67482,M,,,67
200800033423,8,6,9,2045,1,2,1,1,1,67482,M,,,67
200800033424,8,6,10,1424,1,2,1,1,3,67482,M,,,67
200800033425,8,6,10,1830,1,2,1,1,6,67043,M,,,67
200800033426,8,6,11,1240,1,2,2,1,6,67482,M,,,67
200800033427,8,6,11,1635,1,2,1,1,6,67447,M,,,67
200800033428,8,6,11,2045,1,2,2,1,3,67482,M,,,67
200800033429,8,6,12,1035,1,2,1,1,3,67482,M,,,67
200800033430,8,6,12,1835,1,2,1,8,6,67447,M,,,67
200800033431,8,6,12,2220,5,2,2,2,3,67365,M,,,67
200800033432,8,6,13,820,1,2,3,1,3,67482,M,,,67
200800033433,8,6,13,1540,1,2,3,1,3,67482,M,,,67
200800033434,8,6,13,1800,1,2,1,1,1,67482,M,,,67
200800033435,8,6,14,1930,1,2,3,1,6,67482,M,,,67
200800033436,8,6,17,930,1,2,1,1,4,67218,M,,,67
200800033437,8,6,18,1700,1,2,3,1,3,67218,M,,,67
200800033438,8,6,18,1744,1,2,2,1,3,67482,M,,,67
200800033439,8,6,18,1920,1,2,3,1,3,67482,M,,,67
200800033440,8,6,19,2015,1,2,1,1,2,67482,M,,,67
200800033441,8,6,20,735,1,2,1,1,6,67482,M,,,67
200800033442,8,6,20,1630,1,2,1,1,6,67482,M,,,67
200800033443,8,6,20,1840,1,2,2,1,3,67482,M,,,67
200800033444,8,6,20,2025,1,2,1,1,6,67482,M,,,67
200800033445,8,6,22,1749,1,2,1,1,6,67482,M,,,67
200800033446,8,6,23,1500,1,2,2,1,3,67482,M,,,67
200800033447,8,6,23,1550,1,2,1,1,6,67482,M,,,67
200800033448,8,6,24,1450,1,2,2,1,3,67482,M,,,67
200800033449,8,6,24,1800,1,2,1,8,1,67218,M,,,67
200800033450,8,6,25,915,1,2,2,1,1,67267,M,,,67
200800033451,8,6,26,1410,1,2,2,1,3,67218,M,,,67
200800033452,8,6,26,1715,1,2,1,1,6,67482,M,,,67
200800033453,8,6,27,745,1,2,2,1,6,67447,M,,,67
200800033454,8,6,27,1710,1,2,2,1,3,67482,M,,,67
200800033455,8,6,27,1730,1,2,1,1,2,67482,M,,,67
200800033456,8,6,27,1830,1,2,2,1,1,67482,M,,,67
200800033457,8,6,27,1835,1,2,1,1,1,67482,M,,,67
200800033458,8,6,28,1445,1,2,3,1,3,67482,M,,,67
200800033459,8,6,30,1028,1,2,3,1,3,67482,M,,,67
200800033460,8,6,30,1510,1,2,1,1,6,67482,M,,,67
200800033461,8,6,2,40,5,2,1,1,6,68066,M,,,68
200800033462,8,6,2,742,1,2,1,1,3,68066,M,,,68
200800033463,8,6,4,1027,1,2,3,1,3,68066,M,,,68
200800033464,8,6,17,1814,1,1,1,2,3,68066,M,,,68
200800033465,8,6,18,1955,1,2,3,1,6,68066,M,,,68
200800033466,8,6,18,1537,1,2,2,1,3,68066,M,,,68
200800033467,8,6,18,1245,1,2,6,1,3,68066,M,,,68
200800033468,8,6,20,1735,1,2,1,1,6,68066,M,,,68
200800033469,8,6,25,705,1,2,2,1,3,68066,M,,,68
200800033470,8,6,25,1215,1,2,2,1,3,68066,M,,,68
200800033471,8,6,29,555,1,2,2,1,6,68066,M,,,68
200800033472,8,6,17,1620,1,2,1,1,6,68112,M,,,68
200800033473,8,6,13,1745,1,2,1,1,6,68112,M,,,68
200800033474,8,6,27,1115,1,2,1,1,6,68112,M,,,68
200800033475,8,6,2,1750,1,2,3,1,2,68224,M,,,68
200800033476,8,6,6,1710,1,2,1,1,2,68224,M,,,68
200800033477,8,6,12,1124,1,2,1,1,3,68224,M,,,68
200800033478,8,6,20,2350,5,2,1,1,6,68224,M,,,68
200800033479,8,6,20,1640,1,2,1,1,6,68224,M,,,68
200800033480,8,6,19,2015,1,2,2,1,3,68224,M,,,68
200800033481,8,6,26,1805,1,2,9,1,3,68224,M,,,68
200800033482,8,6,13,1900,1,2,3,1,6,68056,M,,,68
200800033483,8,6,24,803,1,2,2,1,6,68224,M,,,68
200800033484,8,6,26,2055,1,2,1,1,7,68224,M,,,68
200800033485,8,6,7,1530,1,2,1,1,6,68056,M,,,68
200800033486,8,6,28,1240,1,2,1,1,6,68224,M,,,68
200800033487,8,6,23,1815,1,2,4,1,3,68224,M,,,68
200800033488,8,6,28,1135,1,2,1,1,6,68224,M,,,68
200800033489,8,6,28,1925,1,2,1,1,7,68224,M,,,68
200800033490,8,6,27,1935,1,2,1,1,3,68224,M,,,68
200800033491,8,6,18,1733,1,1,1,1,4,68224,M,,,68
200800033492,8,6,18,2010,1,1,9,1,4,68224,M,,,68
200800033493,8,6,26,45,5,2,2,1,3,68224,M,,,68
200800033494,8,6,22,1855,1,2,1,1,3,68166,M,,,68
200800033495,8,6,1,245,5,2,1,2,6,69034,M,,,69
200800033496,8,6,3,1725,1,2,3,1,6,69034,M,,,69
200800033497,8,6,6,1735,1,2,3,1,6,69034,M,,,69
200800033498,8,6,3,2230,5,2,1,1,3,69091,M,,,69
200800033499,8,6,14,1715,1,1,1,1,7,69091,M,,,69
200800033500,8,6,20,1936,1,2,3,1,3,69149,M,,,69
200800033501,8,6,20,1452,1,1,1,9,4,69382,M,,,69
200800033502,8,6,25,1050,1,2,1,1,2,69152,M,,,69
200800033503,8,6,26,1933,1,2,3,1,3,69152,M,,,69
200800033504,8,6,30,1211,1,2,1,1,3,69149,M,,,69
200800033505,8,6,7,945,1,2,1,1,6,69149,M,,,69
200800033506,8,6,23,1355,1,2,2,1,6,69256,M,,,69
200800033507,8,6,3,1010,1,2,3,1,3,69259,M,,,69
200800033508,8,6,5,1530,1,2,2,1,3,69199,M,,,69
200800033509,8,6,12,1217,1,2,3,1,7,69259,M,,,69
200800033510,8,6,2,1710,1,2,6,1,2,69259,M,,,69
200800033511,8,6,20,840,1,2,1,1,3,69259,M,,,69
200800033512,8,6,13,1400,1,2,1,7,3,69259,M,,,69
200800033513,8,6,18,930,1,2,2,1,3,69259,M,,,69
200800033514,8,6,21,1820,1,2,1,1,6,69259,M,,,69
200800033515,8,6,23,805,1,2,2,1,6,69259,M,,,69
200800033516,8,6,23,1630,1,2,1,1,3,69259,M,,,69
200800033517,8,6,21,1900,1,2,2,1,3,69256,M,,,69
200800033518,8,6,21,900,1,2,3,1,6,69199,M,,,69
200800033519,8,6,9,1925,1,2,2,1,1,69259,M,,,69
200800033520,8,6,27,1915,1,2,1,1,6,69264,M,,,69
200800033521,8,6,2,1535,1,2,2,1,6,69266,M,,,69
200800033522,8,6,3,2250,5,2,9,1,3,69386,M,,,69
200800033523,8,6,7,540,5,2,1,2,6,69266,M,,,69
200800033524,8,6,7,1830,1,2,3,1,3,69266,M,,,69
200800033525,8,6,9,805,1,2,1,1,2,69266,M,,,69
200800033526,8,6,16,1605,1,2,6,1,3,69266,M,,,69
200800033527,8,6,19,1645,1,2,3,1,6,69266,M,,,69
200800033528,8,6,20,2000,1,1,2,1,6,69266,M,,,69
200800033529,8,6,5,1725,1,2,2,2,6,69266,M,,,69
200800033530,8,6,5,1930,1,2,1,2,6,69266,M,,,69
200800033531,8,6,11,1555,1,2,1,1,3,69266,M,,,69
200800033532,8,6,27,1610,1,2,1,1,6,69266,M,,,69
200800033533,8,6,25,815,1,2,2,1,3,69266,M,,,69
200800033534,8,6,3,1145,1,2,2,8,3,69290,M,,,69
200800033535,8,6,20,715,1,2,1,1,6,69290,M,,,69
200800033536,8,6,3,1900,1,2,1,1,6,70550,M,,,70
200800033537,8,6,6,1720,1,1,1,3,3,70388,M,,,70
200800033538,8,6,20,1910,1,2,1,1,3,71076,M,,,71
200800033539,8,6,22,1050,1,2,2,1,3,71076,M,,,71
200800033540,8,6,27,1840,1,2,1,1,3,71475,M,,,71
200800033541,8,6,10,1600,1,2,1,2,3,71059,M,,,71
200800033542,8,6,12,1445,1,2,2,1,3,71153,M,,,71
200800033543,8,6,12,1505,1,2,2,1,6,71153,M,,,71
200800033544,8,6,12,1610,1,2,1,1,6,71153,M,,,71
200800033545,8,6,9,1920,1,2,1,1,6,71270,M,,,71
200800033546,8,6,10,815,1,2,1,1,3,71270,M,,,71
200800033547,8,6,9,1940,1,2,1,1,6,71270,M,,,71
200800033548,8,6,11,1210,1,2,1,1,6,71270,M,,,71
200800033549,8,6,12,2340,5,2,2,1,3,71270,M,,,71
200800033550,8,6,13,1225,1,2,2,1,3,71270,M,,,71
200800033551,8,6,19,1230,1,2,1,1,6,71497,M,,,71
200800033552,8,6,21,1215,1,1,1,1,6,71270,M,,,71
200800033553,8,6,30,2020,1,2,1,1,6,71270,M,,,71
200800033554,8,6,4,1140,1,2,2,1,3,71306,M,,,71
200800033555,8,6,9,1815,1,1,1,1,7,71486,M,,,71
200800033556,8,6,12,1635,1,2,2,1,3,71306,M,,,71
200800033557,8,6,13,2240,5,2,1,1,3,71486,M,,,71
200800033558,8,6,23,1330,1,2,1,1,1,71306,M,,,71
200800033559,8,6,25,1305,1,2,2,1,3,71306,M,,,71
200800033560,8,6,26,1600,1,1,1,1,1,71040,M,,,71
200800033561,8,6,30,2205,5,2,1,1,7,71040,M,,,71
200800033562,8,6,2,610,2,1,1,1,6,72181,M,,,72
200800033563,8,6,2,1305,1,2,1,1,6,72181,M,,,72
200800033564,8,6,2,1835,1,2,1,1,5,72181,M,,,72
200800033565,8,6,4,535,5,2,3,1,3,72181,M,,,72
200800033566,8,6,5,1539,1,2,1,1,2,72181,M,,,72
200800033567,8,6,6,800,1,2,1,1,2,72003,M,,,72
200800033568,8,6,6,930,1,2,1,1,6,72003,M,,,72
200800033569,8,6,6,2100,1,2,1,1,3,72181,M,,,72
200800033570,8,6,9,1640,1,2,1,1,7,72181,M,,,72
200800033571,8,6,11,840,1,2,1,1,2,72181,M,,,72
200800033572,8,6,13,1100,1,2,1,1,7,72181,M,,,72
200800033573,8,6,13,1230,1,2,1,1,6,72181,M,,,72
200800033574,8,6,13,2225,5,2,2,1,6,72181,M,,,72
200800033575,8,6,15,1930,1,2,1,1,6,72181,M,,,72
200800033576,8,6,15,1522,1,2,1,2,6,72181,M,,,72
200800033577,8,6,16,2330,5,2,1,1,6,72181,M,,,72
200800033578,8,6,19,1440,1,2,3,1,3,72181,M,,,72
200800033579,8,6,19,1845,1,2,1,1,3,72181,M,,,72
200800033580,8,6,21,107,5,2,1,1,3,72181,M,,,72
200800033581,8,6,25,1145,1,2,1,1,1,72181,M,,,72
200800033582,8,6,1,1200,1,2,1,1,6,73008,M,,,73
200800033583,8,6,21,1145,1,2,1,7,1,73011,M,,,73
200800033584,8,6,26,32,3,2,1,1,6,73011,M,,,73
200800033585,8,6,30,1,5,2,2,1,6,73011,M,,,73
200800033586,8,6,5,1653,1,2,9,1,1,73222,M,,,73
200800033587,8,6,16,1655,1,2,1,2,6,73065,M,,,73
200800033588,8,6,17,1640,1,2,6,1,6,73065,M,,,73
200800033589,8,6,30,1840,1,2,1,1,1,73065,M,,,73
200800033590,8,6,14,130,5,2,1,1,6,74010,M,,,74
200800033591,8,6,23,2340,3,2,3,1,3,74010,M,,,74
200800033592,8,6,22,1115,1,2,1,1,6,74010,M,,,74
200800033593,8,6,11,1618,1,2,1,1,4,74218,M,,,74
200800033594,8,6,14,1820,1,2,3,1,4,74281,M,,,74
200800033595,8,6,18,1620,1,2,1,1,6,74281,M,,,74
200800033596,8,6,21,1657,1,2,1,7,6,74281,M,,,74
200800033597,8,6,22,1730,1,2,5,9,6,74281,M,,,74
200800033598,8,6,22,1820,1,2,1,1,6,74172,M,,,74
200800033599,8,6,24,1150,1,2,1,1,6,74119,M,,,74
200800033600,8,6,26,830,1,2,1,1,6,74281,M,,,74
200800033601,8,6,29,1615,1,2,1,1,1,76384,M,,,76
200800033602,8,6,5,1628,1,2,1,1,7,76217,M,,,76
200800033603,8,6,7,100,5,2,1,1,7,76217,M,,,76
200800033604,8,6,12,1112,1,1,1,1,7,76026,M,,,76
200800033605,8,6,14,1805,1,1,1,1,2,76545,M,,,76
200800033606,8,6,15,240,3,1,1,1,7,76349,M,,,76
200800033607,8,6,23,1910,1,2,1,1,7,76217,M,,,76
200800033608,8,6,26,1555,1,2,1,1,3,76217,M,,,76
200800033609,8,6,30,1937,1,1,1,1,2,76545,M,,,76
200800033610,8,6,30,2143,1,2,1,7,6,76217,M,,,76
200800033611,8,6,3,1650,1,2,1,2,6,76231,M,,,76
200800033612,8,6,12,2220,2,1,1,1,7,76705,M,,,76
200800033613,8,6,28,2000,1,1,1,1,3,76391,M,,,76
200800033614,8,6,30,1805,1,2,1,1,4,76231,M,,,76
200800033615,8,6,1,30,5,2,1,1,1,76351,M,,,76
200800033616,8,6,1,100,4,2,1,1,6,76351,M,,,76
200800033617,8,6,2,1605,1,2,3,1,1,76351,M,,,76
200800033618,8,6,4,1115,1,2,3,1,3,76351,M,,,76
200800033619,8,6,4,1935,1,2,3,1,3,76351,M,,,76
200800033620,8,6,5,745,1,2,2,1,6,76351,M,,,76
200800033621,8,6,7,2310,5,2,1,1,6,76447,M,,,76
200800033622,8,6,9,1530,1,2,1,1,1,76351,M,,,76
200800033623,8,6,11,305,5,2,1,1,7,76351,M,,,76
200800033624,8,6,11,1645,1,1,1,1,5,76351,M,,,76
200800033625,8,6,12,1745,1,2,2,1,3,76351,M,,,76
200800033626,8,6,13,1140,1,2,1,1,6,76351,M,,,76
200800033627,8,6,14,1145,1,2,4,1,3,76351,M,,,76
200800033628,8,6,15,530,1,2,3,1,3,76351,M,,,76
200800033629,8,6,15,1850,1,2,1,1,7,76351,M,,,76
200800033630,8,6,16,1155,1,2,2,1,3,76351,M,,,76
200800033631,8,6,21,2250,2,2,1,1,6,76341,M,,,76
200800033632,8,6,23,1355,1,2,2,1,3,76351,M,,,76
200800033633,8,6,26,1310,1,2,1,1,6,76552,M,,,76
200800033634,8,6,3,1320,1,2,1,1,1,77108,M,,,77
200800033635,8,6,14,945,1,2,1,1,2,77108,M,,,77
200800033636,8,6,22,105,5,2,1,1,6,77108,M,,,77
200800033637,8,6,23,700,1,2,1,1,3,77108,M,,,77
200800033638,8,6,25,1710,1,2,1,1,6,77363,M,,,77
200800033639,8,6,26,1930,1,2,1,1,2,77108,M,,,77
200800033640,8,6,20,2105,1,2,1,1,5,77131,M,,,77
200800033641,8,6,21,1800,1,1,1,1,6,77131,M,,,77
200800033642,8,6,23,1600,1,1,3,1,3,77371,M,,,77
200800033643,8,6,21,1550,1,2,1,1,1,77152,M,,,77
200800033644,8,6,10,835,1,1,2,1,3,77186,M,,,77
200800033645,8,6,17,2155,3,1,1,1,7,77186,M,,,77
200800033646,8,6,20,1655,1,2,1,1,6,77014,M,,,77
200800033647,8,6,21,1040,1,1,1,1,3,77186,M,,,77
200800033648,8,6,24,715,1,1,1,1,2,77186,M,,,77
200800033649,8,6,24,820,1,1,1,1,6,77186,M,,,77
200800033650,8,6,30,1750,1,2,1,7,6,77014,M,,,77
200800033651,8,6,27,1835,1,2,1,1,6,77058,M,,,77
200800033652,8,6,2,815,1,2,1,2,5,77284,M,,,77
200800033653,8,6,4,1220,1,1,1,1,7,77358,M,,,77
200800033654,8,6,1,305,3,2,1,1,4,77384,M,,,77
200800033655,8,6,1,2143,3,1,1,1,7,77096,M,,,77
200800033656,8,6,2,130,5,2,1,2,6,77487,M,,,77
200800033657,8,6,9,1705,1,2,1,1,6,77288,M,,,77
200800033658,8,6,10,1305,1,2,1,1,6,77288,M,,,77
200800033659,8,6,10,1645,1,1,1,1,2,77495,M,,,77
200800033660,8,6,20,2005,1,2,1,1,6,77288,M,,,77
200800033661,8,6,30,1740,1,1,1,1,6,77495,M,,,77
200800033662,8,6,19,1725,1,1,1,3,6,77294,M,,,77
200800033663,8,6,7,120,3,1,1,1,7,77123,M,,,77
200800033664,8,6,9,830,1,2,4,1,6,77294,M,,,77
200800033665,8,6,17,1610,1,2,1,1,6,77294,M,,,77
200800033666,8,6,11,825,1,1,6,1,7,77123,M,,,77