Num_Acc,an,mois,jour,hrmn,lum,agg,int,atm,col,com,gps,lat,long,dep
200800033667,8,6,25,1635,1,1,1,1,5,77294,M,,,77
200800033668,8,6,18,1740,1,2,1,1,5,77305,M,,,77
200800033669,8,6,25,2255,5,1,1,1,7,77458,M,,,77
200800033670,8,6,11,1835,1,2,6,1,3,77083,M,,,77
200800033671,8,6,10,840,1,2,1,1,7,77083,M,,,77
200800033672,8,6,3,1302,1,2,6,1,6,77468,M,,,77
200800033673,8,6,13,1740,1,2,1,1,6,77337,M,,,77
200800033674,8,6,20,1715,1,2,1,1,6,77083,M,,,77
200800033675,8,6,21,720,1,2,1,1,6,77337,M,,,77
200800033676,8,6,27,1300,1,2,1,1,6,77121,M,,,77
200800033677,8,6,27,1930,1,2,1,1,7,77337,M,,,77
200800033678,8,6,27,2056,2,2,2,1,2,77468,M,,,77
200800033679,8,6,3,1600,1,2,1,1,2,77373,M,,,77
200800033680,8,6,10,1830,1,1,1,1,3,77373,M,,,77
200800033681,8,6,19,1915,1,1,1,3,1,77404,M,,,77
200800033682,8,6,7,1815,1,2,6,2,2,77514,M,,,77
200800033683,8,6,18,1415,1,1,3,1,3,77118,M,,,77
200800033684,8,6,24,710,1,1,1,1,6,77118,M,,,77
200800033685,8,6,4,1755,1,2,1,1,6,78092,M,,,78
200800033686,8,6,6,1515,1,2,1,1,2,78126,M,,,78
200800033687,8,6,13,1440,1,2,1,1,6,78126,M,,,78
200800033688,8,6,19,1730,1,2,1,1,3,78015,M,,,78
200800033689,8,6,3,825,1,2,3,8,7,78423,M,,,78
200800033690,8,6,10,915,1,2,1,1,2,78423,M,,,78
200800033691,8,6,10,1600,1,2,1,1,7,78297,M,,,78
200800033692,8,6,14,1120,1,2,2,1,3,78297,M,,,78
200800033693,8,6,3,2255,5,2,1,2,2,78423,M,,,78
200800033694,8,6,30,1845,1,2,1,1,6,78297,M,,,78
200800033695,8,6,23,2020,1,2,3,2,2,78297,M,,,78
200800033696,8,6,7,1955,1,2,3,8,3,78311,M,,,78
200800033697,8,6,28,1320,1,2,5,1,3,78358,M,,,78
200800033698,8,6,3,1725,1,2,1,2,6,78335,M,,,78
200800033699,8,6,4,1855,1,2,1,1,1,78335,M,,,78
200800033700,8,6,6,755,1,2,1,1,1,78362,M,,,78
200800033701,8,6,11,1420,1,2,1,1,3,78362,M,,,78
200800033702,8,6,17,1745,1,2,1,1,3,78217,M,,,78
200800033703,8,6,17,2020,1,2,1,1,6,78217,M,,,78
200800033704,8,6,25,1630,1,2,3,1,3,78362,M,,,78
200800033705,8,6,27,1330,1,2,1,1,7,78335,M,,,78
200800033706,8,6,27,1345,1,2,1,1,2,78335,M,,,78
200800033707,8,6,27,2045,2,2,2,1,3,78362,M,,,78
200800033708,8,6,29,2200,5,2,2,1,3,78362,M,,,78
200800033709,8,6,30,1655,1,2,1,1,6,78361,M,,,78
200800033710,8,6,4,1310,1,2,1,1,6,78372,M,,,78
200800033711,8,6,2,1820,1,2,1,1,6,78299,M,,,78
200800033712,8,6,8,1145,1,1,1,1,6,78401,M,,,78
200800033713,8,6,11,1730,1,1,1,1,2,78238,M,,,78
200800033714,8,6,12,825,1,2,2,1,3,78029,M,,,78
200800033715,8,6,13,1755,1,1,1,1,4,78403,M,,,78
200800033716,8,6,16,1755,1,2,1,1,6,78440,M,,,78
200800033717,8,6,15,1750,1,2,3,1,6,78440,M,,,78
200800033718,8,6,17,835,1,2,3,1,1,78401,M,,,78
200800033719,8,6,21,1750,1,2,1,1,4,78440,M,,,78
200800033720,8,6,22,1640,1,1,1,1,1,78638,M,,,78
200800033721,8,6,24,1730,1,2,2,1,3,78029,M,,,78
200800033722,8,6,25,1400,1,2,2,1,3,78638,M,,,78
200800033723,8,6,27,700,1,2,1,1,1,78440,M,,,78
200800033724,8,6,25,1450,1,2,1,1,2,78299,M,,,78
200800033725,8,6,11,1910,1,2,2,1,3,78490,M,,,78
200800033726,8,6,14,1020,1,2,1,1,7,78165,M,,,78
200800033727,8,6,21,1755,1,2,6,1,7,78490,M,,,78
200800033728,8,6,23,1145,1,2,1,1,7,78490,M,,,78
200800033729,8,6,27,845,1,2,1,1,4,78490,M,,,78
200800033730,8,6,25,735,1,2,1,1,2,78490,M,,,78
200800033731,8,6,3,1735,1,2,1,1,6,78123,M,,,78
200800033732,8,6,11,2300,5,2,3,1,3,78642,M,,,78
200800033733,8,6,3,920,1,2,1,1,2,78123,M,,,78
200800033734,8,6,16,1845,1,2,2,1,3,78498,M,,,78
200800033735,8,6,20,2005,1,2,1,1,2,78123,M,,,78
200800033736,8,6,24,945,1,2,3,1,6,78498,M,,,78
200800033737,8,6,25,1720,1,2,9,1,3,78123,M,,,78
200800033738,8,6,26,700,1,1,1,1,6,78624,M,,,78
200800033739,8,6,28,1535,1,2,1,1,6,78498,M,,,78
200800033740,8,6,27,1635,1,2,3,1,3,78498,M,,,78
200800033741,8,6,29,1420,1,1,1,1,2,78498,M,,,78
200800033742,8,6,1,2355,5,2,2,1,3,78498,M,,,78
200800033743,8,6,12,2000,1,1,1,1,7,78269,M,,,78
200800033744,8,6,14,830,1,1,1,1,2,78517,M,,,78
200800033745,8,6,20,135,3,1,1,1,7,78486,M,,,78
200800033746,8,6,23,1030,1,1,1,1,4,78517,M,,,78
200800033747,8,6,26,1340,1,2,3,1,3,78517,M,,,78
200800033748,8,6,27,750,1,2,1,1,3,78517,M,,,78
200800033749,8,6,3,1450,1,1,1,1,2,78551,M,,,78
200800033750,8,6,8,910,1,2,1,1,6,78551,M,,,78
200800033751,8,6,17,1800,1,1,1,1,1,78551,M,,,78
200800033752,8,6,20,1550,1,2,1,1,6,78551,M,,,78
200800033753,8,6,28,130,3,1,1,1,6,78551,M,,,78
200800033754,8,6,5,845,1,2,2,1,6,78586,M,,,78
200800033755,8,6,8,2105,1,2,1,1,6,78586,M,,,78
200800033756,8,6,13,630,2,2,3,1,3,78586,M,,,78
200800033757,8,6,13,1730,1,2,3,1,2,78586,M,,,78
200800033758,8,6,23,900,1,2,3,1,3,78586,M,,,78
200800033759,8,6,20,835,1,2,3,1,6,78586,M,,,78
200800033760,8,6,24,1710,1,2,3,1,6,78586,M,,,78
200800033761,8,6,1,705,1,1,1,1,3,78621,M,,,78
200800033762,8,6,10,1100,1,2,3,1,3,78621,M,,,78
200800033763,8,6,21,1725,1,2,1,1,2,78621,M,,,78
200800033764,8,6,21,1210,1,2,1,1,7,78621,M,,,78
200800033765,8,6,30,1145,1,1,3,1,3,78621,M,,,78
200800033766,8,6,11,810,1,2,1,1,6,78686,M,,,78
200800033767,8,6,20,2035,1,2,1,1,6,78686,M,,,78
200800033768,8,6,25,1150,1,1,1,1,6,78322,M,,,78
200800033769,8,6,1,1450,1,2,3,1,3,78646,M,,,78
200800033770,8,6,3,1855,1,2,1,1,3,78646,M,,,78
200800033771,8,6,3,1835,1,2,1,2,3,78646,M,,,78
200800033772,8,6,4,2020,1,2,1,1,3,78646,M,,,78
200800033773,8,6,6,2200,5,1,3,1,5,78524,M,,,78
200800033774,8,6,16,720,1,2,1,1,6,78646,M,,,78
200800033775,8,6,17,1340,1,2,2,1,1,78646,M,,,78
200800033776,8,6,17,845,1,2,2,1,3,78646,M,,,78
200800033777,8,6,27,720,1,2,1,1,3,78646,M,,,78
200800033778,8,6,21,1015,1,2,3,1,6,78646,M,,,78
200800033779,8,6,24,1825,1,2,1,1,6,78646,M,,,78
200800033780,8,6,12,1350,1,1,3,2,2,78418,M,,,78
200800033781,8,6,7,1510,1,2,1,1,6,79191,M,,,79
200800033782,8,6,30,450,3,1,1,1,7,79081,M,,,79
200800033783,8,6,6,1658,1,2,1,8,3,79329,M,,,79
200800033784,8,6,5,1430,1,2,1,1,6,80001,M,,,80
200800033785,8,6,14,1910,1,2,9,1,2,80001,M,,,80
200800033786,8,6,28,2250,1,2,1,1,7,80164,M,,,80
200800033787,8,6,4,1405,1,2,1,1,7,80021,M,,,80
200800033788,8,6,5,2100,1,2,1,1,2,80261,M,,,80
200800033789,8,6,6,1300,1,2,1,2,3,80021,M,,,80
200800033790,8,6,10,120,5,2,1,1,2,80021,M,,,80
200800033791,8,6,6,2325,5,2,1,1,3,80021,M,,,80
200800033792,8,6,7,1840,1,2,3,1,3,80021,M,,,80
200800033793,8,6,6,855,1,2,1,1,2,80725,M,,,80
200800033794,8,6,9,1408,1,2,1,1,6,80021,M,,,80
200800033795,8,6,10,1750,1,2,1,1,2,80021,M,,,80
200800033796,8,6,11,2005,1,2,1,1,3,80021,M,,,80
200800033797,8,6,12,950,1,2,1,3,7,80160,M,,,80
200800033798,8,6,12,830,1,2,1,2,5,80021,M,,,80
200800033799,8,6,12,1000,1,2,4,3,3,80021,M,,,80
200800033800,8,6,12,1605,1,2,1,2,3,80021,M,,,80
200800033801,8,6,12,1825,1,2,1,1,7,80021,M,,,80
200800033802,8,6,9,1200,1,2,1,1,2,80021,M,,,80
200800033803,8,6,16,1255,1,2,1,1,3,80021,M,,,80
200800033804,8,6,15,1305,1,2,2,1,3,80021,M,,,80
200800033805,8,6,15,1220,1,2,1,1,7,80021,M,,,80
200800033806,8,6,14,1215,1,2,1,2,2,80021,M,,,80
200800033807,8,6,13,1225,1,2,3,1,3,80021,M,,,80
200800033808,8,6,13,1830,1,2,1,1,3,80021,M,,,80
200800033809,8,6,17,1915,1,2,1,1,3,80021,M,,,80
200800033810,8,6,19,1515,1,2,1,1,2,80021,M,,,80
200800033811,8,6,18,1520,1,2,1,1,7,80021,M,,,80
200800033812,8,6,17,1400,1,2,1,1,3,80021,M,,,80
200800033813,8,6,17,1448,1,2,2,1,3,80021,M,,,80
200800033814,8,6,25,1840,1,2,1,1,2,80021,M,,,80
200800033815,8,6,26,1520,1,2,1,1,2,80021,M,,,80
200800033816,8,6,24,2105,1,2,1,1,7,80021,M,,,80
200800033817,8,6,24,1720,1,2,1,1,2,80021,M,,,80
200800033818,8,6,28,1535,1,2,1,1,6,80379,M,,,80
200800033819,8,6,28,1935,1,2,1,1,7,80021,M,,,80
200800033820,8,6,27,2200,2,2,1,1,2,80021,M,,,80
200800033821,8,6,30,1925,1,2,1,1,3,80021,M,,,80
200800033822,8,6,15,415,5,2,1,1,3,81004,M,,,81
200800033823,8,6,14,945,1,2,1,1,6,81004,M,,,81
200800033824,8,6,23,1230,1,2,1,1,3,81004,M,,,81
200800033825,8,6,7,510,5,2,1,1,6,81065,M,,,81
200800033826,8,6,7,1430,1,2,1,1,3,81065,M,,,81
200800033827,8,6,27,1140,1,2,2,1,5,81021,M,,,81
200800033828,8,6,16,700,1,2,1,2,6,82033,M,,,82
200800033829,8,6,3,1210,1,2,1,1,3,82121,M,,,82
200800033830,8,6,4,2115,5,2,1,1,6,82121,M,,,82
200800033831,8,6,12,1635,1,1,2,1,3,82121,M,,,82
200800033832,8,6,13,1758,1,1,3,1,2,82121,M,,,82
200800033833,8,6,19,1645,1,2,1,1,6,82121,M,,,82
200800033834,8,6,22,1950,1,2,3,1,3,82121,M,,,82
200800033835,8,6,30,1741,1,2,1,1,1,82121,M,,,82
200800033836,8,6,9,1320,1,1,6,1,2,83050,M,,,83
200800033837,8,6,23,1040,1,2,3,7,3,83050,M,,,83
200800033838,8,6,22,2156,4,2,1,1,6,83118,M,,,83
200800033839,8,6,23,1830,1,1,1,1,6,83061,M,,,83
200800033840,8,6,26,1600,1,1,1,1,3,83118,M,,,83
200800033841,8,6,24,1015,1,1,1,1,1,83069,M,,,83
200800033842,8,6,7,1940,1,2,6,1,3,83129,M,,,83
200800033843,8,6,10,1730,1,1,2,1,3,83129,M,,,83
200800033844,8,6,12,1730,1,2,1,1,7,83129,M,,,83
200800033845,8,6,16,2030,1,2,6,1,3,83129,M,,,83
200800033846,8,6,21,1820,1,2,1,1,6,83129,M,,,83
200800033847,8,6,26,1210,1,2,1,1,4,83129,M,,,83
200800033848,8,6,27,1145,1,2,3,1,3,83009,M,,,83
200800033849,8,6,1,1815,1,2,3,1,3,83126,M,,,83
200800033850,8,6,12,1720,1,2,1,1,2,83126,M,,,83
200800033851,8,6,10,1440,1,2,1,1,3,83126,M,,,83
200800033852,8,6,25,1935,1,2,1,1,6,83153,M,,,83
200800033853,8,6,25,1936,1,2,1,1,6,83153,M,,,83
200800033854,8,6,29,2305,5,2,1,1,6,83126,M,,,83
200800033855,8,6,2,1730,1,2,3,1,3,83062,M,,,83
200800033856,8,6,11,1220,1,1,1,1,5,83090,M,,,83
200800033857,8,6,11,1340,1,2,1,1,6,83137,M,,,83
200800033858,8,6,10,1340,1,2,1,1,6,83137,M,,,83
200800033859,8,6,2,1100,1,2,9,1,2,83062,M,,,83
200800033860,8,6,5,1615,1,2,1,8,6,83144,M,,,83
200800033861,8,6,12,1740,1,2,2,1,6,83137,M,,,83
200800033862,8,6,11,1230,1,2,2,1,3,83144,M,,,83
200800033863,8,6,12,835,1,2,1,1,6,83137,M,,,83
200800033864,8,6,14,1700,1,2,1,1,6,83090,M,,,83
200800033865,8,6,15,1225,1,2,1,1,6,83137,M,,,83
200800033866,8,6,11,1955,1,2,1,1,1,83098,M,,,83
200800033867,8,6,18,740,1,2,1,1,6,83137,M,,,83
200800033868,8,6,18,2350,5,1,1,1,1,83137,M,,,83
200800033869,8,6,6,1415,1,2,3,2,3,83137,M,,,83
200800033870,8,6,14,740,1,2,1,1,2,83137,M,,,83
200800033871,8,6,14,1540,1,2,1,1,2,83137,M,,,83
200800033872,8,6,20,850,1,2,1,1,4,83137,M,,,83
200800033873,8,6,18,1930,1,2,1,1,3,83137,M,,,83
200800033874,8,6,20,835,1,2,3,1,3,83098,M,,,83
200800033875,8,6,19,2045,1,2,1,1,6,83137,M,,,83
200800033876,8,6,10,1200,1,2,1,1,3,83137,M,,,83
200800033877,8,6,27,715,1,2,1,1,1,83137,M,,,83
200800033878,8,6,27,1635,1,2,1,1,6,83137,M,,,83
200800033879,8,6,25,900,1,2,1,1,2,83137,M,,,83
200800033880,8,6,20,1320,1,2,1,1,3,83137,M,,,83
200800033881,8,6,21,1105,1,2,3,1,3,83137,M,,,83
200800033882,8,6,28,1225,1,2,1,1,3,83137,M,,,83
200800033883,8,6,1,745,1,2,1,2,3,84007,M,,,84
200800033884,8,6,1,2220,5,2,1,8,2,84007,M,,,84
200800033885,8,6,2,1140,1,2,1,1,6,84007,M,,,84
200800033886,8,6,3,810,1,2,1,1,2,84007,M,,,84
200800033887,8,6,4,2010,1,2,1,1,7,84007,M,,,84
200800033888,8,6,5,1650,1,2,2,1,3,84007,M,,,84
200800033889,8,6,2,2135,5,2,1,1,6,84007,M,,,84
200800033890,8,6,6,2050,1,2,1,1,6,84007,M,,,84
200800033891,8,6,6,2120,5,2,2,1,3,84007,M,,,84
200800033892,8,6,7,1550,1,2,1,1,6,84007,M,,,84
200800033893,8,6,7,945,1,2,1,1,6,84007,M,,,84
200800033894,8,6,7,1610,1,2,1,1,4,84007,M,,,84
200800033895,8,6,9,910,1,2,1,1,2,84007,M,,,84
200800033896,8,6,10,920,1,2,1,2,3,84007,M,,,84
200800033897,8,6,11,1410,1,2,1,1,6,84007,M,,,84
200800033898,8,6,11,1530,1,2,2,1,3,84007,M,,,84
200800033899,8,6,11,1620,1,2,1,1,4,84007,M,,,84
200800033900,8,6,13,1420,1,2,1,1,3,84007,M,,,84
200800033901,8,6,14,1510,1,2,3,1,3,84007,M,,,84
200800033902,8,6,4,1910,1,2,1,1,6,84007,M,,,84
200800033903,8,6,14,2055,1,2,1,1,3,84007,M,,,84
200800033904,8,6,13,1500,1,2,1,1,6,84007,M,,,84
200800033905,8,6,20,1210,1,2,1,1,3,84007,M,,,84
200800033906,8,6,21,2345,5,2,6,1,3,84007,M,,,84
200800033907,8,6,27,710,1,1,1,1,3,84007,M,,,84
200800033908,8,6,30,2045,1,1,1,1,6,84007,M,,,84
200800033909,8,6,11,1345,1,2,9,1,6,84035,M,,,84
200800033910,8,6,20,2010,1,1,3,1,3,84035,M,,,84
200800033911,8,6,25,1910,1,1,2,1,3,84035,M,,,84
200800033912,8,6,3,1925,1,1,1,1,1,84087,M,,,84
200800033913,8,6,6,1700,1,2,1,1,3,84087,M,,,84
200800033914,8,6,7,2205,5,2,1,1,1,84087,M,,,84
200800033915,8,6,9,935,1,1,3,1,3,84087,M,,,84
200800033916,8,6,15,15,5,2,1,1,1,84087,M,,,84
200800033917,8,6,4,1605,1,2,2,1,3,84089,M,,,84
200800033918,8,6,13,450,3,1,1,1,1,84089,M,,,84
200800033919,8,6,2,1040,1,2,9,1,3,85191,M,,,85
200800033920,8,6,5,1230,1,1,1,1,1,85191,M,,,85
200800033921,8,6,20,2014,1,2,1,1,6,85191,M,,,85
200800033922,8,6,20,955,1,2,2,1,3,85191,M,,,85
200800033923,8,6,19,1930,1,2,1,1,3,85191,M,,,85
200800033924,8,6,8,1800,1,2,2,1,3,85194,M,,,85
200800033925,8,6,11,2005,1,2,2,1,3,85194,M,,,85
200800033926,8,6,27,900,1,2,6,1,2,85194,M,,,85
200800033927,8,6,18,735,1,1,6,1,7,86066,M,,,86
200800033928,8,6,29,1355,1,1,6,1,7,86066,M,,,86
200800033929,8,6,2,910,1,1,1,1,2,86194,M,,,86
200800033930,8,6,2,2050,1,2,1,1,3,86194,M,,,86
200800033931,8,6,12,1805,1,2,3,1,3,86194,M,,,86
200800033932,8,6,13,2105,1,2,1,1,2,86194,M,,,86
200800033933,8,6,16,825,1,2,1,2,6,86194,M,,,86
200800033934,8,6,18,1810,1,2,1,1,6,86194,M,,,86
200800033935,8,6,19,1515,1,2,1,1,1,86194,M,,,86
200800033936,8,6,26,1645,1,2,1,1,6,86194,M,,,86
200800033937,8,6,27,1850,1,2,2,1,3,86133,M,,,86
200800033938,8,6,28,125,5,2,1,1,6,86194,M,,,86
200800033939,8,6,1,1700,1,2,1,1,2,87114,M,,,87
200800033940,8,6,1,1803,1,2,1,1,6,87085,M,,,87
200800033941,8,6,1,1829,1,2,3,1,3,87085,M,,,87
200800033942,8,6,2,1851,1,2,1,2,2,87085,M,,,87
200800033943,8,6,3,852,1,2,1,2,7,87085,M,,,87
200800033944,8,6,4,1511,1,2,2,1,3,87085,M,,,87
200800033945,8,6,4,2055,1,2,1,1,3,87085,M,,,87
200800033946,8,6,5,1855,1,2,1,1,6,87085,M,,,87
200800033947,8,6,6,1350,1,2,3,1,3,87085,M,,,87
200800033948,8,6,6,1907,1,2,2,1,3,87085,M,,,87
200800033949,8,6,6,1731,1,2,3,1,3,87085,M,,,87
200800033950,8,6,7,824,1,2,1,1,6,87075,M,,,87
200800033951,8,6,7,1334,1,2,1,1,3,87085,M,,,87
200800033952,8,6,7,1827,1,2,2,1,6,87085,M,,,87
200800033953,8,6,9,1415,1,2,3,1,3,87085,M,,,87
200800033954,8,6,9,1733,1,2,1,1,2,87065,M,,,87
200800033955,8,6,9,1910,1,2,1,2,6,87085,M,,,87
200800033956,8,6,11,826,1,2,3,1,6,87085,M,,,87
200800033957,8,6,11,1123,1,1,1,1,2,87114,M,,,87
200800033958,8,6,11,1546,1,2,1,1,7,87085,M,,,87
200800033959,8,6,13,1015,1,2,1,1,7,87085,M,,,87
200800033960,8,6,13,1425,1,2,1,1,4,87085,M,,,87
200800033961,8,6,13,1800,1,2,1,1,6,87085,M,,,87
200800033962,8,6,13,1837,1,2,6,1,7,87085,M,,,87
200800033963,8,6,13,1910,1,2,1,1,6,87065,M,,,87
200800033964,8,6,15,907,1,2,1,1,3,87085,M,,,87
200800033965,8,6,15,1326,1,2,2,1,3,87085,M,,,87
200800033966,8,6,15,1900,1,2,1,2,6,87075,M,,,87
200800033967,8,6,16,853,1,2,1,1,3,87065,M,,,87
200800033968,8,6,17,658,1,2,1,1,6,87085,M,,,87
200800033969,8,6,17,1502,1,2,1,1,7,87085,M,,,87
200800033970,8,6,17,1835,1,2,1,1,6,87085,M,,,87
200800033971,8,6,18,1254,1,2,2,1,3,87085,M,,,87
200800033972,8,6,19,955,1,1,9,1,2,87085,M,,,87
200800033973,8,6,19,1750,1,2,3,1,3,87085,M,,,87
200800033974,8,6,19,1843,1,2,1,1,2,87050,M,,,87
200800033975,8,6,21,1029,1,1,1,1,6,87113,M,,,87
200800033976,8,6,22,2236,2,2,1,1,1,87085,M,,,87
200800033977,8,6,23,1308,1,2,1,1,6,87085,M,,,87
200800033978,8,6,24,1520,1,2,1,1,2,87085,M,,,87
200800033979,8,6,26,844,1,2,2,1,3,87085,M,,,87
200800033980,8,6,26,1021,1,2,2,1,3,87085,M,,,87
200800033981,8,6,26,1220,1,2,1,1,6,87085,M,,,87
200800033982,8,6,26,1134,1,2,1,1,2,87114,M,,,87
200800033983,8,6,27,39,5,1,1,1,1,87085,M,,,87
200800033984,8,6,27,1619,1,2,1,1,2,87085,M,,,87
200800033985,8,6,27,1739,1,2,1,1,2,87085,M,,,87
200800033986,8,6,28,1327,1,2,6,1,3,87085,M,,,87
200800033987,8,6,28,1523,1,2,1,1,6,87113,M,,,87
200800033988,8,6,30,755,1,2,1,1,6,87085,M,,,87
200800033989,8,6,4,900,1,2,1,1,2,88209,M,,,88
200800033990,8,6,4,1450,1,2,1,1,2,88160,M,,,88
200800033991,8,6,12,1720,1,2,3,1,1,88209,M,,,88
200800033992,8,6,13,1755,1,2,2,1,3,88209,M,,,88
200800033993,8,6,20,1530,1,2,3,1,2,88160,M,,,88
200800033994,8,6,9,2050,1,2,1,1,1,88209,M,,,88
200800033995,8,6,23,1811,1,2,1,1,6,88209,M,4819292.0,643980.0,88
200800033996,8,6,2,1255,1,1,1,1,5,88428,M,4832578.0,689893.0,88
200800033997,8,6,5,1730,1,2,1,1,3,89024,M,,,89
200800033998,8,6,9,1740,1,2,2,1,3,89024,M,,,89
200800033999,8,6,9,1320,1,2,3,1,2,89024,M,,,89
200800034000,8,6,13,1115,1,2,1,1,6,89024,M,,,89
200800034001,8,6,11,1905,1,2,1,1,2,89024,M,,,89
200800034002,8,6,2,2040,1,2,1,1,3,89387,M,,,89
200800034003,8,6,3,1350,1,2,4,1,3,89387,M,,,89
200800034004,8,6,18,840,1,2,3,1,6,89387,M,,,89
200800034005,8,6,27,1225,1,2,1,1,3,89387,M,,,89
200800034006,8,6,1,1805,1,2,1,1,2,90010,M,,,90
200800034007,8,6,1,1530,1,2,1,1,7,90010,M,,,90
200800034008,8,6,2,2040,1,2,1,1,7,90099,M,,,90
200800034009,8,6,4,1500,1,2,1,1,6,90075,M,,,90
200800034010,8,6,6,1540,1,2,1,2,7,90010,M,,,90
200800034011,8,6,8,1828,1,1,1,1,6,90032,M,,,90
200800034012,8,6,10,1244,1,2,1,1,6,90010,M,,,90
200800034013,8,6,10,1420,1,2,1,1,6,90010,M,,,90
200800034014,8,6,14,1611,1,1,6,1,3,90001,M,,,90
200800034015,8,6,15,1020,1,2,3,1,3,90008,M,,,90
200800034016,8,6,17,1755,1,1,1,1,2,90099,M,,,90
200800034017,8,6,19,1508,1,2,2,1,3,90010,M,,,90
200800034018,8,6,21,2050,2,2,2,1,1,90010,M,,,90
200800034019,8,6,25,1650,1,2,1,1,6,90075,M,,,90
200800034020,8,6,27,2010,1,2,3,1,3,90099,M,,,90
200800034021,8,6,27,2153,2,2,1,1,6,90010,M,,,90
200800034022,8,6,28,825,1,2,1,1,6,90010,M,,,90
200800034023,8,6,29,630,1,2,2,1,3,90008,M,,,90
200800034024,8,6,4,640,1,2,1,1,6,91027,M,,,91
200800034025,8,6,11,1530,1,2,2,1,6,91479,M,,,91
200800034026,8,6,28,2130,1,2,2,1,6,91479,M,,,91
200800034027,8,6,30,2115,1,2,1,1,6,91027,M,,,91
200800034028,8,6,6,1500,1,2,1,1,6,91097,M,,,91
200800034029,8,6,16,1920,1,2,1,1,2,91114,M,,,91
200800034030,8,6,25,840,1,2,1,1,3,91514,M,,,91
200800034031,8,6,26,1025,1,2,1,1,7,91114,M,,,91
200800034032,8,6,27,815,1,2,1,1,3,91114,M,,,91
200800034033,8,6,30,745,1,2,1,1,6,91114,M,,,91
200800034034,8,6,11,1920,1,2,1,1,3,91174,M,,,91
200800034035,8,6,23,815,1,2,1,1,3,91174,M,,,91
200800034036,8,6,24,2011,1,2,1,1,3,91174,M,,,91
200800034037,8,6,26,1250,1,2,1,1,6,91174,M,,,91
200800034038,8,6,5,1630,1,2,1,1,1,91201,M,,,91
200800034039,8,6,9,1650,1,2,1,1,2,91657,M,,,91
200800034040,8,6,11,1605,2,2,1,1,6,91201,M,,,91
200800034041,8,6,17,945,1,2,2,1,3,91657,M,,,91
200800034042,8,6,18,1400,1,2,1,1,2,91201,M,,,91
200800034043,8,6,18,1740,1,2,1,1,4,91201,M,,,91
200800034044,8,6,22,1800,1,2,1,1,3,91201,M,,,91
200800034045,8,6,30,1600,1,2,1,1,6,91201,M,,,91
200800034046,8,6,1,830,1,1,1,1,2,91433,M,,,91
200800034047,8,6,3,1255,1,2,1,1,3,91223,M,,,91
200800034048,8,6,4,1310,1,2,1,1,2,91433,M,,,91
200800034049,8,6,3,1415,1,2,2,1,3,91223,M,,,91
200800034050,8,6,3,1630,1,2,1,1,7,91223,M,,,91
200800034051,8,6,6,750,1,2,2,1,3,91223,M,,,91
200800034052,8,6,18,1715,1,2,1,1,2,91223,M,,,91
200800034053,8,6,23,2100,1,2,1,1,7,91433,M,,,91
200800034054,8,6,26,1345,1,2,1,1,7,91433,M,,,91
200800034055,8,6,29,1415,1,2,2,1,3,91223,M,,,91
200800034056,8,6,5,1600,1,2,3,1,3,91521,M,,,91
200800034057,8,6,7,1330,1,2,6,1,3,91228,M,,,91
200800034058,8,6,8,1850,1,2,2,1,5,91182,M,,,91
200800034059,8,6,9,805,1,2,3,1,3,91228,M,,,91
200800034060,8,6,10,1205,1,2,1,1,6,91228,M,,,91
200800034061,8,6,10,1700,1,2,1,1,6,91228,M,,,91
200800034062,8,6,11,1405,1,2,1,1,5,91228,M,,,91
200800034063,8,6,11,800,1,2,1,1,2,91521,M,,,91
200800034064,8,6,16,1525,1,2,3,1,3,91228,M,,,91
200800034065,8,6,27,835,1,2,2,1,3,91228,M,,,91
200800034066,8,6,5,1150,1,2,2,1,6,91687,M,,,91
200800034067,8,6,22,2015,1,2,1,1,1,91286,M,,,91
200800034068,8,6,9,1315,1,2,1,1,3,91191,M,,,91
200800034069,8,6,26,910,1,1,1,1,5,91421,M,,,91
200800034070,8,6,28,2000,1,2,1,1,7,91421,M,,,91
200800034071,8,6,4,1850,1,2,1,1,3,91691,M,,,91
200800034072,8,6,2,845,1,2,3,1,6,91471,M,,,91
200800034073,8,6,5,1715,1,2,4,1,3,91471,M,,,91
200800034074,8,6,5,2010,5,2,1,1,1,91477,M,,,91
200800034075,8,6,7,1200,1,2,1,1,1,91645,M,,,91
200800034076,8,6,8,300,5,1,6,2,6,91692,M,,,91
200800034077,8,6,8,915,1,2,2,1,3,91477,M,,,91
200800034078,8,6,13,1020,1,2,2,1,3,91471,M,,,91
200800034079,8,6,16,1730,1,2,4,1,3,91471,M,,,91
200800034080,8,6,17,1848,1,2,1,1,6,91471,M,,,91
200800034081,8,6,20,1555,1,2,1,1,6,91471,M,,,91
200800034082,8,6,25,1425,1,1,1,1,3,91064,M,,,91
200800034083,8,6,26,720,2,1,4,1,3,91692,M,,,91
200800034084,8,6,28,1500,1,1,1,1,6,91477,M,,,91
200800034085,8,6,9,1330,1,2,3,1,3,91549,M,,,91
200800034086,8,6,13,1505,1,2,3,1,3,91549,M,,,91
200800034087,8,6,29,1215,1,2,3,1,3,91216,M,,,91
200800034088,8,6,7,1425,1,2,2,1,3,91589,M,,,91
200800034089,8,6,25,1410,1,2,3,1,6,91589,M,,,91
200800034090,8,6,2,830,1,2,1,1,6,92002,M,,,92
200800034091,8,6,14,1450,1,2,2,1,2,92002,M,,,92
200800034092,8,6,17,1124,1,2,2,1,6,92002,M,,,92
200800034093,8,6,30,1710,1,2,1,1,6,92002,M,,,92
200800034094,8,6,2,1220,1,1,3,1,3,92004,M,,,92