Num_Acc,an,mois,jour,hrmn,lum,agg,int,atm,col,com,gps,lat,long,dep
200800034095,8,6,7,1940,2,2,1,1,6,92004,M,,,92
200800034096,8,6,15,1550,1,2,2,1,3,92004,M,,,92
200800034097,8,6,18,1850,1,2,3,1,6,92004,M,,,92
200800034098,8,6,20,700,1,2,1,1,3,92004,M,,,92
200800034099,8,6,21,1115,1,2,1,1,5,92004,M,,,92
200800034100,8,6,24,1700,1,2,1,1,6,92004,M,,,92
200800034101,8,6,25,2035,5,2,3,1,3,92009,M,,,92
200800034102,8,6,6,1615,1,2,3,1,3,92007,M,,,92
200800034103,8,6,19,1400,1,2,4,1,3,92007,M,,,92
200800034104,8,6,27,1505,1,2,3,1,3,92007,M,,,92
200800034105,8,6,1,1245,1,2,1,1,5,92012,M,,,92
200800034106,8,6,1,2020,1,2,1,1,6,92012,M,,,92
200800034107,8,6,3,1525,1,2,7,2,3,92012,M,,,92
200800034108,8,6,5,1830,1,2,1,1,3,92012,M,,,92
200800034109,8,6,9,1835,1,2,1,1,2,92012,M,,,92
200800034110,8,6,11,1615,1,2,1,1,6,92012,M,,,92
200800034111,8,6,11,1800,1,2,2,1,6,92012,M,,,92
200800034112,8,6,13,1540,1,2,3,1,2,92012,M,,,92
200800034113,8,6,17,830,1,2,2,1,1,92012,M,,,92
200800034114,8,6,17,1120,1,2,1,1,2,92012,M,,,92
200800034115,8,6,17,1400,1,2,3,1,6,92012,M,,,92
200800034116,8,6,18,740,1,2,2,1,3,92012,M,,,92
200800034117,8,6,19,1015,1,2,1,1,1,92012,M,,,92
200800034118,8,6,19,2010,2,2,1,1,6,92012,M,,,92
200800034119,8,6,19,1410,1,2,1,1,6,92012,M,,,92
200800034120,8,6,20,810,1,2,6,1,3,92012,M,,,92
200800034121,8,6,25,1340,1,2,1,1,6,92012,M,,,92
200800034122,8,6,26,530,5,2,1,1,6,92012,M,,,92
200800034123,8,6,26,1850,1,2,1,1,2,92012,M,,,92
200800034124,8,6,12,945,1,2,2,1,6,92071,M,,,92
200800034125,8,6,18,2250,5,2,1,1,3,92019,M,,,92
200800034126,8,6,25,840,1,2,1,1,3,92032,M,,,92
200800034127,8,6,25,1500,1,2,1,1,6,92019,M,,,92
200800034128,8,6,6,1210,1,2,1,1,6,92023,M,,,92
200800034129,8,6,7,1640,1,2,3,2,2,92060,M,,,92
200800034130,8,6,6,1830,1,2,3,1,3,92023,M,,,92
200800034131,8,6,6,1615,1,2,3,1,6,92023,M,,,92
200800034132,8,6,2,1640,1,2,2,2,2,92023,M,,,92
200800034133,8,6,29,2305,4,2,2,1,6,92023,M,,,92
200800034134,8,6,15,820,2,2,1,1,3,92023,M,,,92
200800034135,8,6,17,925,1,2,1,1,6,92060,M,,,92
200800034136,8,6,18,1730,1,2,3,1,1,92023,M,,,92
200800034137,8,6,21,1905,1,2,3,1,2,92060,M,,,92
200800034138,8,6,1,1555,1,2,2,1,6,92024,M,,,92
200800034139,8,6,5,900,1,2,1,1,6,92024,M,,,92
200800034140,8,6,6,200,5,2,2,1,3,92024,M,,,92
200800034141,8,6,6,1235,1,2,1,1,4,92024,M,,,92
200800034142,8,6,17,1415,1,2,2,1,3,92024,M,,,92
200800034143,8,6,26,1810,1,2,5,2,3,92024,M,,,92
200800034144,8,6,1,1625,1,2,1,1,3,92025,M,,,92
200800034145,8,6,6,1405,1,2,1,1,3,92025,M,,,92
200800034146,8,6,7,1735,1,2,1,1,6,92025,M,,,92
200800034147,8,6,9,900,1,2,1,1,3,92025,M,,,92
200800034148,8,6,10,2020,1,2,1,1,3,92025,M,,,92
200800034149,8,6,19,1620,1,2,1,1,3,92025,M,,,92
200800034150,8,6,24,2055,2,2,1,1,3,92025,M,,,92
200800034151,8,6,28,1805,1,2,2,1,3,92025,M,,,92
200800034152,8,6,30,2245,5,2,1,1,6,92025,M,,,92
200800034153,8,6,4,1120,1,2,1,1,6,92026,M,,,92
200800034154,8,6,4,1705,1,2,2,1,6,92026,M,,,92
200800034155,8,6,10,1000,1,2,3,1,6,92026,M,,,92
200800034156,8,6,11,1445,1,2,1,1,6,92026,M,,,92
200800034157,8,6,14,320,5,2,3,1,6,92026,M,,,92
200800034158,8,6,16,2330,5,2,3,1,3,92026,M,,,92
200800034159,8,6,18,845,1,2,2,1,6,92026,M,,,92
200800034160,8,6,17,1140,1,2,3,1,2,92026,M,,,92
200800034161,8,6,27,1835,1,2,1,1,3,92026,M,,,92
200800034162,8,6,28,1740,1,2,3,1,6,92026,M,,,92
200800034163,8,6,30,1745,1,2,3,1,3,92026,M,,,92
200800034164,8,6,27,940,1,2,2,1,2,92026,M,,,92
200800034165,8,6,2,905,2,2,5,2,7,92035,M,,,92
200800034166,8,6,13,1250,1,2,3,1,3,92035,M,,,92
200800034167,8,6,23,1710,1,2,2,1,3,92035,M,,,92
200800034168,8,6,26,1605,1,2,5,1,3,92035,M,,,92
200800034169,8,6,6,910,1,2,9,1,3,92036,M,,,92
200800034170,8,6,13,1035,1,2,3,1,3,92036,M,,,92
200800034171,8,6,16,845,1,2,2,1,3,92036,M,,,92
200800034172,8,6,16,1125,1,2,2,1,3,92036,M,,,92
200800034173,8,6,16,1325,1,2,1,1,6,92036,M,,,92
200800034174,8,6,22,355,5,2,1,1,6,92036,M,,,92
200800034175,8,6,15,1355,1,2,1,1,3,92040,M,,,92
200800034176,8,6,17,1915,1,2,1,1,2,92040,M,,,92
200800034177,8,6,19,1000,1,2,1,1,6,92040,M,,,92
200800034178,8,6,24,820,1,2,1,1,6,92040,M,,,92
200800034179,8,6,1,130,5,2,2,1,1,92044,M,,,92
200800034180,8,6,1,1940,1,2,2,1,3,92044,M,,,92
200800034181,8,6,5,1625,1,2,2,1,3,92044,M,,,92
200800034182,8,6,6,1555,1,2,4,1,3,92044,M,,,92
200800034183,8,6,10,1645,1,2,2,1,6,92044,M,,,92
200800034184,8,6,12,2020,1,2,1,1,7,92044,M,,,92
200800034185,8,6,19,1500,1,2,1,1,3,92044,M,,,92
200800034186,8,6,22,1000,1,2,2,1,3,92044,M,,,92
200800034187,8,6,29,405,5,2,2,1,3,92044,M,,,92
200800034188,8,6,30,925,1,2,2,1,3,92044,M,,,92
200800034189,8,6,5,1210,1,1,2,1,3,92048,M,,,92
200800034190,8,6,12,1450,1,1,1,1,6,92048,M,,,92
200800034191,8,6,14,635,2,2,1,1,6,92048,M,,,92
200800034192,8,6,15,1800,1,2,1,1,7,92048,M,,,92
200800034193,8,6,17,920,1,2,3,1,3,92048,M,,,92
200800034194,8,6,21,1925,1,2,1,1,3,92048,M,,,92
200800034195,8,6,23,1500,1,2,1,1,2,92048,M,,,92
200800034196,8,6,24,1955,1,2,1,1,7,92048,M,,,92
200800034197,8,6,6,935,1,2,1,1,6,92049,M,,,92
200800034198,8,6,6,1650,1,2,1,1,3,92020,M,,,92
200800034199,8,6,11,1015,1,2,1,1,3,92020,M,,,92
200800034200,8,6,16,1910,1,2,2,1,3,92020,M,,,92
200800034201,8,6,17,1055,1,2,2,1,1,92020,M,,,92
200800034202,8,6,23,1830,1,2,1,1,6,92020,M,,,92
200800034203,8,6,2,2015,1,2,1,1,7,92050,M,,,92
200800034204,8,6,6,1250,1,2,3,1,6,92050,M,,,92
200800034205,8,6,8,1922,1,2,1,1,7,92050,M,,,92
200800034206,8,6,12,1030,1,2,2,1,7,92050,M,,,92
200800034207,8,6,12,950,1,2,2,2,3,92050,M,,,92
200800034208,8,6,13,1710,1,2,1,1,6,92050,M,,,92
200800034209,8,6,19,1750,1,2,3,1,6,92050,M,,,92
200800034210,8,6,20,1940,1,2,1,1,3,92050,M,,,92
200800034211,8,6,19,1610,1,2,1,3,6,92050,M,,,92
200800034212,8,6,21,1730,1,2,1,1,6,92050,M,,,92
200800034213,8,6,7,340,5,2,1,1,3,92051,M,,,92
200800034214,8,6,14,2340,5,2,1,1,6,92051,M,,,92
200800034215,8,6,23,1506,1,2,1,1,6,92051,M,,,92
200800034216,8,6,25,1220,1,2,1,1,2,92051,M,,,92
200800034217,8,6,14,2045,1,2,2,1,3,92062,M,,,92
200800034218,8,6,13,1800,1,2,1,1,2,92062,M,,,92
200800034219,8,6,15,605,1,2,1,1,5,92062,M,,,92
200800034220,8,6,5,910,1,2,2,1,6,92062,M,,,92
200800034221,8,6,11,930,1,2,1,1,4,92062,M,,,92
200800034222,8,6,17,1800,1,2,1,1,6,92062,M,,,92
200800034223,8,6,18,1625,1,1,1,1,6,92062,M,,,92
200800034224,8,6,20,2220,5,2,2,1,2,92062,M,,,92
200800034225,8,6,21,1955,1,2,1,1,6,92062,M,,,92
200800034226,8,6,23,1515,1,2,1,1,7,92062,M,,,92
200800034227,8,6,27,1425,1,2,1,1,6,92062,M,,,92
200800034228,8,6,30,1425,1,2,3,1,3,92062,M,,,92
200800034229,8,6,3,1510,1,2,1,1,3,92063,M,,,92
200800034230,8,6,11,2105,2,2,2,1,3,92063,M,,,92
200800034231,8,6,16,1350,1,2,1,1,3,92063,M,,,92
200800034232,8,6,17,1130,1,1,1,1,6,92063,M,,,92
200800034233,8,6,24,2010,1,2,2,1,1,92063,M,,,92
200800034234,8,6,3,1845,1,2,1,1,2,92064,M,,,92
200800034235,8,6,8,1835,1,2,1,1,3,92076,M,,,92
200800034236,8,6,9,800,1,2,1,1,3,92076,M,,,92
200800034237,8,6,11,830,1,2,9,1,1,92064,M,,,92
200800034238,8,6,13,1655,1,2,1,1,3,92064,M,,,92
200800034239,8,6,19,802,1,2,1,1,6,92064,M,,,92
200800034240,8,6,21,1300,1,2,1,1,4,92064,M,,,92
200800034241,8,6,27,730,1,2,1,1,3,92064,M,,,92
200800034242,8,6,28,55,5,2,1,1,6,92033,M,,,92
200800034243,8,6,2,805,1,2,1,8,7,92022,M,,,92
200800034244,8,6,5,839,1,2,1,1,3,92072,M,,,92
200800034245,8,6,7,1600,1,2,1,1,4,92022,M,,,92
200800034246,8,6,10,2020,2,2,1,1,1,92072,M,,,92
200800034247,8,6,10,850,1,2,1,1,2,92022,M,,,92
200800034248,8,6,26,1310,1,2,1,1,3,92072,M,,,92
200800034249,8,6,1,1810,1,2,3,1,3,92073,M,,,92
200800034250,8,6,2,1510,1,2,1,1,3,92073,M,,,92
200800034251,8,6,3,1840,1,2,2,2,7,92073,M,,,92
200800034252,8,6,12,1420,1,2,2,3,7,92073,M,,,92
200800034253,8,6,13,2330,5,2,1,1,5,92073,M,,,92
200800034254,8,6,18,930,1,2,3,1,6,92073,M,,,92
200800034255,8,6,20,900,1,2,3,1,2,92073,M,,,92
200800034256,8,6,26,1320,1,2,2,1,2,92073,M,,,92
200800034257,8,6,28,1555,1,2,3,1,2,92073,M,,,92
200800034258,8,6,3,1045,1,2,1,1,6,92075,M,,,92
200800034259,8,6,4,1045,1,2,1,1,7,92075,M,,,92
200800034260,8,6,6,945,1,2,2,1,1,92046,M,,,92
200800034261,8,6,5,1650,1,2,3,1,4,92075,M,,,92
200800034262,8,6,13,1825,1,2,1,1,6,92046,M,,,92
200800034263,8,6,17,2115,1,2,2,1,3,92046,M,,,92
200800034264,8,6,20,2315,5,2,1,1,6,92046,M,,,92
200800034265,8,6,5,1605,1,2,3,1,5,92078,M,,,92
200800034266,8,6,23,1650,1,2,1,1,3,92078,M,,,92
200800034267,8,6,9,2020,1,2,4,1,7,92062,M,,,92
200800034268,8,6,17,730,1,2,1,1,5,92026,M,,,92
200800034269,8,6,2,925,1,2,1,2,3,93001,M,,,93
200800034270,8,6,2,1750,1,2,1,1,6,93001,M,,,93
200800034271,8,6,5,2300,5,2,1,1,5,93001,M,,,93
200800034272,8,6,6,800,1,2,2,2,3,93001,M,,,93
200800034273,8,6,8,1405,1,2,2,1,6,93001,M,,,93
200800034274,8,6,11,1640,1,2,1,1,4,93001,M,,,93
200800034275,8,6,11,1730,1,2,1,1,3,93001,M,,,93
200800034276,8,6,11,2000,1,2,1,1,4,93001,M,,,93
200800034277,8,6,12,1345,1,2,1,2,2,93001,M,,,93
200800034278,8,6,13,1350,1,2,1,5,6,93001,M,,,93
200800034279,8,6,13,1605,1,2,1,1,6,93001,M,,,93
200800034280,8,6,14,1135,1,2,3,1,3,93001,M,,,93
200800034281,8,6,17,1745,1,2,1,1,6,93001,M,,,93
200800034282,8,6,19,1510,1,2,1,1,3,93001,M,,,93
200800034283,8,6,20,1540,1,1,1,1,6,93001,M,,,93
200800034284,8,6,23,1655,1,2,1,1,1,93001,M,,,93
200800034285,8,6,23,2255,5,2,4,1,3,93001,M,,,93
200800034286,8,6,24,1846,1,2,2,1,6,93001,M,,,93
200800034287,8,6,24,2330,5,2,7,1,6,93001,M,,,93
200800034288,8,6,25,1130,1,2,4,1,3,93001,M,,,93
200800034289,8,6,29,1715,1,2,1,1,7,93001,M,,,93
200800034290,8,6,4,1950,1,2,1,1,6,93005,M,,,93
200800034291,8,6,5,1625,1,2,1,1,6,93005,M,,,93
200800034292,8,6,10,2250,5,2,1,1,6,93005,M,,,93
200800034293,8,6,6,1210,1,2,1,1,7,93005,M,,,93
200800034294,8,6,13,800,1,2,1,1,3,93005,M,,,93
200800034295,8,6,16,1155,1,2,6,1,2,93005,M,,,93
200800034296,8,6,16,1920,1,2,1,1,4,93005,M,,,93
200800034297,8,6,19,720,1,2,1,1,2,93005,M,,,93
200800034298,8,6,25,940,1,2,1,1,6,93005,M,,,93
200800034299,8,6,25,1425,1,2,1,1,6,93005,M,,,93
200800034300,8,6,3,1910,1,2,2,1,5,93007,M,,,93
200800034301,8,6,6,2010,1,2,3,1,3,93007,M,,,93
200800034302,8,6,11,840,1,2,1,1,6,93007,M,,,93
200800034303,8,6,17,1455,1,2,3,1,6,93007,M,,,93
200800034304,8,6,24,2020,1,2,1,1,6,93007,M,,,93
200800034305,8,6,29,2135,1,2,1,1,4,93007,M,,,93
200800034306,8,6,2,1505,1,2,3,2,1,93008,M,,,93
200800034307,8,6,2,2350,5,2,6,2,6,93008,M,,,93
200800034308,8,6,4,1805,1,2,1,1,2,93008,M,,,93
200800034309,8,6,10,1725,1,2,8,1,3,93008,M,,,93
200800034310,8,6,11,825,1,2,1,1,7,93008,M,,,93
200800034311,8,6,13,2045,1,2,3,1,1,93008,M,,,93
200800034312,8,6,21,2030,1,2,9,1,4,93008,M,,,93
200800034313,8,6,24,1330,1,2,2,1,2,93008,M,,,93
200800034314,8,6,26,1010,1,2,1,1,3,93008,M,,,93
200800034315,8,6,19,1720,1,2,1,3,6,93010,M,,,93
200800034316,8,6,2,1440,1,2,5,2,3,93010,M,,,93
200800034317,8,6,2,1850,1,2,1,1,1,93010,M,,,93
200800034318,8,6,5,810,1,2,7,1,6,93057,M,,,93
200800034319,8,6,5,1650,1,2,2,2,6,93010,M,,,93
200800034320,8,6,7,1030,1,2,1,1,2,93057,M,,,93
200800034321,8,6,13,2035,1,2,1,1,6,93010,M,,,93
200800034322,8,6,16,1930,1,2,1,1,1,93057,M,,,93
200800034323,8,6,16,2300,5,2,2,1,6,93010,M,,,93
200800034324,8,6,17,835,1,2,2,1,3,93057,M,,,93
200800034325,8,6,18,1725,1,2,1,1,6,93010,M,,,93
200800034326,8,6,19,740,1,2,1,1,3,93057,M,,,93
200800034327,8,6,19,2000,2,2,2,1,3,93010,M,,,93
200800034328,8,6,25,1130,1,2,1,1,6,93010,M,,,93
200800034329,8,6,27,800,1,2,1,1,6,93010,M,,,93
200800034330,8,6,29,1237,1,2,1,8,2,93013,M,,,93
200800034331,8,6,28,1710,1,2,3,1,3,93027,M,,,93
200800034332,8,6,3,640,1,2,1,1,6,93027,M,,,93
200800034333,8,6,9,1830,1,2,1,1,3,93013,M,,,93
200800034334,8,6,10,1930,1,2,1,1,6,93013,M,,,93
200800034335,8,6,10,2000,1,2,5,1,6,93027,M,,,93
200800034336,8,6,11,1545,1,2,2,1,3,93027,M,,,93
200800034337,8,6,11,2200,5,2,6,1,6,93030,M,,,93
200800034338,8,6,4,1625,1,2,2,1,6,93029,M,,,93
200800034339,8,6,8,1345,1,2,1,1,6,93029,M,,,93
200800034340,8,6,8,1925,1,2,3,1,3,93029,M,,,93
200800034341,8,6,9,1353,1,2,3,1,3,93029,M,,,93
200800034342,8,6,12,837,1,2,3,1,6,93029,M,,,93
200800034343,8,6,17,1930,1,2,1,1,6,93029,M,,,93
200800034344,8,6,24,1405,1,2,1,1,6,93029,M,,,93
200800034345,8,6,30,1805,1,2,1,1,6,93029,M,,,93
200800034346,8,6,3,2010,2,2,1,1,5,93031,M,,,93
200800034347,8,6,4,1215,1,2,1,1,6,93031,M,,,93
200800034348,8,6,10,1920,1,2,1,1,3,93079,M,,,93
200800034349,8,6,13,1915,2,2,1,1,5,93031,M,,,93
200800034350,8,6,16,1345,1,2,1,1,6,93031,M,,,93
200800034351,8,6,19,1315,1,2,2,1,6,93079,M,,,93
200800034352,8,6,21,1035,1,2,1,1,2,93031,M,,,93
200800034353,8,6,27,1330,1,2,6,1,3,93079,M,,,93
200800034354,8,6,30,905,1,2,1,1,2,93031,M,,,93
200800034355,8,6,30,1640,1,2,6,1,6,93031,M,,,93
200800034356,8,6,4,2330,5,2,3,1,3,93032,M,,,93
200800034357,8,6,8,1715,1,2,3,1,6,93047,M,,,93
200800034358,8,6,9,1100,1,2,1,1,6,93047,M,,,93
200800034359,8,6,10,1915,1,2,2,1,3,93032,M,,,93
200800034360,8,6,14,1715,1,2,1,1,1,93047,M,,,93
200800034361,8,6,14,1830,1,2,1,1,1,93032,M,,,93
200800034362,8,6,18,1710,1,2,2,1,1,93047,M,,,93
200800034363,8,6,22,945,1,2,1,1,6,93032,M,,,93
200800034364,8,6,26,1725,1,2,1,1,3,93032,M,,,93
200800034365,8,6,30,815,1,2,2,1,3,93047,M,,,93
200800034366,8,6,1,1820,1,2,1,1,6,93063,M,,,93
200800034367,8,6,4,1840,1,2,3,1,2,93063,M,,,93
200800034368,8,6,6,1725,1,2,3,1,6,93045,M,,,93
200800034369,8,6,9,1030,1,2,2,1,6,93006,M,,,93
200800034370,8,6,17,1700,1,2,1,1,6,93006,M,,,93
200800034371,8,6,20,640,1,2,1,1,6,93063,M,,,93
200800034372,8,6,13,2250,5,2,1,1,1,93063,M,,,93
200800034373,8,6,11,2300,3,2,3,1,3,93063,M,,,93
200800034374,8,6,11,2240,5,2,3,1,6,93061,M,,,93
200800034375,8,6,20,2045,1,2,3,1,3,93006,M,,,93
200800034376,8,6,22,1230,1,2,1,1,6,93006,M,,,93
200800034377,8,6,24,1935,1,2,3,1,7,93061,M,,,93
200800034378,8,6,24,2105,1,2,1,1,2,93063,M,,,93
200800034379,8,6,25,855,1,2,3,1,6,93045,M,,,93
200800034380,8,6,28,1310,1,2,3,2,7,93063,M,,,93
200800034381,8,6,13,1240,1,2,2,1,1,93063,M,,,93
200800034382,8,6,4,840,1,2,1,1,2,93046,M,,,93
200800034383,8,6,8,1645,1,2,1,1,7,93074,M,,,93
200800034384,8,6,9,845,1,1,1,1,3,93074,M,,,93
200800034385,8,6,10,1850,1,2,1,1,6,93046,M,,,93
200800034386,8,6,12,905,1,2,2,2,3,93015,M,,,93
200800034387,8,6,12,1640,1,2,1,8,7,93015,M,,,93
200800034388,8,6,12,1745,1,2,3,2,3,93046,M,,,93
200800034389,8,6,21,820,1,2,2,1,1,93046,M,,,93
200800034390,8,6,21,1745,1,2,1,1,2,93046,M,,,93
200800034391,8,6,22,2050,1,2,2,1,3,93046,M,,,93
200800034392,8,6,21,1940,1,2,1,1,6,93046,M,,,93
200800034393,8,6,27,930,1,2,5,1,3,93046,M,,,93
200800034394,8,6,28,1140,1,2,3,1,6,93046,M,,,93
200800034395,8,6,28,1300,1,2,1,1,5,93046,M,,,93
200800034396,8,6,29,2020,1,2,1,1,7,93046,M,,,93
200800034397,8,6,1,2230,2,2,2,1,3,93048,M,,,93
200800034398,8,6,2,1118,1,2,1,2,2,93048,M,,,93
200800034399,8,6,4,1335,1,2,1,8,4,93048,M,,,93
200800034400,8,6,9,1815,1,2,3,1,3,93048,M,,,93
200800034401,8,6,11,1420,1,2,3,1,3,93048,M,,,93
200800034402,8,6,11,1840,1,2,1,1,6,93048,M,,,93
200800034403,8,6,13,2120,2,2,2,1,3,93048,M,,,93
200800034404,8,6,20,2220,4,2,1,1,6,93048,M,,,93
200800034405,8,6,23,1850,1,2,1,1,6,93048,M,,,93
200800034406,8,6,29,930,1,2,4,1,2,93048,M,,,93
200800034407,8,6,30,1350,1,2,1,1,2,93048,M,,,93
200800034408,8,6,30,2250,5,2,1,1,6,93048,M,,,93
200800034409,8,6,3,2055,2,2,1,1,2,93049,M,,,93
200800034410,8,6,10,1025,1,2,5,1,7,93049,M,,,93
200800034411,8,6,11,1210,1,2,1,1,7,93050,M,,,93
200800034412,8,6,12,1830,1,2,2,1,3,93050,M,,,93
200800034413,8,6,17,1520,1,2,1,7,2,93050,M,,,93
200800034414,8,6,18,1650,1,2,1,1,2,93050,M,,,93
200800034415,8,6,18,2045,1,2,1,1,5,93050,M,,,93
200800034416,8,6,20,1930,1,2,2,1,3,93050,M,,,93
200800034417,8,6,22,1230,1,2,3,1,1,93049,M,,,93
200800034418,8,6,23,1300,1,2,3,1,3,93050,M,,,93
200800034419,8,6,24,1930,1,2,1,1,7,93050,M,,,93
200800034420,8,6,26,940,1,2,1,1,3,93049,M,,,93
200800034421,8,6,30,720,1,2,1,1,3,93050,M,,,93
200800034422,8,6,1,1910,1,2,2,1,6,93051,M,,,93
200800034423,8,6,10,1000,1,2,1,1,6,93051,M,,,93
200800034424,8,6,12,1850,1,2,3,8,3,93051,M,,,93
200800034425,8,6,17,1805,1,2,3,1,3,93033,M,,,93
200800034426,8,6,23,1750,1,1,1,1,1,93051,M,,,93
200800034427,8,6,30,1730,1,2,6,1,2,93051,M,,,93
200800034428,8,6,2,1615,1,2,1,2,1,93053,M,,,93
200800034429,8,6,2,1600,1,2,1,2,4,93053,M,,,93
200800034430,8,6,4,1900,1,2,3,1,6,93053,M,,,93
200800034431,8,6,5,1120,1,2,9,1,3,93053,M,,,93
200800034432,8,6,6,1745,1,2,1,1,7,93053,M,,,93
200800034433,8,6,18,655,1,2,1,1,3,93053,M,,,93
200800034434,8,6,25,1135,1,2,7,1,6,93053,M,,,93
200800034435,8,6,25,1800,1,2,2,1,3,93053,M,,,93
200800034436,8,6,27,1213,1,2,1,1,7,93053,M,,,93
200800034437,8,6,2,830,1,2,3,1,3,93055,M,,,93
200800034438,8,6,27,945,1,2,1,1,6,93055,M,,,93
200800034439,8,6,27,2215,4,2,1,1,3,93055,M,,,93
200800034440,8,6,3,2000,2,2,3,1,6,93014,M,,,93
200800034441,8,6,4,1940,1,2,1,1,3,93014,M,,,93
200800034442,8,6,5,1324,1,2,1,1,3,93062,M,,,93
200800034443,8,6,10,1550,1,2,1,1,3,93062,M,,,93
200800034444,8,6,13,2250,5,2,1,1,3,93014,M,,,93
200800034445,8,6,15,1850,1,2,1,3,6,93062,M,,,93
200800034446,8,6,20,2045,1,2,2,1,3,93062,M,,,93
200800034447,8,6,26,1240,1,2,1,1,7,93014,M,,,93
200800034448,8,6,30,1330,1,2,1,1,3,93014,M,,,93
200800034449,8,6,4,855,1,2,1,1,7,93064,M,,,93
200800034450,8,6,4,1810,1,2,1,1,2,93077,M,,,93
200800034451,8,6,6,1935,1,2,1,1,3,93064,M,,,93
200800034452,8,6,12,1235,1,2,1,2,6,93064,M,,,93
200800034453,8,6,21,2000,1,2,2,1,3,93077,M,,,93
200800034454,8,6,24,730,1,2,1,1,4,93077,M,,,93
200800034455,8,6,24,920,1,2,1,1,7,93064,M,,,93
200800034456,8,6,26,1530,1,2,2,1,3,93077,M,,,93
200800034457,8,6,30,1520,1,2,1,1,7,93064,M,,,93
200800034458,8,6,4,920,1,2,1,2,3,93066,M,,,93
200800034459,8,6,4,1520,1,2,4,1,7,93066,M,,,93
200800034460,8,6,8,915,1,2,3,1,1,93066,M,,,93
200800034461,8,6,8,1510,1,2,2,1,3,93066,M,,,93
200800034462,8,6,9,1300,1,2,2,1,7,93066,M,,,93
200800034463,8,6,9,1800,1,2,9,1,6,93066,M,,,93
200800034464,8,6,10,1825,1,2,2,1,6,93066,M,,,93
200800034465,8,6,11,805,1,2,1,1,3,93066,M,,,93
200800034466,8,6,13,2000,2,1,1,1,6,93066,M,,,93
200800034467,8,6,20,1630,1,2,1,1,6,93066,M,,,93
200800034468,8,6,22,1015,1,2,1,1,6,93066,M,,,93
200800034469,8,6,25,1810,1,2,2,1,3,93066,M,,,93
200800034470,8,6,29,1400,1,2,3,1,2,93066,M,,,93
200800034471,8,6,2,1900,1,2,1,1,2,93066,M,,,93
200800034472,8,6,9,1500,1,2,1,7,2,93066,M,,,93
200800034473,8,6,19,630,2,2,1,1,3,93066,M,,,93
200800034474,8,6,22,855,1,2,2,1,3,93066,M,,,93
200800034475,8,6,23,945,1,2,2,1,2,93066,M,,,93
200800034476,8,6,25,1100,1,2,1,1,7,93066,M,,,93
200800034477,8,6,26,1425,1,2,1,1,6,93066,M,,,93
200800034478,8,6,26,1815,1,2,3,1,2,93066,M,,,93
200800034479,8,6,5,755,1,2,1,1,6,93070,M,,,93
200800034480,8,6,6,1000,1,2,1,2,6,93070,M,,,93
200800034481,8,6,13,1625,1,2,1,1,3,93070,M,,,93
200800034482,8,6,19,1830,1,2,1,2,4,93070,M,,,93
200800034483,8,6,20,1945,1,2,1,1,6,93070,M,,,93
200800034484,8,6,30,1230,1,2,1,1,1,93070,M,,,93
200800034485,8,6,30,1930,1,2,1,7,3,93070,M,,,93
200800034486,8,6,6,1715,1,2,3,1,3,93071,M,,,93
200800034487,8,6,7,138,5,2,1,1,3,93071,M,,,93
200800034488,8,6,10,1630,1,2,1,1,2,93071,M,,,93
200800034489,8,6,12,1345,1,1,1,2,6,93071,M,,,93
200800034490,8,6,13,1415,1,2,1,1,6,93071,M,,,93
200800034491,8,6,15,1755,1,2,2,2,5,93071,M,,,93
200800034492,8,6,21,1300,1,2,2,1,6,93071,M,,,93
200800034493,8,6,23,1950,1,2,1,1,6,93071,M,,,93
200800034494,8,6,25,1610,1,2,1,1,6,93071,M,,,93
200800034495,8,6,5,745,1,2,1,1,5,93059,M,,,93
200800034496,8,6,7,1320,1,2,3,8,6,93072,M,,,93
200800034497,8,6,8,1510,1,2,1,1,2,93072,M,,,93
200800034498,8,6,9,1445,1,2,5,1,6,93059,M,,,93
200800034499,8,6,20,1310,1,2,2,1,3,93059,M,,,93
200800034500,8,6,20,1515,1,2,1,1,6,93059,M,,,93
200800034501,8,6,25,1950,1,2,1,1,3,93059,M,,,93
200800034502,8,6,30,1700,1,2,1,1,6,93059,M,,,93
200800034503,8,6,30,2030,1,2,1,1,1,93072,M,,,93
200800034504,8,6,5,140,5,2,1,1,3,93072,M,,,93
200800034505,8,6,30,1415,1,2,3,1,3,93072,M,,,93
200800034506,8,6,6,1250,1,2,1,1,2,93072,M,,,93
200800034507,8,6,2,1145,1,2,6,2,3,93078,M,,,93
200800034508,8,6,5,1350,1,2,2,1,3,93078,M,,,93
200800034509,8,6,3,1555,1,2,1,1,6,93078,M,,,93
200800034510,8,6,5,1440,1,1,6,1,3,93078,M,,,93
200800034511,8,6,9,630,1,2,1,1,6,93078,M,,,93
200800034512,8,6,10,1845,1,2,2,1,3,93078,M,,,93
200800034513,8,6,13,1540,1,2,1,1,6,93073,M,,,93
200800034514,8,6,17,1705,1,2,1,1,6,93078,M,,,93
200800034515,8,6,19,1835,1,2,1,2,4,93078,M,,,93
200800034516,8,6,25,1305,1,2,3,1,3,93078,M,,,93
200800034517,8,6,28,1400,1,2,1,1,3,93078,M,,,93
200800034518,8,6,30,135,5,2,3,1,3,93078,M,,,93
200800034519,8,6,30,920,1,2,6,1,2,93078,M,,,93
200800034520,8,6,10,1005,1,2,2,1,3,94002,M,,,94
200800034521,8,6,19,1855,1,2,3,1,3,94002,M,,,94
200800034522,8,6,26,1230,1,2,1,1,4,94002,M,,,94
200800034523,8,6,29,1635,1,2,1,1,6,94002,M,,,94
200800034524,8,6,6,1300,1,2,1,1,3,94044,M,,,94