Num_Acc,an,mois,jour,hrmn,lum,agg,int,atm,col,com,gps,lat,long,dep
200800034525,8,6,7,2145,2,2,4,1,1,94044,M,,,94
200800034526,8,6,8,1200,1,2,1,1,6,94044,M,,,94
200800034527,8,6,9,1145,1,2,1,1,6,94044,M,,,94
200800034528,8,6,13,2000,1,1,1,1,6,94056,M,,,94
200800034529,8,6,23,1530,1,2,1,1,6,94075,M,,,94
200800034530,8,6,21,1430,1,2,3,1,1,94044,M,,,94
200800034531,8,6,28,2015,1,2,1,1,6,94044,M,,,94
200800034532,8,6,29,40,5,2,1,1,6,94004,M,,,94
200800034533,8,6,2,910,1,2,2,1,3,94017,M,,,94
200800034534,8,6,11,550,2,2,2,1,3,94017,M,,,94
200800034535,8,6,7,1740,1,2,1,2,6,94017,M,,,94
200800034536,8,6,2,1400,1,2,1,2,2,94017,M,,,94
200800034537,8,6,12,1145,1,2,6,2,3,94017,M,,,94
200800034538,8,6,13,1445,1,2,3,1,6,94017,M,,,94
200800034539,8,6,19,810,1,2,3,1,3,94017,M,,,94
200800034540,8,6,21,1730,1,2,9,1,3,94017,M,,,94
200800034541,8,6,21,1930,1,2,9,1,6,94017,M,,,94
200800034542,8,6,22,730,1,2,1,1,2,94017,M,,,94
200800034543,8,6,24,825,1,2,3,1,3,94017,M,,,94
200800034544,8,6,27,1720,1,2,3,1,6,94017,M,,,94
200800034545,8,6,26,1950,1,2,2,1,3,94017,M,,,94
200800034546,8,6,2,1020,1,2,1,2,6,94018,M,,,94
200800034547,8,6,9,1935,1,2,2,1,6,94018,M,,,94
200800034548,8,6,27,945,1,2,3,1,3,94018,M,,,94
200800034549,8,6,6,1710,1,2,1,1,2,94019,M,,,94
200800034550,8,6,7,1615,1,2,1,2,7,94079,M,,,94
200800034551,8,6,14,1600,1,2,2,1,6,94079,M,,,94
200800034552,8,6,15,1800,2,2,3,2,1,94060,M,,,94
200800034553,8,6,17,740,1,2,1,1,6,94019,M,,,94
200800034554,8,6,17,848,1,2,1,1,7,94079,M,,,94
200800034555,8,6,22,1800,1,2,6,1,2,94079,M,,,94
200800034556,8,6,29,1300,1,2,1,1,2,94054,M,,,94
200800034557,8,6,5,2030,1,2,2,1,2,94022,M,,,94
200800034558,8,6,11,110,5,2,3,1,7,94022,M,,,94
200800034559,8,6,15,1910,1,2,1,8,3,94022,M,,,94
200800034560,8,6,20,1600,1,2,2,1,3,94022,M,,,94
200800034561,8,6,24,1945,1,2,9,1,3,94054,M,,,94
200800034562,8,6,27,1425,1,2,1,1,6,94022,M,,,94
200800034563,8,6,2,415,5,2,1,1,6,94011,M,,,94
200800034564,8,6,9,925,1,2,1,1,3,94028,M,,,94
200800034565,8,6,8,1515,1,2,1,1,6,94028,M,,,94
200800034566,8,6,7,1900,1,2,1,1,6,94028,M,,,94
200800034567,8,6,10,1620,1,2,1,1,2,94028,M,,,94
200800034568,8,6,11,1715,1,2,1,1,6,94028,M,,,94
200800034569,8,6,12,1345,1,2,1,2,6,94028,M,,,94
200800034570,8,6,12,1750,1,2,1,1,2,94011,M,,,94
200800034571,8,6,15,1730,1,2,1,1,6,94028,M,,,94
200800034572,8,6,13,1340,1,2,1,1,2,94028,M,,,94
200800034573,8,6,13,1655,1,2,1,1,6,94028,M,,,94
200800034574,8,6,17,2000,1,2,1,1,2,94028,M,,,94
200800034575,8,6,17,1220,1,2,1,1,3,94028,M,,,94
200800034576,8,6,19,1710,1,2,1,1,6,94028,M,,,94
200800034577,8,6,19,1700,1,2,1,1,2,94028,M,,,94
200800034578,8,6,23,555,5,2,1,1,3,94011,M,,,94
200800034579,8,6,20,1135,1,2,1,1,7,94028,M,,,94
200800034580,8,6,23,1645,1,2,1,1,3,94028,M,,,94
200800034581,8,6,23,1320,1,1,1,1,2,94028,M,,,94
200800034582,8,6,24,2010,1,2,1,1,3,94028,M,,,94
200800034583,8,6,24,1910,1,2,1,1,1,94028,M,,,94
200800034584,8,6,28,1810,1,2,1,1,6,94028,M,,,94
200800034585,8,6,2,1210,1,2,1,1,2,94033,M,,,94
200800034586,8,6,4,845,1,2,1,1,3,94033,M,,,94
200800034587,8,6,6,2250,5,2,1,1,2,94033,M,,,94
200800034588,8,6,7,1830,1,2,1,1,3,94033,M,,,94
200800034589,8,6,14,1715,1,2,1,1,3,94033,M,,,94
200800034590,8,6,17,2100,5,2,3,1,3,94033,M,,,94
200800034591,8,6,28,1830,1,2,1,1,3,94033,M,,,94
200800034592,8,6,1,5,5,2,1,1,6,94016,M,,,94
200800034593,8,6,2,920,1,2,9,2,1,94016,M,,,94
200800034594,8,6,3,2235,5,2,1,1,6,94043,M,,,94
200800034595,8,6,2,50,5,2,1,1,1,94016,M,,,94
200800034596,8,6,4,2045,2,2,1,1,6,94076,M,,,94
200800034597,8,6,7,620,2,2,3,1,6,94016,M,,,94
200800034598,8,6,8,400,2,2,1,1,6,94076,M,,,94
200800034599,8,6,10,1040,1,2,9,1,3,94043,M,,,94
200800034600,8,6,12,1330,1,2,1,2,6,94076,M,,,94
200800034601,8,6,13,2225,5,2,1,8,7,94076,M,,,94
200800034602,8,6,16,2000,1,2,2,1,5,94043,M,,,94
200800034603,8,6,16,2100,1,2,2,1,3,94016,M,,,94
200800034604,8,6,16,2010,1,2,2,1,3,94016,M,,,94
200800034605,8,6,19,1710,1,2,1,3,2,94003,M,,,94
200800034606,8,6,22,1625,1,2,3,1,3,94037,M,,,94
200800034607,8,6,23,915,1,2,3,1,1,94003,M,,,94
200800034608,8,6,23,1800,1,2,1,1,6,94043,M,,,94
200800034609,8,6,26,700,1,2,1,1,2,94043,M,,,94
200800034610,8,6,26,800,1,2,1,1,6,94043,M,,,94
200800034611,8,6,26,1020,1,2,1,1,6,94016,M,,,94
200800034612,8,6,26,1750,1,2,1,1,6,94043,M,,,94
200800034613,8,6,27,1410,1,2,1,1,2,94016,M,,,94
200800034614,8,6,29,1445,1,2,1,1,2,94076,M,,,94
200800034615,8,6,3,1440,1,2,1,1,7,94034,M,,,94
200800034616,8,6,3,1930,1,2,1,1,2,94034,M,,,94
200800034617,8,6,2,630,1,1,6,2,3,94065,M,,,94
200800034618,8,6,7,1730,1,2,1,8,5,94073,M,,,94
200800034619,8,6,8,1505,1,2,2,1,3,94038,M,,,94
200800034620,8,6,12,1700,1,2,1,1,3,94065,M,,,94
200800034621,8,6,16,1805,1,1,9,1,6,94073,M,,,94
200800034622,8,6,17,915,1,2,1,1,2,94034,M,,,94
200800034623,8,6,14,1635,1,2,1,1,3,94073,M,,,94
200800034624,8,6,17,1850,1,2,1,1,6,94021,M,,,94
200800034625,8,6,19,529,2,1,1,1,3,94065,M,,,94
200800034626,8,6,19,1805,1,2,1,2,2,94073,M,,,94
200800034627,8,6,20,1145,1,2,1,1,6,94073,M,,,94
200800034628,8,6,25,1530,1,2,1,1,3,94065,M,,,94
200800034629,8,6,25,2050,1,2,6,1,3,94073,M,,,94
200800034630,8,6,25,2305,4,2,1,1,6,94034,M,,,94
200800034631,8,6,25,1115,1,2,1,1,6,94065,M,,,94
200800034632,8,6,28,1245,1,2,1,1,4,94021,M,,,94
200800034633,8,6,30,1515,1,2,1,1,6,94073,M,,,94
200800034634,8,6,30,1845,1,2,9,1,6,94073,M,,,94
200800034635,8,6,6,1255,1,2,1,1,2,94041,M,,,94
200800034636,8,6,6,1940,2,2,1,1,7,94041,M,,,94
200800034637,8,6,8,555,2,2,2,1,3,94041,M,,,94
200800034638,8,6,3,1315,1,2,1,1,6,94041,M,,,94
200800034639,8,6,23,1405,1,2,1,1,1,94041,M,,,94
200800034640,8,6,24,1625,1,2,1,1,3,94041,M,,,94
200800034641,8,6,23,1335,1,2,1,1,3,94041,M,,,94
200800034642,8,6,2,2145,5,2,2,1,3,94046,M,,,94
200800034643,8,6,3,1230,1,2,3,1,3,94046,M,,,94
200800034644,8,6,3,1255,1,2,1,1,2,94046,M,,,94
200800034645,8,6,6,1525,1,2,1,1,2,94046,M,,,94
200800034646,8,6,6,1325,1,2,2,1,2,94046,M,,,94
200800034647,8,6,14,1425,1,2,1,1,6,94046,M,,,94
200800034648,8,6,17,910,1,2,1,1,6,94046,M,,,94
200800034649,8,6,19,1130,1,2,1,1,6,94046,M,,,94
200800034650,8,6,20,2025,1,2,1,1,6,94046,M,,,94
200800034651,8,6,21,1525,1,1,1,1,2,94046,M,,,94
200800034652,8,6,23,1550,1,2,1,1,2,94046,M,,,94
200800034653,8,6,30,1835,1,2,9,1,3,94046,M,,,94
200800034654,8,6,6,850,1,2,1,2,6,94052,M,,,94
200800034655,8,6,6,1850,1,2,3,1,3,94052,M,,,94
200800034656,8,6,11,1850,1,2,3,1,1,94042,M,,,94
200800034657,8,6,11,1900,1,2,3,1,3,94052,M,,,94
200800034658,8,6,27,920,1,2,1,1,6,94052,M,,,94
200800034659,8,6,2,1255,1,1,2,8,3,94054,M,,,94
200800034660,8,6,23,1400,1,1,1,1,5,94054,M,,,94
200800034661,8,6,2,1455,1,2,1,2,6,94068,M,,,94
200800034662,8,6,9,1000,1,2,1,1,3,94068,M,,,94
200800034663,8,6,11,1125,1,2,2,1,3,94068,M,,,94
200800034664,8,6,12,215,5,2,2,1,3,94068,M,,,94
200800034665,8,6,14,1940,1,2,1,1,6,94068,M,,,94
200800034666,8,6,16,1310,1,2,1,1,3,94068,M,,,94
200800034667,8,6,19,1700,1,2,2,3,3,94068,M,,,94
200800034668,8,6,20,1350,1,2,3,1,3,94068,M,,,94
200800034669,8,6,30,750,1,2,1,1,7,94068,M,,,94
200800034670,8,6,27,1710,1,2,1,1,7,94068,M,,,94
200800034671,8,6,25,1645,1,2,9,1,6,94001,M,,,94
200800034672,8,6,1,630,1,2,1,1,6,94078,M,,,94
200800034673,8,6,1,1740,1,2,1,1,3,94077,M,,,94
200800034674,8,6,6,625,2,2,3,2,3,94078,M,,,94
200800034675,8,6,10,1740,1,2,2,1,3,94078,M,,,94
200800034676,8,6,17,805,1,2,9,1,3,94078,M,,,94
200800034677,8,6,19,1755,1,2,1,3,6,94074,M,,,94
200800034678,8,6,26,1615,1,2,1,1,2,94077,M,,,94
200800034679,8,6,30,930,1,2,1,1,6,94078,M,,,94
200800034680,8,6,28,1135,1,2,2,1,3,94077,M,,,94
200800034681,8,6,11,1125,1,2,1,1,2,94078,M,,,94
200800034682,8,6,4,1420,1,2,1,1,6,94078,M,,,94
200800034683,8,6,23,1025,1,2,1,1,3,94077,M,,,94
200800034684,8,6,14,2220,5,2,2,1,3,94067,M,,,94
200800034685,8,6,20,1430,1,2,1,1,6,94080,M,,,94
200800034686,8,6,21,1940,1,2,3,1,3,94080,M,,,94
200800034687,8,6,25,820,1,2,3,1,6,94080,M,,,94
200800034688,8,6,27,620,1,2,2,1,3,94080,M,,,94
200800034689,8,6,2,1045,1,2,1,1,6,94081,M,,,94
200800034690,8,6,4,1350,1,2,2,1,3,94081,M,,,94
200800034691,8,6,5,1840,1,2,3,1,6,94081,M,,,94
200800034692,8,6,7,1758,1,2,1,1,7,94081,M,,,94
200800034693,8,6,10,1600,1,2,1,1,6,94081,M,,,94
200800034694,8,6,11,440,5,2,2,1,6,94081,M,,,94
200800034695,8,6,14,10,5,2,1,1,6,94081,M,,,94
200800034696,8,6,14,1550,1,2,1,1,6,94081,M,,,94
200800034697,8,6,23,1210,1,2,1,1,2,94081,M,,,94
200800034698,8,6,23,2155,5,2,3,1,6,94081,M,,,94
200800034699,8,6,24,830,1,2,1,1,6,94081,M,,,94
200800034700,8,6,24,2115,1,2,3,1,6,94081,M,,,94
200800034701,8,6,25,1,5,2,3,1,6,94081,M,,,94
200800034702,8,6,25,1935,1,2,1,1,3,94081,M,,,94
200800034703,8,6,28,1415,1,2,1,1,6,94081,M,,,94
200800034704,8,6,2,745,1,2,3,8,2,95018,M,,,95
200800034705,8,6,3,1235,1,2,3,1,3,95018,M,,,95
200800034706,8,6,4,1645,1,2,1,1,6,95018,M,,,95
200800034707,8,6,5,1705,1,2,2,1,3,95018,M,,,95
200800034708,8,6,7,1140,1,2,2,1,3,95018,M,,,95
200800034709,8,6,7,1020,1,2,5,1,2,95018,M,,,95
200800034710,8,6,9,1630,1,2,6,1,3,95582,M,,,95
200800034711,8,6,14,350,5,2,2,1,2,95018,M,,,95
200800034712,8,6,15,1620,1,2,2,1,5,95176,M,,,95
200800034713,8,6,15,2155,5,2,2,1,3,95018,M,,,95
200800034714,8,6,13,1140,1,2,1,1,6,95018,M,,,95
200800034715,8,6,18,1255,1,2,3,1,2,95018,M,,,95
200800034716,8,6,12,1230,1,2,3,2,7,95176,M,,,95
200800034717,8,6,17,830,1,2,2,1,6,95176,M,,,95
200800034718,8,6,19,1920,1,2,3,1,6,95018,M,,,95
200800034719,8,6,20,1855,1,2,1,1,3,95582,M,,,95
200800034720,8,6,24,1050,1,2,3,1,6,95582,M,,,95
200800034721,8,6,25,1515,1,2,1,1,6,95018,M,,,95
200800034722,8,6,25,1640,1,2,3,1,6,95018,M,,,95
200800034723,8,6,25,1620,1,2,3,1,6,95582,M,,,95
200800034724,8,6,27,550,2,2,2,1,3,95176,M,,,95
200800034725,8,6,27,820,1,2,9,1,6,95176,M,,,95
200800034726,8,6,5,1625,1,2,1,1,7,95500,M,,,95
200800034727,8,6,7,2000,1,2,1,1,3,95127,M,,,95
200800034728,8,6,7,925,1,2,1,1,7,95572,M,,,95
200800034729,8,6,21,1820,1,2,1,1,7,95127,M,,,95
200800034730,8,6,6,2005,2,2,4,1,5,95427,M,,,95
200800034731,8,6,8,1950,1,2,3,1,1,95598,M,,,95
200800034732,8,6,25,1814,1,2,6,1,3,95555,M,,,95
200800034733,8,6,3,900,1,2,1,1,6,95203,M,,,95
200800034734,8,6,4,1815,1,2,1,1,6,95491,M,,,95
200800034735,8,6,5,2245,5,2,1,1,6,95252,M,,,95
200800034736,8,6,9,1230,1,2,1,1,2,95252,M,,,95
200800034737,8,6,10,1000,1,2,1,1,2,95219,M,,,95
200800034738,8,6,13,1540,1,2,1,1,6,95491,M,,,95
200800034739,8,6,18,1115,1,2,3,1,3,95491,M,,,95
200800034740,8,6,21,1755,1,2,1,1,1,95574,M,,,95
200800034741,8,6,21,2155,5,2,1,1,6,95252,M,,,95
200800034742,8,6,25,1205,1,2,1,1,6,95252,M,,,95
200800034743,8,6,27,1920,1,2,1,1,6,95219,M,,,95
200800034744,8,6,30,1945,1,2,1,1,6,95219,M,,,95
200800034745,8,6,3,1840,1,2,1,1,7,95280,M,,,95
200800034746,8,6,7,1550,1,2,4,8,3,95280,M,,,95
200800034747,8,6,8,1920,1,2,1,1,6,95277,M,,,95
200800034748,8,6,11,1700,1,2,1,1,4,95277,M,,,95
200800034749,8,6,12,1400,1,2,1,2,7,95306,M,,,95
200800034750,8,6,14,1940,1,2,1,1,3,95424,M,,,95
200800034751,8,6,14,1930,1,2,1,1,2,95257,M,,,95
200800034752,8,6,17,1720,1,2,2,1,3,95424,M,,,95
200800034753,8,6,22,1835,1,2,1,1,6,95306,M,,,95
200800034754,8,6,24,1000,1,2,1,1,7,95306,M,,,95
200800034755,8,6,24,1700,1,2,1,1,6,95424,M,,,95
200800034756,8,6,2,1700,1,1,9,1,2,95487,M,,,95
200800034757,8,6,25,2100,1,2,1,1,6,95313,M,,,95
200800034758,8,6,25,925,1,2,1,1,2,95585,M,,,95
200800034759,8,6,2,1650,1,2,1,2,1,95051,M,,,95
200800034760,8,6,6,2010,2,2,1,1,1,95060,M,,,95
200800034761,8,6,11,1825,1,2,1,1,3,95563,M,,,95
200800034762,8,6,17,900,1,2,1,1,6,95051,M,,,95
200800034763,8,6,2,325,5,2,1,2,6,20004,M,,,201
200800034764,8,6,2,1930,1,2,1,1,6,20004,M,,,201
200800034765,8,6,3,750,1,2,1,1,6,20004,M,,,201
200800034766,8,6,4,2105,2,2,1,1,3,20004,M,,,201
200800034767,8,6,8,1558,1,2,1,1,2,20004,M,,,201
200800034768,8,6,10,2100,2,2,1,1,2,20004,M,,,201
200800034769,8,6,14,1916,1,2,1,1,6,20004,M,,,201
200800034770,8,6,19,1800,1,2,1,1,3,20004,M,,,201
200800034771,8,6,24,920,1,2,1,1,6,20004,M,,,201
200800034772,8,6,25,1045,1,2,1,1,6,20004,M,,,201
200800034773,8,6,30,1734,1,2,1,1,3,20004,M,,,201
200800034774,8,6,19,750,1,2,1,1,1,69381,M,,,69
200800034775,8,6,23,1735,1,2,3,1,6,69381,M,,,69
200800034776,8,6,30,1415,1,2,3,1,6,69381,M,,,69
200800034777,8,6,1,1000,1,1,1,1,2,94018,M,,,94
200800034778,8,6,3,745,1,1,1,1,3,94028,M,,,94
200800034779,8,6,6,1645,1,1,1,1,2,94017,M,,,94
200800034780,8,6,6,1705,1,1,1,1,5,94028,M,,,94
200800034781,8,6,6,1835,1,1,1,1,4,77337,M,,,77
200800034782,8,6,7,1410,1,1,1,1,3,75112,M,,,75
200800034783,8,6,8,850,1,1,1,1,2,94073,M,,,94
200800034784,8,6,8,1930,1,1,1,1,5,77449,M,,,77
200800034785,8,6,9,30,5,1,1,1,7,94017,M,,,94
200800034786,8,6,9,1300,1,1,1,1,3,77468,M,,,77
200800034787,8,6,9,1630,1,1,1,1,7,94073,M,,,94
200800034788,8,6,10,835,1,1,1,1,3,77468,M,,,77
200800034789,8,6,10,1810,1,1,1,1,2,93051,M,,,93
200800034790,8,6,11,1720,1,1,1,1,3,94069,M,,,94
200800034791,8,6,11,1845,1,1,1,1,3,94028,M,,,94
200800034792,8,6,12,1250,1,1,1,1,4,94017,M,,,94
200800034793,8,6,12,1900,1,1,1,1,2,94028,M,,,94
200800034794,8,6,13,1030,1,1,1,1,2,93051,M,,,93
200800034795,8,6,13,1200,1,1,1,1,3,75112,M,,,75
200800034796,8,6,13,1915,1,1,1,1,3,94073,M,,,94
200800034797,8,6,13,2320,3,1,1,1,6,77514,M,,,77
200800034798,8,6,14,230,3,1,1,1,7,94073,M,,,94
200800034799,8,6,14,1025,1,1,1,1,7,77169,M,,,77
200800034800,8,6,16,805,1,1,1,8,5,93051,M,,,93
200800034801,8,6,16,850,1,1,1,1,3,77121,M,,,77
200800034802,8,6,16,1045,1,1,1,1,3,94015,M,,,94
200800034803,8,6,17,1730,1,1,1,1,3,94017,M,,,94
200800034804,8,6,18,745,1,1,1,1,7,77169,M,,,77
200800034805,8,6,21,1700,1,1,1,1,4,94042,M,,,94
200800034806,8,6,21,1855,1,1,1,1,3,94046,M,,,94
200800034807,8,6,22,130,5,1,1,1,2,94028,M,,,94
200800034808,8,6,22,650,1,1,1,2,7,93051,M,,,93
200800034809,8,6,22,825,1,1,1,8,6,94018,M,,,94
200800034810,8,6,22,1740,1,1,1,1,2,77258,M,,,77
200800034811,8,6,23,10,4,1,1,1,6,77121,M,,,77
200800034812,8,6,23,900,1,1,1,1,2,94073,M,,,94
200800034813,8,6,24,1250,1,1,1,1,6,94046,M,,,94
200800034814,8,6,24,1400,1,1,1,1,2,94046,M,,,94
200800034815,8,6,25,645,1,1,1,1,3,94079,M,,,94
200800034816,8,6,25,1840,1,1,1,1,3,77337,M,,,77
200800034817,8,6,25,1830,1,1,1,1,6,94069,M,,,94
200800034818,8,6,26,1720,1,1,1,1,3,77083,M,,,77
200800034819,8,6,27,850,1,1,1,1,6,77121,M,,,77
200800034820,8,6,27,1040,1,1,1,1,6,93051,M,,,93
200800034821,8,6,27,1800,1,1,1,1,2,77373,M,,,77
200800034822,8,6,28,925,1,1,1,1,6,77294,M,,,77
200800034823,8,6,28,1930,1,1,1,1,3,94033,M,,,94
200800034824,8,6,29,600,1,1,1,1,7,77495,M,,,77
200800034825,8,6,2,950,1,1,1,2,5,95306,M,,,95
200800034826,8,6,2,1745,1,1,1,1,2,93066,M,,,93
200800034827,8,6,6,1645,1,1,1,1,3,95582,M,,,95
200800034828,8,6,7,120,5,1,1,1,2,95018,M,,,95
200800034829,8,6,10,855,1,1,1,1,5,95582,M,,,95
200800034830,8,6,10,930,1,1,1,1,7,95582,M,,,95
200800034831,8,6,12,1630,1,1,1,1,6,93066,M,,,93
200800034832,8,6,16,915,1,1,1,1,5,95582,M,,,95
200800034833,8,6,19,540,1,1,1,1,7,60494,M,,,60
200800034834,8,6,19,1830,1,1,1,2,4,95527,M,,,95
200800034835,8,6,19,1830,1,1,1,2,7,95252,M,,,95
200800034836,8,6,21,2315,3,1,1,1,6,95582,M,,,95
200800034837,8,6,25,2130,1,1,1,1,7,93027,M,,,93
200800034838,8,6,25,2100,1,1,1,1,7,92036,M,,,92
200800034839,8,6,26,920,1,1,1,1,5,95252,M,,,95
200800034840,8,6,26,1140,1,1,1,1,2,93032,M,,,93
200800034841,8,6,29,1815,1,1,1,1,7,95582,M,,,95
200800034842,8,6,29,2230,5,1,1,1,7,93053,M,,,93
200800034843,8,6,30,830,1,1,1,1,5,95527,M,,,95
200800034844,8,6,23,920,1,1,1,1,6,78217,M,,,78
200800034845,8,6,11,815,1,1,1,1,2,92062,M,,,92
200800034846,8,6,2,1830,1,1,1,1,1,78140,M,,,78
200800034847,8,6,4,940,1,1,1,1,7,78206,M,,,78
200800034848,8,6,4,1015,1,1,1,1,4,78090,M,,,78
200800034849,8,6,4,1450,1,1,1,1,6,78043,M,,,78
200800034850,8,6,6,1130,1,1,1,1,5,78043,M,,,78
200800034851,8,6,13,2010,1,1,1,1,2,75116,M,,,75
200800034852,8,6,8,1830,1,1,1,1,3,92025,M,,,92
200800034853,8,6,9,1705,1,1,1,7,4,78640,M,,,78
200800034854,8,6,11,1155,1,1,1,1,6,92023,M,,,92
200800034855,8,6,11,1840,1,1,1,1,4,78238,M,,,78
200800034856,8,6,11,1930,1,1,1,1,3,78043,M,,,78
200800034857,8,6,13,2100,3,1,1,1,6,78291,M,,,78
200800034858,8,6,14,615,2,1,1,1,6,78545,M,,,78
200800034859,8,6,17,940,1,1,1,1,7,78297,M,,,78
200800034860,8,6,17,1630,1,1,1,1,2,78043,M,,,78
200800034861,8,6,19,810,1,1,1,1,3,92048,M,,,92
200800034862,8,6,18,1915,1,1,1,1,3,92026,M,,,92
200800034863,8,6,19,655,1,1,1,1,2,78043,M,,,78
200800034864,8,6,20,1857,1,1,1,1,2,92050,M,,,92
200800034865,8,6,21,2230,4,1,1,1,7,78206,M,,,78
200800034866,8,6,20,2254,3,1,1,1,2,78206,M,,,78
200800034867,8,6,25,1705,5,1,1,1,4,92050,M,,,92
200800034868,8,6,26,1650,1,1,1,1,5,78640,M,,,78
200800034869,8,6,27,1140,1,1,1,1,7,78090,M,,,78
200800034870,8,6,27,1400,1,1,1,1,6,78418,M,,,78
200800034871,8,6,30,823,1,1,1,1,4,92064,M,,,92
200800034872,8,6,30,1648,1,1,1,1,2,78297,M,,,78
200800034873,8,6,30,1900,1,1,9,1,3,92062,M,,,92
200800034874,8,6,11,915,1,1,1,1,2,78524,M,,,78
200800034875,8,6,23,800,1,1,1,1,2,78362,M,,,78
200800034876,8,6,27,2240,3,1,1,1,7,78090,M,,,78
200800034877,8,6,3,1500,1,1,1,1,6,91617,M,,,91
200800034878,8,6,4,606,1,1,1,1,6,91432,M,,,91
200800034879,8,6,5,2155,4,1,1,9,6,91179,M,,,91
200800034880,8,6,5,2248,5,1,1,1,3,94003,M,,,94
200800034881,8,6,6,1415,1,1,1,1,2,94065,M,,,94
200800034882,8,6,6,2000,1,1,1,1,2,92002,M,,,92
200800034883,8,6,7,30,5,1,1,1,2,91340,M,,,91
200800034884,8,6,7,315,3,1,1,8,5,91659,M,,,91
200800034885,8,6,8,1020,1,1,1,1,3,91553,M,,,91
200800034886,8,6,8,1650,1,1,1,1,7,94034,M,,,94
200800034887,8,6,9,650,1,1,1,1,3,91477,M,,,91
200800034888,8,6,9,1601,1,1,1,1,6,91553,M,,,91
200800034889,8,6,9,1758,1,1,1,1,4,91339,M,,,91
200800034890,8,6,11,1405,1,1,1,1,7,94034,M,,,94
200800034891,8,6,10,1910,1,1,1,1,2,91182,M,,,91
200800034892,8,6,12,320,3,1,1,1,1,91086,M,,,91
200800034893,8,6,12,1346,1,1,9,1,6,94034,M,,,94
200800034894,8,6,12,2215,3,1,1,1,6,91689,M,,,91
200800034895,8,6,13,810,1,1,1,1,2,91161,M,,,91
200800034896,8,6,13,930,1,1,1,1,4,91689,M,,,91
200800034897,8,6,16,1345,1,1,1,1,5,91689,M,,,91
200800034898,8,6,17,800,1,1,1,1,7,94037,M,,,94
200800034899,8,6,17,842,1,1,1,1,3,92019,M,,,92
200800034900,8,6,17,920,1,1,1,1,2,91064,M,,,91
200800034901,8,6,17,1415,1,1,1,1,4,94034,M,,,94
200800034902,8,6,18,755,1,1,1,1,4,94076,M,,,94
200800034903,8,6,19,1330,1,1,1,1,6,91689,M,,,91
200800034904,8,6,19,1853,1,1,1,1,2,94021,M,,,94
200800034905,8,6,20,915,1,1,1,1,2,94034,M,,,94
200800034906,8,6,20,1525,1,1,1,1,6,91174,M,,,91
200800034907,8,6,21,600,2,1,1,1,6,91136,M,,,91
200800034908,8,6,21,1315,1,1,1,1,4,94034,M,,,94
200800034909,8,6,22,300,3,1,1,1,3,77251,M,,,77
200800034910,8,6,22,410,3,1,1,1,6,91471,M,,,91
200800034911,8,6,23,2310,3,1,1,1,7,91661,M,,,91
200800034912,8,6,24,1126,1,1,1,1,3,91228,M,,,91
200800034913,8,6,24,1625,1,1,1,1,6,91086,M,,,91
200800034914,8,6,25,715,1,1,1,1,5,94034,M,,,94
200800034915,8,6,25,900,1,1,1,1,3,91363,M,,,91
200800034916,8,6,25,1900,1,1,1,1,7,91661,M,,,91
200800034917,8,6,26,217,5,1,1,1,2,94038,M,,,94
200800034918,8,6,26,1856,1,1,1,1,2,91340,M,,,91
200800034919,8,6,27,630,1,1,1,1,6,94037,M,,,94
200800034920,8,6,28,1955,1,1,1,1,2,94076,M,,,94
200800034921,8,6,29,1606,1,1,1,1,6,77495,M,,,77
200800034922,8,6,1,610,1,2,1,1,6,20353,M,,,202
200800034923,8,6,2,1500,1,2,6,1,3,20033,M,,,202
200800034924,8,6,5,1415,1,2,1,1,3,20033,M,,,202
200800034925,8,6,7,1435,1,2,1,1,3,20033,M,,,202
200800034926,8,6,7,1730,1,2,3,1,2,20033,M,,,202
200800034927,8,6,9,1231,1,2,1,1,2,20033,M,,,202
200800034928,8,6,9,1649,1,2,1,1,4,20033,M,,,202
200800034929,8,6,10,1734,1,2,1,1,2,20033,M,,,202
200800034930,8,6,11,1124,1,2,1,1,7,20033,M,,,202
200800034931,8,6,14,1525,1,2,1,1,1,20033,M,,,202
200800034932,8,6,2,1805,1,2,1,1,3,69382,M,,,69
200800034933,8,6,11,430,5,2,1,1,6,69382,M,,,69
200800034934,8,6,30,1500,1,2,1,1,2,69382,M,,,69
200800034935,8,6,14,1840,1,2,3,1,3,69382,M,,,69
200800034936,8,6,1,1945,1,1,1,1,7,59196,M,,,59
200800034937,8,6,1,2315,4,1,1,1,2,59458,M,,,59
200800034938,8,6,1,2330,3,1,1,1,2,59478,M,,,59
200800034939,8,6,2,1400,1,1,1,1,2,59350,M,,,59
200800034940,8,6,3,155,5,1,1,1,2,59343,M,,,59
200800034941,8,6,4,1630,1,1,1,1,2,59511,M,,,59
200800034942,8,6,4,1845,1,1,1,1,2,59462,M,,,59
200800034943,8,6,5,1225,1,1,1,1,6,59350,M,,,59
200800034944,8,6,6,1200,1,1,1,2,6,59220,M,,,59
200800034945,8,6,6,1520,1,1,1,2,6,59343,M,,,59
200800034946,8,6,7,835,1,1,1,2,6,59350,M,,,59
200800034947,8,6,8,810,1,1,1,5,3,59665,M,,,59
200800034948,8,6,8,2330,5,1,1,1,6,59350,M,,,59
200800034949,8,6,9,1720,1,1,1,1,6,59350,M,,,59
200800034950,8,6,10,745,1,1,1,1,7,59155,M,,,59
200800034951,8,6,10,915,1,1,1,1,3,59646,M,,,59
200800034952,8,6,10,930,1,1,1,1,2,62427,M,,,62
200800034953,8,6,10,1720,1,1,1,1,4,62274,M,,,62