Num_Acc,an,mois,jour,hrmn,lum,agg,int,atm,col,com,gps,lat,long,dep
200800034954,8,6,11,1515,1,1,1,1,5,59350,M,,,59
200800034955,8,6,11,1915,1,1,1,1,2,59350,M,,,59
200800034956,8,6,12,400,1,1,1,2,5,59491,M,,,59
200800034957,8,6,14,610,1,1,1,1,7,59009,M,,,59
200800034958,8,6,14,2040,1,1,1,1,6,59459,M,,,59
200800034959,8,6,15,2150,1,1,1,1,2,59603,M,,,59
200800034960,8,6,16,1130,1,1,1,1,3,59560,M,,,59
200800034961,8,6,17,2253,3,1,1,1,2,59364,M,,,59
200800034962,8,6,17,2340,3,1,1,1,4,59511,M,,,59
200800034963,8,6,18,1115,1,1,1,1,6,59131,M,,,59
200800034964,8,6,18,1355,1,1,1,1,6,59215,M,,,59
200800034965,8,6,18,1800,1,1,1,1,2,62498,M,,,62
200800034966,8,6,19,1820,1,1,1,1,2,59350,M,,,59
200800034967,8,6,20,841,1,1,1,1,5,62351,M,,,62
200800034968,8,6,22,332,4,1,1,1,2,62628,M,,,62
200800034969,8,6,23,1700,1,1,1,1,2,59350,M,,,59
200800034970,8,6,23,1701,1,1,1,1,6,59350,M,,,59
200800034971,8,6,24,730,1,1,1,1,7,59286,M,,,59
200800034972,8,6,24,1435,1,1,1,1,5,59094,M,,,59
200800034973,8,6,25,1330,1,1,1,1,7,59195,M,,,59
200800034974,8,6,26,420,5,1,1,1,2,59556,M,,,59
200800034975,8,6,26,1200,1,1,1,1,2,59350,M,,,59
200800034976,8,6,28,535,2,1,1,1,7,59410,M,,,59
200800034977,8,6,28,1210,1,1,1,1,3,59609,M,,,59
200800034978,8,6,29,1515,1,1,1,1,6,59343,M,,,59
200800034979,8,6,29,1515,1,1,1,1,6,59508,M,,,59
200800034980,8,6,29,2030,1,1,1,1,3,59665,M,,,59
200800034981,8,6,30,925,1,1,1,1,6,62637,M,,,62
200800034982,8,6,30,1800,1,1,1,1,4,62427,M,,,62
200800034983,8,6,30,2110,1,1,1,1,6,62907,M,,,62
200800034984,8,6,3,1220,1,2,3,1,5,69386,M,,,69
200800034985,8,6,1,1430,1,2,2,1,3,69383,M,,,69
200800034986,8,6,3,1315,1,2,2,1,3,69383,M,,,69
200800034987,8,6,5,820,1,2,2,2,3,69383,M,,,69
200800034988,8,6,8,340,5,2,1,2,6,69383,M,,,69
200800034989,8,6,12,2000,1,2,2,1,7,69386,M,,,69
200800034990,8,6,13,1240,1,2,2,1,3,69383,M,,,69
200800034991,8,6,14,745,1,2,1,1,2,69383,M,,,69
200800034992,8,6,4,920,1,2,9,1,2,69383,M,,,69
200800034993,8,6,11,1920,1,2,1,1,6,69383,M,,,69
200800034994,8,6,11,1030,1,2,2,1,3,69386,M,,,69
200800034995,8,6,13,1100,1,2,2,1,3,69383,M,,,69
200800034996,8,6,17,1715,1,2,1,1,6,69386,M,,,69
200800034997,8,6,23,1945,1,2,2,1,3,69386,M,,,69
200800034998,8,6,24,1620,1,2,2,1,3,69383,M,,,69
200800034999,8,6,16,840,1,2,1,1,6,69383,M,,,69
200800035000,8,6,26,840,1,2,2,1,6,69383,M,,,69
200800035001,8,6,19,1400,1,2,2,1,2,69383,M,,,69
200800035002,8,6,19,2330,5,2,1,1,2,69386,M,,,69
200800035003,8,6,28,1325,1,2,1,1,2,69383,M,,,69
200800035004,8,6,28,1430,1,2,2,1,3,69383,M,,,69
200800035005,8,6,29,1650,1,2,2,1,3,69383,M,,,69
200800035006,8,6,20,1855,1,2,2,1,6,69383,M,,,69
200800035007,8,6,24,1105,1,2,2,1,6,69386,M,,,69
200800035008,8,6,2,1610,1,2,3,1,6,69384,M,,,69
200800035009,8,6,27,825,1,2,1,1,6,69384,M,,,69
200800035010,8,6,2,1530,1,1,1,1,2,33013,M,,,33
200800035011,8,6,3,735,2,1,1,2,7,33162,M,,,33
200800035012,8,6,10,1625,1,1,1,1,7,33249,M,,,33
200800035013,8,6,12,1040,1,1,1,1,6,33075,M,,,33
200800035014,8,6,12,1125,1,1,1,1,4,33143,M,,,33
200800035015,8,6,16,1110,1,1,1,2,3,33065,M,,,33
200800035016,8,6,20,1700,1,1,1,1,6,33397,M,,,33
200800035017,8,6,20,1820,1,1,1,1,4,33063,M,,,33
200800035018,8,6,23,720,1,1,1,1,7,33065,M,,,33
200800035019,8,6,23,735,1,1,1,1,7,33318,M,,,33
200800035020,8,6,23,940,1,1,1,1,4,33075,M,,,33
200800035021,8,6,26,1340,1,1,1,1,2,33249,M,,,33
200800035022,8,6,28,2120,2,1,1,1,2,33192,M,,,33
200800035023,8,6,30,745,1,1,1,1,4,33167,M,,,33
200800035024,8,6,30,1915,1,1,1,1,2,33281,M,,,33
200800035025,8,6,16,1635,1,2,3,2,6,69385,M,,,69
200800035026,8,6,21,2040,1,2,1,1,3,69385,M,,,69
200800035027,8,6,30,1745,1,2,1,1,2,69385,M,,,69
200800035028,8,6,6,1030,1,1,1,1,3,67482,M,,,67
200800035029,8,6,10,905,1,1,1,1,2,67482,M,,,67
200800035030,8,6,12,840,1,1,1,1,2,67482,M,,,67
200800035031,8,6,24,1945,1,1,1,1,6,67482,M,,,67
200800035032,8,6,3,900,1,1,1,1,3,54571,M,,,54
200800035033,8,6,3,1638,1,1,1,1,3,57480,M,,,57
200800035034,8,6,9,1630,1,1,9,1,7,57672,M,,,57
200800035035,8,6,13,1922,1,1,1,1,2,57463,M,,,57
200800035036,8,6,21,1730,1,1,1,1,2,57194,M,,,57
200800035037,8,6,9,2115,5,2,1,3,3,69387,M,,,69
200800035038,8,6,13,1235,1,2,1,1,2,69387,M,,,69
200800035039,8,6,5,1855,1,2,1,1,6,69387,M,,,69
200800035040,8,6,21,2005,1,2,2,1,3,69387,M,,,69
200800035041,8,6,19,1530,1,2,1,1,7,69387,M,,,69
200800035042,8,6,27,2100,1,2,1,1,2,69387,M,,,69
200800035043,8,6,29,125,5,2,1,1,6,69387,M,,,69
200800035044,8,6,29,1820,1,2,2,1,3,69387,M,,,69
200800035045,8,6,30,1855,1,2,3,1,3,69387,M,,,69
200800035046,8,6,27,1600,1,2,3,1,6,69387,M,,,69
200800035047,8,6,19,1940,1,2,2,1,2,69387,M,,,69
200800035048,8,6,29,720,1,2,2,1,6,69387,M,,,69
200800035049,8,6,24,855,1,2,1,1,2,69387,M,,,69
200800035050,8,6,1,2130,2,2,1,1,6,69388,M,,,69
200800035051,8,6,7,1800,1,2,2,1,6,69388,M,,,69
200800035052,8,6,14,1955,1,2,1,1,6,69388,M,,,69
200800035053,8,6,20,1155,1,2,1,1,7,69388,M,,,69
200800035054,8,6,28,825,1,2,1,1,6,69388,M,,,69
200800035055,8,6,6,430,3,1,1,3,3,42186,M,,,42
200800035056,8,6,14,320,3,1,1,1,3,42097,M,,,42
200800035057,8,6,16,1630,1,1,1,2,6,42186,M,,,42
200800035058,8,6,18,1345,1,1,1,1,7,42237,M,,,42
200800035059,8,6,30,1420,1,1,1,1,3,42218,M,,,42
200800035060,8,6,2,950,1,1,1,8,7,69152,M,,,69
200800035061,8,6,4,1720,1,1,1,1,3,69266,M,,,69
200800035062,8,6,6,810,1,1,1,2,6,69199,M,,,69
200800035063,8,6,7,615,2,1,1,2,7,69029,M,,,69
200800035064,8,6,12,1710,1,1,1,1,2,69034,M,,,69
200800035065,8,6,16,1510,1,1,1,3,6,69288,M,,,69
200800035066,8,6,19,1900,1,1,1,1,3,69283,M,,,69
200800035067,8,6,20,545,2,1,1,1,7,69055,M,,,69
200800035068,8,6,20,1440,1,1,1,1,3,69290,M,,,69
200800035069,8,6,22,1330,1,1,1,1,6,69286,M,,,69
200800035070,8,6,23,1000,1,1,1,1,6,69029,M,,,69
200800035071,8,6,23,1750,1,1,1,1,7,69033,M,,,69
200800035072,8,6,24,545,1,1,1,1,2,69286,M,,,69
200800035073,8,6,26,2235,3,1,1,1,2,69286,M,,,69
200800035074,8,6,26,2115,1,1,1,1,2,69272,M,,,69
200800035075,8,6,27,1300,1,1,1,1,7,69116,M,,,69
200800035076,8,6,28,1210,1,1,1,1,6,69204,M,,,69
200800035077,8,6,28,1400,1,1,1,1,2,69266,M,,,69
200800035078,8,6,30,1650,1,1,1,1,2,69271,M,,,69
200800035079,8,6,30,2045,1,1,1,1,3,69297,M,,,69
200800035080,8,6,2,1715,1,2,1,1,6,69389,M,,,69
200800035081,8,6,6,325,5,2,1,2,6,69389,M,,,69
200800035082,8,6,7,1925,1,2,1,1,5,69389,M,,,69
200800035083,8,6,8,1912,2,2,3,8,2,69389,M,,,69
200800035084,8,6,9,750,1,2,1,1,6,69389,M,,,69
200800035085,8,6,4,1645,1,2,1,1,6,69389,M,,,69
200800035086,8,6,3,1150,1,2,1,1,6,69389,M,,,69
200800035087,8,6,18,1400,1,2,9,1,2,69389,M,,,69
200800035088,8,6,18,1620,1,2,9,1,3,69389,M,,,69
200800035089,8,6,21,1455,1,2,1,1,6,69389,M,,,69
200800035090,8,6,21,830,1,2,1,1,3,69389,M,,,69
200800035091,8,6,27,1320,1,2,1,1,3,69389,M,,,69
200800035092,8,6,28,1852,1,2,1,1,2,69389,M,,,69
200800035093,8,6,30,1345,1,2,1,1,2,69389,M,,,69
200800035094,8,6,2,200,5,1,1,2,7,83137,M,,,83
200800035095,8,6,2,1805,1,1,1,1,4,83144,M,,,83
200800035096,8,6,3,1625,1,1,1,1,2,83137,M,,,83
200800035097,8,6,5,935,1,1,1,1,4,83062,M,,,83
200800035098,8,6,6,845,1,1,1,2,4,83137,M,,,83
200800035099,8,6,9,1250,1,1,1,1,7,83090,M,,,83
200800035100,8,6,11,2052,1,1,1,1,2,83137,M,,,83
200800035101,8,6,15,1926,1,1,1,1,4,83144,M,,,83
200800035102,8,6,19,824,1,1,1,1,2,83090,M,,,83
200800035103,8,6,19,1808,1,1,1,1,2,83137,M,,,83
200800035104,8,6,27,715,1,1,9,1,2,83144,M,,,83
200800035105,8,6,1,115,3,1,1,1,6,13085,M,,,13
200800035106,8,6,2,2245,3,1,1,1,6,13005,M,,,13
200800035107,8,6,3,1436,1,1,1,1,7,13215,M,,,13
200800035108,8,6,3,2222,3,1,1,2,7,13081,M,,,13
200800035109,8,6,4,1934,1,1,1,1,3,13056,M,,,13
200800035110,8,6,5,1025,1,1,1,1,3,13215,M,,,13
200800035111,8,6,6,1815,1,1,1,1,4,13211,M,,,13
200800035112,8,6,7,2020,2,1,1,1,3,13019,M,,,13
200800035113,8,6,8,645,2,1,1,2,6,13214,M,,,13
200800035114,8,6,9,1430,1,1,1,1,3,13215,M,,,13
200800035115,8,6,9,1745,1,1,1,1,6,13055,M,,,13
200800035116,8,6,10,1110,1,1,1,1,6,13085,M,,,13
200800035117,8,6,11,1755,1,1,1,1,4,13211,M,,,13
200800035118,8,6,27,240,3,1,1,3,2,13106,M,,,13
200800035119,8,6,13,739,2,1,1,1,2,13215,M,,,13
200800035120,8,6,13,833,1,1,1,1,6,13001,M,,,13
200800035121,8,6,13,920,1,1,1,1,3,13211,M,,,13
200800035122,8,6,14,50,3,1,1,1,6,13117,M,,,13
200800035123,8,6,14,2005,1,1,3,1,2,13085,M,,,13
200800035124,8,6,15,40,3,1,1,1,7,13005,M,,,13
200800035125,8,6,15,2310,3,1,1,1,6,13071,M,,,13
200800035126,8,6,16,1510,1,1,1,1,6,13117,M,,,13
200800035127,8,6,17,1215,1,1,1,1,6,13056,M,,,13
200800035128,8,6,17,1250,1,1,1,8,7,13005,M,,,13
200800035129,8,6,19,10,3,1,1,1,3,13117,M,,,13
200800035130,8,6,19,1725,1,1,1,1,4,13019,M,,,13
200800035131,8,6,21,1630,1,1,1,1,6,13019,M,,,13
200800035132,8,6,21,2006,1,1,1,1,3,13215,M,,,13
200800035133,8,6,22,540,2,1,1,1,6,13005,M,,,13
200800035134,8,6,22,1830,1,1,1,1,4,13214,M,,,13
200800035135,8,6,23,1350,1,1,1,1,2,13202,M,,,13
200800035136,8,6,23,1530,1,1,1,1,7,13028,M,,,13
200800035137,8,6,20,1100,1,1,1,2,4,13071,M,,,13
200800035138,8,6,20,1445,1,1,1,1,7,13117,M,,,13
200800035139,8,6,21,454,3,1,1,1,2,13081,M,,,13
200800035140,8,6,24,1700,1,1,1,1,4,13202,M,,,13
200800035141,8,6,25,720,1,1,1,1,2,13005,M,,,13
200800035142,8,6,25,1158,1,1,9,1,6,13001,M,,,13
200800035143,8,6,25,1240,1,1,1,1,1,13001,M,,,13
200800035144,8,6,25,1830,1,1,1,1,4,13071,M,,,13
200800035145,8,6,26,615,2,1,1,1,6,13214,M,,,13
200800035146,8,6,26,1419,1,1,1,1,2,13203,M,,,13
200800035147,8,6,27,1759,1,1,1,1,7,13026,M,,,13
200800035148,8,6,28,1010,1,1,9,1,3,13215,M,,,13
200800035149,8,6,29,429,3,1,1,1,6,13005,M,,,13
200800035150,8,6,29,1045,1,1,1,1,4,13033,M,,,13
200800035151,8,6,30,1020,1,1,1,1,7,13056,M,,,13
200800035152,8,6,24,605,1,2,2,1,2,75101,M,,,75
200800035153,8,6,1,330,5,2,2,1,3,75101,M,,,75
200800035154,8,6,2,1530,1,2,2,2,2,75101,M,,,75
200800035155,8,6,3,645,1,2,1,1,2,75101,M,,,75
200800035156,8,6,11,700,1,2,1,1,6,75101,M,,,75
200800035157,8,6,11,1147,1,2,1,1,6,75101,M,,,75
200800035158,8,6,16,1625,1,2,2,2,7,75101,M,,,75
200800035159,8,6,16,1900,1,2,1,1,6,75101,M,,,75
200800035160,8,6,20,1245,1,2,2,1,3,75101,M,,,75
200800035161,8,6,21,1610,1,2,1,1,3,75101,M,,,75
200800035162,8,6,21,1629,1,2,1,1,4,75101,M,,,75
200800035163,8,6,25,1545,1,2,2,1,3,75108,M,,,75
200800035164,8,6,25,1900,1,2,2,1,6,75101,M,,,75
200800035165,8,6,27,1630,1,2,2,1,6,75101,M,,,75
200800035166,8,6,29,653,1,2,2,1,2,75101,M,,,75
200800035167,8,6,30,415,5,2,1,1,6,75101,M,,,75
200800035168,8,6,30,1942,5,2,1,1,2,75104,M,,,75
200800035169,8,6,1,1600,1,2,2,8,3,75102,M,,,75
200800035170,8,6,2,400,4,2,1,2,6,75102,M,,,75
200800035171,8,6,3,2105,2,2,5,8,6,75102,M,,,75
200800035172,8,6,5,1525,1,2,2,1,3,75102,M,,,75
200800035173,8,6,9,1225,1,2,2,1,7,75103,M,,,75
200800035174,8,6,10,1150,1,2,3,1,6,75102,M,,,75
200800035175,8,6,10,2330,5,2,1,1,2,75102,M,,,75
200800035176,8,6,13,2120,2,2,2,1,3,75102,M,,,75
200800035177,8,6,23,1050,1,2,2,1,4,75102,M,,,75
200800035178,8,6,26,1810,1,2,1,1,6,75103,M,,,75
200800035179,8,6,30,1845,1,2,2,1,7,75102,M,,,75
200800035180,8,6,30,2240,5,2,2,1,3,75102,M,,,75
200800035181,8,6,1,1210,1,2,2,7,6,75103,M,,,75
200800035182,8,6,3,950,1,2,1,8,6,75103,M,,,75
200800035183,8,6,13,1915,1,2,2,1,3,75103,M,,,75
200800035184,8,6,13,2310,5,2,2,1,3,75103,M,,,75
200800035185,8,6,14,35,5,2,2,1,3,75103,M,,,75
200800035186,8,6,18,1715,1,2,2,1,6,75103,M,,,75
200800035187,8,6,19,1715,1,2,6,8,3,75103,M,,,75
200800035188,8,6,24,2315,5,2,2,1,3,75103,M,,,75
200800035189,8,6,25,1242,1,2,3,1,2,75103,M,,,75
200800035190,8,6,26,1700,1,2,2,1,3,75103,M,,,75
200800035191,8,6,27,235,5,2,2,1,3,75103,M,,,75
200800035192,8,6,27,1145,1,2,2,1,7,75103,M,,,75
200800035193,8,6,2,1430,1,2,2,1,6,75104,M,,,75
200800035194,8,6,2,2310,5,2,1,2,6,75104,M,,,75
200800035195,8,6,6,855,1,2,1,1,3,75103,M,,,75
200800035196,8,6,7,1540,1,2,1,1,5,75104,M,,,75
200800035197,8,6,8,20,5,2,1,1,6,75104,M,,,75
200800035198,8,6,9,1528,1,2,3,1,3,75104,M,,,75
200800035199,8,6,12,1920,1,2,1,2,7,75104,M,,,75
200800035200,8,6,12,1950,1,2,1,8,7,75104,M,,,75
200800035201,8,6,13,1910,1,2,2,1,3,75104,M,,,75
200800035202,8,6,16,1020,1,2,2,1,6,75104,M,,,75
200800035203,8,6,18,1040,1,2,2,1,6,75104,M,,,75
200800035204,8,6,25,1115,2,2,2,1,6,75104,M,,,75
200800035205,8,6,26,1110,1,2,1,1,6,75104,M,,,75
200800035206,8,6,26,1935,1,2,1,1,3,75104,M,,,75
200800035207,8,6,30,1932,1,2,2,1,6,75104,M,,,75
200800035208,8,6,4,1615,1,2,1,1,6,75105,M,,,75
200800035209,8,6,1,2255,5,2,2,1,5,75105,M,,,75
200800035210,8,6,2,1230,1,2,2,8,3,75105,M,,,75
200800035211,8,6,5,925,1,2,2,1,4,75105,M,,,75
200800035212,8,6,7,1220,1,2,2,1,3,75105,M,,,75
200800035213,8,6,10,1845,1,2,1,1,6,75105,M,,,75
200800035214,8,6,10,1930,1,2,3,1,6,75105,M,,,75
200800035215,8,6,11,1331,1,2,2,1,6,75105,M,,,75
200800035216,8,6,14,1820,1,2,4,1,6,75105,M,,,75
200800035217,8,6,15,1510,1,2,2,1,3,75105,M,,,75
200800035218,8,6,16,1900,1,2,1,1,6,75105,M,,,75
200800035219,8,6,17,910,1,2,2,1,3,75105,M,,,75
200800035220,8,6,17,1539,1,2,2,1,3,75105,M,,,75
200800035221,8,6,18,1157,1,2,2,1,1,75105,M,,,75
200800035222,8,6,20,1030,1,2,1,1,6,75105,M,,,75
200800035223,8,6,21,1115,1,2,1,1,6,75105,M,,,75
200800035224,8,6,21,1540,1,2,2,1,3,75106,M,,,75
200800035225,8,6,21,1555,1,2,1,1,6,75105,M,,,75
200800035226,8,6,23,1915,1,2,1,1,6,75105,M,,,75
200800035227,8,6,24,1134,1,2,2,1,1,75105,M,,,75
200800035228,8,6,25,930,1,2,1,1,3,75105,M,,,75
200800035229,8,6,26,1705,1,2,1,1,3,75105,M,,,75
200800035230,8,6,29,1903,1,2,2,1,3,75105,M,,,75
200800035231,8,6,30,1545,1,2,2,1,3,75105,M,,,75
200800035232,8,6,1,1950,1,2,1,8,6,75106,M,,,75
200800035233,8,6,2,1830,1,2,2,1,3,75106,M,,,75
200800035234,8,6,4,2140,5,2,2,1,2,75106,M,,,75
200800035235,8,6,5,1122,1,2,3,1,6,75106,M,,,75
200800035236,8,6,5,2020,1,2,2,1,3,75106,M,,,75
200800035237,8,6,6,1720,1,2,5,1,3,75106,M,,,75
200800035238,8,6,6,1920,1,2,2,1,3,75106,M,,,75
200800035239,8,6,9,1750,1,2,1,1,6,75106,M,,,75
200800035240,8,6,11,800,1,2,1,1,3,75106,M,,,75
200800035241,8,6,12,1330,1,2,2,3,6,75106,M,,,75
200800035242,8,6,12,1940,1,2,1,1,6,75106,M,,,75
200800035243,8,6,13,1158,1,2,2,1,6,75106,M,,,75
200800035244,8,6,14,2005,1,2,2,1,6,75106,M,,,75
200800035245,8,6,18,1650,1,2,3,1,6,75106,M,,,75
200800035246,8,6,19,45,5,2,2,1,6,75106,M,,,75
200800035247,8,6,19,118,5,2,2,1,3,75106,M,,,75
200800035248,8,6,21,540,1,2,2,1,7,75106,M,,,75
200800035249,8,6,23,1225,1,2,1,1,6,75106,M,,,75
200800035250,8,6,23,2030,1,2,2,1,6,75106,M,,,75
200800035251,8,6,26,1500,1,2,1,1,6,75106,M,,,75
200800035252,8,6,27,1540,1,2,1,1,2,75106,M,,,75
200800035253,8,6,2,150,5,2,1,1,6,75107,M,,,75
200800035254,8,6,2,1400,1,2,2,2,6,75107,M,,,75
200800035255,8,6,3,910,1,2,2,1,3,75107,M,,,75
200800035256,8,6,4,845,1,2,2,2,7,75107,M,,,75
200800035257,8,6,4,2100,1,2,6,1,2,75107,M,,,75
200800035258,8,6,5,1940,1,2,2,1,3,75107,M,,,75
200800035259,8,6,8,15,5,2,5,1,3,75107,M,,,75
200800035260,8,6,8,2115,4,2,2,1,3,75107,M,,,75
200800035261,8,6,10,1750,1,2,4,1,3,75107,M,,,75
200800035262,8,6,11,835,1,2,2,1,3,75107,M,,,75
200800035263,8,6,12,1330,1,2,3,2,2,75107,M,,,75
200800035264,8,6,12,1750,1,2,1,1,2,75107,M,,,75
200800035265,8,6,14,535,2,2,1,1,6,75107,M,,,75
200800035266,8,6,14,905,1,2,2,1,6,75107,M,,,75
200800035267,8,6,14,1356,1,2,3,1,7,75107,M,,,75
200800035268,8,6,16,50,5,2,4,1,3,75107,M,,,75
200800035269,8,6,17,955,1,2,1,1,2,75107,M,,,75
200800035270,8,6,17,1555,1,2,3,1,6,75107,M,,,75
200800035271,8,6,17,1655,1,2,1,1,3,75107,M,,,75
200800035272,8,6,17,1930,1,2,1,1,2,75115,M,,,75
200800035273,8,6,19,745,1,2,3,1,3,75107,M,,,75
200800035274,8,6,21,1915,1,2,1,1,2,75107,M,,,75
200800035275,8,6,23,1638,1,2,2,1,7,75107,M,,,75
200800035276,8,6,25,1415,1,2,2,1,7,75107,M,,,75
200800035277,8,6,27,1005,1,2,1,1,3,75107,M,,,75
200800035278,8,6,3,1400,1,2,1,1,6,75108,M,,,75
200800035279,8,6,3,1530,1,2,1,1,7,75108,M,,,75
200800035280,8,6,4,830,1,2,2,2,3,75108,M,,,75
200800035281,8,6,4,1310,1,2,2,1,2,75108,M,,,75
200800035282,8,6,4,1830,1,2,3,1,3,75108,M,,,75
200800035283,8,6,5,755,1,2,1,1,4,75108,M,,,75
200800035284,8,6,5,1600,1,2,3,1,2,75108,M,,,75
200800035285,8,6,6,235,5,2,1,1,6,75108,M,,,75
200800035286,8,6,6,932,1,2,1,1,3,75108,M,,,75
200800035287,8,6,7,540,2,2,1,1,7,75108,M,,,75
200800035288,8,6,9,1045,1,2,1,1,6,75108,M,,,75
200800035289,8,6,9,2320,5,2,2,1,3,75108,M,,,75
200800035290,8,6,10,1937,1,2,1,1,7,75108,M,,,75
200800035291,8,6,10,2045,2,2,1,1,1,75108,M,,,75
200800035292,8,6,12,1000,1,2,2,2,3,75108,M,,,75
200800035293,8,6,12,1125,1,2,1,1,6,75108,M,,,75
200800035294,8,6,12,1230,1,2,1,3,6,75108,M,,,75
200800035295,8,6,12,1415,1,2,1,2,6,75108,M,,,75
200800035296,8,6,12,1545,1,2,1,1,3,75116,M,,,75
200800035297,8,6,13,2215,5,2,1,1,3,75108,M,,,75
200800035298,8,6,15,1430,1,2,1,1,7,75108,M,,,75
200800035299,8,6,16,855,1,2,1,1,6,75108,M,,,75
200800035300,8,6,16,1745,1,2,2,1,6,75108,M,,,75
200800035301,8,6,18,2329,5,2,1,1,6,75108,M,,,75
200800035302,8,6,21,1245,1,2,3,1,3,75108,M,,,75
200800035303,8,6,21,2150,1,2,3,1,3,75108,M,,,75
200800035304,8,6,23,900,1,2,2,1,6,75108,M,,,75
200800035305,8,6,24,1120,1,2,2,1,1,75108,M,,,75
200800035306,8,6,24,1325,1,2,2,1,6,75108,M,,,75
200800035307,8,6,24,2025,2,2,1,1,7,75108,M,,,75
200800035308,8,6,24,2345,5,2,2,1,2,75108,M,,,75
200800035309,8,6,26,905,1,2,2,1,4,75108,M,,,75
200800035310,8,6,26,2000,1,2,3,1,3,75108,M,,,75
200800035311,8,6,26,2050,1,2,2,1,3,75108,M,,,75
200800035312,8,6,27,1750,1,2,2,1,3,75108,M,,,75
200800035313,8,6,27,1650,1,2,1,1,6,75108,M,,,75
200800035314,8,6,28,1730,1,2,2,1,7,75108,M,,,75
200800035315,8,6,30,2000,1,2,1,1,3,75108,M,,,75
200800035316,8,6,11,945,1,2,5,1,6,75109,M,,,75
200800035317,8,6,2,50,5,2,1,1,6,75109,M,,,75
200800035318,8,6,3,1455,1,2,1,1,3,75109,M,,,75
200800035319,8,6,5,845,1,2,1,1,2,75109,M,,,75
200800035320,8,6,5,1700,1,2,1,1,7,75109,M,,,75
200800035321,8,6,6,1450,1,2,1,8,6,75109,M,,,75
200800035322,8,6,6,1820,1,2,1,1,7,75109,M,,,75
200800035323,8,6,11,1350,1,2,1,1,6,75109,M,,,75
200800035324,8,6,12,858,1,2,2,1,6,75109,M,,,75
200800035325,8,6,13,1505,1,2,7,1,6,75109,M,,,75
200800035326,8,6,13,1420,1,2,1,1,2,75109,M,,,75
200800035327,8,6,13,2215,5,2,1,1,6,75109,M,,,75
200800035328,8,6,17,1210,1,2,2,1,4,75109,M,,,75
200800035329,8,6,18,1945,1,2,1,1,2,75109,M,,,75
200800035330,8,6,22,1935,1,2,2,1,3,75109,M,,,75
200800035331,8,6,24,5,5,2,1,1,6,75109,M,,,75
200800035332,8,6,24,1140,1,2,2,1,3,75109,M,,,75
200800035333,8,6,24,1335,1,2,2,1,2,75109,M,,,75
200800035334,8,6,25,840,1,2,1,1,6,75109,M,,,75
200800035335,8,6,25,1220,1,2,2,1,6,75109,M,,,75
200800035336,8,6,25,1615,1,2,1,1,6,75109,M,,,75
200800035337,8,6,25,1600,1,2,3,1,3,75109,M,,,75
200800035338,8,6,25,1725,1,2,2,1,6,75109,M,,,75
200800035339,8,6,26,925,1,2,7,1,6,75109,M,,,75
200800035340,8,6,26,1430,1,2,2,1,1,75109,M,,,75
200800035341,8,6,27,310,5,2,1,1,6,75109,M,,,75
200800035342,8,6,27,2115,1,2,2,1,6,75109,M,,,75
200800035343,8,6,30,1150,1,2,1,1,5,75109,M,,,75
200800035344,8,6,1,345,5,2,1,1,2,75110,M,,,75
200800035345,8,6,1,1240,1,2,1,1,4,75110,M,,,75
200800035346,8,6,1,1745,1,2,1,1,1,75110,M,,,75
200800035347,8,6,2,325,3,2,1,1,6,75110,M,,,75
200800035348,8,6,2,805,1,2,5,2,3,75110,M,,,75
200800035349,8,6,3,650,1,2,1,1,6,75110,M,,,75
200800035350,8,6,5,2233,5,2,2,1,6,75110,M,,,75
200800035351,8,6,8,1600,1,2,2,1,3,75110,M,,,75
200800035352,8,6,9,1715,1,2,1,1,6,75110,M,,,75
200800035353,8,6,9,2000,1,2,2,1,6,75110,M,,,75
200800035354,8,6,11,223,5,2,1,1,2,75110,M,,,75
200800035355,8,6,11,1920,1,2,2,1,3,75110,M,,,75
200800035356,8,6,12,1715,1,2,1,1,6,75110,M,,,75
200800035357,8,6,13,1040,1,2,4,1,3,75110,M,,,75
200800035358,8,6,13,1315,1,2,2,1,3,75110,M,,,75
200800035359,8,6,13,1345,1,2,1,1,6,75110,M,,,75
200800035360,8,6,13,1810,1,2,2,1,3,75110,M,,,75
200800035361,8,6,14,40,5,2,2,1,7,75110,M,,,75
200800035362,8,6,14,1255,1,2,1,1,7,75110,M,,,75
200800035363,8,6,15,143,5,2,1,1,2,75110,M,,,75
200800035364,8,6,16,955,1,2,1,1,6,75110,M,,,75
200800035365,8,6,16,1220,1,2,4,1,3,75110,M,,,75
200800035366,8,6,16,1755,1,2,2,1,6,75110,M,,,75
200800035367,8,6,17,2305,5,2,2,1,6,75110,M,,,75
200800035368,8,6,19,1600,1,2,2,2,7,75110,M,,,75
200800035369,8,6,20,800,1,2,1,1,7,75110,M,,,75
200800035370,8,6,20,1620,1,2,1,1,3,75110,M,,,75
200800035371,8,6,21,2005,1,2,2,1,6,75110,M,,,75
200800035372,8,6,21,2250,5,2,1,1,3,75110,M,,,75
200800035373,8,6,22,2020,1,2,2,1,3,75110,M,,,75
200800035374,8,6,24,1600,1,2,1,1,1,75110,M,,,75
200800035375,8,6,24,2055,1,2,1,1,6,75110,M,,,75
200800035376,8,6,26,2050,1,2,1,1,6,75110,M,,,75
200800035377,8,6,27,1050,1,2,1,1,6,75110,M,,,75
200800035378,8,6,29,1500,1,2,2,1,3,75110,M,,,75
200800035379,8,6,30,915,1,2,1,1,6,75110,M,,,75
200800035380,8,6,3,1610,1,2,2,1,3,75111,M,,,75
200800035381,8,6,4,1940,1,2,2,1,3,75111,M,,,75
200800035382,8,6,5,900,1,2,1,8,6,75111,M,,,75
200800035383,8,6,5,955,1,2,1,1,6,75111,M,,,75