Num_Acc,an,mois,jour,hrmn,lum,agg,int,atm,col,com,gps,lat,long,dep
200800035384,8,6,5,1120,1,2,1,1,6,75111,M,,,75
200800035385,8,6,5,1845,1,2,4,1,3,75111,M,,,75
200800035386,8,6,6,1340,1,2,2,1,3,75111,M,,,75
200800035387,8,6,6,1615,1,2,1,1,6,75111,M,,,75
200800035388,8,6,9,1930,1,2,1,1,3,75111,M,,,75
200800035389,8,6,10,1020,1,2,2,1,6,75111,M,,,75
200800035390,8,6,11,1045,1,2,3,1,6,75111,M,,,75
200800035391,8,6,13,1910,1,2,2,1,3,75111,M,,,75
200800035392,8,6,10,2245,5,2,1,1,2,75111,M,,,75
200800035393,8,6,14,1505,1,2,2,1,3,75111,M,,,75
200800035394,8,6,15,220,5,2,1,1,7,75111,M,,,75
200800035395,8,6,15,1214,1,2,1,1,6,75111,M,,,75
200800035396,8,6,16,753,1,2,1,1,6,75111,M,,,75
200800035397,8,6,17,2335,5,2,2,1,7,75111,M,,,75
200800035398,8,6,18,855,1,2,1,1,2,75111,M,,,75
200800035399,8,6,18,2250,5,2,2,1,3,75111,M,,,75
200800035400,8,6,19,1050,1,2,2,1,3,75111,M,,,75
200800035401,8,6,19,1538,1,2,1,2,2,75111,M,,,75
200800035402,8,6,19,2145,2,2,1,1,6,75111,M,,,75
200800035403,8,6,21,45,5,2,2,1,6,75111,M,,,75
200800035404,8,6,22,110,5,2,1,1,6,75111,M,,,75
200800035405,8,6,22,1655,1,2,1,1,6,75111,M,,,75
200800035406,8,6,23,1000,1,2,1,1,5,75110,M,,,75
200800035407,8,6,25,1720,1,2,2,1,5,75111,M,,,75
200800035408,8,6,26,1355,1,2,9,1,6,75111,M,,,75
200800035409,8,6,27,1700,1,2,2,1,2,75111,M,,,75
200800035410,8,6,27,2100,1,2,2,1,6,75111,M,,,75
200800035411,8,6,29,455,5,2,3,1,3,75111,M,,,75
200800035412,8,6,29,630,2,2,1,1,2,75111,M,,,75
200800035413,8,6,4,805,1,2,1,1,6,75112,M,,,75
200800035414,8,6,1,1220,1,2,1,1,7,75112,M,,,75
200800035415,8,6,2,1212,1,2,1,1,3,75112,M,,,75
200800035416,8,6,2,1105,1,2,1,2,2,75112,M,,,75
200800035417,8,6,2,1615,1,2,5,8,6,75112,M,,,75
200800035418,8,6,3,610,1,2,1,1,6,75112,M,,,75
200800035419,8,6,3,1520,1,2,2,1,6,75112,M,,,75
200800035420,8,6,3,1935,1,2,1,1,4,75112,M,,,75
200800035421,8,6,4,1200,1,2,2,1,3,75112,M,,,75
200800035422,8,6,4,1650,1,2,2,1,7,75112,M,,,75
200800035423,8,6,5,1910,1,2,1,1,6,75112,M,,,75
200800035424,8,6,5,2245,5,2,3,1,3,75112,M,,,75
200800035425,8,6,6,50,5,2,3,1,2,75112,M,,,75
200800035426,8,6,6,420,5,2,2,1,2,75112,M,,,75
200800035427,8,6,7,625,1,2,1,1,6,75112,M,,,75
200800035428,8,6,9,1310,1,2,2,1,3,75112,M,,,75
200800035429,8,6,9,1700,1,2,1,1,6,75112,M,,,75
200800035430,8,6,10,1215,1,2,2,1,3,75112,M,,,75
200800035431,8,6,11,325,5,2,1,1,6,75111,M,,,75
200800035432,8,6,12,155,5,2,1,1,7,75112,M,,,75
200800035433,8,6,12,925,1,2,1,1,2,75112,M,,,75
200800035434,8,6,12,1630,1,2,1,1,2,75112,M,,,75
200800035435,8,6,13,120,5,2,3,1,1,75112,M,,,75
200800035436,8,6,14,1240,1,2,1,1,7,75112,M,,,75
200800035437,8,6,15,110,5,2,1,1,6,75112,M,,,75
200800035438,8,6,16,1225,1,2,1,1,7,75112,M,,,75
200800035439,8,6,16,1745,1,2,1,1,6,75112,M,,,75
200800035440,8,6,16,1820,1,2,1,1,6,75112,M,,,75
200800035441,8,6,16,1815,1,2,1,1,3,75112,M,,,75
200800035442,8,6,17,1810,1,2,1,1,6,75112,M,,,75
200800035443,8,6,17,2110,1,2,1,1,7,75112,M,,,75
200800035444,8,6,18,830,1,2,1,1,7,75112,M,,,75
200800035445,8,6,18,1550,1,2,2,1,6,75112,M,,,75
200800035446,8,6,19,1545,1,2,1,2,2,75112,M,,,75
200800035447,8,6,20,730,1,2,2,1,6,75112,M,,,75
200800035448,8,6,21,905,1,2,1,1,6,75112,M,,,75
200800035449,8,6,21,1800,1,2,3,1,6,75112,M,,,75
200800035450,8,6,22,805,1,2,1,2,6,75112,M,,,75
200800035451,8,6,23,410,5,2,1,1,2,75112,M,,,75
200800035452,8,6,23,1918,1,2,2,1,3,75112,M,,,75
200800035453,8,6,23,1933,1,2,1,1,3,75112,M,,,75
200800035454,8,6,24,1445,1,2,3,1,3,75112,M,,,75
200800035455,8,6,25,315,5,2,1,1,6,75112,M,,,75
200800035456,8,6,25,1010,1,2,1,1,6,75112,M,,,75
200800035457,8,6,25,1448,1,2,1,1,4,75112,M,,,75
200800035458,8,6,25,1526,1,2,1,1,3,75112,M,,,75
200800035459,8,6,25,1527,1,2,2,1,3,75112,M,,,75
200800035460,8,6,25,1925,1,2,1,1,6,75112,M,,,75
200800035461,8,6,26,110,5,2,2,1,3,75112,M,,,75
200800035462,8,6,26,1334,1,2,1,1,2,75112,M,,,75
200800035463,8,6,26,1520,1,2,1,1,6,75112,M,,,75
200800035464,8,6,26,1610,1,2,2,1,7,75112,M,,,75
200800035465,8,6,26,1640,1,2,1,1,3,75112,M,,,75
200800035466,8,6,26,1615,1,2,2,1,3,75112,M,,,75
200800035467,8,6,26,1932,1,2,1,1,7,75111,M,,,75
200800035468,8,6,26,2245,5,2,3,1,3,75112,M,,,75
200800035469,8,6,27,735,1,2,2,1,3,75112,M,,,75
200800035470,8,6,28,2323,5,2,1,1,6,75112,M,,,75
200800035471,8,6,28,100,5,2,2,1,3,75112,M,,,75
200800035472,8,6,29,220,5,2,2,1,3,75112,M,,,75
200800035473,8,6,29,2220,5,2,2,1,3,75112,M,,,75
200800035474,8,6,10,1955,1,2,1,1,4,75113,M,,,75
200800035475,8,6,1,1608,1,2,2,1,6,75113,M,,,75
200800035476,8,6,2,2305,5,2,1,1,6,75113,M,,,75
200800035477,8,6,3,930,1,2,2,8,3,75113,M,,,75
200800035478,8,6,3,1942,1,2,1,8,6,75113,M,,,75
200800035479,8,6,4,2115,2,2,2,1,6,75113,M,,,75
200800035480,8,6,5,1715,1,2,1,1,3,75113,M,,,75
200800035481,8,6,6,800,1,2,1,8,6,75113,M,,,75
200800035482,8,6,7,1145,1,2,1,1,3,75113,M,,,75
200800035483,8,6,9,925,1,2,1,1,7,75113,M,,,75
200800035484,8,6,11,1225,1,2,3,1,3,75113,M,,,75
200800035485,8,6,11,1800,1,2,1,1,3,75113,M,,,75
200800035486,8,6,12,1920,1,2,1,1,2,75113,M,,,75
200800035487,8,6,15,655,1,2,2,1,5,75113,M,,,75
200800035488,8,6,15,1515,1,2,1,1,2,75113,M,,,75
200800035489,8,6,16,1810,1,2,1,1,6,75113,M,,,75
200800035490,8,6,17,825,1,2,1,1,6,75113,M,,,75
200800035491,8,6,17,1915,1,2,2,1,3,75113,M,,,75
200800035492,8,6,17,2340,5,2,2,1,6,75113,M,,,75
200800035493,8,6,19,1915,1,2,2,1,3,75113,M,,,75
200800035494,8,6,20,2130,2,2,3,1,3,75113,M,,,75
200800035495,8,6,21,2020,1,2,1,1,1,75113,M,,,75
200800035496,8,6,22,2105,1,2,1,1,6,75113,M,,,75
200800035497,8,6,24,1615,1,2,1,1,2,75113,M,,,75
200800035498,8,6,25,1250,2,2,1,1,6,75113,M,,,75
200800035499,8,6,25,1500,1,2,1,1,6,75113,M,,,75
200800035500,8,6,26,1735,1,2,1,1,6,75113,M,,,75
200800035501,8,6,27,915,1,2,3,1,3,75113,M,,,75
200800035502,8,6,27,1650,1,2,1,1,6,75113,M,,,75
200800035503,8,6,1,2215,5,2,2,1,3,75114,M,,,75
200800035504,8,6,2,910,1,2,1,2,6,75114,M,,,75
200800035505,8,6,2,955,1,2,5,8,3,75114,M,,,75
200800035506,8,6,2,2245,5,2,5,2,3,75114,M,,,75
200800035507,8,6,4,1015,1,2,1,1,6,75114,M,,,75
200800035508,8,6,5,1915,1,2,3,1,3,75114,M,,,75
200800035509,8,6,7,1040,1,2,1,1,6,75114,M,,,75
200800035510,8,6,9,230,5,2,1,1,2,75114,M,,,75
200800035511,8,6,12,1720,1,2,2,1,3,75114,M,,,75
200800035512,8,6,12,1945,1,2,3,1,5,75114,M,,,75
200800035513,8,6,14,235,5,2,2,1,3,75114,M,,,75
200800035514,8,6,16,1610,1,2,2,1,1,75114,M,,,75
200800035515,8,6,16,1855,1,2,2,1,6,75114,M,,,75
200800035516,8,6,17,1030,1,2,3,1,3,75114,M,,,75
200800035517,8,6,18,1135,1,2,3,1,7,75114,M,,,75
200800035518,8,6,18,1315,1,2,1,1,3,75114,M,,,75
200800035519,8,6,18,1750,1,2,2,1,6,75114,M,,,75
200800035520,8,6,19,940,1,2,2,2,3,75114,M,,,75
200800035521,8,6,19,1640,1,2,1,2,6,75114,M,,,75
200800035522,8,6,21,1700,1,2,3,1,6,75114,M,,,75
200800035523,8,6,21,1701,1,2,2,1,6,75114,M,,,75
200800035524,8,6,22,655,1,2,1,2,3,75105,M,,,75
200800035525,8,6,23,705,1,2,1,1,3,75114,M,,,75
200800035526,8,6,23,1325,1,2,2,1,3,75114,M,,,75
200800035527,8,6,23,2315,5,2,2,1,5,75114,M,,,75
200800035528,8,6,24,1155,1,2,2,1,3,75114,M,,,75
200800035529,8,6,25,1445,1,2,2,1,2,75114,M,,,75
200800035530,8,6,25,1855,1,2,2,1,6,75114,M,,,75
200800035531,8,6,25,2055,1,2,1,1,6,75114,M,,,75
200800035532,8,6,26,925,1,2,3,1,6,75114,M,,,75
200800035533,8,6,26,924,1,2,2,1,3,75114,M,,,75
200800035534,8,6,26,1710,1,2,2,1,3,75114,M,,,75
200800035535,8,6,26,2000,1,2,2,1,6,75114,M,,,75
200800035536,8,6,27,2150,5,2,2,1,3,75114,M,,,75
200800035537,8,6,27,2225,5,2,1,1,6,75114,M,,,75
200800035538,8,6,30,850,1,2,2,1,3,75114,M,,,75
200800035539,8,6,1,645,1,2,3,1,6,75115,M,,,75
200800035540,8,6,1,1535,1,2,2,2,6,75115,M,,,75
200800035541,8,6,2,845,1,2,3,1,6,75115,M,,,75
200800035542,8,6,2,1705,1,2,1,1,6,75115,M,,,75
200800035543,8,6,2,1730,1,2,1,8,6,75115,M,,,75
200800035544,8,6,2,1800,1,2,1,1,6,75115,M,,,75
200800035545,8,6,3,900,1,2,1,1,6,75115,M,,,75
200800035546,8,6,3,905,1,2,2,1,3,75115,M,,,75
200800035547,8,6,4,1640,1,2,2,1,7,75115,M,,,75
200800035548,8,6,4,1750,1,2,2,1,6,75115,M,,,75
200800035549,8,6,4,1800,1,2,1,1,6,75115,M,,,75
200800035550,8,6,5,1205,1,2,1,1,3,75115,M,,,75
200800035551,8,6,5,1500,1,2,1,1,2,75115,M,,,75
200800035552,8,6,7,1150,1,2,3,1,6,75115,M,,,75
200800035553,8,6,11,2050,1,2,2,1,3,75115,M,,,75
200800035554,8,6,12,1345,1,2,1,2,7,75115,M,,,75
200800035555,8,6,12,1650,1,2,2,1,2,75115,M,,,75
200800035556,8,6,12,1800,1,2,1,2,5,75115,M,,,75
200800035557,8,6,13,1842,1,2,2,1,3,75115,M,,,75
200800035558,8,6,16,842,1,2,2,1,6,75115,M,,,75
200800035559,8,6,16,1200,1,2,1,1,6,75115,M,,,75
200800035560,8,6,16,2110,1,2,1,1,6,75115,M,,,75
200800035561,8,6,17,1655,1,2,2,1,6,75115,M,,,75
200800035562,8,6,17,1855,1,2,1,1,5,75115,M,,,75
200800035563,8,6,19,2330,5,2,1,1,6,75115,M,,,75
200800035564,8,6,20,1428,1,2,1,1,7,75115,M,,,75
200800035565,8,6,21,234,5,2,1,1,7,75115,M,,,75
200800035566,8,6,21,1910,1,2,2,1,7,75115,M,,,75
200800035567,8,6,22,2105,1,2,3,1,3,75115,M,,,75
200800035568,8,6,22,2030,1,2,1,1,6,75115,M,,,75
200800035569,8,6,23,825,1,2,1,1,2,75115,M,,,75
200800035570,8,6,23,1215,1,2,2,1,3,75115,M,,,75
200800035571,8,6,23,1845,1,2,1,1,7,75115,M,,,75
200800035572,8,6,24,30,5,2,5,1,3,75115,M,,,75
200800035573,8,6,25,930,1,2,2,1,3,75115,M,,,75
200800035574,8,6,25,1140,1,2,2,1,2,75115,M,,,75
200800035575,8,6,25,1325,1,2,3,1,2,75115,M,,,75
200800035576,8,6,25,1150,1,2,2,1,3,75115,M,,,75
200800035577,8,6,25,1915,1,2,1,7,6,75115,M,,,75
200800035578,8,6,26,900,1,2,1,1,3,75115,M,,,75
200800035579,8,6,26,942,1,2,1,7,3,75115,M,,,75
200800035580,8,6,26,1150,1,2,2,1,6,75115,M,,,75
200800035581,8,6,27,232,5,2,2,1,3,75115,M,,,75
200800035582,8,6,28,1150,1,2,2,1,6,75115,M,,,75
200800035583,8,6,30,1155,1,2,2,1,6,75115,M,,,75
200800035584,8,6,30,1955,1,2,2,1,3,75115,M,,,75
200800035585,8,6,1,155,5,2,1,1,6,75116,M,,,75
200800035586,8,6,1,335,5,2,2,1,6,75116,M,,,75
200800035587,8,6,1,1510,1,2,2,1,3,75116,M,,,75
200800035588,8,6,2,1750,1,2,1,1,6,75116,M,,,75
200800035589,8,6,3,1530,1,2,1,2,2,75116,M,,,75
200800035590,8,6,4,630,2,2,2,1,3,75116,M,,,75
200800035591,8,6,4,830,1,2,2,8,3,75116,M,,,75
200800035592,8,6,4,1045,1,2,2,1,6,75116,M,,,75
200800035593,8,6,4,2310,5,2,2,1,1,75116,M,,,75
200800035594,8,6,4,2311,5,2,2,1,6,75116,M,,,75
200800035595,8,6,5,2045,2,2,1,1,7,75116,M,,,75
200800035596,8,6,7,1225,1,2,1,1,4,75116,M,,,75
200800035597,8,6,7,1435,1,2,1,1,6,75116,M,,,75
200800035598,8,6,7,1525,1,2,1,1,3,75116,M,,,75
200800035599,8,6,8,730,1,2,2,1,3,75116,M,,,75
200800035600,8,6,8,1117,1,2,1,1,2,75116,M,,,75
200800035601,8,6,8,2230,5,2,3,1,3,75116,M,,,75
200800035602,8,6,10,1030,1,2,5,1,3,75116,M,,,75
200800035603,8,6,10,2020,1,2,1,1,6,75116,M,,,75
200800035604,8,6,10,1845,1,2,5,1,7,75116,M,,,75
200800035605,8,6,11,1605,1,2,1,1,6,75116,M,,,75
200800035606,8,6,12,1445,1,2,1,1,4,75116,M,,,75
200800035607,8,6,12,1630,1,2,2,1,3,75116,M,,,75
200800035608,8,6,12,1740,1,2,2,2,3,75116,M,,,75
200800035609,8,6,12,2113,1,2,1,1,3,75115,M,,,75
200800035610,8,6,13,540,2,2,2,1,6,75116,M,,,75
200800035611,8,6,13,1105,1,2,2,1,3,75116,M,,,75
200800035612,8,6,13,1650,1,2,1,1,7,75116,M,,,75
200800035613,8,6,15,1315,1,2,2,1,7,75116,M,,,75
200800035614,8,6,16,900,1,2,1,1,3,75116,M,,,75
200800035615,8,6,16,915,1,2,2,1,3,75116,M,,,75
200800035616,8,6,16,1125,1,2,1,1,2,75116,M,,,75
200800035617,8,6,17,855,1,2,2,1,6,75116,M,,,75
200800035618,8,6,17,1630,1,2,2,1,2,75116,M,,,75
200800035619,8,6,18,2300,5,2,1,1,3,75116,M,,,75
200800035620,8,6,19,725,1,2,1,1,6,75116,M,,,75
200800035621,8,6,19,1645,1,2,1,2,7,75116,M,,,75
200800035622,8,6,20,300,5,2,2,1,6,75116,M,,,75
200800035623,8,6,20,1750,1,2,1,8,7,75116,M,,,75
200800035624,8,6,20,2200,5,2,2,1,6,75116,M,,,75
200800035625,8,6,21,1230,1,2,1,1,6,75116,M,,,75
200800035626,8,6,21,2030,2,2,1,1,7,75116,M,,,75
200800035627,8,6,22,315,5,2,2,1,2,75116,M,,,75
200800035628,8,6,22,600,2,2,2,2,3,75116,M,,,75
200800035629,8,6,23,230,5,2,1,1,3,75116,M,,,75
200800035630,8,6,23,900,1,2,2,1,3,75116,M,,,75
200800035631,8,6,23,1630,1,2,2,1,3,75116,M,,,75
200800035632,8,6,24,725,1,2,2,1,6,75116,M,,,75
200800035633,8,6,24,1100,1,2,2,1,3,75116,M,,,75
200800035634,8,6,24,1550,1,2,1,1,6,75116,M,,,75
200800035635,8,6,24,1600,1,2,1,1,6,75116,M,,,75
200800035636,8,6,25,1541,1,2,1,1,6,75116,M,,,75
200800035637,8,6,26,55,5,2,2,1,2,75116,M,,,75
200800035638,8,6,26,100,5,2,1,1,2,75116,M,,,75
200800035639,8,6,27,1230,1,2,1,1,6,75116,M,,,75
200800035640,8,6,29,1345,1,2,1,1,6,75116,M,,,75
200800035641,8,6,29,1500,1,2,1,1,3,75116,M,,,75
200800035642,8,6,30,1250,1,2,2,1,6,75116,M,,,75
200800035643,8,6,21,205,5,2,1,1,6,75117,M,,,75
200800035644,8,6,1,1540,1,2,1,2,3,75117,M,,,75
200800035645,8,6,2,900,2,2,1,1,2,75117,M,,,75
200800035646,8,6,2,936,1,2,1,2,6,75117,M,,,75
200800035647,8,6,3,1100,1,2,4,1,3,75117,M,,,75
200800035648,8,6,3,2010,1,2,2,1,3,75117,M,,,75
200800035649,8,6,4,117,5,2,6,2,7,75117,M,,,75
200800035650,8,6,4,1445,1,2,1,1,7,75117,M,,,75
200800035651,8,6,4,2040,1,2,2,1,3,75117,M,,,75
200800035652,8,6,4,2015,1,2,1,1,6,75117,M,,,75
200800035653,8,6,4,2145,5,2,3,1,3,75117,M,,,75
200800035654,8,6,5,1258,1,2,1,1,6,75117,M,,,75
200800035655,8,6,4,2130,2,2,2,1,3,75117,M,,,75
200800035656,8,6,7,40,5,2,1,1,3,75117,M,,,75
200800035657,8,6,7,1404,1,2,1,1,2,75117,M,,,75
200800035658,8,6,9,1820,1,2,2,1,3,75117,M,,,75
200800035659,8,6,10,1430,1,2,1,7,7,75117,M,,,75
200800035660,8,6,10,1405,1,2,1,1,3,75117,M,,,75
200800035661,8,6,10,1620,1,2,1,7,6,75117,M,,,75
200800035662,8,6,11,1310,1,2,5,1,7,75117,M,,,75
200800035663,8,6,12,1430,1,2,2,1,3,75117,M,,,75
200800035664,8,6,12,1600,1,2,1,1,7,75117,M,,,75
200800035665,8,6,13,1145,1,2,4,1,3,75117,M,,,75
200800035666,8,6,13,2350,5,2,2,1,3,75117,M,,,75
200800035667,8,6,15,1905,1,2,2,1,6,75117,M,,,75
200800035668,8,6,17,1445,1,2,2,1,3,75117,M,,,75
200800035669,8,6,17,2215,5,2,1,1,7,75117,M,,,75
200800035670,8,6,18,1425,1,2,2,1,7,75117,M,,,75
200800035671,8,6,18,1828,1,2,2,1,7,75117,M,,,75
200800035672,8,6,19,1835,1,2,1,8,2,75117,M,,,75
200800035673,8,6,21,1625,1,2,2,1,7,75117,M,,,75
200800035674,8,6,23,1755,1,2,1,1,3,75117,M,,,75
200800035675,8,6,25,955,1,2,1,1,2,75117,M,,,75
200800035676,8,6,25,1245,1,2,2,1,6,75117,M,,,75
200800035677,8,6,25,1710,1,2,3,1,3,75117,M,,,75
200800035678,8,6,26,1108,1,2,1,1,3,75117,M,,,75
200800035679,8,6,26,1245,1,2,1,1,6,75117,M,,,75
200800035680,8,6,27,1908,1,2,2,1,6,75117,M,,,75
200800035681,8,6,27,1930,1,2,2,1,3,75117,M,,,75
200800035682,8,6,28,1320,1,2,1,1,6,75117,M,,,75
200800035683,8,6,28,1950,1,2,2,1,3,75117,M,,,75
200800035684,8,6,28,1914,1,2,2,7,3,75117,M,,,75
200800035685,8,6,28,2120,1,2,5,1,3,75117,M,,,75
200800035686,8,6,30,900,1,2,1,1,6,75117,M,,,75
200800035687,8,6,30,1100,1,2,7,1,3,75117,M,,,75
200800035688,8,6,30,1840,1,2,2,1,3,75117,M,,,75
200800035689,8,6,30,2100,2,2,2,1,3,75117,M,,,75
200800035690,8,6,30,2250,5,2,2,2,7,75117,M,,,75
200800035691,8,6,1,1235,1,2,1,1,7,75118,M,,,75
200800035692,8,6,2,1203,1,2,2,8,6,75118,M,,,75
200800035693,8,6,3,700,2,2,1,1,6,75118,M,,,75
200800035694,8,6,6,100,5,2,1,1,6,75118,M,,,75
200800035695,8,6,6,1720,1,2,1,1,6,75118,M,,,75
200800035696,8,6,9,1620,1,2,2,1,7,75118,M,,,75
200800035697,8,6,9,2025,1,2,1,1,1,75118,M,,,75
200800035698,8,6,10,120,5,2,3,1,6,75118,M,,,75
200800035699,8,6,5,1900,1,2,1,1,6,75118,M,,,75
200800035700,8,6,11,935,1,2,1,1,6,75118,M,,,75
200800035701,8,6,13,1045,1,2,2,1,3,75118,M,,,75
200800035702,8,6,13,1340,1,2,1,1,6,75118,M,,,75
200800035703,8,6,14,1500,1,2,1,1,6,75118,M,,,75
200800035704,8,6,14,2005,1,2,1,1,6,75118,M,,,75
200800035705,8,6,14,2200,2,2,1,1,6,75118,M,,,75
200800035706,8,6,17,1650,1,2,1,1,6,75118,M,,,75
200800035707,8,6,19,2340,5,2,2,1,6,75118,M,,,75
200800035708,8,6,19,1125,1,2,1,1,3,75118,M,,,75
200800035709,8,6,20,2000,1,2,1,1,7,75118,M,,,75
200800035710,8,6,21,1830,1,2,3,1,3,75118,M,,,75
200800035711,8,6,22,710,2,2,1,2,2,75118,M,,,75
200800035712,8,6,22,2200,5,2,2,1,3,75118,M,,,75
200800035713,8,6,24,1050,1,2,2,1,6,75117,M,,,75
200800035714,8,6,24,1805,1,2,2,1,6,75118,M,,,75
200800035715,8,6,25,1620,1,2,3,1,7,75118,M,,,75
200800035716,8,6,26,700,1,2,1,1,2,75118,M,,,75
200800035717,8,6,26,1130,1,2,1,1,6,75118,M,,,75
200800035718,8,6,27,1720,1,2,2,1,2,75117,M,,,75
200800035719,8,6,27,2325,5,2,5,1,3,75118,M,,,75
200800035720,8,6,28,1405,1,2,1,1,2,75118,M,,,75
200800035721,8,6,30,1800,1,2,3,1,3,75118,M,,,75
200800035722,8,6,30,1820,1,2,1,1,7,75118,M,,,75
200800035723,8,6,2,1745,1,2,1,1,6,75119,M,,,75
200800035724,8,6,5,805,1,2,1,1,3,75119,M,,,75
200800035725,8,6,6,1610,1,2,2,1,6,75119,M,,,75
200800035726,8,6,7,120,5,2,1,1,6,75119,M,,,75
200800035727,8,6,8,1625,1,2,1,1,6,75119,M,,,75
200800035728,8,6,10,1320,1,2,5,1,3,75119,M,,,75
200800035729,8,6,10,1800,1,2,3,1,6,75119,M,,,75
200800035730,8,6,13,2010,1,2,2,1,6,75119,M,,,75
200800035731,8,6,16,1358,1,2,2,8,2,75119,M,,,75
200800035732,8,6,16,1620,1,2,3,8,3,75119,M,,,75
200800035733,8,6,17,1010,1,2,2,1,3,75119,M,,,75
200800035734,8,6,18,120,5,2,3,1,7,75119,M,,,75
200800035735,8,6,18,1525,1,2,1,1,6,75119,M,,,75
200800035736,8,6,18,1800,1,2,2,1,3,75119,M,,,75
200800035737,8,6,18,1940,1,2,1,1,1,75119,M,,,75
200800035738,8,6,19,755,1,2,1,1,1,75119,M,,,75
200800035739,8,6,23,1115,1,2,1,1,6,75119,M,,,75
200800035740,8,6,23,1415,1,2,1,1,3,75119,M,,,75
200800035741,8,6,24,140,5,2,3,1,3,75119,M,,,75
200800035742,8,6,25,2340,5,2,1,1,3,75119,M,,,75
200800035743,8,6,27,645,1,2,2,1,7,75119,M,,,75
200800035744,8,6,27,805,1,2,2,1,2,75119,M,,,75
200800035745,8,6,27,920,1,2,1,1,3,75119,M,,,75
200800035746,8,6,27,1325,1,2,1,1,2,75119,M,,,75
200800035747,8,6,28,2150,5,2,2,1,6,75119,M,,,75
200800035748,8,6,26,2225,5,2,1,1,1,75119,M,,,75
200800035749,8,6,29,1125,1,2,2,1,2,75119,M,,,75
200800035750,8,6,30,115,5,2,2,1,7,75119,M,,,75
200800035751,8,6,2,730,1,2,3,1,6,75120,M,,,75
200800035752,8,6,2,725,1,2,1,2,6,75120,M,,,75
200800035753,8,6,2,1025,1,2,1,2,3,75120,M,,,75
200800035754,8,6,3,850,1,2,2,1,3,75120,M,,,75
200800035755,8,6,3,1925,1,2,1,2,6,75120,M,,,75
200800035756,8,6,4,1125,1,2,1,1,6,75120,M,,,75
200800035757,8,6,5,15,3,2,1,1,3,75120,M,,,75
200800035758,8,6,6,630,1,2,3,2,3,75120,M,,,75
200800035759,8,6,6,745,1,2,1,2,6,75120,M,,,75
200800035760,8,6,6,1602,1,2,1,1,5,75120,M,,,75
200800035761,8,6,6,1645,1,2,1,1,6,75120,M,,,75
200800035762,8,6,7,630,1,2,1,1,6,75120,M,,,75
200800035763,8,6,9,850,1,2,2,1,3,75120,M,,,75
200800035764,8,6,9,1655,1,2,1,1,6,75120,M,,,75
200800035765,8,6,10,1710,1,2,2,1,3,75120,M,,,75
200800035766,8,6,11,730,1,2,3,1,3,75120,M,,,75
200800035767,8,6,11,900,1,2,1,1,6,75120,M,,,75
200800035768,8,6,11,1835,1,2,1,1,6,75120,M,,,75
200800035769,8,6,12,1445,1,2,1,1,2,75120,M,,,75
200800035770,8,6,13,1030,1,2,2,1,6,75120,M,,,75
200800035771,8,6,13,1350,1,2,2,1,3,75120,M,,,75
200800035772,8,6,13,1856,1,2,2,1,2,75120,M,,,75
200800035773,8,6,16,1110,1,2,1,1,2,75120,M,,,75
200800035774,8,6,16,2010,1,2,3,1,3,75120,M,,,75
200800035775,8,6,16,2300,5,2,1,1,6,75120,M,,,75
200800035776,8,6,18,1435,2,2,1,1,6,75120,M,,,75
200800035777,8,6,18,1517,1,2,1,1,6,75120,M,,,75
200800035778,8,6,18,1500,1,2,1,1,7,75120,M,,,75
200800035779,8,6,18,1719,1,2,1,1,3,75120,M,,,75
200800035780,8,6,18,1855,1,2,3,1,6,75120,M,,,75
200800035781,8,6,20,1355,1,2,1,1,6,75120,M,,,75
200800035782,8,6,20,1950,1,2,7,1,3,75120,M,,,75
200800035783,8,6,21,1710,1,2,6,1,6,75120,M,,,75
200800035784,8,6,22,420,5,2,3,1,3,75120,M,,,75
200800035785,8,6,24,1625,1,2,1,1,6,75120,M,,,75
200800035786,8,6,26,925,1,2,7,1,3,75112,M,,,75
200800035787,8,6,26,1035,1,2,1,1,2,75120,M,,,75
200800035788,8,6,27,2140,2,2,1,1,3,75120,M,,,75
200800035789,8,6,28,810,1,2,1,1,7,75120,M,,,75
200800035790,8,6,28,1441,1,2,1,1,6,75120,M,,,75
200800035791,8,6,28,2029,1,2,1,1,3,75120,M,,,75
200800035792,8,6,1,315,5,2,1,1,3,75116,M,,,75
200800035793,8,6,1,1315,1,2,1,1,4,75119,M,,,75
200800035794,8,6,2,800,1,2,1,1,6,75120,M,,,75
200800035795,8,6,2,2205,5,2,1,1,6,75118,M,,,75
200800035796,8,6,3,2115,5,2,1,8,6,75103,M,,,75
200800035797,8,6,4,955,1,2,1,1,6,75114,M,,,75
200800035798,8,6,4,1245,1,2,1,1,3,75116,M,,,75
200800035799,8,6,5,1215,1,2,1,1,2,75119,M,,,75
200800035800,8,6,5,1905,1,2,1,1,3,75116,M,,,75
200800035801,8,6,6,1235,1,2,1,1,6,75117,M,,,75
200800035802,8,6,7,204,5,2,1,1,6,75120,M,,,75
200800035803,8,6,7,1036,1,2,1,1,6,75112,M,,,75
200800035804,8,6,8,330,5,2,2,1,3,75114,M,,,75
200800035805,8,6,8,410,5,2,2,1,6,75115,M,,,75
200800035806,8,6,9,700,1,2,6,1,3,75120,M,,,75
200800035807,8,6,9,851,1,2,1,1,3,75120,M,,,75
200800035808,8,6,9,1520,1,2,1,1,7,75116,M,,,75
200800035809,8,6,9,1540,1,2,2,1,3,75113,M,,,75
200800035810,8,6,11,930,1,2,1,1,3,75114,M,,,75
200800035811,8,6,11,2110,2,2,1,1,7,75116,M,,,75
200800035812,8,6,12,1250,1,2,1,2,6,75119,M,,,75
200800035813,8,6,12,1823,1,2,1,1,3,75115,M,,,75