Num_Acc,an,mois,jour,hrmn,lum,agg,int,atm,col,com,gps,lat,long,dep
200800035814,8,6,13,1210,1,2,1,1,3,75114,M,,,75
200800035815,8,6,13,1730,1,2,1,1,1,75112,M,,,75
200800035816,8,6,14,240,5,2,5,1,3,75108,M,,,75
200800035817,8,6,14,825,1,2,2,1,6,75116,M,,,75
200800035818,8,6,14,1105,1,2,2,1,3,75110,M,,,75
200800035819,8,6,15,235,5,2,2,1,6,75116,M,,,75
200800035820,8,6,15,2125,2,2,2,1,3,75104,M,,,75
200800035821,8,6,16,1050,1,2,1,1,2,75117,M,,,75
200800035822,8,6,16,1442,1,2,1,8,5,75107,M,,,75
200800035823,8,6,17,1355,1,2,1,1,2,75102,M,,,75
200800035824,8,6,17,1505,1,2,2,1,3,75108,M,,,75
200800035825,8,6,17,1550,1,2,1,7,3,75116,M,,,75
200800035826,8,6,19,935,1,2,2,1,3,75106,M,,,75
200800035827,8,6,21,1500,1,2,1,1,6,75106,M,,,75
200800035828,8,6,23,930,1,2,1,1,6,75109,M,,,75
200800035829,8,6,23,1045,1,2,2,7,3,75105,M,,,75
200800035830,8,6,24,1415,1,2,2,1,1,75117,M,,,75
200800035831,8,6,24,1845,1,2,1,1,6,75120,M,,,75
200800035832,8,6,25,1509,1,2,1,1,6,75116,M,,,75
200800035833,8,6,25,1540,1,2,2,1,3,75119,M,,,75
200800035834,8,6,25,2020,2,2,1,1,1,75119,M,,,75
200800035835,8,6,26,830,1,2,1,1,6,75113,M,,,75
200800035836,8,6,26,1920,1,2,1,1,6,75118,M,,,75
200800035837,8,6,27,1100,1,2,2,1,3,75114,M,,,75
200800035838,8,6,27,2025,1,2,3,1,3,75117,M,,,75
200800035839,8,6,28,1320,1,2,1,1,6,75118,M,,,75
200800035840,8,6,28,1505,1,2,1,1,6,75119,M,,,75
200800035841,8,6,29,245,5,2,2,1,1,75116,M,,,75
200800035842,8,6,30,1045,1,2,1,1,7,75116,M,,,75
200800035843,8,6,1,1310,1,2,1,1,3,75113,M,,,75
200800035844,8,6,2,1555,1,2,1,1,3,75118,M,,,75
200800035845,8,6,2,1800,1,2,1,1,2,75120,M,,,75
200800035846,8,6,2,1755,1,2,1,1,2,75114,M,,,75
200800035847,8,6,2,2010,1,2,1,1,3,75116,M,,,75
200800035848,8,6,3,750,1,2,1,1,6,75115,M,,,75
200800035849,8,6,3,1245,1,2,1,1,4,75120,M,,,75
200800035850,8,6,3,1430,1,2,1,1,4,75114,M,,,75
200800035851,8,6,4,910,1,2,1,1,3,75120,M,,,75
200800035852,8,6,4,1010,1,2,1,1,5,75116,M,,,75
200800035853,8,6,4,1700,1,2,1,1,2,75112,M,,,75
200800035854,8,6,5,930,1,2,1,1,4,75113,M,,,75
200800035855,8,6,5,920,1,2,1,1,3,75113,M,,,75
200800035856,8,6,5,850,1,2,1,1,4,75119,M,,,75
200800035857,8,6,5,1245,1,2,1,1,3,75113,M,,,75
200800035858,8,6,5,1530,1,2,1,1,3,75116,M,,,75
200800035859,8,6,5,1520,1,2,1,1,4,75118,M,,,75
200800035860,8,6,6,1635,1,2,1,1,6,75116,M,,,75
200800035861,8,6,6,1745,1,2,1,1,2,75117,M,,,75
200800035862,8,6,6,2130,5,2,1,1,3,75120,M,,,75
200800035863,8,6,7,35,5,2,1,1,6,75113,M,,,75
200800035864,8,6,7,1705,1,2,1,1,3,75118,M,,,75
200800035865,8,6,8,220,5,2,1,1,2,75117,M,,,75
200800035866,8,6,9,1040,1,2,4,7,2,75119,M,,,75
200800035867,8,6,9,1800,1,2,1,1,3,75117,M,,,75
200800035868,8,6,9,1850,1,2,1,1,3,75117,M,,,75
200800035869,8,6,10,1030,1,2,1,1,7,75112,M,,,75
200800035870,8,6,10,945,1,2,1,1,3,75116,M,,,75
200800035871,8,6,10,1200,1,2,1,1,7,75116,M,,,75
200800035872,8,6,10,1630,5,2,1,1,2,75112,M,,,75
200800035873,8,6,10,1930,1,2,1,1,2,75113,M,,,75
200800035874,8,6,11,1530,1,2,1,1,2,75118,M,,,75
200800035875,8,6,12,1150,1,2,1,1,2,75115,M,,,75
200800035876,8,6,12,1715,1,2,1,1,3,75116,M,,,75
200800035877,8,6,13,2030,1,2,1,1,5,75115,M,,,75
200800035878,8,6,14,1215,1,2,4,1,4,75117,M,,,75
200800035879,8,6,15,1758,1,2,1,2,7,75116,M,,,75
200800035880,8,6,16,1,5,2,4,1,2,75119,M,,,75
200800035881,8,6,17,420,5,2,1,1,7,75114,M,,,75
200800035882,8,6,17,900,1,2,1,1,2,75115,M,,,75
200800035883,8,6,17,945,1,2,1,1,3,75115,M,,,75
200800035884,8,6,17,1926,1,2,1,1,3,75120,M,,,75
200800035885,8,6,18,935,1,2,1,1,4,75120,M,,,75
200800035886,8,6,18,1145,1,2,1,1,2,75114,M,,,75
200800035887,8,6,18,1925,1,2,1,1,7,75115,M,,,75
200800035888,8,6,19,1050,1,2,1,1,3,75114,M,,,75
200800035889,8,6,19,1335,1,2,1,1,3,75114,M,,,75
200800035890,8,6,19,1700,1,2,1,2,7,75116,M,,,75
200800035891,8,6,20,1015,1,2,1,1,3,75116,M,,,75
200800035892,8,6,20,1330,1,2,1,1,3,75116,M,,,75
200800035893,8,6,20,1600,1,2,1,1,3,75117,M,,,75
200800035894,8,6,20,2012,2,2,1,1,2,75112,M,,,75
200800035895,8,6,21,405,5,2,1,1,7,75117,M,,,75
200800035896,8,6,21,1215,1,2,1,1,3,75116,M,,,75
200800035897,8,6,21,1500,1,2,1,1,2,75116,M,,,75
200800035898,8,6,21,2220,5,2,1,1,3,75115,M,,,75
200800035899,8,6,22,1155,1,2,1,1,2,75118,M,,,75
200800035900,8,6,23,925,1,2,1,1,2,75117,M,,,75
200800035901,8,6,23,1740,1,2,1,1,3,75117,M,,,75
200800035902,8,6,23,1900,1,2,1,1,4,75117,M,,,75
200800035903,8,6,24,1420,1,2,1,1,6,75112,M,,,75
200800035904,8,6,24,1640,1,2,1,1,4,75116,M,,,75
200800035905,8,6,24,1950,1,2,1,1,6,75120,M,,,75
200800035906,8,6,25,30,5,2,1,1,6,75119,M,,,75
200800035907,8,6,25,850,1,2,1,1,6,75112,M,,,75
200800035908,8,6,25,1440,1,2,1,1,3,75113,M,,,75
200800035909,8,6,26,1100,1,2,1,1,5,75114,M,,,75
200800035910,8,6,26,1340,1,2,1,1,4,75120,M,,,75
200800035911,8,6,26,1800,1,2,1,1,2,75119,M,,,75
200800035912,8,6,27,840,1,2,1,1,3,75117,M,,,75
200800035913,8,6,27,840,1,2,1,1,5,75118,M,,,75
200800035914,8,6,27,820,1,2,1,1,3,75116,M,,,75
200800035915,8,6,27,1000,1,2,1,1,2,75113,M,,,75
200800035916,8,6,27,1915,1,2,1,1,3,75115,M,,,75
200800035917,8,6,27,1800,1,2,1,1,4,75119,M,,,75
200800035918,8,6,28,1545,1,2,1,1,3,75114,M,,,75
200800035919,8,6,28,2330,5,2,4,1,2,75112,M,,,75
200800035920,8,6,29,235,5,2,1,1,2,75118,M,,,75
200800035921,8,6,29,905,1,2,1,1,2,75117,M,,,75
200800035922,8,6,30,910,1,2,1,1,3,75113,M,,,75
200800035923,8,6,30,1835,1,2,1,1,2,75116,M,,,75
200800035924,8,6,1,1600,1,1,1,1,1,74221,M,0.0,0.0,74
200800035925,8,2,16,1320,1,2,2,1,5,03310,M,,,03
200800035926,8,2,18,1253,1,2,1,1,7,03095,M,,,03
200800035927,8,2,25,2020,5,2,2,1,3,03310,M,,,03
200800035928,8,2,26,1330,1,2,4,1,7,03310,M,,,03
200800035929,8,2,29,823,1,2,1,2,2,03310,M,,,03
200800035930,8,6,2,1210,1,2,1,2,6,16015,M,,,16
200800035931,8,6,4,1843,1,2,2,1,3,16358,M,,,16
200800035932,8,6,11,1832,1,2,1,1,3,16166,M,,,16
200800035933,8,6,11,2140,4,2,1,1,7,16113,M,,,16
200800035934,8,6,20,845,1,2,1,1,6,16166,M,,,16
200800035935,8,6,2,1440,1,2,1,1,6,34003,M,,,34
200800035936,8,6,20,1525,1,2,3,1,3,34172,M,4359130.0,388322.0,34
200800035937,8,1,30,1020,1,2,4,1,3,59368,M,,,59
200800035938,8,5,2,1710,1,2,1,1,3,59350,M,,,59
200800035939,8,5,13,1410,1,2,2,1,3,59350,M,,,59
200800035940,8,5,16,1240,1,2,3,1,6,59328,M,,,59
200800035941,8,6,12,850,1,2,2,3,3,59350,M,,,59
200800035942,8,2,8,1830,5,2,1,1,6,59479,M,,,59
200800035943,8,6,5,1955,1,2,1,1,7,60414,M,,,60
200800035944,8,6,9,1250,1,1,1,1,7,60463,M,,,60
200800035945,8,6,17,1805,1,2,1,1,7,60463,M,,,60
200800035946,8,6,23,1155,1,2,1,1,7,60463,M,,,60
200800035947,8,6,20,1750,1,2,1,1,6,61169,M,,,61
200800035948,8,6,20,1950,1,2,7,1,3,61169,M,,,61
200800035949,8,6,1,830,1,2,2,1,3,61169,M,,,61
200800035950,8,1,14,1720,2,2,1,2,6,62510,M,,,62
200800035951,8,1,17,1345,1,2,1,1,6,62510,M,,,62
200800035952,8,1,19,1914,2,2,1,2,6,62186,M,,,62
200800035953,8,2,19,750,1,2,1,1,2,62563,M,,,62
200800035954,8,2,8,1640,2,2,1,1,6,62563,M,,,62
200800035955,8,2,13,843,1,2,1,9,6,62510,M,,,62
200800035956,8,2,18,1153,1,2,1,1,1,62510,M,,,62
200800035957,8,2,21,1730,1,2,1,1,2,62186,M,,,62
200800035958,8,3,6,830,1,2,1,1,3,62186,M,,,62
200800035959,8,3,9,1124,1,2,1,1,3,62186,M,,,62
200800035960,8,3,13,1805,1,2,1,1,3,62510,M,,,62
200800035961,8,3,14,1527,1,2,1,1,2,62510,M,,,62
200800035962,8,5,23,1745,1,2,3,1,3,62083,M,,,62
200800035963,8,6,1,220,5,2,1,1,7,76410,M,,,76
200800035964,8,6,5,1320,1,1,1,1,3,76451,M,,,76
200800035965,8,6,7,310,5,2,1,1,3,76681,M,,,76
200800035966,8,6,6,2330,5,2,1,1,6,76484,M,,,76
200800035967,8,6,6,1820,1,2,1,1,3,76108,M,,,76
200800035968,8,6,6,1215,1,2,3,1,3,76319,M,,,76
200800035969,8,6,6,950,1,2,1,1,2,76540,M,,,76
200800035970,8,6,7,1510,1,2,1,1,2,76540,M,,,76
200800035971,8,6,7,1820,1,2,1,1,2,76540,M,,,76
200800035972,8,6,9,1740,1,2,1,1,5,76212,M,,,76
200800035973,8,6,10,1545,1,2,1,1,6,76157,M,,,76
200800035974,8,6,11,850,1,2,3,1,3,76402,M,,,76
200800035975,8,6,12,1120,1,2,1,2,3,76498,M,,,76
200800035976,8,6,12,1755,1,2,1,1,3,76681,M,,,76
200800035977,8,6,12,1705,1,2,1,1,6,76410,M,,,76
200800035978,8,6,16,2320,3,2,1,1,7,76575,M,,,76
200800035979,8,6,15,215,5,2,1,1,7,76322,M,,,76
200800035980,8,6,14,1545,1,2,1,1,6,76540,M,,,76
200800035981,8,6,18,1315,1,2,1,1,3,76540,M,,,76
200800035982,8,6,19,745,1,2,1,2,7,76681,M,,,76
200800035983,8,6,19,720,1,2,1,1,2,76322,M,,,76
200800035984,8,6,19,740,1,2,1,1,3,76319,M,,,76
200800035985,8,6,21,2120,1,2,1,1,3,76575,M,,,76
200800035986,8,6,20,755,1,2,1,1,3,76402,M,,,76
200800035987,8,6,22,305,5,2,1,1,7,76540,M,,,76
200800035988,8,6,25,1540,1,2,1,7,6,76681,M,,,76
200800035989,8,6,22,1750,1,2,1,1,7,76540,M,,,76
200800035990,8,6,23,1555,1,2,6,1,6,76681,M,,,76
200800035991,8,6,24,1610,1,2,1,1,6,76540,M,,,76
200800035992,8,6,24,1800,1,2,3,1,3,76540,M,,,76
200800035993,8,6,27,2000,1,1,1,1,7,76005,M,,,76
200800035994,8,6,27,1350,1,2,1,1,6,76212,M,,,76
200800035995,8,6,27,2335,5,2,1,1,3,76484,M,,,76
200800035996,8,6,27,1710,1,2,1,1,6,76540,M,,,76
200800035997,8,6,27,1210,1,1,1,8,7,76540,M,,,76
200800035998,8,6,30,1910,1,2,2,9,3,76540,M,,,76
200800035999,8,6,2,930,1,2,1,8,3,77251,M,,,77
200800036000,8,6,4,1830,1,2,2,1,1,77122,M,,,77
200800036001,8,6,7,1620,1,1,1,1,1,77251,M,,,77
200800036002,8,6,8,100,5,2,2,1,3,77053,M,4869433.0,345699.0,77
200800036003,8,6,7,1640,1,1,3,2,5,77251,M,,,77
200800036004,8,6,19,900,1,2,2,1,3,77450,M,,,77
200800036005,8,4,3,655,2,2,1,8,6,77215,M,,,77
200800036006,8,1,27,155,5,2,6,8,7,78350,M,,,78
200800036007,8,5,14,1700,1,2,2,1,5,91377,M,,,91
200800036008,8,6,13,1735,1,2,1,1,7,92002,M,,,92
200800036009,8,6,18,745,1,2,1,1,6,92024,M,,,92
200800036010,8,6,10,2205,4,2,1,1,3,92040,M,,,92
200800036011,8,6,2,930,1,2,1,2,3,94067,M,,,94
200800036012,8,6,27,1925,1,2,1,1,6,94067,M,,,94
200800036013,8,6,27,2105,1,2,1,1,6,94067,M,,,94
200800036014,8,6,28,1400,1,2,1,1,3,94067,M,,,94
200800036015,8,6,28,1845,1,2,3,1,3,94080,M,,,94
200800036016,8,3,31,1450,1,2,1,1,6,69382,M,,,69
200800036017,8,6,15,230,5,2,1,1,2,69382,M,,,69
200800036018,8,5,30,2000,2,2,2,2,6,69383,M,,,69
200800036019,8,5,30,1130,1,2,1,1,6,69383,M,,,69
200800036020,8,7,25,1430,1,2,1,1,6,59011,M,0.0,0.0,59
200800036021,8,7,6,630,2,1,1,1,6,59524,M,5056900.0,292800.0,59
200800036022,8,7,6,1300,1,1,1,1,1,59034,M,5054600.0,306800.0,59
200800036023,8,7,2,1730,1,1,2,1,1,59162,M,5093500.0,237200.0,59
200800036024,8,7,13,1915,1,1,1,1,1,59338,M,5087000.0,244900.0,59
200800036025,8,7,24,1215,1,2,1,7,3,59212,M,5064600.0,272800.0,59
200800036026,8,7,7,300,3,1,1,1,6,59615,M,5069500.0,266200.0,59
200800036027,8,7,30,1715,1,1,1,1,2,59088,M,0.0,0.0,59
200800036028,8,7,10,2145,3,1,1,2,6,59044,M,0.0,0.0,59
200800036029,8,7,1,2015,1,1,1,7,1,59335,M,5046500.0,339200.0,59
200800036030,8,7,15,1100,1,2,1,1,1,59134,M,5009600.0,384400.0,59
200800036031,8,7,14,2215,3,2,1,1,6,59216,M,5022300.0,326800.0,59
200800036032,8,7,29,800,1,2,1,1,6,59274,M,0.0,0.0,59
200800036033,8,7,30,1900,1,1,1,1,1,59604,M,0.0,0.0,59
200800036034,8,7,23,945,1,1,9,1,6,59139,M,5012600.0,344800.0,59
200800036035,8,7,29,1800,1,2,1,1,5,59520,M,0.0,0.0,59
200800036036,8,7,10,115,3,2,1,1,6,59228,M,5032900.0,307500.0,59
200800036037,8,7,14,1015,1,2,1,1,1,62080,M,5010500.0,285500.0,62
200800036038,8,7,12,800,1,1,1,2,3,62430,M,0.0,0.0,62
200800036039,8,7,22,1900,1,1,1,1,2,62874,M,0.0,0.0,62
200800036040,8,7,24,2215,3,1,1,1,7,62384,M,0.0,0.0,62
200800036041,8,7,24,1845,1,1,1,1,6,62900,M,0.0,0.0,62
200800036042,8,7,21,1815,1,1,1,1,1,62706,M,5056400.0,272700.0,62
200800036043,8,7,4,1145,1,1,1,1,7,62786,M,5069400.0,187900.0,62
200800036044,8,7,6,130,3,1,1,1,6,62899,M,0.0,0.0,62
200800036045,8,7,10,700,2,1,1,3,6,62705,M,0.0,0.0,62
200800036046,8,7,12,230,3,1,1,1,6,62506,M,0.0,0.0,62
200800036047,8,7,7,1800,1,1,1,1,1,62793,M,5042200.0,264400.0,62
200800036048,8,7,21,1530,1,1,1,1,1,62241,M,5057000.0,172600.0,62
200800036049,8,7,19,45,3,1,1,2,6,62726,M,5048200.0,210800.0,62
200800036050,8,7,25,1600,1,2,1,1,3,62447,M,5037000.0,204000.0,62
200800036051,8,7,26,1530,1,1,1,1,7,62364,M,5052000.0,213000.0,62
200800036052,8,7,26,15,5,2,6,1,7,62261,M,0.0,0.0,62
200800036053,8,7,19,1400,1,1,2,1,3,62904,M,5082700.0,206500.0,62
200800036054,8,7,28,930,1,1,1,1,2,62078,M,5085600.0,192400.0,62
200800036055,8,7,4,1845,1,2,1,1,6,62335,M,0.0,0.0,62
200800036056,8,7,14,545,2,1,1,1,6,62050,M,0.0,0.0,62
200800036057,8,7,26,1100,1,2,1,1,5,62647,M,0.0,0.0,62
200800036058,8,7,17,1300,1,1,1,1,6,62361,M,5028200.0,229600.0,62
200800036059,8,7,21,1845,1,2,1,1,1,80212,M,0.0,0.0,80
200800036060,8,7,21,2030,1,2,1,1,6,80592,M,0.0,0.0,80
200800036061,8,7,1,915,1,2,9,7,3,80011,M,0.0,0.0,80
200800036062,8,7,7,1515,1,1,1,2,3,80024,M,4994300.0,223800.0,80
200800036063,8,7,21,1645,1,2,9,1,6,80207,M,5000700.0,247300.0,80
200800036064,8,7,20,2215,2,2,1,1,6,80635,M,0.0,0.0,80
200800036065,8,7,12,2315,3,2,1,1,5,80618,M,5016500.0,160200.0,80
200800036066,8,7,28,1515,1,2,1,1,2,80721,M,5019000.0,163600.0,80
200800036067,8,7,31,1,5,2,1,2,6,80721,M,0.0,0.0,80
200800036068,8,7,4,2200,2,1,1,1,6,80422,M,5018400.0,180400.0,80
200800036069,8,7,26,1415,1,1,1,1,6,80665,M,5028600.0,175600.0,80
200800036070,8,7,30,1045,1,1,1,1,3,80688,M,0.0,0.0,80
200800036071,8,7,6,1830,1,1,1,1,1,80253,M,5015000.0,233900.0,80
200800036072,8,7,22,100,3,2,1,1,7,80526,M,0.0,0.0,80
200800036073,8,7,18,1600,1,2,1,1,6,80620,M,0.0,0.0,80
200800036074,8,7,19,2045,1,2,1,1,6,80141,M,4988200.0,293200.0,80
200800036075,8,7,8,1000,1,1,1,1,1,80045,M,5005100.0,266500.0,80
200800036076,8,7,18,715,1,1,2,1,1,80366,M,0.0,0.0,80
200800036077,8,7,23,245,5,2,1,1,6,80366,M,4999700.0,271100.0,80
200800036078,8,7,9,1045,1,1,1,7,3,80033,M,4990000.0,286100.0,80
200800036079,8,7,16,1600,1,2,1,1,1,80593,M,4992700.0,272700.0,80
200800036080,8,7,11,630,2,1,1,1,1,02237,M,0.0,0.0,02
200800036081,8,7,24,1940,1,1,9,1,6,02431,M,0.0,0.0,02
200800036082,8,7,1,1715,1,1,1,1,3,02472,M,,,02
200800036083,8,7,19,2130,2,1,1,1,6,02279,M,4910300.0,338300.0,02
200800036084,8,7,26,1500,1,2,1,1,7,02645,M,4905300.0,357500.0,02
200800036085,8,7,5,2130,5,2,1,1,6,02481,M,0.0,0.0,02
200800036086,8,7,23,2145,1,1,1,1,6,02691,M,0.0,0.0,02
200800036087,8,7,3,1530,1,1,1,8,4,02323,M,4992700.0,336600.0,02
200800036088,8,7,11,1000,1,2,1,1,6,02095,M,4999100.0,345700.0,02
200800036089,8,7,18,2300,3,1,1,1,7,02648,M,4979700.0,347200.0,02
200800036090,8,7,7,1630,1,1,1,1,6,02506,M,4930600.0,320400.0,02
200800036091,8,7,14,300,3,1,1,1,7,02810,M,4929000.0,307900.0,02
200800036092,8,7,8,2130,2,1,1,1,6,02377,M,0.0,0.0,02
200800036093,8,7,22,1915,1,1,1,1,6,02789,M,0.0,0.0,02
200800036094,8,7,11,1545,1,2,1,1,1,02830,M,0.0,0.0,02
200800036095,8,7,11,2230,5,2,1,8,6,02381,M,4992000.0,407000.0,02
200800036096,8,7,7,845,1,2,1,1,1,60628,M,0.0,0.0,60
200800036097,8,7,10,1415,1,1,1,1,7,60628,M,0.0,0.0,60
200800036098,8,7,11,2345,5,2,1,1,6,60646,M,0.0,0.0,60
200800036099,8,7,24,1815,1,2,1,1,3,60103,M,4969000.0,240200.0,60
200800036100,8,7,18,1200,1,1,1,1,2,60187,M,4944000.0,184000.0,60
200800036101,8,7,25,1515,1,1,2,1,3,60187,M,4944800.0,183000.0,60
200800036102,8,7,1,815,1,1,1,1,7,60363,M,0.0,0.0,60
200800036103,8,7,4,545,1,1,1,5,1,60403,M,0.0,0.0,60
200800036104,8,7,22,2300,5,2,8,1,3,60245,M,0.0,0.0,60
200800036105,8,7,29,830,1,1,1,1,3,60484,M,0.0,0.0,60
200800036106,8,7,27,400,5,2,1,1,6,60405,M,0.0,0.0,60
200800036107,8,7,5,1245,1,2,1,8,3,60395,M,0.0,0.0,60
200800036108,8,7,27,1915,1,1,1,1,6,60568,M,0.0,0.0,60
200800036109,8,7,27,2030,1,2,1,1,1,60157,M,0.0,0.0,60
200800036110,8,7,17,730,1,1,1,1,6,60178,M,4960000.0,209100.0,60
200800036111,8,7,24,1830,1,2,9,1,3,60104,M,0.0,0.0,60
200800036112,8,7,27,1630,1,1,1,1,1,60425,M,0.0,0.0,60
200800036113,8,7,11,145,5,2,1,1,7,60134,M,4932100.0,243600.0,60
200800036114,8,7,2,1200,1,1,1,1,3,60317,M,4934200.0,230600.0,60
200800036115,8,7,8,2145,2,2,2,1,3,60439,M,0.0,0.0,60
200800036116,8,7,12,1115,1,1,1,1,2,60574,M,4935100.0,229700.0,60
200800036117,8,7,19,1930,1,1,2,1,3,60137,M,0.0,0.0,60
200800036118,8,7,22,1915,1,1,1,1,3,60581,M,0.0,0.0,60
200800036119,8,7,1,1900,1,2,1,1,1,60043,M,0.0,0.0,60
200800036120,8,7,29,1730,1,2,1,1,6,60641,M,0.0,0.0,60
200800036121,8,7,30,1630,1,2,1,1,6,60369,M,4931600.0,272500.0,60
200800036122,8,7,2,1530,1,2,1,2,5,60223,M,0.0,0.0,60
200800036123,8,7,20,915,1,2,1,1,1,60254,M,0.0,0.0,60
200800036124,8,7,4,2030,1,1,1,1,3,60488,M,0.0,0.0,60
200800036125,8,7,7,2100,2,2,1,3,3,60291,M,0.0,0.0,60
200800036126,8,7,21,1515,1,2,1,1,1,57323,M,0.0,0.0,57
200800036127,8,7,17,1745,1,1,1,1,2,60139,M,0.0,0.0,60
200800036128,8,7,1,845,1,2,1,1,6,60141,M,0.0,0.0,60
200800036129,8,7,12,1630,1,2,1,1,7,60282,M,4918900.0,241400.0,60
200800036130,8,7,24,1300,1,1,1,1,6,60346,M,4916500.0,238800.0,60
200800036131,8,7,29,1830,1,2,1,1,2,60141,M,0.0,0.0,60
200800036132,8,7,15,2215,3,1,1,1,1,60260,M,0.0,0.0,60
200800036133,8,7,4,730,5,1,6,1,6,60509,M,4932800.0,260500.0,60
200800036134,8,7,9,1645,1,1,1,1,1,60509,M,0.0,0.0,60
200800036135,8,7,16,1445,1,1,1,1,4,76354,M,4948900.0,92500.0,76
200800036136,8,7,16,2200,5,2,1,1,6,76271,M,0.0,0.0,76
200800036137,8,7,23,1800,1,1,1,1,5,76452,M,4954700.0,109400.0,76
200800036138,8,7,23,1600,1,1,2,1,3,76371,M,4990000.0,140600.0,76
200800036139,8,7,24,1330,1,1,1,7,5,76235,M,4989200.0,125600.0,76
200800036140,8,7,24,1900,1,1,2,1,1,76380,M,0.0,0.0,76
200800036141,8,7,9,2000,1,1,1,1,3,76069,M,0.0,0.0,76
200800036142,8,7,17,2000,1,2,1,1,3,76475,M,4940100.0,118800.0,76
200800036143,8,7,27,1500,1,2,1,1,3,76069,M,4938400.0,112600.0,76
200800036144,8,7,30,1345,1,2,1,1,1,76434,M,0.0,0.0,76
200800036145,8,7,7,1000,1,1,1,2,5,76759,M,4940000.0,88100.0,76
200800036146,8,7,29,830,1,1,4,1,3,76659,M,4956100.0,75700.0,76
200800036147,8,7,30,2200,3,1,1,1,6,76759,M,0.0,0.0,76
200800036148,8,7,17,1215,1,2,6,1,3,76021,M,4968200.0,43300.0,76
200800036149,8,7,18,1730,1,1,1,1,2,76390,M,4970900.0,30500.0,76
200800036150,8,7,20,1330,1,1,1,1,7,76143,M,0.0,0.0,76
200800036151,8,7,24,1915,1,1,1,1,3,76390,M,4971300.0,30500.0,76
200800036152,8,7,14,1815,1,2,2,1,3,76238,M,4956900.0,22900.0,76
200800036153,8,7,20,2030,1,2,1,1,3,76238,M,4956900.0,22900.0,76
200800036154,8,7,4,1745,1,2,9,1,4,76281,M,0.0,0.0,76
200800036155,8,7,1,1815,1,1,1,1,3,76244,M,0.0,0.0,76
200800036156,8,7,9,315,3,1,1,1,6,76280,M,4982300.0,142400.0,76
200800036157,8,7,18,1530,1,1,1,1,6,76276,M,0.0,0.0,76
200800036158,8,7,29,1000,1,2,1,1,6,76312,M,4948700.0,173000.0,76
200800036159,8,7,26,1900,1,1,1,1,1,76223,M,4962400.0,82800.0,76
200800036160,8,7,22,1830,1,1,2,1,3,76385,M,0.0,0.0,76
200800036161,8,7,5,1545,1,1,2,7,5,76293,M,4976600.0,77200.0,76
200800036162,8,7,14,1700,1,1,9,1,5,76346,M,0.0,0.0,76
200800036163,8,7,5,2000,1,1,1,1,3,27082,M,4900000.0,104000.0,27
200800036164,8,7,8,1400,1,1,1,1,7,27615,M,0.0,0.0,27
200800036165,8,7,14,1630,1,1,1,1,6,27162,M,0.0,0.0,27
200800036166,8,7,26,2030,1,2,1,1,6,27020,M,0.0,0.0,27
200800036167,8,7,19,300,5,2,1,1,6,27378,M,4877700.0,121100.0,27
200800036168,8,7,26,100,3,1,1,2,6,27693,M,4890000.0,109000.0,27
200800036169,8,7,26,1600,1,1,1,1,6,27423,M,0.0,0.0,27
200800036170,8,7,22,1,3,1,1,1,1,27457,M,0.0,0.0,27
200800036171,8,7,31,600,2,1,1,1,1,27152,M,0.0,0.0,27
200800036172,8,7,20,1115,1,2,1,1,7,27377,M,0.0,0.0,27
200800036173,8,7,29,1400,1,1,1,1,6,27487,M,0.0,0.0,27
200800036174,8,7,31,1530,1,1,1,1,7,27034,M,0.0,0.0,27
200800036175,8,7,23,1145,1,2,1,7,3,27284,M,4928400.0,176800.0,27
200800036176,8,7,26,945,1,2,1,1,6,27226,M,4930900.0,161000.0,27
200800036177,8,7,29,2015,1,1,1,1,3,27426,M,0.0,0.0,27
200800036178,8,7,23,1900,1,1,6,1,2,27629,M,0.0,0.0,27
200800036179,8,7,20,1945,1,2,1,1,6,27056,M,0.0,0.0,27
200800036180,8,7,6,1900,1,2,1,1,6,27622,M,0.0,0.0,27
200800036181,8,7,28,1215,1,2,1,1,3,27051,M,0.0,0.0,27
200800036182,8,7,21,2330,3,1,1,1,6,27597,M,0.0,0.0,27
200800036183,8,7,10,1745,1,1,1,3,7,27084,M,0.0,0.0,27
200800036184,8,7,31,1400,1,1,1,3,1,27093,M,0.0,0.0,27
200800036185,8,7,21,1915,1,1,1,1,7,27367,M,4923600.0,47300.0,27
200800036186,8,7,22,1030,1,2,1,1,1,35047,M,0.0,0.0,35
200800036187,8,7,1,1915,1,1,1,1,6,35128,M,4828200.0,-171300.0,35
200800036188,8,7,12,1700,1,2,1,1,7,35120,M,0.0,0.0,35
200800036189,8,7,29,1700,1,1,1,1,1,35023,M,0.0,0.0,35
200800036190,8,7,20,1,3,1,1,1,7,35080,M,0.0,0.0,35
200800036191,8,7,19,915,1,1,1,1,3,35112,M,0.0,0.0,35
200800036192,8,7,27,1530,1,1,1,1,6,35253,M,0.0,0.0,35
200800036193,8,7,28,1645,1,1,1,1,7,35273,M,0.0,0.0,35
200800036194,8,7,6,800,1,1,1,1,7,35124,M,0.0,0.0,35
200800036195,8,7,11,1730,1,1,1,1,1,35106,M,0.0,0.0,35
200800036196,8,7,22,830,1,1,1,7,1,35212,M,0.0,0.0,35
200800036197,8,7,25,1930,1,1,1,8,6,35176,M,0.0,0.0,35
200800036198,8,7,26,1645,1,2,1,2,7,35316,M,0.0,0.0,35
200800036199,8,7,9,1745,1,1,1,1,1,35129,M,4783800.0,-190700.0,35
200800036200,8,7,2,1045,1,1,1,1,3,35116,M,0.0,0.0,35
200800036201,8,7,12,1630,1,1,1,1,7,35284,M,0.0,0.0,35