Num_Acc,an,mois,jour,hrmn,lum,agg,int,atm,col,com,gps,lat,long,dep
200800036202,8,7,12,1930,1,1,1,1,7,35056,M,0.0,0.0,35
200800036203,8,7,13,1815,1,2,1,1,1,35255,M,0.0,0.0,35
200800036204,8,7,11,1515,1,1,1,1,2,35263,M,0.0,0.0,35
200800036205,8,7,18,1930,1,1,1,1,6,35104,M,4848000.0,-169200.0,35
200800036206,8,7,29,1945,1,2,8,1,6,35095,M,0.0,0.0,35
200800036207,8,7,7,1145,1,1,1,1,2,35228,M,0.0,0.0,35
200800036208,8,7,31,1730,1,2,1,1,1,35228,M,0.0,0.0,35
200800036209,8,7,8,2130,1,2,1,1,6,35360,M,0.0,0.0,35
200800036210,8,7,6,1830,1,2,1,1,3,35327,M,0.0,0.0,35
200800036211,8,7,17,1730,1,1,1,1,3,35068,M,0.0,0.0,35
200800036212,8,7,11,1630,1,1,1,1,2,35333,M,0.0,0.0,35
200800036213,8,7,13,1715,1,1,1,1,3,35108,M,0.0,0.0,35
200800036214,8,7,15,1215,1,1,1,1,1,35167,M,4784700.0,-131300.0,35
200800036215,8,7,11,1030,1,2,1,1,3,22093,M,4847000.0,-250000.0,22
200800036216,8,7,22,2145,1,1,1,1,1,22184,M,0.0,0.0,22
200800036217,8,7,4,2130,2,1,1,2,1,22260,M,4824300.0,-287900.0,22
200800036218,8,7,23,2145,1,1,1,1,3,22136,M,4818600.0,-280100.0,22
200800036219,8,7,24,1000,1,1,1,1,6,22210,M,4882100.0,-301900.0,22
200800036220,8,7,5,330,3,1,1,1,7,22008,M,0.0,0.0,22
200800036221,8,7,8,1930,1,1,1,1,6,22213,M,0.0,0.0,22
200800036222,8,7,10,1,3,1,1,1,6,22008,M,0.0,0.0,22
200800036223,8,7,10,300,3,2,1,1,6,22118,M,0.0,0.0,22
200800036224,8,7,15,2315,3,1,1,1,7,22056,M,0.0,0.0,22
200800036225,8,7,27,515,3,1,1,5,6,22268,M,0.0,0.0,22
200800036226,8,7,31,315,3,1,1,1,7,22077,M,0.0,0.0,22
200800036227,8,7,23,1000,1,1,1,1,3,22147,M,0.0,0.0,22
200800036228,8,7,22,1300,1,1,3,1,3,22297,M,4830800.0,-256700.0,22
200800036229,8,7,17,1400,1,2,7,1,6,22070,M,4856600.0,-315000.0,22
200800036230,8,7,29,1045,1,2,1,1,6,22070,M,4856700.0,-315200.0,22
200800036231,8,7,20,945,1,2,1,1,1,22269,M,4870100.0,-321700.0,22
200800036232,8,7,23,1315,1,1,1,1,1,22212,M,4867200.0,-320400.0,22
200800036233,8,7,24,1200,1,1,1,1,3,22228,M,4857900.0,-348700.0,22
200800036234,8,7,25,815,1,2,1,1,6,22362,M,0.0,0.0,22
200800036235,8,7,27,1800,1,1,1,1,5,22028,M,4878800.0,-333100.0,22
200800036236,8,7,31,1445,1,1,1,2,5,22199,M,4878500.0,-316100.0,22
200800036237,8,7,16,1900,1,2,1,1,6,29108,M,4800200.0,-433700.0,29
200800036238,8,7,2,1745,1,2,1,1,6,29046,M,4809000.0,-432700.0,29
200800036239,8,7,10,145,3,1,1,2,6,29252,M,0.0,0.0,29
200800036240,8,7,22,1215,1,2,6,1,1,29220,M,0.0,0.0,29
200800036241,8,7,28,100,5,2,1,1,6,29158,M,0.0,0.0,29
200800036242,8,7,9,1330,1,2,1,1,6,29075,M,4843900.0,-441500.0,29
200800036243,8,7,27,1345,1,1,1,1,6,29075,M,4843900.0,-436700.0,29
200800036244,8,7,18,2345,3,1,1,1,1,29055,M,4855000.0,-434000.0,29
200800036245,8,7,17,1030,1,1,1,1,7,29195,M,4859800.0,-447700.0,29
200800036246,8,7,26,1800,1,1,1,1,3,29077,M,0.0,0.0,29
200800036247,8,7,5,2015,1,1,1,1,6,29263,M,4824300.0,-408400.0,29
200800036248,8,7,7,1715,1,1,1,1,3,29175,M,0.0,0.0,29
200800036249,8,7,29,815,1,1,1,1,6,29249,M,0.0,0.0,29
200800036250,8,7,12,1415,1,1,1,1,3,29042,M,4819500.0,-453200.0,29
200800036251,8,7,13,1345,1,2,1,1,3,29001,M,4825000.0,-431500.0,29
200800036252,8,7,20,1400,1,1,1,1,1,29042,M,0.0,0.0,29
200800036253,8,7,23,1715,1,2,1,1,4,29042,M,4823500.0,-450200.0,29
200800036254,8,7,3,1530,1,2,1,1,6,29133,M,0.0,0.0,29
200800036255,8,7,2,1745,1,1,1,1,3,29277,M,4869400.0,-427800.0,29
200800036256,8,7,12,1830,1,1,1,1,4,29262,M,0.0,0.0,29
200800036257,8,7,12,1800,1,2,1,1,6,29097,M,4849400.0,-403900.0,29
200800036258,8,7,28,1600,1,1,9,3,3,29068,M,0.0,0.0,29
200800036259,8,7,22,1015,1,1,1,1,3,56008,M,4763000.0,-292200.0,56
200800036260,8,7,9,1745,1,2,3,1,3,56183,M,0.0,0.0,56
200800036261,8,7,29,1630,1,1,1,1,1,56038,M,4778700.0,-212500.0,56
200800036262,8,7,21,1115,1,2,1,1,7,56155,M,0.0,0.0,56
200800036263,8,7,5,1230,1,1,1,1,6,56254,M,0.0,0.0,56
200800036264,8,7,14,2030,1,1,1,1,1,56123,M,4770100.0,-232400.0,56
200800036265,8,7,26,1715,1,2,1,1,6,56137,M,4774400.0,-275600.0,56
200800036266,8,7,12,415,3,1,1,1,1,56168,M,4759900.0,-313100.0,56
200800036267,8,7,26,2045,1,2,1,1,3,56258,M,0.0,0.0,56
200800036268,8,7,29,1900,1,2,1,1,2,56168,M,4760900.0,-311900.0,56
200800036269,8,7,8,1830,1,2,1,1,2,56026,M,4796200.0,-318100.0,56
200800036270,8,7,24,1930,1,1,1,1,1,56179,M,4783700.0,-340400.0,56
200800036271,8,7,19,2215,3,1,1,1,7,56130,M,4774200.0,-327000.0,56
200800036272,8,7,24,1600,1,1,1,1,3,56130,M,4774000.0,-323500.0,56
200800036273,8,7,29,1915,1,2,1,1,2,56193,M,4772700.0,-332900.0,56
200800036274,8,7,12,2030,1,1,1,1,6,56165,M,4794600.0,-241300.0,56
200800036275,8,7,20,2000,1,1,1,7,7,56035,M,4784700.0,-231600.0,56
200800036276,8,7,23,2315,3,1,1,1,2,56244,M,4783600.0,-242900.0,56
200800036277,8,7,23,1515,1,1,1,1,6,56222,M,4784200.0,-272000.0,56
200800036278,8,7,30,1830,1,1,1,1,3,56198,M,0.0,0.0,56
200800036279,8,7,7,600,1,1,1,1,7,56151,M,4808900.0,-291000.0,56
200800036280,8,7,21,900,1,1,3,1,3,56246,M,4805500.0,-297400.0,56
200800036281,8,7,5,1145,1,1,1,1,1,56174,M,4789700.0,-287300.0,56
200800036282,8,7,19,1730,1,1,2,1,3,56057,M,4802200.0,-347000.0,56
200800036283,8,7,21,1615,1,1,2,1,5,14228,M,0.0,0.0,14
200800036284,8,7,23,1645,1,1,1,1,1,14228,M,0.0,0.0,14
200800036285,8,7,2,1915,1,2,1,1,3,14738,M,0.0,0.0,14
200800036286,8,7,11,730,1,1,1,1,2,14157,M,0.0,0.0,14
200800036287,8,7,15,2000,1,2,1,1,3,14109,M,4921500.0,-55600.0,14
200800036288,8,7,1,1730,1,1,1,1,2,14456,M,4912400.0,-18100.0,14
200800036289,8,7,22,730,1,2,1,1,6,14149,M,4909300.0,-12000.0,14
200800036290,8,7,28,1745,1,2,1,1,3,14712,M,4918300.0,-18700.0,14
200800036291,8,7,30,1145,1,1,1,1,3,14106,M,0.0,0.0,14
200800036292,8,7,6,2230,3,1,1,1,7,14439,M,0.0,0.0,14
200800036293,8,7,19,2030,1,1,2,1,1,14481,M,0.0,0.0,14
200800036294,8,7,10,330,5,2,1,1,6,14410,M,4912500.0,-8700.0,14
200800036295,8,7,12,100,3,1,1,1,6,14420,M,4906100.0,18000.0,14
200800036296,8,7,20,515,3,1,1,1,1,14478,M,4903800.0,38800.0,14
200800036297,8,7,9,1000,1,1,1,1,6,14177,M,4920100.0,20900.0,14
200800036298,8,7,11,1830,1,1,1,8,1,14644,M,0.0,0.0,14
200800036299,8,7,17,1215,1,1,1,1,1,14492,M,4940800.0,18000.0,14
200800036300,8,7,28,1815,1,1,1,1,6,14085,M,0.0,0.0,14
200800036301,8,7,5,1715,1,1,1,1,7,14012,M,0.0,0.0,14
200800036302,8,7,6,1815,1,1,4,1,1,14636,M,0.0,0.0,14
200800036303,8,7,19,1800,1,1,1,1,1,14671,M,0.0,0.0,14
200800036304,8,7,1,1045,1,1,1,1,3,14347,M,4904100.0,-72900.0,14
200800036305,8,7,6,2230,3,1,1,3,7,50422,M,4921100.0,-136600.0,50
200800036306,8,7,27,1100,1,2,8,7,1,50004,M,4922200.0,-107800.0,50
200800036307,8,7,29,1100,1,1,1,1,5,50123,M,4915600.0,-122700.0,50
200800036308,8,7,2,1330,1,1,1,2,1,50128,M,4889600.0,-114000.0,50
200800036309,8,7,16,1900,1,1,1,1,6,50139,M,0.0,0.0,50
200800036310,8,7,13,2100,1,1,1,1,7,50516,M,4866200.0,-133500.0,50
200800036311,8,7,23,1815,1,2,1,7,6,50489,M,4870400.0,-135800.0,50
200800036312,8,7,26,1945,1,1,1,1,6,50487,M,4851200.0,-131300.0,50
200800036313,8,7,8,1900,1,1,1,1,5,50130,M,4880900.0,-119200.0,50
200800036314,8,7,13,945,1,1,1,1,4,50495,M,0.0,0.0,50
200800036315,8,7,18,1715,1,1,1,1,6,50217,M,4869500.0,-115300.0,50
200800036316,8,7,13,815,1,1,1,1,7,50490,M,0.0,0.0,50
200800036317,8,7,25,1800,1,1,3,1,3,50412,M,4933400.0,-171800.0,50
200800036318,8,7,5,1,5,2,1,1,3,50562,M,0.0,0.0,50
200800036319,8,7,20,2200,2,2,9,1,1,50562,M,0.0,0.0,50
200800036320,8,7,25,1400,1,2,1,1,3,50215,M,0.0,0.0,50
200800036321,8,7,24,845,1,1,1,1,1,50076,M,0.0,0.0,50
200800036322,8,7,18,1730,1,1,1,1,5,50097,M,0.0,0.0,50
200800036323,8,7,23,1600,1,1,1,1,1,50200,M,4867300.0,-76400.0,50
200800036324,8,7,5,1930,1,1,1,1,6,50274,M,0.0,0.0,50
200800036325,8,7,29,1800,1,1,1,1,1,50256,M,0.0,0.0,50
200800036326,8,7,28,800,1,2,1,1,3,61224,M,0.0,0.0,61
200800036327,8,7,15,1200,1,1,1,1,6,61251,M,0.0,0.0,61
200800036328,8,7,15,1700,1,1,1,1,3,61464,M,0.0,0.0,61
200800036329,8,7,5,1830,1,1,1,1,3,61139,M,0.0,0.0,61
200800036330,8,7,22,1700,1,2,1,1,6,61508,M,0.0,0.0,61
200800036331,8,7,25,700,1,1,1,1,6,61506,M,4885700.0,47600.0,61
200800036332,8,7,11,915,1,2,1,1,3,61145,M,0.0,0.0,61
200800036333,8,7,11,1915,1,1,1,1,1,61387,M,4849400.0,-70100.0,61
200800036334,8,7,15,1800,1,1,1,1,6,61324,M,0.0,0.0,61
200800036335,8,7,6,1130,1,1,1,1,1,61007,M,0.0,0.0,61
200800036336,8,7,16,1430,1,1,1,1,1,61486,M,4877400.0,-70900.0,61
200800036337,8,7,3,1700,1,1,1,1,3,61404,M,0.0,0.0,61
200800036338,8,7,8,1730,1,1,1,1,1,61438,M,0.0,0.0,61
200800036339,8,7,2,1300,1,1,1,2,1,61309,M,4835900.0,68200.0,61
200800036340,8,7,20,845,1,1,2,1,1,61337,M,0.0,0.0,61
200800036341,8,7,15,1300,1,1,1,1,7,61406,M,0.0,0.0,61
200800036342,8,7,25,1545,5,2,1,1,1,61214,M,4876900.0,63000.0,61
200800036343,8,7,29,1500,1,1,9,1,5,61092,M,0.0,0.0,61
200800036344,8,7,5,2000,1,1,1,1,7,61065,M,4857100.0,60300.0,61
200800036345,8,7,23,945,1,2,1,1,6,44172,M,0.0,0.0,44
200800036346,8,7,2,600,3,1,1,2,3,44026,M,4732600.0,-144300.0,44
200800036347,8,7,7,630,1,1,1,2,1,44014,M,0.0,0.0,44
200800036348,8,7,9,1915,1,2,1,1,6,44223,M,0.0,0.0,44
200800036349,8,7,15,1600,1,2,1,1,1,44043,M,4708900.0,-128100.0,44
200800036350,8,7,22,2145,5,2,1,1,7,44188,M,4704000.0,-164000.0,44
200800036351,8,7,25,1700,1,1,1,3,1,44159,M,0.0,0.0,44
200800036352,8,7,19,2100,1,1,1,1,6,44198,M,0.0,0.0,44
200800036353,8,7,21,1200,1,1,1,1,3,44180,M,0.0,0.0,44
200800036354,8,7,30,1515,1,1,1,1,3,44212,M,0.0,0.0,44
200800036355,8,7,16,2015,2,1,2,1,1,44115,M,4736500.0,-123100.0,44
200800036356,8,7,14,2130,2,2,6,1,3,44146,M,4778700.0,-144300.0,44
200800036357,8,7,21,1845,1,2,1,7,3,44067,M,4760900.0,-176800.0,44
200800036358,8,7,19,430,3,1,1,1,1,44179,M,4734500.0,-144200.0,44
200800036359,8,7,18,2100,1,2,1,1,6,44113,M,4756800.0,-162500.0,44
200800036360,8,7,23,215,3,1,1,1,6,44113,M,4759600.0,-158600.0,44
200800036361,8,7,5,645,1,1,1,1,7,44131,M,0.0,0.0,44
200800036362,8,7,11,500,2,2,1,1,6,44136,M,0.0,0.0,44
200800036363,8,7,22,1030,1,2,6,1,3,44021,M,0.0,0.0,44
200800036364,8,7,5,1730,1,2,7,1,7,44154,M,0.0,0.0,44
200800036365,8,7,26,1915,1,2,1,1,3,44182,M,0.0,0.0,44
200800036366,8,7,18,1645,1,2,1,1,3,44087,M,4698500.0,-180800.0,44
200800036367,8,7,1,945,1,1,1,1,1,44072,M,0.0,0.0,44
200800036368,8,7,5,1545,1,2,9,1,1,44069,M,0.0,0.0,44
200800036369,8,7,4,1245,1,1,6,1,1,44069,M,0.0,0.0,44
200800036370,8,7,13,830,1,1,1,1,2,44175,M,0.0,0.0,44
200800036371,8,7,15,1430,1,1,2,1,5,44097,M,0.0,0.0,44
200800036372,8,7,26,1800,1,2,1,1,3,44069,M,0.0,0.0,44
200800036373,8,7,31,1200,1,1,1,1,1,44072,M,0.0,0.0,44
200800036374,8,7,15,2000,1,1,1,1,1,44052,M,0.0,0.0,44
200800036375,8,7,19,215,5,2,1,1,6,44210,M,0.0,0.0,44
200800036376,8,7,26,815,1,2,1,8,1,44176,M,0.0,0.0,44
200800036377,8,7,6,645,1,2,1,1,6,44129,M,4743500.0,-207900.0,44
200800036378,8,7,31,1600,1,1,1,1,1,44098,M,4749300.0,-215800.0,44
200800036379,8,7,19,1445,1,1,1,1,6,49194,M,4746600.0,-25500.0,49
200800036380,8,7,1,1630,1,1,1,1,5,49327,M,4730800.0,-39000.0,49
200800036381,8,7,6,45,3,1,1,1,7,49338,M,4739400.0,-52600.0,49
200800036382,8,7,5,2330,5,2,1,1,3,49223,M,4740100.0,-52200.0,49
200800036383,8,7,19,1845,1,1,1,1,7,49153,M,4722900.0,-59200.0,49
200800036384,8,7,20,1315,1,1,1,1,7,49292,M,0.0,0.0,49
200800036385,8,7,20,730,1,2,3,1,3,49001,M,4732200.0,-40600.0,49
200800036386,8,7,22,1815,1,1,1,1,3,49078,M,0.0,0.0,49
200800036387,8,7,25,2100,2,1,6,8,7,49050,M,4734600.0,-43400.0,49
200800036388,8,7,31,1600,1,2,1,2,1,49308,M,4738300.0,-49700.0,49
200800036389,8,7,2,1615,1,1,1,1,4,49042,M,0.0,0.0,49
200800036390,8,7,15,1030,1,2,1,1,2,49244,M,4735900.0,-86100.0,49
200800036391,8,7,21,1400,1,1,1,1,3,49068,M,4741600.0,-84700.0,49
200800036392,8,7,5,1700,1,1,1,1,7,49127,M,0.0,0.0,49
200800036393,8,7,1,1030,1,2,1,1,3,49092,M,0.0,0.0,49
200800036394,8,7,15,1100,1,1,2,1,3,49169,M,4730900.0,-71100.0,49
200800036395,8,7,26,645,2,2,1,1,6,49351,M,0.0,0.0,49
200800036396,8,7,28,30,3,1,1,1,7,49332,M,4711600.0,-96100.0,49
200800036397,8,7,27,1845,1,1,1,1,1,49192,M,4701600.0,-73400.0,49
200800036398,8,7,1,815,2,1,1,7,2,49172,M,4727000.0,-124000.0,49
200800036399,8,7,9,1645,1,2,6,1,3,49069,M,4733800.0,-126300.0,49
200800036400,8,7,29,1815,1,2,1,1,1,49296,M,4729100.0,-119000.0,49
200800036401,8,7,7,1100,1,1,1,1,3,49228,M,0.0,0.0,49
200800036402,8,7,20,1500,1,1,1,1,1,49128,M,0.0,0.0,49
200800036403,8,7,6,1000,1,1,2,1,5,49348,M,0.0,0.0,49
200800036404,8,7,16,1830,1,2,2,1,3,49125,M,0.0,0.0,49
200800036405,8,7,18,1645,1,2,1,1,1,49361,M,4724000.0,5200.0,49
200800036406,8,7,17,1215,1,1,1,1,6,49030,M,4735700.0,-8200.0,49
200800036407,8,7,20,1200,1,1,1,1,6,49154,M,4731700.0,-33900.0,49
200800036408,8,7,21,2115,1,1,1,1,3,49002,M,4729500.0,3700.0,49
200800036409,8,7,27,1815,1,1,1,1,7,49131,M,0.0,0.0,49
200800036410,8,7,11,1545,1,1,1,1,2,49144,M,4789200.0,-125600.0,49
200800036411,8,7,21,1745,1,2,6,1,3,49331,M,0.0,0.0,49
200800036412,8,7,20,1030,1,1,1,1,7,49103,M,4772200.0,-100500.0,49
200800036413,8,7,30,815,1,1,1,1,1,49061,M,4762700.0,-101000.0,49
200800036414,8,7,6,245,3,1,1,1,6,53043,M,4815600.0,-51000.0,53
200800036415,8,7,12,1815,1,2,1,1,6,53161,M,4813600.0,-55400.0,53
200800036416,8,7,14,1830,1,1,1,1,3,53232,M,4809000.0,-45800.0,53
200800036417,8,7,20,1730,1,1,1,1,3,53066,M,4779000.0,-77400.0,53
200800036418,8,7,14,715,2,1,1,1,7,53077,M,0.0,0.0,53
200800036419,8,7,12,2030,1,1,2,1,3,53113,M,4828100.0,-43200.0,53
200800036420,8,7,30,530,3,1,1,1,2,53016,M,4826700.0,-38200.0,53
200800036421,8,7,4,2000,2,1,1,1,2,53237,M,4838000.0,-68800.0,53
200800036422,8,7,15,815,1,1,1,1,1,53170,M,4836700.0,-66400.0,53
200800036423,8,7,31,730,1,1,1,1,1,53003,M,4843300.0,-65100.0,53
200800036424,8,7,19,1530,1,1,1,1,5,72042,M,4795800.0,62800.0,72
200800036425,8,7,30,745,1,1,1,1,6,72165,M,0.0,0.0,72
200800036426,8,7,13,1630,1,1,1,1,1,72293,M,4785800.0,-2600.0,72
200800036427,8,7,15,1000,1,2,1,1,3,72168,M,4800000.0,-15200.0,72
200800036428,8,7,12,2100,1,2,3,1,3,72223,M,4787500.0,-9700.0,72
200800036429,8,7,24,1700,1,1,1,7,1,72239,M,4790200.0,-24900.0,72
200800036430,8,7,15,1445,1,1,1,1,1,72051,M,0.0,0.0,72
200800036431,8,7,13,1215,1,2,1,1,3,72098,M,4769500.0,20100.0,72
200800036432,8,7,13,100,3,2,1,1,6,72343,M,0.0,0.0,72
200800036433,8,7,14,1430,1,1,1,1,1,72048,M,4818500.0,38800.0,72
200800036434,8,7,2,2015,1,2,1,1,6,72132,M,0.0,0.0,72
200800036435,8,7,8,1030,1,1,1,1,5,72331,M,0.0,0.0,72
200800036436,8,7,9,1200,1,1,1,1,1,72093,M,0.0,0.0,72
200800036437,8,7,27,1045,1,1,1,1,1,72296,M,4812200.0,66700.0,72
200800036438,8,7,11,845,1,1,1,1,7,72012,M,4820900.0,10000.0,72
200800036439,8,7,5,2015,1,2,1,1,1,85135,M,0.0,0.0,85
200800036440,8,7,12,2130,2,1,1,1,1,85051,M,0.0,0.0,85
200800036441,8,7,26,1845,1,1,1,1,1,85215,M,0.0,0.0,85
200800036442,8,7,25,1900,1,1,1,2,6,85295,M,0.0,0.0,85
200800036443,8,7,24,1245,1,1,1,1,7,85019,M,4677000.0,-139000.0,85
200800036444,8,7,27,200,3,1,1,1,7,85003,M,4675000.0,-164000.0,85
200800036445,8,7,2,1730,1,2,6,2,3,85092,M,0.0,0.0,85
200800036446,8,7,7,1300,1,1,1,1,1,85058,M,4647100.0,-123300.0,85
200800036447,8,7,19,1200,1,1,1,1,2,85005,M,4662700.0,-77700.0,85
200800036448,8,7,29,1645,1,1,1,1,7,85063,M,4686900.0,-80100.0,85
200800036449,8,7,13,1830,1,1,1,1,6,85024,M,4691500.0,-188700.0,85
200800036450,8,7,22,930,1,2,9,1,1,85152,M,4661600.0,-166000.0,85
200800036451,8,7,1,2100,2,1,1,1,1,85035,M,4664700.0,-187900.0,85
200800036452,8,7,17,915,1,2,1,1,1,85088,M,0.0,0.0,85
200800036453,8,7,22,2015,1,1,1,1,3,85002,M,0.0,0.0,85
200800036454,8,7,19,445,5,2,1,1,6,85234,M,4678200.0,-203300.0,85
200800036455,8,7,23,1130,1,1,3,1,3,85234,M,4679900.0,-203800.0,85
200800036456,8,7,30,500,5,1,1,1,6,85294,M,4635900.0,-145300.0,85
200800036457,8,7,18,1600,1,2,1,1,6,33498,M,0.0,0.0,33
200800036458,8,7,4,2115,2,2,1,1,2,33051,M,0.0,0.0,33
200800036459,8,7,10,2330,5,2,1,1,3,33284,M,4460900.0,-93100.0,33
200800036460,8,7,23,1845,1,2,1,1,1,33555,M,4469700.0,-85300.0,33
200800036461,8,7,22,1930,1,1,1,7,5,33449,M,0.0,0.0,33
200800036462,8,7,10,1630,1,1,1,1,1,33100,M,4514400.0,-59600.0,33
200800036463,8,7,23,2000,1,1,1,1,1,33100,M,4513800.0,-62400.0,33
200800036464,8,7,24,1530,1,1,1,1,3,33047,M,0.0,0.0,33
200800036465,8,7,31,1900,1,1,1,7,1,33405,M,4516800.0,-64600.0,33
200800036466,8,7,29,1645,1,2,1,1,3,33463,M,4458000.0,-18800.0,33
200800036467,8,7,4,2145,1,2,1,1,1,33483,M,0.0,0.0,33
200800036468,8,7,6,1345,1,1,1,1,1,33023,M,4469900.0,-49600.0,33
200800036469,8,7,19,1845,1,1,1,1,6,33408,M,4476300.0,-36400.0,33
200800036470,8,7,17,1800,1,2,1,1,2,33535,M,4485500.0,-45700.0,33
200800036471,8,7,19,1200,1,2,1,1,1,33013,M,4487100.0,-49800.0,33
200800036472,8,7,29,1100,1,1,1,1,7,33061,M,0.0,0.0,33
200800036473,8,7,15,1900,1,1,1,1,3,33225,M,4459000.0,-46000.0,33
200800036474,8,7,25,2130,2,1,1,1,7,33366,M,4498700.0,-41600.0,33
200800036475,8,7,8,700,2,1,1,1,1,33164,M,0.0,0.0,33
200800036476,8,7,10,1315,1,1,1,1,6,33357,M,4452400.0,-26400.0,33
200800036477,8,7,26,1830,1,2,1,1,4,33046,M,0.0,0.0,33
200800036478,8,7,14,1600,1,1,1,1,7,33400,M,0.0,0.0,33
200800036479,8,7,25,1700,1,1,1,1,6,33523,M,4472300.0,-28600.0,33
200800036480,8,7,1,800,1,1,1,1,2,33476,M,4530400.0,-78900.0,33
200800036481,8,7,9,1015,1,1,1,1,1,33220,M,4509300.0,-72600.0,33
200800036482,8,7,26,1000,1,1,1,1,3,33494,M,4495100.0,-85100.0,33
200800036483,8,7,23,1900,1,1,1,1,6,33423,M,0.0,0.0,33
200800036484,8,7,28,1715,1,1,1,2,1,33424,M,0.0,0.0,33
200800036485,8,7,11,2330,3,1,1,1,5,33521,M,4548200.0,-109000.0,33
200800036486,8,7,28,15,3,1,1,1,7,33490,M,4544300.0,-100000.0,33
200800036487,8,7,2,1815,1,1,1,1,1,33296,M,4482800.0,-200.0,33
200800036488,8,7,4,1215,1,1,1,1,6,33488,M,4480300.0,-12600.0,33
200800036489,8,7,13,1800,1,2,1,1,5,33394,M,0.0,0.0,33
200800036490,8,7,5,1915,1,1,1,1,1,33138,M,0.0,0.0,33
200800036491,8,7,11,1400,1,2,9,1,3,33138,M,0.0,0.0,33
200800036492,8,7,28,1030,1,1,1,2,6,33138,M,0.0,0.0,33
200800036493,8,7,4,1100,1,1,1,1,3,24026,M,0.0,0.0,24
200800036494,8,7,17,730,1,1,1,1,3,24061,M,0.0,0.0,24
200800036495,8,7,30,1830,1,2,1,1,3,24390,M,0.0,0.0,24
200800036496,8,7,23,1500,1,2,9,1,6,24372,M,0.0,0.0,24
200800036497,8,7,9,400,3,1,1,1,7,24540,M,4526600.0,85900.0,24
200800036498,8,7,16,2115,1,1,1,1,2,24210,M,4526300.0,115500.0,24
200800036499,8,7,10,1600,1,1,1,1,3,24414,M,4494100.0,62600.0,24
200800036500,8,7,25,1845,1,1,1,1,5,24194,M,4484200.0,31800.0,24
200800036501,8,7,4,1115,1,1,1,1,6,24379,M,0.0,0.0,24
200800036502,8,7,30,1330,1,2,1,1,6,24228,M,0.0,0.0,24
200800036503,8,7,23,1330,1,1,1,1,1,24292,M,0.0,0.0,24
200800036504,8,7,23,1230,1,1,1,1,3,24016,M,0.0,0.0,24
200800036505,8,7,29,1000,1,1,1,1,7,24565,M,0.0,0.0,24
200800036506,8,7,17,1115,1,1,1,1,6,24218,M,0.0,0.0,24
200800036507,8,7,9,2045,1,1,1,1,1,24477,M,4524100.0,39500.0,24
200800036508,8,7,18,1300,1,1,9,1,7,24436,M,4504200.0,20700.0,24
200800036509,8,7,20,1630,1,1,1,1,6,24159,M,4510200.0,24400.0,24
200800036510,8,7,3,1200,1,2,1,1,1,24255,M,0.0,0.0,24
200800036511,8,7,19,2145,2,2,1,1,6,24520,M,0.0,0.0,24
200800036512,8,7,15,1745,1,1,1,1,3,24396,M,4486700.0,105600.0,24
200800036513,8,7,14,930,1,1,3,1,3,24491,M,4520200.0,114000.0,24
200800036514,8,7,15,1700,1,1,1,1,6,24229,M,0.0,0.0,24
200800036515,8,7,21,1315,1,1,1,1,6,24321,M,0.0,0.0,24
200800036516,8,7,9,1530,1,1,9,1,3,40234,M,4396800.0,-31800.0,40
200800036517,8,7,14,2345,3,1,1,1,7,40064,M,4401300.0,-45900.0,40
200800036518,8,7,24,1445,1,1,2,1,3,40115,M,0.0,0.0,40
200800036519,8,7,25,1600,1,1,1,1,2,40266,M,0.0,0.0,40
200800036520,8,7,2,815,1,2,9,1,1,40201,M,4375600.0,-74700.0,40
200800036521,8,7,30,1745,1,1,1,1,6,40047,M,4355300.0,-69200.0,40
200800036522,8,7,12,1030,1,1,1,2,3,40231,M,4356700.0,-116900.0,40
200800036523,8,7,30,1645,1,2,3,1,3,40231,M,4356900.0,-118200.0,40
200800036524,8,7,18,1800,1,1,1,1,4,40261,M,0.0,0.0,40
200800036525,8,7,23,715,1,1,1,1,1,40284,M,0.0,0.0,40
200800036526,8,7,4,130,5,2,1,1,3,40328,M,0.0,0.0,40
200800036527,8,7,19,1045,1,2,2,1,1,40304,M,4367000.0,-143000.0,40
200800036528,8,7,23,2345,5,2,1,1,6,40296,M,0.0,0.0,40
200800036529,8,7,15,1245,1,2,9,1,3,40312,M,4352600.0,-146400.0,40
200800036530,8,7,17,1900,1,2,1,1,3,40273,M,0.0,0.0,40
200800036531,8,7,27,230,3,1,1,1,6,40271,M,4357600.0,-121100.0,40
200800036532,8,7,9,845,1,1,3,1,3,40287,M,0.0,0.0,40
200800036533,8,7,25,1215,1,2,1,1,2,40046,M,0.0,0.0,40
200800036534,8,7,28,830,1,2,1,3,6,40046,M,0.0,0.0,40
200800036535,8,7,9,1830,1,1,1,1,3,40152,M,0.0,0.0,40
200800036536,8,7,4,1730,1,1,1,1,1,40246,M,4415700.0,-81000.0,40
200800036537,8,7,30,1645,1,1,2,1,3,40182,M,4410900.0,-112300.0,40
200800036538,8,7,30,2115,2,2,1,1,3,40278,M,4422800.0,-114800.0,40
200800036539,8,7,5,1945,1,1,1,1,6,40280,M,4385800.0,-56900.0,40
200800036540,8,7,9,1845,1,1,1,1,4,40119,M,4367000.0,-60000.0,40
200800036541,8,7,17,430,3,2,1,1,6,40282,M,0.0,0.0,40
200800036542,8,7,1,1030,1,2,1,1,1,40001,M,0.0,0.0,40
200800036543,8,7,6,1715,1,1,1,1,3,40137,M,4397100.0,-31200.0,40