Num_Acc,an,mois,jour,hrmn,lum,agg,int,atm,col,com,gps,lat,long,dep
200800036544,8,7,6,1700,1,1,1,1,4,40137,M,4397800.0,-26000.0,40
200800036545,8,7,17,1730,1,1,9,1,3,40137,M,4396600.0,-31400.0,40
200800036546,8,7,8,1815,1,2,1,1,3,47069,M,4422600.0,55800.0,47
200800036547,8,7,16,1415,1,1,1,1,1,47100,M,0.0,0.0,47
200800036548,8,7,16,2115,1,1,1,1,6,47225,M,0.0,0.0,47
200800036549,8,7,18,1345,1,1,1,1,1,47091,M,4416600.0,57600.0,47
200800036550,8,7,22,1745,1,1,1,1,1,47276,M,0.0,0.0,47
200800036551,8,7,6,1800,1,1,1,1,6,47157,M,4450000.0,15200.0,47
200800036552,8,7,19,1245,1,1,1,1,5,47263,M,4447800.0,19700.0,47
200800036553,8,7,28,1845,1,1,2,1,3,47157,M,4452800.0,17600.0,47
200800036554,8,7,14,2330,3,1,1,1,3,47003,M,4465600.0,37400.0,47
200800036555,8,7,19,1630,1,1,1,1,6,47168,M,4458700.0,37100.0,47
200800036556,8,7,20,1145,1,1,1,8,1,47035,M,4461100.0,40000.0,47
200800036557,8,7,9,1515,1,2,1,1,6,47233,M,0.0,0.0,47
200800036558,8,7,12,1400,1,1,2,8,3,47191,M,4444000.0,7200.0,47
200800036559,8,7,12,1745,1,1,1,2,6,47059,M,4459700.0,17900.0,47
200800036560,8,7,9,1700,1,1,1,1,1,47159,M,4440400.0,19400.0,47
200800036561,8,7,9,1815,1,1,2,1,3,47095,M,0.0,0.0,47
200800036562,8,7,17,2300,3,1,1,1,6,47250,M,0.0,0.0,47
200800036563,8,7,17,1800,1,2,1,1,2,47175,M,4454000.0,75900.0,47
200800036564,8,7,24,1230,1,1,1,1,3,64511,M,0.0,0.0,64
200800036565,8,7,19,300,5,2,1,1,6,64329,M,4329700.0,-28900.0,64
200800036566,8,7,16,1715,1,1,1,1,3,64086,M,4339400.0,-126900.0,64
200800036567,8,7,4,1845,1,2,1,1,3,64065,M,4335600.0,-162600.0,64
200800036568,8,7,6,1515,1,1,1,2,7,64527,M,4333800.0,-148400.0,64
200800036569,8,7,16,1215,1,1,1,1,2,64279,M,4334900.0,-140200.0,64
200800036570,8,7,21,1500,1,2,1,1,7,64213,M,4334700.0,-144800.0,64
200800036571,8,7,26,1100,1,1,1,1,6,64066,M,0.0,0.0,64
200800036572,8,7,16,1700,1,2,1,1,3,64430,M,4349400.0,-79100.0,64
200800036573,8,7,8,700,1,2,1,1,1,64450,M,0.0,0.0,64
200800036574,8,7,3,1045,1,2,1,1,3,86297,M,0.0,0.0,86
200800036575,8,7,15,1845,1,2,1,1,3,86100,M,0.0,0.0,86
200800036576,8,7,4,2145,2,1,1,1,6,86219,M,0.0,0.0,86
200800036577,8,7,31,615,2,1,1,1,6,86062,M,4668300.0,38000.0,86
200800036578,8,7,17,1330,1,1,4,1,3,86281,M,4672700.0,29800.0,86
200800036579,8,7,27,230,4,2,1,1,6,86038,M,0.0,0.0,86
200800036580,8,7,3,1830,1,2,6,1,7,86174,M,4676100.0,48700.0,86
200800036581,8,7,21,2100,1,2,1,1,3,86046,M,0.0,0.0,86
200800036582,8,7,28,930,1,1,2,1,3,86111,M,0.0,0.0,86
200800036583,8,7,5,500,5,2,1,1,6,86137,M,0.0,0.0,86
200800036584,8,7,12,1945,1,1,1,1,6,86156,M,4704000.0,20000.0,86
200800036585,8,7,5,230,4,2,1,1,6,86165,M,4642300.0,85600.0,86
200800036586,8,7,13,245,3,1,1,1,6,86070,M,4654800.0,66000.0,86
200800036587,8,7,1,945,1,1,1,1,1,86237,M,0.0,0.0,86
200800036588,8,7,2,1745,1,1,1,1,1,86153,M,4641800.0,68500.0,86
200800036589,8,7,18,1345,1,2,1,1,1,86140,M,4640400.0,72500.0,86
200800036590,8,7,11,145,3,1,1,2,7,86236,M,0.0,0.0,86
200800036591,8,7,30,2045,2,2,1,1,3,16287,M,0.0,0.0,16
200800036592,8,7,10,1100,1,1,1,1,6,16246,M,4542500.0,8500.0,16
200800036593,8,7,13,2315,3,1,1,1,7,16025,M,4539400.0,-25200.0,16
200800036594,8,7,19,2130,2,2,1,1,6,16028,M,0.0,0.0,16
200800036595,8,7,27,2300,3,1,1,1,6,16030,M,0.0,0.0,16
200800036596,8,7,22,800,1,1,1,1,3,16116,M,0.0,0.0,16
200800036597,8,7,23,1700,1,1,1,1,1,16292,M,4602300.0,20200.0,16
200800036598,8,7,19,1315,1,2,1,1,3,16163,M,0.0,0.0,16
200800036599,8,7,20,15,3,2,1,1,1,16348,M,0.0,0.0,16
200800036600,8,7,19,1715,1,2,1,1,1,16295,M,0.0,0.0,16
200800036601,8,7,9,1800,1,1,1,1,7,16135,M,0.0,0.0,16
200800036602,8,7,12,700,1,1,1,1,6,17413,M,4608200.0,-105200.0,17
200800036603,8,7,14,1115,1,2,6,1,3,17194,M,4613900.0,-100800.0,17
200800036604,8,7,15,945,1,1,1,1,3,17161,M,0.0,0.0,17
200800036605,8,7,19,400,3,1,1,1,6,17051,M,0.0,0.0,17
200800036606,8,7,18,2000,1,2,1,2,1,17286,M,4624900.0,-149600.0,17
200800036607,8,7,20,800,1,1,1,7,3,17019,M,4620700.0,-147600.0,17
200800036608,8,7,24,1630,1,1,1,1,3,17360,M,0.0,0.0,17
200800036609,8,7,17,1230,1,2,1,1,1,17197,M,0.0,0.0,17
200800036610,8,7,22,2000,1,1,1,1,1,17108,M,0.0,0.0,17
200800036611,8,7,12,1945,1,1,2,1,5,17219,M,0.0,0.0,17
200800036612,8,7,5,1430,1,1,1,1,6,17337,M,0.0,0.0,17
200800036613,8,7,6,530,3,1,1,1,1,17093,M,4590200.0,-120200.0,17
200800036614,8,7,5,2145,1,1,1,1,7,17337,M,0.0,0.0,17
200800036615,8,7,4,1815,1,2,1,1,2,17140,M,0.0,0.0,17
200800036616,8,7,10,245,5,2,1,1,7,17411,M,4585200.0,-121100.0,17
200800036617,8,7,25,2045,1,1,1,1,1,17140,M,0.0,0.0,17
200800036618,8,7,28,2015,2,1,1,1,6,17323,M,4602000.0,-138300.0,17
200800036619,8,7,19,900,1,2,1,1,3,17216,M,0.0,0.0,17
200800036620,8,7,4,1600,1,1,1,1,4,17340,M,0.0,0.0,17
200800036621,8,7,10,730,1,1,1,7,2,17340,M,0.0,0.0,17
200800036622,8,7,19,200,3,1,1,1,7,17482,M,0.0,0.0,17
200800036623,8,7,24,1845,1,2,1,1,6,17457,M,0.0,0.0,17
200800036624,8,7,25,615,2,1,1,5,6,17003,M,0.0,0.0,17
200800036625,8,7,30,815,1,1,2,1,3,17080,M,0.0,0.0,17
200800036626,8,7,12,2230,3,1,1,1,1,17179,M,0.0,0.0,17
200800036627,8,7,16,1230,1,1,1,1,6,17425,M,0.0,0.0,17
200800036628,8,7,19,2330,3,1,2,1,3,17425,M,0.0,0.0,17
200800036629,8,7,1,1945,1,1,1,1,3,17292,M,0.0,0.0,17
200800036630,8,7,14,2115,2,1,1,1,2,17202,M,0.0,0.0,17
200800036631,8,7,7,1800,1,1,1,1,6,17471,M,4607800.0,-33000.0,17
200800036632,8,7,25,2230,3,1,2,1,3,17224,M,0.0,0.0,17
200800036633,8,7,26,1515,1,1,1,1,7,79137,M,0.0,0.0,79
200800036634,8,7,11,1545,1,1,1,1,1,79319,M,0.0,0.0,79
200800036635,8,7,27,45,5,2,1,1,2,79270,M,0.0,0.0,79
200800036636,8,7,28,2130,2,1,1,1,6,79210,M,0.0,0.0,79
200800036637,8,7,29,1700,1,1,1,1,1,79195,M,0.0,0.0,79
200800036638,8,7,3,2130,2,1,1,7,2,79056,M,0.0,0.0,79
200800036639,8,7,26,2000,1,2,1,1,7,79061,M,4626700.0,-21100.0,79
200800036640,8,7,1,800,1,2,2,7,4,79202,M,0.0,0.0,79
200800036641,8,7,4,1900,1,1,1,1,6,79345,M,0.0,0.0,79
200800036642,8,7,30,930,1,1,1,1,7,79121,M,4648100.0,-12300.0,79
200800036643,8,7,24,1800,1,2,1,1,6,87001,M,4579800.0,112600.0,87
200800036644,8,7,22,1645,1,1,9,1,6,87105,M,4573400.0,166300.0,87
200800036645,8,7,19,200,5,2,1,1,3,87062,M,4580000.0,149000.0,87
200800036646,8,7,14,1445,1,1,1,1,3,87187,M,4552600.0,117100.0,87
200800036647,8,7,7,2300,5,2,1,1,6,87018,M,4604800.0,101900.0,87
200800036648,8,7,15,1915,1,2,1,1,3,87109,M,4623100.0,100400.0,87
200800036649,8,7,28,215,3,1,1,1,1,87028,M,4621400.0,91500.0,87
200800036650,8,7,23,1545,1,1,1,7,1,87180,M,4619600.0,125700.0,87
200800036651,8,7,9,1730,1,2,1,1,3,87154,M,0.0,0.0,87
200800036652,8,7,16,815,1,1,1,1,1,87185,M,4586000.0,102000.0,87
200800036653,8,7,24,1630,1,1,1,1,5,87185,M,0.0,0.0,87
200800036654,8,7,31,1915,1,2,1,1,5,19125,M,4528100.0,203600.0,19
200800036655,8,7,12,1330,1,1,1,1,1,19076,M,0.0,0.0,19
200800036656,8,7,30,2015,1,1,9,1,6,19079,M,4550000.0,166000.0,19
200800036657,8,7,12,945,1,2,1,1,6,19123,M,4516500.0,157500.0,19
200800036658,8,7,14,1830,1,1,1,1,3,19107,M,4510200.0,139400.0,19
200800036659,8,7,30,1130,1,1,1,2,1,19047,M,4507300.0,144100.0,19
200800036660,8,7,12,1815,1,1,1,2,1,19150,M,4508000.0,160300.0,19
200800036661,8,7,4,1745,1,1,1,1,7,19136,M,4563900.0,182800.0,19
200800036662,8,7,10,1415,3,1,1,1,7,23002,M,4621200.0,200900.0,23
200800036663,8,7,14,1900,1,1,1,1,3,23002,M,4621700.0,198300.0,23
200800036664,8,7,15,700,1,1,1,1,6,23002,M,4621200.0,201000.0,23
200800036665,8,7,9,2330,3,1,1,1,6,23089,M,4635900.0,200500.0,23
200800036666,8,7,9,1800,1,2,1,1,3,23015,M,0.0,0.0,23
200800036667,8,7,21,1845,1,1,1,1,1,23142,M,4591800.0,226500.0,23
200800036668,8,7,4,1115,1,1,1,1,1,31079,M,0.0,0.0,31
200800036669,8,7,4,1715,1,1,1,1,6,31118,M,0.0,0.0,31
200800036670,8,7,23,1300,1,2,1,1,3,31424,M,4356500.0,130700.0,31
200800036671,8,7,5,1015,1,1,1,1,1,31458,M,4350800.0,135900.0,31
200800036672,8,7,18,1400,1,2,1,1,1,31433,M,4354000.0,141000.0,31
200800036673,8,7,25,2230,5,2,6,1,3,31433,M,4353000.0,139000.0,31
200800036674,8,7,16,1730,1,2,1,1,6,31182,M,4368100.0,140700.0,31
200800036675,8,7,26,230,3,1,1,1,6,31490,M,0.0,0.0,31
200800036676,8,7,1,330,4,2,1,1,7,31488,M,0.0,0.0,31
200800036677,8,7,12,1530,1,2,1,3,5,31561,M,0.0,0.0,31
200800036678,8,7,16,2230,3,1,1,1,6,31282,M,0.0,0.0,31
200800036679,8,7,27,930,1,1,1,1,6,31117,M,0.0,0.0,31
200800036680,8,7,19,345,3,1,1,1,6,31312,M,0.0,0.0,31
200800036681,8,7,25,1545,1,1,1,1,6,31365,M,0.0,0.0,31
200800036682,8,7,10,1045,1,2,2,1,3,31084,M,4318300.0,97000.0,31
200800036683,8,7,23,1030,1,1,1,1,3,31390,M,0.0,0.0,31
200800036684,8,7,19,1600,1,1,1,1,1,31042,M,4275100.0,61200.0,31
200800036685,8,7,28,1045,1,1,1,1,1,31500,M,0.0,0.0,31
200800036686,8,7,25,1745,1,1,1,1,1,31443,M,4337400.0,75200.0,31
200800036687,8,7,12,2000,1,2,1,2,6,31100,M,4329900.0,158700.0,31
200800036688,8,7,20,30,5,2,1,1,6,31106,M,4353000.0,175800.0,31
200800036689,8,7,27,745,1,1,1,1,3,31573,M,4366900.0,171800.0,31
200800036690,8,7,27,2245,3,1,1,1,6,31478,M,0.0,0.0,31
200800036691,8,7,14,1715,1,1,1,1,5,09015,M,0.0,0.0,09
200800036692,8,7,18,1600,1,2,1,1,1,09265,M,0.0,0.0,09
200800036693,8,7,1,1945,1,1,1,1,7,09157,M,4296200.0,186300.0,09
200800036694,8,7,15,2315,5,2,1,1,6,09261,M,4298800.0,114400.0,09
200800036695,8,7,17,800,1,1,1,2,6,09209,M,0.0,0.0,09
200800036696,8,7,18,1045,1,2,1,7,3,09261,M,4298100.0,115700.0,09
200800036697,8,7,27,130,5,2,1,1,6,09141,M,4294100.0,96500.0,09
200800036698,8,7,24,1645,1,1,1,1,1,12161,M,4448200.0,249200.0,12
200800036699,8,7,7,1130,1,1,1,1,1,12118,M,4479700.0,265700.0,12
200800036700,8,7,13,830,1,2,1,1,3,12238,M,4421500.0,301500.0,12
200800036701,8,7,28,515,2,1,1,1,1,12196,M,4435400.0,294500.0,12
200800036702,8,7,19,1,5,2,1,1,6,12208,M,4396000.0,288400.0,12
200800036703,8,7,20,1700,1,1,1,1,4,12286,M,4390300.0,282200.0,12
200800036704,8,7,3,2000,1,2,1,1,3,12300,M,4435700.0,203300.0,12
200800036705,8,7,16,1800,1,1,1,1,5,12136,M,4442900.0,212900.0,12
200800036706,8,7,31,2030,2,1,1,1,1,12205,M,4432100.0,197400.0,12
200800036707,8,7,20,1730,1,1,1,1,6,12257,M,0.0,0.0,12
200800036708,8,7,23,2300,3,1,6,1,7,32160,M,4361800.0,107400.0,32
200800036709,8,7,1,1045,1,1,1,1,6,32418,M,4346400.0,88300.0,32
200800036710,8,7,28,2000,2,1,1,1,1,32295,M,4351100.0,97500.0,32
200800036711,8,7,19,2100,2,2,1,1,3,32033,M,4367200.0,32300.0,32
200800036712,8,7,25,1800,1,1,9,1,2,32301,M,0.0,0.0,32
200800036713,8,7,8,1330,1,1,1,1,1,32119,M,4376700.0,-18900.0,32
200800036714,8,7,14,30,3,1,1,1,6,32087,M,0.0,0.0,32
200800036715,8,7,18,2245,3,1,1,1,1,32149,M,4389600.0,24200.0,32
200800036716,8,7,30,2245,3,1,1,1,1,32025,M,4386500.0,-3600.0,32
200800036717,8,7,5,1530,1,1,1,1,1,32158,M,0.0,0.0,32
200800036718,8,7,21,1445,1,1,4,1,3,32393,M,4349000.0,35300.0,32
200800036719,8,7,19,1045,1,2,1,1,3,32163,M,0.0,0.0,32
200800036720,8,7,15,1315,1,1,1,1,1,46064,M,0.0,0.0,46
200800036721,8,7,11,1445,1,1,1,1,1,46034,M,4471700.0,191200.0,46
200800036722,8,7,19,945,1,2,1,7,6,46251,M,0.0,0.0,46
200800036723,8,7,6,2245,3,1,1,1,1,46138,M,4463100.0,152000.0,46
200800036724,8,7,15,745,1,1,1,1,7,46204,M,4467400.0,156100.0,46
200800036725,8,7,18,1730,1,1,1,1,7,46219,M,0.0,0.0,46
200800036726,8,7,27,1415,1,2,1,1,3,46128,M,0.0,0.0,46
200800036727,8,7,10,2100,3,1,9,1,6,65235,M,4320200.0,800.0,65
200800036728,8,7,1,1215,1,1,1,1,6,65375,M,4337700.0,14600.0,65
200800036729,8,7,17,1400,1,2,1,1,1,65121,M,0.0,0.0,65
200800036730,8,7,1,2100,1,1,1,1,1,65029,M,0.0,0.0,65
200800036731,8,7,24,1515,1,1,1,1,7,65123,M,0.0,0.0,65
200800036732,8,7,1,900,1,2,1,1,1,65322,M,4306800.0,40100.0,65
200800036733,8,7,4,1345,1,1,1,1,6,65031,M,0.0,0.0,65
200800036734,8,7,2,1230,1,2,1,1,6,81222,M,0.0,0.0,81
200800036735,8,7,26,1345,1,1,1,1,6,81253,M,0.0,0.0,81
200800036736,8,7,6,2245,3,1,1,1,6,81139,M,4370700.0,213600.0,81
200800036737,8,7,10,2015,1,1,1,1,6,81109,M,4367600.0,213000.0,81
200800036738,8,7,20,1730,1,1,1,1,6,81273,M,4359500.0,215900.0,81
200800036739,8,7,20,2045,1,1,1,1,6,81311,M,4371600.0,221000.0,81
200800036740,8,7,15,1500,1,2,7,1,6,81124,M,4371000.0,269400.0,81
200800036741,8,7,5,1745,1,1,1,1,7,81173,M,4362100.0,172400.0,81
200800036742,8,7,10,1045,1,1,1,1,1,81128,M,0.0,0.0,81
200800036743,8,7,10,1100,1,1,1,1,1,81038,M,4390200.0,192500.0,81
200800036744,8,7,4,830,1,1,1,1,2,81120,M,4353600.0,228300.0,81
200800036745,8,7,17,1215,1,1,1,1,3,81084,M,0.0,0.0,81
200800036746,8,7,24,30,5,2,1,1,6,81307,M,4357300.0,230400.0,81
200800036747,8,7,28,730,1,1,1,1,1,81312,M,4350900.0,215600.0,81
200800036748,8,7,2,1545,1,1,1,1,1,82119,M,0.0,0.0,82
200800036749,8,7,10,630,1,1,1,1,6,82119,M,4421900.0,152600.0,82
200800036750,8,7,1,45,3,1,1,1,6,82134,M,4407300.0,151200.0,82
200800036751,8,7,18,945,1,1,1,1,5,82002,M,4408500.0,143500.0,82
200800036752,8,7,3,1945,1,1,1,7,2,82172,M,4430100.0,181800.0,82
200800036753,8,7,17,1530,1,1,1,1,5,82038,M,4421400.0,172300.0,82
200800036754,8,7,27,900,1,2,1,1,3,82155,M,4415400.0,175600.0,82
200800036755,8,7,4,1745,1,1,1,1,1,82028,M,0.0,0.0,82
200800036756,8,7,13,630,2,2,6,1,6,82048,M,0.0,0.0,82
200800036757,8,7,14,1930,1,2,3,1,3,82150,M,0.0,0.0,82
200800036758,8,7,28,830,1,1,1,1,6,82114,M,0.0,0.0,82
200800036759,8,7,15,1930,1,1,1,1,1,82096,M,4403900.0,119600.0,82
200800036760,8,7,29,830,1,1,1,1,1,82170,M,4416200.0,100400.0,82
200800036761,8,7,19,1845,1,1,1,7,7,82125,M,4395300.0,125000.0,82
200800036762,8,7,3,1715,1,2,1,1,1,82186,M,0.0,0.0,82
200800036763,8,7,3,815,1,1,1,3,5,69277,M,4575200.0,502100.0,69
200800036764,8,7,3,1430,1,1,1,3,1,69277,M,4519900.0,509100.0,69
200800036765,8,7,19,1030,1,2,1,1,7,69055,M,0.0,0.0,69
200800036766,8,7,9,2015,1,2,1,1,2,69003,M,4587200.0,483200.0,69
200800036767,8,7,3,1530,1,2,1,3,6,69204,M,0.0,0.0,69
200800036768,8,7,30,1730,1,2,1,1,1,69204,M,0.0,0.0,69
200800036769,8,7,5,945,1,1,1,1,1,69287,M,0.0,0.0,69
200800036770,8,7,9,1315,1,2,1,1,6,69288,M,0.0,0.0,69
200800036771,8,7,14,1915,1,1,1,1,6,69287,M,0.0,0.0,69
200800036772,8,7,27,1045,1,1,1,1,3,69299,M,0.0,0.0,69
200800036773,8,7,31,1915,1,1,1,1,6,69287,M,4568500.0,502300.0,69
200800036774,8,7,7,1730,1,1,1,1,1,69175,M,0.0,0.0,69
200800036775,8,7,15,1745,1,1,1,1,1,69175,M,0.0,0.0,69
200800036776,8,7,24,615,1,1,1,1,6,69112,M,0.0,0.0,69
200800036777,8,7,20,2000,2,2,1,1,4,69112,M,0.0,0.0,69
200800036778,8,7,29,845,1,1,1,8,1,69112,M,0.0,0.0,69
200800036779,8,7,31,715,2,1,1,1,7,69083,M,0.0,0.0,69
200800036780,8,7,2,445,3,1,1,1,6,69031,M,0.0,0.0,69
200800036781,8,7,2,930,1,2,3,1,3,69201,M,0.0,0.0,69
200800036782,8,7,5,1745,1,1,1,1,2,69067,M,4573600.0,459800.0,69
200800036783,8,7,11,1415,1,2,1,3,3,69201,M,0.0,0.0,69
200800036784,8,7,8,1715,1,1,1,1,7,69095,M,0.0,0.0,69
200800036785,8,7,7,1400,1,2,1,1,1,69028,M,0.0,0.0,69
200800036786,8,7,11,715,1,1,1,1,3,69249,M,0.0,0.0,69
200800036787,8,7,26,530,2,2,6,1,6,69028,M,0.0,0.0,69
200800036788,8,7,30,1330,1,1,1,1,3,69255,M,0.0,0.0,69
200800036789,8,7,31,1100,1,1,1,1,1,69249,M,0.0,0.0,69
200800036790,8,7,18,1800,1,2,1,1,4,69276,M,0.0,0.0,69
200800036791,8,7,4,1530,1,1,1,1,1,69237,M,0.0,0.0,69
200800036792,8,7,25,1630,1,2,1,1,3,69121,M,0.0,0.0,69
200800036793,8,7,5,2000,1,1,1,1,1,69210,M,0.0,0.0,69
200800036794,8,7,19,1730,1,1,1,1,3,69050,M,0.0,0.0,69
200800036795,8,7,15,1630,1,1,1,7,1,69102,M,0.0,0.0,69
200800036796,8,7,20,1900,1,2,1,1,7,69225,M,4588000.0,443600.0,69
200800036797,8,7,18,1115,1,2,1,1,6,69066,M,4610000.0,431000.0,69
200800036798,8,7,20,1730,1,1,1,1,6,69169,M,0.0,0.0,69
200800036799,8,7,14,1315,1,1,1,1,3,01301,M,0.0,0.0,01
200800036800,8,7,18,1400,1,1,1,1,3,01264,M,0.0,0.0,01
200800036801,8,7,1,1,3,1,1,1,7,01408,M,4624800.0,542400.0,01
200800036802,8,7,11,1745,1,1,1,1,2,01229,M,0.0,0.0,01
200800036803,8,7,18,1200,1,1,1,1,6,01108,M,0.0,0.0,01
200800036804,8,7,8,1045,1,1,1,1,4,01374,M,0.0,0.0,01
200800036805,8,7,21,830,1,2,1,1,6,01303,M,0.0,0.0,01
200800036806,8,7,20,1115,1,1,2,1,3,01179,M,0.0,0.0,01
200800036807,8,7,16,1200,1,1,1,1,1,01064,M,0.0,0.0,01
200800036808,8,7,25,1115,1,1,1,1,3,01239,M,0.0,0.0,01
200800036809,8,7,17,1145,1,2,7,1,6,01079,M,0.0,0.0,01
200800036810,8,7,28,1030,1,1,1,1,2,01208,M,4583000.0,578700.0,01
200800036811,8,7,27,715,1,1,1,1,6,01004,M,4596400.0,533000.0,01
200800036812,8,7,5,315,3,1,1,1,6,01148,M,0.0,0.0,01
200800036813,8,7,9,1730,1,2,9,1,3,01063,M,0.0,0.0,01
200800036814,8,7,15,1545,1,1,1,7,7,01404,M,4615500.0,546000.0,01
200800036815,8,7,20,1645,1,1,1,1,3,01307,M,0.0,0.0,01
200800036816,8,7,2,2330,3,1,1,1,1,01033,M,0.0,0.0,01
200800036817,8,7,16,1815,1,2,1,1,3,01313,M,4626700.0,609400.0,01
200800036818,8,7,31,1745,1,1,1,1,3,01173,M,0.0,0.0,01
200800036819,8,7,8,1030,1,1,1,1,1,01322,M,0.0,0.0,01
200800036820,8,7,27,1730,1,1,1,1,3,01347,M,0.0,0.0,01
200800036821,8,7,30,1115,1,2,1,1,1,01347,M,0.0,0.0,01
200800036822,8,7,31,700,1,2,1,1,1,01043,M,0.0,0.0,01
200800036823,8,7,18,1730,1,2,1,1,1,01262,M,0.0,0.0,01
200800036824,8,7,24,1815,1,1,1,1,1,01382,M,4602100.0,492300.0,01
200800036825,8,7,13,2100,3,1,1,1,1,01348,M,4619000.0,480000.0,01
200800036826,8,7,17,1630,1,1,1,1,1,01348,M,0.0,0.0,01
200800036827,8,7,3,1800,1,1,1,2,1,07230,M,0.0,0.0,07
200800036828,8,7,2,1600,1,1,1,1,1,07042,M,0.0,0.0,07
200800036829,8,7,20,615,2,1,1,1,6,07319,M,0.0,0.0,07
200800036830,8,7,20,1330,1,1,1,2,1,07005,M,0.0,0.0,07
200800036831,8,7,20,1730,1,1,1,1,1,07341,M,4456500.0,450600.0,07
200800036832,8,7,21,330,3,1,1,1,6,07247,M,4459400.0,455000.0,07
200800036833,8,7,13,2345,3,1,1,1,1,07349,M,0.0,0.0,07
200800036834,8,7,19,630,2,1,9,1,6,07066,M,0.0,0.0,07
200800036835,8,7,24,700,1,1,1,1,1,07027,M,4484200.0,481500.0,07
200800036836,8,7,29,1700,1,1,1,1,1,07327,M,0.0,0.0,07
200800036837,8,7,13,2300,5,2,1,1,6,07071,M,4480400.0,397800.0,07
200800036838,8,7,26,1515,1,1,1,1,1,07153,M,0.0,0.0,07
200800036839,8,7,13,1030,1,1,1,1,3,07025,M,0.0,0.0,07
200800036840,8,7,7,600,2,1,1,1,1,07101,M,0.0,0.0,07
200800036841,8,7,25,1100,1,2,1,1,6,07201,M,0.0,0.0,07
200800036842,8,7,10,1915,1,1,1,1,6,07334,M,4441300.0,411500.0,07
200800036843,8,7,3,1800,1,1,1,8,1,07313,M,4552200.0,425800.0,07
200800036844,8,7,1,1545,1,1,3,1,1,07080,M,4504900.0,440700.0,07
200800036845,8,7,17,2300,5,2,1,1,6,07064,M,4491700.0,442700.0,07
200800036846,8,7,20,1115,1,1,1,8,7,07054,M,4494300.0,433400.0,07
200800036847,8,7,3,1845,1,1,1,1,7,07285,M,0.0,0.0,07
200800036848,8,7,5,1900,1,2,1,1,3,26313,M,0.0,0.0,26
200800036849,8,7,12,915,1,1,1,1,7,26108,M,0.0,0.0,26
200800036850,8,7,11,2000,1,1,1,1,3,26183,M,0.0,0.0,26
200800036851,8,7,29,1130,1,1,1,1,6,26336,M,0.0,0.0,26
200800036852,8,7,1,630,3,1,1,1,7,26246,M,4477100.0,532000.0,26
200800036853,8,7,27,1445,1,1,1,1,7,26069,M,0.0,0.0,26
200800036854,8,7,11,1545,1,2,1,1,2,26262,M,4465700.0,541400.0,26
200800036855,8,7,31,1345,1,1,9,1,3,26235,M,0.0,0.0,26
200800036856,8,7,5,530,2,1,1,1,6,26063,M,4430500.0,533900.0,26
200800036857,8,7,6,145,3,1,1,1,6,26189,M,0.0,0.0,26
200800036858,8,7,15,215,3,1,1,1,6,26073,M,4442300.0,485100.0,26
200800036859,8,7,22,1215,1,1,1,1,1,26146,M,4444800.0,496700.0,26
200800036860,8,7,26,1245,1,1,1,1,1,26335,M,4448100.0,494300.0,26
200800036861,8,7,5,1045,1,1,1,1,1,26288,M,4440600.0,524000.0,26
200800036862,8,7,9,1400,1,1,1,1,7,26264,M,4441200.0,535000.0,26
200800036863,8,7,10,830,1,1,1,1,7,26104,M,4444500.0,537000.0,26
200800036864,8,7,19,1545,1,1,1,1,3,26004,M,0.0,0.0,26
200800036865,8,7,23,715,1,1,1,1,3,26231,M,0.0,0.0,26
200800036866,8,7,30,1500,1,1,1,1,3,26323,M,0.0,0.0,26
200800036867,8,7,26,1000,1,1,1,1,3,26118,M,0.0,0.0,26
200800036868,8,7,18,1830,1,1,1,1,6,26002,M,4526400.0,486200.0,26
200800036869,8,7,15,515,2,1,1,1,7,26119,M,0.0,0.0,26
200800036870,8,7,10,645,1,1,1,1,1,38175,M,4527300.0,591100.0,38
200800036871,8,7,3,945,1,1,1,3,5,38027,M,0.0,0.0,38
200800036872,8,7,27,1630,1,1,1,1,3,38412,M,0.0,0.0,38
200800036873,8,7,5,1815,1,1,1,1,7,38153,M,4518600.0,562000.0,38
200800036874,8,7,30,1615,1,1,1,1,1,38548,M,0.0,0.0,38
200800036875,8,7,12,1100,1,1,1,1,5,38565,M,4528000.0,562700.0,38
200800036876,8,7,12,1745,1,1,1,2,1,38565,M,4531300.0,562100.0,38
200800036877,8,7,10,2130,3,1,1,1,2,38207,M,4498600.0,588700.0,38
200800036878,8,7,17,900,1,2,1,1,6,38226,M,4482100.0,575100.0,38
200800036879,8,7,8,545,2,1,1,1,1,38212,M,0.0,0.0,38
200800036880,8,7,2,1700,1,1,1,1,5,38195,M,4515900.0,537300.0,38
200800036881,8,7,4,2315,5,2,1,1,3,38416,M,4515800.0,531800.0,38
200800036882,8,7,23,730,1,1,2,1,1,38410,M,0.0,0.0,38
200800036883,8,7,28,1745,1,1,1,7,1,38245,M,0.0,0.0,38
200800036884,8,7,8,1245,1,1,1,1,6,38383,M,0.0,0.0,38
200800036885,8,7,19,1515,1,1,1,1,1,38331,M,0.0,0.0,38
200800036886,8,7,2,915,3,1,9,1,1,38384,M,4535900.0,535400.0,38
200800036887,8,7,16,1730,1,1,1,1,3,38384,M,4535900.0,534500.0,38
200800036888,8,7,27,230,3,2,1,1,3,38384,M,4531800.0,516500.0,38
200800036889,8,7,10,1130,1,1,6,1,2,38559,M,4521300.0,540400.0,38
200800036890,8,7,18,1800,1,1,1,1,3,38004,M,4522200.0,547000.0,38
200800036891,8,7,25,1100,1,2,1,1,6,38117,M,4517500.0,541200.0,38