Num_Acc,an,mois,jour,hrmn,lum,agg,int,atm,col,com,gps,lat,long,dep
200800036892,8,7,5,2330,5,2,1,1,3,38149,M,4559100.0,525200.0,38
200800036893,8,7,16,1645,1,1,1,1,1,38455,M,4563100.0,528900.0,38
200800036894,8,7,22,1130,1,1,1,1,3,38156,M,4554300.0,531100.0,38
200800036895,8,7,16,1300,1,2,1,1,2,38176,M,4566700.0,518000.0,38
200800036896,8,7,20,1500,1,1,1,1,6,38176,M,4565800.0,520800.0,38
200800036897,8,7,30,1215,1,1,2,1,3,38520,M,4550500.0,554400.0,38
200800036898,8,7,20,615,1,1,1,1,1,38539,M,0.0,0.0,38
200800036899,8,7,19,1745,1,1,1,1,2,38261,M,4564800.0,543500.0,38
200800036900,8,7,20,1530,1,2,1,1,1,38315,M,0.0,0.0,38
200800036901,8,7,25,2030,1,2,1,1,6,38343,M,0.0,0.0,38
200800036902,8,7,18,1015,1,2,1,1,6,44035,M,4731100.0,-154700.0,44
200800036903,8,7,27,1800,1,2,1,1,3,44066,M,4736900.0,-160500.0,44
200800036904,8,7,13,1630,1,1,1,1,3,38484,M,4556400.0,492200.0,38
200800036905,8,7,22,1745,1,2,1,1,2,38336,M,4549700.0,482900.0,38
200800036906,8,7,1,2045,1,1,1,1,3,38198,M,0.0,0.0,38
200800036907,8,7,1,1215,1,1,1,1,3,38300,M,0.0,0.0,38
200800036908,8,7,31,1545,1,2,1,1,3,38311,M,0.0,0.0,38
200800036909,8,7,31,1300,1,1,2,1,3,38130,M,0.0,0.0,38
200800036910,8,7,4,1730,1,1,1,1,4,38144,M,4558200.0,509200.0,38
200800036911,8,7,26,15,3,1,1,1,3,38399,M,4550600.0,517400.0,38
200800036912,8,7,22,1630,1,1,6,1,1,38144,M,4559900.0,509200.0,38
200800036913,8,7,20,1630,1,1,1,1,7,38399,M,4549800.0,514300.0,38
200800036914,8,7,8,845,1,1,9,1,3,38316,M,4575500.0,516700.0,38
200800036915,8,7,15,1415,1,2,3,1,3,38316,M,4575300.0,518100.0,38
200800036916,8,7,5,2130,2,1,1,1,7,38003,M,4532800.0,485900.0,38
200800036917,8,7,9,1500,1,1,1,1,6,38003,M,4534900.0,485000.0,38
200800036918,8,7,20,1000,1,2,1,1,3,38475,M,0.0,0.0,38
200800036919,8,7,31,1645,1,2,1,1,7,38537,M,4563500.0,514100.0,38
200800036920,8,7,26,30,5,2,1,1,1,42092,M,4549100.0,438100.0,42
200800036921,8,7,25,1330,1,1,1,1,1,42037,M,4566800.0,405900.0,42
200800036922,8,7,25,1500,1,1,1,1,3,42005,M,4553600.0,430600.0,42
200800036923,8,7,18,1915,1,2,1,7,1,42019,M,4575800.0,400600.0,42
200800036924,8,7,16,2030,1,1,1,1,6,42165,M,4578800.0,433100.0,42
200800036925,8,7,8,1245,1,1,1,1,1,42266,M,4542500.0,405600.0,42
200800036926,8,7,3,1230,1,1,1,2,6,42081,M,4561300.0,427200.0,42
200800036927,8,7,12,2115,2,1,1,1,7,42108,M,4560500.0,420100.0,42
200800036928,8,7,17,2000,2,1,1,1,6,42059,M,4562300.0,437800.0,42
200800036929,8,7,19,1800,1,1,1,1,3,42020,M,4564300.0,420800.0,42
200800036930,8,7,5,1200,1,1,1,1,1,42271,M,4545400.0,460200.0,42
200800036931,8,7,22,1445,1,1,1,1,1,42056,M,0.0,0.0,42
200800036932,8,7,2,1515,1,1,1,1,6,42162,M,0.0,0.0,42
200800036933,8,7,21,1730,1,1,1,1,3,42166,M,0.0,0.0,42
200800036934,8,7,24,1345,1,1,1,1,3,42070,M,0.0,0.0,42
200800036935,8,7,27,1945,2,1,1,1,1,42267,M,4616800.0,413800.0,42
200800036936,8,7,13,30,3,1,1,9,7,42082,M,0.0,0.0,42
200800036937,8,7,25,2245,5,2,1,1,6,73146,M,4571700.0,610600.0,73
200800036938,8,7,12,1945,1,1,1,2,7,73096,M,4551500.0,607600.0,73
200800036939,8,7,4,2345,4,2,1,1,3,73140,M,4574800.0,579600.0,73
200800036940,8,7,5,1900,1,1,1,1,6,73184,M,4559000.0,579200.0,73
200800036941,8,7,6,2200,3,1,1,3,1,73236,M,4559600.0,564100.0,73
200800036942,8,7,15,700,1,2,1,7,5,73219,M,4554700.0,576300.0,73
200800036943,8,7,26,2300,3,1,1,1,7,73186,M,0.0,0.0,73
200800036944,8,7,18,730,1,1,1,1,2,73317,M,4572500.0,652200.0,73
200800036945,8,7,15,930,3,1,1,2,7,73227,M,4573000.0,605000.0,73
200800036946,8,7,20,1315,1,1,1,2,3,73242,M,0.0,0.0,73
200800036947,8,7,25,1100,1,1,1,1,3,73248,M,4530000.0,635600.0,73
200800036948,8,7,2,1800,1,2,1,1,2,74108,M,0.0,0.0,74
200800036949,8,7,9,1530,1,1,1,1,6,74104,M,0.0,0.0,74
200800036950,8,7,22,1300,1,2,1,1,7,74225,M,0.0,0.0,74
200800036951,8,7,18,2345,3,1,1,1,7,74233,M,0.0,0.0,74
200800036952,8,7,8,2230,3,1,1,1,1,74080,M,0.0,0.0,74
200800036953,8,7,25,2100,2,1,1,1,6,74079,M,0.0,0.0,74
200800036954,8,7,2,700,1,2,1,1,1,74042,M,0.0,0.0,74
200800036955,8,7,10,2145,5,1,1,1,3,74042,M,0.0,0.0,74
200800036956,8,7,4,845,1,2,1,1,6,74081,M,0.0,0.0,74
200800036957,8,7,5,1445,1,1,1,1,3,74159,M,4603000.0,662000.0,74
200800036958,8,7,5,1000,1,2,6,1,3,74169,M,0.0,0.0,74
200800036959,8,7,25,1000,1,2,1,1,1,74081,M,0.0,0.0,74
200800036960,8,7,24,1730,1,2,1,1,6,74236,M,0.0,0.0,74
200800036961,8,7,25,1900,1,1,1,1,1,74236,M,4589700.0,669100.0,74
200800036962,8,7,28,1800,1,1,9,1,6,74236,M,0.0,0.0,74
200800036963,8,7,1,1400,1,1,1,1,6,74256,M,4593600.0,671600.0,74
200800036964,8,7,14,1730,1,1,1,1,5,74256,M,0.0,0.0,74
200800036965,8,7,19,1645,1,1,1,1,3,74256,M,0.0,0.0,74
200800036966,8,7,24,1715,1,2,2,1,1,74256,M,0.0,0.0,74
200800036967,8,7,28,1515,1,2,1,1,7,74208,M,0.0,0.0,74
200800036968,8,7,31,1615,1,2,1,1,1,74256,M,0.0,0.0,74
200800036969,8,7,5,1415,1,1,1,1,6,74258,M,0.0,0.0,74
200800036970,8,7,15,1830,1,1,1,1,1,74258,M,0.0,0.0,74
200800036971,8,7,31,830,1,1,1,1,2,74216,M,0.0,0.0,74
200800036972,8,7,31,1030,1,1,6,1,3,74082,M,0.0,0.0,74
200800036973,8,7,2,1630,1,1,1,1,3,74158,M,0.0,0.0,74
200800036974,8,7,4,630,2,2,1,1,3,74006,M,0.0,0.0,74
200800036975,8,7,16,615,1,1,1,1,1,74101,M,0.0,0.0,74
200800036976,8,7,2,1945,1,2,1,1,3,74043,M,4626400.0,635400.0,74
200800036977,8,7,1,1200,1,1,1,1,1,74058,M,0.0,0.0,74
200800036978,8,7,4,1545,1,1,3,1,3,74001,M,0.0,0.0,74
200800036979,8,7,17,1945,1,1,1,3,1,74058,M,0.0,0.0,74
200800036980,8,7,14,1130,1,1,1,8,1,74032,M,4623200.0,653700.0,74
200800036981,8,7,18,915,1,2,1,1,2,74038,M,4619800.0,643200.0,74
200800036982,8,7,31,2000,1,2,1,1,3,74139,M,0.0,0.0,74
200800036983,8,7,22,930,1,1,1,1,7,74033,M,0.0,0.0,74
200800036984,8,7,13,2300,5,2,1,1,1,63254,M,4581500.0,305800.0,63
200800036985,8,7,4,900,1,1,2,1,3,63417,M,0.0,0.0,63
200800036986,8,7,31,1100,1,2,1,1,2,63284,M,4580200.0,324300.0,63
200800036987,8,7,27,1800,1,2,1,1,6,63248,M,4573000.0,290600.0,63
200800036988,8,7,3,1015,1,1,1,3,1,63084,M,4571300.0,305700.0,63
200800036989,8,7,28,1015,1,2,1,1,3,63214,M,4569000.0,318000.0,63
200800036990,8,7,17,715,1,1,1,1,7,63207,M,4565300.0,367700.0,63
200800036991,8,7,19,1330,1,1,1,1,1,63412,M,0.0,0.0,63
200800036992,8,7,8,1930,1,2,1,7,1,63080,M,0.0,0.0,63
200800036993,8,7,12,1115,1,2,1,1,6,63178,M,4555000.0,324900.0,63
200800036994,8,7,16,1830,1,2,1,1,1,63080,M,0.0,0.0,63
200800036995,8,7,26,1515,1,2,1,1,3,63178,M,4554700.0,326100.0,63
200800036996,8,7,29,1800,1,2,1,1,6,63178,M,4554800.0,325100.0,63
200800036997,8,7,25,1945,1,2,1,1,2,63144,M,0.0,0.0,63
200800036998,8,7,20,1830,1,2,1,1,6,63333,M,0.0,0.0,63
200800036999,8,7,30,915,1,1,1,1,1,63143,M,4604300.0,325000.0,63
200800037000,8,7,5,1830,1,1,1,1,1,63381,M,4586500.0,292100.0,63
200800037001,8,7,3,1430,1,2,1,2,3,63338,M,4614900.0,285500.0,63
200800037002,8,7,16,1045,3,1,1,1,1,63223,M,4612000.0,290100.0,63
200800037003,8,7,16,900,1,1,1,1,1,63293,M,4612600.0,271700.0,63
200800037004,8,7,14,830,1,2,1,1,6,63195,M,4583500.0,338600.0,63
200800037005,8,7,18,1800,2,1,4,1,1,63131,M,4585200.0,332000.0,63
200800037006,8,7,19,1100,1,1,1,1,1,63418,M,4578400.0,348800.0,63
200800037007,8,7,19,1745,1,1,1,1,6,63016,M,0.0,0.0,63
200800037008,8,7,20,1745,1,1,1,1,1,63125,M,4579100.0,351400.0,63
200800037009,8,7,17,745,1,1,1,8,2,63128,M,4591100.0,341100.0,63
200800037010,8,7,12,2015,1,1,1,1,6,03046,M,4650300.0,300400.0,03
200800037011,8,7,15,200,3,2,1,1,6,03036,M,4658600.0,305600.0,03
200800037012,8,7,5,45,3,1,1,1,7,03128,M,0.0,0.0,03
200800037013,8,7,30,2100,2,1,1,1,3,03128,M,4640600.0,250200.0,03
200800037014,8,7,7,1530,1,1,2,8,3,03293,M,4663600.0,261300.0,03
200800037015,8,7,3,1730,1,2,1,1,3,03304,M,4616700.0,335400.0,03
200800037016,8,7,5,715,1,2,1,1,6,03258,M,4619100.0,339400.0,03
200800037017,8,7,13,1615,1,1,2,8,3,03182,M,0.0,0.0,03
200800037018,8,7,4,1430,1,1,1,1,1,03179,M,4629400.0,352500.0,03
200800037019,8,7,13,1215,1,1,1,1,2,15221,M,0.0,0.0,15
200800037020,8,7,27,415,3,1,1,1,6,15181,M,4469300.0,223200.0,15
200800037021,8,7,30,400,3,1,1,1,6,15196,M,0.0,0.0,15
200800037022,8,7,16,2045,1,2,1,1,7,15154,M,4495600.0,257500.0,15
200800037023,8,7,9,1730,1,1,1,1,2,15252,M,0.0,0.0,15
200800037024,8,7,28,1815,1,1,1,1,1,15113,M,4508700.0,267100.0,15
200800037025,8,7,21,1400,1,2,1,1,3,15187,M,4503600.0,309800.0,15
200800037026,8,7,31,700,1,1,1,1,6,15188,M,0.0,0.0,15
200800037027,8,7,17,1915,1,2,3,1,3,15127,M,4523400.0,312700.0,15
200800037028,8,7,17,1100,1,2,1,2,1,43018,M,4501400.0,380000.0,43
200800037029,8,7,5,1430,1,1,1,1,7,43215,M,4481400.0,393200.0,43
200800037030,8,7,15,2000,2,1,1,1,1,43039,M,4495500.0,384600.0,43
200800037031,8,7,22,30,3,1,1,1,7,43215,M,4482600.0,387300.0,43
200800037032,8,7,29,1900,1,2,1,7,3,43215,M,4480700.0,390700.0,43
200800037033,8,7,23,1915,1,2,1,1,1,43135,M,4494500.0,399900.0,43
200800037034,8,7,20,700,1,2,1,1,3,43150,M,4509800.0,405800.0,43
200800037035,8,7,27,100,3,1,1,5,2,43113,M,4501000.0,400100.0,43
200800037036,8,7,17,1515,1,1,1,2,3,43080,M,0.0,0.0,43
200800037037,8,7,23,2015,1,1,1,1,7,43216,M,0.0,0.0,43
200800037038,8,7,20,445,3,2,1,1,6,43262,M,4527300.0,340200.0,43
200800037039,8,7,24,1630,1,1,6,1,7,43074,M,4532600.0,337200.0,43
200800037040,8,7,5,930,1,2,1,1,6,43185,M,4540800.0,332100.0,43
200800037041,8,7,22,2015,2,1,3,7,3,43016,M,0.0,0.0,43
200800037042,8,7,7,1345,1,1,1,1,6,43137,M,4531900.0,423100.0,43
200800037043,8,7,9,700,1,2,1,7,3,43012,M,4538000.0,421100.0,43
200800037044,8,7,26,2145,5,2,7,9,6,43020,M,4531100.0,411100.0,43
200800037045,8,7,1,1645,1,1,1,1,1,57634,M,4917000.0,608900.0,57
200800037046,8,7,2,1930,1,1,1,1,7,57620,M,0.0,0.0,57
200800037047,8,7,5,1745,1,1,1,1,2,57543,M,0.0,0.0,57
200800037048,8,7,6,1715,1,1,1,1,7,57634,M,4917000.0,609500.0,57
200800037049,8,7,28,1600,1,2,3,7,3,57593,M,4920800.0,604200.0,57
200800037050,8,7,22,30,5,2,1,1,3,57433,M,0.0,0.0,57
200800037051,8,7,26,1200,1,1,6,1,1,57645,M,4920100.0,614400.0,57
200800037052,8,7,31,1830,1,1,2,1,3,57443,M,0.0,0.0,57
200800037053,8,7,12,1815,1,2,2,1,3,57572,M,0.0,0.0,57
200800037054,8,7,28,1530,1,1,1,1,1,57534,M,0.0,0.0,57
200800037055,8,7,23,715,1,1,1,1,5,57193,M,0.0,0.0,57
200800037056,8,7,9,30,3,1,1,1,7,57099,M,0.0,0.0,57
200800037057,8,7,11,1145,1,2,1,1,1,57177,M,0.0,0.0,57
200800037058,8,7,18,1045,1,1,1,1,1,57493,M,0.0,0.0,57
200800037059,8,7,8,745,1,1,1,1,7,57275,M,0.0,0.0,57
200800037060,8,7,14,1815,1,1,1,1,5,57428,M,0.0,0.0,57
200800037061,8,7,30,2015,1,1,6,1,3,57690,M,4909100.0,672200.0,57
200800037062,8,7,27,1700,1,2,1,1,2,57197,M,4906300.0,698300.0,57
200800037063,8,7,26,1615,1,1,1,1,7,57374,M,0.0,0.0,57
200800037064,8,7,26,1230,1,1,1,1,6,57461,M,0.0,0.0,57
200800037065,8,7,13,1500,1,1,1,1,7,57163,M,0.0,0.0,57
200800037066,8,7,20,1915,1,2,1,1,3,57742,M,0.0,0.0,57
200800037067,8,7,27,845,1,1,1,1,7,57114,M,0.0,0.0,57
200800037068,8,7,10,1500,1,2,1,1,1,57589,M,0.0,0.0,57
200800037069,8,7,16,1630,1,1,1,1,1,57748,M,0.0,0.0,57
200800037070,8,7,25,845,1,1,1,1,6,57408,M,0.0,0.0,57
200800037071,8,7,20,1645,1,1,1,1,1,57541,M,0.0,0.0,57
200800037072,8,7,23,1615,1,2,1,1,1,57741,M,0.0,0.0,57
200800037073,8,7,27,1145,1,1,1,1,3,57541,M,0.0,0.0,57
200800037074,8,7,17,2130,5,2,1,1,6,57206,M,0.0,0.0,57
200800037075,8,7,31,1745,1,1,1,1,7,57426,M,0.0,0.0,57
200800037076,8,7,23,2030,2,2,1,1,7,57650,M,0.0,0.0,57
200800037077,8,7,13,1945,1,2,2,1,3,54179,M,0.0,0.0,54
200800037078,8,7,6,2300,5,2,1,1,3,54215,M,0.0,0.0,54
200800037079,8,7,22,1030,1,2,1,1,6,54115,M,0.0,0.0,54
200800037080,8,7,22,1845,1,1,1,1,6,54437,M,4854900.0,613500.0,54
200800037081,8,7,16,2345,3,1,1,1,7,54200,M,0.0,0.0,54
200800037082,8,7,15,1945,1,1,1,1,6,54462,M,0.0,0.0,54
200800037083,8,7,15,1915,1,1,1,1,1,54473,M,0.0,0.0,54
200800037084,8,7,27,1645,1,1,3,1,3,54434,M,4843700.0,612700.0,54
200800037085,8,7,6,215,3,1,1,1,6,54067,M,0.0,0.0,54
200800037086,8,7,17,1215,1,2,1,1,1,54514,M,0.0,0.0,54
200800037087,8,7,3,2100,2,2,1,1,3,54152,M,0.0,0.0,54
200800037088,8,7,19,1615,1,1,1,1,1,54017,M,4848700.0,696100.0,54
200800037089,8,7,6,645,1,1,1,1,6,54242,M,0.0,0.0,54
200800037090,8,7,30,1745,1,1,1,1,5,54073,M,0.0,0.0,54
200800037091,8,7,4,2115,1,2,1,1,6,54370,M,4882100.0,589200.0,54
200800037092,8,7,22,1315,1,1,1,1,6,54463,M,0.0,0.0,54
200800037093,8,7,6,1745,1,1,1,2,3,55298,M,4877200.0,529300.0,55
200800037094,8,7,27,730,1,1,1,5,3,55125,M,4880400.0,498000.0,55
200800037095,8,7,9,315,3,2,1,1,6,55061,M,0.0,0.0,55
200800037096,8,7,27,515,2,1,1,1,6,55519,M,4874100.0,531900.0,55
200800037097,8,7,3,1645,1,1,1,1,7,55184,M,4873900.0,560400.0,55
200800037098,8,7,5,1645,1,1,1,8,7,55229,M,4887600.0,552600.0,55
200800037099,8,7,10,1815,1,2,1,1,3,55463,M,4889400.0,554400.0,55
200800037100,8,7,13,1000,1,1,1,1,1,55229,M,4886300.0,552400.0,55
200800037101,8,7,11,1515,1,2,1,2,3,55502,M,4951100.0,518700.0,55
200800037102,8,7,19,1945,1,2,1,1,3,55391,M,4956100.0,522200.0,55
200800037103,8,7,19,1115,1,1,1,6,7,55492,M,4912000.0,547000.0,55
200800037104,8,7,6,1400,1,1,1,1,7,55481,M,4929400.0,563300.0,55
200800037105,8,7,7,2300,5,2,1,1,2,55181,M,4921700.0,562500.0,55
200800037106,8,7,16,900,1,1,1,1,7,55443,M,4921800.0,569900.0,55
200800037107,8,7,20,15,3,1,1,1,1,55232,M,4909600.0,570600.0,55
200800037108,8,7,20,2000,1,1,1,1,6,55481,M,4929700.0,563000.0,55
200800037109,8,7,25,600,1,1,1,1,6,55495,M,4938700.0,559200.0,55
200800037110,8,7,16,1945,1,1,1,1,6,88151,M,4822100.0,621800.0,88
200800037111,8,7,19,2030,1,1,1,2,1,88233,M,0.0,0.0,88
200800037112,8,7,7,1830,1,2,1,1,2,88090,M,0.0,0.0,88
200800037113,8,7,19,1845,1,1,1,1,1,88073,M,0.0,0.0,88
200800037114,8,7,28,1700,1,1,1,1,7,88073,M,0.0,0.0,88
200800037115,8,7,10,1230,1,1,1,1,3,88007,M,4794200.0,593900.0,88
200800037116,8,7,14,845,1,2,1,1,5,88465,M,4825700.0,642900.0,88
200800037117,8,7,3,1130,1,1,1,2,1,88236,M,0.0,0.0,88
200800037118,8,7,13,315,3,1,1,1,3,88530,M,0.0,0.0,88
200800037119,8,7,27,1830,1,1,1,8,1,88530,M,0.0,0.0,88
200800037120,8,7,3,2000,1,2,1,1,6,88321,M,4836800.0,569900.0,88
200800037121,8,7,23,700,1,1,1,1,3,88044,M,4831400.0,568000.0,88
200800037122,8,7,5,1400,1,2,1,1,6,88304,M,0.0,0.0,88
200800037123,8,7,22,1500,1,1,8,1,3,88274,M,4830200.0,583700.0,88
200800037124,8,7,15,1830,1,2,1,1,1,88140,M,0.0,0.0,88
200800037125,8,7,17,600,1,1,1,1,1,88332,M,4822300.0,591300.0,88
200800037126,8,7,28,700,1,1,1,5,7,88017,M,0.0,0.0,88
200800037127,8,7,14,915,1,1,1,1,5,88167,M,4814300.0,665700.0,88
200800037128,8,7,31,1930,1,1,1,1,6,88500,M,0.0,0.0,88
200800037129,8,7,2,1630,1,2,1,1,6,88170,M,4791000.0,671100.0,88
200800037130,8,7,5,1400,1,1,1,1,3,88081,M,4789200.0,688100.0,88
200800037131,8,7,7,630,2,2,1,2,3,88170,M,4791000.0,671300.0,88
200800037132,8,7,13,530,2,2,1,2,1,88468,M,4788000.0,676500.0,88
200800037133,8,7,23,1200,1,1,1,1,6,88369,M,4789800.0,672300.0,88
200800037134,8,7,4,745,1,2,1,1,6,88009,M,0.0,0.0,88
200800037135,8,7,19,1645,1,1,1,8,3,88492,M,4807200.0,702200.0,88
200800037136,8,7,21,1530,1,1,1,1,6,88438,M,0.0,0.0,88
200800037137,8,7,26,2200,5,2,1,1,2,88076,M,4824000.0,673300.0,88
200800037138,8,7,27,630,2,1,1,1,6,88076,M,4823600.0,673300.0,88
200800037139,8,7,9,1900,1,2,1,1,3,88165,M,4837000.0,687000.0,88
200800037140,8,7,24,1945,1,1,1,1,7,88435,M,4835600.0,679500.0,88
200800037141,8,7,7,1815,1,1,1,1,2,67246,M,4833700.0,753400.0,67
200800037142,8,7,12,1045,1,1,9,1,6,67055,M,4833200.0,769400.0,67
200800037143,8,7,15,2045,1,2,1,1,3,67055,M,4834100.0,768200.0,67
200800037144,8,7,1,1,5,2,1,1,7,67137,M,4849100.0,767900.0,67
200800037145,8,7,19,1800,1,1,1,1,6,67131,M,4850100.0,773100.0,67
200800037146,8,7,31,845,1,2,1,1,1,67137,M,0.0,0.0,67
200800037147,8,7,31,2045,3,1,1,1,3,67348,M,0.0,0.0,67
200800037148,8,7,2,1645,1,1,1,7,1,67180,M,4879800.0,785600.0,67
200800037149,8,7,28,1800,1,2,2,1,3,67169,M,4875900.0,781600.0,67
200800037150,8,7,31,1330,1,2,2,1,3,67046,M,4877600.0,785100.0,67
200800037151,8,7,21,1245,1,2,1,1,1,67128,M,4854500.0,757400.0,67
200800037152,8,7,26,1445,1,1,1,1,1,67165,M,4851000.0,714400.0,67
200800037153,8,7,4,2245,3,1,1,1,7,67335,M,0.0,0.0,67
200800037154,8,7,27,400,5,2,1,1,6,67520,M,4864300.0,745100.0,67
200800037155,8,7,5,45,5,2,1,1,6,67372,M,4884900.0,761100.0,67
200800037156,8,7,12,1900,1,2,1,1,3,67347,M,0.0,0.0,67
200800037157,8,7,30,1330,1,1,1,1,1,67103,M,4881300.0,741400.0,67
200800037158,8,7,1,1200,1,2,1,1,6,67437,M,0.0,0.0,67
200800037159,8,7,2,1645,1,2,1,1,6,67434,M,0.0,0.0,67
200800037160,8,7,29,1200,1,1,1,1,3,67435,M,0.0,0.0,67
200800037161,8,7,30,1700,1,1,1,1,6,67467,M,0.0,0.0,67
200800037162,8,7,10,2000,1,2,1,1,3,67506,M,4867400.0,771300.0,67
200800037163,8,7,1,2230,3,1,1,1,7,67202,M,4875500.0,748500.0,67
200800037164,8,7,10,2115,1,1,1,1,6,67460,M,4875700.0,759800.0,67
200800037165,8,7,6,2015,1,2,1,1,6,67237,M,4868300.0,785800.0,67
200800037166,8,7,15,1630,1,1,1,1,3,67205,M,4869400.0,773000.0,67
200800037167,8,7,11,1700,1,1,1,1,7,67551,M,4857000.0,766000.0,67
200800037168,8,7,30,1400,1,1,1,1,1,67551,M,0.0,0.0,67
200800037169,8,7,27,1345,1,1,1,1,6,67021,M,4838600.0,752700.0,67
200800037170,8,7,2,1715,1,1,1,1,6,67310,M,4821300.0,753800.0,67
200800037171,8,7,2,530,1,1,3,1,1,67351,M,4897500.0,799900.0,67
200800037172,8,7,8,1500,1,1,1,1,1,67007,M,0.0,0.0,67
200800037173,8,7,30,1245,1,1,1,1,6,67544,M,4900400.0,806400.0,67
200800037174,8,7,5,1400,1,2,1,1,1,67206,M,4893600.0,793900.0,67
200800037175,8,7,8,1545,1,1,1,1,6,67193,M,0.0,0.0,67
200800037176,8,7,13,1830,1,1,1,1,3,67416,M,4902200.0,791000.0,67
200800037177,8,7,23,2245,3,2,1,1,3,67474,M,0.0,0.0,67
200800037178,8,7,1,1930,1,1,1,1,1,68331,M,0.0,0.0,68
200800037179,8,7,3,1115,1,1,1,2,6,68007,M,0.0,0.0,68
200800037180,8,7,24,1615,1,1,4,1,3,68007,M,0.0,0.0,68
200800037181,8,7,21,630,2,1,1,1,6,68175,M,0.0,0.0,68
200800037182,8,7,4,1330,1,2,1,1,1,68036,M,0.0,0.0,68
200800037183,8,7,11,1745,1,1,9,1,7,68227,M,4811200.0,747500.0,68
200800037184,8,7,13,2130,4,1,9,1,1,68351,M,4802600.0,758000.0,68
200800037185,8,7,19,945,1,1,1,1,6,68352,M,4803100.0,755200.0,68
200800037186,8,7,6,330,3,1,1,1,6,68269,M,4819600.0,733500.0,68
200800037187,8,7,31,400,3,1,1,1,7,68005,M,4812500.0,730900.0,68
200800037188,8,7,13,330,3,1,9,2,6,68134,M,4803200.0,731600.0,68
200800037189,8,7,6,1830,1,1,1,2,1,68138,M,0.0,0.0,68
200800037190,8,7,7,1815,1,1,1,1,5,68332,M,4766300.0,726600.0,68
200800037191,8,7,18,1830,1,1,1,1,3,68225,M,4786000.0,745300.0,68
200800037192,8,7,27,1700,1,1,1,1,3,68235,M,4799600.0,738400.0,68
200800037193,8,7,4,1845,1,1,1,1,3,68015,M,0.0,0.0,68
200800037194,8,7,9,2000,1,2,1,1,6,68300,M,0.0,0.0,68
200800037195,8,7,4,600,2,1,3,1,2,68238,M,4771000.0,751000.0,68
200800037196,8,7,11,1500,1,2,1,1,1,68253,M,4778000.0,750000.0,68
200800037197,8,7,4,100,3,1,1,1,7,68263,M,0.0,0.0,68
200800037198,8,7,18,1815,1,2,1,1,1,68061,M,4756300.0,750200.0,68
200800037199,8,7,25,1415,1,2,1,1,3,68334,M,4781000.0,710000.0,68
200800037200,8,7,26,200,5,2,1,1,7,68115,M,4775700.0,709300.0,68
200800037201,8,7,13,1845,1,1,3,1,3,51546,M,4911700.0,458800.0,51
200800037202,8,7,11,1100,1,1,1,3,7,51196,M,4900900.0,403200.0,51
200800037203,8,7,20,2200,2,1,1,1,2,51107,M,4890500.0,409700.0,51
200800037204,8,7,8,800,1,1,1,1,1,51165,M,4873400.0,390700.0,51
200800037205,8,7,13,515,2,2,1,1,6,51508,M,4861400.0,441500.0,51
200800037206,8,7,11,1900,1,1,1,1,1,51535,M,4872300.0,375600.0,51
200800037207,8,7,12,2030,2,1,1,1,7,51233,M,4869500.0,349600.0,51
200800037208,8,7,18,1045,1,1,1,1,6,51032,M,4856600.0,382500.0,51
200800037209,8,7,13,1945,1,1,1,1,1,51305,M,4923900.0,386100.0,51
200800037210,8,7,19,130,5,1,1,1,3,51391,M,4927000.0,389000.0,51
200800037211,8,7,30,215,3,1,1,1,7,51287,M,4910800.0,393400.0,51
200800037212,8,7,7,1645,1,2,1,9,3,51262,M,4870000.0,459500.0,51
200800037213,8,7,8,1815,1,1,1,1,6,51507,M,4910600.0,494700.0,51
200800037214,8,7,26,1200,1,2,1,1,1,08235,M,4975900.0,482300.0,08
200800037215,8,7,27,1015,1,1,1,1,7,08003,M,4979800.0,477800.0,08
200800037216,8,7,27,1730,1,1,6,1,6,08305,M,4964600.0,463000.0,08
200800037217,8,7,18,1645,1,2,3,1,1,08188,M,4982500.0,483000.0,08
200800037218,8,7,3,1845,1,1,1,1,2,08343,M,4968100.0,506700.0,08
200800037219,8,7,1,2100,1,1,1,7,2,08357,M,4966000.0,499000.0,08
200800037220,8,7,3,1615,1,2,1,8,1,08493,M,4943100.0,468300.0,08
200800037221,8,7,29,2315,3,1,1,1,6,08103,M,4949500.0,458400.0,08
200800037222,8,7,11,1215,1,1,1,8,5,08419,M,4973200.0,443000.0,08
200800037223,8,7,6,1815,1,2,1,1,1,10080,M,0.0,0.0,10
200800037224,8,7,21,1130,1,1,1,1,7,10431,M,0.0,0.0,10
200800037225,8,7,31,1415,1,2,9,1,6,10352,M,0.0,0.0,10
200800037226,8,7,16,1400,1,2,1,1,6,10423,M,4824100.0,438800.0,10
200800037227,8,7,29,1530,1,2,3,1,3,10046,M,4839400.0,445500.0,10
200800037228,8,7,27,200,3,2,1,1,7,10419,M,0.0,0.0,10
200800037229,8,7,10,430,3,1,1,1,6,10271,M,4846900.0,378800.0,10
200800037230,8,7,3,1545,1,1,1,1,1,52365,M,0.0,0.0,52
200800037231,8,7,10,1900,1,1,1,1,3,52514,M,0.0,0.0,52