Num_Acc,an,mois,jour,hrmn,lum,agg,int,atm,col,com,gps,lat,long,dep
200800037232,8,7,19,930,1,1,1,1,3,52114,M,0.0,0.0,52
200800037233,8,7,4,1500,1,1,1,1,7,52183,M,4821500.0,536900.0,52
200800037234,8,7,5,1630,1,1,1,1,7,52237,M,4826300.0,561600.0,52
200800037235,8,7,6,630,1,2,1,1,6,52075,M,0.0,0.0,52
200800037236,8,7,6,1045,1,1,1,1,6,52227,M,4816700.0,563900.0,52
200800037237,8,7,9,2030,1,2,1,1,2,52058,M,0.0,0.0,52
200800037238,8,7,27,45,3,1,1,1,6,52211,M,0.0,0.0,52
200800037239,8,7,8,1515,1,2,1,1,6,52432,M,0.0,0.0,52
200800037240,8,7,15,1845,1,1,1,1,3,52060,M,0.0,0.0,52
200800037241,8,7,14,945,1,2,1,1,6,52170,M,4769000.0,534900.0,52
200800037242,8,7,13,1700,1,2,1,1,1,52182,M,4859300.0,487400.0,52
200800037243,8,7,3,1730,1,1,2,2,3,52032,M,0.0,0.0,52
200800037244,8,7,26,1115,1,1,1,1,6,89298,M,0.0,0.0,89
200800037245,8,7,6,45,3,1,1,1,6,21074,M,4715500.0,541800.0,21
200800037246,8,7,24,700,1,2,1,1,1,21038,M,4719700.0,538800.0,21
200800037247,8,7,30,1715,1,2,1,1,1,21496,M,0.0,0.0,21
200800037248,8,7,9,415,3,1,1,1,1,21638,M,,,21
200800037249,8,7,24,830,1,1,1,1,1,21290,M,,,21
200800037250,8,7,26,1845,1,1,1,1,6,21559,M,4729500.0,482000.0,21
200800037251,8,7,29,1515,1,1,1,1,6,21611,M,4730800.0,469900.0,21
200800037252,8,7,15,1700,1,1,1,1,4,21512,M,,,21
200800037253,8,7,6,1030,1,1,9,2,6,21683,M,0.0,0.0,21
200800037254,8,7,28,1545,1,1,1,1,7,21676,M,0.0,0.0,21
200800037255,8,7,26,100,3,1,1,2,7,21678,M,4762200.0,448500.0,21
200800037256,8,7,2,1800,2,1,1,8,1,58241,M,0.0,0.0,58
200800037257,8,7,20,530,2,2,1,1,6,58096,M,0.0,0.0,58
200800037258,8,7,21,2315,3,1,1,1,7,58241,M,0.0,0.0,58
200800037259,8,7,3,645,2,1,1,3,3,58175,M,0.0,0.0,58
200800037260,8,7,6,1015,1,1,1,2,3,58017,M,0.0,0.0,58
200800037261,8,7,23,1800,1,2,1,1,3,58086,M,0.0,0.0,58
200800037262,8,7,27,530,2,1,1,1,6,58228,M,0.0,0.0,58
200800037263,8,7,22,1730,1,1,1,1,6,58064,M,4728400.0,323400.0,58
200800037264,8,7,15,615,2,1,9,1,3,71495,M,0.0,0.0,71
200800037265,8,7,11,800,1,1,1,1,7,71135,M,4640800.0,482200.0,71
200800037266,8,7,12,2200,3,2,1,1,3,71094,M,0.0,0.0,71
200800037267,8,7,30,945,1,1,1,1,1,71142,M,4687500.0,412900.0,71
200800037268,8,7,31,1230,1,2,1,1,3,71170,M,0.0,0.0,71
200800037269,8,7,13,1630,1,2,1,1,3,71070,M,0.0,0.0,71
200800037270,8,7,15,930,1,1,1,1,1,71277,M,0.0,0.0,71
200800037271,8,7,21,1015,1,2,1,1,6,71221,M,0.0,0.0,71
200800037272,8,7,13,1445,1,1,1,8,3,71420,M,0.0,0.0,71
200800037273,8,7,25,1215,1,2,1,1,6,71193,M,0.0,0.0,71
200800037274,8,7,26,1700,1,2,2,1,3,71512,M,0.0,0.0,71
200800037275,8,7,27,445,3,1,1,1,6,71141,M,4635700.0,433800.0,71
200800037276,8,7,4,1400,1,2,1,1,3,71176,M,4648800.0,397900.0,71
200800037277,8,7,19,100,5,2,1,1,6,71176,M,4649000.0,398700.0,71
200800037278,8,7,3,1145,1,1,1,2,2,71342,M,4646900.0,410100.0,71
200800037279,8,7,5,2115,2,1,1,1,6,71390,M,4673500.0,432900.0,71
200800037280,8,7,13,1800,1,1,1,8,6,71347,M,0.0,0.0,71
200800037281,8,7,24,1000,1,1,1,1,2,71330,M,4660400.0,397400.0,71
200800037282,8,7,13,1045,1,1,1,1,3,71558,M,0.0,0.0,71
200800037283,8,7,2,1745,1,1,1,1,1,89083,M,0.0,0.0,89
200800037284,8,7,18,2045,2,1,1,1,1,89427,M,0.0,0.0,89
200800037285,8,7,20,2100,1,1,1,1,6,89155,M,0.0,0.0,89
200800037286,8,7,21,1800,1,1,1,1,3,89118,M,0.0,0.0,89
200800037287,8,7,25,1715,1,1,1,1,7,89154,M,0.0,0.0,89
200800037288,8,7,9,800,1,1,1,1,6,89292,M,4796700.0,381600.0,89
200800037289,8,7,10,1745,1,1,1,1,2,89186,M,4800100.0,376700.0,89
200800037290,8,7,26,500,2,1,1,1,6,89041,M,0.0,0.0,89
200800037291,8,7,21,1600,1,1,1,1,3,89382,M,0.0,0.0,89
200800037292,8,7,12,1800,1,2,1,1,3,89419,M,4773300.0,330800.0,89
200800037293,8,7,13,1630,1,2,1,1,1,89392,M,0.0,0.0,89
200800037294,8,7,13,2230,3,1,1,2,1,89203,M,0.0,0.0,89
200800037295,8,7,24,700,1,1,1,1,6,89022,M,,,89
200800037296,8,7,24,1230,1,1,1,1,1,89339,M,,,89
200800037297,8,7,17,1015,1,2,1,1,3,89206,M,4797800.0,339800.0,89
200800037298,8,7,28,1845,1,1,1,1,5,89230,M,4798700.0,344700.0,89
200800037299,8,7,5,30,5,2,1,1,6,89003,M,4787800.0,335300.0,89
200800037300,8,7,13,345,3,2,1,1,6,89454,M,0.0,0.0,89
200800037301,8,7,14,1730,1,1,1,1,2,89138,M,0.0,0.0,89
200800037302,8,7,19,345,4,1,1,1,6,89138,M,0.0,0.0,89
200800037303,8,7,13,1700,1,2,1,1,7,89113,M,0.0,0.0,89
200800037304,8,7,17,945,1,2,1,1,3,89399,M,0.0,0.0,89
200800037305,8,7,24,1845,1,1,1,1,7,89291,M,0.0,0.0,89
200800037306,8,7,7,1800,1,1,1,2,6,89465,M,0.0,0.0,89
200800037307,8,7,1,1630,1,1,1,1,2,89370,M,4818300.0,311300.0,89
200800037308,8,7,24,1300,1,2,1,1,3,89100,M,0.0,0.0,89
200800037309,8,7,25,2115,2,1,1,1,6,89459,M,0.0,0.0,89
200800037310,8,7,26,2045,1,1,1,1,6,89151,M,4811300.0,319600.0,89
200800037311,8,7,6,2245,5,2,1,1,7,89348,M,0.0,0.0,89
200800037312,8,7,20,2000,1,1,1,1,3,89388,M,0.0,0.0,89
200800037313,8,7,25,2145,3,1,1,1,7,89184,M,4774000.0,417000.0,89
200800037314,8,7,5,1300,1,2,1,1,7,25535,M,0.0,0.0,25
200800037315,8,7,9,2245,5,2,1,1,7,25434,M,0.0,0.0,25
200800037316,8,7,27,2030,2,2,2,1,3,25055,M,0.0,0.0,25
200800037317,8,7,10,1330,1,1,1,1,3,25170,M,4749200.0,680300.0,25
200800037318,8,7,24,1430,1,2,1,1,2,25367,M,0.0,0.0,25
200800037319,8,7,31,1900,1,2,1,1,3,25196,M,0.0,0.0,25
200800037320,8,7,12,1515,1,1,1,1,7,25425,M,4710200.0,665600.0,25
200800037321,8,7,7,445,2,2,1,1,1,25370,M,4745000.0,678600.0,25
200800037322,8,7,9,1100,1,1,1,8,1,25022,M,0.0,0.0,25
200800037323,8,7,10,2045,2,1,1,1,7,25599,M,4733400.0,622400.0,25
200800037324,8,7,4,1815,1,2,1,1,3,25233,M,0.0,0.0,25
200800037325,8,7,16,1730,1,2,1,1,2,25157,M,0.0,0.0,25
200800037326,8,7,8,2315,3,1,1,1,1,25514,M,0.0,0.0,25
200800037327,8,7,12,730,1,1,1,2,6,25321,M,0.0,0.0,25
200800037328,8,7,22,645,1,1,1,1,1,39326,M,0.0,0.0,39
200800037329,8,7,31,115,5,2,1,8,6,39530,M,0.0,0.0,39
200800037330,8,7,28,1845,1,1,1,1,5,39439,M,4699500.0,582900.0,39
200800037331,8,7,17,915,1,1,1,1,2,39219,M,0.0,0.0,39
200800037332,8,7,5,1145,1,1,1,1,6,39269,M,4639900.0,572600.0,39
200800037333,8,7,26,900,1,2,1,1,6,39339,M,4636000.0,577000.0,39
200800037334,8,7,16,1545,1,1,1,1,5,39470,M,4651000.0,603100.0,39
200800037335,8,7,20,2000,2,1,1,1,1,39367,M,4653800.0,601500.0,39
200800037336,8,7,12,2000,1,1,1,1,6,70428,M,0.0,0.0,70
200800037337,8,7,8,1300,1,2,3,1,1,70454,M,0.0,0.0,70
200800037338,8,7,3,1745,1,1,1,3,1,70324,M,4753900.0,604000.0,70
200800037339,8,7,23,1730,1,2,6,1,1,70138,M,4764900.0,597900.0,70
200800037340,8,7,22,630,1,1,1,1,1,70405,M,0.0,0.0,70
200800037341,8,7,28,1345,1,2,1,1,2,70310,M,4768000.0,650800.0,70
200800037342,8,7,2,1100,1,1,3,1,3,70240,M,0.0,0.0,70
200800037343,8,7,23,1645,1,1,1,1,5,70245,M,0.0,0.0,70
200800037344,8,7,27,1830,1,2,1,1,3,70220,M,0.0,0.0,70
200800037345,8,7,1,1145,1,2,3,1,1,70201,M,4758500.0,564000.0,70
200800037346,8,7,6,15,3,2,1,1,6,70492,M,4758600.0,588200.0,70
200800037347,8,7,19,1245,1,1,1,1,2,70409,M,4765700.0,557800.0,70
200800037348,8,7,5,1700,1,1,1,1,3,70393,M,0.0,0.0,70
200800037349,8,7,15,1600,1,1,1,1,2,90011,M,0.0,0.0,90
200800037350,8,7,16,930,1,2,1,1,1,90034,M,4765700.0,689800.0,90
200800037351,8,7,16,2015,2,1,1,1,6,90015,M,4760500.0,684700.0,90
200800037352,8,7,11,515,2,1,1,1,3,90045,M,0.0,0.0,90
200800037353,8,7,23,1600,1,1,1,1,1,90031,M,0.0,0.0,90
200800037354,8,7,28,1445,1,1,1,1,6,90031,M,0.0,0.0,90
200800037355,8,7,13,700,1,1,1,1,6,26325,M,4530200.0,482300.0,26
200800037356,8,7,17,1700,1,1,1,1,2,38072,M,4531700.0,481200.0,38
200800037357,8,7,3,2200,3,1,1,1,4,26072,M,0.0,0.0,26
200800037358,8,7,17,1000,1,1,1,1,6,26156,M,4510700.0,488100.0,26
200800037359,8,7,15,700,1,1,9,1,5,26362,M,0.0,0.0,26
200800037360,8,7,17,1445,1,1,1,1,3,26005,M,4449600.0,476800.0,26
200800037361,8,7,28,1100,1,1,1,1,5,26339,M,0.0,0.0,26
200800037362,8,7,31,730,2,1,1,1,2,26339,M,4461200.0,479300.0,26
200800037363,8,7,13,1015,1,1,1,1,3,13111,M,0.0,0.0,13
200800037364,8,7,5,1845,1,1,1,1,2,13060,M,0.0,0.0,13
200800037365,8,7,30,1215,1,1,1,1,1,13059,M,4364800.0,550000.0,13
200800037366,8,7,7,1215,1,1,1,1,7,13019,M,4345800.0,537400.0,13
200800037367,8,7,29,1200,1,2,1,1,3,13019,M,0.0,0.0,13
200800037368,8,7,8,1545,1,1,1,1,5,13027,M,4391100.0,481400.0,13
200800037369,8,7,6,1445,1,1,1,1,1,13030,M,4326900.0,566700.0,13
200800037370,8,7,20,630,2,1,1,1,7,13007,M,0.0,0.0,13
200800037371,8,7,22,1600,1,2,1,1,1,13016,M,0.0,0.0,13
200800037372,8,7,7,1200,1,2,1,1,6,13014,M,4351000.0,514200.0,13
200800037373,8,7,22,1230,1,1,1,1,3,13014,M,4350500.0,515200.0,13
200800037374,8,7,26,2100,2,1,1,1,6,13092,M,4353100.0,508300.0,13
200800037375,8,7,5,1215,1,1,1,1,3,13003,M,4372600.0,513700.0,13
200800037376,8,7,5,2215,3,1,1,1,6,13105,M,4376800.0,506300.0,13
200800037377,8,7,2,2015,2,1,1,1,1,13081,M,0.0,0.0,13
200800037378,8,7,17,145,5,2,1,1,6,13082,M,0.0,0.0,13
200800037379,8,7,7,1345,1,1,1,1,6,04094,M,4379000.0,582000.0,04
200800037380,8,7,30,1100,1,1,1,1,3,04094,M,4377000.0,587000.0,04
200800037381,8,7,4,1515,1,2,1,1,1,04084,M,0.0,0.0,04
200800037382,8,7,29,945,1,1,1,1,6,04022,M,4394700.0,638300.0,04
200800037383,8,7,8,1200,1,1,1,1,3,04062,M,4444400.0,674300.0,04
200800037384,8,7,27,1345,1,1,1,1,7,04096,M,4440200.0,676900.0,04
200800037385,8,7,8,1700,1,1,1,1,3,04237,M,0.0,0.0,04
200800037386,8,7,17,500,3,2,1,1,7,04205,M,0.0,0.0,04
200800037387,8,7,22,1830,1,1,1,1,7,04161,M,0.0,0.0,04
200800037388,8,7,25,30,3,1,1,1,6,04039,M,4384600.0,649800.0,04
200800037389,8,7,31,1330,1,1,1,1,7,04135,M,4384700.0,621100.0,04
200800037390,8,7,7,1345,1,1,1,1,7,04088,M,0.0,0.0,04
200800037391,8,7,8,815,1,1,1,1,1,04045,M,4386200.0,558900.0,04
200800037392,8,7,8,1615,1,1,1,1,1,04013,M,4412000.0,599400.0,04
200800037393,8,7,4,1415,1,1,1,1,6,05034,M,4427800.0,580500.0,05
200800037394,8,7,8,1845,1,1,1,1,7,05178,M,4436800.0,588400.0,05
200800037395,8,7,11,1530,1,1,1,1,6,05034,M,4427800.0,580600.0,05
200800037396,8,7,19,900,1,2,1,1,1,05070,M,4432200.0,581400.0,05
200800037397,8,7,14,545,2,1,1,1,6,05072,M,0.0,0.0,05
200800037398,8,7,4,1730,1,1,1,1,1,05176,M,0.0,0.0,05
200800037399,8,7,29,1645,1,2,1,1,6,05162,M,0.0,0.0,05
200800037400,8,7,12,1415,1,1,1,1,3,05143,M,0.0,0.0,05
200800037401,8,7,19,1230,1,1,1,1,1,05055,M,0.0,0.0,05
200800037402,8,7,25,1715,1,1,1,1,1,05179,M,0.0,0.0,05
200800037403,8,7,13,330,3,1,1,1,7,05183,M,4487200.0,661800.0,05
200800037404,8,7,19,915,1,2,1,1,1,05180,M,4482700.0,653900.0,05
200800037405,8,7,14,1145,1,2,1,1,3,05036,M,0.0,0.0,05
200800037406,8,7,12,2015,1,2,1,1,1,05052,M,0.0,0.0,05
200800037407,8,7,13,1515,1,1,1,1,1,05134,M,0.0,0.0,05
200800037408,8,7,15,2000,1,1,1,1,1,06048,M,0.0,0.0,06
200800037409,8,7,23,1300,1,1,1,1,1,06057,M,0.0,0.0,06
200800037410,8,7,5,1845,1,1,1,1,1,06151,M,0.0,0.0,06
200800037411,8,7,13,2330,5,1,1,1,6,06103,M,0.0,0.0,06
200800037412,8,7,2,1000,1,1,1,1,3,06114,M,4375200.0,729400.0,06
200800037413,8,7,17,2045,2,1,1,1,3,06054,M,4376900.0,733100.0,06
200800037414,8,7,19,1900,1,2,1,1,1,06161,M,0.0,0.0,06
200800037415,8,7,30,1830,1,2,1,1,1,06161,M,0.0,0.0,06
200800037416,8,7,8,2245,5,2,1,1,3,06079,M,4352600.0,693700.0,06
200800037417,8,7,10,900,1,2,1,1,6,06079,M,4352700.0,694000.0,06
200800037418,8,7,24,2145,5,2,1,1,3,06079,M,4354800.0,693300.0,06
200800037419,8,7,28,1400,1,2,1,1,7,06079,M,0.0,0.0,06
200800037420,8,7,7,845,1,2,1,1,3,06157,M,4373100.0,711300.0,06
200800037421,8,7,17,45,3,1,1,1,7,06157,M,4373400.0,712400.0,06
200800037422,8,7,1,1815,1,2,1,1,3,06064,M,0.0,0.0,06
200800037423,8,7,15,1815,1,2,1,1,1,06126,M,0.0,0.0,06
200800037424,8,7,18,1500,1,1,1,1,3,06064,M,0.0,0.0,06
200800037425,8,7,18,1645,1,1,1,1,1,06064,M,0.0,0.0,06
200800037426,8,7,19,1430,1,1,1,1,1,06046,M,0.0,0.0,06
200800037427,8,7,1,1600,1,1,1,1,1,06136,M,4385800.0,744800.0,06
200800037428,8,7,12,1545,1,2,1,1,6,06136,M,4388100.0,745200.0,06
200800037429,8,7,27,1315,1,1,1,1,6,06136,M,4385800.0,744900.0,06
200800037430,8,7,5,1430,1,1,1,1,1,06163,M,4411600.0,756700.0,06
200800037431,8,7,6,1730,1,1,4,8,3,06071,M,4411300.0,683400.0,06
200800037432,8,7,21,1145,1,2,1,1,1,06097,M,4386800.0,708800.0,06
200800037433,8,7,1,2130,1,1,1,9,7,06110,M,0.0,0.0,06
200800037434,8,7,2,1300,1,1,1,1,1,06110,M,0.0,0.0,06
200800037435,8,7,14,1745,1,1,1,7,1,83038,M,0.0,0.0,83
200800037436,8,7,5,2115,3,1,1,1,6,83134,M,0.0,0.0,83
200800037437,8,7,5,1845,1,1,6,1,3,83004,M,0.0,0.0,83
200800037438,8,7,11,1430,1,1,1,1,6,83004,M,0.0,0.0,83
200800037439,8,7,14,1145,1,1,1,1,3,83010,M,0.0,0.0,83
200800037440,8,7,24,645,1,1,1,1,6,83044,M,0.0,0.0,83
200800037441,8,7,9,930,1,1,1,1,1,83055,M,4359100.0,667000.0,83
200800037442,8,7,7,800,1,1,1,2,1,83031,M,0.0,0.0,83
200800037443,8,7,24,2000,1,2,1,1,1,83073,M,0.0,0.0,83
200800037444,8,7,15,1430,1,2,1,1,3,83121,M,0.0,0.0,83
200800037445,8,7,1,2200,3,1,1,1,3,83023,M,0.0,0.0,83
200800037446,8,7,18,1815,1,1,1,1,5,83023,M,0.0,0.0,83
200800037447,8,7,27,1245,1,1,1,1,2,83046,M,0.0,0.0,83
200800037448,8,7,2,2100,1,1,1,1,7,83076,M,4335200.0,593100.0,83
200800037449,8,7,27,430,3,1,1,1,6,83106,M,0.0,0.0,83
200800037450,8,7,6,1845,1,1,1,1,7,83021,M,0.0,0.0,83
200800037451,8,7,21,2045,2,1,1,1,6,83097,M,0.0,0.0,83
200800037452,8,7,21,1815,1,2,1,1,5,83099,M,0.0,0.0,83
200800037453,8,7,4,1200,1,2,6,1,3,83036,M,0.0,0.0,83
200800037454,8,7,5,1830,1,2,1,1,3,83048,M,0.0,0.0,83
200800037455,8,7,19,1830,1,2,1,1,6,83036,M,0.0,0.0,83
200800037456,8,7,20,2330,3,1,1,1,5,83048,M,0.0,0.0,83
200800037457,8,7,1,1300,1,1,1,1,3,83068,M,0.0,0.0,83
200800037458,8,7,4,2330,1,1,1,1,5,83068,M,0.0,0.0,83
200800037459,8,7,5,1115,1,1,1,1,5,83042,M,0.0,0.0,83
200800037460,8,7,5,1645,1,1,1,1,5,83068,M,0.0,0.0,83
200800037461,8,7,9,1045,1,1,1,1,5,83079,M,0.0,0.0,83
200800037462,8,7,11,430,2,1,1,1,1,83079,M,0.0,0.0,83
200800037463,8,7,11,1645,1,1,1,1,7,83063,M,0.0,0.0,83
200800037464,8,7,26,1515,1,1,1,1,6,83042,M,0.0,0.0,83
200800037465,8,7,25,1730,1,1,1,1,3,83042,M,0.0,0.0,83
200800037466,8,7,4,1515,1,1,1,1,1,83115,M,0.0,0.0,83
200800037467,8,7,23,45,5,2,1,1,3,83115,M,0.0,0.0,83
200800037468,8,7,8,1915,1,1,1,1,3,83101,M,0.0,0.0,83
200800037469,8,7,9,1845,1,1,1,1,1,83065,M,0.0,0.0,83
200800037470,8,7,15,1730,1,1,1,1,3,83065,M,0.0,0.0,83
200800037471,8,7,23,1945,1,2,1,1,3,83119,M,0.0,0.0,83
200800037472,8,7,28,1345,1,2,1,1,2,83119,M,0.0,0.0,83
200800037473,8,7,27,1830,1,1,1,1,5,83101,M,4325000.0,665000.0,83
200800037474,8,7,31,930,1,1,1,1,3,83101,M,4323300.0,665200.0,83
200800037475,8,7,31,1015,1,1,1,1,1,83065,M,4325800.0,659300.0,83
200800037476,8,7,2,1730,1,1,1,1,7,83127,M,0.0,0.0,83
200800037477,8,7,11,1845,1,1,1,1,1,83016,M,0.0,0.0,83
200800037478,8,7,3,2215,3,1,1,1,3,83047,M,4313600.0,605800.0,83
200800037479,8,7,4,1200,1,1,1,1,1,83071,M,4313600.0,621900.0,83
200800037480,8,7,13,1330,1,1,1,1,1,83027,M,0.0,0.0,83
200800037481,8,7,21,730,1,1,1,1,1,84132,M,0.0,0.0,84
200800037482,8,7,23,1830,1,2,1,1,3,84119,M,0.0,0.0,84
200800037483,8,7,27,1000,1,2,1,7,1,84054,M,0.0,0.0,84
200800037484,8,7,3,645,2,2,1,1,6,84141,M,0.0,0.0,84
200800037485,8,7,17,1715,1,2,1,1,1,84092,M,4396400.0,487300.0,84
200800037486,8,7,24,1530,1,2,1,1,3,84092,M,0.0,0.0,84
200800037487,8,7,30,145,5,2,1,1,1,84092,M,4396500.0,485500.0,84
200800037488,8,7,30,2115,5,2,1,1,3,84092,M,0.0,0.0,84
200800037489,8,7,18,1330,1,1,1,7,1,84003,M,4388600.0,534700.0,84
200800037490,8,7,30,30,3,2,1,1,6,84003,M,4388700.0,538100.0,84
200800037491,8,7,23,1815,1,2,1,1,2,84026,M,0.0,0.0,84
200800037492,8,7,31,715,1,1,1,1,6,84026,M,0.0,0.0,84
200800037493,8,7,30,2015,2,1,1,1,2,84086,M,0.0,0.0,84
200800037494,8,7,29,2245,3,1,1,1,4,84052,M,4377500.0,560800.0,84
200800037495,8,7,2,1830,1,2,1,1,3,84122,M,0.0,0.0,84
200800037496,8,7,10,1530,1,1,1,1,6,84072,M,0.0,0.0,84
200800037497,8,7,9,115,5,2,1,1,6,84046,M,0.0,0.0,84
200800037498,8,7,10,730,1,1,1,1,3,84123,M,0.0,0.0,84
200800037499,8,7,12,1830,1,1,1,2,6,84017,M,4412200.0,524700.0,84
200800037500,8,7,12,1730,1,2,1,1,1,84123,M,0.0,0.0,84
200800037501,8,7,26,1530,1,1,1,1,1,84018,M,0.0,0.0,84
200800037502,8,7,28,1500,1,1,1,1,3,84044,M,0.0,0.0,84
200800037503,8,7,28,1500,1,1,1,1,3,84039,M,4410400.0,489900.0,84
200800037504,8,7,7,1430,1,2,1,1,1,84064,M,0.0,0.0,84
200800037505,8,7,8,1930,1,2,1,1,3,84083,M,4420300.0,473100.0,84
200800037506,8,7,26,1115,1,1,1,1,1,84098,M,0.0,0.0,84
200800037507,8,7,8,830,1,2,1,1,3,34022,M,0.0,0.0,34
200800037508,8,7,18,1545,1,2,7,1,6,34033,M,0.0,0.0,34
200800037509,8,7,23,915,1,2,1,1,6,34145,M,0.0,0.0,34
200800037510,8,7,22,45,3,1,1,1,6,34240,M,4364200.0,395400.0,34
200800037511,8,7,31,1245,1,1,1,1,7,34154,M,4361100.0,393300.0,34
200800037512,8,7,14,230,5,2,1,1,6,34028,M,4362200.0,315900.0,34
200800037513,8,7,2,2030,1,1,1,1,7,34059,M,4336900.0,277600.0,34
200800037514,8,7,6,1830,1,1,1,1,3,34183,M,4329000.0,310700.0,34
200800037515,8,7,17,1415,2,1,1,1,6,34226,M,4336000.0,299100.0,34
200800037516,8,7,23,1045,1,1,1,1,7,34245,M,4343700.0,291200.0,34
200800037517,8,7,23,2115,2,2,1,1,3,34140,M,4338800.0,316700.0,34
200800037518,8,7,22,1845,1,1,1,1,1,34189,M,0.0,0.0,34
200800037519,8,7,7,1345,1,2,1,1,6,34199,M,0.0,0.0,34
200800037520,8,7,10,1400,1,1,1,1,6,34009,M,0.0,0.0,34
200800037521,8,7,16,1315,1,2,1,1,3,34160,M,0.0,0.0,34
200800037522,8,7,6,1400,1,1,1,1,7,34147,M,4348500.0,320400.0,34
200800037523,8,7,12,30,3,1,1,1,7,34300,M,4342500.0,330700.0,34
200800037524,8,7,13,1430,1,1,1,1,7,34299,M,4328700.0,329000.0,34
200800037525,8,7,19,600,2,1,1,1,1,34298,M,0.0,0.0,34
200800037526,8,7,29,2100,2,2,1,1,1,34106,M,4375600.0,335900.0,34
200800037527,8,7,9,900,1,1,1,1,6,34079,M,0.0,0.0,34
200800037528,8,7,5,930,1,1,1,1,6,34175,M,4361300.0,338700.0,34
200800037529,8,7,14,730,2,2,1,1,6,34051,M,0.0,0.0,34
200800037530,8,7,4,1915,1,2,1,1,1,34114,M,0.0,0.0,34
200800037531,8,7,5,2300,3,1,1,1,2,34031,M,0.0,0.0,34
200800037532,8,7,20,530,3,1,1,1,3,34332,M,0.0,0.0,34
200800037533,8,7,2,930,1,1,1,1,3,34143,M,4344900.0,363500.0,34
200800037534,8,7,30,1845,1,2,1,1,6,11439,M,4332500.0,209700.0,11
200800037535,8,7,2,1530,1,1,1,1,6,11049,M,0.0,0.0,11
200800037536,8,7,9,1730,1,2,1,1,1,11119,M,4304600.0,216400.0,11
200800037537,8,7,11,915,1,2,1,1,6,11206,M,4305500.0,221800.0,11
200800037538,8,7,30,1715,1,1,1,1,4,11289,M,4308700.0,222700.0,11
200800037539,8,7,31,15,3,2,1,1,6,11207,M,0.0,0.0,11
200800037540,8,7,16,815,1,1,1,1,5,11264,M,0.0,0.0,11
200800037541,8,7,24,2245,3,1,1,1,1,11264,M,0.0,0.0,11
200800037542,8,7,10,2200,5,1,6,1,6,11170,M,0.0,0.0,11
200800037543,8,7,13,345,3,1,1,1,6,11262,M,0.0,0.0,11
200800037544,8,7,17,330,5,2,1,1,7,11903,M,0.0,0.0,11
200800037545,8,7,24,2230,3,1,1,1,1,11170,M,0.0,0.0,11
200800037546,8,7,25,530,5,2,1,1,6,11370,M,0.0,0.0,11
200800037547,8,7,30,2300,3,1,1,1,6,11170,M,0.0,0.0,11
200800037548,8,7,14,1030,1,1,1,1,1,11188,M,0.0,0.0,11
200800037549,8,7,17,2300,5,1,1,1,6,11379,M,0.0,0.0,11
200800037550,8,7,6,1700,1,1,1,1,1,30003,M,0.0,0.0,30
200800037551,8,7,28,1600,1,1,1,1,6,30276,M,0.0,0.0,30
200800037552,8,7,10,1830,1,1,1,1,1,30321,M,0.0,0.0,30
200800037553,8,7,31,1930,1,1,1,1,1,30352,M,0.0,0.0,30
200800037554,8,7,4,45,3,1,1,1,1,30156,M,0.0,0.0,30
200800037555,8,7,21,815,1,1,6,1,3,30155,M,0.0,0.0,30
200800037556,8,7,25,215,3,1,1,1,6,30258,M,0.0,0.0,30
200800037557,8,7,4,1315,1,1,1,1,5,30020,M,4376100.0,431200.0,30
200800037558,8,7,5,1045,1,1,1,1,3,30020,M,0.0,0.0,30
200800037559,8,7,8,1100,1,1,1,1,1,30341,M,0.0,0.0,30
200800037560,8,7,16,2245,3,1,1,1,2,30276,M,4365100.0,419900.0,30
200800037561,8,7,19,1315,1,1,1,1,3,30123,M,0.0,0.0,30
200800037562,8,7,23,1730,1,1,1,1,2,30344,M,0.0,0.0,30
200800037563,8,7,6,415,3,1,1,1,7,30010,M,4404600.0,396500.0,30
200800037564,8,7,16,1715,1,1,1,1,6,30214,M,0.0,0.0,30
200800037565,8,7,31,2115,2,1,1,1,6,30027,M,4406700.0,406800.0,30
200800037566,8,7,1,1930,1,2,1,1,2,30307,M,4421100.0,402700.0,30
200800037567,8,7,3,1630,1,1,1,1,1,30053,M,0.0,0.0,30
200800037568,8,7,15,715,1,1,1,1,1,30002,M,0.0,0.0,30
200800037569,8,7,16,745,1,1,1,7,1,30109,M,0.0,0.0,30
200800037570,8,7,31,2045,2,1,1,1,7,30046,M,4400900.0,417800.0,30
200800037571,8,7,17,1945,1,1,1,1,1,30080,M,4430800.0,398000.0,30
200800037572,8,7,7,2030,2,1,1,1,3,30334,M,4402100.0,443000.0,30
200800037573,8,7,15,2030,1,1,1,1,6,30056,M,0.0,0.0,30
200800037574,8,7,4,1915,1,2,9,1,6,30212,M,4394400.0,457700.0,30
200800037575,8,7,14,1800,1,1,3,1,5,30089,M,4384700.0,462000.0,30
200800037576,8,7,4,1530,1,1,1,1,1,30326,M,4400900.0,471200.0,30
200800037577,8,7,11,1630,1,1,1,1,3,30281,M,0.0,0.0,30
200800037578,8,7,13,1200,1,1,1,1,5,30281,M,0.0,0.0,30
200800037579,8,7,26,1700,1,1,1,1,3,30354,M,0.0,0.0,30
200800037580,8,7,16,845,1,1,1,1,3,30350,M,4396400.0,368800.0,30
200800037581,8,7,17,1100,1,1,1,1,1,30325,M,4399100.0,370200.0,30
200800037582,8,7,24,1730,1,1,1,1,7,30017,M,4398300.0,347900.0,30
200800037583,8,7,5,2115,3,1,1,1,6,30231,M,0.0,0.0,30
200800037584,8,7,6,1600,1,1,1,1,6,30058,M,0.0,0.0,30
200800037585,8,7,11,1815,1,1,1,2,7,48042,M,4455800.0,350400.0,48