Num_Acc,an,mois,jour,hrmn,lum,agg,int,atm,col,com,gps,lat,long,dep
200800037586,8,7,9,1900,1,2,1,1,6,48080,M,0.0,0.0,48
200800037587,8,7,20,1830,1,1,1,1,7,48100,M,0.0,0.0,48
200800037588,8,7,13,900,1,1,1,1,1,48119,M,0.0,0.0,48
200800037589,8,7,20,1430,1,1,1,1,1,48075,M,4437900.0,352100.0,48
200800037590,8,7,29,1530,1,1,1,1,3,48061,M,4430900.0,359800.0,48
200800037591,8,7,2,700,2,1,1,1,6,48185,M,0.0,0.0,48
200800037592,8,7,10,1930,1,1,1,1,6,48034,M,0.0,0.0,48
200800037593,8,7,14,1600,1,1,1,7,5,48018,M,0.0,0.0,48
200800037594,8,7,3,2000,1,2,7,1,3,48064,M,4482000.0,312000.0,48
200800037595,8,7,19,1430,1,1,1,1,7,48007,M,4484400.0,311900.0,48
200800037596,8,7,26,1700,1,1,1,1,7,48001,M,0.0,0.0,48
200800037597,8,7,21,1500,1,1,1,1,6,48132,M,0.0,0.0,48
200800037598,8,7,7,2200,5,1,1,1,5,66037,M,0.0,0.0,66
200800037599,8,7,4,2300,3,1,1,1,1,66227,M,4265200.0,289200.0,66
200800037600,8,7,13,1330,1,1,1,1,7,66065,M,4259200.0,294800.0,66
200800037601,8,7,11,1530,1,2,1,1,4,66011,M,0.0,0.0,66
200800037602,8,7,29,1600,1,1,1,1,7,66015,M,4257800.0,288600.0,66
200800037603,8,7,21,1600,1,1,1,1,7,66187,M,0.0,0.0,66
200800037604,8,7,30,30,3,1,1,1,6,66108,M,0.0,0.0,66
200800037605,8,7,2,1100,1,1,1,1,3,66171,M,0.0,0.0,66
200800037606,8,7,17,1715,1,1,1,1,3,66212,M,0.0,0.0,66
200800037607,8,7,20,1130,1,1,1,1,1,66033,M,4265600.0,269800.0,66
200800037608,8,7,26,1845,1,1,1,1,1,66226,M,0.0,0.0,66
200800037609,8,7,4,2115,2,2,1,9,6,66009,M,0.0,0.0,66
200800037610,8,7,3,1115,1,2,1,1,1,66008,M,0.0,0.0,66
200800037611,8,7,11,15,3,1,1,1,2,66178,M,4252000.0,281000.0,66
200800037612,8,7,29,1800,1,2,1,1,3,66024,M,0.0,0.0,66
200800037613,8,7,13,1700,1,1,1,1,7,66036,M,0.0,0.0,66
200800037614,8,7,17,1500,1,1,1,1,7,66052,M,0.0,0.0,66
200800037615,8,7,25,1615,1,2,1,1,1,66057,M,4257000.0,238000.0,66
200800037616,8,7,29,1130,1,2,1,1,1,66193,M,4257200.0,232200.0,66
200800037617,8,7,29,1515,1,1,1,1,4,66082,M,0.0,0.0,66
200800037618,8,7,28,1900,1,1,8,1,2,66023,M,4265400.0,257400.0,66
200800037619,8,7,30,1745,1,1,1,1,1,66023,M,0.0,0.0,66
200800037620,8,7,30,830,1,2,1,1,2,20271,M,4195600.0,880700.0,201
200800037621,8,7,10,1000,1,1,1,1,7,20198,M,0.0,0.0,201
200800037622,8,7,25,1430,1,1,1,1,7,20198,M,4226700.0,869800.0,201
200800037623,8,7,15,730,1,1,1,1,6,20114,M,4150200.0,913600.0,201
200800037624,8,7,28,615,1,1,1,1,1,20288,M,4155400.0,921400.0,201
200800037625,8,7,31,1230,1,2,1,1,3,20041,M,4139100.0,916300.0,201
200800037626,8,7,6,1530,1,1,1,1,4,20247,M,4153000.0,926000.0,201
200800037627,8,7,26,115,3,1,1,1,5,20247,M,4165000.0,929000.0,201
200800037628,8,7,5,530,2,1,1,1,6,20308,M,4169800.0,908500.0,201
200800037629,8,7,12,200,3,1,1,1,7,20276,M,4172500.0,881800.0,201
200800037630,8,7,5,900,1,1,1,1,3,20043,M,0.0,0.0,202
200800037631,8,7,15,1400,1,1,1,1,7,20152,M,4290900.0,946900.0,202
200800037632,8,7,28,930,1,2,1,1,2,20309,M,0.0,0.0,202
200800037633,8,7,2,1245,1,1,1,1,3,20050,M,0.0,0.0,202
200800037634,8,7,21,1700,1,1,1,1,2,20093,M,4261500.0,888900.0,202
200800037635,8,7,3,2015,1,1,1,1,3,20332,M,4260700.0,914500.0,202
200800037636,8,7,29,1630,1,1,1,1,1,20080,M,4250600.0,917800.0,202
200800037637,8,7,5,1615,1,1,1,1,1,20143,M,4220600.0,953600.0,202
200800037638,8,7,13,1500,1,1,1,1,6,20009,M,4211700.0,954300.0,202
200800037639,8,7,2,1130,1,2,1,1,3,20087,M,0.0,0.0,202
200800037640,8,7,10,1145,1,2,1,1,6,20313,M,4237800.0,953100.0,202
200800037641,8,7,14,2245,3,1,1,1,7,20311,M,4235200.0,953400.0,202
200800037642,8,7,1,1500,1,1,1,1,5,20286,M,0.0,0.0,202
200800037643,8,7,4,1500,1,1,1,1,3,20318,M,0.0,0.0,202
200800037644,8,7,15,1915,1,2,1,1,3,20077,M,0.0,0.0,202
200800037645,8,7,21,845,1,2,1,1,6,20343,M,4249300.0,948000.0,202
200800037646,8,7,29,1230,1,1,1,1,2,20318,M,4244200.0,951800.0,202
200800037647,8,7,4,2215,3,1,1,1,6,78346,M,4893100.0,160800.0,78
200800037648,8,7,26,1415,1,1,1,1,6,78246,M,0.0,0.0,78
200800037649,8,7,23,2000,1,1,1,1,3,78380,M,4890900.0,183900.0,78
200800037650,8,7,29,145,3,1,1,1,7,78380,M,4891000.0,186100.0,78
200800037651,8,7,12,1030,1,1,1,1,3,78497,M,0.0,0.0,78
200800037652,8,7,29,1515,1,1,1,1,5,78128,M,0.0,0.0,78
200800037653,8,7,19,130,5,2,1,1,6,78683,M,4882100.0,189800.0,78
200800037654,8,7,17,730,1,1,1,1,3,78034,M,0.0,0.0,78
200800037655,8,7,14,1645,1,2,1,7,7,78537,M,0.0,0.0,78
200800037656,8,7,14,100,3,1,1,1,7,91179,M,4856000.0,250100.0,91
200800037657,8,7,22,1900,1,2,6,1,3,91386,M,4856100.0,243700.0,91
200800037658,8,7,11,1015,1,1,1,8,3,91359,M,0.0,0.0,91
200800037659,8,7,23,745,1,2,1,1,7,91200,M,4854200.0,201400.0,91
200800037660,8,7,7,745,1,2,1,1,6,91226,M,0.0,0.0,91
200800037661,8,7,16,2045,1,2,1,1,6,91533,M,0.0,0.0,91
200800037662,8,7,31,145,5,2,6,1,6,91666,M,0.0,0.0,91
200800037663,8,7,1,1700,1,1,1,1,1,91115,M,0.0,0.0,91
200800037664,8,7,20,1700,1,1,1,1,7,91332,M,0.0,0.0,91
200800037665,8,7,28,2215,5,2,1,2,1,91587,M,0.0,0.0,91
200800037666,8,7,24,830,1,1,1,1,5,91679,M,0.0,0.0,91
200800037667,8,7,30,145,5,1,6,1,6,91275,M,0.0,0.0,91
200800037668,8,7,15,1830,1,2,1,1,3,95142,M,4916300.0,194000.0,95
200800037669,8,7,11,100,3,2,1,9,7,95039,M,0.0,0.0,95
200800037670,8,7,27,745,1,1,1,1,6,77103,M,4854900.0,279500.0,77
200800037671,8,7,18,1000,1,1,1,1,3,77081,M,,,77
200800037672,8,7,24,1700,1,2,1,1,3,77142,M,0.0,0.0,77
200800037673,8,7,19,1800,1,1,1,1,7,77287,M,0.0,0.0,77
200800037674,8,7,24,1045,1,1,9,1,2,77448,M,4895000.0,309900.0,77
200800037675,8,7,31,2230,3,1,1,3,3,77078,M,4898600.0,314400.0,77
200800037676,8,7,16,830,1,1,1,1,6,77393,M,4869100.0,299400.0,77
200800037677,8,7,27,1630,1,1,1,1,6,77393,M,4869000.0,295000.0,77
200800037678,8,7,13,600,1,1,2,1,3,77230,M,4820100.0,255700.0,77
200800037679,8,7,14,645,2,1,1,1,6,77168,M,4820300.0,288300.0,77
200800037680,8,7,2,1530,1,2,1,1,6,77153,M,0.0,0.0,77
200800037681,8,7,16,1815,1,1,1,1,1,77234,M,4891700.0,276700.0,77
200800037682,8,7,18,2015,1,1,1,1,7,77196,M,0.0,0.0,77
200800037683,8,7,8,2030,1,1,2,1,3,77193,M,4905900.0,284700.0,77
200800037684,8,7,13,1800,1,1,1,1,1,77109,M,4863800.0,318300.0,77
200800037685,8,7,13,445,3,1,6,1,7,77051,M,4840900.0,323500.0,77
200800037686,8,7,15,2045,1,1,1,1,3,77311,M,0.0,0.0,77
200800037687,8,7,13,600,2,2,1,1,3,77383,M,4855300.0,306500.0,77
200800037688,8,7,1,1300,1,2,1,1,1,45098,M,0.0,0.0,45
200800037689,8,7,13,1800,1,1,1,1,6,45196,M,4783200.0,174000.0,45
200800037690,8,7,25,1730,1,2,1,1,3,45282,M,0.0,0.0,45
200800037691,8,7,10,1930,1,2,1,1,7,45272,M,4784700.0,195100.0,45
200800037692,8,7,18,1830,1,2,1,1,1,45300,M,4785600.0,201400.0,45
200800037693,8,7,21,30,3,1,1,1,6,45028,M,4779800.0,165000.0,45
200800037694,8,7,10,1945,1,2,1,1,6,45155,M,4769300.0,262900.0,45
200800037695,8,7,19,1945,1,1,1,1,5,45087,M,0.0,0.0,45
200800037696,8,7,15,2015,1,1,1,1,3,45061,M,0.0,0.0,45
200800037697,8,7,15,345,3,1,1,1,6,45097,M,0.0,0.0,45
200800037698,8,7,20,1845,1,1,1,1,5,45281,M,0.0,0.0,45
200800037699,8,7,26,1915,1,2,6,1,6,45145,M,4809600.0,279100.0,45
200800037700,8,7,27,1645,1,2,1,1,6,45252,M,4817000.0,226000.0,45
200800037701,8,7,11,1230,1,1,8,8,1,18027,M,4701500.0,273100.0,18
200800037702,8,7,16,1530,1,1,8,1,2,18027,M,4701600.0,272900.0,18
200800037703,8,7,27,845,1,1,1,1,1,18120,M,4712900.0,290300.0,18
200800037704,8,7,3,2315,3,2,1,1,6,18116,M,0.0,0.0,18
200800037705,8,7,23,930,1,1,1,1,6,18287,M,0.0,0.0,18
200800037706,8,7,8,2300,3,1,1,1,7,18029,M,4673600.0,278100.0,18
200800037707,8,7,26,1545,1,1,1,1,1,18197,M,4674400.0,247900.0,18
200800037708,8,7,26,1830,1,2,1,1,3,18197,M,4672000.0,252000.0,18
200800037709,8,7,30,515,2,1,1,1,7,18089,M,4659000.0,258200.0,18
200800037710,8,7,13,330,3,2,1,1,1,18201,M,4697300.0,229600.0,18
200800037711,8,7,10,1730,1,1,2,1,1,18242,M,4683100.0,289200.0,18
200800037712,8,7,19,515,2,2,9,1,7,18015,M,0.0,0.0,18
200800037713,8,7,29,45,3,1,1,1,6,18015,M,0.0,0.0,18
200800037714,8,7,10,1145,1,2,9,1,6,18190,M,4713700.0,212800.0,18
200800037715,8,7,12,2315,5,2,1,1,6,18141,M,0.0,0.0,18
200800037716,8,7,1,1645,1,1,1,7,7,18253,M,0.0,0.0,18
200800037717,8,7,6,300,3,1,1,1,6,18003,M,0.0,0.0,18
200800037718,8,7,18,2330,5,2,1,1,7,28024,M,4841700.0,147700.0,28
200800037719,8,7,13,2215,2,1,1,1,6,28339,M,4842000.0,123000.0,28
200800037720,8,7,2,1745,1,1,1,1,7,28160,M,4842800.0,168800.0,28
200800037721,8,7,6,1345,1,2,1,1,3,28015,M,4846800.0,176300.0,28
200800037722,8,7,11,2215,3,1,1,1,6,28363,M,4841300.0,189200.0,28
200800037723,8,7,13,1645,1,1,1,1,2,28191,M,4860200.0,163100.0,28
200800037724,8,7,1,1745,1,1,1,1,5,28391,M,4820600.0,193500.0,28
200800037725,8,7,18,1630,1,1,1,1,5,28002,M,4821400.0,181800.0,28
200800037726,8,7,1,1345,1,2,1,1,6,28088,M,4807900.0,135000.0,28
200800037727,8,7,5,2330,3,1,1,1,3,28088,M,4809400.0,130900.0,28
200800037728,8,7,23,1745,1,1,1,1,1,28012,M,4810700.0,110600.0,28
200800037729,8,7,28,1115,1,2,1,1,1,28103,M,4800400.0,123700.0,28
200800037730,8,7,13,1815,1,2,1,1,6,28359,M,0.0,0.0,28
200800037731,8,7,25,2215,3,1,1,2,7,28098,M,0.0,0.0,28
200800037732,8,7,29,2200,3,1,1,1,7,28239,M,4869100.0,138100.0,28
200800037733,8,7,4,2330,3,1,1,1,3,28001,M,4877600.0,142900.0,28
200800037734,8,7,4,1630,1,2,1,1,3,28293,M,4887100.0,147100.0,28
200800037735,8,7,25,2345,3,1,1,2,7,28149,M,4861200.0,91900.0,28
200800037736,8,7,11,645,2,1,1,1,1,28147,M,0.0,0.0,28
200800037737,8,7,14,1730,1,1,1,1,6,28360,M,0.0,0.0,28
200800037738,8,7,5,1915,1,1,1,1,3,28280,M,4833400.0,79600.0,28
200800037739,8,7,18,1530,1,1,2,8,3,28156,M,0.0,0.0,28
200800037740,8,7,6,1730,1,1,1,1,1,36211,M,4673700.0,189300.0,36
200800037741,8,7,15,1015,3,1,1,1,7,36247,M,4689900.0,164300.0,36
200800037742,8,7,21,645,2,1,1,1,6,36089,M,0.0,0.0,36
200800037743,8,7,6,730,1,1,1,2,6,36200,M,0.0,0.0,36
200800037744,8,7,21,2215,3,1,1,1,6,36094,M,0.0,0.0,36
200800037745,8,7,23,1930,1,2,1,1,3,36006,M,0.0,0.0,36
200800037746,8,7,30,1130,1,1,1,7,2,36177,M,0.0,0.0,36
200800037747,8,7,6,1915,1,1,1,1,1,36031,M,0.0,0.0,36
200800037748,8,7,20,1830,1,1,1,7,6,36118,M,4673200.0,137900.0,36
200800037749,8,7,22,2330,3,1,1,1,7,36188,M,4702700.0,113400.0,36
200800037750,8,7,20,1230,1,1,1,1,2,36100,M,0.0,0.0,36
200800037751,8,7,9,1330,1,1,1,1,7,36179,M,4693000.0,193800.0,36
200800037752,8,7,5,2300,3,1,1,1,7,37171,M,4740700.0,91900.0,37
200800037753,8,7,25,1715,1,1,1,2,6,37163,M,4746100.0,93700.0,37
200800037754,8,7,1,2130,1,1,1,1,6,37198,M,4746400.0,21900.0,37
200800037755,8,7,12,1300,1,1,1,1,7,37062,M,4754800.0,27200.0,37
200800037756,8,7,20,15,4,1,1,1,7,37109,M,0.0,0.0,37
200800037757,8,7,4,1330,1,1,1,1,3,37245,M,4751300.0,59500.0,37
200800037758,8,7,9,200,3,1,1,1,6,37249,M,0.0,0.0,37
200800037759,8,7,24,1845,1,2,6,1,1,37054,M,0.0,0.0,37
200800037760,8,7,29,15,3,1,1,1,7,37101,M,4768800.0,62600.0,37
200800037761,8,7,3,2115,1,2,1,1,1,37201,M,0.0,0.0,37
200800037762,8,7,11,1415,1,1,1,1,1,37058,M,0.0,0.0,37
200800037763,8,7,11,1845,1,2,9,1,1,37074,M,0.0,0.0,37
200800037764,8,7,21,1900,1,1,1,1,6,37082,M,0.0,0.0,37
200800037765,8,7,1,2315,5,2,1,1,6,37226,M,4711500.0,61400.0,37
200800037766,8,7,11,1645,1,1,2,1,3,37129,M,4713100.0,27900.0,37
200800037767,8,7,24,2200,2,1,1,1,6,37278,M,4719900.0,63200.0,37
200800037768,8,7,29,1615,1,1,1,1,6,37133,M,0.0,0.0,37
200800037769,8,7,6,1615,1,1,1,2,1,37211,M,0.0,0.0,37
200800037770,8,7,17,2015,1,2,1,1,1,41167,M,0.0,0.0,41
200800037771,8,7,27,530,2,2,1,1,6,41144,M,0.0,0.0,41
200800037772,8,7,29,930,1,1,1,1,7,41142,M,0.0,0.0,41
200800037773,8,7,2,2215,5,2,2,1,3,41164,M,4729000.0,138600.0,41
200800037774,8,7,9,845,1,1,1,1,7,41168,M,0.0,0.0,41
200800037775,8,7,15,330,5,2,1,1,6,41161,M,4753900.0,203600.0,41
200800037776,8,7,13,900,1,1,1,1,6,41247,M,0.0,0.0,41
200800037777,8,7,13,530,2,2,1,1,6,41135,M,4727300.0,187100.0,41
200800037778,8,7,8,2230,5,2,3,1,3,41131,M,4781500.0,96000.0,41
200800037779,8,7,12,1045,1,1,1,1,7,33070,M,4503000.0,-92000.0,33
200800037780,8,7,12,630,2,1,9,1,6,33333,M,0.0,0.0,33
200800037781,8,7,26,515,3,1,1,2,7,33528,M,0.0,0.0,33
200800037782,8,7,24,2230,3,1,1,1,6,29146,M,4791900.0,-384100.0,29
200800037783,8,7,25,1430,1,2,1,2,1,29049,M,4799800.0,-389300.0,29
200800037784,8,7,1,1500,1,2,1,1,3,13033,M,0.0,0.0,13
200800037785,8,7,5,2130,3,1,1,1,3,13088,M,0.0,0.0,13
200800037786,8,7,22,1900,1,2,1,1,3,13021,M,4333700.0,517100.0,13
200800037787,8,7,22,1930,1,2,1,1,3,13021,M,4333600.0,516400.0,13
200800037788,8,7,12,1215,1,1,1,1,6,33199,M,0.0,0.0,33
200800037789,8,7,30,1730,1,1,1,1,5,33199,M,4464400.0,-104500.0,33
200800037790,8,7,19,1530,1,1,1,1,6,87081,M,4574200.0,120100.0,87
200800037791,8,7,22,1345,1,1,1,1,3,87203,M,4566800.0,139300.0,87
200800037792,8,7,20,1915,1,1,1,1,7,67527,M,0.0,0.0,67
200800037793,8,7,13,1715,1,1,1,1,3,58207,M,4708800.0,314200.0,58
200800037794,8,7,9,1730,1,1,1,1,3,21515,M,0.0,0.0,21
200800037795,8,7,11,1245,1,1,1,1,2,21540,M,0.0,0.0,21
200800037796,8,7,31,1630,1,1,1,1,7,15045,M,4487000.0,305000.0,15
200800037797,8,7,10,1245,1,1,1,1,3,13040,M,4346300.0,554600.0,13
200800037798,8,7,11,1145,1,2,1,1,1,13087,M,4347700.0,562000.0,13
200800037799,8,7,12,1930,1,1,1,1,6,13040,M,4344800.0,558100.0,13
200800037800,8,7,16,1400,1,1,1,1,1,47174,M,4406800.0,37200.0,47
200800037801,8,7,17,1330,1,2,1,1,6,47195,M,4414100.0,34500.0,47
200800037802,8,7,4,1545,1,2,1,1,2,11202,M,0.0,0.0,11
200800037803,8,7,6,1745,1,1,1,1,5,11144,M,4287300.0,298500.0,11
200800037804,8,7,22,2215,5,2,1,1,6,11913,M,4286800.0,304700.0,11
200800037805,8,7,11,2000,1,1,1,1,1,34116,M,0.0,0.0,34
200800037806,8,7,18,1800,1,1,1,1,7,34163,M,4365100.0,368100.0,34
200800037807,8,7,20,330,3,1,1,1,6,34163,M,0.0,0.0,34
200800037808,8,7,26,1230,1,1,1,1,7,34163,M,0.0,0.0,34
200800037809,8,7,19,1445,1,1,1,1,1,35051,M,0.0,0.0,35
200800037810,8,7,27,1600,1,1,1,1,5,35051,M,4812000.0,-156700.0,35
200800037811,8,7,12,430,3,1,1,1,7,23165,M,4582100.0,191000.0,23
200800037812,8,7,20,1345,1,1,1,1,6,23165,M,4581500.0,189500.0,23
200800037813,8,7,8,1700,1,1,1,1,3,78564,M,0.0,0.0,78
200800037814,8,7,10,1200,1,2,1,1,6,51662,M,4929300.0,411400.0,51
200800037815,8,7,11,845,1,1,2,1,3,51362,M,4928600.0,394400.0,51
200800037816,8,7,27,1915,1,1,1,1,7,51171,M,4937100.0,387800.0,51
200800037817,8,7,2,1630,1,1,1,3,1,69252,M,4554700.0,467200.0,69
200800037818,8,7,11,1900,1,1,1,3,3,69119,M,4550100.0,472200.0,69
200800037819,8,7,12,1300,1,1,1,8,6,77216,M,4829900.0,267300.0,77
200800037820,8,7,31,1615,1,1,1,1,5,89208,M,0.0,0.0,89
200800037821,8,7,13,415,5,1,1,1,1,62259,M,5020000.0,287000.0,62
200800037822,8,7,7,730,1,1,1,1,6,80288,M,0.0,0.0,80
200800037823,8,7,16,745,1,1,1,1,6,80101,M,0.0,0.0,80
200800037824,8,7,22,1430,1,1,1,1,3,80646,M,0.0,0.0,80
200800037825,8,7,5,700,1,1,1,1,2,71170,M,0.0,0.0,71
200800037826,8,7,7,1315,1,1,1,1,1,71245,M,0.0,0.0,71
200800037827,8,7,12,900,1,1,1,1,4,71384,M,4669000.0,484000.0,71
200800037828,8,7,9,1300,1,1,1,1,2,89484,M,0.0,0.0,89
200800037829,8,7,27,800,1,1,1,1,6,89053,M,0.0,0.0,89
200800037830,8,7,27,2115,1,1,1,8,6,89366,M,0.0,0.0,89
200800037831,8,7,10,1430,1,1,9,1,6,13051,M,0.0,0.0,13
200800037832,8,7,17,745,1,1,1,1,2,84078,M,0.0,0.0,84
200800037833,8,7,2,15,3,1,1,1,1,83086,M,4346300.0,655100.0,83
200800037834,8,7,2,730,1,1,1,1,1,83031,M,4340000.0,636000.0,83
200800037835,8,7,3,1915,1,1,1,1,6,83026,M,0.0,0.0,83
200800037836,8,7,7,645,2,1,1,1,2,83073,M,4339000.0,631000.0,83
200800037837,8,7,15,445,3,1,1,1,1,83023,M,4338100.0,619700.0,83
200800037838,8,7,15,1530,1,1,1,1,3,83073,M,4339000.0,631000.0,83
200800037839,8,7,16,1215,1,1,1,1,3,83054,M,4318000.0,604000.0,83
200800037840,8,7,21,915,1,1,1,1,2,83086,M,4346200.0,655400.0,83
200800037841,8,7,13,1500,1,1,1,1,6,60086,M,0.0,0.0,60
200800037842,8,7,15,1400,1,1,1,1,7,60393,M,0.0,0.0,60
200800037843,8,7,20,1430,1,2,1,1,6,60155,M,0.0,0.0,60
200800037844,8,7,6,1845,1,1,1,1,6,27648,M,0.0,0.0,27
200800037845,8,7,23,1045,1,1,1,1,5,60024,M,0.0,0.0,60
200800037846,8,7,24,1200,1,1,1,1,2,60541,M,0.0,0.0,60
200800037847,8,7,13,900,1,1,1,8,6,69013,M,4605300.0,472300.0,69
200800037848,8,7,14,2115,2,1,1,1,3,69077,M,0.0,0.0,69
200800037849,8,7,5,1445,1,1,1,1,2,38553,M,4563000.0,516000.0,38
200800037850,8,7,5,2330,5,2,2,1,3,68278,M,0.0,0.0,68
200800037851,8,7,7,815,1,2,1,1,6,68278,M,0.0,0.0,68
200800037852,8,7,1,1830,1,1,1,1,6,53086,M,0.0,0.0,53
200800037853,8,7,9,815,1,1,1,1,1,53108,M,4808400.0,-103300.0,53
200800037854,8,7,14,830,1,1,1,1,5,53015,M,4816900.0,-88400.0,53
200800037855,8,7,30,745,1,2,1,1,6,95250,M,0.0,0.0,95
200800037856,8,7,31,2200,3,1,1,1,6,95580,M,0.0,0.0,95
200800037857,8,7,25,1330,1,1,1,1,3,41223,M,4762400.0,123300.0,41
200800037858,8,7,3,945,1,1,1,1,6,34327,M,0.0,0.0,34
200800037859,8,7,7,230,3,1,1,1,2,30347,M,0.0,0.0,30
200800037860,8,7,6,1745,1,1,1,1,2,30344,M,0.0,0.0,30
200800037861,8,7,7,1000,1,1,1,1,2,30333,M,0.0,0.0,30
200800037862,8,7,26,1945,1,1,1,1,4,34327,M,4365700.0,398700.0,34
200800037863,8,7,6,1645,1,1,1,6,6,34329,M,4330400.0,321000.0,34
200800037864,8,7,19,845,1,1,1,1,2,11262,M,4315600.0,297900.0,11
200800037865,8,7,19,1315,1,1,1,1,4,11262,M,4315700.0,297300.0,11
200800037866,8,7,25,1430,1,1,1,1,6,11262,M,4315300.0,298300.0,11
200800037867,8,7,27,2245,3,1,1,1,2,11040,M,4316100.0,289200.0,11
200800037868,8,7,30,715,1,1,1,1,3,11379,M,0.0,0.0,11
200800037869,8,7,10,1915,1,2,1,1,2,37008,M,4733000.0,92800.0,37
200800037870,8,7,13,930,1,1,3,1,3,37008,M,4733800.0,90300.0,37
200800037871,8,7,17,1900,1,2,1,1,1,37124,M,4737100.0,76300.0,37
200800037872,8,7,28,845,1,2,1,1,6,37070,M,4732500.0,106300.0,37
200800037873,8,7,1,1215,1,1,1,1,6,45008,M,0.0,0.0,45
200800037874,8,7,5,1015,1,1,1,2,7,45146,M,0.0,0.0,45
200800037875,8,7,19,15,3,1,1,1,7,45302,M,0.0,0.0,45
200800037876,8,7,28,100,3,1,1,1,6,28002,M,0.0,0.0,28
200800037877,8,7,7,1800,1,2,1,1,7,73296,M,0.0,0.0,73
200800037878,8,7,5,1700,1,1,1,1,3,67405,M,0.0,0.0,67
200800037879,8,7,10,645,1,2,1,1,4,67472,M,0.0,0.0,67
200800037880,8,7,16,1615,1,1,1,1,2,67409,M,0.0,0.0,67
200800037881,8,7,29,2130,2,1,1,1,1,67194,M,0.0,0.0,67
200800037882,8,7,7,1100,1,1,1,1,7,14230,M,0.0,0.0,14
200800037883,8,7,2,1015,1,1,1,1,6,28139,M,0.0,0.0,28
200800037884,8,7,10,930,1,1,1,1,6,28085,M,0.0,0.0,28
200800037885,8,7,18,300,3,1,1,1,6,28073,M,0.0,0.0,28
200800037886,8,7,22,1145,1,1,1,1,2,28219,M,0.0,0.0,28
200800037887,8,7,6,2045,1,1,1,1,1,41150,M,4756700.0,148100.0,41
200800037888,8,7,12,1,3,1,1,8,6,41104,M,4761200.0,146400.0,41
200800037889,8,7,3,1700,1,1,1,3,6,69027,M,0.0,0.0,69
200800037890,8,7,17,1430,1,2,1,1,3,69027,M,0.0,0.0,69
200800037891,8,7,19,1600,1,2,1,1,3,29069,M,4843000.0,-456000.0,29
200800037892,8,7,27,1745,1,1,1,1,3,29130,M,4836400.0,-463500.0,29
200800037893,8,7,18,1415,1,1,1,1,1,34213,M,0.0,0.0,34
200800037894,8,7,22,515,2,1,1,1,5,34032,M,4330600.0,321700.0,34
200800037895,8,7,14,1445,1,1,1,1,6,33002,M,0.0,0.0,33
200800037896,8,7,7,1730,1,1,1,1,7,31506,M,0.0,0.0,31
200800037897,8,7,26,200,5,1,6,1,7,31254,M,0.0,0.0,31
200800037898,8,7,16,500,2,1,1,1,6,63014,M,0.0,0.0,63
200800037899,8,7,10,1645,1,1,1,1,6,64102,M,0.0,0.0,64
200800037900,8,7,4,2200,5,1,1,1,7,51454,M,4922400.0,407300.0,51
200800037901,8,7,30,45,5,2,2,1,1,91085,M,0.0,0.0,91
200800037902,8,7,18,1230,1,1,1,1,3,38433,M,0.0,0.0,38
200800037903,8,7,10,1200,1,1,1,1,7,57144,M,0.0,0.0,57
200800037904,8,7,11,345,3,1,1,8,3,02083,M,0.0,0.0,02
200800037905,8,7,12,240,3,1,1,1,2,02297,M,0.0,0.0,02
200800037906,8,7,5,730,1,1,1,1,3,90062,M,0.0,0.0,90
200800037907,8,7,29,700,1,1,1,1,1,90015,M,0.0,0.0,90
200800037908,8,7,26,1330,1,1,1,1,3,95450,M,0.0,0.0,95
200800037909,8,7,31,1630,1,1,1,1,2,86066,M,0.0,0.0,86
200800037910,8,7,31,1600,1,1,1,1,7,86062,M,0.0,0.0,86
200800037911,8,7,20,515,3,1,1,1,3,13025,M,0.0,0.0,13
200800037912,8,7,25,315,3,1,1,1,6,13007,M,0.0,0.0,13
200800037913,8,7,28,100,5,1,1,1,2,06027,M,0.0,0.0,06
200800037914,8,7,27,1845,1,1,1,1,6,11254,M,0.0,0.0,11
200800037915,8,7,13,1200,1,1,1,1,5,59502,M,5019100.0,335500.0,59
200800037916,8,7,28,1445,1,1,1,1,2,47191,M,4446100.0,8500.0,47
200800037917,8,7,25,2315,3,1,1,2,7,72031,M,0.0,0.0,72
200800037918,8,7,18,1445,1,1,1,1,6,25215,M,4734900.0,625000.0,25
200800037919,8,7,8,1230,1,1,1,1,2,91617,M,4866500.0,251800.0,91
200800037920,8,7,1,1000,1,1,1,1,6,09199,M,0.0,0.0,09
200800037921,8,7,15,1715,1,1,1,1,4,33498,M,4459500.0,-84100.0,33
200800037922,8,7,1,1030,3,1,1,1,6,74143,M,4590700.0,677700.0,74
200800037923,8,7,15,1145,1,1,1,1,3,46333,M,0.0,0.0,46
200800037924,8,7,3,1745,1,1,1,1,5,72217,M,0.0,0.0,72
200800037925,8,7,5,1730,4,1,1,1,7,68300,M,0.0,0.0,68
200800037926,8,7,20,1400,1,1,1,1,5,20065,M,0.0,0.0,201
200800037927,8,7,19,845,1,1,1,1,3,20130,M,0.0,0.0,201
200800037928,8,7,30,645,1,2,1,1,1,06085,M,0.0,0.0,06
200800037929,8,7,2,1300,1,1,9,2,3,78466,M,4894100.0,194500.0,78
200800037930,8,7,26,1615,1,1,1,1,7,67239,M,0.0,0.0,67
200800037931,8,7,15,1730,1,1,1,1,7,79351,M,0.0,0.0,79
200800037932,8,7,9,730,1,1,1,1,6,17415,M,0.0,0.0,17