Num_Acc,an,mois,jour,hrmn,lum,agg,int,atm,col,com,gps,lat,long,dep
200800037933,8,7,16,1515,1,1,1,1,2,17465,M,0.0,0.0,17
200800037934,8,7,16,1615,1,1,1,1,6,33489,M,0.0,0.0,33
200800037935,8,7,20,1830,1,1,1,1,2,22187,M,4854000.0,-277400.0,22
200800037936,8,7,1,1700,1,1,1,1,7,74112,M,0.0,0.0,74
200800037937,8,7,5,1345,1,2,1,1,6,74268,M,0.0,0.0,74
200800037938,8,7,11,1600,1,1,1,1,6,74179,M,0.0,0.0,74
200800037939,8,7,14,945,1,1,1,8,6,74257,M,0.0,0.0,74
200800037940,8,7,15,1545,1,1,1,1,1,74179,M,0.0,0.0,74
200800037941,8,7,21,645,1,1,1,1,6,74067,M,0.0,0.0,74
200800037942,8,7,27,2045,2,2,1,1,1,74026,M,0.0,0.0,74
200800037943,8,7,11,1030,1,1,1,1,2,01213,M,0.0,0.0,01
200800037944,8,7,13,730,1,1,1,2,6,01142,M,0.0,0.0,01
200800037945,8,7,7,1215,1,2,1,1,3,42279,M,4552300.0,426300.0,42
200800037946,8,7,8,1915,1,2,1,1,3,42279,M,4550300.0,423700.0,42
200800037947,8,7,16,1015,1,1,1,1,1,42256,M,4548500.0,418400.0,42
200800037948,8,7,1,730,1,1,1,1,6,52432,M,0.0,0.0,52
200800037949,8,7,6,1615,1,1,1,1,7,52114,M,4806500.0,494400.0,52
200800037950,8,7,19,1700,1,1,1,1,6,62794,M,5072200.0,217300.0,62
200800037951,8,7,7,1515,1,2,3,2,3,62634,M,0.0,0.0,62
200800037952,8,7,12,900,1,1,1,1,2,62645,M,0.0,0.0,62
200800037953,8,7,26,1800,1,1,1,1,3,62748,M,0.0,0.0,62
200800037954,8,7,30,1800,1,1,1,1,1,06152,M,0.0,0.0,06
200800037955,8,7,1,1630,1,1,1,1,1,69033,M,4586500.0,489200.0,69
200800037956,8,7,10,1215,1,2,1,1,3,69088,M,0.0,0.0,69
200800037957,8,7,11,1300,1,2,1,1,6,69293,M,0.0,0.0,69
200800037958,8,7,14,145,5,2,1,1,1,69063,M,4583300.0,482100.0,69
200800037959,8,7,18,2200,5,2,1,1,3,74176,M,4586100.0,619700.0,74
200800037960,8,7,27,1915,1,2,1,1,1,74176,M,0.0,0.0,74
200800037961,8,7,27,2115,2,1,1,1,1,74282,M,0.0,0.0,74
200800037962,8,7,30,2130,2,2,1,1,3,74011,M,0.0,0.0,74
200800037963,8,7,9,1530,1,1,1,1,6,02009,M,0.0,0.0,02
200800037964,8,7,14,1315,1,1,1,1,7,02702,M,0.0,0.0,02
200800037965,8,7,28,1815,1,2,1,1,3,78043,M,4884500.0,207500.0,78
200800037966,8,7,26,1900,1,1,1,1,1,78233,M,4888100.0,199300.0,78
200800037967,8,7,26,2245,5,2,1,1,6,13112,M,0.0,0.0,13
200800037968,8,7,7,2030,2,1,1,8,3,95445,M,4910300.0,226900.0,95
200800037969,8,7,21,1630,1,1,1,1,7,09239,M,4269000.0,211200.0,09
200800037970,8,7,19,1115,1,1,1,1,4,09189,M,0.0,0.0,09
200800037971,8,7,25,1745,1,1,1,1,6,09189,M,0.0,0.0,09
200800037972,8,7,27,930,1,1,8,1,5,09296,M,0.0,0.0,09
200800037973,8,7,3,1800,1,1,1,3,1,35210,M,0.0,0.0,35
200800037974,8,7,13,1,3,1,1,1,6,35275,M,0.0,0.0,35
200800037975,8,7,28,1830,1,1,2,1,1,35210,M,0.0,0.0,35
200800037976,8,7,9,1715,1,1,1,1,3,56251,M,4765200.0,-270700.0,56
200800037977,8,7,12,1600,1,1,1,1,1,56005,M,4754400.0,-287300.0,56
200800037978,8,7,23,1730,1,1,1,1,3,56251,M,4765300.0,-270100.0,56
200800037979,8,7,5,1445,1,1,1,1,3,42159,M,4585300.0,376500.0,42
200800037980,8,7,25,645,2,1,1,1,6,54220,M,0.0,0.0,54
200800037981,8,7,17,1900,1,2,1,1,3,38339,M,4560900.0,517100.0,38
200800037982,8,7,29,545,1,1,1,1,6,13001,M,0.0,0.0,13
200800037983,8,7,13,1630,1,1,1,2,6,18138,M,0.0,0.0,18
200800037984,8,7,16,1330,1,1,1,1,6,18279,M,0.0,0.0,18
200800037985,8,7,21,1445,1,1,1,1,2,41232,M,0.0,0.0,41
200800037986,8,7,21,1730,1,1,1,1,7,18190,M,0.0,0.0,18
200800037987,8,7,30,845,1,1,1,1,2,41161,M,0.0,0.0,41
200800037988,8,7,14,2000,1,1,1,1,3,34337,M,0.0,0.0,34
200800037989,8,7,2,1800,1,1,1,1,6,13069,M,4362600.0,514500.0,13
200800037990,8,7,9,2130,2,1,1,1,5,13051,M,4357500.0,515100.0,13
200800037991,8,7,26,400,3,1,1,1,7,13044,M,4362600.0,504200.0,13
200800037992,8,7,20,1700,1,1,1,1,7,03021,M,0.0,0.0,03
200800037993,8,7,26,2345,3,1,1,1,2,63300,M,0.0,0.0,63
200800037994,8,7,19,1015,1,2,1,1,2,06084,M,0.0,0.0,06
200800037995,8,7,31,2345,3,1,1,1,6,06084,M,0.0,0.0,06
200800037996,8,7,13,2015,1,1,1,1,3,49323,M,4750200.0,-51800.0,49
200800037997,8,7,30,30,3,1,1,1,6,49188,M,,,49
200800037998,8,7,31,1445,1,1,1,1,2,72130,M,0.0,0.0,72
200800037999,8,7,13,600,3,1,1,1,2,40210,M,4407700.0,-100600.0,40
200800038000,8,7,1,1415,1,1,1,1,6,67309,M,4865800.0,772100.0,67
200800038001,8,7,4,1745,1,1,1,1,6,67389,M,4864700.0,775400.0,67
200800038002,8,7,16,300,3,1,1,1,6,67389,M,0.0,0.0,67
200800038003,8,7,17,1330,1,1,6,8,5,67309,M,4865200.0,772500.0,67
200800038004,8,7,25,1145,1,1,1,1,6,67389,M,4866200.0,775700.0,67
200800038005,8,7,29,530,1,1,1,1,6,65226,M,0.0,0.0,65
200800038006,8,7,17,1545,1,1,1,1,2,02498,M,0.0,0.0,02
200800038007,8,7,26,100,3,1,1,1,1,02027,M,0.0,0.0,02
200800038008,8,7,17,1215,1,1,1,1,2,03031,M,4639100.0,272100.0,03
200800038009,8,7,22,1330,1,1,1,1,6,03193,M,4651100.0,262500.0,03
200800038010,8,7,21,1700,1,1,1,1,3,18221,M,4683300.0,241300.0,18
200800038011,8,7,3,1515,1,1,1,1,6,21614,M,4743900.0,516800.0,21
200800038012,8,7,24,1645,1,1,1,1,6,04149,M,0.0,0.0,04
200800038013,8,7,1,1015,1,1,1,1,7,10100,M,0.0,0.0,10
200800038014,8,7,24,2045,1,1,1,1,6,13080,M,4362700.0,545900.0,13
200800038015,8,7,30,1045,1,1,1,1,2,13113,M,4361200.0,549700.0,13
200800038016,8,7,20,530,3,1,1,1,6,26088,M,4502800.0,508300.0,26
200800038017,8,7,1,745,1,2,1,1,3,35208,M,0.0,0.0,35
200800038018,8,7,12,745,2,1,1,1,6,51545,M,0.0,0.0,51
200800038019,8,7,29,1545,1,1,1,1,7,31091,M,0.0,0.0,31
200800038020,8,7,26,900,1,1,1,1,6,77086,M,4853000.0,281500.0,77
200800038021,8,7,15,1130,1,1,9,1,3,13050,M,0.0,0.0,13
200800038022,8,7,15,1845,1,1,1,1,6,76239,M,4951500.0,29100.0,76
200800038023,8,7,31,1800,1,2,6,1,1,31175,M,4312500.0,72800.0,31
200800038024,8,7,16,1100,1,1,1,1,1,49107,M,4750000.0,-28000.0,49
200800038025,8,7,6,300,5,1,1,1,6,74311,M,0.0,0.0,74
200800038026,8,7,18,2145,3,1,1,1,1,74304,M,4614500.0,642600.0,74
200800038027,8,7,12,915,1,1,1,1,3,19130,M,0.0,0.0,19
200800038028,8,7,28,1145,1,1,1,1,4,68022,M,0.0,0.0,68
200800038029,8,7,25,730,1,1,1,1,6,72231,M,4795800.0,30300.0,72
200800038030,8,7,12,2230,3,1,1,1,3,72197,M,4814500.0,1000.0,72
200800038031,8,7,19,2100,1,1,1,7,2,72089,M,4812700.0,1200.0,72
200800038032,8,7,17,1845,1,1,1,1,1,72380,M,0.0,0.0,72
200800038033,8,7,27,800,1,1,1,1,7,72097,M,0.0,0.0,72
200800038034,8,7,10,1845,1,1,1,1,1,68375,M,0.0,0.0,68
200800038035,8,7,5,2300,3,1,1,1,6,67558,M,0.0,0.0,67
200800038036,8,7,8,2345,3,1,1,2,6,67415,M,4889900.0,751800.0,67
200800038037,8,7,15,645,1,1,1,7,6,67176,M,0.0,0.0,67
200800038038,8,7,26,1900,1,1,1,1,7,67174,M,4889700.0,761800.0,67
200800038039,8,7,31,1000,1,1,4,1,5,30034,M,0.0,0.0,30
200800038040,8,7,12,300,3,1,1,1,6,85196,M,4683000.0,-118800.0,85
200800038041,8,7,25,715,1,1,1,8,2,85084,M,0.0,0.0,85
200800038042,8,7,3,1730,1,2,1,1,1,13083,M,4391100.0,481500.0,13
200800038043,8,7,26,1030,1,2,1,1,6,13083,M,4390900.0,479300.0,13
200800038044,8,7,21,915,1,1,2,1,2,34192,M,0.0,0.0,34
200800038045,8,7,12,545,2,1,1,2,6,76394,M,0.0,0.0,76
200800038046,8,7,12,1900,1,2,1,1,3,76255,M,0.0,0.0,76
200800038047,8,7,14,1515,1,1,9,1,7,76252,M,0.0,0.0,76
200800038048,8,7,26,1845,1,2,1,1,3,76252,M,0.0,0.0,76
200800038049,8,7,5,145,3,1,1,1,1,76673,M,4946600.0,127400.0,76
200800038050,8,7,16,830,2,1,1,1,6,76548,M,4947900.0,134600.0,76
200800038051,8,7,15,1800,1,1,1,1,1,71520,M,0.0,0.0,71
200800038052,8,7,10,2045,1,1,9,1,7,41044,M,0.0,0.0,41
200800038053,8,7,18,2015,1,1,1,1,7,60050,M,0.0,0.0,60
200800038054,8,7,4,2045,1,2,1,7,1,31150,M,4365500.0,133200.0,31
200800038055,8,7,27,1830,1,2,1,1,1,25467,M,0.0,0.0,25
200800038056,8,7,31,1145,1,1,1,1,7,25034,M,0.0,0.0,25
200800038057,8,7,6,1745,1,2,1,1,3,95183,M,0.0,0.0,95
200800038058,8,7,8,2245,3,2,1,1,3,95388,M,0.0,0.0,95
200800038059,8,7,11,1945,1,1,1,1,1,56094,M,4776800.0,-329600.0,56
200800038060,8,7,27,2130,2,1,1,7,2,56094,M,0.0,0.0,56
200800038061,8,7,6,1530,1,1,1,1,6,14342,M,0.0,0.0,14
200800038062,8,7,11,1045,1,1,1,1,7,14480,M,0.0,0.0,14
200800038063,8,7,17,1630,1,1,1,1,6,14681,M,0.0,0.0,14
200800038064,8,7,3,1915,1,2,1,8,6,35024,M,0.0,0.0,35
200800038065,8,7,20,1900,1,2,1,1,7,35001,M,4813900.0,-154200.0,35
200800038066,8,7,1,1930,1,2,1,1,1,44009,M,0.0,0.0,44
200800038067,8,7,14,1500,1,1,1,1,1,62458,M,5079500.0,215100.0,62
200800038068,8,7,11,2230,3,2,1,1,7,77359,M,0.0,0.0,77
200800038069,8,7,5,1130,1,2,1,1,7,69260,M,0.0,0.0,69
200800038070,8,7,7,1515,1,1,1,1,6,34295,M,0.0,0.0,34
200800038071,8,7,12,1300,1,1,1,1,3,34095,M,0.0,0.0,34
200800038072,8,7,13,2300,1,1,1,1,1,34095,M,0.0,0.0,34
200800038073,8,7,15,945,1,1,1,1,1,30141,M,4410300.0,463200.0,30
200800038074,8,7,31,1900,1,1,1,1,3,30191,M,4414300.0,466900.0,30
200800038075,8,7,19,1945,1,1,1,7,7,37122,M,0.0,0.0,37
200800038076,8,7,7,1045,1,2,1,1,3,83049,M,0.0,0.0,83
200800038077,8,7,15,145,3,1,1,1,6,12291,M,0.0,0.0,12
200800038078,8,7,2,1800,1,1,1,1,6,36230,M,0.0,0.0,36
200800038079,8,7,19,345,3,1,1,1,6,36057,M,4687900.0,172200.0,36
200800038080,8,7,1,1530,1,1,1,1,6,19072,M,4522700.0,151100.0,19
200800038081,8,7,12,730,1,1,1,1,6,19178,M,4528800.0,156700.0,19
200800038082,8,7,12,1430,1,1,2,1,2,19072,M,4523100.0,151100.0,19
200800038083,8,7,11,2015,1,1,1,1,2,48012,M,0.0,0.0,48
200800038084,8,7,17,600,1,1,1,1,7,48140,M,0.0,0.0,48
200800038085,8,7,16,945,1,1,1,1,2,48049,M,0.0,0.0,48
200800038086,8,7,25,1845,1,1,1,1,6,08395,M,4969800.0,467300.0,08
200800038087,8,7,22,815,1,1,1,1,6,44152,M,0.0,0.0,44
200800038088,8,7,18,1015,1,1,1,1,6,22164,M,0.0,0.0,22
200800038089,8,7,5,515,3,1,1,3,1,72260,M,4795900.0,25200.0,72
200800038090,8,7,18,200,5,1,6,1,6,72260,M,0.0,0.0,72
200800038091,8,7,3,2300,5,2,1,1,3,83070,M,0.0,0.0,83
200800038092,8,7,7,1500,1,1,1,1,6,83070,M,0.0,0.0,83
200800038093,8,7,13,1915,1,1,1,7,1,83070,M,0.0,0.0,83
200800038094,8,7,18,1430,1,2,1,1,1,83019,M,0.0,0.0,83
200800038095,8,7,20,1945,1,2,1,1,2,83019,M,0.0,0.0,83
200800038096,8,7,5,2030,2,1,1,1,7,68188,M,4794700.0,706900.0,68
200800038097,8,7,10,1830,1,2,1,1,3,68156,M,4791000.0,725400.0,68
200800038098,8,7,17,1400,1,2,1,1,6,68315,M,4788900.0,722800.0,68
200800038099,8,7,3,1715,1,2,1,1,1,59668,M,5106600.0,251200.0,59
200800038100,8,7,7,1320,1,2,2,1,3,01053,M,,,01
200800038101,8,7,16,730,1,1,3,1,3,01289,M,,,01
200800038102,8,7,20,1515,1,1,1,1,3,01451,M,,,01
200800038103,8,7,25,1400,1,2,1,1,3,01053,M,,,01
200800038104,8,7,30,1315,1,2,1,1,6,01053,M,,,01
200800038105,8,7,9,1755,1,2,1,1,2,01283,M,,,01
200800038106,8,7,18,1740,1,2,1,1,6,01014,M,,,01
200800038107,8,7,21,1830,1,2,9,1,3,01283,M,,,01
200800038108,8,7,31,1420,1,2,2,1,6,01283,M,,,01
200800038109,8,7,11,1825,1,2,1,1,2,02168,M,,,02
200800038110,8,7,6,1625,1,2,1,1,6,02691,M,,,02
200800038111,8,7,10,1510,1,2,1,1,6,02691,M,,,02
200800038112,8,7,11,1932,1,2,1,1,3,02691,M,,,02
200800038113,8,7,12,1355,1,2,2,1,3,02691,M,,,02
200800038114,8,7,27,1905,1,2,1,1,6,02691,M,,,02
200800038115,8,7,28,1735,1,2,3,1,3,02691,M,,,02
200800038116,8,7,27,1500,1,1,1,1,1,02165,M,,,02
200800038117,8,7,1,215,5,2,1,1,6,03185,M,,,03
200800038118,8,7,8,1930,1,2,4,1,1,03185,M,,,03
200800038119,8,7,21,2030,1,2,2,1,3,03098,M,,,03
200800038120,8,7,23,730,1,1,1,1,6,03185,M,,,03
200800038121,8,7,24,458,5,2,2,1,3,03185,M,,,03
200800038122,8,7,16,1855,1,2,1,1,6,03190,M,,,03
200800038123,8,7,3,1010,1,2,1,1,1,03095,M,,,03
200800038124,8,7,5,1715,1,2,1,1,6,03310,M,,,03
200800038125,8,7,7,1610,1,2,1,1,2,03310,M,,,03
200800038126,8,7,9,1225,1,2,1,1,3,03310,M,,,03
200800038127,8,7,19,2230,5,1,1,1,1,03001,M,,,03
200800038128,8,7,26,1010,1,2,2,1,3,03310,M,,,03
200800038129,8,7,27,931,1,2,2,1,3,03023,M,,,03
200800038130,8,7,29,1620,1,2,1,1,3,03310,M,,,03
200800038131,8,7,4,1140,1,2,1,1,6,04112,M,,,04
200800038132,8,7,23,1820,1,1,1,1,3,04112,M,,,04
200800038133,8,7,20,1040,1,2,2,2,3,05023,M,,,05
200800038134,8,7,21,905,1,2,1,1,3,05023,M,,,05
200800038135,8,7,14,2000,1,2,1,1,1,05061,M,,,05
200800038136,8,7,25,1920,1,2,1,2,6,05061,M,,,05
200800038137,8,7,29,1410,1,2,1,7,6,05061,M,,,05
200800038138,8,7,30,1102,1,2,3,1,3,05061,M,,,05
200800038139,8,7,1,7,5,2,3,1,3,06155,M,,,06
200800038140,8,7,1,1825,1,2,2,1,3,06004,M,,,06
200800038141,8,7,2,1635,1,2,1,1,6,06155,M,,,06
200800038142,8,7,3,1815,1,1,1,1,2,06004,M,,,06
200800038143,8,7,4,1500,1,2,2,1,3,06004,M,,,06
200800038144,8,7,5,820,1,2,1,1,3,06004,M,,,06
200800038145,8,7,10,1140,1,2,1,1,6,06004,M,,,06
200800038146,8,7,10,1950,1,2,1,1,3,06004,M,,,06
200800038147,8,7,11,1210,1,1,1,1,3,06004,M,,,06
200800038148,8,7,12,1840,1,2,1,1,3,06004,M,,,06
200800038149,8,7,15,830,1,2,1,1,6,06004,M,,,06
200800038150,8,7,15,1840,1,2,8,1,6,06004,M,,,06
200800038151,8,7,20,1410,1,2,1,1,6,06004,M,,,06
200800038152,8,7,21,1025,1,2,1,1,6,06004,M,,,06
200800038153,8,7,22,1915,1,2,3,1,3,06155,M,,,06
200800038154,8,7,25,640,1,2,1,1,6,06004,M,,,06
200800038155,8,7,28,1920,1,2,1,1,3,06004,M,,,06
200800038156,8,7,30,2055,2,2,3,1,3,06004,M,,,06
200800038157,8,7,1,1220,1,2,6,1,3,06123,M,,,06
200800038158,8,7,2,800,1,2,3,1,3,06123,M,,,06
200800038159,8,7,2,1225,1,2,1,2,4,06123,M,,,06
200800038160,8,7,3,1330,1,2,3,1,3,06027,M,,,06
200800038161,8,7,8,900,1,2,1,1,6,06027,M,,,06
200800038162,8,7,9,800,1,2,4,1,1,06027,M,,,06
200800038163,8,7,11,810,1,2,1,1,4,06027,M,,,06
200800038164,8,7,11,1400,1,2,1,1,3,06027,M,,,06
200800038165,8,7,12,1615,1,2,1,1,6,06027,M,,,06
200800038166,8,7,17,1730,1,2,1,1,5,06123,M,,,06
200800038167,8,7,18,500,5,2,1,1,1,06027,M,,,06
200800038168,8,7,22,1215,1,2,3,1,3,06123,M,,,06
200800038169,8,7,23,630,1,2,1,1,3,06123,M,,,06
200800038170,8,7,24,930,1,2,1,1,4,06027,M,,,06
200800038171,8,7,25,1120,1,2,1,1,4,06027,M,,,06
200800038172,8,7,25,1510,1,2,1,1,3,06027,M,,,06
200800038173,8,7,25,1820,1,2,1,1,6,06027,M,,,06
200800038174,8,7,29,945,1,2,2,1,3,06027,M,,,06
200800038175,8,7,29,1045,1,2,2,1,3,06123,M,,,06
200800038176,8,7,30,1405,1,2,1,1,3,06027,M,,,06
200800038177,8,7,30,1800,1,2,1,1,6,06123,M,,,06
200800038178,8,7,1,340,5,2,1,1,3,06029,M,,,06
200800038179,8,7,3,1415,1,2,1,1,3,06029,M,,,06
200800038180,8,7,4,800,1,2,1,1,7,06029,M,,,06
200800038181,8,7,4,1345,1,2,1,1,3,06029,M,,,06
200800038182,8,7,6,1400,1,2,1,7,2,06029,M,,,06
200800038183,8,7,9,1031,1,2,1,1,3,06029,M,,,06
200800038184,8,7,10,36,5,2,1,1,3,06029,M,,,06
200800038185,8,7,11,2116,5,2,1,1,3,06029,M,,,06
200800038186,8,7,13,2220,5,2,1,1,6,06029,M,,,06
200800038187,8,7,14,1800,1,2,1,1,6,06029,M,,,06
200800038188,8,7,15,519,2,2,1,1,7,06029,M,,,06
200800038189,8,7,15,751,1,2,1,1,3,06029,M,,,06
200800038190,8,7,15,2140,5,2,1,1,3,06029,M,,,06
200800038191,8,7,15,2240,5,2,1,1,7,06029,M,,,06
200800038192,8,7,18,1624,1,2,1,1,2,06029,M,,,06
200800038193,8,7,18,1820,4,2,1,1,6,06029,M,,,06
200800038194,8,7,19,241,5,2,1,1,3,06029,M,,,06
200800038195,8,7,20,1620,1,2,2,2,3,06029,M,,,06
200800038196,8,7,23,1147,1,2,1,1,7,06029,M,,,06
200800038197,8,7,23,1035,1,2,1,1,3,06029,M,,,06
200800038198,8,7,23,936,1,2,1,1,7,06029,M,,,06
200800038199,8,7,24,815,1,2,1,1,3,06029,M,,,06
200800038200,8,7,24,1755,1,2,1,1,2,06029,M,,,06
200800038201,8,7,25,1827,1,2,1,1,6,06029,M,,,06
200800038202,8,7,28,1640,1,2,1,1,6,06029,M,,,06
200800038203,8,7,30,1837,1,2,1,1,3,06029,M,,,06
200800038204,8,7,2,545,2,2,1,1,7,06069,M,,,06
200800038205,8,7,2,1340,1,2,6,1,3,06069,M,,,06
200800038206,8,7,3,1430,1,2,1,1,2,06069,M,,,06
200800038207,8,7,6,1050,1,2,3,1,3,06069,M,,,06
200800038208,8,7,9,740,1,2,1,1,7,06069,M,,,06
200800038209,8,7,9,1255,1,2,1,1,1,06069,M,,,06
200800038210,8,7,10,810,1,2,1,1,7,06069,M,,,06
200800038211,8,7,11,940,1,2,1,1,3,06069,M,,,06
200800038212,8,7,11,1015,1,2,1,1,3,06069,M,,,06
200800038213,8,7,18,1745,1,2,1,1,3,06069,M,,,06
200800038214,8,7,19,320,5,2,1,1,7,06069,M,,,06
200800038215,8,7,20,930,1,2,1,1,7,06069,M,,,06
200800038216,8,7,21,1430,1,2,1,1,3,06069,M,,,06
200800038217,8,7,22,1800,1,2,1,1,2,06069,M,,,06
200800038218,8,7,22,2110,5,2,1,1,1,06069,M,,,06
200800038219,8,7,23,1145,1,1,1,1,7,06069,M,,,06
200800038220,8,7,25,1715,1,2,3,1,3,06069,M,,,06
200800038221,8,7,28,2030,1,2,1,1,7,06069,M,,,06
200800038222,8,7,30,550,2,2,1,1,7,06069,M,,,06
200800038223,8,7,30,1430,1,2,1,1,3,06069,M,,,06
200800038224,8,7,30,1710,1,2,1,1,7,06069,M,,,06
200800038225,8,7,3,1720,1,2,1,1,7,06083,M,,,06
200800038226,8,7,6,2010,1,2,1,1,6,06083,M,,,06
200800038227,8,7,8,312,4,2,1,1,6,06083,M,,,06
200800038228,8,7,9,1257,1,2,1,1,6,06083,M,,,06
200800038229,8,7,14,1245,1,2,1,1,6,06104,M,,,06
200800038230,8,7,14,320,5,2,1,1,6,06104,M,,,06
200800038231,8,7,14,1840,1,2,4,1,5,06104,M,,,06
200800038232,8,7,16,1543,1,2,1,1,1,06083,M,,,06
200800038233,8,7,23,1045,1,2,1,1,6,06012,M,,,06
200800038234,8,7,25,1900,1,2,1,1,3,06104,M,,,06
200800038235,8,7,25,1750,1,2,6,1,3,06083,M,,,06
200800038236,8,7,22,1700,1,2,1,1,3,06083,M,,,06
200800038237,8,7,30,1620,1,2,6,1,3,06104,M,,,06
200800038238,8,7,31,1745,1,2,1,1,5,06104,M,,,06
200800038239,8,7,1,1230,1,2,1,1,2,06088,M,,,06
200800038240,8,7,1,1250,1,2,1,1,3,06088,M,,,06
200800038241,8,7,1,1330,1,2,1,1,6,06088,M,,,06
200800038242,8,7,1,1700,1,2,1,1,3,06088,M,,,06
200800038243,8,7,1,1701,1,2,1,1,3,06088,M,,,06
200800038244,8,7,1,1910,1,2,1,1,6,06088,M,,,06
200800038245,8,7,2,1230,1,2,1,1,6,06088,M,,,06
200800038246,8,7,2,1550,1,2,1,1,6,06088,M,,,06
200800038247,8,7,2,1620,1,2,2,1,3,06088,M,,,06
200800038248,8,7,2,1900,1,2,1,1,6,06088,M,,,06
200800038249,8,7,2,2140,5,2,1,1,6,06088,M,,,06
200800038250,8,7,3,750,1,2,1,1,2,06088,M,,,06
200800038251,8,7,4,535,5,2,2,1,3,06088,M,,,06
200800038252,8,7,4,520,5,2,2,1,3,06088,M,,,06
200800038253,8,7,4,650,1,2,1,1,6,06088,M,,,06
200800038254,8,7,4,820,1,2,2,1,3,06088,M,,,06
200800038255,8,7,4,1100,1,2,1,1,3,06088,M,,,06
200800038256,8,7,4,1503,1,2,1,1,6,06088,M,,,06
200800038257,8,7,4,1545,1,2,2,1,3,06159,M,,,06
200800038258,8,7,4,1615,1,2,3,1,3,06088,M,,,06
200800038259,8,7,4,1830,1,2,1,1,3,06088,M,,,06
200800038260,8,7,4,2100,1,2,1,1,6,06088,M,,,06
200800038261,8,7,5,530,4,2,1,1,6,06088,M,,,06
200800038262,8,7,5,915,1,1,1,1,3,06088,M,,,06
200800038263,8,7,5,1115,1,2,1,1,3,06088,M,,,06
200800038264,8,7,5,1320,1,2,1,1,3,06088,M,,,06
200800038265,8,7,6,30,5,2,1,1,5,06088,M,,,06
200800038266,8,7,6,1940,2,2,1,1,3,06088,M,,,06
200800038267,8,7,7,852,1,2,1,1,3,06088,M,,,06
200800038268,8,7,7,1300,1,2,1,1,6,06088,M,,,06
200800038269,8,7,7,1730,1,2,1,1,6,06088,M,,,06
200800038270,8,7,7,1850,1,2,1,1,6,06088,M,,,06
200800038271,8,7,7,1915,1,2,1,1,6,06088,M,,,06
200800038272,8,7,7,2000,1,2,3,1,5,06088,M,,,06
200800038273,8,7,7,1540,1,2,1,1,6,06088,M,,,06
200800038274,8,7,8,730,1,2,1,1,3,06088,M,,,06
200800038275,8,7,8,1110,1,2,2,1,3,06088,M,,,06
200800038276,8,7,8,1330,1,2,1,1,3,06088,M,,,06
200800038277,8,7,8,1415,1,2,1,1,3,06088,M,,,06
200800038278,8,7,8,1745,1,2,1,1,5,06088,M,,,06
200800038279,8,7,8,1800,1,2,1,1,3,06088,M,,,06
200800038280,8,7,8,1920,1,2,2,1,3,06088,M,,,06
200800038281,8,7,8,1945,1,2,1,1,5,06088,M,,,06
200800038282,8,7,8,2000,1,2,1,1,3,06088,M,,,06
200800038283,8,7,9,1100,1,2,1,1,3,06088,M,,,06
200800038284,8,7,9,1720,1,2,3,1,3,06088,M,,,06
200800038285,8,7,10,930,1,2,2,1,3,06088,M,,,06
200800038286,8,7,10,1015,1,2,1,1,6,06088,M,,,06
200800038287,8,7,10,1850,1,2,1,1,6,06088,M,,,06
200800038288,8,7,10,2000,1,2,1,1,6,06088,M,,,06
200800038289,8,7,10,2015,1,2,1,1,6,06088,M,,,06
200800038290,8,7,11,1220,1,2,1,1,3,06088,M,,,06
200800038291,8,7,11,1310,1,2,2,1,3,06088,M,,,06
200800038292,8,7,11,1750,1,2,1,1,6,06088,M,,,06
200800038293,8,7,11,1956,1,2,1,1,3,06088,M,,,06
200800038294,8,7,11,2305,5,2,3,1,6,06088,M,,,06
200800038295,8,7,13,100,5,2,2,1,3,06088,M,,,06
200800038296,8,7,13,845,1,2,2,1,6,06088,M,,,06
200800038297,8,7,13,1530,1,2,2,1,3,06088,M,,,06
200800038298,8,7,13,1815,1,2,2,1,6,06088,M,,,06
200800038299,8,7,13,2000,1,2,1,1,6,06088,M,,,06
200800038300,8,7,14,820,1,2,2,1,6,06088,M,,,06
200800038301,8,7,14,1030,1,2,3,1,2,06088,M,,,06
200800038302,8,7,14,1930,1,2,1,1,2,06088,M,,,06
200800038303,8,7,15,47,5,2,1,1,1,06088,M,,,06
200800038304,8,7,15,40,5,2,2,1,3,06088,M,,,06
200800038305,8,7,15,910,1,2,1,1,6,06088,M,,,06
200800038306,8,7,15,1125,1,2,2,1,3,06088,M,,,06
200800038307,8,7,15,1315,1,2,1,1,3,06088,M,,,06
200800038308,8,7,15,1615,1,2,1,1,2,06088,M,,,06
200800038309,8,7,15,1920,1,2,1,1,3,06088,M,,,06
200800038310,8,7,15,1925,1,2,1,1,1,06088,M,,,06
200800038311,8,7,16,1520,1,2,1,1,2,06088,M,,,06
200800038312,8,7,16,1730,1,2,1,1,2,06088,M,,,06
200800038313,8,7,16,1935,1,2,1,1,3,06088,M,,,06
200800038314,8,7,16,1950,1,2,1,1,6,06159,M,,,06
200800038315,8,7,17,1120,1,2,2,1,3,06088,M,,,06
200800038316,8,7,17,1640,1,2,2,1,6,06088,M,,,06
200800038317,8,7,17,2020,2,2,2,1,6,06088,M,,,06
200800038318,8,7,17,2200,3,2,1,1,6,06088,M,,,06
200800038319,8,7,18,1500,1,2,1,1,4,06088,M,,,06
200800038320,8,7,18,1725,1,2,1,1,3,06088,M,,,06
200800038321,8,7,18,1730,1,2,1,1,6,06088,M,,,06
200800038322,8,7,18,2330,5,2,1,1,2,06088,M,,,06
200800038323,8,7,19,930,1,2,3,1,6,06088,M,,,06
200800038324,8,7,19,1500,1,2,1,1,6,06088,M,,,06
200800038325,8,7,19,2350,5,2,2,1,3,06088,M,,,06
200800038326,8,7,20,450,5,2,1,1,3,06088,M,,,06