Num_Acc,an,mois,jour,hrmn,lum,agg,int,atm,col,com,gps,lat,long,dep
200800038327,8,7,20,1400,1,2,2,1,6,06088,M,,,06
200800038328,8,7,20,1615,1,2,1,1,3,06088,M,,,06
200800038329,8,7,21,740,1,1,1,1,2,06088,M,,,06
200800038330,8,7,21,820,1,2,1,1,2,06088,M,,,06
200800038331,8,7,21,1605,1,2,1,1,6,06088,M,,,06
200800038332,8,7,21,1725,1,2,2,1,3,06088,M,,,06
200800038333,8,7,21,1755,1,2,1,1,2,06088,M,,,06
200800038334,8,7,21,2215,5,2,2,1,3,06088,M,,,06
200800038335,8,7,22,100,5,2,1,1,1,06088,M,,,06
200800038336,8,7,22,1545,1,2,2,1,3,06088,M,,,06
200800038337,8,7,22,2030,1,2,1,1,3,06159,M,,,06
200800038338,8,7,23,245,5,2,1,1,6,06088,M,,,06
200800038339,8,7,23,840,1,2,2,1,3,06088,M,,,06
200800038340,8,7,23,1825,1,2,3,1,3,06088,M,,,06
200800038341,8,7,25,1830,1,2,1,1,2,06088,M,,,06
200800038342,8,7,25,1845,1,2,1,1,3,06088,M,,,06
200800038343,8,7,26,1845,1,2,9,1,6,06088,M,,,06
200800038344,8,7,27,110,5,2,3,1,3,06088,M,,,06
200800038345,8,7,27,130,5,2,7,1,3,06088,M,,,06
200800038346,8,7,27,615,1,2,1,1,7,06159,M,,,06
200800038347,8,7,27,1700,1,2,2,1,3,06088,M,,,06
200800038348,8,7,28,305,5,2,1,1,6,06159,M,,,06
200800038349,8,7,28,940,1,2,1,1,4,06088,M,,,06
200800038350,8,7,28,1010,1,2,1,1,6,06088,M,,,06
200800038351,8,7,28,2350,5,2,1,1,6,06088,M,,,06
200800038352,8,7,29,800,1,2,3,1,3,06088,M,,,06
200800038353,8,7,29,1320,1,2,1,1,7,06088,M,,,06
200800038354,8,7,29,1725,1,2,1,1,2,06088,M,,,06
200800038355,8,7,29,1850,1,2,1,1,3,06088,M,,,06
200800038356,8,7,29,2130,5,2,1,1,3,06088,M,,,06
200800038357,8,7,29,2135,5,2,2,1,3,06088,M,,,06
200800038358,8,7,30,950,1,2,1,1,3,06088,M,,,06
200800038359,8,7,30,1030,1,2,1,1,6,06088,M,,,06
200800038360,8,7,30,1135,1,2,1,1,3,06088,M,,,06
200800038361,8,7,30,1745,1,2,2,1,3,06088,M,,,06
200800038362,8,7,30,1313,1,2,1,1,7,06088,M,,,06
200800038363,8,7,31,530,5,2,2,1,6,06088,M,,,06
200800038364,8,7,31,550,2,2,2,1,6,06088,M,,,06
200800038365,8,7,31,1200,1,2,6,1,2,06088,M,,,06
200800038366,8,7,31,1535,1,2,2,1,3,06088,M,,,06
200800038367,8,7,31,2105,2,2,1,1,3,06088,M,,,06
200800038368,8,7,16,705,1,2,1,7,3,07281,M,,,07
200800038369,8,7,18,1330,1,1,3,1,3,07340,M,,,07
200800038370,8,7,31,1355,1,1,1,1,6,07072,M,,,07
200800038371,8,7,6,1521,1,2,1,1,3,08105,M,,,08
200800038372,8,7,23,1050,1,2,2,1,3,08105,M,,,08
200800038373,8,7,16,1640,1,2,1,1,7,09122,M,,,09
200800038374,8,7,2,1815,1,2,2,1,7,09225,M,,,09
200800038375,8,7,4,905,1,2,3,1,3,10387,M,,,10
200800038376,8,7,5,1020,1,2,3,1,3,10387,M,,,10
200800038377,8,7,10,1400,1,1,2,1,3,10343,M,,,10
200800038378,8,7,11,925,1,2,1,1,7,10387,M,,,10
200800038379,8,7,25,805,1,2,2,1,1,10081,M,,,10
200800038380,8,7,29,2040,1,2,2,1,3,10387,M,,,10
200800038381,8,7,28,615,2,2,1,1,7,10333,M,,,10
200800038382,8,7,5,126,3,1,1,1,6,11069,M,,,11
200800038383,8,7,6,1622,1,2,1,1,3,11076,M,,,11
200800038384,8,7,1,1500,1,2,2,1,3,11262,M,,,11
200800038385,8,7,1,1350,1,2,1,1,6,11262,M,,,11
200800038386,8,7,6,1850,1,1,1,1,7,11262,M,,,11
200800038387,8,7,9,850,1,2,3,1,3,11262,M,,,11
200800038388,8,7,12,245,3,1,1,3,1,11262,M,,,11
200800038389,8,7,12,1550,1,1,1,2,1,11262,M,,,11
200800038390,8,7,16,2045,2,2,2,1,3,11262,M,,,11
200800038391,8,7,18,1040,1,1,1,1,1,11262,M,,,11
200800038392,8,7,24,1400,1,2,2,1,6,11262,M,,,11
200800038393,8,7,30,1550,1,2,1,1,2,11262,M,,,11
200800038394,8,7,10,1920,1,1,1,1,7,11262,M,,,11
200800038395,8,7,11,1035,1,2,2,1,3,11262,M,,,11
200800038396,8,7,11,1545,1,2,2,1,6,11262,M,,,11
200800038397,8,7,12,1110,1,1,1,1,6,11262,M,,,11
200800038398,8,7,17,905,1,2,2,1,3,11262,M,,,11
200800038399,8,7,22,1200,1,2,1,1,7,11262,M,,,11
200800038400,8,7,24,950,1,2,1,1,6,11262,M,,,11
200800038401,8,7,25,1705,1,1,1,1,3,11262,M,,,11
200800038402,8,7,26,1540,1,2,1,1,6,11262,M,,,11
200800038403,8,7,29,1330,1,2,1,1,7,11262,M,,,11
200800038404,8,7,19,2100,2,2,1,1,5,12013,M,,,12
200800038405,8,7,5,2000,2,1,2,1,3,12176,M,,,12
200800038406,8,7,16,1700,1,2,4,1,3,12202,M,,,12
200800038407,8,7,16,2155,2,2,1,1,1,12202,M,,,12
200800038408,8,7,16,2215,5,2,9,1,1,12202,M,,,12
200800038409,8,7,18,1915,1,1,1,1,1,12202,M,,,12
200800038410,8,7,1,845,1,1,1,1,3,13001,M,,,13
200800038411,8,7,13,1900,1,2,6,1,6,13001,M,,,13
200800038412,8,7,19,1550,1,2,1,1,3,13001,M,,,13
200800038413,8,7,20,1130,1,1,1,9,3,13001,M,,,13
200800038414,8,7,28,1725,1,2,2,1,3,13001,M,,,13
200800038415,8,7,18,930,1,2,1,1,6,13001,M,,,13
200800038416,8,7,25,1200,1,2,1,1,6,13001,M,,,13
200800038417,8,7,13,1010,1,2,1,1,6,13001,M,,,13
200800038418,8,7,23,1440,1,1,1,1,3,13001,M,,,13
200800038419,8,7,26,1230,1,2,6,1,6,13001,M,,,13
200800038420,8,7,19,1215,1,1,1,1,3,13001,M,,,13
200800038421,8,7,4,1710,1,2,5,1,4,13004,M,,,13
200800038422,8,7,6,100,5,2,3,1,4,13004,M,,,13
200800038423,8,7,2,949,1,2,1,1,1,13004,M,,,13
200800038424,8,7,8,1325,1,2,1,1,3,13004,M,,,13
200800038425,8,7,10,1635,1,2,3,1,3,13004,M,,,13
200800038426,8,7,15,30,5,2,1,1,1,13004,M,,,13
200800038427,8,7,16,1430,1,2,1,1,3,13004,M,,,13
200800038428,8,7,17,1840,1,1,1,1,3,13004,M,,,13
200800038429,8,7,18,800,1,1,3,1,3,13004,M,,,13
200800038430,8,7,22,1900,1,2,1,1,7,13004,M,,,13
200800038431,8,7,24,1040,1,1,1,1,3,13004,M,,,13
200800038432,8,7,24,2050,2,2,1,1,6,13004,M,,,13
200800038433,8,7,29,555,2,2,2,1,3,13004,M,,,13
200800038434,8,7,21,1315,1,2,2,1,1,13005,M,,,13
200800038435,8,7,1,1510,1,2,3,1,3,13005,M,,,13
200800038436,8,7,11,2240,5,2,3,1,3,13028,M,,,13
200800038437,8,7,12,1210,1,1,1,1,3,13028,M,,,13
200800038438,8,7,12,1800,1,2,3,1,3,13028,M,,,13
200800038439,8,7,23,1100,1,2,1,1,7,13028,M,,,13
200800038440,8,7,22,1845,1,2,1,7,6,13028,M,,,13
200800038441,8,7,30,730,1,2,6,1,3,13028,M,,,13
200800038442,8,7,30,1945,1,2,1,1,6,13028,M,,,13
200800038443,8,7,1,1500,1,1,1,1,1,13047,M,,,13
200800038444,8,7,3,1345,1,1,1,1,1,13047,M,,,13
200800038445,8,7,9,1650,1,1,1,1,7,13047,M,,,13
200800038446,8,7,9,2315,5,2,6,1,1,13047,M,,,13
200800038447,8,7,4,1535,1,1,3,1,3,13063,M,,,13
200800038448,8,7,17,930,1,1,3,1,3,13047,M,,,13
200800038449,8,7,17,1750,1,2,1,1,7,13063,M,,,13
200800038450,8,7,30,1110,1,1,1,1,6,13047,M,,,13
200800038451,8,7,4,1155,1,1,1,1,6,13054,M,,,13
200800038452,8,7,5,930,1,2,1,1,6,13054,M,,,13
200800038453,8,7,7,755,1,2,1,1,2,13102,M,,,13
200800038454,8,7,7,1130,1,2,1,1,4,13054,M,,,13
200800038455,8,7,7,1415,1,2,1,1,3,13054,M,,,13
200800038456,8,7,8,1905,1,2,1,1,5,13054,M,,,13
200800038457,8,7,10,15,5,2,2,1,2,13054,M,,,13
200800038458,8,7,10,1240,1,2,1,1,2,13054,M,,,13
200800038459,8,7,11,1008,1,2,1,1,3,13043,M,,,13
200800038460,8,7,13,1630,1,2,2,1,3,13054,M,,,13
200800038461,8,7,14,905,1,2,6,1,3,13102,M,,,13
200800038462,8,7,15,1845,1,2,1,1,6,13054,M,,,13
200800038463,8,7,27,1955,1,1,9,1,4,13054,M,,,13
200800038464,8,7,12,1938,1,2,2,1,3,13055,M,,,13
200800038465,8,7,24,1930,1,2,1,1,5,13055,M,,,13
200800038466,8,7,1,1250,1,2,1,1,6,13055,M,,,13
200800038467,8,7,1,2000,1,2,1,1,3,13055,M,,,13
200800038468,8,7,1,1805,1,2,1,1,6,13055,M,,,13
200800038469,8,7,2,530,2,2,1,1,6,13055,M,,,13
200800038470,8,7,1,755,1,2,1,1,6,13002,M,,,13
200800038471,8,7,3,2208,5,2,3,1,4,13055,M,,,13
200800038472,8,7,3,2215,5,2,1,1,3,13055,M,,,13
200800038473,8,7,1,2130,5,2,3,1,6,13055,M,,,13
200800038474,8,7,1,130,5,2,3,1,1,13055,M,,,13
200800038475,8,7,5,235,5,2,1,1,6,13055,M,,,13
200800038476,8,7,5,330,5,2,2,1,3,13055,M,,,13
200800038477,8,7,4,1500,1,2,1,1,2,13055,M,,,13
200800038478,8,7,4,1430,1,2,1,1,3,13055,M,,,13
200800038479,8,7,4,2130,5,2,9,1,3,13055,M,,,13
200800038480,8,7,5,1400,1,2,3,1,6,13055,M,,,13
200800038481,8,7,3,700,1,2,1,1,3,13055,M,,,13
200800038482,8,7,3,2130,5,2,1,1,3,13055,M,,,13
200800038483,8,7,2,730,1,2,9,1,3,13055,M,,,13
200800038484,8,7,4,2110,5,2,6,1,2,13055,M,,,13
200800038485,8,7,1,1715,1,2,1,1,1,13055,M,,,13
200800038486,8,7,4,2100,5,2,1,1,3,13055,M,,,13
200800038487,8,7,1,1900,1,2,1,1,6,13055,M,,,13
200800038488,8,7,2,750,1,2,1,1,2,13055,M,,,13
200800038489,8,7,5,1300,1,2,2,1,3,13055,M,,,13
200800038490,8,7,2,1335,1,2,1,1,6,13055,M,,,13
200800038491,8,7,8,625,1,2,1,3,7,13002,M,,,13
200800038492,8,7,6,1435,1,2,1,1,2,13055,M,,,13
200800038493,8,7,6,1820,1,2,1,1,6,13055,M,,,13
200800038494,8,7,8,1920,1,2,1,1,6,13055,M,,,13
200800038495,8,7,10,1100,1,2,1,1,6,13055,M,,,13
200800038496,8,7,3,945,1,2,1,1,4,13055,M,,,13
200800038497,8,7,10,2215,5,2,1,1,2,13055,M,,,13
200800038498,8,7,3,1915,1,2,1,1,2,13055,M,,,13
200800038499,8,7,7,1725,1,1,1,1,7,13055,M,,,13
200800038500,8,7,8,815,1,2,2,1,3,13055,M,,,13
200800038501,8,7,12,2130,5,2,1,1,3,13055,M,,,13
200800038502,8,7,13,205,5,2,1,8,6,13055,M,,,13
200800038503,8,7,5,1500,1,2,1,1,1,13055,M,,,13
200800038504,8,7,2,1930,1,2,1,1,3,13055,M,,,13
200800038505,8,7,7,2000,1,2,2,1,3,13055,M,,,13
200800038506,8,7,7,1230,1,2,1,1,6,13055,M,,,13
200800038507,8,7,11,1110,1,2,1,1,6,13055,M,,,13
200800038508,8,7,15,1010,1,1,1,1,2,13055,M,,,13
200800038509,8,7,16,805,1,2,1,1,3,13055,M,,,13
200800038510,8,7,11,945,1,2,7,1,6,13055,M,,,13
200800038511,8,7,8,930,1,2,1,1,2,13055,M,,,13
200800038512,8,7,16,2345,5,2,1,1,7,13055,M,,,13
200800038513,8,7,2,1105,1,2,1,1,6,13055,M,,,13
200800038514,8,7,11,1850,1,2,3,1,3,13055,M,,,13
200800038515,8,7,16,2230,4,2,2,1,3,13055,M,,,13
200800038516,8,7,18,415,5,2,1,1,7,13055,M,,,13
200800038517,8,7,7,1830,1,2,1,1,1,13055,M,,,13
200800038518,8,7,15,1015,1,2,1,1,7,13055,M,,,13
200800038519,8,7,10,1101,1,2,1,1,6,13055,M,,,13
200800038520,8,7,15,1645,1,2,3,1,3,13055,M,,,13
200800038521,8,7,16,1330,1,2,3,1,6,13055,M,,,13
200800038522,8,7,11,1630,1,2,1,1,4,13055,M,,,13
200800038523,8,7,10,1700,1,2,9,1,3,13055,M,,,13
200800038524,8,7,11,230,5,2,3,1,3,13055,M,,,13
200800038525,8,7,11,2115,5,2,2,1,3,13055,M,,,13
200800038526,8,7,16,1900,1,2,3,1,3,13055,M,,,13
200800038527,8,7,15,1230,1,2,1,1,3,13055,M,,,13
200800038528,8,7,20,410,5,2,1,1,1,13055,M,,,13
200800038529,8,7,20,2030,2,2,1,1,3,13055,M,,,13
200800038530,8,7,20,235,5,2,3,1,3,13055,M,,,13
200800038531,8,7,20,140,5,2,1,1,6,13055,M,,,13
200800038532,8,7,18,1645,1,2,1,1,3,13055,M,,,13
200800038533,8,7,18,1730,1,2,1,1,2,13055,M,,,13
200800038534,8,7,4,2245,5,2,1,1,3,13055,M,,,13
200800038535,8,7,13,145,5,2,3,1,3,13055,M,,,13
200800038536,8,7,10,800,1,2,1,1,2,13055,M,,,13
200800038537,8,7,11,231,3,1,1,1,6,13055,M,,,13
200800038538,8,7,11,2230,5,2,1,1,6,13055,M,,,13
200800038539,8,7,9,1200,1,1,1,1,7,13055,M,,,13
200800038540,8,7,8,1500,1,2,1,1,3,13055,M,,,13
200800038541,8,7,21,1000,1,2,6,1,2,13055,M,,,13
200800038542,8,7,8,35,5,2,1,1,6,13055,M,,,13
200800038543,8,7,5,2330,5,2,1,1,7,13055,M,,,13
200800038544,8,7,17,120,5,2,1,1,3,13075,M,,,13
200800038545,8,7,21,1801,1,2,1,1,6,13055,M,,,13
200800038546,8,7,18,1650,1,2,1,1,2,13002,M,,,13
200800038547,8,7,17,1740,1,2,1,1,3,13055,M,,,13
200800038548,8,7,17,2050,2,2,1,1,6,13055,M,,,13
200800038549,8,7,23,230,5,2,1,1,6,13055,M,,,13
200800038550,8,7,20,50,5,2,6,1,2,13055,M,,,13
200800038551,8,7,15,1545,1,2,2,1,3,13055,M,,,13
200800038552,8,7,17,1830,1,2,1,1,3,13055,M,,,13
200800038553,8,7,17,2015,1,2,1,1,2,13055,M,,,13
200800038554,8,7,15,850,1,2,1,2,3,13055,M,,,13
200800038555,8,7,23,620,1,2,1,1,3,13055,M,,,13
200800038556,8,7,16,2346,5,2,1,1,3,13055,M,,,13
200800038557,8,7,11,1940,1,2,1,1,6,13055,M,,,13
200800038558,8,7,11,1430,1,2,1,1,6,13055,M,,,13
200800038559,8,7,17,1615,1,2,3,1,3,13055,M,,,13
200800038560,8,7,14,1520,1,2,1,1,6,13055,M,,,13
200800038561,8,7,12,1745,1,2,4,1,1,13055,M,,,13
200800038562,8,7,7,2205,5,2,1,1,6,13055,M,,,13
200800038563,8,7,3,1420,1,2,1,1,2,13055,M,,,13
200800038564,8,7,24,1530,1,2,1,1,3,13055,M,,,13
200800038565,8,7,3,1840,1,2,1,1,3,13055,M,,,13
200800038566,8,7,4,1900,1,2,1,1,7,13055,M,,,13
200800038567,8,7,2,850,1,2,9,1,2,13055,M,,,13
200800038568,8,7,3,1800,1,2,1,1,3,13055,M,,,13
200800038569,8,7,9,2330,5,2,1,1,3,13055,M,,,13
200800038570,8,7,23,830,1,2,1,1,7,13055,M,,,13
200800038571,8,7,2,1000,1,2,1,1,7,13055,M,,,13
200800038572,8,7,18,2010,2,2,1,1,7,13055,M,,,13
200800038573,8,7,6,1700,1,1,2,1,6,13055,M,,,13
200800038574,8,7,5,245,5,2,1,1,6,13055,M,,,13
200800038575,8,7,25,2255,5,2,1,1,6,13055,M,,,13
200800038576,8,7,22,1545,1,2,1,1,6,13055,M,,,13
200800038577,8,7,13,1650,1,2,2,1,6,13055,M,,,13
200800038578,8,7,23,1300,1,2,6,1,3,13002,M,,,13
200800038579,8,7,22,2020,2,2,1,1,6,13055,M,,,13
200800038580,8,7,27,1645,1,2,1,1,3,13055,M,,,13
200800038581,8,7,26,1600,1,2,1,1,1,13055,M,,,13
200800038582,8,7,20,1640,1,1,1,1,6,13002,M,,,13
200800038583,8,7,20,10,5,2,1,1,2,13055,M,,,13
200800038584,8,7,24,250,5,2,2,1,3,13055,M,,,13
200800038585,8,7,21,1800,1,2,1,1,6,13055,M,,,13
200800038586,8,7,22,215,5,2,1,1,6,13055,M,,,13
200800038587,8,7,25,1420,1,2,3,1,1,13002,M,,,13
200800038588,8,7,24,1200,1,2,1,1,4,13055,M,,,13
200800038589,8,7,27,1900,2,2,6,1,6,13055,M,,,13
200800038590,8,7,16,1245,1,2,6,1,6,13055,M,,,13
200800038591,8,7,25,1830,1,2,6,1,3,13055,M,,,13
200800038592,8,7,19,1810,1,2,1,1,3,13055,M,,,13
200800038593,8,7,27,2305,5,2,1,1,3,13055,M,,,13
200800038594,8,7,22,1945,1,2,1,1,2,13055,M,,,13
200800038595,8,7,4,1830,1,2,1,1,2,13055,M,,,13
200800038596,8,7,24,1750,1,2,2,1,3,13055,M,,,13
200800038597,8,7,16,1530,1,2,3,1,2,13055,M,,,13
200800038598,8,7,5,1200,1,2,1,1,6,13055,M,,,13
200800038599,8,7,18,1610,1,1,1,1,3,13055,M,,,13
200800038600,8,7,27,1730,1,1,1,1,2,13055,M,,,13
200800038601,8,7,5,1150,1,2,3,1,3,13055,M,,,13
200800038602,8,7,15,1520,1,2,1,1,6,13055,M,,,13
200800038603,8,7,18,1400,1,2,1,1,6,13055,M,,,13
200800038604,8,7,4,1600,1,2,1,1,6,13055,M,,,13
200800038605,8,7,18,1635,1,2,1,1,6,13055,M,,,13
200800038606,8,7,13,1645,1,2,1,1,3,13055,M,,,13
200800038607,8,7,11,1,5,2,1,1,6,13055,M,,,13
200800038608,8,7,15,2000,1,2,9,1,3,13055,M,,,13
200800038609,8,7,25,1245,1,2,1,1,3,13055,M,,,13
200800038610,8,7,22,1820,1,2,1,1,6,13055,M,,,13
200800038611,8,7,28,1250,1,2,1,1,3,13055,M,,,13
200800038612,8,7,24,1435,1,2,1,1,6,13055,M,,,13
200800038613,8,7,9,820,1,2,1,1,7,13055,M,,,13
200800038614,8,7,26,1735,1,2,3,1,3,13055,M,,,13
200800038615,8,7,5,1710,1,2,1,1,1,13055,M,,,13
200800038616,8,7,18,2020,1,2,1,1,5,13055,M,,,13
200800038617,8,7,3,1945,1,2,1,1,3,13055,M,,,13
200800038618,8,7,6,1800,1,2,2,1,3,13055,M,,,13
200800038619,8,7,11,2015,1,2,1,1,5,13055,M,,,13
200800038620,8,7,23,1805,1,2,1,1,4,13055,M,,,13
200800038621,8,7,17,2130,5,2,3,1,3,13055,M,,,13
200800038622,8,7,17,1831,1,2,3,1,3,13055,M,,,13
200800038623,8,7,29,1100,1,2,1,1,1,13055,M,,,13
200800038624,8,7,24,150,3,2,2,1,3,13055,M,,,13
200800038625,8,7,19,1220,1,2,2,1,3,13055,M,,,13
200800038626,8,7,17,915,1,2,3,1,1,13055,M,,,13
200800038627,8,7,18,1700,1,2,1,1,1,13055,M,,,13
200800038628,8,7,25,1630,1,2,2,1,3,13055,M,,,13
200800038629,8,7,18,830,1,2,1,1,6,13055,M,,,13
200800038630,8,7,22,1345,1,2,1,1,3,13055,M,,,13
200800038631,8,7,18,1110,1,2,1,1,6,13055,M,,,13
200800038632,8,7,22,2310,5,2,2,1,3,13055,M,,,13
200800038633,8,7,24,2000,2,2,1,1,3,13055,M,,,13
200800038634,8,7,28,2200,5,2,1,1,2,13055,M,,,13
200800038635,8,7,26,1015,1,2,2,1,6,13055,M,,,13
200800038636,8,7,12,2140,5,2,3,1,3,13055,M,,,13
200800038637,8,7,17,800,1,2,1,1,2,13055,M,,,13
200800038638,8,7,18,831,1,2,1,1,3,13055,M,,,13
200800038639,8,7,22,2030,2,2,1,1,6,13055,M,,,13
200800038640,8,7,23,930,1,2,1,1,6,13055,M,,,13
200800038641,8,7,24,1110,1,2,9,1,6,13055,M,,,13
200800038642,8,7,18,1515,1,2,1,1,3,13055,M,,,13
200800038643,8,7,18,1315,1,2,1,1,6,13055,M,,,13
200800038644,8,7,20,2000,1,1,1,1,7,13055,M,,,13
200800038645,8,7,21,810,1,2,1,1,6,13055,M,,,13
200800038646,8,7,2,1815,1,2,3,1,3,13055,M,,,13
200800038647,8,7,18,1445,1,2,1,1,6,13055,M,,,13
200800038648,8,7,22,1600,1,2,1,1,2,13055,M,,,13
200800038649,8,7,23,1800,1,2,1,1,7,13055,M,,,13
200800038650,8,7,22,1250,1,2,1,1,6,13055,M,,,13
200800038651,8,7,30,2030,2,2,1,1,2,13055,M,,,13
200800038652,8,7,25,1220,1,2,1,1,3,13055,M,,,13
200800038653,8,7,30,1630,1,1,1,1,7,13002,M,,,13
200800038654,8,7,19,650,1,2,1,1,7,13055,M,,,13
200800038655,8,7,25,1130,1,2,1,1,1,13055,M,,,13
200800038656,8,7,29,900,2,2,2,1,5,13055,M,,,13
200800038657,8,7,30,1220,1,2,1,1,6,13055,M,,,13
200800038658,8,7,30,1815,1,2,1,1,6,13055,M,,,13
200800038659,8,7,30,100,5,2,1,1,6,13055,M,,,13
200800038660,8,7,19,1440,1,2,1,1,2,13055,M,,,13
200800038661,8,7,21,2230,5,2,1,1,7,13055,M,,,13
200800038662,8,7,30,2230,5,2,1,1,2,13055,M,,,13
200800038663,8,7,20,1845,1,2,1,1,3,13055,M,,,13
200800038664,8,7,25,1715,1,2,1,1,3,13055,M,,,13
200800038665,8,7,26,550,5,1,1,1,6,13055,M,,,13
200800038666,8,7,7,1020,1,2,1,1,6,13055,M,,,13
200800038667,8,7,13,1800,1,2,1,1,5,13055,M,,,13
200800038668,8,7,19,830,1,2,1,1,3,13055,M,,,13
200800038669,8,7,27,1745,1,2,4,1,6,13055,M,,,13
200800038670,8,7,30,1435,1,2,1,1,3,13055,M,,,13
200800038671,8,7,9,330,5,2,2,1,3,13055,M,,,13
200800038672,8,7,28,1117,1,2,2,1,3,13055,M,,,13
200800038673,8,7,20,220,5,2,2,1,6,13055,M,,,13
200800038674,8,7,9,2215,5,2,2,1,3,13055,M,,,13
200800038675,8,7,30,2015,1,2,1,1,1,13055,M,,,13
200800038676,8,7,24,1510,1,2,1,1,3,13055,M,,,13
200800038677,8,7,28,750,1,2,1,1,1,13055,M,,,13
200800038678,8,7,31,1730,1,2,1,1,3,13055,M,,,13
200800038679,8,7,29,845,1,2,9,1,7,13055,M,,,13
200800038680,8,7,31,1915,1,2,4,1,6,13055,M,,,13
200800038681,8,7,28,1815,1,2,1,1,7,13002,M,,,13
200800038682,8,7,30,1840,1,2,6,1,2,13055,M,,,13
200800038683,8,7,30,830,1,2,1,1,2,13055,M,,,13
200800038684,8,7,22,1300,1,2,2,1,3,13055,M,,,13
200800038685,8,7,31,1630,1,2,1,1,2,13055,M,,,13
200800038686,8,7,29,820,1,2,9,1,7,13055,M,,,13
200800038687,8,7,16,840,1,2,1,1,6,13055,M,,,13
200800038688,8,7,1,1800,1,2,1,7,3,13055,M,,,13
200800038689,8,7,15,1700,1,2,1,1,6,13055,M,,,13
200800038690,8,7,18,110,5,2,2,1,3,13055,M,,,13
200800038691,8,7,11,2,5,2,1,1,7,13055,M,,,13
200800038692,8,7,21,1230,1,2,1,1,3,13055,M,,,13
200800038693,8,7,24,845,1,2,9,1,6,13055,M,,,13
200800038694,8,7,8,1430,1,2,2,1,3,13055,M,,,13
200800038695,8,7,14,1630,1,2,9,1,6,13055,M,,,13
200800038696,8,7,7,1630,1,2,3,1,3,13055,M,,,13
200800038697,8,7,28,915,1,2,2,1,3,13055,M,,,13
200800038698,8,7,28,2105,2,2,2,1,3,13055,M,,,13
200800038699,8,7,25,1950,1,2,5,1,3,13055,M,,,13
200800038700,8,7,30,1225,1,2,1,1,6,13055,M,,,13
200800038701,8,7,15,1735,1,2,1,1,1,13055,M,,,13
200800038702,8,7,4,600,2,2,1,1,2,13055,M,,,13
200800038703,8,7,12,1630,1,1,1,1,3,13055,M,,,13
200800038704,8,7,29,1915,1,2,1,1,3,13055,M,,,13
200800038705,8,7,17,2125,5,2,1,1,5,13055,M,,,13
200800038706,8,7,17,750,1,2,2,1,3,13055,M,,,13
200800038707,8,7,3,1350,1,2,6,1,3,13055,M,,,13
200800038708,8,7,27,2120,5,2,3,1,3,13055,M,,,13
200800038709,8,7,28,1620,1,2,1,1,3,13055,M,,,13
200800038710,8,7,17,730,2,2,1,1,7,13055,M,,,13
200800038711,8,7,28,2055,1,2,1,1,6,13055,M,,,13
200800038712,8,7,7,650,2,2,2,1,6,13078,M,,,13
200800038713,8,7,21,1830,1,2,1,1,3,13078,M,,,13
200800038714,8,7,4,1330,1,1,1,1,5,13103,M,,,13
200800038715,8,7,5,1215,1,1,1,1,2,13103,M,,,13
200800038716,8,7,9,1150,1,2,2,1,3,13103,M,,,13
200800038717,8,7,15,1950,1,2,2,1,3,13103,M,,,13
200800038718,8,7,23,1130,1,2,1,1,6,13103,M,,,13
200800038719,8,7,17,25,3,1,1,1,7,13108,M,,,13
200800038720,8,7,4,1020,1,2,1,1,4,13117,M,,,13
200800038721,8,7,4,1200,1,2,6,1,2,13117,M,,,13
200800038722,8,7,5,1525,1,2,1,1,2,13071,M,,,13
200800038723,8,7,6,1600,1,2,1,1,4,13117,M,,,13
200800038724,8,7,7,1735,1,1,1,1,5,13117,M,,,13
200800038725,8,7,8,1600,1,1,1,1,2,13071,M,,,13
200800038726,8,7,9,1430,1,2,1,1,2,13071,M,,,13
200800038727,8,7,10,1230,1,2,1,1,2,13117,M,,,13
200800038728,8,7,14,1105,1,2,3,1,3,13117,M,,,13
200800038729,8,7,19,1135,1,2,1,1,6,13117,M,,,13
200800038730,8,7,25,1710,1,1,1,1,3,13117,M,,,13
200800038731,8,7,4,1350,1,1,1,1,2,14327,M,,,14
200800038732,8,7,5,1540,1,2,1,1,7,14341,M,,,14
200800038733,8,7,7,1645,1,2,1,1,3,14118,M,,,14
200800038734,8,7,11,1355,1,2,3,1,1,14118,M,,,14
200800038735,8,7,11,940,1,1,1,1,2,14341,M,,,14
200800038736,8,7,21,1133,1,2,1,1,6,14101,M,,,14
200800038737,8,7,22,1240,1,2,1,1,6,14118,M,,,14
200800038738,8,7,24,2025,1,2,1,1,6,14437,M,,,14
200800038739,8,7,26,2310,5,2,1,1,2,14118,M,,,14
200800038740,8,7,30,2345,3,2,1,1,2,14437,M,,,14
200800038741,8,7,30,2350,5,2,1,1,6,14118,M,,,14
200800038742,8,7,1,1315,1,2,1,1,6,14117,M,,,14
200800038743,8,7,27,750,1,2,2,1,3,14338,M,,,14
200800038744,8,7,10,1430,1,2,1,3,1,14366,M,,,14
200800038745,8,7,12,430,5,2,1,1,3,14366,M,,,14
200800038746,8,7,22,1450,1,1,1,1,1,14574,M,,,14
200800038747,8,7,29,1520,1,2,3,1,6,14366,M,,,14
200800038748,8,7,4,720,1,1,2,1,3,14079,M,,,14
200800038749,8,7,25,1900,1,2,2,2,3,14220,M,,,14
200800038750,8,7,10,1815,1,2,2,1,3,15014,M,,,15
200800038751,8,7,18,1200,1,1,3,1,3,15014,M,,,15
200800038752,8,7,5,1550,1,2,1,1,6,16015,M,,,16
200800038753,8,7,12,2135,2,2,5,1,3,16015,M,,,16
200800038754,8,7,16,1830,1,2,3,1,5,16374,M,,,16
200800038755,8,7,19,815,1,1,1,1,6,16358,M,,,16