Num_Acc,an,mois,jour,hrmn,lum,agg,int,atm,col,com,gps,lat,long,dep
200800038756,8,7,10,336,5,2,1,1,7,16102,M,,,16
200800038757,8,7,4,1300,1,1,1,1,7,17299,M,,,17
200800038758,8,7,11,1505,1,2,1,1,6,17299,M,,,17
200800038759,8,7,19,1100,1,2,3,1,3,17299,M,,,17
200800038760,8,7,21,1205,1,2,3,1,1,17299,M,,,17
200800038761,8,7,23,1545,1,2,1,1,7,17299,M,,,17
200800038762,8,7,29,1530,1,2,2,1,2,17299,M,,,17
200800038763,8,7,30,2050,1,2,2,1,3,17299,M,,,17
200800038764,8,7,3,728,1,2,1,1,2,17300,M,,,17
200800038765,8,7,3,926,1,1,1,1,2,17028,M,,,17
200800038766,8,7,3,1000,1,2,1,1,7,17300,M,,,17
200800038767,8,7,3,1655,1,2,1,1,2,17300,M,,,17
200800038768,8,7,4,1710,1,2,1,1,2,17300,M,,,17
200800038769,8,7,5,1455,1,1,9,1,3,17300,M,,,17
200800038770,8,7,5,2300,3,2,2,1,3,17300,M,,,17
200800038771,8,7,9,830,1,2,2,1,3,17028,M,,,17
200800038772,8,7,11,1100,1,1,3,1,5,17300,M,,,17
200800038773,8,7,11,1430,1,2,9,1,3,17200,M,,,17
200800038774,8,7,12,1342,1,2,1,1,2,17300,M,,,17
200800038775,8,7,13,1911,1,2,1,1,2,17300,M,,,17
200800038776,8,7,14,2115,1,2,1,1,1,17300,M,,,17
200800038777,8,7,16,1700,1,2,1,1,3,17300,M,,,17
200800038778,8,7,18,1355,1,2,1,1,7,17274,M,,,17
200800038779,8,7,18,1418,1,2,9,1,3,17300,M,,,17
200800038780,8,7,19,1520,1,2,2,1,3,17300,M,,,17
200800038781,8,7,19,1705,1,2,1,1,2,17200,M,,,17
200800038782,8,7,20,1540,1,2,2,1,3,17300,M,,,17
200800038783,8,7,21,125,3,2,1,1,7,17300,M,,,17
200800038784,8,7,21,1125,1,2,1,1,2,17300,M,,,17
200800038785,8,7,21,1715,1,2,1,1,2,17300,M,,,17
200800038786,8,7,23,1850,1,2,1,1,6,17300,M,,,17
200800038787,8,7,24,1635,1,2,1,1,2,17300,M,,,17
200800038788,8,7,25,835,1,2,1,1,6,17300,M,,,17
200800038789,8,7,25,1740,1,2,1,1,3,17291,M,,,17
200800038790,8,7,25,1910,1,2,1,1,2,17300,M,,,17
200800038791,8,7,26,556,5,2,3,1,6,17300,M,,,17
200800038792,8,7,28,835,1,2,1,1,2,17300,M,,,17
200800038793,8,7,28,1025,1,2,2,1,3,17300,M,,,17
200800038794,8,7,28,1555,1,2,3,1,3,17300,M,,,17
200800038795,8,7,29,1635,1,2,9,1,3,17300,M,,,17
200800038796,8,7,29,1640,1,2,1,1,1,17300,M,,,17
200800038797,8,7,30,735,1,2,1,1,3,17300,M,,,17
200800038798,8,7,31,1554,1,2,7,1,3,17300,M,,,17
200800038799,8,7,2,1857,1,2,1,1,6,17306,M,,,17
200800038800,8,7,4,1005,1,2,1,1,3,17306,M,,,17
200800038801,8,7,6,2050,1,2,1,1,6,17306,M,,,17
200800038802,8,7,6,1830,1,2,2,1,3,17306,M,,,17
200800038803,8,7,7,1545,1,2,1,1,6,17333,M,,,17
200800038804,8,7,9,2035,1,2,1,1,6,17306,M,,,17
200800038805,8,7,10,151,5,2,1,1,7,17461,M,,,17
200800038806,8,7,10,850,1,2,3,1,3,17306,M,,,17
200800038807,8,7,11,1106,1,2,1,1,6,17306,M,,,17
200800038808,8,7,11,1520,1,2,1,1,2,17306,M,,,17
200800038809,8,7,12,1410,1,2,1,1,3,17306,M,,,17
200800038810,8,7,13,1330,1,2,1,1,6,17306,M,,,17
200800038811,8,7,15,1308,1,2,6,1,3,17380,M,,,17
200800038812,8,7,15,1505,1,2,1,1,3,17306,M,,,17
200800038813,8,7,15,1545,1,2,1,1,3,17306,M,,,17
200800038814,8,7,15,1730,1,2,1,1,3,17380,M,,,17
200800038815,8,7,17,1800,1,2,1,1,2,17306,M,,,17
200800038816,8,7,18,1630,1,2,3,1,3,17380,M,,,17
200800038817,8,7,19,1500,1,2,3,1,3,17306,M,,,17
200800038818,8,7,21,540,5,2,1,1,6,17380,M,,,17
200800038819,8,7,21,1445,1,2,1,1,2,17380,M,,,17
200800038820,8,7,23,2125,2,2,6,1,3,17306,M,,,17
200800038821,8,7,23,1530,1,2,1,1,2,17306,M,,,17
200800038822,8,7,24,1006,1,2,1,1,7,17461,M,,,17
200800038823,8,7,25,1445,1,2,1,1,6,17306,M,,,17
200800038824,8,7,25,1521,1,2,1,1,2,17461,M,,,17
200800038825,8,7,25,1540,1,2,1,1,7,17306,M,,,17
200800038826,8,7,26,830,1,2,6,1,3,17333,M,,,17
200800038827,8,7,29,757,1,2,1,1,1,17333,M,,,17
200800038828,8,7,30,2030,1,2,1,1,6,17306,M,,,17
200800038829,8,7,31,1045,1,2,1,1,6,17306,M,,,17
200800038830,8,7,1,1410,1,1,1,1,7,17415,M,,,17
200800038831,8,7,2,1350,1,2,1,1,6,17415,M,,,17
200800038832,8,7,5,1740,1,2,2,1,3,17415,M,,,17
200800038833,8,7,6,600,5,1,1,1,6,17415,M,,,17
200800038834,8,7,7,510,3,1,1,2,6,17415,M,,,17
200800038835,8,7,9,1525,1,1,1,1,3,17415,M,,,17
200800038836,8,7,11,1340,1,2,1,1,6,17415,M,,,17
200800038837,8,7,11,2300,3,1,1,1,7,17415,M,,,17
200800038838,8,7,12,1740,1,2,1,1,6,17415,M,,,17
200800038839,8,7,16,1420,1,2,3,1,3,17415,M,,,17
200800038840,8,7,18,1915,1,1,1,1,2,17415,M,,,17
200800038841,8,7,24,1545,1,2,1,1,7,17415,M,,,17
200800038842,8,7,27,1910,1,2,1,1,6,17415,M,,,17
200800038843,8,7,30,1105,1,1,1,1,2,17415,M,,,17
200800038844,8,7,30,1220,1,2,1,1,3,17415,M,,,17
200800038845,8,7,3,1940,1,2,3,1,3,18033,M,,,18
200800038846,8,7,3,2025,1,2,1,1,2,18033,M,,,18
200800038847,8,7,5,1530,1,2,1,1,3,18033,M,,,18
200800038848,8,7,7,845,1,2,1,1,2,18205,M,,,18
200800038849,8,7,9,1030,1,2,1,1,1,18033,M,,,18
200800038850,8,7,8,1720,1,2,1,1,6,18033,M,,,18
200800038851,8,7,3,1240,1,2,1,1,3,18205,M,,,18
200800038852,8,7,10,1900,1,2,6,1,3,18033,M,,,18
200800038853,8,7,18,1928,1,2,1,1,6,18033,M,,,18
200800038854,8,7,22,355,5,2,4,1,3,18033,M,,,18
200800038855,8,7,22,1305,1,2,1,1,6,18033,M,,,18
200800038856,8,7,22,1640,1,2,1,1,2,18033,M,,,18
200800038857,8,7,31,855,1,2,1,1,6,18033,M,,,18
200800038858,8,7,17,2205,5,2,1,1,7,18279,M,,,18
200800038859,8,7,22,1250,1,2,1,1,6,18279,M,,,18
200800038860,8,7,22,1740,1,2,2,1,1,18279,M,,,18
200800038861,8,7,25,2000,1,2,6,8,7,18279,M,,,18
200800038862,8,7,26,1610,1,2,9,1,3,18279,M,,,18
200800038863,8,7,2,1600,1,2,1,1,6,19031,M,,,19
200800038864,8,7,2,1820,1,2,1,1,2,19031,M,,,19
200800038865,8,7,5,505,5,2,1,1,6,19031,M,,,19
200800038866,8,7,7,1605,1,2,1,1,6,19031,M,,,19
200800038867,8,7,9,2055,5,2,2,1,3,19031,M,,,19
200800038868,8,7,12,1045,1,2,1,1,3,19031,M,,,19
200800038869,8,7,15,915,1,2,1,1,5,19031,M,,,19
200800038870,8,7,15,1345,1,2,1,1,3,19031,M,,,19
200800038871,8,7,15,1845,1,2,1,1,2,19031,M,,,19
200800038872,8,7,22,1400,1,2,1,1,2,19031,M,,,19
200800038873,8,7,23,910,1,2,1,1,2,19031,M,,,19
200800038874,8,7,11,15,5,2,1,1,6,19272,M,,,19
200800038875,8,7,21,1210,1,2,1,1,1,21054,M,,,21
200800038876,8,7,25,1430,1,2,1,1,3,21054,M,,,21
200800038877,8,7,1,1530,1,2,2,1,2,21231,M,,,21
200800038878,8,7,1,1719,1,2,4,1,2,21231,M,,,21
200800038879,8,7,2,1320,1,2,1,1,3,21355,M,,,21
200800038880,8,7,2,825,1,2,1,7,4,21231,M,,,21
200800038881,8,7,2,1505,1,2,2,1,3,21231,M,,,21
200800038882,8,7,2,1735,1,2,1,1,4,21278,M,,,21
200800038883,8,7,3,1303,1,2,3,1,3,21231,M,,,21
200800038884,8,7,3,1700,1,2,1,1,2,21231,M,,,21
200800038885,8,7,4,607,1,2,3,1,3,21231,M,,,21
200800038886,8,7,4,1243,1,2,2,1,3,21231,M,,,21
200800038887,8,7,4,1645,1,2,2,1,3,21231,M,,,21
200800038888,8,7,4,2130,1,2,2,1,3,21231,M,,,21
200800038889,8,7,4,2107,1,2,4,1,6,21231,M,,,21
200800038890,8,7,5,730,1,2,1,1,6,21231,M,,,21
200800038891,8,7,5,2038,1,2,2,1,3,21231,M,,,21
200800038892,8,7,7,1445,1,2,1,1,2,21231,M,,,21
200800038893,8,7,7,1727,1,2,1,1,6,21231,M,,,21
200800038894,8,7,7,1941,1,2,2,1,6,21231,M,,,21
200800038895,8,7,8,8,5,2,2,1,3,21231,M,,,21
200800038896,8,7,9,1405,1,2,1,1,4,21231,M,,,21
200800038897,8,7,9,1955,1,2,7,1,3,21231,M,,,21
200800038898,8,7,10,1352,1,2,1,1,3,21231,M,,,21
200800038899,8,7,10,1807,1,2,1,1,1,21231,M,,,21
200800038900,8,7,14,2320,5,2,1,1,2,21231,M,,,21
200800038901,8,7,17,1130,1,2,1,1,6,21231,M,,,21
200800038902,8,7,17,1540,1,2,1,1,7,21231,M,,,21
200800038903,8,7,17,1720,1,2,2,1,3,21231,M,,,21
200800038904,8,7,18,27,5,2,2,1,2,21485,M,,,21
200800038905,8,7,19,1540,1,2,2,1,6,21231,M,,,21
200800038906,8,7,21,840,1,2,1,1,4,21231,M,,,21
200800038907,8,7,22,309,5,2,1,1,6,21231,M,,,21
200800038908,8,7,23,1406,1,2,3,1,4,21390,M,,,21
200800038909,8,7,26,1100,1,2,1,1,2,21231,M,,,21
200800038910,8,7,26,2354,5,2,7,3,2,21231,M,,,21
200800038911,8,7,13,2308,5,2,1,1,7,22050,M,,,22
200800038912,8,7,1,1800,1,2,6,1,3,22113,M,,,22
200800038913,8,7,2,1810,1,2,1,1,3,22278,M,,,22
200800038914,8,7,3,125,5,2,1,1,7,22360,M,,,22
200800038915,8,7,3,1400,1,2,1,3,7,22278,M,,,22
200800038916,8,7,4,935,1,2,1,1,3,22278,M,,,22
200800038917,8,7,4,1710,1,2,1,1,7,22360,M,,,22
200800038918,8,7,7,1325,1,2,1,1,7,22278,M,,,22
200800038919,8,7,10,1710,1,2,1,1,7,22278,M,,,22
200800038920,8,7,14,610,1,1,1,1,7,22215,M,,,22
200800038921,8,7,13,1735,1,1,1,1,7,22106,M,,,22
200800038922,8,7,15,710,1,1,1,1,7,22360,M,,,22
200800038923,8,7,19,25,3,1,1,1,2,22278,M,,,22
200800038924,8,7,19,1730,1,2,1,1,4,22278,M,,,22
200800038925,8,7,20,1455,1,2,1,1,1,22278,M,,,22
200800038926,8,7,19,1731,1,1,1,1,7,22278,M,,,22
200800038927,8,7,23,945,1,2,1,1,3,22215,M,,,22
200800038928,8,7,25,2255,5,2,6,2,3,22278,M,,,22
200800038929,8,7,27,330,4,2,1,1,7,22106,M,,,22
200800038930,8,7,31,130,3,1,1,1,7,22360,M,,,22
200800038931,8,7,10,2015,1,2,1,1,6,24037,M,,,24
200800038932,8,7,12,1725,1,2,1,1,5,24037,M,,,24
200800038933,8,7,12,1410,1,2,1,1,3,24037,M,,,24
200800038934,8,7,7,2231,3,1,1,1,6,24557,M,,,24
200800038935,8,7,17,1900,1,2,1,1,6,24557,M,,,24
200800038936,8,7,26,1500,1,2,1,1,3,24322,M,,,24
200800038937,8,7,4,1803,1,2,1,1,6,25056,M,,,25
200800038938,8,7,4,2120,2,2,1,1,2,25056,M,,,25
200800038939,8,7,8,1437,1,2,1,1,6,25056,M,,,25
200800038940,8,7,14,500,3,2,1,2,6,25056,M,,,25
200800038941,8,7,15,1636,1,2,3,1,3,25056,M,,,25
200800038942,8,7,15,2209,5,2,1,1,3,25056,M,,,25
200800038943,8,7,18,750,1,2,6,1,3,25056,M,,,25
200800038944,8,7,18,1220,1,2,1,1,3,25056,M,,,25
200800038945,8,7,21,1555,1,2,1,1,7,25056,M,,,25
200800038946,8,7,24,1508,1,2,3,1,3,25056,M,,,25
200800038947,8,7,25,1754,1,2,3,1,3,25056,M,,,25
200800038948,8,7,26,1500,1,2,1,1,7,25056,M,,,25
200800038949,8,7,26,1948,1,2,1,1,3,25056,M,,,25
200800038950,8,7,27,210,5,2,1,1,2,25056,M,,,25
200800038951,8,7,27,2305,5,2,1,1,1,25056,M,,,25
200800038952,8,7,28,840,1,2,1,1,3,25056,M,,,25
200800038953,8,7,28,1657,1,2,1,1,6,25056,M,,,25
200800038954,8,7,28,1750,1,2,1,1,4,25056,M,,,25
200800038955,8,7,28,2220,5,2,1,1,1,25056,M,,,25
200800038956,8,7,29,2012,1,2,3,1,3,25056,M,,,25
200800038957,8,7,26,710,2,2,1,8,6,25539,M,,,25
200800038958,8,7,7,1832,1,2,1,1,3,25031,M,,,25
200800038959,8,7,20,1750,1,2,3,1,3,25204,M,,,25
200800038960,8,7,10,1725,1,2,1,1,7,26198,M,,,26
200800038961,8,7,13,2045,1,2,2,1,3,26198,M,,,26
200800038962,8,7,24,610,1,2,3,1,3,26198,M,,,26
200800038963,8,7,1,745,1,1,1,1,3,26281,M,,,26
200800038964,8,7,9,1910,1,2,6,1,3,26281,M,,,26
200800038965,8,7,12,1720,1,2,1,2,2,26281,M,,,26
200800038966,8,7,16,545,2,2,1,1,6,26281,M,,,26
200800038967,8,7,21,1345,1,2,3,1,3,26057,M,,,26
200800038968,8,7,26,15,5,2,4,1,3,26281,M,,,26
200800038969,8,7,3,555,5,2,1,2,3,26362,M,,,26
200800038970,8,7,9,1500,1,2,1,1,6,26362,M,,,26
200800038971,8,7,9,1900,1,2,6,1,7,26362,M,,,26
200800038972,8,7,11,750,1,2,2,1,3,26362,M,,,26
200800038973,8,7,24,1840,1,1,1,1,3,26362,M,,,26
200800038974,8,7,15,1245,1,2,2,1,3,26362,M,,,26
200800038975,8,7,19,1820,1,1,1,1,7,26362,M,,,26
200800038976,8,7,23,1740,1,2,9,1,6,26362,M,,,26
200800038977,8,7,26,1510,1,1,1,1,4,26058,M,,,26
200800038978,8,7,29,2151,5,2,2,1,3,26362,M,,,26
200800038979,8,7,10,1850,1,2,4,2,2,26362,M,,,26
200800038980,8,7,30,1840,1,1,6,1,3,26058,M,,,26
200800038981,8,7,1,1115,1,2,1,1,2,27229,M,,,27
200800038982,8,7,23,140,5,2,1,1,6,27299,M,,,27
200800038983,8,7,4,1225,1,2,2,1,3,27701,M,,,27
200800038984,8,7,21,1610,1,2,1,1,2,27375,M,,,27
200800038985,8,7,13,1720,1,2,1,1,6,27681,M,,,27
200800038986,8,7,16,715,1,2,3,1,6,27562,M,,,27
200800038987,8,7,17,1615,1,2,9,1,6,27562,M,,,27
200800038988,8,7,19,1450,1,2,1,1,6,27562,M,,,27
200800038989,8,7,23,1335,1,2,1,1,6,27554,M,,,27
200800038990,8,7,23,1700,1,2,1,1,6,27681,M,,,27
200800038991,8,7,17,1810,1,2,2,1,6,27681,M,,,27
200800038992,8,7,19,2230,5,2,3,1,6,27681,M,,,27
200800038993,8,7,27,1705,1,2,1,1,6,27588,M,,,27
200800038994,8,7,1,1230,1,2,1,1,2,28085,M,,,28
200800038995,8,7,5,1845,1,2,1,1,6,28085,M,,,28
200800038996,8,7,6,1845,1,2,1,1,4,28209,M,,,28
200800038997,8,7,7,2045,3,2,1,2,7,28209,M,,,28
200800038998,8,7,9,1143,1,2,1,1,3,28220,M,,,28
200800038999,8,7,12,409,3,2,1,1,7,28220,M,,,28
200800039000,8,7,14,2125,2,1,3,1,3,28229,M,,,28
200800039001,8,7,15,1530,1,2,1,1,3,28085,M,,,28
200800039002,8,7,27,1505,1,2,3,1,3,28085,M,,,28
200800039003,8,7,28,1035,1,2,1,1,6,28085,M,,,28
200800039004,8,7,6,2325,3,1,3,1,3,28134,M,,,28
200800039005,8,7,31,1330,1,2,3,1,3,28134,M,,,28
200800039006,8,7,1,1325,1,1,3,1,3,29019,M,,,29
200800039007,8,7,2,1545,1,2,2,1,6,29019,M,,,29
200800039008,8,7,3,1325,1,2,5,8,2,29019,M,,,29
200800039009,8,7,4,1710,1,2,1,9,5,29019,M,,,29
200800039010,8,7,9,1827,1,2,2,1,3,29019,M,,,29
200800039011,8,7,10,810,1,1,2,1,3,29019,M,,,29
200800039012,8,7,11,605,2,2,2,1,6,29019,M,,,29
200800039013,8,7,12,1312,1,2,2,1,3,29019,M,,,29
200800039014,8,7,15,55,5,2,3,1,3,29019,M,,,29
200800039015,8,7,15,1440,1,2,2,1,3,29019,M,,,29
200800039016,8,7,27,535,3,2,6,1,6,29019,M,,,29
200800039017,8,7,28,1050,1,2,2,1,6,29019,M,,,29
200800039018,8,7,31,1118,1,2,1,3,6,29019,M,,,29
200800039019,8,7,5,2215,1,2,1,1,6,29039,M,,,29
200800039020,8,7,18,1515,1,1,1,1,2,29039,M,,,29
200800039021,8,7,22,2210,2,2,6,1,6,29039,M,,,29
200800039022,8,7,25,125,5,2,1,3,6,29039,M,,,29
200800039023,8,7,1,1645,1,2,1,1,3,29151,M,,,29
200800039024,8,7,6,640,3,1,1,1,6,29151,M,,,29
200800039025,8,7,23,1845,1,1,1,1,3,29151,M,,,29
200800039026,8,7,17,1645,1,2,1,1,6,29151,M,,,29
200800039027,8,7,7,1645,1,2,1,1,6,29232,M,,,29
200800039028,8,7,8,1003,1,2,1,1,7,29232,M,,,29
200800039029,8,7,20,1835,1,2,6,1,3,29232,M,,,29
200800039030,8,7,21,1717,1,1,4,1,3,29051,M,,,29
200800039031,8,7,25,938,1,2,6,1,3,29232,M,,,29
200800039032,8,7,5,1910,1,2,1,1,1,30243,M,,,30
200800039033,8,7,11,1417,1,2,1,1,6,30007,M,,,30
200800039034,8,7,13,1750,1,2,2,1,2,30007,M,,,30
200800039035,8,7,7,1615,1,2,2,1,3,30007,M,,,30
200800039036,8,7,10,1055,1,2,1,1,3,30007,M,,,30
200800039037,8,7,10,1810,1,2,6,1,3,30007,M,,,30
200800039038,8,7,11,1210,1,2,1,1,2,30007,M,,,30
200800039039,8,7,21,945,1,2,2,1,5,30007,M,,,30
200800039040,8,7,24,825,1,2,1,1,2,30007,M,,,30
200800039041,8,7,26,1220,1,2,1,1,3,30007,M,,,30
200800039042,8,7,31,1105,1,2,1,1,6,30007,M,,,30
200800039043,8,7,3,1000,1,2,1,1,2,30028,M,,,30
200800039044,8,7,1,520,2,1,1,1,2,30028,M,,,30
200800039045,8,7,18,1630,1,2,6,1,3,30028,M,,,30
200800039046,8,7,14,1020,1,2,1,1,2,30028,M,,,30
200800039047,8,7,2,1900,1,2,4,1,2,30032,M,,,30
200800039048,8,7,3,1640,1,2,1,1,4,30032,M,,,30
200800039049,8,7,4,1100,1,2,6,1,7,30032,M,,,30
200800039050,8,7,8,1025,1,2,5,1,3,30032,M,,,30
200800039051,8,7,16,1830,1,2,1,1,4,30032,M,,,30
200800039052,8,7,19,2050,1,2,1,1,3,30032,M,,,30
200800039053,8,7,20,845,1,1,1,8,7,30032,M,,,30
200800039054,8,7,22,1550,1,2,1,1,3,30032,M,,,30
200800039055,8,7,31,1830,1,1,1,1,7,30032,M,,,30
200800039056,8,7,1,1620,1,2,1,1,6,30189,M,,,30
200800039057,8,7,1,940,1,2,1,1,3,30189,M,4383289.0,437958.0,30
200800039058,8,7,2,1840,1,2,1,1,6,30189,M,4383929.0,436957.0,30
200800039059,8,7,2,2257,5,2,6,1,3,30189,M,4382235.0,436484.0,30
200800039060,8,7,3,2040,2,2,1,1,6,30189,M,,,30
200800039061,8,7,4,455,2,2,2,1,3,30189,M,4383217.0,436167.0,30
200800039062,8,7,5,2031,1,2,1,1,6,30189,M,4384985.0,437139.0,30
200800039063,8,7,7,2050,1,2,6,1,7,30189,M,4383268.0,435179.0,30
200800039064,8,7,8,331,5,2,2,1,7,30189,M,4382506.0,435390.0,30
200800039065,8,7,8,1040,1,2,1,1,2,30189,M,,,30
200800039066,8,7,8,1311,1,2,1,1,7,30189,M,,,30
200800039067,8,7,8,1820,1,2,1,1,6,30189,M,4382715.0,435613.0,30
200800039068,8,7,8,1821,1,2,6,1,6,30189,M,4382720.0,437429.0,30
200800039069,8,7,9,1545,1,2,6,1,2,30189,M,4382019.0,435851.0,30
200800039070,8,7,10,428,5,2,1,1,7,30189,M,,,30
200800039071,8,7,9,1645,1,2,1,1,3,30189,M,,,30
200800039072,8,7,10,1807,1,2,9,1,3,30189,M,4384015.0,436281.0,30
200800039073,8,7,10,1926,1,2,2,1,6,30189,M,4383022.0,436726.0,30
200800039074,8,7,11,740,1,2,4,1,3,30189,M,,,30
200800039075,8,7,11,1610,1,2,1,1,2,30189,M,4381198.0,436617.0,30
200800039076,8,7,12,1015,1,1,1,1,5,30189,M,4375720.0,440611.0,30
200800039077,8,7,12,2325,5,2,1,1,7,30189,M,4383550.0,432220.0,30
200800039078,8,7,13,1035,1,2,3,1,3,30189,M,,,30
200800039079,8,7,13,1347,1,2,3,1,3,30189,M,4383755.0,438229.0,30
200800039080,8,7,14,1347,1,2,1,1,3,30189,M,4383173.0,436906.0,30
200800039081,8,7,14,1416,1,2,9,1,6,30189,M,4384139.0,434565.0,30
200800039082,8,7,16,1959,1,2,1,1,7,30189,M,4382355.0,440849.0,30
200800039083,8,7,17,900,1,1,1,1,3,30189,M,,,30
200800039084,8,7,18,928,1,2,1,1,3,30189,M,,,30
200800039085,8,7,19,955,1,2,2,1,3,30189,M,4384016.0,431917.0,30
200800039086,8,7,19,1152,1,2,1,1,6,30189,M,4384018.0,431911.0,30
200800039087,8,7,21,820,1,2,1,1,6,30189,M,4381953.0,435611.0,30
200800039088,8,7,22,1735,1,2,1,1,2,30189,M,,,30
200800039089,8,7,22,1824,1,2,1,1,2,30189,M,,,30
200800039090,8,7,22,1850,1,2,2,1,3,30189,M,4383154.0,436210.0,30
200800039091,8,7,25,139,5,2,1,2,7,30189,M,4381397.0,433409.0,30
200800039092,8,7,25,1210,1,1,1,1,2,30189,M,4387625.0,431438.0,30
200800039093,8,7,26,1200,1,2,1,1,7,30189,M,4387626.0,431436.0,30
200800039094,8,7,26,1925,1,2,1,1,3,30189,M,,,30
200800039095,8,7,27,108,5,1,9,1,1,30189,M,4383075.0,432265.0,30
200800039096,8,7,31,1640,1,2,1,1,2,30189,M,4384389.0,434362.0,30
200800039097,8,7,29,1430,1,1,1,1,6,30189,M,,,30
200800039098,8,7,30,2230,5,2,2,1,3,30189,M,4381438.0,439651.0,30
200800039099,8,7,31,937,1,1,1,1,1,30189,M,4387203.0,431955.0,30
200800039100,8,7,28,1100,1,2,1,1,2,30189,M,4381664.0,434477.0,30
200800039101,8,7,31,2020,1,2,3,1,3,30189,M,4381795.0,436445.0,30
200800039102,8,7,31,2236,5,2,1,1,6,30189,M,4383354.0,438624.0,30
200800039103,8,7,7,2220,3,1,1,1,6,30011,M,,,30
200800039104,8,7,4,1345,1,2,9,1,3,31069,M,,,31
200800039105,8,7,25,100,5,2,1,1,6,31069,M,,,31
200800039106,8,7,2,1100,1,1,1,8,1,31149,M,,,31
200800039107,8,7,5,600,2,2,1,1,7,31555,M,,,31
200800039108,8,7,9,1750,1,2,9,1,6,31149,M,,,31
200800039109,8,7,12,240,1,2,1,2,7,31149,M,,,31
200800039110,8,7,15,815,1,2,3,1,3,31149,M,,,31
200800039111,8,7,20,1250,1,2,1,1,7,31149,M,,,31
200800039112,8,7,24,720,1,2,3,1,3,31149,M,,,31
200800039113,8,7,31,805,1,2,3,1,3,31149,M,,,31
200800039114,8,7,23,1725,1,2,1,1,6,31483,M,,,31
200800039115,8,7,1,850,1,2,1,1,6,31555,M,,,31
200800039116,8,7,1,1215,1,2,6,1,3,31555,M,,,31
200800039117,8,7,1,1803,1,2,1,1,3,31555,M,,,31
200800039118,8,7,2,1040,1,1,1,1,3,31555,M,,,31
200800039119,8,7,2,1250,1,2,1,1,6,31555,M,,,31
200800039120,8,7,2,1825,1,2,2,1,1,31555,M,,,31
200800039121,8,7,3,140,5,2,1,2,7,31555,M,,,31
200800039122,8,7,3,1704,1,2,1,1,4,31555,M,,,31
200800039123,8,7,4,1220,1,2,1,1,4,31555,M,,,31
200800039124,8,7,4,1500,1,2,1,1,3,31555,M,,,31
200800039125,8,7,4,1502,1,2,1,1,2,31555,M,,,31
200800039126,8,7,4,1525,1,2,1,1,2,31555,M,,,31
200800039127,8,7,4,1640,1,1,1,1,2,31555,M,,,31
200800039128,8,7,4,1855,1,2,2,1,1,31555,M,,,31
200800039129,8,7,4,2015,1,2,1,1,3,31555,M,,,31
200800039130,8,7,5,2020,1,2,2,1,1,31555,M,,,31
200800039131,8,7,6,1200,1,2,1,1,1,31555,M,,,31
200800039132,8,7,8,1245,1,2,6,1,3,31555,M,,,31
200800039133,8,7,9,140,5,2,2,1,7,31555,M,,,31
200800039134,8,7,9,1340,1,2,3,1,3,31555,M,,,31
200800039135,8,7,10,635,1,2,1,1,6,31555,M,,,31
200800039136,8,7,10,1210,1,2,1,1,3,31555,M,,,31
200800039137,8,7,10,1915,1,1,1,1,3,31555,M,,,31
200800039138,8,7,12,529,5,2,1,1,7,31555,M,,,31
200800039139,8,7,12,2220,5,2,3,1,3,31555,M,,,31
200800039140,8,7,13,510,5,2,2,1,7,31555,M,,,31
200800039141,8,7,13,1115,1,1,1,1,3,31555,M,,,31
200800039142,8,7,13,1700,1,2,1,1,3,31555,M,,,31
200800039143,8,7,13,1730,1,2,1,1,3,31555,M,,,31
200800039144,8,7,15,540,2,2,1,1,7,31555,M,,,31
200800039145,8,7,15,855,1,2,1,1,6,31555,M,,,31
200800039146,8,7,15,910,1,2,1,1,3,31555,M,,,31
200800039147,8,7,15,1920,1,2,1,1,2,31555,M,,,31
200800039148,8,7,16,1950,1,2,1,1,6,31555,M,,,31
200800039149,8,7,17,1516,1,2,1,1,2,31555,M,,,31
200800039150,8,7,18,930,1,2,1,1,3,31555,M,,,31
200800039151,8,7,18,1010,1,2,1,1,6,31555,M,,,31
200800039152,8,7,18,2300,5,2,1,1,1,31555,M,,,31
200800039153,8,7,18,1920,1,2,1,1,1,31555,M,,,31
200800039154,8,7,19,1940,1,2,1,1,5,31555,M,,,31
200800039155,8,7,20,1145,1,2,1,1,3,31555,M,,,31
200800039156,8,7,20,1910,1,2,1,1,1,31555,M,,,31
200800039157,8,7,12,2225,1,2,1,1,3,31555,M,,,31
200800039158,8,7,21,1549,1,2,1,1,6,31555,M,,,31
200800039159,8,7,21,1610,1,2,4,1,1,31555,M,,,31
200800039160,8,7,21,1745,1,2,1,1,4,31555,M,,,31
200800039161,8,7,22,230,1,2,1,1,7,31555,M,,,31
200800039162,8,7,22,1611,1,2,1,1,6,31555,M,,,31
200800039163,8,7,23,1305,1,2,1,1,4,31555,M,,,31
200800039164,8,7,23,2005,1,2,1,1,7,31555,M,,,31
200800039165,8,7,24,2025,1,2,1,1,1,31555,M,,,31
200800039166,8,7,25,2340,1,2,1,1,3,31555,M,,,31
200800039167,8,7,26,900,1,2,3,3,3,31555,M,,,31
200800039168,8,7,26,930,1,2,7,2,6,31555,M,,,31
200800039169,8,7,27,820,1,2,3,1,4,31555,M,,,31
200800039170,8,7,26,1943,1,2,1,1,4,31555,M,,,31
200800039171,8,7,28,1824,1,1,1,8,4,31555,M,,,31
200800039172,8,7,29,1810,1,2,1,1,3,31555,M,,,31
200800039173,8,7,30,1800,1,2,1,1,2,31555,M,,,31