Num_Acc,an,mois,jour,hrmn,lum,agg,int,atm,col,com,gps,lat,long,dep
200800039174,8,7,29,2035,5,1,1,1,6,31555,M,,,31
200800039175,8,7,29,2305,5,2,3,1,3,31555,M,,,31
200800039176,8,7,30,750,1,2,1,1,3,31555,M,,,31
200800039177,8,7,30,1200,1,1,1,1,2,31555,M,,,31
200800039178,8,7,30,1430,1,2,1,1,3,31555,M,,,31
200800039179,8,7,3,1725,1,2,1,8,3,31557,M,,,31
200800039180,8,7,1,1240,1,2,1,1,5,32013,M,,,32
200800039181,8,7,10,1110,1,1,1,1,7,32013,M,,,32
200800039182,8,7,13,1615,1,2,3,1,3,32013,M,,,32
200800039183,8,7,20,1605,1,1,3,1,2,32013,M,,,32
200800039184,8,7,25,1925,1,2,6,1,7,32013,M,,,32
200800039185,8,7,26,555,2,2,2,3,2,32013,M,,,32
200800039186,8,7,7,1045,1,1,1,2,3,33529,M,,,33
200800039187,8,7,20,1040,1,1,1,1,6,33529,M,,,33
200800039188,8,7,30,325,3,1,1,1,1,33529,M,,,33
200800039189,8,7,9,1800,1,1,1,1,3,33529,M,,,33
200800039190,8,7,15,1000,1,2,3,1,3,33529,M,,,33
200800039191,8,7,30,1825,1,1,1,1,2,33009,M,,,33
200800039192,8,7,29,1220,1,2,2,1,3,33529,M,,,33
200800039193,8,7,2,1055,1,2,1,1,6,33063,M,,,33
200800039194,8,7,2,1830,1,2,2,1,3,33063,M,,,33
200800039195,8,7,3,1030,1,2,2,1,3,33063,M,,,33
200800039196,8,7,3,1505,1,2,2,2,3,33063,M,,,33
200800039197,8,7,3,1500,1,2,1,3,4,33063,M,,,33
200800039198,8,7,1,1245,1,2,3,1,4,33318,M,,,33
200800039199,8,7,2,1030,1,2,1,1,3,33063,M,,,33
200800039200,8,7,4,2125,1,2,2,1,3,33063,M,,,33
200800039201,8,7,4,1915,1,2,3,1,3,33063,M,,,33
200800039202,8,7,7,1256,1,2,1,2,2,33063,M,,,33
200800039203,8,7,7,1745,1,2,1,1,3,33063,M,,,33
200800039204,8,7,7,835,1,2,1,1,3,33063,M,,,33
200800039205,8,7,7,1415,1,2,2,1,3,33063,M,,,33
200800039206,8,7,2,900,1,2,3,1,3,33281,M,,,33
200800039207,8,7,1,1020,1,2,1,1,6,33192,M,,,33
200800039208,8,7,3,150,5,2,2,1,7,33281,M,,,33
200800039209,8,7,2,5,5,2,1,1,7,33192,M,,,33
200800039210,8,7,6,1020,1,2,2,1,3,33318,M,,,33
200800039211,8,7,8,1920,1,2,1,1,3,33063,M,,,33
200800039212,8,7,9,1730,1,2,1,1,6,33063,M,,,33
200800039213,8,7,7,1830,1,2,2,1,3,33249,M,,,33
200800039214,8,7,3,1820,1,2,3,1,3,33192,M,,,33
200800039215,8,7,9,1750,1,2,1,1,3,33063,M,,,33
200800039216,8,7,9,2100,1,2,1,1,6,33063,M,,,33
200800039217,8,7,10,1200,1,2,1,1,6,33063,M,,,33
200800039218,8,7,7,2130,1,2,1,1,7,33281,M,,,33
200800039219,8,7,7,1900,1,2,1,1,2,33119,M,,,33
200800039220,8,7,4,645,1,2,1,7,2,33039,M,,,33
200800039221,8,7,2,1100,1,2,6,1,3,33069,M,,,33
200800039222,8,7,11,2147,2,2,1,1,3,33063,M,,,33
200800039223,8,7,12,2130,5,2,2,1,3,33063,M,,,33
200800039224,8,7,15,1230,1,2,1,1,6,33063,M,,,33
200800039225,8,7,15,1600,1,2,1,1,6,33063,M,,,33
200800039226,8,7,8,1215,1,2,1,1,2,33063,M,,,33
200800039227,8,7,4,1630,1,2,1,1,6,33281,M,,,33
200800039228,8,7,9,1600,1,2,1,1,3,33281,M,,,33
200800039229,8,7,15,1105,1,2,3,1,3,33063,M,,,33
200800039230,8,7,9,1525,1,2,1,1,6,33039,M,,,33
200800039231,8,7,13,2150,1,2,3,1,6,33318,M,,,33
200800039232,8,7,15,1945,1,2,3,1,3,33063,M,,,33
200800039233,8,7,16,1738,1,2,1,1,2,33063,M,,,33
200800039234,8,7,10,1945,1,2,2,1,3,33039,M,,,33
200800039235,8,7,14,2210,5,2,2,1,3,33281,M,,,33
200800039236,8,7,12,1325,1,2,1,1,1,33249,M,,,33
200800039237,8,7,12,356,5,2,1,1,6,33119,M,,,33
200800039238,8,7,17,1805,1,2,2,1,2,33063,M,,,33
200800039239,8,7,18,5,5,2,1,1,1,33281,M,,,33
200800039240,8,7,20,1915,1,2,1,1,6,33063,M,,,33
200800039241,8,7,18,1910,1,2,2,1,3,33063,M,,,33
200800039242,8,7,20,2010,1,2,1,1,2,33063,M,,,33
200800039243,8,7,19,915,1,2,1,1,6,33063,M,,,33
200800039244,8,7,21,1744,1,2,3,1,1,33063,M,,,33
200800039245,8,7,21,1743,1,2,1,1,6,33063,M,,,33
200800039246,8,7,17,1745,1,2,1,1,2,33119,M,,,33
200800039247,8,7,21,1730,1,2,1,1,6,33119,M,,,33
200800039248,8,7,14,220,5,2,1,1,1,33550,M,,,33
200800039249,8,7,22,1735,1,2,2,1,3,33063,M,,,33
200800039250,8,7,22,1650,1,2,1,1,6,33063,M,,,33
200800039251,8,7,22,2325,5,2,2,1,3,33063,M,,,33
200800039252,8,7,17,1815,1,2,1,1,3,33281,M,,,33
200800039253,8,7,18,1850,1,2,4,1,3,33119,M,,,33
200800039254,8,7,23,1520,2,2,2,1,2,33063,M,,,33
200800039255,8,7,19,945,1,2,1,1,2,33063,M,,,33
200800039256,8,7,23,1805,1,2,2,1,3,33063,M,,,33
200800039257,8,7,18,1140,1,2,2,1,3,33249,M,,,33
200800039258,8,7,18,1845,1,2,2,1,3,33522,M,,,33
200800039259,8,7,8,1130,1,2,1,1,2,33192,M,,,33
200800039260,8,7,11,1235,1,2,1,1,2,33522,M,,,33
200800039261,8,7,22,1440,1,2,5,1,5,33281,M,,,33
200800039262,8,7,27,1925,1,2,1,1,6,33063,M,,,33
200800039263,8,7,25,1330,1,2,3,1,3,33063,M,,,33
200800039264,8,7,26,410,5,2,1,1,1,33063,M,,,33
200800039265,8,7,11,1355,1,2,3,1,3,33039,M,,,33
200800039266,8,7,28,1130,1,2,2,1,3,33063,M,,,33
200800039267,8,7,23,1100,1,2,3,1,3,33281,M,,,33
200800039268,8,7,22,805,1,2,2,1,3,33318,M,,,33
200800039269,8,7,15,1730,1,2,2,1,3,33318,M,,,33
200800039270,8,7,24,900,1,2,3,1,3,33281,M,,,33
200800039271,8,7,22,2230,5,2,3,1,1,33069,M,,,33
200800039272,8,7,29,2320,5,2,1,1,4,33063,M,,,33
200800039273,8,7,25,610,5,2,2,1,3,33281,M,,,33
200800039274,8,7,24,1400,1,2,1,1,3,33039,M,,,33
200800039275,8,7,30,910,1,2,2,1,3,33063,M,,,33
200800039276,8,7,29,1900,1,2,2,1,1,33063,M,,,33
200800039277,8,7,26,1650,1,2,3,1,3,33192,M,,,33
200800039278,8,7,28,1420,1,2,1,1,6,33281,M,,,33
200800039279,8,7,31,1325,1,2,2,1,3,33063,M,,,33
200800039280,8,7,30,1630,1,2,1,1,3,33063,M,,,33
200800039281,8,7,29,1725,1,2,1,4,2,33167,M,,,33
200800039282,8,7,31,2245,5,2,2,1,6,33063,M,,,33
200800039283,8,7,30,1215,1,2,1,1,1,33192,M,,,33
200800039284,8,7,2,1750,1,2,7,1,6,33243,M,,,33
200800039285,8,7,31,1420,1,2,1,7,3,33243,M,,,33
200800039286,8,7,2,1445,1,1,1,1,3,34003,M,,,34
200800039287,8,7,1,1900,1,2,1,1,6,34003,M,,,34
200800039288,8,7,9,1500,1,2,1,1,2,34003,M,,,34
200800039289,8,7,14,745,1,2,1,1,6,34003,M,,,34
200800039290,8,7,19,1100,1,2,3,1,2,34003,M,,,34
200800039291,8,7,21,905,1,2,1,1,3,34003,M,,,34
200800039292,8,7,21,1720,1,1,1,1,6,34003,M,,,34
200800039293,8,7,26,1305,1,1,1,1,2,34003,M,,,34
200800039294,8,7,8,215,3,1,1,1,6,34003,M,,,34
200800039295,8,7,1,1340,1,2,2,1,6,34032,M,,,34
200800039296,8,7,2,1325,1,1,2,1,7,34032,M,,,34
200800039297,8,7,2,930,1,1,2,1,3,34032,M,,,34
200800039298,8,7,2,1630,1,2,1,1,7,34032,M,,,34
200800039299,8,7,3,1050,1,1,1,1,2,34073,M,,,34
200800039300,8,7,3,1730,1,1,1,1,3,34032,M,,,34
200800039301,8,7,4,730,1,2,1,1,7,34032,M,,,34
200800039302,8,7,4,1920,1,2,1,1,3,34032,M,4334500.0,345699.0,34
200800039303,8,7,4,2150,2,2,2,1,2,34032,M,4334800.0,345699.0,34
200800039304,8,7,5,720,1,2,1,1,7,34032,M,,,34
200800039305,8,7,5,2145,2,2,1,1,7,34032,M,,,34
200800039306,8,7,6,330,5,2,1,1,7,34032,M,,,34
200800039307,8,7,6,2215,5,2,2,1,3,34032,M,,,34
200800039308,8,7,7,1115,1,2,2,1,7,34032,M,4332000.0,345699.0,34
200800039309,8,7,7,1600,1,2,1,1,2,34032,M,4333300.0,345699.0,34
200800039310,8,7,9,1800,1,1,2,1,3,34032,M,4334600.0,345699.0,34
200800039311,8,7,9,1840,1,2,1,1,2,34032,M,,,34
200800039312,8,7,14,730,1,1,1,1,7,34032,M,4334500.0,345699.0,34
200800039313,8,7,13,1545,1,2,2,1,3,34032,M,,,34
200800039314,8,7,13,2255,3,1,1,1,7,34336,M,4332300.0,345699.0,34
200800039315,8,7,15,2230,5,1,6,1,7,34336,M,4332000.0,345699.0,34
200800039316,8,7,16,1400,1,2,4,1,2,34032,M,4333000.0,345699.0,34
200800039317,8,7,16,1900,1,2,2,1,3,34032,M,,,34
200800039318,8,7,17,845,1,1,1,1,7,34032,M,,,34
200800039319,8,7,17,1035,1,1,1,1,2,34032,M,,,34
200800039320,8,7,19,1705,1,1,1,1,2,34032,M,,,34
200800039321,8,7,20,2200,3,2,1,1,2,34032,M,,,34
200800039322,8,7,21,1415,1,1,1,1,7,34032,M,,,34
200800039323,8,7,21,1935,1,1,1,1,1,34032,M,,,34
200800039324,8,7,23,1100,1,2,3,1,2,34032,M,4334000.0,345699.0,34
200800039325,8,7,25,1200,1,2,1,1,7,34032,M,,,34
200800039326,8,7,26,1235,1,1,2,1,2,34032,M,,,34
200800039327,8,7,27,1015,1,2,1,1,2,34032,M,,,34
200800039328,8,7,29,1000,1,2,2,1,7,34032,M,,,34
200800039329,8,7,29,1740,1,2,1,1,1,34032,M,,,34
200800039330,8,7,1,2220,3,1,1,1,5,34129,M,,,34
200800039331,8,7,2,1831,1,2,1,1,1,34198,M,4356856.0,394712.0,34
200800039332,8,7,2,1400,1,2,1,1,2,34172,M,,,34
200800039333,8,7,3,1137,1,2,1,1,3,34172,M,4362896.0,385716.0,34
200800039334,8,7,5,2040,1,2,1,1,7,34172,M,,,34
200800039335,8,7,4,1930,1,2,1,1,7,34172,M,4360733.0,388776.0,34
200800039336,8,7,6,1750,1,2,6,8,2,34172,M,4364119.0,384747.0,34
200800039337,8,7,8,1650,1,2,1,1,2,34172,M,4361060.0,383268.0,34
200800039338,8,7,6,1135,1,2,6,1,3,34129,M,4357160.0,391502.0,34
200800039339,8,7,7,2045,1,2,1,1,6,34172,M,,,34
200800039340,8,7,9,1225,1,2,1,1,3,34172,M,4360168.0,390116.0,34
200800039341,8,7,9,2134,2,2,3,1,6,34172,M,4363231.0,382232.0,34
200800039342,8,7,10,209,3,1,1,1,7,34129,M,4358804.0,389478.0,34
200800039343,8,7,7,1125,1,2,2,1,3,34172,M,4360941.0,386696.0,34
200800039344,8,7,12,210,3,1,1,1,3,34198,M,4355936.0,396301.0,34
200800039345,8,7,11,1900,1,2,1,1,7,34172,M,4363108.0,382102.0,34
200800039346,8,7,13,1200,1,2,1,1,7,34172,M,4360661.0,386527.0,34
200800039347,8,7,14,1630,1,1,1,1,7,34198,M,,,34
200800039348,8,7,14,2051,2,2,2,1,3,34172,M,,,34
200800039349,8,7,15,720,2,2,1,1,5,34172,M,4362531.0,382591.0,34
200800039350,8,7,15,1000,1,2,1,1,6,34172,M,,,34
200800039351,8,7,15,1820,1,2,1,1,3,34172,M,,,34
200800039352,8,7,17,1800,1,2,1,1,2,34172,M,4364342.0,384955.0,34
200800039353,8,7,18,810,1,1,1,1,4,34129,M,4357544.0,392488.0,34
200800039354,8,7,18,1418,1,2,4,1,6,34172,M,4360728.0,387857.0,34
200800039355,8,7,18,1328,1,2,2,1,5,34198,M,4357265.0,393915.0,34
200800039356,8,7,18,1850,1,2,1,1,3,34172,M,4360331.0,388675.0,34
200800039357,8,7,18,1213,1,2,1,1,1,34172,M,4360329.0,392402.0,34
200800039358,8,7,19,1255,1,2,1,1,6,34172,M,4358947.0,388885.0,34
200800039359,8,7,19,1650,1,1,3,1,3,34198,M,4357713.0,393306.0,34
200800039360,8,7,21,815,1,2,3,1,1,34172,M,4360593.0,389400.0,34
200800039361,8,7,22,29,5,2,1,1,2,34172,M,,,34
200800039362,8,7,22,450,5,2,2,1,1,34172,M,4358010.0,386887.0,34
200800039363,8,7,23,1605,1,2,1,1,7,34172,M,4361256.0,387485.0,34
200800039364,8,7,26,1115,1,2,3,1,1,34172,M,4358343.0,388745.0,34
200800039365,8,7,27,950,1,2,3,1,6,34172,M,4360106.0,385023.0,34
200800039366,8,7,28,357,5,2,1,1,2,34172,M,4361006.0,390281.0,34
200800039367,8,7,28,1810,1,1,1,1,7,34172,M,4362489.0,388928.0,34
200800039368,8,7,29,1345,1,2,1,1,3,34172,M,4360710.0,387103.0,34
200800039369,8,7,29,1445,1,2,1,1,2,34172,M,4363408.0,384995.0,34
200800039370,8,7,28,1340,1,1,1,1,4,34172,M,4359116.0,390826.0,34
200800039371,8,7,30,1754,1,2,2,1,3,34172,M,4361321.0,386730.0,34
200800039372,8,7,1,1340,1,2,1,1,6,34301,M,,,34
200800039373,8,7,4,1400,1,1,1,1,2,34301,M,,,34
200800039374,8,7,10,750,1,2,6,1,3,34301,M,,,34
200800039375,8,7,10,1000,1,2,1,7,2,34108,M,,,34
200800039376,8,7,12,350,3,1,1,2,1,34108,M,,,34
200800039377,8,7,18,1720,1,2,1,1,2,34301,M,,,34
200800039378,8,7,18,915,1,2,1,1,3,34108,M,,,34
200800039379,8,7,23,1905,1,2,3,1,3,34108,M,,,34
200800039380,8,7,27,1905,1,1,1,1,3,34108,M,,,34
200800039381,8,7,16,1405,1,2,1,1,2,35115,M,,,35
200800039382,8,7,1,825,1,2,7,1,3,35238,M,,,35
200800039383,8,7,1,1510,1,1,1,1,3,35238,M,,,35
200800039384,8,7,2,1735,1,2,1,1,6,35238,M,,,35
200800039385,8,7,2,900,1,2,9,1,6,35281,M,,,35
200800039386,8,7,3,705,1,2,6,1,6,35281,M,,,35
200800039387,8,7,3,1520,1,2,1,1,7,35238,M,,,35
200800039388,8,7,3,1655,1,2,1,1,3,35238,M,,,35
200800039389,8,7,4,700,1,2,1,1,7,35238,M,,,35
200800039390,8,7,4,1235,1,2,9,1,6,35238,M,,,35
200800039391,8,7,4,2010,1,1,9,1,6,35238,M,,,35
200800039392,8,7,6,1715,1,1,9,1,7,35238,M,,,35
200800039393,8,7,8,1730,1,2,7,1,6,35238,M,,,35
200800039394,8,7,9,1845,1,2,1,1,6,35238,M,,,35
200800039395,8,7,11,1615,1,2,1,1,6,35281,M,,,35
200800039396,8,7,11,1810,1,1,1,1,6,35055,M,,,35
200800039397,8,7,12,840,1,1,1,8,3,35238,M,,,35
200800039398,8,7,12,1245,1,2,1,1,6,35238,M,,,35
200800039399,8,7,13,2215,2,2,1,1,7,35238,M,,,35
200800039400,8,7,14,1320,1,1,1,1,6,35238,M,,,35
200800039401,8,7,14,2050,1,2,2,1,3,35238,M,,,35
200800039402,8,7,15,1948,1,2,1,1,6,35238,M,,,35
200800039403,8,7,16,2220,5,2,1,1,6,35238,M,,,35
200800039404,8,7,17,1215,1,2,2,1,3,35238,M,,,35
200800039405,8,7,17,1300,1,2,1,1,7,35238,M,,,35
200800039406,8,7,17,1435,1,1,1,1,7,35238,M,,,35
200800039407,8,7,20,320,5,2,6,1,6,35278,M,,,35
200800039408,8,7,20,815,1,2,1,1,6,35238,M,,,35
200800039409,8,7,21,1000,1,1,6,1,3,35238,M,,,35
200800039410,8,7,21,1803,1,2,9,1,3,35238,M,,,35
200800039411,8,7,22,1240,1,2,1,1,7,35281,M,,,35
200800039412,8,7,23,1220,1,2,1,1,3,35238,M,,,35
200800039413,8,7,23,1300,1,2,6,1,6,35278,M,,,35
200800039414,8,7,25,1430,1,2,2,1,3,35281,M,,,35
200800039415,8,7,25,1510,1,2,9,2,3,35238,M,,,35
200800039416,8,7,25,1600,1,2,1,2,4,35238,M,,,35
200800039417,8,7,29,1800,1,2,1,1,3,35238,M,,,35
200800039418,8,7,30,1620,1,2,3,1,3,35238,M,,,35
200800039419,8,7,1,1845,1,2,1,1,6,35288,M,,,35
200800039420,8,7,16,1448,1,2,3,1,3,35288,M,,,35
200800039421,8,7,18,1450,1,2,3,1,3,35288,M,,,35
200800039422,8,7,23,1310,1,2,2,1,3,35288,M,,,35
200800039423,8,7,27,1850,1,2,1,1,6,35288,M,,,35
200800039424,8,7,4,1655,1,2,1,1,3,36044,M,,,36
200800039425,8,7,19,1300,1,2,2,1,3,36044,M,,,36
200800039426,8,7,30,1940,1,2,1,1,2,36044,M,,,36
200800039427,8,7,3,1630,1,2,4,1,6,36063,M,,,36
200800039428,8,7,4,1530,1,2,1,1,2,36063,M,,,36
200800039429,8,7,5,1636,1,2,1,1,2,36044,M,,,36
200800039430,8,7,5,1816,1,2,1,1,7,36044,M,,,36
200800039431,8,7,7,737,1,2,1,1,7,36044,M,,,36
200800039432,8,7,9,806,1,1,1,1,4,36044,M,,,36
200800039433,8,7,10,2145,2,2,1,1,2,36044,M,,,36
200800039434,8,7,11,753,1,1,1,1,3,36063,M,,,36
200800039435,8,7,12,1618,1,2,1,1,6,36044,M,,,36
200800039436,8,7,14,2030,1,1,1,1,2,36202,M,,,36
200800039437,8,7,19,1511,1,2,1,1,6,36044,M,,,36
200800039438,8,7,20,1558,1,2,1,1,6,36044,M,,,36
200800039439,8,7,20,1717,1,2,1,1,6,36044,M,,,36
200800039440,8,7,21,2005,5,2,1,1,3,36044,M,,,36
200800039441,8,7,22,2250,3,2,1,1,6,36159,M,,,36
200800039442,8,7,23,1948,1,2,1,1,6,36044,M,,,36
200800039443,8,7,28,1910,1,2,3,1,3,36044,M,,,36
200800039444,8,7,2,1240,1,2,9,2,3,37122,M,,,37
200800039445,8,7,1,1000,1,2,2,1,3,37261,M,,,37
200800039446,8,7,3,1130,1,2,1,1,6,37261,M,,,37
200800039447,8,7,6,140,5,2,2,1,6,37261,M,,,37
200800039448,8,7,2,1825,1,2,1,1,7,37122,M,,,37
200800039449,8,7,9,1150,1,2,6,1,7,37261,M,,,37
200800039450,8,7,22,2345,5,2,2,1,6,37261,M,,,37
200800039451,8,7,22,837,1,2,2,1,6,37261,M,,,37
200800039452,8,7,30,1923,1,2,3,1,3,37261,M,,,37
200800039453,8,7,24,705,1,2,2,1,1,37122,M,,,37
200800039454,8,7,29,2120,5,2,2,1,3,37122,M,,,37
200800039455,8,7,3,850,1,2,2,1,3,37261,M,,,37
200800039456,8,7,4,1540,1,2,1,1,3,38053,M,,,38
200800039457,8,7,9,1703,1,1,1,1,3,38053,M,,,38
200800039458,8,7,28,1845,1,2,2,1,3,38053,M,,,38
200800039459,8,7,1,945,1,2,1,1,3,38421,M,,,38
200800039460,8,7,2,1730,1,2,1,1,6,38179,M,,,38
200800039461,8,7,3,420,5,2,1,1,6,38516,M,,,38
200800039462,8,7,3,815,1,2,1,2,6,38185,M,,,38
200800039463,8,7,3,1500,1,2,1,2,6,38185,M,,,38
200800039464,8,7,6,1320,1,2,1,1,3,38151,M,,,38
200800039465,8,7,7,1750,1,2,2,1,6,38421,M,,,38
200800039466,8,7,8,715,1,2,1,1,3,38185,M,,,38
200800039467,8,7,8,2355,5,2,1,1,3,38421,M,,,38
200800039468,8,7,10,1715,1,2,1,1,3,38185,M,,,38
200800039469,8,7,10,1740,1,2,1,1,6,38185,M,,,38
200800039470,8,7,15,220,5,2,1,1,3,38185,M,,,38
200800039471,8,7,16,1525,1,2,1,1,3,38185,M,,,38
200800039472,8,7,17,1310,1,2,2,1,3,38185,M,,,38
200800039473,8,7,18,805,1,2,1,1,3,38185,M,,,38
200800039474,8,7,19,1020,1,2,2,1,3,38185,M,,,38
200800039475,8,7,20,200,5,2,1,1,3,38185,M,,,38
200800039476,8,7,21,1400,1,2,1,1,3,38421,M,,,38
200800039477,8,7,22,1155,1,2,1,1,3,38185,M,,,38
200800039478,8,7,23,1230,1,2,2,1,3,38421,M,,,38
200800039479,8,7,26,1340,1,2,2,1,3,38169,M,,,38
200800039480,8,7,27,1100,1,2,1,1,2,38185,M,,,38
200800039481,8,7,29,1405,1,2,2,1,3,38151,M,,,38
200800039482,8,7,30,1315,1,2,1,1,3,38185,M,,,38
200800039483,8,7,30,1940,1,2,1,1,3,38185,M,,,38
200800039484,8,7,31,1030,1,2,1,1,3,38421,M,,,38
200800039485,8,7,21,1217,1,2,1,1,7,38544,M,,,38
200800039486,8,7,18,1550,1,2,1,1,6,38563,M,,,38
200800039487,8,7,20,1305,1,1,1,1,3,38563,M,,,38
200800039488,8,7,26,950,1,2,1,1,6,38563,M,,,38
200800039489,8,7,30,1450,1,2,1,1,6,38563,M,,,38
200800039490,8,7,30,1635,1,2,6,1,6,38563,M,,,38
200800039491,8,7,20,1545,1,2,2,1,6,39198,M,,,39
200800039492,8,7,25,1305,1,2,6,1,7,39300,M,,,39
200800039493,8,7,25,1718,1,2,1,1,6,39300,M,,,39
200800039494,8,7,11,1915,1,2,1,1,3,40279,M,,,40
200800039495,8,7,19,1430,1,1,1,1,3,40279,M,,,40
200800039496,8,7,22,1040,1,1,1,1,1,40279,M,,,40
200800039497,8,7,28,1650,1,2,1,1,3,40088,M,,,40
200800039498,8,7,30,1835,1,2,1,1,3,40088,M,,,40
200800039499,8,7,5,1915,1,2,3,1,3,40192,M,,,40
200800039500,8,7,7,2225,3,1,1,1,6,40192,M,,,40
200800039501,8,7,24,555,2,2,1,1,6,40192,M,,,40
200800039502,8,7,25,445,5,2,1,1,6,40192,M,,,40
200800039503,8,7,2,1345,1,2,1,1,3,41018,M,,,41
200800039504,8,7,11,1200,1,2,1,2,6,41018,M,,,41
200800039505,8,7,14,32,5,2,1,1,3,41018,M,,,41
200800039506,8,7,16,1325,1,2,1,1,3,41212,M,,,41
200800039507,8,7,23,930,1,2,1,1,5,41047,M,,,41
200800039508,8,7,24,1725,1,2,4,1,5,41047,M,,,41
200800039509,8,7,26,1830,1,2,1,1,7,41018,M,,,41
200800039510,8,7,22,1135,1,2,1,1,2,41018,M,,,41
200800039511,8,7,24,930,1,2,6,1,3,41018,M,,,41
200800039512,8,7,25,2135,2,2,1,2,7,41018,M,,,41
200800039513,8,7,28,1840,1,2,1,1,2,41018,M,,,41
200800039514,8,7,29,1800,1,2,1,1,3,41018,M,,,41
200800039515,8,7,30,1700,1,2,1,1,3,41018,M,,,41
200800039516,8,7,31,845,1,2,4,1,6,41018,M,,,41
200800039517,8,7,6,1845,1,2,2,1,5,41194,M,,,41
200800039518,8,7,13,1910,1,2,3,1,3,41194,M,,,41
200800039519,8,7,11,1120,1,2,2,2,4,41194,M,,,41
200800039520,8,7,2,1215,1,2,1,1,6,42095,M,4523599.0,417364.0,42
200800039521,8,7,4,1755,1,2,1,1,6,42316,M,4524018.0,415547.0,42
200800039522,8,7,9,1820,1,2,1,1,2,42044,M,,,42
200800039523,8,7,12,1620,1,2,1,2,3,42099,M,4523230.0,416534.0,42
200800039524,8,7,2,1215,1,2,1,1,6,42316,M,,,42
200800039525,8,7,12,1630,1,2,1,1,7,42095,M,,,42
200800039526,8,7,30,1325,1,2,1,1,3,42044,M,4523621.0,418002.0,42
200800039527,8,7,13,2020,1,1,1,1,6,42147,M,4559853.0,408894.0,42
200800039528,8,7,14,1415,1,2,1,1,6,42147,M,,,42
200800039529,8,7,23,1812,1,2,1,1,3,42147,M,4560533.0,405769.0,42
200800039530,8,7,12,1925,1,2,1,1,3,42053,M,,,42
200800039531,8,7,3,720,1,2,1,3,2,42187,M,,,42
200800039532,8,7,5,1415,1,2,1,1,6,42071,M,,,42
200800039533,8,7,7,650,1,1,1,1,1,42170,M,,,42
200800039534,8,7,7,1740,1,2,1,1,5,42187,M,,,42
200800039535,8,7,16,1730,1,2,2,1,3,42187,M,,,42
200800039536,8,7,24,940,1,2,1,1,6,42187,M,,,42
200800039537,8,7,15,911,1,1,1,1,2,42170,M,,,42
200800039538,8,7,6,1340,1,2,2,1,3,42207,M,,,42
200800039539,8,7,24,1710,1,2,3,1,3,42207,M,,,42
200800039540,8,7,29,800,1,2,1,1,3,42110,M,,,42
200800039541,8,7,27,1055,1,2,1,1,6,42207,M,,,42
200800039542,8,7,1,905,1,2,3,1,6,42218,M,,,42
200800039543,8,7,2,750,1,2,1,1,3,42275,M,,,42
200800039544,8,7,3,1150,1,2,3,3,6,42218,M,,,42
200800039545,8,7,3,1320,1,2,3,1,6,42218,M,4527570.0,424040.0,42
200800039546,8,7,3,1405,1,2,5,7,6,42218,M,,,42
200800039547,8,7,3,2050,1,2,3,1,3,42218,M,,,42
200800039548,8,7,4,1220,1,2,3,1,3,42218,M,,,42
200800039549,8,7,4,1625,1,2,1,1,2,42218,M,,,42
200800039550,8,7,4,1946,1,2,2,1,3,42218,M,,,42
200800039551,8,7,5,1525,1,2,1,1,6,42218,M,,,42
200800039552,8,7,5,1750,1,2,1,1,6,42218,M,,,42
200800039553,8,7,9,1606,1,2,1,1,6,42218,M,4544093.0,439938.0,42
200800039554,8,7,9,1740,1,2,1,1,6,42218,M,,,42
200800039555,8,7,9,1850,1,2,3,1,6,42218,M,4544079.0,440226.0,42
200800039556,8,7,15,915,3,2,2,1,3,42218,M,,,42
200800039557,8,7,15,1321,1,2,3,1,3,42218,M,,,42
200800039558,8,7,17,1815,1,2,1,1,4,42218,M,,,42
200800039559,8,7,19,1130,2,2,1,1,6,42218,M,,,42
200800039560,8,7,19,1558,1,2,1,1,6,42218,M,,,42
200800039561,8,7,21,900,1,2,3,1,3,42218,M,,,42
200800039562,8,7,21,1329,1,2,2,1,3,42218,M,4542693.0,438680.0,42
200800039563,8,7,21,1643,1,2,1,1,3,42275,M,,,42
200800039564,8,7,21,1837,1,2,3,1,1,42218,M,4542693.0,438680.0,42
200800039565,8,7,23,715,1,2,1,1,6,42237,M,4542479.0,439575.0,42
200800039566,8,7,28,1013,1,2,2,1,4,42218,M,,,42
200800039567,8,7,2,1030,1,2,1,1,6,43002,M,,,43
200800039568,8,7,2,1003,1,2,1,1,6,43157,M,,,43
200800039569,8,7,19,935,1,2,1,1,3,43046,M,,,43
200800039570,8,7,20,1645,1,2,1,1,3,43041,M,,,43
200800039571,8,7,23,1410,1,2,9,1,6,43041,M,,,43
200800039572,8,7,24,2250,5,1,3,1,3,43041,M,,,43
200800039573,8,7,26,1155,1,2,1,1,6,43046,M,,,43
200800039574,8,7,2,2020,1,2,6,1,3,44055,M,,,44
200800039575,8,7,5,1200,1,2,1,1,6,44135,M,,,44
200800039576,8,7,5,1848,1,2,1,1,3,44132,M,,,44
200800039577,8,7,7,1215,1,2,1,2,4,44055,M,,,44
200800039578,8,7,14,130,5,2,1,1,7,44055,M,,,44
200800039579,8,7,13,1411,1,2,1,1,1,44132,M,,,44
200800039580,8,7,15,1545,1,2,9,1,3,44055,M,,,44
200800039581,8,7,15,1640,1,2,1,1,6,44132,M,,,44
200800039582,8,7,16,1644,1,2,1,1,6,44132,M,,,44
200800039583,8,7,21,315,5,2,1,1,6,44132,M,,,44