Num_Acc,an,mois,jour,hrmn,lum,agg,int,atm,col,com,gps,lat,long,dep
200800039584,8,7,23,825,1,2,2,1,6,44132,M,,,44
200800039585,8,7,7,400,5,2,1,1,6,44055,M,,,44
200800039586,8,7,27,1300,1,2,6,1,7,44135,M,,,44
200800039587,8,7,29,1800,1,2,1,1,6,44055,M,,,44
200800039588,8,7,2,950,1,2,3,2,6,44143,M,,,44
200800039589,8,7,2,755,1,2,1,3,6,44109,M,,,44
200800039590,8,7,7,2150,2,2,1,2,2,44109,M,,,44
200800039591,8,7,7,1050,1,1,1,3,6,44143,M,,,44
200800039592,8,7,4,1030,1,2,3,1,3,44162,M,,,44
200800039593,8,7,4,1315,1,2,6,8,3,44162,M,,,44
200800039594,8,7,7,1545,1,2,6,1,6,44190,M,,,44
200800039595,8,7,10,1800,1,2,2,2,6,44109,M,,,44
200800039596,8,7,9,1600,1,2,1,1,3,44109,M,,,44
200800039597,8,7,12,1020,1,1,1,8,4,44114,M,,,44
200800039598,8,7,12,555,2,1,1,1,6,44162,M,,,44
200800039599,8,7,5,55,5,2,1,1,2,44109,M,,,44
200800039600,8,7,13,415,5,2,2,1,3,44109,M,,,44
200800039601,8,7,11,1710,1,2,6,1,3,44162,M,,,44
200800039602,8,7,16,1155,1,1,9,1,2,44109,M,,,44
200800039603,8,7,17,540,5,1,1,1,6,44109,M,,,44
200800039604,8,7,19,750,1,1,1,1,6,44109,M,,,44
200800039605,8,7,18,2315,5,2,1,1,6,44109,M,,,44
200800039606,8,7,18,1840,1,2,1,1,6,44109,M,,,44
200800039607,8,7,18,1830,1,1,3,1,3,44109,M,,,44
200800039608,8,7,21,2045,1,2,2,1,6,44109,M,,,44
200800039609,8,7,3,1810,1,2,1,1,2,44109,M,,,44
200800039610,8,7,22,1230,1,2,1,1,6,44109,M,,,44
200800039611,8,7,23,1920,1,1,1,1,2,44109,M,,,44
200800039612,8,7,23,1725,1,1,1,1,6,44109,M,,,44
200800039613,8,7,24,800,1,2,3,1,6,44143,M,,,44
200800039614,8,7,24,2000,1,2,1,1,6,44109,M,,,44
200800039615,8,7,28,1340,1,2,1,1,6,44143,M,,,44
200800039616,8,7,23,1330,1,2,2,1,6,44109,M,,,44
200800039617,8,7,17,2320,4,2,1,1,7,44109,M,,,44
200800039618,8,7,30,1650,1,1,1,1,2,44114,M,,,44
200800039619,8,7,27,1150,1,2,1,1,6,44109,M,,,44
200800039620,8,7,31,1000,1,2,2,1,3,44109,M,,,44
200800039621,8,7,10,1406,1,2,2,8,2,44184,M,,,44
200800039622,8,7,10,1637,1,2,1,3,6,44184,M,,,44
200800039623,8,7,12,2140,1,2,3,1,3,44184,M,,,44
200800039624,8,7,17,1325,1,2,3,1,3,44184,M,,,44
200800039625,8,7,22,1925,1,2,2,1,3,44184,M,,,44
200800039626,8,7,29,2138,1,2,1,1,6,44184,M,,,44
200800039627,8,7,30,2015,1,2,1,1,3,45004,M,,,45
200800039628,8,7,1,830,1,1,1,1,2,45284,M,,,45
200800039629,8,7,3,1650,1,2,1,1,1,45285,M,,,45
200800039630,8,7,4,450,5,2,1,1,7,45234,M,,,45
200800039631,8,7,5,2355,5,2,1,1,3,45234,M,,,45
200800039632,8,7,6,2050,1,2,1,1,6,45234,M,,,45
200800039633,8,7,8,745,1,2,1,1,2,45075,M,,,45
200800039634,8,7,8,1755,1,2,1,1,5,45234,M,,,45
200800039635,8,7,10,1005,1,2,1,1,2,45285,M,,,45
200800039636,8,7,10,1805,1,1,1,1,2,45147,M,,,45
200800039637,8,7,11,835,1,2,1,1,6,45169,M,,,45
200800039638,8,7,11,1350,1,2,2,2,6,45234,M,,,45
200800039639,8,7,13,1920,1,2,3,1,3,45284,M,,,45
200800039640,8,7,13,1545,1,2,1,1,7,45232,M,,,45
200800039641,8,7,14,1210,1,2,6,1,3,45234,M,,,45
200800039642,8,7,15,1720,1,2,1,1,3,45285,M,,,45
200800039643,8,7,17,1240,1,2,3,1,7,45302,M,,,45
200800039644,8,7,20,1940,1,2,2,1,3,45234,M,,,45
200800039645,8,7,18,1445,1,2,6,1,1,45285,M,,,45
200800039646,8,7,21,2000,1,1,1,1,7,45308,M,,,45
200800039647,8,7,23,1240,1,2,1,1,3,45147,M,,,45
200800039648,8,7,23,1920,1,2,1,1,2,45232,M,,,45
200800039649,8,7,27,1545,1,2,1,1,3,45234,M,,,45
200800039650,8,7,27,600,2,1,1,1,6,45284,M,,,45
200800039651,8,7,25,1550,1,2,1,1,6,45075,M,,,45
200800039652,8,7,30,1525,1,2,2,1,3,45286,M,,,45
200800039653,8,7,29,1825,1,1,1,1,7,45234,M,,,45
200800039654,8,7,30,1640,1,2,1,1,3,45234,M,,,45
200800039655,8,7,19,1210,1,2,1,1,7,46156,M,,,46
200800039656,8,7,4,1531,1,1,1,1,3,47001,M,,,47
200800039657,8,7,16,1415,1,2,1,1,7,47001,M,,,47
200800039658,8,7,17,1315,1,2,2,1,3,47001,M,,,47
200800039659,8,7,17,2121,2,2,1,1,2,47001,M,,,47
200800039660,8,7,12,1810,1,2,3,1,3,47323,M,,,47
200800039661,8,7,16,525,2,1,1,1,7,47323,M,,,47
200800039662,8,7,30,1910,1,2,6,1,3,48095,M,4452728.0,347426.0,48
200800039663,8,7,1,604,1,2,1,1,7,49007,M,,,49
200800039664,8,7,1,817,1,2,1,1,7,49007,M,,,49
200800039665,8,7,1,1320,1,2,1,1,7,49353,M,,,49
200800039666,8,7,1,1848,1,2,1,1,6,49007,M,,,49
200800039667,8,7,1,1906,1,2,1,1,7,49007,M,,,49
200800039668,8,7,2,1028,1,2,1,2,7,49267,M,,,49
200800039669,8,7,2,1717,1,2,1,1,3,49007,M,,,49
200800039670,8,7,3,1845,1,2,1,1,3,49007,M,,,49
200800039671,8,7,7,1714,1,2,1,1,7,49007,M,,,49
200800039672,8,7,5,952,1,2,1,1,3,49007,M,,,49
200800039673,8,7,6,1023,1,2,1,1,3,49007,M,,,49
200800039674,8,7,7,1158,1,2,1,1,5,49007,M,,,49
200800039675,8,7,11,1950,1,2,1,1,7,49015,M,,,49
200800039676,8,7,13,1600,1,2,1,1,3,49246,M,,,49
200800039677,8,7,16,1916,1,2,1,1,3,49007,M,,,49
200800039678,8,7,19,1420,1,2,2,1,3,49007,M,,,49
200800039679,8,7,20,1644,1,2,3,1,2,49007,M,,,49
200800039680,8,7,22,1000,1,2,1,1,7,49007,M,,,49
200800039681,8,7,23,2215,5,2,1,1,6,49007,M,,,49
200800039682,8,7,24,1738,1,2,1,1,6,49007,M,,,49
200800039683,8,7,24,850,1,2,3,1,6,49007,M,,,49
200800039684,8,7,25,908,1,2,1,1,7,49007,M,,,49
200800039685,8,7,25,1248,1,2,1,1,7,49007,M,,,49
200800039686,8,7,25,1506,1,2,6,1,7,49007,M,,,49
200800039687,8,7,26,1014,1,2,1,1,7,49007,M,,,49
200800039688,8,7,26,1748,1,2,2,1,3,49007,M,,,49
200800039689,8,7,27,2023,1,2,1,1,7,49007,M,,,49
200800039690,8,7,28,1200,1,2,1,1,3,49007,M,,,49
200800039691,8,7,28,2032,1,2,1,1,7,49007,M,,,49
200800039692,8,7,29,1030,1,2,1,1,6,49007,M,,,49
200800039693,8,7,29,1630,1,2,1,1,7,49007,M,,,49
200800039694,8,7,30,1208,1,2,2,1,3,49015,M,,,49
200800039695,8,7,31,1204,1,2,1,1,3,49246,M,,,49
200800039696,8,7,31,1822,1,2,1,1,7,49007,M,,,49
200800039697,8,7,26,1730,1,2,1,1,6,49007,M,,,49
200800039698,8,7,7,1702,1,2,2,8,3,49099,M,,,49
200800039699,8,7,7,1750,1,2,1,1,6,49099,M,,,49
200800039700,8,7,17,1645,1,2,3,1,3,49099,M,,,49
200800039701,8,7,18,1430,1,2,1,1,3,49099,M,,,49
200800039702,8,7,20,1230,1,2,3,1,6,49099,M,,,49
200800039703,8,7,30,850,1,1,1,1,6,49099,M,,,49
200800039704,8,7,30,1030,1,2,6,1,3,49099,M,,,49
200800039705,8,7,1,735,1,1,1,7,6,49328,M,,,49
200800039706,8,7,2,1525,1,2,1,1,3,49328,M,,,49
200800039707,8,7,26,1115,1,2,1,1,4,49328,M,,,49
200800039708,8,7,19,1710,1,2,1,1,2,49328,M,,,49
200800039709,8,7,25,1755,1,2,1,1,3,49328,M,,,49
200800039710,8,7,4,1730,1,2,3,1,7,50129,M,,,50
200800039711,8,7,5,1820,1,2,1,1,7,50602,M,,,50
200800039712,8,7,6,110,5,1,1,1,7,50129,M,,,50
200800039713,8,7,6,1920,1,1,1,1,1,50602,M,,,50
200800039714,8,7,10,1100,1,2,2,1,7,50129,M,,,50
200800039715,8,7,11,1140,1,2,3,1,2,50129,M,,,50
200800039716,8,7,15,115,5,2,3,1,3,50602,M,,,50
200800039717,8,7,16,1315,1,2,1,1,4,50129,M,,,50
200800039718,8,7,19,2330,5,2,1,1,2,50129,M,,,50
200800039719,8,7,20,530,5,2,1,1,6,50173,M,,,50
200800039720,8,7,21,1445,1,1,1,1,6,50602,M,,,50
200800039721,8,7,25,1210,1,2,1,1,6,50173,M,,,50
200800039722,8,7,26,1850,1,2,1,1,6,50602,M,,,50
200800039723,8,7,31,600,5,2,2,1,3,50129,M,,,50
200800039724,8,7,2,1900,1,1,1,1,1,50165,M,,,50
200800039725,8,7,12,925,1,2,1,1,1,50218,M,,,50
200800039726,8,7,18,2325,3,1,1,1,6,50647,M,,,50
200800039727,8,7,22,940,1,1,1,1,7,50218,M,,,50
200800039728,8,7,22,1030,1,2,1,1,3,50165,M,,,50
200800039729,8,7,22,1235,1,1,2,1,3,50532,M,,,50
200800039730,8,7,27,610,2,1,1,1,1,50502,M,,,50
200800039731,8,7,31,1425,1,2,1,1,2,50502,M,,,50
200800039732,8,7,2,1830,1,2,1,1,6,51108,M,,,51
200800039733,8,7,10,2230,5,2,2,1,3,51453,M,,,51
200800039734,8,7,14,1735,1,2,1,1,6,51108,M,,,51
200800039735,8,7,24,2025,1,2,9,1,6,51108,M,,,51
200800039736,8,7,4,1620,1,2,1,1,6,51230,M,,,51
200800039737,8,7,5,300,4,2,2,1,1,51454,M,,,51
200800039738,8,7,5,1540,1,2,1,2,6,51573,M,,,51
200800039739,8,7,8,1500,1,2,1,1,6,51454,M,,,51
200800039740,8,7,11,1935,1,2,1,1,2,51454,M,,,51
200800039741,8,7,13,2035,1,2,2,1,1,51454,M,,,51
200800039742,8,7,14,1650,1,2,1,1,1,51454,M,,,51
200800039743,8,7,15,915,1,2,3,7,6,51454,M,,,51
200800039744,8,7,21,1100,1,2,1,1,6,51454,M,,,51
200800039745,8,7,24,1850,1,2,1,1,6,51454,M,,,51
200800039746,8,7,28,1245,1,2,3,1,6,51454,M,,,51
200800039747,8,7,10,1000,1,2,1,1,6,52121,M,,,52
200800039748,8,7,18,1430,1,2,1,1,7,52121,M,,,52
200800039749,8,7,22,1510,1,2,2,1,6,52121,M,,,52
200800039750,8,7,22,1820,1,2,1,1,6,52121,M,,,52
200800039751,8,7,4,1915,1,2,1,1,7,52121,M,,,52
200800039752,8,7,8,650,1,1,1,2,6,52121,M,,,52
200800039753,8,7,20,55,5,2,1,1,7,52121,M,,,52
200800039754,8,7,2,1635,1,1,1,8,3,52104,M,,,52
200800039755,8,7,2,1910,2,1,1,3,6,52448,M,,,52
200800039756,8,7,4,1600,1,2,2,1,3,52448,M,,,52
200800039757,8,7,26,758,2,2,1,2,7,52448,M,,,52
200800039758,8,7,26,1910,1,2,1,1,7,52448,M,,,52
200800039759,8,7,1,1345,1,2,1,1,1,53130,M,,,53
200800039760,8,7,17,1520,1,2,2,1,7,53130,M,,,53
200800039761,8,7,22,1650,1,1,2,1,5,53130,M,,,53
200800039762,8,7,28,345,5,2,1,1,6,53130,M,,,53
200800039763,8,7,10,736,1,1,1,1,3,54371,M,,,54
200800039764,8,7,22,2150,5,2,1,1,6,54159,M,,,54
200800039765,8,7,3,1920,2,1,1,8,1,54254,M,,,54
200800039766,8,7,4,200,5,2,1,1,6,54395,M,,,54
200800039767,8,7,1,1600,1,2,2,7,3,54395,M,,,54
200800039768,8,7,1,2015,1,2,1,1,3,54547,M,,,54
200800039769,8,7,3,1935,1,2,1,1,2,54395,M,,,54
200800039770,8,7,4,215,5,2,1,1,7,54395,M,,,54
200800039771,8,7,4,1830,1,2,1,1,2,54395,M,,,54
200800039772,8,7,4,2000,1,2,2,1,3,54395,M,,,54
200800039773,8,7,7,1250,1,2,2,1,6,54578,M,,,54
200800039774,8,7,7,1714,1,2,1,2,4,54526,M,,,54
200800039775,8,7,7,1815,1,2,1,1,6,54257,M,,,54
200800039776,8,7,9,1250,1,2,1,1,3,54395,M,,,54
200800039777,8,7,9,1745,1,1,4,1,4,54547,M,,,54
200800039778,8,7,10,945,1,2,2,1,6,54395,M,,,54
200800039779,8,7,10,2210,5,1,1,1,6,54547,M,,,54
200800039780,8,7,12,1712,1,2,4,1,2,54304,M,,,54
200800039781,8,7,13,1945,1,2,3,1,7,54498,M,,,54
200800039782,8,7,18,1630,1,2,3,1,6,54395,M,,,54
200800039783,8,7,21,2120,2,2,2,1,3,54395,M,,,54
200800039784,8,7,23,1845,1,2,2,1,4,54395,M,,,54
200800039785,8,7,24,1100,1,2,3,1,2,54395,M,,,54
200800039786,8,7,25,2035,1,1,1,1,7,54547,M,,,54
200800039787,8,7,26,1210,1,2,1,1,6,54395,M,,,54
200800039788,8,7,31,1740,1,2,9,7,2,54547,M,,,54
200800039789,8,7,23,1345,1,2,1,1,1,54167,M,,,54
200800039790,8,7,24,1655,1,2,1,1,2,54528,M,,,54
200800039791,8,7,3,825,1,1,9,2,6,55186,M,,,55
200800039792,8,7,10,1830,1,2,1,1,2,55029,M,,,55
200800039793,8,7,19,1135,1,2,1,1,6,55029,M,,,55
200800039794,8,7,19,2045,1,2,1,1,6,55029,M,,,55
200800039795,8,7,26,930,1,2,1,1,6,55029,M,,,55
200800039796,8,7,1,1345,1,1,1,1,1,55545,M,,,55
200800039797,8,7,6,1900,1,2,1,1,2,55545,M,,,55
200800039798,8,7,26,435,2,1,1,1,7,55545,M,,,55
200800039799,8,7,1,1006,1,2,1,1,3,56121,M,,,56
200800039800,8,7,2,1125,1,2,1,1,2,56121,M,,,56
200800039801,8,7,2,1215,1,2,1,1,3,56098,M,,,56
200800039802,8,7,2,1650,1,2,1,1,7,56121,M,,,56
200800039803,8,7,5,1033,1,2,2,1,3,56121,M,,,56
200800039804,8,7,5,1445,1,2,1,1,6,56121,M,,,56
200800039805,8,7,10,1720,1,2,1,1,7,56098,M,,,56
200800039806,8,7,8,1720,1,2,3,1,3,56121,M,,,56
200800039807,8,7,11,1735,1,2,2,1,3,56121,M,,,56
200800039808,8,7,11,2120,1,1,1,1,7,56162,M,,,56
200800039809,8,7,11,2313,5,2,1,1,3,56098,M,,,56
200800039810,8,7,17,2210,1,2,9,1,3,56107,M,,,56
200800039811,8,7,17,1655,1,2,1,1,7,56162,M,,,56
200800039812,8,7,18,830,1,2,1,1,3,56083,M,,,56
200800039813,8,7,20,200,3,1,1,1,7,56162,M,,,56
200800039814,8,7,20,1530,1,2,1,1,7,56107,M,,,56
200800039815,8,7,21,825,1,2,1,1,3,56121,M,,,56
200800039816,8,7,21,1905,1,1,3,1,3,56098,M,,,56
200800039817,8,7,22,1825,1,2,1,1,7,56083,M,,,56
200800039818,8,7,24,2255,5,2,1,1,6,56121,M,,,56
200800039819,8,7,25,1603,1,1,1,3,6,56098,M,,,56
200800039820,8,7,26,120,4,1,1,1,6,56083,M,,,56
200800039821,8,7,26,2155,5,2,1,1,7,56098,M,,,56
200800039822,8,7,28,1427,1,2,1,3,7,56162,M,,,56
200800039823,8,7,31,1842,1,2,6,2,7,56121,M,,,56
200800039824,8,7,2,1605,1,2,3,2,6,56260,M,,,56
200800039825,8,7,4,1115,1,2,1,2,6,56260,M,,,56
200800039826,8,7,6,1325,1,2,1,8,3,56260,M,,,56
200800039827,8,7,15,1605,1,2,1,1,3,56260,M,,,56
200800039828,8,7,19,1505,1,2,6,1,7,56260,M,,,56
200800039829,8,7,1,1115,1,2,1,1,5,56260,M,,,56
200800039830,8,7,1,1745,1,2,1,1,6,56260,M,,,56
200800039831,8,7,2,2110,1,2,1,1,6,56260,M,,,56
200800039832,8,7,17,750,1,2,7,1,2,56260,M,,,56
200800039833,8,7,30,1800,1,2,1,1,6,56260,M,,,56
200800039834,8,7,31,1400,1,1,3,1,7,56260,M,,,56
200800039835,8,7,4,1505,1,2,1,1,1,57227,M,,,57
200800039836,8,7,7,955,1,2,3,1,6,57227,M,,,57
200800039837,8,7,15,745,1,2,2,1,3,57227,M,,,57
200800039838,8,7,1,2110,1,2,1,1,6,57253,M,,,57
200800039839,8,7,1,1510,1,2,1,1,6,57253,M,,,57
200800039840,8,7,11,1825,1,2,1,2,3,57019,M,,,57
200800039841,8,7,30,1200,1,1,6,1,6,57143,M,,,57
200800039842,8,7,26,1750,1,2,1,1,6,57253,M,,,57
200800039843,8,7,2,1055,1,2,1,1,6,57463,M,,,57
200800039844,8,7,3,1320,1,2,1,1,6,57463,M,,,57
200800039845,8,7,5,440,5,2,2,1,3,57049,M,,,57
200800039846,8,7,9,1510,1,2,1,1,5,57463,M,,,57
200800039847,8,7,9,1955,1,2,2,1,3,57487,M,,,57
200800039848,8,7,10,800,1,2,1,1,6,57463,M,,,57
200800039849,8,7,11,755,2,2,3,1,3,57463,M,,,57
200800039850,8,7,17,800,1,1,1,2,5,57447,M,,,57
200800039851,8,7,26,1340,1,1,4,1,3,57487,M,,,57
200800039852,8,7,27,1120,1,2,1,1,6,57463,M,,,57
200800039853,8,7,30,1435,1,2,1,1,6,57463,M,,,57
200800039854,8,7,30,1830,5,2,2,1,3,57480,M,,,57
200800039855,8,7,31,1610,1,2,1,1,6,57463,M,,,57
200800039856,8,7,31,1740,1,1,1,1,2,57463,M,,,57
200800039857,8,7,4,1610,1,2,1,1,2,57630,M,,,57
200800039858,8,7,4,535,2,2,3,1,3,57631,M,,,57
200800039859,8,7,24,1715,1,2,2,1,3,57631,M,,,57
200800039860,8,7,13,505,5,2,1,1,6,57631,M,,,57
200800039861,8,7,10,815,1,2,1,1,3,57672,M,,,57
200800039862,8,7,13,1715,1,2,1,1,2,57306,M,,,57
200800039863,8,7,18,730,1,2,3,1,1,57221,M,,,57
200800039864,8,7,19,2320,3,1,1,1,6,57221,M,,,57
200800039865,8,7,26,1050,1,2,2,1,3,57672,M,,,57
200800039866,8,7,23,1600,1,2,1,1,2,57368,M,,,57
200800039867,8,7,26,1051,1,2,1,1,2,57672,M,,,57
200800039868,8,7,29,1625,1,2,1,1,1,57672,M,,,57
200800039869,8,7,31,1747,1,2,1,1,2,57757,M,,,57
200800039870,8,7,29,1605,1,2,1,1,7,58194,M,,,58
200800039871,8,7,2,25,5,2,1,1,7,58194,M,,,58
200800039872,8,7,7,1215,1,2,1,2,4,58194,M,,,58
200800039873,8,7,8,1715,1,2,3,1,3,58194,M,,,58
200800039874,8,7,11,1630,1,2,9,1,6,58194,M,,,58
200800039875,8,7,18,1635,1,2,1,1,6,58194,M,,,58
200800039876,8,7,19,1200,1,2,1,1,6,58194,M,,,58
200800039877,8,7,11,1830,1,2,1,1,6,58194,M,,,58
200800039878,8,7,17,620,1,2,1,1,1,58194,M,,,58
200800039879,8,7,20,2030,1,2,1,1,6,58194,M,,,58
200800039880,8,7,22,1925,1,2,2,1,3,58194,M,,,58
200800039881,8,7,11,956,1,2,1,1,3,59345,M,,,59
200800039882,8,7,15,1710,1,2,1,1,6,59017,M,,,59
200800039883,8,7,23,1600,1,2,1,1,2,59317,M,,,59
200800039884,8,7,8,1830,1,2,1,8,2,59041,M,,,59
200800039885,8,7,19,50,3,1,1,2,7,59043,M,,,59
200800039886,8,7,11,1440,1,2,2,1,1,59172,M,,,59
200800039887,8,7,27,1610,1,1,9,1,6,59302,M,,,59
200800039888,8,7,5,2040,5,2,1,3,6,59334,M,,,59
200800039889,8,7,2,2000,1,2,1,1,6,59183,M,,,59
200800039890,8,7,3,1340,1,2,1,1,1,59540,M,,,59
200800039891,8,7,6,2210,2,2,1,1,6,59271,M,,,59
200800039892,8,7,6,1545,1,1,1,1,6,59588,M,,,59
200800039893,8,7,11,1230,1,2,2,1,3,59183,M,,,59
200800039894,8,7,13,1040,1,2,1,1,6,59155,M,,,59
200800039895,8,7,13,1330,1,2,1,1,6,59540,M,,,59
200800039896,8,7,14,1900,1,2,1,1,7,59540,M,,,59
200800039897,8,7,18,1805,1,2,1,1,6,59340,M,,,59
200800039898,8,7,27,1310,1,2,1,1,6,59271,M,,,59
200800039899,8,7,29,1755,1,2,1,1,7,59183,M,,,59
200800039900,8,7,29,2140,5,2,9,1,3,59155,M,,,59
200800039901,8,7,30,110,5,2,1,1,7,59271,M,,,59
200800039902,8,7,10,1220,1,2,6,2,7,59183,M,,,59
200800039903,8,7,4,1018,1,2,3,1,3,59261,M,,,59
200800039904,8,7,24,1125,1,2,1,1,6,59295,M,,,59
200800039905,8,7,1,1720,1,1,1,1,3,59324,M,,,59
200800039906,8,7,14,215,5,2,1,1,2,59324,M,,,59
200800039907,8,7,31,1635,1,2,2,1,3,59324,M,,,59
200800039908,8,7,1,645,1,2,1,1,6,59350,M,,,59
200800039909,8,7,1,2020,1,2,1,1,3,59378,M,,,59
200800039910,8,7,2,1615,1,2,2,8,2,59350,M,,,59
200800039911,8,7,2,1625,1,2,2,1,3,59350,M,,,59
200800039912,8,7,2,1640,1,2,1,2,6,59350,M,,,59
200800039913,8,7,2,2350,4,2,1,2,7,59350,M,,,59
200800039914,8,7,3,800,1,2,1,1,2,59648,M,,,59
200800039915,8,7,3,1645,1,2,1,3,6,59378,M,,,59
200800039916,8,7,3,1615,1,2,1,1,6,59009,M,,,59
200800039917,8,7,3,1530,1,2,1,1,2,59350,M,,,59
200800039918,8,7,4,845,1,2,1,1,6,59009,M,,,59
200800039919,8,7,4,1455,1,2,3,1,3,59636,M,,,59
200800039920,8,7,4,1625,1,2,1,1,3,59560,M,,,59
200800039921,8,7,4,1700,1,2,1,1,7,59350,M,,,59
200800039922,8,7,4,1850,1,2,1,1,6,59350,M,,,59
200800039923,8,7,1,910,1,2,4,1,6,59378,M,,,59
200800039924,8,7,8,100,5,2,1,1,7,59350,M,,,59
200800039925,8,7,7,1800,1,2,3,1,6,59609,M,,,59
200800039926,8,7,8,830,1,2,3,1,3,59350,M,,,59
200800039927,8,7,8,1750,1,2,1,1,6,59507,M,,,59
200800039928,8,7,9,735,1,2,1,1,6,59648,M,,,59
200800039929,8,7,9,1300,1,2,2,1,3,59350,M,,,59
200800039930,8,7,10,915,1,2,1,1,6,59009,M,,,59
200800039931,8,7,10,1535,1,2,3,3,6,59386,M,,,59
200800039932,8,7,11,915,1,2,1,1,4,59009,M,,,59
200800039933,8,7,10,1745,1,2,1,1,6,59350,M,,,59
200800039934,8,7,11,1455,1,2,2,1,3,59360,M,,,59
200800039935,8,7,13,1310,1,2,1,1,6,59386,M,,,59
200800039936,8,7,14,1415,1,2,1,1,7,59350,M,,,59
200800039937,8,7,14,2055,2,2,1,1,6,59343,M,,,59
200800039938,8,7,16,1810,1,2,1,1,3,59009,M,,,59
200800039939,8,7,16,1500,1,2,1,1,6,59350,M,,,59
200800039940,8,7,17,900,1,2,1,1,6,59350,M,,,59
200800039941,8,7,11,1440,1,2,1,1,6,59220,M,,,59
200800039942,8,7,10,1850,1,1,1,3,6,59009,M,,,59
200800039943,8,7,18,1110,1,2,1,1,3,59009,M,,,59
200800039944,8,7,18,1415,1,2,1,1,6,59350,M,,,59
200800039945,8,7,19,1245,1,2,3,1,3,59507,M,,,59
200800039946,8,7,18,2230,1,2,1,1,6,59350,M,,,59
200800039947,8,7,21,1230,1,2,2,1,6,59378,M,,,59
200800039948,8,7,22,1445,1,2,3,1,6,59356,M,,,59
200800039949,8,7,23,1750,1,2,1,1,6,59636,M,,,59
200800039950,8,7,24,905,1,2,2,1,6,59009,M,,,59
200800039951,8,7,24,1420,1,1,6,1,6,59560,M,,,59
200800039952,8,7,26,1530,1,2,1,1,6,59328,M,,,59
200800039953,8,7,26,1615,1,2,2,1,6,59350,M,,,59
200800039954,8,7,27,1250,1,2,1,1,6,59350,M,,,59
200800039955,8,7,27,1705,1,2,1,1,6,59350,M,,,59
200800039956,8,7,25,1430,1,2,2,1,3,59350,M,,,59
200800039957,8,7,25,1740,1,2,1,1,6,59350,M,,,59
200800039958,8,7,28,1130,1,2,1,1,6,59527,M,,,59
200800039959,8,7,28,1700,1,2,7,1,3,59350,M,,,59
200800039960,8,7,29,105,5,2,1,8,6,59350,M,,,59
200800039961,8,7,29,1220,1,2,2,1,6,59350,M,,,59
200800039962,8,7,31,1100,1,2,2,1,3,59350,M,,,59
200800039963,8,7,30,2000,1,2,1,1,6,59648,M,,,59
200800039964,8,7,28,1415,1,1,1,1,6,59560,M,,,59
200800039965,8,7,16,2105,2,2,1,1,7,59392,M,,,59
200800039966,8,7,25,1400,1,1,1,1,1,59392,M,,,59
200800039967,8,7,27,1100,1,1,6,1,2,59392,M,,,59
200800039968,8,7,1,455,5,1,2,1,3,59512,M,,,59
200800039969,8,7,10,1500,1,2,3,1,3,59367,M,,,59
200800039970,8,7,2,1710,1,2,3,1,3,59512,M,,,59
200800039971,8,7,4,135,5,1,1,1,7,59650,M,,,59
200800039972,8,7,4,1530,1,1,1,1,7,59512,M,,,59
200800039973,8,7,4,2110,1,1,1,1,6,59512,M,,,59
200800039974,8,7,1,800,1,1,2,1,3,59512,M,,,59
200800039975,8,7,5,1610,1,1,2,1,6,59512,M,,,59
200800039976,8,7,9,1440,1,1,3,2,1,59598,M,,,59
200800039977,8,7,6,1640,1,1,1,1,6,59512,M,,,59
200800039978,8,7,9,955,1,1,2,2,3,59650,M,,,59
200800039979,8,7,1,2100,1,2,2,1,3,59512,M,,,59
200800039980,8,7,10,1610,1,2,1,2,3,59646,M,,,59
200800039981,8,7,8,1030,1,1,1,3,3,59512,M,,,59
200800039982,8,7,4,700,1,1,1,1,6,59163,M,,,59
200800039983,8,7,3,1445,1,1,1,1,2,59512,M,,,59
200800039984,8,7,4,1710,1,1,3,1,6,59512,M,,,59
200800039985,8,7,1,1840,1,1,2,1,1,59512,M,,,59
200800039986,8,7,16,1400,1,2,9,1,3,59299,M,,,59
200800039987,8,7,13,1745,1,1,1,1,6,59512,M,,,59
200800039988,8,7,21,122,5,1,2,1,3,59512,M,,,59
200800039989,8,7,18,1230,1,1,1,1,3,59650,M,,,59
200800039990,8,7,18,1420,1,2,1,1,6,59299,M,,,59
200800039991,8,7,24,855,1,1,2,1,3,59512,M,,,59
200800039992,8,7,22,2030,1,2,1,1,3,59332,M,,,59
200800039993,8,7,23,1020,1,1,6,1,3,59299,M,,,59
200800039994,8,7,9,2150,5,1,1,2,2,59512,M,,,59
200800039995,8,7,13,1040,1,2,1,1,3,59650,M,,,59
200800039996,8,7,26,1700,1,1,2,1,3,59512,M,,,59
200800039997,8,7,28,1800,1,2,3,1,3,59650,M,,,59
200800039998,8,7,28,1550,1,1,6,1,3,59512,M,,,59
200800039999,8,7,8,950,1,2,1,1,2,59650,M,,,59
200800040000,8,7,25,1800,1,1,3,1,3,59512,M,,,59
200800040001,8,7,12,1230,1,2,1,8,7,59526,M,,,59
200800040002,8,7,17,1900,1,1,1,1,1,59526,M,,,59
200800040003,8,7,3,1935,1,2,2,1,6,59414,M,,,59
200800040004,8,7,11,1030,1,2,1,8,6,59574,M,,,59
200800040005,8,7,2,2020,1,2,2,1,3,59599,M,,,59
200800040006,8,7,2,1720,1,2,2,8,6,59508,M,,,59
200800040007,8,7,2,1810,1,2,1,1,6,59508,M,,,59
200800040008,8,7,6,1950,1,2,2,2,6,59599,M,,,59
200800040009,8,7,16,1600,1,2,2,1,3,59421,M,,,59
200800040010,8,7,22,800,1,2,3,1,6,59279,M,,,59
200800040011,8,7,21,2030,1,2,4,1,1,59508,M,,,59
200800040012,8,7,22,1340,1,2,1,1,3,59599,M,,,59