Num_Acc,an,mois,jour,hrmn,lum,agg,int,atm,col,com,gps,lat,long,dep
200800040013,8,7,25,1430,1,2,1,1,3,59599,M,,,59
200800040014,8,7,28,2115,2,2,2,1,3,59090,M,,,59
200800040015,8,7,28,1900,1,2,6,1,7,59090,M,,,59
200800040016,8,7,2,915,1,1,1,1,1,59459,M,,,59
200800040017,8,7,5,110,5,2,2,1,3,59606,M,,,59
200800040018,8,7,8,1530,1,2,1,1,6,59014,M,,,59
200800040019,8,7,8,625,2,1,1,1,1,59032,M,,,59
200800040020,8,7,5,1330,1,2,1,3,3,59606,M,,,59
200800040021,8,7,15,305,5,2,1,1,7,59515,M,,,59
200800040022,8,7,21,2105,1,2,1,1,6,59491,M,,,59
200800040023,8,7,28,1355,1,2,1,2,2,59606,M,,,59
200800040024,8,7,29,2105,2,2,1,1,6,59479,M,,,59
200800040025,8,7,23,1740,1,2,3,1,3,59014,M,,,59
200800040026,8,7,22,810,1,2,2,1,3,59383,M,,,59
200800040027,8,7,31,1600,1,1,1,1,3,59160,M,,,59
200800040028,8,7,25,1640,1,2,3,1,3,59383,M,,,59
200800040029,8,7,3,1510,1,2,1,1,3,59606,M,,,59
200800040030,8,7,27,2040,1,2,1,1,6,59544,M,,,59
200800040031,8,7,13,1905,1,2,1,1,6,59383,M,,,59
200800040032,8,7,25,1850,1,2,1,1,2,59564,M,,,59
200800040033,8,7,1,810,1,2,1,1,6,60057,M,,,60
200800040034,8,7,22,1322,1,2,2,1,3,60057,M,,,60
200800040035,8,7,23,1640,1,1,1,1,2,60057,M,,,60
200800040036,8,7,29,1410,1,2,1,1,6,60057,M,,,60
200800040037,8,7,1,1345,1,2,1,1,6,60159,M,,,60
200800040038,8,7,1,2040,1,2,1,1,6,60159,M,,,60
200800040039,8,7,7,1745,1,2,1,3,6,60159,M,,,60
200800040040,8,7,4,1715,1,1,1,1,6,60175,M,,,60
200800040041,8,7,25,1500,1,1,1,1,1,60414,M,,,60
200800040042,8,7,8,1845,1,2,1,1,6,61001,M,,,61
200800040043,8,7,11,1425,1,2,1,1,7,61397,M,,,61
200800040044,8,7,15,1415,1,1,1,1,6,61497,M,,,61
200800040045,8,7,24,940,1,2,2,1,6,61001,M,,,61
200800040046,8,7,1,1950,1,2,3,1,3,62753,M,,,62
200800040047,8,7,2,1805,1,2,2,1,3,62041,M,,,62
200800040048,8,7,22,110,5,2,1,1,6,62041,M,,,62
200800040049,8,7,29,1810,1,2,1,1,3,62041,M,,,62
200800040050,8,7,19,1415,1,2,1,1,1,62724,M,,,62
200800040051,8,7,25,1905,1,2,1,1,6,62570,M,,,62
200800040052,8,7,30,2045,2,2,1,1,7,62277,M,,,62
200800040053,8,7,31,1020,1,1,1,1,6,62724,M,,,62
200800040054,8,7,19,15,3,2,1,2,7,62108,M,,,62
200800040055,8,7,27,1130,1,2,2,1,3,62688,M,,,62
200800040056,8,7,25,1035,1,2,2,1,6,62108,M,,,62
200800040057,8,7,31,1420,1,1,1,1,6,62401,M,,,62
200800040058,8,7,1,1710,1,2,1,1,6,62160,M,,,62
200800040059,8,7,4,1435,1,2,1,1,6,62758,M,,,62
200800040060,8,7,8,2001,1,2,8,1,1,62894,M,,,62
200800040061,8,7,14,1625,1,2,3,1,3,62893,M,,,62
200800040062,8,7,11,2120,1,2,1,1,3,62270,M,,,62
200800040063,8,7,16,400,5,1,1,1,6,62270,M,,,62
200800040064,8,7,13,1455,1,2,1,1,3,62193,M,,,62
200800040065,8,7,18,1250,1,2,1,1,6,62239,M,,,62
200800040066,8,7,26,2010,1,2,3,1,3,62193,M,,,62
200800040067,8,7,28,1800,1,2,1,1,6,62193,M,,,62
200800040068,8,7,30,1130,1,2,1,1,6,62193,M,,,62
200800040069,8,7,4,805,1,1,2,1,3,62215,M,,,62
200800040070,8,7,11,2020,1,2,1,1,3,62666,M,,,62
200800040071,8,7,9,1005,1,2,2,1,3,62907,M,,,62
200800040072,8,7,13,1625,1,2,3,1,3,62311,M,,,62
200800040073,8,7,28,950,1,2,1,1,6,62413,M,,,62
200800040074,8,7,31,1430,1,2,2,1,6,62215,M,,,62
200800040075,8,7,29,1830,1,2,2,1,3,62413,M,,,62
200800040076,8,7,9,1000,1,2,1,1,3,62427,M,,,62
200800040077,8,7,12,1310,1,1,1,1,1,62624,M,,,62
200800040078,8,7,10,1310,1,1,9,1,2,62249,M,,,62
200800040079,8,7,12,1425,1,2,1,1,6,62249,M,,,62
200800040080,8,7,13,1450,1,2,1,1,3,62427,M,,,62
200800040081,8,7,17,1755,1,2,1,2,6,62427,M,,,62
200800040082,8,7,20,645,1,2,1,2,6,62427,M,,,62
200800040083,8,7,29,2115,1,2,1,1,1,62133,M,,,62
200800040084,8,7,5,1925,1,2,1,1,6,62573,M,,,62
200800040085,8,7,3,1435,1,2,1,1,6,62498,M,,,62
200800040086,8,7,3,1630,1,2,1,1,7,62498,M,,,62
200800040087,8,7,3,820,1,2,2,1,3,62498,M,,,62
200800040088,8,7,25,1855,1,2,2,1,3,62498,M,,,62
200800040089,8,7,15,1730,1,2,3,1,3,62523,M,,,62
200800040090,8,7,24,1730,1,2,1,1,6,62498,M,,,62
200800040091,8,7,12,1358,1,1,1,2,5,62510,M,,,62
200800040092,8,7,26,230,5,1,1,1,6,62510,M,,,62
200800040093,8,7,12,2350,5,2,1,1,6,62291,M,,,62
200800040094,8,7,28,2023,2,2,6,3,3,62019,M,,,62
200800040095,8,7,4,1705,1,2,1,1,6,62224,M,,,62
200800040096,8,7,22,1900,1,2,2,1,3,62737,M,,,62
200800040097,8,7,6,1210,1,2,1,1,6,62765,M,,,62
200800040098,8,7,16,910,1,2,1,1,3,62525,M,,,62
200800040099,8,7,22,1850,1,1,1,1,3,62765,M,,,62
200800040100,8,7,2,445,5,2,1,1,6,63032,M,,,63
200800040101,8,7,2,615,1,2,4,1,6,63113,M,,,63
200800040102,8,7,3,910,1,2,1,3,6,63113,M,,,63
200800040103,8,7,3,930,1,2,2,2,1,63113,M,,,63
200800040104,8,7,3,1545,1,2,1,1,6,63014,M,,,63
200800040105,8,7,4,2345,5,2,2,1,6,63113,M,,,63
200800040106,8,7,5,1750,1,2,3,1,3,63113,M,,,63
200800040107,8,7,6,1435,1,2,1,1,6,63113,M,,,63
200800040108,8,7,8,1335,1,2,1,1,6,63032,M,,,63
200800040109,8,7,9,1525,1,2,1,1,2,63113,M,,,63
200800040110,8,7,9,1730,1,1,2,1,6,63014,M,,,63
200800040111,8,7,10,1205,1,2,2,1,6,63113,M,,,63
200800040112,8,7,10,1700,1,2,1,1,3,63113,M,,,63
200800040113,8,7,11,1051,1,2,1,1,6,63113,M,,,63
200800040114,8,7,11,1150,1,2,1,2,6,63014,M,,,63
200800040115,8,7,11,1320,1,2,1,1,4,63113,M,,,63
200800040116,8,7,12,1840,1,2,3,1,6,63113,M,,,63
200800040117,8,7,13,1420,1,1,1,1,6,63113,M,,,63
200800040118,8,7,15,1210,1,2,2,1,6,63075,M,,,63
200800040119,8,7,15,1350,1,2,1,1,6,63113,M,,,63
200800040120,8,7,16,1300,1,2,1,1,6,63014,M,,,63
200800040121,8,7,16,2220,5,2,1,1,6,63113,M,,,63
200800040122,8,7,18,1025,1,2,1,1,6,63113,M,,,63
200800040123,8,7,19,500,3,2,1,1,1,63113,M,,,63
200800040124,8,7,20,150,5,2,1,1,6,63113,M,,,63
200800040125,8,7,21,1630,1,2,1,1,3,63113,M,,,63
200800040126,8,7,22,655,1,2,1,1,6,63070,M,,,63
200800040127,8,7,22,940,1,2,1,1,6,63113,M,,,63
200800040128,8,7,22,1930,1,2,2,1,3,63113,M,,,63
200800040129,8,7,23,2330,5,2,3,1,6,63113,M,,,63
200800040130,8,7,24,935,1,2,1,1,6,63113,M,,,63
200800040131,8,7,25,1430,1,2,1,1,6,63014,M,,,63
200800040132,8,7,25,1920,1,2,1,1,2,63113,M,,,63
200800040133,8,7,24,1600,1,2,2,1,3,63113,M,,,63
200800040134,8,7,26,1215,1,2,1,1,3,63113,M,,,63
200800040135,8,7,27,1610,1,2,1,1,6,63113,M,,,63
200800040136,8,7,29,1315,1,2,2,1,6,63113,M,,,63
200800040137,8,7,30,720,1,2,2,1,3,63113,M,,,63
200800040138,8,7,30,1215,1,2,2,1,3,63113,M,,,63
200800040139,8,7,30,1500,1,2,1,1,6,63113,M,,,63
200800040140,8,7,31,1405,1,2,1,1,6,63113,M,,,63
200800040141,8,7,3,1310,1,2,2,1,3,63193,M,,,63
200800040142,8,7,4,2210,5,2,2,1,3,63124,M,,,63
200800040143,8,7,18,2000,1,2,3,1,1,63164,M,,,63
200800040144,8,7,25,1325,1,2,1,1,1,63063,M,,,63
200800040145,8,7,7,1510,1,1,1,1,3,63300,M,,,63
200800040146,8,7,4,43,5,2,3,1,7,64024,M,,,64
200800040147,8,7,8,1905,1,2,1,1,2,64102,M,,,64
200800040148,8,7,9,1550,1,2,3,1,3,64102,M,,,64
200800040149,8,7,9,1930,1,2,3,1,1,64102,M,,,64
200800040150,8,7,12,1230,1,2,3,2,6,64140,M,,,64
200800040151,8,7,16,1305,1,2,1,1,3,64024,M,,,64
200800040152,8,7,17,2340,5,2,1,1,7,64024,M,,,64
200800040153,8,7,25,1700,1,2,3,1,3,64024,M,,,64
200800040154,8,7,3,1920,1,2,1,1,6,64122,M,,,64
200800040155,8,7,4,925,1,2,1,1,6,64122,M,,,64
200800040156,8,7,8,1835,1,2,1,1,3,64122,M,,,64
200800040157,8,7,11,1752,1,2,3,1,3,64122,M,,,64
200800040158,8,7,12,910,1,2,1,2,7,64122,M,,,64
200800040159,8,7,22,825,1,1,2,1,3,64125,M,,,64
200800040160,8,7,23,1055,1,2,1,1,6,64122,M,,,64
200800040161,8,7,24,1725,1,2,1,1,3,64122,M,,,64
200800040162,8,7,25,1704,1,2,1,1,7,64122,M,,,64
200800040163,8,7,25,1830,1,2,1,1,7,64122,M,,,64
200800040164,8,7,1,2000,1,2,1,1,6,64445,M,,,64
200800040165,8,7,2,2150,5,2,1,2,3,64445,M,,,64
200800040166,8,7,4,1015,1,2,1,1,2,64445,M,,,64
200800040167,8,7,6,215,5,2,2,3,3,64445,M,,,64
200800040168,8,7,4,1850,1,2,1,7,2,64445,M,,,64
200800040169,8,7,9,1603,1,2,2,1,3,64445,M,,,64
200800040170,8,7,9,1455,1,2,4,1,3,64445,M,,,64
200800040171,8,7,10,1605,1,2,2,1,3,64445,M,,,64
200800040172,8,7,15,930,1,2,1,1,6,64445,M,,,64
200800040173,8,7,15,2125,5,2,1,1,2,64445,M,,,64
200800040174,8,7,16,1235,1,2,1,1,1,64445,M,,,64
200800040175,8,7,16,1725,1,2,1,1,7,64445,M,,,64
200800040176,8,7,18,2100,1,2,2,1,3,64445,M,,,64
200800040177,8,7,22,1820,1,2,2,1,3,64348,M,,,64
200800040178,8,7,24,1035,1,2,1,1,2,64445,M,,,64
200800040179,8,7,24,1205,1,2,1,1,2,64335,M,,,64
200800040180,8,7,25,1825,1,2,1,1,3,64445,M,,,64
200800040181,8,7,27,15,5,2,1,1,7,64445,M,,,64
200800040182,8,7,27,1800,1,2,6,1,3,64445,M,,,64
200800040183,8,7,28,1535,1,2,1,1,5,64284,M,,,64
200800040184,8,7,28,920,1,2,1,1,7,64445,M,,,64
200800040185,8,7,29,1735,1,2,3,1,3,64445,M,,,64
200800040186,8,7,1,825,1,2,1,1,3,64483,M,,,64
200800040187,8,7,12,1340,1,2,1,1,3,64189,M,,,64
200800040188,8,7,18,1855,1,1,1,1,7,64545,M,,,64
200800040189,8,7,19,2050,1,2,1,1,3,64483,M,,,64
200800040190,8,7,21,1555,1,2,1,1,2,64189,M,,,64
200800040191,8,7,24,1115,1,2,1,1,1,64249,M,,,64
200800040192,8,7,25,1420,1,2,1,1,2,64483,M,,,64
200800040193,8,7,28,1600,1,1,1,2,4,64545,M,,,64
200800040194,8,7,28,1601,1,1,1,2,2,64545,M,,,64
200800040195,8,7,4,1435,1,2,1,1,3,64483,M,,,64
200800040196,8,7,13,1945,1,1,1,1,6,64189,M,,,64
200800040197,8,7,14,1200,1,2,1,1,1,64545,M,,,64
200800040198,8,7,20,25,3,1,1,1,2,64483,M,,,64
200800040199,8,7,19,1850,1,2,1,1,1,64483,M,,,64
200800040200,8,7,17,1325,1,2,1,1,3,64249,M,,,64
200800040201,8,7,21,130,5,2,3,1,3,64483,M,,,64
200800040202,8,7,28,1000,1,2,1,1,1,64249,M,,,64
200800040203,8,7,28,935,1,1,3,1,1,64249,M,,,64
200800040204,8,7,31,925,1,2,1,1,5,64483,M,,,64
200800040205,8,7,18,1925,1,2,1,1,3,64483,M,,,64
200800040206,8,7,1,1440,1,2,4,1,3,65286,M,,,65
200800040207,8,7,14,1110,1,2,1,1,3,65286,M,,,65
200800040208,8,7,1,1520,1,2,1,1,4,65440,M,,,65
200800040209,8,7,3,850,1,2,3,1,3,65417,M,,,65
200800040210,8,7,3,1255,1,2,3,1,3,65100,M,,,65
200800040211,8,7,4,2105,2,2,1,1,6,65440,M,,,65
200800040212,8,7,6,2305,5,2,1,2,6,65331,M,,,65
200800040213,8,7,8,1825,1,2,1,1,6,65440,M,,,65
200800040214,8,7,5,2150,5,2,2,1,3,65440,M,,,65
200800040215,8,7,10,1015,1,2,2,1,6,65251,M,,,65
200800040216,8,7,21,1200,1,2,1,1,6,65440,M,,,65
200800040217,8,7,24,1358,1,2,1,1,6,65440,M,,,65
200800040218,8,7,24,1950,1,2,2,1,3,65440,M,,,65
200800040219,8,7,24,2220,3,1,1,1,1,65226,M,,,65
200800040220,8,7,4,1230,1,1,1,1,6,66136,M,,,66
200800040221,8,7,6,425,5,2,1,1,6,66136,M,,,66
200800040222,8,7,6,510,5,2,1,1,3,66136,M,,,66
200800040223,8,7,6,556,2,2,2,1,6,66136,M,,,66
200800040224,8,7,18,1830,1,1,1,1,2,66136,M,,,66
200800040225,8,7,18,1520,1,2,1,1,3,66136,M,,,66
200800040226,8,7,22,1915,1,1,1,1,6,66136,M,,,66
200800040227,8,7,24,1810,1,2,1,1,3,66136,M,,,66
200800040228,8,7,5,505,2,1,1,1,1,67180,M,,,67
200800040229,8,7,26,800,1,1,1,1,6,67180,M,,,67
200800040230,8,7,29,1515,1,1,1,1,5,67180,M,,,67
200800040231,8,7,23,1855,1,2,2,1,3,67462,M,,,67
200800040232,8,7,1,750,1,2,1,1,3,67218,M,,,67
200800040233,8,7,1,1300,1,2,2,1,3,67482,M,,,67
200800040234,8,7,1,1420,1,2,1,1,3,67482,M,,,67
200800040235,8,7,1,1850,1,2,2,1,4,67218,M,,,67
200800040236,8,7,2,1015,1,2,4,1,3,67482,M,,,67
200800040237,8,7,2,1145,1,2,2,1,3,67482,M,,,67
200800040238,8,7,2,1941,1,2,1,1,6,67482,M,,,67
200800040239,8,7,3,1250,1,2,1,2,6,67482,M,,,67
200800040240,8,7,3,1305,1,2,2,2,3,67204,M,,,67
200800040241,8,7,4,950,1,2,1,1,2,67482,M,,,67
200800040242,8,7,5,1020,1,2,2,1,3,67218,M,,,67
200800040243,8,7,5,1020,1,2,1,1,6,67267,M,,,67
200800040244,8,7,7,1445,1,2,2,1,3,67482,M,,,67
200800040245,8,7,7,1700,1,2,1,1,4,67218,M,,,67
200800040246,8,7,8,1515,1,2,3,1,2,67482,M,,,67
200800040247,8,7,8,1530,1,2,2,1,3,67447,M,,,67
200800040248,8,7,9,740,1,1,1,1,2,67218,M,,,67
200800040249,8,7,9,930,1,2,1,1,6,67482,M,,,67
200800040250,8,7,10,15,5,2,3,1,6,67482,M,,,67
200800040251,8,7,10,1130,1,2,1,1,3,67482,M,,,67
200800040252,8,7,10,1225,1,2,1,1,3,67482,M,,,67
200800040253,8,7,11,645,1,2,1,1,3,67218,M,,,67
200800040254,8,7,11,1145,1,2,1,1,6,67482,M,,,67
200800040255,8,7,11,1620,1,2,1,2,3,67482,M,,,67
200800040256,8,7,11,1720,1,2,1,8,1,67447,M,,,67
200800040257,8,7,14,1100,1,2,4,1,3,67204,M,,,67
200800040258,8,7,15,910,1,2,3,1,6,67482,M,,,67
200800040259,8,7,15,1620,1,2,1,1,3,67482,M,,,67
200800040260,8,7,17,1820,1,2,1,1,4,67482,M,,,67
200800040261,8,7,18,948,1,2,3,1,3,67482,M,,,67
200800040262,8,7,19,640,1,2,2,1,6,67267,M,,,67
200800040263,8,7,19,810,1,2,2,1,6,67482,M,,,67
200800040264,8,7,19,1117,1,2,1,1,3,67482,M,,,67
200800040265,8,7,20,1145,1,2,2,1,2,67204,M,,,67
200800040266,8,7,21,1805,1,2,3,1,6,67218,M,,,67
200800040267,8,7,24,1230,1,2,3,1,6,67482,M,,,67
200800040268,8,7,25,729,1,2,2,1,3,67482,M,,,67
200800040269,8,7,25,2135,2,2,1,1,6,67482,M,,,67
200800040270,8,7,26,1610,1,2,1,1,3,67218,M,,,67
200800040271,8,7,27,133,5,2,2,1,3,67482,M,,,67
200800040272,8,7,27,2250,5,2,2,1,3,67482,M,,,67
200800040273,8,7,9,2015,1,2,2,1,7,68066,M,,,68
200800040274,8,7,2,1840,1,2,1,1,3,68066,M,,,68
200800040275,8,7,12,312,5,2,2,1,3,68066,M,,,68
200800040276,8,7,15,1515,1,2,2,1,3,68066,M,,,68
200800040277,8,7,16,1337,1,1,1,1,3,68066,M,,,68
200800040278,8,7,18,930,1,2,2,1,7,68066,M,,,68
200800040279,8,7,24,956,1,2,2,1,2,68066,M,,,68
200800040280,8,7,26,1900,1,2,2,1,3,68066,M,,,68
200800040281,8,7,28,1252,1,2,1,1,3,68066,M,,,68
200800040282,8,7,26,1850,1,2,1,1,1,68112,M,,,68
200800040283,8,7,2,1840,1,2,1,1,6,68224,M,,,68
200800040284,8,7,3,1140,1,2,1,2,4,68224,M,,,68
200800040285,8,7,7,1710,1,2,1,1,6,68224,M,,,68
200800040286,8,7,14,1725,1,2,3,1,6,68224,M,,,68
200800040287,8,7,16,1350,1,2,1,1,6,68224,M,,,68
200800040288,8,7,15,1740,1,2,1,1,2,68224,M,,,68
200800040289,8,7,16,2025,1,1,1,1,6,68224,M,,,68
200800040290,8,7,12,2100,2,2,2,1,3,68224,M,,,68
200800040291,8,7,19,1315,1,2,1,1,3,68224,M,,,68
200800040292,8,7,25,805,1,2,1,1,6,68256,M,,,68
200800040293,8,7,25,1705,1,2,3,1,3,68224,M,,,68
200800040294,8,7,27,1700,1,2,1,1,2,68224,M,,,68
200800040295,8,7,23,1720,1,2,3,1,3,68224,M,,,68
200800040296,8,7,30,1445,1,2,3,1,3,68224,M,,,68
200800040297,8,7,24,1525,1,2,2,1,5,68224,M,,,68
200800040298,8,7,2,1145,1,2,3,1,6,68224,M,,,68
200800040299,8,7,25,310,4,1,1,1,2,68224,M,,,68
200800040300,8,7,19,1137,1,2,3,1,3,68224,M,,,68
200800040301,8,7,5,2209,3,1,1,1,3,68297,M,,,68
200800040302,8,7,4,540,2,2,2,1,3,69029,M,,,69
200800040303,8,7,7,1745,1,2,1,1,6,69029,M,,,69
200800040304,8,7,15,730,1,2,1,1,3,69029,M,,,69
200800040305,8,7,12,1920,1,2,3,1,3,69029,M,,,69
200800040306,8,7,20,1330,1,2,2,1,6,69034,M,,,69
200800040307,8,7,22,735,1,2,3,1,3,69034,M,,,69
200800040308,8,7,23,230,5,2,1,1,6,69034,M,,,69
200800040309,8,7,27,1740,1,2,1,1,3,69034,M,,,69
200800040310,8,7,3,941,1,2,1,1,7,69091,M,,,69
200800040311,8,7,7,725,1,2,2,1,6,69149,M,,,69
200800040312,8,7,4,2100,2,2,3,1,3,69202,M,,,69
200800040313,8,7,16,1230,1,2,1,1,2,69142,M,,,69
200800040314,8,7,18,1830,1,2,1,1,3,69152,M,,,69
200800040315,8,7,9,1030,1,2,3,1,3,69202,M,,,69
200800040316,8,7,29,1220,1,2,2,1,2,69259,M,,,69
200800040317,8,7,1,800,1,2,1,1,3,69259,M,,,69
200800040318,8,7,3,1800,1,2,1,1,2,69259,M,,,69
200800040319,8,7,5,1415,1,2,1,1,3,69259,M,,,69
200800040320,8,7,15,2130,5,2,3,1,3,69259,M,,,69
200800040321,8,7,16,1620,1,2,1,1,1,69259,M,,,69
200800040322,8,7,17,2030,2,2,2,1,3,69259,M,,,69
200800040323,8,7,25,1200,1,2,1,1,3,69259,M,,,69
200800040324,8,7,25,1230,1,2,2,1,3,69199,M,,,69
200800040325,8,7,24,1910,1,2,1,1,6,69259,M,,,69
200800040326,8,7,31,1640,1,2,3,1,3,69259,M,,,69
200800040327,8,7,2,1750,1,2,1,1,6,69264,M,,,69
200800040328,8,7,11,1555,1,2,1,2,3,69264,M,,,69
200800040329,8,7,6,1400,1,2,3,1,3,69266,M,,,69
200800040330,8,7,11,1210,1,2,2,1,3,69266,M,,,69
200800040331,8,7,12,1200,1,2,2,1,6,69266,M,,,69
200800040332,8,7,12,1555,1,2,2,1,7,69266,M,,,69
200800040333,8,7,17,1710,1,2,1,1,5,69266,M,,,69
200800040334,8,7,22,2100,2,2,3,1,1,69266,M,,,69
200800040335,8,7,24,855,1,2,3,7,6,69266,M,,,69
200800040336,8,7,25,935,1,2,9,1,6,69266,M,,,69
200800040337,8,7,14,420,5,2,1,1,7,69282,M,,,69
200800040338,8,7,3,640,1,2,1,3,4,69290,M,,,69
200800040339,8,7,9,1540,1,2,1,1,6,69290,M,,,69
200800040340,8,7,10,1500,1,2,1,1,3,69290,M,,,69
200800040341,8,7,10,1520,1,2,1,1,6,69290,M,,,69
200800040342,8,7,16,910,1,2,2,1,3,69290,M,,,69
200800040343,8,7,16,2010,1,2,9,1,3,69290,M,,,69
200800040344,8,7,16,1225,1,1,2,1,2,69290,M,,,69
200800040345,8,7,22,1710,1,2,3,1,3,70550,M,,,70
200800040346,8,7,31,955,1,2,1,1,2,70550,M,,,70
200800040347,8,7,1,1115,1,2,1,1,3,71076,M,,,71
200800040348,8,7,1,1815,1,1,1,1,1,71475,M,,,71
200800040349,8,7,3,2000,1,1,1,1,7,71475,M,,,71
200800040350,8,7,13,1345,1,1,1,3,6,71475,M,,,71
200800040351,8,7,23,1200,1,1,3,1,3,71445,M,,,71
200800040352,8,7,2,1700,1,2,3,1,3,71153,M,,,71
200800040353,8,7,2,1715,1,2,1,1,5,71153,M,,,71
200800040354,8,7,7,10,5,2,1,1,6,71540,M,,,71
200800040355,8,7,11,1740,1,2,2,1,3,71153,M,,,71
200800040356,8,7,12,200,5,2,1,1,6,71153,M,,,71
200800040357,8,7,16,1935,1,2,1,1,6,71153,M,,,71
200800040358,8,7,17,1505,1,1,1,1,1,71540,M,,,71
200800040359,8,7,22,1050,1,2,1,1,6,71153,M,,,71
200800040360,8,7,25,700,1,2,1,1,3,71153,M,,,71
200800040361,8,7,6,1450,1,2,9,3,6,71270,M,,,71
200800040362,8,7,6,1305,1,2,1,3,6,71497,M,,,71
200800040363,8,7,10,1025,1,2,3,1,6,71270,M,,,71
200800040364,8,7,10,725,1,2,1,1,3,71497,M,,,71
200800040365,8,7,11,1525,1,2,1,1,3,71270,M,,,71
200800040366,8,7,19,1555,1,2,1,1,5,71270,M,,,71
200800040367,8,7,19,700,1,2,1,1,6,71270,M,,,71
200800040368,8,7,22,1235,1,2,1,1,2,71497,M,,,71
200800040369,8,7,25,1955,1,2,1,1,2,71270,M,,,71
200800040370,8,7,30,1005,1,1,2,1,3,71105,M,,,71
200800040371,8,7,21,1730,1,2,1,1,1,71306,M,,,71
200800040372,8,7,27,1505,1,1,1,1,2,71040,M,,,71
200800040373,8,7,1,823,1,2,1,1,3,72181,M,,,72
200800040374,8,7,1,1605,1,2,1,1,3,72181,M,,,72
200800040375,8,7,2,1240,1,2,1,2,6,72181,M,,,72
200800040376,8,7,2,1600,1,2,1,1,6,72181,M,,,72
200800040377,8,7,3,1710,1,2,1,1,6,72181,M,,,72
200800040378,8,7,7,1445,1,1,1,2,3,72181,M,,,72
200800040379,8,7,8,1510,1,2,1,1,1,72181,M,,,72
200800040380,8,7,8,1715,1,2,2,1,3,72181,M,,,72
200800040381,8,7,10,20,5,2,3,1,3,72003,M,,,72
200800040382,8,7,10,1420,1,2,1,1,2,72181,M,,,72
200800040383,8,7,11,1714,1,1,1,1,2,72181,M,,,72
200800040384,8,7,13,1730,1,1,1,1,6,72181,M,,,72
200800040385,8,7,14,1225,1,1,1,1,3,72181,M,,,72
200800040386,8,7,15,1345,1,2,2,1,1,72181,M,,,72
200800040387,8,7,16,1708,1,2,1,1,3,72181,M,,,72
200800040388,8,7,18,1900,1,2,1,1,6,72181,M,,,72
200800040389,8,7,19,400,5,2,1,1,6,72181,M,,,72
200800040390,8,7,19,2350,5,2,1,1,6,72181,M,,,72
200800040391,8,7,21,1720,1,2,1,1,3,72181,M,,,72
200800040392,8,7,27,2200,5,2,1,1,3,72181,M,,,72
200800040393,8,7,28,1030,1,2,1,1,6,72181,M,,,72
200800040394,8,7,29,1745,1,2,1,1,1,72181,M,,,72
200800040395,8,7,7,1800,1,2,1,1,6,73008,M,,,73
200800040396,8,7,25,1350,1,1,6,1,3,73065,M,,,73
200800040397,8,7,10,1805,3,2,1,1,6,74010,M,,,74
200800040398,8,7,16,1723,1,2,1,1,6,74010,M,,,74
200800040399,8,7,18,300,5,2,2,1,6,74010,M,,,74
200800040400,8,7,22,1040,1,1,1,1,1,74010,M,,,74
200800040401,8,7,18,1630,1,2,1,1,6,74010,M,,,74
200800040402,8,7,8,1745,1,2,1,1,1,74118,M,,,74
200800040403,8,7,16,1100,1,2,1,1,3,74305,M,,,74
200800040404,8,7,23,1947,1,2,1,1,3,74298,M,,,74
200800040405,8,7,30,1450,1,2,1,1,2,74012,M,,,74
200800040406,8,7,3,1510,1,2,1,1,6,74218,M,,,74
200800040407,8,7,10,2320,5,2,3,1,3,74281,M,,,74
200800040408,8,7,9,632,2,2,2,1,3,74281,M,,,74
200800040409,8,7,19,2246,5,2,1,1,6,74119,M,,,74
200800040410,8,7,9,1652,1,2,1,1,6,74119,M,,,74
200800040411,8,7,14,2313,1,2,1,1,6,74119,M,,,74
200800040412,8,7,31,1900,1,2,1,1,1,74119,M,,,74
200800040413,8,7,22,840,1,2,2,1,7,74119,M,,,74
200800040414,8,7,28,1705,1,2,3,1,5,74119,M,,,74
200800040415,8,7,3,1501,1,2,2,1,3,76114,M,,,76
200800040416,8,7,22,1800,1,2,1,1,3,76576,M,,,76
200800040417,8,7,3,2105,1,2,1,1,7,76217,M,,,76
200800040418,8,7,10,1655,1,1,1,1,3,76565,M,,,76
200800040419,8,7,10,1743,1,1,1,1,7,76217,M,,,76
200800040420,8,7,11,1515,1,2,1,1,6,76217,M,,,76
200800040421,8,7,14,1021,1,2,1,1,3,76217,M,,,76
200800040422,8,7,17,1655,1,2,1,1,2,76565,M,,,76
200800040423,8,7,18,1958,1,2,1,2,7,76217,M,,,76
200800040424,8,7,19,1925,1,1,1,1,1,76349,M,,,76
200800040425,8,7,22,1415,1,1,3,1,2,76217,M,,,76
200800040426,8,7,23,1230,1,2,1,1,2,76217,M,,,76
200800040427,8,7,24,2055,1,2,2,1,3,76707,M,,,76
200800040428,8,7,25,850,1,2,1,1,4,76545,M,,,76
200800040429,8,7,27,1410,1,1,1,1,7,76349,M,,,76
200800040430,8,7,31,1435,1,2,2,1,3,76217,M,,,76
200800040431,8,7,31,1710,1,2,1,3,3,76217,M,,,76
200800040432,8,7,7,1353,1,2,1,2,6,76561,M,,,76
200800040433,8,7,8,1420,1,2,4,1,6,76561,M,,,76
200800040434,8,7,1,1340,1,2,2,1,6,76231,M,,,76
200800040435,8,7,4,935,1,2,1,1,7,76259,M,,,76
200800040436,8,7,14,2010,1,2,3,1,6,76259,M,,,76
200800040437,8,7,1,545,2,2,1,1,7,76351,M,,,76
200800040438,8,7,6,1245,1,2,1,1,2,76351,M,,,76
200800040439,8,7,8,1020,1,2,1,1,6,76351,M,,,76
200800040440,8,7,8,1600,1,2,1,1,6,76351,M,,,76
200800040441,8,7,12,2035,1,2,1,1,6,76447,M,,,76
200800040442,8,7,13,400,5,2,1,1,2,76351,M,,,76