Num_Acc,an,mois,jour,hrmn,lum,agg,int,atm,col,com,gps,lat,long,dep
200800040443,8,7,14,2135,1,2,1,1,6,76351,M,,,76
200800040444,8,7,16,710,1,1,2,1,3,76481,M,,,76
200800040445,8,7,16,1540,1,2,6,1,6,76351,M,,,76
200800040446,8,7,17,1310,1,2,1,1,6,76351,M,,,76
200800040447,8,7,20,2230,5,2,3,1,3,76351,M,,,76
200800040448,8,7,22,2230,5,2,2,1,6,76351,M,,,76
200800040449,8,7,23,2130,2,2,1,1,7,76351,M,,,76
200800040450,8,7,28,15,5,1,1,1,7,76447,M,,,76
200800040451,8,7,1,1250,1,2,3,1,3,76322,M,,,76
200800040452,8,7,1,1220,1,1,1,1,3,76157,M,,,76
200800040453,8,7,1,1030,1,2,1,1,7,76157,M,,,76
200800040454,8,7,1,715,1,2,1,1,1,76474,M,,,76
200800040455,8,7,1,1703,1,2,1,1,2,76540,M,,,76
200800040456,8,7,1,750,1,2,1,1,1,76157,M,,,76
200800040457,8,7,2,2015,1,1,1,1,3,76540,M,,,76
200800040458,8,7,4,1700,1,2,1,1,2,76484,M,,,76
200800040459,8,7,4,1640,1,2,1,1,6,76540,M,,,76
200800040460,8,7,5,155,3,2,1,1,5,76131,M,,,76
200800040461,8,7,5,1755,1,2,1,1,6,76540,M,,,76
200800040462,8,7,6,1715,1,2,3,1,3,76540,M,,,76
200800040463,8,7,7,1045,1,1,1,1,3,76410,M,,,76
200800040464,8,7,7,2035,1,2,1,1,1,76216,M,,,76
200800040465,8,7,3,2130,1,2,1,1,1,76540,M,,,76
200800040466,8,7,10,1310,1,1,1,2,7,76498,M,,,76
200800040467,8,7,10,1730,1,2,1,2,7,76216,M,,,76
200800040468,8,7,11,1855,1,2,1,1,7,76540,M,,,76
200800040469,8,7,11,955,1,2,3,1,3,76484,M,,,76
200800040470,8,7,12,1210,1,2,1,1,3,76157,M,,,76
200800040471,8,7,12,1725,1,2,1,1,6,76103,M,,,76
200800040472,8,7,12,2150,3,1,1,1,7,76429,M,,,76
200800040473,8,7,12,1045,1,2,1,2,6,76322,M,,,76
200800040474,8,7,12,1740,1,2,1,1,3,76540,M,,,76
200800040475,8,7,12,1630,1,2,1,1,3,76216,M,,,76
200800040476,8,7,13,620,2,2,1,8,7,76540,M,,,76
200800040477,8,7,13,2330,5,2,1,1,2,76540,M,,,76
200800040478,8,7,14,1000,1,2,1,1,7,76681,M,,,76
200800040479,8,7,17,1555,1,2,1,1,7,76540,M,,,76
200800040480,8,7,19,1350,1,2,1,1,6,76402,M,,,76
200800040481,8,7,22,500,5,2,1,1,7,76451,M,,,76
200800040482,8,7,23,30,4,2,1,1,6,76681,M,,,76
200800040483,8,7,25,1920,1,2,1,1,7,76402,M,,,76
200800040484,8,7,23,1440,1,2,1,1,2,76484,M,,,76
200800040485,8,7,24,1925,1,2,1,1,3,76575,M,,,76
200800040486,8,7,24,725,1,2,1,1,2,76540,M,,,76
200800040487,8,7,24,1216,1,2,1,1,3,76212,M,,,76
200800040488,8,7,25,245,5,2,1,1,7,76540,M,,,76
200800040489,8,7,24,710,1,2,1,1,3,76540,M,,,76
200800040490,8,7,26,2135,1,2,1,1,1,76216,M,,,76
200800040491,8,7,27,1045,1,2,1,1,6,76103,M,,,76
200800040492,8,7,29,605,2,2,1,1,7,76540,M,,,76
200800040493,8,7,30,15,5,2,1,1,6,76474,M,,,76
200800040494,8,7,30,720,1,1,1,1,6,76108,M,,,76
200800040495,8,7,30,1300,1,1,1,1,7,76474,M,,,76
200800040496,8,7,1,2045,1,2,2,1,3,77108,M,,,77
200800040497,8,7,5,1930,1,2,1,1,6,77108,M,,,77
200800040498,8,7,16,2115,1,2,1,1,6,77108,M,,,77
200800040499,8,7,6,2025,1,2,1,1,4,77449,M,,,77
200800040500,8,7,5,2045,1,1,1,1,2,77018,M,,,77
200800040501,8,7,1,1405,1,2,1,7,2,77320,M,,,77
200800040502,8,7,3,2040,1,2,2,1,1,77042,M,,,77
200800040503,8,7,3,1845,1,1,2,1,3,77131,M,,,77
200800040504,8,7,4,1600,1,1,1,1,7,77433,M,,,77
200800040505,8,7,17,1605,1,2,6,1,1,77042,M,,,77
200800040506,8,7,22,1510,1,2,1,1,7,77320,M,,,77
200800040507,8,7,25,1030,1,1,1,1,6,77131,M,,,77
200800040508,8,7,27,1240,1,2,1,1,3,77320,M,,,77
200800040509,8,7,16,2150,5,2,1,1,2,77152,M,,,77
200800040510,8,7,28,1815,1,2,1,1,6,77152,M,,,77
200800040511,8,7,3,1825,1,1,1,1,3,77186,M,,,77
200800040512,8,7,6,1530,1,2,3,1,3,77037,M,,,77
200800040513,8,7,11,915,1,1,6,2,6,77186,M,,,77
200800040514,8,7,16,2130,1,1,1,1,6,77014,M,,,77
200800040515,8,7,17,130,3,1,9,1,6,77186,M,,,77
200800040516,8,7,18,750,1,1,1,1,3,77186,M,,,77
200800040517,8,7,24,2120,1,1,1,1,2,77186,M,,,77
200800040518,8,7,1,900,1,2,7,1,7,77058,M,,,77
200800040519,8,7,28,2000,1,1,1,1,6,77438,M,,,77
200800040520,8,7,6,1425,1,2,1,8,3,77284,M,,,77
200800040521,8,7,8,2330,3,1,1,8,6,77284,M,,,77
200800040522,8,7,18,1700,1,1,1,1,5,77358,M,,,77
200800040523,8,7,7,30,3,2,1,1,6,77445,M,,,77
200800040524,8,7,7,725,1,2,2,1,3,77288,M,,,77
200800040525,8,7,23,950,1,1,1,7,6,77306,M,,,77
200800040526,8,7,26,1750,1,2,1,1,1,77269,M,,,77
200800040527,8,7,29,2130,2,2,1,1,6,77285,M,,,77
200800040528,8,7,12,40,5,1,6,1,6,77294,M,,,77
200800040529,8,7,3,1742,1,2,1,1,6,77294,M,,,77
200800040530,8,7,5,835,1,1,1,2,6,77420,M,,,77
200800040531,8,7,25,1620,1,1,1,1,2,77123,M,,,77
200800040532,8,7,1,1930,1,2,1,1,3,77114,M,,,77
200800040533,8,7,17,153,5,2,1,1,6,77251,M,4863041.0,345699.0,77
200800040534,8,7,26,2015,1,1,1,1,1,77114,M,,,77
200800040535,8,7,29,1515,1,1,2,1,5,77114,M,4873725.0,345699.0,77
200800040536,8,7,25,1700,1,1,3,9,3,77210,M,,,77
200800040537,8,7,3,2030,1,2,1,1,3,77458,M,,,77
200800040538,8,7,5,930,1,1,1,1,7,77048,M,,,77
200800040539,8,7,11,1515,1,2,1,1,6,77431,M,,,77
200800040540,8,7,19,955,1,1,3,1,1,77016,M,,,77
200800040541,8,7,4,1930,1,2,2,1,6,77121,M,,,77
200800040542,8,7,11,1510,1,2,2,1,2,77083,M,,,77
200800040543,8,7,11,1235,1,2,1,1,3,77258,M,,,77
200800040544,8,7,26,100,5,2,3,8,6,77337,M,,,77
200800040545,8,7,29,1400,1,2,1,1,6,77258,M,,,77
200800040546,8,7,25,1930,1,1,1,1,2,77390,M,,,77
200800040547,8,7,21,2150,2,2,1,1,6,77391,M,,,77
200800040548,8,7,19,2200,4,2,1,1,7,78126,M,,,78
200800040549,8,7,21,800,1,2,1,1,6,78126,M,,,78
200800040550,8,7,23,1400,1,1,1,1,7,78005,M,,,78
200800040551,8,7,2,2030,1,2,1,1,7,78297,M,,,78
200800040552,8,7,4,925,1,2,3,1,1,78423,M,,,78
200800040553,8,7,4,1425,1,2,1,1,2,78423,M,,,78
200800040554,8,7,4,1520,1,2,1,1,3,78297,M,,,78
200800040555,8,7,4,2315,5,2,7,1,1,78688,M,,,78
200800040556,8,7,5,120,5,2,1,1,6,78297,M,,,78
200800040557,8,7,5,1810,1,2,2,1,2,78423,M,,,78
200800040558,8,7,14,1645,1,2,2,1,3,78297,M,,,78
200800040559,8,7,23,1550,2,2,1,1,2,78423,M,,,78
200800040560,8,7,18,850,1,2,2,1,2,78297,M,,,78
200800040561,8,7,1,2330,5,2,1,1,6,78311,M,,,78
200800040562,8,7,1,640,1,2,2,1,3,78362,M,,,78
200800040563,8,7,1,2015,1,2,1,1,6,78118,M,,,78
200800040564,8,7,3,1955,1,2,1,1,6,78361,M,,,78
200800040565,8,7,7,1925,1,2,1,2,2,78362,M,,,78
200800040566,8,7,8,2305,5,2,2,1,3,78314,M,,,78
200800040567,8,7,11,1525,1,2,2,1,3,78267,M,,,78
200800040568,8,7,16,1755,1,2,1,1,3,78362,M,,,78
200800040569,8,7,25,1830,1,2,1,1,6,78361,M,,,78
200800040570,8,7,29,1700,1,2,1,1,2,78402,M,,,78
200800040571,8,7,31,1700,1,2,1,1,3,78362,M,,,78
200800040572,8,7,7,1205,1,1,1,8,2,78350,M,,,78
200800040573,8,7,25,1110,1,2,3,1,7,78350,M,,,78
200800040574,8,7,21,1830,1,2,1,1,7,78440,M,,,78
200800040575,8,7,22,1415,1,2,2,1,3,78401,M,,,78
200800040576,8,7,25,1015,1,2,1,1,2,78440,M,,,78
200800040577,8,7,1,1800,1,2,3,1,3,78490,M,,,78
200800040578,8,7,2,1545,1,2,1,2,6,78490,M,,,78
200800040579,8,7,3,700,1,2,1,1,3,78490,M,,,78
200800040580,8,7,5,1240,1,2,1,2,3,78490,M,,,78
200800040581,8,7,6,1458,1,2,2,1,3,78165,M,,,78
200800040582,8,7,9,1900,1,2,2,1,3,78165,M,,,78
200800040583,8,7,12,1120,1,2,6,2,3,78490,M,,,78
200800040584,8,7,22,1515,1,2,4,1,7,78490,M,,,78
200800040585,8,7,26,155,3,1,6,1,3,78490,M,,,78
200800040586,8,7,30,2005,1,2,3,1,7,78674,M,,,78
200800040587,8,7,29,2050,1,2,6,1,2,78490,M,,,78
200800040588,8,7,31,1930,1,2,2,2,3,78490,M,,,78
200800040589,8,7,1,750,1,2,2,1,1,78643,M,,,78
200800040590,8,7,8,2140,1,2,2,1,5,78123,M,,,78
200800040591,8,7,11,2212,5,2,1,1,6,78498,M,,,78
200800040592,8,7,12,825,1,2,1,1,6,78123,M,,,78
200800040593,8,7,29,2000,1,2,1,1,6,78384,M,,,78
200800040594,8,7,30,1350,1,1,1,1,6,78624,M,,,78
200800040595,8,7,11,1530,1,1,1,1,2,78624,M,,,78
200800040596,8,7,30,1345,1,2,1,1,6,78498,M,,,78
200800040597,8,7,1,5,5,2,1,1,3,78672,M,,,78
200800040598,8,7,13,1421,1,1,4,1,6,78498,M,,,78
200800040599,8,7,24,1655,1,2,1,1,4,78498,M,,,78
200800040600,8,7,25,1525,1,2,2,1,3,78517,M,,,78
200800040601,8,7,31,815,1,2,2,1,3,78517,M,,,78
200800040602,8,7,17,805,1,1,1,1,3,78551,M,,,78
200800040603,8,7,18,840,1,1,1,1,3,78551,M,,,78
200800040604,8,7,1,1720,1,2,3,1,3,78586,M,,,78
200800040605,8,7,1,2100,1,2,6,1,3,78586,M,,,78
200800040606,8,7,9,2235,5,2,1,1,3,78586,M,,,78
200800040607,8,7,15,2220,5,2,2,1,6,78586,M,,,78
200800040608,8,7,19,1800,1,2,2,1,6,78586,M,,,78
200800040609,8,7,20,1935,1,2,3,1,6,78586,M,,,78
200800040610,8,7,8,1650,1,2,3,1,2,78621,M,,,78
200800040611,8,7,10,1630,1,2,2,1,3,78621,M,,,78
200800040612,8,7,21,1415,1,2,1,1,3,78621,M,,,78
200800040613,8,7,31,1140,1,2,3,1,5,78621,M,,,78
200800040614,8,7,1,1845,1,2,2,1,3,78686,M,,,78
200800040615,8,7,15,1130,1,2,3,1,3,78322,M,,,78
200800040616,8,7,18,1815,1,2,3,8,2,78640,M,,,78
200800040617,8,7,22,625,2,2,1,1,6,78686,M,,,78
200800040618,8,7,26,2150,5,2,1,1,3,78686,M,,,78
200800040619,8,7,31,2225,5,2,3,1,3,78686,M,,,78
200800040620,8,7,2,1515,1,2,3,1,3,78117,M,,,78
200800040621,8,7,3,900,1,2,1,1,3,78524,M,,,78
200800040622,8,7,3,1740,1,2,1,1,3,78646,M,,,78
200800040623,8,7,6,2350,5,2,3,1,3,78646,M,,,78
200800040624,8,7,6,1130,1,2,2,1,3,78646,M,,,78
200800040625,8,7,7,1850,1,2,1,1,2,78158,M,,,78
200800040626,8,7,14,1828,1,2,1,1,1,78117,M,,,78
200800040627,8,7,16,2020,1,2,1,1,6,78158,M,,,78
200800040628,8,7,20,1215,1,2,2,1,6,78646,M,,,78
200800040629,8,7,22,1015,1,2,3,1,3,78646,M,,,78
200800040630,8,7,22,1930,1,2,2,1,6,78646,M,,,78
200800040631,8,7,30,1830,1,1,2,1,6,78646,M,,,78
200800040632,8,7,9,1430,1,2,1,1,2,78650,M,,,78
200800040633,8,7,15,510,2,2,1,1,7,78650,M,,,78
200800040634,8,7,4,535,3,1,1,1,2,79081,M,,,79
200800040635,8,7,8,1320,1,2,1,1,1,79191,M,,,79
200800040636,8,7,20,2103,2,2,1,1,6,79191,M,,,79
200800040637,8,7,23,2315,5,2,2,1,7,79191,M,,,79
200800040638,8,7,30,320,3,1,1,1,1,79191,M,,,79
200800040639,8,7,29,1825,1,2,3,1,5,79191,M,,,79
200800040640,8,7,1,2015,1,2,3,1,6,79329,M,,,79
200800040641,8,7,4,1110,1,2,6,1,3,79329,M,,,79
200800040642,8,7,7,1925,1,2,1,1,7,79329,M,,,79
200800040643,8,7,11,911,1,2,2,1,6,79329,M,,,79
200800040644,8,7,11,1425,1,2,2,1,3,79329,M,,,79
200800040645,8,7,11,1740,1,2,2,1,1,79329,M,,,79
200800040646,8,7,16,1628,1,2,1,1,6,79329,M,,,79
200800040647,8,7,22,1730,1,2,1,1,7,79329,M,,,79
200800040648,8,7,1,1430,1,2,1,1,3,80021,M,,,80
200800040649,8,7,1,1010,1,2,1,1,7,80021,M,,,80
200800040650,8,7,1,1219,1,2,1,1,4,80021,M,,,80
200800040651,8,7,3,950,1,2,1,1,3,80021,M,,,80
200800040652,8,7,3,1650,1,2,3,1,3,80021,M,,,80
200800040653,8,7,4,1710,1,2,1,1,7,80021,M,,,80
200800040654,8,7,4,955,1,2,1,1,3,80021,M,,,80
200800040655,8,7,4,1715,1,2,1,1,7,80021,M,,,80
200800040656,8,7,7,845,1,2,1,1,7,80021,M,,,80
200800040657,8,7,4,1230,1,1,1,1,5,80164,M,,,80
200800040658,8,7,8,755,1,2,1,3,7,80021,M,,,80
200800040659,8,7,10,2145,2,2,1,3,5,80021,M,,,80
200800040660,8,7,10,1110,1,2,1,2,5,80021,M,,,80
200800040661,8,7,10,1955,1,2,1,2,3,80261,M,,,80
200800040662,8,7,10,920,1,2,1,2,1,80021,M,,,80
200800040663,8,7,11,1715,1,2,1,1,7,80021,M,,,80
200800040664,8,7,11,1825,1,2,1,1,7,80021,M,,,80
200800040665,8,7,14,1500,1,2,2,1,3,80160,M,,,80
200800040666,8,7,16,1300,1,2,1,1,6,80021,M,,,80
200800040667,8,7,11,1055,1,2,3,1,3,80021,M,,,80
200800040668,8,7,17,1150,1,2,1,1,3,80021,M,,,80
200800040669,8,7,20,550,2,2,1,1,7,80021,M,,,80
200800040670,8,7,19,2150,5,2,1,1,3,80021,M,,,80
200800040671,8,7,21,1415,1,2,1,1,7,80021,M,,,80
200800040672,8,7,23,1305,1,1,1,1,1,80021,M,,,80
200800040673,8,7,28,1434,1,2,2,1,3,80021,M,,,80
200800040674,8,7,29,1745,1,2,1,1,3,80021,M,,,80
200800040675,8,7,29,1515,1,2,3,1,3,80021,M,,,80
200800040676,8,7,31,1700,1,2,1,1,1,80021,M,,,80
200800040677,8,7,31,1701,1,2,1,1,7,80021,M,,,80
200800040678,8,7,30,2055,1,2,1,1,6,80164,M,,,80
200800040679,8,7,9,1515,1,1,1,1,6,81004,M,,,81
200800040680,8,7,29,650,2,2,1,2,7,81065,M,,,81
200800040681,8,7,15,1935,1,2,1,7,6,81105,M,,,81
200800040682,8,7,9,1200,1,2,1,1,6,81163,M,,,81
200800040683,8,7,1,1925,1,2,2,1,3,82121,M,,,82
200800040684,8,7,3,1900,1,2,6,1,6,82121,M,,,82
200800040685,8,7,4,1310,1,2,2,1,3,82121,M,,,82
200800040686,8,7,4,1950,1,1,1,1,6,82121,M,,,82
200800040687,8,7,13,100,3,2,2,1,5,82121,M,,,82
200800040688,8,7,12,1315,1,2,3,1,3,82121,M,,,82
200800040689,8,7,19,2115,2,2,2,1,3,82121,M,,,82
200800040690,8,7,30,1950,1,2,1,1,6,82121,M,,,82
200800040691,8,7,31,1835,1,2,1,1,6,82121,M,,,82
200800040692,8,7,9,1300,1,1,3,1,3,83050,M,,,83
200800040693,8,7,12,130,5,2,1,1,2,83050,M,,,83
200800040694,8,7,21,1820,1,2,1,1,7,83050,M,,,83
200800040695,8,7,3,2030,1,2,1,1,3,83118,M,,,83
200800040696,8,7,14,145,5,2,1,6,1,83118,M,,,83
200800040697,8,7,27,2050,2,1,1,1,5,83061,M,,,83
200800040698,8,7,28,1740,1,2,1,1,3,83118,M,,,83
200800040699,8,7,31,2230,5,2,3,1,3,83061,M,,,83
200800040700,8,7,16,1140,1,2,1,1,6,83061,M,,,83
200800040701,8,7,1,1645,1,2,1,1,1,83069,M,,,83
200800040702,8,7,5,2240,3,1,1,1,6,83069,M,,,83
200800040703,8,7,14,1940,1,1,1,1,3,83069,M,,,83
200800040704,8,7,11,1435,1,2,3,1,3,83069,M,,,83
200800040705,8,7,22,2235,3,1,1,1,1,83069,M,,,83
200800040706,8,7,26,700,1,2,1,1,1,83069,M,,,83
200800040707,8,7,23,1420,1,2,1,1,6,83069,M,,,83
200800040708,8,7,26,2250,3,2,1,1,6,83069,M,,,83
200800040709,8,7,19,1500,1,1,1,1,3,83069,M,,,83
200800040710,8,7,31,15,5,2,1,1,6,83069,M,,,83
200800040711,8,7,1,1205,1,1,1,1,6,83123,M,,,83
200800040712,8,7,4,325,5,2,1,1,6,83129,M,,,83
200800040713,8,7,3,2125,2,2,1,1,6,83123,M,,,83
200800040714,8,7,5,2230,5,2,1,1,4,83129,M,,,83
200800040715,8,7,7,1740,1,2,1,1,6,83123,M,,,83
200800040716,8,7,12,1605,1,2,1,1,6,83009,M,,,83
200800040717,8,7,13,1105,1,2,2,1,3,83129,M,,,83
200800040718,8,7,13,1840,1,2,1,1,6,83123,M,,,83
200800040719,8,7,18,2240,3,1,1,1,6,83123,M,,,83
200800040720,8,7,22,1025,1,2,9,1,6,83123,M,,,83
200800040721,8,7,30,1750,1,2,1,1,3,83129,M,,,83
200800040722,8,7,4,1432,1,2,1,1,6,83126,M,,,83
200800040723,8,7,9,1500,1,2,1,1,1,83126,M,,,83
200800040724,8,7,9,1650,1,2,1,7,3,83126,M,,,83
200800040725,8,7,9,1810,1,2,1,7,3,83126,M,,,83
200800040726,8,7,11,1240,1,2,1,1,3,83126,M,,,83
200800040727,8,7,15,1935,1,2,2,7,3,83126,M,,,83
200800040728,8,7,16,1510,1,2,2,1,3,83126,M,,,83
200800040729,8,7,17,815,1,2,1,1,3,83126,M,,,83
200800040730,8,7,17,1700,1,2,1,1,6,83126,M,,,83
200800040731,8,7,18,910,1,2,1,1,6,83126,M,,,83
200800040732,8,7,19,1810,1,2,1,1,6,83126,M,,,83
200800040733,8,7,20,1545,1,2,1,1,6,83126,M,,,83
200800040734,8,7,22,1830,1,2,3,1,3,83126,M,,,83
200800040735,8,7,23,1825,1,2,3,1,3,83126,M,,,83
200800040736,8,7,26,1345,1,2,1,1,3,83126,M,,,83
200800040737,8,7,28,700,1,2,3,1,3,83126,M,,,83
200800040738,8,7,28,2122,4,2,2,1,3,83126,M,,,83
200800040739,8,7,6,1430,1,2,1,1,7,83137,M,,,83
200800040740,8,7,3,1700,1,2,1,1,3,83137,M,,,83
200800040741,8,7,4,610,1,2,1,1,7,83137,M,,,83
200800040742,8,7,5,1350,1,2,1,1,5,83137,M,,,83
200800040743,8,7,6,730,2,2,1,1,6,83137,M,,,83
200800040744,8,7,4,1625,1,2,1,1,3,83098,M,,,83
200800040745,8,7,4,2110,1,2,1,1,3,83137,M,,,83
200800040746,8,7,9,1735,1,2,1,1,6,83137,M,,,83
200800040747,8,7,7,1000,1,2,6,1,2,83137,M,,,83
200800040748,8,7,7,1150,1,2,1,1,6,83137,M,,,83
200800040749,8,7,12,1540,1,2,2,1,3,83137,M,,,83
200800040750,8,7,12,1850,1,2,1,1,2,83137,M,,,83
200800040751,8,7,2,1350,1,1,1,1,3,83144,M,,,83
200800040752,8,7,11,1635,1,2,2,1,3,83137,M,,,83
200800040753,8,7,17,1350,1,2,1,1,4,83137,M,,,83
200800040754,8,7,17,1735,1,2,1,1,6,83137,M,,,83
200800040755,8,7,18,1530,1,2,1,1,3,83137,M,,,83
200800040756,8,7,14,1415,1,2,2,1,3,83137,M,,,83
200800040757,8,7,17,545,5,2,1,1,3,83137,M,,,83
200800040758,8,7,22,1500,1,2,3,1,3,83137,M,,,83
200800040759,8,7,22,1645,1,2,1,1,1,83137,M,,,83
200800040760,8,7,24,910,1,2,1,1,1,83137,M,,,83
200800040761,8,7,13,1930,1,2,1,1,6,83062,M,,,83
200800040762,8,7,27,1450,1,2,2,1,3,83137,M,,,83
200800040763,8,7,25,555,2,2,1,1,6,83137,M,,,83
200800040764,8,7,30,630,1,2,2,1,6,83137,M,,,83
200800040765,8,7,30,2030,1,2,2,1,2,83137,M,,,83
200800040766,8,7,31,1805,1,2,1,1,6,83137,M,,,83
200800040767,8,7,29,1110,1,2,1,1,6,83062,M,,,83
200800040768,8,7,28,815,1,2,3,1,3,83137,M,,,83
200800040769,8,7,30,1740,1,2,1,1,4,83137,M,,,83
200800040770,8,7,22,1035,1,2,1,1,3,83137,M,,,83
200800040771,8,7,1,1640,1,2,1,1,3,84007,M,,,84
200800040772,8,7,1,1900,1,2,3,1,3,84007,M,,,84
200800040773,8,7,4,1045,1,2,1,1,5,84007,M,,,84
200800040774,8,7,6,1145,1,2,1,1,2,84007,M,,,84
200800040775,8,7,7,1415,1,2,1,1,2,84007,M,,,84
200800040776,8,7,7,815,1,2,1,1,6,84007,M,,,84
200800040777,8,7,8,1735,1,1,1,1,2,84007,M,,,84
200800040778,8,7,11,800,1,2,1,1,6,84007,M,,,84
200800040779,8,7,14,2115,1,2,1,1,6,84007,M,,,84
200800040780,8,7,17,1045,1,2,1,1,2,84007,M,,,84
200800040781,8,7,17,1745,1,2,1,1,3,84007,M,,,84
200800040782,8,7,18,1840,1,2,1,1,2,84007,M,,,84
200800040783,8,7,18,2115,1,2,1,1,3,84007,M,,,84
200800040784,8,7,22,1215,1,2,1,6,4,84007,M,,,84
200800040785,8,7,22,1900,1,2,1,1,5,84007,M,,,84
200800040786,8,7,23,1010,1,2,1,1,6,84007,M,,,84
200800040787,8,7,23,1120,1,2,1,1,3,84007,M,,,84
200800040788,8,7,29,1430,1,2,1,1,6,84007,M,,,84
200800040789,8,7,29,1815,1,1,1,1,7,84007,M,,,84
200800040790,8,7,30,2150,3,2,3,1,3,84007,M,,,84
200800040791,8,7,31,1740,1,2,1,1,6,84007,M,,,84
200800040792,8,7,9,2016,1,1,1,1,6,84035,M,,,84
200800040793,8,7,16,741,1,1,3,1,2,84035,M,,,84
200800040794,8,7,20,1915,1,1,3,3,5,84035,M,,,84
200800040795,8,7,17,1353,1,1,1,1,1,84089,M,,,84
200800040796,8,7,5,835,1,1,1,1,3,85191,M,,,85
200800040797,8,7,9,1905,1,2,2,1,3,85191,M,,,85
200800040798,8,7,9,1345,1,2,1,1,7,85194,M,,,85
200800040799,8,7,21,2315,5,2,1,1,2,85194,M,,,85
200800040800,8,7,22,1350,1,2,9,1,3,85194,M,,,85
200800040801,8,7,27,135,3,2,1,1,7,85194,M,,,85
200800040802,8,7,27,1915,1,2,2,1,3,85194,M,,,85
200800040803,8,7,3,1525,1,2,1,1,2,86066,M,,,86
200800040804,8,7,5,1723,1,2,1,1,7,86066,M,,,86
200800040805,8,7,15,1600,1,2,1,1,1,86066,M,,,86
200800040806,8,7,22,1500,1,2,1,1,7,86066,M,,,86
200800040807,8,7,1,810,1,2,6,1,3,86194,M,,,86
200800040808,8,7,5,2020,1,2,2,1,5,86194,M,,,86
200800040809,8,7,8,925,1,2,2,1,3,86194,M,,,86
200800040810,8,7,9,1005,1,2,1,1,2,86194,M,,,86
200800040811,8,7,10,150,5,2,1,1,6,86194,M,,,86
200800040812,8,7,10,1255,1,2,1,1,6,86194,M,,,86
200800040813,8,7,11,900,1,2,3,3,3,86194,M,,,86
200800040814,8,7,15,6,5,2,1,1,6,86214,M,,,86
200800040815,8,7,16,955,1,2,3,1,3,86194,M,,,86
200800040816,8,7,16,1815,1,2,1,1,2,86194,M,,,86
200800040817,8,7,18,1535,1,2,2,1,3,86194,M,,,86
200800040818,8,7,28,2205,5,2,2,1,3,86194,M,,,86
200800040819,8,7,30,2125,2,2,1,1,6,86194,M,,,86
200800040820,8,7,1,1839,1,2,1,1,2,87085,M,,,87
200800040821,8,7,2,1030,1,2,1,2,6,87085,M,,,87
200800040822,8,7,2,1750,1,2,6,1,3,87085,M,,,87
200800040823,8,7,3,1306,1,2,1,1,6,87085,M,,,87
200800040824,8,7,3,1315,1,1,1,1,1,87114,M,,,87
200800040825,8,7,3,1442,1,2,1,1,2,87050,M,,,87
200800040826,8,7,4,2357,5,2,1,1,2,87085,M,,,87
200800040827,8,7,7,1005,1,2,3,1,3,87085,M,,,87
200800040828,8,7,7,1130,1,1,1,1,3,87085,M,,,87
200800040829,8,7,8,1155,1,2,1,2,6,87085,M,,,87
200800040830,8,7,8,1110,1,2,3,2,5,87085,M,,,87
200800040831,8,7,8,1220,1,2,1,1,6,87085,M,,,87
200800040832,8,7,8,1904,1,2,1,1,6,87085,M,,,87
200800040833,8,7,9,652,1,1,1,1,6,87113,M,,,87
200800040834,8,7,9,1045,1,2,1,1,6,87085,M,,,87
200800040835,8,7,11,750,1,2,1,1,3,87113,M,,,87
200800040836,8,7,11,1415,1,2,2,1,3,87075,M,,,87
200800040837,8,7,11,1510,1,1,1,1,1,87050,M,,,87
200800040838,8,7,12,1125,1,1,3,1,3,87075,M,,,87
200800040839,8,7,13,2208,5,1,1,1,6,87114,M,,,87
200800040840,8,7,15,1220,1,2,2,1,3,87114,M,,,87
200800040841,8,7,15,1326,1,2,2,1,3,87085,M,,,87
200800040842,8,7,16,852,1,1,1,1,5,87075,M,,,87
200800040843,8,7,16,1434,1,2,3,1,3,87085,M,,,87
200800040844,8,7,16,1645,1,2,1,1,3,87085,M,,,87
200800040845,8,7,16,1940,1,2,1,1,4,87085,M,,,87
200800040846,8,7,17,2026,1,2,1,1,7,87085,M,,,87
200800040847,8,7,17,1935,1,2,1,1,2,87085,M,,,87
200800040848,8,7,17,2135,1,2,1,1,6,87085,M,,,87
200800040849,8,7,18,848,1,2,1,1,2,87114,M,,,87
200800040850,8,7,18,1507,1,1,1,1,1,87085,M,,,87
200800040851,8,7,19,1008,1,2,1,1,6,87085,M,,,87
200800040852,8,7,19,1911,1,2,1,1,5,87075,M,,,87
200800040853,8,7,19,2304,5,2,2,1,3,87085,M,,,87
200800040854,8,7,20,1546,1,2,1,1,1,87085,M,,,87
200800040855,8,7,21,1040,1,2,1,1,6,87085,M,,,87
200800040856,8,7,22,1203,1,2,1,1,7,87085,M,,,87
200800040857,8,7,25,701,1,2,1,1,7,87085,M,,,87
200800040858,8,7,26,1411,1,2,1,1,6,87085,M,,,87
200800040859,8,7,26,1754,1,2,1,1,6,87085,M,,,87
200800040860,8,7,26,1819,1,2,1,1,6,87113,M,,,87
200800040861,8,7,28,34,5,2,1,1,6,87085,M,,,87
200800040862,8,7,28,2038,1,2,1,3,6,87085,M,,,87
200800040863,8,7,30,651,1,2,1,1,1,87085,M,,,87
200800040864,8,7,30,1747,1,1,1,1,3,87085,M,,,87
200800040865,8,7,31,804,1,2,2,1,3,87085,M,,,87
200800040866,8,7,31,1315,1,2,1,1,3,87085,M,,,87
200800040867,8,7,31,1303,1,1,1,1,6,87065,M,,,87
200800040868,8,7,31,1410,1,1,1,1,1,87085,M,,,87
200800040869,8,7,15,1100,1,1,2,1,2,88209,M,4819771.0,641153.0,88
200800040870,8,7,15,1746,1,2,1,1,2,88160,M,4817616.0,645375.0,88