Num_Acc,an,mois,jour,hrmn,lum,agg,int,atm,col,com,gps,lat,long,dep
200800040871,8,7,30,1900,1,2,1,1,2,88160,M,4817718.0,645584.0,88
200800040872,8,7,23,1815,1,2,1,1,6,88160,M,4817984.0,646125.0,88
200800040873,8,7,31,1715,1,2,2,1,6,88415,M,,,88
200800040874,8,7,4,1215,1,2,1,1,2,89024,M,,,89
200800040875,8,7,16,1730,1,1,1,1,1,89024,M,,,89
200800040876,8,7,7,1830,1,2,1,1,3,89387,M,,,89
200800040877,8,7,8,1945,1,2,1,1,6,89387,M,,,89
200800040878,8,7,10,2000,1,2,4,1,3,89387,M,,,89
200800040879,8,7,13,1845,1,2,1,1,3,89387,M,,,89
200800040880,8,7,3,1840,1,2,1,2,1,90001,M,,,90
200800040881,8,7,4,1830,1,2,1,1,7,90010,M,,,90
200800040882,8,7,4,2320,5,2,4,1,3,90010,M,,,90
200800040883,8,7,5,1334,1,2,1,1,1,90010,M,,,90
200800040884,8,7,8,2110,2,2,9,1,2,90010,M,,,90
200800040885,8,7,9,1625,1,2,1,1,3,90010,M,,,90
200800040886,8,7,11,1750,1,2,1,1,3,90099,M,,,90
200800040887,8,7,15,1625,1,2,1,1,2,90001,M,,,90
200800040888,8,7,17,1900,1,2,1,1,2,90010,M,,,90
200800040889,8,7,18,1800,1,2,1,1,2,90010,M,,,90
200800040890,8,7,18,2344,5,2,2,1,3,90010,M,,,90
200800040891,8,7,20,2120,1,2,1,1,3,90010,M,,,90
200800040892,8,7,21,920,1,2,1,1,6,90010,M,,,90
200800040893,8,7,22,1845,1,2,1,1,2,90010,M,,,90
200800040894,8,7,24,845,1,2,1,1,4,90099,M,,,90
200800040895,8,7,29,1215,1,2,6,1,3,90099,M,,,90
200800040896,8,7,24,1850,1,2,1,1,7,90010,M,,,90
200800040897,8,7,28,1300,1,2,5,1,6,90010,M,,,90
200800040898,8,7,15,2320,3,1,1,1,6,91339,M,,,91
200800040899,8,7,22,1515,1,2,1,1,3,91021,M,,,91
200800040900,8,7,30,1720,1,2,2,1,3,91339,M,,,91
200800040901,8,7,25,1815,1,2,1,1,6,91027,M,,,91
200800040902,8,7,1,2000,5,2,1,1,6,91114,M,,,91
200800040903,8,7,3,1955,1,2,2,1,3,91114,M,,,91
200800040904,8,7,9,1935,1,2,1,1,6,91114,M,,,91
200800040905,8,7,11,2310,5,2,1,1,3,91114,M,,,91
200800040906,8,7,13,1950,1,2,1,1,2,91215,M,,,91
200800040907,8,7,17,1230,1,1,1,1,6,91514,M,,,91
200800040908,8,7,22,1325,1,2,1,1,6,91114,M,,,91
200800040909,8,7,30,1430,1,2,1,1,1,91114,M,,,91
200800040910,8,7,8,1100,1,2,1,1,3,91174,M,,,91
200800040911,8,7,4,810,1,2,1,1,3,91657,M,,,91
200800040912,8,7,4,1950,1,2,1,1,6,91657,M,,,91
200800040913,8,7,5,500,3,2,1,1,6,91201,M,,,91
200800040914,8,7,10,1745,1,2,1,1,6,91201,M,,,91
200800040915,8,7,10,1746,1,2,1,1,3,91201,M,,,91
200800040916,8,7,19,1615,1,2,2,1,3,91201,M,,,91
200800040917,8,7,19,1820,1,2,1,1,2,91201,M,,,91
200800040918,8,7,1,2225,2,1,1,1,7,91223,M,,,91
200800040919,8,7,3,1420,1,2,1,1,6,91433,M,,,91
200800040920,8,7,3,1710,1,2,2,1,3,91223,M,,,91
200800040921,8,7,4,1150,1,2,2,1,3,91223,M,,,91
200800040922,8,7,18,2245,3,1,1,1,6,91433,M,,,91
200800040923,8,7,20,1405,1,1,1,1,6,91433,M,,,91
200800040924,8,7,28,1110,1,1,1,1,2,91223,M,,,91
200800040925,8,7,24,830,1,1,1,1,7,91223,M,,,91
200800040926,8,7,9,1620,1,2,1,1,1,91228,M,,,91
200800040927,8,7,11,845,1,1,1,2,7,91228,M,,,91
200800040928,8,7,11,910,1,2,1,2,2,91228,M,,,91
200800040929,8,7,15,800,1,2,2,1,6,91182,M,,,91
200800040930,8,7,16,1750,1,2,1,1,2,91182,M,,,91
200800040931,8,7,23,1900,1,2,1,1,6,91521,M,,,91
200800040932,8,7,26,1545,1,2,1,1,6,91182,M,,,91
200800040933,8,7,31,1750,1,2,1,1,6,91182,M,,,91
200800040934,8,7,15,1015,1,2,1,9,7,91434,M,,,91
200800040935,8,7,25,1715,1,2,2,1,3,91161,M,,,91
200800040936,8,7,8,1900,1,2,1,1,6,91689,M,,,91
200800040937,8,7,22,1130,1,2,1,1,3,91377,M,,,91
200800040938,8,7,2,1930,1,2,1,1,3,91691,M,,,91
200800040939,8,7,3,2045,1,2,3,1,5,91691,M,,,91
200800040940,8,7,4,1750,1,2,1,1,3,91421,M,,,91
200800040941,8,7,4,1830,1,2,1,1,3,91421,M,,,91
200800040942,8,7,6,1810,1,2,1,1,2,91691,M,,,91
200800040943,8,7,7,745,1,2,1,1,7,91691,M,,,91
200800040944,8,7,20,1645,1,2,1,1,2,91691,M,,,91
200800040945,8,7,22,1140,1,2,1,1,2,91421,M,,,91
200800040946,8,7,27,1710,1,2,1,1,2,91421,M,,,91
200800040947,8,7,24,1805,1,2,1,1,2,91691,M,,,91
200800040948,8,7,28,1920,1,2,1,1,2,91191,M,,,91
200800040949,8,7,29,1550,1,1,1,1,2,91421,M,,,91
200800040950,8,7,1,1810,1,1,1,1,7,91692,M,,,91
200800040951,8,7,1,2045,1,2,3,1,2,91471,M,,,91
200800040952,8,7,2,1715,1,2,1,2,6,91477,M,,,91
200800040953,8,7,2,1640,1,1,1,2,2,91122,M,,,91
200800040954,8,7,3,1905,1,2,1,1,2,91477,M,,,91
200800040955,8,7,4,725,1,2,1,1,7,91477,M,,,91
200800040956,8,7,8,1100,1,1,6,1,3,91312,M,,,91
200800040957,8,7,10,720,1,2,1,1,6,91471,M,,,91
200800040958,8,7,14,1625,1,2,1,1,6,91692,M,,,91
200800040959,8,7,20,2300,5,1,6,1,7,91312,M,,,91
200800040960,8,7,22,404,5,1,1,1,7,91064,M,,,91
200800040961,8,7,25,1645,1,1,1,1,7,91692,M,,,91
200800040962,8,7,28,920,1,1,1,1,7,91471,M,,,91
200800040963,8,7,28,1815,1,1,1,1,3,91064,M,,,91
200800040964,8,7,12,2015,1,2,2,1,1,91589,M,,,91
200800040965,8,7,25,1005,1,2,1,1,3,91589,M,,,91
200800040966,8,7,31,1628,1,2,1,1,6,91589,M,,,91
200800040967,8,7,1,1700,1,2,3,1,3,92014,M,,,92
200800040968,8,7,11,1450,1,2,1,1,6,92002,M,,,92
200800040969,8,7,11,1520,1,2,1,2,3,92002,M,,,92
200800040970,8,7,12,1600,1,2,2,1,3,92002,M,,,92
200800040971,8,7,14,1015,1,2,2,7,6,92014,M,,,92
200800040972,8,7,22,1420,1,2,1,7,3,92014,M,,,92
200800040973,8,7,30,830,1,2,3,1,6,92002,M,,,92
200800040974,8,7,5,1420,1,2,3,1,2,92004,M,,,92
200800040975,8,7,5,950,1,2,2,3,6,92004,M,,,92
200800040976,8,7,5,1050,1,2,3,2,2,92004,M,,,92
200800040977,8,7,6,1155,1,2,9,1,6,92004,M,,,92
200800040978,8,7,7,2140,5,2,3,1,3,92009,M,,,92
200800040979,8,7,9,845,1,2,1,1,6,92004,M,,,92
200800040980,8,7,9,1130,1,2,1,1,6,92004,M,,,92
200800040981,8,7,10,1225,1,2,3,1,6,92004,M,,,92
200800040982,8,7,10,1640,1,2,1,1,6,92004,M,,,92
200800040983,8,7,12,2140,2,1,2,1,3,92009,M,,,92
200800040984,8,7,15,1005,1,2,1,1,2,92004,M,,,92
200800040985,8,7,16,1,5,2,1,1,6,92009,M,,,92
200800040986,8,7,18,1700,1,2,1,1,6,92004,M,,,92
200800040987,8,7,22,905,1,2,2,1,6,92004,M,,,92
200800040988,8,7,24,1550,1,2,3,1,3,92009,M,,,92
200800040989,8,7,4,1245,1,2,2,1,3,92007,M,,,92
200800040990,8,7,10,915,1,2,1,1,6,92007,M,,,92
200800040991,8,7,13,1930,1,2,1,1,2,92007,M,,,92
200800040992,8,7,23,2000,1,2,1,1,6,92007,M,,,92
200800040993,8,7,1,1835,1,2,1,1,2,92012,M,,,92
200800040994,8,7,1,1715,1,2,1,1,6,92012,M,,,92
200800040995,8,7,1,1840,1,2,1,1,2,92012,M,,,92
200800040996,8,7,3,1914,1,2,1,1,6,92012,M,,,92
200800040997,8,7,10,1430,1,2,1,1,3,92012,M,,,92
200800040998,8,7,15,1315,1,2,1,1,2,92012,M,,,92
200800040999,8,7,16,1530,1,2,1,1,6,92012,M,,,92
200800041000,8,7,18,1830,1,2,1,1,2,92012,M,,,92
200800041001,8,7,22,1515,1,2,1,1,2,92012,M,,,92
200800041002,8,7,22,1220,1,2,1,1,3,92012,M,,,92
200800041003,8,7,24,935,1,2,2,1,6,92012,M,,,92
200800041004,8,7,28,1650,1,2,1,1,6,92012,M,,,92
200800041005,8,7,29,2200,4,2,2,1,3,92012,M,,,92
200800041006,8,7,30,2130,1,2,1,1,6,92012,M,,,92
200800041007,8,7,7,1535,1,2,1,1,6,92012,M,,,92
200800041008,8,7,5,1925,1,2,1,1,2,92019,M,,,92
200800041009,8,7,7,1205,1,2,1,2,1,92019,M,,,92
200800041010,8,7,10,1700,1,2,3,1,6,92019,M,,,92
200800041011,8,7,18,1240,1,2,1,1,2,92019,M,,,92
200800041012,8,7,7,1410,1,2,3,1,5,92024,M,,,92
200800041013,8,7,5,1920,1,2,2,1,3,92024,M,,,92
200800041014,8,7,4,840,1,2,1,1,4,92024,M,,,92
200800041015,8,7,8,1140,1,2,1,1,6,92024,M,,,92
200800041016,8,7,8,1525,1,2,1,1,6,92024,M,,,92
200800041017,8,7,12,925,1,2,2,1,3,92024,M,,,92
200800041018,8,7,15,830,1,2,1,1,5,92024,M,,,92
200800041019,8,7,15,1735,1,2,2,1,6,92024,M,,,92
200800041020,8,7,16,945,1,2,2,1,3,92024,M,,,92
200800041021,8,7,23,900,1,2,3,1,3,92024,M,,,92
200800041022,8,7,1,1400,1,2,1,1,6,92025,M,,,92
200800041023,8,7,1,1625,1,2,2,1,6,92025,M,,,92
200800041024,8,7,2,1938,1,2,2,1,3,92025,M,,,92
200800041025,8,7,3,915,1,2,2,1,2,92025,M,,,92
200800041026,8,7,5,2045,1,2,3,1,3,92025,M,,,92
200800041027,8,7,7,2020,1,2,2,2,2,92025,M,,,92
200800041028,8,7,9,1345,1,2,1,1,3,92025,M,,,92
200800041029,8,7,24,1200,1,2,3,1,6,92025,M,,,92
200800041030,8,7,27,1210,1,2,3,1,3,92025,M,,,92
200800041031,8,7,28,2025,1,2,1,1,3,92025,M,,,92
200800041032,8,7,1,900,1,2,1,1,2,92026,M,,,92
200800041033,8,7,1,850,1,2,1,1,2,92026,M,,,92
200800041034,8,7,2,925,1,2,1,1,6,92026,M,,,92
200800041035,8,7,2,1720,1,2,2,1,3,92026,M,,,92
200800041036,8,7,2,1630,1,2,1,8,7,92026,M,,,92
200800041037,8,7,17,1800,1,2,1,1,3,92026,M,,,92
200800041038,8,7,17,845,1,2,2,1,6,92026,M,,,92
200800041039,8,7,21,1725,1,2,3,1,6,92026,M,,,92
200800041040,8,7,21,1745,1,2,2,1,4,92026,M,,,92
200800041041,8,7,23,806,2,2,3,8,7,92026,M,,,92
200800041042,8,7,2,1810,1,2,1,1,5,92035,M,,,92
200800041043,8,7,6,1845,1,2,5,1,3,92035,M,,,92
200800041044,8,7,23,1335,1,2,5,1,3,92035,M,,,92
200800041045,8,7,3,820,1,2,2,1,3,92036,M,,,92
200800041046,8,7,9,1235,1,2,1,1,6,92036,M,,,92
200800041047,8,7,10,1100,1,2,9,1,3,92036,M,,,92
200800041048,8,7,31,745,1,2,5,1,6,92036,M,,,92
200800041049,8,7,2,1530,1,2,1,2,6,92040,M,,,92
200800041050,8,7,5,1545,1,2,1,1,6,92040,M,,,92
200800041051,8,7,9,220,5,2,2,1,3,92040,M,,,92
200800041052,8,7,2,1250,1,2,1,1,2,92044,M,,,92
200800041053,8,7,2,1145,1,2,1,1,2,92044,M,,,92
200800041054,8,7,4,1100,1,2,2,1,3,92044,M,,,92
200800041055,8,7,10,1800,1,2,2,1,3,92044,M,,,92
200800041056,8,7,22,1455,1,2,1,1,3,92044,M,,,92
200800041057,8,7,30,1900,1,2,2,1,3,92044,M,,,92
200800041058,8,7,23,1215,1,1,3,1,3,92048,M,,,92
200800041059,8,7,18,845,1,2,3,1,6,92048,M,,,92
200800041060,8,7,5,1210,1,2,2,2,3,92020,M,,,92
200800041061,8,7,5,1530,1,2,1,1,6,92049,M,,,92
200800041062,8,7,13,1400,1,2,1,1,3,92049,M,,,92
200800041063,8,7,13,1850,1,2,1,1,4,92020,M,,,92
200800041064,8,7,13,2000,1,2,2,1,3,92049,M,,,92
200800041065,8,7,15,2030,1,2,1,1,7,92049,M,,,92
200800041066,8,7,17,925,1,2,1,1,3,92049,M,,,92
200800041067,8,7,22,840,1,2,2,1,3,92020,M,,,92
200800041068,8,7,26,2325,5,2,2,1,3,92049,M,,,92
200800041069,8,7,30,900,1,2,1,1,2,92020,M,,,92
200800041070,8,7,2,1445,1,2,1,3,3,92050,M,,,92
200800041071,8,7,7,1150,1,2,1,2,6,92050,M,,,92
200800041072,8,7,16,1130,1,2,1,1,6,92050,M,,,92
200800041073,8,7,16,1410,1,2,1,1,7,92050,M,,,92
200800041074,8,7,21,1145,1,2,2,1,6,92050,M,,,92
200800041075,8,7,20,1650,1,2,3,1,3,92050,M,,,92
200800041076,8,7,18,1900,1,2,1,1,6,92050,M,,,92
200800041077,8,7,16,1645,1,2,1,1,6,92050,M,,,92
200800041078,8,7,9,2135,2,2,1,1,3,92050,M,,,92
200800041079,8,7,22,1210,1,2,1,1,3,92050,M,,,92
200800041080,8,7,25,1400,1,2,1,1,6,92050,M,,,92
200800041081,8,7,18,1530,1,2,6,1,7,92050,M,,,92
200800041082,8,7,29,1050,1,2,3,1,6,92050,M,,,92
200800041083,8,7,29,1015,1,2,1,1,6,92050,M,,,92
200800041084,8,7,2,1010,1,2,3,8,3,92062,M,,,92
200800041085,8,7,1,2035,1,2,1,1,6,92062,M,,,92
200800041086,8,7,14,930,1,2,2,1,2,92062,M,,,92
200800041087,8,7,26,705,1,2,4,1,6,92062,M,,,92
200800041088,8,7,19,640,1,2,2,1,3,92062,M,,,92
200800041089,8,7,22,725,1,2,2,1,3,92062,M,,,92
200800041090,8,7,31,2330,5,2,2,1,2,92062,M,,,92
200800041091,8,7,1,1150,1,2,1,1,6,92063,M,,,92
200800041092,8,7,5,1030,1,2,1,2,6,92063,M,,,92
200800041093,8,7,8,800,1,2,2,1,3,92063,M,,,92
200800041094,8,7,9,900,1,2,2,1,3,92063,M,,,92
200800041095,8,7,18,1650,1,2,1,1,3,92063,M,,,92
200800041096,8,7,21,1815,1,2,2,1,6,92063,M,,,92
200800041097,8,7,24,905,1,2,3,1,3,92063,M,,,92
200800041098,8,7,2,920,1,2,1,1,3,92064,M,,,92
200800041099,8,7,4,1825,1,2,1,1,7,92064,M,,,92
200800041100,8,7,17,630,1,2,1,1,3,92064,M,,,92
200800041101,8,7,21,1536,1,2,9,1,3,92064,M,,,92
200800041102,8,7,24,1000,1,2,1,1,4,92076,M,,,92
200800041103,8,7,26,615,1,2,1,2,6,92033,M,,,92
200800041104,8,7,3,1708,1,2,2,1,3,92072,M,,,92
200800041105,8,7,4,1430,1,2,1,1,6,92072,M,,,92
200800041106,8,7,7,830,1,2,1,1,2,92077,M,,,92
200800041107,8,7,11,400,5,2,1,1,6,92077,M,,,92
200800041108,8,7,11,1435,1,2,3,2,3,92022,M,,,92
200800041109,8,7,12,1215,1,2,1,3,2,92072,M,,,92
200800041110,8,7,12,1300,1,2,1,1,1,92072,M,,,92
200800041111,8,7,23,1225,1,2,1,1,3,92022,M,,,92
200800041112,8,7,26,2020,1,2,1,1,6,92072,M,,,92
200800041113,8,7,15,855,1,2,1,1,2,92073,M,,,92
200800041114,8,7,17,910,1,2,1,1,2,92073,M,,,92
200800041115,8,7,21,940,1,2,1,1,1,92073,M,,,92
200800041116,8,7,29,1000,1,2,3,1,3,92073,M,,,92
200800041117,8,7,29,1645,1,2,1,1,6,92073,M,,,92
200800041118,8,7,29,2115,2,2,1,1,6,92073,M,,,92
200800041119,8,7,1,1210,1,2,3,1,6,92046,M,,,92
200800041120,8,7,2,1035,1,2,2,1,6,92046,M,,,92
200800041121,8,7,8,1935,1,2,6,1,3,92075,M,,,92
200800041122,8,7,8,2015,1,2,1,1,6,92075,M,,,92
200800041123,8,7,1,900,1,2,2,1,7,92046,M,,,92
200800041124,8,7,23,1040,1,2,2,1,3,92046,M,,,92
200800041125,8,7,22,2000,1,2,1,1,6,92075,M,,,92
200800041126,8,7,27,1530,1,2,3,1,6,92046,M,,,92
200800041127,8,7,15,1805,1,2,1,1,3,92078,M,,,92
200800041128,8,7,16,1900,1,2,1,1,2,92078,M,,,92
200800041129,8,7,17,1425,1,2,1,1,1,92078,M,,,92
200800041130,8,7,18,1425,1,2,2,1,3,92078,M,,,92
200800041131,8,7,28,2240,5,2,3,2,3,92078,M,,,92
200800041132,8,7,7,1845,1,2,4,1,1,92062,M,,,92
200800041133,8,7,8,2140,2,2,1,2,7,92062,M,,,92
200800041134,8,7,11,1040,1,2,3,1,3,92062,M,,,92
200800041135,8,7,19,1750,1,2,4,1,7,92026,M,,,92
200800041136,8,7,22,1615,1,2,1,1,7,92062,M,,,92
200800041137,8,7,23,640,1,2,2,1,3,92026,M,,,92
200800041138,8,7,1,1840,1,2,1,1,7,93001,M,,,93
200800041139,8,7,2,115,5,2,1,1,5,93001,M,,,93
200800041140,8,7,3,1130,1,2,1,1,2,93001,M,,,93
200800041141,8,7,3,1745,1,2,1,1,6,93001,M,,,93
200800041142,8,7,7,1315,1,2,3,1,1,93001,M,,,93
200800041143,8,7,8,1425,1,2,1,1,6,93001,M,,,93
200800041144,8,7,9,720,1,2,9,1,3,93001,M,,,93
200800041145,8,7,9,1410,1,2,1,1,3,93001,M,,,93
200800041146,8,7,11,2310,5,2,1,1,3,93001,M,,,93
200800041147,8,7,12,1615,1,2,1,1,3,93001,M,,,93
200800041148,8,7,18,1555,1,2,1,1,6,93001,M,,,93
200800041149,8,7,18,1810,1,2,1,1,3,93001,M,,,93
200800041150,8,7,19,1215,1,2,1,1,6,93001,M,,,93
200800041151,8,7,19,2100,1,2,1,1,6,93001,M,,,93
200800041152,8,7,20,2145,2,2,1,1,6,93001,M,,,93
200800041153,8,7,21,1650,1,2,1,1,4,93001,M,,,93
200800041154,8,7,22,1315,1,2,5,1,2,93001,M,,,93
200800041155,8,7,25,1210,1,2,2,1,3,93001,M,,,93
200800041156,8,7,28,1,5,2,1,1,6,93001,M,,,93
200800041157,8,7,28,1815,1,2,3,1,3,93001,M,,,93
200800041158,8,7,2,1212,1,2,1,1,1,93005,M,,,93
200800041159,8,7,3,2130,2,2,1,1,3,93005,M,,,93
200800041160,8,7,4,1500,1,2,1,1,3,93005,M,,,93
200800041161,8,7,6,1550,1,2,1,1,3,93005,M,,,93
200800041162,8,7,12,2020,2,2,6,1,2,93005,M,,,93
200800041163,8,7,21,815,1,2,6,1,3,93005,M,,,93
200800041164,8,7,21,1645,1,2,2,1,3,93005,M,,,93
200800041165,8,7,23,1455,1,2,3,1,3,93005,M,,,93
200800041166,8,7,24,1230,1,2,2,1,3,93005,M,,,93
200800041167,8,7,31,1140,1,2,1,1,3,93005,M,,,93
200800041168,8,7,31,1830,1,2,9,1,6,93005,M,,,93
200800041169,8,7,5,1900,1,2,2,1,3,93007,M,,,93
200800041170,8,7,9,2000,1,2,2,1,3,93007,M,,,93
200800041171,8,7,10,2205,2,2,2,2,1,93007,M,,,93
200800041172,8,7,15,1410,1,2,1,1,6,93007,M,,,93
200800041173,8,7,15,1345,1,2,1,7,2,93007,M,,,93
200800041174,8,7,18,1730,1,1,1,1,6,93007,M,,,93
200800041175,8,7,20,1900,1,2,3,1,3,93007,M,,,93
200800041176,8,7,26,1600,1,2,1,1,6,93007,M,,,93
200800041177,8,7,24,2345,5,2,3,1,3,93007,M,,,93
200800041178,8,7,6,1900,1,2,3,1,6,93008,M,,,93
200800041179,8,7,9,920,1,2,6,1,3,93008,M,,,93
200800041180,8,7,9,1210,1,2,1,1,2,93008,M,,,93
200800041181,8,7,11,2030,1,2,1,1,2,93008,M,,,93
200800041182,8,7,12,210,5,2,6,2,7,93008,M,,,93
200800041183,8,7,15,1315,1,2,3,1,3,93008,M,,,93
200800041184,8,7,18,1100,1,2,3,1,3,93008,M,,,93
200800041185,8,7,30,1815,1,2,1,1,5,93008,M,,,93
200800041186,8,7,31,650,1,2,1,1,7,93008,M,,,93
200800041187,8,7,8,1130,1,2,1,8,6,93057,M,,,93
200800041188,8,7,11,1425,1,2,1,8,3,93010,M,,,93
200800041189,8,7,12,1200,1,2,1,1,5,93057,M,,,93
200800041190,8,7,18,910,1,2,1,1,7,93010,M,,,93
200800041191,8,7,11,1900,1,2,2,1,3,93027,M,,,93
200800041192,8,7,16,2345,3,1,1,1,6,93027,M,,,93
200800041193,8,7,22,1940,1,2,1,1,6,93027,M,,,93
200800041194,8,7,29,650,1,2,1,1,3,93030,M,,,93
200800041195,8,7,7,1330,1,2,1,1,6,93027,M,,,93
200800041196,8,7,16,1720,1,2,1,8,6,93027,M,,,93
200800041197,8,7,1,1738,1,2,1,7,2,93027,M,,,93
200800041198,8,7,6,150,5,2,6,1,2,93027,M,,,93
200800041199,8,7,8,1925,1,2,1,1,6,93013,M,,,93
200800041200,8,7,11,1745,1,2,1,1,2,93027,M,,,93
200800041201,8,7,31,115,5,2,2,1,3,93027,M,,,93
200800041202,8,7,7,1910,1,2,1,1,6,93029,M,,,93
200800041203,8,7,10,1400,1,2,2,1,3,93029,M,,,93
200800041204,8,7,10,1850,1,2,3,1,3,93029,M,,,93
200800041205,8,7,17,1745,1,2,1,1,6,93029,M,,,93
200800041206,8,7,23,1149,1,2,3,1,3,93029,M,,,93
200800041207,8,7,25,840,1,2,1,1,6,93029,M,,,93
200800041208,8,7,29,2048,1,2,1,1,3,93029,M,,,93
200800041209,8,7,11,1245,1,2,1,1,6,93031,M,,,93
200800041210,8,7,15,1745,1,2,1,1,3,93031,M,,,93
200800041211,8,7,16,1150,1,2,1,1,2,93031,M,,,93
200800041212,8,7,20,2300,5,2,1,1,6,93031,M,,,93
200800041213,8,7,24,2015,1,2,6,1,3,93079,M,,,93
200800041214,8,7,26,1520,1,2,3,1,1,93079,M,,,93
200800041215,8,7,26,1550,1,2,1,1,3,93031,M,,,93
200800041216,8,7,26,1735,1,2,1,1,6,93031,M,,,93
200800041217,8,7,27,45,5,2,6,1,6,93079,M,,,93
200800041218,8,7,28,1140,1,2,9,1,2,93031,M,,,93
200800041219,8,7,16,1725,1,2,9,1,6,93047,M,,,93
200800041220,8,7,23,1805,1,2,1,1,3,93032,M,,,93
200800041221,8,7,24,1030,1,2,2,1,1,93032,M,,,93
200800041222,8,7,26,1615,1,2,2,1,1,93047,M,,,93
200800041223,8,7,27,2200,5,2,6,1,7,93047,M,,,93
200800041224,8,7,28,1700,1,2,1,1,4,93047,M,,,93
200800041225,8,7,30,1850,1,2,2,1,6,93047,M,,,93
200800041226,8,7,31,900,1,2,1,1,2,93047,M,,,93
200800041227,8,7,31,2050,1,2,1,1,6,93047,M,,,93
200800041228,8,7,4,20,5,2,7,1,7,93063,M,,,93
200800041229,8,7,8,1440,1,2,1,1,6,93006,M,,,93
200800041230,8,7,8,2215,5,2,1,2,3,93063,M,,,93
200800041231,8,7,12,910,1,2,1,1,3,93006,M,,,93
200800041232,8,7,15,1630,1,2,1,1,2,93063,M,,,93
200800041233,8,7,18,1515,1,2,1,1,6,93006,M,,,93
200800041234,8,7,17,255,5,2,1,1,6,93063,M,,,93
200800041235,8,7,19,1930,1,2,1,1,2,93063,M,,,93
200800041236,8,7,20,410,5,2,1,1,6,93063,M,,,93
200800041237,8,7,20,1150,2,2,3,1,3,93063,M,,,93
200800041238,8,7,22,2015,1,2,2,1,1,93006,M,,,93
200800041239,8,7,25,1620,1,2,2,1,6,93045,M,,,93
200800041240,8,7,28,2315,5,2,3,2,3,93063,M,,,93
200800041241,8,7,4,820,1,1,1,1,7,93074,M,,,93
200800041242,8,7,4,1920,1,2,1,1,3,93046,M,,,93
200800041243,8,7,7,910,1,2,2,1,3,93046,M,,,93
200800041244,8,7,12,1810,1,2,2,1,3,93046,M,,,93
200800041245,8,7,15,2030,1,2,1,1,7,93046,M,,,93
200800041246,8,7,19,2130,2,2,1,1,6,93046,M,,,93
200800041247,8,7,20,530,2,1,1,1,2,93074,M,,,93
200800041248,8,7,20,1955,1,2,1,1,7,93046,M,,,93
200800041249,8,7,2,1730,1,2,2,2,3,93048,M,,,93
200800041250,8,7,12,1545,1,2,1,1,6,93048,M,,,93
200800041251,8,7,14,120,5,2,2,1,3,93048,M,,,93
200800041252,8,7,15,1500,1,2,2,1,3,93048,M,,,93
200800041253,8,7,19,2005,1,2,1,1,6,93048,M,,,93
200800041254,8,7,21,1225,1,2,1,1,6,93048,M,,,93
200800041255,8,7,26,10,5,2,3,1,6,93048,M,,,93
200800041256,8,7,26,950,1,2,1,1,2,93048,M,,,93
200800041257,8,7,26,1425,1,2,2,1,3,93048,M,,,93
200800041258,8,7,27,820,1,2,1,1,3,93048,M,,,93
200800041259,8,7,27,1605,1,2,1,1,2,93048,M,,,93
200800041260,8,7,24,1920,1,2,3,1,3,93048,M,,,93
200800041261,8,7,30,1445,1,2,1,1,3,93048,M,,,93
200800041262,8,7,1,805,1,2,1,1,6,93050,M,,,93
200800041263,8,7,1,900,1,2,3,1,3,93050,M,,,93
200800041264,8,7,2,1745,1,2,1,1,2,93050,M,,,93
200800041265,8,7,4,1635,1,2,1,1,2,93049,M,,,93
200800041266,8,7,5,1230,1,2,8,2,6,93050,M,,,93
200800041267,8,7,19,1815,1,2,2,1,3,93050,M,,,93
200800041268,8,7,25,825,1,2,3,1,3,93050,M,,,93
200800041269,8,7,27,1830,1,2,1,1,2,93049,M,,,93
200800041270,8,7,30,1720,1,2,1,7,6,93050,M,,,93
200800041271,8,7,1,810,1,2,1,1,4,93051,M,,,93
200800041272,8,7,2,1830,1,2,1,2,3,93051,M,,,93
200800041273,8,7,3,1440,1,2,1,1,6,93051,M,,,93
200800041274,8,7,10,2005,1,2,9,1,3,93051,M,,,93
200800041275,8,7,11,1310,1,2,1,1,6,93051,M,,,93
200800041276,8,7,14,2223,4,2,1,1,5,93051,M,,,93
200800041277,8,7,19,30,5,2,1,1,3,93051,M,,,93
200800041278,8,7,22,1740,1,2,1,1,6,93051,M,,,93
200800041279,8,7,23,905,1,2,1,7,6,93051,M,,,93
200800041280,8,7,2,1205,1,2,1,1,7,93053,M,,,93
200800041281,8,7,4,1623,1,2,1,1,3,93053,M,,,93
200800041282,8,7,15,1700,1,2,1,1,3,93053,M,,,93
200800041283,8,7,20,1810,1,2,3,1,3,93053,M,,,93
200800041284,8,7,22,1540,1,2,1,1,6,93053,M,,,93
200800041285,8,7,1,1410,1,2,1,1,6,93055,M,,,93
200800041286,8,7,7,1134,1,2,1,2,2,93055,M,,,93
200800041287,8,7,7,2110,2,2,1,8,3,93055,M,,,93
200800041288,8,7,9,1510,1,2,1,1,2,93055,M,,,93
200800041289,8,7,14,1820,1,2,4,1,3,93055,M,,,93
200800041290,8,7,17,1310,1,2,1,1,3,93055,M,,,93
200800041291,8,7,18,1650,1,2,1,1,6,93055,M,,,93
200800041292,8,7,19,2050,1,2,1,1,2,93055,M,,,93
200800041293,8,7,20,700,1,2,1,1,2,93055,M,,,93
200800041294,8,7,26,440,5,2,4,3,3,93055,M,,,93
200800041295,8,7,28,1805,1,2,3,1,3,93055,M,,,93
200800041296,8,7,1,2115,1,2,2,1,3,93014,M,,,93
200800041297,8,7,9,1640,1,2,1,1,2,93014,M,,,93
200800041298,8,7,15,900,1,2,1,1,6,93014,M,,,93
200800041299,8,7,17,1210,1,2,2,1,3,93014,M,,,93