Num_Acc,an,mois,jour,hrmn,lum,agg,int,atm,col,com,gps,lat,long,dep
200800041300,8,7,19,1445,1,2,1,1,3,93014,M,,,93
200800041301,8,7,28,800,1,2,2,1,3,93062,M,,,93
200800041302,8,7,28,1655,1,2,1,1,6,93062,M,,,93
200800041303,8,7,7,1545,1,2,1,1,6,93064,M,,,93
200800041304,8,7,17,1820,1,2,1,1,6,93064,M,,,93
200800041305,8,7,17,2215,5,2,1,1,1,93064,M,,,93
200800041306,8,7,23,1815,1,2,6,1,3,93077,M,,,93
200800041307,8,7,26,655,1,2,2,1,3,93064,M,,,93
200800041308,8,7,30,1835,1,2,1,1,7,93077,M,,,93
200800041309,8,7,31,1915,1,2,1,1,7,93064,M,,,93
200800041310,8,7,29,1345,1,2,2,1,1,93077,M,,,93
200800041311,8,7,1,2010,1,2,3,1,6,93066,M,,,93
200800041312,8,7,2,1850,1,2,1,2,2,93066,M,,,93
200800041313,8,7,3,1150,1,2,1,1,7,93066,M,,,93
200800041314,8,7,3,1620,1,2,1,1,6,93066,M,,,93
200800041315,8,7,3,1820,1,2,1,1,6,93066,M,,,93
200800041316,8,7,3,2015,2,2,1,2,4,93066,M,,,93
200800041317,8,7,4,2245,5,2,1,1,3,93066,M,,,93
200800041318,8,7,5,1500,1,2,1,2,2,93066,M,,,93
200800041319,8,7,6,200,5,2,1,1,6,93066,M,,,93
200800041320,8,7,6,2000,1,2,3,1,4,93066,M,,,93
200800041321,8,7,6,2155,5,2,1,1,3,93039,M,,,93
200800041322,8,7,7,1510,1,2,1,7,7,93066,M,,,93
200800041323,8,7,8,2345,5,1,9,1,3,93066,M,,,93
200800041324,8,7,10,1645,1,2,2,1,7,93066,M,,,93
200800041325,8,7,10,1800,1,2,1,1,3,93066,M,,,93
200800041326,8,7,10,1801,1,2,1,1,4,93066,M,,,93
200800041327,8,7,11,1700,1,2,1,1,1,93066,M,,,93
200800041328,8,7,13,1225,1,2,1,2,6,93066,M,,,93
200800041329,8,7,16,1940,1,2,1,1,6,93039,M,,,93
200800041330,8,7,17,1255,1,2,1,1,3,93066,M,,,93
200800041331,8,7,17,2230,5,2,1,1,2,93066,M,,,93
200800041332,8,7,18,1420,1,2,1,1,5,93066,M,,,93
200800041333,8,7,18,2100,2,2,1,1,3,93066,M,,,93
200800041334,8,7,19,615,2,2,1,1,2,93066,M,,,93
200800041335,8,7,19,1740,1,2,1,1,6,93066,M,,,93
200800041336,8,7,22,1815,1,2,1,1,7,93066,M,,,93
200800041337,8,7,25,1100,1,2,2,1,3,93066,M,,,93
200800041338,8,7,29,1435,1,2,1,1,4,93039,M,,,93
200800041339,8,7,7,1615,1,2,1,1,7,93066,M,,,93
200800041340,8,7,10,730,1,2,1,1,6,93066,M,,,93
200800041341,8,7,10,950,1,2,2,1,2,93066,M,,,93
200800041342,8,7,18,2101,5,2,1,1,2,93066,M,,,93
200800041343,8,7,19,2150,2,2,1,1,7,93066,M,,,93
200800041344,8,7,30,2130,2,2,1,1,1,93066,M,,,93
200800041345,8,7,4,1915,2,2,1,1,7,93070,M,,,93
200800041346,8,7,18,515,1,2,3,1,2,93070,M,,,93
200800041347,8,7,18,1000,1,2,1,1,2,93070,M,,,93
200800041348,8,7,21,1755,1,2,3,1,1,93070,M,,,93
200800041349,8,7,22,1755,1,2,4,1,1,93070,M,,,93
200800041350,8,7,24,1805,1,2,1,1,3,93070,M,,,93
200800041351,8,7,27,2253,5,2,3,1,3,93070,M,,,93
200800041352,8,7,5,2305,5,2,1,1,1,93071,M,,,93
200800041353,8,7,12,1908,1,2,1,1,3,93071,M,,,93
200800041354,8,7,3,2325,5,2,1,1,6,93059,M,,,93
200800041355,8,7,14,525,1,2,1,1,1,93072,M,,,93
200800041356,8,7,23,645,1,2,1,1,2,93059,M,,,93
200800041357,8,7,28,1645,1,2,1,1,6,93072,M,,,93
200800041358,8,7,17,2040,1,2,1,1,5,93059,M,,,93
200800041359,8,7,15,2215,5,2,1,1,6,93059,M,,,93
200800041360,8,7,17,1845,1,2,2,1,3,93059,M,,,93
200800041361,8,7,5,1030,1,2,1,2,3,93059,M,,,93
200800041362,8,7,11,1125,1,2,4,1,3,93059,M,,,93
200800041363,8,7,11,1420,1,2,1,2,4,93059,M,,,93
200800041364,8,7,5,1420,1,2,3,1,3,93073,M,,,93
200800041365,8,7,9,700,1,2,1,1,6,93078,M,,,93
200800041366,8,7,9,1755,1,2,1,7,5,93078,M,,,93
200800041367,8,7,10,800,1,2,3,1,3,93078,M,,,93
200800041368,8,7,12,1340,1,2,6,1,6,93073,M,,,93
200800041369,8,7,14,2000,1,2,1,1,7,93073,M,,,93
200800041370,8,7,18,945,1,2,1,1,3,93078,M,,,93
200800041371,8,7,20,1840,1,2,4,1,3,93078,M,,,93
200800041372,8,7,31,1400,1,2,2,1,3,93078,M,,,93
200800041373,8,7,12,2145,1,2,3,1,2,94002,M,,,94
200800041374,8,7,1,750,1,2,1,1,3,94071,M,,,94
200800041375,8,7,4,745,1,1,1,1,2,94048,M,,,94
200800041376,8,7,14,2020,1,2,1,1,6,94004,M,,,94
200800041377,8,7,23,920,1,2,9,1,6,94071,M,,,94
200800041378,8,7,24,1545,1,2,3,1,3,94004,M,,,94
200800041379,8,7,31,2230,5,2,1,1,1,94044,M,,,94
200800041380,8,7,17,150,5,2,2,1,5,94004,M,,,94
200800041381,8,7,24,1149,1,2,1,1,6,94004,M,,,94
200800041382,8,7,5,1740,1,2,1,1,3,94071,M,,,94
200800041383,8,7,5,2000,1,2,1,1,1,94017,M,,,94
200800041384,8,7,6,2030,1,2,1,1,6,94017,M,,,94
200800041385,8,7,9,800,1,2,2,1,3,94017,M,,,94
200800041386,8,7,15,2300,5,2,1,1,3,94017,M,,,94
200800041387,8,7,16,815,1,2,2,1,6,94017,M,,,94
200800041388,8,7,17,1815,1,2,2,1,6,94017,M,,,94
200800041389,8,7,18,715,1,2,4,1,3,94017,M,,,94
200800041390,8,7,20,1815,1,2,3,1,6,94017,M,,,94
200800041391,8,7,21,915,1,2,1,1,6,94017,M,,,94
200800041392,8,7,22,1915,1,2,3,1,6,94017,M,,,94
200800041393,8,7,23,1620,1,2,1,1,3,94017,M,,,94
200800041394,8,7,8,1500,1,2,1,1,6,94018,M,,,94
200800041395,8,7,22,1500,1,2,1,1,2,94018,M,,,94
200800041396,8,7,24,1020,1,2,1,1,6,94069,M,,,94
200800041397,8,7,1,1705,1,2,3,1,3,94019,M,,,94
200800041398,8,7,12,1900,1,2,3,1,3,94079,M,,,94
200800041399,8,7,16,1110,1,2,1,1,7,94079,M,,,94
200800041400,8,7,11,2145,3,2,1,1,3,94022,M,,,94
200800041401,8,7,13,550,2,2,2,1,3,94022,M,,,94
200800041402,8,7,17,1450,1,1,2,8,2,94022,M,,,94
200800041403,8,7,18,1845,1,2,1,1,6,94022,M,,,94
200800041404,8,7,28,1730,1,2,1,1,3,94054,M,,,94
200800041405,8,7,1,2100,5,2,1,1,7,94028,M,,,94
200800041406,8,7,3,50,5,2,1,1,6,94028,M,,,94
200800041407,8,7,3,2100,2,2,6,1,3,94011,M,,,94
200800041408,8,7,4,1710,1,2,1,1,6,94011,M,,,94
200800041409,8,7,5,1845,1,2,1,1,6,94011,M,,,94
200800041410,8,7,7,2230,5,2,1,2,2,94011,M,,,94
200800041411,8,7,10,1500,1,2,2,1,6,94028,M,,,94
200800041412,8,7,11,1250,1,2,1,1,2,94028,M,,,94
200800041413,8,7,10,1850,1,2,1,1,4,94028,M,,,94
200800041414,8,7,10,1900,1,2,1,1,6,94028,M,,,94
200800041415,8,7,13,1140,1,2,1,1,6,94028,M,,,94
200800041416,8,7,12,2335,5,2,1,1,7,94028,M,,,94
200800041417,8,7,10,830,1,2,2,1,4,94028,M,,,94
200800041418,8,7,16,1845,1,2,1,1,3,94028,M,,,94
200800041419,8,7,19,1335,1,2,1,1,2,94028,M,,,94
200800041420,8,7,20,700,1,2,1,1,7,94028,M,,,94
200800041421,8,7,24,1915,1,2,1,1,3,94028,M,,,94
200800041422,8,7,26,1900,1,2,1,1,6,94028,M,,,94
200800041423,8,7,11,1750,1,2,1,1,6,94033,M,,,94
200800041424,8,7,18,910,1,2,1,1,1,94033,M,,,94
200800041425,8,7,18,1545,1,2,1,1,2,94033,M,,,94
200800041426,8,7,24,1110,1,2,2,1,6,94033,M,,,94
200800041427,8,7,25,720,1,2,1,1,3,94033,M,,,94
200800041428,8,7,1,845,1,2,2,1,3,94076,M,,,94
200800041429,8,7,2,1420,1,2,1,2,2,94016,M,,,94
200800041430,8,7,2,1725,1,2,1,1,3,94043,M,,,94
200800041431,8,7,3,830,1,2,1,1,1,94037,M,,,94
200800041432,8,7,4,1540,1,2,1,1,6,94016,M,,,94
200800041433,8,7,4,2000,1,2,4,1,7,94076,M,,,94
200800041434,8,7,8,820,1,2,1,1,3,94003,M,,,94
200800041435,8,7,8,2000,1,2,2,1,3,94016,M,,,94
200800041436,8,7,9,1955,1,2,2,1,1,94003,M,,,94
200800041437,8,7,10,2040,1,2,1,1,5,94076,M,,,94
200800041438,8,7,11,2250,5,2,6,1,2,94003,M,,,94
200800041439,8,7,12,2220,4,2,1,1,3,94003,M,,,94
200800041440,8,7,13,620,1,2,6,1,6,94037,M,,,94
200800041441,8,7,13,240,5,2,1,1,6,94076,M,,,94
200800041442,8,7,14,455,5,2,9,1,7,94076,M,,,94
200800041443,8,7,14,1900,1,2,1,7,3,94076,M,,,94
200800041444,8,7,17,2320,3,2,2,1,3,94003,M,,,94
200800041445,8,7,18,1050,1,2,9,1,4,94043,M,,,94
200800041446,8,7,19,100,5,2,3,1,1,94037,M,,,94
200800041447,8,7,19,2310,5,2,1,1,3,94043,M,,,94
200800041448,8,7,18,1835,1,2,1,1,1,94037,M,,,94
200800041449,8,7,21,1025,1,2,1,1,6,94003,M,,,94
200800041450,8,7,23,1240,1,2,1,1,4,94003,M,,,94
200800041451,8,7,24,20,4,2,1,1,7,94037,M,,,94
200800041452,8,7,24,1715,1,2,1,1,5,94003,M,,,94
200800041453,8,7,25,220,5,2,1,1,1,94016,M,,,94
200800041454,8,7,26,700,1,2,1,1,2,94076,M,,,94
200800041455,8,7,10,1745,1,2,1,1,3,94043,M,,,94
200800041456,8,7,28,850,1,2,1,1,3,94003,M,,,94
200800041457,8,7,25,940,1,2,1,1,2,94003,M,,,94
200800041458,8,7,2,1130,1,2,1,1,2,94065,M,,,94
200800041459,8,7,4,625,2,1,3,1,2,94065,M,,,94
200800041460,8,7,4,1150,1,2,2,1,6,94034,M,,,94
200800041461,8,7,9,1620,1,2,1,1,3,94021,M,,,94
200800041462,8,7,10,425,5,2,1,1,6,94073,M,,,94
200800041463,8,7,13,645,1,1,1,1,6,94065,M,,,94
200800041464,8,7,13,1440,1,2,1,1,6,94038,M,,,94
200800041465,8,7,16,925,1,2,1,1,6,94038,M,,,94
200800041466,8,7,13,310,5,2,1,1,6,94073,M,,,94
200800041467,8,7,21,800,1,2,1,1,3,94073,M,,,94
200800041468,8,7,22,1325,1,2,1,1,6,94021,M,,,94
200800041469,8,7,23,1540,1,2,1,1,6,94038,M,,,94
200800041470,8,7,25,1540,1,2,3,1,3,94034,M,,,94
200800041471,8,7,28,2230,5,2,1,2,4,94073,M,,,94
200800041472,8,7,29,645,1,2,1,1,5,94073,M,,,94
200800041473,8,7,31,1300,1,2,3,1,2,94073,M,,,94
200800041474,8,7,31,1430,1,2,1,1,2,94038,M,,,94
200800041475,8,7,1,950,1,2,1,1,3,94041,M,,,94
200800041476,8,7,5,1520,1,2,2,2,3,94041,M,,,94
200800041477,8,7,9,1035,1,2,1,1,2,94041,M,,,94
200800041478,8,7,18,900,1,2,1,1,2,94041,M,,,94
200800041479,8,7,1,1700,1,2,9,1,3,94041,M,,,94
200800041480,8,7,3,1105,1,2,1,1,6,94041,M,,,94
200800041481,8,7,4,1825,1,2,1,2,7,94041,M,,,94
200800041482,8,7,24,1730,1,2,2,1,3,94041,M,,,94
200800041483,8,7,3,850,1,2,1,1,3,94046,M,,,94
200800041484,8,7,8,1215,1,2,1,1,3,94046,M,,,94
200800041485,8,7,20,1530,1,2,2,1,3,94046,M,,,94
200800041486,8,7,21,1500,1,2,2,1,6,94046,M,,,94
200800041487,8,7,27,1320,1,2,5,1,3,94046,M,,,94
200800041488,8,7,31,2040,1,2,3,1,3,94046,M,,,94
200800041489,8,7,9,1725,1,2,9,1,5,94015,M,,,94
200800041490,8,7,13,1715,1,2,1,1,4,94042,M,,,94
200800041491,8,7,16,1335,1,2,5,1,2,94015,M,,,94
200800041492,8,7,18,1215,1,2,1,1,2,94042,M,,,94
200800041493,8,7,26,1900,1,2,1,1,6,94052,M,,,94
200800041494,8,7,26,1950,1,2,9,1,3,94052,M,,,94
200800041495,8,7,29,2025,1,2,1,1,2,94042,M,,,94
200800041496,8,7,13,1210,1,1,1,1,7,94054,M,,,94
200800041497,8,7,26,725,2,1,1,8,7,94054,M,,,94
200800041498,8,7,2,1610,1,2,1,2,6,94068,M,,,94
200800041499,8,7,5,1420,1,2,1,2,3,94068,M,,,94
200800041500,8,7,7,2135,2,2,2,2,3,94068,M,,,94
200800041501,8,7,9,1225,1,2,1,1,3,94068,M,,,94
200800041502,8,7,17,1135,1,2,2,1,3,94068,M,,,94
200800041503,8,7,18,1600,1,2,1,1,3,94068,M,,,94
200800041504,8,7,21,2110,2,2,1,1,2,94068,M,,,94
200800041505,8,7,21,1625,1,2,2,1,3,94068,M,,,94
200800041506,8,7,22,2015,2,2,1,1,1,94068,M,,,94
200800041507,8,7,25,2220,5,2,2,1,3,94068,M,,,94
200800041508,8,7,28,1805,1,2,1,1,6,94068,M,,,94
200800041509,8,7,29,530,2,2,2,1,3,94068,M,,,94
200800041510,8,7,29,1205,1,2,1,1,6,94068,M,,,94
200800041511,8,7,3,1550,1,2,1,1,6,94078,M,,,94
200800041512,8,7,1,805,1,2,2,1,6,94078,M,,,94
200800041513,8,7,10,855,1,2,3,1,5,94078,M,,,94
200800041514,8,7,9,1950,1,2,1,1,6,94077,M,,,94
200800041515,8,7,10,2000,1,2,1,2,2,94078,M,,,94
200800041516,8,7,10,1935,1,2,3,1,3,94074,M,,,94
200800041517,8,7,7,725,1,2,1,1,3,94078,M,,,94
200800041518,8,7,15,10,5,2,1,1,6,94074,M,,,94
200800041519,8,7,18,650,2,2,1,1,6,94078,M,,,94
200800041520,8,7,18,1410,1,2,1,1,3,94078,M,,,94
200800041521,8,7,5,1130,1,2,1,2,2,94078,M,,,94
200800041522,8,7,20,625,2,2,1,1,7,94078,M,,,94
200800041523,8,7,24,710,1,2,1,1,6,94078,M,,,94
200800041524,8,7,23,1400,1,2,1,1,4,94074,M,,,94
200800041525,8,7,24,820,1,2,1,1,4,94074,M,,,94
200800041526,8,7,25,1515,1,2,1,1,2,94078,M,,,94
200800041527,8,7,25,835,1,2,1,1,6,94077,M,,,94
200800041528,8,7,29,1605,1,2,1,1,7,94074,M,,,94
200800041529,8,7,28,1320,1,2,1,1,6,94077,M,,,94
200800041530,8,7,31,1720,1,2,9,1,6,94074,M,,,94
200800041531,8,7,30,950,1,2,1,1,7,94074,M,,,94
200800041532,8,7,29,700,1,2,1,1,3,94078,M,,,94
200800041533,8,7,30,2200,5,2,1,1,2,94077,M,,,94
200800041534,8,7,5,1920,1,2,1,1,6,94080,M,,,94
200800041535,8,7,13,50,5,2,2,1,3,94080,M,,,94
200800041536,8,7,17,1055,1,2,3,1,6,94067,M,,,94
200800041537,8,7,17,1700,1,2,2,1,3,94080,M,,,94
200800041538,8,7,18,900,1,2,2,1,6,94080,M,,,94
200800041539,8,7,18,1715,1,2,3,1,6,94080,M,,,94
200800041540,8,7,19,725,1,2,2,1,6,94067,M,,,94
200800041541,8,7,26,1835,1,2,3,1,6,94080,M,,,94
200800041542,8,7,28,1455,1,2,2,1,6,94067,M,,,94
200800041543,8,7,2,1400,1,2,1,2,6,94081,M,,,94
200800041544,8,7,9,1220,1,2,1,1,3,94081,M,,,94
200800041545,8,7,4,955,1,2,2,1,3,94081,M,,,94
200800041546,8,7,9,2255,5,2,1,1,6,94081,M,,,94
200800041547,8,7,16,2230,5,2,5,1,3,94081,M,,,94
200800041548,8,7,18,910,1,2,1,1,3,94081,M,,,94
200800041549,8,7,23,1330,1,2,1,1,7,94081,M,,,94
200800041550,8,7,30,305,5,2,2,1,3,94081,M,,,94
200800041551,8,7,3,2320,5,2,6,1,7,95176,M,,,95
200800041552,8,7,4,1655,1,2,3,1,3,95018,M,,,95
200800041553,8,7,5,1405,1,2,3,1,7,95018,M,,,95
200800041554,8,7,5,1630,1,2,1,1,6,95176,M,,,95
200800041555,8,7,8,1145,1,2,1,1,7,95582,M,,,95
200800041556,8,7,11,1725,1,1,1,1,7,95018,M,,,95
200800041557,8,7,13,440,4,2,6,1,7,95176,M,,,95
200800041558,8,7,18,1450,1,2,1,1,6,95018,M,,,95
200800041559,8,7,21,710,1,2,1,1,2,95018,M,,,95
200800041560,8,7,21,855,1,2,1,1,3,95018,M,,,95
200800041561,8,7,22,1548,1,2,1,1,7,95176,M,,,95
200800041562,8,7,23,2010,1,2,6,1,3,95018,M,,,95
200800041563,8,7,27,1540,1,2,2,1,3,95582,M,,,95
200800041564,8,7,28,735,1,2,2,1,2,95018,M,,,95
200800041565,8,7,29,1105,1,2,3,1,7,95018,M,,,95
200800041566,8,7,31,2050,2,2,2,2,2,95582,M,,,95
200800041567,8,7,31,1740,1,2,1,1,1,95018,M,,,95
200800041568,8,7,1,1750,1,1,1,1,6,95063,M,,,95
200800041569,8,7,1,1854,1,2,1,1,3,95572,M,,,95
200800041570,8,7,4,2250,5,2,1,1,7,95127,M,,,95
200800041571,8,7,31,1730,1,1,2,1,5,95218,M,,,95
200800041572,8,7,29,1905,1,2,1,1,3,95218,M,,,95
200800041573,8,7,18,1040,1,2,6,1,6,95598,M,,,95
200800041574,8,7,22,809,1,2,1,7,6,95555,M,,,95
200800041575,8,7,26,2330,5,2,3,1,3,95598,M,,,95
200800041576,8,7,27,1830,1,2,1,1,3,95210,M,,,95
200800041577,8,7,7,751,1,2,1,1,6,95219,M,,,95
200800041578,8,7,9,1650,1,2,1,1,6,95574,M,,,95
200800041579,8,7,16,1230,1,2,1,1,2,95203,M,,,95
200800041580,8,7,17,815,1,2,1,1,2,95219,M,,,95
200800041581,8,7,30,1015,1,2,1,1,6,95203,M,,,95
200800041582,8,7,4,2307,5,2,1,1,6,95268,M,,,95
200800041583,8,7,6,1045,1,2,1,1,6,95268,M,,,95
200800041584,8,7,5,1430,1,1,3,1,3,95280,M,,,95
200800041585,8,7,5,2215,5,2,1,1,1,95280,M,,,95
200800041586,8,7,7,1145,1,2,1,1,6,95277,M,,,95
200800041587,8,7,19,1905,1,2,1,1,7,95424,M,,,95
200800041588,8,7,7,1715,1,2,1,1,2,95306,M,,,95
200800041589,8,7,22,800,1,2,3,1,3,95306,M,,,95
200800041590,8,7,2,1815,1,2,9,1,5,95313,M,,,95
200800041591,8,7,9,1440,1,2,1,1,2,95487,M,,,95
200800041592,8,7,27,25,3,2,1,1,2,95313,M,,,95
200800041593,8,7,6,2145,1,2,1,1,7,95585,M,,,95
200800041594,8,7,20,1145,1,2,1,1,7,95539,M,,,95
200800041595,8,7,1,800,1,2,1,1,3,95585,M,,,95
200800041596,8,7,24,1340,1,2,1,1,7,95585,M,,,95
200800041597,8,7,31,1140,1,2,1,1,7,95585,M,,,95
200800041598,8,7,31,1907,1,2,1,1,7,95585,M,,,95
200800041599,8,7,20,2050,1,1,7,1,3,95539,M,,,95
200800041600,8,7,9,1900,1,2,1,1,2,95607,M,,,95
200800041601,8,7,11,1815,1,2,9,1,3,95607,M,,,95
200800041602,8,7,15,1800,1,2,1,1,6,95607,M,,,95
200800041603,8,7,15,1415,1,2,1,1,7,95607,M,,,95
200800041604,8,7,18,1115,1,2,1,1,6,95607,M,,,95
200800041605,8,7,1,1050,1,2,1,1,2,20004,M,,,201
200800041606,8,7,5,335,5,2,1,1,6,20004,M,,,201
200800041607,8,7,5,1849,1,2,1,1,3,20004,M,,,201
200800041608,8,7,7,1506,1,2,1,1,6,20004,M,,,201
200800041609,8,7,7,1719,1,2,1,1,3,20004,M,,,201
200800041610,8,7,11,1158,1,2,1,1,1,20004,M,,,201
200800041611,8,7,18,1953,1,2,1,1,3,20004,M,,,201
200800041612,8,7,20,735,1,2,1,1,5,20004,M,,,201
200800041613,8,7,22,640,1,2,1,1,6,20004,M,,,201
200800041614,8,7,23,1230,1,2,1,1,6,20004,M,,,201
200800041615,8,7,26,1255,1,2,1,1,3,20004,M,,,201
200800041616,8,7,27,2150,5,2,6,1,3,20004,M,,,201
200800041617,8,7,27,400,5,2,1,1,3,20004,M,,,201
200800041618,8,7,30,1230,1,2,1,1,6,20004,M,,,201
200800041619,8,7,29,1835,1,2,3,1,6,20004,M,,,201
200800041620,8,7,11,1924,1,2,2,1,3,69381,M,,,69
200800041621,8,7,25,1025,1,2,3,1,6,69381,M,,,69
200800041622,8,7,23,820,1,2,1,1,4,69381,M,,,69
200800041623,8,7,1,900,1,1,1,1,2,77058,M,,,77
200800041624,8,7,1,2000,1,1,1,1,2,94069,M,,,94
200800041625,8,7,1,2230,5,1,1,1,2,94017,M,,,94
200800041626,8,7,1,2300,5,1,1,1,6,75112,M,,,75
200800041627,8,7,2,840,1,1,1,1,5,94044,M,,,94
200800041628,8,7,2,1735,1,1,1,1,4,77169,M,,,77
200800041629,8,7,3,1955,1,1,1,2,2,94073,M,,,94
200800041630,8,7,7,845,1,1,1,1,2,93051,M,,,93
200800041631,8,7,7,1700,1,1,1,1,5,94028,M,,,94
200800041632,8,7,7,1835,1,1,1,1,3,94018,M,,,94
200800041633,8,7,9,1820,1,1,1,1,4,94022,M,,,94
200800041634,8,7,10,1145,1,1,1,1,5,77175,M,,,77
200800041635,8,7,11,1615,1,1,1,1,6,94069,M,,,94
200800041636,8,7,13,734,5,1,1,1,3,94052,M,,,94
200800041637,8,7,15,1600,1,1,1,1,3,94028,M,,,94
200800041638,8,7,15,1800,1,1,1,1,2,93051,M,,,93
200800041639,8,7,22,900,1,1,1,1,7,94017,M,,,94
200800041640,8,7,17,2230,5,1,1,1,4,94042,M,,,94
200800041641,8,7,18,1415,1,1,1,1,4,94073,M,,,94
200800041642,8,7,21,610,1,1,1,1,5,94042,M,,,94
200800041643,8,7,21,730,1,1,1,1,4,94033,M,,,94
200800041644,8,7,22,750,1,1,1,1,3,94028,M,,,94
200800041645,8,7,24,1505,1,1,1,1,3,94022,M,,,94
200800041646,8,7,24,1630,1,1,1,1,2,94073,M,,,94
200800041647,8,7,26,115,5,1,1,2,4,94017,M,,,94
200800041648,8,7,27,1500,1,1,1,1,4,94028,M,,,94
200800041649,8,7,27,2345,5,1,1,1,6,94028,M,,,94
200800041650,8,7,29,1425,1,1,1,1,3,77449,M,,,77
200800041651,8,7,29,1800,1,1,1,1,4,94018,M,,,94
200800041652,8,7,30,130,3,1,1,1,5,77468,M,,,77
200800041653,8,7,30,800,1,1,1,1,7,77296,M,,,77
200800041654,8,7,30,1740,1,1,1,1,5,94046,M,,,94
200800041655,8,7,31,845,1,1,1,1,6,77468,M,,,77
200800041656,8,7,4,900,1,1,1,1,3,92036,M,,,92
200800041657,8,7,4,934,1,1,1,1,5,95582,M,,,95
200800041658,8,7,4,1000,1,1,1,1,2,95527,M,,,95
200800041659,8,7,5,330,5,1,1,1,5,93032,M,,,93
200800041660,8,7,6,415,5,1,1,1,2,93066,M,,,93
200800041661,8,7,7,1430,1,1,1,1,6,95582,M,,,95
200800041662,8,7,7,2130,2,1,1,1,7,92036,M,,,92
200800041663,8,7,8,155,3,1,1,2,6,95488,M,,,95
200800041664,8,7,8,1130,1,1,1,1,2,93066,M,,,93
200800041665,8,7,10,1830,1,1,1,1,6,95488,M,,,95
200800041666,8,7,17,1645,1,1,1,1,5,93078,M,,,93
200800041667,8,7,18,735,1,1,1,1,5,95018,M,,,95
200800041668,8,7,19,200,5,1,1,1,7,92036,M,,,92
200800041669,8,7,20,555,4,1,1,1,7,95491,M,,,95
200800041670,8,7,20,700,1,1,1,1,2,93066,M,,,93
200800041671,8,7,24,1910,1,1,1,1,2,93066,M,,,93
200800041672,8,7,26,700,1,1,9,2,7,92036,M,,,92
200800041673,8,7,26,730,1,1,1,3,7,93027,M,,,93
200800041674,8,7,27,520,3,1,1,1,6,95582,M,,,95
200800041675,8,7,29,1425,1,1,1,1,6,95527,M,,,95
200800041676,8,7,29,1800,1,1,1,1,3,95018,M,,,95
200800041677,8,7,29,2235,3,1,1,1,3,93032,M,,,93
200800041678,8,7,29,2340,4,1,1,1,6,95582,M,,,95
200800041679,8,7,30,1950,1,1,1,1,2,93078,M,,,93
200800041680,8,7,21,1920,1,1,1,1,4,92064,M,,,92
200800041681,8,7,1,800,1,1,1,1,3,78545,M,,,78
200800041682,8,7,1,957,1,1,1,1,3,92012,M,,,92
200800041683,8,7,2,850,1,1,1,1,6,78043,M,,,78
200800041684,8,7,2,810,1,1,1,1,6,92036,M,,,92
200800041685,8,7,5,1948,1,1,1,1,2,92047,M,,,92
200800041686,8,7,3,2050,1,1,1,1,5,92048,M,,,92
200800041687,8,7,6,652,1,1,1,1,7,92047,M,,,92
200800041688,8,7,7,2005,1,1,1,1,2,92050,M,,,92
200800041689,8,7,8,925,1,1,1,8,6,92036,M,,,92
200800041690,8,7,8,1600,1,1,1,1,6,78490,M,,,78
200800041691,8,7,8,1800,1,1,1,1,5,92036,M,,,92
200800041692,8,7,4,1811,1,1,1,1,2,92047,M,,,92
200800041693,8,7,9,729,1,1,1,1,3,92025,M,,,92
200800041694,8,7,9,1010,1,1,1,1,5,92036,M,,,92
200800041695,8,7,10,100,3,1,1,1,6,78126,M,,,78
200800041696,8,7,11,900,1,1,1,1,5,78402,M,,,78
200800041697,8,7,11,2020,1,1,1,1,2,78090,M,,,78
200800041698,8,7,12,45,3,1,1,2,6,78029,M,,,78
200800041699,8,7,11,1800,1,1,1,1,2,92012,M,,,92
200800041700,8,7,12,1130,1,1,1,1,3,78498,M,,,78
200800041701,8,7,13,28,5,1,1,1,6,92060,M,,,92
200800041702,8,7,14,1710,1,1,1,1,2,92064,M,,,92
200800041703,8,7,23,1000,1,1,1,1,3,92036,M,,,92
200800041704,8,7,24,910,1,1,1,1,3,78640,M,,,78
200800041705,8,7,25,750,1,1,1,1,5,92064,M,,,92
200800041706,8,7,26,440,3,1,1,2,6,92064,M,,,92
200800041707,8,7,11,1740,1,1,1,1,7,92050,M,,,92
200800041708,8,7,31,801,1,1,9,1,3,78423,M,,,78
200800041709,8,7,28,2105,5,1,1,3,3,78640,M,,,78
200800041710,8,7,1,1020,1,1,1,1,6,91286,M,,,91
200800041711,8,7,2,2217,2,1,1,1,3,91161,M,,,91
200800041712,8,7,2,555,2,1,1,1,3,91687,M,,,91
200800041713,8,7,2,1330,1,1,1,2,4,91589,M,,,91
200800041714,8,7,2,1910,1,1,1,8,2,77251,M,,,77
200800041715,8,7,3,730,1,1,1,2,7,91182,M,,,91
200800041716,8,7,3,1500,1,1,1,1,2,94037,M,,,94
200800041717,8,7,8,2100,1,1,1,1,6,91161,M,,,91
200800041718,8,7,4,1736,1,1,1,1,4,91549,M,,,91
200800041719,8,7,5,1230,1,1,1,2,6,91161,M,,,91
200800041720,8,7,6,1700,1,1,1,1,6,94034,M,,,94
200800041721,8,7,10,2029,3,1,1,2,6,91471,M,,,91
200800041722,8,7,7,2047,1,1,1,3,7,91347,M,,,91
200800041723,8,7,8,1110,1,1,1,1,7,91064,M,,,91
200800041724,8,7,9,700,1,1,1,1,2,91345,M,,,91
200800041725,8,7,10,350,3,1,1,1,3,91468,M,,,91
200800041726,8,7,10,724,1,1,1,1,2,91553,M,,,91
200800041727,8,7,10,1522,1,1,1,1,6,91689,M,,,91
200800041728,8,7,10,1824,1,1,1,1,2,91216,M,,,91
200800041729,8,7,11,1122,1,1,1,8,7,91340,M,,,91