Num_Acc,an,mois,jour,hrmn,lum,agg,int,atm,col,com,gps,lat,long,dep
200800041730,8,7,11,1206,1,1,1,1,4,91064,M,,,91
200800041731,8,7,11,1842,1,1,1,1,2,91661,M,,,91
200800041732,8,7,11,2056,1,1,1,1,4,91377,M,,,91
200800041733,8,7,12,620,1,1,1,1,6,94037,M,,,94
200800041734,8,7,14,1330,1,1,1,8,6,91182,M,,,91
200800041735,8,7,15,27,3,1,1,1,6,77251,M,,,77
200800041736,8,7,17,16,3,1,1,1,6,91477,M,,,91
200800041737,8,7,17,1930,1,1,1,1,6,75013,M,,,75
200800041738,8,7,21,650,1,1,1,1,2,91689,M,,,91
200800041739,8,7,21,1030,1,1,1,1,3,91064,M,,,91
200800041740,8,7,21,1514,1,1,1,1,3,91312,M,,,91
200800041741,8,7,21,1530,1,1,1,1,3,91661,M,,,91
200800041742,8,7,23,1748,1,1,1,1,6,91228,M,,,91
200800041743,8,7,24,546,1,1,1,1,2,94003,M,,,94
200800041744,8,7,25,300,3,1,1,1,6,91589,M,,,91
200800041745,8,7,26,312,5,1,1,3,4,94034,M,,,94
200800041746,8,7,26,338,5,1,1,3,6,94034,M,,,94
200800041747,8,7,26,735,2,1,1,8,3,91347,M,,,91
200800041748,8,7,26,2213,5,1,1,1,3,94065,M,,,94
200800041749,8,7,27,246,5,1,1,1,6,91553,M,,,91
200800041750,8,7,28,331,3,1,1,1,7,91589,M,,,91
200800041751,8,7,29,300,3,1,1,2,6,91471,M,,,91
200800041752,8,7,30,800,1,1,1,1,7,94037,M,,,94
200800041753,8,7,30,945,1,1,1,1,2,91645,M,,,91
200800041754,8,7,30,1700,1,1,1,1,3,94034,M,,,94
200800041755,8,7,30,2005,1,1,1,1,7,91179,M,,,91
200800041756,8,7,2,650,1,2,2,1,3,69382,M,,,69
200800041757,8,7,11,1030,1,2,3,1,2,69382,M,,,69
200800041758,8,7,26,1755,1,2,1,2,3,69382,M,,,69
200800041759,8,7,5,1444,1,2,3,1,6,69382,M,,,69
200800041760,8,7,1,1135,1,2,2,1,6,69382,M,,,69
200800041761,8,7,29,1410,1,2,2,1,3,69382,M,,,69
200800041762,8,7,1,725,1,1,1,1,2,59080,M,,,59
200800041763,8,7,1,920,1,1,1,1,3,59507,M,,,59
200800041764,8,7,1,1040,1,1,1,1,6,59350,M,,,59
200800041765,8,7,1,1600,1,1,1,1,7,59507,M,,,59
200800041766,8,7,1,1525,1,1,1,1,4,59560,M,,,59
200800041767,8,7,1,1600,1,1,1,1,6,59350,M,,,59
200800041768,8,7,1,1720,1,1,1,1,6,59646,M,,,59
200800041769,8,7,2,1950,1,1,1,1,6,59196,M,,,59
200800041770,8,7,3,925,1,1,1,1,6,62274,M,,,62
200800041771,8,7,3,1730,1,1,1,2,6,59426,M,,,59
200800041772,8,7,4,1030,1,1,1,1,4,59123,M,,,59
200800041773,8,7,4,1610,1,1,1,1,6,59343,M,,,59
200800041774,8,7,5,40,5,1,1,1,6,59515,M,,,59
200800041775,8,7,6,1540,1,1,1,1,2,59603,M,,,59
200800041776,8,7,6,1750,1,1,1,1,6,59195,M,,,59
200800041777,8,7,6,2145,2,1,1,2,7,59350,M,,,59
200800041778,8,7,7,815,1,1,1,1,6,59350,M,,,59
200800041779,8,7,7,1700,1,1,1,1,2,59564,M,,,59
200800041780,8,7,8,830,1,1,1,2,6,62628,M,,,62
200800041781,8,7,8,1600,1,1,1,1,6,59009,M,,,59
200800041782,8,7,9,1725,1,1,1,2,6,59350,M,,,59
200800041783,8,7,10,1810,1,1,1,2,7,59585,M,,,59
200800041784,8,7,10,1910,1,1,1,2,2,59009,M,,,59
200800041785,8,7,10,1930,1,1,1,2,6,59195,M,,,59
200800041786,8,7,10,2000,1,1,1,2,6,59143,M,,,59
200800041787,8,7,11,2200,2,1,1,1,6,59410,M,,,59
200800041788,8,7,12,330,5,1,1,2,7,59195,M,,,59
200800041789,8,7,12,1505,1,1,1,1,2,59646,M,,,59
200800041790,8,7,13,620,2,1,1,1,6,59350,M,,,59
200800041791,8,7,14,450,3,1,1,1,6,62548,M,,,62
200800041792,8,7,14,1345,1,1,1,1,2,59350,M,,,59
200800041793,8,7,15,1130,1,1,1,1,6,62427,M,,,62
200800041794,8,7,16,1615,1,1,1,1,2,59189,M,,,59
200800041795,8,7,16,2120,1,1,1,1,6,59507,M,,,59
200800041796,8,7,18,805,1,1,1,2,6,59532,M,,,59
200800041797,8,7,18,1630,1,1,1,1,6,59426,M,,,59
200800041798,8,7,19,1945,1,1,1,1,6,59507,M,,,59
200800041799,8,7,20,25,3,1,1,1,6,62065,M,,,62
200800041800,8,7,20,1500,1,1,1,1,6,59350,M,,,59
200800041801,8,7,22,810,1,1,1,1,7,59143,M,,,59
200800041802,8,7,23,1145,1,1,1,1,6,59350,M,,,59
200800041803,8,7,24,130,5,1,1,1,6,59090,M,,,59
200800041804,8,7,24,755,1,1,1,1,6,59599,M,,,59
200800041805,8,7,25,835,1,1,1,1,6,59343,M,,,59
200800041806,8,7,25,2115,2,1,1,1,7,59143,M,,,59
200800041807,8,7,26,650,2,1,1,2,6,62771,M,,,62
200800041808,8,7,26,1250,1,1,1,1,2,59507,M,,,59
200800041809,8,7,27,940,1,1,1,1,7,59196,M,,,59
200800041810,8,7,28,2110,2,1,1,3,7,62351,M,,,62
200800041811,8,7,30,1805,1,1,1,1,2,59507,M,,,59
200800041812,8,7,1,900,1,2,2,1,6,69383,M,,,69
200800041813,8,7,1,1800,1,2,2,1,3,69386,M,,,69
200800041814,8,7,2,1620,1,2,2,1,3,69386,M,,,69
200800041815,8,7,4,1720,1,2,2,1,6,69383,M,,,69
200800041816,8,7,6,1240,1,2,2,2,3,69383,M,,,69
200800041817,8,7,6,2125,1,2,2,1,3,69383,M,,,69
200800041818,8,7,4,2045,2,2,2,1,6,69383,M,,,69
200800041819,8,7,8,1900,1,2,1,1,6,69386,M,,,69
200800041820,8,7,9,1710,1,2,1,1,6,69383,M,,,69
200800041821,8,7,14,1945,1,2,1,1,3,69383,M,,,69
200800041822,8,7,9,1940,1,2,1,1,2,69383,M,,,69
200800041823,8,7,11,1030,1,2,2,1,3,69386,M,,,69
200800041824,8,7,13,1740,1,2,1,2,2,69386,M,,,69
200800041825,8,7,15,1800,1,2,1,1,2,69383,M,,,69
200800041826,8,7,19,2330,5,2,2,1,3,69386,M,,,69
200800041827,8,7,14,1920,1,2,2,1,3,69386,M,,,69
200800041828,8,7,16,910,1,2,3,1,3,69386,M,,,69
200800041829,8,7,18,1900,1,2,2,1,6,69386,M,,,69
200800041830,8,7,12,1230,1,2,3,1,3,69383,M,,,69
200800041831,8,7,23,910,1,2,1,1,6,69383,M,,,69
200800041832,8,7,23,1245,1,2,1,1,6,69383,M,,,69
200800041833,8,7,24,1500,1,2,2,1,6,69383,M,,,69
200800041834,8,7,24,1735,1,2,1,1,6,69383,M,,,69
200800041835,8,7,24,1925,1,2,2,1,6,69383,M,,,69
200800041836,8,7,28,1250,1,2,2,1,3,69383,M,,,69
200800041837,8,7,28,845,1,2,1,1,6,69383,M,,,69
200800041838,8,7,31,1125,1,2,1,1,2,69383,M,,,69
200800041839,8,7,8,1400,1,2,1,1,6,69384,M,,,69
200800041840,8,7,21,1020,1,2,2,1,1,69384,M,,,69
200800041841,8,7,30,1725,1,2,1,1,6,69384,M,,,69
200800041842,8,7,2,720,1,1,1,1,3,33249,M,,,33
200800041843,8,7,2,1730,1,1,1,1,3,33039,M,,,33
200800041844,8,7,3,835,1,1,1,2,3,33075,M,,,33
200800041845,8,7,3,905,1,1,1,2,2,33075,M,,,33
200800041846,8,7,3,1140,1,1,1,1,2,33281,M,,,33
200800041847,8,7,4,1930,1,1,1,1,7,33192,M,,,33
200800041848,8,7,4,2205,3,1,1,1,6,33448,M,,,33
200800041849,8,7,5,2055,1,1,1,1,6,33039,M,,,33
200800041850,8,7,6,155,5,1,1,1,6,33096,M,,,33
200800041851,8,7,7,1245,1,1,1,2,6,33249,M,,,33
200800041852,8,7,7,1240,1,1,1,2,4,33039,M,,,33
200800041853,8,7,11,930,1,1,1,1,3,33550,M,,,33
200800041854,8,7,18,640,1,1,1,1,2,33550,M,,,33
200800041855,8,7,21,1840,1,1,1,1,5,33119,M,,,33
200800041856,8,7,24,1300,1,1,1,1,3,33249,M,,,33
200800041857,8,7,24,1350,1,1,1,1,2,33281,M,,,33
200800041858,8,7,25,200,5,1,1,1,6,33249,M,,,33
200800041859,8,7,25,1555,1,1,1,1,7,33075,M,,,33
200800041860,8,7,25,1710,1,1,1,1,2,33249,M,,,33
200800041861,8,7,26,735,1,1,1,2,6,33550,M,,,33
200800041862,8,7,29,2140,1,1,1,1,2,33096,M,,,33
200800041863,8,7,30,735,1,1,1,1,5,33039,M,,,33
200800041864,8,7,30,1640,1,1,1,1,3,33249,M,,,33
200800041865,8,7,4,1050,1,1,1,1,7,67152,M,,,67
200800041866,8,7,4,1720,1,1,1,1,2,67482,M,,,67
200800041867,8,7,17,1718,1,1,1,1,3,67482,M,,,67
200800041868,8,7,23,1733,1,1,1,1,4,67124,M,,,67
200800041869,8,7,25,340,3,1,9,1,6,67482,M,,,67
200800041870,8,7,28,205,3,1,1,3,6,67204,M,,,67
200800041871,8,7,20,1038,1,1,1,1,4,54320,M,,,54
200800041872,8,7,31,1630,1,1,1,1,6,54159,M,,,54
200800041873,8,7,23,1245,1,1,1,1,6,57452,M,,,57
200800041874,8,7,2,1705,1,2,1,1,7,69387,M,,,69
200800041875,8,7,13,925,1,2,1,1,7,69387,M,,,69
200800041876,8,7,14,2000,1,2,1,1,6,69387,M,,,69
200800041877,8,7,15,1700,1,2,1,2,6,69387,M,,,69
200800041878,8,7,16,825,1,2,1,1,3,69387,M,,,69
200800041879,8,7,24,1620,1,2,2,1,3,69387,M,,,69
200800041880,8,7,22,1140,1,2,1,1,2,69387,M,,,69
200800041881,8,7,18,1835,1,2,2,1,3,69387,M,,,69
200800041882,8,7,2,2345,5,2,1,1,6,69388,M,,,69
200800041883,8,7,3,1750,1,2,3,1,6,69388,M,,,69
200800041884,8,7,3,2010,1,2,1,1,6,69388,M,,,69
200800041885,8,7,4,2020,1,2,2,1,6,69388,M,,,69
200800041886,8,7,7,1835,1,1,2,1,6,69388,M,,,69
200800041887,8,7,8,1635,1,2,1,1,6,69388,M,,,69
200800041888,8,7,10,1015,1,2,1,7,6,69388,M,,,69
200800041889,8,7,10,2220,4,2,9,1,6,69388,M,,,69
200800041890,8,7,20,1145,1,2,2,1,6,69388,M,,,69
200800041891,8,7,22,1050,1,2,1,1,2,69388,M,,,69
200800041892,8,7,24,1855,1,2,1,1,2,69388,M,,,69
200800041893,8,7,25,1640,1,2,3,1,6,69388,M,,,69
200800041894,8,7,2,1345,1,1,1,1,3,69072,M,,,69
200800041895,8,7,2,2020,1,1,1,1,3,69266,M,,,69
200800041896,8,7,3,1020,1,1,1,3,6,69199,M,,,69
200800041897,8,7,3,1640,1,1,1,3,4,69388,M,,,69
200800041898,8,7,4,655,2,1,1,1,6,69271,M,,,69
200800041899,8,7,4,1015,1,1,3,1,5,69266,M,,,69
200800041900,8,7,4,1800,1,1,1,1,6,69385,M,,,69
200800041901,8,7,5,2255,5,1,1,1,6,69282,M,,,69
200800041902,8,7,6,1247,1,1,1,2,6,69142,M,,,69
200800041903,8,7,7,857,1,1,1,1,3,69266,M,,,69
200800041904,8,7,8,745,1,1,1,1,7,69034,M,,,69
200800041905,8,7,10,1800,1,1,1,1,5,38087,M,,,38
200800041906,8,7,11,1808,1,1,1,1,5,69286,M,,,69
200800041907,8,7,12,2050,1,1,1,1,2,69290,M,,,69
200800041908,8,7,13,640,2,1,1,2,6,69256,M,,,69
200800041909,8,7,13,1815,1,1,1,1,2,69266,M,,,69
200800041910,8,7,13,1840,1,1,1,2,3,69290,M,,,69
200800041911,8,7,16,2140,5,1,1,1,7,69297,M,,,69
200800041912,8,7,17,2340,5,1,1,1,7,69385,M,,,69
200800041913,8,7,18,1000,1,1,1,1,7,69029,M,,,69
200800041914,8,7,19,320,5,1,1,1,6,69266,M,,,69
200800041915,8,7,20,1730,1,1,1,1,6,69029,M,,,69
200800041916,8,7,23,1710,1,1,1,1,2,69290,M,,,69
200800041917,8,7,24,1110,1,1,1,1,7,69290,M,,,69
200800041918,8,7,25,1240,1,1,1,1,2,69290,M,,,69
200800041919,8,7,28,1100,1,1,1,1,5,69266,M,,,69
200800041920,8,7,30,1405,1,1,1,1,4,01275,M,,,01
200800041921,8,7,31,605,1,1,1,1,5,69288,M,,,69
200800041922,8,7,31,1800,1,1,1,1,7,69081,M,,,69
200800041923,8,7,5,1405,1,2,1,1,1,69389,M,,,69
200800041924,8,7,9,1619,1,2,1,1,2,69389,M,,,69
200800041925,8,7,10,1700,1,2,1,1,3,69389,M,,,69
200800041926,8,7,10,1815,1,2,1,1,7,69389,M,,,69
200800041927,8,7,12,1915,1,2,1,1,6,69389,M,,,69
200800041928,8,7,18,850,1,2,1,1,2,69389,M,,,69
200800041929,8,7,23,40,5,2,1,1,6,69389,M,,,69
200800041930,8,7,24,1616,1,2,9,1,3,69389,M,,,69
200800041931,8,7,29,250,5,2,9,1,7,69389,M,,,69
200800041932,8,7,27,1422,1,2,1,1,2,69389,M,,,69
200800041933,8,7,27,1924,1,2,1,1,6,69389,M,,,69
200800041934,8,7,31,1555,1,2,1,1,3,69389,M,,,69
200800041935,8,7,18,1725,1,2,1,1,6,69389,M,,,69
200800041936,8,7,3,1530,1,1,1,1,6,83144,M,,,83
200800041937,8,7,4,2215,5,1,9,1,7,83137,M,,,83
200800041938,8,7,10,1139,1,1,1,1,3,83069,M,,,83
200800041939,8,7,13,540,5,1,1,1,6,83137,M,,,83
200800041940,8,7,13,541,5,1,1,1,2,83137,M,,,83
200800041941,8,7,13,2030,1,1,1,1,6,83035,M,,,83
200800041942,8,7,15,845,1,1,1,1,2,83137,M,,,83
200800041943,8,7,26,400,3,1,1,1,6,83027,M,,,83
200800041944,8,7,28,1013,1,1,9,1,7,83062,M,,,83
200800041945,8,7,31,1500,1,1,1,1,6,83047,M,,,83
200800041946,8,7,1,645,1,1,1,1,6,13015,M,,,13
200800041947,8,7,2,1700,1,1,1,1,2,13071,M,,,13
200800041948,8,7,2,1940,1,1,1,1,6,13055,M,,,13
200800041949,8,7,3,900,1,1,1,1,4,13215,M,,,13
200800041950,8,7,3,1750,1,1,1,1,4,13070,M,,,13
200800041951,8,7,4,1800,1,1,1,1,4,13088,M,,,13
200800041952,8,7,4,1905,1,1,1,1,3,13043,M,,,13
200800041953,8,7,4,1845,1,1,1,1,5,13214,M,,,13
200800041954,8,7,5,1837,1,1,1,1,7,13015,M,,,13
200800041955,8,7,5,2150,2,1,1,1,2,13026,M,,,13
200800041956,8,7,6,215,3,1,1,1,6,13033,M,,,13
200800041957,8,7,7,2040,1,1,1,1,6,13081,M,,,13
200800041958,8,7,8,30,3,1,1,1,6,13071,M,,,13
200800041959,8,7,8,1110,1,1,1,1,2,13210,M,,,13
200800041960,8,7,9,645,1,1,1,1,7,13001,M,,,13
200800041961,8,7,9,1735,1,1,1,1,7,13117,M,,,13
200800041962,8,7,9,1925,1,1,1,1,4,13214,M,,,13
200800041963,8,7,10,1025,1,1,1,1,6,13215,M,,,13
200800041964,8,7,10,2030,1,1,1,1,6,13211,M,,,13
200800041965,8,7,12,440,3,1,1,1,2,13005,M,,,13
200800041966,8,7,13,1950,1,1,1,1,7,13071,M,,,13
200800041967,8,7,15,740,1,1,1,1,2,13117,M,,,13
200800041968,8,7,15,2030,1,1,1,1,7,13106,M,,,13
200800041969,8,7,15,2051,1,1,1,1,3,13106,M,,,13
200800041970,8,7,17,742,1,1,1,1,5,13071,M,,,13
200800041971,8,7,18,1630,1,1,1,1,4,13202,M,,,13
200800041972,8,7,19,1700,1,1,1,1,6,13215,M,,,13
200800041973,8,7,20,1010,1,1,1,2,6,13215,M,,,13
200800041974,8,7,4,1550,1,1,1,1,3,13071,M,,,13
200800041975,8,7,21,1745,1,1,1,1,3,13055,M,,,13
200800041976,8,7,22,1105,1,1,1,1,6,13071,M,,,13
200800041977,8,7,21,2230,3,1,9,1,2,13005,M,,,13
200800041978,8,7,23,1100,1,1,1,1,6,13215,M,,,13
200800041979,8,7,24,330,5,1,1,1,7,13055,M,,,13
200800041980,8,7,24,1430,1,1,1,1,3,13015,M,,,13
200800041981,8,7,24,1545,1,1,1,1,6,13071,M,,,13
200800041982,8,7,24,1928,1,1,1,1,2,13214,M,,,13
200800041983,8,7,11,1700,1,1,1,1,4,13202,M,,,13
200800041984,8,7,25,725,1,1,1,1,3,13202,M,,,13
200800041985,8,7,26,600,2,1,1,1,2,13071,M,,,13
200800041986,8,7,26,1945,1,1,1,1,6,13071,M,,,13
200800041987,8,7,26,2055,1,1,1,1,3,13117,M,,,13
200800041988,8,7,29,1525,1,1,1,1,6,13071,M,,,13
200800041989,8,7,29,1640,1,1,9,1,6,13071,M,,,13
200800041990,8,7,29,1720,1,1,1,1,4,13215,M,,,13
200800041991,8,7,30,445,2,1,1,1,2,13001,M,,,13
200800041992,8,7,31,1850,1,1,1,1,2,13071,M,,,13
200800041993,8,7,25,135,5,2,1,1,6,75101,M,,,75
200800041994,8,7,4,1945,1,2,1,1,6,75101,M,,,75
200800041995,8,7,5,40,5,2,1,1,6,75103,M,,,75
200800041996,8,7,1,1310,1,2,2,1,7,75101,M,,,75
200800041997,8,7,8,1900,1,2,2,2,3,75102,M,,,75
200800041998,8,7,9,530,2,2,1,1,6,75101,M,,,75
200800041999,8,7,9,615,1,2,1,1,6,75101,M,,,75
200800042000,8,7,9,1125,1,2,2,1,6,75101,M,,,75
200800042001,8,7,9,1740,1,2,3,1,3,75101,M,,,75
200800042002,8,7,9,2040,1,2,3,1,3,75101,M,,,75
200800042003,8,7,11,1550,1,2,2,1,3,75101,M,,,75
200800042004,8,7,13,2040,1,2,2,1,3,75101,M,,,75
200800042005,8,7,15,1255,1,2,3,1,3,75101,M,,,75
200800042006,8,7,16,1905,1,2,2,1,3,75101,M,,,75
200800042007,8,7,17,1123,1,2,1,1,2,75101,M,,,75
200800042008,8,7,18,1345,1,2,3,1,6,75101,M,,,75
200800042009,8,7,19,1345,1,2,2,1,3,75101,M,,,75
200800042010,8,7,22,1818,1,2,3,1,2,75101,M,,,75
200800042011,8,7,22,2345,5,2,2,1,7,75101,M,,,75
200800042012,8,7,31,1510,1,2,1,9,6,75101,M,,,75
200800042013,8,7,31,1820,1,2,1,1,6,75101,M,,,75
200800042014,8,7,1,2152,5,2,2,1,3,75102,M,,,75
200800042015,8,7,3,840,1,2,2,1,6,75102,M,,,75
200800042016,8,7,4,718,1,2,2,1,3,75102,M,,,75
200800042017,8,7,7,1510,1,2,2,3,6,75102,M,,,75
200800042018,8,7,8,1850,1,2,2,2,3,75102,M,,,75
200800042019,8,7,8,1920,1,2,2,1,3,75102,M,,,75
200800042020,8,7,9,1405,1,2,1,1,6,75102,M,,,75
200800042021,8,7,10,1250,1,2,1,1,2,75102,M,,,75
200800042022,8,7,10,1505,1,2,1,1,6,75102,M,,,75
200800042023,8,7,11,1210,1,2,1,1,6,75102,M,,,75
200800042024,8,7,17,1340,1,2,3,1,6,75102,M,,,75
200800042025,8,7,18,1545,1,2,2,1,3,75102,M,,,75
200800042026,8,7,22,915,1,2,2,1,3,75102,M,,,75
200800042027,8,7,24,1738,1,2,1,1,3,75102,M,,,75
200800042028,8,7,25,2010,2,2,2,2,3,75102,M,,,75
200800042029,8,7,1,1505,1,2,2,1,6,75103,M,,,75
200800042030,8,7,1,245,5,2,2,1,6,75103,M,,,75
200800042031,8,7,2,1600,1,2,2,2,7,75103,M,,,75
200800042032,8,7,4,1750,1,2,4,1,3,75103,M,,,75
200800042033,8,7,4,1815,1,2,2,1,3,75103,M,,,75
200800042034,8,7,5,1650,1,2,1,1,6,75103,M,,,75
200800042035,8,7,7,1815,1,2,3,8,3,75103,M,,,75
200800042036,8,7,9,2115,5,2,2,1,6,75103,M,,,75
200800042037,8,7,16,2040,2,2,2,1,6,75104,M,,,75
200800042038,8,7,25,1620,1,2,4,1,6,75103,M,,,75
200800042039,8,7,25,2350,5,2,1,1,3,75103,M,,,75
200800042040,8,7,1,1035,1,2,1,1,7,75104,M,,,75
200800042041,8,7,6,125,5,2,1,1,6,75104,M,,,75
200800042042,8,7,6,1620,1,2,2,1,6,75104,M,,,75
200800042043,8,7,7,1030,1,2,1,2,7,75104,M,,,75
200800042044,8,7,8,1945,1,2,5,2,3,75104,M,,,75
200800042045,8,7,10,920,1,2,1,1,6,75104,M,,,75
200800042046,8,7,10,1655,1,2,1,1,3,75104,M,,,75
200800042047,8,7,11,1415,1,2,1,1,4,75104,M,,,75
200800042048,8,7,12,215,5,2,1,2,6,75104,M,,,75
200800042049,8,7,14,1405,1,2,2,1,7,75104,M,,,75
200800042050,8,7,15,200,5,2,1,1,6,75104,M,,,75
200800042051,8,7,18,10,5,2,5,1,6,75104,M,,,75
200800042052,8,7,20,1545,1,2,3,1,3,75104,M,,,75
200800042053,8,7,23,1440,2,2,1,1,2,75104,M,,,75
200800042054,8,7,23,2105,3,2,2,1,2,75104,M,,,75
200800042055,8,7,29,455,5,2,3,1,3,75104,M,,,75
200800042056,8,7,30,2233,5,2,2,1,7,75104,M,,,75
200800042057,8,7,2,1930,1,2,1,1,3,75105,M,,,75
200800042058,8,7,3,1025,1,2,1,1,6,75105,M,,,75
200800042059,8,7,3,1135,1,2,1,1,6,75105,M,,,75
200800042060,8,7,3,1935,1,2,1,1,6,75105,M,,,75
200800042061,8,7,3,2100,5,2,1,1,2,75105,M,,,75
200800042062,8,7,8,1945,2,2,3,2,7,75105,M,,,75
200800042063,8,7,11,1800,1,2,1,1,3,75105,M,,,75
200800042064,8,7,15,1230,1,2,1,1,6,75105,M,,,75
200800042065,8,7,19,1240,1,2,3,1,2,75105,M,,,75
200800042066,8,7,20,1055,1,2,4,1,2,75105,M,,,75
200800042067,8,7,21,640,1,2,2,1,3,75105,M,,,75
200800042068,8,7,26,155,5,2,4,2,1,75105,M,,,75
200800042069,8,7,27,737,1,2,1,1,6,75105,M,,,75
200800042070,8,7,28,2125,2,2,1,1,6,75105,M,,,75
200800042071,8,7,29,100,5,2,5,1,6,75105,M,,,75
200800042072,8,7,29,125,5,2,2,2,2,75105,M,,,75
200800042073,8,7,2,1655,1,2,1,1,6,75106,M,,,75
200800042074,8,7,2,1750,1,2,1,1,3,75106,M,,,75
200800042075,8,7,7,1600,1,2,3,8,6,75106,M,,,75
200800042076,8,7,9,1630,1,2,2,1,3,75106,M,,,75
200800042077,8,7,11,1220,1,2,4,1,6,75106,M,,,75
200800042078,8,7,16,25,5,2,3,1,6,75106,M,,,75
200800042079,8,7,16,1525,1,2,1,1,6,75106,M,,,75
200800042080,8,7,18,200,5,2,1,1,6,75106,M,,,75
200800042081,8,7,20,2055,1,2,2,1,3,75106,M,,,75
200800042082,8,7,21,55,5,2,2,1,7,75106,M,,,75
200800042083,8,7,31,1705,1,2,1,1,3,75106,M,,,75
200800042084,8,7,1,1040,1,2,1,1,7,75107,M,,,75
200800042085,8,7,1,1745,1,2,1,1,6,75107,M,,,75
200800042086,8,7,2,905,1,2,2,2,3,75107,M,,,75
200800042087,8,7,4,1630,1,2,1,1,3,75107,M,,,75
200800042088,8,7,4,1750,1,2,3,1,5,75107,M,,,75
200800042089,8,7,6,835,1,2,1,1,2,75107,M,,,75
200800042090,8,7,7,1000,1,2,2,2,7,75107,M,,,75
200800042091,8,7,7,1030,1,2,1,8,7,75107,M,,,75
200800042092,8,7,7,1810,1,2,5,1,6,75107,M,,,75
200800042093,8,7,10,1050,1,2,2,1,2,75107,M,,,75
200800042094,8,7,13,1535,1,2,1,1,6,75107,M,,,75
200800042095,8,7,13,2100,1,2,2,1,3,75107,M,,,75
200800042096,8,7,14,1800,2,2,3,1,3,75107,M,,,75
200800042097,8,7,16,1610,1,2,3,1,6,75107,M,,,75
200800042098,8,7,18,935,1,2,1,1,4,75107,M,,,75
200800042099,8,7,21,845,1,2,2,1,2,75107,M,,,75
200800042100,8,7,23,650,1,2,1,1,7,75107,M,,,75
200800042101,8,7,23,950,1,2,5,1,3,75107,M,,,75
200800042102,8,7,25,1545,1,2,3,1,6,75107,M,,,75
200800042103,8,7,26,720,1,2,1,1,7,75107,M,,,75
200800042104,8,7,26,1825,1,2,3,1,2,75107,M,,,75
200800042105,8,7,27,1850,1,2,1,1,6,75115,M,,,75
200800042106,8,7,29,1310,1,2,3,1,3,75107,M,,,75
200800042107,8,7,6,1950,1,2,3,1,3,75108,M,,,75
200800042108,8,7,15,2100,1,2,2,1,2,75108,M,,,75
200800042109,8,7,1,125,5,2,2,1,3,75108,M,,,75
200800042110,8,7,1,1700,1,2,2,1,3,75108,M,,,75
200800042111,8,7,1,1800,1,2,1,1,3,75108,M,,,75
200800042112,8,7,1,2100,1,2,2,1,3,75108,M,,,75
200800042113,8,7,2,448,5,2,7,1,2,75108,M,,,75
200800042114,8,7,2,925,1,2,1,1,2,75108,M,,,75
200800042115,8,7,2,1330,1,2,1,2,3,75108,M,,,75
200800042116,8,7,4,1400,1,2,1,1,6,75108,M,,,75
200800042117,8,7,5,335,5,2,1,1,7,75108,M,,,75
200800042118,8,7,5,515,1,2,3,1,2,75108,M,,,75
200800042119,8,7,6,1700,1,2,1,1,6,75108,M,,,75
200800042120,8,7,7,1225,1,2,5,1,6,75108,M,,,75
200800042121,8,7,7,1705,1,2,1,1,3,75108,M,,,75
200800042122,8,7,5,2358,5,2,1,1,6,75108,M,,,75
200800042123,8,7,9,135,5,2,2,2,6,75108,M,,,75
200800042124,8,7,9,1545,1,2,3,1,3,75108,M,,,75
200800042125,8,7,9,1700,1,2,2,1,3,75108,M,,,75
200800042126,8,7,11,2230,5,2,1,1,6,75108,M,,,75
200800042127,8,7,12,142,5,2,1,2,6,75108,M,,,75
200800042128,8,7,12,244,5,2,1,2,6,75108,M,,,75
200800042129,8,7,10,1311,1,2,1,1,2,75108,M,,,75
200800042130,8,7,15,150,5,2,1,1,6,75108,M,,,75
200800042131,8,7,15,1015,1,2,4,1,2,75108,M,,,75
200800042132,8,7,16,920,1,2,1,8,6,75108,M,,,75
200800042133,8,7,17,1040,1,2,4,1,3,75108,M,,,75
200800042134,8,7,18,1655,1,2,2,1,3,75108,M,,,75
200800042135,8,7,22,1950,1,2,2,1,6,75108,M,,,75
200800042136,8,7,22,2150,5,2,3,1,2,75108,M,,,75
200800042137,8,7,23,1625,1,2,1,1,6,75108,M,,,75
200800042138,8,7,24,800,1,2,5,1,3,75108,M,,,75
200800042139,8,7,26,259,5,2,1,3,2,75108,M,,,75
200800042140,8,7,28,845,1,2,2,1,7,75108,M,,,75
200800042141,8,7,28,1045,1,2,5,1,3,75108,M,,,75
200800042142,8,7,28,1350,1,2,1,1,6,75108,M,,,75
200800042143,8,7,28,1430,1,2,2,1,2,75108,M,,,75
200800042144,8,7,28,1545,1,2,3,1,2,75108,M,,,75
200800042145,8,7,29,920,1,2,5,1,2,75108,M,,,75
200800042146,8,7,30,850,1,2,5,1,3,75108,M,,,75
200800042147,8,7,30,1050,1,2,3,1,3,75108,M,,,75
200800042148,8,7,31,1645,1,2,3,1,3,75108,M,,,75
200800042149,8,7,31,1405,1,2,2,1,3,75108,M,,,75
200800042150,8,7,1,1020,1,2,2,1,3,75109,M,,,75
200800042151,8,7,2,931,1,2,2,1,7,75109,M,,,75
200800042152,8,7,2,1605,1,2,1,2,3,75109,M,,,75
200800042153,8,7,4,1320,1,2,1,1,3,75109,M,,,75
200800042154,8,7,6,1900,1,2,2,1,3,75109,M,,,75
200800042155,8,7,7,950,1,2,1,2,6,75109,M,,,75
200800042156,8,7,8,1100,1,2,2,8,6,75109,M,,,75
200800042157,8,7,7,2200,5,2,2,1,3,75109,M,,,75
200800042158,8,7,9,1255,1,2,1,1,6,75109,M,,,75
200800042159,8,7,9,1428,1,2,2,1,6,75109,M,,,75
200800042160,8,7,12,700,1,2,3,1,3,75109,M,,,75