Num_Acc,an,mois,jour,hrmn,lum,agg,int,atm,col,com,gps,lat,long,dep
200800042161,8,7,13,1450,1,2,2,8,3,75109,M,,,75
200800042162,8,7,13,2025,1,2,1,1,3,75109,M,,,75
200800042163,8,7,18,1900,1,2,1,1,6,75109,M,,,75
200800042164,8,7,18,2130,2,2,4,1,3,75109,M,,,75
200800042165,8,7,20,2330,5,2,1,1,7,75109,M,,,75
200800042166,8,7,21,2020,1,2,3,1,6,75109,M,,,75
200800042167,8,7,22,835,1,2,1,1,3,75109,M,,,75
200800042168,8,7,24,910,1,2,2,1,3,75109,M,,,75
200800042169,8,7,26,325,5,2,1,3,3,75109,M,,,75
200800042170,8,7,29,1715,1,2,5,1,3,75109,M,,,75
200800042171,8,7,30,800,1,2,5,1,3,75108,M,,,75
200800042172,8,7,29,1750,1,2,2,1,6,75109,M,,,75
200800042173,8,7,1,735,1,2,1,1,7,75110,M,,,75
200800042174,8,7,1,1310,1,2,2,1,6,75110,M,,,75
200800042175,8,7,2,1330,1,2,1,3,3,75110,M,,,75
200800042176,8,7,3,820,1,2,3,1,3,75110,M,,,75
200800042177,8,7,4,935,1,2,5,1,6,75110,M,,,75
200800042178,8,7,4,1250,1,2,1,1,3,75110,M,,,75
200800042179,8,7,4,1510,1,2,1,1,3,75110,M,,,75
200800042180,8,7,5,1915,1,2,5,8,3,75110,M,,,75
200800042181,8,7,6,845,1,2,1,1,6,75119,M,,,75
200800042182,8,7,6,2335,5,2,1,1,6,75110,M,,,75
200800042183,8,7,7,1950,1,2,1,1,6,75110,M,,,75
200800042184,8,7,9,1450,1,2,1,1,6,75110,M,,,75
200800042185,8,7,9,1815,1,2,1,1,6,75110,M,,,75
200800042186,8,7,10,1510,1,2,2,1,6,75110,M,,,75
200800042187,8,7,10,2015,1,2,4,1,7,75110,M,,,75
200800042188,8,7,11,1400,1,2,3,1,3,75110,M,,,75
200800042189,8,7,11,1440,1,2,1,1,3,75110,M,,,75
200800042190,8,7,11,1754,1,2,1,1,6,75110,M,,,75
200800042191,8,7,12,2115,1,2,3,1,2,75110,M,,,75
200800042192,8,7,13,547,2,2,2,1,3,75110,M,,,75
200800042193,8,7,18,950,1,2,2,1,3,75110,M,,,75
200800042194,8,7,21,725,1,2,2,1,3,75110,M,,,75
200800042195,8,7,22,1958,1,2,2,1,3,75110,M,,,75
200800042196,8,7,23,1250,1,2,1,1,6,75110,M,,,75
200800042197,8,7,25,1940,1,2,2,1,6,75110,M,,,75
200800042198,8,7,25,2205,5,2,1,1,3,75110,M,,,75
200800042199,8,7,27,315,5,2,1,2,7,75110,M,,,75
200800042200,8,7,27,518,2,2,2,1,3,75110,M,,,75
200800042201,8,7,29,1845,1,2,1,1,6,75110,M,,,75
200800042202,8,7,30,1110,1,2,1,1,2,75110,M,,,75
200800042203,8,7,2,1215,1,2,1,1,6,75111,M,,,75
200800042204,8,7,2,1715,1,2,2,2,7,75111,M,,,75
200800042205,8,7,3,1500,1,2,4,1,6,75111,M,,,75
200800042206,8,7,7,1016,1,2,3,2,7,75111,M,,,75
200800042207,8,7,7,1815,1,2,1,1,6,75111,M,,,75
200800042208,8,7,8,150,5,2,2,1,7,75111,M,,,75
200800042209,8,7,8,1930,1,2,1,1,6,75111,M,,,75
200800042210,8,7,9,620,1,2,2,1,6,75111,M,,,75
200800042211,8,7,9,1115,1,2,1,1,7,75111,M,,,75
200800042212,8,7,9,1620,1,2,1,1,5,75111,M,,,75
200800042213,8,7,9,2102,1,2,2,1,6,75111,M,,,75
200800042214,8,7,10,950,1,2,2,1,3,75111,M,,,75
200800042215,8,7,10,1628,1,2,2,1,5,75111,M,,,75
200800042216,8,7,12,155,5,2,2,1,6,75111,M,,,75
200800042217,8,7,12,447,5,2,1,2,7,75111,M,,,75
200800042218,8,7,12,1700,1,2,1,1,3,75111,M,,,75
200800042219,8,7,13,1325,1,2,2,2,7,75111,M,,,75
200800042220,8,7,13,1515,1,2,1,1,6,75111,M,,,75
200800042221,8,7,17,1110,1,2,1,8,7,75111,M,,,75
200800042222,8,7,19,10,5,2,3,1,6,75111,M,,,75
200800042223,8,7,19,1319,1,2,5,1,3,75111,M,,,75
200800042224,8,7,23,550,2,2,1,1,3,75111,M,,,75
200800042225,8,7,23,1740,1,2,1,1,6,75111,M,,,75
200800042226,8,7,23,1900,1,2,1,1,6,75111,M,,,75
200800042227,8,7,24,845,1,2,2,7,6,75111,M,,,75
200800042228,8,7,24,1900,1,2,1,1,6,75103,M,,,75
200800042229,8,7,24,1958,1,2,1,1,3,75111,M,,,75
200800042230,8,7,25,1840,1,2,1,1,7,75111,M,,,75
200800042231,8,7,26,1515,1,2,1,1,6,75111,M,,,75
200800042232,8,7,26,1740,1,2,2,1,3,75111,M,,,75
200800042233,8,7,27,50,5,2,2,2,6,75111,M,,,75
200800042234,8,7,28,1055,1,2,2,1,6,75111,M,,,75
200800042235,8,7,28,2305,5,2,5,8,3,75111,M,,,75
200800042236,8,7,30,1100,1,2,3,1,3,75111,M,,,75
200800042237,8,7,31,1240,1,2,3,1,6,75111,M,,,75
200800042238,8,7,2,900,1,2,1,1,3,75112,M,,,75
200800042239,8,7,2,2315,5,2,7,1,3,75112,M,,,75
200800042240,8,7,4,1650,1,2,1,1,3,75112,M,,,75
200800042241,8,7,7,655,1,2,3,1,3,75112,M,,,75
200800042242,8,7,7,935,1,2,1,1,3,75111,M,,,75
200800042243,8,7,7,1155,1,2,2,2,6,75112,M,,,75
200800042244,8,7,8,1,5,2,1,2,6,75112,M,,,75
200800042245,8,7,8,1545,1,2,1,1,3,75112,M,,,75
200800042246,8,7,10,1620,1,2,1,1,2,75112,M,,,75
200800042247,8,7,10,1820,1,2,1,1,6,75112,M,,,75
200800042248,8,7,11,1500,1,2,1,8,6,75112,M,,,75
200800042249,8,7,11,2210,5,2,2,1,3,75112,M,,,75
200800042250,8,7,13,415,5,2,5,1,3,75112,M,,,75
200800042251,8,7,14,154,5,2,1,1,3,75120,M,,,75
200800042252,8,7,14,1230,1,2,2,1,6,75112,M,,,75
200800042253,8,7,16,1211,1,2,1,1,7,75112,M,,,75
200800042254,8,7,16,1315,1,2,1,1,7,75112,M,,,75
200800042255,8,7,16,2010,1,2,5,1,3,75112,M,,,75
200800042256,8,7,17,1100,1,2,2,1,3,75112,M,,,75
200800042257,8,7,17,1505,1,2,1,1,6,75112,M,,,75
200800042258,8,7,18,1225,1,2,5,1,3,75112,M,,,75
200800042259,8,7,19,1225,1,2,3,1,3,75112,M,,,75
200800042260,8,7,19,1735,1,2,1,1,2,75112,M,,,75
200800042261,8,7,20,1105,1,2,1,1,3,75112,M,,,75
200800042262,8,7,21,1400,1,2,4,1,3,75112,M,,,75
200800042263,8,7,22,2010,1,2,5,1,6,75112,M,,,75
200800042264,8,7,22,1950,1,2,1,1,6,75112,M,,,75
200800042265,8,7,23,2235,5,2,2,1,3,75112,M,,,75
200800042266,8,7,26,235,5,2,1,2,3,75112,M,,,75
200800042267,8,7,26,720,2,2,2,2,6,75112,M,,,75
200800042268,8,7,27,120,5,2,5,2,6,75112,M,,,75
200800042269,8,7,27,1830,1,2,2,1,2,75112,M,,,75
200800042270,8,7,28,1220,1,2,2,7,2,75112,M,,,75
200800042271,8,7,28,1325,1,2,1,1,6,75112,M,,,75
200800042272,8,7,28,1405,1,2,1,1,6,75112,M,,,75
200800042273,8,7,28,1425,1,2,5,1,7,75112,M,,,75
200800042274,8,7,29,1520,1,2,3,1,3,75112,M,,,75
200800042275,8,7,30,1715,1,2,3,1,2,75112,M,,,75
200800042276,8,7,1,1545,1,2,1,1,2,75113,M,,,75
200800042277,8,7,2,1345,1,2,4,2,7,75113,M,,,75
200800042278,8,7,2,2310,5,2,1,1,3,75113,M,,,75
200800042279,8,7,3,650,1,2,2,8,6,75113,M,,,75
200800042280,8,7,3,2205,5,2,1,1,6,75113,M,,,75
200800042281,8,7,5,1745,1,2,1,1,7,75113,M,,,75
200800042282,8,7,6,2025,1,2,1,1,3,75113,M,,,75
200800042283,8,7,7,1025,1,2,1,2,2,75113,M,,,75
200800042284,8,7,7,2340,5,2,2,1,6,75113,M,,,75
200800042285,8,7,8,2050,1,2,2,1,3,75113,M,,,75
200800042286,8,7,9,755,1,2,2,1,5,75113,M,,,75
200800042287,8,7,10,900,1,2,1,1,3,75113,M,,,75
200800042288,8,7,10,1115,1,2,1,1,6,75113,M,,,75
200800042289,8,7,11,45,3,2,1,1,3,75113,M,,,75
200800042290,8,7,11,2055,1,2,3,1,6,75113,M,,,75
200800042291,8,7,13,1715,1,2,3,1,3,75113,M,,,75
200800042292,8,7,14,1635,1,2,1,1,3,75113,M,,,75
200800042293,8,7,14,1915,1,2,2,1,6,75113,M,,,75
200800042294,8,7,15,1820,1,2,3,1,6,75113,M,,,75
200800042295,8,7,17,930,1,2,1,1,2,75113,M,,,75
200800042296,8,7,18,1115,1,2,1,1,2,75113,M,,,75
200800042297,8,7,20,2020,1,2,1,1,6,75113,M,,,75
200800042298,8,7,21,1445,1,2,1,1,6,75113,M,,,75
200800042299,8,7,22,1415,1,2,2,1,4,75113,M,,,75
200800042300,8,7,25,1600,1,2,2,1,3,75113,M,,,75
200800042301,8,7,26,255,5,2,1,3,7,75113,M,,,75
200800042302,8,7,26,410,5,2,1,2,6,75113,M,,,75
200800042303,8,7,26,1620,1,2,2,1,3,75113,M,,,75
200800042304,8,7,27,1525,1,2,1,1,3,75113,M,,,75
200800042305,8,7,30,2020,1,2,3,1,7,75113,M,,,75
200800042306,8,7,31,1140,1,2,1,1,6,75113,M,,,75
200800042307,8,7,31,2300,5,2,2,1,3,75114,M,,,75
200800042308,8,7,1,1110,1,2,1,1,3,75114,M,,,75
200800042309,8,7,1,1100,1,2,1,1,7,75114,M,,,75
200800042310,8,7,1,2011,1,2,1,1,3,75114,M,,,75
200800042311,8,7,2,1640,1,2,1,1,3,75114,M,,,75
200800042312,8,7,2,2315,5,2,2,1,6,75114,M,,,75
200800042313,8,7,3,820,1,2,2,1,3,75114,M,,,75
200800042314,8,7,4,730,1,2,2,1,6,75114,M,,,75
200800042315,8,7,4,1140,1,2,4,1,2,75114,M,,,75
200800042316,8,7,4,1515,1,2,2,1,3,75114,M,,,75
200800042317,8,7,4,1750,1,2,2,1,3,75114,M,,,75
200800042318,8,7,4,1815,1,2,1,1,7,75114,M,,,75
200800042319,8,7,5,1320,1,2,5,2,3,75114,M,,,75
200800042320,8,7,5,1515,1,2,1,1,3,75114,M,,,75
200800042321,8,7,5,2135,5,2,3,1,3,75114,M,,,75
200800042322,8,7,7,1040,1,2,1,8,7,75114,M,,,75
200800042323,8,7,7,1520,1,2,1,2,2,75114,M,,,75
200800042324,8,7,8,920,1,2,3,2,3,75114,M,,,75
200800042325,8,7,8,952,1,2,5,2,6,75114,M,,,75
200800042326,8,7,9,1325,1,2,2,1,6,75114,M,,,75
200800042327,8,7,9,1315,1,2,2,1,6,75114,M,,,75
200800042328,8,7,9,1430,1,2,2,1,3,75106,M,,,75
200800042329,8,7,10,835,1,2,5,1,3,75114,M,,,75
200800042330,8,7,11,1500,1,2,1,1,7,75114,M,,,75
200800042331,8,7,12,1330,1,2,1,1,3,75114,M,,,75
200800042332,8,7,13,1145,1,2,1,1,6,75113,M,,,75
200800042333,8,7,14,1945,1,2,1,1,6,75114,M,,,75
200800042334,8,7,15,1925,1,2,4,1,2,75114,M,,,75
200800042335,8,7,15,2040,1,2,4,1,3,75114,M,,,75
200800042336,8,7,16,1500,1,2,1,1,7,75114,M,,,75
200800042337,8,7,17,1230,1,2,2,1,5,75114,M,,,75
200800042338,8,7,18,925,1,2,1,1,2,75114,M,,,75
200800042339,8,7,18,1555,1,2,1,1,6,75114,M,,,75
200800042340,8,7,19,705,1,2,2,1,3,75114,M,,,75
200800042341,8,7,23,1725,1,2,1,1,6,75114,M,,,75
200800042342,8,7,24,818,1,2,3,1,3,75114,M,,,75
200800042343,8,7,26,1210,1,2,3,1,3,75114,M,,,75
200800042344,8,7,27,2050,5,2,1,1,2,75114,M,,,75
200800042345,8,7,29,1830,1,2,1,1,3,75114,M,,,75
200800042346,8,7,30,2130,5,2,3,1,6,75114,M,,,75
200800042347,8,7,1,940,1,2,2,1,2,75115,M,,,75
200800042348,8,7,1,1915,1,2,1,1,7,75115,M,,,75
200800042349,8,7,2,1640,1,2,1,2,6,75115,M,,,75
200800042350,8,7,2,1745,1,2,1,1,1,75115,M,,,75
200800042351,8,7,3,2047,1,2,3,1,7,75115,M,,,75
200800042352,8,7,4,830,1,2,3,1,3,75115,M,,,75
200800042353,8,7,4,1610,1,2,5,1,3,75115,M,,,75
200800042354,8,7,6,735,1,2,1,1,7,75115,M,,,75
200800042355,8,7,7,1355,1,2,2,8,4,75115,M,,,75
200800042356,8,7,7,1530,1,2,2,1,3,75115,M,,,75
200800042357,8,7,9,1745,1,2,2,1,7,75115,M,,,75
200800042358,8,7,10,1340,1,2,1,1,3,75115,M,,,75
200800042359,8,7,10,1505,1,2,5,1,3,75107,M,,,75
200800042360,8,7,13,2320,5,2,1,1,4,75115,M,,,75
200800042361,8,7,13,455,5,2,2,1,7,75115,M,,,75
200800042362,8,7,14,1449,1,2,3,1,7,75115,M,,,75
200800042363,8,7,14,1535,1,2,1,1,3,75115,M,,,75
200800042364,8,7,14,1945,1,2,2,1,3,75115,M,,,75
200800042365,8,7,14,2350,5,2,1,1,6,75115,M,,,75
200800042366,8,7,15,1921,1,2,5,1,3,75115,M,,,75
200800042367,8,7,21,2355,5,2,5,1,2,75115,M,,,75
200800042368,8,7,22,1510,1,2,1,1,6,75115,M,,,75
200800042369,8,7,23,125,5,2,3,1,3,75115,M,,,75
200800042370,8,7,23,2150,2,2,5,1,3,75115,M,,,75
200800042371,8,7,24,915,1,2,3,1,3,75107,M,,,75
200800042372,8,7,25,1700,1,2,2,1,3,75115,M,,,75
200800042373,8,7,26,118,5,2,2,2,6,75115,M,,,75
200800042374,8,7,26,200,5,2,3,3,7,75115,M,,,75
200800042375,8,7,29,1220,1,2,1,1,7,75115,M,,,75
200800042376,8,7,31,1026,1,2,1,1,3,75115,M,,,75
200800042377,8,7,1,120,5,2,2,1,3,75116,M,,,75
200800042378,8,7,1,1150,1,2,1,1,3,75116,M,,,75
200800042379,8,7,1,1715,1,2,1,1,6,75116,M,,,75
200800042380,8,7,1,2330,5,2,2,1,6,75116,M,,,75
200800042381,8,7,2,50,5,2,1,1,2,75116,M,,,75
200800042382,8,7,2,1050,1,2,2,1,1,75116,M,,,75
200800042383,8,7,2,1305,1,2,2,2,3,75116,M,,,75
200800042384,8,7,2,1306,1,2,1,3,7,75116,M,,,75
200800042385,8,7,2,1345,1,2,1,3,6,75116,M,,,75
200800042386,8,7,3,1730,1,2,1,1,6,75116,M,,,75
200800042387,8,7,3,1740,1,2,1,1,3,75116,M,,,75
200800042388,8,7,3,2015,1,2,1,8,7,75116,M,,,75
200800042389,8,7,3,1905,1,2,1,2,3,75116,M,,,75
200800042390,8,7,4,1050,1,2,4,1,6,75116,M,,,75
200800042391,8,7,4,1625,1,2,1,1,3,75116,M,,,75
200800042392,8,7,4,1615,1,2,1,1,4,75116,M,,,75
200800042393,8,7,4,2145,2,2,1,1,7,75116,M,,,75
200800042394,8,7,6,135,5,2,2,1,3,75116,M,,,75
200800042395,8,7,6,2030,1,2,2,1,3,75116,M,,,75
200800042396,8,7,7,200,5,2,1,1,6,75116,M,,,75
200800042397,8,7,8,1805,1,2,1,2,7,75116,M,,,75
200800042398,8,7,9,930,1,2,1,1,7,75116,M,,,75
200800042399,8,7,9,1450,1,2,1,1,6,75116,M,,,75
200800042400,8,7,9,1600,1,2,1,1,3,75116,M,,,75
200800042401,8,7,11,815,1,2,3,1,3,75116,M,,,75
200800042402,8,7,12,250,5,2,1,2,6,75116,M,,,75
200800042403,8,7,12,1515,1,2,2,1,6,75108,M,,,75
200800042404,8,7,14,1855,1,2,5,1,3,75116,M,,,75
200800042405,8,7,14,1815,1,2,1,1,3,75116,M,,,75
200800042406,8,7,14,2130,4,2,1,1,3,75116,M,,,75
200800042407,8,7,17,900,1,2,2,1,2,75116,M,,,75
200800042408,8,7,17,1230,1,2,1,1,6,75116,M,,,75
200800042409,8,7,17,1900,1,2,1,1,6,75116,M,,,75
200800042410,8,7,18,10,5,2,3,1,1,75116,M,,,75
200800042411,8,7,18,815,1,2,2,1,3,75116,M,,,75
200800042412,8,7,18,1230,1,2,5,1,3,75116,M,,,75
200800042413,8,7,18,1630,1,2,2,1,6,75116,M,,,75
200800042414,8,7,18,1705,1,2,4,1,3,75116,M,,,75
200800042415,8,7,20,1250,1,2,5,1,3,75116,M,,,75
200800042416,8,7,21,1240,1,2,4,1,2,75116,M,,,75
200800042417,8,7,22,1345,1,2,1,1,6,75116,M,,,75
200800042418,8,7,22,1630,1,2,2,1,3,75115,M,,,75
200800042419,8,7,22,2040,1,2,5,1,3,75116,M,,,75
200800042420,8,7,23,950,1,2,2,1,6,75116,M,,,75
200800042421,8,7,23,1213,1,2,1,1,1,75116,M,,,75
200800042422,8,7,23,1530,1,2,1,1,3,75116,M,,,75
200800042423,8,7,24,1240,1,2,4,1,6,75116,M,,,75
200800042424,8,7,25,950,1,2,2,1,6,75116,M,,,75
200800042425,8,7,25,1350,1,2,1,1,6,75116,M,,,75
200800042426,8,7,26,250,5,2,2,2,3,75116,M,,,75
200800042427,8,7,27,1750,1,2,5,1,3,75116,M,,,75
200800042428,8,7,28,1945,1,2,2,1,2,75116,M,,,75
200800042429,8,7,29,905,1,2,3,1,3,75116,M,,,75
200800042430,8,7,30,1100,1,2,2,1,3,75116,M,,,75
200800042431,8,7,30,1900,1,2,2,1,6,75116,M,,,75
200800042432,8,7,30,2030,1,2,1,1,6,75116,M,,,75
200800042433,8,7,30,2115,2,2,5,1,3,75116,M,,,75
200800042434,8,7,30,2345,5,2,3,1,3,75116,M,,,75
200800042435,8,7,31,730,1,2,5,1,2,75116,M,,,75
200800042436,8,7,1,735,1,2,2,1,6,75117,M,,,75
200800042437,8,7,1,1555,1,2,1,1,3,75117,M,,,75
200800042438,8,7,1,1400,1,2,2,1,3,75117,M,,,75
200800042439,8,7,2,1505,1,2,2,3,3,75117,M,,,75
200800042440,8,7,3,1020,1,2,5,1,3,75117,M,,,75
200800042441,8,7,3,2110,2,2,2,1,4,75117,M,,,75
200800042442,8,7,4,750,1,2,1,1,3,75117,M,,,75
200800042443,8,7,4,2100,2,2,1,1,3,75117,M,,,75
200800042444,8,7,5,740,1,2,1,1,6,75117,M,,,75
200800042445,8,7,5,1955,1,2,1,1,3,75117,M,,,75
200800042446,8,7,7,700,1,2,1,1,3,75117,M,,,75
200800042447,8,7,7,855,1,2,1,1,2,75117,M,,,75
200800042448,8,7,8,1135,1,2,2,1,6,75117,M,,,75
200800042449,8,7,8,1355,1,2,4,1,3,75117,M,,,75
200800042450,8,7,8,2211,5,2,1,2,3,75117,M,,,75
200800042451,8,7,9,920,1,2,1,1,2,75117,M,,,75
200800042452,8,7,9,1005,1,2,1,1,6,75116,M,,,75
200800042453,8,7,9,1615,1,2,1,1,3,75117,M,,,75
200800042454,8,7,9,1625,1,2,2,1,1,75117,M,,,75
200800042455,8,7,10,1150,1,2,3,1,3,75117,M,,,75
200800042456,8,7,11,805,1,2,1,1,3,75117,M,,,75
200800042457,8,7,11,1710,1,2,4,1,3,75117,M,,,75
200800042458,8,7,12,150,5,2,3,2,6,75117,M,,,75
200800042459,8,7,12,1220,1,2,1,1,6,75117,M,,,75
200800042460,8,7,12,1700,1,2,1,8,6,75117,M,,,75
200800042461,8,7,12,1706,1,2,5,1,3,75117,M,,,75
200800042462,8,7,13,2105,1,2,2,1,3,75117,M,,,75
200800042463,8,7,15,1900,1,2,2,1,6,75117,M,,,75
200800042464,8,7,17,1640,1,2,3,1,3,75117,M,,,75
200800042465,8,7,18,817,1,2,5,1,3,75117,M,,,75
200800042466,8,7,18,2200,5,2,2,1,3,75117,M,,,75
200800042467,8,7,19,1930,1,2,1,1,6,75117,M,,,75
200800042468,8,7,20,1605,1,2,1,1,6,75117,M,,,75
200800042469,8,7,20,1915,1,2,2,1,3,75117,M,,,75
200800042470,8,7,21,1920,1,2,2,1,7,75117,M,,,75
200800042471,8,7,22,1200,1,2,2,1,3,75117,M,,,75
200800042472,8,7,22,1620,1,2,1,1,2,75117,M,,,75
200800042473,8,7,23,1600,1,2,2,1,6,75117,M,,,75
200800042474,8,7,23,1807,1,2,2,1,6,75117,M,,,75
200800042475,8,7,24,2310,5,2,1,1,6,75117,M,,,75
200800042476,8,7,26,1145,1,2,1,1,3,75117,M,,,75
200800042477,8,7,27,1325,1,2,5,2,6,75117,M,,,75
200800042478,8,7,29,940,1,2,2,1,2,75117,M,,,75
200800042479,8,7,29,1145,1,2,5,1,2,75117,M,,,75
200800042480,8,7,29,1830,1,2,3,1,3,75117,M,,,75
200800042481,8,7,29,2255,5,2,2,1,3,75117,M,,,75
200800042482,8,7,30,1215,1,2,1,1,6,75117,M,,,75
200800042483,8,7,30,1500,1,2,1,1,6,75117,M,,,75
200800042484,8,7,30,1725,1,2,1,1,6,75117,M,,,75
200800042485,8,7,31,1400,1,2,1,1,6,75117,M,,,75
200800042486,8,7,8,2005,1,2,1,1,6,75118,M,,,75
200800042487,8,7,1,1240,1,2,2,1,6,75118,M,,,75
200800042488,8,7,1,1310,1,2,2,1,6,75118,M,,,75
200800042489,8,7,1,1955,1,2,1,1,6,75118,M,,,75
200800042490,8,7,2,1520,1,2,1,2,6,75118,M,,,75
200800042491,8,7,3,1600,1,2,3,1,3,75118,M,,,75
200800042492,8,7,4,1635,1,2,1,1,3,75118,M,,,75
200800042493,8,7,5,900,1,2,1,1,1,75118,M,,,75
200800042494,8,7,6,1455,1,2,1,1,3,75118,M,,,75
200800042495,8,7,8,1055,1,2,2,1,6,75118,M,,,75
200800042496,8,7,8,1535,1,2,1,1,3,75118,M,,,75
200800042497,8,7,8,1713,1,2,2,1,1,75118,M,,,75
200800042498,8,7,8,2105,1,2,3,1,6,75118,M,,,75
200800042499,8,7,9,1030,1,2,1,1,6,75118,M,,,75
200800042500,8,7,9,1345,1,2,1,1,3,75118,M,,,75
200800042501,8,7,10,240,5,2,3,1,6,75118,M,,,75
200800042502,8,7,10,935,1,2,2,1,6,75118,M,,,75
200800042503,8,7,10,1300,1,2,3,1,3,75118,M,,,75
200800042504,8,7,11,1300,1,2,4,1,3,75118,M,,,75
200800042505,8,7,11,1650,1,2,1,1,6,75118,M,,,75
200800042506,8,7,11,1830,1,2,1,1,6,75118,M,,,75
200800042507,8,7,11,2150,5,2,1,1,6,75119,M,,,75
200800042508,8,7,12,1315,1,2,1,1,6,75118,M,,,75
200800042509,8,7,13,40,5,2,2,1,3,75118,M,,,75
200800042510,8,7,14,1955,1,2,2,1,3,75118,M,,,75
200800042511,8,7,15,915,1,2,1,1,3,75118,M,,,75
200800042512,8,7,16,630,2,2,2,1,6,75118,M,,,75
200800042513,8,7,16,1605,1,2,1,1,6,75118,M,,,75
200800042514,8,7,16,1655,1,2,1,1,1,75118,M,,,75
200800042515,8,7,17,920,1,2,2,1,6,75118,M,,,75
200800042516,8,7,17,1525,1,2,2,1,3,75118,M,,,75
200800042517,8,7,18,2105,2,2,2,1,3,75118,M,,,75
200800042518,8,7,19,745,1,2,1,1,4,75118,M,,,75
200800042519,8,7,20,1335,1,2,2,1,3,75118,M,,,75
200800042520,8,7,21,1935,1,2,2,1,6,75118,M,,,75
200800042521,8,7,21,2230,5,2,1,1,6,75118,M,,,75
200800042522,8,7,22,140,5,2,2,1,3,75118,M,,,75
200800042523,8,7,22,925,1,2,2,1,3,75118,M,,,75
200800042524,8,7,22,1610,1,2,1,1,3,75118,M,,,75
200800042525,8,7,22,1855,1,2,1,1,6,75118,M,,,75
200800042526,8,7,24,1540,1,2,2,1,3,75118,M,,,75
200800042527,8,7,25,2130,2,2,1,1,4,75118,M,,,75
200800042528,8,7,27,30,5,2,1,2,6,75118,M,,,75
200800042529,8,7,27,1945,1,2,1,1,6,75118,M,,,75
200800042530,8,7,27,2030,1,2,1,1,2,75118,M,,,75
200800042531,8,7,29,930,1,2,2,1,6,75118,M,,,75
200800042532,8,7,30,2020,1,2,3,1,6,75118,M,,,75
200800042533,8,7,31,1320,1,2,2,1,5,75118,M,,,75
200800042534,8,7,1,735,1,2,2,1,1,75119,M,,,75
200800042535,8,7,1,2040,1,2,1,1,6,75119,M,,,75
200800042536,8,7,3,1445,1,2,1,1,7,75119,M,,,75
200800042537,8,7,3,1845,1,2,1,1,3,75119,M,,,75
200800042538,8,7,3,2145,5,2,3,1,3,75119,M,,,75
200800042539,8,7,4,1105,1,2,3,1,5,75119,M,,,75
200800042540,8,7,5,1155,1,2,4,2,3,75119,M,,,75
200800042541,8,7,5,1405,1,2,1,2,2,75119,M,,,75
200800042542,8,7,7,45,5,2,1,1,6,75119,M,,,75
200800042543,8,7,7,1743,1,2,1,1,6,75119,M,,,75
200800042544,8,7,10,1800,1,2,2,1,6,75119,M,,,75
200800042545,8,7,10,2045,1,2,2,1,2,75119,M,,,75
200800042546,8,7,11,1930,1,2,1,1,3,75119,M,,,75
200800042547,8,7,12,1650,1,2,1,1,4,75119,M,,,75
200800042548,8,7,12,1900,1,2,5,1,3,75119,M,,,75
200800042549,8,7,12,2030,1,2,2,1,2,75119,M,,,75
200800042550,8,7,15,1545,1,2,1,1,7,75119,M,,,75
200800042551,8,7,16,2220,5,2,1,1,6,75119,M,,,75
200800042552,8,7,17,1750,1,2,1,1,3,75120,M,,,75
200800042553,8,7,17,2040,1,2,1,1,6,75119,M,,,75
200800042554,8,7,18,2315,5,2,1,1,6,75119,M,,,75
200800042555,8,7,20,1316,1,2,2,1,6,75119,M,,,75
200800042556,8,7,21,2245,5,2,5,1,3,75119,M,,,75
200800042557,8,7,22,1850,1,2,1,1,7,75119,M,,,75
200800042558,8,7,24,150,5,2,4,1,6,75119,M,,,75
200800042559,8,7,24,1600,1,2,2,1,6,75119,M,,,75
200800042560,8,7,24,2335,5,2,2,1,3,75119,M,,,75
200800042561,8,7,26,1635,1,2,2,1,3,75119,M,,,75
200800042562,8,7,27,1300,1,2,2,1,6,75119,M,,,75
200800042563,8,7,28,1420,1,2,1,1,6,75119,M,,,75
200800042564,8,7,29,1350,1,2,2,1,2,75119,M,,,75
200800042565,8,7,30,1600,1,2,2,1,3,75119,M,,,75
200800042566,8,7,31,2230,5,2,1,1,6,75119,M,,,75
200800042567,8,7,2,1535,1,2,1,2,6,75120,M,,,75
200800042568,8,7,3,930,1,2,1,1,6,75120,M,,,75
200800042569,8,7,3,2240,5,2,2,1,3,75120,M,,,75
200800042570,8,7,4,1245,1,2,1,1,6,75120,M,,,75
200800042571,8,7,4,1640,1,2,1,1,6,75120,M,,,75
200800042572,8,7,6,1625,1,2,1,1,2,75120,M,,,75
200800042573,8,7,7,855,1,2,1,1,1,75120,M,,,75
200800042574,8,7,7,2000,1,2,1,1,6,75120,M,,,75
200800042575,8,7,16,755,1,2,1,8,6,75120,M,,,75
200800042576,8,7,16,2340,5,2,3,1,3,75120,M,,,75
200800042577,8,7,17,1700,1,2,2,1,6,75120,M,,,75
200800042578,8,7,17,2026,1,2,1,1,6,75120,M,,,75
200800042579,8,7,18,1728,1,2,1,1,2,75120,M,,,75
200800042580,8,7,19,1007,1,2,1,1,3,75120,M,,,75
200800042581,8,7,19,1654,1,2,2,1,3,75120,M,,,75
200800042582,8,7,19,2345,5,2,3,1,3,75120,M,,,75
200800042583,8,7,20,1330,1,2,1,1,3,75120,M,,,75
200800042584,8,7,20,1750,1,2,2,1,3,75120,M,,,75
200800042585,8,7,21,1010,1,2,1,1,6,75120,M,,,75
200800042586,8,7,22,1740,1,2,1,1,3,75120,M,,,75
200800042587,8,7,23,1200,1,2,1,1,3,75120,M,,,75
200800042588,8,7,23,1630,1,2,1,1,6,75120,M,,,75
200800042589,8,7,26,650,2,2,1,2,6,75120,M,,,75
200800042590,8,7,26,1525,1,2,1,1,6,75120,M,,,75