Num_Acc,an,mois,jour,hrmn,lum,agg,int,atm,col,com,gps,lat,long,dep
200800042591,8,7,29,935,1,2,4,1,7,75120,M,,,75
200800042592,8,7,30,820,1,2,1,1,6,75120,M,,,75
200800042593,8,7,30,1300,1,2,1,1,3,75120,M,,,75
200800042594,8,7,31,1830,1,2,1,1,6,75120,M,,,75
200800042595,8,7,1,1545,1,2,1,1,6,75118,M,,,75
200800042596,8,7,2,335,5,2,2,1,6,75118,M,,,75
200800042597,8,7,2,1635,1,2,1,8,5,75113,M,,,75
200800042598,8,7,3,30,5,2,1,1,3,75117,M,,,75
200800042599,8,7,4,145,5,2,1,1,2,75117,M,,,75
200800042600,8,7,4,1615,1,2,2,1,3,75120,M,,,75
200800042601,8,7,4,1815,1,2,1,1,3,75119,M,,,75
200800042602,8,7,5,2205,5,2,2,1,6,75120,M,,,75
200800042603,8,7,7,1310,1,2,1,1,6,75104,M,,,75
200800042604,8,7,8,1445,1,2,2,1,2,75117,M,,,75
200800042605,8,7,11,500,5,2,1,1,6,75107,M,,,75
200800042606,8,7,13,710,1,2,1,1,3,75104,M,,,75
200800042607,8,7,15,1420,1,2,1,1,6,75117,M,,,75
200800042608,8,7,15,1805,1,2,1,1,6,75112,M,,,75
200800042609,8,7,16,1650,1,2,2,1,6,75120,M,,,75
200800042610,8,7,17,654,2,2,2,1,3,75120,M,,,75
200800042611,8,7,17,1740,1,2,2,1,3,75113,M,,,75
200800042612,8,7,18,725,1,2,1,1,2,75115,M,,,75
200800042613,8,7,18,1518,1,2,2,1,6,75107,M,,,75
200800042614,8,7,19,635,1,2,1,1,6,75109,M,,,75
200800042615,8,7,19,2030,2,2,1,1,6,75119,M,,,75
200800042616,8,7,20,20,5,2,3,1,3,75109,M,,,75
200800042617,8,7,20,700,1,2,1,1,6,75118,M,,,75
200800042618,8,7,20,2030,1,2,3,1,3,75105,M,,,75
200800042619,8,7,20,2235,5,2,2,1,3,75110,M,,,75
200800042620,8,7,21,131,5,2,1,1,6,75120,M,,,75
200800042621,8,7,21,1412,1,2,3,1,3,75106,M,,,75
200800042622,8,7,21,1710,1,2,3,1,6,75112,M,,,75
200800042623,8,7,22,940,1,2,1,1,2,75113,M,,,75
200800042624,8,7,22,1400,1,2,1,1,6,75117,M,,,75
200800042625,8,7,22,1810,1,2,1,1,6,75120,M,,,75
200800042626,8,7,23,1520,1,2,1,1,3,75117,M,,,75
200800042627,8,7,23,1755,1,2,1,1,6,75116,M,,,75
200800042628,8,7,23,2102,1,2,2,1,3,75113,M,,,75
200800042629,8,7,25,805,1,2,2,1,6,75105,M,,,75
200800042630,8,7,25,900,1,2,1,1,6,75116,M,,,75
200800042631,8,7,25,1030,1,2,2,1,3,75116,M,,,75
200800042632,8,7,25,1430,1,2,1,1,6,75118,M,,,75
200800042633,8,7,26,10,5,2,4,2,6,75116,M,,,75
200800042634,8,7,26,1255,1,2,2,1,6,75115,M,,,75
200800042635,8,7,28,2155,5,2,1,3,1,75115,M,,,75
200800042636,8,7,1,915,1,2,1,1,3,75119,M,,,75
200800042637,8,7,1,1450,1,2,1,1,3,75118,M,,,75
200800042638,8,7,1,1715,1,2,2,1,3,75120,M,,,75
200800042639,8,7,1,1905,1,2,1,1,2,75116,M,,,75
200800042640,8,7,1,2050,1,2,1,1,3,75116,M,,,75
200800042641,8,7,2,745,1,2,1,1,5,75116,M,,,75
200800042642,8,7,2,1915,1,2,1,1,3,75114,M,,,75
200800042643,8,7,2,2030,1,2,1,1,5,75113,M,,,75
200800042644,8,7,3,1,5,2,1,1,6,75120,M,,,75
200800042645,8,7,3,840,1,2,1,1,4,75116,M,,,75
200800042646,8,7,3,1130,1,2,1,1,6,75116,M,,,75
200800042647,8,7,3,1640,1,2,1,1,2,75117,M,,,75
200800042648,8,7,3,1955,1,2,1,1,7,75118,M,,,75
200800042649,8,7,4,1900,1,2,1,1,6,75113,M,,,75
200800042650,8,7,4,2100,5,2,1,1,2,75116,M,,,75
200800042651,8,7,5,925,1,2,1,1,6,75112,M,,,75
200800042652,8,7,5,1300,1,2,1,2,7,75118,M,,,75
200800042653,8,7,5,1620,1,2,1,1,6,75117,M,,,75
200800042654,8,7,7,1910,1,2,1,2,2,75113,M,,,75
200800042655,8,7,8,1030,1,2,1,1,6,75119,M,,,75
200800042656,8,7,8,910,1,2,1,1,2,75116,M,,,75
200800042657,8,7,8,1000,1,2,1,8,3,75116,M,,,75
200800042658,8,7,9,1945,1,2,1,1,2,75113,M,,,75
200800042659,8,7,10,830,1,2,1,1,2,75119,M,,,75
200800042660,8,7,10,1000,1,2,1,1,3,75118,M,,,75
200800042661,8,7,10,1400,1,2,1,1,6,75116,M,,,75
200800042662,8,7,10,1610,1,2,1,1,2,75119,M,,,75
200800042663,8,7,10,1910,1,2,1,1,3,75119,M,,,75
200800042664,8,7,10,1815,1,2,1,1,2,75116,M,,,75
200800042665,8,7,11,1030,1,2,4,1,6,75120,M,,,75
200800042666,8,7,11,1030,1,2,1,1,4,75117,M,,,75
200800042667,8,7,11,1840,1,2,1,1,6,75116,M,,,75
200800042668,8,7,11,2310,5,2,2,1,3,75112,M,,,75
200800042669,8,7,12,35,5,2,1,1,6,75117,M,,,75
200800042670,8,7,12,1620,1,2,1,1,2,75119,M,,,75
200800042671,8,7,15,35,5,2,1,1,2,75116,M,,,75
200800042672,8,7,15,830,1,2,1,1,3,75115,M,,,75
200800042673,8,7,15,735,1,2,1,1,3,75115,M,,,75
200800042674,8,7,16,1015,1,2,1,1,7,75115,M,,,75
200800042675,8,7,16,1510,1,2,1,1,7,75114,M,,,75
200800042676,8,7,16,1930,1,2,1,1,3,75117,M,,,75
200800042677,8,7,17,1740,1,2,1,1,3,75116,M,,,75
200800042678,8,7,18,1300,1,2,1,1,6,75116,M,,,75
200800042679,8,7,18,1425,1,2,1,1,7,75116,M,,,75
200800042680,8,7,18,1715,1,2,1,1,2,75118,M,,,75
200800042681,8,7,18,1900,1,2,1,1,7,75116,M,,,75
200800042682,8,7,20,1300,1,2,1,1,4,75114,M,,,75
200800042683,8,7,20,2055,2,2,1,1,6,75114,M,,,75
200800042684,8,7,20,2105,5,2,1,1,6,75114,M,,,75
200800042685,8,7,21,1335,1,2,1,1,2,75117,M,,,75
200800042686,8,7,21,1740,1,2,1,1,4,75117,M,,,75
200800042687,8,7,23,745,1,2,1,1,7,75116,M,,,75
200800042688,8,7,23,940,1,2,1,1,3,75116,M,,,75
200800042689,8,7,23,1400,1,2,1,1,6,75120,M,,,75
200800042690,8,7,23,1750,1,2,1,1,3,75116,M,,,75
200800042691,8,7,23,2000,1,2,1,1,4,75118,M,,,75
200800042692,8,7,23,2200,2,2,1,1,7,75120,M,,,75
200800042693,8,7,24,1625,1,2,1,1,3,75117,M,,,75
200800042694,8,7,24,1945,1,2,1,1,7,75116,M,,,75
200800042695,8,7,24,1946,1,2,1,1,7,75116,M,,,75
200800042696,8,7,25,945,1,2,1,1,6,75119,M,,,75
200800042697,8,7,28,850,1,2,1,1,4,75116,M,,,75
200800042698,8,7,28,935,1,2,1,1,2,75119,M,,,75
200800042699,8,7,28,1615,1,2,1,1,3,75117,M,,,75
200800042700,8,7,29,1825,1,2,1,1,2,75120,M,,,75
200800042701,8,7,29,1850,1,2,1,1,3,75119,M,,,75
200800042702,8,7,29,2130,5,2,1,1,6,75120,M,,,75
200800042703,8,7,29,2335,5,2,1,1,6,75120,M,,,75
200800042704,8,7,30,945,1,2,1,1,2,75116,M,,,75
200800042705,8,7,30,1846,1,2,1,1,2,75118,M,,,75
200800042706,8,6,2,1510,1,2,1,1,6,91687,M,,,91
200800042707,8,7,5,1825,1,2,2,1,3,91434,M,,,91
200800042708,8,7,23,1635,1,2,1,1,6,91286,M,,,91
200800042709,8,7,13,1650,1,2,3,1,3,54280,M,,,54
200800042710,8,7,3,1400,1,1,1,1,7,54099,M,,,54
200800042711,8,5,11,1145,1,2,1,1,3,88383,M,,,88
200800042712,8,4,17,2220,2,2,1,2,6,92050,M,,,92
200800042713,8,7,23,1150,1,2,1,1,3,94042,M,,,94
200800042714,8,1,3,850,1,2,2,2,1,92002,M,,,92
200800042715,8,1,5,836,5,2,1,1,1,92002,M,,,92
200800042716,8,1,15,1000,1,2,9,1,3,81065,M,,,81
200800042717,8,7,3,1155,1,1,1,2,5,81065,M,,,81
200800042718,8,6,2,745,1,2,1,8,1,81065,M,,,81
200800042719,8,7,2,205,5,2,1,1,6,13026,M,,,13
200800042720,8,7,5,1750,1,2,1,1,6,13056,M,,,13
200800042721,8,7,6,1645,1,2,1,1,2,13039,M,,,13
200800042722,8,7,4,940,1,2,2,1,3,13056,M,,,13
200800042723,8,7,12,1120,1,2,1,1,6,13077,M,,,13
200800042724,8,7,14,1915,1,2,1,1,2,13077,M,,,13
200800042725,8,7,21,1335,1,1,1,1,2,13039,M,,,13
200800042726,8,7,24,1640,1,2,1,1,3,13077,M,,,13
200800042727,8,7,24,1755,1,1,3,1,3,13039,M,,,13
200800042728,8,5,2,1745,1,2,1,1,2,59350,M,,,59
200800042729,8,5,4,1925,1,1,1,1,6,77186,M,,,77
200800042730,8,7,1,1440,1,2,1,1,6,88413,M,4828830.0,695135.0,88
200800042731,8,7,20,347,3,1,1,1,2,88519,M,4833180.0,689726.0,88
200800042732,8,7,26,2250,5,2,1,1,1,64102,M,,,64
200800042733,8,7,30,2210,5,2,1,1,7,64102,M,,,64
200800042734,8,3,21,1710,1,2,1,3,2,64102,M,,,64
200800042735,8,5,28,1645,1,2,1,1,7,81065,M,,,81
200800042736,8,7,23,930,1,1,1,1,6,78217,M,,,78
200800042737,8,8,31,1025,1,2,3,2,7,69385,M,,,69
200800042738,8,8,3,355,5,2,3,1,3,69387,M,,,69
200800042739,8,8,7,120,5,2,2,1,3,69387,M,,,69
200800042740,8,8,7,1915,1,2,1,1,6,69387,M,,,69
200800042741,8,8,7,815,1,2,2,2,3,69387,M,,,69
200800042742,8,8,6,2230,5,2,1,1,6,69387,M,,,69
200800042743,8,8,14,145,5,2,2,1,3,69387,M,,,69
200800042744,8,8,6,1555,1,2,3,1,3,69387,M,,,69
200800042745,8,8,17,1100,1,2,2,1,3,69387,M,,,69
200800042746,8,8,19,925,1,2,3,1,3,69387,M,,,69
200800042747,8,8,22,2240,5,2,1,1,7,69387,M,,,69
200800042748,8,8,26,2200,5,2,2,1,3,69387,M,,,69
200800042749,8,8,29,630,2,2,3,1,3,69387,M,,,69
200800042750,8,8,4,945,1,2,1,1,6,69388,M,,,69
200800042751,8,8,7,1350,1,2,1,1,6,69388,M,,,69
200800042752,8,8,18,630,1,2,1,1,3,69388,M,,,69
200800042753,8,8,18,1048,1,2,1,1,6,69388,M,,,69
200800042754,8,8,25,1250,1,2,2,1,6,69388,M,,,69
200800042755,8,8,27,1320,1,2,2,1,6,69388,M,,,69
200800042756,8,8,28,1320,1,2,1,1,6,69388,M,,,69
200800042757,8,8,7,1745,1,2,1,2,6,69389,M,,,69
200800042758,8,8,4,2220,5,2,2,1,3,69389,M,,,69
200800042759,8,8,25,1730,1,2,3,1,3,69389,M,,,69
200800042760,8,8,25,1130,1,2,1,1,3,69389,M,,,69
200800042761,8,8,29,840,1,2,1,1,6,69389,M,,,69
200800042762,8,8,1,2320,5,2,2,1,3,75101,M,,,75
200800042763,8,8,1,1110,1,2,1,1,3,75103,M,,,75
200800042764,8,8,1,1755,1,2,3,1,6,75104,M,,,75
200800042765,8,8,1,605,2,2,1,1,6,75107,M,,,75
200800042766,8,8,1,1415,1,2,2,1,3,75108,M,,,75
200800042767,8,8,1,2000,1,2,5,1,3,75108,M,,,75
200800042768,8,8,1,1017,1,2,2,1,6,75110,M,,,75
200800042769,8,8,1,1240,1,2,1,1,3,75110,M,,,75
200800042770,8,8,1,802,1,2,4,1,3,75111,M,,,75
200800042771,8,8,1,1240,1,2,5,1,3,75111,M,,,75
200800042772,8,8,1,1825,1,2,1,1,3,75112,M,,,75
200800042773,8,8,1,2030,1,2,2,1,3,75112,M,,,75
200800042774,8,8,1,1635,1,2,1,1,7,75113,M,,,75
200800042775,8,8,1,2205,5,2,1,1,6,75114,M,,,75
200800042776,8,8,1,2115,2,2,4,1,3,75114,M,,,75
200800042777,8,8,1,1430,1,2,3,1,6,75118,M,,,75
200800042778,8,8,1,1200,1,2,3,2,3,75120,M,,,75
200800042779,8,8,1,1820,1,2,1,1,3,75120,M,,,75
200800042780,8,8,1,1755,1,2,3,1,2,75120,M,,,75
200800042781,8,8,1,2250,5,2,1,1,3,75113,M,,,75
200800042782,8,8,1,1520,1,2,1,1,3,75118,M,,,75
200800042783,8,8,3,405,5,2,1,1,6,75104,M,,,75
200800042784,8,8,3,2016,1,2,2,2,6,75108,M,,,75
200800042785,8,8,3,2238,5,2,2,2,6,75108,M,,,75
200800042786,8,8,3,1225,1,2,5,1,3,75109,M,,,75
200800042787,8,8,3,1920,1,2,3,2,7,75110,M,,,75
200800042788,8,8,3,1535,1,2,1,1,3,75111,M,,,75
200800042789,8,8,3,250,5,2,3,1,7,75113,M,,,75
200800042790,8,8,3,1550,1,2,1,1,6,75113,M,,,75
200800042791,8,8,3,2015,2,2,2,2,2,75118,M,,,75
200800042792,8,8,3,1745,1,2,1,1,6,75119,M,,,75
200800042793,8,8,3,1945,1,2,1,2,6,75119,M,,,75
200800042794,8,8,3,1712,1,2,3,1,3,75120,M,,,75
200800042795,8,8,3,2205,5,2,1,1,6,75120,M,,,75
200800042796,8,8,3,150,5,2,1,1,6,75114,M,,,75
200800042797,8,8,2,1815,1,2,1,1,6,75103,M,,,75
200800042798,8,8,2,1935,1,2,1,1,6,75103,M,,,75
200800042799,8,8,2,1920,1,2,2,1,6,75104,M,,,75
200800042800,8,8,2,250,5,2,1,1,6,75110,M,,,75
200800042801,8,8,2,1145,1,2,1,2,7,75110,M,,,75
200800042802,8,8,2,1440,1,2,1,8,3,75111,M,,,75
200800042803,8,8,2,1310,1,2,1,1,6,75112,M,,,75
200800042804,8,8,2,55,5,2,1,1,6,75114,M,,,75
200800042805,8,8,2,1254,1,2,1,1,6,75114,M,,,75
200800042806,8,8,2,826,1,2,1,2,3,75115,M,,,75
200800042807,8,8,2,1445,1,2,2,8,3,75115,M,,,75
200800042808,8,8,2,2355,5,2,5,1,3,75115,M,,,75
200800042809,8,8,2,2115,2,2,2,1,3,75116,M,,,75
200800042810,8,8,2,1010,1,2,2,1,6,75117,M,,,75
200800042811,8,8,2,1050,1,2,2,2,3,75117,M,,,75
200800042812,8,8,2,1210,1,2,1,2,2,75117,M,4888522.0,228696.0,75
200800042813,8,8,2,1350,1,2,5,1,7,75117,M,,,75
200800042814,8,8,2,925,1,2,2,1,6,75118,M,,,75
200800042815,8,8,2,945,1,2,1,8,3,75120,M,,,75
200800042816,8,8,2,205,5,2,1,1,6,75112,M,,,75
200800042817,8,8,2,410,5,2,1,1,6,75111,M,,,75
200800042818,8,8,2,1620,1,2,1,1,3,75112,M,,,75
200800042819,8,8,4,1150,1,2,1,1,6,75103,M,,,75
200800042820,8,8,4,745,1,2,1,8,7,75105,M,,,75
200800042821,8,8,4,830,1,2,2,8,6,75105,M,,,75
200800042822,8,8,4,652,2,2,1,2,7,75107,M,,,75
200800042823,8,8,4,1025,1,2,2,1,2,75108,M,,,75
200800042824,8,8,4,1850,1,2,1,1,6,75108,M,,,75
200800042825,8,8,4,1010,1,2,2,1,3,75109,M,,,75
200800042826,8,8,4,1315,1,2,3,1,3,75111,M,,,75
200800042827,8,8,4,1055,1,2,2,1,6,75112,M,,,75
200800042828,8,8,4,1158,1,2,1,1,6,75112,M,,,75
200800042829,8,8,4,2055,2,2,1,1,6,75112,M,,,75
200800042830,8,8,4,1400,1,2,3,1,3,75114,M,,,75
200800042831,8,8,4,950,1,2,3,1,3,75116,M,,,75
200800042832,8,8,4,1530,1,2,3,1,3,75118,M,,,75
200800042833,8,8,4,630,2,2,3,1,6,75117,M,,,75
200800042834,8,8,4,1540,1,2,1,1,2,75101,M,,,75
200800042835,8,8,6,320,5,2,1,1,6,75104,M,,,75
200800042836,8,8,6,1420,1,2,1,1,6,75104,M,,,75
200800042837,8,8,6,1935,1,2,2,1,3,75104,M,,,75
200800042838,8,8,6,858,1,2,1,1,1,75106,M,,,75
200800042839,8,8,6,2220,4,2,2,1,3,75109,M,,,75
200800042840,8,8,6,1120,1,2,2,1,6,75110,M,,,75
200800042841,8,8,6,1650,1,2,1,1,3,75110,M,,,75
200800042842,8,8,6,1930,1,2,2,1,6,75111,M,,,75
200800042843,8,8,6,1830,1,2,1,1,5,75111,M,,,75
200800042844,8,8,6,1300,1,2,2,1,6,75112,M,,,75
200800042845,8,8,6,2000,1,2,2,1,3,75112,M,,,75
200800042846,8,8,6,925,1,2,2,1,3,75114,M,,,75
200800042847,8,8,6,715,1,2,2,1,3,75119,M,,,75
200800042848,8,8,6,1405,1,2,5,1,6,75109,M,,,75
200800042849,8,8,5,1000,1,2,2,1,6,75103,M,,,75
200800042850,8,8,5,855,1,2,1,1,6,75107,M,,,75
200800042851,8,8,5,910,1,2,5,1,3,75108,M,,,75
200800042852,8,8,5,1315,1,2,1,1,6,75110,M,,,75
200800042853,8,8,5,1215,1,2,1,1,7,75112,M,,,75
200800042854,8,8,5,1410,1,2,1,1,3,75113,M,,,75
200800042855,8,8,5,840,1,2,2,1,3,75115,M,,,75
200800042856,8,8,5,45,5,2,2,1,3,75116,M,,,75
200800042857,8,8,5,945,1,2,3,1,6,75116,M,,,75
200800042858,8,8,5,1745,1,2,1,1,2,75116,M,,,75
200800042859,8,8,5,1500,1,2,1,1,7,75117,M,,,75
200800042860,8,8,5,1620,1,2,1,1,3,75117,M,,,75
200800042861,8,8,5,833,1,2,2,1,3,75120,M,,,75
200800042862,8,8,5,1045,1,2,1,1,2,75113,M,,,75
200800042863,8,8,5,1155,1,2,1,1,4,75113,M,,,75
200800042864,8,8,7,1440,1,2,1,1,7,75101,M,,,75
200800042865,8,8,7,1005,1,2,2,1,6,75109,M,,,75
200800042866,8,8,7,1845,1,2,2,2,7,75109,M,,,75
200800042867,8,8,7,2230,5,2,2,1,2,75110,M,,,75
200800042868,8,8,7,1040,5,2,1,1,4,75112,M,,,75
200800042869,8,8,7,1400,1,2,1,1,6,75113,M,,,75
200800042870,8,8,7,2050,1,2,1,1,3,75113,M,,,75
200800042871,8,8,7,1255,1,2,2,1,3,75116,M,,,75
200800042872,8,8,7,2215,5,2,2,1,6,75116,M,,,75
200800042873,8,8,7,150,5,2,2,1,3,75117,M,,,75
200800042874,8,8,7,1320,1,2,1,1,7,75116,M,,,75
200800042875,8,8,7,1855,1,2,1,1,6,75108,M,,,75
200800042876,8,8,7,2325,5,2,2,1,6,75118,M,,,75
200800042877,8,8,7,200,5,2,1,1,6,75117,M,,,75
200800042878,8,8,7,925,1,2,1,1,5,75119,M,,,75
200800042879,8,8,7,942,1,2,1,1,7,75119,M,,,75
200800042880,8,8,7,945,1,2,1,1,4,75113,M,,,75
200800042881,8,8,9,1315,1,2,1,1,3,75108,M,,,75
200800042882,8,8,9,1015,1,2,2,1,6,75110,M,,,75
200800042883,8,8,9,1155,1,2,2,1,3,75110,M,,,75
200800042884,8,8,9,1650,1,2,1,1,6,75110,M,,,75
200800042885,8,8,9,1630,1,2,7,1,2,75111,M,,,75
200800042886,8,8,9,520,5,2,1,8,3,75112,M,,,75
200800042887,8,8,9,1030,1,2,1,1,6,75112,M,,,75
200800042888,8,8,9,2315,5,2,2,1,2,75112,M,,,75
200800042889,8,8,9,1505,1,2,2,1,3,75115,M,,,75
200800042890,8,8,9,1756,1,2,1,7,2,75115,M,,,75
200800042891,8,8,9,1930,1,2,2,1,3,75118,M,,,75
200800042892,8,8,9,1450,2,2,1,1,6,75119,M,,,75
200800042893,8,8,9,1240,1,2,2,1,7,75113,M,,,75
200800042894,8,8,10,348,5,2,1,1,2,75101,M,,,75
200800042895,8,8,10,2145,5,2,3,1,1,75115,M,,,75
200800042896,8,8,10,2330,5,2,1,1,6,75120,M,,,75
200800042897,8,8,8,620,2,2,1,8,6,75101,M,,,75
200800042898,8,8,8,625,2,2,3,8,2,75105,M,,,75
200800042899,8,8,8,1525,1,2,1,1,6,75106,M,,,75
200800042900,8,8,8,235,5,2,1,2,6,75111,M,,,75
200800042901,8,8,8,1500,1,2,1,1,6,75112,M,,,75
200800042902,8,8,8,2345,5,2,1,1,6,75113,M,,,75
200800042903,8,8,8,1125,1,2,3,1,6,75116,M,,,75
200800042904,8,8,8,200,5,2,1,3,6,75118,M,,,75
200800042905,8,8,8,615,2,2,2,2,6,75118,M,,,75
200800042906,8,8,8,45,5,2,1,2,6,75119,M,,,75
200800042907,8,8,8,1425,1,2,3,1,6,75119,M,,,75
200800042908,8,8,4,2025,1,2,5,1,3,75115,M,,,75
200800042909,8,8,13,1843,1,2,5,1,3,75108,M,,,75
200800042910,8,8,13,1853,1,2,2,1,3,75109,M,,,75
200800042911,8,8,13,2030,1,2,5,1,3,75109,M,,,75
200800042912,8,8,13,1420,1,2,1,1,6,75114,M,,,75
200800042913,8,8,13,1515,1,2,3,1,3,75115,M,,,75
200800042914,8,8,13,1850,1,2,1,1,7,75115,M,,,75
200800042915,8,8,13,1755,1,2,3,1,6,75116,M,,,75
200800042916,8,8,13,1605,1,2,1,1,7,75113,M,,,75
200800042917,8,8,13,2225,5,2,2,1,6,75114,M,,,75
200800042918,8,8,13,1335,1,2,1,1,4,75118,M,,,75
200800042919,8,8,14,1850,1,2,1,1,6,75101,M,,,75
200800042920,8,8,14,2005,5,2,1,1,6,75110,M,,,75
200800042921,8,8,14,15,5,2,3,1,6,75113,M,,,75
200800042922,8,8,14,925,1,2,2,1,2,75116,M,,,75
200800042923,8,8,14,1530,1,2,1,1,3,75118,M,,,75
200800042924,8,8,14,1940,1,2,2,1,6,75118,M,,,75
200800042925,8,8,14,2340,5,2,1,2,3,75118,M,,,75
200800042926,8,8,14,850,1,2,1,1,2,75119,M,,,75
200800042927,8,8,14,1015,1,2,2,1,3,75119,M,,,75
200800042928,8,8,14,2140,5,2,2,2,6,75119,M,,,75
200800042929,8,8,14,1300,1,2,4,1,4,75119,M,,,75
200800042930,8,8,14,1735,1,2,1,1,3,75117,M,,,75
200800042931,8,8,14,2325,5,2,1,1,6,75118,M,,,75
200800042932,8,8,15,130,5,2,2,8,7,75107,M,,,75
200800042933,8,8,15,1710,1,2,2,1,3,75108,M,,,75
200800042934,8,8,15,15,5,2,4,2,6,75109,M,,,75
200800042935,8,8,15,1640,1,2,1,1,3,75110,M,,,75
200800042936,8,8,15,50,5,2,2,2,3,75117,M,,,75
200800042937,8,8,15,1915,1,2,3,1,6,75118,M,,,75
200800042938,8,8,15,1847,1,2,1,1,6,75120,M,,,75
200800042939,8,8,15,2230,5,2,1,1,6,75114,M,,,75
200800042940,8,8,16,20,5,2,3,1,7,75105,M,,,75
200800042941,8,8,16,815,1,2,2,1,6,75108,M,,,75
200800042942,8,8,16,1325,1,2,1,1,2,75110,M,,,75
200800042943,8,8,16,1800,1,2,2,1,6,75110,M,,,75
200800042944,8,8,16,1330,1,2,3,1,3,75113,M,,,75
200800042945,8,8,16,1600,1,2,1,1,6,75107,M,,,75
200800042946,8,8,16,1710,1,2,1,1,7,75116,M,,,75
200800042947,8,8,16,1820,1,2,4,1,6,75118,M,,,75
200800042948,8,8,16,1920,1,2,1,1,2,75120,M,,,75
200800042949,8,8,16,2054,5,2,1,1,2,75110,M,,,75
200800042950,8,8,17,245,5,2,2,1,5,75103,M,,,75
200800042951,8,8,17,2322,5,2,2,1,6,75103,M,,,75
200800042952,8,8,17,1640,1,2,2,1,6,75104,M,,,75
200800042953,8,8,17,1720,1,2,1,1,3,75107,M,,,75
200800042954,8,8,17,2300,5,2,2,1,7,75108,M,,,75
200800042955,8,8,8,947,1,2,4,1,3,75112,M,,,75
200800042956,8,8,8,950,1,2,1,1,6,75116,M,,,75
200800042957,8,8,8,2050,2,2,1,1,6,75120,M,,,75
200800042958,8,8,12,2245,5,2,2,1,3,75101,M,,,75
200800042959,8,8,12,1325,1,2,2,1,6,75104,M,,,75
200800042960,8,8,12,2110,1,2,3,1,3,75106,M,,,75
200800042961,8,8,12,5,5,2,1,1,6,75108,M,,,75
200800042962,8,8,12,2120,2,2,1,1,6,75108,M,,,75
200800042963,8,8,12,835,1,2,1,2,7,75115,M,,,75
200800042964,8,8,12,700,1,2,2,8,2,75116,M,,,75
200800042965,8,8,12,820,1,2,2,8,7,75116,M,,,75
200800042966,8,8,12,1300,1,2,1,8,2,75116,M,,,75
200800042967,8,8,12,1845,1,2,5,1,2,75117,M,,,75
200800042968,8,8,11,1215,1,2,2,1,6,75108,M,,,75
200800042969,8,8,11,1830,1,2,1,1,3,75108,M,,,75
200800042970,8,8,11,35,5,2,1,1,3,75110,M,,,75
200800042971,8,8,11,205,5,2,1,1,6,75110,M,,,75
200800042972,8,8,11,1415,1,2,1,1,7,75110,M,,,75
200800042973,8,8,11,1440,1,2,2,1,5,75112,M,,,75
200800042974,8,8,11,1745,1,2,1,1,6,75113,M,,,75
200800042975,8,8,11,1300,1,2,2,1,3,75117,M,,,75
200800042976,8,8,11,1120,1,2,2,1,7,75119,M,,,75
200800042977,8,8,11,220,5,2,2,1,3,75118,M,,,75
200800042978,8,8,11,1800,1,2,1,1,6,75113,M,,,75
200800042979,8,8,11,1924,1,2,1,1,7,75103,M,,,75
200800042980,8,8,11,2230,5,2,2,1,6,75119,M,,,75
200800042981,8,8,11,636,1,2,1,1,6,75120,M,,,75
200800042982,8,8,12,1715,1,2,1,1,6,75109,M,,,75
200800042983,8,8,13,905,1,2,3,1,3,75101,M,,,75
200800042984,8,8,13,1500,1,2,3,1,6,75102,M,,,75
200800042985,8,8,13,1920,1,2,3,1,6,75104,M,,,75
200800042986,8,8,13,1445,1,2,1,1,6,75105,M,,,75
200800042987,8,8,25,1715,1,2,1,1,6,75120,M,,,75
200800042988,8,8,25,1950,1,2,2,1,3,75107,M,,,75
200800042989,8,8,25,325,5,2,1,2,6,75113,M,,,75
200800042990,8,8,25,1730,1,2,1,1,2,75114,M,,,75
200800042991,8,8,25,1740,1,2,1,1,6,75113,M,,,75
200800042992,8,8,25,1845,1,2,1,1,6,75118,M,,,75
200800042993,8,8,26,1110,1,2,3,1,3,75104,M,,,75
200800042994,8,8,26,1830,1,2,4,1,3,75105,M,,,75
200800042995,8,8,26,1035,1,2,1,1,6,75108,M,,,75
200800042996,8,8,26,1614,1,2,2,1,6,75111,M,,,75
200800042997,8,8,26,1830,1,2,5,1,6,75111,M,,,75
200800042998,8,8,26,1905,1,2,3,1,6,75112,M,,,75
200800042999,8,8,26,1315,1,2,2,1,3,75114,M,,,75
200800043000,8,8,26,2335,5,2,3,1,3,75115,M,,,75
200800043001,8,8,26,2000,2,2,1,1,6,75117,M,,,75
200800043002,8,8,26,1750,1,2,2,1,3,75118,M,,,75
200800043003,8,8,26,1430,1,2,1,1,3,75119,M,,,75
200800043004,8,8,26,1820,1,2,1,1,2,75116,M,,,75
200800043005,8,8,26,1915,1,2,1,1,3,75113,M,,,75
200800043006,8,8,26,1740,1,2,1,1,3,75113,M,,,75
200800043007,8,8,27,1015,1,2,4,1,2,75104,M,,,75
200800043008,8,8,27,1550,1,2,2,1,6,75104,M,,,75
200800043009,8,8,27,45,5,2,1,1,7,75108,M,,,75
200800043010,8,8,27,1230,1,2,1,1,2,75108,M,,,75
200800043011,8,8,27,2030,2,2,5,1,3,75108,M,,,75
200800043012,8,8,27,2250,5,2,3,1,6,75111,M,,,75
200800043013,8,8,27,955,1,2,4,1,3,75114,M,,,75
200800043014,8,8,27,1650,1,2,1,1,6,75115,M,,,75
200800043015,8,8,27,1220,1,2,1,1,6,75116,M,,,75
200800043016,8,8,27,1915,1,2,3,1,3,75116,M,,,75
200800043017,8,8,27,1820,1,2,1,1,6,75116,M,,,75
200800043018,8,8,27,1843,1,2,1,1,4,75118,M,,,75
200800043019,8,8,27,2135,5,2,1,1,4,75118,M,,,75
200800043020,8,8,27,1645,1,2,1,1,2,75118,M,,,75