Num_Acc,an,mois,jour,hrmn,lum,agg,int,atm,col,com,gps,lat,long,dep
200800043021,8,8,26,1550,1,2,2,1,3,75118,M,,,75
200800043022,8,8,28,1055,1,2,2,1,6,75103,M,,,75
200800043023,8,8,28,1925,2,2,5,1,3,75106,M,,,75
200800043024,8,8,17,15,5,2,2,1,3,75110,M,,,75
200800043025,8,8,17,1050,1,2,1,1,3,75112,M,,,75
200800043026,8,8,17,2000,1,2,1,1,6,75119,M,,,75
200800043027,8,8,17,2050,5,2,1,1,6,75119,M,,,75
200800043028,8,8,18,1100,1,2,2,1,6,75104,M,,,75
200800043029,8,8,18,935,1,2,4,1,3,75110,M,,,75
200800043030,8,8,18,1205,1,2,1,1,7,75113,M,,,75
200800043031,8,8,18,1445,1,2,2,1,3,75115,M,,,75
200800043032,8,8,18,1100,1,2,5,1,6,75116,M,,,75
200800043033,8,8,18,147,5,2,2,1,3,75118,M,,,75
200800043034,8,8,18,1245,1,2,1,1,6,75118,M,,,75
200800043035,8,8,18,1557,1,2,3,1,2,75110,M,,,75
200800043036,8,8,18,2120,5,2,2,1,3,75106,M,,,75
200800043037,8,8,19,1500,1,2,1,1,6,75101,M,,,75
200800043038,8,8,19,1935,1,2,2,2,2,75102,M,,,75
200800043039,8,8,19,1500,1,2,2,8,6,75103,M,,,75
200800043040,8,8,19,1855,1,2,1,2,6,75107,M,,,75
200800043041,8,8,19,1840,1,2,5,8,6,75108,M,,,75
200800043042,8,8,19,30,5,2,1,1,3,75110,M,,,75
200800043043,8,8,19,1515,1,2,5,1,3,75110,M,,,75
200800043044,8,8,19,2236,5,2,2,2,3,75110,M,,,75
200800043045,8,8,19,2230,5,2,3,2,7,75111,M,,,75
200800043046,8,8,19,1830,1,2,3,2,3,75112,M,,,75
200800043047,8,8,19,1655,1,2,1,2,4,75113,M,,,75
200800043048,8,8,19,1940,1,2,4,8,6,75115,M,,,75
200800043049,8,8,19,905,1,2,2,1,3,75116,M,,,75
200800043050,8,8,19,1250,1,2,1,1,3,75116,M,,,75
200800043051,8,8,19,2040,2,2,1,2,3,75118,M,,,75
200800043052,8,8,19,1915,1,2,3,8,4,75119,M,,,75
200800043053,8,8,19,1915,1,2,1,8,7,75120,M,,,75
200800043054,8,8,19,800,1,2,1,1,6,75118,M,,,75
200800043055,8,8,19,1205,1,2,1,1,7,75113,M,,,75
200800043056,8,8,19,1350,1,2,1,1,2,75116,M,,,75
200800043057,8,8,19,1445,1,2,1,1,7,75116,M,,,75
200800043058,8,8,20,2010,1,2,1,1,2,75101,M,,,75
200800043059,8,8,20,1720,1,2,5,1,3,75108,M,,,75
200800043060,8,8,20,1200,1,2,1,1,6,75110,M,,,75
200800043061,8,8,20,1515,1,2,1,1,2,75112,M,,,75
200800043062,8,8,20,1140,1,2,2,8,6,75114,M,,,75
200800043063,8,8,20,910,1,2,5,1,6,75115,M,,,75
200800043064,8,8,25,200,5,2,2,1,3,75117,M,,,75
200800043065,8,8,28,1030,1,2,4,1,6,75115,M,,,75
200800043066,8,8,28,1115,1,2,3,8,4,75111,M,,,75
200800043067,8,8,28,2230,5,2,3,1,3,75112,M,,,75
200800043068,8,8,28,1450,1,2,2,8,3,75115,M,,,75
200800043069,8,8,28,1740,1,2,2,1,6,75115,M,,,75
200800043070,8,8,28,1430,1,2,2,1,3,75116,M,,,75
200800043071,8,8,28,1925,2,2,5,1,6,75116,M,,,75
200800043072,8,8,28,845,1,2,3,1,6,75117,M,,,75
200800043073,8,8,28,1535,1,2,2,1,2,75117,M,,,75
200800043074,8,8,28,855,1,2,1,1,3,75118,M,,,75
200800043075,8,8,28,115,5,2,5,1,6,75120,M,,,75
200800043076,8,8,28,725,1,2,2,1,3,75120,M,,,75
200800043077,8,8,28,1330,1,2,2,8,6,75109,M,,,75
200800043078,8,8,28,1750,1,2,1,1,6,75115,M,,,75
200800043079,8,8,28,1952,1,2,1,1,2,75120,M,,,75
200800043080,8,8,29,1100,1,2,5,1,3,75101,M,,,75
200800043081,8,8,29,900,1,2,1,1,3,75102,M,,,75
200800043082,8,8,29,1415,1,2,2,1,6,75107,M,,,75
200800043083,8,8,29,2330,5,2,2,1,3,75107,M,,,75
200800043084,8,8,29,810,1,2,1,1,4,75108,M,,,75
200800043085,8,8,29,920,1,2,3,8,6,75108,M,,,75
200800043086,8,8,29,1605,1,2,5,1,7,75111,M,,,75
200800043087,8,8,29,2110,5,2,1,1,2,75112,M,,,75
200800043088,8,8,29,2005,1,2,1,1,6,75113,M,,,75
200800043089,8,8,29,1040,1,2,2,1,6,75115,M,,,75
200800043090,8,8,29,1447,1,2,2,1,2,75116,M,,,75
200800043091,8,8,29,910,1,2,1,8,6,75117,M,,,75
200800043092,8,8,29,2219,5,2,1,1,2,75117,M,,,75
200800043093,8,8,29,45,5,2,1,1,6,75120,M,,,75
200800043094,8,8,29,150,5,2,1,1,7,75120,M,,,75
200800043095,8,8,29,1025,1,2,1,1,3,75104,M,,,75
200800043096,8,8,29,2345,4,2,2,1,3,75110,M,,,75
200800043097,8,8,29,815,1,2,1,1,2,75112,M,,,75
200800043098,8,8,29,1910,1,2,1,1,3,75120,M,,,75
200800043099,8,8,30,1625,1,2,1,1,2,75101,M,,,75
200800043100,8,8,30,1751,1,2,1,1,3,75106,M,,,75
200800043101,8,8,30,1600,1,2,1,1,3,75107,M,,,75
200800043102,8,8,30,423,5,2,1,1,6,75108,M,,,75
200800043103,8,8,30,1335,1,2,1,1,6,75109,M,,,75
200800043104,8,8,30,840,1,2,4,1,3,75110,M,,,75
200800043105,8,8,30,1830,1,2,1,1,6,75110,M,,,75
200800043106,8,8,30,1840,1,2,5,1,3,75112,M,,,75
200800043107,8,8,30,1930,1,2,4,1,6,75114,M,,,75
200800043108,8,8,30,1950,1,2,1,1,6,75115,M,,,75
200800043109,8,8,30,1815,1,2,1,1,7,75116,M,,,75
200800043110,8,8,30,2150,5,2,1,1,2,75118,M,,,75
200800043111,8,8,30,145,5,2,1,1,6,75119,M,,,75
200800043112,8,8,30,2035,2,2,2,1,6,75120,M,,,75
200800043113,8,8,31,119,5,2,1,1,6,75102,M,,,75
200800043114,8,8,31,808,1,2,1,1,6,75105,M,,,75
200800043115,8,8,31,36,5,2,2,1,6,75108,M,,,75
200800043116,8,8,31,645,2,2,1,1,6,75109,M,,,75
200800043117,8,8,31,540,5,2,1,1,6,75110,M,,,75
200800043118,8,8,31,2220,4,2,1,1,6,75113,M,,,75
200800043119,8,8,31,2040,5,2,2,1,3,75115,M,,,75
200800043120,8,8,31,1550,1,2,5,1,3,75116,M,,,75
200800043121,8,8,31,2015,2,2,5,1,3,75117,M,,,75
200800043122,8,8,31,1650,1,2,1,1,3,75118,M,,,75
200800043123,8,8,31,2035,1,2,2,1,7,75118,M,,,75
200800043124,8,8,31,2110,3,2,1,1,7,75119,M,,,75
200800043125,8,8,31,1215,1,2,1,1,4,75115,M,,,75
200800043126,8,8,21,1954,1,2,1,1,6,75111,M,,,75
200800043127,8,8,6,150,3,1,1,1,6,94017,M,,,94
200800043128,8,8,1,1545,1,1,1,1,6,94011,M,,,94
200800043129,8,8,3,1920,1,1,1,3,3,77373,M,,,77
200800043130,8,8,5,235,3,1,1,1,5,77146,M,,,77
200800043131,8,8,5,945,1,1,1,1,2,94046,M,,,94
200800043132,8,8,6,1715,1,1,1,1,7,94028,M,,,94
200800043133,8,8,7,300,3,1,1,1,6,77175,M,,,77
200800043134,8,8,7,1740,1,1,9,1,4,94017,M,,,94
200800043135,8,8,8,1,3,1,1,2,6,77251,M,,,77
200800043136,8,8,8,115,3,1,1,2,7,77121,M,,,77
200800043137,8,8,8,1830,1,1,1,1,5,94017,M,,,94
200800043138,8,8,16,1350,1,1,1,1,3,94069,M,,,94
200800043139,8,8,21,1030,1,1,1,1,3,94073,M,,,94
200800043140,8,8,22,800,1,1,1,2,4,94017,M,,,94
200800043141,8,8,22,2035,1,1,1,2,7,94073,M,,,94
200800043142,8,8,23,1635,1,1,1,1,6,77258,M,,,77
200800043143,8,8,26,830,1,1,1,1,6,77169,M,,,77
200800043144,8,8,26,1620,1,1,1,1,6,77083,M,,,77
200800043145,8,8,27,1125,1,1,1,1,7,94073,M,,,94
200800043146,8,8,27,1910,1,1,1,1,2,94073,M,,,94
200800043147,8,8,20,215,5,2,1,1,2,75116,M,,,75
200800043148,8,8,20,520,5,2,2,1,3,75116,M,,,75
200800043149,8,8,20,1230,1,2,2,1,6,75116,M,,,75
200800043150,8,8,20,1610,1,2,1,1,6,75117,M,,,75
200800043151,8,8,20,1745,1,2,1,1,3,75118,M,,,75
200800043152,8,8,20,1835,1,2,4,1,3,75118,M,,,75
200800043153,8,8,20,1720,1,2,1,1,6,75119,M,,,75
200800043154,8,8,20,1420,1,2,5,8,1,75120,M,,,75
200800043155,8,8,20,2020,1,2,2,1,3,75120,M,,,75
200800043156,8,8,20,1005,1,2,2,1,3,75111,M,,,75
200800043157,8,8,20,1258,1,2,2,1,3,75117,M,,,75
200800043158,8,8,22,1650,1,2,2,2,3,75101,M,,,75
200800043159,8,8,22,1,5,2,2,2,7,75104,M,,,75
200800043160,8,8,22,214,5,2,2,1,3,75104,M,,,75
200800043161,8,8,22,2020,1,2,2,2,3,75107,M,,,75
200800043162,8,8,22,2042,5,2,2,2,7,75107,M,,,75
200800043163,8,8,22,2015,2,2,1,2,3,75107,M,,,75
200800043164,8,8,22,915,1,2,1,3,6,75108,M,,,75
200800043165,8,8,22,1400,1,2,1,3,7,75108,M,,,75
200800043166,8,8,22,1200,1,2,1,3,7,75108,M,,,75
200800043167,8,8,22,1955,1,2,5,2,2,75110,M,,,75
200800043168,8,8,22,1317,1,2,1,2,6,75111,M,,,75
200800043169,8,8,22,1546,1,2,1,2,1,75111,M,,,75
200800043170,8,8,22,1600,1,2,3,2,1,75114,M,,,75
200800043171,8,8,22,1245,1,2,2,2,7,75118,M,,,75
200800043172,8,8,22,100,5,2,1,1,7,75119,M,,,75
200800043173,8,8,22,1605,1,2,4,2,3,75120,M,,,75
200800043174,8,8,22,1736,1,2,3,2,2,75120,M,,,75
200800043175,8,8,22,755,1,2,1,3,6,75112,M,,,75
200800043176,8,8,22,615,2,2,1,2,6,75117,M,,,75
200800043177,8,8,22,1740,1,2,1,1,2,75117,M,,,75
200800043178,8,8,21,1600,1,2,1,1,2,75101,M,,,75
200800043179,8,8,21,1845,1,2,1,1,6,75106,M,,,75
200800043180,8,8,21,2245,5,2,3,2,2,75109,M,,,75
200800043181,8,8,21,1230,1,2,1,1,6,75113,M,,,75
200800043182,8,8,21,2145,5,2,3,1,6,75113,M,,,75
200800043183,8,8,21,905,1,2,2,1,7,75115,M,,,75
200800043184,8,8,21,2130,3,2,1,2,6,75115,M,,,75
200800043185,8,8,21,1735,1,2,3,1,6,75116,M,,,75
200800043186,8,8,21,1925,2,2,1,8,2,75116,M,,,75
200800043187,8,8,21,2150,5,2,1,2,6,75118,M,,,75
200800043188,8,8,21,45,5,2,1,1,3,75120,M,,,75
200800043189,8,8,21,1415,1,2,1,1,6,75112,M,,,75
200800043190,8,8,21,1230,1,2,1,1,7,75112,M,,,75
200800043191,8,8,23,1515,1,2,2,1,7,75105,M,,,75
200800043192,8,8,23,1925,1,2,2,1,5,75108,M,,,75
200800043193,8,8,23,1435,1,2,1,1,6,75109,M,,,75
200800043194,8,8,23,1050,1,2,2,1,3,75111,M,,,75
200800043195,8,8,23,1350,1,2,1,1,7,75113,M,,,75
200800043196,8,8,23,1740,1,2,3,1,7,75113,M,,,75
200800043197,8,8,23,735,2,2,2,1,2,75117,M,,,75
200800043198,8,8,23,1600,1,2,1,1,6,75118,M,,,75
200800043199,8,8,23,1950,2,2,3,1,6,75119,M,,,75
200800043200,8,8,23,1430,1,2,1,1,2,75115,M,,,75
200800043201,8,8,24,1615,1,2,5,2,7,75102,M,,,75
200800043202,8,8,24,305,5,2,5,1,3,75104,M,,,75
200800043203,8,8,24,2340,5,2,3,2,3,75109,M,,,75
200800043204,8,8,24,10,5,2,1,1,6,75112,M,,,75
200800043205,8,8,24,1500,1,2,2,2,6,75112,M,,,75
200800043206,8,8,24,1500,1,2,2,2,3,75115,M,,,75
200800043207,8,8,24,2150,5,2,1,2,6,75118,M,,,75
200800043208,8,8,24,1440,1,2,3,2,2,75119,M,,,75
200800043209,8,8,24,1440,1,2,2,2,3,75120,M,,,75
200800043210,8,8,24,2000,2,2,1,2,6,75120,M,,,75
200800043211,8,8,24,150,5,2,1,1,6,75105,M,,,75
200800043212,8,8,24,240,5,2,2,1,3,75110,M,,,75
200800043213,8,8,24,635,1,2,1,1,3,75116,M,,,75
200800043214,8,8,24,310,5,2,1,1,6,75112,M,,,75
200800043215,8,8,25,1445,1,2,2,1,6,75103,M,,,75
200800043216,8,8,25,1920,2,2,2,1,3,75103,M,,,75
200800043217,8,8,25,55,5,2,1,2,6,75104,M,,,75
200800043218,8,8,25,1205,1,2,2,1,3,75105,M,,,75
200800043219,8,8,25,2024,2,2,2,1,3,75107,M,,,75
200800043220,8,8,25,1145,1,2,1,1,6,75108,M,,,75
200800043221,8,8,25,1930,1,2,1,1,3,75109,M,,,75
200800043222,8,8,25,1450,1,2,1,1,7,75110,M,,,75
200800043223,8,8,25,1330,1,2,3,1,6,75113,M,,,75
200800043224,8,8,25,755,1,2,4,1,3,75115,M,,,75
200800043225,8,8,25,1910,1,2,1,1,2,75116,M,,,75
200800043226,8,8,12,950,1,2,2,1,6,93005,M,,,93
200800043227,8,8,30,1350,1,1,1,1,7,34172,M,4360835.0,382123.0,34
200800043228,8,8,23,1140,1,2,2,1,3,92025,M,,,92
200800043229,8,8,1,945,1,2,3,1,3,92026,M,,,92
200800043230,8,8,14,1830,1,2,1,9,2,92026,M,,,92
200800043231,8,8,28,1145,1,2,1,1,7,92026,M,,,92
200800043232,8,8,6,20,5,2,1,1,6,92036,M,,,92
200800043233,8,8,6,1510,1,2,1,1,6,92036,M,,,92
200800043234,8,8,24,2145,5,2,1,2,3,92036,M,,,92
200800043235,8,8,28,1345,1,2,2,1,3,92036,M,,,92
200800043236,8,8,28,1900,1,2,1,1,6,92036,M,,,92
200800043237,8,8,5,1925,1,2,6,1,3,92040,M,,,92
200800043238,8,8,11,900,1,2,1,1,3,92040,M,,,92
200800043239,8,8,14,905,1,2,1,7,6,92040,M,,,92
200800043240,8,8,24,20,5,2,2,1,3,92040,M,,,92
200800043241,8,8,4,1810,2,2,1,1,2,92044,M,,,92
200800043242,8,8,10,1312,1,2,2,1,3,92044,M,,,92
200800043243,8,8,21,825,1,2,2,1,3,92044,M,,,92
200800043244,8,8,28,1750,1,2,2,8,6,92044,M,,,92
200800043245,8,8,17,2125,2,1,1,1,7,92048,M,,,92
200800043246,8,8,1,1000,1,2,2,1,2,92020,M,,,92
200800043247,8,8,1,1135,1,2,1,1,6,92020,M,,,92
200800043248,8,8,2,1840,1,2,1,1,7,92049,M,,,92
200800043249,8,8,2,1720,1,2,1,1,6,92049,M,,,92
200800043250,8,8,8,2015,1,2,1,1,3,92049,M,,,92
200800043251,8,8,8,1315,1,2,2,1,7,92020,M,,,92
200800043252,8,8,12,1730,1,2,2,1,3,92049,M,,,92
200800043253,8,8,25,1630,1,2,1,1,6,92049,M,,,92
200800043254,8,8,31,1840,1,2,1,1,6,92020,M,,,92
200800043255,8,8,6,1250,1,2,5,1,1,92050,M,,,92
200800043256,8,8,7,2100,1,2,1,1,7,92050,M,,,92
200800043257,8,8,13,1200,1,2,1,1,3,92050,M,,,92
200800043258,8,8,19,1920,1,2,2,1,6,92050,M,,,92
200800043259,8,8,30,2015,3,2,1,2,6,92050,M,,,92
200800043260,8,8,30,1255,1,2,1,1,7,92051,M,,,92
200800043261,8,8,7,1500,1,2,1,1,3,92051,M,,,92
200800043262,8,8,4,1845,1,2,3,1,3,92062,M,,,92
200800043263,8,8,6,1530,1,2,2,1,3,92062,M,,,92
200800043264,8,8,25,1320,1,2,1,1,6,92062,M,,,92
200800043265,8,8,6,2150,2,2,1,1,6,92063,M,,,92
200800043266,8,8,12,1815,1,1,1,1,4,92063,M,,,92
200800043267,8,8,14,1720,1,2,1,1,2,92063,M,,,92
200800043268,8,8,21,50,5,2,3,1,6,92063,M,,,92
200800043269,8,8,23,615,2,2,3,1,3,92063,M,,,92
200800043270,8,8,1,950,1,2,1,1,2,92064,M,,,92
200800043271,8,8,2,1845,1,2,3,7,3,92064,M,,,92
200800043272,8,8,19,1054,1,2,1,1,2,92047,M,,,92
200800043273,8,8,30,1800,1,2,1,1,7,92076,M,,,92
200800043274,8,8,31,530,3,2,1,1,7,92072,M,,,92
200800043275,8,8,4,820,1,2,1,1,7,92073,M,,,92
200800043276,8,8,6,1320,1,2,1,1,6,92073,M,,,92
200800043277,8,8,22,1835,1,2,1,2,7,92073,M,,,92
200800043278,8,8,7,900,1,2,1,1,3,92046,M,,,92
200800043279,8,8,25,1755,1,2,2,1,6,92046,M,,,92
200800043280,8,8,27,1510,1,2,1,1,6,92046,M,,,92
200800043281,8,8,9,1845,1,2,1,1,3,92078,M,,,92
200800043282,8,8,30,1930,1,2,1,1,6,92078,M,,,92
200800043283,8,8,4,835,1,2,1,2,7,92062,M,,,92
200800043284,8,8,21,1130,1,2,1,1,7,92062,M,,,92
200800043285,8,8,22,1845,1,2,2,1,7,92026,M,,,92
200800043286,8,8,29,930,1,2,1,1,1,92062,M,,,92
200800043287,8,8,1,1320,1,2,1,1,4,93001,M,,,93
200800043288,8,8,5,2118,2,2,1,1,3,93001,M,,,93
200800043289,8,8,8,1610,1,2,1,1,3,93001,M,,,93
200800043290,8,8,9,1700,1,2,1,1,6,93001,M,,,93
200800043291,8,8,14,1355,1,2,1,1,3,93001,M,,,93
200800043292,8,8,15,2355,5,2,1,1,7,93001,M,,,93
200800043293,8,8,20,1740,1,2,5,1,1,93001,M,,,93
200800043294,8,8,22,655,2,2,3,2,3,93001,M,,,93
200800043295,8,8,27,930,1,2,1,1,3,93001,M,,,93
200800043296,8,8,27,1940,1,2,1,1,6,93001,M,,,93
200800043297,8,8,29,730,1,2,1,1,3,93001,M,,,93
200800043298,8,8,30,2120,2,2,2,1,1,93001,M,,,93
200800043299,8,8,1,930,1,2,1,1,2,93005,M,,,93
200800043300,8,8,10,1330,1,2,1,1,1,93005,M,,,93
200800043301,8,8,16,2240,3,2,1,1,1,93005,M,,,93
200800043302,8,8,24,750,1,2,2,8,6,93005,M,,,93
200800043303,8,8,26,2320,5,2,3,1,3,93005,M,,,93
200800043304,8,8,30,730,2,2,3,1,6,93005,M,,,93
200800043305,8,8,13,1845,1,2,3,1,3,93007,M,,,93
200800043306,8,8,14,1540,1,2,2,2,3,93007,M,,,93
200800043307,8,8,22,1,5,2,1,2,2,93007,M,,,93
200800043308,8,8,2,2110,2,2,3,1,6,93008,M,,,93
200800043309,8,8,2,2030,1,2,3,1,3,93008,M,,,93
200800043310,8,8,5,1800,1,2,1,1,3,93008,M,,,93
200800043311,8,8,6,1930,1,2,1,1,2,93008,M,,,93
200800043312,8,8,7,345,5,2,1,1,2,93008,M,,,93
200800043313,8,8,10,2030,1,2,1,1,5,93008,M,,,93
200800043314,8,8,13,1152,1,2,3,1,3,93008,M,,,93
200800043315,8,8,14,1200,1,2,1,1,6,93008,M,,,93
200800043316,8,8,19,1530,1,2,1,1,6,93008,M,,,93
200800043317,8,8,27,800,1,2,1,1,1,93008,M,,,93
200800043318,8,8,27,1900,1,2,3,1,3,93008,M,,,93
200800043319,8,8,28,950,1,2,1,1,2,93008,M,,,93
200800043320,8,8,2,2050,1,2,2,1,6,93010,M,,,93
200800043321,8,8,2,1225,1,2,1,2,2,93057,M,,,93
200800043322,8,8,12,1305,1,2,2,1,3,93057,M,,,93
200800043323,8,8,17,2150,5,2,1,1,3,93010,M,,,93
200800043324,8,8,18,1440,1,2,1,1,2,93010,M,,,93
200800043325,8,8,31,1440,1,2,2,1,6,93010,M,,,93
200800043326,8,8,4,825,1,2,1,2,1,93027,M,,,93
200800043327,8,8,2,1940,1,2,2,1,3,93027,M,,,93
200800043328,8,8,9,550,2,2,2,1,6,93027,M,,,93
200800043329,8,8,14,1800,1,2,2,1,3,93029,M,,,93
200800043330,8,8,24,1836,1,2,1,1,3,93029,M,,,93
200800043331,8,8,1,1350,1,2,3,1,3,93031,M,,,93
200800043332,8,8,9,1510,1,2,3,1,3,93031,M,,,93
200800043333,8,8,12,1620,1,2,1,1,2,93079,M,,,93
200800043334,8,8,13,1815,1,2,1,1,4,93031,M,,,93
200800043335,8,8,14,1605,1,2,2,2,6,93031,M,,,93
200800043336,8,8,15,2120,5,2,1,1,6,93031,M,,,93
200800043337,8,8,2,1014,1,2,1,8,6,93032,M,,,93
200800043338,8,8,4,1215,1,2,1,1,2,93047,M,,,93
200800043339,8,8,5,1240,1,2,1,1,6,93032,M,,,93
200800043340,8,8,5,1425,1,2,1,1,2,93032,M,,,93
200800043341,8,8,7,2010,1,2,3,2,3,93032,M,,,93
200800043342,8,8,19,1750,1,2,6,1,6,93047,M,,,93
200800043343,8,8,21,1005,1,2,1,1,6,93032,M,,,93
200800043344,8,8,21,1750,1,2,1,1,6,93032,M,,,93
200800043345,8,8,22,1715,1,2,1,2,6,93047,M,,,93
200800043346,8,8,29,1045,1,2,1,1,2,93032,M,,,93
200800043347,8,8,2,2144,5,2,1,1,3,93063,M,,,93
200800043348,8,8,5,1330,1,2,2,1,1,93045,M,,,93
200800043349,8,8,10,2020,1,2,2,1,3,93045,M,,,93
200800043350,8,8,13,1400,1,2,3,1,3,93006,M,,,93
200800043351,8,8,13,2010,1,2,1,8,6,93006,M,,,93
200800043352,8,8,19,1220,1,2,1,1,3,93006,M,,,93
200800043353,8,8,22,1130,1,2,2,2,6,93063,M,,,93
200800043354,8,8,24,1700,1,2,2,2,3,93063,M,,,93
200800043355,8,8,22,2045,5,2,1,1,6,93045,M,,,93
200800043356,8,8,10,1820,1,2,1,1,6,93046,M,,,93
200800043357,8,8,11,1415,1,2,5,1,3,93074,M,,,93
200800043358,8,8,17,1630,1,1,1,1,2,93074,M,,,93
200800043359,8,8,18,1650,1,1,4,1,7,93074,M,,,93
200800043360,8,8,22,905,1,2,2,2,7,93046,M,,,93
200800043361,8,8,30,1440,1,2,1,1,7,93046,M,,,93
200800043362,8,8,30,2000,2,2,3,1,3,93046,M,,,93
200800043363,8,8,31,1505,1,2,3,1,3,93074,M,,,93
200800043364,8,8,1,1520,1,2,1,8,3,93048,M,,,93
200800043365,8,8,4,1530,1,2,2,1,6,93048,M,,,93
200800043366,8,8,6,2145,5,2,2,1,3,93048,M,,,93
200800043367,8,8,14,2245,5,2,2,2,3,93048,M,,,93
200800043368,8,8,22,1715,1,1,2,1,6,93048,M,,,93
200800043369,8,8,27,1,5,2,3,1,3,93048,M,,,93
200800043370,8,8,2,1255,1,2,2,2,3,93050,M,,,93
200800043371,8,8,2,1420,1,1,1,2,1,93049,M,,,93
200800043372,8,8,6,1555,1,2,1,1,6,93050,M,,,93
200800043373,8,8,10,1830,1,2,3,1,3,93050,M,,,93
200800043374,8,8,19,1925,1,2,1,2,2,93049,M,,,93
200800043375,8,8,19,2130,5,2,3,2,1,93049,M,,,93
200800043376,8,8,23,1140,1,2,2,1,3,93049,M,,,93
200800043377,8,8,14,1115,1,2,6,1,3,93005,M,,,93
200800043378,8,8,2,1600,1,2,1,1,1,93033,M,,,93
200800043379,8,8,2,2145,5,2,2,1,3,93051,M,,,93
200800043380,8,8,15,150,5,2,1,1,6,93051,M,,,93
200800043381,8,8,17,2050,5,2,1,1,6,93051,M,,,93
200800043382,8,8,22,1430,1,2,1,3,6,93051,M,,,93
200800043383,8,8,22,1945,2,2,1,2,1,93051,M,,,93
200800043384,8,8,24,1645,1,2,2,2,3,93051,M,,,93
200800043385,8,8,27,1455,1,2,2,1,3,93051,M,,,93
200800043386,8,8,27,1937,1,2,1,1,7,93051,M,,,93
200800043387,8,8,3,1320,1,2,1,1,3,93053,M,,,93
200800043388,8,8,9,1330,1,2,1,1,7,93053,M,,,93
200800043389,8,8,30,2250,5,2,2,1,3,93053,M,,,93
200800043390,8,8,7,838,1,2,1,2,3,93055,M,,,93
200800043391,8,8,6,1820,1,2,3,1,3,93055,M,,,93
200800043392,8,8,7,1625,1,2,1,2,3,93055,M,,,93
200800043393,8,8,9,2335,5,2,3,1,3,93055,M,,,93
200800043394,8,8,26,1457,1,2,3,1,3,93055,M,,,93
200800043395,8,8,28,1215,1,2,1,1,6,93055,M,,,93
200800043396,8,8,1,1325,1,2,2,1,3,93014,M,,,93
200800043397,8,8,3,2125,2,2,1,1,3,93062,M,,,93
200800043398,8,8,9,2245,3,2,3,1,3,93014,M,,,93
200800043399,8,8,12,2005,2,2,1,1,6,93014,M,,,93
200800043400,8,8,13,1,5,2,1,1,3,93062,M,,,93
200800043401,8,8,20,458,5,2,2,1,1,93014,M,,,93
200800043402,8,8,27,1805,1,2,1,1,7,93014,M,,,93
200800043403,8,8,28,1705,1,2,3,1,3,93014,M,,,93
200800043404,8,8,2,1800,1,2,1,1,2,93064,M,,,93
200800043405,8,8,11,2030,1,2,1,1,3,93064,M,,,93
200800043406,8,8,14,1650,1,2,1,1,2,93077,M,,,93
200800043407,8,8,18,125,5,2,3,1,3,93077,M,,,93
200800043408,8,8,22,315,5,2,3,1,1,93064,M,,,93
200800043409,8,8,27,1125,1,2,1,1,3,93064,M,,,93
200800043410,8,8,1,2020,1,2,1,1,6,93066,M,,,93
200800043411,8,8,4,1405,1,1,3,1,3,93039,M,,,93
200800043412,8,8,7,1640,1,2,2,2,2,93066,M,,,93
200800043413,8,8,9,440,5,2,1,1,2,93001,M,,,93
200800043414,8,8,22,1645,1,2,1,2,6,93066,M,,,93
200800043415,8,8,23,1220,1,2,2,1,6,93066,M,,,93
200800043416,8,8,25,35,5,2,1,2,1,93066,M,,,93
200800043417,8,8,25,36,5,2,1,2,3,93066,M,,,93
200800043418,8,8,1,855,1,2,3,1,2,93066,M,,,93
200800043419,8,8,18,1200,1,2,1,1,2,93066,M,,,93
200800043420,8,8,22,947,1,2,1,3,3,93066,M,,,93
200800043421,8,8,22,1530,1,2,1,3,6,93066,M,,,93
200800043422,8,8,27,2035,2,2,3,1,3,93070,M,,,93
200800043423,8,8,30,1410,1,2,8,1,6,93070,M,,,93
200800043424,8,8,7,715,2,2,2,3,6,93071,M,,,93
200800043425,8,8,14,1,5,2,1,1,6,93071,M,,,93
200800043426,8,8,17,2220,5,2,3,1,2,93072,M,,,93
200800043427,8,8,8,1415,1,2,2,8,3,93059,M,,,93
200800043428,8,8,8,1625,1,2,1,1,6,93059,M,,,93
200800043429,8,8,14,1520,1,2,1,2,2,93059,M,,,93
200800043430,8,8,20,1025,1,2,3,8,7,93072,M,,,93
200800043431,8,8,26,2345,5,2,3,1,2,93059,M,,,93
200800043432,8,8,29,1125,1,2,3,1,3,93059,M,,,93
200800043433,8,8,6,45,5,2,1,1,1,93078,M,,,93
200800043434,8,8,6,1840,1,2,1,1,7,93073,M,,,93
200800043435,8,8,26,955,1,2,1,1,3,93078,M,,,93
200800043436,8,8,30,940,1,2,2,1,2,93073,M,,,93
200800043437,8,8,11,1200,1,2,1,7,6,94002,M,,,94
200800043438,8,8,2,900,1,2,3,1,7,94004,M,,,94
200800043439,8,8,6,810,1,2,1,9,4,94071,M,,,94
200800043440,8,8,7,945,1,2,1,8,2,94075,M,,,94
200800043441,8,8,30,1000,1,2,1,1,6,94075,M,,,94
200800043442,8,8,1,1540,1,2,1,1,1,94017,M,,,94
200800043443,8,8,12,1055,1,2,3,1,3,94017,M,,,94
200800043444,8,8,14,2125,5,2,3,1,1,94017,M,,,94
200800043445,8,8,15,1055,1,2,3,1,3,94017,M,,,94
200800043446,8,8,19,1600,1,2,1,1,3,94017,M,,,94
200800043447,8,8,1,735,1,2,1,1,3,94018,M,,,94
200800043448,8,8,27,950,1,2,1,1,6,94018,M,,,94
200800043449,8,8,7,1210,1,2,1,8,3,94054,M,,,94