Num_Acc,an,mois,jour,hrmn,lum,agg,int,atm,col,com,gps,lat,long,dep
200800043450,8,8,3,1200,1,2,1,2,3,94022,M,,,94
200800043451,8,8,13,1215,1,2,1,1,6,94022,M,,,94
200800043452,8,8,28,1640,1,2,5,1,6,94022,M,,,94
200800043453,8,8,29,1545,1,2,1,1,6,94054,M,,,94
200800043454,8,8,30,1700,1,2,1,1,4,94054,M,,,94
200800043455,8,8,24,1615,1,2,1,2,2,93050,M,,,93
200800043456,8,8,3,1515,1,2,1,1,6,94028,M,,,94
200800043457,8,8,5,1815,1,2,1,1,6,94028,M,,,94
200800043458,8,8,5,1700,1,2,1,1,6,94028,M,,,94
200800043459,8,8,9,1650,1,1,1,1,6,94028,M,,,94
200800043460,8,8,8,1245,1,2,1,1,6,94028,M,,,94
200800043461,8,8,13,1130,1,2,1,1,3,94028,M,,,94
200800043462,8,8,13,1950,2,2,1,1,3,94028,M,,,94
200800043463,8,8,18,1610,1,2,1,1,7,94028,M,,,94
200800043464,8,8,21,955,1,2,1,1,6,94028,M,,,94
200800043465,8,8,22,1300,1,2,1,3,6,94028,M,,,94
200800043466,8,8,22,1230,1,2,1,2,3,94028,M,,,94
200800043467,8,8,22,1200,1,2,1,1,6,94028,M,,,94
200800043468,8,8,25,1950,1,1,1,1,7,94028,M,,,94
200800043469,8,8,25,1855,1,2,6,1,3,94028,M,,,94
200800043470,8,8,26,1735,1,2,1,1,6,94028,M,,,94
200800043471,8,8,27,2038,2,2,1,1,5,94011,M,,,94
200800043472,8,8,29,1420,1,2,1,1,6,94028,M,,,94
200800043473,8,8,29,1425,1,2,1,1,4,94028,M,,,94
200800043474,8,8,15,2000,1,2,2,1,3,94033,M,,,94
200800043475,8,8,16,1025,1,2,3,1,3,94033,M,,,94
200800043476,8,8,1,2130,2,2,1,1,6,94076,M,,,94
200800043477,8,8,4,1810,1,2,3,1,7,94076,M,,,94
200800043478,8,8,4,2335,5,2,1,1,6,94016,M,,,94
200800043479,8,8,8,2030,1,2,3,1,3,94003,M,,,94
200800043480,8,8,9,1600,1,2,3,1,3,94016,M,,,94
200800043481,8,8,16,2300,3,2,1,1,6,94043,M,,,94
200800043482,8,8,20,1155,1,2,3,1,3,94076,M,,,94
200800043483,8,8,22,1630,1,2,1,3,7,94043,M,,,94
200800043484,8,8,27,1300,1,2,1,1,3,94003,M,,,94
200800043485,8,8,2,1140,1,1,1,8,3,94073,M,,,94
200800043486,8,8,5,1605,1,2,1,1,6,94038,M,,,94
200800043487,8,8,19,1800,1,2,1,8,3,94034,M,,,94
200800043488,8,8,21,1350,1,2,2,1,3,94073,M,,,94
200800043489,8,8,21,1740,1,2,9,1,3,94073,M,,,94
200800043490,8,8,22,1245,1,2,1,2,3,94073,M,,,94
200800043491,8,8,28,1015,1,2,2,1,3,94073,M,,,94
200800043492,8,8,30,805,1,2,1,1,3,94021,M,,,94
200800043493,8,8,30,1545,1,2,1,1,3,94073,M,,,94
200800043494,8,8,2,1410,1,2,1,1,7,94041,M,,,94
200800043495,8,8,12,1030,1,2,1,1,3,94041,M,,,94
200800043496,8,8,19,1515,1,2,1,1,7,94041,M,,,94
200800043497,8,8,24,2350,5,2,1,2,7,94041,M,,,94
200800043498,8,8,8,1700,1,2,1,1,7,94041,M,,,94
200800043499,8,8,26,1755,1,2,1,1,3,94041,M,,,94
200800043500,8,8,5,1625,1,2,1,1,3,94046,M,,,94
200800043501,8,8,10,1420,1,2,2,1,6,94046,M,,,94
200800043502,8,8,13,1050,1,2,2,1,3,94046,M,,,94
200800043503,8,8,14,2000,1,2,2,1,3,94046,M,,,94
200800043504,8,8,1,830,1,2,1,1,4,94052,M,,,94
200800043505,8,8,4,905,1,2,1,8,2,94042,M,,,94
200800043506,8,8,1,1550,1,2,2,1,3,94068,M,,,94
200800043507,8,8,1,1430,1,2,1,1,6,94068,M,,,94
200800043508,8,8,6,1500,1,2,1,1,3,94068,M,,,94
200800043509,8,8,9,2045,2,2,1,1,3,94068,M,,,94
200800043510,8,8,8,1240,1,2,1,1,2,94068,M,,,94
200800043511,8,8,15,1900,1,2,2,1,2,94068,M,,,94
200800043512,8,8,22,955,1,2,2,2,3,94068,M,,,94
200800043513,8,8,31,1540,1,2,1,1,6,94068,M,,,94
200800043514,8,8,29,2230,5,2,1,1,6,94068,M,,,94
200800043515,8,8,10,1640,1,2,1,1,7,94078,M,,,94
200800043516,8,8,15,1635,1,2,1,1,6,94077,M,,,94
200800043517,8,8,13,505,5,2,1,1,7,94077,M,,,94
200800043518,8,8,30,1240,1,2,1,1,7,94074,M,,,94
200800043519,8,8,25,500,5,2,1,2,2,94078,M,,,94
200800043520,8,8,22,1325,1,2,1,2,4,94078,M,,,94
200800043521,8,8,17,1400,1,2,1,1,6,94078,M,,,94
200800043522,8,8,5,2050,1,2,1,1,7,94067,M,,,94
200800043523,8,8,6,1020,1,2,2,1,3,94080,M,,,94
200800043524,8,8,15,2125,5,2,1,1,3,94080,M,,,94
200800043525,8,8,16,1015,1,2,2,1,3,94067,M,,,94
200800043526,8,8,7,1550,1,2,1,2,6,94081,M,,,94
200800043527,8,8,8,1100,1,2,2,1,3,94081,M,,,94
200800043528,8,8,8,1525,1,2,2,1,3,94081,M,,,94
200800043529,8,8,11,1600,1,2,1,1,2,94081,M,,,94
200800043530,8,8,12,2330,5,2,6,1,6,94081,M,,,94
200800043531,8,8,14,1520,1,2,1,1,6,94081,M,,,94
200800043532,8,8,30,1620,1,2,1,1,2,94081,M,,,94
200800043533,8,8,1,1245,1,2,2,2,3,94011,M,,,94
200800043534,8,8,2,1540,1,2,1,1,3,95018,M,,,95
200800043535,8,8,5,1925,1,2,2,1,3,95018,M,,,95
200800043536,8,8,6,1,5,2,1,1,2,95018,M,,,95
200800043537,8,8,11,1945,1,2,2,1,6,95018,M,,,95
200800043538,8,8,12,1710,1,2,2,1,7,95176,M,,,95
200800043539,8,8,12,2040,1,2,1,1,7,95018,M,,,95
200800043540,8,8,7,1658,1,2,2,1,2,95018,M,,,95
200800043541,8,8,17,1915,1,2,1,1,6,95018,M,,,95
200800043542,8,8,20,1900,1,2,1,1,7,95018,M,,,95
200800043543,8,8,25,950,1,2,3,1,2,95018,M,,,95
200800043544,8,8,30,215,5,2,1,1,7,95018,M,,,95
200800043545,8,8,27,2245,5,2,1,1,2,95018,M,,,95
200800043546,8,8,28,1640,1,2,2,1,6,95018,M,,,95
200800043547,8,8,6,1850,1,2,1,1,3,95018,M,,,95
200800043548,8,8,1,2140,2,2,1,1,3,95063,M,,,95
200800043549,8,8,13,940,1,2,1,1,3,95127,M,,,95
200800043550,8,8,11,1520,1,1,1,1,2,95127,M,,,95
200800043551,8,8,26,715,1,2,1,1,3,95127,M,,,95
200800043552,8,8,2,2035,1,2,1,1,3,95428,M,,,95
200800043553,8,8,5,1800,1,2,1,1,3,95219,M,,,95
200800043554,8,8,5,955,1,2,1,1,6,95426,M,,,95
200800043555,8,8,25,1710,1,2,3,1,6,95252,M,,,95
200800043556,8,8,26,2040,2,2,1,1,6,95252,M,,,95
200800043557,8,8,28,2054,1,2,1,1,5,95219,M,,,95
200800043558,8,8,30,1610,1,2,4,1,3,95574,M,,,95
200800043559,8,8,4,35,1,2,2,1,3,95277,M,,,95
200800043560,8,8,6,1805,1,2,1,1,6,95280,M,,,95
200800043561,8,8,12,1430,1,2,2,1,3,95277,M,,,95
200800043562,8,8,21,1145,1,2,1,1,2,95277,M,,,95
200800043563,8,8,22,1600,1,2,5,2,3,95277,M,,,95
200800043564,8,8,25,1120,1,2,2,1,6,95019,M,,,95
200800043565,8,8,25,1720,1,2,1,1,6,95280,M,,,95
200800043566,8,8,6,1145,1,2,3,1,6,95424,M,,,95
200800043567,8,8,23,1820,1,2,1,1,6,95487,M,,,95
200800043568,8,8,26,2257,5,1,1,1,7,95539,M,,,95
200800043569,8,8,10,1430,1,2,1,1,7,95607,M,,,95
200800043570,8,8,11,1400,1,2,1,1,2,95563,M,,,95
200800043571,8,8,1,232,3,1,1,1,3,20004,M,,,201
200800043572,8,8,1,710,1,2,1,7,6,20004,M,,,201
200800043573,8,8,4,215,5,2,1,1,5,20004,M,,,201
200800043574,8,8,7,1210,1,1,1,1,3,20004,M,,,201
200800043575,8,8,7,2255,5,2,3,1,6,20004,M,,,201
200800043576,8,8,8,1723,1,2,1,1,1,20004,M,,,201
200800043577,8,8,9,2110,5,2,1,1,3,20004,M,,,201
200800043578,8,8,10,2100,5,2,1,1,3,20004,M,,,201
200800043579,8,8,11,1630,1,2,1,1,5,20004,M,,,201
200800043580,8,8,14,12,5,2,1,1,3,20004,M,,,201
200800043581,8,8,17,330,5,2,2,1,6,20004,M,,,201
200800043582,8,8,16,1300,1,1,1,1,1,20004,M,,,201
200800043583,8,8,18,2250,5,2,3,1,3,20004,M,,,201
200800043584,8,8,19,1255,1,2,1,1,1,20004,M,,,201
200800043585,8,8,20,927,1,2,1,1,2,20004,M,,,201
200800043586,8,8,21,1658,1,2,3,1,5,20004,M,,,201
200800043587,8,8,24,2030,5,2,9,1,3,20004,M,,,201
200800043588,8,8,25,1845,1,2,1,1,3,20004,M,,,201
200800043589,8,8,29,1518,1,2,1,1,7,20004,M,,,201
200800043590,8,8,29,2055,5,2,2,1,2,20004,M,,,201
200800043591,8,8,22,1630,1,2,3,1,6,69381,M,,,69
200800043592,8,8,21,845,1,2,1,1,2,69382,M,,,69
200800043593,8,8,1,1020,1,2,1,2,6,69382,M,,,69
200800043594,8,8,29,720,1,2,1,1,3,69382,M,,,69
200800043595,8,8,1,1210,1,2,3,1,3,69386,M,,,69
200800043596,8,8,2,700,1,2,2,1,3,69386,M,,,69
200800043597,8,8,4,1830,1,2,1,1,3,69386,M,,,69
200800043598,8,8,7,1805,1,2,1,2,6,69266,M,,,69
200800043599,8,8,8,2040,1,2,2,1,3,69383,M,,,69
200800043600,8,8,13,1010,1,2,2,1,3,69386,M,,,69
200800043601,8,8,24,1515,1,2,3,1,3,69386,M,,,69
200800043602,8,8,26,1715,1,2,2,1,3,69383,M,,,69
200800043603,8,8,8,1925,1,2,2,1,3,69383,M,,,69
200800043604,8,8,17,1700,1,2,2,1,3,69383,M,,,69
200800043605,8,8,17,1950,1,2,2,1,4,69383,M,,,69
200800043606,8,8,28,1653,1,2,2,1,3,69383,M,,,69
200800043607,8,8,30,850,1,2,2,1,6,69387,M,,,69
200800043608,8,8,14,1830,1,2,1,1,6,69383,M,,,69
200800043609,8,8,31,1200,1,2,1,2,6,69383,M,,,69
200800043610,8,8,27,1135,1,2,1,1,6,69386,M,,,69
200800043611,8,8,4,1820,1,2,1,1,3,69382,M,,,69
200800043612,8,8,28,830,1,1,1,1,2,94017,M,,,94
200800043613,8,8,29,830,1,1,1,1,4,94018,M,,,94
200800043614,8,8,29,1930,5,1,1,1,3,94073,M,,,94
200800043615,8,8,2,2135,2,1,1,1,5,93063,M,,,93
200800043616,8,8,6,845,1,1,1,1,3,93064,M,,,93
200800043617,8,8,7,645,1,1,1,3,6,92078,M,,,92
200800043618,8,8,7,705,1,1,1,3,7,93027,M,,,93
200800043619,8,8,7,750,1,1,1,3,6,93010,M,,,93
200800043620,8,8,7,1005,1,1,1,3,6,93001,M,,,93
200800043621,8,8,10,2340,5,1,1,1,7,95582,M,,,95
200800043622,8,8,12,1725,1,1,1,1,2,93010,M,,,93
200800043623,8,8,13,1205,1,1,1,1,2,93066,M,,,93
200800043624,8,8,18,1030,1,1,1,1,6,93078,M,,,93
200800043625,8,8,22,2135,3,1,1,2,5,95218,M,,,95
200800043626,8,8,22,2230,3,1,1,1,2,93053,M,,,93
200800043627,8,8,23,30,3,1,1,2,7,92036,M,,,92
200800043628,8,8,24,2340,5,1,1,2,7,93005,M,,,93
200800043629,8,8,25,240,3,1,1,2,7,93005,M,,,93
200800043630,8,8,25,520,2,1,1,2,7,95394,M,,,95
200800043631,8,8,25,630,2,1,1,2,3,95394,M,,,95
200800043632,8,8,25,1500,1,1,1,1,7,60494,M,,,60
200800043633,8,8,27,1034,1,1,1,1,2,93064,M,,,93
200800043634,8,8,29,50,3,1,1,1,7,95306,M,,,95
200800043635,8,8,3,1245,1,1,1,1,6,92051,M,,,92
200800043636,8,8,6,1500,1,1,1,1,2,92023,M,,,92
200800043637,8,8,7,640,1,1,1,2,2,78402,M,,,78
200800043638,8,8,8,940,1,1,1,1,6,92050,M,,,92
200800043639,8,8,7,1641,1,1,1,2,3,78297,M,,,78
200800043640,8,8,8,405,3,1,1,8,5,78090,M,,,78
200800043641,8,8,8,738,1,1,1,8,7,92050,M,,,92
200800043642,8,8,8,1140,1,1,1,1,7,92036,M,,,92
200800043643,8,8,8,1642,1,1,1,1,2,92026,M,,,92
200800043644,8,8,11,1540,1,1,1,1,6,78322,M,,,78
200800043645,8,8,18,2145,3,1,1,1,6,78321,M,,,78
200800043646,8,8,1,620,2,1,1,1,3,62907,M,,,62
200800043647,8,8,1,630,2,1,1,1,6,59609,M,,,59
200800043648,8,8,1,1440,1,1,1,1,6,62239,M,,,62
200800043649,8,8,2,550,2,1,1,1,7,59580,M,,,59
200800043650,8,8,2,1440,1,1,1,1,2,59094,M,,,59
200800043651,8,8,3,730,1,1,1,3,6,62193,M,,,62
200800043652,8,8,3,1330,1,1,1,1,6,59155,M,,,59
200800043653,8,8,3,2010,1,1,1,2,7,59032,M,,,59
200800043654,8,8,4,1740,1,1,1,1,4,59271,M,,,59
200800043655,8,8,4,1800,1,1,1,1,4,59009,M,,,59
200800043656,8,8,7,1040,1,1,1,5,7,59271,M,,,59
200800043657,8,8,7,1830,1,1,1,2,4,59196,M,,,59
200800043658,8,8,8,1940,1,1,1,1,2,59515,M,,,59
200800043659,8,8,10,2140,1,1,1,1,6,59009,M,,,59
200800043660,8,8,12,840,1,1,1,3,2,59155,M,,,59
200800043661,8,8,11,900,1,1,1,2,6,62498,M,,,62
200800043662,8,8,13,1400,1,1,1,3,6,59350,M,,,59
200800043663,8,8,13,1810,1,1,1,3,4,59350,M,,,59
200800043664,8,8,14,2130,5,1,1,2,6,59009,M,,,59
200800043665,8,8,15,1745,1,1,1,1,5,59386,M,,,59
200800043666,8,8,16,1220,1,1,1,1,4,59580,M,,,59
200800043667,8,8,18,1845,1,1,1,1,3,59599,M,,,59
200800043668,8,8,19,1435,1,1,1,1,6,59560,M,,,59
200800043669,8,8,19,1905,1,1,1,2,3,62193,M,,,62
200800043670,8,8,22,1650,1,1,1,2,3,62587,M,,,62
200800043671,8,8,22,1850,1,1,1,2,6,59350,M,,,59
200800043672,8,8,22,1915,1,1,1,1,6,59195,M,,,59
200800043673,8,8,23,2000,1,1,1,1,6,59143,M,,,59
200800043674,8,8,24,1400,1,1,1,1,6,59491,M,,,59
200800043675,8,8,24,1500,1,1,1,2,6,62215,M,,,62
200800043676,8,8,24,2345,5,1,1,1,2,59560,M,,,59
200800043677,8,8,25,1315,1,1,1,1,7,62907,M,,,62
200800043678,8,8,31,2320,3,1,1,2,6,59646,M,,,59
200800043679,8,8,1,1235,1,1,1,1,4,33122,M,,,33
200800043680,8,8,3,905,1,1,1,1,2,33192,M,,,33
200800043681,8,8,3,1635,1,1,1,1,6,33167,M,,,33
200800043682,8,8,5,1910,1,1,1,1,3,33039,M,,,33
200800043683,8,8,6,1805,1,1,1,1,4,33063,M,,,33
200800043684,8,8,8,2055,2,1,1,1,2,33162,M,,,33
200800043685,8,8,11,545,5,1,1,2,6,33318,M,,,33
200800043686,8,8,11,912,1,1,1,2,3,33249,M,,,33
200800043687,8,8,12,810,1,1,1,2,7,33318,M,,,33
200800043688,8,8,19,1000,1,1,1,2,6,33550,M,,,33
200800043689,8,8,12,1230,1,1,1,2,6,33318,M,,,33
200800043690,8,8,13,1805,1,1,1,1,4,33119,M,,,33
200800043691,8,8,15,510,4,1,1,2,6,33249,M,,,33
200800043692,8,8,15,730,1,1,1,2,6,33249,M,,,33
200800043693,8,8,15,1200,1,1,1,2,2,33192,M,,,33
200800043694,8,8,17,720,2,1,1,1,6,33039,M,,,33
200800043695,8,8,19,855,1,1,1,2,6,33249,M,,,33
200800043696,8,8,19,856,1,1,1,2,4,33249,M,,,33
200800043697,8,8,19,945,1,1,1,2,6,33318,M,,,33
200800043698,8,8,19,1515,1,1,1,1,3,33119,M,,,33
200800043699,8,8,22,935,1,1,1,2,6,33550,M,,,33
200800043700,8,8,22,930,1,1,1,2,6,33065,M,,,33
200800043701,8,8,22,945,1,1,1,2,6,33039,M,,,33
200800043702,8,8,22,1740,1,1,1,1,7,33063,M,,,33
200800043703,8,8,24,355,5,1,1,1,4,33096,M,,,33
200800043704,8,8,25,1950,1,1,1,1,6,33143,M,,,33
200800043705,8,8,26,955,1,1,1,1,2,33249,M,,,33
200800043706,8,8,27,1050,1,1,1,1,3,33550,M,,,33
200800043707,8,8,30,2045,1,1,1,1,2,33192,M,,,33
200800043708,8,8,31,305,5,1,1,3,6,33065,M,,,33
200800043709,8,8,31,735,1,1,1,1,2,33039,M,,,33
200800043710,8,8,1,2120,3,1,3,2,3,67137,M,,,67
200800043711,8,8,11,2110,3,1,1,2,7,67152,M,,,67
200800043712,8,8,12,2117,5,1,1,2,6,67482,M,,,67
200800043713,8,8,22,1010,1,1,1,9,3,67482,M,,,67
200800043714,8,8,24,600,3,1,1,8,2,57096,M,,,57
200800043715,8,8,27,2110,5,1,1,1,2,57474,M,,,57
200800043716,8,8,10,1750,1,1,1,1,7,69199,M,,,69
200800043717,8,8,1,2030,2,1,1,1,2,69266,M,,,69
200800043718,8,8,4,1630,1,1,1,1,6,38087,M,,,38
200800043719,8,8,8,1940,1,1,1,1,3,69297,M,,,69
200800043720,8,8,12,1400,1,1,1,3,2,69389,M,,,69
200800043721,8,8,14,1555,1,1,1,1,2,69029,M,,,69
200800043722,8,8,15,1100,1,1,1,2,6,69256,M,,,69
200800043723,8,8,15,2320,5,1,1,2,7,69275,M,,,69
200800043724,8,8,16,350,5,1,1,2,2,69266,M,,,69
200800043725,8,8,15,1620,1,1,1,2,6,69271,M,,,69
200800043726,8,8,19,2340,5,1,1,8,6,69290,M,,,69
200800043727,8,8,21,45,5,1,1,1,6,69149,M,,,69
200800043728,8,8,22,445,5,1,1,1,7,69290,M,,,69
200800043729,8,8,1,2020,1,1,1,1,6,83123,M,,,83
200800043730,8,8,8,630,1,1,1,1,3,83112,M,,,83
200800043731,8,8,10,520,5,1,1,1,3,83137,M,,,83
200800043732,8,8,19,1955,1,1,1,1,4,83062,M,,,83
200800043733,8,8,21,1800,1,1,1,1,2,83137,M,,,83
200800043734,8,8,26,745,1,1,1,1,7,83137,M,,,83
200800043735,8,8,29,2220,5,1,1,1,6,83137,M,,,83
200800043736,8,8,30,335,3,1,1,1,6,83126,M,,,83
200800043737,8,8,3,1443,1,1,1,1,2,13071,M,,,13
200800043738,8,8,3,2215,1,1,1,1,6,13028,M,,,13
200800043739,8,8,4,1145,1,1,1,1,7,13005,M,,,13
200800043740,8,8,5,2130,3,1,1,1,7,13071,M,,,13
200800043741,8,8,6,1218,1,1,1,1,4,13215,M,,,13
200800043742,8,8,7,1830,1,1,1,1,2,13214,M,,,13
200800043743,8,8,6,1845,1,1,1,1,3,13211,M,,,13
200800043744,8,8,7,1340,1,1,1,2,3,13071,M,,,13
200800043745,8,8,9,2215,5,1,9,1,6,13210,M,,,13
200800043746,8,8,10,15,3,1,1,1,6,13117,M,,,13
200800043747,8,8,10,1455,1,1,1,1,7,13106,M,,,13
200800043748,8,8,10,1652,1,1,1,1,2,13026,M,,,13
200800043749,8,8,11,200,3,1,4,1,3,13022,M,,,13
200800043750,8,8,11,1324,1,1,1,2,2,13056,M,,,13
200800043751,8,8,12,220,3,1,1,1,6,13070,M,,,13
200800043752,8,8,14,1404,1,1,1,1,6,13056,M,,,13
200800043753,8,8,15,251,3,1,1,2,6,13019,M,,,13
200800043754,8,8,15,320,3,1,1,2,4,13019,M,,,13
200800043755,8,8,15,620,3,1,1,1,6,13026,M,,,13
200800043756,8,8,16,705,1,1,1,1,6,13071,M,,,13
200800043757,8,8,16,1605,1,1,1,1,7,13015,M,,,13
200800043758,8,8,17,1930,1,1,1,1,7,13071,M,,,13
200800043759,8,8,17,2045,5,1,1,1,6,13055,M,,,13
200800043760,8,8,18,1750,1,1,1,1,4,13070,M,,,13
200800043761,8,8,19,2340,4,1,1,1,6,13211,M,,,13
200800043762,8,8,22,1000,1,1,1,1,7,13085,M,,,13
200800043763,8,8,22,1450,1,1,1,1,6,13117,M,,,13
200800043764,8,8,23,1641,1,1,1,1,6,13081,M,,,13
200800043765,8,8,23,1915,1,1,1,1,6,13071,M,,,13
200800043766,8,8,26,2310,3,1,1,1,4,13001,M,,,13
200800043767,8,8,28,905,1,1,1,1,4,13210,M,,,13
200800043768,8,8,28,1645,1,1,1,1,6,13215,M,,,13
200800043769,8,8,29,935,1,1,1,1,7,13056,M,,,13
200800043770,8,8,29,1018,1,1,1,1,3,13085,M,,,13
200800043771,8,8,30,125,3,1,1,1,2,13055,M,,,13
200800043772,8,8,30,532,3,1,1,1,6,13026,M,,,13
200800043773,8,8,1,1615,1,1,1,1,3,94065,M,,,94
200800043774,8,8,2,1340,1,1,1,1,7,91064,M,,,91
200800043775,8,8,2,2024,1,1,1,1,2,91064,M,,,91
200800043776,8,8,3,1945,1,1,1,8,6,91340,M,,,91
200800043777,8,8,3,2022,1,1,1,3,6,92019,M,,,92
200800043778,8,8,8,947,1,1,1,1,2,94065,M,,,94
200800043779,8,8,6,1820,2,1,1,1,7,94037,M,,,94
200800043780,8,8,7,920,1,1,1,1,4,94034,M,,,94
200800043781,8,8,7,1510,1,1,1,1,7,91534,M,,,91
200800043782,8,8,8,2135,3,1,1,1,7,77495,M,,,77
200800043783,8,8,11,1635,1,1,9,1,6,77251,M,,,77
200800043784,8,8,11,1710,1,1,1,1,6,91340,M,,,91
200800043785,8,8,13,1710,1,1,1,8,7,91286,M,,,91
200800043786,8,8,15,2244,3,1,1,1,2,91549,M,,,91
200800043787,8,8,16,1030,1,1,9,1,6,91689,M,,,91
200800043788,8,8,18,1530,1,1,1,1,3,91659,M,,,91
200800043789,8,8,19,1850,1,1,1,1,3,92019,M,,,92
200800043790,8,8,21,1845,1,1,1,1,4,91064,M,,,91
200800043791,8,8,22,1011,1,1,1,3,7,91064,M,,,91
200800043792,8,8,22,1320,1,1,1,3,2,91689,M,,,91
200800043793,8,8,22,2120,5,1,1,1,1,94034,M,,,94
200800043794,8,8,26,2229,3,1,1,1,3,91570,M,,,91
200800043795,8,8,27,1525,1,1,1,1,3,91553,M,,,91
200800043796,8,8,28,2320,3,1,1,1,2,91235,M,,,91
200800043797,8,8,29,1645,1,1,1,1,2,91136,M,,,91
200800043798,8,8,29,2345,3,1,1,1,6,91521,M,,,91
200800043799,8,8,30,1530,1,1,1,1,3,94037,M,,,94
200800043800,8,8,31,143,3,1,1,1,7,91235,M,,,91
200800043801,8,8,20,450,5,2,1,1,2,76351,M,,,76
200800043802,8,8,21,1300,1,2,3,1,4,76351,M,,,76
200800043803,8,8,5,1440,1,1,6,1,6,70550,M,,,70
200800043804,8,8,8,1345,1,2,3,1,3,70550,M,,,70
200800043805,8,8,28,2105,5,2,1,1,1,70207,M,,,70
200800043806,8,8,29,1550,1,2,3,1,1,70550,M,,,70
200800043807,8,8,4,1358,1,2,1,1,6,71076,M,,,71
200800043808,8,8,12,815,1,2,1,3,6,71153,M,,,71
200800043809,8,8,19,200,5,2,2,1,6,71153,M,,,71
200800043810,8,8,27,1730,1,2,1,1,2,71153,M,,,71
200800043811,8,8,28,1315,1,2,2,1,3,71153,M,,,71
200800043812,8,8,1,1210,1,2,1,8,7,71270,M,,,71
200800043813,8,8,1,1620,1,2,1,2,6,71270,M,,,71
200800043814,8,8,17,1235,1,2,1,1,7,71270,M,,,71
200800043815,8,8,25,1710,1,2,1,1,3,71270,M,,,71
200800043816,8,8,26,2110,5,2,1,1,3,71270,M,,,71
200800043817,8,8,26,1210,1,2,2,1,3,71270,M,,,71
200800043818,8,8,28,930,1,2,1,1,6,71270,M,,,71
200800043819,8,8,28,1800,1,2,1,1,3,71270,M,,,71
200800043820,8,8,29,1740,1,2,6,1,3,71270,M,,,71
200800043821,8,8,31,20,5,2,1,1,7,71270,M,,,71
200800043822,8,8,5,600,2,2,1,1,7,71306,M,,,71
200800043823,8,8,9,2320,5,2,2,1,3,71306,M,,,71
200800043824,8,8,22,1325,1,1,3,1,1,71499,M,,,71
200800043825,8,8,31,1750,1,2,1,3,1,71306,M,,,71
200800043826,8,8,2,1215,1,2,1,2,2,72181,M,,,72
200800043827,8,8,2,1205,1,2,3,2,3,72181,M,,,72
200800043828,8,8,3,2205,5,2,2,2,3,72181,M,,,72
200800043829,8,8,6,1455,1,2,6,1,3,72181,M,,,72
200800043830,8,8,7,940,1,2,1,1,6,72095,M,,,72
200800043831,8,8,9,10,5,2,1,1,2,72181,M,,,72
200800043832,8,8,11,140,5,2,1,1,2,72181,M,,,72
200800043833,8,8,15,1330,1,2,3,1,3,72181,M,,,72
200800043834,8,8,15,2315,5,2,1,1,7,72181,M,,,72
200800043835,8,8,16,1210,1,2,1,1,7,72181,M,,,72
200800043836,8,8,17,1125,1,2,1,1,2,72181,M,,,72
200800043837,8,8,18,2115,5,2,1,1,6,72181,M,,,72
200800043838,8,8,21,1605,1,2,1,1,7,72181,M,,,72
200800043839,8,8,22,345,5,2,1,2,6,72181,M,,,72
200800043840,8,8,26,1540,1,2,1,1,6,72181,M,,,72
200800043841,8,8,27,900,1,2,1,1,2,72181,M,,,72
200800043842,8,8,30,535,5,2,1,1,6,72181,M,,,72
200800043843,8,8,30,1235,1,1,1,1,3,72095,M,,,72
200800043844,8,8,30,1530,1,2,1,1,1,72181,M,,,72
200800043845,8,8,30,2345,5,2,1,1,1,72181,M,,,72
200800043846,8,8,8,1315,1,2,1,1,1,73008,M,,,73
200800043847,8,8,5,1044,1,2,3,1,6,73008,M,,,73
200800043848,8,8,5,1840,1,2,1,1,6,73008,M,,,73
200800043849,8,8,20,1510,1,2,1,1,3,73008,M,,,73
200800043850,8,8,30,1124,1,2,1,1,3,73065,M,,,73
200800043851,8,8,3,1750,1,1,1,1,6,74010,M,,,74
200800043852,8,8,5,1800,1,2,3,1,6,74010,M,,,74
200800043853,8,8,1,1555,1,2,1,2,3,74281,M,,,74
200800043854,8,8,19,1740,1,1,1,1,1,74013,M,,,74
200800043855,8,8,26,500,5,2,1,1,3,74218,M,,,74
200800043856,8,8,15,1715,1,1,1,1,7,74281,M,,,74
200800043857,8,8,30,1639,1,1,1,1,4,74218,M,,,74
200800043858,8,8,30,1035,1,1,1,1,7,74013,M,,,74
200800043859,8,8,2,100,5,2,1,1,3,76217,M,,,76
200800043860,8,8,8,1315,1,2,1,1,1,76349,M,,,76
200800043861,8,8,14,1500,1,2,3,1,3,76349,M,,,76
200800043862,8,8,14,1815,1,2,1,1,6,76217,M,,,76
200800043863,8,8,19,2140,5,2,1,1,6,76217,M,,,76
200800043864,8,8,21,1030,1,2,6,1,7,76217,M,,,76
200800043865,8,8,22,1511,1,2,3,1,1,76217,M,,,76
200800043866,8,8,24,912,1,2,1,1,6,76217,M,,,76
200800043867,8,8,12,1713,1,2,2,1,3,76231,M,,,76
200800043868,8,8,17,1620,1,2,1,1,7,76231,M,,,76
200800043869,8,8,2,1320,1,2,1,1,6,76341,M,,,76
200800043870,8,8,2,2300,5,2,1,1,6,76351,M,,,76
200800043871,8,8,9,455,4,2,1,1,6,76351,M,,,76
200800043872,8,8,11,2125,2,2,1,1,7,76351,M,,,76
200800043873,8,8,11,2140,1,2,2,1,2,76351,M,,,76
200800043874,8,8,13,130,5,2,1,1,6,76305,M,,,76
200800043875,8,8,13,1425,1,2,1,2,6,76351,M,,,76
200800043876,8,8,16,1605,1,2,3,1,3,76351,M,,,76
200800043877,8,8,25,1205,1,2,2,1,3,76351,M,,,76
200800043878,8,8,27,1710,1,2,1,1,6,76351,M,,,76