Num_Acc,an,mois,jour,hrmn,lum,agg,int,atm,col,com,gps,lat,long,dep
200800043879,8,8,4,1215,1,1,1,1,6,77108,M,,,77
200800043880,8,8,7,1620,1,2,2,2,3,77479,M,,,77
200800043881,8,8,21,2140,5,2,3,1,6,77108,M,,,77
200800043882,8,8,25,1225,1,1,1,1,6,77517,M,,,77
200800043883,8,8,25,1625,1,2,1,1,6,77055,M,,,77
200800043884,8,8,4,1820,1,1,1,1,1,77449,M,,,77
200800043885,8,8,25,1540,1,1,1,1,1,77449,M,,,77
200800043886,8,8,8,1630,1,1,1,1,3,77132,M,,,77
200800043887,8,8,11,840,1,1,1,1,1,77320,M,,,77
200800043888,8,8,11,1205,1,2,1,1,2,77320,M,,,77
200800043889,8,8,12,1800,1,1,3,6,3,77070,M,,,77
200800043890,8,8,14,1430,1,1,1,1,6,77433,M,,,77
200800043891,8,8,18,1815,1,1,1,1,1,77070,M,,,77
200800043892,8,8,22,1130,1,2,1,3,3,77320,M,,,77
200800043893,8,8,22,2330,3,1,1,8,7,77070,M,,,77
200800043894,8,8,27,1505,1,2,3,1,3,77131,M,,,77
200800043895,8,8,28,1530,1,2,1,1,6,77330,M,,,77
200800043896,8,8,14,1845,1,2,1,1,3,77288,M,,,77
200800043897,8,8,29,1255,1,2,1,1,3,77495,M,,,77
200800043898,8,8,30,2355,5,1,1,1,3,77445,M,,,77
200800043899,8,8,4,1915,5,2,1,2,4,77291,M,,,77
200800043900,8,8,8,1950,1,1,1,1,2,77294,M,,,77
200800043901,8,8,27,1955,1,1,1,1,7,77241,M,,,77
200800043902,8,8,30,1551,1,1,4,1,2,77291,M,,,77
200800043903,8,8,10,2145,2,2,6,1,7,77251,M,4863882.0,345699.0,77
200800043904,8,8,29,1645,1,1,2,1,3,77114,M,,,77
200800043905,8,8,30,2025,1,2,1,1,7,77296,M,,,77
200800043906,8,8,28,1930,1,2,6,1,7,77122,M,,,77
200800043907,8,8,18,2315,3,2,1,1,7,77494,M,,,77
200800043908,8,8,21,505,5,2,2,1,6,77305,M,,,77
200800043909,8,8,5,310,3,1,1,1,7,77083,M,,,77
200800043910,8,8,7,2310,3,1,1,1,2,77121,M,,,77
200800043911,8,8,11,10,3,2,1,1,7,77121,M,,,77
200800043912,8,8,19,1930,1,2,1,1,6,77258,M,,,77
200800043913,8,8,1,1425,1,1,1,1,3,77319,M,,,77
200800043914,8,8,9,1850,1,1,1,1,6,77118,M,,,77
200800043915,8,8,14,830,1,2,2,1,3,78126,M,,,78
200800043916,8,8,5,1610,1,1,2,1,3,78172,M,,,78
200800043917,8,8,4,1955,1,2,3,1,3,78168,M,,,78
200800043918,8,8,26,1510,1,1,1,1,2,78208,M,,,78
200800043919,8,8,2,1540,1,2,1,2,6,78297,M,,,78
200800043920,8,8,15,1800,1,2,1,1,6,78358,M,,,78
200800043921,8,8,19,2230,5,2,2,8,3,78358,M,,,78
200800043922,8,8,10,1230,1,2,1,1,2,78354,M,,,78
200800043923,8,8,12,1155,1,2,5,1,3,78335,M,,,78
200800043924,8,8,15,1915,1,2,2,1,2,78361,M,,,78
200800043925,8,8,23,110,5,2,1,1,7,78402,M,,,78
200800043926,8,8,25,1205,1,2,1,1,2,78335,M,,,78
200800043927,8,8,25,1500,1,2,1,1,6,78118,M,,,78
200800043928,8,8,27,1930,1,2,1,1,6,78361,M,,,78
200800043929,8,8,1,1955,1,2,1,1,2,78490,M,,,78
200800043930,8,8,17,140,5,2,6,1,7,78490,M,,,78
200800043931,8,8,27,1920,1,2,1,1,1,78165,M,,,78
200800043932,8,8,8,1600,1,2,2,1,1,78498,M,,,78
200800043933,8,8,14,1120,1,2,2,1,3,78498,M,,,78
200800043934,8,8,21,2155,5,2,5,2,3,78498,M,,,78
200800043935,8,8,22,820,1,1,1,3,3,78642,M,,,78
200800043936,8,8,31,105,5,1,3,1,6,78643,M,,,78
200800043937,8,8,1,1552,1,2,3,1,3,78586,M,,,78
200800043938,8,8,14,1320,1,2,1,1,6,78586,M,,,78
200800043939,8,8,7,1500,1,2,3,3,5,78586,M,,,78
200800043940,8,8,7,1330,1,2,2,1,3,78586,M,,,78
200800043941,8,8,20,1945,1,2,1,1,6,78621,M,,,78
200800043942,8,8,26,1935,1,2,2,1,3,78621,M,,,78
200800043943,8,8,3,1720,1,2,3,1,3,78322,M,,,78
200800043944,8,8,22,1758,1,2,2,8,3,78686,M,,,78
200800043945,8,8,22,1820,1,2,1,2,1,78322,M,,,78
200800043946,8,8,27,300,5,2,1,1,6,78640,M,,,78
200800043947,8,8,1,2305,5,2,6,1,3,78158,M,,,78
200800043948,8,8,14,2305,5,2,2,1,3,78646,M,,,78
200800043949,8,8,12,1850,1,2,1,1,6,78646,M,,,78
200800043950,8,8,29,750,1,2,2,1,3,78646,M,,,78
200800043951,8,8,30,1110,1,2,3,1,2,78646,M,,,78
200800043952,8,8,6,2220,5,2,4,1,7,79191,M,,,79
200800043953,8,8,5,1210,1,2,6,1,7,79191,M,,,79
200800043954,8,8,6,1040,1,2,6,1,7,79191,M,,,79
200800043955,8,8,23,1730,1,2,1,1,6,76351,M,,,76
200800043956,8,8,8,2320,5,2,1,1,7,79191,M,,,79
200800043957,8,8,27,1315,1,2,2,1,3,79081,M,,,79
200800043958,8,8,29,1405,1,2,1,1,3,79191,M,,,79
200800043959,8,8,29,1805,1,2,2,1,3,79191,M,,,79
200800043960,8,8,4,1750,1,2,1,1,7,79329,M,,,79
200800043961,8,8,11,1121,1,2,7,1,6,79329,M,,,79
200800043962,8,8,23,1700,1,1,3,1,3,79329,M,,,79
200800043963,8,8,20,1819,1,2,2,1,6,80001,M,,,80
200800043964,8,8,1,1505,1,2,1,1,3,80489,M,,,80
200800043965,8,8,2,55,5,2,1,1,7,80021,M,,,80
200800043966,8,8,1,1835,1,2,1,1,7,80021,M,,,80
200800043967,8,8,3,2155,5,2,1,3,7,80021,M,,,80
200800043968,8,8,4,1515,1,2,1,1,2,80021,M,,,80
200800043969,8,8,5,2200,5,2,1,1,7,80021,M,,,80
200800043970,8,8,5,2100,1,2,1,1,1,80725,M,,,80
200800043971,8,8,6,1735,1,2,3,1,3,80131,M,,,80
200800043972,8,8,7,1630,1,1,1,3,3,80021,M,,,80
200800043973,8,8,7,1400,1,2,1,3,7,80021,M,,,80
200800043974,8,8,8,1105,1,2,3,2,3,80021,M,,,80
200800043975,8,8,8,1910,1,2,1,1,3,80021,M,,,80
200800043976,8,8,10,1735,1,2,2,1,3,80021,M,,,80
200800043977,8,8,12,2220,3,2,1,1,7,80021,M,,,80
200800043978,8,8,12,1600,1,2,1,1,3,80021,M,,,80
200800043979,8,8,12,1650,1,2,3,1,3,80021,M,,,80
200800043980,8,8,13,1740,1,2,1,1,7,80021,M,,,80
200800043981,8,8,15,2150,5,2,3,1,3,80021,M,,,80
200800043982,8,8,15,1355,1,2,1,1,4,80021,M,,,80
200800043983,8,8,15,1510,1,2,1,1,3,80021,M,,,80
200800043984,8,8,16,1322,1,2,1,1,2,80021,M,,,80
200800043985,8,8,18,1700,1,2,1,1,3,80021,M,,,80
200800043986,8,8,19,1855,1,2,1,2,3,80256,M,,,80
200800043987,8,8,20,1630,1,2,1,1,2,80021,M,,,80
200800043988,8,8,20,2150,2,2,2,1,3,80021,M,,,80
200800043989,8,8,22,1750,1,2,1,1,7,80021,M,,,80
200800043990,8,8,25,800,1,2,1,1,2,80021,M,,,80
200800043991,8,8,24,1220,1,2,1,1,7,80021,M,,,80
200800043992,8,8,24,1940,1,2,3,2,3,80021,M,,,80
200800043993,8,8,23,1850,1,2,1,1,3,80021,M,,,80
200800043994,8,8,26,2135,5,2,1,1,2,80021,M,,,80
200800043995,8,8,26,1310,1,2,1,1,3,80021,M,,,80
200800043996,8,8,26,1830,1,2,2,1,3,80021,M,,,80
200800043997,8,8,27,1715,1,2,1,1,2,80021,M,,,80
200800043998,8,8,31,1340,1,2,1,1,3,80021,M,,,80
200800043999,8,8,30,1445,1,2,1,1,6,80021,M,,,80
200800044000,8,8,29,530,5,2,2,1,3,80021,M,,,80
200800044001,8,8,22,1430,1,1,1,1,5,81004,M,,,81
200800044002,8,8,5,1825,1,2,6,7,3,81060,M,,,81
200800044003,8,8,16,1815,1,2,1,8,6,81060,M,,,81
200800044004,8,8,6,945,1,1,1,1,1,81065,M,,,81
200800044005,8,8,18,1400,1,2,1,1,6,81065,M,,,81
200800044006,8,8,13,2238,5,2,1,1,7,81021,M,,,81
200800044007,8,8,23,2320,5,2,2,1,1,81163,M,,,81
200800044008,8,8,5,2220,5,2,1,1,6,82121,M,,,82
200800044009,8,8,16,445,5,2,3,1,3,82121,M,,,82
200800044010,8,8,21,1945,1,2,1,1,6,82121,M,,,82
200800044011,8,8,30,1700,1,2,3,1,3,82121,M,,,82
200800044012,8,8,4,1635,1,2,1,1,3,83050,M,,,83
200800044013,8,8,10,845,1,1,2,1,3,83050,M,,,83
200800044014,8,8,14,1755,1,2,1,1,7,83050,M,,,83
200800044015,8,8,26,1220,1,2,3,1,3,83050,M,,,83
200800044016,8,8,5,110,5,2,1,1,1,83061,M,,,83
200800044017,8,8,8,840,1,1,1,1,3,83061,M,,,83
200800044018,8,8,10,1634,1,2,1,1,6,83061,M,,,83
200800044019,8,8,13,1530,1,2,3,1,3,83061,M,,,83
200800044020,8,8,14,815,2,2,1,1,6,83061,M,,,83
200800044021,8,8,21,1720,1,2,3,1,6,83061,M,,,83
200800044022,8,8,30,150,5,2,3,1,3,83061,M,,,83
200800044023,8,8,13,210,5,1,1,2,6,83069,M,,,83
200800044024,8,8,16,530,2,1,1,1,6,83069,M,,,83
200800044025,8,8,22,940,1,2,1,1,6,83069,M,,,83
200800044026,8,8,31,840,1,1,1,1,3,83069,M,,,83
200800044027,8,8,5,1005,1,2,1,1,3,83123,M,,,83
200800044028,8,8,8,1200,1,2,1,1,3,83009,M,,,83
200800044029,8,8,10,1800,1,2,1,1,6,83129,M,,,83
200800044030,8,8,8,900,1,2,1,1,6,83129,M,,,83
200800044031,8,8,13,1720,1,2,4,1,3,83009,M,,,83
200800044032,8,8,16,30,5,2,3,1,3,83123,M,,,83
200800044033,8,8,19,1230,1,2,3,1,1,83129,M,,,83
200800044034,8,8,8,1500,1,2,1,1,3,83137,M,,,83
200800044035,8,8,12,1725,1,1,1,1,6,83137,M,,,83
200800044036,8,8,11,1545,1,2,1,1,3,83137,M,,,83
200800044037,8,8,13,1435,1,2,1,1,3,83062,M,,,83
200800044038,8,8,8,1130,1,2,3,1,3,83090,M,,,83
200800044039,8,8,13,1142,1,2,1,1,2,83137,M,,,83
200800044040,8,8,15,340,5,2,1,1,3,83137,M,,,83
200800044041,8,8,21,1950,1,2,1,1,6,83144,M,,,83
200800044042,8,8,20,1240,1,2,1,1,1,83137,M,,,83
200800044043,8,8,24,1240,1,2,1,1,4,83137,M,,,83
200800044044,8,8,17,1718,1,2,1,1,6,83137,M,,,83
200800044045,8,8,30,950,1,2,1,1,6,83098,M,,,83
200800044046,8,8,24,1120,1,2,1,1,2,83137,M,,,83
200800044047,8,8,28,1920,1,2,1,1,2,83137,M,,,83
200800044048,8,8,30,945,1,2,1,1,6,83137,M,,,83
200800044049,8,8,30,935,1,2,3,1,6,83137,M,,,83
200800044050,8,8,20,1630,1,2,3,1,3,83098,M,,,83
200800044051,8,8,23,1055,1,2,6,1,6,83137,M,,,83
200800044052,8,8,30,1815,1,2,1,1,4,83090,M,,,83
200800044053,8,8,2,1340,1,2,1,1,3,84007,M,,,84
200800044054,8,8,4,2005,1,2,1,1,2,84007,M,,,84
200800044055,8,8,13,1147,1,2,1,1,3,84007,M,,,84
200800044056,8,8,16,550,1,2,2,1,3,84007,M,,,84
200800044057,8,8,17,1040,1,2,1,1,6,84007,M,,,84
200800044058,8,8,20,435,3,2,1,1,1,84007,M,,,84
200800044059,8,8,20,1750,1,2,1,1,3,84007,M,,,84
200800044060,8,8,23,55,5,2,1,1,6,84007,M,,,84
200800044061,8,8,24,2125,5,2,2,1,3,84007,M,,,84
200800044062,8,8,28,1430,1,2,6,1,3,84007,M,,,84
200800044063,8,8,28,1745,1,2,1,1,3,84007,M,,,84
200800044064,8,8,29,1205,1,2,1,1,6,84007,M,,,84
200800044065,8,8,29,1830,1,2,1,1,2,84007,M,,,84
200800044066,8,8,31,1920,1,2,3,1,5,84007,M,,,84
200800044067,8,8,4,1955,1,2,1,1,3,84087,M,,,84
200800044068,8,8,30,2335,5,2,2,1,3,84087,M,,,84
200800044069,8,8,1,1900,1,2,1,1,6,85194,M,,,85
200800044070,8,8,1,1205,1,2,1,1,2,85194,M,,,85
200800044071,8,8,4,1020,1,2,1,1,7,85194,M,,,85
200800044072,8,8,5,1325,1,2,1,1,6,85194,M,,,85
200800044073,8,8,5,1620,2,2,2,1,3,85194,M,,,85
200800044074,8,8,4,1555,1,2,1,1,2,85194,M,,,85
200800044075,8,8,15,2300,5,2,2,1,3,85194,M,,,85
200800044076,8,8,15,1605,1,2,1,1,6,85194,M,,,85
200800044077,8,8,25,1845,1,2,1,1,6,85194,M,,,85
200800044078,8,8,5,2125,5,2,1,1,1,86066,M,,,86
200800044079,8,8,26,1030,1,1,1,1,7,86066,M,,,86
200800044080,8,8,30,1120,1,2,8,1,6,86066,M,,,86
200800044081,8,8,2,1400,1,2,1,2,2,86088,M,,,86
200800044082,8,8,6,2145,2,2,2,1,3,86194,M,,,86
200800044083,8,8,7,905,1,2,2,1,3,86194,M,,,86
200800044084,8,8,11,1025,1,2,1,1,3,86194,M,,,86
200800044085,8,8,13,2230,3,2,1,1,6,86214,M,,,86
200800044086,8,8,23,1110,1,2,1,1,6,83129,M,,,83
200800044087,8,8,26,1120,1,2,2,1,3,83123,M,,,83
200800044088,8,8,25,1630,1,2,1,1,3,83009,M,,,83
200800044089,8,8,29,1610,1,2,1,1,6,83129,M,,,83
200800044090,8,8,30,1230,1,2,1,1,6,83129,M,,,83
200800044091,8,8,24,1015,1,2,1,1,6,83123,M,,,83
200800044092,8,8,3,1735,1,2,1,1,3,83126,M,,,83
200800044093,8,8,4,1615,1,1,3,1,3,83126,M,,,83
200800044094,8,8,6,740,1,2,1,1,3,83126,M,,,83
200800044095,8,8,13,257,5,2,1,1,6,83126,M,,,83
200800044096,8,8,13,1805,1,2,1,1,6,83153,M,,,83
200800044097,8,8,13,1845,1,2,3,1,3,83126,M,,,83
200800044098,8,8,20,1330,1,1,1,1,6,83126,M,,,83
200800044099,8,8,21,955,1,2,1,1,3,83126,M,,,83
200800044100,8,8,25,1240,1,2,2,1,3,83126,M,,,83
200800044101,8,8,28,1405,1,2,3,1,3,83126,M,,,83
200800044102,8,8,30,1635,1,2,1,1,6,83126,M,,,83
200800044103,8,8,30,345,3,1,1,1,6,83153,M,,,83
200800044104,8,8,1,805,1,2,1,1,4,83137,M,,,83
200800044105,8,8,1,950,1,2,1,1,2,83137,M,,,83
200800044106,8,8,7,1745,1,2,2,1,5,83144,M,,,83
200800044107,8,8,10,2110,4,2,2,1,3,83137,M,,,83
200800044108,8,8,9,1815,1,1,1,1,1,83090,M,,,83
200800044109,8,8,11,1815,1,2,1,1,3,83137,M,,,83
200800044110,8,8,4,1335,1,2,2,1,3,83137,M,,,83
200800044111,8,8,16,1530,1,2,1,2,2,86214,M,,,86
200800044112,8,8,26,1025,1,2,2,1,3,86194,M,,,86
200800044113,8,8,28,2210,5,2,1,1,3,86194,M,,,86
200800044114,8,8,29,1730,1,2,1,1,7,86194,M,,,86
200800044115,8,8,2,634,1,2,1,1,6,87050,M,,,87
200800044116,8,8,3,1200,1,1,1,1,6,87050,M,,,87
200800044117,8,8,4,1315,1,2,1,1,6,87085,M,,,87
200800044118,8,8,5,1132,1,2,3,1,3,87085,M,,,87
200800044119,8,8,5,1320,1,1,1,1,6,87085,M,,,87
200800044120,8,8,8,451,5,1,1,2,6,87075,M,,,87
200800044121,8,8,8,848,1,2,6,3,3,87085,M,,,87
200800044122,8,8,9,1525,1,2,3,1,2,87050,M,,,87
200800044123,8,8,10,35,4,2,1,1,6,87085,M,,,87
200800044124,8,8,10,1052,1,2,6,1,3,87085,M,,,87
200800044125,8,8,10,1519,1,2,1,1,3,87085,M,,,87
200800044126,8,8,8,1649,1,1,1,1,3,87075,M,,,87
200800044127,8,8,12,1102,1,2,1,2,7,87085,M,,,87
200800044128,8,8,12,1048,1,1,1,3,1,87065,M,,,87
200800044129,8,8,13,1552,1,2,1,1,2,87085,M,,,87
200800044130,8,8,14,2152,5,2,1,1,6,87085,M,,,87
200800044131,8,8,16,1430,1,1,3,1,6,87085,M,,,87
200800044132,8,8,16,1825,1,2,1,1,6,87085,M,,,87
200800044133,8,8,17,1035,1,2,1,2,6,87085,M,,,87
200800044134,8,8,17,1349,1,1,1,1,6,87085,M,,,87
200800044135,8,8,18,1334,1,2,1,1,6,87085,M,,,87
200800044136,8,8,21,1216,1,2,1,1,3,87085,M,,,87
200800044137,8,8,21,1548,1,2,1,1,6,87085,M,,,87
200800044138,8,8,22,1052,1,2,1,2,6,87085,M,,,87
200800044139,8,8,23,548,5,2,1,1,6,87085,M,,,87
200800044140,8,8,23,1752,1,2,1,1,6,87085,M,,,87
200800044141,8,8,24,1722,1,2,1,1,6,87085,M,,,87
200800044142,8,8,25,625,1,2,1,2,6,87085,M,,,87
200800044143,8,8,26,916,1,1,1,1,3,87085,M,,,87
200800044144,8,8,26,1126,1,2,2,1,3,87085,M,,,87
200800044145,8,8,26,1549,1,2,1,1,2,87085,M,,,87
200800044146,8,8,26,1726,1,2,1,1,6,87085,M,,,87
200800044147,8,8,27,1414,1,2,1,1,2,87085,M,,,87
200800044148,8,8,27,1558,1,2,1,1,2,87085,M,,,87
200800044149,8,8,27,1658,1,1,1,1,2,87085,M,,,87
200800044150,8,8,28,1335,1,2,1,1,6,87085,M,,,87
200800044151,8,8,28,1336,1,2,6,1,3,87085,M,,,87
200800044152,8,8,29,1315,1,1,1,1,6,87065,M,,,87
200800044153,8,8,31,37,1,2,1,1,3,87085,M,,,87
200800044154,8,8,31,1845,1,2,6,1,6,87085,M,,,87
200800044155,8,8,31,1930,1,1,1,1,3,87085,M,,,87
200800044156,8,8,31,2023,1,2,1,1,6,87085,M,,,87
200800044157,8,8,5,1525,1,1,1,1,7,88209,M,4821653.0,642345.0,88
200800044158,8,8,30,1115,1,2,1,1,3,88209,M,,,88
200800044159,8,8,6,1050,1,2,1,1,7,88383,M,,,88
200800044160,8,8,5,1320,1,2,1,1,4,89024,M,,,89
200800044161,8,8,1,1217,1,2,1,1,4,89024,M,,,89
200800044162,8,8,31,1050,1,2,1,1,6,89024,M,,,89
200800044163,8,8,6,550,2,2,1,2,6,89287,M,,,89
200800044164,8,8,22,845,1,2,2,2,3,89387,M,,,89
200800044165,8,8,2,1330,1,2,1,1,7,90099,M,,,90
200800044166,8,8,5,745,1,2,1,1,6,90010,M,,,90
200800044167,8,8,7,1846,1,2,2,2,3,90010,M,,,90
200800044168,8,8,10,2210,4,2,3,1,6,90010,M,,,90
200800044169,8,8,12,2145,2,2,1,2,7,90010,M,,,90
200800044170,8,8,13,2300,5,2,1,1,3,90010,M,,,90
200800044171,8,8,13,1345,1,2,3,1,3,90010,M,,,90
200800044172,8,8,16,1425,1,2,9,1,2,90008,M,,,90
200800044173,8,8,16,1615,1,2,3,1,3,90010,M,,,90
200800044174,8,8,22,1706,1,2,2,1,3,90010,M,,,90
200800044175,8,8,24,1805,1,2,1,1,2,90010,M,,,90
200800044176,8,8,26,1740,1,2,1,1,2,90076,M,,,90
200800044177,8,8,28,645,1,2,1,1,6,90010,M,,,90
200800044178,8,8,28,1730,1,2,1,1,3,90076,M,,,90
200800044179,8,8,30,1255,1,2,1,1,6,90010,M,,,90
200800044180,8,8,30,2045,4,2,3,1,3,90010,M,,,90
200800044181,8,8,1,1725,1,2,2,1,6,91027,M,,,91
200800044182,8,8,16,2210,2,2,2,1,6,91027,M,,,91
200800044183,8,8,6,2255,5,2,1,1,7,91514,M,,,91
200800044184,8,8,12,1930,1,2,1,1,6,91631,M,,,91
200800044185,8,8,21,1405,1,2,1,1,3,91114,M,,,91
200800044186,8,8,21,1820,1,2,1,1,3,91215,M,,,91
200800044187,8,8,22,1400,1,2,1,2,6,91114,M,,,91
200800044188,8,8,1,1320,1,2,1,1,3,91201,M,,,91
200800044189,8,8,28,1245,1,2,1,1,4,34129,M,,,34
200800044190,8,8,9,315,5,2,1,1,7,34301,M,,,34
200800044191,8,8,30,1925,1,2,1,1,3,34172,M,4359447.0,387900.0,34
200800044192,8,8,9,1130,1,1,1,1,6,34301,M,,,34
200800044193,8,8,17,1235,1,1,1,1,5,34108,M,,,34
200800044194,8,8,18,2100,2,2,1,1,6,34301,M,,,34
200800044195,8,8,23,300,5,2,1,1,3,34301,M,,,34
200800044196,8,8,28,2155,5,2,1,1,3,34108,M,,,34
200800044197,8,8,3,1,5,2,1,1,6,35238,M,,,35
200800044198,8,8,4,1005,1,1,9,1,6,35238,M,,,35
200800044199,8,8,4,1800,1,2,1,1,6,35238,M,,,35
200800044200,8,8,5,1730,1,1,1,1,2,35238,M,,,35
200800044201,8,8,5,1850,1,2,3,1,3,35238,M,,,35
200800044202,8,8,5,2030,1,2,6,1,7,35238,M,,,35
200800044203,8,8,1,1615,1,2,9,1,6,35238,M,,,35
200800044204,8,8,6,1815,1,2,2,1,3,35238,M,,,35
200800044205,8,8,7,605,5,1,9,2,6,35238,M,,,35
200800044206,8,8,11,1845,1,2,3,1,3,35238,M,,,35
200800044207,8,8,13,1720,1,2,6,1,6,35238,M,,,35
200800044208,8,8,15,745,1,2,2,1,7,35238,M,,,35
200800044209,8,8,17,445,3,2,9,1,6,35238,M,,,35
200800044210,8,8,18,2030,1,2,1,2,5,35238,M,,,35
200800044211,8,8,19,450,5,2,3,1,6,35238,M,,,35
200800044212,8,8,20,1700,1,2,6,1,7,35238,M,,,35
200800044213,8,8,21,835,1,1,9,2,6,35238,M,,,35
200800044214,8,8,22,1505,1,2,6,1,7,35281,M,,,35
200800044215,8,8,23,910,1,2,7,1,3,35238,M,,,35
200800044216,8,8,23,1530,1,1,6,1,3,35278,M,,,35
200800044217,8,8,24,1105,1,1,9,2,6,35238,M,,,35
200800044218,8,8,25,1540,1,2,2,2,3,35238,M,,,35
200800044219,8,8,24,1600,1,2,1,8,6,35238,M,,,35
200800044220,8,8,26,1100,1,1,1,1,6,35278,M,,,35
200800044221,8,8,27,1250,1,2,2,8,6,35055,M,,,35
200800044222,8,8,28,1905,1,2,9,1,7,35281,M,,,35
200800044223,8,8,29,1100,1,2,1,1,7,35238,M,,,35
200800044224,8,8,29,1615,1,2,1,1,2,35238,M,,,35
200800044225,8,8,29,1555,1,2,2,1,2,35238,M,,,35
200800044226,8,8,29,2235,5,2,1,1,2,35238,M,,,35
200800044227,8,8,30,2300,3,1,9,1,7,35238,M,,,35
200800044228,8,8,6,800,1,2,6,1,2,35288,M,,,35
200800044229,8,8,22,1552,1,2,1,1,3,35288,M,,,35
200800044230,8,8,25,1850,1,2,3,1,3,35288,M,,,35
200800044231,8,8,4,1751,1,2,2,1,2,36044,M,,,36
200800044232,8,8,8,2138,1,2,1,1,7,36044,M,,,36
200800044233,8,8,8,105,5,2,1,1,6,36044,M,,,36
200800044234,8,8,1,1425,1,2,1,1,2,36044,M,,,36
200800044235,8,8,14,1810,1,2,3,1,3,36044,M,,,36
200800044236,8,8,19,1224,1,1,1,1,7,36159,M,,,36
200800044237,8,8,21,1050,1,2,1,1,2,36044,M,,,36
200800044238,8,8,22,1144,1,2,1,1,7,36044,M,,,36
200800044239,8,8,22,1841,1,1,1,1,6,36202,M,,,36
200800044240,8,8,25,1835,1,2,1,1,6,36044,M,,,36
200800044241,8,8,4,1450,1,2,1,1,6,37261,M,,,37
200800044242,8,8,1,1754,1,2,3,1,3,37261,M,,,37
200800044243,8,8,10,15,5,2,2,1,6,37261,M,,,37
200800044244,8,8,9,2350,5,2,2,1,3,37261,M,,,37
200800044245,8,8,23,1450,1,2,1,1,3,37233,M,,,37
200800044246,8,8,31,1750,1,2,2,1,5,37122,M,,,37
200800044247,8,8,26,2005,1,2,3,1,3,37122,M,,,37
200800044248,8,8,1,1850,1,1,1,8,1,38053,M,,,38
200800044249,8,8,1,1115,1,2,1,1,2,38421,M,,,38
200800044250,8,8,1,2240,5,2,1,1,3,38185,M,,,38
200800044251,8,8,2,1920,1,2,1,1,3,38185,M,,,38
200800044252,8,8,5,1000,1,2,1,1,3,38516,M,,,38
200800044253,8,8,6,940,1,2,1,1,6,38151,M,,,38
200800044254,8,8,7,2100,2,2,1,9,3,38185,M,,,38
200800044255,8,8,11,940,1,2,1,1,3,38151,M,,,38
200800044256,8,8,13,1430,1,2,1,1,7,38185,M,,,38
200800044257,8,8,17,1530,1,2,1,1,3,38179,M,,,38
200800044258,8,8,18,550,2,2,1,1,3,38185,M,,,38
200800044259,8,8,18,1540,1,2,1,1,6,38185,M,,,38
200800044260,8,8,21,1720,1,1,1,1,7,38185,M,,,38
200800044261,8,8,20,1006,1,2,1,1,3,38185,M,,,38
200800044262,8,8,22,1750,1,2,1,1,3,38151,M,,,38
200800044263,8,8,22,2045,2,2,1,3,3,38185,M,,,38
200800044264,8,8,25,930,1,2,1,1,3,38185,M,,,38
200800044265,8,8,28,1638,1,2,1,1,6,38185,M,,,38
200800044266,8,8,28,1900,1,2,1,1,6,38151,M,,,38
200800044267,8,8,30,1140,1,2,1,1,6,38185,M,,,38
200800044268,8,8,20,2035,5,2,1,1,2,42186,M,,,42
200800044269,8,8,5,1705,1,2,3,1,5,42187,M,,,42
200800044270,8,8,15,1125,1,2,7,1,3,42187,M,,,42
200800044271,8,8,18,1720,1,2,2,1,3,42187,M,,,42
200800044272,8,8,22,1855,1,2,6,1,3,42184,M,,,42
200800044273,8,8,24,415,5,2,1,1,7,42207,M,,,42
200800044274,8,8,1,1830,1,1,1,5,1,42218,M,4540808.0,443543.0,42
200800044275,8,8,4,1900,1,2,1,1,6,42218,M,,,42
200800044276,8,8,5,135,3,1,1,1,6,42218,M,,,42
200800044277,8,8,8,1651,1,2,7,1,6,42218,M,,,42
200800044278,8,8,18,1522,1,2,2,1,6,42218,M,,,42
200800044279,8,8,18,1940,1,2,3,1,3,42218,M,,,42
200800044280,8,8,25,937,1,2,3,1,2,42218,M,,,42
200800044281,8,8,27,1217,1,2,1,1,6,42218,M,,,42
200800044282,8,8,27,1622,1,2,2,1,6,42218,M,,,42
200800044283,8,8,27,1728,1,2,1,7,6,42218,M,,,42
200800044284,8,8,29,804,1,2,2,1,3,42218,M,,,42
200800044285,8,8,29,1633,1,2,1,1,3,42237,M,,,42
200800044286,8,8,12,1720,1,2,2,1,1,43157,M,,,43
200800044287,8,8,13,1800,1,2,1,1,6,43041,M,,,43
200800044288,8,8,2,130,5,2,3,1,3,44055,M,,,44
200800044289,8,8,3,930,1,1,9,1,3,44055,M,,,44
200800044290,8,8,11,300,5,2,1,1,6,44132,M,,,44
200800044291,8,8,9,1655,1,2,3,1,3,44055,M,,,44
200800044292,8,8,11,1505,1,2,1,1,6,44055,M,,,44
200800044293,8,8,12,1736,1,2,1,1,6,44055,M,,,44
200800044294,8,8,17,2245,5,2,2,1,3,44055,M,,,44
200800044295,8,8,24,1625,1,2,1,1,6,44132,M,,,44
200800044296,8,8,26,833,1,1,1,1,6,44055,M,,,44
200800044297,8,8,29,1745,1,2,2,1,6,44055,M,,,44
200800044298,8,8,30,2100,1,2,3,1,3,44055,M,,,44
200800044299,8,8,1,745,1,2,1,1,6,44190,M,,,44
200800044300,8,8,3,340,5,2,3,2,6,44109,M,,,44
200800044301,8,8,1,1925,1,2,1,1,7,44109,M,,,44
200800044302,8,8,2,1005,1,1,1,2,4,44162,M,,,44
200800044303,8,8,2,2025,1,2,1,1,2,44109,M,,,44
200800044304,8,8,4,1820,1,2,1,1,6,44109,M,,,44
200800044305,8,8,6,645,1,2,3,1,6,44109,M,,,44
200800044306,8,8,9,1303,1,2,3,1,2,38544,M,,,38