Num_Acc,an,mois,jour,hrmn,lum,agg,int,atm,col,com,gps,lat,long,dep
200800044307,8,8,25,1450,1,2,1,1,3,38563,M,,,38
200800044308,8,8,26,1708,1,2,1,1,2,38563,M,,,38
200800044309,8,8,11,1105,1,2,1,1,3,39198,M,,,39
200800044310,8,8,2,1220,1,2,1,1,3,40088,M,,,40
200800044311,8,8,8,1835,1,2,1,1,5,40279,M,,,40
200800044312,8,8,9,650,1,2,9,1,1,40279,M,,,40
200800044313,8,8,11,435,5,2,1,1,6,40088,M,,,40
200800044314,8,8,15,1300,1,1,1,2,3,40279,M,,,40
200800044315,8,8,16,545,2,2,6,1,6,40088,M,,,40
200800044316,8,8,16,1940,1,2,9,1,5,40088,M,,,40
200800044317,8,8,17,10,5,2,1,1,4,40088,M,,,40
200800044318,8,8,7,1210,1,2,7,1,6,40088,M,,,40
200800044319,8,8,24,2025,2,2,2,1,3,40088,M,,,40
200800044320,8,8,29,1215,1,2,1,1,6,40279,M,,,40
200800044321,8,8,26,752,1,2,2,1,3,40192,M,,,40
200800044322,8,8,12,900,1,1,3,1,3,40192,M,,,40
200800044323,8,8,3,1545,1,2,1,1,6,41018,M,,,41
200800044324,8,8,5,1435,1,2,1,1,4,41018,M,,,41
200800044325,8,8,9,1100,1,2,2,1,5,41018,M,,,41
200800044326,8,8,14,1930,1,2,1,1,1,41018,M,,,41
200800044327,8,8,5,1940,1,2,1,1,2,41018,M,,,41
200800044328,8,8,19,1320,1,2,1,1,6,41018,M,,,41
200800044329,8,8,19,935,1,1,1,1,3,41018,M,,,41
200800044330,8,8,20,1740,1,2,2,1,3,41047,M,,,41
200800044331,8,8,19,1740,1,2,2,1,3,41018,M,,,41
200800044332,8,8,22,915,1,2,1,1,7,41018,M,,,41
200800044333,8,8,24,2100,2,2,1,1,7,41018,M,,,41
200800044334,8,8,28,1825,1,1,1,1,3,41212,M,,,41
200800044335,8,8,27,1600,1,1,1,1,3,41047,M,,,41
200800044336,8,8,31,1622,1,2,1,1,1,41018,M,,,41
200800044337,8,8,18,1620,1,1,3,1,3,41269,M,,,41
200800044338,8,8,31,2055,1,2,1,1,7,41269,M,,,41
200800044339,8,8,8,1935,1,2,1,8,1,42044,M,,,42
200800044340,8,8,14,325,5,2,1,1,6,42095,M,,,42
200800044341,8,8,21,1550,1,1,1,1,3,42316,M,4524636.0,416882.0,42
200800044342,8,8,29,1900,1,2,1,1,6,42183,M,4524561.0,421913.0,42
200800044343,8,8,9,1520,1,2,1,1,3,42095,M,,,42
200800044344,8,8,5,1620,1,2,3,1,3,42147,M,4560116.0,407826.0,42
200800044345,8,8,20,1410,1,1,1,1,1,42147,M,4558712.0,409649.0,42
200800044346,8,8,14,1205,1,2,1,1,6,46042,M,,,46
200800044347,8,8,17,1525,1,2,1,1,1,46042,M,,,46
200800044348,8,8,27,1215,1,2,1,1,2,46042,M,,,46
200800044349,8,8,29,1715,1,2,2,1,3,46042,M,,,46
200800044350,8,8,30,800,1,2,1,1,6,46042,M,,,46
200800044351,8,8,6,1501,1,2,3,1,6,47001,M,,,47
200800044352,8,8,9,1845,1,1,1,1,1,47032,M,,,47
200800044353,8,8,31,125,5,2,1,2,6,47001,M,,,47
200800044354,8,8,8,1115,1,1,1,1,2,47027,M,,,47
200800044355,8,8,20,1825,1,1,3,1,3,47027,M,,,47
200800044356,8,8,28,2140,3,1,1,1,3,47215,M,,,47
200800044357,8,8,14,1920,1,2,2,1,3,48095,M,4452340.0,348336.0,48
200800044358,8,8,22,1715,1,1,1,8,1,48095,M,4452376.0,345699.0,48
200800044359,8,8,4,327,5,2,1,8,7,49007,M,,,49
200800044360,8,8,5,1227,1,2,1,1,7,49246,M,,,49
200800044361,8,8,5,1430,1,2,1,1,2,49007,M,,,49
200800044362,8,8,3,1350,1,2,3,1,3,49007,M,,,49
200800044363,8,8,7,1800,1,2,1,1,7,49007,M,,,49
200800044364,8,8,2,950,1,2,1,1,6,49007,M,,,49
200800044365,8,8,8,1837,1,2,3,1,3,49246,M,,,49
200800044366,8,8,8,2004,1,2,1,1,6,49007,M,,,49
200800044367,8,8,16,1035,1,2,1,1,7,49007,M,,,49
200800044368,8,8,16,1417,1,2,1,1,2,49007,M,,,49
200800044369,8,8,18,1725,1,2,2,1,6,49007,M,,,49
200800044370,8,8,18,1717,1,2,1,1,3,49246,M,,,49
200800044371,8,8,11,1140,1,2,1,1,2,44109,M,,,44
200800044372,8,8,8,1410,1,2,6,1,3,44109,M,,,44
200800044373,8,8,10,1855,1,2,1,1,3,44109,M,,,44
200800044374,8,8,8,1745,1,1,1,1,3,44162,M,,,44
200800044375,8,8,12,955,1,2,6,1,3,44143,M,,,44
200800044376,8,8,15,1600,1,2,1,1,3,44114,M,,,44
200800044377,8,8,15,1810,1,2,1,1,2,44162,M,,,44
200800044378,8,8,18,1140,1,2,6,1,3,44190,M,,,44
200800044379,8,8,19,1700,1,2,1,1,2,44109,M,,,44
200800044380,8,8,19,1235,1,1,1,1,3,44162,M,,,44
200800044381,8,8,21,1730,1,2,6,1,3,44109,M,,,44
200800044382,8,8,25,1535,1,2,1,1,3,44109,M,,,44
200800044383,8,8,22,1730,1,2,1,1,6,44109,M,,,44
200800044384,8,8,22,1715,1,1,1,8,2,44162,M,,,44
200800044385,8,8,26,1910,1,2,1,1,4,44109,M,,,44
200800044386,8,8,22,1045,1,1,1,9,6,44114,M,,,44
200800044387,8,8,28,845,1,2,6,1,3,44109,M,,,44
200800044388,8,8,29,2010,1,2,2,1,3,44109,M,,,44
200800044389,8,8,30,1730,1,2,3,7,6,44109,M,,,44
200800044390,8,8,30,1320,1,1,1,1,6,44109,M,,,44
200800044391,8,8,30,935,1,2,3,1,6,44109,M,,,44
200800044392,8,8,30,1115,1,1,1,1,4,44114,M,,,44
200800044393,8,8,30,2100,3,1,1,1,6,44114,M,,,44
200800044394,8,8,31,2005,1,2,1,1,6,44190,M,,,44
200800044395,8,8,8,455,3,2,1,1,6,44184,M,,,44
200800044396,8,8,10,1850,1,2,2,1,5,44184,M,,,44
200800044397,8,8,15,2218,5,2,2,1,3,44184,M,,,44
200800044398,8,8,22,1825,1,2,1,1,3,44184,M,,,44
200800044399,8,8,29,1445,1,2,1,1,6,44184,M,,,44
200800044400,8,8,29,1830,1,2,2,1,6,44184,M,,,44
200800044401,8,8,24,2255,5,2,1,1,6,45338,M,,,45
200800044402,8,8,21,1846,1,1,1,1,1,45338,M,,,45
200800044403,8,8,1,825,1,1,1,1,2,45147,M,,,45
200800044404,8,8,1,2215,5,2,2,1,3,45075,M,,,45
200800044405,8,8,3,2220,5,2,1,1,3,45234,M,,,45
200800044406,8,8,4,1837,1,2,3,1,3,45169,M,,,45
200800044407,8,8,5,1513,1,2,1,1,6,45234,M,,,45
200800044408,8,8,6,1304,1,2,1,1,2,45284,M,,,45
200800044409,8,8,6,1803,1,2,2,1,3,45232,M,,,45
200800044410,8,8,9,1430,1,2,1,1,6,45234,M,,,45
200800044411,8,8,11,1715,1,1,1,1,7,45169,M,,,45
200800044412,8,8,13,1956,1,1,1,1,5,45234,M,,,45
200800044413,8,8,13,1740,1,2,2,1,3,45147,M,,,45
200800044414,8,8,16,1815,1,2,3,2,3,45302,M,,,45
200800044415,8,8,16,1848,1,1,1,2,1,45169,M,,,45
200800044416,8,8,18,2010,2,2,1,1,3,45234,M,,,45
200800044417,8,8,18,1915,1,2,1,1,6,45302,M,,,45
200800044418,8,8,25,2024,2,2,3,1,3,45234,M,,,45
200800044419,8,8,29,558,1,2,3,1,3,45234,M,,,45
200800044420,8,8,29,2000,1,2,3,1,3,45234,M,,,45
200800044421,8,8,30,150,5,2,1,1,7,45302,M,,,45
200800044422,8,8,30,803,1,2,2,1,3,45302,M,,,45
200800044423,8,8,4,1440,1,2,1,1,7,46042,M,,,46
200800044424,8,8,20,1803,1,2,1,1,3,49007,M,,,49
200800044425,8,8,21,1451,1,2,1,1,2,49007,M,,,49
200800044426,8,8,22,1024,1,1,4,2,3,49007,M,,,49
200800044427,8,8,23,2120,5,2,2,1,3,49007,M,,,49
200800044428,8,8,22,1642,1,2,1,1,7,49007,M,,,49
200800044429,8,8,26,2140,5,2,1,1,7,49007,M,,,49
200800044430,8,8,27,749,1,2,1,1,2,49007,M,,,49
200800044431,8,8,27,1920,1,1,1,1,6,49015,M,,,49
200800044432,8,8,28,1159,1,2,6,1,3,49007,M,,,49
200800044433,8,8,28,1444,1,2,1,1,2,49007,M,,,49
200800044434,8,8,28,1524,1,2,1,1,6,49007,M,,,49
200800044435,8,8,31,1320,1,2,1,1,6,49007,M,,,49
200800044436,8,8,29,930,1,2,1,1,6,49007,M,,,49
200800044437,8,8,29,1718,1,2,1,1,6,49007,M,,,49
200800044438,8,8,29,1837,1,2,1,1,7,49353,M,,,49
200800044439,8,8,30,1148,1,2,2,1,3,49007,M,,,49
200800044440,8,8,31,20,3,1,1,1,7,49007,M,,,49
200800044441,8,8,18,525,5,2,2,1,3,49099,M,,,49
200800044442,8,8,1,1140,1,2,1,1,3,49328,M,,,49
200800044443,8,8,12,1945,1,1,1,1,5,49328,M,,,49
200800044444,8,8,2,2140,5,2,3,1,3,49328,M,,,49
200800044445,8,8,23,700,1,1,6,1,6,49328,M,,,49
200800044446,8,8,26,1925,1,2,1,1,7,49328,M,,,49
200800044447,8,8,29,1405,1,2,1,1,4,49328,M,,,49
200800044448,8,8,29,1815,1,2,1,1,2,49328,M,,,49
200800044449,8,8,1,1600,1,2,4,1,3,50129,M,,,50
200800044450,8,8,4,1730,1,2,1,1,5,50129,M,,,50
200800044451,8,8,6,900,1,2,1,1,6,50129,M,,,50
200800044452,8,8,6,2020,1,2,2,1,6,50129,M,,,50
200800044453,8,8,9,340,3,1,1,1,7,50203,M,,,50
200800044454,8,8,13,1140,1,2,3,6,2,50129,M,,,50
200800044455,8,8,13,1615,1,2,2,6,3,50602,M,,,50
200800044456,8,8,15,1820,1,2,1,1,2,50129,M,,,50
200800044457,8,8,17,1910,1,2,1,1,6,50173,M,,,50
200800044458,8,8,20,1810,1,1,1,1,7,50602,M,,,50
200800044459,8,8,22,1650,1,2,3,1,1,50203,M,,,50
200800044460,8,8,22,1750,1,2,1,1,1,50129,M,,,50
200800044461,8,8,22,1755,1,2,2,1,3,50173,M,,,50
200800044462,8,8,25,1330,1,2,1,1,6,50129,M,,,50
200800044463,8,8,27,1925,1,2,1,1,1,50173,M,,,50
200800044464,8,8,28,1210,1,2,2,2,3,50602,M,,,50
200800044465,8,8,31,805,1,2,1,1,6,50416,M,,,50
200800044466,8,8,31,1500,1,2,3,1,3,50129,M,,,50
200800044467,8,8,21,945,1,2,1,1,6,50502,M,,,50
200800044468,8,8,21,30,3,1,1,1,7,51108,M,,,51
200800044469,8,8,28,854,1,2,1,1,2,51108,M,,,51
200800044470,8,8,4,1940,1,2,2,1,3,51230,M,,,51
200800044471,8,8,23,2225,3,2,1,1,2,51230,M,,,51
200800044472,8,8,1,1150,1,2,4,1,6,51454,M,,,51
200800044473,8,8,5,920,1,2,2,1,1,51454,M,,,51
200800044474,8,8,6,1905,1,2,3,1,3,51454,M,,,51
200800044475,8,8,7,1215,1,2,1,1,5,51172,M,,,51
200800044476,8,8,8,1345,1,2,6,1,7,51454,M,,,51
200800044477,8,8,10,620,1,2,1,1,6,51454,M,,,51
200800044478,8,8,5,820,1,2,4,1,6,52121,M,,,52
200800044479,8,8,8,910,1,1,6,2,7,52121,M,,,52
200800044480,8,8,21,1030,1,1,1,1,2,52121,M,,,52
200800044481,8,8,21,1400,1,1,1,1,2,52121,M,,,52
200800044482,8,8,23,1935,1,2,1,1,2,52121,M,,,52
200800044483,8,8,29,815,1,2,3,1,3,52121,M,,,52
200800044484,8,8,30,1035,1,2,1,1,6,52121,M,,,52
200800044485,8,8,1,1745,1,1,1,1,6,52125,M,,,52
200800044486,8,8,7,1340,1,2,2,1,6,52121,M,,,52
200800044487,8,8,7,945,1,2,1,1,6,52448,M,,,52
200800044488,8,8,14,1040,1,2,1,1,6,52448,M,,,52
200800044489,8,8,29,2040,2,1,1,1,6,52448,M,,,52
200800044490,8,8,25,1515,1,1,1,1,2,52448,M,,,52
200800044491,8,8,18,1445,1,2,1,1,2,53130,M,,,53
200800044492,8,8,22,855,1,2,6,2,6,53130,M,,,53
200800044493,8,8,18,1835,1,2,3,1,6,54159,M,,,54
200800044494,8,8,1,925,1,2,1,1,7,54357,M,,,54
200800044495,8,8,2,1345,1,2,6,1,3,54184,M,,,54
200800044496,8,8,2,1745,1,2,3,1,6,54395,M,,,54
200800044497,8,8,3,1340,1,2,2,1,3,54547,M,,,54
200800044498,8,8,5,1335,1,2,2,1,3,54395,M,,,54
200800044499,8,8,5,1717,1,2,1,1,6,54395,M,,,54
200800044500,8,8,8,435,5,2,2,1,2,54395,M,,,54
200800044501,8,8,9,1710,1,2,1,1,3,54274,M,,,54
200800044502,8,8,19,1111,1,2,1,2,2,49015,M,,,49
200800044503,8,8,12,900,1,2,2,2,3,54526,M,,,54
200800044504,8,8,12,1130,1,2,3,1,6,54395,M,,,54
200800044505,8,8,14,1410,1,2,2,1,6,54395,M,,,54
200800044506,8,8,15,455,5,2,5,1,6,54304,M,,,54
200800044507,8,8,17,1420,1,2,1,1,7,54197,M,,,54
200800044508,8,8,18,1610,1,2,2,1,3,54395,M,,,54
200800044509,8,8,20,555,5,2,3,1,3,54395,M,,,54
200800044510,8,8,21,1719,1,2,1,1,6,54395,M,,,54
200800044511,8,8,25,1115,1,2,2,1,4,54395,M,,,54
200800044512,8,8,25,1540,1,2,2,1,6,54395,M,,,54
200800044513,8,8,28,1850,1,2,2,1,3,54395,M,,,54
200800044514,8,8,6,2122,5,2,1,1,1,54431,M,,,54
200800044515,8,8,11,1153,1,2,3,1,7,54528,M,,,54
200800044516,8,8,14,1950,1,1,1,1,7,54525,M,,,54
200800044517,8,8,22,1445,1,1,1,3,1,54521,M,,,54
200800044518,8,8,1,1140,1,2,1,1,6,55476,M,,,55
200800044519,8,8,3,2030,5,2,1,1,7,55029,M,,,55
200800044520,8,8,8,30,5,2,1,1,7,55029,M,,,55
200800044521,8,8,16,940,1,1,1,1,7,55302,M,,,55
200800044522,8,8,19,2215,5,2,1,1,6,55029,M,,,55
200800044523,8,8,20,1640,1,2,1,1,6,55186,M,,,55
200800044524,8,8,23,1125,1,2,1,1,7,55029,M,,,55
200800044525,8,8,4,715,1,2,3,3,3,55505,M,,,55
200800044526,8,8,12,1850,1,2,1,1,4,55043,M,,,55
200800044527,8,8,11,1600,1,2,1,1,7,55043,M,,,55
200800044528,8,8,27,1745,1,2,1,1,3,55545,M,,,55
200800044529,8,8,2,850,1,2,6,2,6,56162,M,,,56
200800044530,8,8,2,1026,1,2,2,2,6,56121,M,,,56
200800044531,8,8,2,1830,1,2,2,1,3,56121,M,,,56
200800044532,8,8,4,1210,1,1,1,1,7,56162,M,,,56
200800044533,8,8,5,1340,1,2,6,1,3,56121,M,,,56
200800044534,8,8,5,2210,2,2,3,1,6,56098,M,,,56
200800044535,8,8,6,937,1,2,1,1,3,56121,M,,,56
200800044536,8,8,7,2150,1,2,1,1,7,56121,M,,,56
200800044537,8,8,8,1730,1,2,1,1,7,56121,M,,,56
200800044538,8,8,8,1620,1,2,1,1,7,56121,M,,,56
200800044539,8,8,11,1205,1,2,1,1,7,56098,M,,,56
200800044540,8,8,11,1443,1,2,6,1,5,56098,M,,,56
200800044541,8,8,13,1325,1,1,1,1,7,56083,M,,,56
200800044542,8,8,13,2335,5,2,1,1,2,56083,M,,,56
200800044543,8,8,14,1414,1,2,3,1,3,56121,M,,,56
200800044544,8,8,14,1618,1,2,1,1,7,56098,M,,,56
200800044545,8,8,14,1730,1,2,1,1,2,56121,M,,,56
200800044546,8,8,15,1725,1,2,2,1,3,56121,M,,,56
200800044547,8,8,16,504,1,2,1,2,7,56121,M,,,56
200800044548,8,8,18,1151,1,2,1,1,2,56121,M,,,56
200800044549,8,8,18,1650,1,2,3,1,5,56121,M,,,56
200800044550,8,8,19,1100,1,2,1,1,7,56121,M,,,56
200800044551,8,8,20,1935,1,2,1,2,7,56098,M,,,56
200800044552,8,8,21,2325,5,2,2,1,1,56098,M,,,56
200800044553,8,8,24,600,5,2,2,1,7,56121,M,,,56
200800044554,8,8,24,1504,1,2,1,1,7,56121,M,,,56
200800044555,8,8,26,920,1,2,1,1,2,56121,M,,,56
200800044556,8,8,28,1751,1,2,1,1,4,56098,M,,,56
200800044557,8,8,29,1030,1,2,3,1,3,56083,M,,,56
200800044558,8,8,29,2005,1,2,1,1,6,56121,M,,,56
200800044559,8,8,29,2020,1,2,1,1,7,56098,M,,,56
200800044560,8,8,30,855,1,2,2,1,3,56121,M,,,56
200800044561,8,8,2,2005,4,2,1,2,6,56260,M,,,56
200800044562,8,8,11,2300,5,2,1,3,6,56260,M,,,56
200800044563,8,8,14,1815,1,2,1,1,3,56260,M,,,56
200800044564,8,8,3,1505,1,1,1,1,7,56260,M,,,56
200800044565,8,8,4,1525,1,2,3,1,5,56260,M,,,56
200800044566,8,8,4,1605,1,2,2,1,6,56260,M,,,56
200800044567,8,8,8,1325,1,2,1,1,7,56260,M,,,56
200800044568,8,8,19,1635,1,2,1,1,3,56260,M,,,56
200800044569,8,8,23,2115,2,2,1,1,3,56260,M,,,56
200800044570,8,8,11,2050,3,2,3,2,3,57227,M,,,57
200800044571,8,8,18,2220,5,2,6,1,3,57227,M,,,57
200800044572,8,8,17,2115,4,2,2,8,3,57227,M,,,57
200800044573,8,8,19,1930,1,2,3,1,3,57660,M,,,57
200800044574,8,8,2,1810,1,2,1,1,7,57591,M,,,57
200800044575,8,8,2,2240,3,2,1,1,6,57491,M,,,57
200800044576,8,8,27,1645,1,1,1,1,1,57591,M,,,57
200800044577,8,8,1,935,1,2,1,1,6,57463,M,,,57
200800044578,8,8,2,1310,1,2,1,1,6,57463,M,,,57
200800044579,8,8,11,1445,1,2,2,2,2,54395,M,,,54
200800044580,8,8,11,2310,5,2,2,2,6,57463,M,,,57
200800044581,8,8,12,1155,1,1,2,2,3,57463,M,,,57
200800044582,8,8,12,1350,1,2,2,2,6,57447,M,,,57
200800044583,8,8,16,1300,1,2,2,1,6,57751,M,,,57
200800044584,8,8,17,1300,1,2,1,1,6,57751,M,,,57
200800044585,8,8,17,1955,5,2,3,1,3,57463,M,,,57
200800044586,8,8,18,1155,1,2,1,1,5,57463,M,,,57
200800044587,8,8,18,1625,1,2,2,1,7,57463,M,,,57
200800044588,8,8,19,1620,1,2,3,8,6,57463,M,,,57
200800044589,8,8,22,2300,5,2,2,2,3,57463,M,,,57
200800044590,8,8,26,1850,2,2,1,1,6,57642,M,,,57
200800044591,8,8,27,1705,1,2,2,1,3,57463,M,,,57
200800044592,8,8,29,725,1,2,1,1,3,57463,M,,,57
200800044593,8,8,18,1705,1,2,2,1,6,57630,M,,,57
200800044594,8,8,11,1125,1,2,2,1,3,57631,M,,,57
200800044595,8,8,15,1110,1,2,2,1,5,57631,M,,,57
200800044596,8,8,4,2100,1,2,1,1,2,57672,M,,,57
200800044597,8,8,2,1510,1,1,1,1,3,57306,M,,,57
200800044598,8,8,7,1205,1,2,3,1,6,57647,M,,,57
200800044599,8,8,20,900,1,2,2,2,6,57221,M,,,57
200800044600,8,8,24,1620,1,2,1,1,6,57672,M,,,57
200800044601,8,8,26,920,1,2,1,1,6,57672,M,,,57
200800044602,8,8,25,1742,1,2,1,1,6,57647,M,,,57
200800044603,8,8,26,740,1,1,1,1,1,57441,M,,,57
200800044604,8,8,30,1125,1,2,1,1,6,57672,M,,,57
200800044605,8,8,31,2012,2,2,1,1,3,57672,M,,,57
200800044606,8,8,6,1345,1,2,1,1,7,58194,M,,,58
200800044607,8,8,2,1435,1,2,1,1,6,58194,M,,,58
200800044608,8,8,24,120,3,2,1,1,6,58194,M,,,58
200800044609,8,8,18,1610,1,2,2,1,3,58194,M,,,58
200800044610,8,8,26,445,5,2,6,2,3,58194,M,,,58
200800044611,8,8,29,1725,1,2,1,1,6,58194,M,,,58
200800044612,8,8,31,1838,1,2,1,1,6,59008,M,,,59
200800044613,8,8,31,1455,1,2,1,1,6,59017,M,,,59
200800044614,8,8,14,40,3,2,1,1,6,59344,M,,,59
200800044615,8,8,30,555,3,1,1,5,1,59253,M,,,59
200800044616,8,8,9,1250,1,2,1,1,1,59288,M,,,59
200800044617,8,8,24,1410,1,2,1,1,2,59327,M,,,59
200800044618,8,8,2,35,5,2,2,1,3,59183,M,,,59
200800044619,8,8,7,540,2,2,3,3,3,59183,M,,,59
200800044620,8,8,9,2050,1,2,3,2,3,59131,M,,,59
200800044621,8,8,13,1615,1,2,9,1,3,59183,M,,,59
200800044622,8,8,20,720,1,2,9,1,3,59183,M,,,59
200800044623,8,8,21,1930,1,2,1,1,6,59183,M,,,59
200800044624,8,8,29,20,3,2,1,1,6,59183,M,,,59
200800044625,8,8,30,815,1,2,1,1,6,59183,M,,,59
200800044626,8,8,30,1915,1,2,1,1,6,59183,M,,,59
200800044627,8,8,24,5,5,2,2,1,3,59273,M,,,59
200800044628,8,8,20,1855,1,1,1,1,3,59295,M,,,59
200800044629,8,8,2,115,5,1,6,2,6,59378,M,,,59
200800044630,8,8,3,1750,1,2,1,1,6,59009,M,,,59
200800044631,8,8,1,1930,1,2,1,1,2,59350,M,,,59
200800044632,8,8,4,1340,1,2,2,1,3,59350,M,,,59
200800044633,8,8,4,1820,1,2,3,1,6,59360,M,,,59
200800044634,8,8,5,1015,1,2,1,1,3,59350,M,,,59
200800044635,8,8,5,1600,1,2,2,1,3,59350,M,,,59
200800044636,8,8,5,2250,5,2,3,1,3,59350,M,,,59
200800044637,8,8,5,2310,5,2,1,1,6,59350,M,,,59
200800044638,8,8,7,725,1,2,2,3,2,59350,M,,,59
200800044639,8,8,8,1540,1,1,4,1,6,59193,M,,,59
200800044640,8,8,8,2030,1,2,1,1,6,59009,M,,,59
200800044641,8,8,9,2035,2,2,2,2,3,59378,M,,,59
200800044642,8,8,10,215,5,2,2,1,6,59350,M,,,59
200800044643,8,8,10,1615,1,2,2,1,3,59350,M,,,59
200800044644,8,8,11,1100,1,2,2,1,3,59009,M,,,59
200800044645,8,8,11,1815,1,2,1,1,6,59350,M,,,59
200800044646,8,8,11,1930,1,2,1,1,3,59350,M,,,59
200800044647,8,8,10,2250,5,2,1,1,6,59350,M,,,59
200800044648,8,8,12,1130,1,2,2,2,6,59410,M,,,59
200800044649,8,8,12,1830,1,2,1,2,2,59009,M,,,59
200800044650,8,8,12,2050,2,2,3,8,6,59350,M,,,59
200800044651,8,8,15,1915,1,2,1,1,6,59350,M,,,59
200800044652,8,8,16,1100,1,2,3,1,3,59350,M,,,59
200800044653,8,8,17,1410,1,2,2,1,3,59009,M,,,59
200800044654,8,8,17,2000,1,2,1,1,6,59368,M,,,59
200800044655,8,8,18,1615,1,2,8,1,6,59386,M,,,59
200800044656,8,8,19,1605,1,2,1,1,4,59128,M,,,59
200800044657,8,8,3,1045,1,2,1,1,1,57463,M,,,57
200800044658,8,8,21,1630,1,2,1,1,6,59350,M,,,59
200800044659,8,8,21,1835,1,2,3,1,6,59220,M,,,59
200800044660,8,8,22,1815,1,2,1,1,7,59350,M,,,59
200800044661,8,8,24,1950,1,2,9,1,6,59350,M,,,59
200800044662,8,8,25,530,5,2,1,1,2,59350,M,,,59
200800044663,8,8,19,1830,1,2,1,1,6,59350,M,,,59
200800044664,8,8,25,1205,1,2,9,1,6,59350,M,,,59
200800044665,8,8,25,1515,1,2,1,1,2,59560,M,,,59
200800044666,8,8,25,1805,1,2,1,1,3,59009,M,,,59
200800044667,8,8,9,1545,1,2,1,1,6,59286,M,,,59
200800044668,8,8,26,1330,1,2,3,1,6,59368,M,,,59
200800044669,8,8,26,1700,1,2,3,1,6,59350,M,,,59
200800044670,8,8,27,600,2,2,1,1,6,59350,M,,,59
200800044671,8,8,26,1550,1,2,1,1,2,59457,M,,,59
200800044672,8,8,27,1700,1,2,1,1,7,59350,M,,,59
200800044673,8,8,29,1320,1,2,1,1,6,59350,M,,,59
200800044674,8,8,19,1645,1,2,2,1,3,59368,M,,,59
200800044675,8,8,4,2025,1,1,1,1,7,59365,M,,,59
200800044676,8,8,22,1050,1,2,3,2,3,59365,M,,,59
200800044677,8,8,24,1900,1,1,1,2,1,59225,M,,,59
200800044678,8,8,4,1735,1,1,2,1,1,59512,M,,,59
200800044679,8,8,5,755,1,2,2,1,3,59512,M,,,59
200800044680,8,8,11,1040,1,1,1,1,3,59650,M,,,59
200800044681,8,8,12,700,5,1,2,2,3,59339,M,,,59
200800044682,8,8,13,2105,5,1,1,1,6,59512,M,,,59
200800044683,8,8,6,1800,1,1,2,1,3,59512,M,,,59
200800044684,8,8,20,1620,1,1,6,1,6,59646,M,,,59
200800044685,8,8,7,810,1,1,2,2,3,59512,M,,,59
200800044686,8,8,23,1830,1,1,1,1,6,59512,M,,,59
200800044687,8,8,27,1035,1,2,2,1,6,59512,M,,,59
200800044688,8,8,30,1550,1,1,2,1,3,59512,M,,,59
200800044689,8,8,26,1240,1,1,2,8,6,59512,M,,,59
200800044690,8,8,26,1700,1,2,1,1,1,59650,M,,,59
200800044691,8,8,29,1345,1,2,1,1,6,59512,M,,,59
200800044692,8,8,29,1640,1,2,2,1,3,59650,M,,,59
200800044693,8,8,31,1755,1,1,2,1,6,59512,M,,,59
200800044694,8,8,29,1641,1,2,1,1,3,59650,M,,,59
200800044695,8,8,20,753,1,2,1,1,3,59526,M,,,59
200800044696,8,8,15,1230,1,2,1,1,3,59456,M,,,59
200800044697,8,8,27,2000,1,2,3,1,6,59629,M,,,59
200800044698,8,8,1,2115,1,2,2,1,6,59508,M,,,59
200800044699,8,8,9,1430,1,2,1,1,6,59599,M,,,59
200800044700,8,8,9,1430,1,1,2,1,1,59152,M,,,59
200800044701,8,8,15,1618,1,1,1,1,6,59152,M,,,59
200800044702,8,8,18,810,1,2,1,1,6,59508,M,,,59
200800044703,8,8,26,1705,1,2,2,1,3,59599,M,,,59
200800044704,8,8,27,825,1,2,2,1,3,59508,M,,,59
200800044705,8,8,26,1425,1,2,1,1,6,59599,M,,,59
200800044706,8,8,29,2130,5,1,6,1,3,59098,M,,,59
200800044707,8,8,31,1655,1,2,2,1,3,59599,M,,,59
200800044708,8,8,31,1530,1,2,1,1,2,59508,M,,,59
200800044709,8,8,24,1845,1,2,1,1,2,59564,M,,,59
200800044710,8,8,30,2140,2,2,1,1,6,59079,M,,,59
200800044711,8,8,12,1700,1,2,1,1,6,59606,M,,,59
200800044712,8,8,1,1520,1,2,3,1,3,59027,M,,,59
200800044713,8,8,19,1030,1,2,1,1,6,59479,M,,,59
200800044714,8,8,31,1700,1,2,1,1,6,59606,M,,,59
200800044715,8,8,30,1500,1,2,1,1,3,59112,M,,,59
200800044716,8,8,27,1535,1,2,3,1,3,59606,M,,,59
200800044717,8,8,24,1050,1,2,1,1,6,59491,M,,,59
200800044718,8,8,14,1855,1,2,2,1,6,59112,M,,,59
200800044719,8,8,26,1140,1,2,1,1,6,59606,M,,,59
200800044720,8,8,25,800,1,2,6,1,6,59369,M,,,59
200800044721,8,8,5,1800,1,2,1,1,6,60057,M,,,60
200800044722,8,8,18,1845,1,2,2,1,4,60057,M,,,60
200800044723,8,8,14,1655,1,2,1,8,6,60159,M,,,60
200800044724,8,8,29,1835,1,2,1,1,6,60159,M,,,60
200800044725,8,8,6,1040,1,2,3,1,7,60175,M,,,60
200800044726,8,8,11,1040,1,2,1,1,7,60175,M,,,60
200800044727,8,8,27,1400,1,2,1,1,2,61169,M,,,61
200800044728,8,8,30,1550,1,2,1,1,2,61169,M,,,61
200800044729,8,8,10,45,5,2,1,1,6,62041,M,,,62
200800044730,8,8,14,1450,1,2,3,1,7,62041,M,,,62
200800044731,8,8,20,2155,5,2,1,1,6,62037,M,,,62
200800044732,8,8,26,1240,1,2,6,1,3,62037,M,,,62
200800044733,8,8,26,2100,5,2,3,1,3,62041,M,,,62