Num_Acc,an,mois,jour,hrmn,lum,agg,int,atm,col,com,gps,lat,long,dep
200800044734,8,8,30,1930,1,1,1,1,6,62041,M,,,62
200800044735,8,8,27,1500,1,2,1,1,1,62048,M,,,62
200800044736,8,8,20,1135,1,2,3,1,3,62570,M,,,62
200800044737,8,8,31,15,4,2,6,1,7,62570,M,,,62
200800044738,8,8,10,1315,1,2,6,1,3,62108,M,,,62
200800044739,8,8,21,1840,1,2,2,1,3,62848,M,,,62
200800044740,8,8,21,1725,1,2,1,1,6,62119,M,,,62
200800044741,8,8,22,1615,1,2,2,8,6,62119,M,,,62
200800044742,8,8,14,900,1,2,1,7,6,62758,M,,,62
200800044743,8,8,20,1205,1,2,2,1,3,62643,M,,,62
200800044744,8,8,31,1320,1,2,9,1,1,62160,M,,,62
200800044745,8,8,2,1330,1,2,1,1,2,62178,M,,,62
200800044746,8,8,2,710,2,2,1,1,7,62193,M,,,62
200800044747,8,8,1,1930,1,2,1,1,3,62193,M,,,62
200800044748,8,8,10,430,5,2,1,1,7,62193,M,,,62
200800044749,8,8,24,1750,1,2,1,1,3,62193,M,,,62
200800044750,8,8,24,2230,5,2,2,1,3,62193,M,,,62
200800044751,8,8,31,1510,1,2,9,1,6,62193,M,,,62
200800044752,8,8,6,1835,1,2,2,1,3,62215,M,,,62
200800044753,8,8,8,2135,5,1,1,1,6,62215,M,,,62
200800044754,8,8,12,1335,1,2,2,1,3,62215,M,,,62
200800044755,8,8,19,2058,5,2,2,1,3,62413,M,,,62
200800044756,8,8,20,1232,1,2,1,1,6,62215,M,,,62
200800044757,8,8,30,1635,1,2,1,1,3,62215,M,,,62
200800044758,8,8,31,1520,1,2,1,1,3,62215,M,,,62
200800044759,8,8,26,1215,1,2,1,1,3,62413,M,,,62
200800044760,8,8,1,1715,1,2,3,1,3,62427,M,,,62
200800044761,8,8,6,30,5,2,1,1,6,62427,M,,,62
200800044762,8,8,20,1210,1,2,1,2,5,62427,M,,,62
200800044763,8,8,9,2040,1,2,1,1,2,62427,M,,,62
200800044764,8,8,24,1110,1,2,1,1,6,62133,M,,,62
200800044765,8,8,16,1800,1,2,1,1,6,62771,M,,,62
200800044766,8,8,26,1425,1,2,3,1,3,62498,M,,,62
200800044767,8,8,12,1830,1,2,1,1,6,62498,M,,,62
200800044768,8,8,13,1710,1,2,4,2,3,62498,M,,,62
200800044769,8,8,25,720,1,2,1,1,6,62498,M,,,62
200800044770,8,8,12,930,1,2,1,1,6,62498,M,,,62
200800044771,8,8,30,845,1,2,3,7,3,62218,M,,,62
200800044772,8,8,3,1440,1,2,1,1,1,62771,M,,,62
200800044773,8,8,8,1700,1,2,1,1,2,62573,M,,,62
200800044774,8,8,30,1305,1,2,1,7,1,62895,M,,,62
200800044775,8,8,14,1950,2,2,1,1,2,62186,M,,,62
200800044776,8,8,30,2100,2,2,1,1,6,62386,M,,,62
200800044777,8,8,10,1740,1,2,3,1,6,62023,M,,,62
200800044778,8,8,29,1615,1,2,1,1,3,62083,M,,,62
200800044779,8,8,27,2145,5,2,3,1,3,62525,M,,,62
200800044780,8,8,1,1150,1,2,1,8,1,63075,M,,,63
200800044781,8,8,3,530,5,2,1,1,2,63113,M,,,63
200800044782,8,8,3,1835,1,2,1,1,6,63075,M,,,63
200800044783,8,8,5,2320,5,2,2,1,3,63113,M,,,63
200800044784,8,8,6,1515,1,2,1,1,4,63113,M,,,63
200800044785,8,8,6,1620,1,2,3,1,3,63113,M,,,63
200800044786,8,8,6,2310,5,2,1,1,6,63113,M,,,63
200800044787,8,8,7,2020,1,2,1,1,3,63113,M,,,63
200800044788,8,8,8,2300,5,2,2,1,3,63113,M,,,63
200800044789,8,8,11,1630,1,2,1,1,6,63113,M,,,63
200800044790,8,8,12,1500,1,2,1,1,6,63113,M,,,63
200800044791,8,8,12,1715,1,2,1,1,2,63113,M,,,63
200800044792,8,8,13,1830,1,2,2,1,3,63113,M,,,63
200800044793,8,8,14,1855,1,2,1,1,6,63113,M,,,63
200800044794,8,8,14,1545,1,2,6,1,3,63113,M,,,63
200800044795,8,8,15,5,5,2,2,1,3,63113,M,,,63
200800044796,8,8,15,1325,1,2,1,1,6,63113,M,,,63
200800044797,8,8,18,1300,1,2,2,1,3,63113,M,,,63
200800044798,8,8,20,1530,1,2,2,1,3,63113,M,,,63
200800044799,8,8,21,1625,1,2,1,1,6,63113,M,,,63
200800044800,8,8,25,1545,1,2,9,1,3,63113,M,,,63
200800044801,8,8,23,1250,1,2,2,1,3,63113,M,,,63
200800044802,8,8,23,1540,1,1,1,1,6,63113,M,,,63
200800044803,8,8,27,1150,1,2,1,1,6,63113,M,,,63
200800044804,8,8,26,1930,1,2,1,1,6,63113,M,,,63
200800044805,8,8,28,1300,1,2,1,1,2,63113,M,,,63
200800044806,8,8,29,1345,1,2,2,1,3,63113,M,,,63
200800044807,8,8,30,200,5,2,2,1,3,63113,M,,,63
200800044808,8,8,30,1215,1,1,2,1,6,63014,M,,,63
200800044809,8,8,30,1500,1,2,2,1,3,63113,M,,,63
200800044810,8,8,31,450,5,2,9,1,7,63113,M,,,63
200800044811,8,8,30,1400,1,2,1,1,3,63014,M,,,63
200800044812,8,8,30,1045,1,2,1,1,6,63103,M,,,63
200800044813,8,8,19,850,1,2,1,1,3,62065,M,,,62
200800044814,8,8,7,800,1,2,2,8,6,64024,M,,,64
200800044815,8,8,8,2230,5,2,1,1,6,64024,M,,,64
200800044816,8,8,13,1605,1,2,1,1,2,64102,M,,,64
200800044817,8,8,16,1530,1,2,1,1,3,64024,M,,,64
200800044818,8,8,18,1615,1,2,2,1,3,64024,M,,,64
200800044819,8,8,18,2105,1,2,1,1,7,64102,M,,,64
200800044820,8,8,20,2054,1,2,1,1,3,64024,M,,,64
200800044821,8,8,21,1830,1,2,1,1,6,64102,M,,,64
200800044822,8,8,22,1600,1,2,1,1,2,64102,M,,,64
200800044823,8,8,30,1940,1,2,1,1,6,64102,M,,,64
200800044824,8,8,31,1300,1,1,1,1,6,64102,M,,,64
200800044825,8,8,1,1605,1,2,5,1,3,64125,M,,,64
200800044826,8,8,1,1800,1,2,1,1,3,64125,M,,,64
200800044827,8,8,1,1920,1,2,1,1,3,64122,M,,,64
200800044828,8,8,8,201,5,2,1,2,6,64122,M,,,64
200800044829,8,8,12,1205,1,2,3,1,3,64122,M,,,64
200800044830,8,8,17,535,5,2,1,1,2,64122,M,,,64
200800044831,8,8,18,605,5,2,1,1,7,64125,M,,,64
200800044832,8,8,18,1235,1,2,3,1,3,64125,M,,,64
200800044833,8,8,18,1700,1,2,9,1,3,64125,M,,,64
200800044834,8,8,25,1755,1,2,1,1,2,64125,M,,,64
200800044835,8,8,26,1950,1,2,1,1,3,64122,M,,,64
200800044836,8,8,27,1445,1,2,1,1,3,64122,M,,,64
200800044837,8,8,5,940,1,2,1,1,6,64129,M,,,64
200800044838,8,8,5,1748,1,2,1,1,2,64445,M,,,64
200800044839,8,8,7,755,1,2,2,2,3,64445,M,,,64
200800044840,8,8,7,1325,1,2,1,1,1,64445,M,,,64
200800044841,8,8,7,1220,1,1,1,1,6,64269,M,,,64
200800044842,8,8,8,1250,1,2,2,1,3,64445,M,,,64
200800044843,8,8,8,1700,1,2,2,1,2,64445,M,,,64
200800044844,8,8,8,2145,5,2,2,1,3,64445,M,,,64
200800044845,8,8,14,1630,1,2,1,1,2,64445,M,,,64
200800044846,8,8,14,2150,5,2,1,1,5,64445,M,,,64
200800044847,8,8,15,1615,1,1,1,1,6,64284,M,,,64
200800044848,8,8,16,1725,1,2,2,1,3,64129,M,,,64
200800044849,8,8,16,1520,1,1,1,1,2,64132,M,,,64
200800044850,8,8,19,1645,1,2,3,2,3,64445,M,,,64
200800044851,8,8,21,1645,1,2,1,1,6,64335,M,,,64
200800044852,8,8,21,1940,1,2,1,1,6,64445,M,,,64
200800044853,8,8,23,1700,1,2,1,1,1,64445,M,,,64
200800044854,8,8,22,1335,1,2,1,8,6,64445,M,,,64
200800044855,8,8,25,1638,1,2,1,8,2,64348,M,,,64
200800044856,8,8,29,1410,1,2,1,1,5,64445,M,,,64
200800044857,8,8,30,1245,1,2,1,1,3,64445,M,,,64
200800044858,8,8,31,1155,1,2,9,1,6,64445,M,,,64
200800044859,8,8,31,1740,1,2,6,1,2,64269,M,,,64
200800044860,8,8,31,2150,5,2,6,1,7,64335,M,,,64
200800044861,8,8,1,1240,1,1,1,2,2,64545,M,,,64
200800044862,8,8,1,1500,1,1,1,1,7,64545,M,,,64
200800044863,8,8,1,1715,1,2,1,1,6,64483,M,,,64
200800044864,8,8,7,1905,1,2,3,1,3,64483,M,,,64
200800044865,8,8,9,2055,3,2,1,6,5,64483,M,,,64
200800044866,8,8,20,1805,1,2,1,1,1,64483,M,,,64
200800044867,8,8,24,1500,1,2,1,1,2,64249,M,,,64
200800044868,8,8,27,700,1,2,1,1,3,64545,M,,,64
200800044869,8,8,25,1620,1,1,1,1,2,64545,M,,,64
200800044870,8,8,31,1715,1,2,1,1,3,64260,M,,,64
200800044871,8,8,8,1920,1,2,4,1,3,65286,M,,,65
200800044872,8,8,7,1400,1,2,1,1,6,65286,M,,,65
200800044873,8,8,18,1355,1,2,3,1,3,65286,M,,,65
200800044874,8,8,19,740,1,2,1,1,6,65286,M,,,65
200800044875,8,8,1,1400,1,2,6,1,3,65440,M,,,65
200800044876,8,8,2,2010,1,2,1,1,3,65440,M,,,65
200800044877,8,8,8,1525,1,2,6,1,6,65440,M,,,65
200800044878,8,8,16,1625,1,1,1,1,3,65226,M,,,65
200800044879,8,8,19,1710,1,2,1,1,7,65440,M,,,65
200800044880,8,8,21,2140,5,2,1,1,6,65440,M,,,65
200800044881,8,8,21,930,1,2,1,1,6,65440,M,,,65
200800044882,8,8,29,2330,3,1,2,1,3,65440,M,,,65
200800044883,8,8,30,1605,1,2,1,9,3,65100,M,,,65
200800044884,8,8,4,850,1,2,2,1,3,66136,M,,,66
200800044885,8,8,6,1550,1,2,1,1,3,66136,M,,,66
200800044886,8,8,1,750,1,2,1,1,2,66136,M,,,66
200800044887,8,8,11,810,1,1,1,1,1,66136,M,,,66
200800044888,8,8,13,420,5,2,1,1,2,66136,M,,,66
200800044889,8,8,17,1935,1,2,2,1,3,66136,M,,,66
200800044890,8,8,16,818,1,2,2,1,6,67462,M,,,67
200800044891,8,8,1,930,1,2,2,1,3,67482,M,,,67
200800044892,8,8,1,1355,1,2,3,1,2,67447,M,,,67
200800044893,8,8,3,1559,1,2,3,1,3,64140,M,,,64
200800044894,8,8,4,145,5,2,6,1,7,69266,M,,,69
200800044895,8,8,1,1930,1,2,1,2,3,69266,M,,,69
200800044896,8,8,1,945,1,2,1,1,6,69266,M,,,69
200800044897,8,8,2,1135,1,2,2,1,1,69266,M,,,69
200800044898,8,8,7,2030,2,2,1,3,6,69266,M,,,69
200800044899,8,8,9,1220,1,2,3,1,6,69266,M,,,69
200800044900,8,8,6,1715,1,2,1,1,1,69282,M,,,69
200800044901,8,8,15,1130,1,2,1,1,6,69282,M,,,69
200800044902,8,8,13,1900,1,2,1,1,6,69290,M,,,69
200800044903,8,8,3,30,3,2,1,1,7,69290,M,,,69
200800044904,8,8,31,1040,1,2,6,1,3,69290,M,,,69
200800044905,8,8,31,103,3,1,1,1,1,70285,M,,,70
200800044906,8,8,2,1220,1,2,1,1,6,67482,M,,,67
200800044907,8,8,3,30,5,2,2,1,3,67482,M,,,67
200800044908,8,8,4,1400,1,2,1,2,6,67482,M,,,67
200800044909,8,8,5,930,1,2,1,1,6,67447,M,,,67
200800044910,8,8,6,1245,1,2,2,1,3,67482,M,,,67
200800044911,8,8,7,1110,1,2,1,1,2,67482,M,,,67
200800044912,8,8,8,755,1,2,3,1,3,67447,M,,,67
200800044913,8,8,9,1315,1,2,1,1,2,67482,M,,,67
200800044914,8,8,9,1035,1,2,1,2,2,67218,M,,,67
200800044915,8,8,9,1425,1,2,1,1,3,67482,M,,,67
200800044916,8,8,11,1635,1,2,1,2,1,67482,M,,,67
200800044917,8,8,12,815,1,2,3,2,3,67482,M,,,67
200800044918,8,8,14,1700,1,2,3,1,3,67482,M,,,67
200800044919,8,8,17,1830,1,2,1,1,6,67218,M,,,67
200800044920,8,8,21,1000,1,2,1,1,2,67482,M,,,67
200800044921,8,8,24,20,5,2,3,1,6,67447,M,,,67
200800044922,8,8,24,1140,1,2,2,1,6,67482,M,,,67
200800044923,8,8,24,1930,1,2,2,1,3,67218,M,,,67
200800044924,8,8,25,1710,1,2,1,1,4,67482,M,,,67
200800044925,8,8,25,1930,1,2,1,1,6,67218,M,,,67
200800044926,8,8,26,1605,1,1,1,1,3,67482,M,,,67
200800044927,8,8,26,2020,5,2,1,1,3,67482,M,,,67
200800044928,8,8,27,808,1,2,1,1,6,67218,M,,,67
200800044929,8,8,27,1645,1,2,3,1,2,67218,M,,,67
200800044930,8,8,28,1828,1,2,2,1,3,67482,M,,,67
200800044931,8,8,29,1230,1,2,1,1,6,67482,M,,,67
200800044932,8,8,29,1200,1,2,1,1,2,67482,M,,,67
200800044933,8,8,30,1700,1,2,1,1,6,67218,M,,,67
200800044934,8,8,30,1550,1,2,1,1,6,67482,M,,,67
200800044935,8,8,30,1720,1,2,2,1,3,67218,M,,,67
200800044936,8,8,30,2145,5,2,1,1,7,67482,M,,,67
200800044937,8,8,30,2349,5,2,1,1,6,67043,M,,,67
200800044938,8,8,31,845,1,2,1,1,6,67447,M,,,67
200800044939,8,8,8,2325,5,2,1,1,6,68066,M,,,68
200800044940,8,8,14,2120,2,2,2,1,3,68066,M,,,68
200800044941,8,8,19,1737,1,2,3,2,3,68066,M,,,68
200800044942,8,8,24,1712,1,2,1,1,6,68066,M,,,68
200800044943,8,8,27,1810,1,2,1,1,6,68112,M,,,68
200800044944,8,8,3,2240,5,2,1,1,3,68271,M,,,68
200800044945,8,8,10,610,1,2,9,1,6,68056,M,,,68
200800044946,8,8,11,1800,1,2,1,1,6,68256,M,,,68
200800044947,8,8,14,1740,1,2,1,1,6,68224,M,,,68
200800044948,8,8,5,1837,1,2,2,1,3,68224,M,,,68
200800044949,8,8,21,2000,1,2,9,1,3,68056,M,,,68
200800044950,8,8,26,1430,1,2,1,1,3,68224,M,,,68
200800044951,8,8,27,1028,1,1,1,1,4,68224,M,,,68
200800044952,8,8,29,1433,1,2,9,1,3,68224,M,,,68
200800044953,8,8,28,1435,1,2,1,1,3,68224,M,,,68
200800044954,8,8,30,1855,1,2,3,1,7,68224,M,,,68
200800044955,8,8,17,2325,5,2,1,1,6,69029,M,,,69
200800044956,8,8,3,240,5,2,3,1,6,69034,M,,,69
200800044957,8,8,5,1055,1,2,1,1,6,69034,M,,,69
200800044958,8,8,1,1620,1,2,1,3,3,69152,M,,,69
200800044959,8,8,3,1630,1,2,2,1,3,69149,M,,,69
200800044960,8,8,14,1215,1,2,1,1,1,69152,M,,,69
200800044961,8,8,21,1805,1,2,3,1,3,69149,M,,,69
200800044962,8,8,23,1430,1,2,1,1,6,69149,M,,,69
200800044963,8,8,30,950,1,2,2,1,3,69149,M,,,69
200800044964,8,8,28,1500,1,2,1,1,6,69256,M,,,69
200800044965,8,8,1,1620,1,2,2,2,3,69199,M,,,69
200800044966,8,8,11,1640,1,2,2,1,2,69199,M,,,69
200800044967,8,8,13,1926,1,2,1,1,6,69259,M,,,69
200800044968,8,8,20,1545,1,2,2,1,3,69259,M,,,69
200800044969,8,8,27,950,1,2,1,1,6,69259,M,,,69
200800044970,8,8,28,1715,1,2,2,1,7,69259,M,,,69
200800044971,8,8,30,1210,1,2,1,1,6,91201,M,,,91
200800044972,8,8,6,1935,1,1,2,1,7,91223,M,,,91
200800044973,8,8,8,2045,1,2,2,1,3,91223,M,,,91
200800044974,8,8,22,1730,1,2,1,1,2,91223,M,,,91
200800044975,8,8,23,640,2,2,1,1,7,91223,M,,,91
200800044976,8,8,27,1820,1,2,1,1,1,91223,M,,,91
200800044977,8,8,30,1915,1,2,1,1,7,91223,M,,,91
200800044978,8,8,1,755,1,2,1,1,1,91228,M,,,91
200800044979,8,8,5,1040,1,1,1,1,3,91521,M,,,91
200800044980,8,8,12,1625,1,2,1,1,1,91521,M,,,91
200800044981,8,8,19,1340,1,1,1,1,1,91521,M,,,91
200800044982,8,8,27,1625,1,2,1,1,4,91521,M,,,91
200800044983,8,8,27,1830,1,2,1,1,4,91521,M,,,91
200800044984,8,8,12,1050,1,1,1,1,3,91687,M,,,91
200800044985,8,8,16,1635,1,2,1,1,1,91434,M,,,91
200800044986,8,8,18,820,1,2,9,1,6,91687,M,,,91
200800044987,8,8,26,2035,2,2,1,1,7,91687,M,,,91
200800044988,8,8,6,1400,1,2,7,1,3,91286,M,,,91
200800044989,8,8,5,1210,1,2,1,1,3,91421,M,,,91
200800044990,8,8,7,725,2,1,1,2,7,91421,M,,,91
200800044991,8,8,7,1130,1,2,1,1,3,91421,M,,,91
200800044992,8,8,16,2040,2,2,1,1,7,91421,M,,,91
200800044993,8,8,22,1035,1,2,1,1,2,91691,M,,,91
200800044994,8,8,27,1955,1,2,1,1,6,91421,M,,,91
200800044995,8,8,28,1305,1,2,1,1,6,91691,M,,,91
200800044996,8,8,30,1115,1,2,1,1,1,91691,M,,,91
200800044997,8,8,30,1840,1,2,1,1,6,91421,M,,,91
200800044998,8,8,3,1225,1,2,3,1,3,91477,M,,,91
200800044999,8,8,5,150,5,2,1,1,6,91692,M,,,91
200800045000,8,8,13,2000,2,1,6,1,7,91692,M,,,91
200800045001,8,8,22,1930,1,2,1,2,7,91064,M,,,91
200800045002,8,8,31,1140,1,2,1,1,6,91471,M,,,91
200800045003,8,8,1,1005,1,2,1,1,6,92014,M,,,92
200800045004,8,8,3,620,2,2,2,1,3,92014,M,,,92
200800045005,8,8,8,2120,4,2,2,1,2,92002,M,,,92
200800045006,8,8,12,1740,1,2,1,1,3,92002,M,,,92
200800045007,8,8,25,1920,1,2,3,1,6,92002,M,,,92
200800045008,8,8,1,1005,1,2,5,1,2,92004,M,,,92
200800045009,8,8,4,1810,1,2,1,1,3,92009,M,,,92
200800045010,8,8,13,1850,1,2,1,1,6,92004,M,,,92
200800045011,8,8,15,600,1,2,2,1,6,92009,M,,,92
200800045012,8,8,16,1200,1,2,1,1,6,92004,M,,,92
200800045013,8,8,16,1445,1,2,2,1,6,92004,M,,,92
200800045014,8,8,29,820,1,2,2,1,6,92004,M,,,92
200800045015,8,8,29,1910,4,2,1,1,2,92004,M,,,92
200800045016,8,8,1,1220,1,2,1,1,3,92007,M,,,92
200800045017,8,8,12,220,5,2,1,1,7,92007,M,,,92
200800045018,8,8,12,1610,1,2,1,1,4,92007,M,,,92
200800045019,8,8,17,1145,1,2,3,1,3,92007,M,,,92
200800045020,8,8,4,1700,1,2,1,1,3,92012,M,,,92
200800045021,8,8,6,1830,1,2,2,1,3,92012,M,,,92
200800045022,8,8,6,925,1,2,6,1,6,92012,M,,,92
200800045023,8,8,10,1820,1,2,1,1,3,92012,M,,,92
200800045024,8,8,15,1145,1,1,1,1,3,92012,M,,,92
200800045025,8,8,16,1200,1,2,2,1,5,92012,M,,,92
200800045026,8,8,16,1935,1,2,1,1,3,92012,M,,,92
200800045027,8,8,20,800,1,2,1,1,6,92012,M,,,92
200800045028,8,8,27,1215,1,2,1,1,3,92012,M,,,92
200800045029,8,8,27,2215,5,2,1,1,6,92012,M,,,92
200800045030,8,8,23,1415,1,1,1,1,2,92012,M,,,92
200800045031,8,8,2,2025,2,2,1,1,3,92024,M,,,92
200800045032,8,8,13,1250,1,2,6,1,3,92024,M,,,92
200800045033,8,8,13,1225,1,2,1,1,6,92024,M,,,92
200800045034,8,8,18,1425,1,2,1,1,6,92024,M,,,92
200800045035,8,8,28,855,1,2,1,1,6,92024,M,,,92
200800045036,8,8,28,1820,1,2,1,1,3,92024,M,,,92
200800045037,8,8,25,1210,1,2,4,1,6,92024,M,,,92
200800045038,8,8,27,610,5,2,2,1,6,92024,M,,,92
200800045039,8,8,1,45,3,2,1,1,6,92025,M,,,92
200800045040,8,8,1,1730,1,2,1,1,3,92025,M,,,92
200800045041,8,8,7,930,1,2,2,1,3,92025,M,,,92
200800045042,8,8,9,1040,1,2,1,1,3,92025,M,,,92
200800045043,8,8,17,225,5,2,3,1,6,92025,M,,,92
200800045044,8,8,22,700,2,2,3,2,6,92025,M,,,92
200800045045,8,8,22,2030,2,2,1,2,2,92025,M,,,92
200800045046,8,8,16,1527,1,2,1,1,2,14118,M,,,14
200800045047,8,8,30,1255,1,2,3,1,3,78498,M,,,78
200800045048,8,8,21,420,3,1,1,1,3,77337,M,,,77
200800045049,8,8,1,1940,1,2,2,3,3,22113,M,,,22
200800045050,8,8,30,1835,1,1,3,1,3,22113,M,,,22
200800045051,8,8,1,1620,1,1,1,2,7,22106,M,,,22
200800045052,8,8,7,110,5,2,1,1,7,22278,M,,,22
200800045053,8,8,6,2110,1,2,1,1,2,22278,M,,,22
200800045054,8,8,8,645,2,2,1,1,7,22278,M,,,22
200800045055,8,8,7,1420,1,2,1,1,7,22215,M,,,22
200800045056,8,8,11,405,3,1,1,1,7,22360,M,,,22
200800045057,8,8,14,1740,1,2,1,2,3,22278,M,,,22
200800045058,8,8,19,2115,5,2,3,1,7,22106,M,,,22
200800045059,8,8,20,1200,1,2,1,1,2,22278,M,,,22
200800045060,8,8,20,1830,1,2,3,1,3,22278,M,,,22
200800045061,8,8,22,1450,1,1,2,1,3,22360,M,,,22
200800045062,8,8,7,1155,1,2,2,2,3,23096,M,,,23
200800045063,8,8,12,1215,1,2,3,2,2,23096,M,,,23
200800045064,8,8,21,2355,3,1,1,1,7,23096,M,,,23
200800045065,8,8,23,1945,1,2,2,1,3,23096,M,,,23
200800045066,8,8,28,1730,1,2,1,1,3,23096,M,,,23
200800045067,8,8,11,1020,1,2,1,1,6,24037,M,,,24
200800045068,8,8,19,1535,1,2,2,1,3,24037,M,,,24
200800045069,8,8,28,1355,1,2,1,1,6,24037,M,,,24
200800045070,8,8,1,1650,1,2,1,1,2,24138,M,,,24
200800045071,8,8,5,1640,1,2,6,1,3,24322,M,,,24
200800045072,8,8,16,2139,2,2,3,1,3,24322,M,,,24
200800045073,8,8,19,1945,1,2,1,1,3,24053,M,,,24
200800045074,8,8,20,1335,1,2,9,1,2,24053,M,,,24
200800045075,8,8,31,1950,1,2,2,1,3,24322,M,,,24
200800045076,8,8,1,1801,1,2,1,1,3,25056,M,,,25
200800045077,8,8,1,2130,2,2,2,1,1,25056,M,,,25
200800045078,8,8,2,1135,1,2,2,1,3,25056,M,,,25
200800045079,8,8,3,1815,1,2,3,1,3,25056,M,,,25
200800045080,8,8,3,2110,5,2,1,1,6,25056,M,,,25
200800045081,8,8,4,1329,1,2,1,1,2,25056,M,,,25
200800045082,8,8,4,1554,1,2,2,1,3,25056,M,,,25
200800045083,8,8,8,25,5,1,1,1,6,25056,M,,,25
200800045084,8,8,9,1910,1,2,1,1,2,25056,M,,,25
200800045085,8,8,9,2319,3,1,1,1,6,25056,M,,,25
200800045086,8,8,12,2200,5,1,1,2,6,25056,M,,,25
200800045087,8,8,13,1630,1,2,1,1,6,25056,M,,,25
200800045088,8,8,14,1840,1,2,1,2,7,25056,M,,,25
200800045089,8,8,17,2036,2,2,1,1,3,25056,M,,,25
200800045090,8,8,21,2012,1,2,1,1,6,25056,M,,,25
200800045091,8,8,22,1,5,2,1,1,1,25056,M,,,25
200800045092,8,8,24,226,3,1,1,1,1,25056,M,,,25
200800045093,8,8,24,509,5,2,1,1,6,25056,M,,,25
200800045094,8,8,28,2015,1,2,1,1,6,25056,M,,,25
200800045095,8,8,30,35,5,2,1,1,6,25056,M,,,25
200800045096,8,8,6,1900,1,2,1,1,1,25031,M,,,25
200800045097,8,8,12,1745,1,1,1,3,3,25580,M,,,25
200800045098,8,8,13,2320,5,2,6,1,3,25539,M,,,25
200800045099,8,8,26,1115,1,2,1,1,1,25580,M,,,25
200800045100,8,8,15,435,3,2,1,1,7,26198,M,,,26
200800045101,8,8,13,1400,1,1,3,1,6,26057,M,,,26
200800045102,8,8,17,1510,1,2,2,1,6,26281,M,,,26
200800045103,8,8,18,1145,1,2,6,1,6,26281,M,,,26
200800045104,8,8,19,1330,1,2,6,1,2,26281,M,,,26
200800045105,8,8,23,1850,1,2,1,1,6,26281,M,,,26
200800045106,8,8,24,1215,1,2,6,1,6,26281,M,,,26
200800045107,8,8,26,1330,1,2,1,1,2,26281,M,,,26
200800045108,8,8,27,1000,1,2,1,1,4,26281,M,,,26
200800045109,8,8,27,1805,1,2,1,1,6,26281,M,,,26
200800045110,8,8,28,1125,1,2,1,1,4,26281,M,,,26
200800045111,8,8,29,1300,1,2,2,1,3,26281,M,,,26
200800045112,8,8,1,1740,1,1,1,2,2,26252,M,,,26
200800045113,8,8,10,500,3,1,1,1,7,26058,M,,,26
200800045114,8,8,4,1120,1,2,2,1,3,26362,M,,,26
200800045115,8,8,15,515,5,1,1,1,6,26362,M,,,26
200800045116,8,8,22,23,3,1,1,1,4,26058,M,,,26
200800045117,8,8,19,1548,1,2,2,1,3,26252,M,,,26
200800045118,8,8,18,1520,2,2,1,1,6,26362,M,,,26
200800045119,8,8,22,2210,3,1,1,1,3,26058,M,,,26
200800045120,8,8,10,1800,1,2,1,1,6,27229,M,,,27
200800045121,8,8,26,1735,1,2,1,1,5,27229,M,,,27
200800045122,8,8,28,1420,1,2,1,1,1,27229,M,,,27
200800045123,8,8,29,1300,1,2,1,1,3,27229,M,,,27
200800045124,8,8,29,1620,1,2,1,1,3,27229,M,,,27
200800045125,8,8,7,1935,1,2,1,1,7,27375,M,,,27
200800045126,8,8,2,1545,1,2,1,1,2,27681,M,,,27
200800045127,8,8,17,945,1,2,1,1,6,27681,M,,,27
200800045128,8,8,15,1900,1,2,1,1,6,27681,M,,,27
200800045129,8,8,31,850,1,2,1,1,7,27681,M,,,27
200800045130,8,8,1,1630,1,2,1,1,6,28085,M,,,28
200800045131,8,8,2,1435,1,1,6,1,5,28229,M,,,28
200800045132,8,8,21,1630,1,2,1,1,3,28070,M,,,28
200800045133,8,8,22,1215,1,2,1,2,2,28085,M,,,28
200800045134,8,8,31,530,5,2,1,1,6,28085,M,,,28
200800045135,8,8,5,1900,2,2,2,1,3,28404,M,,,28
200800045136,8,8,7,1800,1,2,1,1,7,28134,M,,,28
200800045137,8,8,14,2240,3,1,1,1,7,28134,M,,,28
200800045138,8,8,16,1810,1,1,3,1,3,28223,M,,,28
200800045139,8,8,20,1030,1,2,3,1,1,28134,M,,,28
200800045140,8,8,30,1150,1,1,4,1,2,28134,M,,,28
200800045141,8,8,1,1315,1,2,6,1,6,29019,M,,,29
200800045142,8,8,8,1635,1,2,1,1,6,29019,M,,,29
200800045143,8,8,9,1815,1,2,1,1,3,29019,M,,,29
200800045144,8,8,11,1625,1,2,1,1,6,29019,M,,,29
200800045145,8,8,11,2040,1,2,6,2,3,29019,M,,,29
200800045146,8,8,12,1415,1,2,1,1,6,29019,M,,,29
200800045147,8,8,14,1710,1,2,1,8,3,29019,M,,,29
200800045148,8,8,14,1730,1,2,2,1,6,29019,M,,,29
200800045149,8,8,13,1830,1,2,1,9,3,29019,M,,,29
200800045150,8,8,21,1425,1,2,2,1,3,29019,M,,,29
200800045151,8,8,22,1615,1,2,1,1,1,29019,M,,,29
200800045152,8,8,20,1315,1,2,1,3,6,29019,M,,,29
200800045153,8,8,27,2010,2,2,2,1,6,29019,M,,,29
200800045154,8,8,29,1700,1,2,3,1,3,29019,M,,,29
200800045155,8,8,9,110,5,2,1,1,3,29039,M,,,29
200800045156,8,8,12,2315,5,2,1,1,7,29039,M,,,29
200800045157,8,8,2,110,3,1,1,1,7,29254,M,,,29
200800045158,8,8,20,1450,1,2,1,1,3,29232,M,,,29
200800045159,8,8,18,2045,2,2,1,1,3,29232,M,,,29
200800045160,8,8,25,2125,5,2,1,2,3,29232,M,,,29
200800045161,8,8,28,1340,1,2,1,1,3,29232,M,,,29
200800045162,8,8,12,1500,1,2,1,2,6,30007,M,,,30