Num_Acc,an,mois,jour,hrmn,lum,agg,int,atm,col,com,gps,lat,long,dep
200800045163,8,8,12,1320,1,2,1,1,7,30007,M,,,30
200800045164,8,8,9,437,5,2,2,9,2,30007,M,,,30
200800045165,8,8,27,1420,1,2,1,1,2,30007,M,,,30
200800045166,8,8,29,1615,1,2,1,1,2,30007,M,,,30
200800045167,8,8,27,1400,1,2,1,1,3,30007,M,,,30
200800045168,8,8,26,1948,1,2,6,1,2,30007,M,,,30
200800045169,8,8,21,1225,1,2,1,1,7,30007,M,,,30
200800045170,8,8,19,1050,1,2,1,1,4,30028,M,,,30
200800045171,8,8,20,1200,1,2,1,1,4,30028,M,,,30
200800045172,8,8,29,2142,5,2,1,1,5,30028,M,,,30
200800045173,8,8,30,940,1,2,1,1,2,30028,M,,,30
200800045174,8,8,7,720,1,1,1,1,7,30032,M,,,30
200800045175,8,8,25,1216,1,1,1,1,3,30032,M,,,30
200800045176,8,8,27,1338,1,1,1,1,1,30032,M,,,30
200800045177,8,8,29,800,1,1,1,2,7,30032,M,,,30
200800045178,8,8,3,55,3,1,1,1,7,30189,M,4383348.0,438614.0,30
200800045179,8,8,3,1205,1,2,1,1,7,30189,M,4385620.0,438571.0,30
200800045180,8,8,3,1332,1,2,2,1,3,30189,M,4383155.0,436210.0,30
200800045181,8,8,4,1325,1,2,1,1,2,30189,M,,,30
200800045182,8,8,4,1600,1,2,2,1,3,30189,M,4384097.0,436244.0,30
200800045183,8,8,5,915,1,1,1,1,3,30189,M,4376349.0,439658.0,30
200800045184,8,8,5,1147,1,2,1,1,6,30189,M,4380949.0,437195.0,30
200800045185,8,8,8,1733,1,2,6,1,7,30189,M,,,30
200800045186,8,8,8,2105,2,1,1,1,7,30189,M,4386906.0,432294.0,30
200800045187,8,8,8,2349,5,2,1,1,7,30189,M,,,30
200800045188,8,8,9,135,5,2,2,1,3,30189,M,4383069.0,435400.0,30
200800045189,8,8,11,1551,1,2,1,2,6,30189,M,4383319.0,435134.0,30
200800045190,8,8,11,1840,1,2,2,2,3,30189,M,4383275.0,435258.0,30
200800045191,8,8,12,1250,1,1,1,1,7,30189,M,4377349.0,441213.0,30
200800045192,8,8,12,1315,1,2,1,1,5,30189,M,,,30
200800045193,8,8,15,955,1,2,1,1,4,30189,M,4382708.0,436099.0,30
200800045194,8,8,16,1928,1,2,2,1,3,30189,M,4383970.0,437157.0,30
200800045195,8,8,16,2055,2,2,2,1,3,30189,M,4381674.0,432964.0,30
200800045196,8,8,17,108,5,2,1,1,6,30189,M,4386074.0,440271.0,30
200800045197,8,8,19,1402,1,1,6,1,3,30189,M,4380940.0,436178.0,30
200800045198,8,8,20,2040,2,1,1,1,6,30189,M,,,30
200800045199,8,8,21,1216,1,2,2,1,3,30189,M,,,30
200800045200,8,8,21,2150,5,2,2,1,3,30189,M,,,30
200800045201,8,8,25,1804,1,2,1,1,6,30189,M,4381806.0,434733.0,30
200800045202,8,8,26,1105,1,2,1,1,2,30189,M,,,30
200800045203,8,8,26,1752,1,2,2,1,3,30189,M,,,30
200800045204,8,8,27,1815,1,1,1,1,6,30189,M,4316916.0,434753.0,30
200800045205,8,8,22,1850,1,1,1,1,1,33529,M,,,33
200800045206,8,8,23,325,5,2,1,1,6,33009,M,,,33
200800045207,8,8,1,30,5,2,1,1,6,33063,M,,,33
200800045208,8,8,1,1245,1,2,1,8,4,33063,M,,,33
200800045209,8,8,2,1525,1,2,1,1,3,33281,M,,,33
200800045210,8,8,28,1545,1,2,2,1,2,30189,M,4383972.0,437157.0,30
200800045211,8,8,29,120,3,2,1,1,6,30189,M,4383890.0,436899.0,30
200800045212,8,8,29,1550,1,2,1,1,4,30189,M,,,30
200800045213,8,8,29,1833,1,2,1,1,3,30189,M,4383776.0,435610.0,30
200800045214,8,8,30,1654,1,2,2,1,3,30189,M,4382211.0,436246.0,30
200800045215,8,8,31,1,3,2,6,1,7,30189,M,4382267.0,436870.0,30
200800045216,8,8,31,1610,1,1,1,1,7,30189,M,,,30
200800045217,8,8,10,1745,1,1,1,1,2,30011,M,,,30
200800045218,8,8,20,1345,1,2,1,1,6,30011,M,,,30
200800045219,8,8,6,1505,1,2,3,1,2,31069,M,,,31
200800045220,8,8,25,1020,1,2,1,1,7,31069,M,,,31
200800045221,8,8,21,1630,1,2,9,1,2,31149,M,,,31
200800045222,8,8,1,1330,1,2,2,1,1,31555,M,,,31
200800045223,8,8,1,2130,5,1,1,1,1,31555,M,,,31
200800045224,8,8,3,2115,5,2,1,1,6,31555,M,,,31
200800045225,8,8,3,2305,4,1,1,1,6,31555,M,,,31
200800045226,8,8,4,310,5,2,1,1,6,31555,M,,,31
200800045227,8,8,4,1855,1,2,1,1,2,31555,M,,,31
200800045228,8,8,4,2330,5,2,1,1,7,31555,M,,,31
200800045229,8,8,5,1640,1,2,1,1,3,31555,M,,,31
200800045230,8,8,5,2210,5,2,1,1,6,31555,M,,,31
200800045231,8,8,6,854,1,1,1,1,3,31555,M,,,31
200800045232,8,8,6,1045,1,1,3,1,3,31555,M,,,31
200800045233,8,8,6,1235,1,2,1,1,2,31555,M,,,31
200800045234,8,8,6,2010,5,1,1,1,2,31555,M,,,31
200800045235,8,8,7,45,5,2,1,1,7,31555,M,,,31
200800045236,8,8,7,120,5,2,1,2,2,31555,M,,,31
200800045237,8,8,7,1025,1,2,2,1,3,31555,M,,,31
200800045238,8,8,8,1335,1,1,1,1,2,31555,M,,,31
200800045239,8,8,8,1525,1,2,1,1,3,31555,M,,,31
200800045240,8,8,8,1645,1,2,9,1,3,31555,M,,,31
200800045241,8,8,8,2245,5,2,1,1,3,31555,M,,,31
200800045242,8,8,10,2205,5,2,1,1,3,31555,M,,,31
200800045243,8,8,9,1800,1,2,1,1,6,31555,M,,,31
200800045244,8,8,11,2315,5,2,1,1,7,31555,M,,,31
200800045245,8,8,12,1600,1,2,1,2,6,31555,M,,,31
200800045246,8,8,13,850,1,1,1,1,3,31555,M,,,31
200800045247,8,8,13,1530,1,2,1,1,6,31555,M,,,31
200800045248,8,8,14,2320,5,2,1,1,6,31555,M,,,31
200800045249,8,8,15,1745,1,2,1,1,2,31555,M,,,31
200800045250,8,8,16,1220,1,2,1,1,2,31555,M,,,31
200800045251,8,8,19,1555,1,2,1,1,6,31555,M,,,31
200800045252,8,8,17,450,5,1,1,8,7,31555,M,,,31
200800045253,8,8,17,750,1,2,1,1,6,31555,M,,,31
200800045254,8,8,17,2010,1,2,1,1,3,31555,M,,,31
200800045255,8,8,16,1815,1,1,1,1,3,31555,M,,,31
200800045256,8,8,18,1355,1,2,1,1,3,31555,M,,,31
200800045257,8,8,18,1650,1,2,1,1,1,31555,M,,,31
200800045258,8,8,19,1520,1,2,1,1,6,31555,M,,,31
200800045259,8,8,19,1655,1,2,2,1,3,31555,M,,,31
200800045260,8,8,19,1710,1,2,1,1,7,31555,M,,,31
200800045261,8,8,19,2305,5,2,1,1,7,31555,M,,,31
200800045262,8,8,21,118,5,2,1,1,1,31555,M,,,31
200800045263,8,8,22,1015,1,1,1,2,1,31555,M,,,31
200800045264,8,8,22,2000,1,2,1,1,2,31555,M,,,31
200800045265,8,8,23,1638,1,1,1,1,7,31555,M,,,31
200800045266,8,8,25,1020,1,2,1,1,2,31555,M,,,31
200800045267,8,8,25,1050,1,2,1,1,3,31555,M,,,31
200800045268,8,8,26,840,1,2,1,1,1,31555,M,,,31
200800045269,8,8,27,530,5,1,1,1,2,31555,M,,,31
200800045270,8,8,27,840,1,2,6,1,3,31555,M,,,31
200800045271,8,8,28,150,5,2,1,1,3,31555,M,,,31
200800045272,8,8,29,1008,1,2,1,1,6,31555,M,,,31
200800045273,8,8,29,2025,2,2,3,1,1,31555,M,,,31
200800045274,8,8,29,1050,1,2,1,1,3,31555,M,,,31
200800045275,8,8,26,1855,1,2,3,1,3,31557,M,,,31
200800045276,8,8,2,1230,1,2,1,1,4,32013,M,,,32
200800045277,8,8,12,1355,1,1,1,2,1,32013,M,,,32
200800045278,8,8,3,2225,5,2,2,1,3,33529,M,,,33
200800045279,8,8,6,1855,1,1,1,1,3,33529,M,,,33
200800045280,8,8,12,1725,1,2,1,1,1,33009,M,,,33
200800045281,8,8,16,105,5,1,2,1,3,33529,M,,,33
200800045282,8,8,21,1825,1,1,1,1,3,33529,M,,,33
200800045283,8,8,4,1125,1,2,1,1,6,33063,M,,,33
200800045284,8,8,4,2350,5,2,2,1,3,33063,M,,,33
200800045285,8,8,3,222,5,2,1,2,2,33119,M,,,33
200800045286,8,8,1,1315,1,2,1,8,1,33032,M,,,33
200800045287,8,8,5,1630,1,2,2,1,3,33063,M,,,33
200800045288,8,8,5,1730,1,2,2,1,3,33063,M,,,33
200800045289,8,8,1,3,3,2,1,1,6,33075,M,,,33
200800045290,8,8,1,1704,1,2,2,1,3,33318,M,,,33
200800045291,8,8,6,2129,1,2,1,1,2,33119,M,,,33
200800045292,8,8,5,1515,1,2,1,1,6,33318,M,,,33
200800045293,8,8,10,2005,1,2,2,1,3,33063,M,,,33
200800045294,8,8,8,2130,1,2,3,1,3,33162,M,,,33
200800045295,8,8,9,415,5,2,1,1,6,33281,M,,,33
200800045296,8,8,6,1700,1,2,1,1,7,33032,M,,,33
200800045297,8,8,5,1930,1,2,1,1,3,33318,M,,,33
200800045298,8,8,9,1220,1,2,6,1,2,33119,M,,,33
200800045299,8,8,8,1435,1,2,1,1,7,33167,M,,,33
200800045300,8,8,7,2225,5,2,1,1,2,33119,M,,,33
200800045301,8,8,11,2045,5,2,1,2,3,33063,M,,,33
200800045302,8,8,11,1945,1,2,2,2,1,33063,M,,,33
200800045303,8,8,11,1800,1,2,2,1,3,33063,M,,,33
200800045304,8,8,12,1705,1,2,2,1,3,33063,M,,,33
200800045305,8,8,13,1208,1,2,1,1,3,33063,M,,,33
200800045306,8,8,10,1425,1,2,1,7,7,33318,M,,,33
200800045307,8,8,8,2035,1,2,2,1,3,33281,M,,,33
200800045308,8,8,8,1720,1,2,1,1,3,33281,M,,,33
200800045309,8,8,8,1450,1,2,6,1,3,33192,M,,,33
200800045310,8,8,8,1827,1,2,2,1,2,33281,M,,,33
200800045311,8,8,9,2020,1,2,1,1,2,33063,M,,,33
200800045312,8,8,16,1743,1,2,1,1,6,33063,M,,,33
200800045313,8,8,18,1946,1,2,6,1,3,33063,M,,,33
200800045314,8,8,19,755,1,2,3,3,3,33063,M,,,33
200800045315,8,8,15,830,1,2,1,1,6,33318,M,,,33
200800045316,8,8,13,1946,1,2,2,1,3,33075,M,,,33
200800045317,8,8,20,1700,1,2,3,1,3,33249,M,,,33
200800045318,8,8,18,2100,5,2,2,1,3,33281,M,,,33
200800045319,8,8,21,1845,1,2,3,1,3,33063,M,,,33
200800045320,8,8,21,1515,1,2,3,1,2,33063,M,,,33
200800045321,8,8,18,1220,1,2,1,1,3,33318,M,,,33
200800045322,8,8,21,1250,1,2,1,1,2,33063,M,,,33
200800045323,8,8,24,230,5,2,1,1,3,33063,M,,,33
200800045324,8,8,24,2025,1,2,5,1,3,33063,M,,,33
200800045325,8,8,23,1930,1,2,1,1,2,33063,M,,,33
200800045326,8,8,19,1230,1,2,1,1,2,33063,M,,,33
200800045327,8,8,25,815,1,2,3,1,3,33063,M,,,33
200800045328,8,8,20,2010,1,2,1,1,2,33249,M,,,33
200800045329,8,8,21,1830,1,2,6,1,3,33281,M,,,33
200800045330,8,8,21,1,5,2,1,1,3,33192,M,,,33
200800045331,8,8,21,2305,5,2,3,1,3,33522,M,,,33
200800045332,8,8,23,1040,1,2,1,1,1,33167,M,,,33
200800045333,8,8,26,1340,1,2,3,1,6,33063,M,,,33
200800045334,8,8,26,1225,1,2,1,1,3,33063,M,,,33
200800045335,8,8,22,1610,1,2,2,1,3,33069,M,,,33
200800045336,8,8,22,1840,1,2,3,1,3,33281,M,,,33
200800045337,8,8,24,350,5,2,1,1,6,33281,M,,,33
200800045338,8,8,27,1550,1,2,2,1,3,33063,M,,,33
200800045339,8,8,27,1030,1,2,1,1,2,33063,M,,,33
200800045340,8,8,27,1200,1,2,2,1,3,33063,M,,,33
200800045341,8,8,28,713,1,2,3,1,3,33063,M,,,33
200800045342,8,8,24,1055,1,2,3,1,3,33522,M,,,33
200800045343,8,8,22,2002,1,2,2,1,3,33522,M,,,33
200800045344,8,8,29,910,1,2,2,1,3,33063,M,,,33
200800045345,8,8,29,1715,1,2,6,1,2,33063,M,,,33
200800045346,8,8,29,1545,1,2,1,1,3,33063,M,,,33
200800045347,8,8,30,2345,5,2,1,8,2,33063,M,,,33
200800045348,8,8,30,2340,5,2,3,2,3,33063,M,,,33
200800045349,8,8,29,1738,1,2,1,1,2,33167,M,,,33
200800045350,8,8,30,1300,1,2,1,1,3,33281,M,,,33
200800045351,8,8,29,1530,1,2,1,1,4,33318,M,,,33
200800045352,8,8,22,1800,1,2,1,1,3,33550,M,,,33
200800045353,8,8,30,2110,3,2,1,1,6,33550,M,,,33
200800045354,8,8,30,2300,5,2,3,1,3,33550,M,,,33
200800045355,8,8,29,1900,1,2,4,1,3,33063,M,,,33
200800045356,8,8,28,1005,1,2,1,1,6,33249,M,,,33
200800045357,8,8,28,1820,1,2,1,1,3,33039,M,,,33
200800045358,8,8,29,715,1,1,1,1,7,33243,M,,,33
200800045359,8,8,1,130,3,1,1,1,6,34003,M,,,34
200800045360,8,8,1,1845,1,2,1,1,3,34003,M,,,34
200800045361,8,8,7,500,5,2,1,1,6,34003,M,,,34
200800045362,8,8,4,1745,1,2,2,1,3,34003,M,,,34
200800045363,8,8,10,1115,1,2,2,1,3,34003,M,,,34
200800045364,8,8,14,1700,1,2,1,1,1,34003,M,,,34
200800045365,8,8,22,1400,1,2,1,1,5,34003,M,,,34
200800045366,8,8,1,1730,1,1,1,1,3,34032,M,,,34
200800045367,8,8,3,315,1,2,1,1,7,34336,M,,,34
200800045368,8,8,3,2130,2,1,1,1,7,34336,M,,,34
200800045369,8,8,4,47,5,2,1,1,7,34032,M,,,34
200800045370,8,8,4,1450,1,2,9,1,3,34032,M,,,34
200800045371,8,8,5,1700,1,1,2,1,1,34032,M,,,34
200800045372,8,8,5,1745,1,2,1,1,1,34032,M,,,34
200800045373,8,8,6,1105,1,2,2,1,3,34032,M,,,34
200800045374,8,8,6,1325,1,1,1,1,4,34336,M,,,34
200800045375,8,8,6,1325,1,2,1,1,7,34032,M,,,34
200800045376,8,8,6,2145,2,1,1,1,7,34336,M,,,34
200800045377,8,8,7,1110,1,1,1,1,3,34032,M,,,34
200800045378,8,8,7,2120,2,2,6,1,1,34336,M,,,34
200800045379,8,8,8,2040,1,2,2,1,3,34032,M,,,34
200800045380,8,8,8,2130,2,2,1,1,6,34032,M,,,34
200800045381,8,8,10,235,3,1,1,1,7,34032,M,,,34
200800045382,8,8,13,1200,1,2,1,1,7,34032,M,,,34
200800045383,8,8,14,520,2,2,2,1,3,34032,M,,,34
200800045384,8,8,17,1140,1,1,1,1,7,34032,M,,,34
200800045385,8,8,19,1030,1,2,1,2,5,34032,M,,,34
200800045386,8,8,21,950,1,2,3,1,3,34032,M,,,34
200800045387,8,8,21,1405,1,1,1,1,7,34032,M,,,34
200800045388,8,8,23,1445,1,2,1,1,4,34336,M,,,34
200800045389,8,8,28,1625,1,1,6,1,3,34032,M,,,34
200800045390,8,8,31,350,3,1,1,1,7,34032,M,,,34
200800045391,8,8,4,1220,1,2,3,1,1,34172,M,,,34
200800045392,8,8,7,1615,1,2,1,1,6,34172,M,,,34
200800045393,8,8,7,1540,1,2,1,1,2,34172,M,,,34
200800045394,8,8,8,714,1,2,1,1,3,34172,M,4360062.0,388653.0,34
200800045395,8,8,8,1630,1,2,1,1,2,34172,M,4363078.0,382258.0,34
200800045396,8,8,11,940,1,2,1,8,6,34172,M,,,34
200800045397,8,8,9,235,5,2,1,1,6,34172,M,,,34
200800045398,8,8,6,1210,1,2,1,1,6,34172,M,4360768.0,386959.0,34
200800045399,8,8,9,2150,3,1,1,1,2,34198,M,4356419.0,395893.0,34
200800045400,8,8,9,2025,1,2,1,1,7,34172,M,4361007.0,388064.0,34
200800045401,8,8,11,1305,1,2,2,8,3,34172,M,4360139.0,387926.0,34
200800045402,8,8,10,2030,1,2,1,1,7,34172,M,4362370.0,382995.0,34
200800045403,8,8,11,750,1,2,2,8,3,34172,M,4358908.0,388483.0,34
200800045404,8,8,12,1835,1,2,1,2,7,34129,M,,,34
200800045405,8,8,13,1410,1,1,1,1,7,34129,M,,,34
200800045406,8,8,14,1630,1,1,1,1,6,34129,M,4357917.0,388457.0,34
200800045407,8,8,14,1740,1,2,1,8,3,34172,M,,,34
200800045408,8,8,15,1405,1,2,3,1,2,34172,M,4359481.0,387549.0,34
200800045409,8,8,12,1155,1,2,2,2,7,34172,M,4359460.0,389042.0,34
200800045410,8,8,16,310,5,2,1,1,6,34172,M,,,34
200800045411,8,8,17,1702,1,2,2,1,2,34172,M,4361053.0,391482.0,34
200800045412,8,8,8,2330,5,2,1,1,6,34172,M,4360744.0,386701.0,34
200800045413,8,8,19,130,5,2,2,1,3,34172,M,,,34
200800045414,8,8,19,1228,1,2,4,1,7,34172,M,4360460.0,386513.0,34
200800045415,8,8,19,1300,1,2,1,1,2,34172,M,4358638.0,388927.0,34
200800045416,8,8,19,1910,1,2,2,1,3,34172,M,4361511.0,386971.0,34
200800045417,8,8,20,1420,1,2,1,1,2,34198,M,4355761.0,396454.0,34
200800045418,8,8,20,1710,1,2,3,1,3,34172,M,4361980.0,386524.0,34
200800045419,8,8,20,1840,1,2,1,1,6,34172,M,4360217.0,386991.0,34
200800045420,8,8,21,1245,1,2,1,1,7,34172,M,4359695.0,383857.0,34
200800045421,8,8,22,1630,1,2,6,1,1,34172,M,,,34
200800045422,8,8,25,930,1,2,3,1,7,34172,M,4360387.0,390016.0,34
200800045423,8,8,25,1445,1,2,1,1,3,34172,M,4363081.0,386092.0,34
200800045424,8,8,25,1340,1,2,3,1,3,34172,M,,,34
200800045425,8,8,25,1530,1,2,1,1,5,34172,M,,,34
200800045426,8,8,22,1000,1,2,1,1,6,34172,M,4360660.0,389444.0,34
200800045427,8,8,26,749,1,2,1,1,3,34172,M,4363609.0,386822.0,34
200800045428,8,8,26,2100,5,2,1,1,4,34172,M,4360217.0,386709.0,34
200800045429,8,8,27,2145,5,2,1,1,3,34172,M,4361522.0,389785.0,34
200800045430,8,8,27,2210,5,2,1,1,6,34172,M,4361515.0,382599.0,34
200800045431,8,8,28,950,1,2,4,1,2,34172,M,,,34
200800045432,8,8,27,2010,1,2,1,1,7,34172,M,4362529.0,383574.0,34
200800045433,8,8,27,1900,1,2,1,1,3,34172,M,4361527.0,389789.0,34
200800045434,8,8,27,1530,1,1,1,1,4,34172,M,4358032.0,391861.0,34
200800045435,8,8,29,954,1,2,1,1,7,34172,M,4361850.0,389461.0,34
200800045436,8,8,29,1625,1,2,1,1,1,34172,M,4362494.0,385112.0,34
200800045437,8,8,19,1110,1,2,1,1,2,01053,M,,,01
200800045438,8,8,21,1930,1,2,2,1,3,01053,M,,,01
200800045439,8,8,1,850,1,2,1,1,2,76681,M,,,76
200800045440,8,8,1,1625,1,2,1,1,2,76429,M,,,76
200800045441,8,8,3,1715,1,2,1,7,2,76540,M,,,76
200800045442,8,8,4,1215,1,2,1,1,6,76319,M,,,76
200800045443,8,8,4,1645,1,2,1,1,6,76540,M,,,76
200800045444,8,8,5,1130,1,2,1,1,3,76681,M,,,76
200800045445,8,8,5,2015,1,1,1,1,6,76319,M,,,76
200800045446,8,8,7,120,5,2,2,1,6,76410,M,,,76
200800045447,8,8,9,1110,1,2,1,1,6,76681,M,,,76
200800045448,8,8,14,750,1,2,1,1,1,76681,M,,,76
200800045449,8,8,13,2235,5,2,1,1,7,76157,M,,,76
200800045450,8,8,15,1350,1,2,1,1,3,76322,M,,,76
200800045451,8,8,14,1515,1,2,3,1,3,76410,M,,,76
200800045452,8,8,18,1630,1,1,1,1,7,76319,M,,,76
200800045453,8,8,18,1730,1,2,1,1,7,76216,M,,,76
200800045454,8,8,19,1600,1,2,1,1,3,76681,M,,,76
200800045455,8,8,25,40,5,2,1,1,3,76540,M,,,76
200800045456,8,8,27,1330,1,2,2,1,7,76095,M,,,76
200800045457,8,8,27,1750,1,2,1,1,3,76540,M,,,76
200800045458,8,8,27,1745,1,2,3,1,3,76322,M,,,76
200800045459,8,8,29,1450,1,2,1,1,3,76451,M,,,76
200800045460,8,8,29,2005,1,2,1,1,1,76540,M,,,76
200800045461,8,8,29,1530,1,2,1,1,2,76681,M,,,76
200800045462,8,8,30,1215,1,2,1,1,6,76575,M,,,76
200800045463,8,8,11,1755,1,2,1,1,7,45208,M,,,45
200800045464,8,8,29,2320,5,2,1,1,3,59392,M,,,59
200800045465,8,8,5,2140,2,2,2,1,3,85191,M,,,85
200800045466,8,8,25,1655,1,2,1,1,3,93013,M,,,93
200800045467,8,8,20,1615,1,2,1,1,3,93013,M,,,93
200800045468,8,8,13,1157,1,2,1,1,6,93027,M,,,93
200800045469,8,8,23,1915,1,2,6,1,3,93013,M,,,93
200800045470,8,8,1,200,5,1,1,1,6,13077,M,,,13
200800045471,8,8,6,1245,1,2,1,1,3,13056,M,,,13
200800045472,8,8,11,2230,5,2,1,1,1,13056,M,,,13
200800045473,8,8,6,1540,1,2,1,1,7,13056,M,,,13
200800045474,8,8,8,1145,1,1,1,1,2,13056,M,,,13
200800045475,8,8,13,1725,1,2,1,1,3,13056,M,,,13
200800045476,8,8,20,1000,1,2,3,1,2,13056,M,,,13
200800045477,8,8,25,120,3,1,1,1,6,13039,M,,,13
200800045478,8,8,27,1410,1,2,1,1,6,13056,M,,,13
200800045479,8,8,31,1140,1,1,1,1,5,13026,M,,,13
200800045480,8,8,27,1020,1,2,1,1,6,13077,M,,,13
200800045481,8,8,4,1310,1,2,3,1,3,77186,M,,,77
200800045482,8,8,10,200,5,2,1,1,7,77533,M,,,77
200800045483,8,8,14,2250,3,1,1,2,7,77186,M,,,77
200800045484,8,8,24,830,1,1,1,1,7,77186,M,,,77
200800045485,8,8,26,2105,3,1,9,1,6,77186,M,,,77
200800045486,8,8,14,1135,1,1,1,1,1,88413,M,4831733.0,691680.0,88
200800045487,8,8,28,1535,1,2,1,1,6,88413,M,4828991.0,694794.0,88
200800045488,8,8,19,1400,1,2,9,1,3,93071,M,,,93
200800045489,8,8,30,1420,1,2,2,1,6,93071,M,,,93
200800045490,8,8,22,1450,1,1,1,3,5,91433,M,,,91
200800045491,8,8,13,1215,1,2,3,1,5,01053,M,,,01
200800045492,8,8,13,1645,1,2,2,1,5,01053,M,,,01
200800045493,8,8,16,1035,1,2,2,1,3,01053,M,,,01
200800045494,8,8,17,1135,1,2,2,1,3,01053,M,,,01
200800045495,8,8,27,2245,5,2,2,1,3,06027,M,,,06
200800045496,8,8,29,1035,1,2,1,1,3,06123,M,,,06
200800045497,8,8,30,1415,1,2,1,1,3,06123,M,,,06
200800045498,8,8,31,1450,1,2,1,1,2,06027,M,,,06
200800045499,8,8,2,2145,5,2,1,1,6,06029,M,,,06
200800045500,8,8,5,1528,1,2,1,1,3,06029,M,,,06
200800045501,8,8,5,1818,5,2,1,1,3,06029,M,,,06
200800045502,8,8,5,1905,1,2,1,1,7,06029,M,,,06
200800045503,8,8,5,2000,2,2,1,1,7,06029,M,,,06
200800045504,8,8,8,1715,2,2,1,1,6,06029,M,,,06
200800045505,8,8,10,2210,5,2,1,1,7,06029,M,,,06
200800045506,8,8,10,309,5,2,1,1,7,06029,M,,,06
200800045507,8,8,27,1240,1,2,1,1,4,01053,M,,,01
200800045508,8,8,31,340,5,2,1,1,6,01053,M,,,01
200800045509,8,8,12,820,1,2,3,2,6,01283,M,,,01
200800045510,8,8,1,1400,1,1,1,1,1,02408,M,,,02
200800045511,8,8,2,1210,1,2,1,1,2,02408,M,,,02
200800045512,8,8,5,805,1,1,1,1,1,02408,M,,,02
200800045513,8,8,19,2150,3,1,1,1,2,02408,M,,,02
200800045514,8,8,5,1545,1,2,1,1,6,02691,M,,,02
200800045515,8,8,9,650,2,2,3,1,3,02691,M,,,02
200800045516,8,8,22,1530,1,2,1,2,2,02549,M,,,02
200800045517,8,8,2,1215,1,2,1,1,3,02691,M,,,02
200800045518,8,8,28,2115,5,2,1,1,6,02691,M,,,02
200800045519,8,8,12,840,1,2,1,2,1,02691,M,,,02
200800045520,8,8,31,1455,1,2,3,1,3,02258,M,,,02
200800045521,8,8,21,1825,1,2,1,1,1,03101,M,,,03
200800045522,8,8,16,300,5,2,3,1,3,03190,M,,,03
200800045523,8,8,30,1250,1,2,3,1,3,03190,M,,,03
200800045524,8,8,2,220,5,2,1,1,6,03095,M,,,03
200800045525,8,8,5,1730,1,2,1,1,3,03310,M,,,03
200800045526,8,8,8,2215,5,2,6,1,6,03310,M,,,03
200800045527,8,8,21,930,1,2,1,1,1,03023,M,,,03
200800045528,8,8,28,1145,1,2,1,1,6,03023,M,,,03
200800045529,8,8,30,1130,1,2,2,2,3,03310,M,,,03
200800045530,8,8,30,1645,1,2,1,1,6,03310,M,,,03
200800045531,8,8,15,505,5,1,1,1,6,04112,M,,,04
200800045532,8,8,6,1720,1,1,1,1,3,05023,M,,,05
200800045533,8,8,13,1205,1,2,1,1,2,05023,M,,,05
200800045534,8,8,23,1550,1,2,1,1,6,05061,M,,,05
200800045535,8,8,24,1105,1,2,1,1,6,05061,M,,,05
200800045536,8,8,19,1520,1,2,1,1,6,05061,M,,,05
200800045537,8,8,2,1850,1,1,1,1,2,06155,M,,,06
200800045538,8,8,5,1523,1,2,1,1,3,06004,M,,,06
200800045539,8,8,5,1900,1,2,2,1,7,06155,M,,,06
200800045540,8,8,6,1600,1,2,1,1,2,06004,M,,,06
200800045541,8,8,8,1910,1,2,1,1,1,06004,M,,,06
200800045542,8,8,8,1055,1,2,3,1,3,06004,M,,,06
200800045543,8,8,9,600,2,2,1,1,6,06004,M,,,06
200800045544,8,8,11,830,1,2,1,7,6,06004,M,,,06
200800045545,8,8,12,330,5,2,1,1,7,06155,M,,,06
200800045546,8,8,14,1940,1,2,1,1,2,06004,M,,,06
200800045547,8,8,17,600,2,2,3,1,3,06004,M,,,06
200800045548,8,8,18,1600,1,2,1,1,3,06004,M,,,06
200800045549,8,8,20,1015,1,2,3,1,3,06004,M,,,06
200800045550,8,8,23,403,5,2,1,1,6,06004,M,,,06
200800045551,8,8,23,950,1,2,1,1,2,06004,M,,,06
200800045552,8,8,21,2316,5,2,1,1,6,06155,M,,,06
200800045553,8,8,30,1210,1,1,1,1,3,06155,M,,,06
200800045554,8,8,1,1000,1,2,1,1,3,06027,M,,,06
200800045555,8,8,2,1140,1,2,1,1,5,06027,M,,,06
200800045556,8,8,2,2030,1,2,1,1,3,06123,M,,,06
200800045557,8,8,4,1725,1,2,1,1,3,06027,M,,,06
200800045558,8,8,4,2050,2,2,1,1,1,06027,M,,,06
200800045559,8,8,5,1410,1,2,1,1,6,06123,M,,,06
200800045560,8,8,5,2025,1,2,1,1,3,06027,M,,,06
200800045561,8,8,6,1730,1,2,3,1,3,06027,M,,,06
200800045562,8,8,7,935,1,2,1,1,5,06123,M,,,06
200800045563,8,8,7,1300,1,2,1,1,2,06027,M,,,06
200800045564,8,8,7,1405,1,2,1,1,2,06123,M,,,06
200800045565,8,8,9,1515,1,2,1,1,6,06027,M,,,06
200800045566,8,8,9,1850,1,2,2,1,3,06123,M,,,06
200800045567,8,8,9,2225,5,2,1,1,7,06123,M,,,06
200800045568,8,8,14,1805,1,2,1,1,1,06123,M,,,06
200800045569,8,8,19,1635,1,2,1,1,6,06027,M,,,06
200800045570,8,8,20,850,1,2,3,1,3,06027,M,,,06
200800045571,8,8,22,1315,1,2,6,1,3,06123,M,,,06
200800045572,8,8,26,1630,1,2,2,1,3,06027,M,,,06