Num_Acc,an,mois,jour,hrmn,lum,agg,int,atm,col,com,gps,lat,long,dep
200800045573,8,8,27,1845,1,2,1,1,4,06027,M,,,06
200800045574,8,8,12,930,2,2,1,1,6,06029,M,,,06
200800045575,8,8,12,1232,1,2,1,7,3,06029,M,,,06
200800045576,8,8,13,1522,1,2,1,1,3,06029,M,,,06
200800045577,8,8,14,128,5,2,1,1,3,06029,M,,,06
200800045578,8,8,4,1700,1,2,1,1,7,06030,M,,,06
200800045579,8,8,15,1950,2,2,1,1,3,06029,M,,,06
200800045580,8,8,16,1300,1,2,1,1,3,06029,M,,,06
200800045581,8,8,18,1750,1,2,1,1,6,06030,M,,,06
200800045582,8,8,19,816,1,2,2,1,7,06029,M,,,06
200800045583,8,8,20,40,5,2,1,1,6,06029,M,,,06
200800045584,8,8,16,1130,1,2,1,1,3,06029,M,,,06
200800045585,8,8,26,1145,1,2,1,1,3,06029,M,,,06
200800045586,8,8,29,1539,1,2,1,1,3,06029,M,,,06
200800045587,8,8,29,2050,5,2,1,1,6,06029,M,,,06
200800045588,8,8,2,1145,1,2,1,1,3,06069,M,,,06
200800045589,8,8,5,2045,2,2,1,1,7,06069,M,,,06
200800045590,8,8,7,2015,2,1,1,1,7,06069,M,,,06
200800045591,8,8,9,2255,5,2,1,1,7,06069,M,,,06
200800045592,8,8,11,1025,1,2,1,1,3,06069,M,,,06
200800045593,8,8,11,1605,1,2,1,2,3,06069,M,,,06
200800045594,8,8,19,1500,1,2,1,1,4,06069,M,,,06
200800045595,8,8,19,1645,1,2,1,1,7,06069,M,,,06
200800045596,8,8,19,2315,5,2,1,1,7,06069,M,,,06
200800045597,8,8,20,1900,1,2,1,1,3,06069,M,,,06
200800045598,8,8,22,1530,1,2,3,1,1,06069,M,,,06
200800045599,8,8,23,625,2,2,1,1,7,06069,M,,,06
200800045600,8,8,24,1320,1,2,1,1,6,06069,M,,,06
200800045601,8,8,25,130,5,2,4,1,1,06069,M,,,06
200800045602,8,8,25,1055,1,2,1,1,4,06069,M,,,06
200800045603,8,8,25,1745,1,2,1,1,2,06069,M,,,06
200800045604,8,8,26,1755,1,2,1,1,7,06069,M,,,06
200800045605,8,8,27,1950,2,2,1,1,1,06069,M,,,06
200800045606,8,8,29,810,1,2,1,1,1,06069,M,,,06
200800045607,8,8,29,1130,1,2,1,1,7,06069,M,,,06
200800045608,8,8,16,1900,1,2,1,1,6,06083,M,,,06
200800045609,8,8,6,1225,1,2,2,1,1,06083,M,,,06
200800045610,8,8,6,950,1,2,1,1,6,06083,M,,,06
200800045611,8,8,8,1520,1,2,1,1,2,06104,M,,,06
200800045612,8,8,18,1625,1,2,1,1,1,06083,M,,,06
200800045613,8,8,25,2115,5,2,3,1,3,06104,M,,,06
200800045614,8,8,26,945,1,2,6,1,3,06083,M,,,06
200800045615,8,8,26,2029,5,2,1,1,1,06083,M,,,06
200800045616,8,8,24,1215,1,2,3,1,5,06083,M,,,06
200800045617,8,8,27,1150,1,2,1,1,6,06083,M,,,06
200800045618,8,8,1,1505,1,2,3,1,3,06088,M,,,06
200800045619,8,8,1,1705,1,2,3,1,3,06088,M,,,06
200800045620,8,8,1,2030,2,2,1,1,3,06088,M,,,06
200800045621,8,8,2,140,5,2,1,1,3,06088,M,,,06
200800045622,8,8,3,1800,1,1,1,1,1,06088,M,,,06
200800045623,8,8,3,2150,5,2,1,1,6,06088,M,,,06
200800045624,8,8,4,1205,1,2,3,1,3,06088,M,,,06
200800045625,8,8,5,920,1,2,1,1,6,06088,M,,,06
200800045626,8,8,5,1155,1,2,3,1,6,06088,M,,,06
200800045627,8,8,5,1610,1,2,1,1,3,06088,M,,,06
200800045628,8,8,5,2145,5,2,1,1,5,06088,M,,,06
200800045629,8,8,5,2205,5,2,2,1,3,06088,M,,,06
200800045630,8,8,6,15,5,2,2,1,6,06088,M,,,06
200800045631,8,8,6,40,5,2,1,1,6,06088,M,,,06
200800045632,8,8,6,1340,1,2,7,1,4,06088,M,,,06
200800045633,8,8,6,1345,1,2,1,1,2,06088,M,,,06
200800045634,8,8,6,2140,5,2,1,1,3,06088,M,,,06
200800045635,8,8,6,2210,5,2,2,1,3,06088,M,,,06
200800045636,8,8,7,1400,1,2,1,1,6,06088,M,,,06
200800045637,8,8,7,2020,5,2,3,1,2,06088,M,,,06
200800045638,8,8,8,615,2,2,2,1,3,06088,M,,,06
200800045639,8,8,8,750,1,2,1,1,6,06088,M,,,06
200800045640,8,8,8,950,1,2,1,1,6,06088,M,,,06
200800045641,8,8,8,1010,1,2,1,1,2,06088,M,,,06
200800045642,8,8,8,1915,1,2,2,1,3,06088,M,,,06
200800045643,8,8,8,2120,5,2,1,1,6,06088,M,,,06
200800045644,8,8,9,1135,1,2,3,1,6,06088,M,,,06
200800045645,8,8,9,1220,1,2,2,1,3,06088,M,,,06
200800045646,8,8,9,1545,1,2,1,1,3,06088,M,,,06
200800045647,8,8,9,1630,1,2,1,1,2,06088,M,,,06
200800045648,8,8,9,2210,5,2,1,1,6,06088,M,,,06
200800045649,8,8,10,1420,1,2,2,1,3,06088,M,,,06
200800045650,8,8,10,2030,2,2,3,1,6,06088,M,,,06
200800045651,8,8,11,210,4,2,1,1,7,06088,M,,,06
200800045652,8,8,11,1445,1,2,1,1,3,06088,M,,,06
200800045653,8,8,12,750,1,2,1,1,3,06088,M,,,06
200800045654,8,8,12,855,1,2,1,1,2,06088,M,,,06
200800045655,8,8,12,1028,1,2,1,1,1,06088,M,,,06
200800045656,8,8,12,1855,1,2,1,1,6,06088,M,,,06
200800045657,8,8,12,2310,5,2,2,1,3,06088,M,,,06
200800045658,8,8,13,800,1,2,2,1,6,06088,M,,,06
200800045659,8,8,13,1220,1,2,1,1,3,06088,M,,,06
200800045660,8,8,13,1630,1,2,1,1,3,06088,M,,,06
200800045661,8,8,13,2145,2,2,2,1,1,06088,M,,,06
200800045662,8,8,14,910,1,2,1,1,6,06088,M,,,06
200800045663,8,8,14,1220,1,1,4,1,3,06088,M,,,06
200800045664,8,8,14,1905,1,2,3,1,6,06088,M,,,06
200800045665,8,8,14,2235,5,2,2,1,3,06088,M,,,06
200800045666,8,8,15,1655,1,2,2,1,3,06088,M,,,06
200800045667,8,8,15,1855,1,1,4,1,1,06088,M,,,06
200800045668,8,8,16,300,5,2,1,1,1,06088,M,,,06
200800045669,8,8,16,700,1,2,1,1,1,06159,M,,,06
200800045670,8,8,17,330,5,2,2,1,3,06088,M,,,06
200800045671,8,8,17,1810,1,2,1,1,6,06088,M,,,06
200800045672,8,8,18,830,1,2,2,1,3,06088,M,,,06
200800045673,8,8,19,1430,1,2,1,1,6,06088,M,,,06
200800045674,8,8,19,1940,2,2,3,1,3,06088,M,,,06
200800045675,8,8,20,255,5,2,1,1,6,06088,M,,,06
200800045676,8,8,20,1350,1,2,2,1,3,06088,M,,,06
200800045677,8,8,20,1500,1,2,1,1,1,06088,M,,,06
200800045678,8,8,20,1755,1,2,1,1,6,06088,M,,,06
200800045679,8,8,21,1125,1,2,1,1,5,06088,M,,,06
200800045680,8,8,21,745,1,2,3,1,3,06088,M,,,06
200800045681,8,8,21,830,1,2,1,1,2,06088,M,,,06
200800045682,8,8,21,1245,1,2,1,1,6,06088,M,,,06
200800045683,8,8,21,2000,1,2,3,1,3,06088,M,,,06
200800045684,8,8,22,1810,1,2,2,1,3,06088,M,,,06
200800045685,8,8,22,1855,1,2,1,1,2,06088,M,,,06
200800045686,8,8,24,1730,1,2,1,1,6,06088,M,,,06
200800045687,8,8,24,2300,5,2,2,1,3,06088,M,,,06
200800045688,8,8,25,1250,1,2,2,1,6,06088,M,,,06
200800045689,8,8,25,1600,1,2,1,1,3,06088,M,,,06
200800045690,8,8,25,2015,2,2,1,1,7,06088,M,,,06
200800045691,8,8,26,1555,1,2,4,1,1,06159,M,,,06
200800045692,8,8,27,220,5,2,1,1,6,06088,M,,,06
200800045693,8,8,27,815,1,2,1,1,3,06088,M,,,06
200800045694,8,8,27,1205,1,2,1,1,6,06088,M,,,06
200800045695,8,8,27,1715,1,2,1,1,5,06088,M,,,06
200800045696,8,8,27,1815,1,2,1,1,3,06088,M,,,06
200800045697,8,8,28,400,5,2,3,1,3,06088,M,,,06
200800045698,8,8,28,810,1,2,1,1,6,06088,M,,,06
200800045699,8,8,28,830,1,2,1,1,3,06088,M,,,06
200800045700,8,8,28,905,1,2,1,1,6,06088,M,,,06
200800045701,8,8,29,830,1,2,1,1,1,06088,M,,,06
200800045702,8,8,29,1000,1,1,1,1,3,06088,M,,,06
200800045703,8,8,29,1200,1,2,1,1,6,06088,M,,,06
200800045704,8,8,29,1345,1,2,1,1,2,06088,M,,,06
200800045705,8,8,29,1830,1,2,2,1,3,06088,M,,,06
200800045706,8,8,29,2246,5,2,1,1,6,06088,M,,,06
200800045707,8,8,30,1335,1,2,2,1,3,06088,M,,,06
200800045708,8,8,30,1550,1,2,2,1,3,06088,M,,,06
200800045709,8,8,30,1930,1,2,2,1,3,06088,M,,,06
200800045710,8,8,31,1455,1,2,1,1,7,06088,M,,,06
200800045711,8,8,31,1810,1,2,1,1,3,06088,M,,,06
200800045712,8,8,31,1855,1,2,1,1,7,06088,M,,,06
200800045713,8,8,31,20,5,2,1,1,6,06088,M,,,06
200800045714,8,8,2,1040,1,1,1,1,3,07102,M,,,07
200800045715,8,8,19,1336,1,2,1,1,1,08105,M,,,08
200800045716,8,8,28,2035,2,2,2,8,3,08497,M,,,08
200800045717,8,8,2,1940,1,2,2,1,3,09225,M,,,09
200800045718,8,8,2,545,5,2,2,1,1,10387,M,,,10
200800045719,8,8,5,1400,1,2,6,1,3,10387,M,,,10
200800045720,8,8,12,800,1,2,1,2,6,10321,M,,,10
200800045721,8,8,17,1355,1,2,1,1,7,10060,M,,,10
200800045722,8,8,30,1720,1,2,1,1,6,10357,M,,,10
200800045723,8,8,30,1630,1,2,1,1,7,10343,M,,,10
200800045724,8,8,28,1435,1,2,3,1,6,10343,M,,,10
200800045725,8,8,26,1025,1,2,6,1,2,10357,M,,,10
200800045726,8,8,3,1815,1,2,1,7,6,11069,M,,,11
200800045727,8,8,31,2025,1,1,1,2,1,11069,M,,,11
200800045728,8,8,29,1344,1,2,3,1,1,11069,M,,,11
200800045729,8,8,14,620,2,2,1,1,6,11262,M,,,11
200800045730,8,8,18,1850,1,2,1,1,2,11262,M,,,11
200800045731,8,8,28,1815,1,2,1,1,3,11262,M,,,11
200800045732,8,8,23,700,2,2,4,1,6,11262,M,,,11
200800045733,8,8,1,1755,1,2,1,1,6,11262,M,,,11
200800045734,8,8,1,1825,1,2,1,1,4,11262,M,,,11
200800045735,8,8,2,20,5,2,1,1,7,11262,M,,,11
200800045736,8,8,4,500,2,1,1,1,3,11262,M,,,11
200800045737,8,8,12,1110,1,2,3,1,3,11262,M,,,11
200800045738,8,8,12,1555,1,2,1,1,3,11262,M,,,11
200800045739,8,8,14,1335,1,2,1,1,6,11262,M,,,11
200800045740,8,8,16,1700,1,2,1,1,6,11262,M,,,11
200800045741,8,8,17,500,5,2,1,1,3,11262,M,,,11
200800045742,8,8,29,740,1,2,1,1,5,11262,M,,,11
200800045743,8,8,31,1940,1,2,1,1,7,11262,M,,,11
200800045744,8,8,5,748,1,2,6,1,6,12145,M,,,12
200800045745,8,8,12,2230,5,2,1,1,1,12145,M,,,12
200800045746,8,8,11,1055,1,2,1,2,1,12084,M,,,12
200800045747,8,8,25,1430,1,2,3,1,3,12145,M,,,12
200800045748,8,8,25,1215,1,2,1,1,2,12145,M,,,12
200800045749,8,8,4,2035,2,2,1,1,1,12202,M,,,12
200800045750,8,8,28,1810,1,2,1,1,3,12202,M,,,12
200800045751,8,8,6,2323,5,2,3,1,3,13001,M,,,13
200800045752,8,8,12,1242,1,2,1,1,6,13001,M,,,13
200800045753,8,8,19,1830,1,1,9,1,7,13001,M,,,13
200800045754,8,8,24,1335,1,2,1,1,3,13001,M,,,13
200800045755,8,8,24,455,5,2,1,1,6,13001,M,,,13
200800045756,8,8,27,2255,5,2,2,1,3,13001,M,,,13
200800045757,8,8,29,1515,1,1,1,1,3,13001,M,,,13
200800045758,8,8,29,800,1,1,9,7,3,13001,M,,,13
200800045759,8,8,1,1115,1,2,1,1,4,13004,M,,,13
200800045760,8,8,4,1855,1,2,9,1,1,13004,M,,,13
200800045761,8,8,6,1025,1,2,3,1,3,13004,M,,,13
200800045762,8,8,12,1020,1,2,1,1,7,13004,M,,,13
200800045763,8,8,23,1105,1,1,1,1,4,13004,M,,,13
200800045764,8,8,24,1220,1,1,1,1,7,13004,M,,,13
200800045765,8,8,28,1030,1,2,1,1,1,13004,M,,,13
200800045766,8,8,18,1215,1,1,1,1,2,13004,M,,,13
200800045767,8,8,3,2255,5,2,2,1,3,13005,M,,,13
200800045768,8,8,12,2140,5,2,6,2,7,13005,M,,,13
200800045769,8,8,4,1140,1,2,2,1,3,13028,M,,,13
200800045770,8,8,1,1656,1,2,1,1,6,13028,M,,,13
200800045771,8,8,1,1810,1,2,6,1,3,13047,M,,,13
200800045772,8,8,7,800,1,2,1,1,2,13047,M,,,13
200800045773,8,8,10,2125,3,1,1,1,7,13063,M,,,13
200800045774,8,8,4,1055,1,2,1,1,4,13054,M,,,13
200800045775,8,8,5,750,1,2,1,1,3,13054,M,,,13
200800045776,8,8,5,924,1,2,2,1,6,13054,M,,,13
200800045777,8,8,16,1625,1,2,1,1,2,13102,M,,,13
200800045778,8,8,22,1115,1,2,2,1,3,13043,M,,,13
200800045779,8,8,22,1351,1,2,1,1,6,13054,M,,,13
200800045780,8,8,28,1735,3,1,2,1,3,13043,M,,,13
200800045781,8,8,1,1320,1,2,2,1,1,13055,M,,,13
200800045782,8,8,2,435,3,1,1,1,7,13055,M,,,13
200800045783,8,8,3,1850,1,2,3,1,3,13055,M,,,13
200800045784,8,8,4,2311,5,2,3,1,1,13055,M,,,13
200800045785,8,8,1,2225,4,2,1,1,1,13055,M,,,13
200800045786,8,8,4,1915,1,2,1,1,2,13055,M,,,13
200800045787,8,8,4,2207,5,2,9,1,5,13055,M,,,13
200800045788,8,8,2,1445,1,2,1,1,3,13055,M,,,13
200800045789,8,8,5,1830,1,2,2,1,6,13055,M,,,13
200800045790,8,8,1,1415,1,2,2,1,6,13055,M,,,13
200800045791,8,8,6,1630,1,2,1,1,3,13055,M,,,13
200800045792,8,8,7,1845,1,2,1,1,6,13055,M,,,13
200800045793,8,8,1,500,5,2,1,1,6,13055,M,,,13
200800045794,8,8,8,1430,1,2,1,1,6,13055,M,,,13
200800045795,8,8,11,250,5,2,1,1,6,13055,M,,,13
200800045796,8,8,4,1510,1,2,1,1,2,13055,M,,,13
200800045797,8,8,6,1715,1,2,1,1,3,13055,M,,,13
200800045798,8,8,11,1650,1,2,1,1,7,13055,M,,,13
200800045799,8,8,4,1715,1,2,3,1,2,13055,M,,,13
200800045800,8,8,6,1945,2,2,1,1,6,13055,M,,,13
200800045801,8,8,5,1815,1,2,1,1,1,13055,M,,,13
200800045802,8,8,5,1250,1,2,1,1,7,13055,M,,,13
200800045803,8,8,6,2200,5,2,1,1,2,13055,M,,,13
200800045804,8,8,5,825,1,2,2,1,3,13055,M,,,13
200800045805,8,8,12,1450,1,2,1,1,3,13055,M,,,13
200800045806,8,8,5,1200,1,2,3,1,3,13055,M,,,13
200800045807,8,8,10,1900,1,1,1,1,6,13055,M,,,13
200800045808,8,8,8,2100,2,2,1,1,3,13055,M,,,13
200800045809,8,8,5,1540,1,2,1,1,6,13055,M,,,13
200800045810,8,8,5,1115,1,2,1,1,2,13055,M,,,13
200800045811,8,8,4,845,1,2,1,1,7,13055,M,,,13
200800045812,8,8,2,1400,1,2,1,1,3,13055,M,,,13
200800045813,8,8,5,2225,5,2,6,1,7,13055,M,,,13
200800045814,8,8,11,2330,5,2,1,1,3,13055,M,,,13
200800045815,8,8,4,2015,1,2,1,1,2,13055,M,,,13
200800045816,8,8,6,1745,1,2,1,1,6,13055,M,,,13
200800045817,8,8,2,2140,5,2,3,1,6,13055,M,,,13
200800045818,8,8,4,1730,1,2,3,1,3,13055,M,,,13
200800045819,8,8,1,2250,5,2,2,1,6,13055,M,,,13
200800045820,8,8,2,1000,1,2,1,1,7,13055,M,,,13
200800045821,8,8,1,2245,5,2,1,1,3,13055,M,,,13
200800045822,8,8,9,2335,4,2,1,1,6,13055,M,,,13
200800045823,8,8,8,1735,1,2,1,1,1,13055,M,,,13
200800045824,8,8,7,1200,1,2,1,1,6,13055,M,,,13
200800045825,8,8,5,1831,1,2,1,7,2,13055,M,,,13
200800045826,8,8,17,2300,5,2,1,1,2,13055,M,,,13
200800045827,8,8,17,530,5,2,1,1,6,13055,M,,,13
200800045828,8,8,17,105,5,2,1,1,2,13055,M,,,13
200800045829,8,8,10,1600,1,2,1,1,3,13055,M,,,13
200800045830,8,8,14,1600,1,2,1,1,6,13055,M,,,13
200800045831,8,8,18,600,2,2,1,1,3,13055,M,,,13
200800045832,8,8,11,1425,1,2,1,1,1,13055,M,,,13
200800045833,8,8,3,1200,1,2,1,1,3,13055,M,,,13
200800045834,8,8,14,930,1,2,1,1,2,13055,M,,,13
200800045835,8,8,14,850,1,2,3,7,6,13055,M,,,13
200800045836,8,8,12,950,1,2,1,1,6,13055,M,,,13
200800045837,8,8,11,1315,1,2,1,1,2,13055,M,,,13
200800045838,8,8,1,1005,1,2,1,1,7,13055,M,,,13
200800045839,8,8,2,2250,5,2,1,1,7,13055,M,,,13
200800045840,8,8,21,755,1,2,1,1,6,13055,M,,,13
200800045841,8,8,21,1830,1,2,1,1,3,13055,M,,,13
200800045842,8,8,21,1720,1,1,1,1,7,13055,M,,,13
200800045843,8,8,21,1730,1,2,1,1,2,13055,M,,,13
200800045844,8,8,22,2100,5,2,1,1,6,13055,M,,,13
200800045845,8,8,23,220,5,2,3,1,3,13055,M,,,13
200800045846,8,8,25,1345,1,2,1,1,3,13075,M,,,13
200800045847,8,8,18,1940,1,2,1,1,3,13055,M,,,13
200800045848,8,8,19,800,1,2,2,7,6,13055,M,,,13
200800045849,8,8,11,1550,1,2,1,1,2,13055,M,,,13
200800045850,8,8,11,2310,5,2,2,1,3,13055,M,,,13
200800045851,8,8,4,1520,1,2,1,1,2,13055,M,,,13
200800045852,8,8,18,140,5,2,1,1,6,13055,M,,,13
200800045853,8,8,21,1200,1,2,6,1,3,13075,M,,,13
200800045854,8,8,26,1943,1,2,1,1,3,13055,M,,,13
200800045855,8,8,22,2130,5,2,1,1,7,13055,M,,,13
200800045856,8,8,14,715,1,2,1,1,3,13055,M,,,13
200800045857,8,8,1,1900,1,2,1,1,6,13055,M,,,13
200800045858,8,8,12,1430,1,2,1,1,6,13055,M,,,13
200800045859,8,8,20,1930,1,2,1,1,6,13055,M,,,13
200800045860,8,8,17,1800,1,2,1,1,1,13055,M,,,13
200800045861,8,8,16,1305,1,2,1,1,3,13055,M,,,13
200800045862,8,8,19,1400,1,2,2,1,3,13055,M,,,13
200800045863,8,8,23,2110,5,2,2,1,3,13002,M,,,13
200800045864,8,8,20,1350,1,2,1,1,2,13055,M,,,13
200800045865,8,8,27,1715,1,2,1,1,1,13055,M,,,13
200800045866,8,8,28,1900,1,2,1,1,1,13055,M,,,13
200800045867,8,8,26,920,1,2,1,1,6,13055,M,,,13
200800045868,8,8,20,1230,1,2,1,1,3,13055,M,,,13
200800045869,8,8,2,645,1,2,1,1,6,13055,M,,,13
200800045870,8,8,25,900,1,2,1,1,6,13055,M,,,13
200800045871,8,8,25,1700,1,2,1,1,2,13075,M,,,13
200800045872,8,8,30,1430,1,2,1,1,6,13055,M,,,13
200800045873,8,8,19,1235,1,2,1,1,1,13055,M,,,13
200800045874,8,8,31,2320,5,2,1,1,6,13055,M,,,13
200800045875,8,8,29,1530,1,2,1,1,6,13055,M,,,13
200800045876,8,8,22,2200,5,2,3,1,1,13055,M,,,13
200800045877,8,8,23,2345,5,1,2,1,3,13055,M,,,13
200800045878,8,8,8,2340,5,2,2,1,3,13055,M,,,13
200800045879,8,8,26,130,5,2,3,1,3,13055,M,,,13
200800045880,8,8,11,1340,1,2,1,2,1,13055,M,,,13
200800045881,8,8,27,2120,5,2,1,1,6,13055,M,,,13
200800045882,8,8,22,1655,1,2,2,1,2,13055,M,,,13
200800045883,8,8,2,2000,2,2,1,1,7,13055,M,,,13
200800045884,8,8,16,1550,1,2,4,1,3,13055,M,,,13
200800045885,8,8,4,1150,1,2,1,1,3,13055,M,,,13
200800045886,8,8,2,1810,1,2,1,1,6,13055,M,,,13
200800045887,8,8,15,1500,1,2,1,1,6,13055,M,,,13
200800045888,8,8,19,1200,1,2,1,1,6,13055,M,,,13
200800045889,8,8,13,1845,1,2,1,1,7,13055,M,,,13
200800045890,8,8,16,2210,5,2,1,1,2,13055,M,,,13
200800045891,8,8,13,810,1,2,1,1,3,13055,M,,,13
200800045892,8,8,22,1540,1,2,1,1,3,13055,M,,,13
200800045893,8,8,21,2045,2,2,1,1,2,13055,M,,,13
200800045894,8,8,6,1300,1,2,2,1,3,13055,M,,,13
200800045895,8,8,22,1630,1,2,1,1,3,13055,M,,,13
200800045896,8,8,22,1620,1,2,1,1,2,13055,M,,,13
200800045897,8,8,29,1330,1,2,1,1,6,13055,M,,,13
200800045898,8,8,22,1631,1,2,3,1,2,13055,M,,,13
200800045899,8,8,29,1615,1,2,1,1,3,13055,M,,,13
200800045900,8,8,25,1000,1,2,1,1,6,13055,M,,,13
200800045901,8,8,29,2145,5,2,1,1,2,13055,M,,,13
200800045902,8,8,30,1630,1,2,1,1,2,13055,M,,,13
200800045903,8,8,29,1215,1,2,1,1,2,13055,M,,,13
200800045904,8,8,26,1750,1,2,1,1,1,13055,M,,,13
200800045905,8,8,11,1245,1,2,1,1,3,13055,M,,,13
200800045906,8,8,18,1930,1,2,1,1,3,13055,M,,,13
200800045907,8,8,26,1150,1,2,1,1,2,13002,M,,,13
200800045908,8,8,18,1800,1,2,2,1,6,13055,M,,,13
200800045909,8,8,19,1430,1,2,1,1,2,13055,M,,,13
200800045910,8,8,28,1830,1,2,1,1,2,13055,M,,,13
200800045911,8,8,3,800,1,2,1,1,3,13055,M,,,13
200800045912,8,8,29,1900,1,2,1,1,2,13055,M,,,13
200800045913,8,8,15,1615,1,2,2,1,6,13055,M,,,13
200800045914,8,8,26,1230,1,2,1,1,2,13055,M,,,13
200800045915,8,8,10,1930,1,2,1,1,6,13055,M,,,13
200800045916,8,8,27,900,1,2,2,1,6,13055,M,,,13
200800045917,8,8,25,1920,1,2,3,1,3,13055,M,,,13
200800045918,8,8,3,2205,5,2,3,1,3,13055,M,,,13
200800045919,8,8,26,930,1,2,1,1,2,13055,M,,,13
200800045920,8,8,11,2300,5,2,1,1,7,13055,M,,,13
200800045921,8,8,26,1820,1,2,1,1,7,13055,M,,,13
200800045922,8,8,6,1230,1,2,1,1,3,13055,M,,,13
200800045923,8,8,3,1,5,2,1,1,6,13055,M,,,13
200800045924,8,8,9,1930,1,2,1,1,1,13055,M,,,13
200800045925,8,8,20,2040,2,2,1,1,2,13055,M,,,13
200800045926,8,8,7,1030,1,2,6,1,6,13055,M,,,13
200800045927,8,8,16,1445,1,2,1,1,2,13002,M,,,13
200800045928,8,8,12,945,1,2,3,1,3,13055,M,,,13
200800045929,8,8,13,1230,1,2,6,1,3,13055,M,,,13
200800045930,8,8,20,1825,1,2,1,1,6,13055,M,,,13
200800045931,8,8,30,1840,1,2,1,1,6,13055,M,,,13
200800045932,8,8,22,1525,1,2,1,1,6,13055,M,,,13
200800045933,8,8,12,700,1,2,6,1,6,13055,M,,,13
200800045934,8,8,22,1330,1,2,1,1,2,13055,M,,,13
200800045935,8,8,18,845,1,2,1,1,6,13055,M,,,13
200800045936,8,8,29,1901,1,2,1,1,3,13055,M,,,13
200800045937,8,8,21,1831,1,2,1,1,2,13055,M,,,13
200800045938,8,8,30,300,5,2,1,1,7,13055,M,,,13
200800045939,8,8,26,1821,1,2,1,1,2,13055,M,,,13
200800045940,8,8,26,1231,1,2,1,1,6,13055,M,,,13
200800045941,8,8,22,1245,1,2,1,1,3,13055,M,,,13
200800045942,8,8,4,55,5,2,1,1,6,13055,M,,,13
200800045943,8,8,31,2005,2,2,1,1,3,13055,M,,,13
200800045944,8,8,28,1505,1,2,1,1,7,13055,M,,,13
200800045945,8,8,14,2300,5,2,3,1,3,13055,M,,,13
200800045946,8,8,27,1430,1,2,1,1,7,13055,M,,,13
200800045947,8,8,25,1415,1,2,1,1,6,13055,M,,,13
200800045948,8,8,14,1830,1,2,2,1,6,13055,M,,,13
200800045949,8,8,24,2100,5,2,1,1,3,13055,M,,,13
200800045950,8,8,29,1000,1,2,1,1,2,13055,M,,,13
200800045951,8,8,29,1845,1,2,1,1,3,13055,M,,,13
200800045952,8,8,8,800,1,2,1,1,6,13055,M,,,13
200800045953,8,8,19,1201,1,2,9,1,6,13055,M,,,13
200800045954,8,8,21,740,1,2,1,1,6,13055,M,,,13
200800045955,8,8,14,1000,1,2,3,1,3,13055,M,,,13
200800045956,8,8,24,1840,1,2,1,1,3,13055,M,,,13
200800045957,8,8,25,1240,1,2,2,1,3,13055,M,,,13
200800045958,8,8,27,1510,1,2,1,1,6,13055,M,,,13
200800045959,8,8,27,845,1,2,1,1,3,13055,M,,,13
200800045960,8,8,12,1725,1,2,1,1,6,13055,M,,,13
200800045961,8,8,19,1215,1,2,3,1,3,13055,M,,,13
200800045962,8,8,29,830,1,2,1,1,3,13055,M,,,13
200800045963,8,8,27,1830,1,2,1,1,1,13055,M,,,13
200800045964,8,8,29,1430,1,2,2,1,3,13055,M,,,13
200800045965,8,8,16,1150,1,2,3,1,3,13055,M,,,13
200800045966,8,8,24,1910,1,2,1,1,3,13055,M,,,13
200800045967,8,8,13,1500,1,2,1,1,3,13055,M,,,13
200800045968,8,8,31,1030,1,2,1,1,2,13055,M,,,13
200800045969,8,8,2,1750,1,2,5,1,4,13055,M,,,13
200800045970,8,8,21,1045,1,2,1,1,6,13055,M,,,13
200800045971,8,8,5,1110,1,1,1,1,7,13078,M,,,13
200800045972,8,8,6,1900,1,2,5,1,3,13078,M,,,13
200800045973,8,8,30,1740,1,2,1,1,3,13103,M,,,13
200800045974,8,8,7,1805,1,1,1,1,7,13108,M,,,13
200800045975,8,8,9,2035,1,1,6,1,2,13108,M,,,13
200800045976,8,8,6,1740,1,2,1,1,6,13117,M,,,13
200800045977,8,8,6,1830,1,1,9,1,6,13071,M,,,13
200800045978,8,8,7,1045,1,2,1,1,2,13117,M,,,13
200800045979,8,8,10,1800,1,1,2,1,3,13117,M,,,13
200800045980,8,8,13,1020,1,2,1,1,3,13117,M,,,13
200800045981,8,8,22,35,5,2,1,1,1,13117,M,,,13
200800045982,8,8,22,1830,1,2,1,1,1,13071,M,,,13
200800045983,8,8,23,2100,5,1,1,1,1,13071,M,,,13
200800045984,8,8,24,1940,1,2,3,1,6,13117,M,,,13
200800045985,8,8,30,2025,2,2,2,1,3,13117,M,,,13
200800045986,8,8,1,1320,1,2,1,1,2,14137,M,,,14
200800045987,8,8,9,30,5,2,1,1,1,14118,M,,,14
200800045988,8,8,10,2035,1,2,1,1,3,14437,M,,,14
200800045989,8,8,20,110,5,1,1,1,3,14437,M,,,14
200800045990,8,8,20,1215,1,2,6,1,3,14327,M,,,14
200800045991,8,8,22,1730,1,2,1,1,2,14118,M,,,14
200800045992,8,8,23,2345,5,2,2,1,3,14101,M,,,14
200800045993,8,8,4,1845,1,2,3,1,3,14225,M,,,14
200800045994,8,8,22,1255,1,2,1,1,3,14225,M,,,14
200800045995,8,8,15,1115,1,2,1,1,3,14333,M,,,14
200800045996,8,8,19,1640,1,2,1,8,1,14333,M,,,14
200800045997,8,8,5,2130,2,2,1,1,1,14069,M,,,14
200800045998,8,8,9,1925,1,1,2,1,3,14366,M,,,14
200800045999,8,8,25,2100,2,2,1,1,3,14366,M,,,14
200800046000,8,8,12,1000,1,2,3,1,6,14220,M,,,14
200800046001,8,8,28,950,1,2,1,1,6,15014,M,,,15