Num_Acc,an,mois,jour,hrmn,lum,agg,int,atm,col,com,gps,lat,long,dep
200800046002,8,8,8,1325,1,2,1,1,1,16358,M,,,16
200800046003,8,8,22,1615,1,1,1,1,3,16113,M,,,16
200800046004,8,8,14,734,1,2,6,1,7,16015,M,,,16
200800046005,8,8,29,1845,1,2,3,1,3,16166,M,,,16
200800046006,8,8,5,1920,1,2,1,1,3,16102,M,,,16
200800046007,8,8,13,1930,1,2,3,1,7,16102,M,,,16
200800046008,8,8,1,1715,1,2,2,1,2,17299,M,,,17
200800046009,8,8,2,920,1,2,2,2,7,17299,M,,,17
200800046010,8,8,2,1205,1,2,1,2,1,17449,M,,,17
200800046011,8,8,2,1235,1,2,2,3,2,17299,M,,,17
200800046012,8,8,4,1205,1,2,1,1,2,17299,M,,,17
200800046013,8,8,15,200,5,2,6,1,7,17299,M,,,17
200800046014,8,8,15,540,5,2,1,1,6,17299,M,,,17
200800046015,8,8,21,1355,1,2,6,1,2,17449,M,,,17
200800046016,8,8,28,1655,1,2,6,1,2,17299,M,,,17
200800046017,8,8,28,1805,1,2,1,1,2,17449,M,,,17
200800046018,8,8,1,1545,1,2,1,1,2,17300,M,,,17
200800046019,8,8,3,125,5,2,1,1,3,17300,M,,,17
200800046020,8,8,5,1345,1,2,1,1,6,17300,M,,,17
200800046021,8,8,5,2029,1,2,6,1,3,17300,M,,,17
200800046022,8,8,6,1810,1,2,1,1,3,17300,M,,,17
200800046023,8,8,8,400,5,2,1,1,6,17300,M,,,17
200800046024,8,8,9,1,5,2,1,1,6,17300,M,,,17
200800046025,8,8,9,905,1,2,1,1,6,17300,M,,,17
200800046026,8,8,11,1440,1,2,1,1,1,17300,M,,,17
200800046027,8,8,11,2100,1,2,1,1,1,17300,M,,,17
200800046028,8,8,13,805,1,1,1,1,7,17200,M,,,17
200800046029,8,8,15,1700,1,2,1,1,1,17300,M,,,17
200800046030,8,8,21,1428,1,2,1,1,6,17300,M,,,17
200800046031,8,8,21,1650,1,2,1,1,2,17300,M,,,17
200800046032,8,8,22,2035,1,2,9,1,3,17300,M,,,17
200800046033,8,8,25,1920,1,2,6,1,3,17300,M,,,17
200800046034,8,8,24,1759,1,2,1,1,6,17300,M,,,17
200800046035,8,8,26,904,1,2,1,1,3,17300,M,,,17
200800046036,8,8,26,1030,1,2,1,1,6,17300,M,,,17
200800046037,8,8,26,1729,1,2,1,1,6,17300,M,,,17
200800046038,8,8,27,1950,1,2,9,1,3,17300,M,,,17
200800046039,8,8,28,1421,1,2,1,1,6,17300,M,,,17
200800046040,8,8,30,2300,5,2,1,1,1,17300,M,,,17
200800046041,8,8,31,2240,5,2,1,1,1,17300,M,,,17
200800046042,8,8,2,1300,1,2,2,1,3,17306,M,,,17
200800046043,8,8,2,1740,1,2,1,1,2,17306,M,,,17
200800046044,8,8,6,1820,1,2,1,1,3,17380,M,,,17
200800046045,8,8,7,1805,1,2,1,1,3,17380,M,,,17
200800046046,8,8,9,500,5,2,1,1,6,17380,M,,,17
200800046047,8,8,9,1555,1,2,6,1,6,17306,M,,,17
200800046048,8,8,11,1610,1,2,1,1,3,17306,M,,,17
200800046049,8,8,12,1200,1,2,1,1,6,17306,M,,,17
200800046050,8,8,13,2155,5,2,1,1,7,17333,M,,,17
200800046051,8,8,15,1150,1,2,1,1,7,17461,M,,,17
200800046052,8,8,18,1700,1,2,1,1,3,17380,M,,,17
200800046053,8,8,18,2050,2,2,1,1,7,17306,M,,,17
200800046054,8,8,20,1530,1,2,2,1,3,17333,M,,,17
200800046055,8,8,20,1625,1,2,1,1,6,17461,M,,,17
200800046056,8,8,22,1027,1,2,1,1,6,17306,M,,,17
200800046057,8,8,26,1640,1,2,1,1,3,17306,M,,,17
200800046058,8,8,26,1700,1,2,1,1,3,17306,M,,,17
200800046059,8,8,29,1900,2,2,1,1,3,17306,M,,,17
200800046060,8,8,1,1310,1,2,1,1,3,17415,M,,,17
200800046061,8,8,8,1645,1,1,1,1,6,17415,M,,,17
200800046062,8,8,9,1600,1,1,1,1,5,17415,M,,,17
200800046063,8,8,11,1725,1,2,1,1,3,17415,M,,,17
200800046064,8,8,12,1730,1,2,1,1,2,17415,M,,,17
200800046065,8,8,14,2145,5,2,3,1,3,17415,M,,,17
200800046066,8,8,17,430,5,1,6,2,6,17415,M,,,17
200800046067,8,8,18,1330,1,2,2,1,3,17415,M,,,17
200800046068,8,8,18,1905,1,2,3,1,3,17415,M,,,17
200800046069,8,8,22,700,5,2,1,3,6,17415,M,,,17
200800046070,8,8,28,1230,1,1,1,1,4,17415,M,,,17
200800046071,8,8,23,2025,1,2,6,1,2,17415,M,,,17
200800046072,8,8,26,1955,1,2,1,1,6,17415,M,,,17
200800046073,8,8,7,1250,1,2,1,1,3,18033,M,,,18
200800046074,8,8,15,2010,1,2,1,1,3,18033,M,,,18
200800046075,8,8,28,1725,1,2,1,1,2,18033,M,,,18
200800046076,8,8,30,1655,1,1,3,1,2,18213,M,,,18
200800046077,8,8,1,720,1,1,1,2,3,18279,M,,,18
200800046078,8,8,3,910,1,2,1,8,5,18279,M,,,18
200800046079,8,8,19,2030,1,2,1,1,6,18279,M,,,18
200800046080,8,8,19,1715,1,2,2,1,3,18279,M,,,18
200800046081,8,8,30,1820,1,2,3,1,3,18279,M,,,18
200800046082,8,8,3,2235,5,2,2,1,6,19031,M,4515753.0,452390.0,19
200800046083,8,8,11,955,1,2,1,3,6,19031,M,4515689.0,452299.0,19
200800046084,8,8,14,1135,1,2,3,2,3,19031,M,4516333.0,453853.0,19
200800046085,8,8,15,1350,1,2,3,1,3,19031,M,4515663.0,454007.0,19
200800046086,8,8,16,2245,5,2,1,1,7,19031,M,4515224.0,452554.0,19
200800046087,8,8,17,1900,1,2,1,1,2,19031,M,4515444.0,412166.0,19
200800046088,8,8,22,910,1,2,1,2,1,19031,M,4515373.0,448751.0,19
200800046089,8,8,25,1145,1,2,2,2,3,19031,M,4516643.0,453490.0,19
200800046090,8,8,27,1000,1,2,2,1,6,19031,M,4516530.0,452065.0,19
200800046091,8,8,28,910,1,2,1,1,6,19031,M,4516712.0,453167.0,19
200800046092,8,8,30,1835,1,2,1,7,6,19031,M,4515544.0,452686.0,19
200800046093,8,8,7,1635,1,2,1,1,3,19275,M,,,19
200800046094,8,8,1,1905,1,2,1,8,2,21231,M,,,21
200800046095,8,8,2,2219,5,2,7,1,6,21231,M,,,21
200800046096,8,8,4,1314,1,2,2,2,3,21231,M,,,21
200800046097,8,8,4,1628,1,2,4,8,2,21355,M,,,21
200800046098,8,8,5,1351,1,2,2,1,2,21231,M,,,21
200800046099,8,8,5,2028,1,2,2,1,3,21231,M,,,21
200800046100,8,8,6,1118,1,2,1,1,6,21231,M,,,21
200800046101,8,8,6,1346,1,2,1,1,2,21231,M,,,21
200800046102,8,8,6,1356,1,2,2,1,3,21231,M,,,21
200800046103,8,8,6,1715,1,2,1,1,4,21231,M,,,21
200800046104,8,8,9,1608,1,2,1,1,2,21231,M,,,21
200800046105,8,8,10,1646,1,2,2,1,3,21231,M,,,21
200800046106,8,8,12,924,1,2,3,2,3,21166,M,,,21
200800046107,8,8,13,2123,5,2,2,1,1,21231,M,,,21
200800046108,8,8,19,1219,1,2,2,3,3,21231,M,,,21
200800046109,8,8,20,918,1,2,2,1,6,21231,M,,,21
200800046110,8,8,20,804,1,2,2,8,3,21231,M,,,21
200800046111,8,8,20,1750,1,2,1,1,6,21231,M,,,21
200800046112,8,8,24,1340,1,1,1,1,6,21231,M,,,21
200800046113,8,8,31,149,5,2,2,1,3,21278,M,,,21
200800046114,8,8,31,1059,1,2,2,7,3,21166,M,,,21
200800046115,8,8,7,1135,1,2,1,1,6,22050,M,,,22
200800046116,8,8,31,2045,2,2,1,1,3,22050,M,,,22
200800046117,8,8,17,1545,3,1,1,1,6,65295,M,,,65
200800046118,8,8,24,30,3,1,1,1,6,65258,M,4312200.0,42300.0,65
200800046119,8,8,31,230,3,1,1,1,6,65482,M,4310600.0,47200.0,65
200800046120,8,8,22,1115,1,1,1,8,5,81008,M,0.0,0.0,81
200800046121,8,8,29,1730,1,1,2,1,1,81285,M,0.0,0.0,81
200800046122,8,8,8,1700,1,1,1,1,1,81031,M,4363100.0,247400.0,81
200800046123,8,8,4,1845,1,1,9,7,3,81215,M,4375600.0,182800.0,81
200800046124,8,8,24,645,2,1,1,1,6,81173,M,4362200.0,172200.0,81
200800046125,8,8,25,1415,1,1,1,1,1,81177,M,4369400.0,221800.0,81
200800046126,8,8,12,530,3,1,1,1,6,81038,M,4388300.0,189000.0,81
200800046127,8,8,26,1915,1,1,1,1,1,81117,M,4379000.0,198500.0,81
200800046128,8,8,31,15,5,2,1,1,6,69069,M,0.0,0.0,69
200800046129,8,8,8,1630,1,2,1,1,7,69089,M,0.0,0.0,69
200800046130,8,8,30,715,1,2,1,1,3,69089,M,0.0,0.0,69
200800046131,8,8,23,2000,1,2,1,1,1,81009,M,4404100.0,191400.0,81
200800046132,8,8,4,1630,1,1,1,1,1,81289,M,0.0,0.0,81
200800046133,8,8,9,1630,1,1,1,1,6,81235,M,4353500.0,220100.0,81
200800046134,8,8,9,1730,1,1,1,1,6,81055,M,4343100.0,205800.0,81
200800046135,8,8,19,15,3,1,1,1,7,81120,M,0.0,0.0,81
200800046136,8,8,27,1745,1,1,1,1,7,81016,M,0.0,0.0,81
200800046137,8,8,16,1100,1,1,1,1,6,82038,M,4425000.0,172000.0,82
200800046138,8,8,6,2030,1,2,1,1,6,82169,M,4407200.0,102500.0,82
200800046139,8,8,29,1930,1,1,1,1,7,82063,M,4395900.0,105900.0,82
200800046140,8,8,5,1245,1,2,1,1,3,82124,M,4401700.0,128500.0,82
200800046141,8,8,30,2330,5,1,1,1,7,82073,M,4411200.0,91400.0,82
200800046142,8,8,14,1030,1,2,1,1,1,69072,M,0.0,0.0,69
200800046143,8,8,31,1415,1,2,2,1,3,69277,M,0.0,0.0,69
200800046144,8,8,9,1845,1,2,6,1,6,69194,M,0.0,0.0,69
200800046145,8,8,29,845,1,2,1,1,3,69116,M,0.0,0.0,69
200800046146,8,8,31,1845,1,2,1,1,1,69125,M,0.0,0.0,69
200800046147,8,8,18,1515,1,2,1,1,3,69286,M,0.0,0.0,69
200800046148,8,8,1,1400,1,1,1,3,6,69288,M,0.0,0.0,69
200800046149,8,8,21,1245,1,1,1,1,6,69288,M,0.0,0.0,69
200800046150,8,8,9,1015,1,1,1,1,1,69112,M,0.0,0.0,69
200800046151,8,8,27,1230,1,1,1,1,6,69208,M,0.0,0.0,69
200800046152,8,8,11,330,3,1,1,1,6,69099,M,0.0,0.0,69
200800046153,8,8,2,915,1,1,1,1,1,69227,M,0.0,0.0,69
200800046154,8,8,3,1045,1,1,1,1,1,69249,M,0.0,0.0,69
200800046155,8,8,26,1845,1,2,1,1,1,69276,M,0.0,0.0,69
200800046156,8,8,6,1115,1,1,1,1,6,69114,M,0.0,0.0,69
200800046157,8,8,1,1930,1,2,1,8,3,69018,M,0.0,0.0,69
200800046158,8,8,31,615,2,1,1,1,7,69206,M,4603400.0,472000.0,69
200800046159,8,8,9,1100,1,1,1,1,7,69111,M,0.0,0.0,69
200800046160,8,8,8,1745,1,1,1,1,6,69246,M,0.0,0.0,69
200800046161,8,8,9,2030,2,1,1,1,7,69225,M,0.0,0.0,69
200800046162,8,8,6,2030,1,1,2,7,3,69183,M,4609700.0,444100.0,69
200800046163,8,8,19,1945,1,2,1,1,6,69006,M,0.0,0.0,69
200800046164,8,8,28,1400,1,1,1,1,2,01301,M,0.0,0.0,01
200800046165,8,8,17,1215,1,2,1,1,6,01072,M,4617700.0,532700.0,01
200800046166,8,8,27,1100,1,2,1,1,3,01102,M,0.0,0.0,01
200800046167,8,8,31,2015,3,1,1,1,6,01334,M,0.0,0.0,01
200800046168,8,8,30,445,3,1,1,8,7,01338,M,0.0,0.0,01
200800046169,8,8,8,1715,1,2,1,1,3,01009,M,0.0,0.0,01
200800046170,8,8,20,1830,1,2,1,1,5,01414,M,4596000.0,565900.0,01
200800046171,8,8,10,700,2,1,1,1,7,01119,M,,,01
200800046172,8,8,10,1400,1,1,1,1,3,01121,M,,,01
200800046173,8,8,13,1600,1,1,1,1,7,01076,M,0.0,0.0,01
200800046174,8,8,17,500,3,1,1,1,6,01345,M,4595400.0,532100.0,01
200800046175,8,8,7,830,1,1,1,1,7,01421,M,4594000.0,541500.0,01
200800046176,8,8,11,1000,1,2,1,1,1,01269,M,0.0,0.0,01
200800046177,8,8,18,1530,1,1,1,7,1,01214,M,0.0,0.0,01
200800046178,8,8,26,1945,1,2,1,1,6,01192,M,0.0,0.0,01
200800046179,8,8,6,1345,1,2,1,1,3,01399,M,0.0,0.0,01
200800046180,8,8,12,1245,1,2,1,2,6,01160,M,4626300.0,611100.0,01
200800046181,8,8,13,845,1,1,1,1,1,01436,M,0.0,0.0,01
200800046182,8,8,10,1915,1,2,6,1,7,01143,M,4636300.0,614400.0,01
200800046183,8,8,20,1930,1,2,1,1,3,01143,M,0.0,0.0,01
200800046184,8,8,23,1545,1,2,9,1,6,01143,M,4636000.0,613900.0,01
200800046185,8,8,25,1730,1,1,1,1,1,01281,M,0.0,0.0,01
200800046186,8,8,4,745,1,1,9,7,1,01235,M,0.0,0.0,01
200800046187,8,8,5,1430,1,1,1,1,3,01299,M,4602700.0,505900.0,01
200800046188,8,8,25,2145,2,2,1,1,6,01381,M,4605900.0,514900.0,01
200800046189,8,8,28,1730,1,2,1,1,3,01272,M,0.0,0.0,01
200800046190,8,8,8,1730,1,1,2,1,3,01325,M,0.0,0.0,01
200800046191,8,8,31,1430,1,2,1,1,7,01450,M,0.0,0.0,01
200800046192,8,8,14,1900,1,2,1,1,7,01249,M,0.0,0.0,01
200800046193,8,8,29,1700,1,2,1,1,7,01248,M,4590000.0,492600.0,01
200800046194,8,8,1,1915,1,1,1,1,7,01183,M,0.0,0.0,01
200800046195,8,8,27,1345,1,1,1,1,7,26282,M,4477600.0,540200.0,26
200800046196,8,8,9,1700,1,1,1,1,1,26167,M,4460400.0,545900.0,26
200800046197,8,8,24,1545,1,1,1,1,7,26228,M,4464600.0,532800.0,26
200800046198,8,8,27,1900,1,1,1,1,6,26168,M,4469200.0,568800.0,26
200800046199,8,8,20,1715,1,1,1,1,1,26235,M,0.0,0.0,26
200800046200,8,8,27,2200,3,1,1,1,1,26054,M,4428800.0,488600.0,26
200800046201,8,8,13,1145,1,1,1,1,7,26263,M,4417700.0,540800.0,26
200800046202,8,8,28,2330,3,1,1,1,6,26226,M,4442900.0,505000.0,26
200800046203,8,8,2,145,3,1,1,1,7,26112,M,4439700.0,521200.0,26
200800046204,8,8,13,1115,1,2,1,1,6,26238,M,4438600.0,519200.0,26
200800046205,8,8,3,1230,1,1,1,1,1,26084,M,4502800.0,496200.0,26
200800046206,8,8,14,2330,3,1,2,2,3,26330,M,0.0,0.0,26
200800046207,8,8,23,1715,1,2,1,1,3,26162,M,0.0,0.0,26
200800046208,8,8,31,900,1,2,1,1,3,26325,M,0.0,0.0,26
200800046209,8,8,30,100,3,1,1,1,1,26119,M,4512900.0,481900.0,26
200800046210,8,8,23,1115,1,1,1,5,1,38422,M,4513700.0,587900.0,38
200800046211,8,8,24,30,5,2,1,1,3,38006,M,0.0,0.0,38
200800046212,8,8,20,1815,1,1,1,1,3,38153,M,0.0,0.0,38
200800046213,8,8,9,1215,1,1,1,1,4,38503,M,0.0,0.0,38
200800046214,8,8,17,1130,1,2,1,1,6,38021,M,0.0,0.0,38
200800046215,8,8,26,2245,4,1,6,1,6,38565,M,0.0,0.0,38
200800046216,8,8,26,600,3,1,1,1,6,38068,M,0.0,0.0,38
200800046217,8,8,27,745,1,2,1,1,3,38388,M,4503200.0,570600.0,38
200800046218,8,8,10,930,1,1,1,1,3,38416,M,0.0,0.0,38
200800046219,8,8,12,830,1,1,1,2,3,38383,M,4537600.0,564300.0,38
200800046220,8,8,30,1500,1,2,1,1,6,38337,M,0.0,0.0,38
200800046221,8,8,6,1415,1,1,1,1,6,38347,M,0.0,0.0,38
200800046222,8,8,20,1545,1,1,1,1,7,38347,M,4523800.0,530800.0,38
200800046223,8,8,28,1145,1,1,1,1,3,38457,M,0.0,0.0,38
200800046224,8,8,17,1815,1,2,1,1,3,38117,M,4517300.0,541100.0,38
200800046225,8,8,10,615,2,1,1,1,6,38276,M,4557900.0,530500.0,38
200800046226,8,8,2,1245,1,2,1,1,1,38138,M,4572900.0,525500.0,38
200800046227,8,8,22,1545,1,1,1,1,2,38190,M,4581800.0,530100.0,38
200800046228,8,8,26,1900,1,1,1,1,7,38257,M,4549100.0,540100.0,38
200800046229,8,8,23,945,1,1,1,1,3,38320,M,0.0,0.0,38
200800046230,8,8,4,945,2,1,1,1,7,38050,M,4567500.0,551200.0,38
200800046231,8,8,21,100,3,1,1,1,1,38377,M,4558100.0,551400.0,38
200800046232,8,8,8,915,1,2,1,1,1,38315,M,0.0,0.0,38
200800046233,8,8,16,1245,1,1,1,1,3,38381,M,0.0,0.0,38
200800046234,8,8,2,1445,1,1,1,1,3,38157,M,4551500.0,496800.0,38
200800046235,8,8,29,1945,1,1,1,1,7,38336,M,0.0,0.0,38
200800046236,8,8,21,845,1,1,1,1,1,38406,M,4544200.0,509300.0,38
200800046237,8,8,25,1430,1,1,1,1,1,38480,M,0.0,0.0,38
200800046238,8,8,25,1645,1,1,1,1,2,38399,M,4550300.0,515700.0,38
200800046239,8,8,9,1400,1,2,1,1,1,38097,M,0.0,0.0,38
200800046240,8,8,20,1930,1,1,1,1,3,38344,M,4536500.0,483300.0,38
200800046241,8,8,24,1945,1,2,1,1,7,38344,M,4537600.0,481300.0,38
200800046242,8,8,30,1900,1,2,1,1,6,38072,M,4532200.0,482000.0,38
200800046243,8,8,15,1900,1,2,1,1,6,38537,M,0.0,0.0,38
200800046244,8,8,21,100,3,1,1,1,7,38537,M,4565000.0,514200.0,38
200800046245,8,8,22,2230,3,1,1,8,6,42172,M,4537300.0,445100.0,42
200800046246,8,8,10,245,3,1,1,1,6,42092,M,4549600.0,437500.0,42
200800046247,8,8,9,1430,1,2,1,1,6,01030,M,4600500.0,475900.0,01
200800046248,8,8,12,1500,1,2,1,3,1,01420,M,4617100.0,479300.0,01
200800046249,8,8,22,1145,1,1,1,3,6,01446,M,4605500.0,483300.0,01
200800046250,8,8,24,1815,1,1,1,1,3,01319,M,0.0,0.0,01
200800046251,8,8,31,915,1,2,1,1,3,01243,M,4605600.0,476800.0,01
200800046252,8,8,3,1700,1,1,1,1,3,07230,M,0.0,0.0,07
200800046253,8,8,5,2000,1,1,1,1,6,07230,M,0.0,0.0,07
200800046254,8,8,29,1900,1,1,1,1,6,07042,M,0.0,0.0,07
200800046255,8,8,30,845,1,2,1,7,6,07167,M,0.0,0.0,07
200800046256,8,8,12,1900,1,1,1,2,1,07020,M,0.0,0.0,07
200800046257,8,8,4,1400,1,1,1,1,1,07272,M,0.0,0.0,07
200800046258,8,8,5,415,5,1,1,1,6,07348,M,0.0,0.0,07
200800046259,8,8,11,2345,5,2,1,3,6,07327,M,0.0,0.0,07
200800046260,8,8,30,1030,1,1,1,1,1,07134,M,4450400.0,427700.0,07
200800046261,8,8,4,300,3,1,1,1,7,07183,M,0.0,0.0,07
200800046262,8,8,10,1200,1,1,1,1,3,07101,M,0.0,0.0,07
200800046263,8,8,22,2130,3,1,1,1,6,07291,M,0.0,0.0,07
200800046264,8,8,27,1245,1,1,1,1,7,07291,M,0.0,0.0,07
200800046265,8,8,3,1345,1,1,1,1,3,07017,M,4442000.0,417400.0,07
200800046266,8,8,5,1115,1,1,1,1,7,07050,M,0.0,0.0,07
200800046267,8,8,7,2030,1,1,1,2,3,07024,M,4436000.0,418000.0,07
200800046268,8,8,17,400,3,1,1,1,7,07147,M,4445600.0,401800.0,07
200800046269,8,8,8,545,2,1,1,1,6,07227,M,,,07
200800046270,8,8,7,200,5,1,1,1,6,07064,M,4491300.0,442900.0,07
200800046271,8,8,10,1130,1,2,1,1,6,07103,M,0.0,0.0,07
200800046272,8,8,30,1600,1,1,1,1,7,07037,M,4489900.0,419800.0,07
200800046273,8,8,12,1145,1,1,2,1,3,26064,M,0.0,0.0,26
200800046274,8,8,8,1445,1,2,1,1,1,26113,M,4476000.0,536900.0,26
200800046275,8,8,17,1345,1,2,1,1,1,74256,M,0.0,0.0,74
200800046276,8,8,21,15,5,2,1,1,1,74256,M,0.0,0.0,74
200800046277,8,8,24,45,5,2,1,1,1,74208,M,4590900.0,670800.0,74
200800046278,8,8,3,1230,1,1,1,1,5,74128,M,0.0,0.0,74
200800046279,8,8,21,2200,5,2,1,1,2,74211,M,0.0,0.0,74
200800046280,8,8,20,1915,1,2,5,1,3,74220,M,4613600.0,629800.0,74
200800046281,8,8,22,800,1,1,1,1,1,74094,M,4618600.0,628300.0,74
200800046282,8,8,26,1400,1,1,1,1,3,74015,M,4609500.0,622100.0,74
200800046283,8,8,8,530,5,2,1,1,6,42090,M,4575800.0,434400.0,42
200800046284,8,8,6,2000,1,1,1,1,3,42318,M,4541000.0,395500.0,42
200800046285,8,8,26,2015,1,1,1,1,5,42262,M,4541400.0,420800.0,42
200800046286,8,8,1,900,1,2,6,8,5,42149,M,4564900.0,423700.0,42
200800046287,8,8,10,930,1,1,1,1,6,42135,M,4567800.0,423000.0,42
200800046288,8,8,29,2100,3,1,1,1,5,74094,M,0.0,0.0,74
200800046289,8,8,30,215,3,1,1,1,7,74220,M,0.0,0.0,74
200800046290,8,8,2,2000,1,2,1,1,3,74309,M,0.0,0.0,74
200800046291,8,8,5,1530,1,1,1,1,3,74096,M,0.0,0.0,74
200800046292,8,8,7,2015,1,1,1,2,7,74309,M,0.0,0.0,74
200800046293,8,8,13,2015,1,2,1,1,7,74309,M,0.0,0.0,74
200800046294,8,8,21,1445,3,1,1,1,1,74309,M,0.0,0.0,74
200800046295,8,8,17,1545,1,1,1,1,1,74068,M,0.0,0.0,74
200800046296,8,8,30,2045,2,1,1,1,7,74066,M,0.0,0.0,74
200800046297,8,8,4,615,2,2,1,1,6,74105,M,4631000.0,630400.0,74
200800046298,8,8,10,1200,1,1,1,1,3,74025,M,4629900.0,633200.0,74
200800046299,8,8,14,1515,1,1,1,1,6,74058,M,0.0,0.0,74
200800046300,8,8,16,2030,2,2,1,1,7,74073,M,0.0,0.0,74
200800046301,8,8,17,2130,3,1,1,1,7,74063,M,0.0,0.0,74
200800046302,8,8,11,945,1,1,1,1,1,74261,M,4624500.0,639700.0,74
200800046303,8,8,9,1945,1,1,1,1,6,74146,M,0.0,0.0,74
200800046304,8,8,26,830,1,2,9,1,3,74154,M,0.0,0.0,74
200800046305,8,8,28,2000,2,1,1,1,7,74295,M,4630900.0,660500.0,74
200800046306,8,8,31,900,1,2,3,1,3,74191,M,4617600.0,670700.0,74
200800046307,8,8,14,1815,1,1,1,2,2,63263,M,4577000.0,300000.0,63
200800046308,8,8,11,1145,1,1,1,8,1,63273,M,4572900.0,322500.0,63
200800046309,8,8,2,45,3,1,1,1,7,63236,M,4559100.0,282300.0,63
200800046310,8,8,1,1000,1,1,1,3,3,63133,M,4578100.0,323000.0,63
200800046311,8,8,5,2045,2,2,1,1,6,63227,M,0.0,0.0,63
200800046312,8,8,7,1400,1,1,1,1,3,63026,M,4566500.0,304000.0,63
200800046313,8,8,23,1645,1,1,1,7,6,63413,M,0.0,0.0,63
200800046314,8,8,29,1700,1,1,1,1,6,63455,M,4568000.0,315000.0,63
200800046315,8,8,24,1145,1,1,1,7,6,63374,M,4553600.0,379700.0,63
200800046316,8,8,15,1730,1,2,1,1,6,63241,M,0.0,0.0,63
200800046317,8,8,27,1730,1,2,1,1,1,63080,M,0.0,0.0,63
200800046318,8,8,28,1345,1,1,1,1,2,63054,M,4549800.0,325400.0,63
200800046319,8,8,10,2230,5,1,1,1,6,42323,M,4557100.0,427600.0,42
200800046320,8,8,15,1230,1,1,1,2,1,42013,M,4564900.0,433500.0,42
200800046321,8,8,26,1600,1,2,1,1,6,42020,M,0.0,0.0,42
200800046322,8,8,20,1315,1,1,1,1,7,42236,M,4612100.0,416700.0,42
200800046323,8,8,25,2300,5,2,1,1,6,42236,M,0.0,0.0,42
200800046324,8,8,29,500,5,2,1,5,3,42026,M,4615200.0,409000.0,42
200800046325,8,8,20,1900,1,1,1,1,2,42163,M,4618700.0,387300.0,42
200800046326,8,8,8,1830,2,1,1,1,1,42260,M,4583700.0,387100.0,42
200800046327,8,8,11,1430,1,1,1,2,7,42082,M,4590400.0,401200.0,42
200800046328,8,8,10,1915,1,1,1,1,3,73036,M,4573600.0,611200.0,73
200800046329,8,8,20,1630,1,1,1,1,6,73081,M,0.0,0.0,73
200800046330,8,8,3,2145,5,2,1,1,1,73042,M,4571800.0,580200.0,73
200800046331,8,8,28,1830,1,1,1,1,6,73245,M,4569000.0,582400.0,73
200800046332,8,8,17,1130,1,1,1,1,6,73314,M,4551600.0,614800.0,73
200800046333,8,8,29,530,3,1,1,1,7,73075,M,4544000.0,605000.0,73
200800046334,8,8,18,1530,1,2,1,1,1,73032,M,4504900.0,674600.0,73
200800046335,8,8,28,830,1,2,1,1,5,73032,M,4502900.0,675200.0,73
200800046336,8,8,6,845,1,2,1,1,6,73054,M,0.0,0.0,73
200800046337,8,8,27,700,1,2,1,1,1,73227,M,4570000.0,608700.0,73
200800046338,8,8,27,1415,1,1,1,1,1,73201,M,4573700.0,614200.0,73
200800046339,8,8,13,1300,1,2,1,1,3,73187,M,4554300.0,646900.0,73
200800046340,8,8,26,1445,1,2,1,1,6,73181,M,4548900.0,653200.0,73
200800046341,8,8,30,1730,1,1,1,1,6,73026,M,0.0,0.0,73
200800046342,8,8,15,400,3,1,1,2,6,74019,M,0.0,0.0,74
200800046343,8,8,6,1115,1,1,1,1,1,74234,M,0.0,0.0,74
200800046344,8,8,6,1600,1,1,1,1,1,74275,M,0.0,0.0,74
200800046345,8,8,8,2030,2,1,1,1,7,74046,M,0.0,0.0,74
200800046346,8,8,5,1830,1,2,1,1,1,74239,M,0.0,0.0,74
200800046347,8,8,8,130,5,2,1,2,1,74081,M,0.0,0.0,74
200800046348,8,8,2,1330,1,2,1,1,1,74173,M,0.0,0.0,74
200800046349,8,8,16,1615,1,2,9,1,7,74085,M,0.0,0.0,74
200800046350,8,8,18,1715,1,2,1,1,1,74083,M,0.0,0.0,74
200800046351,8,8,8,1700,1,1,1,1,5,74116,M,0.0,0.0,74
200800046352,8,8,25,1300,1,2,1,1,1,63009,M,4540900.0,312700.0,63
200800046353,8,8,7,1815,1,1,1,1,7,63397,M,4562600.0,271400.0,63
200800046354,8,8,10,2115,5,2,1,1,6,63470,M,0.0,0.0,63
200800046355,8,8,19,1730,1,1,1,1,1,63068,M,4593300.0,314300.0,63
200800046356,8,8,24,1215,1,2,2,1,3,63001,M,0.0,0.0,63
200800046357,8,8,28,1500,1,2,1,1,1,63148,M,4590000.0,322000.0,63
200800046358,8,8,8,930,1,1,2,2,3,63085,M,4589500.0,285700.0,63
200800046359,8,8,7,1430,1,1,1,1,6,63223,M,4610800.0,288900.0,63
200800046360,8,8,28,1515,1,1,1,1,6,63066,M,0.0,0.0,63
200800046361,8,8,14,930,1,1,1,2,5,63125,M,4578800.0,353200.0,63
200800046362,8,8,1,1700,1,2,1,1,1,63271,M,4596500.0,351200.0,63
200800046363,8,8,12,1900,1,1,3,7,3,03011,M,4668000.0,329300.0,03
200800046364,8,8,31,2215,3,1,1,2,6,03036,M,4659800.0,306400.0,03
200800046365,8,8,31,2015,3,1,1,2,6,03046,M,0.0,0.0,03
200800046366,8,8,1,2000,1,1,1,1,1,03102,M,4654600.0,366800.0,03
200800046367,8,8,9,1400,1,1,1,1,3,03253,M,0.0,0.0,03