Num_Acc,an,mois,jour,hrmn,lum,agg,int,atm,col,com,gps,lat,long,dep
200800046368,8,8,23,745,1,1,1,1,1,03180,M,4653500.0,351600.0,03
200800046369,8,8,5,930,1,1,2,1,3,03092,M,4645100.0,318400.0,03
200800046370,8,8,5,1700,1,1,2,1,3,03246,M,0.0,0.0,03
200800046371,8,8,17,2030,1,2,1,1,7,03212,M,4633500.0,251400.0,03
200800046372,8,8,16,1845,1,1,1,1,7,03127,M,4651000.0,275300.0,03
200800046373,8,8,24,1530,1,1,1,1,5,03297,M,4654000.0,262100.0,03
200800046374,8,8,11,1845,1,1,1,1,6,03314,M,0.0,0.0,03
200800046375,8,8,1,1645,1,2,1,1,6,03264,M,4607200.0,347200.0,03
200800046376,8,8,5,1830,1,1,1,1,6,03118,M,4610500.0,323200.0,03
200800046377,8,8,31,815,1,1,1,1,6,03144,M,0.0,0.0,03
200800046378,8,8,9,1745,1,1,1,1,7,03008,M,0.0,0.0,03
200800046379,8,8,21,2000,1,1,1,1,3,03215,M,4628600.0,346300.0,03
200800046380,8,8,25,745,1,1,2,1,3,03235,M,0.0,0.0,03
200800046381,8,8,9,1830,1,1,1,1,6,15088,M,4491100.0,226200.0,15
200800046382,8,8,4,1600,1,1,1,1,1,15184,M,4473800.0,223300.0,15
200800046383,8,8,31,1230,1,1,1,1,5,15154,M,4495700.0,258300.0,15
200800046384,8,8,3,1545,1,1,1,1,6,15137,M,0.0,0.0,15
200800046385,8,8,23,2245,3,1,1,1,6,15003,M,4516200.0,233100.0,15
200800046386,8,8,6,1115,1,1,1,1,7,15066,M,4512400.0,264700.0,15
200800046387,8,8,5,1430,1,1,1,1,1,15202,M,0.0,0.0,15
200800046388,8,8,16,1215,1,1,1,1,5,15066,M,4516200.0,256900.0,15
200800046389,8,8,29,1630,1,1,1,1,6,15019,M,4530400.0,240700.0,15
200800046390,8,8,26,1400,1,1,1,1,1,15164,M,0.0,0.0,15
200800046391,8,8,31,1830,1,1,1,1,6,15188,M,4502800.0,314600.0,15
200800046392,8,8,9,2130,2,1,1,1,6,43174,M,4497900.0,383500.0,43
200800046393,8,8,27,730,1,1,2,9,3,43233,M,4506200.0,379200.0,43
200800046394,8,8,1,2015,1,1,1,1,6,43039,M,4490900.0,385100.0,43
200800046395,8,8,25,115,3,1,1,1,6,43039,M,0.0,0.0,43
200800046396,8,8,5,1015,1,1,1,1,1,43097,M,4487800.0,408700.0,43
200800046397,8,8,31,2215,3,1,1,1,1,43115,M,4498100.0,403900.0,43
200800046398,8,8,15,2045,2,1,1,1,6,43218,M,4506700.0,406400.0,43
200800046399,8,8,15,1730,1,1,1,1,3,43187,M,4516400.0,382900.0,43
200800046400,8,8,17,1700,1,1,1,1,5,43095,M,0.0,0.0,43
200800046401,8,8,24,1115,1,1,6,1,2,43074,M,4532600.0,337100.0,43
200800046402,8,8,22,1945,1,1,1,1,2,43262,M,4526300.0,342200.0,43
200800046403,8,8,19,1900,1,1,1,2,6,43226,M,4536700.0,353600.0,43
200800046404,8,8,13,1115,1,1,1,1,7,43082,M,4509100.0,336300.0,43
200800046405,8,8,4,1715,1,1,1,1,1,43188,M,4514800.0,355700.0,43
200800046406,8,8,1,1445,1,1,1,1,6,43016,M,4539100.0,335200.0,43
200800046407,8,8,18,1815,1,1,1,1,6,43268,M,0.0,0.0,43
200800046408,8,8,2,1515,1,1,1,1,6,43012,M,0.0,0.0,43
200800046409,8,8,5,845,1,1,1,1,1,43137,M,0.0,0.0,43
200800046410,8,8,18,1730,1,1,1,1,7,43211,M,4523800.0,414900.0,43
200800046411,8,8,22,1315,1,1,1,1,7,43213,M,4524700.0,428000.0,43
200800046412,8,8,2,1845,1,1,1,1,3,43142,M,4515900.0,436600.0,43
200800046413,8,8,18,1645,1,1,1,1,3,43244,M,4512500.0,429000.0,43
200800046414,8,8,30,1215,1,1,1,1,3,43244,M,4513400.0,429100.0,43
200800046415,8,8,1,1500,1,1,1,1,7,57415,M,4914600.0,609900.0,57
200800046416,8,8,6,745,1,2,1,1,1,57701,M,4910300.0,608700.0,57
200800046417,8,8,8,2015,1,1,6,2,7,57645,M,0.0,0.0,57
200800046418,8,8,23,1500,1,1,3,1,3,57433,M,4919500.0,616000.0,57
200800046419,8,8,28,1500,1,1,1,1,6,57546,M,0.0,0.0,57
200800046420,8,8,17,1630,1,2,1,1,6,57037,M,0.0,0.0,57
200800046421,8,8,19,1800,1,1,1,1,1,57534,M,0.0,0.0,57
200800046422,8,8,24,900,2,1,1,1,7,57718,M,0.0,0.0,57
200800046423,8,8,30,2245,3,1,1,1,6,57037,M,4903500.0,634300.0,57
200800046424,8,8,24,800,1,2,1,1,6,57460,M,4925400.0,665700.0,57
200800046425,8,8,27,945,1,2,1,1,6,57160,M,4921100.0,669700.0,57
200800046426,8,8,19,1230,1,1,1,2,1,57159,M,4905800.0,657100.0,57
200800046427,8,8,5,800,1,1,1,1,1,57391,M,0.0,0.0,57
200800046428,8,8,10,130,3,1,1,1,6,57257,M,0.0,0.0,57
200800046429,8,8,3,1430,1,1,1,1,7,57161,M,4884300.0,682800.0,57
200800046430,8,8,14,1145,1,1,1,7,3,57483,M,4891400.0,674300.0,57
200800046431,8,8,25,2045,2,1,1,1,6,57418,M,4886000.0,689800.0,57
200800046432,8,8,26,2100,2,1,1,1,1,57197,M,0.0,0.0,57
200800046433,8,8,28,1830,1,2,1,1,1,67493,M,4834300.0,732400.0,67
200800046434,8,8,5,2030,2,2,1,1,6,67544,M,4904500.0,795400.0,67
200800046435,8,8,24,1230,1,1,1,1,7,57050,M,4871600.0,696000.0,57
200800046436,8,8,31,1845,1,1,1,1,1,57623,M,4862100.0,707400.0,57
200800046437,8,8,24,1730,1,1,1,1,7,57721,M,0.0,0.0,57
200800046438,8,8,26,945,1,1,1,1,1,57540,M,0.0,0.0,57
200800046439,8,8,3,915,1,1,2,1,1,57091,M,0.0,0.0,57
200800046440,8,8,31,1230,1,1,1,1,6,57465,M,4932800.0,626200.0,57
200800046441,8,8,21,2145,5,2,1,1,6,57365,M,4941200.0,645100.0,57
200800046442,8,8,2,800,1,2,1,1,3,54113,M,0.0,0.0,54
200800046443,8,8,2,1945,1,2,1,1,2,54351,M,0.0,0.0,54
200800046444,8,8,20,1430,1,1,1,1,6,54055,M,0.0,0.0,54
200800046445,8,8,30,1500,2,2,1,1,1,54415,M,0.0,0.0,54
200800046446,8,8,4,1300,1,2,1,2,6,54513,M,4847400.0,614100.0,54
200800046447,8,8,20,1530,1,1,1,1,6,54252,M,0.0,0.0,54
200800046448,8,8,31,1515,1,1,1,1,7,54353,M,0.0,0.0,54
200800046449,8,8,9,2330,3,1,1,1,6,54491,M,0.0,0.0,54
200800046450,8,8,3,1215,1,1,1,8,1,54449,M,0.0,0.0,54
200800046451,8,8,7,1000,1,1,1,1,7,54042,M,4843700.0,629200.0,54
200800046452,8,8,12,1830,1,1,1,2,6,54222,M,0.0,0.0,54
200800046453,8,8,25,100,3,1,6,1,6,54230,M,4861700.0,686500.0,54
200800046454,8,8,5,1845,1,2,1,1,3,54008,M,0.0,0.0,54
200800046455,8,8,24,2115,2,1,1,8,3,54102,M,0.0,0.0,54
200800046456,8,8,19,1845,1,2,1,1,7,54080,M,0.0,0.0,54
200800046457,8,8,12,845,1,1,3,3,3,55366,M,4881600.0,510900.0,55
200800046458,8,8,5,1330,1,1,1,7,2,55291,M,0.0,0.0,55
200800046459,8,8,2,1500,1,2,1,1,7,55288,M,4879600.0,554700.0,55
200800046460,8,8,13,1730,1,1,1,1,1,55046,M,4896400.0,582100.0,55
200800046461,8,8,27,1845,1,1,1,1,7,55467,M,4882100.0,550200.0,55
200800046462,8,8,3,2330,3,1,1,1,6,55215,M,4846800.0,543400.0,55
200800046463,8,8,8,1945,1,1,1,1,2,55573,M,4869400.0,562700.0,55
200800046464,8,8,16,1900,1,2,1,1,6,55278,M,0.0,0.0,55
200800046465,8,8,22,400,3,1,1,1,6,55026,M,0.0,0.0,55
200800046466,8,8,25,1215,1,1,1,2,1,55351,M,4952000.0,537100.0,55
200800046467,8,8,1,2300,3,1,1,1,7,55166,M,4913400.0,537800.0,55
200800046468,8,8,11,1230,1,1,1,1,6,55237,M,4910000.0,553000.0,55
200800046469,8,8,10,1945,1,1,1,1,7,88449,M,0.0,0.0,88
200800046470,8,8,13,1345,1,1,1,1,1,88289,M,4813500.0,585300.0,88
200800046471,8,8,5,1930,1,2,1,1,6,88465,M,4825300.0,642200.0,88
200800046472,8,8,27,1230,1,2,1,7,3,88204,M,4826800.0,643900.0,88
200800046473,8,8,6,830,1,2,1,1,7,88530,M,0.0,0.0,88
200800046474,8,8,6,845,1,1,1,1,7,88108,M,0.0,0.0,88
200800046475,8,8,31,1645,5,2,1,1,7,88176,M,0.0,0.0,88
200800046476,8,8,9,500,2,1,1,1,6,88477,M,4836300.0,544800.0,88
200800046477,8,8,30,400,3,1,1,1,7,88401,M,4833600.0,575600.0,88
200800046478,8,8,30,1200,1,1,1,1,6,88155,M,4831000.0,607100.0,88
200800046479,8,8,12,1145,1,1,1,2,1,88014,M,4814900.0,687100.0,88
200800046480,8,8,5,1915,1,1,1,1,6,88531,M,0.0,0.0,88
200800046481,8,8,26,1700,1,1,1,1,6,88196,M,4811500.0,643500.0,88
200800046482,8,8,31,1630,1,2,1,1,3,88531,M,0.0,0.0,88
200800046483,8,8,23,1315,1,2,1,1,6,88165,M,4837000.0,687300.0,88
200800046484,8,8,24,430,3,1,1,5,7,88319,M,4837600.0,691400.0,88
200800046485,8,8,24,1830,1,1,1,1,1,88503,M,4849900.0,705500.0,88
200800046486,8,8,21,1400,1,2,1,1,1,88165,M,4836400.0,684500.0,88
200800046487,8,8,17,1830,1,2,1,1,6,67028,M,4837600.0,759200.0,67
200800046488,8,8,7,630,1,2,2,1,3,67130,M,4843000.0,767300.0,67
200800046489,8,8,15,1630,1,2,1,1,7,67414,M,4846200.0,721000.0,67
200800046490,8,8,19,1030,1,2,1,1,6,67414,M,4846000.0,720700.0,67
200800046491,8,8,21,1415,1,2,1,1,6,67168,M,4853700.0,743200.0,67
200800046492,8,8,31,1700,1,1,1,1,7,67026,M,4837000.0,722700.0,67
200800046493,8,8,3,1530,1,2,1,1,3,67520,M,4864200.0,744600.0,67
200800046494,8,8,29,915,1,2,1,1,1,67282,M,4862400.0,749300.0,67
200800046495,8,8,24,930,1,1,1,1,7,67437,M,0.0,0.0,67
200800046496,8,8,7,2145,3,1,1,2,6,67088,M,0.0,0.0,67
200800046497,8,8,9,500,5,2,1,1,7,67013,M,0.0,0.0,67
200800046498,8,8,16,1645,1,1,1,1,7,67371,M,0.0,0.0,67
200800046499,8,8,21,2115,3,1,1,1,1,67434,M,0.0,0.0,67
200800046500,8,8,11,1000,1,2,1,1,1,67119,M,4868200.0,769900.0,67
200800046501,8,8,30,1430,1,1,1,7,1,67156,M,4867800.0,776200.0,67
200800046502,8,8,29,1715,1,1,1,1,6,67439,M,4872600.0,756100.0,67
200800046503,8,8,28,1000,1,1,1,1,6,67382,M,4863600.0,758900.0,67
200800046504,8,8,9,930,1,1,1,1,6,67151,M,4870800.0,787000.0,67
200800046505,8,8,1,2000,1,1,1,2,1,67226,M,4860000.0,763000.0,67
200800046506,8,8,8,2130,5,2,1,1,6,67551,M,4859000.0,767000.0,67
200800046507,8,8,31,1800,1,1,1,9,1,67239,M,4826000.0,741100.0,67
200800046508,8,8,19,1500,1,2,1,1,3,67337,M,4835700.0,742100.0,67
200800046509,8,8,1,2300,5,2,2,1,3,67261,M,0.0,0.0,67
200800046510,8,8,4,1330,1,2,2,3,3,67339,M,4890100.0,792000.0,67
200800046511,8,8,12,1600,1,1,1,1,6,06161,M,0.0,0.0,06
200800046512,8,8,8,1430,1,1,1,1,5,06151,M,0.0,0.0,06
200800046513,8,8,13,1845,1,2,1,1,2,06085,M,0.0,0.0,06
200800046514,8,8,24,430,3,1,1,1,6,07302,M,0.0,0.0,07
200800046515,8,8,30,1445,1,2,1,1,2,74250,M,4607000.0,637400.0,74
200800046516,8,8,3,1830,1,1,1,1,3,74258,M,0.0,0.0,74
200800046517,8,8,9,1845,1,2,1,1,1,74128,M,4617700.0,637100.0,74
200800046518,8,8,29,1145,1,1,1,1,1,06149,M,0.0,0.0,06
200800046519,8,8,11,1800,1,1,1,1,3,59051,M,5054700.0,282100.0,59
200800046520,8,8,31,1945,1,2,1,3,6,59303,M,5058000.0,285700.0,59
200800046521,8,8,3,1700,1,1,9,1,7,59094,M,0.0,0.0,59
200800046522,8,8,2,1700,1,1,1,2,7,59089,M,0.0,0.0,59
200800046523,8,8,29,1030,1,2,1,1,6,59038,M,0.0,0.0,59
200800046524,8,8,27,1130,1,2,3,1,3,59233,M,5013200.0,396700.0,59
200800046525,8,8,15,1600,1,1,1,1,1,59353,M,5020500.0,372400.0,59
200800046526,8,8,30,130,4,2,1,5,1,59503,M,0.0,0.0,59
200800046527,8,8,7,1600,1,1,1,1,5,59226,M,5013900.0,408400.0,59
200800046528,8,8,22,2345,3,1,2,8,3,59137,M,5006200.0,367100.0,59
200800046529,8,8,19,1530,1,1,1,8,3,59214,M,5030400.0,305700.0,59
200800046530,8,8,12,1800,2,2,1,6,6,59435,M,0.0,0.0,59
200800046531,8,8,17,1815,1,2,1,1,7,59265,M,0.0,0.0,59
200800046532,8,8,10,1345,1,1,1,1,7,62369,M,5032300.0,285300.0,62
200800046533,8,8,20,1830,1,2,1,1,3,62801,M,5039900.0,274700.0,62
200800046534,8,8,12,1330,1,2,1,1,6,62502,M,5063300.0,270100.0,62
200800046535,8,8,7,200,3,1,1,3,7,62896,M,0.0,0.0,62
200800046536,8,8,15,1915,1,1,1,1,2,62896,M,0.0,0.0,62
200800046537,8,8,15,1630,1,1,1,1,7,62867,M,5078500.0,166400.0,62
200800046538,8,8,22,1545,1,2,1,7,3,62711,M,0.0,0.0,62
200800046539,8,8,29,1630,1,2,1,1,6,62264,M,0.0,0.0,62
200800046540,8,8,7,15,3,2,1,1,1,62506,M,5079000.0,194500.0,62
200800046541,8,8,25,1045,1,1,1,1,3,62870,M,0.0,0.0,62
200800046542,8,8,30,1945,1,2,1,1,7,62124,M,0.0,0.0,62
200800046543,8,8,26,830,1,2,1,1,3,62201,M,0.0,0.0,62
200800046544,8,8,2,445,2,1,1,1,7,62862,M,5056400.0,219000.0,62
200800046545,8,8,18,1230,1,1,1,2,7,62562,M,0.0,0.0,62
200800046546,8,8,3,1900,1,1,1,2,1,62752,M,0.0,0.0,62
200800046547,8,8,10,2215,1,1,1,1,7,62621,M,5087400.0,201800.0,62
200800046548,8,8,22,1500,1,2,1,1,7,62756,M,5092000.0,216300.0,62
200800046549,8,8,4,2300,5,1,9,1,6,62534,M,5071500.0,213800.0,62
200800046550,8,8,6,1845,1,2,1,1,1,62850,M,0.0,0.0,62
200800046551,8,8,6,2000,1,1,1,1,6,62171,M,5047000.0,232000.0,62
200800046552,8,8,18,630,2,1,1,1,6,62113,M,5035300.0,253500.0,62
200800046553,8,8,1,2115,1,2,1,1,6,62361,M,0.0,0.0,62
200800046554,8,8,21,1945,1,1,1,1,6,80338,M,0.0,0.0,80
200800046555,8,8,3,930,1,2,1,2,6,80587,M,0.0,0.0,80
200800046556,8,8,30,2245,5,2,2,1,3,80586,M,0.0,0.0,80
200800046557,8,8,8,1915,1,1,9,1,7,80229,M,4997300.0,208500.0,80
200800046558,8,8,15,1400,1,1,1,1,3,80215,M,0.0,0.0,80
200800046559,8,8,27,1645,1,2,1,1,6,80476,M,0.0,0.0,80
200800046560,8,8,10,1630,1,2,1,1,3,80464,M,0.0,0.0,80
200800046561,8,8,12,915,1,2,1,1,1,80464,M,0.0,0.0,80
200800046562,8,8,14,1400,1,1,6,1,7,80308,M,5005500.0,160700.0,80
200800046563,8,8,18,1545,5,2,1,1,6,80501,M,5021300.0,204700.0,80
200800046564,8,8,1,1500,1,1,1,1,3,80377,M,5013000.0,231000.0,80
200800046565,8,8,22,1445,1,1,1,1,5,80253,M,5015100.0,233900.0,80
200800046566,8,8,20,1530,1,1,1,1,5,80669,M,0.0,0.0,80
200800046567,8,8,28,2130,5,2,1,1,6,80279,M,0.0,0.0,80
200800046568,8,8,15,300,3,1,1,1,7,80242,M,0.0,0.0,80
200800046569,8,8,25,715,1,2,1,1,6,80570,M,0.0,0.0,80
200800046570,8,8,30,1500,1,1,8,1,6,80570,M,0.0,0.0,80
200800046571,8,8,9,430,3,1,1,1,2,80115,M,0.0,0.0,80
200800046572,8,8,10,1815,1,1,1,3,7,80199,M,0.0,0.0,80
200800046573,8,8,19,1345,1,2,1,1,1,80620,M,0.0,0.0,80
200800046574,8,8,23,245,5,2,1,2,6,80620,M,0.0,0.0,80
200800046575,8,8,23,2230,4,1,9,1,1,80664,M,0.0,0.0,80
200800046576,8,8,18,1700,1,2,1,1,6,80016,M,0.0,0.0,80
200800046577,8,8,9,1630,1,2,1,1,3,80680,M,4982100.0,270700.0,80
200800046578,8,8,8,1900,1,1,6,1,3,80410,M,4974700.0,307000.0,80
200800046579,8,8,14,1900,1,1,2,8,1,80442,M,4974700.0,300500.0,80
200800046580,8,8,6,805,1,1,1,1,6,02737,M,0.0,0.0,02
200800046581,8,8,12,2000,1,1,1,1,7,02468,M,4974500.0,375800.0,02
200800046582,8,8,3,950,1,2,1,1,6,02072,M,0.0,0.0,02
200800046583,8,8,16,400,4,2,1,1,6,02565,M,4939500.0,368800.0,02
200800046584,8,8,1,30,3,1,1,1,6,02309,M,4953900.0,375200.0,02
200800046585,8,8,18,1130,1,2,1,1,3,02309,M,4952400.0,375200.0,02
200800046586,8,8,30,1845,1,1,1,1,1,02465,M,4903700.0,323700.0,02
200800046587,8,8,15,2015,1,1,1,1,6,02271,M,0.0,0.0,02
200800046588,8,8,14,2030,1,1,1,7,2,02060,M,0.0,0.0,02
200800046589,8,8,22,1715,1,1,1,2,1,02383,M,4986800.0,339900.0,02
200800046590,8,8,30,2045,2,1,1,1,1,02330,M,0.0,0.0,02
200800046591,8,8,23,15,3,1,1,1,6,02370,M,4996700.0,317800.0,02
200800046592,8,8,30,715,1,1,1,1,1,02095,M,4999200.0,343000.0,02
200800046593,8,8,3,1815,1,1,1,1,7,02639,M,4972000.0,327000.0,02
200800046594,8,8,10,915,1,1,1,2,1,02648,M,0.0,0.0,02
200800046595,8,8,10,1730,1,2,1,1,6,02610,M,4939600.0,327800.0,02
200800046596,8,8,23,2245,5,1,1,1,1,02593,M,4940800.0,330000.0,02
200800046597,8,8,29,2245,3,1,1,1,1,02477,M,4938600.0,327500.0,02
200800046598,8,8,6,1530,1,1,1,1,1,02195,M,4937300.0,346800.0,02
200800046599,8,8,6,930,1,1,1,1,7,02734,M,0.0,0.0,02
200800046600,8,8,12,1415,1,1,1,1,6,02316,M,0.0,0.0,02
200800046601,8,8,18,1700,1,1,1,8,7,02666,M,0.0,0.0,02
200800046602,8,8,14,2100,4,1,1,1,1,02361,M,0.0,0.0,02
200800046603,8,8,31,115,3,2,1,1,7,02031,M,0.0,0.0,02
200800046604,8,8,6,1945,1,2,1,1,3,60230,M,0.0,0.0,60
200800046605,8,8,8,1730,1,2,9,1,3,60103,M,4967000.0,242300.0,60
200800046606,8,8,10,1815,1,1,1,1,7,60041,M,0.0,0.0,60
200800046607,8,8,11,630,1,1,1,1,6,60041,M,0.0,0.0,60
200800046608,8,8,22,1800,1,1,1,1,6,60626,M,0.0,0.0,60
200800046609,8,8,9,1715,1,1,2,1,3,60645,M,4928000.0,185000.0,60
200800046610,8,8,2,1215,1,1,1,2,2,60588,M,0.0,0.0,60
200800046611,8,8,2,1315,1,2,1,2,1,60286,M,0.0,0.0,60
200800046612,8,8,15,1230,1,1,1,1,7,60194,M,0.0,0.0,60
200800046613,8,8,16,100,5,2,1,1,3,60286,M,0.0,0.0,60
200800046614,8,8,30,1830,1,2,1,1,7,60395,M,0.0,0.0,60
200800046615,8,8,14,2315,3,1,1,1,7,60065,M,0.0,0.0,60
200800046616,8,8,22,1430,1,1,1,3,1,60598,M,0.0,0.0,60
200800046617,8,8,2,1615,1,1,1,8,1,60026,M,0.0,0.0,60
200800046618,8,8,9,1930,1,1,1,1,6,60104,M,4958600.0,230900.0,60
200800046619,8,8,11,1645,1,2,1,1,1,60486,M,0.0,0.0,60
200800046620,8,8,31,1815,1,1,1,2,5,60015,M,4934700.0,234300.0,60
200800046621,8,8,7,2315,3,1,1,1,6,60581,M,0.0,0.0,60
200800046622,8,8,17,2100,2,2,1,1,7,60702,M,0.0,0.0,60
200800046623,8,8,20,1930,1,2,6,1,7,60374,M,4955900.0,252700.0,60
200800046624,8,8,3,730,1,2,1,1,6,60641,M,4947500.0,301100.0,60
200800046625,8,8,23,1715,1,1,6,1,2,60636,M,4948500.0,287400.0,60
200800046626,8,8,29,1345,1,2,1,1,1,60402,M,4936700.0,275500.0,60
200800046627,8,8,23,2300,3,1,1,1,6,60160,M,0.0,0.0,60
200800046628,8,8,25,1300,1,1,1,1,1,60024,M,0.0,0.0,60
200800046629,8,8,31,1015,1,1,1,1,6,60351,M,0.0,0.0,60
200800046630,8,8,2,1845,1,1,1,1,3,57104,M,0.0,0.0,57
200800046631,8,8,10,545,2,1,1,1,6,60138,M,4923100.0,262000.0,60
200800046632,8,8,19,745,1,2,1,1,3,60141,M,0.0,0.0,60
200800046633,8,8,23,1745,1,2,1,1,1,60695,M,0.0,0.0,60
200800046634,8,8,4,1815,1,1,6,1,3,60022,M,4921100.0,246300.0,60
200800046635,8,8,31,345,3,1,6,1,7,60589,M,4922500.0,245500.0,60
200800046636,8,8,8,715,2,2,1,1,3,60279,M,4921800.0,295500.0,60
200800046637,8,8,14,2015,2,2,1,1,3,60176,M,0.0,0.0,60
200800046638,8,8,28,1815,1,2,6,1,3,60358,M,0.0,0.0,60
200800046639,8,8,22,1800,1,1,1,8,5,60213,M,0.0,0.0,60
200800046640,8,8,1,1645,1,2,1,1,1,60066,M,0.0,0.0,60
200800046641,8,8,6,2030,1,1,1,1,6,60509,M,0.0,0.0,60
200800046642,8,8,4,1530,1,2,1,1,6,76452,M,4955200.0,107700.0,76
200800046643,8,8,15,1715,1,1,1,1,5,76030,M,0.0,0.0,76
200800046644,8,8,30,1130,1,2,1,1,6,76235,M,0.0,0.0,76
200800046645,8,8,17,1600,1,1,1,1,6,76051,M,4978300.0,97900.0,76
200800046646,8,8,30,945,1,2,1,1,1,76514,M,4935900.0,119100.0,76
200800046647,8,8,30,1115,1,1,1,1,1,76039,M,4928700.0,115700.0,76
200800046648,8,8,2,2045,1,1,1,1,3,76727,M,4945400.0,65800.0,76
200800046649,8,8,8,1600,1,1,2,8,3,76727,M,4947800.0,71500.0,76
200800046650,8,8,12,1815,1,2,1,3,2,76164,M,4952900.0,72100.0,76
200800046651,8,8,30,1400,1,2,1,1,3,76164,M,0.0,0.0,76
200800046652,8,8,3,1415,1,1,1,1,1,76693,M,0.0,0.0,76
200800046653,8,8,28,1800,1,1,1,1,1,76660,M,0.0,0.0,76
200800046654,8,8,1,2230,3,1,1,1,1,76578,M,0.0,0.0,76
200800046655,8,8,4,1945,1,1,1,1,1,76621,M,0.0,0.0,76
200800046656,8,8,23,1345,1,2,3,1,1,76621,M,0.0,0.0,76
200800046657,8,8,31,1045,1,1,1,8,1,76621,M,0.0,0.0,76
200800046658,8,8,16,300,3,1,1,1,6,76263,M,0.0,0.0,76
200800046659,8,8,10,15,5,2,1,1,7,76758,M,4962500.0,75300.0,76
200800046660,8,8,15,600,3,1,1,1,1,76057,M,0.0,0.0,76
200800046661,8,8,17,145,3,1,1,1,7,76057,M,0.0,0.0,76
200800046662,8,8,30,1915,1,1,1,1,1,76433,M,0.0,0.0,76
200800046663,8,8,3,315,3,2,1,8,6,76736,M,0.0,0.0,76
200800046664,8,8,31,900,1,1,1,1,6,76655,M,4986400.0,68300.0,76
200800046665,8,8,10,2330,3,1,1,1,6,76597,M,4974300.0,88300.0,76
200800046666,8,8,24,1000,1,1,1,2,7,27486,M,0.0,0.0,27
200800046667,8,8,31,1800,1,2,1,1,7,27524,M,0.0,0.0,27
200800046668,8,8,9,1130,1,2,1,1,3,27123,M,4901100.0,131800.0,27
200800046669,8,8,11,1545,1,2,1,1,1,27309,M,0.0,0.0,27
200800046670,8,8,7,2100,1,1,1,2,1,27009,M,0.0,0.0,27
200800046671,8,8,11,1630,1,2,1,1,7,27303,M,0.0,0.0,27
200800046672,8,8,26,1445,1,1,1,1,4,27679,M,0.0,0.0,27
200800046673,8,8,23,1445,5,2,9,1,7,27422,M,0.0,0.0,27
200800046674,8,8,1,1730,1,1,1,1,3,27331,M,0.0,0.0,27
200800046675,8,8,1,1745,1,1,1,1,1,27285,M,0.0,0.0,27
200800046676,8,8,3,1330,1,2,1,1,7,27487,M,0.0,0.0,27
200800046677,8,8,9,1900,1,1,1,1,3,27445,M,4925500.0,167400.0,27
200800046678,8,8,28,15,3,1,1,1,6,27276,M,4927800.0,162100.0,27
200800046679,8,8,12,1415,1,1,2,1,3,27179,M,0.0,0.0,27
200800046680,8,8,21,1115,1,2,1,1,6,27056,M,4909500.0,59800.0,27
200800046681,8,8,23,1,3,1,1,1,6,27398,M,0.0,0.0,27
200800046682,8,8,8,1600,1,2,1,1,1,27311,M,0.0,0.0,27
200800046683,8,8,9,1730,1,1,1,1,7,27221,M,0.0,0.0,27
200800046684,8,8,30,1430,1,2,1,1,6,27116,M,0.0,0.0,27
200800046685,8,8,12,100,3,1,1,3,7,27025,M,4910800.0,129200.0,27
200800046686,8,8,15,1215,1,2,1,1,3,27250,M,0.0,0.0,27
200800046687,8,8,15,1815,1,2,1,1,6,27348,M,4932300.0,115000.0,27
200800046688,8,8,16,145,3,1,1,1,7,27348,M,4933200.0,115200.0,27
200800046689,8,8,26,1800,1,2,1,1,6,27467,M,0.0,0.0,27
200800046690,8,8,20,1845,1,2,1,1,1,35047,M,0.0,0.0,35
200800046691,8,8,29,1845,1,1,1,1,5,35066,M,0.0,0.0,35
200800046692,8,8,2,1715,1,1,1,1,6,35184,M,0.0,0.0,35
200800046693,8,8,24,2000,1,1,1,1,6,35234,M,0.0,0.0,35
200800046694,8,8,7,1830,1,1,1,1,3,35223,M,0.0,0.0,35
200800046695,8,8,11,1715,1,2,1,1,1,35023,M,0.0,0.0,35
200800046696,8,8,21,630,3,1,1,1,6,35076,M,0.0,0.0,35
200800046697,8,8,23,2115,5,2,1,1,6,35240,M,0.0,0.0,35
200800046698,8,8,6,1345,1,1,1,7,1,35137,M,0.0,0.0,35
200800046699,8,8,29,1415,1,2,1,1,7,35115,M,0.0,0.0,35
200800046700,8,8,1,1845,1,1,1,1,6,35273,M,0.0,0.0,35
200800046701,8,8,13,2030,1,1,1,1,6,35257,M,0.0,0.0,35
200800046702,8,8,17,2100,2,1,1,1,7,35205,M,0.0,0.0,35
200800046703,8,8,15,1130,1,2,1,1,1,35236,M,0.0,0.0,35
200800046704,8,8,2,1630,1,1,1,1,6,35316,M,0.0,0.0,35
200800046705,8,8,16,1015,1,1,1,1,3,35343,M,0.0,0.0,35
200800046706,8,8,25,2315,3,1,1,1,2,35012,M,0.0,0.0,35
200800046707,8,8,4,1045,1,1,1,1,3,35219,M,0.0,0.0,35
200800046708,8,8,14,1600,1,1,1,1,3,35057,M,0.0,0.0,35
200800046709,8,8,15,1800,1,1,1,1,3,35084,M,0.0,0.0,35
200800046710,8,8,28,1700,1,2,1,1,6,35328,M,0.0,0.0,35
200800046711,8,8,1,1430,1,1,1,1,1,35358,M,0.0,0.0,35
200800046712,8,8,4,1945,1,1,1,1,6,35299,M,0.0,0.0,35
200800046713,8,8,31,1045,1,2,1,1,3,35049,M,0.0,0.0,35
200800046714,8,8,24,500,5,2,1,1,7,35361,M,0.0,0.0,35
200800046715,8,8,26,730,1,1,1,1,3,35085,M,0.0,0.0,35
200800046716,8,8,31,1230,1,1,1,8,7,35029,M,0.0,0.0,35