Num_Acc,an,mois,jour,hrmn,lum,agg,int,atm,col,com,gps,lat,long,dep
200800046717,8,8,25,1345,1,1,1,1,3,35183,M,0.0,0.0,35
200800046718,8,8,10,2045,1,1,1,1,3,35327,M,0.0,0.0,35
200800046719,8,8,1,2200,3,1,1,1,1,35082,M,0.0,0.0,35
200800046720,8,8,10,1230,1,2,1,1,1,35136,M,4796500.0,-149300.0,35
200800046721,8,8,15,1445,1,1,1,1,1,35108,M,4795400.0,-140000.0,35
200800046722,8,8,24,1915,1,1,1,1,3,35002,M,4803400.0,-147800.0,35
200800046723,8,8,30,1900,1,1,1,7,6,22158,M,4820700.0,-295900.0,22
200800046724,8,8,2,1645,1,1,1,1,6,22136,M,0.0,0.0,22
200800046725,8,8,7,515,3,2,1,1,3,22162,M,4877200.0,-304700.0,22
200800046726,8,8,10,1800,1,1,1,1,1,22214,M,4875800.0,-297500.0,22
200800046727,8,8,17,2130,2,2,1,1,1,22162,M,4878400.0,-304400.0,22
200800046728,8,8,20,1630,1,2,1,1,2,22186,M,4858600.0,-253500.0,22
200800046729,8,8,5,1330,1,2,1,1,1,22259,M,0.0,0.0,22
200800046730,8,8,12,1115,1,2,1,1,3,22259,M,0.0,0.0,22
200800046731,8,8,15,1930,1,1,1,1,1,22020,M,0.0,0.0,22
200800046732,8,8,17,1615,1,2,1,1,1,22209,M,0.0,0.0,22
200800046733,8,8,22,1930,1,1,1,1,3,22282,M,0.0,0.0,22
200800046734,8,8,22,1430,1,1,1,1,6,22049,M,0.0,0.0,22
200800046735,8,8,28,1615,1,1,2,1,5,22297,M,4827700.0,-253000.0,22
200800046736,8,8,18,1530,1,1,3,1,3,22156,M,4854300.0,-323000.0,22
200800046737,8,8,2,1945,1,2,1,1,3,22004,M,4863400.0,-330700.0,22
200800046738,8,8,15,1700,1,1,1,1,7,22338,M,4862700.0,-318200.0,22
200800046739,8,8,19,800,1,1,1,1,3,22135,M,0.0,0.0,22
200800046740,8,8,2,130,3,1,1,2,6,22157,M,0.0,0.0,22
200800046741,8,8,8,1600,1,1,1,1,1,22294,M,4836400.0,-310800.0,22
200800046742,8,8,3,430,3,1,1,2,7,22235,M,4865500.0,-354200.0,22
200800046743,8,8,12,1945,1,1,1,1,3,22211,M,4871000.0,-345800.0,22
200800046744,8,8,24,1530,1,2,1,1,1,22168,M,4881500.0,-346200.0,22
200800046745,8,8,8,445,3,1,1,1,1,29216,M,0.0,0.0,29
200800046746,8,8,18,1400,1,2,1,1,7,29225,M,0.0,0.0,29
200800046747,8,8,20,1945,1,1,1,8,1,29169,M,4808900.0,-419500.0,29
200800046748,8,8,30,1000,1,2,1,1,3,29058,M,4789300.0,-401500.0,29
200800046749,8,8,2,200,4,1,1,3,6,29220,M,0.0,0.0,29
200800046750,8,8,6,1700,1,1,1,1,2,29037,M,0.0,0.0,29
200800046751,8,8,19,2345,3,1,1,1,7,29165,M,0.0,0.0,29
200800046752,8,8,22,2315,3,1,1,1,3,29174,M,0.0,0.0,29
200800046753,8,8,25,1915,1,1,1,1,1,29171,M,0.0,0.0,29
200800046754,8,8,27,1715,1,2,9,1,7,29061,M,4844900.0,-446400.0,29
200800046755,8,8,3,1415,5,2,1,1,3,29026,M,4820000.0,-409500.0,29
200800046756,8,8,17,1545,1,1,3,1,3,29016,M,4832400.0,-396300.0,29
200800046757,8,8,23,1230,1,2,1,1,3,29162,M,4825900.0,-382600.0,29
200800046758,8,8,30,1600,1,2,1,1,6,29027,M,4819100.0,-381400.0,29
200800046759,8,8,31,115,3,1,1,1,7,29048,M,0.0,0.0,29
200800046760,8,8,9,1615,1,1,1,1,1,29022,M,0.0,0.0,29
200800046761,8,8,8,500,3,1,1,8,7,29067,M,4852700.0,-358900.0,29
200800046762,8,8,3,1900,1,2,1,2,1,29105,M,4850400.0,-406300.0,29
200800046763,8,8,19,1845,1,2,1,1,1,29030,M,0.0,0.0,29
200800046764,8,8,26,1130,1,1,1,1,3,29259,M,0.0,0.0,29
200800046765,8,8,17,2200,3,1,1,1,7,56157,M,0.0,0.0,56
200800046766,8,8,14,1745,1,1,1,1,7,56058,M,0.0,0.0,56
200800046767,8,8,10,1645,1,1,1,1,7,56046,M,0.0,0.0,56
200800046768,8,8,30,1530,1,1,1,1,3,56046,M,0.0,0.0,56
200800046769,8,8,24,1630,1,1,1,1,6,56114,M,4732000.0,-311400.0,56
200800046770,8,8,29,1015,1,1,1,1,3,56114,M,4730600.0,-313500.0,56
200800046771,8,8,14,1900,1,2,1,1,3,56034,M,4758800.0,-309200.0,56
200800046772,8,8,7,1415,1,1,1,2,3,56040,M,4791000.0,-334500.0,56
200800046773,8,8,12,1000,1,2,1,1,1,56161,M,0.0,0.0,56
200800046774,8,8,13,2015,1,1,1,1,6,56165,M,0.0,0.0,56
200800046775,8,8,15,1900,1,1,1,1,7,56032,M,4795300.0,-232000.0,56
200800046776,8,8,15,1315,1,2,1,1,6,56075,M,0.0,0.0,56
200800046777,8,8,24,2030,1,1,1,1,7,56091,M,4795100.0,-253900.0,56
200800046778,8,8,6,900,1,2,1,1,6,56178,M,4807200.0,-296500.0,56
200800046779,8,8,28,100,3,1,1,1,6,56048,M,4806900.0,-336600.0,56
200800046780,8,8,8,1500,1,1,1,1,7,56140,M,0.0,0.0,56
200800046781,8,8,3,500,5,2,1,1,6,56066,M,4814500.0,-361600.0,56
200800046782,8,8,5,1415,1,2,1,1,3,56066,M,4815300.0,-360300.0,56
200800046783,8,8,14,1815,1,1,1,1,7,56131,M,4798600.0,-343500.0,56
200800046784,8,8,30,1200,1,1,1,1,7,56081,M,4809000.0,-363900.0,56
200800046785,8,8,29,2100,5,2,1,1,6,14228,M,4930200.0,-37500.0,14
200800046786,8,8,22,1600,1,1,2,1,3,14268,M,4905500.0,-17700.0,14
200800046787,8,8,31,1830,1,1,1,1,1,14106,M,4922700.0,-22900.0,14
200800046788,8,8,10,1900,1,1,1,1,1,14107,M,0.0,0.0,14
200800046789,8,8,5,2045,1,2,1,1,7,14741,M,0.0,0.0,14
200800046790,8,8,7,2000,1,1,1,3,5,14764,M,0.0,0.0,14
200800046791,8,8,6,1730,1,1,1,1,1,14041,M,0.0,0.0,14
200800046792,8,8,11,1215,1,2,1,1,6,14754,M,4932600.0,-400.0,14
200800046793,8,8,11,100,3,1,1,3,6,14743,M,4916400.0,-1000.0,14
200800046794,8,8,22,2045,1,2,7,1,6,14754,M,4932600.0,-600.0,14
200800046795,8,8,18,1715,1,2,1,1,7,14611,M,0.0,0.0,14
200800046796,8,8,21,2000,1,1,1,1,1,14730,M,4888200.0,-83800.0,14
200800046797,8,8,17,1745,1,2,1,1,3,14174,M,4885400.0,-55800.0,14
200800046798,8,8,13,1615,1,1,1,6,7,50239,M,4913900.0,-117600.0,50
200800046799,8,8,23,1645,1,2,6,1,1,50483,M,4910900.0,-117500.0,50
200800046800,8,8,9,1000,1,2,1,1,6,50601,M,4904000.0,-97600.0,50
200800046801,8,8,12,2230,3,1,1,1,7,50139,M,0.0,0.0,50
200800046802,8,8,21,945,1,2,1,1,6,50025,M,4869100.0,-136500.0,50
200800046803,8,8,3,1800,1,1,1,2,6,50167,M,4870000.0,-150200.0,50
200800046804,8,8,10,1300,1,1,2,1,3,50174,M,0.0,0.0,50
200800046805,8,8,13,1145,1,1,1,1,6,50496,M,0.0,0.0,50
200800046806,8,8,31,545,3,1,1,1,4,50447,M,0.0,0.0,50
200800046807,8,8,20,1600,1,2,1,1,3,50639,M,0.0,0.0,50
200800046808,8,8,23,1930,1,1,1,1,5,50124,M,0.0,0.0,50
200800046809,8,8,19,1815,1,1,1,1,5,50401,M,0.0,0.0,50
200800046810,8,8,3,2030,3,1,1,3,7,50177,M,0.0,0.0,50
200800046811,8,8,21,2315,3,1,1,1,1,50421,M,4951300.0,-132300.0,50
200800046812,8,8,2,1745,1,1,1,1,5,50358,M,4956800.0,-131700.0,50
200800046813,8,8,9,1530,1,1,1,1,3,50142,M,4969800.0,-142200.0,50
200800046814,8,8,29,2145,5,2,1,1,3,50562,M,4959300.0,-126800.0,50
200800046815,8,8,30,2230,3,1,1,1,1,50376,M,0.0,0.0,50
200800046816,8,8,11,1445,1,1,1,1,1,50085,M,0.0,0.0,50
200800046817,8,8,12,830,1,1,1,2,1,50336,M,0.0,0.0,50
200800046818,8,8,21,330,3,1,1,1,6,50278,M,0.0,0.0,50
200800046819,8,8,1,1630,1,1,1,1,2,50267,M,4921600.0,-151600.0,50
200800046820,8,8,9,1200,1,2,7,1,6,50236,M,4929400.0,-154300.0,50
200800046821,8,8,15,1145,1,1,1,1,1,50318,M,0.0,0.0,50
200800046822,8,8,16,1615,1,1,1,1,1,50582,M,0.0,0.0,50
200800046823,8,8,17,300,3,2,1,8,7,50371,M,4866000.0,-94000.0,50
200800046824,8,8,17,2330,3,1,1,1,1,50043,M,0.0,0.0,50
200800046825,8,8,2,1715,1,1,2,1,3,50256,M,0.0,0.0,50
200800046826,8,8,25,1645,1,2,1,1,6,61074,M,0.0,0.0,61
200800046827,8,8,1,1645,1,1,1,1,4,61415,M,0.0,0.0,61
200800046828,8,8,15,1130,1,1,1,1,7,61064,M,0.0,0.0,61
200800046829,8,8,22,1315,1,1,1,1,5,61316,M,4887400.0,-3700.0,61
200800046830,8,8,22,1830,1,1,1,3,7,61472,M,0.0,0.0,61
200800046831,8,8,17,515,3,1,1,1,6,61168,M,0.0,0.0,61
200800046832,8,8,1,1530,1,1,1,1,6,61246,M,0.0,0.0,61
200800046833,8,8,1,615,2,1,1,2,7,61012,M,0.0,0.0,61
200800046834,8,8,29,1415,1,2,1,1,6,61214,M,0.0,0.0,61
200800046835,8,8,20,1300,1,2,3,1,3,44026,M,4728000.0,-149600.0,44
200800046836,8,8,4,1430,1,1,1,1,1,44014,M,0.0,0.0,44
200800046837,8,8,30,115,5,2,1,1,6,44041,M,0.0,0.0,44
200800046838,8,8,12,1630,1,1,1,1,6,44213,M,0.0,0.0,44
200800046839,8,8,14,1030,1,2,1,1,6,44003,M,0.0,0.0,44
200800046840,8,8,27,2315,3,1,1,1,6,44147,M,0.0,0.0,44
200800046841,8,8,8,1345,1,2,1,1,1,44140,M,0.0,0.0,44
200800046842,8,8,25,1445,1,2,1,1,6,44169,M,4725400.0,-139200.0,44
200800046843,8,8,14,2000,1,1,1,1,6,44153,M,0.0,0.0,44
200800046844,8,8,14,1330,1,1,1,1,1,44056,M,0.0,0.0,44
200800046845,8,8,17,830,1,2,1,1,6,44067,M,4763600.0,-181600.0,44
200800046846,8,8,1,2100,1,1,1,1,6,44208,M,4762700.0,-154900.0,44
200800046847,8,8,3,330,3,1,1,2,6,44113,M,4756100.0,-163400.0,44
200800046848,8,8,4,1445,1,2,6,1,3,44120,M,4719900.0,-175900.0,44
200800046849,8,8,17,1600,5,2,6,1,2,44182,M,0.0,0.0,44
200800046850,8,8,18,1,3,1,2,1,5,44187,M,0.0,0.0,44
200800046851,8,8,23,1615,1,2,1,1,3,44154,M,0.0,0.0,44
200800046852,8,8,11,230,5,2,1,1,6,44072,M,0.0,0.0,44
200800046853,8,8,16,1315,1,1,7,1,6,44069,M,0.0,0.0,44
200800046854,8,8,9,930,1,1,1,1,6,44210,M,0.0,0.0,44
200800046855,8,8,20,1900,1,1,1,1,3,44103,M,0.0,0.0,44
200800046856,8,8,26,2045,1,2,1,1,3,44210,M,0.0,0.0,44
200800046857,8,8,30,2145,3,1,1,1,6,44210,M,0.0,0.0,44
200800046858,8,8,7,1815,1,1,1,1,1,44068,M,4754400.0,-199600.0,44
200800046859,8,8,17,830,1,1,1,1,7,44161,M,4749900.0,-204700.0,44
200800046860,8,8,19,1330,1,1,3,8,3,44045,M,0.0,0.0,44
200800046861,8,8,4,2245,5,2,1,1,1,49214,M,4753300.0,-60900.0,49
200800046862,8,8,12,1500,1,1,1,2,1,49049,M,4741700.0,-16200.0,49
200800046863,8,8,22,1400,1,2,1,1,6,49021,M,4744400.0,-23100.0,49
200800046864,8,8,9,1830,1,1,1,1,2,49290,M,0.0,0.0,49
200800046865,8,8,24,330,3,1,1,1,7,49050,M,4734200.0,-43000.0,49
200800046866,8,8,30,2000,1,2,6,1,3,49308,M,4740300.0,-51400.0,49
200800046867,8,8,3,1600,1,1,1,8,7,49220,M,0.0,0.0,49
200800046868,8,8,15,2245,3,1,1,1,6,49333,M,0.0,0.0,49
200800046869,8,8,25,945,1,1,1,8,1,49199,M,4719000.0,-72100.0,49
200800046870,8,8,2,2045,2,1,1,1,1,49269,M,4700900.0,-95600.0,49
200800046871,8,8,23,145,3,1,1,1,3,49245,M,0.0,0.0,49
200800046872,8,8,23,1600,1,1,1,1,7,49380,M,0.0,0.0,49
200800046873,8,8,2,1900,1,1,1,8,6,49282,M,0.0,0.0,49
200800046874,8,8,9,1930,1,2,1,1,1,49224,M,4734500.0,-3600.0,49
200800046875,8,8,4,1945,1,1,2,1,3,49253,M,4711400.0,-20400.0,49
200800046876,8,8,24,2045,3,1,1,2,1,49331,M,0.0,0.0,49
200800046877,8,8,29,1845,1,2,1,1,1,49077,M,0.0,0.0,49
200800046878,8,8,1,45,3,1,1,1,7,49266,M,0.0,0.0,49
200800046879,8,8,18,2045,1,1,1,1,3,49135,M,0.0,0.0,49
200800046880,8,8,22,1830,1,1,1,1,6,53205,M,4812300.0,-59500.0,53
200800046881,8,8,24,430,3,1,1,1,6,53218,M,4823400.0,-36800.0,53
200800046882,8,8,28,1530,1,1,1,1,2,53036,M,0.0,0.0,53
200800046883,8,8,11,1700,1,2,1,1,1,53260,M,0.0,0.0,53
200800046884,8,8,27,1400,1,1,3,1,1,53147,M,0.0,0.0,53
200800046885,8,8,2,1230,1,1,1,2,3,53249,M,4820800.0,-18200.0,53
200800046886,8,8,27,2315,3,1,9,1,7,53185,M,0.0,0.0,53
200800046887,8,8,1,2215,1,1,2,1,3,72386,M,4803300.0,28200.0,72
200800046888,8,8,2,1315,1,1,1,1,1,72289,M,4813900.0,15100.0,72
200800046889,8,8,22,1645,1,1,1,2,1,72335,M,4809500.0,31800.0,72
200800046890,8,8,7,800,2,2,1,1,3,72154,M,4770400.0,-7500.0,72
200800046891,8,8,20,845,1,2,1,1,3,72154,M,4770200.0,-7400.0,72
200800046892,8,8,31,1545,1,2,1,1,3,72173,M,0.0,0.0,72
200800046893,8,8,20,2130,2,1,1,1,7,72223,M,4784800.0,-10300.0,72
200800046894,8,8,8,2345,3,1,1,1,7,72175,M,0.0,0.0,72
200800046895,8,8,23,2200,3,1,1,1,7,72176,M,0.0,0.0,72
200800046896,8,8,28,1400,1,1,9,1,3,72364,M,4767300.0,32100.0,72
200800046897,8,8,22,1615,1,1,2,3,3,72372,M,4836700.0,29100.0,72
200800046898,8,8,24,515,3,1,1,1,7,72041,M,4809100.0,63800.0,72
200800046899,8,8,29,315,3,1,1,1,6,72132,M,4807100.0,61100.0,72
200800046900,8,8,1,1100,1,1,1,1,3,72138,M,4828800.0,2400.0,72
200800046901,8,8,9,1430,1,1,1,1,1,72370,M,4819500.0,2100.0,72
200800046902,8,8,8,30,3,1,1,2,6,85135,M,4653900.0,-124500.0,85
200800046903,8,8,9,2000,1,1,1,1,3,85081,M,0.0,0.0,85
200800046904,8,8,29,1830,1,1,1,1,2,85295,M,0.0,0.0,85
200800046905,8,8,2,2015,1,2,6,1,3,85003,M,4674000.0,-160000.0,85
200800046906,8,8,25,1230,1,1,1,1,3,85092,M,0.0,0.0,85
200800046907,8,8,26,1800,1,2,1,1,3,85092,M,0.0,0.0,85
200800046908,8,8,8,1700,1,1,1,1,1,85248,M,0.0,0.0,85
200800046909,8,8,18,430,4,2,1,1,3,85233,M,4652400.0,-108400.0,85
200800046910,8,8,30,1945,1,1,1,1,2,85001,M,4634100.0,-128200.0,85
200800046911,8,8,8,400,3,1,1,1,6,85143,M,4651400.0,-74500.0,85
200800046912,8,8,30,530,1,1,1,1,6,85181,M,0.0,0.0,85
200800046913,8,8,2,1445,1,1,1,2,6,85059,M,4662300.0,-69800.0,85
200800046914,8,8,15,1945,1,1,2,1,3,85251,M,4657600.0,-71700.0,85
200800046915,8,8,17,30,3,2,1,1,6,85024,M,4694000.0,-188000.0,85
200800046916,8,8,27,1645,1,1,1,1,1,85218,M,4663400.0,-161100.0,85
200800046917,8,8,5,245,3,1,1,1,7,85268,M,4669600.0,-184200.0,85
200800046918,8,8,9,400,3,1,1,1,1,85226,M,0.0,0.0,85
200800046919,8,8,10,2130,3,1,1,1,6,85226,M,0.0,0.0,85
200800046920,8,8,14,1700,1,2,3,1,1,85071,M,0.0,0.0,85
200800046921,8,8,31,1045,1,2,1,1,3,85088,M,0.0,0.0,85
200800046922,8,8,7,1500,1,1,1,1,1,85012,M,0.0,0.0,85
200800046923,8,8,13,1630,1,2,1,1,1,85234,M,4679400.0,-203900.0,85
200800046924,8,8,23,1115,1,2,1,1,7,85234,M,0.0,0.0,85
200800046925,8,8,17,1315,1,2,1,1,1,85234,M,4678000.0,-205100.0,85
200800046926,8,8,5,2200,3,1,1,1,6,85116,M,0.0,0.0,85
200800046927,8,8,5,845,1,1,1,1,6,85294,M,0.0,0.0,85
200800046928,8,8,14,1215,1,1,1,9,5,85127,M,4641000.0,-143000.0,85
200800046929,8,8,22,1245,1,1,1,1,6,85050,M,0.0,0.0,85
200800046930,8,8,25,1800,1,1,1,1,6,33519,M,4491000.0,-69800.0,33
200800046931,8,8,26,2000,1,2,1,7,2,33162,M,0.0,0.0,33
200800046932,8,8,9,300,5,2,1,1,6,33273,M,0.0,0.0,33
200800046933,8,8,22,645,3,2,1,3,5,33273,M,0.0,0.0,33
200800046934,8,8,6,1715,1,1,2,1,3,33280,M,4517500.0,-59300.0,33
200800046935,8,8,6,1000,1,1,1,1,3,33341,M,4501500.0,-900.0,33
200800046936,8,8,24,2115,5,2,1,1,1,33475,M,4504700.0,-56000.0,33
200800046937,8,8,22,1915,1,1,1,7,1,33389,M,4529600.0,-62800.0,33
200800046938,8,8,20,2315,3,1,1,1,4,33123,M,4509100.0,-40600.0,33
200800046939,8,8,2,1215,1,1,1,1,7,33293,M,4487600.0,-43600.0,33
200800046940,8,8,28,745,1,1,1,1,2,33330,M,0.0,0.0,33
200800046941,8,8,8,1815,1,2,1,1,2,33225,M,4458000.0,-40000.0,33
200800046942,8,8,9,1100,1,2,3,1,1,33415,M,4502000.0,-45200.0,33
200800046943,8,8,18,1615,1,2,1,1,3,33357,M,0.0,0.0,33
200800046944,8,8,5,1630,1,2,1,1,6,33352,M,4458800.0,-3900.0,33
200800046945,8,8,3,2030,1,2,1,7,6,33307,M,0.0,0.0,33
200800046946,8,8,31,945,1,1,1,1,6,33202,M,0.0,0.0,33
200800046947,8,8,8,845,1,2,1,2,1,33175,M,4474400.0,-16200.0,33
200800046948,8,8,2,700,3,1,1,1,6,33417,M,4497200.0,-87300.0,33
200800046949,8,8,3,1230,1,1,1,1,7,33471,M,0.0,0.0,33
200800046950,8,8,14,430,3,1,1,1,2,33125,M,4523300.0,-87900.0,33
200800046951,8,8,16,715,3,1,1,2,7,33208,M,0.0,0.0,33
200800046952,8,8,29,1945,1,2,2,1,5,33466,M,4482700.0,-29300.0,33
200800046953,8,8,31,2015,2,1,3,1,1,33362,M,0.0,0.0,33
200800046954,8,8,5,1745,1,1,6,1,7,33324,M,4484000.0,26000.0,33
200800046955,8,8,10,1230,1,1,6,1,3,33324,M,0.0,0.0,33
200800046956,8,8,2,1800,1,1,2,1,3,33166,M,4506200.0,-3200.0,33
200800046957,8,8,17,115,3,1,1,1,5,33191,M,4501500.0,3300.0,33
200800046958,8,8,30,1545,1,2,1,1,1,33364,M,4496600.0,-27600.0,33
200800046959,8,8,3,1530,1,1,1,1,5,24064,M,0.0,0.0,24
200800046960,8,8,3,1330,1,1,1,1,7,24561,M,0.0,0.0,24
200800046961,8,8,14,1000,1,2,1,1,7,24372,M,0.0,0.0,24
200800046962,8,8,2,900,1,2,1,1,2,24188,M,4513200.0,97800.0,24
200800046963,8,8,3,915,1,1,1,1,1,24285,M,4498200.0,55800.0,24
200800046964,8,8,21,2000,1,1,1,1,2,24225,M,0.0,0.0,24
200800046965,8,8,4,1245,1,2,1,1,6,24335,M,0.0,0.0,24
200800046966,8,8,12,1245,1,1,1,2,6,24494,M,4497000.0,16400.0,24
200800046967,8,8,15,1345,1,2,1,1,6,24335,M,0.0,0.0,24
200800046968,8,8,29,1730,1,2,1,1,3,24584,M,0.0,0.0,24
200800046969,8,8,2,1030,1,1,9,8,2,24328,M,0.0,0.0,24
200800046970,8,8,10,900,1,2,1,1,6,24311,M,0.0,0.0,24
200800046971,8,8,26,1915,1,1,1,1,5,24016,M,0.0,0.0,24
200800046972,8,8,10,100,3,1,1,1,7,24008,M,4570100.0,123500.0,24
200800046973,8,8,4,1300,1,1,1,1,1,24354,M,4514300.0,4300.0,24
200800046974,8,8,27,2100,2,2,1,1,3,24376,M,4520200.0,13200.0,24
200800046975,8,8,8,2045,1,1,1,1,3,24512,M,0.0,0.0,24
200800046976,8,8,23,1745,1,1,1,1,6,24520,M,0.0,0.0,24
200800046977,8,8,28,1030,1,2,1,1,6,24520,M,0.0,0.0,24
200800046978,8,8,29,1500,1,2,1,1,3,24520,M,0.0,0.0,24
200800046979,8,8,22,1300,1,1,1,1,1,24538,M,0.0,0.0,24
200800046980,8,8,19,1115,1,1,1,1,5,24217,M,4497000.0,89100.0,24
200800046981,8,8,23,400,3,1,1,1,6,24254,M,0.0,0.0,24
200800046982,8,8,3,1345,1,1,1,1,6,40245,M,,,40
200800046983,8,8,16,1945,1,2,1,1,2,40245,M,4402600.0,-30900.0,40
200800046984,8,8,8,1045,1,2,9,2,6,40313,M,0.0,0.0,40
200800046985,8,8,11,2145,5,2,1,1,3,40068,M,0.0,0.0,40
200800046986,8,8,4,830,1,1,1,1,6,40075,M,4385000.0,-120000.0,40
200800046987,8,8,12,1215,1,1,1,2,1,40266,M,0.0,0.0,40
200800046988,8,8,2,1130,1,1,1,1,3,40133,M,0.0,0.0,40
200800046989,8,8,17,1745,3,1,1,1,3,40264,M,0.0,0.0,40
200800046990,8,8,29,1100,1,2,1,1,6,40261,M,4369200.0,-122900.0,40
200800046991,8,8,27,1700,1,1,1,1,1,40261,M,4369900.0,-120600.0,40
200800046992,8,8,8,1000,1,1,1,1,6,40021,M,0.0,0.0,40
200800046993,8,8,3,230,3,1,1,1,1,40271,M,4356900.0,-120300.0,40
200800046994,8,8,19,2300,5,2,6,1,6,40108,M,0.0,0.0,40
200800046995,8,8,10,915,1,1,1,1,2,40303,M,0.0,0.0,40
200800046996,8,8,17,1715,1,1,1,1,6,40210,M,0.0,0.0,40
200800046997,8,8,17,1745,1,1,1,1,6,40246,M,4412500.0,-65200.0,40
200800046998,8,8,5,1200,1,1,1,1,1,40184,M,4423400.0,-122100.0,40
200800046999,8,8,4,1800,1,2,1,1,3,40061,M,0.0,0.0,40
200800047000,8,8,28,1045,1,2,3,1,3,40282,M,0.0,0.0,40
200800047001,8,8,9,1030,1,2,1,1,1,40001,M,0.0,0.0,40
200800047002,8,8,23,945,1,1,1,1,6,40082,M,0.0,0.0,40
200800047003,8,8,30,1515,1,1,9,1,6,40055,M,0.0,0.0,40
200800047004,8,8,17,2000,1,1,1,1,1,47100,M,4422900.0,60500.0,47
200800047005,8,8,21,1945,2,1,1,7,1,47234,M,0.0,0.0,47
200800047006,8,8,23,815,1,1,1,1,6,47171,M,4431200.0,70900.0,47
200800047007,8,8,8,1015,1,1,1,1,2,47086,M,0.0,0.0,47
200800047008,8,8,17,1430,1,1,1,1,1,47204,M,4458700.0,33300.0,47
200800047009,8,8,21,900,1,1,2,1,3,47191,M,0.0,0.0,47
200800047010,8,8,17,2145,3,1,1,1,6,47112,M,4440300.0,37800.0,47
200800047011,8,8,2,1530,1,1,9,1,2,47141,M,0.0,0.0,47
200800047012,8,8,13,1030,1,1,1,1,3,47161,M,4432500.0,85800.0,47
200800047013,8,8,4,545,3,2,1,1,6,47324,M,4464400.0,74900.0,47
200800047014,8,8,10,1515,1,1,1,1,3,47241,M,0.0,0.0,47
200800047015,8,8,14,1530,1,1,1,1,7,47057,M,0.0,0.0,47
200800047016,8,8,15,1815,1,1,9,1,1,47179,M,0.0,0.0,47
200800047017,8,8,24,815,1,1,1,1,6,47077,M,0.0,0.0,47
200800047018,8,8,31,2245,3,1,1,1,1,47036,M,0.0,0.0,47
200800047019,8,8,27,1700,1,1,1,1,7,47049,M,4444600.0,63000.0,47
200800047020,8,8,29,1100,1,1,1,1,1,64370,M,4336500.0,-28700.0,64
200800047021,8,8,18,215,3,1,1,1,1,64070,M,4345200.0,-32500.0,64
200800047022,8,8,3,745,1,2,1,1,3,64275,M,0.0,0.0,64
200800047023,8,8,6,2045,1,2,1,8,6,64422,M,4317300.0,-65600.0,64
200800047024,8,8,18,1330,1,2,1,1,6,64422,M,0.0,0.0,64
200800047025,8,8,28,1330,1,2,1,1,3,64062,M,0.0,0.0,64
200800047026,8,8,28,1900,1,2,1,1,3,64062,M,0.0,0.0,64
200800047027,8,8,10,1100,1,1,1,1,6,64430,M,4349000.0,-81100.0,64
200800047028,8,8,5,845,1,1,1,1,3,64513,M,4343200.0,-93700.0,64
200800047029,8,8,14,1700,1,2,1,1,6,86226,M,4656300.0,51800.0,86
200800047030,8,8,20,200,5,2,1,1,6,86226,M,4656300.0,50800.0,86
200800047031,8,8,17,700,1,2,1,1,2,86062,M,0.0,0.0,86
200800047032,8,8,1,1945,1,2,6,1,3,86177,M,4669000.0,26200.0,86
200800047033,8,8,4,1800,1,1,1,1,6,86030,M,4673300.0,21100.0,86
200800047034,8,8,12,1745,1,2,2,1,3,86160,M,4678700.0,18500.0,86
200800047035,8,8,31,400,5,2,1,3,7,86146,M,4674900.0,38000.0,86
200800047036,8,8,19,2015,1,1,3,1,3,86141,M,0.0,0.0,86
200800047037,8,8,23,845,1,1,1,1,7,86276,M,4629100.0,51300.0,86
200800047038,8,8,18,2215,5,2,1,1,6,86092,M,4694000.0,61000.0,86
200800047039,8,8,8,1545,1,1,1,1,1,86224,M,4688200.0,40300.0,86
200800047040,8,8,10,415,3,2,1,1,6,86265,M,4686000.0,38000.0,86
200800047041,8,8,11,1345,1,2,1,1,3,86184,M,4678000.0,36000.0,86
200800047042,8,8,11,1715,1,1,1,1,6,86245,M,4682900.0,62500.0,86
200800047043,8,8,25,845,1,1,1,1,7,86032,M,0.0,0.0,86
200800047044,8,8,28,1115,1,1,1,1,7,86125,M,0.0,0.0,86
200800047045,8,8,15,1530,1,2,1,1,3,86167,M,4692600.0,21100.0,86
200800047046,8,8,31,1700,1,1,7,1,6,86161,M,0.0,0.0,86
200800047047,8,8,23,1430,1,1,1,1,5,86170,M,4635300.0,79100.0,86
200800047048,8,8,7,930,2,1,1,1,3,86152,M,4618600.0,54100.0,86
200800047049,8,8,17,2245,3,1,1,1,6,16066,M,0.0,0.0,16
200800047050,8,8,21,1545,1,1,2,1,3,16074,M,4544100.0,-8000.0,16
200800047051,8,8,24,630,2,1,1,1,6,16338,M,0.0,0.0,16
200800047052,8,8,25,945,1,1,1,1,6,16360,M,0.0,0.0,16
200800047053,8,8,9,1500,1,1,1,1,2,16001,M,4610800.0,70900.0,16
200800047054,8,8,12,1330,1,1,1,1,1,16259,M,0.0,0.0,16
200800047055,8,8,18,330,3,1,1,1,7,16016,M,4596600.0,63900.0,16
200800047056,8,8,24,1745,1,1,1,1,3,16188,M,0.0,0.0,16
200800047057,8,8,16,1415,1,1,2,2,3,16381,M,4605000.0,3000.0,16
200800047058,8,8,13,30,3,1,1,1,6,16044,M,4604000.0,27600.0,16
200800047059,8,8,16,200,4,2,1,1,7,16206,M,0.0,0.0,16
200800047060,8,8,5,1600,1,1,1,1,1,16344,M,0.0,0.0,16
200800047061,8,8,6,1530,1,1,9,1,1,16312,M,4578100.0,-3300.0,16
200800047062,8,8,23,1900,1,1,1,1,2,16144,M,0.0,0.0,16