Num_Acc,an,mois,jour,hrmn,lum,agg,int,atm,col,com,gps,lat,long,dep
200800047063,8,8,1,1245,1,2,1,1,2,17153,M,0.0,0.0,17
200800047064,8,8,11,1,3,1,1,1,2,17407,M,4620400.0,-103100.0,17
200800047065,8,8,30,1115,1,1,1,1,5,17300,M,0.0,0.0,17
200800047066,8,8,6,2200,2,2,1,1,6,17420,M,4610800.0,-106000.0,17
200800047067,8,8,15,1430,1,1,2,1,3,17315,M,0.0,0.0,17
200800047068,8,8,3,630,2,1,1,8,5,17008,M,4627600.0,-100100.0,17
200800047069,8,8,17,915,1,1,1,1,1,17161,M,0.0,0.0,17
200800047070,8,8,9,1845,1,1,1,1,3,17197,M,0.0,0.0,17
200800047071,8,8,16,2300,3,1,1,1,1,17197,M,0.0,0.0,17
200800047072,8,8,22,2345,5,2,1,1,1,17331,M,0.0,0.0,17
200800047073,8,8,31,1100,1,1,1,1,5,17185,M,0.0,0.0,17
200800047074,8,8,26,1715,1,1,1,1,1,17083,M,0.0,0.0,17
200800047075,8,8,7,1045,1,2,1,1,6,17225,M,4568900.0,-118100.0,17
200800047076,8,8,16,1730,1,1,1,1,1,17452,M,0.0,0.0,17
200800047077,8,8,21,1800,1,1,1,1,1,17064,M,4567100.0,-105400.0,17
200800047078,8,8,11,1815,1,1,1,1,7,17483,M,0.0,0.0,17
200800047079,8,8,9,530,3,1,1,1,6,17032,M,0.0,0.0,17
200800047080,8,8,14,1530,1,2,1,1,7,17338,M,0.0,0.0,17
200800047081,8,8,2,1900,1,1,1,1,6,17470,M,0.0,0.0,17
200800047082,8,8,2,1115,1,1,1,1,6,17283,M,4560000.0,-54000.0,17
200800047083,8,8,30,345,3,1,1,1,6,17418,M,4567000.0,-40900.0,17
200800047084,8,8,20,1600,1,1,1,1,6,17230,M,0.0,0.0,17
200800047085,8,8,27,300,3,1,1,1,2,17421,M,4568000.0,-93400.0,17
200800047086,8,8,28,900,1,2,1,1,3,17230,M,0.0,0.0,17
200800047087,8,8,21,1445,1,1,1,1,6,17288,M,0.0,0.0,17
200800047088,8,8,24,1800,1,2,1,1,1,17226,M,0.0,0.0,17
200800047089,8,8,17,2015,1,1,1,1,3,17024,M,4601900.0,-35300.0,17
200800047090,8,8,2,2200,2,1,1,1,6,79101,M,0.0,0.0,79
200800047091,8,8,3,2100,1,1,9,1,3,79112,M,4623900.0,-58300.0,79
200800047092,8,8,26,1915,1,2,1,1,1,79100,M,0.0,0.0,79
200800047093,8,8,29,1745,1,2,9,1,6,79270,M,4642100.0,-19300.0,79
200800047094,8,8,1,1415,1,1,1,1,6,79052,M,0.0,0.0,79
200800047095,8,8,5,1930,1,2,1,1,6,79038,M,0.0,0.0,79
200800047096,8,8,20,2130,3,1,1,1,1,79049,M,0.0,0.0,79
200800047097,8,8,9,1300,1,2,1,1,6,79079,M,4692900.0,-75700.0,79
200800047098,8,8,19,1630,1,1,1,1,1,79073,M,4695600.0,-86100.0,79
200800047099,8,8,21,2115,2,1,9,1,1,79017,M,4692800.0,-66100.0,79
200800047100,8,8,28,2030,2,2,1,1,7,79195,M,0.0,0.0,79
200800047101,8,8,7,1930,1,2,1,2,1,79161,M,0.0,0.0,79
200800047102,8,8,18,1830,1,1,1,1,5,79321,M,0.0,0.0,79
200800047103,8,8,25,1930,1,2,9,1,7,79292,M,0.0,0.0,79
200800047104,8,8,15,630,1,1,1,8,3,79064,M,0.0,0.0,79
200800047105,8,8,26,1800,1,1,1,1,1,79107,M,4609300.0,-13400.0,79
200800047106,8,8,18,2030,1,2,1,1,7,79202,M,0.0,0.0,79
200800047107,8,8,25,2030,2,1,1,1,7,79339,M,4660000.0,-4000.0,79
200800047108,8,8,18,1730,1,2,1,1,3,79051,M,4672300.0,-55400.0,79
200800047109,8,8,30,1430,1,1,1,7,7,87099,M,4589000.0,156700.0,87
200800047110,8,8,7,1800,1,2,1,1,3,87027,M,4562000.0,103000.0,87
200800047111,8,8,20,2300,3,1,1,1,6,87012,M,4608300.0,109500.0,87
200800047112,8,8,3,1300,1,2,9,1,1,87154,M,0.0,0.0,87
200800047113,8,8,5,2200,3,1,1,1,6,87154,M,0.0,0.0,87
200800047114,8,8,21,1800,1,1,1,1,1,87126,M,4581800.0,82300.0,87
200800047115,8,8,5,1930,1,2,1,7,3,87054,M,4571100.0,85400.0,87
200800047116,8,8,10,1915,1,2,1,1,7,87137,M,4573600.0,82500.0,87
200800047117,8,8,22,1645,1,1,1,1,1,19146,M,4530100.0,179400.0,19
200800047118,8,8,18,2245,3,1,1,1,7,19140,M,0.0,0.0,19
200800047119,8,8,23,630,2,1,1,1,1,19091,M,4508000.0,198000.0,19
200800047120,8,8,30,615,2,1,1,1,6,19051,M,0.0,0.0,19
200800047121,8,8,2,1700,1,1,1,1,1,19269,M,4554100.0,179500.0,19
200800047122,8,8,6,600,5,2,1,1,1,19276,M,4571800.0,196400.0,19
200800047123,8,8,9,1630,1,1,1,1,3,19248,M,4546600.0,150600.0,19
200800047124,8,8,12,100,5,2,1,1,1,19255,M,4537300.0,171600.0,19
200800047125,8,8,28,530,5,2,1,1,6,19129,M,4554900.0,152000.0,19
200800047126,8,8,27,1530,1,1,1,1,6,19250,M,4550900.0,149400.0,19
200800047127,8,8,1,2030,1,1,1,1,6,19066,M,0.0,0.0,19
200800047128,8,8,15,1430,1,1,3,1,3,19191,M,4509600.0,145200.0,19
200800047129,8,8,17,2145,5,2,1,1,6,19229,M,4516900.0,149800.0,19
200800047130,8,8,23,1715,1,1,1,1,1,19003,M,4515000.0,169100.0,19
200800047131,8,8,24,2230,3,1,1,1,6,19184,M,4506400.0,173900.0,19
200800047132,8,8,2,1745,1,1,1,1,1,19005,M,4524000.0,148300.0,19
200800047133,8,8,23,1400,1,1,1,1,1,19230,M,4542600.0,144800.0,19
200800047134,8,8,16,1130,1,1,1,1,3,23001,M,0.0,0.0,23
200800047135,8,8,23,1130,1,1,1,1,3,23001,M,4609400.0,198300.0,23
200800047136,8,8,27,1530,1,1,1,1,3,23052,M,4610800.0,184200.0,23
200800047137,8,8,5,115,3,1,1,1,6,23174,M,0.0,0.0,23
200800047138,8,8,12,1530,1,1,1,1,4,23259,M,4626100.0,235800.0,23
200800047139,8,8,24,545,3,1,1,1,6,23236,M,4621800.0,164100.0,23
200800047140,8,8,23,1745,1,2,2,7,3,23033,M,0.0,0.0,23
200800047141,8,8,15,1115,1,1,1,8,7,23176,M,4624300.0,153900.0,23
200800047142,8,8,22,1115,1,1,1,1,1,23127,M,0.0,0.0,23
200800047143,8,8,12,830,1,1,1,1,7,31094,M,0.0,0.0,31
200800047144,8,8,18,1530,1,1,1,1,7,31281,M,0.0,0.0,31
200800047145,8,8,27,1715,1,1,2,1,3,31553,M,4372000.0,116000.0,31
200800047146,8,8,2,1600,1,2,3,1,3,31433,M,4353000.0,139000.0,31
200800047147,8,8,7,1415,1,1,1,1,6,31136,M,4374500.0,143100.0,31
200800047148,8,8,29,530,5,2,1,1,6,31091,M,0.0,0.0,31
200800047149,8,8,28,1200,1,2,1,1,3,31488,M,0.0,0.0,31
200800047150,8,8,18,1945,2,1,1,1,3,31572,M,4342600.0,148100.0,31
200800047151,8,8,19,1930,1,1,1,2,6,31033,M,0.0,0.0,31
200800047152,8,8,3,130,3,1,1,1,7,31435,M,0.0,0.0,31
200800047153,8,8,9,15,5,2,1,1,7,31065,M,4337900.0,117400.0,31
200800047154,8,8,13,2045,1,1,1,1,7,31359,M,0.0,0.0,31
200800047155,8,8,31,2215,3,1,1,2,1,31075,M,4355300.0,115200.0,31
200800047156,8,8,9,1200,1,1,1,1,2,31207,M,0.0,0.0,31
200800047157,8,8,19,1400,1,2,1,1,2,31585,M,0.0,0.0,31
200800047158,8,8,8,945,1,2,9,1,6,31028,M,0.0,0.0,31
200800047159,8,8,15,945,1,2,1,1,1,31080,M,0.0,0.0,31
200800047160,8,8,31,1545,1,1,1,1,1,31106,M,4352800.0,177400.0,31
200800047161,8,8,24,1815,1,2,1,1,1,09108,M,4302400.0,133700.0,09
200800047162,8,8,21,1200,1,1,1,1,1,09215,M,0.0,0.0,09
200800047163,8,8,5,300,3,1,1,1,6,09188,M,0.0,0.0,09
200800047164,8,8,12,645,1,2,1,1,6,09194,M,4309200.0,187900.0,09
200800047165,8,8,25,1615,1,1,1,1,1,12001,M,4435500.0,266400.0,12
200800047166,8,8,29,2215,3,1,1,1,3,12276,M,4417200.0,235200.0,12
200800047167,8,8,6,900,1,1,1,1,1,12130,M,4458700.0,219800.0,12
200800047168,8,8,31,1500,1,1,1,1,2,12216,M,4452000.0,279700.0,12
200800047169,8,8,10,500,5,2,1,1,7,12168,M,0.0,0.0,12
200800047170,8,8,30,1715,1,1,1,1,7,12211,M,0.0,0.0,12
200800047171,8,8,2,100,3,1,1,1,1,12286,M,4394700.0,282800.0,12
200800047172,8,8,21,1245,1,1,1,1,6,12017,M,4408100.0,277300.0,12
200800047173,8,8,6,2100,2,1,1,1,6,12163,M,4378800.0,273000.0,12
200800047174,8,8,31,1200,1,1,1,1,6,12186,M,4388200.0,260500.0,12
200800047175,8,8,16,1830,1,1,1,1,6,12039,M,4379300.0,293900.0,12
200800047176,8,8,12,700,2,2,1,1,6,12300,M,0.0,0.0,12
200800047177,8,8,30,2000,1,1,1,1,1,12300,M,4438400.0,203900.0,12
200800047178,8,8,22,1715,1,2,1,1,3,12301,M,0.0,0.0,12
200800047179,8,8,26,2000,1,1,1,1,7,32029,M,0.0,0.0,32
200800047180,8,8,8,200,3,1,1,1,6,32106,M,0.0,0.0,32
200800047181,8,8,9,1300,1,1,1,1,3,32301,M,4367000.0,52000.0,32
200800047182,8,8,12,1745,1,1,1,1,3,32162,M,4376000.0,43000.0,32
200800047183,8,8,22,1015,1,2,1,1,6,32107,M,0.0,0.0,32
200800047184,8,8,26,730,1,2,1,5,3,32083,M,4380800.0,43200.0,32
200800047185,8,8,2,715,1,1,1,5,6,32202,M,4381200.0,-11300.0,32
200800047186,8,8,3,1130,1,1,1,1,6,32408,M,4380700.0,-3400.0,32
200800047187,8,8,22,2115,2,1,1,1,1,32369,M,4379000.0,1700.0,32
200800047188,8,8,4,615,2,1,1,1,2,32253,M,4399600.0,76500.0,32
200800047189,8,8,10,600,2,1,1,1,6,32132,M,0.0,0.0,32
200800047190,8,8,16,1230,1,2,1,1,3,32389,M,4352200.0,38300.0,32
200800047191,8,8,25,1530,1,1,1,1,7,32430,M,4341600.0,64200.0,32
200800047192,8,8,28,1015,1,2,1,1,6,32256,M,0.0,0.0,32
200800047193,8,8,10,2215,3,1,1,1,7,32181,M,4342900.0,28300.0,32
200800047194,8,8,14,1615,1,1,1,1,6,32450,M,0.0,0.0,32
200800047195,8,8,2,1815,1,1,1,1,3,32027,M,0.0,0.0,32
200800047196,8,8,5,1645,1,1,1,1,2,32344,M,0.0,0.0,32
200800047197,8,8,30,300,3,1,1,1,6,46080,M,0.0,0.0,46
200800047198,8,8,3,1600,1,1,1,1,1,46199,M,0.0,0.0,46
200800047199,8,8,8,1930,1,1,2,1,3,46262,M,4432100.0,129000.0,46
200800047200,8,8,11,15,3,1,1,1,7,46022,M,4445800.0,121300.0,46
200800047201,8,8,25,1415,1,2,1,1,3,46231,M,4451000.0,113600.0,46
200800047202,8,8,11,1015,1,1,1,1,6,46102,M,4459900.0,198400.0,46
200800047203,8,8,23,1830,1,2,1,1,6,46102,M,4461500.0,202900.0,46
200800047204,8,8,2,1530,1,1,1,1,6,46057,M,0.0,0.0,46
200800047205,8,8,17,200,3,1,1,1,6,46267,M,4467600.0,146100.0,46
200800047206,8,8,16,1330,1,1,1,1,6,46334,M,4473400.0,143300.0,46
200800047207,8,8,18,1215,1,1,1,1,1,46297,M,0.0,0.0,46
200800047208,8,8,10,300,3,1,1,1,6,46003,M,4483000.0,166000.0,46
200800047209,8,8,2,1145,1,1,1,1,1,65018,M,0.0,0.0,65
200800047210,8,8,30,2315,5,2,1,1,6,19011,M,4540300.0,138700.0,19
200800047211,8,8,8,1730,1,1,1,1,7,19028,M,4539200.0,251200.0,19
200800047212,8,8,9,1730,1,2,1,1,1,23193,M,4614300.0,191400.0,23
200800047213,8,8,8,1245,1,1,1,1,1,65295,M,4239800.0,-500.0,65
200800047214,8,8,21,2200,3,1,1,1,1,73151,M,4549000.0,602300.0,73
200800047215,8,8,2,830,1,1,1,1,2,38310,M,0.0,0.0,38
200800047216,8,8,12,1330,1,1,1,8,6,38239,M,4530300.0,557700.0,38
200800047217,8,8,9,1445,1,1,1,1,7,38095,M,4513500.0,531300.0,38
200800047218,8,8,5,2100,1,1,1,1,1,35206,M,0.0,0.0,35
200800047219,8,8,31,630,2,1,1,8,7,35352,M,0.0,0.0,35
200800047220,8,8,4,1915,1,1,1,1,6,67465,M,0.0,0.0,67
200800047221,8,8,24,830,1,1,1,8,6,51242,M,4894500.0,428800.0,51
200800047222,8,8,24,1945,1,1,9,1,6,31555,M,0.0,0.0,31
200800047223,8,8,30,1815,1,1,1,1,7,31094,M,0.0,0.0,31
200800047224,8,8,7,1815,1,1,1,2,6,89214,M,4824900.0,350900.0,89
200800047225,8,8,16,1930,1,1,1,1,7,89027,M,4823800.0,358400.0,89
200800047226,8,8,17,215,5,2,1,1,6,13091,M,0.0,0.0,13
200800047227,8,8,26,1715,1,1,1,1,1,13091,M,4360100.0,531800.0,13
200800047228,8,8,4,1215,1,1,1,2,6,49378,M,0.0,0.0,49
200800047229,8,8,18,845,1,1,1,1,7,49378,M,0.0,0.0,49
200800047230,8,8,2,1830,1,2,1,1,1,74164,M,4608400.0,650400.0,74
200800047231,8,8,24,1945,1,1,1,9,6,62867,M,0.0,0.0,62
200800047232,8,8,7,1815,1,1,1,1,7,46121,M,4473000.0,148000.0,46
200800047233,8,8,9,715,1,1,1,1,7,45332,M,4789800.0,268500.0,45
200800047234,8,8,3,1045,3,1,1,1,6,19180,M,4551200.0,224500.0,19
200800047235,8,8,27,1500,1,1,1,1,4,68266,M,0.0,0.0,68
200800047236,8,8,28,1800,1,1,1,1,7,68296,M,0.0,0.0,68
200800047237,8,8,13,200,3,1,1,1,2,72231,M,4796300.0,31800.0,72
200800047238,8,8,14,1715,1,1,1,1,6,72299,M,4787900.0,29200.0,72
200800047239,8,8,18,1930,1,1,1,1,6,72380,M,0.0,0.0,72
200800047240,8,8,28,2045,1,1,1,1,1,19085,M,4532900.0,185900.0,19
200800047241,8,8,12,1145,1,1,1,2,7,67388,M,4895000.0,767000.0,67
200800047242,8,8,13,1945,1,2,1,1,1,67512,M,4885000.0,761000.0,67
200800047243,8,8,20,1615,1,2,1,1,6,67388,M,0.0,0.0,67
200800047244,8,8,27,830,1,1,8,1,1,67292,M,4888600.0,766400.0,67
200800047245,8,8,1,1215,1,2,3,1,1,31547,M,4349600.0,131900.0,31
200800047246,8,8,30,115,3,1,1,1,6,85089,M,0.0,0.0,85
200800047247,8,8,2,100,3,1,1,1,6,13036,M,4382300.0,483700.0,13
200800047248,8,8,21,1645,1,2,1,1,2,34192,M,0.0,0.0,34
200800047249,8,8,31,300,3,1,1,8,2,34192,M,0.0,0.0,34
200800047250,8,8,4,1700,1,1,1,7,1,76703,M,0.0,0.0,76
200800047251,8,8,18,1800,1,2,1,1,3,76711,M,0.0,0.0,76
200800047252,8,8,9,1315,1,2,1,1,6,76560,M,0.0,0.0,76
200800047253,8,8,4,1045,1,2,1,1,6,31032,M,4368500.0,132300.0,31
200800047254,8,8,12,1600,1,2,1,1,7,31032,M,4370500.0,131900.0,31
200800047255,8,8,24,1230,1,1,9,1,3,31541,M,4368800.0,136300.0,31
200800047256,8,8,25,1445,1,2,1,1,5,31541,M,4368800.0,136200.0,31
200800047257,8,8,25,2145,3,1,1,1,6,31150,M,4364300.0,130900.0,31
200800047258,8,8,30,1945,1,2,1,1,3,31150,M,4366900.0,134200.0,31
200800047259,8,8,3,115,3,1,1,1,6,25133,M,0.0,0.0,25
200800047260,8,8,29,1230,1,1,3,1,5,25133,M,0.0,0.0,25
200800047261,8,8,30,715,1,1,1,1,3,25258,M,0.0,0.0,25
200800047262,8,8,17,430,3,1,9,2,7,56094,M,4779000.0,-324500.0,56
200800047263,8,8,30,700,1,1,1,1,1,56094,M,0.0,0.0,56
200800047264,8,8,8,1715,1,2,1,1,1,62297,M,5082000.0,214900.0,62
200800047265,8,8,1,1100,1,1,1,1,7,24309,M,0.0,0.0,24
200800047266,8,8,11,1030,1,1,1,1,2,24372,M,0.0,0.0,24
200800047267,8,8,19,730,1,1,1,1,6,24439,M,0.0,0.0,24
200800047268,8,8,31,2030,5,2,1,1,6,34309,M,4369500.0,393000.0,34
200800047269,8,8,20,1115,1,2,9,1,6,69260,M,0.0,0.0,69
200800047270,8,8,10,745,1,1,1,2,6,61306,M,0.0,0.0,61
200800047271,8,8,11,1230,1,1,1,1,4,37153,M,0.0,0.0,37
200800047272,8,8,23,400,3,1,1,1,7,66021,M,0.0,0.0,66
200800047273,8,8,5,815,1,1,1,1,6,30127,M,4407200.0,457900.0,30
200800047274,8,8,19,1500,1,1,1,1,1,37250,M,4722300.0,65900.0,37
200800047275,8,8,7,1600,1,1,1,3,7,50523,M,0.0,0.0,50
200800047276,8,8,8,2145,3,1,1,1,6,83091,M,0.0,0.0,83
200800047277,8,8,22,1200,1,1,1,1,2,83033,M,0.0,0.0,83
200800047278,8,8,23,1830,1,1,1,1,7,12115,M,0.0,0.0,12
200800047279,8,8,28,1045,1,1,1,1,7,76621,M,0.0,0.0,76
200800047280,8,8,30,2215,3,1,1,1,2,36239,M,4648600.0,150200.0,36
200800047281,8,8,11,1,3,1,1,1,5,15203,M,0.0,0.0,15
200800047282,8,8,7,900,1,1,1,1,2,19248,M,0.0,0.0,19
200800047283,8,8,18,45,3,1,1,1,6,19162,M,0.0,0.0,19
200800047284,8,8,4,200,3,1,1,1,6,48012,M,0.0,0.0,48
200800047285,8,8,6,1545,1,1,1,1,6,48140,M,0.0,0.0,48
200800047286,8,8,7,1715,3,1,1,1,5,48183,M,4458000.0,328000.0,48
200800047287,8,8,24,1645,1,1,1,1,7,48017,M,4444500.0,319900.0,48
200800047288,8,8,29,1930,1,1,1,1,6,72306,M,4784200.0,22800.0,72
200800047289,8,8,5,1815,1,2,1,1,1,68178,M,4795000.0,713900.0,68
200800047290,8,8,8,1000,1,1,6,1,3,59260,M,0.0,0.0,59
200800047291,8,8,8,1700,1,1,1,1,7,59404,M,0.0,0.0,59
200800047292,8,8,9,1000,1,2,1,1,1,59309,M,0.0,0.0,59
200800047293,8,8,16,2130,2,2,1,1,6,59309,M,0.0,0.0,59
200800047294,8,8,8,845,1,1,1,2,1,67232,M,4896300.0,789300.0,67
200800047295,8,8,9,1400,1,1,1,1,3,67455,M,4896100.0,792100.0,67
200800047296,8,8,31,1545,1,1,1,1,6,67455,M,4896200.0,792600.0,67
200800047297,8,8,6,1030,1,2,1,1,2,68145,M,0.0,0.0,68
200800047298,8,8,25,600,2,1,1,8,3,68007,M,0.0,0.0,68
200800047299,8,8,15,1300,1,1,1,1,7,68317,M,4808000.0,711000.0,68
200800047300,8,8,13,745,1,2,1,1,6,68036,M,4804400.0,754800.0,68
200800047301,8,8,23,1715,1,2,1,1,6,68130,M,4797500.0,754000.0,68
200800047302,8,8,7,15,3,1,1,1,7,68296,M,4824400.0,732200.0,68
200800047303,8,8,25,1815,1,1,3,1,3,68026,M,4813900.0,734400.0,68
200800047304,8,8,21,1545,1,1,8,1,2,68374,M,0.0,0.0,68
200800047305,8,8,13,815,1,1,1,7,6,68222,M,0.0,0.0,68
200800047306,8,8,17,2345,5,2,1,1,6,68004,M,0.0,0.0,68
200800047307,8,8,31,1645,1,1,1,1,7,68017,M,4763200.0,718500.0,68
200800047308,8,8,9,1115,1,1,2,1,3,68050,M,4767100.0,706000.0,68
200800047309,8,8,18,1030,1,1,4,1,1,68347,M,4751500.0,729900.0,68
200800047310,8,8,24,1215,1,1,1,1,2,68194,M,0.0,0.0,68
200800047311,8,8,17,330,3,1,1,1,6,68041,M,4788700.0,754800.0,68
200800047312,8,8,6,1615,1,1,1,1,3,68287,M,0.0,0.0,68
200800047313,8,8,13,2000,2,1,1,1,3,68015,M,0.0,0.0,68
200800047314,8,8,10,800,1,2,6,1,6,68154,M,0.0,0.0,68
200800047315,8,8,28,630,2,1,1,1,7,68309,M,0.0,0.0,68
200800047316,8,8,30,1545,1,1,9,1,3,68309,M,0.0,0.0,68
200800047317,8,8,16,145,3,1,1,1,2,68063,M,4778600.0,716800.0,68
200800047318,8,8,16,715,1,1,1,1,7,51278,M,0.0,0.0,51
200800047319,8,8,23,2145,3,1,6,1,6,51203,M,4905600.0,445200.0,51
200800047320,8,8,22,1515,1,1,1,2,7,51367,M,4893800.0,403500.0,51
200800047321,8,8,30,1415,1,1,1,1,6,51093,M,0.0,0.0,51
200800047322,8,8,2,1700,1,1,4,8,3,51369,M,4873000.0,368000.0,51
200800047323,8,8,16,1615,1,1,1,1,6,51136,M,0.0,0.0,51
200800047324,8,8,26,1215,1,1,1,1,1,51199,M,0.0,0.0,51
200800047325,8,8,5,745,1,2,1,7,1,51649,M,4872100.0,460000.0,51
200800047326,8,8,8,1115,1,1,1,2,6,51156,M,4866800.0,464300.0,51
200800047327,8,8,21,1915,1,2,1,1,3,51649,M,4873000.0,458700.0,51
200800047328,8,8,28,2100,5,2,1,1,2,51649,M,0.0,0.0,51
200800047329,8,8,17,1615,1,1,1,1,1,51417,M,4867100.0,474400.0,51
200800047330,8,8,10,630,2,1,1,1,6,51214,M,4897600.0,477500.0,51
200800047331,8,8,29,1715,1,1,1,1,1,51062,M,4923900.0,489300.0,51
200800047332,8,8,3,200,3,2,1,1,7,08328,M,4983300.0,475100.0,08
200800047333,8,8,11,1545,1,2,1,1,3,08081,M,4985000.0,476900.0,08
200800047334,8,8,17,30,5,2,1,1,6,08328,M,0.0,0.0,08
200800047335,8,8,2,630,2,1,1,1,6,08475,M,0.0,0.0,08
200800047336,8,8,19,1200,1,2,1,1,3,08491,M,4973400.0,484100.0,08
200800047337,8,8,6,1830,1,2,1,7,3,08097,M,4931100.0,474800.0,08
200800047338,8,8,7,745,1,1,1,1,7,08431,M,4935700.0,465700.0,08
200800047339,8,8,20,1700,1,1,1,1,1,08490,M,4940400.0,471600.0,08
200800047340,8,8,3,1945,1,1,1,1,7,08038,M,4946500.0,424600.0,08
200800047341,8,8,25,2015,1,1,1,1,6,10314,M,0.0,0.0,10
200800047342,8,8,21,2115,3,1,1,1,6,10202,M,0.0,0.0,10
200800047343,8,8,26,2330,3,1,1,1,6,10185,M,0.0,0.0,10
200800047344,8,8,6,1645,1,1,1,1,6,10190,M,4829400.0,421700.0,10
200800047345,8,8,13,2000,1,2,1,1,3,10061,M,4836200.0,440000.0,10
200800047346,8,8,6,1345,1,2,1,1,3,10137,M,4827300.0,475800.0,10
200800047347,8,8,3,1600,1,1,1,1,5,10034,M,0.0,0.0,10
200800047348,8,8,30,1700,1,1,1,1,2,10259,M,4847400.0,345100.0,10
200800047349,8,8,19,1915,1,1,1,1,2,10280,M,0.0,0.0,10
200800047350,8,8,14,1445,1,1,1,1,7,52101,M,4813800.0,561200.0,52
200800047351,8,8,21,2030,1,1,1,1,6,52042,M,0.0,0.0,52
200800047352,8,8,26,1945,1,2,1,1,5,52348,M,4792100.0,544300.0,52
200800047353,8,8,3,15,3,2,1,2,6,52093,M,4781100.0,544100.0,52
200800047354,8,8,3,1845,1,1,1,1,7,52350,M,4786500.0,580000.0,52
200800047355,8,8,9,1130,3,1,1,2,7,52093,M,0.0,0.0,52
200800047356,8,8,28,900,1,1,1,1,7,52388,M,4782800.0,567300.0,52
200800047357,8,8,27,1045,1,1,1,1,7,52070,M,4780000.0,528100.0,52
200800047358,8,8,1,1400,1,2,1,1,6,52194,M,0.0,0.0,52
200800047359,8,8,12,1130,1,1,1,1,1,52386,M,0.0,0.0,52
200800047360,8,8,16,915,1,1,1,1,2,21676,M,4745900.0,427000.0,21
200800047361,8,8,2,2015,2,2,8,1,7,21535,M,,,21
200800047362,8,8,29,1815,1,1,1,1,3,21021,M,,,21
200800047363,8,8,24,1800,1,1,1,1,7,21371,M,4713800.0,533100.0,21
200800047364,8,8,22,2130,3,1,1,1,6,21057,M,4723200.0,526100.0,21
200800047365,8,8,20,1145,1,1,1,1,6,21481,M,0.0,0.0,21
200800047366,8,8,2,1900,1,1,1,1,3,21416,M,0.0,0.0,21
200800047367,8,8,29,1830,1,1,2,1,3,21081,M,4737200.0,477600.0,21
200800047368,8,8,28,630,2,1,1,5,4,21087,M,4711700.0,467000.0,21
200800047369,8,8,16,1730,1,1,1,1,7,21336,M,,,21
200800047370,8,8,19,1100,1,1,1,1,7,21154,M,,,21
200800047371,8,8,21,600,2,1,1,1,6,21154,M,,,21
200800047372,8,8,26,545,3,1,1,1,7,21034,M,0.0,0.0,21
200800047373,8,8,4,845,1,1,1,2,3,21603,M,0.0,0.0,21
200800047374,8,8,29,2330,3,1,1,1,1,21497,M,,,21
200800047375,8,8,30,1630,1,1,1,1,1,21098,M,4747500.0,463000.0,21
200800047376,8,8,1,2045,1,2,1,1,3,58117,M,4701900.0,308100.0,58
200800047377,8,8,6,2100,2,2,1,1,6,58160,M,4699400.0,310500.0,58
200800047378,8,8,19,2030,2,2,1,1,1,58182,M,4699300.0,381300.0,58
200800047379,8,8,15,1930,1,2,1,1,3,58170,M,0.0,0.0,58
200800047380,8,8,19,1215,1,1,1,2,6,58229,M,0.0,0.0,58
200800047381,8,8,27,1645,1,1,1,1,1,58208,M,0.0,0.0,58
200800047382,8,8,13,1645,1,1,3,1,3,71360,M,0.0,0.0,71
200800047383,8,8,2,600,2,2,1,5,1,71372,M,0.0,0.0,71
200800047384,8,8,6,715,1,2,7,1,3,71543,M,0.0,0.0,71
200800047385,8,8,12,700,1,1,1,2,2,71248,M,4656200.0,492600.0,71
200800047386,8,8,21,1930,1,2,1,1,1,71442,M,4685100.0,463700.0,71
200800047387,8,8,17,1800,1,1,1,1,6,71296,M,0.0,0.0,71
200800047388,8,8,14,1400,1,1,1,1,7,71003,M,4691500.0,498000.0,71
200800047389,8,8,28,1930,2,1,1,1,3,71398,M,0.0,0.0,71
200800047390,8,8,3,1415,1,1,1,1,7,71325,M,4654500.0,396300.0,71
200800047391,8,8,8,2100,2,1,1,1,6,71325,M,4650000.0,398000.0,71
200800047392,8,8,23,1745,1,2,3,1,1,71282,M,4684300.0,436400.0,71
200800047393,8,8,22,1245,1,2,1,1,1,71047,M,4662700.0,376100.0,71
200800047394,8,8,26,1915,1,1,1,1,1,71340,M,4653900.0,417000.0,71
200800047395,8,8,26,1645,1,2,1,1,6,71230,M,0.0,0.0,71
200800047396,8,8,24,1000,1,2,1,1,3,71263,M,4663200.0,522700.0,71
200800047397,8,8,12,1445,1,1,1,2,3,71523,M,4671700.0,518200.0,71
200800047398,8,8,30,1615,1,2,2,1,3,71158,M,0.0,0.0,71
200800047399,8,8,2,1900,1,1,1,1,6,71419,M,0.0,0.0,71
200800047400,8,8,14,1015,1,1,1,1,1,89427,M,0.0,0.0,89
200800047401,8,8,17,1530,1,2,1,1,6,89119,M,0.0,0.0,89
200800047402,8,8,29,1900,1,1,1,1,7,89118,M,4766300.0,349800.0,89
200800047403,8,8,27,1930,1,2,1,1,1,89345,M,0.0,0.0,89
200800047404,8,8,8,1015,1,2,1,1,6,89057,M,0.0,0.0,89
200800047405,8,8,9,1700,1,2,1,1,6,89025,M,0.0,0.0,89
200800047406,8,8,29,900,1,1,1,1,1,89203,M,4749000.0,385200.0,89
200800047407,8,8,10,1400,1,1,1,1,1,89267,M,0.0,0.0,89
200800047408,8,8,10,1900,1,2,1,1,6,89206,M,4798800.0,341300.0,89