Num_Acc,an,mois,jour,hrmn,lum,agg,int,atm,col,com,gps,lat,long,dep
200800047409,8,8,7,1645,1,2,1,1,6,89334,M,0.0,0.0,89
200800047410,8,8,28,1830,1,1,3,1,3,89358,M,0.0,0.0,89
200800047411,8,8,30,2200,5,2,1,1,3,89152,M,4795100.0,347500.0,89
200800047412,8,8,14,1330,1,1,1,1,7,89239,M,0.0,0.0,89
200800047413,8,8,22,1630,1,1,1,3,6,89432,M,0.0,0.0,89
200800047414,8,8,28,1830,1,2,1,1,6,89113,M,0.0,0.0,89
200800047415,8,8,4,45,3,1,1,1,7,89456,M,4830800.0,317900.0,89
200800047416,8,8,11,2015,1,1,1,1,7,89459,M,4815000.0,315600.0,89
200800047417,8,8,21,2215,5,2,1,1,7,89370,M,0.0,0.0,89
200800047418,8,8,28,1145,1,2,1,1,2,89380,M,4807800.0,309700.0,89
200800047419,8,8,17,1015,1,1,1,1,7,89298,M,0.0,0.0,89
200800047420,8,8,3,300,5,2,1,1,1,25410,M,4723000.0,606300.0,25
200800047421,8,8,21,1730,1,1,1,1,1,25278,M,0.0,0.0,25
200800047422,8,8,28,1430,1,2,4,1,2,25328,M,0.0,0.0,25
200800047423,8,8,18,1830,1,1,1,1,1,25537,M,0.0,0.0,25
200800047424,8,8,17,1415,1,1,1,1,6,25511,M,0.0,0.0,25
200800047425,8,8,18,2300,5,2,1,1,1,25397,M,0.0,0.0,25
200800047426,8,8,31,600,5,1,1,1,3,25057,M,4754400.0,680400.0,25
200800047427,8,8,3,45,3,1,1,1,6,25071,M,0.0,0.0,25
200800047428,8,8,10,1600,1,1,1,1,5,25046,M,4726500.0,673600.0,25
200800047429,8,8,14,1800,1,2,1,1,1,25356,M,0.0,0.0,25
200800047430,8,8,31,1300,1,1,1,1,3,25173,M,4726400.0,671900.0,25
200800047431,8,8,9,1300,1,1,1,1,6,25551,M,4734100.0,687200.0,25
200800047432,8,8,12,1100,1,2,1,3,6,25370,M,4743600.0,678500.0,25
200800047433,8,8,27,1945,1,1,1,1,3,25615,M,4737700.0,688000.0,25
200800047434,8,8,31,515,5,2,1,1,6,25426,M,0.0,0.0,25
200800047435,8,8,9,2030,1,1,1,1,6,25151,M,0.0,0.0,25
200800047436,8,8,10,1830,1,1,1,1,3,25262,M,0.0,0.0,25
200800047437,8,8,22,1545,1,2,1,1,3,39397,M,0.0,0.0,39
200800047438,8,8,29,1430,1,1,1,1,3,39310,M,4681100.0,557900.0,39
200800047439,8,8,28,1700,1,1,1,1,1,39142,M,4651700.0,541200.0,39
200800047440,8,8,7,1515,1,1,1,2,1,39263,M,4690600.0,572000.0,39
200800047441,8,8,28,1600,1,1,1,1,3,39013,M,4690500.0,575200.0,39
200800047442,8,8,5,1745,1,1,2,1,3,39011,M,0.0,0.0,39
200800047443,8,8,5,530,2,1,1,2,7,39525,M,4692600.0,552400.0,39
200800047444,8,8,22,815,1,1,1,1,6,39546,M,4698300.0,562200.0,39
200800047445,8,8,26,1345,1,2,2,1,6,39415,M,4693900.0,534100.0,39
200800047446,8,8,10,1130,1,1,1,1,3,39286,M,0.0,0.0,39
200800047447,8,8,11,1345,1,1,1,3,6,39283,M,4635000.0,569200.0,39
200800047448,8,8,2,1900,1,1,1,1,7,39232,M,4663000.0,595500.0,39
200800047449,8,8,23,845,1,1,1,2,1,39470,M,4649200.0,607800.0,39
200800047450,8,8,11,1545,1,1,1,2,3,70163,M,0.0,0.0,70
200800047451,8,8,22,1245,1,1,1,3,5,70163,M,0.0,0.0,70
200800047452,8,8,9,2230,3,1,1,1,5,70278,M,4767700.0,609800.0,70
200800047453,8,8,22,415,3,1,1,1,1,70527,M,0.0,0.0,70
200800047454,8,8,29,1815,1,2,1,1,2,90022,M,0.0,0.0,90
200800047455,8,8,4,1500,1,2,1,1,3,90069,M,4752900.0,691900.0,90
200800047456,8,8,3,1700,1,1,1,1,2,38019,M,4543300.0,482500.0,38
200800047457,8,8,15,1100,1,1,1,2,3,26058,M,0.0,0.0,26
200800047458,8,8,18,1300,1,1,1,1,2,26166,M,0.0,0.0,26
200800047459,8,8,28,1315,1,1,1,1,4,26121,M,0.0,0.0,26
200800047460,8,8,5,1945,1,1,1,7,3,13062,M,4341400.0,552600.0,13
200800047461,8,8,25,1445,1,2,1,1,3,13041,M,4347400.0,546700.0,13
200800047462,8,8,27,1815,1,2,1,1,3,13015,M,4345200.0,544300.0,13
200800047463,8,8,6,815,1,1,1,1,5,13072,M,4343000.0,562000.0,13
200800047464,8,8,11,1430,1,1,1,2,1,13072,M,0.0,0.0,13
200800047465,8,8,23,500,3,1,1,1,7,13110,M,0.0,0.0,13
200800047466,8,8,11,1700,1,1,9,1,1,13004,M,0.0,0.0,13
200800047467,8,8,17,1215,1,1,1,1,3,13004,M,0.0,0.0,13
200800047468,8,8,1,1700,1,1,2,1,5,13066,M,4386800.0,491400.0,13
200800047469,8,8,3,1815,3,1,1,1,7,13097,M,4354500.0,482400.0,13
200800047470,8,8,13,1215,1,1,1,1,7,13004,M,4346100.0,475500.0,13
200800047471,8,8,14,730,1,1,1,1,2,13097,M,4364500.0,488100.0,13
200800047472,8,8,18,515,3,2,1,1,6,13100,M,0.0,0.0,13
200800047473,8,8,10,1645,1,1,1,1,3,13042,M,0.0,0.0,13
200800047474,8,8,30,2315,3,1,1,1,1,13022,M,4323200.0,553000.0,13
200800047475,8,8,30,1800,1,1,1,1,3,13085,M,4325600.0,560200.0,13
200800047476,8,8,8,2100,2,2,1,1,3,13014,M,0.0,0.0,13
200800047477,8,8,16,1645,1,1,1,1,1,13076,M,0.0,0.0,13
200800047478,8,8,16,2215,3,1,1,1,1,13082,M,4367000.0,535200.0,13
200800047479,8,8,4,1715,1,1,1,1,6,04021,M,0.0,0.0,04
200800047480,8,8,16,1615,1,1,1,1,3,04116,M,0.0,0.0,04
200800047481,8,8,25,1545,1,1,1,1,7,04121,M,4400900.0,620000.0,04
200800047482,8,8,23,1445,1,1,1,1,7,04226,M,0.0,0.0,04
200800047483,8,8,16,1145,1,1,1,1,3,04102,M,0.0,0.0,04
200800047484,8,8,17,1530,1,1,1,1,3,04202,M,4401200.0,678100.0,04
200800047485,8,8,27,900,1,1,1,1,3,04174,M,0.0,0.0,04
200800047486,8,8,29,1845,1,1,1,1,1,04236,M,0.0,0.0,04
200800047487,8,8,16,1430,1,1,1,1,6,04160,M,0.0,0.0,04
200800047488,8,8,10,1715,1,1,1,1,5,04208,M,4398100.0,553600.0,04
200800047489,8,8,12,1600,1,2,3,2,3,04049,M,4411100.0,600400.0,04
200800047490,8,8,15,1730,1,1,1,1,7,05053,M,4434100.0,578300.0,05
200800047491,8,8,16,1200,1,2,1,1,1,05070,M,4431100.0,583600.0,05
200800047492,8,8,26,1745,1,2,1,1,3,05070,M,4431300.0,583400.0,05
200800047493,8,8,30,1745,1,2,1,1,2,05166,M,0.0,0.0,05
200800047494,8,8,28,1000,1,1,1,1,3,05099,M,4451500.0,577700.0,05
200800047495,8,8,1,1845,1,2,1,1,3,06048,M,4381800.0,732000.0,06
200800047496,8,8,18,1815,1,1,1,1,3,06057,M,0.0,0.0,06
200800047497,8,8,29,1400,1,2,1,1,7,06147,M,0.0,0.0,06
200800047498,8,8,20,1830,1,1,1,1,7,06020,M,0.0,0.0,06
200800047499,8,8,11,2015,1,2,1,1,7,06149,M,0.0,0.0,06
200800047500,8,8,23,1800,1,2,1,1,7,06011,M,0.0,0.0,06
200800047501,8,8,4,1445,1,1,1,1,6,06161,M,0.0,0.0,06
200800047502,8,8,8,2345,1,2,1,1,7,06161,M,0.0,0.0,06
200800047503,8,8,26,1300,1,2,1,1,1,06161,M,4362800.0,713100.0,06
200800047504,8,8,9,1715,1,2,1,1,3,06079,M,4354400.0,694900.0,06
200800047505,8,8,24,1045,1,1,1,1,1,06003,M,4380000.0,683600.0,06
200800047506,8,8,2,1145,1,1,6,1,3,06157,M,4370500.0,713300.0,06
200800047507,8,8,15,1300,1,1,1,1,6,06017,M,4381800.0,710500.0,06
200800047508,8,8,3,1145,1,1,1,1,3,06033,M,0.0,0.0,06
200800047509,8,8,22,915,1,1,9,1,3,06033,M,0.0,0.0,06
200800047510,8,8,2,1645,1,1,1,1,1,06136,M,4387300.0,744600.0,06
200800047511,8,8,17,1745,1,2,1,1,1,06136,M,4388100.0,745100.0,06
200800047512,8,8,10,1730,1,1,1,1,3,06023,M,0.0,0.0,06
200800047513,8,8,19,1830,1,1,1,1,6,06151,M,4389200.0,718900.0,06
200800047514,8,8,25,1545,1,1,1,2,7,06078,M,4393500.0,713600.0,06
200800047515,8,8,17,1845,1,1,1,1,1,06125,M,4413300.0,677500.0,06
200800047516,8,8,13,615,2,2,1,1,1,06022,M,0.0,0.0,06
200800047517,8,8,1,615,2,1,1,1,1,83004,M,4346600.0,652900.0,83
200800047518,8,8,2,1730,1,1,1,1,1,83004,M,0.0,0.0,83
200800047519,8,8,29,1530,1,1,1,1,5,83004,M,0.0,0.0,83
200800047520,8,8,29,1815,1,1,1,1,1,83004,M,0.0,0.0,83
200800047521,8,8,27,430,3,1,1,1,6,83028,M,0.0,0.0,83
200800047522,8,8,24,1215,1,1,1,1,6,83057,M,4336200.0,625400.0,83
200800047523,8,8,25,800,1,1,1,1,7,83051,M,0.0,0.0,83
200800047524,8,8,31,1700,1,1,1,1,7,83046,M,0.0,0.0,83
200800047525,8,8,31,1645,1,1,1,1,1,83150,M,0.0,0.0,83
200800047526,8,8,5,1430,1,1,1,1,3,83059,M,0.0,0.0,83
200800047527,8,8,5,2000,2,2,1,1,1,83106,M,0.0,0.0,83
200800047528,8,8,20,1300,1,2,1,1,6,83106,M,0.0,0.0,83
200800047529,8,8,23,1000,1,1,1,1,6,83077,M,4327000.0,598500.0,83
200800047530,8,8,23,1145,1,1,1,1,6,83077,M,4328300.0,596200.0,83
200800047531,8,8,5,900,1,1,1,1,3,83093,M,0.0,0.0,83
200800047532,8,8,7,1200,1,1,1,1,3,83116,M,0.0,0.0,83
200800047533,8,8,9,1700,1,1,1,1,3,83140,M,0.0,0.0,83
200800047534,8,8,2,2115,1,1,1,1,1,83107,M,4346700.0,664500.0,83
200800047535,8,8,18,645,1,2,1,1,7,83152,M,0.0,0.0,83
200800047536,8,8,4,730,1,1,1,1,1,83068,M,0.0,0.0,83
200800047537,8,8,4,1730,1,1,1,1,6,83068,M,0.0,0.0,83
200800047538,8,8,10,445,3,1,1,1,4,83068,M,0.0,0.0,83
200800047539,8,8,2,530,1,1,1,1,1,83086,M,0.0,0.0,83
200800047540,8,8,3,815,1,1,1,1,1,83085,M,0.0,0.0,83
200800047541,8,8,26,915,1,1,1,1,3,83086,M,0.0,0.0,83
200800047542,8,8,30,615,2,1,1,1,1,83086,M,0.0,0.0,83
200800047543,8,8,5,2000,1,2,1,1,6,83115,M,0.0,0.0,83
200800047544,8,8,11,2000,1,1,1,1,1,83115,M,0.0,0.0,83
200800047545,8,8,14,1645,1,1,1,1,3,83115,M,0.0,0.0,83
200800047546,8,8,25,1230,1,2,1,1,6,83094,M,0.0,0.0,83
200800047547,8,8,31,930,1,1,1,1,1,83115,M,0.0,0.0,83
200800047548,8,8,31,1800,1,1,1,1,1,83115,M,0.0,0.0,83
200800047549,8,8,1,900,1,1,1,1,2,83101,M,4324400.0,665100.0,83
200800047550,8,8,10,115,3,1,1,1,1,83101,M,4323900.0,661100.0,83
200800047551,8,8,15,1500,1,1,1,1,1,83065,M,4326000.0,659500.0,83
200800047552,8,8,29,1630,1,1,1,1,2,83065,M,4326700.0,661500.0,83
200800047553,8,8,31,1615,1,1,1,1,6,83119,M,0.0,0.0,83
200800047554,8,8,3,1145,1,1,1,1,6,83035,M,0.0,0.0,83
200800047555,8,8,9,900,1,1,1,1,3,83035,M,0.0,0.0,83
200800047556,8,8,13,830,1,1,1,1,2,83016,M,0.0,0.0,83
200800047557,8,8,23,800,1,1,1,1,5,83071,M,0.0,0.0,83
200800047558,8,8,8,1915,1,1,1,1,3,83027,M,0.0,0.0,83
200800047559,8,8,11,1600,1,1,1,2,5,84034,M,0.0,0.0,84
200800047560,8,8,13,1900,1,1,1,1,3,84132,M,0.0,0.0,84
200800047561,8,8,28,730,1,1,1,1,1,84034,M,0.0,0.0,84
200800047562,8,8,9,1415,1,1,1,1,2,84038,M,0.0,0.0,84
200800047563,8,8,29,1545,1,1,1,1,1,84099,M,0.0,0.0,84
200800047564,8,8,19,1000,1,2,6,1,2,84054,M,0.0,0.0,84
200800047565,8,8,23,2145,5,2,7,1,6,84141,M,4398000.0,490000.0,84
200800047566,8,8,26,2030,2,1,1,1,1,84092,M,4398100.0,487300.0,84
200800047567,8,8,13,1745,1,1,1,1,5,84003,M,4388200.0,533500.0,84
200800047568,8,8,12,1915,1,1,1,1,4,84026,M,0.0,0.0,84
200800047569,8,8,11,900,1,1,1,1,3,84051,M,0.0,0.0,84
200800047570,8,8,16,930,1,1,1,1,4,84051,M,4386000.0,522000.0,84
200800047571,8,8,24,1200,1,1,1,1,6,84012,M,0.0,0.0,84
200800047572,8,8,26,800,1,1,1,1,2,84030,M,0.0,0.0,84
200800047573,8,8,2,1300,1,2,1,1,1,84069,M,0.0,0.0,84
200800047574,8,8,11,1815,1,1,1,1,7,84070,M,0.0,0.0,84
200800047575,8,8,16,1330,1,1,1,1,1,84069,M,0.0,0.0,84
200800047576,8,8,23,1445,1,1,1,1,1,84017,M,0.0,0.0,84
200800047577,8,8,16,1030,1,1,1,1,1,84088,M,0.0,0.0,84
200800047578,8,8,2,845,1,1,1,1,7,84019,M,4428100.0,477500.0,84
200800047579,8,8,10,630,1,1,1,1,6,84064,M,0.0,0.0,84
200800047580,8,8,12,1630,1,2,1,1,6,84019,M,4428200.0,475400.0,84
200800047581,8,8,13,2015,1,1,1,1,7,84096,M,0.0,0.0,84
200800047582,8,8,23,630,1,1,1,1,7,84150,M,4433900.0,494800.0,84
200800047583,8,8,28,30,3,1,1,1,7,84138,M,4437900.0,494000.0,84
200800047584,8,8,29,1930,1,2,1,1,1,84150,M,0.0,0.0,84
200800047585,8,8,24,1630,1,2,1,1,3,34344,M,0.0,0.0,34
200800047586,8,8,28,815,1,1,1,1,7,34154,M,4365100.0,406800.0,34
200800047587,8,8,10,2300,3,1,1,1,6,34154,M,4362100.0,395100.0,34
200800047588,8,8,17,715,1,1,1,1,7,34154,M,4362800.0,402400.0,34
200800047589,8,8,28,1845,1,1,1,1,5,34185,M,0.0,0.0,34
200800047590,8,8,21,1800,1,2,1,7,6,34028,M,4361800.0,316000.0,34
200800047591,8,8,17,1130,1,1,1,1,5,34059,M,4334700.0,279900.0,34
200800047592,8,8,26,1630,1,2,1,1,3,34310,M,0.0,0.0,34
200800047593,8,8,28,1030,1,2,1,1,2,34258,M,4346900.0,318300.0,34
200800047594,8,8,31,1230,1,1,1,1,7,34074,M,4343700.0,305700.0,34
200800047595,8,8,4,1930,1,2,6,1,1,34199,M,0.0,0.0,34
200800047596,8,8,16,2130,3,1,1,1,1,34199,M,0.0,0.0,34
200800047597,8,8,3,1600,1,1,1,1,6,34284,M,4347200.0,276600.0,34
200800047598,8,8,2,2330,3,1,1,1,6,34168,M,4355500.0,326300.0,34
200800047599,8,8,4,2045,1,1,2,1,3,34214,M,4346700.0,326700.0,34
200800047600,8,8,23,1445,1,1,1,1,7,34300,M,0.0,0.0,34
200800047601,8,8,13,1930,1,1,1,1,6,34299,M,0.0,0.0,34
200800047602,8,8,14,815,1,2,1,7,1,34299,M,4328500.0,328900.0,34
200800047603,8,8,18,1900,1,1,1,1,5,34299,M,4327700.0,328600.0,34
200800047604,8,8,19,300,3,1,1,2,7,34186,M,0.0,0.0,34
200800047605,8,8,30,1430,1,1,1,2,1,34220,M,0.0,0.0,34
200800047606,8,8,27,1230,1,2,3,1,3,34142,M,4374200.0,332700.0,34
200800047607,8,8,30,1600,1,2,1,1,5,34106,M,4374700.0,333300.0,34
200800047608,8,8,9,1700,1,1,1,1,3,34079,M,4362600.0,344100.0,34
200800047609,8,8,11,415,3,1,1,1,6,34180,M,4361500.0,343700.0,34
200800047610,8,8,11,1915,1,2,1,1,3,34204,M,4356300.0,352500.0,34
200800047611,8,8,27,1045,1,2,1,1,3,34194,M,4354600.0,346500.0,34
200800047612,8,8,7,1600,1,2,1,1,5,34332,M,0.0,0.0,34
200800047613,8,8,23,1930,1,1,9,1,5,34023,M,0.0,0.0,34
200800047614,8,8,18,1700,1,1,1,1,6,34341,M,4350400.0,361100.0,34
200800047615,8,8,27,115,3,1,1,1,6,34213,M,4350300.0,366900.0,34
200800047616,8,8,22,1215,1,1,1,1,7,11011,M,0.0,0.0,11
200800047617,8,8,26,1145,1,1,9,1,7,11279,M,0.0,0.0,11
200800047618,8,8,3,1930,1,1,1,1,6,11083,M,0.0,0.0,11
200800047619,8,8,8,1945,1,1,1,1,7,11363,M,4307200.0,261000.0,11
200800047620,8,8,11,1645,1,1,1,1,2,11356,M,4330600.0,198800.0,11
200800047621,8,8,13,945,1,1,1,8,6,11181,M,4341100.0,198200.0,11
200800047622,8,8,25,1530,1,2,1,1,6,11281,M,4327400.0,204000.0,11
200800047623,8,8,6,1630,1,1,1,1,5,11008,M,4300000.0,225000.0,11
200800047624,8,8,9,830,1,1,1,1,1,11299,M,4315000.0,229000.0,11
200800047625,8,8,18,1430,1,1,1,1,7,11036,M,4285100.0,205700.0,11
200800047626,8,8,15,700,1,1,1,3,6,11262,M,0.0,0.0,11
200800047627,8,8,22,30,3,1,1,1,6,11262,M,0.0,0.0,11
200800047628,8,8,7,1500,1,1,1,1,5,11370,M,0.0,0.0,11
200800047629,8,8,7,1945,1,1,1,1,7,11170,M,0.0,0.0,11
200800047630,8,8,13,2200,3,1,1,1,2,11116,M,4326000.0,300600.0,11
200800047631,8,8,29,115,5,2,9,1,1,11170,M,0.0,0.0,11
200800047632,8,8,21,830,1,1,1,1,3,11379,M,4303700.0,295900.0,11
200800047633,8,8,19,1430,1,1,1,1,6,30003,M,0.0,0.0,30
200800047634,8,8,26,1900,1,1,1,1,3,30133,M,4354600.0,414900.0,30
200800047635,8,8,31,1600,2,1,6,1,6,30003,M,0.0,0.0,30
200800047636,8,8,21,1245,1,1,1,1,6,30091,M,0.0,0.0,30
200800047637,8,8,27,1845,1,1,1,1,5,30114,M,0.0,0.0,30
200800047638,8,8,16,1545,1,1,1,1,7,30156,M,4384600.0,444800.0,30
200800047639,8,8,6,1615,1,1,1,1,1,30004,M,0.0,0.0,30
200800047640,8,8,9,1945,1,1,1,1,1,30341,M,4368200.0,426800.0,30
200800047641,8,8,11,330,3,2,1,1,6,30059,M,0.0,0.0,30
200800047642,8,8,25,1045,1,2,1,1,2,30333,M,0.0,0.0,30
200800047643,8,8,30,2130,3,1,1,1,6,30185,M,0.0,0.0,30
200800047644,8,8,27,1900,1,1,1,1,6,30132,M,0.0,0.0,30
200800047645,8,8,1,2115,1,2,1,1,3,30274,M,4417000.0,409600.0,30
200800047646,8,8,4,1115,1,1,1,1,5,30284,M,4416700.0,407900.0,30
200800047647,8,8,3,2245,1,1,1,1,6,30270,M,4411000.0,402300.0,30
200800047648,8,8,28,1300,1,1,1,1,1,30002,M,4396200.0,410000.0,30
200800047649,8,8,5,2030,1,2,1,1,1,30029,M,4432300.0,435100.0,30
200800047650,8,8,26,1615,1,2,1,1,6,30227,M,4426500.0,420000.0,30
200800047651,8,8,29,1030,1,2,1,1,3,30227,M,4427000.0,419000.0,30
200800047652,8,8,1,1600,1,2,1,1,3,30334,M,0.0,0.0,30
200800047653,8,8,3,1200,1,2,1,1,5,30334,M,4402000.0,442600.0,30
200800047654,8,8,14,1000,1,2,1,1,6,30295,M,0.0,0.0,30
200800047655,8,8,18,1345,1,2,1,1,3,30334,M,0.0,0.0,30
200800047656,8,8,31,2300,3,1,1,1,7,30041,M,4398000.0,440300.0,30
200800047657,8,8,23,1415,1,1,1,1,6,30041,M,4395700.0,438000.0,30
200800047658,8,8,12,200,3,1,1,8,6,30005,M,4430200.0,452300.0,30
200800047659,8,8,22,945,1,2,1,1,6,30202,M,4426400.0,464900.0,30
200800047660,8,8,1,1715,1,2,1,1,6,30179,M,4388100.0,459300.0,30
200800047661,8,8,5,1545,1,2,1,1,3,30085,M,4395900.0,447700.0,30
200800047662,8,8,9,2315,3,1,6,1,6,30012,M,4390500.0,470100.0,30
200800047663,8,8,28,1800,1,1,2,1,5,30179,M,4387400.0,458600.0,30
200800047664,8,8,30,1745,1,1,1,1,7,30073,M,4397900.0,456100.0,30
200800047665,8,8,12,600,3,1,1,1,5,30217,M,4396300.0,473100.0,30
200800047666,8,8,3,1715,1,1,1,1,7,30281,M,0.0,0.0,30
200800047667,8,8,25,800,1,1,1,1,1,30061,M,0.0,0.0,30
200800047668,8,8,19,1245,1,1,1,8,7,30325,M,0.0,0.0,30
200800047669,8,8,21,1900,1,1,1,1,7,30190,M,0.0,0.0,30
200800047670,8,8,24,1130,1,1,1,1,6,30015,M,4402500.0,359900.0,30
200800047671,8,8,10,1200,1,1,1,1,6,30263,M,0.0,0.0,30
200800047672,8,8,31,900,1,1,1,1,6,30349,M,0.0,0.0,30
200800047673,8,8,1,1515,1,1,1,2,7,48157,M,4452600.0,361400.0,48
200800047674,8,8,10,930,1,1,1,1,6,48081,M,0.0,0.0,48
200800047675,8,8,19,1945,2,1,1,8,6,48126,M,0.0,0.0,48
200800047676,8,8,2,1615,1,1,1,1,3,48080,M,4474100.0,383800.0,48
200800047677,8,8,4,1215,1,1,1,1,1,48080,M,4471500.0,382500.0,48
200800047678,8,8,5,1630,1,1,6,1,1,48061,M,0.0,0.0,48
200800047679,8,8,31,1830,1,1,1,1,7,48034,M,0.0,0.0,48
200800047680,8,8,23,1730,1,1,1,1,5,48009,M,4471200.0,328400.0,48
200800047681,8,8,4,100,3,1,1,1,2,66037,M,0.0,0.0,66
200800047682,8,8,6,100,5,2,1,2,3,66037,M,0.0,0.0,66
200800047683,8,8,18,1215,1,2,1,1,1,66037,M,0.0,0.0,66
200800047684,8,8,8,245,3,2,1,1,7,66171,M,0.0,0.0,66
200800047685,8,8,26,1530,1,2,1,1,3,66180,M,0.0,0.0,66
200800047686,8,8,29,1515,1,1,1,7,2,66217,M,0.0,0.0,66
200800047687,8,8,8,115,3,1,1,1,6,66008,M,0.0,0.0,66
200800047688,8,8,22,515,3,1,1,1,1,66008,M,0.0,0.0,66
200800047689,8,8,30,2115,3,1,1,1,1,66063,M,0.0,0.0,66
200800047690,8,8,13,800,1,2,6,1,2,66148,M,4252000.0,310000.0,66
200800047691,8,8,8,2000,1,1,1,1,3,66149,M,0.0,0.0,66
200800047692,8,8,26,900,1,2,1,1,6,66149,M,0.0,0.0,66
200800047693,8,8,26,1400,1,1,1,1,6,66043,M,0.0,0.0,66
200800047694,8,8,8,1245,1,1,1,1,3,66147,M,0.0,0.0,66
200800047695,8,8,23,1145,1,1,1,1,5,66192,M,0.0,0.0,66
200800047696,8,8,9,1500,1,1,1,1,7,20085,M,0.0,0.0,201
200800047697,8,8,22,1045,1,2,1,1,1,20130,M,0.0,0.0,201
200800047698,8,8,29,1600,1,2,1,1,1,20031,M,0.0,0.0,201
200800047699,8,8,13,900,1,1,1,1,3,20271,M,0.0,0.0,201
200800047700,8,8,21,1515,1,1,1,7,7,20017,M,4200800.0,873600.0,201
200800047701,8,8,2,615,2,1,1,1,7,20100,M,0.0,0.0,201
200800047702,8,8,7,845,1,2,1,1,3,20247,M,0.0,0.0,201
200800047703,8,8,15,115,3,1,1,1,1,20272,M,4165700.0,893100.0,201
200800047704,8,8,22,1145,1,1,1,1,3,20254,M,0.0,0.0,201
200800047705,8,8,4,1115,1,1,1,1,7,20284,M,4175500.0,892100.0,201
200800047706,8,8,10,1500,1,1,1,1,1,20160,M,4180500.0,898800.0,201
200800047707,8,8,2,1115,1,1,1,1,1,20350,M,0.0,0.0,202
200800047708,8,8,11,130,3,1,1,1,6,20355,M,0.0,0.0,202
200800047709,8,8,15,730,2,1,1,1,5,20355,M,0.0,0.0,202
200800047710,8,8,31,600,2,1,1,1,6,20148,M,4252900.0,944200.0,202
200800047711,8,8,4,1230,1,1,1,1,1,20178,M,4280400.0,934700.0,202
200800047712,8,8,20,1015,1,1,1,1,2,20298,M,4267500.0,929000.0,202
200800047713,8,8,2,1215,1,1,1,1,1,20049,M,4285900.0,841500.0,202
200800047714,8,8,7,1215,1,2,1,1,6,20050,M,0.0,0.0,202
200800047715,8,8,29,1445,1,1,1,7,1,20150,M,4261000.0,884600.0,202
200800047716,8,8,25,30,5,1,1,1,6,20093,M,4261500.0,889200.0,202
200800047717,8,8,16,1500,1,1,1,1,2,20079,M,4249300.0,928500.0,202
200800047718,8,8,19,1745,1,1,1,1,3,20223,M,4253400.0,918700.0,202
200800047719,8,8,5,1915,1,2,1,1,3,20123,M,0.0,0.0,202
200800047720,8,8,9,1530,1,1,1,1,5,20313,M,4236600.0,953100.0,202
200800047721,8,8,10,300,3,1,1,1,6,20346,M,4251500.0,945300.0,202
200800047722,8,8,27,930,1,1,1,1,1,20179,M,0.0,0.0,202
200800047723,8,8,4,845,1,1,1,1,7,78346,M,4892000.0,158000.0,78
200800047724,8,8,13,1600,1,1,1,6,1,78472,M,0.0,0.0,78
200800047725,8,8,29,1815,1,1,1,1,5,78003,M,0.0,0.0,78
200800047726,8,8,1,1515,1,1,1,1,7,78548,M,4872500.0,199700.0,78
200800047727,8,8,6,2015,1,1,1,1,1,78548,M,4871500.0,199100.0,78
200800047728,8,8,19,2000,1,2,1,8,7,78120,M,0.0,0.0,78
200800047729,8,8,13,1645,1,2,1,1,3,91200,M,4853100.0,202800.0,91
200800047730,8,8,11,1445,1,2,6,7,6,91200,M,4852800.0,200300.0,91
200800047731,8,8,7,630,2,1,1,3,5,91226,M,4850900.0,220200.0,91
200800047732,8,8,27,645,1,2,1,1,1,91665,M,4866300.0,227500.0,91
200800047733,8,8,20,1230,1,1,1,1,6,91274,M,0.0,0.0,91
200800047734,8,8,13,2045,2,2,1,1,6,95592,M,0.0,0.0,95
200800047735,8,8,18,1900,1,1,1,1,7,95024,M,0.0,0.0,95
200800047736,8,8,2,900,1,1,1,2,1,95094,M,,,95
200800047737,8,8,8,1900,1,2,1,1,3,95351,M,0.0,0.0,95
200800047738,8,8,8,900,1,1,1,1,5,77175,M,4863000.0,263000.0,77
200800047739,8,8,26,930,1,2,1,1,3,77142,M,4886500.0,290600.0,77
200800047740,8,8,16,1630,1,1,1,1,7,77240,M,0.0,0.0,77
200800047741,8,8,15,1300,1,2,1,1,6,77183,M,0.0,0.0,77
200800047742,8,8,28,1545,1,1,1,1,7,77300,M,0.0,0.0,77
200800047743,8,8,28,2115,3,1,1,8,1,77401,M,4901700.0,317600.0,77
200800047744,8,8,6,1545,1,2,1,1,6,77411,M,0.0,0.0,77
200800047745,8,8,7,1030,1,2,1,1,1,77385,M,4885300.0,323400.0,77
200800047746,8,8,17,500,5,2,1,1,6,77406,M,4885400.0,318000.0,77
200800047747,8,8,29,2100,5,2,1,1,3,77345,M,4890900.0,322900.0,77
200800047748,8,8,17,115,3,1,1,1,7,77393,M,0.0,0.0,77
200800047749,8,8,17,1600,1,1,1,1,7,77001,M,4837800.0,256100.0,77
200800047750,8,8,5,1445,1,1,1,1,1,77153,M,0.0,0.0,77
200800047751,8,8,31,1600,1,1,1,1,7,77476,M,4904500.0,295800.0,77
200800047752,8,8,2,1345,1,2,2,1,3,77437,M,4904000.0,280300.0,77
200800047753,8,8,13,1345,1,1,1,1,2,77066,M,4869700.0,332600.0,77
200800047754,8,8,1,1530,1,1,1,1,6,77327,M,4856100.0,298400.0,77
200800047755,8,8,1,915,1,1,1,1,1,77201,M,4863500.0,303100.0,77
200800047756,8,8,24,1900,1,1,1,1,5,45093,M,4805200.0,187500.0,45