Num_Acc,an,mois,jour,hrmn,lum,agg,int,atm,col,com,gps,lat,long,dep
200800047757,8,8,28,1730,1,1,1,1,1,45072,M,4797500.0,196500.0,45
200800047758,8,8,8,830,1,1,1,1,1,45146,M,0.0,0.0,45
200800047759,8,8,20,330,3,2,1,1,6,45146,M,0.0,0.0,45
200800047760,8,8,4,2315,4,2,1,1,6,45202,M,4781100.0,163500.0,45
200800047761,8,8,5,600,2,2,1,1,6,45317,M,4777000.0,161100.0,45
200800047762,8,8,30,2300,3,1,1,1,7,45224,M,4810200.0,203100.0,45
200800047763,8,8,29,2000,1,1,1,1,3,45276,M,4764300.0,271500.0,45
200800047764,8,8,1,1345,1,2,1,1,6,45270,M,4781600.0,231100.0,45
200800047765,8,8,15,1400,1,1,1,1,3,45164,M,0.0,0.0,45
200800047766,8,8,2,730,1,1,1,1,5,45115,M,0.0,0.0,45
200800047767,8,8,7,2345,3,2,1,2,6,45307,M,4806900.0,289400.0,45
200800047768,8,8,20,1345,1,1,1,1,3,45148,M,4807800.0,276800.0,45
200800047769,8,8,13,1845,1,1,1,6,7,45236,M,4829900.0,234400.0,45
200800047770,8,8,19,530,5,2,1,1,1,45228,M,4802600.0,232900.0,45
200800047771,8,8,9,1515,1,1,2,1,3,18061,M,4714200.0,278200.0,18
200800047772,8,8,7,415,3,1,1,6,6,18249,M,0.0,0.0,18
200800047773,8,8,16,1730,1,2,2,1,3,18125,M,0.0,0.0,18
200800047774,8,8,24,1600,1,1,1,1,1,18146,M,0.0,0.0,18
200800047775,8,8,28,1430,4,2,1,1,6,18233,M,0.0,0.0,18
200800047776,8,8,28,800,1,1,1,1,1,18272,M,0.0,0.0,18
200800047777,8,8,31,100,3,1,1,1,6,18269,M,0.0,0.0,18
200800047778,8,8,21,400,3,1,1,1,6,18225,M,0.0,0.0,18
200800047779,8,8,24,445,3,1,1,1,6,18057,M,4656500.0,221800.0,18
200800047780,8,8,20,1700,1,1,1,1,1,18173,M,4693000.0,262500.0,18
200800047781,8,8,4,2030,1,1,1,1,1,18015,M,4745100.0,243600.0,18
200800047782,8,8,31,1530,1,2,1,1,6,18015,M,4749500.0,243800.0,18
200800047783,8,8,9,1700,1,1,1,1,6,18190,M,0.0,0.0,18
200800047784,8,8,28,2245,5,2,1,1,1,18207,M,0.0,0.0,18
200800047785,8,8,27,400,3,1,1,1,6,28006,M,4844000.0,138400.0,28
200800047786,8,8,15,1615,1,1,1,1,7,28234,M,4834900.0,123900.0,28
200800047787,8,8,22,1300,1,1,1,3,3,28021,M,4835900.0,131200.0,28
200800047788,8,8,6,1700,1,1,1,1,7,28013,M,4845600.0,178300.0,28
200800047789,8,8,6,1830,1,2,1,1,3,28199,M,4820600.0,188100.0,28
200800047790,8,8,22,1500,1,1,2,2,3,28075,M,4807200.0,126900.0,28
200800047791,8,8,24,1945,1,1,1,1,6,28419,M,4829800.0,142300.0,28
200800047792,8,8,16,400,3,1,1,1,6,28017,M,4802600.0,129500.0,28
200800047793,8,8,1,1900,1,1,1,1,1,28147,M,0.0,0.0,28
200800047794,8,8,6,1530,1,2,1,1,3,28275,M,0.0,0.0,28
200800047795,8,8,23,1430,1,1,1,1,6,28226,M,4862400.0,120000.0,28
200800047796,8,8,2,730,1,1,1,1,1,36128,M,4687800.0,181400.0,36
200800047797,8,8,2,1245,1,1,1,1,3,36042,M,0.0,0.0,36
200800047798,8,8,3,1930,1,1,1,1,3,36048,M,4655100.0,159400.0,36
200800047799,8,8,28,1615,1,2,9,1,2,36200,M,4660800.0,150900.0,36
200800047800,8,8,15,315,3,1,1,1,6,36228,M,4712900.0,157900.0,36
200800047801,8,8,26,1515,1,2,1,1,1,36105,M,4674900.0,104400.0,36
200800047802,8,8,15,900,1,1,1,1,7,36129,M,4667200.0,192200.0,36
200800047803,8,8,4,1815,1,1,1,1,6,36062,M,4650100.0,162000.0,36
200800047804,8,8,5,2130,2,2,1,1,7,36141,M,0.0,0.0,36
200800047805,8,8,27,1115,1,1,1,1,1,37171,M,4740900.0,88900.0,37
200800047806,8,8,17,1730,1,1,1,1,3,37109,M,4739400.0,59400.0,37
200800047807,8,8,11,1630,1,1,1,1,1,37245,M,0.0,0.0,37
200800047808,8,8,15,2030,1,1,1,1,7,37203,M,0.0,0.0,37
200800047809,8,8,18,815,1,1,1,1,6,37276,M,4754400.0,85100.0,37
200800047810,8,8,28,815,1,1,1,1,5,37281,M,4740100.0,84700.0,37
200800047811,8,8,5,915,1,1,1,1,1,37031,M,0.0,0.0,37
200800047812,8,8,29,1215,1,2,9,7,3,37011,M,0.0,0.0,37
200800047813,8,8,2,2115,3,2,1,1,6,37205,M,4725300.0,55500.0,37
200800047814,8,8,7,2030,2,1,1,8,7,37254,M,0.0,0.0,37
200800047815,8,8,1,800,1,1,1,1,1,41055,M,0.0,0.0,41
200800047816,8,8,3,2230,3,1,1,1,2,41155,M,0.0,0.0,41
200800047817,8,8,6,730,1,1,1,7,6,41039,M,4775000.0,139000.0,41
200800047818,8,8,25,1430,1,1,1,1,5,41252,M,0.0,0.0,41
200800047819,8,8,28,1415,1,1,1,1,6,41071,M,0.0,0.0,41
200800047820,8,8,7,1730,1,1,1,1,5,41211,M,0.0,0.0,41
200800047821,8,8,12,1615,1,2,1,1,6,41106,M,4760000.0,202000.0,41
200800047822,8,8,17,515,3,1,1,1,6,41097,M,0.0,0.0,41
200800047823,8,8,29,1715,1,2,1,1,6,41238,M,0.0,0.0,41
200800047824,8,8,22,1645,1,1,3,2,3,41053,M,4802100.0,92300.0,41
200800047825,8,8,2,1645,1,2,1,2,2,33503,M,0.0,0.0,33
200800047826,8,8,20,1130,1,2,1,1,1,33214,M,0.0,0.0,33
200800047827,8,8,22,1615,1,1,1,1,6,33097,M,0.0,0.0,33
200800047828,8,8,23,1300,1,2,2,1,3,29071,M,4793900.0,-341300.0,29
200800047829,8,8,15,2000,1,1,1,8,1,29274,M,4801700.0,-374500.0,29
200800047830,8,8,15,1630,1,2,1,7,3,13021,M,4333400.0,513600.0,13
200800047831,8,8,24,2000,1,1,1,1,6,13088,M,4336900.0,526500.0,13
200800047832,8,8,2,530,3,1,6,1,6,95026,M,4914000.0,236000.0,95
200800047833,8,8,20,1630,1,2,1,1,3,33199,M,4462100.0,-107500.0,33
200800047834,8,8,26,1230,1,2,1,1,1,33199,M,0.0,0.0,33
200800047835,8,8,19,1315,1,1,1,1,1,87205,M,4576800.0,129600.0,87
200800047836,8,8,3,1815,1,1,1,8,2,67283,M,0.0,0.0,67
200800047837,8,8,12,715,2,1,2,2,3,67283,M,0.0,0.0,67
200800047838,8,8,12,2015,3,1,1,8,7,67283,M,4871400.0,740300.0,67
200800047839,8,8,23,730,1,2,1,1,1,13040,M,4345600.0,556600.0,13
200800047840,8,8,28,1000,1,1,2,1,3,47098,M,4410400.0,44100.0,47
200800047841,8,8,31,1030,1,2,1,1,1,47143,M,0.0,0.0,47
200800047842,8,8,14,1515,1,1,1,1,5,11144,M,4287300.0,298700.0,11
200800047843,8,8,23,1845,1,2,1,1,3,57038,M,0.0,0.0,57
200800047844,8,8,30,1945,1,2,7,1,2,57529,M,4944600.0,601800.0,57
200800047845,8,8,30,1000,1,1,9,1,6,34259,M,4361300.0,379100.0,34
200800047846,8,8,10,1145,1,1,1,1,4,78537,M,0.0,0.0,78
200800047847,8,8,6,2015,2,2,1,1,7,51043,M,0.0,0.0,51
200800047848,8,8,13,1245,1,1,1,1,1,51171,M,0.0,0.0,51
200800047849,8,8,25,1445,1,1,1,1,3,51183,M,0.0,0.0,51
200800047850,8,8,28,1730,1,1,1,1,6,29078,M,0.0,0.0,29
200800047851,8,8,23,730,1,1,1,1,6,77359,M,4848600.0,251400.0,77
200800047852,8,8,24,1145,1,1,1,1,2,80521,M,0.0,0.0,80
200800047853,8,8,30,430,3,1,1,5,6,80759,M,4963900.0,275800.0,80
200800047854,8,8,8,315,3,1,1,1,3,71105,M,0.0,0.0,71
200800047855,8,8,28,730,1,1,1,1,2,89438,M,0.0,0.0,89
200800047856,8,8,12,1300,1,1,1,1,6,13118,M,0.0,0.0,13
200800047857,8,8,24,1645,1,1,1,1,4,13118,M,0.0,0.0,13
200800047858,8,8,25,15,3,1,1,1,4,84087,M,0.0,0.0,84
200800047859,8,8,30,2230,3,1,1,1,6,84039,M,0.0,0.0,84
200800047860,8,8,2,1430,1,1,1,1,6,83031,M,4340300.0,635900.0,83
200800047861,8,8,3,300,3,1,1,1,6,83049,M,4323900.0,608500.0,83
200800047862,8,8,21,945,1,1,1,1,6,83049,M,0.0,0.0,83
200800047863,8,8,23,2215,3,1,1,1,2,83100,M,4326400.0,612900.0,83
200800047864,8,8,27,1000,1,1,1,1,6,83100,M,4326300.0,612600.0,83
200800047865,8,8,14,1100,1,1,1,1,3,60155,M,0.0,0.0,60
200800047866,8,8,19,2115,5,2,1,2,6,60584,M,0.0,0.0,60
200800047867,8,8,10,1945,1,1,1,8,6,27332,M,0.0,0.0,27
200800047868,8,8,3,1600,1,1,1,1,5,60531,M,0.0,0.0,60
200800047869,8,8,9,1400,1,1,1,1,7,76541,M,4952700.0,98500.0,76
200800047870,8,8,13,1430,1,1,1,1,7,76502,M,4955200.0,124600.0,76
200800047871,8,8,13,1900,1,1,1,8,7,76540,M,4951900.0,119100.0,76
200800047872,8,8,2,1330,1,1,1,1,7,83096,M,0.0,0.0,83
200800047873,8,8,9,1500,1,1,1,1,5,83023,M,0.0,0.0,83
200800047874,8,8,18,1100,1,1,1,1,2,83140,M,0.0,0.0,83
200800047875,8,8,30,1530,1,1,9,1,6,83023,M,0.0,0.0,83
200800047876,8,8,18,45,3,1,1,1,2,41252,M,4770100.0,143900.0,41
200800047877,8,8,27,1030,1,1,1,1,1,74256,M,0.0,0.0,74
200800047878,8,8,2,715,1,1,1,1,2,30189,M,0.0,0.0,30
200800047879,8,8,17,500,3,1,1,1,2,30060,M,0.0,0.0,30
200800047880,8,8,7,115,3,1,1,1,6,11040,M,4316400.0,285400.0,11
200800047881,8,8,12,2115,3,1,1,1,2,11441,M,4320500.0,308000.0,11
200800047882,8,8,13,30,3,1,1,1,2,11370,M,4321800.0,309200.0,11
200800047883,8,8,15,930,1,1,1,1,6,11145,M,0.0,0.0,11
200800047884,8,8,6,1,5,2,1,1,6,37008,M,0.0,0.0,37
200800047885,8,8,18,745,1,1,1,1,6,45020,M,0.0,0.0,45
200800047886,8,8,21,415,3,1,1,1,7,45169,M,0.0,0.0,45
200800047887,8,8,21,1830,1,1,1,1,6,45154,M,0.0,0.0,45
200800047888,8,8,26,2300,3,1,1,1,2,67418,M,4882700.0,799900.0,67
200800047889,8,8,1,100,3,1,1,1,5,21606,M,,,21
200800047890,8,8,3,715,1,1,1,1,6,21065,M,,,21
200800047891,8,8,11,2345,3,1,1,1,5,21405,M,4694400.0,482600.0,21
200800047892,8,8,1,2000,1,1,1,2,7,73179,M,4560600.0,589300.0,73
200800047893,8,8,9,430,3,1,1,1,3,13011,M,4374200.0,482900.0,13
200800047894,8,8,2,2300,3,1,1,1,2,28253,M,4835000.0,141000.0,28
200800047895,8,8,11,1745,1,1,1,1,2,41067,M,0.0,0.0,41
200800047896,8,8,16,1700,1,1,1,8,6,41050,M,0.0,0.0,41
200800047897,8,8,13,2130,5,1,3,1,3,41295,M,4758600.0,137300.0,41
200800047898,8,8,18,1200,1,1,1,1,3,41262,M,0.0,0.0,41
200800047899,8,8,19,2245,3,1,1,1,6,41050,M,0.0,0.0,41
200800047900,8,8,16,1130,1,2,1,1,3,69027,M,0.0,0.0,69
200800047901,8,8,27,1530,1,1,6,1,3,69043,M,0.0,0.0,69
200800047902,8,8,1,1445,1,1,1,1,6,34113,M,0.0,0.0,34
200800047903,8,8,14,215,3,1,1,1,2,34095,M,4355000.0,379400.0,34
200800047904,8,8,31,515,3,1,1,1,5,34143,M,4347200.0,363800.0,34
200800047905,8,8,14,1630,1,1,1,1,5,63126,M,0.0,0.0,63
200800047906,8,8,20,1415,1,1,1,1,3,63272,M,0.0,0.0,63
200800047907,8,8,7,1115,1,1,1,1,1,64130,M,0.0,0.0,64
200800047908,8,8,30,215,3,1,1,1,2,54253,M,0.0,0.0,54
200800047909,8,8,27,1715,1,2,1,1,1,69081,M,4577300.0,478100.0,69
200800047910,8,8,4,945,1,1,1,1,7,38052,M,4507100.0,604300.0,38
200800047911,8,8,12,1845,1,1,1,2,7,38177,M,4507000.0,604300.0,38
200800047912,8,8,3,1630,1,1,1,1,6,57606,M,0.0,0.0,57
200800047913,8,8,5,800,3,1,9,1,3,06088,M,0.0,0.0,06
200800047914,8,8,5,800,1,1,1,1,2,06088,M,0.0,0.0,06
200800047915,8,8,9,2300,5,1,9,1,5,06150,M,0.0,0.0,06
200800047916,8,8,11,1115,1,1,1,1,5,06088,M,0.0,0.0,06
200800047917,8,8,24,15,5,1,9,1,1,06083,M,0.0,0.0,06
200800047918,8,8,26,900,1,1,1,1,2,90012,M,0.0,0.0,90
200800047919,8,8,27,1600,1,1,9,1,4,90012,M,0.0,0.0,90
200800047920,8,8,10,1545,1,1,1,1,6,67460,M,0.0,0.0,67
200800047921,8,8,25,1700,1,2,1,1,6,95074,M,0.0,0.0,95
200800047922,8,8,11,1400,1,1,1,3,7,38417,M,4537900.0,597700.0,38
200800047923,8,8,3,1930,1,1,1,1,6,13025,M,4348600.0,554400.0,13
200800047924,8,8,16,815,1,1,1,1,6,06004,M,0.0,0.0,06
200800047925,8,8,22,2330,3,1,1,1,6,06030,M,0.0,0.0,06
200800047926,8,8,20,730,1,1,1,1,6,06085,M,4358200.0,698400.0,06
200800047927,8,8,30,1015,1,1,1,1,1,64343,M,0.0,0.0,64
200800047928,8,8,18,1830,1,1,1,1,6,63430,M,0.0,0.0,63
200800047929,8,8,29,1000,1,1,1,1,2,11076,M,4328400.0,198300.0,11
200800047930,8,8,31,445,3,1,1,1,2,11199,M,4320700.0,227200.0,11
200800047931,8,8,16,15,3,1,6,1,6,59039,M,5016400.0,329800.0,59
200800047932,8,8,10,900,1,1,1,1,2,28327,M,0.0,0.0,28
200800047933,8,8,18,815,1,1,1,1,1,25137,M,4734300.0,616600.0,25
200800047934,8,8,28,1430,1,2,1,1,3,91573,M,4864100.0,245900.0,91
200800047935,8,8,9,145,3,1,1,1,2,33498,M,4457300.0,-83100.0,33
200800047936,8,8,13,530,3,1,1,1,6,33527,M,4461900.0,-104700.0,33
200800047937,8,8,15,2045,5,1,1,1,3,33199,M,4462100.0,-110600.0,33
200800047938,8,8,29,800,1,1,1,1,3,33284,M,4466100.0,-82900.0,33
200800047939,8,8,20,1845,1,1,1,1,6,74208,M,4592500.0,673200.0,74
200800047940,8,8,12,1045,1,1,1,1,7,53228,M,0.0,0.0,53
200800047941,8,8,23,845,1,1,1,1,7,53267,M,0.0,0.0,53
200800047942,8,8,25,1400,1,1,1,1,6,53108,M,0.0,0.0,53
200800047943,8,8,18,530,3,1,1,1,6,82171,M,0.0,0.0,82
200800047944,8,8,18,1015,1,1,9,1,3,20070,M,0.0,0.0,201
200800047945,8,8,18,445,3,1,1,1,6,21572,M,0.0,0.0,21
200800047946,8,8,23,2115,5,1,1,1,1,38249,M,0.0,0.0,38
200800047947,8,8,7,1000,1,2,1,1,6,66213,M,0.0,0.0,66
200800047948,8,8,5,1730,1,1,1,1,6,67155,M,0.0,0.0,67
200800047949,8,8,1,1900,1,1,1,1,7,17226,M,0.0,0.0,17
200800047950,8,8,14,1715,1,1,1,1,6,17379,M,0.0,0.0,17
200800047951,8,8,28,345,3,1,1,1,2,17148,M,0.0,0.0,17
200800047952,8,8,21,1245,1,1,1,1,6,17050,M,0.0,0.0,17
200800047953,8,8,23,1400,1,1,1,2,7,74243,M,0.0,0.0,74
200800047954,8,8,17,345,3,1,1,1,6,20139,M,0.0,0.0,201
200800047955,8,8,28,2330,5,2,1,1,6,20362,M,4170100.0,934200.0,201
200800047956,8,8,4,1630,1,2,9,1,2,74272,M,0.0,0.0,74
200800047957,8,8,8,2030,1,1,1,1,1,74067,M,0.0,0.0,74
200800047958,8,8,14,1500,1,2,1,1,1,74272,M,0.0,0.0,74
200800047959,8,8,29,1915,1,2,1,1,6,74213,M,4591900.0,607900.0,74
200800047960,8,8,29,2230,3,1,1,1,3,74272,M,4595000.0,605000.0,74
200800047961,8,8,1,45,3,1,1,1,1,01089,M,4597300.0,530900.0,01
200800047962,8,8,1,1515,1,1,1,1,1,51613,M,0.0,0.0,51
200800047963,8,8,26,1500,1,1,1,1,7,51493,M,4922700.0,411700.0,51
200800047964,8,8,6,1745,1,2,1,1,1,06018,M,0.0,0.0,06
200800047965,8,8,7,815,1,1,6,1,1,06152,M,0.0,0.0,06
200800047966,8,8,9,645,2,1,6,1,3,06152,M,0.0,0.0,06
200800047967,8,8,16,145,5,1,1,7,1,06018,M,0.0,0.0,06
200800047968,8,8,19,1830,1,1,1,7,3,06152,M,0.0,0.0,06
200800047969,8,8,28,745,1,2,1,1,7,69244,M,0.0,0.0,69
200800047970,8,8,26,730,1,1,1,1,6,74176,M,0.0,0.0,74
200800047971,8,8,30,1630,1,1,1,1,6,95353,M,4909300.0,231200.0,95
200800047972,8,8,13,1100,1,1,1,1,6,09239,M,0.0,0.0,09
200800047973,8,8,18,1200,1,2,1,1,6,56240,M,4753200.0,-277100.0,56
200800047974,8,8,18,1900,1,1,1,1,1,56240,M,4752100.0,-278000.0,56
200800047975,8,8,29,1030,1,1,1,1,6,56240,M,4753300.0,-280000.0,56
200800047976,8,8,29,1715,1,1,1,1,2,56251,M,4763000.0,-268600.0,56
200800047977,8,8,25,1945,1,1,1,1,6,42075,M,4557000.0,423100.0,42
200800047978,8,8,19,1615,1,1,1,1,6,42047,M,4587300.0,382500.0,42
200800047979,8,8,3,345,3,1,1,1,6,18138,M,0.0,0.0,18
200800047980,8,8,13,915,1,2,1,1,7,18138,M,0.0,0.0,18
200800047981,8,8,13,1315,1,1,1,1,6,41046,M,0.0,0.0,41
200800047982,8,8,29,1345,1,1,1,1,7,18050,M,0.0,0.0,18
200800047983,8,8,24,200,3,1,1,1,1,34333,M,0.0,0.0,34
200800047984,8,8,13,1300,1,1,1,1,3,13044,M,4362600.0,504500.0,13
200800047985,8,8,31,30,5,2,3,1,3,13051,M,4364500.0,507600.0,13
200800047986,8,8,6,1645,1,1,1,1,7,03175,M,0.0,0.0,03
200800047987,8,8,4,200,3,1,1,1,3,63379,M,0.0,0.0,63
200800047988,8,8,29,1745,1,2,1,1,5,06090,M,0.0,0.0,06
200800047989,8,8,2,845,1,1,1,1,6,40210,M,0.0,0.0,40
200800047990,8,8,10,1615,1,2,1,1,1,67152,M,4852400.0,768400.0,67
200800047991,8,8,23,1115,1,1,1,1,3,67108,M,4853600.0,758400.0,67
200800047992,8,8,3,1230,1,1,1,1,5,67343,M,4861000.0,769800.0,67
200800047993,8,8,11,1500,1,1,1,3,6,67309,M,4865000.0,772000.0,67
200800047994,8,8,28,1715,1,1,6,1,3,67343,M,4861100.0,767900.0,67
200800047995,8,8,25,1945,1,2,1,1,1,67389,M,4865200.0,775200.0,67
200800047996,8,8,6,300,5,2,1,1,7,06148,M,0.0,0.0,06
200800047997,8,8,17,600,3,1,1,1,7,38530,M,0.0,0.0,38
200800047998,8,8,28,2100,2,2,9,1,3,38530,M,4561700.0,517500.0,38
200800047999,8,8,2,645,1,1,1,1,6,21021,M,4735400.0,516200.0,21
200800048000,8,8,4,530,3,1,1,1,3,21469,M,4736400.0,516200.0,21
200800048001,8,8,3,1145,1,1,1,1,6,10263,M,0.0,0.0,10
200800048002,8,8,22,530,3,1,1,1,6,10357,M,0.0,0.0,10
200800048003,8,8,23,2245,3,1,1,1,6,61156,M,0.0,0.0,61
200800048004,8,8,2,1130,1,1,1,1,3,47036,M,0.0,0.0,47
200800048005,8,8,20,1445,1,1,0,1,6,66190,M,0.0,0.0,66
200800048006,8,8,8,1815,1,1,1,1,3,89449,M,4833600.0,307300.0,89
200800048007,8,8,15,1700,1,1,1,1,7,83067,M,4332400.0,631000.0,83
200800048008,8,8,22,1845,1,1,1,1,5,30133,M,0.0,0.0,30
200800048009,8,6,30,2145,5,2,1,1,6,95063,M,,,95
200800048010,8,8,25,1815,1,2,1,1,6,69388,M,,,69
200800048011,8,8,29,1940,1,1,1,1,6,69388,M,,,69
200800048012,8,7,6,1939,1,2,1,1,7,04070,M,,,04
200800048013,8,2,21,1755,1,2,3,1,6,44109,M,,,44
200800048014,8,5,28,1805,1,2,1,1,6,44109,M,,,44
200800048015,8,7,7,1905,1,2,6,2,6,44109,M,,,44
200800048016,8,7,29,2350,5,2,1,1,6,44109,M,,,44
200800048017,8,8,8,1645,1,2,1,1,6,59606,M,,,59
200800048018,8,8,30,1625,1,2,1,1,2,94079,M,,,94
200800048019,8,8,13,1430,1,2,1,8,6,76540,M,,,76
200800048020,8,1,22,1845,5,2,7,1,3,44109,M,,,44
200800048021,8,6,11,1715,1,2,7,1,6,78646,M,,,78
200800048022,8,7,8,1830,1,2,3,1,3,78646,M,,,78
200800048023,8,7,31,1610,1,2,1,1,6,07078,M,,,07
200800048024,8,1,21,1810,5,1,2,1,3,35241,M,,,35
200800048025,8,1,24,1400,1,2,1,2,2,35093,M,,,35
200800048026,8,2,16,1915,5,2,2,1,3,35093,M,,,35
200800048027,8,5,3,945,1,2,1,1,4,35093,M,,,35
200800048028,8,2,4,1420,1,1,1,1,4,35241,M,,,35
200800048029,8,5,25,1820,1,1,2,1,2,35241,M,,,35
200800048030,8,6,14,1115,1,2,2,1,3,35093,M,,,35
200800048031,8,6,27,100,5,2,1,1,7,35093,M,,,35
200800048032,8,6,27,1224,1,2,1,1,7,35093,M,,,35
200800048033,8,7,15,1351,1,2,1,1,1,35288,M,,,35
200800048034,8,7,17,1755,1,2,1,1,4,35093,M,,,35
200800048035,8,7,30,1815,1,2,1,1,3,35288,M,,,35
200800048036,8,8,5,1435,1,2,6,1,3,35288,M,,,35
200800048037,8,8,17,2010,1,1,1,1,3,35093,M,,,35
200800048038,8,8,22,445,5,2,1,1,7,35093,M,,,35
200800048039,8,8,24,1905,1,1,6,1,3,35093,M,,,35
200800048040,8,8,5,2024,1,1,1,1,2,35241,M,,,35
200800048041,8,8,30,1957,1,2,6,1,3,35241,M,,,35
200800048042,8,6,18,835,1,2,2,1,3,59527,M,,,59
200800048043,8,7,24,1315,1,2,1,1,6,59350,M,,,59
200800048044,8,1,14,800,5,2,1,8,6,61006,M,,,61
200800048045,8,6,22,1925,1,2,1,1,6,69115,M,,,69
200800048046,8,6,15,1800,1,2,6,1,3,69264,M,,,69
200800048047,8,1,11,1955,3,1,1,2,4,77373,M,,,77
200800048048,8,1,17,415,3,1,1,2,2,77350,M,,,77
200800048049,8,1,19,930,1,1,1,1,2,77350,M,,,77
200800048050,8,1,28,1830,5,2,1,1,6,77373,M,,,77
200800048051,8,1,3,745,5,2,1,9,6,77350,M,,,77
200800048052,8,3,2,1630,1,1,1,2,6,77350,M,,,77
200800048053,8,3,10,1815,2,2,1,2,6,77350,M,,,77
200800048054,8,3,25,1745,1,2,3,1,7,77390,M,,,77
200800048055,8,4,12,2240,5,2,2,1,6,77390,M,,,77
200800048056,8,5,6,1900,1,1,1,1,6,77249,M,,,77
200800048057,8,5,21,725,1,1,1,1,1,77215,M,,,77
200800048058,8,5,8,1410,1,2,1,1,6,77373,M,,,77
200800048059,8,6,18,1650,1,1,1,1,5,77373,M,,,77
200800048060,8,6,26,1135,1,2,1,1,7,77215,M,,,77
200800048061,8,6,30,1425,1,2,1,1,6,77350,M,,,77
200800048062,8,7,8,1435,1,2,6,1,3,77390,M,,,77
200800048063,8,8,23,1015,1,2,3,1,6,77350,M,,,77
200800048064,8,4,23,2100,1,1,1,1,7,77350,M,,,77
200800048065,8,3,11,1855,5,2,1,2,5,78168,M,,,78
200800048066,8,4,3,1545,1,2,1,1,2,78383,M,,,78
200800048067,8,6,1,1530,1,2,3,1,3,78397,M,,,78
200800048068,8,6,10,950,1,2,1,1,1,78208,M,,,78
200800048069,8,6,11,1400,1,1,1,1,1,78208,M,,,78
200800048070,8,6,26,2000,1,2,1,1,7,78383,M,,,78
200800048071,8,6,29,1545,1,2,1,1,3,78168,M,,,78
200800048072,8,7,4,1625,1,2,1,1,3,78208,M,,,78
200800048073,8,7,7,1325,1,2,1,1,6,78168,M,,,78
200800048074,8,7,14,630,1,2,1,1,2,78168,M,,,78
200800048075,8,7,18,100,3,1,1,1,6,78397,M,,,78
200800048076,8,7,18,1720,1,2,1,1,4,78208,M,,,78
200800048077,8,7,21,1545,1,2,1,1,3,78208,M,,,78
200800048078,8,7,31,1705,1,2,3,1,3,78383,M,,,78
200800048079,8,7,11,1710,1,2,6,1,2,91549,M,,,91
200800048080,8,7,16,1350,1,2,1,1,6,91549,M,,,91
200800048081,8,7,25,1935,1,2,1,1,2,91549,M,,,91
200800048082,8,8,20,1515,1,2,1,1,4,91549,M,,,91
200800048083,8,8,29,2055,2,2,2,1,3,91216,M,,,91
200800048084,8,6,16,1437,1,2,1,1,6,20120,M,,,202
200800048085,8,6,17,1610,1,2,1,1,4,20120,M,,,202
200800048086,8,6,17,1700,1,1,1,1,7,20120,M,,,202
200800048087,8,6,18,1700,1,2,1,1,1,20033,M,,,202
200800048088,8,6,22,2147,5,2,1,1,6,20033,M,,,202
200800048089,8,6,26,1746,1,2,1,1,2,20033,M,,,202
200800048090,8,6,26,2005,1,2,6,1,2,20033,M,,,202
200800048091,8,6,30,1730,1,1,1,1,6,20120,M,,,202
200800048092,8,7,1,1025,1,2,1,1,5,20033,M,,,202
200800048093,8,7,1,1730,1,2,1,1,2,20033,M,,,202
200800048094,8,7,2,1347,1,2,1,1,7,20033,M,,,202
200800048095,8,7,3,28,5,2,2,1,3,20033,M,,,202
200800048096,8,7,6,1218,1,2,1,1,6,20033,M,,,202
200800048097,8,7,8,1611,1,1,1,1,6,20033,M,,,202
200800048098,8,7,9,1232,1,2,1,1,6,20033,M,,,202
200800048099,8,7,12,2202,3,2,1,1,2,20120,M,,,202
200800048100,8,7,15,810,1,1,1,1,1,20033,M,,,202
200800048101,8,7,16,800,1,1,1,2,3,20037,M,,,202
200800048102,8,7,16,1828,1,1,1,1,6,20120,M,,,202
200800048103,8,7,20,2210,5,2,1,1,4,20033,M,,,202
200800048104,8,7,21,1640,1,2,2,1,3,20033,M,,,202
200800048105,8,7,21,1846,1,2,1,1,1,20033,M,,,202
200800048106,8,7,23,1550,1,2,1,1,3,20120,M,,,202
200800048107,8,7,26,1900,1,2,3,1,3,20033,M,,,202
200800048108,8,7,28,146,5,2,1,1,6,20033,M,,,202
200800048109,8,8,4,2108,5,2,1,1,6,20033,M,,,202
200800048110,8,8,6,1730,1,2,1,1,2,20033,M,,,202
200800048111,8,8,7,1530,1,1,1,1,6,20120,M,,,202
200800048112,8,8,7,1405,1,2,1,1,6,20033,M,,,202
200800048113,8,8,10,2200,5,2,1,1,1,20033,M,,,202
200800048114,8,8,13,1445,1,2,1,1,6,20033,M,,,202
200800048115,8,8,16,1102,1,1,1,1,1,20037,M,,,202
200800048116,8,8,17,1210,1,1,1,1,6,20033,M,,,202
200800048117,8,8,20,1904,1,1,1,1,3,20120,M,,,202
200800048118,8,8,30,1705,1,2,1,1,3,20033,M,,,202
200800048119,8,8,6,230,5,1,1,1,2,54528,M,,,54
200800048120,8,9,27,2115,3,1,1,1,5,14339,M,4913100.0,-32700.0,14
200800048121,8,9,16,1630,1,2,2,1,5,38314,M,0.0,0.0,38
200800048122,8,9,7,300,3,1,1,2,7,27150,M,0.0,0.0,27
200800048123,8,9,8,1100,1,1,1,1,5,06161,M,4366400.0,709800.0,06
200800048124,8,9,8,1445,1,2,1,1,3,46251,M,4486400.0,189200.0,46
200800048125,8,9,9,930,1,1,1,1,6,46127,M,4474600.0,140200.0,46