Num_Acc,an,mois,jour,hrmn,lum,agg,int,atm,col,com,gps,lat,long,dep
200800048126,8,9,26,1645,1,1,1,1,3,46204,M,4470000.0,161700.0,46
200800048127,8,9,27,1630,1,2,1,1,5,46127,M,4473800.0,137800.0,46
200800048128,8,9,2,1345,1,1,1,1,1,46003,M,0.0,0.0,46
200800048129,8,9,10,1400,1,1,1,1,3,46283,M,0.0,0.0,46
200800048130,8,9,27,1130,1,1,1,1,1,46128,M,4477000.0,171000.0,46
200800048131,8,9,18,30,3,1,1,1,6,65187,M,0.0,0.0,65
200800048132,8,9,12,1700,1,1,1,8,7,65202,M,0.0,0.0,65
200800048133,8,9,14,1445,1,1,1,1,1,65018,M,0.0,0.0,65
200800048134,8,9,1,1400,1,1,1,1,3,81097,M,4386800.0,222700.0,81
200800048135,8,9,12,1745,1,1,1,1,1,81147,M,0.0,0.0,81
200800048136,8,9,23,730,1,1,1,1,2,81147,M,0.0,0.0,81
200800048137,8,9,13,1945,3,2,1,1,7,81273,M,4358400.0,218300.0,81
200800048138,8,9,11,1415,1,2,1,1,6,81040,M,4372300.0,206600.0,81
200800048139,8,9,21,1200,1,1,1,1,7,81314,M,4373700.0,259000.0,81
200800048140,8,9,2,1700,1,1,3,1,3,81099,M,4392800.0,192900.0,81
200800048141,8,9,1,1900,1,2,1,1,3,69069,M,0.0,0.0,69
200800048142,8,9,3,1200,1,2,1,1,3,69089,M,0.0,0.0,69
200800048143,8,9,16,1000,1,2,9,8,1,69069,M,0.0,0.0,69
200800048144,8,9,22,2030,5,2,1,1,3,69069,M,0.0,0.0,69
200800048145,8,9,13,415,3,1,1,1,6,81220,M,0.0,0.0,81
200800048146,8,9,12,800,1,1,9,2,6,81238,M,4347900.0,250700.0,81
200800048147,8,9,29,1345,1,1,1,1,6,81036,M,4349800.0,242800.0,81
200800048148,8,9,3,745,1,1,1,1,1,81219,M,4357100.0,194300.0,81
200800048149,8,9,16,515,3,1,1,1,7,81162,M,4359200.0,180700.0,81
200800048150,8,9,29,945,1,1,1,1,3,81162,M,4358900.0,181900.0,81
200800048151,8,9,18,2045,3,1,1,1,7,82090,M,0.0,0.0,82
200800048152,8,9,13,2100,3,1,1,1,6,82115,M,4397000.0,154500.0,82
200800048153,8,9,20,1930,1,1,1,1,6,82164,M,4430800.0,116800.0,82
200800048154,8,9,30,1615,1,1,1,1,6,82094,M,4427900.0,113100.0,82
200800048155,8,9,27,1745,1,2,9,1,3,82112,M,0.0,0.0,82
200800048156,8,9,6,1545,1,1,2,3,3,82190,M,4381400.0,125400.0,82
200800048157,8,9,18,1745,1,1,1,1,1,69055,M,0.0,0.0,69
200800048158,8,9,25,945,5,1,1,1,1,69117,M,0.0,0.0,69
200800048159,8,9,14,900,1,1,1,1,5,69286,M,0.0,0.0,69
200800048160,8,9,23,1230,1,2,2,1,2,69286,M,0.0,0.0,69
200800048161,8,9,25,1115,1,2,1,1,3,69288,M,0.0,0.0,69
200800048162,8,9,28,515,2,1,1,9,7,69287,M,4570200.0,501200.0,69
200800048163,8,9,10,1830,1,2,1,1,3,69136,M,0.0,0.0,69
200800048164,8,9,5,2000,2,1,1,1,7,69144,M,0.0,0.0,69
200800048165,8,9,11,730,2,1,1,1,6,69112,M,0.0,0.0,69
200800048166,8,9,19,2330,3,1,1,1,6,69112,M,0.0,0.0,69
200800048167,8,9,23,900,1,1,1,1,7,69083,M,0.0,0.0,69
200800048168,8,9,26,1930,1,1,1,1,6,69086,M,0.0,0.0,69
200800048169,8,9,18,730,1,1,1,1,6,69173,M,0.0,0.0,69
200800048170,8,9,19,1500,1,1,1,1,6,69227,M,0.0,0.0,69
200800048171,8,9,10,1900,1,2,2,1,3,69228,M,0.0,0.0,69
200800048172,8,9,22,1830,2,1,1,7,6,69148,M,0.0,0.0,69
200800048173,8,9,30,1830,1,1,1,1,3,69176,M,0.0,0.0,69
200800048174,8,9,7,1315,1,1,1,1,1,69192,M,4604000.0,452000.0,69
200800048175,8,9,2,1430,1,2,1,1,6,69009,M,0.0,0.0,69
200800048176,8,9,4,845,1,1,1,8,1,69020,M,0.0,0.0,69
200800048177,8,9,21,715,1,1,1,1,1,69114,M,0.0,0.0,69
200800048178,8,9,24,1900,1,1,3,1,3,69114,M,0.0,0.0,69
200800048179,8,9,4,900,1,1,1,2,1,69209,M,0.0,0.0,69
200800048180,8,9,6,1000,1,1,1,2,1,69210,M,0.0,0.0,69
200800048181,8,9,19,1,3,1,1,1,6,69165,M,0.0,0.0,69
200800048182,8,9,22,1915,1,1,1,1,6,69182,M,0.0,0.0,69
200800048183,8,9,2,1600,1,2,1,1,7,69211,M,0.0,0.0,69
200800048184,8,9,20,1830,1,1,1,1,7,69050,M,0.0,0.0,69
200800048185,8,9,22,700,2,1,1,1,6,69128,M,0.0,0.0,69
200800048186,8,9,28,1700,1,2,1,1,2,01369,M,0.0,0.0,01
200800048187,8,9,1,1030,1,2,1,1,6,01323,M,0.0,0.0,01
200800048188,8,9,15,930,1,1,1,7,3,01094,M,0.0,0.0,01
200800048189,8,9,25,1045,1,1,1,1,6,01445,M,0.0,0.0,01
200800048190,8,9,25,2230,3,1,1,1,1,01130,M,0.0,0.0,01
200800048191,8,9,26,2015,3,1,1,1,5,01304,M,0.0,0.0,01
200800048192,8,9,28,1400,1,2,1,1,3,01422,M,0.0,0.0,01
200800048193,8,9,4,700,1,2,1,2,5,01454,M,0.0,0.0,01
200800048194,8,9,7,1700,1,2,1,1,3,01034,M,0.0,0.0,01
200800048195,8,9,15,615,2,1,1,1,3,01407,M,4595300.0,582700.0,01
200800048196,8,9,7,1,4,1,1,2,7,01444,M,0.0,0.0,01
200800048197,8,9,9,1545,1,1,1,1,3,01047,M,0.0,0.0,01
200800048198,8,9,10,1730,1,2,1,1,3,01017,M,4593700.0,549400.0,01
200800048199,8,9,15,1530,1,2,1,1,3,01004,M,0.0,0.0,01
200800048200,8,9,21,1415,1,1,2,1,3,01390,M,0.0,0.0,01
200800048201,8,9,29,1245,1,1,1,1,3,01089,M,0.0,0.0,01
200800048202,8,9,4,715,1,1,1,1,6,01071,M,4631400.0,608300.0,01
200800048203,8,9,5,1745,1,2,1,1,3,01143,M,0.0,0.0,01
200800048204,8,9,26,2130,3,1,1,1,7,01153,M,0.0,0.0,01
200800048205,8,9,3,2000,3,1,1,3,1,01354,M,0.0,0.0,01
200800048206,8,9,13,1000,1,1,1,2,1,01354,M,0.0,0.0,01
200800048207,8,9,24,1815,1,1,1,1,2,01353,M,0.0,0.0,01
200800048208,8,9,16,1530,1,1,1,1,1,01235,M,0.0,0.0,01
200800048209,8,9,4,1715,1,1,1,2,1,01378,M,0.0,0.0,01
200800048210,8,9,9,1215,1,2,1,1,1,01275,M,0.0,0.0,01
200800048211,8,9,26,1800,1,2,1,1,3,01446,M,4602500.0,483500.0,01
200800048212,8,9,5,645,2,1,1,1,1,07346,M,4447400.0,468800.0,07
200800048213,8,9,14,1530,1,1,1,1,2,07076,M,0.0,0.0,07
200800048214,8,9,14,1445,1,2,9,1,3,07348,M,0.0,0.0,07
200800048215,8,9,21,130,5,2,1,1,6,07090,M,0.0,0.0,07
200800048216,8,9,11,1600,1,1,1,1,6,07134,M,4450400.0,429000.0,07
200800048217,8,9,29,345,3,1,1,1,6,07189,M,4449400.0,425300.0,07
200800048218,8,9,15,1145,1,1,1,1,7,07153,M,0.0,0.0,07
200800048219,8,9,21,1500,1,1,1,1,7,07235,M,4484100.0,420900.0,07
200800048220,8,9,30,1700,1,1,1,1,7,07153,M,0.0,0.0,07
200800048221,8,9,20,1745,1,1,1,1,3,07291,M,0.0,0.0,07
200800048222,8,9,23,1100,1,1,1,1,7,07010,M,0.0,0.0,07
200800048223,8,9,6,1515,1,2,1,1,6,07204,M,4501500.0,439300.0,07
200800048224,8,9,30,1745,1,1,1,1,1,07209,M,4512900.0,441700.0,07
200800048225,8,9,27,1315,1,2,1,1,3,07129,M,0.0,0.0,07
200800048226,8,9,9,1400,1,1,1,8,7,07301,M,0.0,0.0,07
200800048227,8,9,28,15,3,2,1,1,6,07301,M,0.0,0.0,07
200800048228,8,9,18,1515,2,1,1,1,1,26064,M,0.0,0.0,26
200800048229,8,9,19,1745,1,2,2,1,3,26313,M,0.0,0.0,26
200800048230,8,9,12,45,5,2,1,1,6,26011,M,0.0,0.0,26
200800048231,8,9,26,1430,1,2,1,1,3,26108,M,0.0,0.0,26
200800048232,8,9,14,1000,5,2,1,1,6,26166,M,0.0,0.0,26
200800048233,8,9,25,900,1,1,1,7,7,26368,M,4470300.0,525100.0,26
200800048234,8,9,11,1930,1,1,1,1,3,26168,M,4468000.0,569800.0,26
200800048235,8,9,29,1245,1,1,1,1,7,26168,M,4469100.0,568900.0,26
200800048236,8,9,11,1045,1,1,1,1,6,26045,M,4459100.0,493000.0,26
200800048237,8,9,8,1300,1,2,6,1,6,26235,M,0.0,0.0,26
200800048238,8,9,4,1545,1,1,1,1,6,26357,M,4429600.0,498300.0,26
200800048239,8,9,9,1500,1,1,1,1,1,26324,M,4436600.0,474100.0,26
200800048240,8,9,28,1630,1,2,1,1,6,26236,M,4425100.0,521800.0,26
200800048241,8,9,20,2030,3,1,1,1,5,26099,M,4441200.0,491800.0,26
200800048242,8,9,22,745,1,1,9,1,7,26073,M,4440900.0,483000.0,26
200800048243,8,9,13,1415,1,1,1,1,7,26227,M,0.0,0.0,26
200800048244,8,9,21,1515,1,1,1,1,7,26215,M,0.0,0.0,26
200800048245,8,9,21,1715,1,2,1,1,3,26378,M,0.0,0.0,26
200800048246,8,9,29,1115,1,1,1,1,1,26231,M,0.0,0.0,26
200800048247,8,9,8,1930,1,2,1,1,3,38538,M,4521700.0,585800.0,38
200800048248,8,9,28,1745,1,1,1,1,1,38412,M,0.0,0.0,38
200800048249,8,9,16,2130,5,2,9,1,3,38100,M,0.0,0.0,38
200800048250,8,9,9,1915,1,1,1,1,3,38265,M,4497000.0,573100.0,38
200800048251,8,9,7,1515,1,1,1,1,6,38226,M,4481900.0,573800.0,38
200800048252,8,9,13,1445,1,1,1,3,1,38203,M,0.0,0.0,38
200800048253,8,9,15,745,1,2,1,1,3,38409,M,4508000.0,528600.0,38
200800048254,8,9,5,2115,3,2,1,1,3,38331,M,4535800.0,554400.0,38
200800048255,8,9,15,2115,3,1,1,1,3,38030,M,0.0,0.0,38
200800048256,8,9,22,1000,1,1,1,1,3,38432,M,0.0,0.0,38
200800048257,8,9,29,2015,5,2,1,1,1,38276,M,4556200.0,530600.0,38
200800048258,8,9,11,1700,1,1,1,1,6,38082,M,4543000.0,550100.0,38
200800048259,8,9,16,1800,1,1,1,1,6,38082,M,4542200.0,552300.0,38
200800048260,8,9,21,1200,1,2,9,1,1,38520,M,0.0,0.0,38
200800048261,8,9,23,1745,1,1,1,1,6,38296,M,4554000.0,552900.0,38
200800048262,8,9,19,1400,1,1,2,1,1,38139,M,4574000.0,546200.0,38
200800048263,8,9,13,100,5,2,1,2,7,38001,M,4553800.0,558700.0,38
200800048264,8,9,11,1630,1,2,1,1,1,38064,M,0.0,0.0,38
200800048265,8,9,30,800,1,2,1,1,3,38509,M,0.0,0.0,38
200800048266,8,9,1,1230,1,1,1,1,3,44066,M,0.0,0.0,44
200800048267,8,9,2,1215,1,1,1,1,3,38110,M,0.0,0.0,38
200800048268,8,9,8,715,1,1,1,1,3,38336,M,0.0,0.0,38
200800048269,8,9,8,2045,5,2,1,1,1,38336,M,0.0,0.0,38
200800048270,8,9,23,1815,1,1,1,1,5,38160,M,4547100.0,500300.0,38
200800048271,8,9,27,945,1,1,1,1,3,38130,M,0.0,0.0,38
200800048272,8,9,12,1330,1,1,1,1,1,38081,M,4554900.0,509800.0,38
200800048273,8,9,27,2330,3,1,1,1,3,38035,M,4553800.0,508500.0,38
200800048274,8,9,28,1500,1,1,1,1,7,38507,M,4573000.0,518800.0,38
200800048275,8,9,12,1845,1,1,1,2,3,38468,M,4534000.0,480600.0,38
200800048276,8,9,13,2300,3,1,1,2,1,38344,M,4539800.0,481100.0,38
200800048277,8,9,13,1215,1,2,1,1,6,38298,M,4537800.0,479500.0,38
200800048278,8,9,10,1815,1,1,6,1,6,38449,M,4563800.0,508000.0,38
200800048279,8,9,9,1345,1,1,1,1,1,42251,M,4570100.0,422900.0,42
200800048280,8,9,12,930,1,1,1,1,7,42012,M,4559800.0,404200.0,42
200800048281,8,9,28,1700,1,2,1,1,1,42329,M,4532300.0,450600.0,42
200800048282,8,9,28,1700,1,1,1,1,6,42023,M,4530800.0,454400.0,42
200800048283,8,9,20,1400,1,1,1,1,7,42151,M,4568300.0,413400.0,42
200800048284,8,9,6,2015,5,2,6,8,3,42211,M,4554000.0,423200.0,42
200800048285,8,9,24,1730,1,2,1,1,6,42304,M,0.0,0.0,42
200800048286,8,9,28,245,3,1,1,1,6,42298,M,4569000.0,387500.0,42
200800048287,8,9,24,1815,1,2,1,1,1,42094,M,4574700.0,421700.0,42
200800048288,8,9,2,1630,1,2,1,1,3,42137,M,4552700.0,406500.0,42
200800048289,8,9,11,1630,1,1,1,1,1,42323,M,4557100.0,427600.0,42
200800048290,8,9,30,1245,1,2,1,7,3,42059,M,4563800.0,438600.0,42
200800048291,8,9,1,1900,1,1,1,1,3,42070,M,0.0,0.0,42
200800048292,8,9,30,1115,1,1,1,1,1,42338,M,4607700.0,412000.0,42
200800048293,8,9,15,1800,1,1,1,1,7,42156,M,4589700.0,417300.0,42
200800048294,8,9,10,1630,1,1,3,1,3,42177,M,4615100.0,414800.0,42
200800048295,8,9,13,1930,1,1,1,2,6,42131,M,4618400.0,423600.0,42
200800048296,8,9,30,1215,1,1,1,1,2,42026,M,0.0,0.0,42
200800048297,8,9,21,1600,1,2,1,1,1,42198,M,4601000.0,394700.0,42
200800048298,8,9,27,1500,1,2,1,1,3,42199,M,0.0,0.0,42
200800048299,8,9,23,800,1,2,1,1,1,73128,M,4571900.0,591900.0,73
200800048300,8,9,26,1400,1,1,1,1,6,73090,M,0.0,0.0,73
200800048301,8,9,3,1845,2,2,1,2,1,73051,M,0.0,0.0,73
200800048302,8,9,11,130,3,1,1,1,7,73051,M,4564000.0,582200.0,73
200800048303,8,9,5,2145,3,1,1,2,6,73052,M,4548000.0,619000.0,73
200800048304,8,9,4,1400,1,1,1,3,1,73244,M,4541500.0,649000.0,73
200800048305,8,9,19,1730,1,1,1,1,3,73244,M,4544000.0,649000.0,73
200800048306,8,9,7,1615,1,2,1,1,1,73248,M,4527600.0,635100.0,73
200800048307,8,9,17,1500,1,2,1,1,3,73109,M,4545800.0,629500.0,73
200800048308,8,9,7,1700,1,2,1,7,3,73144,M,0.0,0.0,73
200800048309,8,9,23,1715,1,2,1,1,2,73157,M,4520000.0,666100.0,73
200800048310,8,9,3,1630,1,1,1,1,3,74104,M,0.0,0.0,74
200800048311,8,9,24,1600,1,1,9,1,1,74104,M,0.0,0.0,74
200800048312,8,9,28,600,3,1,1,5,6,74167,M,0.0,0.0,74
200800048313,8,9,3,900,1,1,1,1,6,74061,M,0.0,0.0,74
200800048314,8,9,8,1515,1,1,3,1,3,74297,M,0.0,0.0,74
200800048315,8,9,6,1100,1,2,9,8,6,74280,M,0.0,0.0,74
200800048316,8,9,1,1615,1,2,1,1,5,74024,M,0.0,0.0,74
200800048317,8,9,11,1600,3,1,1,8,6,74024,M,0.0,0.0,74
200800048318,8,9,28,230,3,1,1,1,7,74024,M,0.0,0.0,74
200800048319,8,9,3,1545,1,2,1,1,3,74264,M,0.0,0.0,74
200800048320,8,9,26,2130,3,1,1,1,6,74159,M,0.0,0.0,74
200800048321,8,9,27,1300,1,1,1,1,7,74081,M,0.0,0.0,74
200800048322,8,9,27,1500,3,1,1,1,7,74014,M,0.0,0.0,74
200800048323,8,9,12,2045,3,1,1,2,1,74116,M,0.0,0.0,74
200800048324,8,9,4,1745,1,2,1,1,1,74256,M,0.0,0.0,74
200800048325,8,9,19,745,1,2,1,3,6,74256,M,0.0,0.0,74
200800048326,8,9,29,2015,3,1,1,1,3,74044,M,0.0,0.0,74
200800048327,8,9,28,1830,1,2,1,1,1,74243,M,0.0,0.0,74
200800048328,8,9,2,1715,1,1,1,1,3,74094,M,0.0,0.0,74
200800048329,8,9,14,245,3,1,1,1,6,74094,M,0.0,0.0,74
200800048330,8,9,15,1715,1,1,1,1,3,74094,M,4619300.0,629400.0,74
200800048331,8,9,22,615,3,1,1,1,1,74197,M,0.0,0.0,74
200800048332,8,9,25,1330,1,1,8,1,1,74229,M,0.0,0.0,74
200800048333,8,9,9,1330,1,2,1,1,1,74096,M,0.0,0.0,74
200800048334,8,9,1,1515,1,1,1,1,3,74109,M,0.0,0.0,74
200800048335,8,9,2,1530,1,1,1,1,1,74078,M,0.0,0.0,74
200800048336,8,9,27,1030,1,1,1,1,3,74055,M,0.0,0.0,74
200800048337,8,9,24,2045,3,1,1,1,3,74293,M,0.0,0.0,74
200800048338,8,9,7,1700,1,1,1,1,7,74063,M,0.0,0.0,74
200800048339,8,9,26,1415,1,1,1,1,6,74001,M,0.0,0.0,74
200800048340,8,9,29,1530,1,1,1,1,7,74301,M,0.0,0.0,74
200800048341,8,9,7,1900,1,2,1,1,1,74238,M,0.0,0.0,74
200800048342,8,9,8,1015,1,1,1,7,3,74271,M,0.0,0.0,74
200800048343,8,9,12,1015,1,2,1,2,3,74271,M,4625200.0,662100.0,74
200800048344,8,9,30,730,1,1,1,1,6,63307,M,4572200.0,309200.0,63
200800048345,8,9,8,1330,1,1,1,1,1,63368,M,0.0,0.0,63
200800048346,8,9,17,1700,1,2,1,1,6,63273,M,4573200.0,324200.0,63
200800048347,8,9,18,2130,3,1,1,2,7,63273,M,4572600.0,322400.0,63
200800048348,8,9,20,2145,3,1,1,1,7,63168,M,4576000.0,339000.0,63
200800048349,8,9,10,1815,1,1,1,1,5,63263,M,0.0,0.0,63
200800048350,8,9,4,815,1,1,1,2,7,63200,M,0.0,0.0,63
200800048351,8,9,4,815,1,1,1,8,7,63120,M,4565000.0,319000.0,63
200800048352,8,9,6,1200,1,1,1,2,7,63084,M,4571000.0,305000.0,63
200800048353,8,9,28,1630,1,1,1,1,2,63368,M,4569000.0,328000.0,63
200800048354,8,9,25,2300,3,1,1,1,7,63077,M,4557600.0,288300.0,63
200800048355,8,9,1,1700,1,1,1,1,7,63448,M,4548300.0,348900.0,63
200800048356,8,9,29,1800,1,1,1,1,6,63372,M,0.0,0.0,63
200800048357,8,9,7,1530,1,1,1,1,3,63206,M,4596500.0,295900.0,63
200800048358,8,9,4,1300,1,1,1,9,1,63381,M,0.0,0.0,63
200800048359,8,9,30,1845,1,1,1,1,7,63165,M,4580100.0,249700.0,63
200800048360,8,9,13,1415,1,2,6,2,3,63430,M,4585100.0,353000.0,63
200800048361,8,9,17,1045,1,1,1,1,6,63420,M,0.0,0.0,63
200800048362,8,9,13,1745,1,2,9,1,1,63128,M,4591400.0,337000.0,63
200800048363,8,9,29,1415,1,2,1,1,6,63210,M,0.0,0.0,63
200800048364,8,9,27,1015,1,2,1,1,6,03011,M,4669100.0,330000.0,03
200800048365,8,9,12,1830,1,1,1,1,3,03128,M,0.0,0.0,03
200800048366,8,9,19,1600,1,1,3,1,3,03150,M,0.0,0.0,03
200800048367,8,9,28,615,3,1,1,1,7,03033,M,4620100.0,349600.0,03
200800048368,8,9,12,2245,3,1,1,2,2,03022,M,4619900.0,304200.0,03
200800048369,8,9,2,1115,1,1,1,1,5,03226,M,4637600.0,386400.0,03
200800048370,8,9,7,1230,1,1,1,1,6,03284,M,4639600.0,355200.0,03
200800048371,8,9,17,1130,1,2,2,1,3,03165,M,0.0,0.0,03
200800048372,8,9,7,715,2,1,1,1,6,15143,M,4500100.0,226700.0,15
200800048373,8,9,6,1100,1,1,1,2,1,15196,M,4486400.0,229300.0,15
200800048374,8,9,10,1715,1,1,1,7,3,15122,M,4473200.0,215700.0,15
200800048375,8,9,21,1315,1,2,1,1,3,15268,M,0.0,0.0,15
200800048376,8,9,10,930,1,1,1,1,1,15162,M,4531500.0,267900.0,15
200800048377,8,9,24,1430,1,1,1,1,1,15265,M,0.0,0.0,15
200800048378,8,9,16,1400,1,2,1,1,6,15187,M,4503700.0,308800.0,15
200800048379,8,9,19,1615,1,1,1,1,3,15068,M,4496900.0,316400.0,15
200800048380,8,9,2,1830,1,2,1,1,1,43111,M,4484200.0,383200.0,43
200800048381,8,9,8,900,1,1,1,1,1,43111,M,4485300.0,383800.0,43
200800048382,8,9,7,1945,1,2,1,1,3,43241,M,4497400.0,388100.0,43
200800048383,8,9,8,1945,1,1,1,1,6,43042,M,4494500.0,381900.0,43
200800048384,8,9,14,1830,1,2,1,1,6,43267,M,4518800.0,391200.0,43
200800048385,8,9,29,1815,1,1,1,1,3,43230,M,0.0,0.0,43
200800048386,8,9,4,1430,1,2,1,1,6,43234,M,4496500.0,354600.0,43
200800048387,8,9,5,1715,1,1,1,1,6,43234,M,4492000.0,370200.0,43
200800048388,8,9,27,1245,1,1,1,1,3,43200,M,4501200.0,399600.0,43
200800048389,8,9,8,1815,1,1,1,1,3,43071,M,4526700.0,382700.0,43
200800048390,8,9,24,1730,1,1,1,1,6,43080,M,4534700.0,386900.0,43
200800048391,8,9,11,1100,1,2,1,1,1,43040,M,4532300.0,337200.0,43
200800048392,8,9,18,2115,5,2,1,2,6,43232,M,4521300.0,349900.0,43
200800048393,8,9,21,1800,1,1,1,1,7,43100,M,4527900.0,347600.0,43
200800048394,8,9,6,1045,1,1,1,8,6,43268,M,4517100.0,405900.0,43
200800048395,8,9,8,1745,1,1,1,1,6,43268,M,4516600.0,417000.0,43
200800048396,8,9,20,1715,1,1,1,1,2,43268,M,0.0,0.0,43
200800048397,8,9,23,1930,1,1,1,1,1,43137,M,4528500.0,418300.0,43
200800048398,8,9,17,1215,1,1,3,1,3,43051,M,4507300.0,429600.0,43
200800048399,8,9,8,900,1,1,1,1,2,57620,M,4921600.0,599500.0,57
200800048400,8,9,24,800,1,2,1,1,1,57620,M,0.0,0.0,57
200800048401,8,9,3,1900,1,1,1,8,1,57039,M,0.0,0.0,57
200800048402,8,9,28,1845,1,2,1,1,7,57445,M,0.0,0.0,57
200800048403,8,9,1,1615,1,2,1,1,2,57663,M,0.0,0.0,57
200800048404,8,9,2,1130,1,2,1,1,1,57156,M,0.0,0.0,57
200800048405,8,9,8,1800,1,1,1,1,3,57534,M,0.0,0.0,57
200800048406,8,9,8,1915,1,1,2,1,5,57218,M,0.0,0.0,57
200800048407,8,9,14,1230,1,1,1,1,1,57534,M,0.0,0.0,57
200800048408,8,9,26,800,1,1,1,1,7,57695,M,0.0,0.0,57
200800048409,8,9,29,1645,1,2,1,1,6,57187,M,0.0,0.0,57
200800048410,8,9,21,445,3,1,1,1,6,57681,M,4926500.0,659100.0,57
200800048411,8,9,25,2145,3,1,1,1,1,57668,M,4906500.0,667500.0,57
200800048412,8,9,15,1330,1,2,1,1,3,57132,M,0.0,0.0,57
200800048413,8,9,22,1730,1,1,1,1,7,57391,M,0.0,0.0,57
200800048414,8,9,9,1430,1,1,1,1,3,57318,M,0.0,0.0,57
200800048415,8,9,12,1645,1,1,1,1,5,57566,M,4874000.0,712000.0,57
200800048416,8,9,21,230,3,2,1,1,6,57042,M,0.0,0.0,57
200800048417,8,9,14,1330,1,1,1,1,6,57427,M,4874800.0,725100.0,57
200800048418,8,9,28,1815,1,1,3,1,3,57163,M,0.0,0.0,57
200800048419,8,9,13,2015,3,1,1,8,1,57752,M,4909500.0,698500.0,57
200800048420,8,9,20,1700,1,1,1,1,2,57348,M,4911700.0,704600.0,57
200800048421,8,9,28,1715,1,1,1,1,1,57260,M,4916000.0,698200.0,57
200800048422,8,9,29,1530,1,1,1,1,3,57250,M,0.0,0.0,57
200800048423,8,9,10,700,2,2,1,2,3,57269,M,0.0,0.0,57
200800048424,8,9,25,2000,5,2,1,1,7,57650,M,4944800.0,634900.0,57
200800048425,8,9,12,930,5,2,9,1,1,57474,M,0.0,0.0,57
200800048426,8,9,17,645,2,1,1,1,6,54296,M,4870000.0,630000.0,54
200800048427,8,9,16,1200,1,2,1,1,3,54430,M,0.0,0.0,54
200800048428,8,9,17,30,5,2,1,1,7,54115,M,0.0,0.0,54
200800048429,8,9,25,2100,3,1,1,1,4,54215,M,0.0,0.0,54
200800048430,8,9,28,1230,1,2,1,1,7,54186,M,0.0,0.0,54
200800048431,8,9,17,2030,2,2,1,1,6,54416,M,0.0,0.0,54
200800048432,8,9,4,345,3,1,1,9,6,54581,M,0.0,0.0,54
200800048433,8,9,8,1345,1,1,1,1,7,54249,M,0.0,0.0,54
200800048434,8,9,13,2245,5,2,1,2,6,54277,M,0.0,0.0,54
200800048435,8,9,5,1,3,1,1,2,6,54290,M,0.0,0.0,54
200800048436,8,9,19,645,2,1,1,1,1,54514,M,0.0,0.0,54
200800048437,8,9,27,1600,1,1,1,1,3,54138,M,0.0,0.0,54
200800048438,8,9,4,2200,5,2,1,1,3,54018,M,0.0,0.0,54
200800048439,8,9,27,1345,1,1,3,1,1,54069,M,0.0,0.0,54
200800048440,8,9,8,815,1,2,1,1,3,54588,M,4860600.0,644200.0,54
200800048441,8,9,5,2215,3,1,1,1,6,54152,M,4856100.0,639100.0,54
200800048442,8,9,7,2100,3,1,1,1,1,54259,M,4854100.0,675800.0,54
200800048443,8,9,28,1030,1,1,1,1,7,54075,M,4849100.0,696000.0,54
200800048444,8,9,14,1730,1,1,1,1,1,54073,M,0.0,0.0,54
200800048445,8,9,26,700,2,2,1,1,1,54232,M,0.0,0.0,54
200800048446,8,9,10,2145,5,1,1,1,6,54463,M,0.0,0.0,54
200800048447,8,9,24,1715,1,1,1,1,7,55120,M,4873800.0,510700.0,55
200800048448,8,9,21,2030,3,1,1,1,6,55132,M,4861300.0,510300.0,55
200800048449,8,9,14,1345,1,1,1,1,7,55122,M,4876400.0,560500.0,55
200800048450,8,9,24,1200,1,1,9,1,7,55448,M,4888800.0,540900.0,55
200800048451,8,9,22,1645,1,1,1,1,6,55059,M,0.0,0.0,55
200800048452,8,9,25,1600,1,1,1,1,7,55498,M,4904700.0,529000.0,55
200800048453,8,9,2,800,1,1,1,1,1,55181,M,4925000.0,566000.0,55
200800048454,8,9,10,2345,3,1,1,1,7,55443,M,0.0,0.0,55
200800048455,8,9,7,30,3,1,1,8,7,88142,M,0.0,0.0,88
200800048456,8,9,27,1830,1,2,1,1,1,88465,M,4825700.0,641900.0,88
200800048457,8,9,1,1645,1,2,1,1,1,88225,M,0.0,0.0,88
200800048458,8,9,29,2215,3,1,1,1,6,88400,M,0.0,0.0,88
200800048459,8,9,13,1230,1,2,1,2,2,88114,M,4818900.0,589400.0,88
200800048460,8,9,16,1830,1,2,1,1,6,88114,M,0.0,0.0,88
200800048461,8,9,7,1530,1,1,1,2,1,88250,M,4811300.0,658500.0,88
200800048462,8,9,21,2030,3,2,1,1,1,88250,M,4811900.0,657000.0,88
200800048463,8,9,2,1215,1,2,1,1,1,88467,M,0.0,0.0,88
200800048464,8,9,10,1945,2,1,1,1,7,88447,M,4794900.0,678600.0,88
200800048465,8,9,14,1445,1,1,1,1,7,88075,M,4805200.0,696800.0,88
200800048466,8,9,29,1630,1,1,1,1,3,88075,M,0.0,0.0,88
200800048467,8,9,8,730,1,2,9,1,6,88445,M,0.0,0.0,88
200800048468,8,9,27,1015,1,2,1,1,6,88218,M,4815000.0,679000.0,88
200800048469,8,9,14,545,3,1,1,1,6,88531,M,0.0,0.0,88
200800048470,8,9,24,1815,1,2,1,1,1,88128,M,4834800.0,696100.0,88
200800048471,8,9,28,1045,1,2,1,1,4,88053,M,4841300.0,705500.0,88
200800048472,8,9,4,1330,1,2,1,2,1,67378,M,4847100.0,773000.0,67
200800048473,8,9,15,1630,1,2,1,1,6,67137,M,4849300.0,769800.0,67
200800048474,8,9,26,1600,1,2,1,1,3,67131,M,4849400.0,772900.0,67