Num_Acc,an,mois,jour,hrmn,lum,agg,int,atm,col,com,gps,lat,long,dep
200800048475,8,9,5,1615,1,1,1,1,7,67130,M,4841400.0,768000.0,67
200800048476,8,9,1,2030,2,1,1,1,6,67348,M,4843000.0,742000.0,67
200800048477,8,9,4,845,1,1,1,2,1,67497,M,0.0,0.0,67
200800048478,8,9,7,930,1,2,1,1,3,67046,M,0.0,0.0,67
200800048479,8,9,26,1315,3,1,1,1,7,67313,M,4854300.0,746900.0,67
200800048480,8,9,6,1145,1,1,1,2,6,67299,M,0.0,0.0,67
200800048481,8,9,12,1600,1,1,1,8,7,67045,M,0.0,0.0,67
200800048482,8,9,3,415,3,1,1,2,7,67441,M,4884900.0,758400.0,67
200800048483,8,9,4,1815,1,1,1,2,1,67347,M,4885600.0,751700.0,67
200800048484,8,9,25,1415,1,2,1,1,6,67222,M,0.0,0.0,67
200800048485,8,9,4,630,3,1,1,2,1,67089,M,4874900.0,742100.0,67
200800048486,8,9,20,345,3,1,1,1,6,67275,M,0.0,0.0,67
200800048487,8,9,2,1615,1,1,1,1,6,67265,M,0.0,0.0,67
200800048488,8,9,16,1230,1,2,1,1,2,67191,M,0.0,0.0,67
200800048489,8,9,20,2245,5,2,1,1,6,67099,M,0.0,0.0,67
200800048490,8,9,27,1000,1,1,1,1,3,67514,M,0.0,0.0,67
200800048491,8,9,26,1600,1,2,1,1,3,67119,M,4868000.0,769000.0,67
200800048492,8,9,1,1730,1,2,1,1,1,67202,M,4876000.0,758400.0,67
200800048493,8,9,2,1745,1,1,9,1,3,67402,M,4883300.0,761400.0,67
200800048494,8,9,21,1800,1,1,1,1,7,67423,M,4871000.0,751400.0,67
200800048495,8,9,20,1900,2,2,1,1,3,67163,M,4870000.0,756000.0,67
200800048496,8,9,30,2230,5,2,1,2,6,67073,M,4828000.0,740400.0,67
200800048497,8,9,25,1830,1,2,1,1,1,67311,M,0.0,0.0,67
200800048498,8,9,27,1545,1,2,1,1,2,67463,M,0.0,0.0,67
200800048499,8,9,20,1430,1,2,1,1,2,67404,M,4890900.0,795100.0,67
200800048500,8,9,6,2245,5,2,1,1,6,68172,M,0.0,0.0,68
200800048501,8,9,9,1600,1,1,1,1,1,68036,M,0.0,0.0,68
200800048502,8,9,12,1030,1,2,1,1,6,68269,M,0.0,0.0,68
200800048503,8,9,27,1745,2,1,1,1,1,68298,M,4825000.0,721900.0,68
200800048504,8,9,13,1000,1,1,9,2,2,68338,M,4808900.0,729000.0,68
200800048505,8,9,19,730,2,2,1,1,3,68365,M,4806600.0,730400.0,68
200800048506,8,9,21,1345,1,1,1,1,5,68374,M,4808700.0,731200.0,68
200800048507,8,9,23,1630,1,2,1,1,6,68004,M,0.0,0.0,68
200800048508,8,9,22,15,3,1,1,1,6,68273,M,4755000.0,729600.0,68
200800048509,8,9,2,1730,1,1,1,1,7,68266,M,4790800.0,735800.0,68
200800048510,8,9,6,1230,1,1,1,1,7,68091,M,4792400.0,750000.0,68
200800048511,8,9,18,1615,1,1,1,1,3,68195,M,4776300.0,727800.0,68
200800048512,8,9,19,1445,1,1,1,1,1,68135,M,4759100.0,754600.0,68
200800048513,8,9,30,1130,1,2,1,1,3,68089,M,4789600.0,699300.0,68
200800048514,8,9,19,1445,1,2,1,1,1,68302,M,4775700.0,716600.0,68
200800048515,8,9,2,2300,3,1,1,2,7,51372,M,4891600.0,442200.0,51
200800048516,8,9,29,1400,1,1,1,1,7,51203,M,4906500.0,442100.0,51
200800048517,8,9,19,1130,1,1,2,1,5,51093,M,0.0,0.0,51
200800048518,8,9,21,1715,1,1,1,1,6,51367,M,4894400.0,403400.0,51
200800048519,8,9,24,1415,1,1,1,1,3,51153,M,0.0,0.0,51
200800048520,8,9,22,730,2,1,1,1,7,51298,M,4904600.0,367600.0,51
200800048521,8,9,15,1645,1,1,1,7,5,51056,M,4862100.0,360700.0,51
200800048522,8,9,6,2000,2,2,3,1,3,51534,M,4925500.0,376600.0,51
200800048523,8,9,20,1100,1,1,1,1,7,51337,M,4931300.0,372700.0,51
200800048524,8,9,27,930,1,2,1,1,3,51250,M,4931200.0,367100.0,51
200800048525,8,9,3,2045,3,2,1,8,7,51245,M,4923900.0,378900.0,51
200800048526,8,9,7,730,1,1,6,8,6,51569,M,0.0,0.0,51
200800048527,8,9,24,745,1,1,1,8,3,51305,M,4925500.0,389500.0,51
200800048528,8,9,27,200,3,1,1,1,6,51393,M,4911200.0,393300.0,51
200800048529,8,9,14,800,1,1,1,8,6,51328,M,4875900.0,455500.0,51
200800048530,8,9,27,1915,2,2,1,1,6,51552,M,0.0,0.0,51
200800048531,8,9,26,1430,1,2,1,1,3,51507,M,4909500.0,490400.0,51
200800048532,8,9,28,1600,1,1,1,1,6,51399,M,4913100.0,484000.0,51
200800048533,8,9,27,1015,1,2,1,1,2,08328,M,0.0,0.0,08
200800048534,8,9,27,1915,2,1,1,1,7,08328,M,4982400.0,471800.0,08
200800048535,8,9,25,930,1,1,1,1,6,08450,M,4976600.0,464600.0,08
200800048536,8,9,6,1715,1,1,1,1,1,08222,M,5001000.0,469200.0,08
200800048537,8,9,12,1215,1,1,1,3,3,08367,M,4991200.0,452200.0,08
200800048538,8,9,3,1845,1,1,1,1,1,08466,M,4962400.0,513400.0,08
200800048539,8,9,6,230,5,1,9,1,6,08475,M,0.0,0.0,08
200800048540,8,9,7,1730,1,1,1,1,2,08142,M,4971400.0,489500.0,08
200800048541,8,9,11,1915,1,2,2,1,3,08119,M,4966800.0,488200.0,08
200800048542,8,9,7,300,5,2,1,1,6,08490,M,4940200.0,469500.0,08
200800048543,8,9,22,815,1,1,1,7,5,08089,M,4942400.0,500800.0,08
200800048544,8,9,12,1345,1,1,2,1,3,10282,M,0.0,0.0,10
200800048545,8,9,24,1445,1,1,1,1,1,10191,M,0.0,0.0,10
200800048546,8,9,1,1800,1,1,1,1,6,10176,M,4824800.0,467500.0,10
200800048547,8,9,10,1115,1,2,1,1,6,10033,M,4823600.0,471300.0,10
200800048548,8,9,14,1800,1,1,1,1,7,10337,M,4844400.0,447300.0,10
200800048549,8,9,1,515,3,1,1,1,1,10034,M,0.0,0.0,10
200800048550,8,9,23,1800,1,1,1,1,3,10141,M,4806700.0,455300.0,10
200800048551,8,9,19,715,2,1,1,1,1,10225,M,4851100.0,354400.0,10
200800048552,8,9,5,830,1,1,1,1,7,10089,M,4851000.0,386100.0,10
200800048553,8,9,4,1415,1,1,1,1,6,52535,M,4811500.0,508800.0,52
200800048554,8,9,6,30,3,1,1,3,1,52469,M,0.0,0.0,52
200800048555,8,9,8,1830,1,2,1,1,3,52305,M,4806600.0,533600.0,52
200800048556,8,9,10,1945,2,1,1,1,6,52197,M,0.0,0.0,52
200800048557,8,9,1,2200,3,1,1,1,7,52327,M,4862300.0,488900.0,52
200800048558,8,9,6,1945,2,1,9,8,5,52182,M,0.0,0.0,52
200800048559,8,9,17,1600,1,1,1,1,5,52182,M,0.0,0.0,52
200800048560,8,9,30,1730,1,1,1,2,1,52429,M,4860500.0,503400.0,52
200800048561,8,9,12,2215,3,1,1,1,6,21652,M,0.0,0.0,21
200800048562,8,9,9,1745,1,1,1,1,3,21105,M,0.0,0.0,21
200800048563,8,9,21,2030,3,1,1,1,1,21021,M,0.0,0.0,21
200800048564,8,9,22,2030,3,1,1,1,6,21021,M,0.0,0.0,21
200800048565,8,9,19,745,1,2,1,1,3,21261,M,4726300.0,514400.0,21
200800048566,8,9,18,1600,1,1,1,1,3,21565,M,4721200.0,500600.0,21
200800048567,8,9,28,1415,1,1,1,1,3,21317,M,,,21
200800048568,8,9,13,615,5,1,1,1,6,21485,M,4734300.0,497900.0,21
200800048569,8,9,8,1730,1,1,1,1,1,21172,M,4700000.0,513900.0,21
200800048570,8,9,12,1700,1,1,1,1,1,21693,M,0.0,0.0,21
200800048571,8,9,15,1715,1,1,1,1,7,21058,M,,,21
200800048572,8,9,30,1130,1,1,1,8,6,21154,M,0.0,0.0,21
200800048573,8,9,13,1100,1,1,1,1,5,58134,M,0.0,0.0,58
200800048574,8,9,15,615,3,1,1,1,6,58119,M,0.0,0.0,58
200800048575,8,9,13,1230,1,1,1,1,1,58152,M,4690200.0,313300.0,58
200800048576,8,9,17,130,3,1,1,1,1,58264,M,4683000.0,312700.0,58
200800048577,8,9,20,1445,1,1,1,1,6,58050,M,0.0,0.0,58
200800048578,8,9,11,1930,1,1,1,1,7,58182,M,4698500.0,385000.0,58
200800048579,8,9,20,1915,1,1,1,1,6,58075,M,0.0,0.0,58
200800048580,8,9,13,2015,3,1,1,1,7,58261,M,4740000.0,296500.0,58
200800048581,8,9,24,1800,1,2,2,1,3,58086,M,0.0,0.0,58
200800048582,8,9,26,2000,5,2,1,1,1,71448,M,4638900.0,485500.0,71
200800048583,8,9,1,1815,1,2,1,1,3,71345,M,0.0,0.0,71
200800048584,8,9,2,1945,1,2,1,1,6,71543,M,4656600.0,491200.0,71
200800048585,8,9,7,45,3,1,1,1,6,71190,M,0.0,0.0,71
200800048586,8,9,19,1630,1,1,1,1,6,71237,M,0.0,0.0,71
200800048587,8,9,19,2130,3,1,1,1,6,71530,M,4698400.0,447500.0,71
200800048588,8,9,9,1615,1,1,1,1,7,71216,M,0.0,0.0,71
200800048589,8,9,10,1900,1,2,3,1,1,71294,M,0.0,0.0,71
200800048590,8,9,6,1900,1,2,2,1,3,71398,M,4674900.0,496300.0,71
200800048591,8,9,8,45,3,1,1,1,7,71420,M,4689600.0,508000.0,71
200800048592,8,9,6,1045,1,2,2,1,3,71555,M,0.0,0.0,71
200800048593,8,9,15,1630,1,1,1,1,1,71384,M,4669700.0,487200.0,71
200800048594,8,9,27,1030,1,2,1,1,5,71444,M,0.0,0.0,71
200800048595,8,9,28,330,5,2,1,5,6,71127,M,4654200.0,450900.0,71
200800048596,8,9,3,1415,1,1,1,2,1,71325,M,4650100.0,391400.0,71
200800048597,8,9,2,900,1,2,1,1,6,71342,M,0.0,0.0,71
200800048598,8,9,24,1530,1,2,9,1,6,71047,M,4662500.0,377300.0,71
200800048599,8,9,22,1115,1,2,1,1,3,71263,M,0.0,0.0,71
200800048600,8,9,4,1800,1,1,1,1,6,89130,M,0.0,0.0,89
200800048601,8,9,7,1615,1,2,1,1,6,89394,M,0.0,0.0,89
200800048602,8,9,30,1845,2,1,1,1,1,89186,M,0.0,0.0,89
200800048603,8,9,14,600,3,1,1,1,6,89311,M,4777100.0,342400.0,89
200800048604,8,9,20,1745,1,1,1,1,1,89221,M,0.0,0.0,89
200800048605,8,9,10,1130,1,1,1,1,1,89159,M,0.0,0.0,89
200800048606,8,9,3,1645,1,1,1,2,1,89206,M,4798300.0,343400.0,89
200800048607,8,9,7,200,3,1,1,1,6,89066,M,0.0,0.0,89
200800048608,8,9,12,1415,1,1,1,1,1,89411,M,0.0,0.0,89
200800048609,8,9,14,2200,3,1,1,1,1,89309,M,0.0,0.0,89
200800048610,8,9,20,845,1,2,1,1,1,89136,M,0.0,0.0,89
200800048611,8,9,27,2315,5,2,1,1,6,89449,M,0.0,0.0,89
200800048612,8,9,12,1445,1,1,1,1,7,89142,M,0.0,0.0,89
200800048613,8,9,15,1800,1,2,1,1,3,89280,M,0.0,0.0,89
200800048614,8,9,3,500,3,1,1,1,7,25143,M,0.0,0.0,25
200800048615,8,9,20,1815,1,1,1,1,6,25248,M,4720700.0,674900.0,25
200800048616,8,9,13,1200,1,1,1,3,3,25452,M,4738400.0,682800.0,25
200800048617,8,9,21,1700,1,1,1,1,1,25519,M,4731300.0,680700.0,25
200800048618,8,9,22,830,1,1,1,1,1,25463,M,4733900.0,676100.0,25
200800048619,8,9,15,1930,2,1,1,1,6,25009,M,0.0,0.0,25
200800048620,8,9,18,1945,3,1,1,1,7,25182,M,0.0,0.0,25
200800048621,8,9,25,645,2,2,1,1,5,25299,M,0.0,0.0,25
200800048622,8,9,27,1400,1,2,1,1,6,25315,M,0.0,0.0,25
200800048623,8,9,6,730,2,2,1,3,6,25262,M,0.0,0.0,25
200800048624,8,9,12,1315,1,1,1,2,1,25233,M,4714200.0,628200.0,25
200800048625,8,9,6,115,3,1,1,1,6,25029,M,4703400.0,633400.0,25
200800048626,8,9,17,1430,1,1,2,1,3,25493,M,4688800.0,620300.0,25
200800048627,8,9,26,645,5,2,1,1,1,25334,M,4696300.0,611600.0,25
200800048628,8,9,27,30,3,1,1,1,1,25517,M,4701700.0,632700.0,25
200800048629,8,9,9,1415,1,2,1,1,1,25411,M,4705500.0,659400.0,25
200800048630,8,9,22,1830,1,1,1,1,2,39390,M,4660200.0,564800.0,39
200800048631,8,9,4,1545,1,1,1,8,1,39310,M,4681000.0,557900.0,39
200800048632,8,9,9,1245,1,1,1,1,3,39482,M,0.0,0.0,39
200800048633,8,9,11,215,3,1,9,1,1,39173,M,0.0,0.0,39
200800048634,8,9,27,1730,1,1,1,1,3,39475,M,4644500.0,533000.0,39
200800048635,8,9,3,1745,1,2,9,3,3,39097,M,0.0,0.0,39
200800048636,8,9,29,1215,1,2,1,1,6,39097,M,0.0,0.0,39
200800048637,8,9,17,1445,1,1,1,1,2,39393,M,4679700.0,600700.0,39
200800048638,8,9,26,800,1,2,1,1,6,39160,M,4679300.0,544000.0,39
200800048639,8,9,8,1630,1,1,1,1,7,39106,M,4646900.0,571700.0,39
200800048640,8,9,16,1345,1,1,1,1,1,39063,M,0.0,0.0,39
200800048641,8,9,4,1300,1,1,1,2,3,70133,M,4774500.0,600800.0,70
200800048642,8,9,28,45,5,2,1,1,1,70275,M,0.0,0.0,70
200800048643,8,9,17,1130,1,1,1,1,1,70208,M,4755200.0,613600.0,70
200800048644,8,9,24,1300,1,2,1,1,1,70451,M,4770800.0,665200.0,70
200800048645,8,9,1,1830,1,2,1,1,7,70311,M,0.0,0.0,70
200800048646,8,9,5,1830,1,2,1,2,7,70564,M,0.0,0.0,70
200800048647,8,9,2,1630,1,1,1,1,7,70196,M,4784000.0,621300.0,70
200800048648,8,9,3,2130,3,1,1,2,7,70323,M,4791600.0,615200.0,70
200800048649,8,9,7,1215,1,1,4,1,3,70171,M,4789300.0,631600.0,70
200800048650,8,9,18,1615,1,2,1,1,6,70467,M,0.0,0.0,70
200800048651,8,9,24,1745,1,1,1,1,1,70245,M,4791100.0,645400.0,70
200800048652,8,9,2,945,1,1,4,1,3,70041,M,0.0,0.0,70
200800048653,8,9,17,1645,1,2,2,1,3,70026,M,0.0,0.0,70
200800048654,8,9,27,1100,1,1,1,1,3,90094,M,0.0,0.0,90
200800048655,8,9,11,1815,1,2,1,1,1,90101,M,4757700.0,701200.0,90
200800048656,8,9,1,1300,1,1,1,1,7,26250,M,0.0,0.0,26
200800048657,8,9,26,1200,1,1,1,1,6,26179,M,4504600.0,487900.0,26
200800048658,8,9,26,1830,3,1,1,1,4,26252,M,4486900.0,486500.0,26
200800048659,8,9,12,1445,1,1,1,1,7,26116,M,4443800.0,474600.0,26
200800048660,8,9,28,815,1,1,1,1,2,26353,M,4467400.0,479600.0,26
200800048661,8,9,14,1500,1,1,1,1,7,13060,M,4351000.0,550900.0,13
200800048662,8,9,16,1730,1,1,1,1,1,13099,M,4372300.0,580700.0,13
200800048663,8,9,1,1400,1,2,1,1,6,13106,M,4340300.0,537100.0,13
200800048664,8,9,10,1545,1,1,1,1,6,13015,M,4343700.0,541500.0,13
200800048665,8,9,16,1530,1,2,1,1,7,13106,M,4341900.0,533900.0,13
200800048666,8,9,29,1700,1,2,1,1,2,13107,M,0.0,0.0,13
200800048667,8,9,10,1730,1,1,1,1,3,13019,M,0.0,0.0,13
200800048668,8,9,3,1815,1,1,3,1,3,13110,M,0.0,0.0,13
200800048669,8,9,4,1715,1,1,1,8,3,13004,M,0.0,0.0,13
200800048670,8,9,11,1845,1,1,1,1,3,13004,M,0.0,0.0,13
200800048671,8,9,14,1445,1,2,1,1,3,13004,M,0.0,0.0,13
200800048672,8,9,27,1445,1,1,1,1,1,13004,M,0.0,0.0,13
200800048673,8,9,20,1500,1,1,1,1,6,60239,M,0.0,0.0,60
200800048674,8,9,20,530,3,2,1,1,6,33229,M,4473000.0,-106000.0,33
200800048675,8,9,25,1815,1,2,4,1,1,74065,M,4603400.0,596500.0,74
200800048676,8,9,10,330,5,2,1,1,6,06044,M,0.0,0.0,06
200800048677,8,9,14,130,3,1,1,8,1,81147,M,0.0,0.0,81
200800048678,8,9,29,1730,1,1,1,1,6,74256,M,4596200.0,664000.0,74
200800048679,8,9,15,1645,1,1,1,1,1,08375,M,0.0,0.0,08
200800048680,8,9,1,1215,1,2,1,1,7,06161,M,4366400.0,714700.0,06
200800048681,8,9,3,1630,1,2,1,1,6,84052,M,0.0,0.0,84
200800048682,8,9,26,1615,1,1,1,1,6,78162,M,0.0,0.0,78
200800048683,8,9,30,1600,1,1,1,2,1,28096,M,4888700.0,151300.0,28
200800048684,8,9,9,1500,1,2,1,1,1,59011,M,5051000.0,290000.0,59
200800048685,8,9,15,1530,1,2,1,1,6,59388,M,5055600.0,286000.0,59
200800048686,8,9,23,1500,1,2,1,1,3,59051,M,5054200.0,281400.0,59
200800048687,8,9,3,1215,1,1,1,1,3,59452,M,0.0,0.0,59
200800048688,8,9,9,1730,1,1,1,1,6,59578,M,0.0,0.0,59
200800048689,8,9,25,1315,1,1,1,1,3,59577,M,0.0,0.0,59
200800048690,8,9,4,30,3,1,1,1,7,59401,M,5073800.0,266500.0,59
200800048691,8,9,19,1730,1,2,1,1,1,59482,M,5071600.0,300400.0,59
200800048692,8,9,28,1615,1,2,1,1,3,59092,M,0.0,0.0,59
200800048693,8,9,28,2215,3,2,1,1,3,59029,M,0.0,0.0,59
200800048694,8,9,27,815,1,1,1,1,2,59310,M,5035700.0,378400.0,59
200800048695,8,9,22,1530,1,1,1,1,1,59265,M,5026300.0,373700.0,59
200800048696,8,9,7,2100,3,1,1,1,7,62800,M,0.0,0.0,62
200800048697,8,9,6,45,3,1,1,2,6,62861,M,5038500.0,280000.0,62
200800048698,8,9,2,1715,1,2,1,1,3,62173,M,5034400.0,302300.0,62
200800048699,8,9,26,1630,1,2,1,1,1,62473,M,0.0,0.0,62
200800048700,8,9,25,2115,5,2,2,1,1,62746,M,5068600.0,162600.0,62
200800048701,8,9,28,1815,1,1,1,7,2,62815,M,5036100.0,169200.0,62
200800048702,8,9,27,500,3,1,1,1,6,62241,M,5057900.0,174600.0,62
200800048703,8,9,11,1215,1,2,1,1,1,62364,M,0.0,0.0,62
200800048704,8,9,21,1845,1,1,1,1,6,62177,M,5045800.0,183300.0,62
200800048705,8,9,24,745,2,1,1,2,3,62685,M,0.0,0.0,62
200800048706,8,9,2,930,1,1,1,2,1,62014,M,5063200.0,238000.0,62
200800048707,8,9,17,1015,3,1,1,1,1,62014,M,5064900.0,232500.0,62
200800048708,8,9,17,1715,1,1,1,1,5,62684,M,0.0,0.0,62
200800048709,8,9,1,630,1,1,1,1,7,62057,M,5090700.0,206600.0,62
200800048710,8,9,27,900,1,2,1,1,5,62730,M,5086400.0,215700.0,62
200800048711,8,9,2,1445,1,1,2,2,3,62053,M,5056300.0,212500.0,62
200800048712,8,9,7,2300,4,2,1,2,1,62519,M,0.0,0.0,62
200800048713,8,9,10,1530,1,2,1,1,6,62767,M,0.0,0.0,62
200800048714,8,9,27,1745,1,2,9,1,3,80696,M,4982000.0,232100.0,80
200800048715,8,9,13,15,3,1,1,1,7,80024,M,4994300.0,224000.0,80
200800048716,8,9,28,2330,3,1,1,1,6,80145,M,0.0,0.0,80
200800048717,8,9,5,745,1,1,1,1,6,80663,M,4994900.0,171400.0,80
200800048718,8,9,20,945,1,1,6,1,6,80721,M,5018600.0,169500.0,80
200800048719,8,9,20,1715,1,2,1,1,1,80368,M,5008000.0,154200.0,80
200800048720,8,9,5,2030,5,2,1,1,6,80253,M,5015600.0,234000.0,80
200800048721,8,9,10,1415,1,2,1,1,2,80253,M,5015800.0,234500.0,80
200800048722,8,9,21,15,5,2,1,1,1,80706,M,0.0,0.0,80
200800048723,8,9,17,1715,1,2,1,1,3,80342,M,0.0,0.0,80
200800048724,8,9,11,1700,1,1,1,8,1,80555,M,0.0,0.0,80
200800048725,8,9,2,1830,1,2,1,1,3,02014,M,4960800.0,329600.0,02
200800048726,8,9,11,1120,1,1,1,1,6,02145,M,4963600.0,317500.0,02
200800048727,8,9,25,730,2,1,1,2,6,02014,M,0.0,0.0,02
200800048728,8,9,2,1430,1,1,1,8,1,02085,M,0.0,0.0,02
200800048729,8,9,22,1210,1,1,1,1,3,02328,M,4905300.0,349300.0,02
200800048730,8,9,23,730,2,1,1,1,1,02458,M,4889800.0,348300.0,02
200800048731,8,9,28,1445,1,2,1,1,3,02748,M,4908000.0,361200.0,02
200800048732,8,9,26,1800,1,1,1,1,1,02242,M,4898300.0,323200.0,02
200800048733,8,9,8,630,2,1,1,1,3,02496,M,0.0,0.0,02
200800048734,8,9,14,1600,1,2,1,1,6,02713,M,0.0,0.0,02
200800048735,8,9,6,2245,3,1,1,1,1,02383,M,0.0,0.0,02
200800048736,8,9,3,1900,1,1,3,1,1,02291,M,4997100.0,328100.0,02
200800048737,8,9,26,1830,1,1,1,2,1,02095,M,4999000.0,348500.0,02
200800048738,8,9,27,1900,1,1,1,1,1,02184,M,4976300.0,361400.0,02
200800048739,8,9,5,1815,1,1,1,2,1,02804,M,4930400.0,334100.0,02
200800048740,8,9,12,2000,4,1,1,1,6,02620,M,4940200.0,352800.0,02
200800048741,8,9,13,1545,1,1,1,2,1,02368,M,0.0,0.0,02
200800048742,8,9,18,1800,1,1,9,1,1,02256,M,0.0,0.0,02
200800048743,8,9,3,1445,1,1,1,1,3,02141,M,4998300.0,390400.0,02
200800048744,8,9,12,1500,1,1,1,1,6,02324,M,5003000.0,382800.0,02
200800048745,8,9,13,1915,2,1,1,1,6,02312,M,0.0,0.0,02
200800048746,8,9,6,1830,1,1,1,7,3,02435,M,4986700.0,425000.0,02
200800048747,8,9,29,800,2,1,2,2,3,60668,M,0.0,0.0,60
200800048748,8,9,19,1600,1,1,3,1,3,60510,M,0.0,0.0,60
200800048749,8,9,21,1800,1,1,1,1,3,60545,M,0.0,0.0,60
200800048750,8,9,21,1715,1,1,1,1,3,60605,M,0.0,0.0,60
200800048751,8,9,2,700,2,2,1,2,2,60010,M,0.0,0.0,60
200800048752,8,9,20,1145,1,2,1,1,6,60395,M,0.0,0.0,60
200800048753,8,9,20,1545,1,1,1,1,6,60010,M,0.0,0.0,60
200800048754,8,9,16,1315,1,1,1,1,1,60008,M,0.0,0.0,60
200800048755,8,9,22,1715,1,2,1,1,6,60157,M,0.0,0.0,60
200800048756,8,9,12,1500,1,1,1,1,2,60664,M,0.0,0.0,60
200800048757,8,9,17,1900,1,2,1,1,2,60116,M,4932000.0,236800.0,60
200800048758,8,9,22,1400,1,2,1,2,6,60374,M,4955500.0,252000.0,60
200800048759,8,9,29,745,1,1,1,5,3,60456,M,0.0,0.0,60
200800048760,8,9,2,1815,1,2,1,1,3,60636,M,0.0,0.0,60
200800048761,8,9,6,1445,1,1,1,1,1,60129,M,4953000.0,300600.0,60
200800048762,8,9,22,2115,5,2,1,1,1,60647,M,0.0,0.0,60
200800048763,8,9,22,1615,1,2,1,1,5,60537,M,0.0,0.0,60
200800048764,8,9,24,1130,1,2,1,1,1,60537,M,0.0,0.0,60
200800048765,8,9,21,1830,1,1,1,1,1,60531,M,0.0,0.0,60
200800048766,8,9,19,1800,1,2,1,2,2,60471,M,0.0,0.0,60
200800048767,8,9,17,545,3,2,1,1,6,57356,M,4944400.0,610900.0,57
200800048768,8,9,9,845,1,1,1,1,2,60045,M,4922100.0,268200.0,60
200800048769,8,9,9,130,3,2,6,1,6,60045,M,4922700.0,266800.0,60
200800048770,8,9,10,1900,1,1,6,1,3,60346,M,4915000.0,244000.0,60
200800048771,8,9,15,1645,1,1,1,1,2,60282,M,0.0,0.0,60
200800048772,8,9,19,1815,1,2,1,1,2,60695,M,4920300.0,249200.0,60
200800048773,8,9,2,1615,1,2,1,1,5,60509,M,0.0,0.0,60
200800048774,8,9,6,1045,1,1,2,1,5,76452,M,0.0,0.0,76
200800048775,8,9,29,1545,1,1,1,1,1,76753,M,4934300.0,115100.0,76
200800048776,8,9,22,2200,3,1,1,1,6,76727,M,0.0,0.0,76
200800048777,8,9,4,1515,1,1,1,1,1,76213,M,4971300.0,48600.0,76
200800048778,8,9,21,1015,1,1,6,1,1,76357,M,0.0,0.0,76
200800048779,8,9,15,1500,1,1,1,1,1,76716,M,0.0,0.0,76
200800048780,8,9,6,1845,1,2,3,1,3,76592,M,0.0,0.0,76
200800048781,8,9,29,630,2,1,2,5,3,76421,M,0.0,0.0,76
200800048782,8,9,16,1100,1,2,2,2,1,76489,M,4951000.0,29500.0,76
200800048783,8,9,28,2230,3,1,1,5,3,76199,M,4965800.0,170300.0,76
200800048784,8,9,8,700,1,2,1,1,1,76648,M,0.0,0.0,76
200800048785,8,9,5,945,1,1,1,2,1,76201,M,0.0,0.0,76
200800048786,8,9,9,1830,1,1,1,1,1,76124,M,4945400.0,167100.0,76
200800048787,8,9,12,1615,1,1,1,1,3,76048,M,4948100.0,167100.0,76
200800048788,8,9,27,530,5,2,1,1,6,76260,M,4947700.0,174700.0,76
200800048789,8,9,15,1730,1,1,1,1,7,76001,M,4960400.0,67000.0,76
200800048790,8,9,17,1930,1,1,1,1,3,76718,M,4960700.0,69600.0,76
200800048791,8,9,18,1630,1,1,2,1,3,76385,M,0.0,0.0,76
200800048792,8,9,27,1500,1,2,1,1,2,76057,M,0.0,0.0,76
200800048793,8,9,7,2115,3,1,1,1,3,76663,M,4978400.0,54100.0,76
200800048794,8,9,11,815,1,2,1,1,1,76752,M,4973500.0,89900.0,76
200800048795,8,9,5,1600,1,1,1,2,7,27464,M,0.0,0.0,27
200800048796,8,9,15,800,1,1,1,1,5,27229,M,0.0,0.0,27
200800048797,8,9,15,1530,1,1,2,1,1,27650,M,0.0,0.0,27
200800048798,8,9,17,900,1,1,1,1,1,27353,M,0.0,0.0,27
200800048799,8,9,20,1130,1,1,1,1,1,27165,M,0.0,0.0,27
200800048800,8,9,26,1445,1,1,1,1,1,27615,M,0.0,0.0,27
200800048801,8,9,29,500,3,1,1,5,5,27287,M,0.0,0.0,27
200800048802,8,9,18,1915,1,1,1,1,3,27032,M,0.0,0.0,27
200800048803,8,9,20,1900,1,2,1,1,6,27548,M,0.0,0.0,27
200800048804,8,9,27,2030,5,2,1,1,3,27507,M,0.0,0.0,27
200800048805,8,9,25,830,1,1,1,1,1,27273,M,4898500.0,139800.0,27
200800048806,8,9,28,230,3,2,1,1,6,27278,M,0.0,0.0,27
200800048807,8,9,2,730,1,1,1,2,1,27285,M,0.0,0.0,27
200800048808,8,9,12,1730,1,2,1,1,6,27453,M,0.0,0.0,27
200800048809,8,9,19,1645,1,2,1,1,3,27205,M,0.0,0.0,27
200800048810,8,9,19,1745,1,1,1,1,1,27246,M,0.0,0.0,27
200800048811,8,9,27,1300,1,2,1,1,7,27214,M,0.0,0.0,27
200800048812,8,9,22,645,2,1,1,5,6,27426,M,4927400.0,170700.0,27
200800048813,8,9,15,1030,1,1,2,1,3,27613,M,0.0,0.0,27
200800048814,8,9,19,2000,1,1,1,1,3,27056,M,4910900.0,59500.0,27
200800048815,8,9,28,1930,1,1,2,1,3,27138,M,0.0,0.0,27
200800048816,8,9,26,1830,1,1,1,1,3,27513,M,0.0,0.0,27
200800048817,8,9,30,1645,1,1,1,1,3,27290,M,0.0,0.0,27
200800048818,8,9,14,1530,1,1,1,1,2,27140,M,4907500.0,129800.0,27
200800048819,8,9,20,700,2,2,1,1,7,27322,M,4923100.0,107700.0,27