Num_Acc,an,mois,jour,hrmn,lum,agg,int,atm,col,com,gps,lat,long,dep
200800048820,8,9,13,1400,1,2,1,1,6,27174,M,0.0,0.0,27
200800048821,8,9,16,530,3,1,1,1,6,27384,M,0.0,0.0,27
200800048822,8,9,16,1715,1,1,1,1,7,27244,M,,,27
200800048823,8,9,14,1100,1,2,7,1,6,27170,M,0.0,0.0,27
200800048824,8,9,29,1130,1,1,1,1,2,27367,M,4923400.0,49100.0,27
200800048825,8,9,30,45,3,1,1,1,6,35047,M,0.0,0.0,35
200800048826,8,9,15,1000,3,1,1,2,6,60233,M,0.0,0.0,60
200800048827,8,9,9,745,1,1,1,1,1,35120,M,4821900.0,-177500.0,35
200800048828,8,9,27,1745,1,1,1,1,3,35128,M,4830300.0,-170900.0,35
200800048829,8,9,3,1530,1,1,2,1,3,35171,M,0.0,0.0,35
200800048830,8,9,14,430,3,1,1,1,6,35201,M,4815000.0,-219000.0,35
200800048831,8,9,2,1830,1,1,2,7,3,35230,M,0.0,0.0,35
200800048832,8,9,24,2245,3,1,1,1,7,35137,M,0.0,0.0,35
200800048833,8,9,9,1100,1,1,1,1,6,35075,M,0.0,0.0,35
200800048834,8,9,20,1700,1,2,1,1,2,35236,M,0.0,0.0,35
200800048835,8,9,5,1900,1,1,1,6,1,35322,M,0.0,0.0,35
200800048836,8,9,10,1445,1,1,1,1,1,35208,M,0.0,0.0,35
200800048837,8,9,1,1500,1,1,1,1,6,35139,M,4798000.0,-174000.0,35
200800048838,8,9,13,1700,1,1,1,1,4,35219,M,4780100.0,-192200.0,35
200800048839,8,9,13,1630,1,1,1,1,5,35179,M,0.0,0.0,35
200800048840,8,9,14,1000,1,1,1,1,6,35056,M,0.0,0.0,35
200800048841,8,9,19,2030,2,1,1,1,1,35256,M,0.0,0.0,35
200800048842,8,9,2,1830,1,2,1,1,1,35360,M,0.0,0.0,35
200800048843,8,9,13,1045,3,1,1,5,1,35229,M,4810500.0,-122600.0,35
200800048844,8,9,20,1915,2,1,1,1,1,35217,M,0.0,0.0,35
200800048845,8,9,27,1645,1,1,1,1,1,35109,M,4809300.0,-123800.0,35
200800048846,8,9,10,1730,1,2,1,1,6,35068,M,0.0,0.0,35
200800048847,8,9,24,1245,1,1,1,1,1,35099,M,0.0,0.0,35
200800048848,8,9,20,215,3,1,1,1,6,35167,M,4787800.0,-134900.0,35
200800048849,8,9,20,2030,3,2,1,1,7,35198,M,4800900.0,-137400.0,35
200800048850,8,9,21,115,3,1,1,1,6,22295,M,4827000.0,-296400.0,22
200800048851,8,9,23,1745,1,1,2,1,5,22158,M,4820700.0,-296500.0,22
200800048852,8,9,26,945,1,1,1,1,3,22065,M,4860900.0,-302400.0,22
200800048853,8,9,3,930,1,1,2,1,3,22136,M,4818200.0,-277700.0,22
200800048854,8,9,20,1215,1,2,1,1,6,22136,M,4817000.0,-275200.0,22
200800048855,8,9,6,1545,1,2,1,8,6,22210,M,4880700.0,-302800.0,22
200800048856,8,9,20,1430,1,1,1,7,3,22233,M,4875200.0,-308400.0,22
200800048857,8,9,10,1730,1,1,2,1,3,22081,M,0.0,0.0,22
200800048858,8,9,10,2115,3,1,1,1,6,22307,M,0.0,0.0,22
200800048859,8,9,5,1600,1,2,1,8,3,22082,M,4839700.0,-208200.0,22
200800048860,8,9,27,1745,1,2,1,1,3,22193,M,0.0,0.0,22
200800048861,8,9,13,315,3,1,1,3,1,22268,M,0.0,0.0,22
200800048862,8,9,12,1845,1,2,1,1,3,22143,M,4860100.0,-229000.0,22
200800048863,8,9,13,1645,1,2,1,1,6,22282,M,4863200.0,-225400.0,22
200800048864,8,9,20,700,3,1,1,1,6,22147,M,4820000.0,-236000.0,22
200800048865,8,9,24,1345,1,1,1,2,6,22058,M,4813400.0,-263400.0,22
200800048866,8,9,17,1745,1,1,1,1,2,22225,M,4853000.0,-313400.0,22
200800048867,8,9,14,1145,1,1,1,1,3,22004,M,4864200.0,-328800.0,22
200800048868,8,9,7,200,3,1,1,2,6,22087,M,0.0,0.0,22
200800048869,8,9,10,730,2,1,1,8,1,22029,M,4832500.0,-308200.0,22
200800048870,8,9,2,2245,5,2,2,1,1,22168,M,4881100.0,-346300.0,22
200800048871,8,9,2,915,1,1,1,8,3,22221,M,4881200.0,-323400.0,22
200800048872,8,9,4,730,1,1,1,1,6,22247,M,0.0,0.0,22
200800048873,8,9,10,215,3,1,1,1,6,22152,M,4876400.0,-325300.0,22
200800048874,8,9,22,830,1,1,1,1,2,29216,M,0.0,0.0,29
200800048875,8,9,26,1715,1,1,1,1,3,29174,M,0.0,0.0,29
200800048876,8,9,6,1715,1,1,1,2,3,29061,M,0.0,0.0,29
200800048877,8,9,5,1545,1,1,1,2,6,29290,M,4855800.0,-453500.0,29
200800048878,8,9,7,1745,1,1,1,1,6,29177,M,4847100.0,-472500.0,29
200800048879,8,9,27,800,3,1,1,5,6,29099,M,4855600.0,-465900.0,29
200800048880,8,9,3,1845,1,1,1,1,7,29240,M,0.0,0.0,29
200800048881,8,9,18,2130,3,1,1,1,6,29139,M,4830800.0,-401000.0,29
200800048882,8,9,29,615,3,1,2,5,1,29013,M,0.0,0.0,29
200800048883,8,9,17,1215,1,1,1,7,2,29020,M,0.0,0.0,29
200800048884,8,9,23,1245,1,1,1,1,6,29162,M,4823500.0,-396400.0,29
200800048885,8,9,21,1745,1,2,1,9,3,29163,M,4851400.0,-387500.0,29
200800048886,8,9,9,1045,1,1,1,8,6,29206,M,0.0,0.0,29
200800048887,8,9,12,2230,3,1,1,2,6,56206,M,0.0,0.0,56
200800048888,8,9,14,1800,1,1,9,1,1,56168,M,4760000.0,-313000.0,56
200800048889,8,9,23,1545,1,1,1,1,3,56078,M,4779600.0,-351800.0,56
200800048890,8,9,23,1845,1,1,1,1,3,56185,M,4779100.0,-338900.0,56
200800048891,8,9,1,900,1,2,1,1,1,56169,M,0.0,0.0,56
200800048892,8,9,27,1,3,1,1,1,1,56193,M,4772200.0,-329300.0,56
200800048893,8,9,27,515,3,2,1,1,6,56013,M,4767200.0,-317700.0,56
200800048894,8,9,19,1515,1,1,1,1,6,56138,M,0.0,0.0,56
200800048895,8,9,22,1815,1,1,1,1,7,56075,M,4795600.0,-211100.0,56
200800048896,8,9,14,2215,3,1,1,1,6,56070,M,0.0,0.0,56
200800048897,8,9,18,1200,1,1,1,1,6,56079,M,0.0,0.0,56
200800048898,8,9,15,1630,1,1,1,1,3,56091,M,4795600.0,-256000.0,56
200800048899,8,9,10,1545,1,1,2,1,3,56237,M,0.0,0.0,56
200800048900,8,9,19,2100,3,1,2,1,3,56113,M,4805300.0,-317300.0,56
200800048901,8,9,25,1215,1,2,1,1,6,56246,M,4804900.0,-298600.0,56
200800048902,8,9,28,1930,1,2,1,1,3,56178,M,4807000.0,-296700.0,56
200800048903,8,9,30,1115,1,1,1,1,6,56163,M,4811700.0,-329900.0,56
200800048904,8,9,21,1230,1,1,1,1,6,56174,M,4788000.0,-285500.0,56
200800048905,8,9,27,515,3,1,1,1,6,56174,M,4789600.0,-287600.0,56
200800048906,8,9,24,1230,1,1,1,2,7,56174,M,0.0,0.0,56
200800048907,8,9,28,1700,1,1,1,1,6,56074,M,4791400.0,-297300.0,56
200800048908,8,9,13,1915,1,1,3,1,3,56105,M,4799100.0,-349300.0,56
200800048909,8,9,18,1200,1,1,2,1,3,56057,M,4805300.0,-349600.0,56
200800048910,8,9,13,1700,1,2,1,1,6,14761,M,4912600.0,-19700.0,14
200800048911,8,9,22,30,3,1,1,1,1,14407,M,0.0,0.0,14
200800048912,8,9,12,1915,1,2,6,1,3,14712,M,0.0,0.0,14
200800048913,8,9,18,1830,1,1,1,1,3,14078,M,0.0,0.0,14
200800048914,8,9,20,1615,1,1,1,1,6,14439,M,4931100.0,-103400.0,14
200800048915,8,9,11,1230,1,2,1,2,6,14258,M,0.0,0.0,14
200800048916,8,9,3,1000,1,2,1,1,1,14213,M,0.0,0.0,14
200800048917,8,9,19,1615,1,1,1,1,1,14656,M,4895500.0,-50100.0,14
200800048918,8,9,24,1730,1,1,1,1,1,14654,M,0.0,0.0,14
200800048919,8,9,13,1400,1,1,1,1,3,14755,M,0.0,0.0,14
200800048920,8,9,14,645,3,1,1,1,6,14578,M,4935000.0,15100.0,14
200800048921,8,9,27,900,1,2,1,1,3,14754,M,0.0,0.0,14
200800048922,8,9,28,1445,1,1,1,1,7,14629,M,0.0,0.0,14
200800048923,8,9,30,700,2,1,1,2,1,14441,M,0.0,0.0,14
200800048924,8,9,30,1000,2,1,1,2,6,14352,M,0.0,0.0,14
200800048925,8,9,21,2030,3,1,1,1,1,14174,M,0.0,0.0,14
200800048926,8,9,15,1800,1,2,1,1,6,50099,M,4930800.0,-124500.0,50
200800048927,8,9,14,2330,5,2,1,1,6,50444,M,0.0,0.0,50
200800048928,8,9,19,1215,1,1,2,1,3,50139,M,0.0,0.0,50
200800048929,8,9,29,915,1,1,1,5,3,50139,M,0.0,0.0,50
200800048930,8,9,1,1715,1,1,2,1,5,50554,M,4868500.0,-132400.0,50
200800048931,8,9,5,1145,1,2,1,8,3,50516,M,4869000.0,-135600.0,50
200800048932,8,9,15,1115,1,2,1,1,6,50025,M,4869000.0,-135100.0,50
200800048933,8,9,21,2145,3,1,1,1,1,50121,M,4881700.0,-117700.0,50
200800048934,8,9,14,815,1,1,1,1,5,50033,M,0.0,0.0,50
200800048935,8,9,28,1115,1,2,1,1,1,50412,M,4934200.0,-169300.0,50
200800048936,8,9,20,1800,1,1,1,1,2,50142,M,0.0,0.0,50
200800048937,8,9,24,1800,1,1,1,1,1,50087,M,4955700.0,-160900.0,50
200800048938,8,9,9,1300,1,1,1,3,1,50350,M,0.0,0.0,50
200800048939,8,9,14,1730,1,1,1,1,3,50626,M,0.0,0.0,50
200800048940,8,9,9,1430,1,1,1,1,7,50450,M,0.0,0.0,50
200800048941,8,9,14,1545,1,1,1,1,1,61433,M,4851700.0,6200.0,61
200800048942,8,9,10,645,2,1,1,1,3,61285,M,4877000.0,-13500.0,61
200800048943,8,9,28,2100,3,1,1,8,1,61084,M,4880200.0,-24300.0,61
200800048944,8,9,10,1330,1,1,1,1,1,61102,M,4868500.0,-57900.0,61
200800048945,8,9,27,1430,1,1,1,1,2,61438,M,0.0,0.0,61
200800048946,8,9,18,1215,1,2,1,1,7,61342,M,0.0,0.0,61
200800048947,8,9,27,1300,1,1,1,1,6,61241,M,0.0,0.0,61
200800048948,8,9,13,1600,1,2,1,1,3,44094,M,4729700.0,-139600.0,44
200800048949,8,9,5,1800,1,1,2,6,3,44159,M,0.0,0.0,44
200800048950,8,9,10,1300,1,2,1,1,2,44198,M,0.0,0.0,44
200800048951,8,9,25,1145,1,2,1,1,1,44215,M,0.0,0.0,44
200800048952,8,9,2,1215,1,1,1,1,3,44115,M,4737000.0,-122700.0,44
200800048953,8,9,25,2130,3,1,1,1,7,44205,M,4746300.0,-141800.0,44
200800048954,8,9,24,1730,1,1,1,1,6,44051,M,4764300.0,-165300.0,44
200800048955,8,9,24,1730,1,1,1,1,5,44208,M,4763500.0,-152700.0,44
200800048956,8,9,27,2030,2,1,1,1,7,44193,M,4765300.0,-154500.0,44
200800048957,8,9,30,715,2,1,1,1,1,44021,M,0.0,0.0,44
200800048958,8,9,19,115,3,1,1,1,7,44038,M,0.0,0.0,44
200800048959,8,9,21,2000,2,1,1,1,3,44154,M,0.0,0.0,44
200800048960,8,9,20,1000,1,1,1,1,6,44145,M,4719600.0,-184900.0,44
200800048961,8,9,19,2145,5,2,1,1,6,44047,M,0.0,0.0,44
200800048962,8,9,29,1830,1,2,6,1,3,44047,M,0.0,0.0,44
200800048963,8,9,2,1730,1,2,1,1,3,44210,M,0.0,0.0,44
200800048964,8,9,2,1515,1,1,9,3,7,44210,M,4732800.0,-216900.0,44
200800048965,8,9,19,1715,1,2,1,1,3,44052,M,0.0,0.0,44
200800048966,8,9,18,1615,1,1,1,1,7,44129,M,0.0,0.0,44
200800048967,8,9,18,1815,1,1,1,1,6,44129,M,0.0,0.0,44
200800048968,8,9,4,2015,1,1,1,1,1,44045,M,0.0,0.0,44
200800048969,8,9,6,630,3,2,1,1,3,44195,M,0.0,0.0,44
200800048970,8,9,28,1715,1,1,1,1,7,44195,M,0.0,0.0,44
200800048971,8,9,11,1700,1,2,1,8,6,49055,M,4753600.0,-56700.0,49
200800048972,8,9,14,1745,1,1,1,1,2,49242,M,4755600.0,-66400.0,49
200800048973,8,9,18,645,3,1,1,1,1,49020,M,4746900.0,-63300.0,49
200800048974,8,9,17,1000,1,1,1,1,3,49278,M,4742300.0,-59400.0,49
200800048975,8,9,28,1700,1,1,1,1,3,49020,M,4747300.0,-62000.0,49
200800048976,8,9,3,2115,5,2,1,1,2,49327,M,4730200.0,-38300.0,49
200800048977,8,9,5,1730,1,1,1,6,2,49050,M,4735700.0,-44600.0,49
200800048978,8,9,12,1445,2,1,1,1,1,49066,M,4726800.0,-57600.0,49
200800048979,8,9,13,1400,1,1,1,1,1,49292,M,0.0,0.0,49
200800048980,8,9,24,1730,1,1,2,1,5,49167,M,4738800.0,-48500.0,49
200800048981,8,9,13,1800,1,1,2,1,3,49307,M,4743000.0,-34000.0,49
200800048982,8,9,26,2200,5,2,1,1,7,49063,M,4735600.0,-77000.0,49
200800048983,8,9,14,1930,1,1,1,1,1,49351,M,0.0,0.0,49
200800048984,8,9,6,1415,1,1,1,1,2,49349,M,4714400.0,-116900.0,49
200800048985,8,9,27,1930,5,2,1,1,6,49206,M,4708900.0,-113700.0,49
200800048986,8,9,26,1815,1,1,1,1,6,49350,M,4704800.0,-110500.0,49
200800048987,8,9,30,745,2,1,1,1,6,49260,M,4706700.0,-102700.0,49
200800048988,8,9,6,2015,1,1,1,2,6,49069,M,4734000.0,-125900.0,49
200800048989,8,9,20,1400,1,2,1,7,1,49018,M,0.0,0.0,49
200800048990,8,9,3,1500,1,1,1,2,7,49181,M,0.0,0.0,49
200800048991,8,9,1,530,2,2,2,1,3,49180,M,4738100.0,-10400.0,49
200800048992,8,9,11,1915,1,2,3,2,3,49091,M,4734300.0,-36000.0,49
200800048993,8,9,11,1600,1,1,8,2,1,49362,M,4722700.0,-7100.0,49
200800048994,8,9,17,1600,1,1,1,1,2,49219,M,0.0,0.0,49
200800048995,8,9,22,1015,1,1,1,1,6,49274,M,4719300.0,-4700.0,49
200800048996,8,9,28,45,3,2,1,1,7,49060,M,0.0,0.0,49
200800048997,8,9,1,1545,1,1,6,1,3,49331,M,0.0,0.0,49
200800048998,8,9,13,945,1,1,1,8,3,49054,M,0.0,0.0,49
200800048999,8,9,25,900,1,1,1,1,7,49266,M,4747400.0,-79600.0,49
200800049000,8,9,21,1530,1,1,1,1,3,49132,M,4768000.0,-45000.0,49
200800049001,8,9,4,1,3,2,1,1,6,53001,M,0.0,0.0,53
200800049002,8,9,5,1900,1,1,1,1,3,53094,M,4799600.0,-71500.0,53
200800049003,8,9,12,1600,1,1,1,1,6,53141,M,4806900.0,-62600.0,53
200800049004,8,9,20,1645,1,1,1,1,3,53276,M,0.0,0.0,53
200800049005,8,9,25,1900,1,1,1,1,6,53032,M,4805900.0,-31800.0,53
200800049006,8,9,1,1200,1,1,1,1,2,53124,M,0.0,0.0,53
200800049007,8,9,19,1515,1,1,1,1,2,53062,M,4781000.0,-73000.0,53
200800049008,8,9,14,200,3,1,1,9,7,53190,M,4838100.0,-42300.0,53
200800049009,8,9,26,1230,1,1,1,1,1,53133,M,0.0,0.0,53
200800049010,8,9,6,1215,1,1,1,1,6,72366,M,4802800.0,81200.0,72
200800049011,8,9,5,1745,1,1,1,1,1,72300,M,4805600.0,39400.0,72
200800049012,8,9,11,2030,5,2,1,1,6,72386,M,4804200.0,29200.0,72
200800049013,8,9,6,1915,1,1,1,1,1,72026,M,4813400.0,33900.0,72
200800049014,8,9,17,1915,2,1,1,1,7,72134,M,0.0,0.0,72
200800049015,8,9,29,800,1,1,1,5,3,72060,M,4761900.0,21100.0,72
200800049016,8,9,13,1145,1,2,1,1,6,72264,M,0.0,0.0,72
200800049017,8,9,18,1845,1,1,1,1,6,72189,M,0.0,0.0,72
200800049018,8,9,3,2130,3,1,1,2,2,72302,M,4814800.0,59000.0,72
200800049019,8,9,4,930,1,1,1,1,7,72246,M,0.0,0.0,72
200800049020,8,9,20,1230,1,1,1,1,3,72029,M,4823700.0,11700.0,72
200800049021,8,9,19,700,2,1,1,1,6,85261,M,0.0,0.0,85
200800049022,8,9,3,1045,1,1,3,2,3,85065,M,0.0,0.0,85
200800049023,8,9,14,1845,1,1,1,1,5,85109,M,0.0,0.0,85
200800049024,8,9,7,615,3,1,1,9,6,85039,M,0.0,0.0,85
200800049025,8,9,20,445,5,2,1,1,6,85025,M,0.0,0.0,85
200800049026,8,9,26,730,2,1,1,1,5,85108,M,0.0,0.0,85
200800049027,8,9,9,700,2,1,1,1,3,85151,M,4700100.0,-94400.0,85
200800049028,8,9,13,1345,1,1,1,1,2,85178,M,0.0,0.0,85
200800049029,8,9,1,1730,1,2,1,1,1,85001,M,0.0,0.0,85
200800049030,8,9,6,1845,1,1,1,8,6,85128,M,0.0,0.0,85
200800049031,8,9,1,1800,1,1,1,1,1,85006,M,4678400.0,-173400.0,85
200800049032,8,9,8,1615,1,1,1,1,1,85070,M,4670000.0,-172300.0,85
200800049033,8,9,21,1530,1,2,1,1,3,85222,M,0.0,0.0,85
200800049034,8,9,10,1215,1,1,2,1,3,85221,M,4692900.0,-197600.0,85
200800049035,8,9,19,1800,1,2,6,1,3,85018,M,0.0,0.0,85
200800049036,8,9,25,1700,1,2,7,1,6,85029,M,0.0,0.0,85
200800049037,8,9,6,1130,1,2,1,1,6,85114,M,0.0,0.0,85
200800049038,8,9,22,1300,1,1,1,1,2,33498,M,0.0,0.0,33
200800049039,8,9,29,1000,1,1,1,1,3,33498,M,0.0,0.0,33
200800049040,8,9,12,1130,1,2,1,1,3,33056,M,4492800.0,-62200.0,33
200800049041,8,9,29,1845,2,2,3,1,3,33056,M,4491200.0,-64000.0,33
200800049042,8,9,11,2230,5,2,9,1,1,33236,M,0.0,0.0,33
200800049043,8,9,29,45,5,2,1,1,6,33236,M,0.0,0.0,33
200800049044,8,9,8,1715,1,2,1,1,5,33058,M,4513100.0,-64500.0,33
200800049045,8,9,15,30,5,2,1,1,6,33405,M,0.0,0.0,33
200800049046,8,9,30,1945,1,1,1,1,3,33047,M,0.0,0.0,33
200800049047,8,9,12,1800,1,1,1,1,1,33351,M,4521800.0,-49600.0,33
200800049048,8,9,28,2000,3,1,1,1,7,33159,M,4520800.0,-58400.0,33
200800049049,8,9,14,130,3,1,9,2,6,33123,M,4508800.0,-38100.0,33
200800049050,8,9,26,1500,1,1,2,1,3,33473,M,4519700.0,-45700.0,33
200800049051,8,9,28,1645,1,2,1,1,3,33114,M,4510500.0,-38800.0,33
200800049052,8,9,11,1900,2,2,6,1,3,33003,M,4492400.0,-50700.0,33
200800049053,8,9,18,1400,1,1,1,1,3,33433,M,4492500.0,-45300.0,33
200800049054,8,9,20,1445,1,2,1,1,1,33165,M,0.0,0.0,33
200800049055,8,9,16,1645,1,2,1,1,7,33238,M,0.0,0.0,33
200800049056,8,9,16,645,2,2,1,1,3,33120,M,4463700.0,-33400.0,33
200800049057,8,9,27,2315,3,1,1,1,6,33076,M,4455200.0,-38100.0,33
200800049058,8,9,7,1115,1,2,3,1,3,33366,M,4500000.0,-44700.0,33
200800049059,8,9,21,800,3,1,1,1,3,33366,M,4501700.0,-44100.0,33
200800049060,8,9,9,1230,1,1,1,2,1,33533,M,,,33
200800049061,8,9,14,430,3,1,1,1,7,33074,M,0.0,0.0,33
200800049062,8,9,30,1700,1,1,1,1,6,33188,M,0.0,0.0,33
200800049063,8,9,25,845,2,1,1,1,2,33523,M,4475800.0,-25000.0,33
200800049064,8,9,16,1600,1,1,1,1,1,33038,M,4537200.0,-91400.0,33
200800049065,8,9,29,2230,3,1,1,1,2,33248,M,0.0,0.0,33
200800049066,8,9,30,700,3,1,1,5,7,33256,M,0.0,0.0,33
200800049067,8,9,8,1945,1,2,2,1,3,33125,M,4522800.0,-84100.0,33
200800049068,8,9,15,2330,5,2,1,1,6,33314,M,0.0,0.0,33
200800049069,8,9,13,1115,1,1,1,2,1,33125,M,4522000.0,-83200.0,33
200800049070,8,9,23,2330,3,1,1,1,6,33125,M,0.0,0.0,33
200800049071,8,9,21,1500,1,1,1,1,1,33125,M,4522100.0,-82600.0,33
200800049072,8,9,24,1915,1,1,1,1,6,33179,M,0.0,0.0,33
200800049073,8,9,23,2030,5,2,1,1,3,33185,M,4486000.0,-25800.0,33
200800049074,8,9,20,315,3,1,1,1,6,33480,M,0.0,0.0,33
200800049075,8,9,16,1345,1,2,1,1,1,33001,M,0.0,0.0,33
200800049076,8,9,29,1215,1,1,3,1,3,33138,M,0.0,0.0,33
200800049077,8,9,7,1930,1,1,1,1,2,33393,M,0.0,0.0,33
200800049078,8,9,3,945,1,1,1,8,7,24156,M,0.0,0.0,24
200800049079,8,9,20,1045,1,1,1,1,1,24115,M,4526300.0,68300.0,24
200800049080,8,9,25,815,1,1,9,1,1,24098,M,4522000.0,70500.0,24
200800049081,8,9,26,2000,3,1,1,1,6,24026,M,4519500.0,83600.0,24
200800049082,8,9,10,1500,1,2,1,1,6,24372,M,0.0,0.0,24
200800049083,8,9,7,545,3,1,1,1,6,24009,M,0.0,0.0,24
200800049084,8,9,15,700,2,1,1,5,6,24103,M,0.0,0.0,24
200800049085,8,9,20,1730,1,1,1,1,7,24550,M,4512800.0,105500.0,24
200800049086,8,9,21,1815,1,1,2,1,3,24419,M,0.0,0.0,24
200800049087,8,9,30,515,3,1,1,1,7,24077,M,0.0,0.0,24
200800049088,8,9,2,945,1,1,1,1,1,24223,M,4484800.0,64800.0,24
200800049089,8,9,19,2245,3,1,1,1,7,24083,M,4494300.0,10200.0,24
200800049090,8,9,28,1445,1,2,6,1,1,24335,M,4484800.0,20500.0,24
200800049091,8,9,30,1045,1,1,1,1,7,24272,M,4497000.0,4000.0,24
200800049092,8,9,3,1900,1,1,1,2,7,24158,M,,,24
200800049093,8,9,7,1745,1,2,1,2,7,24551,M,0.0,0.0,24
200800049094,8,9,7,2200,3,1,1,2,6,24428,M,4585000.0,53300.0,24
200800049095,8,9,1,2030,2,1,1,1,1,24366,M,0.0,0.0,24
200800049096,8,9,4,900,1,1,1,2,1,24520,M,0.0,0.0,24
200800049097,8,9,6,1800,1,2,1,1,6,24520,M,0.0,0.0,24
200800049098,8,9,20,1900,1,1,1,1,7,24091,M,0.0,0.0,24
200800049099,8,9,5,1800,1,1,1,2,2,24172,M,0.0,0.0,24
200800049100,8,9,19,1700,1,2,1,1,5,24087,M,4487000.0,105100.0,24
200800049101,8,9,30,930,1,1,1,1,1,40245,M,0.0,0.0,40
200800049102,8,9,20,1330,1,1,1,1,7,40230,M,0.0,0.0,40
200800049103,8,9,26,700,2,1,1,1,6,40123,M,0.0,0.0,40
200800049104,8,9,13,245,3,1,1,3,6,40266,M,4409100.0,-130800.0,40
200800049105,8,9,27,1600,1,2,1,1,7,40150,M,4387900.0,-130200.0,40
200800049106,8,9,19,1445,1,1,2,1,3,40216,M,4364300.0,-88300.0,40
200800049107,8,9,2,930,1,1,1,1,3,40231,M,4356600.0,-119200.0,40
200800049108,8,9,10,500,5,2,1,1,3,40065,M,0.0,0.0,40
200800049109,8,9,11,1415,1,1,1,2,1,40291,M,0.0,0.0,40
200800049110,8,9,21,15,3,1,6,1,6,40036,M,0.0,0.0,40
200800049111,8,9,22,1415,1,1,1,1,6,40273,M,4355200.0,-137400.0,40
200800049112,8,9,24,1645,2,1,1,1,1,40271,M,4356700.0,-123200.0,40
200800049113,8,9,1,1615,1,1,1,1,1,40332,M,0.0,0.0,40
200800049114,8,9,4,930,1,2,6,1,2,40046,M,0.0,0.0,40
200800049115,8,9,15,1530,1,1,1,1,5,40119,M,4366500.0,-60200.0,40
200800049116,8,9,26,1130,1,1,1,1,1,40282,M,4380800.0,-61000.0,40
200800049117,8,9,8,845,1,1,1,1,5,47169,M,4415400.0,61400.0,47
200800049118,8,9,23,1100,1,2,1,1,3,47209,M,0.0,0.0,47
200800049119,8,9,7,1445,1,1,1,1,1,47213,M,4431600.0,54100.0,47
200800049120,8,9,1,2215,3,1,1,1,7,47025,M,0.0,0.0,47
200800049121,8,9,2,1130,1,1,1,1,6,47025,M,4426900.0,85800.0,47
200800049122,8,9,13,1130,1,2,1,1,2,47067,M,0.0,0.0,47
200800049123,8,9,14,415,3,1,1,2,6,47171,M,0.0,0.0,47
200800049124,8,9,6,1315,1,1,1,1,1,47157,M,4448200.0,19300.0,47
200800049125,8,9,16,1330,1,2,1,1,3,47157,M,0.0,0.0,47
200800049126,8,9,17,1715,1,1,1,1,3,47157,M,4449400.0,17900.0,47
200800049127,8,9,28,1115,1,2,1,1,6,47157,M,4450300.0,17000.0,47
200800049128,8,9,26,2230,3,2,1,1,6,47035,M,4462300.0,42400.0,47
200800049129,8,9,3,1130,1,2,1,1,4,47168,M,4460900.0,35800.0,47
200800049130,8,9,10,1500,1,1,1,1,1,47068,M,4446000.0,3500.0,47
200800049131,8,9,1,945,1,2,1,2,6,47310,M,0.0,0.0,47
200800049132,8,9,9,930,1,1,1,1,7,47130,M,4440700.0,22400.0,47
200800049133,8,9,10,700,2,1,1,1,6,47310,M,4438700.0,31800.0,47
200800049134,8,9,9,1145,1,1,1,1,6,47141,M,4458900.0,80500.0,47
200800049135,8,9,1,815,1,1,1,1,3,47185,M,4449200.0,98300.0,47
200800049136,8,9,12,1700,1,2,6,9,6,47106,M,4449700.0,95000.0,47
200800049137,8,9,14,1115,1,1,1,1,3,47283,M,4446800.0,95500.0,47
200800049138,8,9,20,200,3,1,1,1,7,47081,M,0.0,0.0,47
200800049139,8,9,3,1915,1,1,1,8,7,64516,M,4334500.0,-22300.0,64
200800049140,8,9,9,1745,1,1,1,1,1,64405,M,0.0,0.0,64
200800049141,8,9,11,2015,5,1,2,2,3,64439,M,4329400.0,-27100.0,64
200800049142,8,9,8,1230,1,1,1,1,1,64233,M,4357000.0,-26600.0,64
200800049143,8,9,22,730,1,2,1,1,2,64496,M,0.0,0.0,64
200800049144,8,9,26,1030,5,2,4,1,3,64546,M,4349700.0,-129500.0,64
200800049145,8,9,22,1745,1,2,1,1,1,64160,M,4336100.0,-139300.0,64
200800049146,8,9,10,1215,1,1,1,1,1,64272,M,0.0,0.0,64
200800049147,8,9,5,1445,1,2,1,1,4,64422,M,4319600.0,-60100.0,64
200800049148,8,9,19,730,2,2,9,2,6,64252,M,0.0,0.0,64
200800049149,8,9,26,1845,1,2,1,1,1,64360,M,4311900.0,-60300.0,64
200800049150,8,9,2,245,3,1,1,1,6,64542,M,0.0,0.0,64
200800049151,8,9,13,900,1,1,1,2,6,64501,M,4351600.0,-72600.0,64
200800049152,8,9,5,1600,1,1,3,1,3,64499,M,0.0,0.0,64
200800049153,8,9,12,200,1,1,1,1,6,86100,M,0.0,0.0,86
200800049154,8,9,2,1200,1,2,6,1,3,86115,M,0.0,0.0,86
200800049155,8,9,27,915,1,1,1,1,6,86062,M,4664700.0,38100.0,86
200800049156,8,9,13,1430,1,2,1,1,7,86123,M,0.0,0.0,86
200800049157,8,9,25,2200,5,2,1,1,6,86263,M,4650900.0,35000.0,86
200800049158,8,9,5,1815,1,1,1,1,1,86196,M,4709500.0,-6800.0,86
200800049159,8,9,10,1215,1,1,1,1,2,86156,M,4701200.0,17700.0,86
200800049160,8,9,8,1615,1,1,1,1,7,86070,M,0.0,0.0,86
200800049161,8,9,29,1600,1,1,1,1,6,86015,M,0.0,0.0,86
200800049162,8,9,22,2030,3,1,1,1,3,16004,M,0.0,0.0,16
200800049163,8,9,8,1545,1,1,1,1,1,16028,M,4551800.0,-10600.0,16
200800049164,8,9,10,1700,1,1,1,1,1,16405,M,0.0,0.0,16