Num_Acc,an,mois,jour,hrmn,lum,agg,int,atm,col,com,gps,lat,long,dep
200800049165,8,9,26,1215,1,2,1,1,1,16028,M,0.0,0.0,16
200800049166,8,9,18,715,2,1,1,2,1,16090,M,0.0,0.0,16
200800049167,8,9,20,2215,5,2,7,1,3,16277,M,4573500.0,-23900.0,16
200800049168,8,9,6,1800,1,2,1,1,3,16106,M,0.0,0.0,16
200800049169,8,9,19,1030,1,1,1,1,1,16270,M,0.0,0.0,16
200800049170,8,9,28,730,5,2,1,1,3,16106,M,0.0,0.0,16
200800049171,8,9,15,445,3,1,1,1,6,16234,M,0.0,0.0,16
200800049172,8,9,16,900,1,1,1,1,1,16320,M,0.0,0.0,16
200800049173,8,9,10,1445,1,1,1,1,1,16094,M,0.0,0.0,16
200800049174,8,9,21,1445,3,1,1,1,6,16272,M,0.0,0.0,16
200800049175,8,9,11,800,1,2,1,1,3,16353,M,0.0,0.0,16
200800049176,8,9,24,800,1,1,1,1,6,17193,M,4613000.0,-105200.0,17
200800049177,8,9,27,1430,1,2,6,1,3,17094,M,0.0,0.0,17
200800049178,8,9,19,515,3,1,1,1,7,17008,M,0.0,0.0,17
200800049179,8,9,15,1115,1,1,1,1,7,17297,M,4616700.0,-125600.0,17
200800049180,8,9,6,1700,1,1,1,1,6,17173,M,0.0,0.0,17
200800049181,8,9,21,1145,1,2,1,1,6,17219,M,0.0,0.0,17
200800049182,8,9,8,1015,1,1,2,1,3,17385,M,0.0,0.0,17
200800049183,8,9,12,1545,1,2,1,1,1,17021,M,0.0,0.0,17
200800049184,8,9,12,2115,3,1,1,2,3,17409,M,0.0,0.0,17
200800049185,8,9,5,745,1,1,1,2,6,17434,M,0.0,0.0,17
200800049186,8,9,9,830,1,1,1,1,3,17221,M,0.0,0.0,17
200800049187,8,9,22,1115,1,1,1,1,1,17340,M,0.0,0.0,17
200800049188,8,9,12,830,1,2,1,8,3,17284,M,4583200.0,-88500.0,17
200800049189,8,9,23,400,3,1,1,1,6,17278,M,0.0,0.0,17
200800049190,8,9,26,1730,1,2,1,1,6,17444,M,4566900.0,-65500.0,17
200800049191,8,9,29,830,1,1,1,1,3,17462,M,0.0,0.0,17
200800049192,8,9,15,1815,1,1,1,1,3,17172,M,0.0,0.0,17
200800049193,8,9,23,2215,3,1,1,1,1,17283,M,0.0,0.0,17
200800049194,8,9,19,1545,1,1,1,1,7,17228,M,0.0,0.0,17
200800049195,8,9,28,1815,1,1,1,1,7,17098,M,0.0,0.0,17
200800049196,8,9,8,1445,1,2,1,1,1,17347,M,0.0,0.0,17
200800049197,8,9,15,730,1,1,1,1,1,17465,M,0.0,0.0,17
200800049198,8,9,22,2000,2,2,1,1,6,17266,M,0.0,0.0,17
200800049199,8,9,26,1830,1,2,1,1,3,17347,M,0.0,0.0,17
200800049200,8,9,30,745,2,1,1,1,3,17321,M,0.0,0.0,17
200800049201,8,9,26,2315,3,1,1,1,2,17162,M,4596200.0,-15700.0,17
200800049202,8,9,1,1700,1,1,1,1,1,17135,M,0.0,0.0,17
200800049203,8,9,27,1400,1,1,3,1,3,79119,M,4656000.0,-48300.0,79
200800049204,8,9,24,1145,1,1,1,1,6,79034,M,0.0,0.0,79
200800049205,8,9,22,1815,1,1,1,1,2,79048,M,4635300.0,-34500.0,79
200800049206,8,9,25,1515,1,1,1,1,1,79189,M,0.0,0.0,79
200800049207,8,9,23,1800,1,1,1,1,3,79114,M,0.0,0.0,79
200800049208,8,9,19,530,3,1,9,5,7,79088,M,0.0,0.0,79
200800049209,8,9,23,1215,1,1,1,1,3,79056,M,0.0,0.0,79
200800049210,8,9,13,1600,1,2,2,1,1,79174,M,4622700.0,-14200.0,79
200800049211,8,9,12,1745,1,1,1,1,1,79080,M,0.0,0.0,79
200800049212,8,9,5,1915,1,1,1,1,6,79141,M,0.0,0.0,79
200800049213,8,9,18,2200,3,2,1,1,7,79208,M,0.0,0.0,79
200800049214,8,9,20,15,5,2,2,1,3,79005,M,4685700.0,-18700.0,79
200800049215,8,9,12,1900,1,1,1,1,6,87202,M,4589000.0,105000.0,87
200800049216,8,9,20,2145,3,1,1,1,7,87028,M,4625900.0,88000.0,87
200800049217,8,9,20,830,1,1,1,1,6,87028,M,4624700.0,88000.0,87
200800049218,8,9,18,1315,1,1,1,1,3,87110,M,4592700.0,104800.0,87
200800049219,8,9,17,1815,1,2,1,1,3,19192,M,4512800.0,190200.0,19
200800049220,8,9,27,1830,1,2,1,1,6,19039,M,4531300.0,195600.0,19
200800049221,8,9,19,100,3,1,1,8,6,19213,M,4564100.0,107100.0,19
200800049222,8,9,18,1915,1,1,1,2,6,19037,M,4573700.0,120900.0,19
200800049223,8,9,14,1145,1,2,1,1,3,19123,M,4517000.0,156500.0,19
200800049224,8,9,12,1200,1,1,1,1,1,19278,M,4522100.0,143800.0,19
200800049225,8,9,29,1345,1,1,1,1,1,19274,M,4517300.0,146600.0,19
200800049226,8,9,16,2245,5,2,1,1,7,19028,M,4540000.0,249800.0,19
200800049227,8,9,3,1600,1,1,1,2,1,23193,M,4618500.0,191700.0,23
200800049228,8,9,9,1515,1,1,1,1,3,23145,M,4628500.0,237600.0,23
200800049229,8,9,18,1830,2,1,1,2,6,23039,M,4630500.0,177100.0,23
200800049230,8,9,5,2245,5,2,1,2,6,23008,M,4596000.0,217000.0,23
200800049231,8,9,21,1930,1,1,1,1,1,23182,M,4592400.0,232000.0,23
200800049232,8,9,24,1515,1,1,1,1,1,23007,M,4602500.0,206800.0,23
200800049233,8,9,1,2200,3,1,1,1,7,23218,M,4586100.0,231300.0,23
200800049234,8,9,14,100,3,1,1,8,1,31184,M,0.0,0.0,31
200800049235,8,9,15,1400,1,2,9,1,2,31044,M,4359400.0,151200.0,31
200800049236,8,9,6,1600,1,1,1,1,6,31579,M,4374600.0,149300.0,31
200800049237,8,9,28,515,5,2,1,1,6,31118,M,0.0,0.0,31
200800049238,8,9,10,1400,1,1,1,1,2,31592,M,4376000.0,121000.0,31
200800049239,8,9,14,715,2,1,1,1,6,31341,M,0.0,0.0,31
200800049240,8,9,13,1500,1,1,1,3,7,31553,M,0.0,0.0,31
200800049241,8,9,15,830,1,1,1,1,7,31281,M,4375000.0,115000.0,31
200800049242,8,9,2,1715,1,2,1,1,3,31526,M,4358100.0,126400.0,31
200800049243,8,9,30,1700,1,1,1,1,3,31291,M,4358600.0,126800.0,31
200800049244,8,9,5,15,5,2,2,1,6,31490,M,0.0,0.0,31
200800049245,8,9,6,1200,1,1,1,2,2,31182,M,4367600.0,141100.0,31
200800049246,8,9,20,1530,1,2,1,1,7,31136,M,0.0,0.0,31
200800049247,8,9,25,2200,5,2,1,1,1,31561,M,0.0,0.0,31
200800049248,8,9,1,1130,1,1,1,1,4,31145,M,4332800.0,149700.0,31
200800049249,8,9,9,1745,1,1,1,1,6,31375,M,0.0,0.0,31
200800049250,8,9,10,930,1,2,1,1,6,31107,M,4330100.0,122000.0,31
200800049251,8,9,12,1630,1,1,1,1,6,31193,M,4329700.0,104200.0,31
200800049252,8,9,12,2330,5,2,1,1,6,31135,M,4320800.0,108400.0,31
200800049253,8,9,3,1215,1,1,1,1,2,31101,M,0.0,0.0,31
200800049254,8,9,16,1430,1,2,1,1,2,31187,M,4354000.0,123100.0,31
200800049255,8,9,17,815,1,1,1,1,3,31166,M,4353000.0,126800.0,31
200800049256,8,9,25,1845,1,1,1,1,1,31188,M,4357000.0,122000.0,31
200800049257,8,9,20,200,3,1,1,1,7,31559,M,4280100.0,56700.0,31
200800049258,8,9,26,1915,2,1,1,1,7,31144,M,4292400.0,64700.0,31
200800049259,8,9,14,1915,1,1,1,1,7,31083,M,0.0,0.0,31
200800049260,8,9,17,1845,1,2,1,1,3,31080,M,0.0,0.0,31
200800049261,8,9,12,1830,1,1,1,1,1,31082,M,4359200.0,169300.0,31
200800049262,8,9,17,1915,1,1,2,1,3,31304,M,4357600.0,177900.0,31
200800049263,8,9,10,1700,1,2,9,1,6,31429,M,4349600.0,151800.0,31
200800049264,8,9,6,1045,1,1,9,1,3,31451,M,0.0,0.0,31
200800049265,8,9,20,1830,1,1,1,7,6,31478,M,4344800.0,191300.0,31
200800049266,8,9,29,845,1,2,1,1,6,31451,M,4346400.0,200400.0,31
200800049267,8,9,3,1045,1,1,1,1,6,09116,M,0.0,0.0,09
200800049268,8,9,26,1030,1,1,1,1,1,09185,M,0.0,0.0,09
200800049269,8,9,24,915,1,1,1,1,6,09124,M,0.0,0.0,09
200800049270,8,9,9,1515,1,1,1,1,6,09128,M,0.0,0.0,09
200800049271,8,9,6,1145,1,2,1,2,1,12264,M,4439900.0,259800.0,12
200800049272,8,9,9,1215,1,1,1,8,1,12120,M,0.0,0.0,12
200800049273,8,9,22,2030,3,1,1,1,7,12106,M,4446700.0,278900.0,12
200800049274,8,9,19,1800,1,1,1,1,2,12199,M,0.0,0.0,12
200800049275,8,9,20,600,3,1,1,1,6,12191,M,0.0,0.0,12
200800049276,8,9,1,1800,1,1,1,1,7,12002,M,0.0,0.0,12
200800049277,8,9,13,30,3,1,1,1,7,12070,M,0.0,0.0,12
200800049278,8,9,24,1130,1,1,1,1,1,12204,M,0.0,0.0,12
200800049279,8,9,28,1030,1,1,1,1,6,12253,M,0.0,0.0,12
200800049280,8,9,13,1330,1,1,1,1,6,12244,M,0.0,0.0,12
200800049281,8,9,24,1630,1,1,1,1,7,12203,M,4398200.0,296600.0,12
200800049282,8,9,9,1345,1,1,1,1,1,32173,M,4377600.0,86100.0,32
200800049283,8,9,8,715,1,1,1,1,1,32334,M,4359100.0,119400.0,32
200800049284,8,9,12,1030,1,1,1,1,4,32334,M,4359900.0,120500.0,32
200800049285,8,9,15,1330,1,1,1,1,7,32425,M,0.0,0.0,32
200800049286,8,9,21,1815,1,1,1,1,5,32160,M,4360000.0,106400.0,32
200800049287,8,9,7,1615,1,1,1,1,6,32332,M,0.0,0.0,32
200800049288,8,9,10,1630,1,1,1,1,6,32462,M,4378400.0,26500.0,32
200800049289,8,9,21,1815,1,1,1,1,6,32107,M,0.0,0.0,32
200800049290,8,9,1,900,1,1,1,1,7,32437,M,4372800.0,-3000.0,32
200800049291,8,9,25,530,3,1,1,1,3,32296,M,4376100.0,-3800.0,32
200800049292,8,9,13,1815,1,1,1,8,1,32102,M,0.0,0.0,32
200800049293,8,9,3,1145,1,1,1,1,7,32010,M,4337500.0,58400.0,32
200800049294,8,9,17,1030,1,1,1,1,2,32242,M,0.0,0.0,32
200800049295,8,9,11,400,3,1,1,1,7,46248,M,0.0,0.0,46
200800049296,8,9,24,1745,1,1,1,1,1,46103,M,4426200.0,142300.0,46
200800049297,8,9,4,1845,1,1,1,1,1,46206,M,4429500.0,119200.0,46
200800049298,8,9,3,1530,1,1,1,1,1,46226,M,0.0,0.0,46
200800049299,8,9,16,830,1,1,1,1,1,46100,M,4456900.0,202100.0,46
200800049300,8,9,16,1730,1,1,1,1,1,46085,M,4457900.0,215800.0,46
200800049301,8,9,5,1945,2,1,1,1,7,13987,M,4383100.0,489100.0,13
200800049302,8,9,22,1530,1,1,1,1,1,13066,M,4387800.0,488400.0,13
200800049303,8,9,19,600,3,2,1,8,7,13100,M,0.0,0.0,13
200800049304,8,9,4,1030,1,1,1,3,1,13022,M,4322200.0,554900.0,13
200800049305,8,9,21,1545,1,1,1,1,1,13022,M,4321900.0,555400.0,13
200800049306,8,9,9,715,1,1,1,1,3,13086,M,0.0,0.0,13
200800049307,8,9,8,1915,1,1,1,1,3,13031,M,0.0,0.0,13
200800049308,8,9,10,1815,1,1,1,1,2,13014,M,0.0,0.0,13
200800049309,8,9,19,715,2,1,1,2,7,13014,M,0.0,0.0,13
200800049310,8,9,21,100,3,2,1,1,1,13092,M,4356600.0,503100.0,13
200800049311,8,9,21,1200,1,2,7,1,6,13035,M,4369800.0,503200.0,13
200800049312,8,9,13,1100,1,1,1,1,4,13105,M,0.0,0.0,13
200800049313,8,9,5,1500,1,2,1,1,3,13081,M,0.0,0.0,13
200800049314,8,9,20,615,2,1,1,5,7,13084,M,0.0,0.0,13
200800049315,8,9,20,1145,1,2,1,1,6,13082,M,0.0,0.0,13
200800049316,8,9,24,1830,1,2,3,1,3,13024,M,4372300.0,525000.0,13
200800049317,8,9,11,1400,1,2,1,1,3,04094,M,4376200.0,588500.0,04
200800049318,8,9,16,1845,1,1,9,1,3,04054,M,4402100.0,621100.0,04
200800049319,8,9,7,1145,1,1,1,1,7,04126,M,0.0,0.0,04
200800049320,8,9,13,1200,1,1,1,1,7,04135,M,0.0,0.0,04
200800049321,8,9,2,445,3,1,1,1,6,04088,M,4395500.0,582200.0,04
200800049322,8,9,30,1800,1,1,1,1,3,04160,M,0.0,0.0,04
200800049323,8,9,7,2015,2,2,1,1,3,04152,M,0.0,0.0,04
200800049324,8,9,15,930,1,2,1,1,1,04197,M,0.0,0.0,04
200800049325,8,9,28,900,1,2,1,1,3,04245,M,4387800.0,584600.0,04
200800049326,8,9,9,1715,1,1,1,1,3,04209,M,4416900.0,595100.0,04
200800049327,8,9,12,730,1,1,1,1,7,04079,M,4409400.0,602300.0,04
200800049328,8,9,29,1030,1,2,1,1,6,04209,M,0.0,0.0,04
200800049329,8,9,9,1615,1,1,1,1,1,05068,M,0.0,0.0,05
200800049330,8,9,6,1915,2,1,1,3,1,05166,M,0.0,0.0,05
200800049331,8,9,28,800,1,1,1,1,6,05089,M,0.0,0.0,05
200800049332,8,9,8,1045,1,1,1,1,7,05174,M,0.0,0.0,05
200800049333,8,9,2,1900,1,1,1,1,1,05133,M,0.0,0.0,05
200800049334,8,9,3,1700,1,1,1,2,3,05133,M,0.0,0.0,05
200800049335,8,9,13,830,1,1,1,1,7,05036,M,0.0,0.0,05
200800049336,8,9,29,1545,1,1,1,1,1,05045,M,4453100.0,642300.0,05
200800049337,8,9,25,2330,3,1,1,1,3,05017,M,0.0,0.0,05
200800049338,8,9,13,730,1,2,1,1,5,06014,M,4384100.0,729600.0,06
200800049339,8,9,20,1745,1,1,1,1,6,06057,M,0.0,0.0,06
200800049340,8,9,22,1115,1,1,1,1,6,06019,M,0.0,0.0,06
200800049341,8,9,17,845,1,1,1,1,1,06147,M,0.0,0.0,06
200800049342,8,9,18,1230,1,1,1,1,6,06151,M,0.0,0.0,06
200800049343,8,9,11,1215,1,2,1,1,3,06054,M,0.0,0.0,06
200800049344,8,9,11,1430,1,2,1,1,6,06149,M,4374400.0,731200.0,06
200800049345,8,9,5,830,1,2,1,1,3,06161,M,4364500.0,713400.0,06
200800049346,8,9,13,1600,1,2,1,1,3,06161,M,0.0,0.0,06
200800049347,8,9,21,1530,1,2,1,1,7,06161,M,0.0,0.0,06
200800049348,8,9,23,1730,1,2,1,1,4,06161,M,0.0,0.0,06
200800049349,8,9,27,1515,1,2,1,1,1,06161,M,4362200.0,712800.0,06
200800049350,8,9,24,1100,1,1,1,1,5,06128,M,4368100.0,712800.0,06
200800049351,8,9,5,1200,1,1,1,1,1,06064,M,0.0,0.0,06
200800049352,8,9,16,2200,3,1,1,1,6,06064,M,0.0,0.0,06
200800049353,8,9,19,1500,1,2,1,2,3,06064,M,0.0,0.0,06
200800049354,8,9,19,1530,1,2,1,3,1,06033,M,0.0,0.0,06
200800049355,8,9,26,630,2,1,1,1,6,06034,M,0.0,0.0,06
200800049356,8,9,5,1345,1,1,1,1,6,06136,M,4387600.0,744700.0,06
200800049357,8,9,28,1045,1,1,1,1,1,06136,M,4387400.0,740600.0,06
200800049358,8,9,20,1845,1,1,1,1,6,06023,M,0.0,0.0,06
200800049359,8,9,25,1100,1,1,1,1,6,06905,M,0.0,0.0,06
200800049360,8,9,23,1515,1,2,1,1,3,06032,M,0.0,0.0,06
200800049361,8,9,30,300,5,1,1,1,1,06059,M,0.0,0.0,06
200800049362,8,9,29,1900,2,1,1,1,6,06059,M,0.0,0.0,06
200800049363,8,9,9,1445,1,1,1,1,4,06146,M,4391800.0,718900.0,06
200800049364,8,9,12,1930,3,2,1,1,1,06144,M,4396300.0,715900.0,06
200800049365,8,9,19,1600,1,1,1,8,1,06078,M,4393200.0,714900.0,06
200800049366,8,9,10,1515,1,1,1,1,1,06056,M,4422000.0,675000.0,06
200800049367,8,9,17,1030,1,1,1,1,1,83148,M,0.0,0.0,83
200800049368,8,9,11,1945,1,1,1,1,6,83028,M,0.0,0.0,83
200800049369,8,9,12,2130,3,1,1,1,6,83028,M,0.0,0.0,83
200800049370,8,9,7,1715,1,2,1,1,7,83092,M,4329600.0,622200.0,83
200800049371,8,9,10,1215,1,2,1,1,3,83023,M,0.0,0.0,83
200800049372,8,9,15,1745,1,2,1,1,1,83143,M,0.0,0.0,83
200800049373,8,9,19,1715,1,1,1,3,5,83143,M,0.0,0.0,83
200800049374,8,9,19,1815,1,1,1,3,6,83023,M,0.0,0.0,83
200800049375,8,9,12,1900,1,1,1,1,2,83012,M,0.0,0.0,83
200800049376,8,9,9,545,3,1,1,1,6,83088,M,0.0,0.0,83
200800049377,8,9,16,415,3,1,1,1,6,83037,M,0.0,0.0,83
200800049378,8,9,15,1100,1,2,1,1,6,83120,M,0.0,0.0,83
200800049379,8,9,6,815,1,1,1,1,1,50543,M,4864800.0,-132800.0,50
200800049380,8,9,21,130,3,1,1,1,1,83116,M,0.0,0.0,83
200800049381,8,9,25,2315,3,1,1,1,1,83087,M,0.0,0.0,83
200800049382,8,9,5,1800,1,1,1,1,5,83107,M,4347200.0,661000.0,83
200800049383,8,9,7,1800,1,1,1,1,3,83107,M,0.0,0.0,83
200800049384,8,9,14,1745,1,2,1,1,5,83107,M,4335800.0,671400.0,83
200800049385,8,9,25,1100,1,2,1,1,3,83099,M,0.0,0.0,83
200800049386,8,9,24,1830,1,1,1,1,3,83048,M,0.0,0.0,83
200800049387,8,9,9,1915,1,1,1,1,7,83063,M,0.0,0.0,83
200800049388,8,9,15,1245,1,2,1,1,3,83068,M,0.0,0.0,83
200800049389,8,9,15,1730,1,1,1,1,4,83068,M,0.0,0.0,83
200800049390,8,9,20,1515,1,1,1,1,3,83042,M,0.0,0.0,83
200800049391,8,9,2,1145,1,1,1,1,3,83086,M,0.0,0.0,83
200800049392,8,9,29,2130,5,2,1,1,3,83115,M,0.0,0.0,83
200800049393,8,9,21,815,1,1,1,1,6,83035,M,0.0,0.0,83
200800049394,8,9,23,815,1,2,1,1,1,83069,M,4325000.0,621100.0,83
200800049395,8,9,7,1245,1,2,1,1,3,83112,M,0.0,0.0,83
200800049396,8,9,25,1130,1,1,1,1,3,83027,M,0.0,0.0,83
200800049397,8,9,29,1630,1,1,1,1,6,84132,M,0.0,0.0,84
200800049398,8,9,20,1745,1,1,1,1,5,84099,M,0.0,0.0,84
200800049399,8,9,5,945,1,1,1,1,3,84054,M,4388600.0,504100.0,84
200800049400,8,9,26,1430,3,1,1,1,6,84054,M,4390000.0,498700.0,84
200800049401,8,9,17,245,5,2,1,1,7,84141,M,0.0,0.0,84
200800049402,8,9,22,2215,3,1,1,1,6,84141,M,4395800.0,487300.0,84
200800049403,8,9,30,1000,1,2,1,1,6,84129,M,0.0,0.0,84
200800049404,8,9,15,1445,1,2,1,1,1,84003,M,4387900.0,539600.0,84
200800049405,8,9,19,1915,1,1,1,1,5,84047,M,4390900.0,534600.0,84
200800049406,8,9,1,1945,1,1,1,1,3,84057,M,0.0,0.0,84
200800049407,8,9,15,1645,1,1,1,1,6,84020,M,4385400.0,535800.0,84
200800049408,8,9,6,1245,1,1,1,3,5,84082,M,0.0,0.0,84
200800049409,8,9,25,2200,3,2,1,1,1,84077,M,4410000.0,512000.0,84
200800049410,8,9,27,1800,1,1,1,1,7,84148,M,4406000.0,524000.0,84
200800049411,8,9,27,845,1,1,1,1,7,84142,M,4396100.0,505100.0,84
200800049412,8,9,11,1430,1,1,1,1,5,84029,M,4416600.0,486100.0,84
200800049413,8,9,26,130,5,1,1,1,6,84039,M,4409600.0,487900.0,84
200800049414,8,9,7,2345,5,2,6,1,7,84019,M,0.0,0.0,84
200800049415,8,9,14,1500,1,1,1,1,1,84078,M,4424900.0,470200.0,84
200800049416,8,9,2,2100,3,1,1,1,6,84126,M,0.0,0.0,84
200800049417,8,9,4,945,1,1,1,3,7,84146,M,0.0,0.0,84
200800049418,8,9,29,1745,1,1,1,1,1,84106,M,0.0,0.0,84
200800049419,8,9,8,1845,1,1,1,1,2,84097,M,4435400.0,489700.0,84
200800049420,8,9,12,1730,1,1,1,1,1,34057,M,0.0,0.0,34
200800049421,8,9,29,200,3,1,1,1,6,34057,M,0.0,0.0,34
200800049422,8,9,20,1400,1,2,1,1,3,34022,M,4366300.0,401500.0,34
200800049423,8,9,20,515,3,1,1,1,7,34058,M,0.0,0.0,34
200800049424,8,9,5,2230,3,1,1,1,6,34243,M,0.0,0.0,34
200800049425,8,9,25,930,1,2,1,1,2,34145,M,0.0,0.0,34
200800049426,8,9,10,2030,2,1,1,1,3,34154,M,4362300.0,398500.0,34
200800049427,8,9,16,1415,1,1,1,1,1,34185,M,0.0,0.0,34
200800049428,8,9,22,1615,1,2,1,1,3,34276,M,4377200.0,387600.0,34
200800049429,8,9,1,1730,1,1,1,1,6,34053,M,4363000.0,321200.0,34
200800049430,8,9,25,1500,1,1,1,1,3,34089,M,4338000.0,302300.0,34
200800049431,8,9,21,300,3,1,1,1,6,34074,M,4345300.0,304400.0,34
200800049432,8,9,13,2215,3,1,1,1,2,34081,M,0.0,0.0,34
200800049433,8,9,2,1530,1,1,1,1,6,34229,M,4348500.0,279300.0,34
200800049434,8,9,6,1745,2,1,1,2,6,34250,M,0.0,0.0,34
200800049435,8,9,21,1600,1,1,1,1,6,34193,M,4347400.0,283100.0,34
200800049436,8,9,6,245,3,1,1,1,6,34300,M,0.0,0.0,34
200800049437,8,9,19,1600,1,1,1,1,6,34300,M,4341500.0,332700.0,34
200800049438,8,9,2,2115,3,1,1,1,1,34298,M,0.0,0.0,34
200800049439,8,9,20,1045,1,1,1,1,6,34036,M,0.0,0.0,34
200800049440,8,9,17,645,2,1,1,1,6,34029,M,4355500.0,348700.0,34
200800049441,8,9,11,700,2,1,1,2,3,34122,M,4368000.0,348000.0,34
200800049442,8,9,7,200,5,1,1,1,5,34150,M,0.0,0.0,34
200800049443,8,9,7,2215,3,1,1,1,3,34150,M,4332300.0,354500.0,34
200800049444,8,9,24,900,1,1,3,1,1,34031,M,0.0,0.0,34
200800049445,8,9,30,2015,5,2,1,1,3,34101,M,4338900.0,347100.0,34
200800049446,8,9,29,1945,2,1,1,1,5,34088,M,0.0,0.0,34
200800049447,8,9,29,1415,3,1,1,1,6,34157,M,4344700.0,358100.0,34
200800049448,8,9,29,1130,3,1,1,1,6,34157,M,4346500.0,359100.0,34
200800049449,8,9,25,1600,1,1,1,1,7,11409,M,4302000.0,253800.0,11
200800049450,8,9,24,1500,1,1,1,1,2,11356,M,4328700.0,200700.0,11
200800049451,8,9,25,2000,3,2,1,1,1,11430,M,4329500.0,195200.0,11
200800049452,8,9,4,1145,1,2,1,1,6,11206,M,0.0,0.0,11
200800049453,8,9,13,1430,1,1,1,1,1,11299,M,4300000.0,200000.0,11
200800049454,8,9,24,1730,1,1,1,1,6,11197,M,4311100.0,216800.0,11
200800049455,8,9,20,1400,1,1,1,1,7,11021,M,0.0,0.0,11
200800049456,8,9,10,1215,1,2,3,1,1,11116,M,0.0,0.0,11
200800049457,8,9,24,1245,1,1,1,1,6,11170,M,0.0,0.0,11
200800049458,8,9,18,1700,1,1,1,1,7,11351,M,0.0,0.0,11
200800049459,8,9,23,1845,1,1,1,1,7,11013,M,4325900.0,275400.0,11
200800049460,8,9,1,815,1,1,1,1,6,30276,M,4359000.0,422000.0,30
200800049461,8,9,21,1345,1,1,1,1,7,30003,M,0.0,0.0,30
200800049462,8,9,4,545,3,1,1,1,7,30036,M,0.0,0.0,30
200800049463,8,9,14,2015,5,2,1,1,1,30333,M,0.0,0.0,30
200800049464,8,9,30,1900,1,2,1,1,6,30341,M,4370300.0,427800.0,30
200800049465,8,9,7,1730,1,2,1,1,3,30162,M,0.0,0.0,30
200800049466,8,9,15,1815,3,1,1,1,6,30269,M,0.0,0.0,30
200800049467,8,9,22,1445,1,2,1,1,3,30269,M,4411100.0,388800.0,30
200800049468,8,9,21,400,3,1,1,1,6,30051,M,0.0,0.0,30
200800049469,8,9,3,2045,3,1,1,2,7,30109,M,0.0,0.0,30
200800049470,8,9,1,1715,1,1,1,1,1,30002,M,4397300.0,410100.0,30
200800049471,8,9,20,2345,3,1,1,1,6,30068,M,4402100.0,410600.0,30
200800049472,8,9,21,1715,1,1,1,1,1,30345,M,4428800.0,399800.0,30
200800049473,8,9,13,1645,1,1,1,1,1,30327,M,0.0,0.0,30
200800049474,8,9,16,2030,2,1,1,1,6,30295,M,4405300.0,443200.0,30
200800049475,8,9,21,945,2,1,1,1,1,30151,M,4416000.0,436000.0,30
200800049476,8,9,26,1230,1,2,1,1,3,30334,M,4401000.0,441000.0,30
200800049477,8,9,3,1330,1,1,1,1,3,30273,M,0.0,0.0,30
200800049478,8,9,17,1715,1,1,1,1,7,30175,M,0.0,0.0,30
200800049479,8,9,24,2015,5,1,1,1,5,30096,M,0.0,0.0,30
200800049480,8,9,8,1030,1,1,1,1,3,30336,M,4388300.0,462900.0,30
200800049481,8,9,14,1745,1,2,1,1,7,30184,M,0.0,0.0,30
200800049482,8,9,21,1615,1,1,1,1,7,30228,M,0.0,0.0,30
200800049483,8,9,24,730,2,1,1,1,3,30030,M,0.0,0.0,30
200800049484,8,9,19,1730,1,1,1,1,3,30350,M,0.0,0.0,30
200800049485,8,9,4,1615,1,2,1,1,1,30172,M,4400500.0,388800.0,30
200800049486,8,9,2,1615,1,1,1,1,2,30093,M,4395100.0,391000.0,30
200800049487,8,9,19,830,3,1,1,1,3,30069,M,0.0,0.0,30
200800049488,8,9,22,615,2,1,1,1,6,30263,M,0.0,0.0,30
200800049489,8,9,29,1445,1,1,1,1,1,30192,M,4388200.0,406100.0,30
200800049490,8,9,6,1030,1,1,1,1,6,48013,M,0.0,0.0,48
200800049491,8,9,4,845,1,1,1,1,1,48082,M,0.0,0.0,48
200800049492,8,9,5,1530,1,1,1,1,6,48080,M,4474100.0,385900.0,48
200800049493,8,9,27,1700,1,1,1,1,7,48104,M,0.0,0.0,48
200800049494,8,9,13,1715,1,1,1,1,6,48063,M,0.0,0.0,48
200800049495,8,9,24,1715,1,1,1,1,6,48076,M,0.0,0.0,48
200800049496,8,9,29,1500,1,1,1,1,3,66174,M,0.0,0.0,66
200800049497,8,9,25,1630,1,1,1,6,1,66190,M,0.0,0.0,66
200800049498,8,9,14,1045,1,2,1,1,3,66180,M,0.0,0.0,66
200800049499,8,9,24,1500,1,2,6,1,3,66008,M,0.0,0.0,66
200800049500,8,9,29,1745,1,2,6,1,1,66008,M,4254100.0,302400.0,66
200800049501,8,9,13,2330,3,1,1,1,6,66106,M,0.0,0.0,66
200800049502,8,9,7,630,5,1,1,1,6,66150,M,0.0,0.0,66
200800049503,8,9,18,1645,1,1,1,1,7,66124,M,0.0,0.0,66
200800049504,8,9,29,730,1,1,3,1,3,20085,M,0.0,0.0,201
200800049505,8,9,21,1745,1,1,1,2,5,20324,M,4207700.0,899300.0,201
200800049506,8,9,22,1630,1,1,1,1,6,20271,M,4198500.0,883600.0,201
200800049507,8,9,20,1715,1,1,1,2,7,20041,M,4148500.0,920500.0,201
200800049508,8,9,6,1730,1,2,1,1,2,20247,M,0.0,0.0,201
200800049509,8,9,16,1045,1,2,1,1,3,20247,M,0.0,0.0,201
200800049510,8,9,2,2215,5,1,1,1,1,20249,M,0.0,0.0,201
200800049511,8,9,10,1600,1,1,1,1,5,20148,M,4252100.0,943200.0,202
200800049512,8,9,11,1615,1,2,1,1,3,20148,M,4255300.0,944700.0,202
200800049513,8,9,18,1930,5,1,1,1,2,20148,M,0.0,0.0,202
200800049514,8,9,28,830,1,1,1,1,6,20355,M,0.0,0.0,202