Num_Acc,an,mois,jour,hrmn,lum,agg,int,atm,col,com,gps,lat,long,dep
200800050294,8,9,6,1110,1,1,1,2,4,65251,M,,,65
200800050295,8,9,8,1855,1,2,1,1,4,65440,M,,,65
200800050296,8,9,9,1420,1,2,2,1,3,65440,M,,,65
200800050297,8,9,10,1910,1,2,2,9,3,65100,M,,,65
200800050298,8,9,13,1135,1,2,8,9,6,65440,M,,,65
200800050299,8,9,15,845,1,2,1,7,4,65417,M,,,65
200800050300,8,9,15,1000,1,1,1,7,6,65251,M,,,65
200800050301,8,9,17,735,1,1,1,1,4,65440,M,,,65
200800050302,8,9,17,1300,1,2,2,1,3,65440,M,,,65
200800050303,8,9,19,1515,1,2,1,1,6,65440,M,,,65
200800050304,8,9,19,1815,1,2,3,1,3,65440,M,,,65
200800050305,8,9,22,1500,1,2,1,1,1,65226,M,,,65
200800050306,8,9,22,2235,5,2,2,1,3,65440,M,,,65
200800050307,8,9,23,2240,4,2,2,1,3,65440,M,,,65
200800050308,8,9,24,1800,1,2,1,1,6,65100,M,,,65
200800050309,8,9,12,745,1,2,1,3,1,62498,M,,,62
200800050310,8,9,12,1140,1,2,1,2,6,62842,M,,,62
200800050311,8,9,11,1520,1,2,2,2,3,62498,M,,,62
200800050312,8,9,16,1345,1,2,1,1,2,62498,M,,,62
200800050313,8,9,2,1300,1,2,2,1,3,62218,M,,,62
200800050314,8,9,2,1735,1,2,1,2,6,62895,M,,,62
200800050315,8,9,26,2300,5,2,1,1,6,62498,M,,,62
200800050316,8,9,23,715,2,1,1,1,6,62842,M,,,62
200800050317,8,9,29,2030,4,1,1,1,6,62498,M,,,62
200800050318,8,9,15,1210,1,2,1,1,6,62510,M,,,62
200800050319,8,9,16,740,1,2,2,1,3,62186,M,,,62
200800050320,8,9,21,2027,2,2,2,1,1,62563,M,,,62
200800050321,8,9,26,1710,1,1,1,1,3,62510,M,,,62
200800050322,8,9,26,1600,1,1,1,1,3,62224,M,,,62
200800050323,8,9,17,1800,1,2,1,1,6,62083,M,,,62
200800050324,8,9,14,400,5,1,1,1,6,62083,M,,,62
200800050325,8,9,21,945,1,2,1,1,6,62757,M,,,62
200800050326,8,9,1,1410,1,2,2,1,6,63113,M,,,63
200800050327,8,9,2,920,1,2,1,1,3,63113,M,,,63
200800050328,8,9,2,1415,1,2,2,1,3,63113,M,,,63
200800050329,8,9,5,830,1,2,1,1,2,63113,M,,,63
200800050330,8,9,5,1600,1,2,2,1,6,63113,M,,,63
200800050331,8,9,7,1320,1,2,2,1,3,63113,M,,,63
200800050332,8,9,8,800,1,2,2,1,3,63113,M,,,63
200800050333,8,9,8,1135,1,2,2,1,6,63113,M,,,63
200800050334,8,9,8,1150,1,2,9,1,3,63113,M,,,63
200800050335,8,9,8,1805,1,2,2,1,6,63113,M,,,63
200800050336,8,9,8,1950,1,2,5,1,3,63075,M,,,63
200800050337,8,9,9,1930,2,2,2,1,3,63113,M,,,63
200800050338,8,9,9,1705,1,2,1,2,2,63075,M,,,63
200800050339,8,9,9,1710,1,2,9,1,3,63113,M,,,63
200800050340,8,9,10,1035,1,2,1,1,2,63014,M,,,63
200800050341,8,9,10,740,1,2,1,1,6,63113,M,,,63
200800050342,8,9,10,1310,1,2,2,1,3,63113,M,,,63
200800050343,8,9,10,1648,1,2,2,1,3,63014,M,,,63
200800050344,8,9,12,635,3,2,1,1,6,63113,M,,,63
200800050345,8,9,13,320,5,2,1,1,3,63113,M,,,63
200800050346,8,9,13,1650,1,2,4,2,3,63070,M,,,63
200800050347,8,9,14,41,3,2,2,2,3,63113,M,,,63
200800050348,8,9,14,300,5,2,1,2,1,63113,M,,,63
200800050349,8,9,15,745,1,2,1,1,3,63113,M,,,63
200800050350,8,9,15,1230,1,2,1,1,2,63113,M,,,63
200800050351,8,9,15,1810,1,2,3,1,3,63113,M,,,63
200800050352,8,9,16,2310,5,2,2,1,3,63113,M,,,63
200800050353,8,9,17,1105,1,2,5,1,6,63113,M,,,63
200800050354,8,9,17,1135,1,2,1,1,6,63113,M,,,63
200800050355,8,9,17,1305,1,2,2,1,6,63113,M,,,63
200800050356,8,9,17,1550,1,2,1,1,2,63113,M,,,63
200800050357,8,9,17,1630,1,2,2,1,1,63113,M,,,63
200800050358,8,9,18,730,1,2,9,1,3,63113,M,,,63
200800050359,8,9,18,1720,1,2,1,1,6,63075,M,,,63
200800050360,8,9,18,1815,1,2,2,1,6,63070,M,,,63
200800050361,8,9,18,1950,1,2,1,8,3,63113,M,,,63
200800050362,8,9,20,10,5,2,1,1,6,63113,M,,,63
200800050363,8,9,22,850,1,2,1,1,6,63075,M,,,63
200800050364,8,9,22,1205,1,2,1,1,3,63113,M,,,63
200800050365,8,9,24,830,1,2,3,1,6,63075,M,,,63
200800050366,8,9,25,850,1,2,3,1,3,63113,M,,,63
200800050367,8,9,26,840,1,2,1,1,3,63308,M,,,63
200800050368,8,9,27,945,1,2,1,1,6,63113,M,,,63
200800050369,8,9,27,2000,2,2,2,1,3,63113,M,,,63
200800050370,8,9,28,1735,1,2,1,1,6,63113,M,,,63
200800050371,8,9,28,2030,5,2,1,1,6,63113,M,,,63
200800050372,8,9,29,1310,1,2,1,1,6,63113,M,,,63
200800050373,8,9,30,1210,1,2,1,1,6,63113,M,,,63
200800050374,8,9,15,1635,1,2,1,1,6,63124,M,,,63
200800050375,8,9,12,1515,1,2,1,1,6,63124,M,,,63
200800050376,8,9,30,740,1,2,6,1,3,63124,M,,,63
200800050377,8,9,1,2300,5,2,2,1,3,64102,M,,,64
200800050378,8,9,2,1700,1,2,1,1,1,64024,M,,,64
200800050379,8,9,2,1851,1,2,9,1,6,64102,M,,,64
200800050380,8,9,4,1858,1,2,7,8,3,64102,M,,,64
200800050381,8,9,19,1945,1,2,1,1,3,64102,M,,,64
200800050382,8,9,22,1440,1,2,6,1,2,64102,M,,,64
200800050383,8,9,28,240,5,2,1,1,7,64102,M,,,64
200800050384,8,9,2,1245,1,2,2,7,3,64122,M,,,64
200800050385,8,9,5,1645,1,2,2,8,3,64122,M,,,64
200800050386,8,9,8,1540,1,2,2,1,3,64122,M,,,64
200800050387,8,9,22,1730,1,1,1,1,2,34032,M,,,34
200800050388,8,9,23,1345,1,2,1,1,2,34032,M,,,34
200800050389,8,9,25,1000,1,2,1,1,7,34032,M,,,34
200800050390,8,9,25,1440,1,2,1,1,5,34032,M,,,34
200800050391,8,9,29,2300,4,2,1,1,7,34336,M,,,34
200800050392,8,9,25,1740,1,2,1,1,7,34032,M,,,34
200800050393,8,9,1,728,1,2,2,1,3,34172,M,4361341.0,390496.0,34
200800050394,8,9,1,943,1,2,1,1,2,34172,M,4361979.0,384979.0,34
200800050395,8,9,2,2015,2,1,6,1,3,34198,M,,,34
200800050396,8,9,2,1630,1,2,1,1,6,34172,M,4360964.0,383961.0,34
200800050397,8,9,2,1410,1,2,1,1,3,34129,M,4358858.0,393183.0,34
200800050398,8,9,4,420,5,2,1,1,7,34129,M,4358235.0,392434.0,34
200800050399,8,9,4,853,1,1,1,8,1,34172,M,4358141.0,389744.0,34
200800050400,8,9,4,1845,1,2,1,1,6,34172,M,4360996.0,383650.0,34
200800050401,8,9,4,2230,5,2,2,3,5,34172,M,,,34
200800050402,8,9,6,2310,5,2,1,1,6,34172,M,4361674.0,383641.0,34
200800050403,8,9,6,1940,2,2,1,2,6,34172,M,4362953.0,386724.0,34
200800050404,8,9,7,1315,1,2,3,1,1,34172,M,4360542.0,386073.0,34
200800050405,8,9,8,920,1,2,1,1,3,34172,M,4362164.0,385546.0,34
200800050406,8,9,8,1220,1,2,1,1,6,34172,M,4359548.0,387460.0,34
200800050407,8,9,8,1900,1,1,2,1,3,34129,M,4357712.0,393341.0,34
200800050408,8,9,8,1804,1,2,3,1,3,34172,M,4362084.0,387717.0,34
200800050409,8,9,8,1350,1,2,1,1,1,34129,M,4356547.0,391559.0,34
200800050410,8,9,10,2100,5,2,1,1,1,34172,M,4361075.0,391612.0,34
200800050411,8,9,10,2224,5,1,6,1,7,34129,M,,,34
200800050412,8,9,9,1650,1,2,1,1,7,34172,M,4363223.0,386839.0,34
200800050413,8,9,12,125,5,2,2,3,7,34172,M,,,34
200800050414,8,9,12,1024,1,2,1,1,1,34172,M,4363181.0,387167.0,34
200800050415,8,9,12,1335,1,2,4,1,6,34172,M,,,34
200800050416,8,9,12,1345,1,2,2,1,6,34172,M,4362700.0,381755.0,34
200800050417,8,9,12,2330,5,2,1,1,7,34172,M,,,34
200800050418,8,9,13,1121,1,2,1,1,3,34172,M,,,34
200800050419,8,9,14,2045,5,2,3,1,3,34172,M,,,34
200800050420,8,9,16,730,1,2,3,1,3,34172,M,4360348.0,387218.0,34
200800050421,8,9,16,1906,1,2,2,1,3,34172,M,4362697.0,382206.0,34
200800050422,8,9,16,830,1,2,1,1,2,34172,M,4363979.0,382899.0,34
200800050423,8,9,15,1205,1,2,1,1,6,34172,M,4360736.0,383788.0,34
200800050424,8,9,18,1525,1,2,3,1,1,34172,M,4361996.0,386537.0,34
200800050425,8,9,18,2141,5,2,2,2,6,34172,M,,,34
200800050426,8,9,19,1010,1,2,1,1,6,34172,M,,,34
200800050427,8,9,22,1710,1,2,1,1,7,34172,M,4361024.0,388301.0,34
200800050428,8,9,22,1755,1,2,1,1,2,34172,M,4360778.0,392552.0,34
200800050429,8,9,23,1750,1,2,2,1,1,34172,M,,,34
200800050430,8,9,24,220,5,2,6,1,7,34172,M,4360198.0,390148.0,34
200800050431,8,9,24,1410,1,2,2,1,3,34172,M,4361488.0,388307.0,34
200800050432,8,9,25,1715,1,2,1,1,7,34172,M,4360996.0,386110.0,34
200800050433,8,9,27,1220,1,2,1,1,4,34172,M,4360373.0,386507.0,34
200800050434,8,9,27,1050,1,2,3,1,3,34172,M,,,34
200800050435,8,9,27,2040,5,2,1,1,6,34172,M,4361462.0,383553.0,34
200800050436,8,9,27,1550,1,2,1,1,7,34172,M,4363426.0,382060.0,34
200800050437,8,9,28,1900,1,2,4,1,7,34172,M,,,34
200800050438,8,9,30,929,1,2,1,1,6,34172,M,4362376.0,381416.0,34
200800050439,8,9,30,1210,1,2,2,1,3,34172,M,4360026.0,387448.0,34
200800050440,8,9,30,1445,1,2,3,1,5,34172,M,4362943.0,382229.0,34
200800050441,8,9,29,820,1,2,1,1,2,34172,M,4363902.0,382887.0,34
200800050442,8,9,29,900,1,2,1,2,7,34172,M,4360091.0,389740.0,34
200800050443,8,9,1,1150,1,2,1,1,7,34301,M,,,34
200800050444,8,9,1,1205,1,2,3,1,3,34301,M,,,34
200800050445,8,9,13,1800,1,2,1,1,3,34108,M,,,34
200800050446,8,9,14,535,3,2,1,6,7,34301,M,,,34
200800050447,8,9,9,1010,1,2,3,1,3,34108,M,,,34
200800050448,8,9,20,1350,1,2,1,1,3,34108,M,,,34
200800050449,8,9,22,1000,1,2,1,1,6,34301,M,,,34
200800050450,8,9,26,1415,1,2,1,1,2,34108,M,,,34
200800050451,8,9,29,2100,3,1,1,1,7,34108,M,,,34
200800050452,8,9,1,950,1,2,1,1,6,35238,M,,,35
200800050453,8,9,1,2130,3,1,1,1,6,35238,M,,,35
200800050454,8,9,2,1110,1,2,2,1,6,35238,M,,,35
200800050455,8,9,2,1700,1,2,3,1,7,35238,M,,,35
200800050456,8,9,2,1835,1,2,3,1,4,35238,M,,,35
200800050457,8,9,4,745,1,2,1,1,6,35238,M,,,35
200800050458,8,9,4,910,1,2,9,1,3,35238,M,,,35
200800050459,8,9,4,1810,1,2,1,1,3,35238,M,,,35
200800050460,8,9,5,1310,1,2,9,2,3,35238,M,,,35
200800050461,8,9,5,1745,1,1,1,3,4,35238,M,,,35
200800050462,8,9,6,700,5,2,2,1,3,35238,M,,,35
200800050463,8,9,6,1850,1,1,9,2,6,35238,M,,,35
200800050464,8,9,10,735,1,2,3,1,2,35238,M,,,35
200800050465,8,9,10,900,1,1,1,1,4,35238,M,,,35
200800050466,8,9,10,1240,1,2,2,1,3,35238,M,,,35
200800050467,8,9,10,1740,1,2,3,1,6,35238,M,,,35
200800050468,8,9,11,920,1,2,2,2,3,35238,M,,,35
200800050469,8,9,11,1855,1,2,2,1,3,35238,M,,,35
200800050470,8,9,15,750,1,2,1,1,2,35238,M,,,35
200800050471,8,9,15,1530,1,1,3,1,3,35278,M,,,35
200800050472,8,9,16,1205,1,2,2,1,6,35238,M,,,35
200800050473,8,9,17,845,1,2,2,1,3,35238,M,,,35
200800050474,8,9,17,1630,1,2,6,1,3,35238,M,,,35
200800050475,8,9,18,910,1,2,2,1,6,35238,M,,,35
200800050476,8,9,18,950,1,2,5,1,6,35238,M,,,35
200800050477,8,9,18,1815,1,2,2,1,6,35238,M,,,35
200800050478,8,9,19,1635,1,2,1,1,6,35238,M,,,35
200800050479,8,9,19,1720,1,2,9,1,3,35238,M,,,35
200800050480,8,9,21,35,5,1,4,1,6,35238,M,,,35
200800050481,8,9,23,1155,1,2,1,1,3,35238,M,,,35
200800050482,8,9,24,1525,1,2,2,8,3,35238,M,,,35
200800050483,8,9,25,2020,5,2,2,1,3,35238,M,,,35
200800050484,8,9,26,815,1,2,2,1,2,35238,M,,,35
200800050485,8,9,26,820,1,2,6,1,3,35238,M,,,35
200800050486,8,9,28,300,5,2,6,1,3,35238,M,,,35
200800050487,8,9,29,1735,1,2,1,7,4,35281,M,,,35
200800050488,8,9,29,1815,1,2,1,1,2,35238,M,,,35
200800050489,8,9,5,1754,1,2,2,3,3,35093,M,,,35
200800050490,8,9,3,1410,1,2,2,1,3,35093,M,,,35
200800050491,8,9,12,1745,1,2,1,1,6,35288,M,,,35
200800050492,8,9,14,1300,1,2,1,1,3,35288,M,,,35
200800050493,8,9,13,1700,1,2,1,1,2,35288,M,,,35
200800050494,8,9,12,1915,1,2,3,1,2,35288,M,,,35
200800050495,8,9,17,900,1,2,2,1,3,35288,M,,,35
200800050496,8,9,29,1845,1,2,1,1,2,35288,M,,,35
200800050497,8,9,28,1145,1,2,1,1,3,35093,M,,,35
200800050498,8,9,30,1330,1,2,3,1,6,35288,M,,,35
200800050499,8,9,17,1915,1,2,1,1,6,36044,M,,,36
200800050500,8,9,20,1518,1,2,2,1,1,36044,M,,,36
200800050501,8,9,27,800,1,2,1,1,1,36044,M,,,36
200800050502,8,9,1,1010,1,2,1,2,3,36044,M,,,36
200800050503,8,9,3,1251,1,2,6,2,3,36044,M,,,36
200800050504,8,9,8,1840,1,2,1,1,6,36044,M,,,36
200800050505,8,9,10,1457,1,2,1,1,2,36063,M,,,36
200800050506,8,9,13,1209,1,2,1,1,3,36044,M,,,36
200800050507,8,9,13,1710,1,2,3,1,3,36044,M,,,36
200800050508,8,9,13,2115,5,2,3,1,3,36044,M,,,36
200800050509,8,9,16,1838,1,2,1,1,2,36202,M,,,36
200800050510,8,9,17,1139,1,2,1,1,3,36044,M,,,36
200800050511,8,9,17,1627,1,2,1,1,3,36044,M,,,36
200800050512,8,9,19,1411,1,2,2,1,3,36044,M,,,36
200800050513,8,9,22,1515,1,2,3,1,3,36044,M,,,36
200800050514,8,9,26,1330,1,1,3,1,3,36044,M,,,36
200800050515,8,9,30,1730,1,2,1,1,6,36044,M,,,36
200800050516,8,9,1,1835,1,2,1,1,6,37233,M,,,37
200800050517,8,9,4,345,5,2,1,1,6,37261,M,,,37
200800050518,8,9,8,1525,1,2,1,1,3,37261,M,,,37
200800050519,8,9,15,1,5,2,1,1,6,37261,M,,,37
200800050520,8,9,15,1605,1,2,1,1,6,37261,M,,,37
200800050521,8,9,10,1505,1,2,2,1,3,37122,M,,,37
200800050522,8,9,6,1431,1,2,1,1,6,37261,M,,,37
200800050523,8,9,8,1040,1,2,1,1,2,37233,M,,,37
200800050524,8,9,17,1850,1,2,3,1,3,37261,M,,,37
200800050525,8,9,24,1330,1,2,1,1,2,37261,M,,,37
200800050526,8,9,27,1625,1,2,1,1,7,37261,M,,,37
200800050527,8,9,26,1205,1,2,1,1,3,37261,M,,,37
200800050528,8,9,18,1755,1,1,1,1,2,37261,M,,,37
200800050529,8,9,12,1550,1,2,1,1,6,38053,M,,,38
200800050530,8,9,1,1130,1,2,1,1,3,38169,M,,,38
200800050531,8,9,2,1905,1,2,1,1,1,38421,M,,,38
200800050532,8,9,3,2010,5,2,1,2,6,38185,M,,,38
200800050533,8,9,4,1610,1,2,1,1,6,38185,M,,,38
200800050534,8,9,5,1500,1,2,1,1,3,38421,M,,,38
200800050535,8,9,6,558,5,2,1,1,3,38185,M,,,38
200800050536,8,9,8,1215,1,2,1,1,6,38421,M,,,38
200800050537,8,9,10,1115,1,2,1,1,6,38185,M,,,38
200800050538,8,9,10,1840,1,2,1,1,3,38151,M,,,38
200800050539,8,9,10,1845,1,2,1,1,3,38421,M,,,38
200800050540,8,9,12,1835,1,2,1,1,6,38185,M,,,38
200800050541,8,9,17,1720,1,2,1,1,3,38151,M,,,38
200800050542,8,9,17,2020,5,2,1,1,3,38421,M,,,38
200800050543,8,9,18,110,3,1,1,1,3,38229,M,,,38
200800050544,8,9,18,1630,1,2,1,1,3,38421,M,,,38
200800050545,8,9,18,1830,1,2,1,1,6,38185,M,,,38
200800050546,8,9,18,1845,1,2,1,1,6,38185,M,,,38
200800050547,8,9,18,1930,2,2,1,1,2,38185,M,,,38
200800050548,8,9,20,5,5,2,1,1,3,38185,M,,,38
200800050549,8,9,23,745,1,2,1,1,3,38185,M,,,38
200800050550,8,9,23,805,1,2,1,1,3,38151,M,,,38
200800050551,8,9,25,920,1,2,1,1,3,38185,M,,,38
200800050552,8,9,25,1200,1,2,1,1,6,38185,M,,,38
200800050553,8,9,25,2210,4,2,1,1,3,38185,M,,,38
200800050554,8,9,27,1130,1,2,1,1,3,38169,M,,,38
200800050555,8,9,29,1530,1,2,1,1,6,38185,M,,,38
200800050556,8,9,30,1700,1,2,1,1,6,38185,M,,,38
200800050557,8,9,20,805,1,2,3,1,3,38544,M,,,38
200800050558,8,9,24,930,1,2,1,1,1,38544,M,,,38
200800050559,8,9,19,1000,1,2,1,2,4,38563,M,,,38
200800050560,8,9,13,2200,3,1,1,3,1,39198,M,,,39
200800050561,8,9,19,2125,5,2,1,1,3,40279,M,,,40
200800050562,8,9,25,1400,1,2,1,1,3,40279,M,,,40
200800050563,8,9,28,1730,1,2,4,1,3,40279,M,,,40
200800050564,8,9,25,1820,1,2,1,1,3,40281,M,,,40
200800050565,8,9,1,1920,1,2,1,1,6,41018,M,,,41
200800050566,8,9,5,640,2,2,1,2,7,41018,M,,,41
200800050567,8,9,5,850,1,2,2,3,5,41018,M,,,41
200800050568,8,9,5,1825,1,2,1,2,2,41018,M,,,41
200800050569,8,9,10,842,1,2,1,1,3,41018,M,,,41
200800050570,8,9,14,125,5,2,1,1,6,41047,M,,,41
200800050571,8,9,15,1225,1,2,1,1,7,41018,M,,,41
200800050572,8,9,17,1212,1,2,3,1,3,41018,M,,,41
200800050573,8,9,23,1834,1,1,1,1,1,41018,M,,,41
200800050574,8,9,26,1125,1,2,4,1,6,41018,M,,,41
200800050575,8,9,28,1815,1,2,1,1,6,41018,M,,,41
200800050576,8,9,29,1035,1,1,1,1,3,41018,M,,,41
200800050577,8,9,1,1925,1,2,3,1,3,41194,M,,,41
200800050578,8,9,3,1250,1,2,1,2,1,41269,M,,,41
200800050579,8,9,17,1721,1,1,1,1,7,41269,M,,,41
200800050580,8,9,7,1740,1,2,6,1,1,42095,M,4538903.0,428712.0,42
200800050581,8,9,15,1215,1,2,1,1,3,42044,M,4539509.0,431189.0,42
200800050582,8,9,2,1652,1,2,1,1,2,42147,M,4560605.0,407189.0,42
200800050583,8,9,21,1625,1,1,2,1,3,42147,M,4558972.0,409141.0,42
200800050584,8,9,27,1250,1,2,1,1,6,42147,M,4561122.0,406473.0,42
200800050585,8,9,28,1545,1,2,5,1,3,42147,M,4561219.0,405150.0,42
200800050586,8,9,2,1430,1,2,5,1,3,42187,M,,,42
200800050587,8,9,2,1740,1,2,6,1,3,42127,M,,,42
200800050588,8,9,1,1825,1,2,1,1,3,42187,M,,,42
200800050589,8,9,5,750,2,2,4,1,3,42187,M,,,42
200800050590,8,9,5,1645,1,2,1,1,6,42127,M,,,42
200800050591,8,9,7,1135,1,2,2,1,3,42071,M,,,42
200800050592,8,9,11,1100,1,2,1,1,6,42187,M,,,42
200800050593,8,9,15,1800,1,2,1,1,6,42187,M,,,42
200800050594,8,9,19,1715,1,2,3,1,3,42187,M,,,42
200800050595,8,9,22,1530,1,2,1,1,4,42127,M,,,42
200800050596,8,9,23,1700,1,2,3,1,3,42187,M,,,42
200800050597,8,9,12,1700,1,2,1,1,3,42110,M,,,42
200800050598,8,9,17,1705,1,2,6,1,3,42207,M,,,42
200800050599,8,9,17,1700,1,2,2,1,3,42110,M,,,42
200800050600,8,9,12,1720,1,2,3,1,1,42110,M,,,42
200800050601,8,9,2,1650,1,2,2,1,3,42218,M,4544008.0,442836.0,42
200800050602,8,9,2,1817,1,2,1,1,6,42218,M,,,42
200800050603,8,9,3,552,2,2,3,1,3,42218,M,,,42
200800050604,8,9,4,1342,1,1,1,2,3,42223,M,,,42
200800050605,8,9,5,1620,1,2,1,1,6,42218,M,,,42
200800050606,8,9,9,1934,1,2,2,1,3,42305,M,4546862.0,443397.0,42
200800050607,8,9,12,1712,1,2,3,1,3,42218,M,,,42
200800050608,8,9,13,1419,1,2,3,1,3,42218,M,,,42
200800050609,8,9,13,1613,1,2,3,2,1,42218,M,,,42
200800050610,8,9,15,510,4,2,3,1,3,42218,M,,,42
200800050611,8,9,16,1335,1,2,4,1,6,42218,M,,,42
200800050612,8,9,15,1705,1,2,1,7,2,42218,M,4542540.0,441070.0,42
200800050613,8,9,17,622,3,2,9,1,3,42330,M,,,42
200800050614,8,9,18,1240,1,2,3,1,2,42218,M,,,42
200800050615,8,9,18,1615,1,2,1,1,6,42218,M,,,42
200800050616,8,9,18,1723,1,2,6,2,6,42218,M,4542054.0,441070.0,42
200800050617,8,9,19,1735,1,1,1,1,2,42223,M,4545367.0,439854.0,42
200800050618,8,9,20,1720,1,2,1,1,6,42218,M,4543766.0,439347.0,42
200800050619,8,9,22,1526,1,2,4,1,2,42218,M,4542863.0,438220.0,42
200800050620,8,9,23,743,1,2,1,1,6,42223,M,,,42
200800050621,8,9,23,2210,1,2,2,1,3,42218,M,,,42
200800050622,8,9,24,1355,1,2,1,1,3,42218,M,,,42
200800050623,8,9,24,1750,1,2,1,1,3,42218,M,,,42
200800050624,8,9,25,1345,1,2,1,1,2,42218,M,,,42
200800050625,8,9,25,1636,1,2,1,1,4,42218,M,,,42
200800050626,8,9,25,1750,1,1,3,1,3,42223,M,4545267.0,434278.0,42
200800050627,8,9,27,2100,5,2,2,1,6,42218,M,4544487.0,438462.0,42
200800050628,8,9,29,852,1,2,1,1,6,42218,M,,,42
200800050629,8,9,30,806,1,2,1,8,6,42218,M,,,42
200800050630,8,9,30,1400,1,2,3,1,3,42218,M,,,42
200800050631,8,9,6,1650,1,2,1,1,6,43041,M,,,43
200800050632,8,9,18,1705,1,2,1,2,6,43157,M,,,43
200800050633,8,9,19,1625,1,2,2,1,3,43089,M,,,43
200800050634,8,9,24,1900,1,2,1,1,1,43157,M,,,43
200800050635,8,9,4,2125,3,1,1,1,7,44055,M,,,44
200800050636,8,9,12,800,1,2,6,1,7,44132,M,,,44
200800050637,8,9,17,1200,1,2,1,1,6,44132,M,,,44
200800050638,8,9,1,1415,1,2,1,1,7,44109,M,,,44
200800050639,8,9,1,1220,1,2,3,1,6,44109,M,,,44
200800050640,8,9,2,840,1,2,1,1,7,44109,M,,,44
200800050641,8,9,3,1020,1,2,1,3,3,44162,M,,,44
200800050642,8,9,2,1615,1,2,6,3,3,44162,M,,,44
200800050643,8,9,3,1425,1,2,2,2,2,44109,M,,,44
200800050644,8,9,3,2120,5,2,6,1,3,44162,M,,,44
200800050645,8,9,2,1025,1,2,1,1,6,44109,M,,,44
200800050646,8,9,4,1500,1,2,2,1,3,44109,M,,,44
200800050647,8,9,3,1905,1,2,6,1,3,44109,M,,,44
200800050648,8,9,5,905,1,2,3,3,2,44109,M,,,44
200800050649,8,9,5,1450,1,2,2,1,6,44215,M,,,44
200800050650,8,9,5,1710,1,2,1,1,7,44109,M,,,44
200800050651,8,9,6,2125,4,2,1,2,2,44162,M,,,44
200800050652,8,9,6,1300,1,2,2,1,6,44109,M,,,44
200800050653,8,9,8,700,2,2,1,1,3,44162,M,,,44
200800050654,8,9,6,905,1,2,6,1,6,44190,M,,,44
200800050655,8,9,8,1255,1,2,1,1,4,44109,M,,,44
200800050656,8,9,8,1850,1,2,1,1,3,44109,M,,,44
200800050657,8,9,9,1815,1,2,3,1,6,44109,M,,,44
200800050658,8,9,9,1845,1,2,1,1,3,44109,M,,,44
200800050659,8,9,9,1610,1,2,1,1,2,44109,M,,,44
200800050660,8,9,10,1120,1,2,3,1,6,44109,M,,,44
200800050661,8,9,10,1915,1,2,1,7,6,44109,M,,,44
200800050662,8,9,10,1550,1,2,1,1,6,44109,M,,,44
200800050663,8,9,11,1115,1,2,6,3,3,44109,M,,,44
200800050664,8,9,9,1730,1,2,1,1,6,44190,M,,,44
200800050665,8,9,11,750,1,1,1,1,6,44109,M,,,44
200800050666,8,9,12,915,1,2,1,1,6,44109,M,,,44
200800050667,8,9,11,1220,1,2,1,1,6,44109,M,,,44
200800050668,8,9,14,1905,1,1,1,1,7,44109,M,,,44
200800050669,8,9,14,1530,1,2,3,1,6,44109,M,,,44
200800050670,8,9,13,930,1,2,2,1,3,44190,M,,,44
200800050671,8,9,15,1540,1,2,1,1,2,44109,M,,,44
200800050672,8,9,15,1805,1,2,6,1,2,44109,M,,,44
200800050673,8,9,15,1839,1,2,8,1,6,44109,M,,,44
200800050674,8,9,15,1720,1,2,1,1,2,44162,M,,,44
200800050675,8,9,15,1955,1,2,3,1,6,44162,M,,,44
200800050676,8,9,19,820,1,2,1,1,6,44162,M,,,44
200800050677,8,9,18,1320,1,2,6,1,3,44109,M,,,44
200800050678,8,9,19,1050,1,2,2,1,1,44109,M,,,44
200800050679,8,9,21,955,1,2,1,1,6,44162,M,,,44
200800050680,8,9,19,2215,5,2,1,1,2,44109,M,,,44
200800050681,8,9,22,735,1,1,1,1,7,44215,M,,,44
200800050682,8,9,23,900,1,2,1,1,6,44143,M,,,44
200800050683,8,9,23,940,1,2,1,1,6,44109,M,,,44
200800050684,8,9,23,1130,1,2,2,1,6,44109,M,,,44
200800050685,8,9,23,1605,5,2,1,1,6,44109,M,,,44
200800050686,8,9,23,1615,1,2,2,1,6,44109,M,,,44
200800050687,8,9,24,735,2,2,1,2,3,44109,M,,,44
200800050688,8,9,19,845,1,2,1,1,6,44114,M,,,44
200800050689,8,9,25,1300,1,2,1,1,6,44109,M,,,44
200800050690,8,9,25,1710,1,2,1,1,6,44143,M,,,44
200800050691,8,9,26,835,1,2,6,1,2,44143,M,,,44
200800050692,8,9,24,1800,1,2,6,1,6,44143,M,,,44
200800050693,8,9,26,425,5,2,1,1,2,44109,M,,,44
200800050694,8,9,26,1815,1,2,6,1,3,44109,M,,,44
200800050695,8,9,26,1440,1,2,1,1,2,44109,M,,,44
200800050696,8,9,28,1625,1,2,6,1,6,44109,M,,,44
200800050697,8,9,29,845,1,2,2,1,6,44143,M,,,44
200800050698,8,9,29,2140,5,2,1,1,6,44109,M,,,44
200800050699,8,9,11,1735,1,2,1,1,6,44109,M,,,44
200800050700,8,9,28,1520,1,1,2,1,1,44162,M,,,44
200800050701,8,9,3,1150,1,2,3,1,5,44184,M,,,44
200800050702,8,9,5,1940,1,1,1,2,7,44184,M,,,44
200800050703,8,9,17,1710,1,2,4,1,2,44184,M,,,44
200800050704,8,9,22,744,1,2,1,1,3,44184,M,,,44