Num_Acc,an,mois,jour,hrmn,lum,agg,int,atm,col,com,gps,lat,long,dep
200800050705,8,9,23,910,1,2,1,1,2,44184,M,,,44
200800050706,8,9,25,1945,1,2,1,1,7,44184,M,,,44
200800050707,8,9,26,1235,1,1,1,1,7,44184,M,,,44
200800050708,8,9,27,2225,5,2,1,1,7,44184,M,,,44
200800050709,8,9,30,1710,1,2,2,1,3,44184,M,,,44
200800050710,8,9,26,2300,3,1,1,1,6,45004,M,,,45
200800050711,8,9,1,1120,1,2,1,1,6,45284,M,,,45
200800050712,8,9,1,2315,5,2,1,1,6,45147,M,,,45
200800050713,8,9,3,1330,1,2,1,2,7,45308,M,,,45
200800050714,8,9,3,1630,1,2,1,1,2,45234,M,,,45
200800050715,8,9,4,1623,1,2,1,1,6,45234,M,,,45
200800050716,8,9,6,1515,1,2,1,1,3,45286,M,,,45
200800050717,8,9,9,825,1,2,3,1,3,45232,M,,,45
200800050718,8,9,9,2000,1,2,4,1,3,45234,M,,,45
200800050719,8,9,10,1615,1,2,1,1,4,45234,M,,,45
200800050720,8,9,12,1740,1,2,1,1,6,45232,M,,,45
200800050721,8,9,15,1740,1,1,1,1,2,45302,M,,,45
200800050722,8,9,17,1755,1,2,3,1,3,45284,M,,,45
200800050723,8,9,18,2110,5,2,3,1,3,45234,M,,,45
200800050724,8,9,18,1635,1,2,1,1,6,45234,M,,,45
200800050725,8,9,23,1923,1,2,3,1,3,45286,M,,,45
200800050726,8,9,19,2140,1,2,3,1,3,45302,M,,,45
200800050727,8,9,20,1130,1,2,1,1,2,45234,M,,,45
200800050728,8,9,21,1810,1,2,6,1,3,45234,M,,,45
200800050729,8,9,27,2023,5,2,2,1,2,45234,M,,,45
200800050730,8,9,24,1943,5,2,2,1,3,45234,M,,,45
200800050731,8,9,25,1155,1,2,1,1,3,45234,M,,,45
200800050732,8,9,29,755,1,2,1,1,2,45234,M,,,45
200800050733,8,9,29,907,1,2,1,1,1,45302,M,,,45
200800050734,8,9,29,1302,1,2,1,1,3,45285,M,,,45
200800050735,8,9,30,1321,1,2,1,1,3,45234,M,,,45
200800050736,8,9,11,1740,1,2,8,1,3,46042,M,,,46
200800050737,8,9,18,1740,1,2,1,1,6,46042,M,,,46
200800050738,8,9,20,1506,1,2,1,1,6,46042,M,,,46
200800050739,8,9,22,715,2,2,1,1,1,46042,M,,,46
200800050740,8,9,27,1945,2,2,1,1,2,46042,M,,,46
200800050741,8,9,7,1610,1,2,2,1,3,47001,M,,,47
200800050742,8,9,10,1628,1,2,3,1,6,47201,M,,,47
200800050743,8,9,15,1614,1,2,1,1,3,47031,M,,,47
200800050744,8,9,16,821,1,2,1,1,2,47001,M,,,47
200800050745,8,9,21,930,1,2,1,1,3,47001,M,,,47
200800050746,8,9,23,1753,1,2,1,1,1,47201,M,,,47
200800050747,8,9,28,2010,5,2,1,1,2,47001,M,,,47
200800050748,8,9,14,505,3,1,1,1,7,47323,M,,,47
200800050749,8,9,26,1230,1,2,1,1,1,48095,M,4452353.0,351459.0,48
200800050750,8,9,26,1930,1,1,1,1,1,48095,M,4454387.0,345699.0,48
200800050751,8,9,27,1535,1,2,1,1,6,48095,M,4451889.0,348378.0,48
200800050752,8,9,1,1121,1,2,1,1,1,49007,M,,,49
200800050753,8,9,1,1711,1,2,1,1,3,49007,M,,,49
200800050754,8,9,1,1258,1,2,1,1,3,49007,M,,,49
200800050755,8,9,2,1211,1,1,1,1,7,49007,M,,,49
200800050756,8,9,3,805,1,2,1,2,7,49015,M,,,49
200800050757,8,9,3,914,1,2,1,2,1,49007,M,,,49
200800050758,8,9,3,758,1,2,1,2,7,49007,M,,,49
200800050759,8,9,3,805,1,2,1,3,7,49007,M,,,49
200800050760,8,9,3,1316,1,2,1,2,7,49007,M,,,49
200800050761,8,9,3,1332,1,2,1,2,7,49007,M,,,49
200800050762,8,9,4,938,1,2,1,1,7,49007,M,,,49
200800050763,8,9,4,2050,5,2,1,1,6,49007,M,,,49
200800050764,8,9,5,1025,1,2,1,1,5,49007,M,,,49
200800050765,8,9,5,1241,1,1,1,1,2,49267,M,,,49
200800050766,8,9,5,1444,1,2,1,1,7,49007,M,,,49
200800050767,8,9,5,1739,1,2,1,1,6,49007,M,,,49
200800050768,8,9,5,1814,1,2,1,1,6,49007,M,,,49
200800050769,8,9,5,2303,3,1,1,1,7,49353,M,,,49
200800050770,8,9,9,1505,1,2,1,1,1,49007,M,,,49
200800050771,8,9,6,1957,1,2,1,1,2,49007,M,,,49
200800050772,8,9,8,1552,1,2,1,1,3,49007,M,,,49
200800050773,8,9,8,1904,1,2,1,1,3,49007,M,,,49
200800050774,8,9,9,1425,1,2,1,1,2,49007,M,,,49
200800050775,8,9,9,1814,1,2,1,1,7,49007,M,,,49
200800050776,8,9,10,1405,1,2,1,1,3,49007,M,,,49
200800050777,8,9,11,1757,1,2,1,2,7,49007,M,,,49
200800050778,8,9,11,2224,5,2,2,1,5,49007,M,,,49
200800050779,8,9,12,1134,1,2,1,1,7,49007,M,,,49
200800050780,8,9,12,1425,1,2,1,1,3,49007,M,,,49
200800050781,8,9,12,1557,1,2,1,2,2,49007,M,,,49
200800050782,8,9,12,1820,1,2,2,2,3,49007,M,,,49
200800050783,8,9,12,1925,1,2,1,1,3,49007,M,,,49
200800050784,8,9,14,2000,2,2,1,1,2,49007,M,,,49
200800050785,8,9,13,2100,5,2,2,1,3,49007,M,,,49
200800050786,8,9,14,154,5,2,1,1,7,49007,M,,,49
200800050787,8,9,15,544,5,2,2,1,3,49007,M,,,49
200800050788,8,9,15,1400,1,2,1,1,6,49007,M,,,49
200800050789,8,9,16,1452,1,2,1,1,7,49007,M,,,49
200800050790,8,9,16,1640,1,2,1,1,7,49246,M,,,49
200800050791,8,9,16,1706,1,2,1,1,7,49007,M,,,49
200800050792,8,9,16,1822,1,2,1,1,6,49007,M,,,49
200800050793,8,9,12,1950,1,2,1,1,3,49007,M,,,49
200800050794,8,9,17,750,1,2,1,1,7,49007,M,,,49
200800050795,8,9,18,1,5,2,2,1,3,49007,M,,,49
200800050796,8,9,18,714,2,2,1,1,7,49007,M,,,49
200800050797,8,9,18,1818,1,2,1,1,6,49007,M,,,49
200800050798,8,9,19,1819,1,2,1,1,6,49007,M,,,49
200800050799,8,9,20,1115,1,2,1,1,2,49007,M,,,49
200800050800,8,9,20,1910,1,2,1,1,7,49353,M,,,49
200800050801,8,9,21,1145,1,1,3,1,3,49015,M,,,49
200800050802,8,9,21,2045,3,2,1,1,7,49007,M,,,49
200800050803,8,9,23,1320,1,2,1,1,2,49007,M,,,49
200800050804,8,9,23,747,2,2,1,1,3,49007,M,,,49
200800050805,8,9,24,1240,1,2,6,1,7,49007,M,,,49
200800050806,8,9,24,750,1,2,1,1,7,49007,M,,,49
200800050807,8,9,26,1220,1,2,1,1,6,49007,M,,,49
200800050808,8,9,26,1435,1,2,1,1,1,49007,M,,,49
200800050809,8,9,26,1747,1,2,1,1,6,49007,M,,,49
200800050810,8,9,26,2314,5,2,1,1,2,49007,M,,,49
200800050811,8,9,27,212,5,2,1,1,2,49015,M,,,49
200800050812,8,9,27,1437,1,2,1,1,6,49007,M,,,49
200800050813,8,9,29,1750,1,2,1,1,7,49015,M,,,49
200800050814,8,9,29,1856,1,2,1,1,6,49007,M,,,49
200800050815,8,9,30,45,5,2,1,1,6,49007,M,,,49
200800050816,8,9,11,1700,1,2,1,2,2,49099,M,,,49
200800050817,8,9,24,1120,1,2,2,2,2,49099,M,,,49
200800050818,8,9,26,1630,1,1,1,1,5,49099,M,,,49
200800050819,8,9,27,1940,1,2,1,1,3,49099,M,,,49
200800050820,8,9,27,2030,5,2,1,1,6,49099,M,,,49
200800050821,8,9,30,1230,1,2,1,1,3,49099,M,,,49
200800050822,8,9,12,1525,1,2,6,1,6,49328,M,,,49
200800050823,8,9,15,725,1,2,1,1,6,49328,M,,,49
200800050824,8,9,17,1645,1,2,6,1,6,49328,M,,,49
200800050825,8,9,20,35,5,2,2,1,3,49328,M,,,49
200800050826,8,9,26,1115,1,2,3,1,5,49328,M,,,49
200800050827,8,9,1,1840,1,2,1,1,6,50129,M,,,50
200800050828,8,9,6,1415,1,2,3,1,1,50129,M,,,50
200800050829,8,9,6,1655,1,2,1,1,2,50173,M,,,50
200800050830,8,9,6,1830,1,2,1,1,4,50129,M,,,50
200800050831,8,9,10,735,1,2,2,8,3,50602,M,,,50
200800050832,8,9,11,1625,1,2,1,1,6,50129,M,,,50
200800050833,8,9,16,1220,1,2,3,1,1,50129,M,,,50
200800050834,8,9,16,1425,1,2,1,1,7,50129,M,,,50
200800050835,8,9,19,2220,5,2,1,1,2,50129,M,,,50
200800050836,8,9,20,1835,1,2,1,1,2,50173,M,,,50
200800050837,8,9,26,2015,5,2,1,1,3,50129,M,,,50
200800050838,8,9,30,1425,1,2,2,2,3,50602,M,,,50
200800050839,8,9,30,1735,1,2,2,2,3,50129,M,,,50
200800050840,8,9,12,40,5,2,1,2,7,50218,M,,,50
200800050841,8,9,17,10,3,1,1,1,7,50532,M,,,50
200800050842,8,9,30,2140,5,2,3,1,7,50532,M,,,50
200800050843,8,9,5,1500,1,2,1,1,6,50502,M,,,50
200800050844,8,9,22,935,1,2,1,7,6,50502,M,,,50
200800050845,8,9,6,1640,1,2,1,1,6,51108,M,,,51
200800050846,8,9,19,1215,1,2,6,1,3,51108,M,,,51
200800050847,8,9,3,845,1,2,2,2,3,91114,M,,,91
200800050848,8,9,3,1420,1,2,1,2,1,91097,M,,,91
200800050849,8,9,4,2135,5,2,6,2,3,91114,M,,,91
200800050850,8,9,10,1945,1,2,1,1,3,91114,M,,,91
200800050851,8,9,12,855,1,2,1,1,4,91514,M,,,91
200800050852,8,9,18,845,1,2,1,1,3,91631,M,,,91
200800050853,8,9,19,920,1,1,1,1,2,91114,M,,,91
200800050854,8,9,21,1925,2,2,1,1,5,91514,M,,,91
200800050855,8,9,26,830,1,2,1,1,3,91174,M,,,91
200800050856,8,9,23,750,1,2,1,1,3,91174,M,,,91
200800050857,8,9,20,1600,1,2,1,1,2,91174,M,,,91
200800050858,8,9,5,740,1,2,3,1,3,91201,M,,,91
200800050859,8,9,11,135,3,2,1,1,1,91201,M,,,91
200800050860,8,9,15,1540,1,2,1,1,3,91201,M,,,91
200800050861,8,9,19,900,1,2,1,1,6,91201,M,,,91
200800050862,8,9,19,1320,1,2,1,1,3,91201,M,,,91
200800050863,8,9,22,1115,1,2,1,1,6,91201,M,,,91
200800050864,8,9,24,2005,1,2,6,1,1,91657,M,,,91
200800050865,8,9,26,1310,1,2,1,1,2,91201,M,,,91
200800050866,8,9,28,435,5,2,1,1,6,91201,M,,,91
200800050867,8,9,29,1850,1,2,1,1,2,91201,M,,,91
200800050868,8,9,1,1215,1,1,1,1,7,91433,M,,,91
200800050869,8,9,3,1005,1,1,1,2,7,91223,M,,,91
200800050870,8,9,10,1155,1,2,1,1,6,91223,M,,,91
200800050871,8,9,11,1640,1,2,1,1,6,91223,M,,,91
200800050872,8,9,20,1750,1,1,9,1,6,91223,M,,,91
200800050873,8,9,9,1600,1,2,1,2,6,91521,M,,,91
200800050874,8,9,11,910,1,2,3,1,3,91228,M,,,91
200800050875,8,9,12,900,1,2,3,1,3,91228,M,,,91
200800050876,8,9,21,1955,5,2,1,1,2,91182,M,,,91
200800050877,8,9,23,1858,1,2,1,1,1,91521,M,,,91
200800050878,8,9,27,850,1,2,1,1,3,91182,M,,,91
200800050879,8,9,1,1920,1,2,2,1,6,91326,M,,,91
200800050880,8,9,3,1715,1,2,1,1,6,91687,M,,,91
200800050881,8,9,26,1855,1,2,3,1,6,91687,M,,,91
200800050882,8,9,6,2130,5,2,1,1,6,91687,M,,,91
200800050883,8,9,5,1530,1,2,1,1,3,91377,M,,,91
200800050884,8,9,4,1200,1,2,1,1,2,91691,M,,,91
200800050885,8,9,10,1910,1,2,2,1,3,91691,M,,,91
200800050886,8,9,14,1905,1,2,3,1,6,91421,M,,,91
200800050887,8,9,19,1710,1,2,1,1,6,91691,M,,,91
200800050888,8,9,22,840,1,2,1,1,3,91691,M,,,91
200800050889,8,9,24,1320,1,2,1,1,2,91191,M,,,91
200800050890,8,9,30,1530,1,2,1,2,5,91191,M,,,91
200800050891,8,9,1,1710,1,2,1,1,7,91477,M,,,91
200800050892,8,9,3,1030,1,2,3,1,7,91477,M,,,91
200800050893,8,9,3,1225,1,2,1,2,1,91477,M,,,91
200800050894,8,9,4,1740,1,1,1,1,7,91471,M,,,91
200800050895,8,9,4,1745,1,2,1,1,6,91064,M,,,91
200800050896,8,9,5,920,1,1,6,1,2,91692,M,,,91
200800050897,8,9,5,1410,1,1,1,2,6,91477,M,,,91
200800050898,8,9,5,2130,4,2,1,1,6,91477,M,,,91
200800050899,8,9,8,1655,1,1,1,1,6,91471,M,,,91
200800050900,8,9,9,944,1,1,1,1,3,91477,M,,,91
200800050901,8,9,10,1845,1,2,1,1,6,91064,M,,,91
200800050902,8,9,13,1955,5,2,1,1,6,91471,M,,,91
200800050903,8,9,14,950,1,2,3,1,6,91477,M,,,91
200800050904,8,9,14,2125,3,1,1,1,2,91064,M,,,91
200800050905,8,9,15,1800,1,1,1,1,1,91122,M,,,91
200800050906,8,9,16,1500,1,2,1,1,2,91312,M,,,91
200800050907,8,9,17,1445,1,2,1,1,4,91064,M,,,91
200800050908,8,9,23,825,1,2,1,1,3,91477,M,,,91
200800050909,8,9,21,1640,1,2,1,1,1,91122,M,,,91
200800050910,8,9,21,1700,1,1,1,1,3,91471,M,,,91
200800050911,8,9,24,1900,1,2,1,1,6,91477,M,,,91
200800050912,8,9,24,1955,2,2,1,1,3,91122,M,,,91
200800050913,8,9,26,1020,1,2,1,1,3,91312,M,,,91
200800050914,8,9,30,1220,1,2,3,2,3,91471,M,,,91
200800050915,8,9,1,1555,1,2,1,2,5,91570,M,,,91
200800050916,8,9,15,1805,1,2,1,1,6,91549,M,,,91
200800050917,8,9,17,1650,1,2,1,1,6,91549,M,,,91
200800050918,8,9,25,1750,1,2,1,1,2,91549,M,,,91
200800050919,8,9,27,1430,1,2,2,1,3,91667,M,,,91
200800050920,8,9,29,800,2,2,2,1,3,91549,M,,,91
200800050921,8,9,2,2140,5,2,2,2,6,92002,M,,,92
200800050922,8,9,2,2220,5,2,1,2,1,92002,M,,,92
200800050923,8,9,8,1040,1,2,1,1,3,92014,M,,,92
200800050924,8,9,10,1220,1,2,2,1,3,92002,M,,,92
200800050925,8,9,16,1300,1,2,1,1,6,92014,M,,,92
200800050926,8,9,16,1915,1,2,1,1,3,92002,M,,,92
200800050927,8,9,29,1935,2,2,3,1,6,92002,M,,,92
200800050928,8,9,12,1245,1,2,2,1,6,92004,M,,,92
200800050929,8,9,7,1905,5,2,2,1,3,92004,M,,,92
200800050930,8,9,10,1815,1,2,3,1,6,92004,M,,,92
200800050931,8,9,10,2020,5,2,2,1,3,92004,M,,,92
200800050932,8,9,11,120,5,2,3,1,6,92004,M,,,92
200800050933,8,9,11,850,1,2,2,1,3,92004,M,,,92
200800050934,8,9,12,830,1,2,1,2,6,92004,M,,,92
200800050935,8,9,15,1950,4,2,1,1,6,92004,M,,,92
200800050936,8,9,17,1210,1,2,1,1,3,92004,M,,,92
200800050937,8,9,17,1840,4,2,3,1,3,92004,M,,,92
200800050938,8,9,19,1815,1,2,3,2,5,92004,M,,,92
200800050939,8,9,24,1220,1,2,2,1,6,92004,M,,,92
200800050940,8,9,26,805,1,1,3,1,3,92004,M,,,92
200800050941,8,9,27,1840,1,2,3,1,6,92004,M,,,92
200800050942,8,9,4,1315,1,2,2,1,2,92007,M,,,92
200800050943,8,9,5,710,1,2,2,1,3,92007,M,,,92
200800050944,8,9,5,1615,1,2,1,3,6,92007,M,,,92
200800050945,8,9,10,830,1,2,2,1,3,92007,M,,,92
200800050946,8,9,5,110,5,2,2,1,6,92012,M,,,92
200800050947,8,9,5,1835,1,2,1,1,6,92012,M,,,92
200800050948,8,9,9,845,1,2,3,1,6,92012,M,,,92
200800050949,8,9,10,1210,1,2,2,1,6,92012,M,,,92
200800050950,8,9,11,2125,4,2,2,1,2,92012,M,,,92
200800050951,8,9,12,1450,1,2,1,1,6,92012,M,,,92
200800050952,8,9,11,1435,1,2,3,1,1,92012,M,,,92
200800050953,8,9,18,1555,1,2,1,1,3,92012,M,,,92
200800050954,8,9,23,835,1,1,1,1,3,92012,M,,,92
200800050955,8,9,19,1915,2,2,1,1,6,92012,M,,,92
200800050956,8,9,23,1320,1,2,1,1,2,92012,M,,,92
200800050957,8,9,23,1600,1,2,1,1,2,92012,M,,,92
200800050958,8,9,24,1345,1,2,2,1,6,92012,M,,,92
200800050959,8,9,28,1245,1,1,1,2,2,92012,M,,,92
200800050960,8,9,30,2020,5,2,1,1,6,92012,M,,,92
200800050961,8,9,4,755,1,2,1,1,3,92019,M,,,92
200800050962,8,9,15,1720,1,2,1,1,2,92019,M,,,92
200800050963,8,9,16,1825,1,2,1,1,5,92019,M,,,92
200800050964,8,9,18,1730,1,2,1,1,6,92071,M,,,92
200800050965,8,9,23,915,1,2,3,1,1,92032,M,,,92
200800050966,8,9,23,825,1,2,6,1,3,92032,M,,,92
200800050967,8,9,24,900,1,2,3,2,3,92032,M,,,92
200800050968,8,9,27,2110,5,2,6,1,3,92019,M,,,92
200800050969,8,9,30,935,1,2,3,2,3,92071,M,,,92
200800050970,8,9,30,1805,2,2,1,2,6,92071,M,,,92
200800050971,8,9,1,1635,1,2,1,1,6,92024,M,,,92
200800050972,8,9,4,1130,1,2,2,1,6,92024,M,,,92
200800050973,8,9,7,2000,1,2,2,1,3,92024,M,,,92
200800050974,8,9,8,1740,1,2,1,1,5,92024,M,,,92
200800050975,8,9,12,1220,1,1,2,1,3,92024,M,,,92
200800050976,8,9,19,2220,5,2,3,1,3,92024,M,,,92
200800050977,8,9,19,1645,1,2,2,1,3,92024,M,,,92
200800050978,8,9,26,910,1,2,1,1,3,92024,M,,,92
200800050979,8,9,26,1930,1,2,3,1,6,92024,M,,,92
200800050980,8,9,29,2120,5,2,3,1,6,92024,M,,,92
200800050981,8,9,26,1910,1,2,2,1,3,92024,M,,,92
200800050982,8,9,30,1110,1,2,3,2,3,92024,M,,,92
200800050983,8,9,11,1015,1,2,1,1,3,92002,M,,,92
200800050984,8,9,2,1530,1,2,3,1,3,92025,M,,,92
200800050985,8,9,7,1850,1,2,3,1,3,92025,M,,,92
200800050986,8,9,9,1805,1,2,3,1,3,92025,M,,,92
200800050987,8,9,10,1310,1,2,3,1,3,92025,M,,,92
200800050988,8,9,11,840,1,2,1,1,3,92025,M,,,92
200800050989,8,9,13,1550,1,2,2,1,2,92025,M,,,92
200800050990,8,9,16,2000,2,2,2,1,3,92025,M,,,92
200800050991,8,9,18,1325,1,2,4,1,6,92025,M,,,92
200800050992,8,9,18,1945,1,2,2,1,1,92025,M,,,92
200800050993,8,9,19,800,1,2,1,1,6,92025,M,,,92
200800050994,8,9,19,2120,5,2,2,1,3,92025,M,,,92
200800050995,8,9,20,1930,1,2,2,1,3,92025,M,,,92
200800050996,8,9,22,1030,1,2,1,1,2,92025,M,,,92
200800050997,8,9,23,940,1,2,2,1,3,92025,M,,,92
200800050998,8,9,27,1920,5,2,3,1,3,92025,M,,,92
200800050999,8,9,29,1223,1,2,1,1,3,92025,M,,,92
200800051000,8,9,3,1130,1,2,1,8,6,92026,M,,,92
200800051001,8,9,10,1955,1,2,2,1,3,92026,M,,,92
200800051002,8,9,11,1445,1,2,2,8,6,92026,M,,,92
200800051003,8,9,15,1045,1,2,2,1,6,92026,M,,,92
200800051004,8,9,17,415,5,1,1,1,6,92026,M,,,92
200800051005,8,9,19,1400,1,2,1,1,3,92026,M,,,92
200800051006,8,9,23,1630,1,2,3,1,6,92026,M,,,92
200800051007,8,9,29,820,1,2,1,1,6,92026,M,,,92
200800051008,8,9,30,2330,5,2,3,2,7,92026,M,,,92
200800051009,8,9,30,1225,1,2,2,2,7,92026,M,,,92
200800051010,8,9,3,1800,1,2,1,1,3,92036,M,,,92
200800051011,8,9,5,1050,1,2,1,2,3,92036,M,,,92
200800051012,8,9,16,800,1,2,1,1,6,92036,M,,,92
200800051013,8,9,16,1800,1,2,1,1,3,92036,M,,,92
200800051014,8,9,17,1855,1,2,3,1,3,92036,M,,,92
200800051015,8,9,20,1840,1,2,9,1,3,92036,M,,,92
200800051016,8,9,22,1155,1,2,3,1,3,92036,M,,,92
200800051017,8,9,22,1825,1,2,9,1,3,92036,M,,,92
200800051018,8,9,26,805,1,2,9,1,3,92036,M,,,92
200800051019,8,9,29,1935,5,2,9,1,3,92036,M,,,92
200800051020,8,9,26,2055,5,2,1,1,2,92040,M,,,92
200800051021,8,9,4,1610,1,2,1,1,3,92040,M,,,92
200800051022,8,9,3,1405,1,2,1,2,7,92040,M,,,92
200800051023,8,9,4,1800,1,2,1,1,3,92040,M,,,92
200800051024,8,9,12,230,5,2,3,1,6,92040,M,,,92
200800051025,8,9,23,1720,2,2,1,1,6,92040,M,,,92
200800051026,8,9,25,830,1,2,1,1,7,92040,M,,,92
200800051027,8,9,28,1530,1,2,1,1,7,92040,M,,,92
200800051028,8,9,29,1225,1,2,1,1,6,92040,M,,,92
200800051029,8,9,30,915,1,2,3,2,2,92040,M,,,92
200800051030,8,9,30,830,1,2,1,2,3,92040,M,,,92
200800051031,8,9,4,2110,5,2,1,2,6,92044,M,,,92
200800051032,8,9,19,1125,1,2,2,1,6,92044,M,,,92
200800051033,8,9,26,810,1,2,2,1,3,92044,M,,,92
200800051034,8,9,26,1845,1,2,2,1,3,92044,M,,,92
200800051035,8,9,27,2000,5,2,3,1,3,92044,M,,,92
200800051036,8,9,28,2010,5,2,2,1,6,92044,M,,,92
200800051037,8,9,29,940,1,2,2,1,3,92044,M,,,92
200800051038,8,9,8,1810,1,2,1,1,2,92048,M,,,92
200800051039,8,9,13,1035,1,2,3,1,1,92048,M,,,92
200800051040,8,9,15,1700,1,2,1,1,3,92048,M,,,92
200800051041,8,9,23,1325,1,2,2,1,6,92048,M,,,92
200800051042,8,9,24,920,1,2,1,2,3,92048,M,,,92
200800051043,8,9,27,1635,1,2,7,1,1,92048,M,,,92
200800051044,8,9,29,810,1,2,1,1,6,92048,M,,,92
200800051045,8,9,1,2115,5,2,1,1,6,92020,M,,,92
200800051046,8,9,5,1730,1,2,1,8,6,92049,M,,,92
200800051047,8,9,10,1800,1,2,1,1,3,92020,M,,,92
200800051048,8,9,12,1850,1,2,1,1,6,92049,M,,,92
200800051049,8,9,14,1830,1,2,2,1,3,92049,M,,,92
200800051050,8,9,14,550,5,2,1,1,6,92020,M,,,92
200800051051,8,9,15,1230,1,2,1,1,2,92020,M,,,92
200800051052,8,9,19,1120,1,2,1,1,6,92049,M,,,92
200800051053,8,9,28,2240,5,2,1,1,2,92049,M,,,92
200800051054,8,9,2,1115,1,2,4,1,6,92050,M,,,92
200800051055,8,9,2,1245,1,2,9,1,6,92050,M,,,92
200800051056,8,9,8,1900,1,2,1,1,3,92050,M,,,92
200800051057,8,9,10,1300,1,2,1,1,3,92050,M,,,92
200800051058,8,9,16,1320,1,2,2,1,1,92050,M,,,92
200800051059,8,9,19,940,1,2,2,1,3,92050,M,,,92
200800051060,8,9,21,1400,1,2,6,1,3,92050,M,,,92
200800051061,8,9,24,550,2,2,1,2,3,92050,M,,,92
200800051062,8,9,26,925,1,2,1,1,6,92050,M,,,92
200800051063,8,9,6,1410,1,2,1,1,6,92051,M,,,92
200800051064,8,9,2,1420,1,2,2,1,3,92062,M,,,92
200800051065,8,9,12,1820,1,2,1,1,3,92062,M,,,92
200800051066,8,9,13,940,1,2,2,1,3,92062,M,,,92
200800051067,8,9,16,1350,1,2,2,1,3,92062,M,,,92
200800051068,8,9,3,1235,1,2,3,1,3,92062,M,,,92
200800051069,8,9,20,1330,1,2,2,1,3,92062,M,,,92
200800051070,8,9,24,1140,1,2,3,1,3,92062,M,,,92
200800051071,8,9,27,2105,4,2,1,1,6,92062,M,,,92
200800051072,8,9,3,20,5,2,2,2,3,92063,M,,,92
200800051073,8,9,3,1115,1,2,2,1,6,92063,M,,,92
200800051074,8,9,8,1650,1,2,1,1,1,92063,M,,,92
200800051075,8,9,8,1845,1,2,1,1,6,92063,M,,,92
200800051076,8,9,11,1940,2,2,1,2,6,92063,M,,,92
200800051077,8,9,12,1350,1,2,3,1,3,92063,M,,,92
200800051078,8,9,15,1745,1,2,1,1,3,92063,M,,,92
200800051079,8,9,18,1410,1,2,2,1,3,92063,M,,,92
200800051080,8,9,19,925,1,2,6,1,4,92063,M,,,92
200800051081,8,9,24,1620,1,2,2,1,2,92050,M,,,92
200800051082,8,9,26,1415,1,2,4,1,3,92063,M,,,92
200800051083,8,9,26,2150,2,2,1,1,3,92063,M,,,92
200800051084,8,9,30,1355,1,2,2,1,3,92063,M,,,92
200800051085,8,9,30,1210,1,2,1,2,3,92063,M,,,92
200800051086,8,9,30,1940,2,2,1,2,2,92063,M,,,92
200800051087,8,9,6,1650,1,2,1,1,6,92064,M,,,92
200800051088,8,9,12,835,1,2,1,8,3,92033,M,,,92
200800051089,8,9,13,200,5,2,1,1,7,92076,M,,,92
200800051090,8,9,23,1315,1,2,1,1,3,92064,M,,,92
200800051091,8,9,25,1930,1,2,1,1,6,92064,M,,,92
200800051092,8,9,26,1545,1,2,9,1,2,92064,M,,,92
200800051093,8,9,26,1600,1,2,2,1,6,92064,M,,,92
200800051094,8,9,3,2100,5,2,3,1,3,92077,M,,,92
200800051095,8,9,6,1545,1,2,1,1,7,92072,M,,,92
200800051096,8,9,6,1955,1,2,2,1,3,92072,M,,,92
200800051097,8,9,10,1405,1,2,1,1,6,92072,M,,,92
200800051098,8,9,16,815,1,2,1,1,6,92077,M,,,92
200800051099,8,9,20,1110,1,2,1,1,6,92022,M,,,92
200800051100,8,9,19,805,1,2,1,1,1,92077,M,,,92
200800051101,8,9,19,1530,1,2,1,1,3,92022,M,,,92
200800051102,8,9,19,1720,1,2,6,1,3,92072,M,,,92
200800051103,8,9,23,2315,5,2,1,8,7,92072,M,,,92
200800051104,8,9,20,1215,1,2,1,1,7,92073,M,,,92
200800051105,8,9,27,1325,1,1,1,1,7,92073,M,,,92
200800051106,8,9,29,800,2,2,3,1,5,92073,M,,,92
200800051107,8,9,6,535,5,2,6,1,6,92046,M,,,92
200800051108,8,9,5,1400,1,2,3,2,2,92046,M,,,92
200800051109,8,9,24,1240,1,2,9,1,1,92046,M,,,92
200800051110,8,9,17,5,5,2,1,1,6,92046,M,,,92
200800051111,8,9,24,2115,5,2,2,1,3,92046,M,,,92
200800051112,8,9,16,835,1,2,1,1,7,92078,M,,,92
200800051113,8,9,11,1810,1,2,1,1,1,92078,M,,,92
200800051114,8,9,18,1830,1,2,1,1,6,92078,M,,,92
200800051115,8,9,14,1920,1,2,2,1,3,92026,M,,,92
200800051116,8,9,15,905,1,2,1,1,6,92026,M,,,92
200800051117,8,9,16,850,1,2,4,1,6,92062,M,,,92
200800051118,8,9,2,1345,1,2,1,1,3,93001,M,,,93
200800051119,8,9,3,1705,1,2,2,1,6,93001,M,,,93
200800051120,8,9,6,1645,1,2,1,1,6,93001,M,,,93
200800051121,8,9,6,1715,1,2,1,1,6,93001,M,,,93
200800051122,8,9,8,1515,1,2,1,1,6,93001,M,,,93
200800051123,8,9,11,1920,2,2,1,2,3,93001,M,,,93
200800051124,8,9,18,940,1,2,1,1,6,93001,M,,,93
200800051125,8,9,18,1145,1,2,1,1,4,93001,M,,,93
200800051126,8,9,19,1905,1,2,1,1,3,93001,M,,,93
200800051127,8,9,25,1145,1,2,1,1,6,93001,M,,,93
200800051128,8,9,25,1715,1,2,3,1,6,93001,M,,,93
200800051129,8,9,25,1800,1,2,1,1,3,93001,M,,,93
200800051130,8,9,26,900,1,2,3,1,3,93001,M,,,93
200800051131,8,9,26,1250,1,2,1,1,5,93001,M,,,93
200800051132,8,9,27,2245,5,2,2,1,3,93001,M,,,93