Num_Acc,an,mois,jour,hrmn,lum,agg,int,atm,col,com,gps,lat,long,dep
200800051133,8,9,28,1925,1,2,1,1,6,93001,M,,,93
200800051134,8,9,30,1750,1,2,2,2,6,93001,M,,,93
200800051135,8,9,6,1445,1,2,1,1,6,93005,M,,,93
200800051136,8,9,7,1640,1,2,2,1,3,93005,M,,,93
200800051137,8,9,8,1545,1,2,3,1,3,93005,M,,,93
200800051138,8,9,9,120,5,2,5,1,3,93005,M,,,93
200800051139,8,9,2,1335,1,2,1,1,1,93005,M,,,93
200800051140,8,9,18,1440,1,2,1,1,3,93005,M,,,93
200800051141,8,9,19,1845,1,2,1,1,3,93005,M,,,93
200800051142,8,9,29,930,1,2,1,5,3,93005,M,,,93
200800051143,8,9,7,400,5,2,2,1,6,93007,M,,,93
200800051144,8,9,10,1700,1,2,1,1,3,93007,M,,,93
200800051145,8,9,12,1800,1,2,1,1,6,93007,M,,,93
200800051146,8,9,17,1730,1,2,2,1,6,93007,M,,,93
200800051147,8,9,19,850,1,2,2,1,3,93007,M,,,93
200800051148,8,9,20,1210,1,2,1,1,6,93007,M,,,93
200800051149,8,9,26,815,1,2,1,1,4,93007,M,,,93
200800051150,8,9,26,930,1,2,2,1,5,93007,M,,,93
200800051151,8,9,29,1745,1,2,1,1,1,93007,M,,,93
200800051152,8,9,10,1810,1,2,6,1,6,93008,M,,,93
200800051153,8,9,12,945,1,2,1,1,2,93008,M,,,93
200800051154,8,9,12,1600,1,2,1,1,3,93008,M,,,93
200800051155,8,9,18,1715,1,2,3,1,1,93008,M,,,93
200800051156,8,9,23,750,1,2,1,1,6,93008,M,,,93
200800051157,8,9,3,1700,1,2,1,1,2,93010,M,,,93
200800051158,8,9,4,1245,1,2,1,1,6,93057,M,,,93
200800051159,8,9,7,1155,1,2,1,2,6,93057,M,,,93
200800051160,8,9,20,605,5,2,1,1,4,93057,M,,,93
200800051161,8,9,26,1905,1,2,1,1,6,93010,M,,,93
200800051162,8,9,27,2140,5,2,1,1,6,93010,M,,,93
200800051163,8,9,2,1825,1,2,3,8,6,93027,M,,,93
200800051164,8,9,3,1230,1,2,3,2,3,93013,M,,,93
200800051165,8,9,10,220,3,2,6,1,6,93013,M,,,93
200800051166,8,9,9,1200,1,2,2,1,3,93027,M,,,93
200800051167,8,9,14,915,1,1,1,1,6,93030,M,,,93
200800051168,8,9,16,2225,5,2,1,1,6,93027,M,,,93
200800051169,8,9,11,1820,1,2,1,1,6,93013,M,,,93
200800051170,8,9,29,725,2,2,3,1,3,93027,M,,,93
200800051171,8,9,29,1705,1,2,1,8,6,93027,M,,,93
200800051172,8,9,29,1630,1,2,1,1,7,93027,M,,,93
200800051173,8,9,29,1805,1,2,4,1,3,93027,M,,,93
200800051174,8,9,9,1510,1,2,1,2,3,93027,M,,,93
200800051175,8,9,23,1520,1,2,2,1,3,93027,M,,,93
200800051176,8,9,30,1210,1,2,1,2,6,93027,M,,,93
200800051177,8,9,3,840,1,2,1,1,7,93029,M,,,93
200800051178,8,9,10,1050,1,2,3,1,3,93029,M,,,93
200800051179,8,9,12,1811,1,2,1,1,3,93029,M,,,93
200800051180,8,9,19,1630,1,2,1,1,3,93029,M,,,93
200800051181,8,9,22,1335,1,2,1,1,6,93029,M,,,93
200800051182,8,9,25,1300,1,2,1,1,3,93029,M,,,93
200800051183,8,9,1,1520,1,2,1,1,2,93031,M,,,93
200800051184,8,9,2,905,1,2,3,2,6,93031,M,,,93
200800051185,8,9,7,1340,1,2,1,1,3,93031,M,,,93
200800051186,8,9,8,1115,1,2,1,1,5,93031,M,,,93
200800051187,8,9,12,1435,1,2,1,1,3,93031,M,,,93
200800051188,8,9,20,1340,1,2,1,1,6,93031,M,,,93
200800051189,8,9,22,2143,5,2,2,1,3,93031,M,,,93
200800051190,8,9,23,2205,5,2,3,1,6,93031,M,,,93
200800051191,8,9,27,1835,1,2,1,1,2,93031,M,,,93
200800051192,8,9,2,1630,1,2,9,8,6,93032,M,,,93
200800051193,8,9,2,2030,5,2,1,2,3,93047,M,,,93
200800051194,8,9,6,2340,5,2,2,1,3,93047,M,,,93
200800051195,8,9,8,1940,1,1,2,1,6,93032,M,,,93
200800051196,8,9,12,640,2,2,1,3,6,93032,M,,,93
200800051197,8,9,15,2015,5,2,1,1,6,93047,M,,,93
200800051198,8,9,16,1550,1,2,9,1,3,93047,M,,,93
200800051199,8,9,28,1820,1,2,1,1,3,93047,M,,,93
200800051200,8,9,4,1300,1,2,3,1,3,93006,M,,,93
200800051201,8,9,2,2300,5,2,1,2,6,93063,M,,,93
200800051202,8,9,6,1915,1,2,1,8,1,93006,M,,,93
200800051203,8,9,6,2110,5,2,3,1,3,93006,M,,,93
200800051204,8,9,12,910,1,2,1,1,3,93006,M,,,93
200800051205,8,9,18,2000,5,2,1,1,5,93061,M,,,93
200800051206,8,9,18,1700,1,2,1,1,6,93006,M,,,93
200800051207,8,9,22,2100,5,2,2,1,3,93061,M,,,93
200800051208,8,9,24,1435,1,2,2,1,6,93006,M,,,93
200800051209,8,9,5,1600,1,2,5,2,1,93063,M,,,93
200800051210,8,9,2,720,1,2,2,8,3,93046,M,,,93
200800051211,8,9,3,930,1,2,3,2,3,93046,M,,,93
200800051212,8,9,4,2045,5,2,2,1,3,93046,M,,,93
200800051213,8,9,6,930,1,2,2,1,6,93046,M,,,93
200800051214,8,9,10,2110,5,2,2,1,6,93074,M,,,93
200800051215,8,9,11,740,1,2,2,1,3,93046,M,,,93
200800051216,8,9,11,1930,1,2,1,1,3,93046,M,,,93
200800051217,8,9,13,1720,1,2,1,2,3,93074,M,,,93
200800051218,8,9,15,1220,1,2,1,1,6,93046,M,,,93
200800051219,8,9,16,830,1,2,1,1,7,93074,M,,,93
200800051220,8,9,16,950,1,2,1,1,3,93046,M,,,93
200800051221,8,9,16,1345,1,2,2,1,3,93046,M,,,93
200800051222,8,9,19,2015,2,2,3,1,3,93074,M,,,93
200800051223,8,9,22,905,1,2,5,1,3,93046,M,,,93
200800051224,8,9,22,1030,1,2,1,1,2,93046,M,,,93
200800051225,8,9,24,1540,1,2,1,1,3,93046,M,,,93
200800051226,8,9,25,800,1,2,2,1,3,93046,M,,,93
200800051227,8,9,29,605,5,2,2,1,3,93046,M,,,93
200800051228,8,9,30,1810,1,2,2,2,2,93046,M,,,93
200800051229,8,9,26,1516,1,2,1,1,7,93046,M,,,93
200800051230,8,9,2,1400,1,2,1,1,2,93048,M,,,93
200800051231,8,9,8,1805,1,2,1,1,6,93048,M,,,93
200800051232,8,9,11,1915,2,2,2,2,3,93048,M,,,93
200800051233,8,9,26,445,5,2,6,1,6,65440,M,,,65
200800051234,8,9,28,255,5,2,1,1,1,65100,M,,,65
200800051235,8,9,28,1415,1,2,1,1,3,65417,M,,,65
200800051236,8,9,29,1850,1,2,1,1,2,65440,M,,,65
200800051237,8,9,30,735,2,2,2,1,3,65440,M,,,65
200800051238,8,9,9,1000,1,2,1,1,6,66136,M,,,66
200800051239,8,9,11,2000,4,2,1,2,5,66136,M,,,66
200800051240,8,9,13,1500,1,2,1,1,6,66136,M,,,66
200800051241,8,9,19,1805,1,2,1,1,6,66136,M,,,66
200800051242,8,9,21,1245,1,2,1,1,1,66136,M,,,66
200800051243,8,9,22,1124,1,2,1,1,3,66136,M,,,66
200800051244,8,9,23,1650,1,2,1,1,6,66136,M,,,66
200800051245,8,9,24,1545,1,2,1,1,6,66136,M,,,66
200800051246,8,9,30,2120,5,2,1,1,6,66136,M,,,66
200800051247,8,9,1,855,1,2,2,1,6,67482,M,,,67
200800051248,8,9,2,850,1,2,1,1,6,67447,M,,,67
200800051249,8,9,2,1450,1,2,1,1,3,67482,M,,,67
200800051250,8,9,3,1348,1,2,3,1,3,67482,M,,,67
200800051251,8,9,4,2150,5,2,2,1,3,67482,M,,,67
200800051252,8,9,5,659,1,2,1,1,4,67482,M,,,67
200800051253,8,9,6,225,5,2,1,1,7,67482,M,,,67
200800051254,8,9,6,1030,1,2,1,2,6,67204,M,,,67
200800051255,8,9,6,1805,1,2,3,2,2,67482,M,,,67
200800051256,8,9,6,2135,5,2,1,2,7,67043,M,,,67
200800051257,8,9,8,1355,1,2,1,1,2,67447,M,,,67
200800051258,8,9,8,1810,1,2,1,1,6,67482,M,,,67
200800051259,8,9,8,1935,1,2,3,1,3,67482,M,,,67
200800051260,8,9,9,815,1,2,3,1,6,67482,M,,,67
200800051261,8,9,9,940,1,2,1,1,4,67482,M,,,67
200800051262,8,9,9,1210,1,2,1,1,2,67482,M,,,67
200800051263,8,9,9,1640,1,2,7,1,6,67482,M,,,67
200800051264,8,9,12,820,1,2,3,2,3,67447,M,,,67
200800051265,8,9,13,18,5,2,1,1,6,67482,M,,,67
200800051266,8,9,13,1410,1,2,1,3,6,67218,M,,,67
200800051267,8,9,15,1650,1,2,1,1,2,67365,M,,,67
200800051268,8,9,15,1715,1,2,2,1,6,67482,M,,,67
200800051269,8,9,15,1750,1,2,7,1,2,67218,M,,,67
200800051270,8,9,15,1930,2,2,4,1,6,67482,M,,,67
200800051271,8,9,16,716,1,2,1,1,6,67204,M,,,67
200800051272,8,9,16,2030,5,2,2,1,6,67218,M,,,67
200800051273,8,9,17,1215,1,2,1,1,6,67365,M,,,67
200800051274,8,9,17,1225,1,2,1,1,3,67482,M,,,67
200800051275,8,9,17,1500,1,2,1,1,1,67482,M,,,67
200800051276,8,9,18,945,1,2,1,1,6,67482,M,,,67
200800051277,8,9,18,1310,1,2,3,1,6,67482,M,,,67
200800051278,8,9,18,1410,1,2,3,1,3,67043,M,,,67
200800051279,8,9,18,1730,1,2,1,1,1,67482,M,,,67
200800051280,8,9,19,745,1,2,2,1,3,67482,M,,,67
200800051281,8,9,19,1435,1,2,1,1,6,67482,M,,,67
200800051282,8,9,20,2230,5,2,2,1,6,67482,M,,,67
200800051283,8,9,20,1450,1,2,1,1,6,67482,M,,,67
200800051284,8,9,22,820,1,2,3,1,3,67365,M,,,67
200800051285,8,9,23,2205,4,2,2,1,6,67482,M,,,67
200800051286,8,9,24,2015,5,2,3,1,3,67482,M,,,67
200800051287,8,9,25,1210,1,2,2,1,3,67482,M,,,67
200800051288,8,9,26,405,5,2,2,1,3,67482,M,,,67
200800051289,8,9,26,920,1,2,2,1,1,67043,M,,,67
200800051290,8,9,26,1000,1,2,1,1,6,67482,M,,,67
200800051291,8,9,26,1407,1,2,1,1,6,67482,M,,,67
200800051292,8,9,26,2315,5,2,2,1,6,67482,M,,,67
200800051293,8,9,27,25,5,2,3,1,6,67482,M,,,67
200800051294,8,9,27,416,5,2,2,1,6,67482,M,,,67
200800051295,8,9,27,1945,5,2,1,1,2,67482,M,,,67
200800051296,8,9,28,1420,1,2,3,1,3,67482,M,,,67
200800051297,8,9,29,1315,1,2,1,1,2,67447,M,,,67
200800051298,8,9,30,1140,1,2,2,8,6,67043,M,,,67
200800051299,8,9,4,1537,1,2,2,1,3,68066,M,,,68
200800051300,8,9,12,1950,1,2,2,1,3,68066,M,,,68
200800051301,8,9,16,1630,1,2,2,1,3,68066,M,,,68
200800051302,8,9,19,1556,1,2,3,1,3,68066,M,,,68
200800051303,8,9,19,850,1,2,1,1,3,68066,M,,,68
200800051304,8,9,22,1224,1,2,4,1,6,68066,M,,,68
200800051305,8,9,23,1517,1,2,9,1,3,68066,M,,,68
200800051306,8,9,25,1510,1,1,4,1,3,68066,M,,,68
200800051307,8,9,30,920,1,2,2,1,3,68066,M,,,68
200800051308,8,9,2,1655,1,2,2,1,6,68224,M,,,68
200800051309,8,9,2,1615,1,2,1,1,6,68224,M,,,68
200800051310,8,9,2,1725,1,2,1,1,6,68224,M,,,68
200800051311,8,9,3,1745,1,2,1,2,6,68224,M,,,68
200800051312,8,9,7,435,5,2,1,1,1,68224,M,,,68
200800051313,8,9,1,1655,1,2,1,1,3,68224,M,,,68
200800051314,8,9,9,1440,1,2,1,1,1,68224,M,,,68
200800051315,8,9,6,955,1,2,1,2,3,68224,M,,,68
200800051316,8,9,6,1715,1,2,1,1,6,68224,M,,,68
200800051317,8,9,7,1607,1,2,1,1,3,68224,M,,,68
200800051318,8,9,8,1740,1,2,1,1,3,68224,M,,,68
200800051319,8,9,15,920,1,2,3,1,6,68224,M,,,68
200800051320,8,9,19,705,2,2,1,1,1,68056,M,,,68
200800051321,8,9,20,1820,1,2,2,1,5,68224,M,,,68
200800051322,8,9,19,1500,1,2,2,1,3,68224,M,,,68
200800051323,8,9,22,2100,5,2,1,1,6,68224,M,,,68
200800051324,8,9,25,745,1,1,1,1,3,68224,M,,,68
200800051325,8,9,21,1700,1,1,2,1,3,68056,M,,,68
200800051326,8,9,25,1455,1,1,1,1,6,68224,M,,,68
200800051327,8,9,27,1350,1,2,1,1,7,68224,M,,,68
200800051328,8,9,25,1405,1,2,1,1,3,68224,M,,,68
200800051329,8,9,5,615,5,2,3,2,3,68297,M,,,68
200800051330,8,9,5,1226,1,2,1,1,3,68297,M,,,68
200800051331,8,9,18,635,2,2,3,1,3,69029,M,,,69
200800051332,8,9,2,1730,1,2,1,1,2,69034,M,,,69
200800051333,8,9,15,1500,1,2,3,1,3,69034,M,,,69
200800051334,8,9,19,1820,1,1,1,1,1,69091,M,,,69
200800051335,8,9,2,1838,1,2,1,1,3,69202,M,,,69
200800051336,8,9,3,835,1,2,1,1,3,69142,M,,,69
200800051337,8,9,4,1730,1,2,1,8,7,69202,M,,,69
200800051338,8,9,6,207,5,2,1,8,6,69142,M,,,69
200800051339,8,9,11,820,1,2,1,2,3,69142,M,,,69
200800051340,8,9,12,1745,1,2,1,2,5,69149,M,,,69
200800051341,8,9,13,1405,1,2,1,2,2,69202,M,,,69
200800051342,8,9,19,1600,1,2,1,1,6,69149,M,,,69
200800051343,8,9,3,751,1,2,2,1,3,69259,M,,,69
200800051344,8,9,3,1100,1,2,1,1,2,69259,M,,,69
200800051345,8,9,4,1145,1,2,1,1,6,69259,M,,,69
200800051346,8,9,6,1030,1,1,1,1,6,69259,M,,,69
200800051347,8,9,7,1915,1,2,1,1,6,69259,M,,,69
200800051348,8,9,21,1800,1,2,1,1,6,69259,M,,,69
200800051349,8,9,24,1245,1,2,2,1,3,69199,M,,,69
200800051350,8,9,22,50,5,2,2,1,2,69199,M,,,69
200800051351,8,9,15,1235,1,2,2,1,3,69259,M,,,69
200800051352,8,9,22,1750,1,2,2,1,3,69259,M,,,69
200800051353,8,9,21,1940,5,2,3,1,3,69259,M,,,69
200800051354,8,9,18,1030,1,2,3,1,3,69199,M,,,69
200800051355,8,9,17,2105,5,2,3,1,1,69199,M,,,69
200800051356,8,9,6,1535,1,2,1,3,7,69259,M,,,69
200800051357,8,9,15,1250,1,2,1,9,6,69199,M,,,69
200800051358,8,9,9,1340,1,2,1,1,3,69259,M,,,69
200800051359,8,9,8,1725,1,2,1,1,2,69259,M,,,69
200800051360,8,9,8,1440,1,2,9,1,3,69259,M,,,69
200800051361,8,9,28,1630,1,1,1,1,3,69259,M,,,69
200800051362,8,9,23,2120,3,1,1,1,4,69013,M,,,69
200800051363,8,9,2,730,1,2,2,1,6,69266,M,,,69
200800051364,8,9,2,1730,1,2,2,1,3,69266,M,,,69
200800051365,8,9,5,1405,1,2,3,1,3,69266,M,,,69
200800051366,8,9,5,1740,1,2,2,1,3,69266,M,,,69
200800051367,8,9,6,2200,5,2,2,1,6,69266,M,,,69
200800051368,8,9,10,830,1,2,3,2,6,69266,M,,,69
200800051369,8,9,10,1430,1,2,2,1,6,69266,M,,,69
200800051370,8,9,10,1750,1,2,1,1,6,69266,M,,,69
200800051371,8,9,12,1615,1,2,1,2,6,69266,M,,,69
200800051372,8,9,14,356,5,2,3,2,3,69266,M,,,69
200800051373,8,9,11,835,1,2,2,1,3,69266,M,,,69
200800051374,8,9,21,850,1,2,1,1,3,69266,M,,,69
200800051375,8,9,20,1000,1,2,2,1,6,69266,M,,,69
200800051376,8,9,27,230,3,2,9,1,2,69266,M,,,69
200800051377,8,9,30,910,1,2,1,1,3,69266,M,,,69
200800051378,8,9,28,1115,1,2,1,1,3,69266,M,,,69
200800051379,8,9,29,1815,1,2,1,1,3,69266,M,,,69
200800051380,8,9,5,32,5,2,3,8,1,69259,M,,,69
200800051381,8,9,10,725,1,2,9,2,3,69290,M,,,69
200800051382,8,9,13,1500,1,2,3,2,3,69290,M,,,69
200800051383,8,9,20,1115,1,2,2,1,3,69290,M,,,69
200800051384,8,9,12,750,1,2,7,1,3,70285,M,,,70
200800051385,8,9,4,1635,1,2,1,1,4,71445,M,,,71
200800051386,8,9,7,420,5,2,1,1,2,71445,M,,,71
200800051387,8,9,13,1350,1,2,1,1,1,71445,M,,,71
200800051388,8,9,22,1525,1,2,3,1,3,71076,M,,,71
200800051389,8,9,7,1200,1,1,1,1,1,71309,M,,,71
200800051390,8,9,10,1525,1,2,1,1,2,71153,M,,,71
200800051391,8,9,13,1630,1,2,6,2,3,71153,M,,,71
200800051392,8,9,18,1045,1,2,1,1,3,71153,M,,,71
200800051393,8,9,19,915,1,2,2,1,3,71153,M,,,71
200800051394,8,9,22,1245,1,2,1,1,6,71153,M,,,71
200800051395,8,9,23,1630,1,1,1,1,7,71540,M,,,71
200800051396,8,9,4,2110,5,1,1,2,1,71270,M,,,71
200800051397,8,9,8,1905,1,2,1,1,6,71270,M,,,71
200800051398,8,9,16,930,1,2,1,1,3,71270,M,,,71
200800051399,8,9,16,925,1,2,1,1,7,71270,M,,,71
200800051400,8,9,19,1400,1,2,1,1,2,71270,M,,,71
200800051401,8,9,11,2315,5,2,3,1,3,71270,M,,,71
200800051402,8,9,26,950,1,2,1,1,7,71270,M,,,71
200800051403,8,9,26,2310,5,2,1,1,1,71040,M,,,71
200800051404,8,9,28,1240,1,2,2,1,3,71486,M,,,71
200800051405,8,9,28,1825,1,2,2,1,6,71306,M,,,71
200800051406,8,9,2,950,1,2,1,1,3,72181,M,,,72
200800051407,8,9,2,1614,1,2,1,1,6,72181,M,,,72
200800051408,8,9,3,1800,1,2,1,1,3,72181,M,,,72
200800051409,8,9,4,1400,1,2,1,1,3,72003,M,,,72
200800051410,8,9,8,1830,1,2,1,1,3,72181,M,,,72
200800051411,8,9,9,809,1,2,1,7,6,72181,M,,,72
200800051412,8,9,9,1335,1,2,1,1,3,72181,M,,,72
200800051413,8,9,10,820,1,2,1,1,3,72181,M,,,72
200800051414,8,9,10,1605,1,2,1,1,6,72181,M,,,72
200800051415,8,9,11,1100,1,2,1,1,3,72181,M,,,72
200800051416,8,9,11,1810,1,2,3,1,3,72181,M,,,72
200800051417,8,9,15,420,5,1,1,1,6,72181,M,,,72
200800051418,8,9,15,1755,1,2,1,1,3,72181,M,,,72
200800051419,8,9,15,1756,1,1,1,1,1,72181,M,,,72
200800051420,8,9,16,2020,5,2,1,1,6,72181,M,,,72
200800051421,8,9,18,1735,1,2,1,1,3,72095,M,,,72
200800051422,8,9,19,1415,1,2,2,1,3,72181,M,,,72
200800051423,8,9,19,1900,1,2,1,1,3,72181,M,,,72
200800051424,8,9,21,1758,1,2,1,1,3,72181,M,,,72
200800051425,8,9,22,845,1,2,1,1,3,72181,M,,,72
200800051426,8,9,22,910,1,2,1,1,3,72181,M,,,72
200800051427,8,9,23,1650,1,2,1,1,3,72181,M,,,72
200800051428,8,9,23,1715,1,2,1,1,2,72181,M,,,72
200800051429,8,9,26,345,4,1,1,1,6,72181,M,,,72
200800051430,8,9,27,1900,1,2,1,1,3,72181,M,,,72
200800051431,8,9,28,1345,1,2,1,1,3,72181,M,,,72
200800051432,8,9,29,800,1,2,1,1,6,72181,M,,,72
200800051433,8,9,30,1720,1,1,1,1,5,72181,M,,,72
200800051434,8,9,10,1545,1,2,6,1,3,73008,M,,,73
200800051435,8,9,14,555,5,2,6,2,3,73008,M,,,73
200800051436,8,9,26,1643,1,2,1,1,6,73008,M,,,73
200800051437,8,9,22,1820,1,2,1,1,6,73011,M,,,73
200800051438,8,9,29,1715,1,2,2,7,3,73011,M,,,73
200800051439,8,9,1,1440,1,2,2,1,2,74093,M,,,74
200800051440,8,9,2,1615,1,2,2,1,3,74010,M,,,74
200800051441,8,9,9,1540,1,2,3,1,3,74010,M,,,74
200800051442,8,9,13,2135,5,2,9,1,2,74010,M,,,74
200800051443,8,9,17,40,5,2,1,1,6,74010,M,,,74
200800051444,8,9,18,1645,1,1,2,1,1,74093,M,,,74
200800051445,8,9,11,1740,1,2,1,1,6,74119,M,,,74
200800051446,8,9,9,2009,5,2,3,1,3,74281,M,,,74
200800051447,8,9,19,2105,5,2,1,1,7,74281,M,,,74
200800051448,8,9,8,805,1,1,1,1,6,74281,M,,,74
200800051449,8,9,13,615,3,1,1,5,7,76114,M,,,76
200800051450,8,9,3,1215,1,2,2,1,3,76384,M,,,76
200800051451,8,9,1,1120,1,2,1,1,2,76217,M,,,76
200800051452,8,9,2,1515,1,2,1,3,7,76217,M,,,76
200800051453,8,9,2,1820,1,1,1,2,4,76565,M,,,76
200800051454,8,9,2,1840,1,1,1,2,2,76565,M,,,76
200800051455,8,9,3,1515,1,2,1,2,3,76137,M,,,76
200800051456,8,9,5,430,5,1,4,1,3,76707,M,,,76
200800051457,8,9,6,610,3,1,1,1,6,76565,M,,,76
200800051458,8,9,7,1200,1,2,1,3,3,76217,M,,,76
200800051459,8,9,7,1925,1,2,1,1,2,76217,M,,,76
200800051460,8,9,10,1425,1,1,6,1,3,76349,M,,,76
200800051461,8,9,12,830,1,1,1,8,6,76026,M,,,76
200800051462,8,9,13,1945,1,2,1,1,2,76217,M,,,76
200800051463,8,9,19,2050,5,2,3,1,3,76217,M,,,76
200800051464,8,9,4,1342,1,2,2,1,3,76561,M,,,76
200800051465,8,9,12,751,1,2,1,1,6,76282,M,,,76
200800051466,8,9,19,2245,5,2,2,1,3,76165,M,,,76
200800051467,8,9,18,1710,1,2,1,1,2,76231,M,,,76
200800051468,8,9,1,1845,1,2,1,1,3,76351,M,,,76
200800051469,8,9,9,855,1,2,3,1,6,76351,M,,,76
200800051470,8,9,11,830,1,2,3,2,6,76351,M,,,76
200800051471,8,9,14,1316,1,2,2,1,3,76351,M,,,76
200800051472,8,9,15,1210,1,2,2,1,3,76351,M,,,76
200800051473,8,9,16,100,5,1,1,1,6,76305,M,,,76
200800051474,8,9,16,1550,1,2,3,1,5,76351,M,,,76
200800051475,8,9,17,1600,1,1,1,1,4,76270,M,,,76
200800051476,8,9,19,155,5,2,1,1,6,76351,M,,,76
200800051477,8,9,19,740,1,2,1,1,6,76351,M,,,76
200800051478,8,9,19,1650,1,2,1,1,3,76351,M,,,76
200800051479,8,9,21,1630,1,2,1,1,6,76351,M,,,76
200800051480,8,9,23,1740,1,2,3,1,3,76351,M,,,76
200800051481,8,9,24,1834,1,2,1,1,6,76351,M,,,76
200800051482,8,9,29,1800,1,2,2,1,2,76351,M,,,76
200800051483,8,9,30,1720,1,2,1,1,2,76351,M,,,76
200800051484,8,9,6,2345,4,2,1,1,6,76552,M,,,76
200800051485,8,9,20,1540,1,2,1,1,2,76351,M,,,76
200800051486,8,9,21,1600,1,2,1,2,6,76351,M,,,76
200800051487,8,9,30,855,1,2,1,1,6,76351,M,,,76
200800051488,8,9,1,2115,5,2,1,1,3,76681,M,,,76
200800051489,8,9,1,1700,1,2,1,1,6,76540,M,,,76
200800051490,8,9,2,640,2,1,1,2,1,76410,M,,,76
200800051491,8,9,2,1850,1,2,1,2,1,76108,M,,,76
200800051492,8,9,3,1325,1,2,1,1,6,76540,M,,,76
200800051493,8,9,3,1730,1,2,1,8,6,76451,M,,,76
200800051494,8,9,4,1820,1,2,1,1,3,76575,M,,,76
200800051495,8,9,4,2216,3,2,1,1,5,76498,M,,,76
200800051496,8,9,6,1615,1,1,1,1,6,76457,M,,,76
200800051497,8,9,7,650,2,2,3,2,3,76540,M,,,76
200800051498,8,9,9,1205,1,2,2,1,6,76540,M,,,76
200800051499,8,9,9,1125,1,2,1,1,3,76575,M,,,76
200800051500,8,9,10,2120,5,2,1,1,3,76212,M,,,76
200800051501,8,9,11,1705,1,2,3,3,3,76540,M,,,76
200800051502,8,9,11,1915,1,2,1,2,3,76540,M,,,76
200800051503,8,9,12,1800,1,2,1,1,2,76498,M,,,76
200800051504,8,9,13,2320,5,2,1,1,3,76216,M,,,76
200800051505,8,9,14,1735,1,2,1,1,2,76540,M,,,76
200800051506,8,9,14,1400,1,2,1,1,7,76497,M,,,76
200800051507,8,9,15,1610,1,2,1,1,6,76322,M,,,76
200800051508,8,9,18,435,5,2,1,1,2,76540,M,,,76
200800051509,8,9,18,1215,1,2,1,1,3,76540,M,,,76
200800051510,8,9,18,1820,1,2,3,1,3,76540,M,,,76
200800051511,8,9,19,2245,5,2,2,1,1,76540,M,,,76
200800051512,8,9,19,1315,1,1,1,1,7,76212,M,,,76
200800051513,8,9,19,1810,1,1,1,1,2,76212,M,,,76
200800051514,8,9,20,2124,3,1,1,1,5,76540,M,,,76
200800051515,8,9,21,1130,1,2,1,1,2,76540,M,,,76
200800051516,8,9,22,1520,1,2,1,1,3,76540,M,,,76
200800051517,8,9,22,1127,1,1,1,1,2,76681,M,,,76
200800051518,8,9,22,1610,1,2,1,1,7,76540,M,,,76
200800051519,8,9,22,810,1,2,1,1,6,76451,M,,,76
200800051520,8,9,22,1540,1,2,1,1,3,76108,M,,,76
200800051521,8,9,23,1050,1,2,1,1,3,76540,M,,,76
200800051522,8,9,24,400,5,1,1,3,7,76322,M,,,76
200800051523,8,9,23,1940,1,2,1,1,6,76451,M,,,76
200800051524,8,9,24,1045,1,2,1,1,6,76474,M,,,76
200800051525,8,9,29,1558,1,2,1,1,5,76540,M,,,76
200800051526,8,9,28,1830,1,2,1,1,3,76540,M,,,76
200800051527,8,9,27,410,5,2,2,1,6,76410,M,,,76
200800051528,8,9,26,1730,1,2,1,1,6,76322,M,,,76
200800051529,8,9,26,1820,1,2,1,1,6,76410,M,,,76
200800051530,8,9,28,1445,1,2,1,1,7,76497,M,,,76
200800051531,8,9,30,750,3,2,1,2,3,76474,M,,,76
200800051532,8,9,24,800,1,2,1,2,3,77055,M,,,77
200800051533,8,9,21,2220,5,2,1,1,6,77108,M,,,77
200800051534,8,9,23,1305,1,2,1,1,6,77108,M,,,77
200800051535,8,9,27,2250,3,1,1,1,1,77363,M,,,77
200800051536,8,9,17,1055,1,1,3,1,3,77018,M,,,77
200800051537,8,9,30,10,5,2,3,1,3,77307,M,,,77
200800051538,8,9,30,2220,5,1,1,2,1,77111,M,,,77
200800051539,8,9,25,1815,1,2,6,1,3,77152,M,,,77
200800051540,8,9,7,421,3,1,1,1,6,77186,M,,,77
200800051541,8,9,27,2010,3,1,1,1,6,77186,M,,,77
200800051542,8,9,28,655,3,1,1,1,7,77186,M,,,77
200800051543,8,9,29,1700,1,2,8,1,6,77186,M,,,77
200800051544,8,9,1,1215,1,2,1,1,3,77330,M,,,77
200800051545,8,9,15,545,3,1,3,1,3,77335,M,,,77
200800051546,8,9,16,1645,1,2,3,1,3,77284,M,,,77
200800051547,8,9,9,850,1,2,3,1,3,77288,M,,,77
200800051548,8,9,16,550,3,1,1,1,6,77288,M,,,77
200800051549,8,9,28,1200,1,2,2,7,3,77288,M,,,77
200800051550,8,9,9,1825,1,2,1,1,7,77462,M,,,77
200800051551,8,9,21,2000,2,1,1,1,7,77123,M,,,77
200800051552,8,9,20,1635,1,1,1,1,3,77123,M,,,77
200800051553,8,9,17,1440,1,1,1,1,7,77292,M,,,77
200800051554,8,9,17,1750,1,1,1,1,5,77053,M,4871241.0,0.0,77
200800051555,8,9,22,750,1,2,1,1,3,77122,M,,,77
200800051556,8,9,7,1815,1,2,1,1,2,77305,M,,,77
200800051557,8,9,11,1020,1,2,4,1,3,77079,M,,,77
200800051558,8,9,6,1600,1,2,2,1,1,77202,M,,,77
200800051559,8,9,10,1000,1,2,1,1,6,77121,M,,,77
200800051560,8,9,5,2240,5,2,1,1,7,77337,M,,,77
200800051561,8,9,15,1515,1,2,1,1,4,77468,M,,,77