Num_Acc,an,mois,jour,hrmn,lum,agg,int,atm,col,com,gps,lat,long,dep
200800051562,8,9,25,1455,1,2,1,1,6,77083,M,,,77
200800051563,8,9,30,950,1,2,1,2,3,77146,M,,,77
200800051564,8,9,6,1810,1,2,2,1,3,77350,M,,,77
200800051565,8,9,11,2205,5,1,4,1,3,77350,M,,,77
200800051566,8,9,13,1700,1,2,2,1,3,77373,M,,,77
200800051567,8,9,13,1610,1,2,9,1,3,77373,M,,,77
200800051568,8,9,18,835,2,1,1,1,6,77118,M,,,77
200800051569,8,9,25,925,1,1,2,1,6,77514,M,,,77
200800051570,8,9,14,1915,2,2,2,1,7,78172,M,,,78
200800051571,8,9,5,1715,1,2,1,1,5,78168,M,,,78
200800051572,8,9,6,1710,1,2,1,1,1,78644,M,,,78
200800051573,8,9,4,1130,1,2,1,1,2,78168,M,,,78
200800051574,8,9,12,1100,1,2,1,1,1,78383,M,,,78
200800051575,8,9,14,1620,1,2,1,1,1,78644,M,,,78
200800051576,8,9,14,1350,1,2,1,1,1,78208,M,,,78
200800051577,8,9,16,1610,1,2,1,1,3,78168,M,,,78
200800051578,8,9,18,1835,1,2,1,1,7,78168,M,,,78
200800051579,8,9,22,1710,1,2,2,1,3,78168,M,,,78
200800051580,8,9,26,100,3,2,1,1,7,78168,M,,,78
200800051581,8,9,25,1710,1,2,1,1,7,78208,M,,,78
200800051582,8,9,28,1715,1,2,1,1,1,78397,M,,,78
200800051583,8,9,1,840,1,1,1,2,3,78297,M,,,78
200800051584,8,9,6,600,3,1,1,2,6,78423,M,,,78
200800051585,8,9,9,1115,1,2,1,1,2,78423,M,,,78
200800051586,8,9,18,1315,1,2,1,1,7,78423,M,,,78
200800051587,8,9,19,2105,5,2,1,1,1,78423,M,,,78
200800051588,8,9,24,1710,1,2,1,1,6,78423,M,,,78
200800051589,8,9,25,1920,1,2,1,1,3,78297,M,,,78
200800051590,8,9,26,1530,1,2,1,1,2,78423,M,,,78
200800051591,8,9,27,855,1,2,1,1,6,78297,M,,,78
200800051592,8,9,30,945,1,2,1,2,7,78423,M,,,78
200800051593,8,9,2,1845,1,2,1,1,2,78297,M,,,78
200800051594,8,9,22,2050,5,2,3,1,3,78297,M,,,78
200800051595,8,9,22,815,1,2,1,1,6,78124,M,,,78
200800051596,8,9,22,2000,2,2,3,1,6,78311,M,,,78
200800051597,8,9,16,2030,5,2,1,1,6,78358,M,,,78
200800051598,8,9,27,1710,1,2,1,1,3,78358,M,,,78
200800051599,8,9,21,1730,1,2,6,1,3,78358,M,,,78
200800051600,8,9,16,2250,5,2,3,1,6,78358,M,,,78
200800051601,8,9,10,2135,5,2,3,1,3,78358,M,,,78
200800051602,8,9,1,2225,5,2,3,1,3,78361,M,,,78
200800051603,8,9,8,1605,1,2,1,1,3,78362,M,,,78
200800051604,8,9,9,1125,1,2,1,1,6,78361,M,,,78
200800051605,8,9,9,1045,1,2,1,1,6,78354,M,,,78
200800051606,8,9,11,1850,1,2,1,2,6,78361,M,,,78
200800051607,8,9,14,1925,1,2,1,1,3,78362,M,,,78
200800051608,8,9,15,2015,5,2,3,1,1,78335,M,,,78
200800051609,8,9,17,1615,1,2,1,1,2,78217,M,,,78
200800051610,8,9,17,1820,1,2,1,1,6,78361,M,,,78
200800051611,8,9,19,1700,1,2,1,1,3,78362,M,,,78
200800051612,8,9,26,2240,5,2,1,1,6,78362,M,,,78
200800051613,8,9,27,1140,1,2,2,1,3,78362,M,,,78
200800051614,8,9,27,1455,1,2,1,1,1,78361,M,,,78
200800051615,8,9,28,2335,5,2,2,1,3,78314,M,,,78
200800051616,8,9,30,910,1,1,1,2,4,78361,M,,,78
200800051617,8,9,9,1930,1,1,2,1,3,78350,M,,,78
200800051618,8,9,11,800,1,2,9,1,3,78372,M,,,78
200800051619,8,9,14,1640,1,2,1,1,7,78440,M,,,78
200800051620,8,9,12,1655,1,2,9,1,3,78165,M,,,78
200800051621,8,9,12,2010,5,2,1,1,3,78490,M,,,78
200800051622,8,9,13,1735,1,2,6,1,5,78490,M,,,78
200800051623,8,9,16,1535,1,2,3,1,3,78490,M,,,78
200800051624,8,9,18,1555,1,2,3,1,3,78674,M,,,78
200800051625,8,9,21,1655,1,2,1,1,7,78165,M,,,78
200800051626,8,9,29,815,1,1,1,5,3,78490,M,,,78
200800051627,8,9,26,1425,1,2,3,1,3,78490,M,,,78
200800051628,8,9,25,1300,1,2,1,1,7,78165,M,,,78
200800051629,8,9,2,1515,1,2,2,1,3,78642,M,,,78
200800051630,8,9,8,2125,5,2,2,1,3,78498,M,,,78
200800051631,8,9,12,1105,1,2,1,1,3,78498,M,,,78
200800051632,8,9,21,1150,1,2,1,1,3,78123,M,,,78
200800051633,8,9,20,1640,1,2,1,1,6,78498,M,,,78
200800051634,8,9,14,1225,1,1,3,1,6,78498,M,,,78
200800051635,8,9,20,1440,1,2,1,1,6,78624,M,,,78
200800051636,8,9,24,1826,1,2,2,1,7,78498,M,,,78
200800051637,8,9,24,2220,5,1,1,1,6,78672,M,,,78
200800051638,8,9,2,820,1,1,1,2,1,78269,M,,,78
200800051639,8,9,4,1705,1,2,1,1,7,78517,M,,,78
200800051640,8,9,28,1710,1,2,1,1,6,78486,M,,,78
200800051641,8,9,10,200,5,1,2,1,7,78242,M,,,78
200800051642,8,9,27,1945,1,2,3,1,3,78586,M,,,78
200800051643,8,9,28,1200,1,2,6,1,6,78586,M,,,78
200800051644,8,9,1,1835,1,2,1,1,6,78621,M,,,78
200800051645,8,9,4,730,1,2,1,1,6,78621,M,,,78
200800051646,8,9,5,1010,1,2,2,2,3,78621,M,,,78
200800051647,8,9,6,2135,5,1,1,1,2,78621,M,,,78
200800051648,8,9,21,1620,1,1,2,1,5,78621,M,,,78
200800051649,8,9,24,1740,1,2,1,1,6,78621,M,,,78
200800051650,8,9,2,1,5,2,3,1,3,78640,M,,,78
200800051651,8,9,10,1825,1,2,1,1,2,78640,M,,,78
200800051652,8,9,18,1920,1,2,1,1,6,78640,M,,,78
200800051653,8,9,19,1350,1,2,1,1,4,78640,M,,,78
200800051654,8,9,24,1720,1,2,9,1,6,78640,M,,,78
200800051655,8,9,1,1115,1,2,2,1,3,78646,M,,,78
200800051656,8,9,1,915,1,2,2,2,3,78646,M,,,78
200800051657,8,9,5,1630,1,2,3,3,3,78646,M,,,78
200800051658,8,9,9,1510,1,2,1,2,3,78646,M,,,78
200800051659,8,9,14,2235,5,2,2,1,3,78646,M,,,78
200800051660,8,9,12,1725,1,2,2,1,6,78646,M,,,78
200800051661,8,9,15,1920,1,2,1,1,6,78646,M,,,78
200800051662,8,9,16,1810,1,2,2,1,3,78646,M,,,78
200800051663,8,9,20,1840,1,2,1,1,6,78158,M,,,78
200800051664,8,9,24,1745,1,2,1,1,6,78646,M,,,78
200800051665,8,9,29,1040,1,1,1,5,3,78646,M,,,78
200800051666,8,9,2,1725,1,2,3,1,3,78650,M,,,78
200800051667,8,9,9,1320,1,2,3,1,2,78418,M,,,78
200800051668,8,9,18,1545,1,2,1,1,6,78146,M,,,78
200800051669,8,9,20,1740,1,2,3,1,3,78650,M,,,78
200800051670,8,9,24,1120,1,2,3,1,3,78146,M,,,78
200800051671,8,9,27,2025,5,2,3,1,3,78146,M,,,78
200800051672,8,9,19,230,5,2,2,1,7,79191,M,,,79
200800051673,8,9,11,1820,1,2,4,1,3,79191,M,,,79
200800051674,8,9,11,1830,1,2,2,1,7,79191,M,,,79
200800051675,8,9,17,1535,1,1,2,1,2,79191,M,,,79
200800051676,8,9,23,1505,1,2,2,1,3,79191,M,,,79
200800051677,8,9,26,1800,1,2,3,1,1,79329,M,,,79
200800051678,8,9,25,755,1,2,1,1,3,80001,M,,,80
200800051679,8,9,1,730,1,2,2,1,6,80021,M,,,80
200800051680,8,9,2,1645,1,2,1,2,3,80674,M,,,80
200800051681,8,9,2,1315,1,2,1,1,6,80021,M,,,80
200800051682,8,9,3,2030,1,2,1,1,6,80021,M,,,80
200800051683,8,9,3,1740,1,2,3,2,3,80021,M,,,80
200800051684,8,9,4,1830,1,2,2,1,6,80021,M,,,80
200800051685,8,9,4,1500,1,2,2,1,6,80021,M,,,80
200800051686,8,9,6,1240,1,2,1,1,7,80131,M,,,80
200800051687,8,9,6,545,3,2,6,1,1,80164,M,,,80
200800051688,8,9,5,755,1,2,1,1,7,80021,M,,,80
200800051689,8,9,5,1410,1,2,1,2,6,80021,M,,,80
200800051690,8,9,5,1415,1,2,1,2,2,80021,M,,,80
200800051691,8,9,5,1730,1,2,2,3,3,80021,M,,,80
200800051692,8,9,7,1550,1,2,1,1,7,80021,M,,,80
200800051693,8,9,6,1940,1,2,3,2,3,80021,M,,,80
200800051694,8,9,8,1645,1,2,3,1,3,80021,M,,,80
200800051695,8,9,8,1815,1,2,1,1,6,80021,M,,,80
200800051696,8,9,8,1340,1,2,1,1,6,80021,M,,,80
200800051697,8,9,9,1215,1,2,3,1,3,80021,M,,,80
200800051698,8,9,11,2030,5,2,1,2,3,80021,M,,,80
200800051699,8,9,11,1330,1,2,9,1,7,80021,M,,,80
200800051700,8,9,13,425,5,2,1,1,6,80021,M,,,80
200800051701,8,9,10,820,1,2,3,1,3,80021,M,,,80
200800051702,8,9,15,1150,1,2,6,1,3,80131,M,,,80
200800051703,8,9,15,1320,1,2,1,1,6,80021,M,,,80
200800051704,8,9,15,810,1,2,1,1,4,80021,M,,,80
200800051705,8,9,15,1750,1,2,1,1,1,80021,M,,,80
200800051706,8,9,13,2050,5,2,2,2,3,80021,M,,,80
200800051707,8,9,14,1315,1,2,1,1,6,80021,M,,,80
200800051708,8,9,13,2120,5,2,1,1,1,80021,M,,,80
200800051709,8,9,12,850,1,2,5,2,3,80021,M,,,80
200800051710,8,9,19,1950,1,2,1,1,6,80021,M,,,80
200800051711,8,9,20,1750,1,2,1,1,1,80021,M,,,80
200800051712,8,9,22,1725,1,2,9,1,3,80021,M,,,80
200800051713,8,9,27,1305,1,2,1,1,3,80021,M,,,80
200800051714,8,9,26,1340,1,2,1,1,2,80021,M,,,80
200800051715,8,9,26,1730,1,2,1,1,3,80021,M,,,80
200800051716,8,9,30,1340,1,2,6,2,3,80021,M,,,80
200800051717,8,9,30,1325,1,2,3,2,3,80021,M,,,80
200800051718,8,9,5,1750,1,2,1,1,3,81065,M,,,81
200800051719,8,9,11,1830,1,2,1,8,3,81065,M,,,81
200800051720,8,9,25,950,1,2,3,1,3,81105,M,,,81
200800051721,8,9,20,1855,1,2,1,1,6,81105,M,,,81
200800051722,8,9,27,2315,5,2,2,1,6,81105,M,,,81
200800051723,8,9,4,840,1,2,1,1,6,81163,M,,,81
200800051724,8,9,12,1610,1,2,2,1,3,81163,M,,,81
200800051725,8,9,16,1350,1,2,2,1,3,81163,M,,,81
200800051726,8,9,28,2120,5,2,1,1,6,81163,M,,,81
200800051727,8,9,7,1910,1,2,6,1,3,82033,M,,,82
200800051728,8,9,4,1800,1,2,6,1,3,82033,M,,,82
200800051729,8,9,22,850,1,2,1,7,6,82033,M,,,82
200800051730,8,9,9,1900,1,2,1,1,6,82121,M,,,82
200800051731,8,9,8,1815,1,2,2,1,3,82121,M,,,82
200800051732,8,9,11,110,5,2,1,1,2,82121,M,,,82
200800051733,8,9,13,2130,4,1,1,1,6,82121,M,,,82
200800051734,8,9,17,658,5,2,6,1,3,82121,M,,,82
200800051735,8,9,16,1700,1,2,1,1,2,82121,M,,,82
200800051736,8,9,22,2240,5,2,2,1,3,82121,M,,,82
200800051737,8,9,11,1830,1,1,1,2,6,82121,M,,,82
200800051738,8,9,28,1930,1,2,1,1,2,82121,M,,,82
200800051739,8,9,28,815,1,2,1,1,6,82121,M,,,82
200800051740,8,9,30,1046,1,2,1,1,6,82121,M,,,82
200800051741,8,9,22,1010,1,2,1,1,6,82121,M,,,82
200800051742,8,9,6,1740,1,2,1,1,1,83050,M,,,83
200800051743,8,9,26,1300,1,1,3,1,3,83141,M,,,83
200800051744,8,9,26,2250,5,2,1,1,6,83050,M,,,83
200800051745,8,9,5,2230,5,1,1,1,6,83061,M,,,83
200800051746,8,9,19,1225,1,2,3,1,1,83061,M,,,83
200800051747,8,9,28,1030,1,1,1,1,3,83061,M,,,83
200800051748,8,9,24,1944,5,2,3,1,3,83118,M,,,83
200800051749,8,9,22,1023,1,2,1,1,6,83118,M,,,83
200800051750,8,9,1,1335,1,1,1,1,3,83069,M,,,83
200800051751,8,9,9,2150,4,2,1,1,3,83069,M,,,83
200800051752,8,9,21,515,3,1,1,1,5,83069,M,,,83
200800051753,8,9,15,535,5,2,1,1,7,83069,M,,,83
200800051754,8,9,26,2035,3,1,1,1,3,83069,M,,,83
200800051755,8,9,15,840,1,2,1,1,3,83069,M,,,83
200800051756,8,9,22,930,1,1,1,1,3,83069,M,,,83
200800051757,8,9,17,920,1,2,1,1,2,83129,M,,,83
200800051758,8,9,27,1420,1,1,1,8,2,83129,M,,,83
200800051759,8,9,2,1655,1,2,3,7,3,83126,M,,,83
200800051760,8,9,3,1805,1,2,1,1,3,83126,M,,,83
200800051761,8,9,7,1900,1,2,1,1,6,83126,M,,,83
200800051762,8,9,6,2300,5,2,3,1,3,83126,M,,,83
200800051763,8,9,8,1952,1,2,3,1,3,83126,M,,,83
200800051764,8,9,13,1152,1,2,1,1,3,83126,M,,,83
200800051765,8,9,19,1750,1,2,1,1,2,83126,M,,,83
200800051766,8,9,22,830,1,2,3,1,5,83126,M,,,83
200800051767,8,9,23,1801,1,1,1,8,1,83126,M,,,83
200800051768,8,9,23,1715,1,2,2,8,3,83126,M,,,83
200800051769,8,9,29,815,1,2,1,1,3,83126,M,,,83
200800051770,8,9,30,941,1,2,1,1,2,83126,M,,,83
200800051771,8,9,30,2100,5,2,1,1,3,83126,M,,,83
200800051772,8,9,29,840,1,2,1,1,6,83126,M,,,83
200800051773,8,9,1,2238,5,2,1,1,2,83062,M,,,83
200800051774,8,9,4,1430,1,2,1,1,1,83137,M,,,83
200800051775,8,9,6,525,5,2,1,1,2,83137,M,,,83
200800051776,8,9,6,1600,1,2,3,1,1,83144,M,,,83
200800051777,8,9,6,1040,1,2,3,1,3,83098,M,,,83
200800051778,8,9,9,1250,1,2,3,1,3,83137,M,,,83
200800051779,8,9,5,1800,1,1,6,1,3,83098,M,,,83
200800051780,8,9,10,1400,1,2,1,1,3,83090,M,,,83
200800051781,8,9,12,1510,1,2,1,1,1,83137,M,,,83
200800051782,8,9,14,1745,1,2,1,1,3,83137,M,,,83
200800051783,8,9,2,905,1,1,1,1,3,83144,M,,,83
200800051784,8,9,10,1935,1,2,1,1,3,83137,M,,,83
200800051785,8,9,17,1440,1,2,1,1,6,83137,M,,,83
200800051786,8,9,16,1615,1,2,1,1,3,83137,M,,,83
200800051787,8,9,10,1650,1,2,1,1,6,83144,M,,,83
200800051788,8,9,14,855,1,2,2,1,3,83137,M,,,83
200800051789,8,9,18,1945,5,1,1,1,2,83090,M,,,83
200800051790,8,9,11,1930,2,2,2,2,3,83137,M,,,83
200800051791,8,9,20,1610,1,2,1,1,3,83137,M,,,83
200800051792,8,9,25,710,1,1,3,1,3,83090,M,,,83
200800051793,8,9,26,835,1,2,3,1,3,83137,M,,,83
200800051794,8,9,16,825,1,2,1,1,3,83062,M,,,83
200800051795,8,9,29,1120,1,2,1,1,3,83137,M,,,83
200800051796,8,9,28,1434,1,2,3,1,5,83098,M,,,83
200800051797,8,9,12,1740,1,2,3,1,5,83137,M,,,83
200800051798,8,9,8,1400,1,2,2,1,3,83137,M,,,83
200800051799,8,9,23,1250,1,2,3,1,3,83137,M,,,83
200800051800,8,9,30,800,1,2,1,1,3,83137,M,,,83
200800051801,8,9,18,1730,1,2,3,1,3,83137,M,,,83
200800051802,8,9,23,1615,1,2,1,1,3,83137,M,,,83
200800051803,8,9,29,1654,1,2,3,1,3,83137,M,,,83
200800051804,8,9,2,245,5,1,2,1,3,84007,M,,,84
200800051805,8,9,3,1020,1,2,1,1,7,84007,M,,,84
200800051806,8,9,4,1450,1,2,1,1,2,84007,M,,,84
200800051807,8,9,11,1540,1,2,1,1,2,84007,M,,,84
200800051808,8,9,4,2130,5,2,1,1,2,84007,M,,,84
200800051809,8,9,5,750,1,2,1,1,3,84007,M,,,84
200800051810,8,9,15,500,1,2,1,1,3,84007,M,,,84
200800051811,8,9,17,1700,1,2,1,1,2,84007,M,,,84
200800051812,8,9,17,1840,1,1,6,1,3,84007,M,,,84
200800051813,8,9,18,915,1,2,1,1,3,84007,M,,,84
200800051814,8,9,24,737,1,2,1,1,6,84007,M,,,84
200800051815,8,9,26,745,1,1,2,1,3,84007,M,,,84
200800051816,8,9,27,1510,1,1,1,1,2,84007,M,,,84
200800051817,8,9,30,1630,1,2,1,1,6,84007,M,,,84
200800051818,8,9,30,1730,1,2,3,1,3,84007,M,,,84
200800051819,8,9,30,1815,1,2,1,1,3,84007,M,,,84
200800051820,8,9,30,1800,1,2,1,1,6,84007,M,,,84
200800051821,8,9,8,825,1,1,2,1,1,84035,M,,,84
200800051822,8,9,7,2020,3,1,1,1,3,84087,M,,,84
200800051823,8,9,16,1340,1,1,1,1,2,84089,M,,,84
200800051824,8,9,2,1750,1,2,3,3,5,85191,M,,,85
200800051825,8,9,8,720,1,2,2,1,3,85191,M,,,85
200800051826,8,9,11,1615,1,2,1,2,1,85191,M,,,85
200800051827,8,9,13,830,1,2,6,1,3,85191,M,,,85
200800051828,8,9,14,1808,1,2,1,1,4,85191,M,,,85
200800051829,8,9,15,1654,1,2,1,1,2,85191,M,,,85
200800051830,8,9,29,1820,1,2,1,1,6,85191,M,,,85
200800051831,8,9,9,1850,1,2,2,1,3,85194,M,,,85
200800051832,8,9,21,1000,1,2,1,1,3,85194,M,,,85
200800051833,8,9,1,1820,1,2,1,1,3,86194,M,,,86
200800051834,8,9,3,855,1,2,3,3,6,86194,M,,,86
200800051835,8,9,3,1230,1,2,1,2,3,86194,M,,,86
200800051836,8,9,4,1805,1,1,1,1,6,86133,M,,,86
200800051837,8,9,5,130,5,2,1,2,6,86194,M,,,86
200800051838,8,9,5,350,5,2,2,1,6,86194,M,,,86
200800051839,8,9,5,1410,1,1,1,1,1,86194,M,,,86
200800051840,8,9,5,1540,1,2,1,3,6,86194,M,,,86
200800051841,8,9,9,1715,1,2,1,1,3,86194,M,,,86
200800051842,8,9,10,1340,1,2,1,1,3,86194,M,,,86
200800051843,8,9,12,1750,1,2,1,2,2,86214,M,,,86
200800051844,8,9,13,1855,1,2,1,1,4,86194,M,,,86
200800051845,8,9,16,1730,1,2,3,1,1,86041,M,,,86
200800051846,8,9,16,1930,1,2,2,1,1,86194,M,,,86
200800051847,8,9,18,1740,1,2,1,1,2,86158,M,,,86
200800051848,8,9,19,2145,5,2,1,1,3,86194,M,,,86
200800051849,8,9,20,1230,1,2,2,1,6,86194,M,,,86
200800051850,8,9,21,1135,1,2,1,1,6,86194,M,,,86
200800051851,8,9,21,2115,5,2,2,1,3,86214,M,,,86
200800051852,8,9,22,1720,1,2,1,1,6,86194,M,,,86
200800051853,8,9,25,1730,1,2,2,1,3,86194,M,,,86
200800051854,8,9,25,2030,1,1,1,1,2,86041,M,,,86
200800051855,8,9,27,100,5,2,1,1,6,86194,M,,,86
200800051856,8,9,27,1640,1,2,2,1,3,86194,M,,,86
200800051857,8,9,29,1415,1,2,1,1,3,86194,M,,,86
200800051858,8,9,1,1055,1,2,1,1,6,87085,M,,,87
200800051859,8,9,1,1923,1,2,3,1,3,87085,M,,,87
200800051860,8,9,2,1900,1,2,1,1,6,87085,M,,,87
200800051861,8,9,3,911,1,2,1,3,2,87085,M,,,87
200800051862,8,9,3,1635,1,2,1,1,6,87085,M,,,87
200800051863,8,9,3,1905,1,2,1,2,6,87085,M,,,87
200800051864,8,9,3,1942,1,1,1,3,3,87085,M,,,87
200800051865,8,9,4,735,1,2,1,2,6,87085,M,,,87
200800051866,8,9,4,736,1,2,1,1,6,87085,M,,,87
200800051867,8,9,4,1202,1,1,1,2,6,87085,M,,,87
200800051868,8,9,5,908,1,2,1,1,4,87085,M,,,87
200800051869,8,9,8,1724,1,2,1,1,6,87085,M,,,87
200800051870,8,9,9,1212,1,2,1,1,2,87085,M,,,87
200800051871,8,9,9,2025,1,2,3,1,3,87085,M,,,87
200800051872,8,9,9,2203,5,2,1,1,6,87085,M,,,87
200800051873,8,9,10,904,1,2,3,1,3,87085,M,,,87
200800051874,8,9,10,1603,1,2,1,1,4,87085,M,,,87
200800051875,8,9,11,2124,5,2,3,2,3,87085,M,,,87
200800051876,8,9,14,1502,1,1,1,1,6,87085,M,,,87
200800051877,8,9,15,1325,1,2,2,1,3,87085,M,,,87
200800051878,8,9,15,1541,1,2,1,1,2,87065,M,,,87
200800051879,8,9,16,1715,1,2,1,1,6,87085,M,,,87
200800051880,8,9,19,2219,5,2,1,1,6,87085,M,,,87
200800051881,8,9,20,1110,1,1,1,1,7,87114,M,,,87
200800051882,8,9,20,2112,5,2,1,1,3,87085,M,,,87
200800051883,8,9,21,213,5,1,1,1,6,87065,M,,,87
200800051884,8,9,21,1934,1,2,3,1,3,87085,M,,,87
200800051885,8,9,22,1320,1,2,2,1,3,87085,M,,,87
200800051886,8,9,22,1705,1,2,9,1,3,87085,M,,,87
200800051887,8,9,24,1226,1,2,2,1,3,87085,M,,,87
200800051888,8,9,24,1621,1,2,1,1,6,87085,M,,,87
200800051889,8,9,25,1819,1,2,1,1,1,87085,M,,,87
200800051890,8,9,25,1848,1,2,1,1,2,87085,M,,,87
200800051891,8,9,26,1429,1,2,1,1,2,87085,M,,,87
200800051892,8,9,26,2105,5,2,1,1,6,87085,M,,,87
200800051893,8,9,27,648,5,2,1,1,3,87085,M,,,87
200800051894,8,9,28,2005,2,2,1,1,6,87085,M,,,87
200800051895,8,9,27,1300,1,2,1,1,7,87085,M,,,87
200800051896,8,9,30,1230,1,2,3,1,1,87085,M,,,87
200800051897,8,9,14,1800,1,1,2,1,3,88209,M,4819765.0,643899.0,88
200800051898,8,9,16,1455,1,2,3,1,3,88160,M,4818799.0,644572.0,88
200800051899,8,9,16,1600,1,2,1,1,6,88160,M,4816780.0,645014.0,88
200800051900,8,9,1,1952,2,2,2,1,2,88160,M,4818479.0,647774.0,88
200800051901,8,9,4,1425,1,2,3,2,3,88160,M,4817719.0,644829.0,88
200800051902,8,9,20,1700,1,2,1,1,6,88160,M,4819315.0,645352.0,88
200800051903,8,9,22,755,1,2,1,1,3,88160,M,4816460.0,645461.0,88
200800051904,8,9,22,1205,1,2,1,1,6,88160,M,4817280.0,645235.0,88
200800051905,8,9,4,1245,1,2,1,2,1,88413,M,,,88
200800051906,8,9,12,1230,1,1,1,2,7,88463,M,4824166.0,689333.0,88
200800051907,8,9,26,1300,1,2,2,1,2,89024,M,,,89
200800051908,8,9,13,1645,1,2,1,1,6,89287,M,,,89
200800051909,8,9,19,1450,1,2,1,1,6,89387,M,,,89
200800051910,8,9,1,1045,1,2,1,2,4,90032,M,,,90
200800051911,8,9,5,1840,1,2,1,1,2,90010,M,,,90
200800051912,8,9,6,950,1,1,1,3,3,90029,M,,,90
200800051913,8,9,7,1920,1,2,1,1,6,90032,M,,,90
200800051914,8,9,11,1545,1,2,3,1,6,90010,M,,,90
200800051915,8,9,15,745,1,2,1,1,7,90010,M,,,90
200800051916,8,9,15,1710,1,2,1,1,2,90010,M,,,90
200800051917,8,9,18,711,2,2,2,1,3,90010,M,,,90
200800051918,8,9,21,1820,1,2,1,1,3,90010,M,,,90
200800051919,8,9,25,1820,1,2,2,1,3,90010,M,,,90
200800051920,8,9,26,1745,1,2,1,1,6,90010,M,,,90
200800051921,8,9,27,730,1,2,2,1,3,90099,M,,,90
200800051922,8,9,27,1130,1,2,1,1,2,90010,M,,,90
200800051923,8,9,27,1740,1,2,1,1,3,90010,M,,,90
200800051924,8,9,29,825,1,2,1,1,2,90099,M,,,90
200800051925,8,9,30,1104,1,2,1,1,3,90010,M,,,90
200800051926,8,9,14,1705,1,1,3,1,3,91103,M,,,91
200800051927,8,9,22,1140,1,1,1,1,3,91103,M,,,91
200800051928,8,9,24,830,1,2,6,8,3,91552,M,,,91
200800051929,8,9,27,130,5,2,3,1,6,91339,M,,,91
200800051930,8,9,19,610,2,2,1,1,6,91479,M,,,91
200800051931,8,9,21,2015,2,2,1,1,6,91027,M,,,91
200800051932,8,9,22,1150,1,2,1,1,6,91027,M,,,91
200800051933,8,9,27,1550,1,2,1,1,6,91479,M,,,91
200800051934,8,9,1,1800,1,2,1,1,3,91114,M,,,91
200800051935,8,9,3,1005,1,2,1,2,3,91114,M,,,91
200800051936,8,9,10,1815,1,2,1,1,6,19031,M,4514819.0,448937.0,19
200800051937,8,9,13,135,5,2,1,8,1,19031,M,,,19
200800051938,8,9,15,1120,1,2,1,1,6,19031,M,,,19
200800051939,8,9,16,1525,1,2,3,1,3,19031,M,4516019.0,452776.0,19
200800051940,8,9,18,750,2,2,3,1,3,19031,M,4515651.0,455146.0,19
200800051941,8,9,18,1405,1,2,1,2,3,19031,M,4516474.0,441042.0,19
200800051942,8,9,27,1800,1,2,1,1,6,19031,M,4515352.0,450935.0,19
200800051943,8,9,28,1315,1,2,1,1,6,19031,M,4516471.0,450167.0,19
200800051944,8,9,29,1350,1,2,1,1,2,19031,M,4516351.0,450258.0,19
200800051945,8,9,29,1720,1,2,1,1,2,19031,M,4516620.0,454275.0,19
200800051946,8,9,9,1516,1,2,1,1,2,21054,M,,,21
200800051947,8,9,17,1520,1,2,1,1,3,21054,M,,,21
200800051948,8,9,1,749,1,2,2,1,3,21231,M,,,21
200800051949,8,9,1,1200,1,2,1,1,6,21231,M,,,21
200800051950,8,9,3,2100,5,2,1,1,6,21617,M,,,21
200800051951,8,9,2,1910,1,2,2,1,3,21231,M,,,21
200800051952,8,9,2,1224,1,2,1,1,6,21231,M,,,21
200800051953,8,9,2,1235,1,2,1,1,6,21231,M,,,21
200800051954,8,9,2,1815,1,2,2,1,3,21231,M,,,21
200800051955,8,9,3,1352,1,2,1,8,6,21231,M,,,21
200800051956,8,9,3,1457,1,2,2,3,6,21231,M,,,21
200800051957,8,9,4,1605,1,2,2,1,3,21231,M,,,21
200800051958,8,9,4,1415,1,1,1,2,1,21231,M,,,21
200800051959,8,9,6,1444,1,2,2,3,5,21231,M,,,21
200800051960,8,9,6,1835,1,2,2,3,2,21231,M,,,21
200800051961,8,9,8,1420,1,2,1,1,6,21231,M,,,21
200800051962,8,9,8,1540,1,2,2,1,3,21231,M,,,21
200800051963,8,9,10,1150,1,2,1,1,6,21166,M,,,21
200800051964,8,9,11,1021,1,2,2,1,2,21166,M,,,21
200800051965,8,9,11,1325,1,2,2,1,6,21231,M,,,21
200800051966,8,9,11,1338,1,2,1,9,6,21166,M,,,21
200800051967,8,9,11,1045,1,2,2,1,6,21231,M,,,21
200800051968,8,9,13,1235,1,2,2,1,2,21617,M,,,21
200800051969,8,9,13,1331,1,2,1,8,6,21166,M,,,21
200800051970,8,9,15,1929,2,2,1,1,3,21231,M,,,21
200800051971,8,9,16,1145,1,2,2,1,3,21231,M,,,21
200800051972,8,9,16,1250,1,2,2,1,3,21231,M,,,21
200800051973,8,9,16,1654,1,2,1,1,3,21231,M,,,21
200800051974,8,9,16,2000,1,2,1,1,3,21231,M,,,21
200800051975,8,9,17,755,1,2,1,1,4,21231,M,,,21
200800051976,8,9,18,1320,1,2,1,1,6,21231,M,,,21
200800051977,8,9,19,1450,1,2,7,1,4,21231,M,,,21
200800051978,8,9,19,1647,1,2,4,1,1,21231,M,,,21
200800051979,8,9,19,1747,1,2,1,1,6,21231,M,,,21
200800051980,8,9,20,1911,1,2,3,1,3,21278,M,,,21
200800051981,8,9,20,2043,5,2,2,1,3,21231,M,,,21
200800051982,8,9,22,754,1,2,1,1,3,21231,M,,,21
200800051983,8,9,22,945,1,2,1,1,6,21231,M,,,21
200800051984,8,9,22,1720,1,2,1,1,2,21231,M,,,21