Num_Acc,an,mois,jour,hrmn,lum,agg,int,atm,col,com,gps,lat,long,dep
200800051985,8,9,22,2022,1,2,2,1,3,21231,M,,,21
200800051986,8,9,24,1624,1,2,1,1,2,21231,M,,,21
200800051987,8,9,25,1020,1,2,2,1,2,21231,M,,,21
200800051988,8,9,26,855,1,2,1,1,3,21231,M,,,21
200800051989,8,9,26,1736,1,2,1,1,4,21166,M,,,21
200800051990,8,9,27,2001,5,2,2,1,2,21231,M,,,21
200800051991,8,9,28,1445,1,2,1,1,2,21166,M,,,21
200800051992,8,9,30,1425,1,2,1,1,6,21231,M,,,21
200800051993,8,9,30,1745,1,2,1,1,2,21231,M,,,21
200800051994,8,9,27,2015,5,2,3,1,3,22050,M,,,22
200800051995,8,9,26,1545,1,2,1,1,3,22113,M,,,22
200800051996,8,9,25,1745,1,2,1,1,1,22113,M,,,22
200800051997,8,9,2,955,1,2,1,2,7,22278,M,,,22
200800051998,8,9,2,1535,1,2,1,1,2,22278,M,,,22
200800051999,8,9,3,1455,1,2,1,1,3,22278,M,,,22
200800052000,8,9,6,1655,1,2,3,1,3,22106,M,,,22
200800052001,8,9,7,945,1,2,1,1,7,22278,M,,,22
200800052002,8,9,5,600,2,2,1,1,2,22278,M,,,22
200800052003,8,9,13,2330,3,1,1,1,7,22215,M,,,22
200800052004,8,9,14,1655,1,1,1,1,7,22215,M,,,22
200800052005,8,9,16,1240,1,1,1,1,2,22278,M,,,22
200800052006,8,9,18,1146,1,2,1,1,3,22106,M,,,22
200800052007,8,9,18,1528,1,2,1,1,6,22278,M,,,22
200800052008,8,9,19,750,1,1,1,1,3,22278,M,,,22
200800052009,8,9,20,1210,1,2,1,1,1,22106,M,,,22
200800052010,8,9,21,1240,1,2,1,1,7,22278,M,,,22
200800052011,8,9,21,1900,1,2,1,1,3,22360,M,,,22
200800052012,8,9,8,1745,1,2,6,1,2,19031,M,4514831.0,448973.0,19
200800052013,8,9,23,750,1,1,1,1,3,22215,M,,,22
200800052014,8,9,23,735,1,1,1,1,3,22215,M,,,22
200800052015,8,9,25,1500,1,2,1,1,7,22278,M,,,22
200800052016,8,9,25,1640,1,2,1,1,3,22278,M,,,22
200800052017,8,9,26,835,1,2,2,1,3,22278,M,,,22
200800052018,8,9,26,1210,1,2,3,1,3,22278,M,,,22
200800052019,8,9,26,1545,1,2,1,1,2,22278,M,,,22
200800052020,8,9,26,1735,1,2,1,1,2,22278,M,,,22
200800052021,8,9,27,450,3,1,1,1,7,22215,M,,,22
200800052022,8,9,27,1725,1,2,1,1,7,22360,M,,,22
200800052023,8,9,28,230,3,1,1,1,7,22360,M,,,22
200800052024,8,9,28,1215,1,2,3,1,3,22278,M,,,22
200800052025,8,9,28,2000,2,2,1,1,2,22278,M,,,22
200800052026,8,9,5,750,1,2,6,1,3,23096,M,,,23
200800052027,8,9,12,745,1,2,3,1,1,23096,M,,,23
200800052028,8,9,12,2205,5,2,4,9,7,23096,M,,,23
200800052029,8,9,8,1355,1,2,2,1,3,24037,M,,,24
200800052030,8,9,20,2240,3,2,1,1,3,24037,M,,,24
200800052031,8,9,22,1840,1,2,2,1,5,24145,M,,,24
200800052032,8,9,1,1005,1,2,3,1,3,24557,M,,,24
200800052033,8,9,8,1200,1,2,1,1,6,24322,M,,,24
200800052034,8,9,22,855,1,2,6,1,6,24322,M,,,24
200800052035,8,9,22,1224,1,2,1,1,6,24322,M,,,24
200800052036,8,9,26,800,1,2,1,1,6,24322,M,,,24
200800052037,8,9,27,856,1,2,1,1,3,24322,M,,,24
200800052038,8,9,1,1705,1,2,1,1,3,25056,M,,,25
200800052039,8,9,2,1740,1,2,1,1,3,25056,M,,,25
200800052040,8,9,5,750,1,2,1,2,2,25056,M,,,25
200800052041,8,9,5,1204,1,2,1,1,6,25056,M,,,25
200800052042,8,9,6,1915,2,2,1,2,2,25056,M,,,25
200800052043,8,9,9,1306,1,2,1,1,2,25056,M,,,25
200800052044,8,9,10,1426,1,2,1,1,1,25056,M,,,25
200800052045,8,9,12,1311,1,2,6,2,2,25056,M,,,25
200800052046,8,9,13,1725,1,2,1,3,5,25056,M,,,25
200800052047,8,9,15,909,1,2,1,1,2,25056,M,,,25
200800052048,8,9,16,1410,1,2,1,1,2,25056,M,,,25
200800052049,8,9,17,800,1,2,1,1,3,25056,M,,,25
200800052050,8,9,19,410,5,2,1,1,6,25056,M,,,25
200800052051,8,9,20,539,5,1,1,1,6,25056,M,,,25
200800052052,8,9,20,1016,1,2,1,1,2,25056,M,,,25
200800052053,8,9,21,1757,1,2,1,1,2,25056,M,,,25
200800052054,8,9,22,1028,1,2,1,1,3,25056,M,,,25
200800052055,8,9,23,1759,1,2,1,1,3,25056,M,,,25
200800052056,8,9,24,2029,4,2,1,1,2,25056,M,,,25
200800052057,8,9,26,453,4,2,1,1,6,25056,M,,,25
200800052058,8,9,29,1202,1,2,1,1,1,25056,M,,,25
200800052059,8,9,8,900,1,2,3,1,1,25580,M,,,25
200800052060,8,9,10,1420,1,2,1,1,1,25031,M,,,25
200800052061,8,9,9,1822,1,2,1,1,3,25462,M,,,25
200800052062,8,9,21,1,5,2,1,1,6,26198,M,,,26
200800052063,8,9,6,350,3,1,1,1,6,26198,M,,,26
200800052064,8,9,27,230,3,1,1,1,7,26198,M,,,26
200800052065,8,9,10,1730,1,2,3,1,6,26281,M,,,26
200800052066,8,9,18,1425,1,2,1,1,3,26281,M,,,26
200800052067,8,9,25,1830,1,2,1,1,6,26281,M,,,26
200800052068,8,9,26,650,3,1,6,1,3,26281,M,,,26
200800052069,8,9,26,1535,1,2,1,1,4,26281,M,,,26
200800052070,8,9,29,1850,2,1,1,1,2,26057,M,,,26
200800052071,8,9,29,130,5,2,1,1,6,26281,M,,,26
200800052072,8,9,2,2330,3,1,1,2,7,26058,M,,,26
200800052073,8,9,2,840,1,2,1,1,3,26362,M,,,26
200800052074,8,9,16,750,1,1,1,1,7,26362,M,,,26
200800052075,8,9,5,650,5,2,1,1,1,26362,M,,,26
200800052076,8,9,19,1220,1,2,1,1,6,26362,M,,,26
200800052077,8,9,22,1750,1,2,1,1,1,26058,M,,,26
200800052078,8,9,21,620,2,1,1,1,7,26252,M,,,26
200800052079,8,9,27,1410,1,1,1,1,3,26362,M,,,26
200800052080,8,9,30,2145,5,2,3,1,3,26362,M,,,26
200800052081,8,9,30,2150,5,2,3,1,6,26362,M,,,26
200800052082,8,9,30,1730,1,2,1,1,2,26362,M,,,26
200800052083,8,9,26,1925,1,2,6,1,3,26362,M,,,26
200800052084,8,9,29,1350,1,2,1,1,3,26362,M,,,26
200800052085,8,9,7,1700,1,2,1,1,6,27229,M,,,27
200800052086,8,9,8,1125,1,2,1,1,6,27229,M,,,27
200800052087,8,9,13,1135,1,2,1,1,1,27229,M,,,27
200800052088,8,9,21,1215,1,1,1,1,3,27299,M,,,27
200800052089,8,9,23,1735,1,2,1,1,2,27229,M,,,27
200800052090,8,9,4,805,1,2,1,8,4,27701,M,,,27
200800052091,8,9,23,1750,1,2,1,1,2,27375,M,,,27
200800052092,8,9,25,2300,5,2,1,1,7,27375,M,,,27
200800052093,8,9,2,720,1,2,1,1,6,27681,M,,,27
200800052094,8,9,4,1805,1,2,1,1,6,27562,M,,,27
200800052095,8,9,5,1625,1,2,1,2,7,27681,M,,,27
200800052096,8,9,6,1040,1,2,2,1,6,27681,M,,,27
200800052097,8,9,9,1630,1,2,1,2,7,27681,M,,,27
200800052098,8,9,12,1120,1,2,1,2,2,27562,M,,,27
200800052099,8,9,20,1325,1,2,3,1,6,27588,M,,,27
200800052100,8,9,22,425,5,2,1,1,6,27681,M,,,27
200800052101,8,9,24,800,1,2,1,2,4,27554,M,,,27
200800052102,8,9,26,1720,1,2,1,1,7,27681,M,,,27
200800052103,8,9,27,1450,1,2,3,1,6,27681,M,,,27
200800052104,8,9,27,1830,1,2,1,1,6,27681,M,,,27
200800052105,8,9,27,2025,5,2,1,1,6,27681,M,,,27
200800052106,8,9,14,1755,1,2,3,1,3,27681,M,,,27
200800052107,8,9,27,1220,1,2,1,1,6,27681,M,,,27
200800052108,8,9,4,1335,1,2,1,2,4,28085,M,,,28
200800052109,8,9,5,1255,1,2,1,2,3,28085,M,,,28
200800052110,8,9,5,1645,1,2,1,2,4,28085,M,,,28
200800052111,8,9,11,1850,1,2,2,2,3,28085,M,,,28
200800052112,8,9,13,1150,1,1,6,1,4,28110,M,,,28
200800052113,8,9,15,825,1,2,3,1,3,28085,M,,,28
200800052114,8,9,16,1500,1,2,3,1,3,28085,M,,,28
200800052115,8,9,16,1930,1,2,1,1,3,28085,M,,,28
200800052116,8,9,18,1500,1,2,1,1,6,28085,M,,,28
200800052117,8,9,18,1830,1,2,2,1,2,28218,M,,,28
200800052118,8,9,19,5,5,2,1,1,6,28110,M,,,28
200800052119,8,9,20,1830,1,2,1,1,3,28218,M,,,28
200800052120,8,9,21,1045,1,2,3,1,3,28085,M,,,28
200800052121,8,9,22,1715,1,2,1,1,3,28085,M,,,28
200800052122,8,9,25,645,5,2,1,1,3,28218,M,,,28
200800052123,8,9,25,1910,1,2,3,1,2,28085,M,,,28
200800052124,8,9,26,1635,1,2,1,1,7,28220,M,,,28
200800052125,8,9,29,810,1,2,3,5,3,28085,M,,,28
200800052126,8,9,30,1725,1,2,1,1,6,28085,M,,,28
200800052127,8,9,1,1030,1,1,2,1,3,28223,M,,,28
200800052128,8,9,8,1450,1,2,1,1,6,28134,M,,,28
200800052129,8,9,8,1845,1,2,1,1,6,28134,M,,,28
200800052130,8,9,9,725,2,2,2,1,6,28134,M,,,28
200800052131,8,9,11,745,1,2,3,1,3,28404,M,,,28
200800052132,8,9,14,1855,1,2,1,1,7,28134,M,,,28
200800052133,8,9,17,1640,1,2,1,1,4,28134,M,,,28
200800052134,8,9,30,1110,1,2,3,1,3,28404,M,,,28
200800052135,8,9,2,750,2,2,2,3,3,29019,M,,,29
200800052136,8,9,2,900,1,2,2,3,3,29019,M,,,29
200800052137,8,9,2,1330,1,2,1,1,6,29019,M,,,29
200800052138,8,9,4,1040,1,2,1,1,2,29019,M,,,29
200800052139,8,9,9,1225,1,2,3,1,1,29019,M,,,29
200800052140,8,9,10,650,3,2,2,1,3,29019,M,,,29
200800052141,8,9,10,1535,1,2,1,1,7,29019,M,,,29
200800052142,8,9,13,2110,2,2,2,1,7,29019,M,,,29
200800052143,8,9,14,1655,1,2,2,1,3,29019,M,,,29
200800052144,8,9,16,1850,1,2,1,1,6,29019,M,,,29
200800052145,8,9,18,1835,1,2,3,1,3,29019,M,,,29
200800052146,8,9,18,1910,1,2,1,1,6,29019,M,,,29
200800052147,8,9,19,1650,1,2,1,1,4,29019,M,,,29
200800052148,8,9,21,2140,5,2,1,1,6,29019,M,,,29
200800052149,8,9,23,1040,1,2,6,2,3,29019,M,,,29
200800052150,8,9,24,19,5,2,1,1,6,29019,M,,,29
200800052151,8,9,24,1825,1,2,1,2,6,29019,M,,,29
200800052152,8,9,25,930,1,2,1,1,3,29019,M,,,29
200800052153,8,9,29,720,5,2,2,1,1,29019,M,,,29
200800052154,8,9,29,940,1,2,1,1,6,29019,M,,,29
200800052155,8,9,29,1125,1,2,3,1,3,29019,M,,,29
200800052156,8,9,29,1350,1,2,9,1,3,29019,M,,,29
200800052157,8,9,29,1715,1,2,1,1,6,29019,M,,,29
200800052158,8,9,17,1545,1,2,1,1,4,29039,M,,,29
200800052159,8,9,3,1545,1,2,1,1,6,29151,M,,,29
200800052160,8,9,14,1500,1,2,1,1,3,29151,M,,,29
200800052161,8,9,19,304,5,2,1,1,7,29151,M,,,29
200800052162,8,9,2,1025,1,2,1,2,6,29232,M,,,29
200800052163,8,9,12,1718,1,2,1,1,2,29232,M,,,29
200800052164,8,9,29,1205,1,2,1,1,3,29232,M,,,29
200800052165,8,9,29,1639,1,2,1,1,4,29232,M,,,29
200800052166,8,9,3,1740,1,2,1,1,2,30007,M,,,30
200800052167,8,9,3,950,1,2,1,1,3,30007,M,,,30
200800052168,8,9,3,1705,1,2,1,1,3,30243,M,,,30
200800052169,8,9,9,1725,1,2,1,1,7,30007,M,,,30
200800052170,8,9,21,2140,5,2,1,1,3,30007,M,,,30
200800052171,8,9,22,735,1,2,1,1,7,30007,M,,,30
200800052172,8,9,25,1055,1,2,2,1,3,30007,M,,,30
200800052173,8,9,27,1526,1,2,3,1,3,30007,M,,,30
200800052174,8,9,27,1750,1,2,1,1,3,30007,M,,,30
200800052175,8,9,30,735,1,2,1,1,3,30007,M,,,30
200800052176,8,9,26,1655,1,2,3,1,6,30028,M,,,30
200800052177,8,9,30,1740,1,2,1,1,6,30028,M,,,30
200800052178,8,9,29,1730,1,2,1,1,3,30028,M,,,30
200800052179,8,9,16,2205,3,1,1,1,7,30032,M,,,30
200800052180,8,9,23,930,1,1,1,1,7,30032,M,,,30
200800052181,8,9,29,1410,1,2,1,1,7,30032,M,,,30
200800052182,8,9,1,909,1,2,2,1,3,30189,M,4381437.0,434061.0,30
200800052183,8,9,1,1516,1,2,2,1,3,30189,M,4382435.0,435397.0,30
200800052184,8,9,2,1720,1,2,1,1,3,30189,M,4384407.0,430602.0,30
200800052185,8,9,8,1730,1,2,1,1,6,30189,M,4381429.0,432877.0,30
200800052186,8,9,4,820,1,1,4,2,4,30189,M,4383851.0,432401.0,30
200800052187,8,9,4,1135,1,2,1,1,7,30189,M,4382908.0,435560.0,30
200800052188,8,9,5,1221,1,1,1,1,2,30189,M,4383048.0,438027.0,30
200800052189,8,9,6,1840,1,2,1,2,4,30189,M,4381755.0,433899.0,30
200800052190,8,9,8,1220,1,2,9,1,6,30189,M,4384204.0,438777.0,30
200800052191,8,9,8,1315,1,1,1,1,7,30189,M,4389596.0,439073.0,30
200800052192,8,9,9,902,1,2,1,1,7,30189,M,4383632.0,437026.0,30
200800052193,8,9,9,1125,1,1,1,1,2,30189,M,4378141.0,435108.0,30
200800052194,8,9,10,1700,1,2,1,1,2,30189,M,4381442.0,433343.0,30
200800052195,8,9,11,1632,1,2,1,1,1,30189,M,4386176.0,439093.0,30
200800052196,8,9,12,1355,1,2,1,1,3,30189,M,4383787.0,436640.0,30
200800052197,8,9,12,1538,1,2,1,1,3,30189,M,4381363.0,432599.0,30
200800052198,8,9,15,1708,1,2,3,1,3,30189,M,4383696.0,438683.0,30
200800052199,8,9,17,1600,1,2,1,1,2,30189,M,4383996.0,436010.0,30
200800052200,8,9,17,1055,1,2,3,1,6,30189,M,4384416.0,437041.0,30
200800052201,8,9,20,345,4,2,1,1,6,30189,M,,,30
200800052202,8,9,20,1550,1,2,1,1,2,30189,M,4383755.0,432887.0,30
200800052203,8,9,21,20,5,1,2,1,3,30189,M,4383160.0,437380.0,30
200800052204,8,9,21,1602,1,2,3,1,3,30189,M,,,30
200800052205,8,9,21,1930,1,2,3,1,2,30189,M,,,30
200800052206,8,9,22,1337,1,2,2,1,5,30189,M,4384517.0,435889.0,30
200800052207,8,9,24,1215,1,2,3,1,1,30189,M,4383049.0,433233.0,30
200800052208,8,9,24,1435,1,1,1,1,3,30189,M,4384617.0,429583.0,30
200800052209,8,9,25,1621,1,2,6,1,3,30189,M,4382295.0,432833.0,30
200800052210,8,9,25,1800,1,2,1,1,7,30189,M,4383955.0,436121.0,30
200800052211,8,9,25,1816,1,2,1,1,3,30189,M,4383108.0,435088.0,30
200800052212,8,9,25,2125,4,2,6,1,6,30189,M,4381986.0,435767.0,30
200800052213,8,9,26,350,5,2,1,1,6,30189,M,4386142.0,431508.0,30
200800052214,8,9,26,1800,1,2,1,2,5,30189,M,4380364.0,435440.0,30
200800052215,8,9,27,1124,1,2,2,1,7,30189,M,,,30
200800052216,8,9,27,1812,1,1,1,1,1,30189,M,4379360.0,435182.0,30
200800052217,8,9,27,1800,1,2,2,1,3,30189,M,,,30
200800052218,8,9,27,1950,5,1,1,1,7,30189,M,,,30
200800052219,8,9,29,1010,1,2,3,1,2,30189,M,,,30
200800052220,8,9,29,1405,1,1,6,1,2,30189,M,4383270.0,442647.0,30
200800052221,8,9,30,1000,1,2,6,1,3,30189,M,4385751.0,440953.0,30
200800052222,8,9,10,1405,1,1,1,1,6,30011,M,,,30
200800052223,8,9,15,440,3,1,1,1,7,30011,M,,,30
200800052224,8,9,16,1950,2,2,3,1,3,30351,M,,,30
200800052225,8,9,29,945,1,2,2,1,3,30351,M,,,30
200800052226,8,9,5,1205,1,2,1,1,7,31069,M,,,31
200800052227,8,9,9,1735,1,2,1,1,3,31069,M,,,31
200800052228,8,9,15,1505,1,2,1,1,6,31069,M,,,31
200800052229,8,9,20,1200,1,2,1,1,3,31069,M,,,31
200800052230,8,9,21,1800,1,2,6,1,3,31069,M,,,31
200800052231,8,9,7,1620,1,2,1,1,7,31149,M,,,31
200800052232,8,9,8,1830,1,2,1,1,4,31149,M,,,31
200800052233,8,9,11,1500,1,2,1,1,7,31149,M,,,31
200800052234,8,9,12,1900,1,2,3,1,3,31149,M,,,31
200800052235,8,9,15,1800,1,2,1,1,1,31149,M,,,31
200800052236,8,9,18,800,1,2,1,1,6,31149,M,,,31
200800052237,8,9,5,1340,1,2,3,1,3,31557,M,,,31
200800052238,8,9,15,2010,5,2,6,1,3,31557,M,,,31
200800052239,8,9,19,1350,1,2,2,1,3,31557,M,,,31
200800052240,8,9,20,815,1,1,1,1,6,31557,M,,,31
200800052241,8,9,22,1805,1,2,1,1,3,31557,M,,,31
200800052242,8,9,20,1148,1,2,1,1,3,30007,M,,,30
200800052243,8,9,1,1905,1,2,1,1,6,32013,M,,,32
200800052244,8,9,10,1410,1,2,3,1,3,32013,M,,,32
200800052245,8,9,21,1800,1,1,1,1,7,33529,M,,,33
200800052246,8,9,23,2105,5,2,1,1,3,33009,M,,,33
200800052247,8,9,16,1926,2,2,1,1,6,33009,M,,,33
200800052248,8,9,3,1115,1,2,1,1,2,33063,M,,,33
200800052249,8,9,3,1410,1,2,1,1,2,33063,M,,,33
200800052250,8,9,3,1555,1,2,1,2,3,33063,M,,,33
200800052251,8,9,1,1340,1,2,1,1,2,33318,M,,,33
200800052252,8,9,4,845,1,2,1,1,2,33063,M,,,33
200800052253,8,9,2,2040,2,2,1,1,1,33281,M,,,33
200800052254,8,9,2,1715,1,2,1,1,3,33281,M,,,33
200800052255,8,9,1,1825,1,2,1,1,4,33281,M,,,33
200800052256,8,9,5,745,2,2,3,2,3,33063,M,,,33
200800052257,8,9,6,1500,1,2,1,1,6,33167,M,,,33
200800052258,8,9,5,401,5,2,1,1,6,33063,M,,,33
200800052259,8,9,5,1120,1,2,2,1,6,33063,M,,,33
200800052260,8,9,5,840,1,2,1,2,2,33063,M,,,33
200800052261,8,9,4,1010,1,2,3,2,7,33281,M,,,33
200800052262,8,9,3,1255,1,2,1,2,2,33069,M,,,33
200800052263,8,9,8,1721,1,2,2,1,6,33063,M,,,33
200800052264,8,9,8,835,1,2,2,1,3,33063,M,,,33
200800052265,8,9,9,1010,1,2,3,1,6,33063,M,,,33
200800052266,8,9,9,1445,1,2,1,1,2,33063,M,,,33
200800052267,8,9,3,1805,1,2,1,1,2,33039,M,,,33
200800052268,8,9,5,1930,1,2,2,1,3,33167,M,,,33
200800052269,8,9,9,145,5,2,2,1,3,33318,M,,,33
200800052270,8,9,10,708,1,2,1,1,6,33063,M,,,33
200800052271,8,9,10,1940,1,2,1,1,3,33063,M,,,33
200800052272,8,9,5,2225,5,2,1,1,3,33550,M,,,33
200800052273,8,9,6,2025,2,2,5,1,5,33075,M,,,33
200800052274,8,9,9,1715,1,2,1,1,2,33318,M,,,33
200800052275,8,9,10,1830,1,2,3,1,3,33318,M,,,33
200800052276,8,9,8,1400,1,2,1,1,2,33039,M,,,33
200800052277,8,9,4,1820,1,2,1,1,2,33192,M,,,33
200800052278,8,9,14,1650,1,2,2,1,3,33063,M,,,33
200800052279,8,9,10,1200,1,2,3,1,2,33063,M,,,33
200800052280,8,9,13,1950,1,2,1,1,5,33063,M,,,33
200800052281,8,9,13,335,5,2,1,1,6,33063,M,,,33
200800052282,8,9,12,1320,1,2,1,1,2,33063,M,,,33
200800052283,8,9,12,2015,5,2,3,1,6,33063,M,,,33
200800052284,8,9,10,1945,1,2,1,1,3,33281,M,,,33
200800052285,8,9,11,1220,1,2,2,1,3,33119,M,,,33
200800052286,8,9,17,800,1,2,2,1,3,33281,M,,,33
200800052287,8,9,16,1345,1,2,1,1,2,33063,M,,,33
200800052288,8,9,15,1445,1,2,1,1,2,33167,M,,,33
200800052289,8,9,15,840,1,2,1,1,5,33119,M,,,33
200800052290,8,9,16,1850,1,2,2,1,3,33063,M,,,33
200800052291,8,9,16,1925,1,2,3,1,3,33119,M,,,33
200800052292,8,9,17,1800,1,2,1,1,2,33063,M,,,33
200800052293,8,9,17,1405,1,2,2,1,2,33063,M,,,33
200800052294,8,9,14,1845,1,2,3,1,3,33249,M,,,33
200800052295,8,9,16,1440,1,2,1,1,2,33318,M,,,33
200800052296,8,9,12,2250,5,2,1,2,1,33065,M,,,33
200800052297,8,9,17,1820,1,2,1,1,3,33032,M,,,33
200800052298,8,9,12,1020,1,2,1,2,2,33039,M,,,33
200800052299,8,9,15,1845,1,2,4,1,3,33281,M,,,33
200800052300,8,9,21,1240,1,2,1,1,3,33063,M,,,33
200800052301,8,9,20,1900,1,2,1,1,3,33063,M,,,33
200800052302,8,9,20,55,5,2,1,1,6,33063,M,,,33
200800052303,8,9,18,1720,1,2,6,1,6,33119,M,,,33
200800052304,8,9,15,1150,1,2,1,1,2,33039,M,,,33
200800052305,8,9,23,38,5,2,1,1,7,33063,M,,,33
200800052306,8,9,22,1230,1,2,5,1,3,33063,M,,,33
200800052307,8,9,22,2140,5,2,3,1,3,33063,M,,,33
200800052308,8,9,18,835,1,2,3,2,1,33075,M,,,33
200800052309,8,9,19,1800,1,2,1,1,7,33281,M,,,33
200800052310,8,9,20,920,1,2,6,1,6,33119,M,,,33
200800052311,8,9,22,1645,1,2,1,1,2,33032,M,,,33
200800052312,8,9,22,1800,1,2,1,1,3,33167,M,,,33
200800052313,8,9,14,850,1,2,1,1,1,33192,M,,,33
200800052314,8,9,14,1024,1,2,1,1,6,33063,M,,,33
200800052315,8,9,23,755,1,2,1,1,6,33063,M,,,33
200800052316,8,9,23,1745,1,2,1,1,3,33063,M,,,33
200800052317,8,9,23,1910,1,2,1,1,2,33063,M,,,33
200800052318,8,9,23,2115,5,2,2,1,6,33063,M,,,33
200800052319,8,9,23,2030,5,2,2,1,3,33063,M,,,33
200800052320,8,9,18,1317,1,2,2,1,3,33281,M,,,33
200800052321,8,9,23,1815,1,2,3,1,3,33063,M,,,33
200800052322,8,9,23,910,1,2,1,1,2,33063,M,,,33
200800052323,8,9,2,1203,1,2,3,1,1,31555,M,,,31
200800052324,8,9,3,1730,1,2,3,1,6,31555,M,,,31
200800052325,8,9,3,2225,3,2,3,1,3,31555,M,,,31
200800052326,8,9,5,210,5,1,3,1,3,31555,M,,,31
200800052327,8,9,4,1020,1,2,1,1,2,31555,M,,,31
200800052328,8,9,5,827,1,2,1,1,3,31555,M,,,31
200800052329,8,9,5,1100,1,2,1,1,4,31555,M,,,31
200800052330,8,9,5,1345,1,2,1,1,4,31555,M,,,31
200800052331,8,9,5,1542,1,2,1,1,2,31555,M,,,31
200800052332,8,9,5,1545,1,2,1,1,2,31555,M,,,31
200800052333,8,9,5,1710,1,2,1,1,3,31555,M,,,31
200800052334,8,9,5,1820,1,2,3,1,3,31555,M,,,31
200800052335,8,9,6,125,3,2,1,1,6,31555,M,,,31
200800052336,8,9,6,530,5,1,1,1,6,31555,M,,,31
200800052337,8,9,6,850,1,2,1,1,6,31555,M,,,31
200800052338,8,9,6,2355,3,2,1,1,2,31555,M,,,31
200800052339,8,9,7,735,1,2,1,1,6,31555,M,,,31
200800052340,8,9,8,912,1,2,1,1,5,31555,M,,,31
200800052341,8,9,9,1329,1,1,1,1,2,31555,M,,,31
200800052342,8,9,9,1545,1,2,1,1,2,31555,M,,,31
200800052343,8,9,9,1740,1,2,1,1,6,31555,M,,,31
200800052344,8,9,9,2010,5,2,1,1,3,31555,M,,,31
200800052345,8,9,10,2005,2,1,1,1,2,31555,M,,,31
200800052346,8,9,9,1210,1,2,6,1,3,31555,M,,,31
200800052347,8,9,11,955,1,2,2,1,4,31555,M,,,31
200800052348,8,9,11,1215,1,2,1,1,3,31555,M,,,31
200800052349,8,9,12,1416,1,2,1,1,3,31555,M,,,31
200800052350,8,9,12,1650,1,1,1,8,4,31555,M,,,31
200800052351,8,9,13,110,5,2,1,1,6,31555,M,,,31
200800052352,8,9,13,1000,1,2,3,1,3,31555,M,,,31
200800052353,8,9,13,1945,2,2,2,1,3,31555,M,,,31
200800052354,8,9,14,320,5,2,1,1,3,31555,M,,,31
200800052355,8,9,14,822,1,2,1,1,3,31555,M,,,31
200800052356,8,9,14,1700,1,2,1,1,3,31555,M,,,31
200800052357,8,9,14,2005,5,1,1,1,6,31555,M,,,31
200800052358,8,9,13,1730,1,2,1,1,3,31555,M,,,31
200800052359,8,9,15,1420,1,1,1,1,4,31555,M,,,31
200800052360,8,9,15,558,5,2,1,1,3,31555,M,,,31
200800052361,8,9,15,730,1,1,1,1,2,31555,M,,,31
200800052362,8,9,15,1209,1,2,6,1,3,31555,M,,,31
200800052363,8,9,15,1510,1,2,1,1,4,31555,M,,,31
200800052364,8,9,15,1830,1,2,1,1,3,31555,M,,,31
200800052365,8,9,16,700,2,2,1,1,3,31555,M,,,31
200800052366,8,9,16,1930,1,2,1,1,3,31555,M,,,31
200800052367,8,9,18,1300,1,2,1,1,6,31555,M,,,31
200800052368,8,9,19,420,5,2,1,2,6,31555,M,,,31
200800052369,8,9,19,700,5,2,1,2,6,31555,M,,,31
200800052370,8,9,19,1230,1,2,1,8,6,31555,M,,,31
200800052371,8,9,19,1615,1,2,1,1,2,31555,M,,,31
200800052372,8,9,19,1830,1,1,1,1,2,31555,M,,,31
200800052373,8,9,19,1930,1,2,1,1,5,31555,M,,,31
200800052374,8,9,19,745,1,2,1,1,3,31555,M,,,31
200800052375,8,9,20,100,5,1,1,1,7,31555,M,,,31
200800052376,8,9,20,240,5,2,1,1,6,31555,M,,,31
200800052377,8,9,20,2130,5,2,1,1,3,31555,M,,,31
200800052378,8,9,21,1036,1,2,1,1,3,31555,M,,,31
200800052379,8,9,21,1805,1,2,1,1,5,31555,M,,,31
200800052380,8,9,21,1840,1,2,1,1,6,31555,M,,,31
200800052381,8,9,22,815,1,2,1,1,3,31555,M,,,31
200800052382,8,9,22,1612,1,2,1,1,4,31555,M,,,31
200800052383,8,9,23,945,1,2,1,1,3,31555,M,,,31
200800052384,8,9,23,1040,1,2,1,1,3,31555,M,,,31
200800052385,8,9,23,1549,1,2,1,1,3,31555,M,,,31
200800052386,8,9,23,1955,2,2,1,1,6,31555,M,,,31
200800052387,8,9,23,1600,1,2,1,1,2,31555,M,,,31
200800052388,8,9,23,2135,5,2,1,1,6,31555,M,,,31
200800052389,8,9,24,1010,1,2,1,1,6,31555,M,,,31
200800052390,8,9,24,1450,1,2,1,1,3,31555,M,,,31
200800052391,8,9,24,1918,1,1,1,1,5,31555,M,,,31
200800052392,8,9,24,2110,5,2,1,1,5,31555,M,,,31
200800052393,8,9,24,2310,5,2,1,1,1,31555,M,,,31
200800052394,8,9,25,1800,1,2,1,1,4,31555,M,,,31
200800052395,8,9,24,1145,1,2,1,1,3,31555,M,,,31
200800052396,8,9,26,1745,1,2,3,1,3,31555,M,,,31
200800052397,8,9,27,1245,1,2,3,1,3,31555,M,,,31
200800052398,8,9,26,1015,1,2,1,1,7,31555,M,,,31
200800052399,8,9,29,830,1,1,1,1,2,31555,M,,,31
200800052400,8,9,28,915,1,2,1,1,2,31555,M,,,31
200800052401,8,9,28,1235,1,2,1,1,6,31555,M,,,31
200800052402,8,9,12,1330,1,2,1,1,6,01053,M,,,01