Num_Acc,an,mois,jour,hrmn,lum,agg,int,atm,col,com,gps,lat,long,dep
200800052403,8,9,12,1115,1,2,6,1,6,01053,M,,,01
200800052404,8,9,18,1755,1,2,1,1,3,01344,M,,,01
200800052405,8,9,23,840,1,2,3,1,3,01344,M,,,01
200800052406,8,9,24,1215,1,2,1,1,6,01053,M,,,01
200800052407,8,9,25,800,1,2,1,1,3,01053,M,,,01
200800052408,8,9,4,20,3,1,1,1,6,02408,M,,,02
200800052409,8,9,20,2110,5,2,2,1,3,02408,M,,,02
200800052410,8,9,10,1345,1,2,1,1,2,02691,M,,,02
200800052411,8,9,22,1640,1,2,2,1,3,02691,M,,,02
200800052412,8,9,30,1135,1,2,1,2,6,02340,M,,,02
200800052413,8,9,13,1110,1,2,1,1,3,02722,M,,,02
200800052414,8,9,10,1000,1,1,1,1,1,03262,M,,,03
200800052415,8,9,14,1830,1,2,3,1,3,03185,M,,,03
200800052416,8,9,16,1010,1,2,2,1,6,03185,M,,,03
200800052417,8,9,3,1405,1,2,2,1,3,03190,M,,,03
200800052418,8,9,5,2215,5,2,2,2,3,03190,M,,,03
200800052419,8,9,24,1620,1,2,2,1,3,03321,M,,,03
200800052420,8,9,1,1750,1,2,1,1,3,03310,M,,,03
200800052421,8,9,1,1950,1,2,2,1,3,03310,M,,,03
200800052422,8,9,4,1450,1,2,6,1,3,03310,M,,,03
200800052423,8,9,5,1230,1,2,3,1,3,03095,M,,,03
200800052424,8,9,10,1200,1,2,2,1,2,03310,M,,,03
200800052425,8,9,12,855,1,2,1,1,3,03310,M,,,03
200800052426,8,9,16,235,5,2,1,1,6,03310,M,,,03
200800052427,8,9,19,1520,1,2,3,1,6,03310,M,,,03
200800052428,8,9,19,1855,1,1,1,1,7,03094,M,,,03
200800052429,8,9,20,1015,1,2,1,1,6,03310,M,,,03
200800052430,8,9,25,805,1,2,1,1,6,03095,M,,,03
200800052431,8,9,25,1955,2,2,1,1,2,03023,M,,,03
200800052432,8,9,1,1100,1,1,9,1,1,04070,M,,,04
200800052433,8,9,16,2053,3,1,1,1,6,04070,M,,,04
200800052434,8,9,18,1615,1,1,6,1,3,04112,M,,,04
200800052435,8,9,8,1555,1,2,1,1,4,05023,M,,,05
200800052436,8,9,9,1615,1,2,2,1,6,05023,M,,,05
200800052437,8,9,25,1000,1,2,3,1,6,05023,M,,,05
200800052438,8,9,27,1627,1,2,3,8,3,05023,M,,,05
200800052439,8,9,8,1655,1,2,1,1,5,05061,M,,,05
200800052440,8,9,12,1100,1,2,6,1,3,05061,M,,,05
200800052441,8,9,2,1150,1,2,1,1,1,06155,M,,,06
200800052442,8,9,3,2015,2,2,1,1,6,06004,M,,,06
200800052443,8,9,5,1220,1,2,1,1,1,06004,M,,,06
200800052444,8,9,7,500,5,2,2,1,3,06004,M,,,06
200800052445,8,9,9,1300,1,2,1,1,3,06004,M,,,06
200800052446,8,9,13,1510,1,2,6,1,3,06004,M,,,06
200800052447,8,9,13,1800,1,2,2,1,3,06004,M,,,06
200800052448,8,9,15,1515,1,2,1,1,3,06004,M,,,06
200800052449,8,9,21,1905,2,2,1,1,5,06004,M,,,06
200800052450,8,9,24,1530,1,2,2,1,3,06004,M,,,06
200800052451,8,9,24,1535,1,2,3,1,6,06155,M,,,06
200800052452,8,9,26,1445,1,2,1,2,6,06004,M,,,06
200800052453,8,9,27,220,5,1,1,1,1,06155,M,,,06
200800052454,8,9,2,2025,5,2,2,1,3,06123,M,,,06
200800052455,8,9,3,900,1,2,1,1,3,06027,M,,,06
200800052456,8,9,3,1815,1,2,1,1,3,06027,M,,,06
200800052457,8,9,3,2130,5,2,3,1,3,06027,M,,,06
200800052458,8,9,6,1500,1,2,1,1,3,06123,M,,,06
200800052459,8,9,7,1020,1,2,2,1,3,06027,M,,,06
200800052460,8,9,10,1000,1,2,6,1,2,06123,M,,,06
200800052461,8,9,8,1240,1,2,3,1,2,06123,M,,,06
200800052462,8,9,13,935,1,2,3,1,6,06027,M,,,06
200800052463,8,9,12,1235,1,2,2,1,3,06027,M,,,06
200800052464,8,9,13,1015,1,2,1,1,3,06027,M,,,06
200800052465,8,9,14,1850,2,2,2,1,3,06123,M,,,06
200800052466,8,9,14,2230,5,2,2,1,3,06027,M,,,06
200800052467,8,9,17,800,1,2,2,1,6,06027,M,,,06
200800052468,8,9,18,800,1,2,1,1,6,06123,M,,,06
200800052469,8,9,29,839,1,2,6,7,2,31555,M,,,31
200800052470,8,9,29,1540,1,2,1,1,3,31555,M,,,31
200800052471,8,9,29,1650,1,2,1,1,1,31555,M,,,31
200800052472,8,9,29,1850,1,1,1,1,6,31555,M,,,31
200800052473,8,9,29,930,1,2,1,1,3,31555,M,,,31
200800052474,8,9,30,1740,1,2,1,1,6,31555,M,,,31
200800052475,8,9,30,600,5,2,1,1,3,31555,M,,,31
200800052476,8,9,29,955,1,2,2,1,3,31555,M,,,31
200800052477,8,9,1,1200,1,2,1,1,6,01053,M,,,01
200800052478,8,9,3,1045,1,2,1,1,6,01053,M,,,01
200800052479,8,9,7,1600,1,2,1,1,3,01053,M,,,01
200800052480,8,9,15,805,1,2,1,1,1,01451,M,,,01
200800052481,8,9,23,800,1,2,1,1,3,06027,M,,,06
200800052482,8,9,25,1745,1,2,4,1,2,06123,M,,,06
200800052483,8,9,29,905,1,2,1,1,2,06027,M,,,06
200800052484,8,9,30,1430,1,2,1,1,2,06123,M,,,06
200800052485,8,9,1,1536,1,2,1,1,6,06029,M,,,06
200800052486,8,9,3,1300,1,2,1,1,2,06030,M,,,06
200800052487,8,9,3,1315,1,2,1,1,7,06029,M,,,06
200800052488,8,9,2,1700,1,2,1,1,3,06029,M,,,06
200800052489,8,9,5,905,1,2,1,1,7,06029,M,,,06
200800052490,8,9,3,1750,1,2,1,1,6,06029,M,,,06
200800052491,8,9,2,2030,1,2,1,1,3,06029,M,,,06
200800052492,8,9,6,1507,1,2,1,1,2,06030,M,,,06
200800052493,8,9,9,1800,1,2,1,1,6,06029,M,,,06
200800052494,8,9,10,940,1,2,1,1,6,06029,M,,,06
200800052495,8,9,10,1600,1,2,1,1,3,06029,M,,,06
200800052496,8,9,10,2010,1,2,1,1,6,06029,M,,,06
200800052497,8,9,12,1441,1,2,1,1,3,06029,M,,,06
200800052498,8,9,12,1620,1,2,1,1,3,06029,M,,,06
200800052499,8,9,13,918,1,2,1,1,3,06030,M,,,06
200800052500,8,9,13,1800,1,2,1,1,6,06029,M,,,06
200800052501,8,9,14,144,1,2,1,1,3,06029,M,,,06
200800052502,8,9,14,1601,1,2,1,1,3,06029,M,,,06
200800052503,8,9,16,930,1,2,1,1,3,06029,M,,,06
200800052504,8,9,16,1630,1,2,1,1,3,06029,M,,,06
200800052505,8,9,20,20,5,2,1,1,3,06029,M,,,06
200800052506,8,9,19,1715,1,2,1,1,7,06029,M,,,06
200800052507,8,9,22,2030,5,2,1,1,3,06029,M,,,06
200800052508,8,9,19,1815,1,2,1,1,7,06029,M,,,06
200800052509,8,9,24,1103,1,2,1,1,2,06030,M,,,06
200800052510,8,9,24,1440,1,2,1,1,7,06030,M,,,06
200800052511,8,9,26,1600,1,2,1,1,2,06029,M,,,06
200800052512,8,9,26,1920,1,2,1,1,6,06030,M,,,06
200800052513,8,9,26,1717,1,2,1,1,2,06030,M,,,06
200800052514,8,9,29,855,3,2,1,1,3,06029,M,,,06
200800052515,8,9,30,654,2,2,1,1,2,06030,M,,,06
200800052516,8,9,30,1043,1,2,2,1,3,06030,M,,,06
200800052517,8,9,1,1715,1,2,1,1,2,06069,M,,,06
200800052518,8,9,4,750,1,2,1,1,3,06069,M,,,06
200800052519,8,9,5,1010,1,2,1,1,7,06069,M,,,06
200800052520,8,9,5,1455,1,2,1,1,1,06069,M,,,06
200800052521,8,9,6,1535,1,2,1,1,2,06069,M,,,06
200800052522,8,9,6,1735,1,2,1,1,7,06069,M,,,06
200800052523,8,9,7,1550,1,2,1,1,7,06069,M,,,06
200800052524,8,9,7,1905,1,2,1,1,1,06069,M,,,06
200800052525,8,9,8,1025,1,2,1,1,4,06069,M,,,06
200800052526,8,9,9,1110,1,2,3,1,3,06069,M,,,06
200800052527,8,9,9,1530,1,2,1,1,1,06069,M,,,06
200800052528,8,9,9,2230,5,2,6,1,7,06069,M,,,06
200800052529,8,9,10,750,1,2,1,1,5,06069,M,,,06
200800052530,8,9,10,751,1,2,1,1,3,06069,M,,,06
200800052531,8,9,10,1740,1,2,1,1,1,06069,M,,,06
200800052532,8,9,12,810,1,2,3,1,2,06069,M,,,06
200800052533,8,9,13,1125,1,2,1,1,7,06069,M,,,06
200800052534,8,9,14,1230,1,2,4,1,4,06069,M,,,06
200800052535,8,9,16,1345,1,2,6,1,3,06069,M,,,06
200800052536,8,9,16,1715,1,2,1,1,3,06069,M,,,06
200800052537,8,9,17,705,2,2,1,1,7,06069,M,,,06
200800052538,8,9,18,1725,1,2,1,1,7,06069,M,,,06
200800052539,8,9,20,2030,5,2,3,2,3,06069,M,,,06
200800052540,8,9,20,2340,5,2,6,2,3,06069,M,,,06
200800052541,8,9,21,1525,1,2,1,2,7,06069,M,,,06
200800052542,8,9,23,1215,1,2,1,1,2,06069,M,,,06
200800052543,8,9,24,640,2,2,1,1,7,06069,M,,,06
200800052544,8,9,24,740,1,2,3,8,3,06069,M,,,06
200800052545,8,9,24,1235,1,2,1,1,6,06069,M,,,06
200800052546,8,9,25,1745,1,2,1,1,1,06069,M,,,06
200800052547,8,9,25,2000,3,2,3,1,3,06069,M,,,06
200800052548,8,9,26,1730,1,2,1,1,6,06069,M,,,06
200800052549,8,9,27,1340,1,2,1,8,3,06069,M,,,06
200800052550,8,9,29,705,2,1,1,1,6,06069,M,,,06
200800052551,8,9,29,1750,1,2,1,1,2,06069,M,,,06
200800052552,8,9,29,2135,5,1,1,1,7,06069,M,,,06
200800052553,8,9,14,1805,1,2,1,1,1,06012,M,,,06
200800052554,8,9,12,1715,1,2,6,1,2,06083,M,,,06
200800052555,8,9,13,825,1,2,1,1,3,06104,M,,,06
200800052556,8,9,23,540,5,2,1,1,1,06104,M,,,06
200800052557,8,9,19,2200,5,1,1,1,7,06123,M,,,06
200800052558,8,9,26,1700,1,2,1,1,5,06104,M,,,06
200800052559,8,9,1,1010,1,2,1,1,6,06088,M,,,06
200800052560,8,9,2,1135,1,2,1,1,6,06088,M,,,06
200800052561,8,9,2,1150,1,2,2,1,3,06088,M,,,06
200800052562,8,9,2,1300,1,2,1,1,3,06088,M,,,06
200800052563,8,9,2,1430,1,2,1,1,2,06088,M,,,06
200800052564,8,9,2,1445,1,2,1,1,3,06088,M,,,06
200800052565,8,9,2,1615,1,2,1,1,3,06088,M,,,06
200800052566,8,9,3,1010,1,2,1,1,2,06088,M,,,06
200800052567,8,9,3,1030,1,2,3,1,3,06088,M,,,06
200800052568,8,9,3,1830,1,2,1,1,6,06088,M,,,06
200800052569,8,9,4,1120,1,2,1,1,6,06088,M,,,06
200800052570,8,9,5,740,1,2,1,1,6,06088,M,,,06
200800052571,8,9,5,750,1,2,1,1,6,06088,M,,,06
200800052572,8,9,5,845,1,2,3,1,3,06088,M,,,06
200800052573,8,9,5,1125,1,2,1,1,3,06088,M,,,06
200800052574,8,9,5,1126,1,2,1,1,3,06088,M,,,06
200800052575,8,9,5,2220,5,2,1,1,3,06088,M,,,06
200800052576,8,9,7,1145,1,2,1,1,2,06088,M,,,06
200800052577,8,9,8,810,1,2,3,1,6,06088,M,,,06
200800052578,8,9,8,1120,1,2,1,1,3,06088,M,,,06
200800052579,8,9,9,1155,1,2,1,1,3,06088,M,,,06
200800052580,8,9,8,1300,1,2,1,1,3,06088,M,,,06
200800052581,8,9,8,1535,1,2,3,1,6,06088,M,,,06
200800052582,8,9,8,2040,4,2,1,1,2,06088,M,,,06
200800052583,8,9,9,830,1,2,1,1,3,06088,M,,,06
200800052584,8,9,9,850,1,2,1,1,1,06088,M,,,06
200800052585,8,9,9,910,1,2,1,1,2,06088,M,,,06
200800052586,8,9,9,1530,1,2,1,1,7,06088,M,,,06
200800052587,8,9,9,1640,1,2,1,1,5,06088,M,,,06
200800052588,8,9,9,1815,1,2,1,1,3,06088,M,,,06
200800052589,8,9,10,1220,1,2,2,1,6,06088,M,,,06
200800052590,8,9,10,1615,1,2,1,1,3,06159,M,,,06
200800052591,8,9,11,820,1,2,9,1,3,06088,M,,,06
200800052592,8,9,11,900,1,2,1,1,3,06088,M,,,06
200800052593,8,9,11,1100,1,2,1,1,6,06088,M,,,06
200800052594,8,9,11,1455,1,2,1,1,2,06088,M,,,06
200800052595,8,9,11,1600,1,2,1,2,5,06088,M,,,06
200800052596,8,9,12,640,2,2,1,1,6,06088,M,,,06
200800052597,8,9,12,1730,1,2,1,1,3,06088,M,,,06
200800052598,8,9,12,2055,4,2,1,1,6,06088,M,,,06
200800052599,8,9,12,2215,5,2,1,1,5,06088,M,,,06
200800052600,8,9,13,825,1,2,2,1,3,06088,M,,,06
200800052601,8,9,13,815,1,2,1,1,3,06088,M,,,06
200800052602,8,9,13,1445,1,2,1,1,6,06088,M,,,06
200800052603,8,9,13,1500,1,2,2,1,3,06088,M,,,06
200800052604,8,9,13,1530,1,2,1,1,1,06088,M,,,06
200800052605,8,9,14,1415,1,2,2,1,3,06088,M,,,06
200800052606,8,9,14,1500,1,2,1,1,3,06088,M,,,06
200800052607,8,9,15,850,1,2,1,1,3,06088,M,,,06
200800052608,8,9,16,1810,1,2,1,1,3,06088,M,,,06
200800052609,8,9,17,1215,1,2,1,1,6,06088,M,,,06
200800052610,8,9,17,1230,1,2,1,1,3,06088,M,,,06
200800052611,8,9,17,1720,1,2,6,1,3,06088,M,,,06
200800052612,8,9,17,1830,1,2,1,1,6,06088,M,,,06
200800052613,8,9,17,1854,1,2,1,1,1,06088,M,,,06
200800052614,8,9,18,700,2,2,2,1,3,06088,M,,,06
200800052615,8,9,18,1015,1,2,2,1,3,06088,M,,,06
200800052616,8,9,18,1200,1,2,1,1,3,06088,M,,,06
200800052617,8,9,18,1220,1,1,1,1,3,06088,M,,,06
200800052618,8,9,18,1315,1,2,1,1,2,06088,M,,,06
200800052619,8,9,18,1400,1,2,1,1,3,06088,M,,,06
200800052620,8,9,18,1900,1,2,1,1,3,06088,M,,,06
200800052621,8,9,18,1905,1,2,1,1,6,06088,M,,,06
200800052622,8,9,18,2215,5,2,3,1,3,06088,M,,,06
200800052623,8,9,19,315,5,2,1,3,6,06088,M,,,06
200800052624,8,9,19,820,1,1,1,1,6,06088,M,,,06
200800052625,8,9,19,910,1,2,1,2,6,06088,M,,,06
200800052626,8,9,19,1930,2,2,1,1,2,06088,M,,,06
200800052627,8,9,19,2230,5,2,3,1,2,06088,M,,,06
200800052628,8,9,20,335,5,2,2,1,3,06088,M,,,06
200800052629,8,9,20,550,5,2,1,1,6,06088,M,,,06
200800052630,8,9,20,1750,1,2,1,1,6,06088,M,,,06
200800052631,8,9,20,1830,1,2,1,1,6,06088,M,,,06
200800052632,8,9,21,1644,1,2,1,1,3,06088,M,,,06
200800052633,8,9,21,1815,1,2,1,1,6,06088,M,,,06
200800052634,8,9,21,1830,1,2,1,1,3,06088,M,,,06
200800052635,8,9,22,1644,1,2,1,1,6,06088,M,,,06
200800052636,8,9,29,720,2,2,3,1,6,06083,M,,,06
200800052637,8,9,23,800,1,2,1,1,5,06088,M,,,06
200800052638,8,9,23,1840,1,2,1,1,6,06088,M,,,06
200800052639,8,9,23,2015,2,2,1,1,2,06088,M,,,06
200800052640,8,9,24,850,1,2,1,1,1,06088,M,,,06
200800052641,8,9,24,1425,1,2,3,1,3,06088,M,,,06
200800052642,8,9,24,1635,1,2,1,1,2,06088,M,,,06
200800052643,8,9,24,1845,1,2,1,1,6,06088,M,,,06
200800052644,8,9,24,2110,5,2,2,2,3,06088,M,,,06
200800052645,8,9,24,2205,5,2,1,1,3,06088,M,,,06
200800052646,8,9,25,510,5,2,1,1,2,06088,M,,,06
200800052647,8,9,25,750,1,2,1,1,3,06088,M,,,06
200800052648,8,9,25,1640,1,2,1,1,5,06088,M,,,06
200800052649,8,9,25,2050,5,2,1,1,2,06088,M,,,06
200800052650,8,9,26,830,1,2,1,1,3,06088,M,,,06
200800052651,8,9,26,1005,1,2,1,1,7,06088,M,,,06
200800052652,8,9,26,1205,1,2,2,1,3,06088,M,,,06
200800052653,8,9,26,1410,1,2,1,2,2,06088,M,,,06
200800052654,8,9,26,1500,1,2,1,1,2,06088,M,,,06
200800052655,8,9,26,1530,1,2,1,2,6,06088,M,,,06
200800052656,8,9,26,1830,1,2,1,1,2,06088,M,,,06
200800052657,8,9,27,1045,1,2,1,1,2,06088,M,,,06
200800052658,8,9,27,1400,1,2,1,1,2,06088,M,,,06
200800052659,8,9,29,930,1,2,1,1,6,06088,M,,,06
200800052660,8,9,29,1355,1,2,1,1,2,06088,M,,,06
200800052661,8,9,29,1420,1,2,1,1,3,06088,M,,,06
200800052662,8,9,29,1605,1,2,1,1,3,06088,M,,,06
200800052663,8,9,29,1645,1,1,1,1,6,06088,M,,,06
200800052664,8,9,29,1745,1,2,1,1,4,06088,M,,,06
200800052665,8,9,29,1800,1,2,1,1,6,06088,M,,,06
200800052666,8,9,30,810,1,2,1,1,3,06088,M,,,06
200800052667,8,9,30,1350,1,2,1,1,6,06088,M,,,06
200800052668,8,9,30,1850,1,2,1,1,6,06088,M,,,06
200800052669,8,9,8,1205,1,2,1,1,2,07019,M,,,07
200800052670,8,9,5,1935,1,2,1,1,3,07019,M,,,07
200800052671,8,9,10,1445,1,2,1,1,6,08105,M,,,08
200800052672,8,9,19,2150,5,2,2,1,3,08105,M,,,08
200800052673,8,9,5,1135,1,2,3,1,3,08105,M,,,08
200800052674,8,9,8,1130,1,2,9,1,3,08409,M,,,08
200800052675,8,9,14,1455,1,2,1,1,1,08043,M,,,08
200800052676,8,9,16,1330,1,2,1,2,7,09122,M,,,09
200800052677,8,9,4,1345,1,2,1,1,6,10387,M,,,10
200800052678,8,9,6,1420,1,2,3,1,6,10387,M,,,10
200800052679,8,9,8,1730,1,2,1,1,2,10321,M,,,10
200800052680,8,9,6,1000,1,2,1,2,6,10387,M,,,10
200800052681,8,9,15,1245,1,2,6,1,6,10343,M,,,10
200800052682,8,9,20,1020,1,2,3,1,2,10081,M,,,10
200800052683,8,9,24,340,5,2,2,1,3,10081,M,,,10
200800052684,8,9,26,825,1,2,1,1,3,10387,M,,,10
200800052685,8,9,12,1808,1,2,2,1,2,10387,M,,,10
200800052686,8,9,13,1506,1,2,1,1,6,10357,M,,,10
200800052687,8,9,25,1640,1,2,6,1,2,11069,M,,,11
200800052688,8,9,25,1845,1,2,2,1,3,11069,M,,,11
200800052689,8,9,24,1905,1,1,1,1,3,11076,M,,,11
200800052690,8,9,1,1840,1,2,1,1,6,11262,M,,,11
200800052691,8,9,5,2200,3,2,1,1,6,11262,M,,,11
200800052692,8,9,15,815,1,2,2,1,3,11262,M,,,11
200800052693,8,9,20,2130,5,2,1,1,6,11262,M,,,11
200800052694,8,9,22,1900,1,2,2,1,3,11262,M,,,11
200800052695,8,9,24,940,1,2,2,1,3,11262,M,,,11
200800052696,8,9,1,1735,1,2,1,1,2,11262,M,,,11
200800052697,8,9,3,2245,5,2,3,1,3,11262,M,,,11
200800052698,8,9,12,715,2,2,1,1,6,11262,M,,,11
200800052699,8,9,12,1355,1,2,1,1,7,11262,M,,,11
200800052700,8,9,13,345,3,2,1,1,6,11262,M,,,11
200800052701,8,9,15,1410,1,2,1,1,2,11262,M,,,11
200800052702,8,9,15,1400,1,2,3,1,2,11262,M,,,11
200800052703,8,9,15,1650,1,2,9,1,4,11262,M,,,11
200800052704,8,9,29,2115,3,2,1,1,2,11262,M,,,11
200800052705,8,9,3,1815,1,1,3,1,3,12100,M,,,12
200800052706,8,9,25,1900,1,1,1,1,1,12305,M,,,12
200800052707,8,9,5,1750,1,2,1,1,6,12145,M,,,12
200800052708,8,9,17,1850,1,2,1,1,5,12145,M,,,12
200800052709,8,9,29,2155,5,2,6,1,3,12202,M,,,12
200800052710,8,9,7,1612,1,2,1,1,6,13001,M,,,13
200800052711,8,9,9,1700,1,2,1,1,6,13001,M,,,13
200800052712,8,9,14,645,2,1,1,1,6,13001,M,,,13
200800052713,8,9,13,1740,1,2,1,1,6,13001,M,,,13
200800052714,8,9,19,1515,1,2,1,1,2,13001,M,,,13
200800052715,8,9,22,1450,1,2,1,1,2,13001,M,,,13
200800052716,8,9,17,1845,2,2,1,1,2,13055,M,,,13
200800052717,8,9,10,1830,1,2,1,1,1,13055,M,,,13
200800052718,8,9,5,2130,5,2,1,1,1,13055,M,,,13
200800052719,8,9,10,705,2,2,1,2,6,13055,M,,,13
200800052720,8,9,9,730,1,2,1,1,2,13055,M,,,13
200800052721,8,9,6,2300,5,2,3,1,3,13055,M,,,13
200800052722,8,9,13,2330,5,2,1,6,6,13055,M,,,13
200800052723,8,9,9,1500,1,2,3,1,3,13055,M,,,13
200800052724,8,9,3,1530,1,2,1,1,2,13055,M,,,13
200800052725,8,9,15,730,1,2,1,1,3,13055,M,,,13
200800052726,8,9,10,2330,5,2,2,1,3,13055,M,,,13
200800052727,8,9,18,2140,5,2,3,2,3,13055,M,,,13
200800052728,8,9,8,1220,1,2,1,1,3,13055,M,,,13
200800052729,8,9,10,1100,1,2,1,1,2,13055,M,,,13
200800052730,8,9,15,930,1,2,1,1,3,13055,M,,,13
200800052731,8,9,17,1110,1,2,2,1,1,13002,M,,,13
200800052732,8,9,11,1100,1,2,1,2,7,13002,M,,,13
200800052733,8,9,12,745,1,2,1,1,3,13002,M,,,13
200800052734,8,9,22,1350,1,2,1,1,3,13001,M,,,13
200800052735,8,9,24,1725,1,2,1,8,7,13001,M,,,13
200800052736,8,9,27,2200,5,2,9,1,3,13001,M,,,13
200800052737,8,9,30,1300,1,1,1,1,2,13001,M,,,13
200800052738,8,9,8,1,5,1,1,1,7,13004,M,,,13
200800052739,8,9,8,815,1,1,1,1,1,13004,M,,,13
200800052740,8,9,8,1520,1,2,3,1,3,13004,M,,,13
200800052741,8,9,11,1150,1,2,3,1,2,13004,M,,,13
200800052742,8,9,15,855,1,2,3,6,3,13004,M,,,13
200800052743,8,9,16,1830,1,2,3,1,3,13004,M,,,13
200800052744,8,9,19,1525,1,1,1,1,6,13004,M,,,13
200800052745,8,9,21,1845,1,2,2,1,6,13004,M,,,13
200800052746,8,9,23,1745,1,2,3,1,6,13004,M,,,13
200800052747,8,9,6,1915,1,2,1,1,6,13004,M,,,13
200800052748,8,9,25,1145,1,2,1,1,3,13004,M,,,13
200800052749,8,9,26,1850,1,2,3,3,3,13004,M,,,13
200800052750,8,9,28,1720,1,2,2,1,3,13004,M,,,13
200800052751,8,9,30,5,5,2,1,1,6,13004,M,,,13
200800052752,8,9,30,744,1,2,3,1,3,13004,M,,,13
200800052753,8,9,30,1550,1,2,4,1,3,13004,M,,,13
200800052754,8,9,15,1945,2,2,6,1,3,13005,M,,,13
200800052755,8,9,28,940,1,1,2,1,6,13005,M,,,13
200800052756,8,9,8,1545,1,2,1,1,6,13028,M,,,13
200800052757,8,9,19,1215,1,2,1,1,2,13028,M,,,13
200800052758,8,9,26,1715,1,2,1,8,6,13028,M,,,13
200800052759,8,9,5,2110,5,2,1,8,2,13047,M,,,13
200800052760,8,9,8,1715,1,2,3,1,3,13063,M,,,13
200800052761,8,9,26,1400,1,1,1,3,1,13047,M,,,13
200800052762,8,9,8,1735,1,2,3,1,6,13054,M,,,13
200800052763,8,9,10,855,1,2,3,1,3,13102,M,,,13
200800052764,8,9,10,1935,1,2,1,1,6,13043,M,,,13
200800052765,8,9,17,1105,1,1,3,1,1,13043,M,,,13
200800052766,8,9,21,1525,1,2,1,1,1,13054,M,,,13
200800052767,8,9,27,1755,1,1,1,1,4,13054,M,,,13
200800052768,8,9,16,1345,1,2,2,1,1,13055,M,,,13
200800052769,8,9,30,820,1,2,1,1,2,13055,M,,,13
200800052770,8,9,2,1901,1,2,3,1,6,13055,M,,,13
200800052771,8,9,2,1710,1,2,1,1,2,13055,M,,,13
200800052772,8,9,4,800,1,2,1,1,1,13055,M,,,13
200800052773,8,9,2,1350,1,2,1,1,5,13055,M,,,13
200800052774,8,9,4,1510,1,2,1,8,3,13055,M,,,13
200800052775,8,9,7,1400,1,1,1,1,1,13002,M,,,13
200800052776,8,9,8,1845,1,2,1,7,2,13055,M,,,13
200800052777,8,9,4,910,1,2,2,1,3,13055,M,,,13
200800052778,8,9,1,1720,1,2,1,1,3,13055,M,,,13
200800052779,8,9,2,815,1,1,1,1,6,13002,M,,,13
200800052780,8,9,4,1815,1,2,1,1,7,13002,M,,,13
200800052781,8,9,3,730,1,2,1,8,6,13002,M,,,13
200800052782,8,9,2,1020,1,2,1,1,1,13055,M,,,13
200800052783,8,9,9,1800,1,2,1,1,6,13055,M,,,13
200800052784,8,9,5,1900,1,2,1,1,1,13055,M,,,13
200800052785,8,9,12,540,2,2,1,1,3,13055,M,,,13
200800052786,8,9,14,1445,1,2,1,1,2,13055,M,,,13
200800052787,8,9,13,530,5,2,1,1,6,13055,M,,,13
200800052788,8,9,15,1200,1,2,1,1,6,13055,M,,,13
200800052789,8,9,4,1000,1,2,1,1,6,13055,M,,,13
200800052790,8,9,3,1115,1,2,1,1,7,13055,M,,,13
200800052791,8,9,8,745,1,2,1,1,3,13055,M,,,13
200800052792,8,9,16,2000,5,2,1,1,6,13055,M,,,13
200800052793,8,9,20,245,5,2,2,1,3,13055,M,,,13
200800052794,8,9,20,2215,5,2,2,1,2,13055,M,,,13
200800052795,8,9,20,1930,1,2,1,1,3,13055,M,,,13
200800052796,8,9,5,1930,1,2,1,1,2,13055,M,,,13
200800052797,8,9,2,730,1,2,1,1,6,13055,M,,,13
200800052798,8,9,11,1745,1,2,1,1,6,13055,M,,,13
200800052799,8,9,19,1710,1,2,1,1,2,13055,M,,,13
200800052800,8,9,17,1735,1,2,1,1,3,13055,M,,,13
200800052801,8,9,16,1245,1,2,3,1,1,13055,M,,,13
200800052802,8,9,16,1825,1,2,1,1,6,13055,M,,,13
200800052803,8,9,22,1400,1,2,3,1,3,13002,M,,,13
200800052804,8,9,13,1905,1,2,1,1,2,13055,M,,,13
200800052805,8,9,14,30,5,2,1,1,1,13055,M,,,13
200800052806,8,9,24,25,5,2,2,1,6,13055,M,,,13
200800052807,8,9,23,1500,1,2,1,1,6,13055,M,,,13
200800052808,8,9,4,1450,1,2,1,1,6,13055,M,,,13
200800052809,8,9,19,800,1,2,1,1,7,13055,M,,,13
200800052810,8,9,21,30,5,2,1,1,3,13055,M,,,13
200800052811,8,9,21,1710,1,2,1,1,3,13055,M,,,13
200800052812,8,9,16,830,1,2,1,1,4,13055,M,,,13
200800052813,8,9,7,30,5,2,1,1,2,13055,M,,,13
200800052814,8,9,8,1345,1,2,1,1,3,13055,M,,,13
200800052815,8,9,21,2230,5,2,2,1,3,13055,M,,,13
200800052816,8,9,18,2315,5,2,2,9,3,13055,M,,,13
200800052817,8,9,2,1725,1,2,1,1,6,13055,M,,,13
200800052818,8,9,26,1700,1,2,3,2,6,13055,M,,,13
200800052819,8,9,11,900,1,2,1,8,3,13055,M,,,13
200800052820,8,9,19,830,1,2,1,1,6,13055,M,,,13
200800052821,8,9,23,815,1,2,2,1,3,13055,M,,,13
200800052822,8,9,5,1015,1,2,1,1,2,13055,M,,,13
200800052823,8,9,9,1501,1,2,1,1,2,13055,M,,,13
200800052824,8,9,5,925,1,2,1,1,3,13055,M,,,13
200800052825,8,9,19,1650,1,2,1,1,4,13055,M,,,13
200800052826,8,9,20,1330,1,2,3,1,3,13055,M,,,13
200800052827,8,9,23,2040,5,2,1,1,5,13055,M,,,13
200800052828,8,9,27,1315,1,2,1,1,1,13055,M,,,13
200800052829,8,9,28,510,5,2,1,1,7,13055,M,,,13
200800052830,8,9,28,1800,1,2,1,1,4,13055,M,,,13
200800052831,8,9,27,2200,5,2,1,1,1,13055,M,,,13