Num_Acc,an,mois,jour,hrmn,lum,agg,int,atm,col,com,gps,lat,long,dep
200800052832,8,9,29,1300,1,2,2,1,3,13055,M,,,13
200800052833,8,9,28,725,2,2,1,1,7,13055,M,,,13
200800052834,8,9,16,1600,1,2,3,1,1,13055,M,,,13
200800052835,8,9,19,820,1,1,1,1,6,13002,M,,,13
200800052836,8,9,16,735,1,2,1,1,3,13055,M,,,13
200800052837,8,9,23,1210,1,2,1,1,3,13055,M,,,13
200800052838,8,9,18,850,1,2,1,1,3,13055,M,,,13
200800052839,8,9,25,1640,1,1,1,2,6,13002,M,,,13
200800052840,8,9,8,1705,1,2,1,1,3,13055,M,,,13
200800052841,8,9,2,1900,1,2,1,1,3,13055,M,,,13
200800052842,8,9,7,1400,1,2,1,1,3,13055,M,,,13
200800052843,8,9,8,2240,5,2,2,1,3,13055,M,,,13
200800052844,8,9,17,2350,5,2,2,1,3,13055,M,,,13
200800052845,8,9,12,1725,1,2,1,1,6,13055,M,,,13
200800052846,8,9,13,1315,1,2,1,1,2,13055,M,,,13
200800052847,8,9,19,1750,1,2,1,1,6,13055,M,,,13
200800052848,8,9,10,2115,5,2,2,1,2,13055,M,,,13
200800052849,8,9,14,1530,1,2,2,1,6,13055,M,,,13
200800052850,8,9,7,2300,5,2,2,1,3,13055,M,,,13
200800052851,8,9,2,1230,1,2,9,1,3,13055,M,,,13
200800052852,8,9,22,2015,3,1,1,1,7,13055,M,,,13
200800052853,8,9,18,1545,1,2,2,1,3,13055,M,,,13
200800052854,8,9,9,710,1,2,1,1,7,13055,M,,,13
200800052855,8,9,8,1745,1,2,1,1,2,13055,M,,,13
200800052856,8,9,6,940,1,2,1,1,6,13055,M,,,13
200800052857,8,9,16,1500,1,2,1,1,6,13055,M,,,13
200800052858,8,9,9,1145,1,2,2,1,7,13055,M,,,13
200800052859,8,9,5,1430,1,2,2,1,6,13055,M,,,13
200800052860,8,9,18,320,5,2,2,1,3,13055,M,,,13
200800052861,8,9,26,1615,1,2,1,1,3,13055,M,,,13
200800052862,8,9,1,1525,1,2,1,1,2,13055,M,,,13
200800052863,8,9,17,800,1,2,9,1,3,13055,M,,,13
200800052864,8,9,20,1520,1,2,2,1,1,13055,M,,,13
200800052865,8,9,17,1815,1,2,1,1,3,13055,M,,,13
200800052866,8,9,10,650,2,2,1,1,3,13055,M,,,13
200800052867,8,9,25,1640,1,2,1,1,6,13055,M,,,13
200800052868,8,9,19,2200,5,2,2,1,3,13055,M,,,13
200800052869,8,9,17,1846,1,2,9,1,6,13055,M,,,13
200800052870,8,9,20,1931,1,2,1,1,2,13055,M,,,13
200800052871,8,9,25,1400,1,2,1,1,3,13055,M,,,13
200800052872,8,9,19,1100,1,2,1,1,6,13055,M,,,13
200800052873,8,9,19,1840,1,2,1,1,3,13055,M,,,13
200800052874,8,9,19,905,1,2,1,1,3,13055,M,,,13
200800052875,8,9,26,1427,1,2,1,1,5,13055,M,,,13
200800052876,8,9,17,2225,5,2,1,1,3,13055,M,,,13
200800052877,8,9,22,1430,1,2,1,1,6,13055,M,,,13
200800052878,8,9,29,630,5,2,2,1,3,13055,M,,,13
200800052879,8,9,29,1814,1,2,1,1,6,13055,M,,,13
200800052880,8,9,27,2100,5,2,1,1,2,13055,M,,,13
200800052881,8,9,27,520,5,2,1,1,6,13055,M,,,13
200800052882,8,9,16,1545,1,2,1,1,2,13055,M,,,13
200800052883,8,9,4,2030,5,2,1,1,6,13055,M,,,13
200800052884,8,9,25,2315,5,2,1,1,4,13055,M,,,13
200800052885,8,9,23,1800,1,2,3,1,3,13055,M,,,13
200800052886,8,9,15,1720,1,2,2,1,3,13055,M,,,13
200800052887,8,9,25,1810,1,2,1,1,3,13055,M,,,13
200800052888,8,9,29,1700,1,2,1,1,6,13055,M,,,13
200800052889,8,9,26,1750,1,2,1,3,4,13055,M,,,13
200800052890,8,9,23,1125,1,2,1,1,3,13055,M,,,13
200800052891,8,9,17,1620,1,2,1,1,3,13055,M,,,13
200800052892,8,9,1,810,1,2,1,1,7,13055,M,,,13
200800052893,8,9,18,1730,1,2,1,1,5,13055,M,,,13
200800052894,8,9,11,2130,5,2,1,1,6,13055,M,,,13
200800052895,8,9,28,1525,1,2,1,1,2,13055,M,,,13
200800052896,8,9,28,1940,5,2,1,1,6,13055,M,,,13
200800052897,8,9,20,215,5,2,2,1,6,13055,M,,,13
200800052898,8,9,8,1645,1,2,1,1,5,13055,M,,,13
200800052899,8,9,25,750,1,2,1,1,2,13055,M,,,13
200800052900,8,9,10,1120,1,2,1,1,6,13055,M,,,13
200800052901,8,9,9,1540,1,2,1,1,2,13055,M,,,13
200800052902,8,9,19,1810,1,2,1,1,6,13055,M,,,13
200800052903,8,9,25,1435,1,2,1,1,6,13055,M,,,13
200800052904,8,9,18,720,1,2,1,1,1,13055,M,,,13
200800052905,8,9,16,730,1,2,1,1,3,13055,M,,,13
200800052906,8,9,26,1640,1,2,1,1,2,13055,M,,,13
200800052907,8,9,22,1900,5,2,1,1,3,13055,M,,,13
200800052908,8,9,24,930,1,2,1,1,7,13055,M,,,13
200800052909,8,9,22,2200,5,2,1,1,5,13055,M,,,13
200800052910,8,9,29,1505,1,2,1,1,3,13055,M,,,13
200800052911,8,9,13,1750,1,2,1,2,1,13055,M,,,13
200800052912,8,9,12,1300,1,2,1,1,1,13002,M,,,13
200800052913,8,9,14,100,3,1,1,1,3,13002,M,,,13
200800052914,8,9,30,1330,1,2,1,1,3,13055,M,,,13
200800052915,8,9,29,1345,1,2,1,1,2,13055,M,,,13
200800052916,8,9,26,1420,1,2,1,2,6,13055,M,,,13
200800052917,8,9,21,1800,1,2,1,1,3,13055,M,,,13
200800052918,8,9,26,2015,5,2,1,1,6,13055,M,,,13
200800052919,8,9,10,915,1,2,1,1,6,13055,M,,,13
200800052920,8,9,25,720,2,2,3,1,6,13055,M,,,13
200800052921,8,9,11,1450,1,2,1,1,1,13055,M,,,13
200800052922,8,9,22,1830,1,2,1,1,3,13055,M,,,13
200800052923,8,9,23,1300,1,2,1,1,6,13055,M,,,13
200800052924,8,9,22,1745,1,2,1,1,6,13055,M,,,13
200800052925,8,9,17,1300,1,2,1,1,5,13055,M,,,13
200800052926,8,9,27,1140,1,2,3,1,3,13055,M,,,13
200800052927,8,9,16,830,1,2,2,1,6,13075,M,,,13
200800052928,8,9,22,830,1,2,3,1,3,13055,M,,,13
200800052929,8,9,20,1630,1,2,1,1,7,13002,M,,,13
200800052930,8,9,16,1150,1,2,2,1,3,13055,M,,,13
200800052931,8,9,28,1015,1,1,1,1,2,13002,M,,,13
200800052932,8,9,13,1130,1,2,9,1,3,13055,M,,,13
200800052933,8,9,12,1525,1,2,6,1,3,13055,M,,,13
200800052934,8,9,10,2030,5,2,1,1,2,13055,M,,,13
200800052935,8,9,11,1,5,2,1,1,6,13055,M,,,13
200800052936,8,9,25,1130,1,2,1,1,2,13055,M,,,13
200800052937,8,9,8,1100,1,2,9,1,3,13055,M,,,13
200800052938,8,9,16,900,1,2,1,1,3,13055,M,,,13
200800052939,8,9,30,1525,1,2,1,1,6,13055,M,,,13
200800052940,8,9,13,745,1,2,1,1,7,13055,M,,,13
200800052941,8,9,26,2325,5,2,3,1,1,13055,M,,,13
200800052942,8,9,20,1715,1,2,7,1,6,13055,M,,,13
200800052943,8,9,19,1550,1,2,1,1,6,13055,M,,,13
200800052944,8,9,16,1340,1,2,1,1,2,13055,M,,,13
200800052945,8,9,28,1945,5,2,1,1,3,13055,M,,,13
200800052946,8,9,18,2220,5,2,1,2,3,13055,M,,,13
200800052947,8,9,18,1320,1,2,3,1,3,13055,M,,,13
200800052948,8,9,18,1350,1,2,1,1,6,13055,M,,,13
200800052949,8,9,24,1115,1,2,1,1,3,13055,M,,,13
200800052950,8,9,18,750,1,2,1,1,3,13055,M,,,13
200800052951,8,9,12,1500,1,2,1,1,6,13055,M,,,13
200800052952,8,9,18,1200,1,2,9,1,3,13055,M,,,13
200800052953,8,9,24,1430,1,2,1,2,3,13055,M,,,13
200800052954,8,9,22,1415,1,2,1,1,6,13055,M,,,13
200800052955,8,9,1,1900,2,2,1,1,3,13055,M,,,13
200800052956,8,9,15,735,2,2,1,1,7,13055,M,,,13
200800052957,8,9,26,1355,1,2,2,1,3,13055,M,,,13
200800052958,8,9,12,630,5,2,1,8,2,13055,M,,,13
200800052959,8,9,4,1310,1,1,1,1,1,13039,M,,,13
200800052960,8,9,4,1730,1,1,1,1,3,13056,M,,,13
200800052961,8,9,5,850,1,2,3,1,3,13056,M,,,13
200800052962,8,9,12,1020,1,2,1,1,7,13026,M,,,13
200800052963,8,9,17,1545,1,2,1,1,1,13077,M,,,13
200800052964,8,9,18,1825,1,2,1,1,2,13056,M,,,13
200800052965,8,9,15,950,1,2,1,1,4,13056,M,,,13
200800052966,8,9,30,1155,1,2,1,1,6,13078,M,,,13
200800052967,8,9,16,1720,1,2,1,1,2,13103,M,,,13
200800052968,8,9,18,1930,2,2,1,1,3,13103,M,,,13
200800052969,8,9,23,1510,1,1,1,1,1,13103,M,,,13
200800052970,8,9,10,1900,1,1,1,1,6,13108,M,,,13
200800052971,8,9,21,1843,1,2,2,1,3,13108,M,,,13
200800052972,8,9,30,1710,1,1,2,1,7,13108,M,,,13
200800052973,8,9,28,1145,1,2,1,1,3,13108,M,,,13
200800052974,8,9,3,2245,5,2,2,1,3,13117,M,,,13
200800052975,8,9,3,1325,1,1,1,1,2,13117,M,,,13
200800052976,8,9,6,1230,1,2,3,1,2,13117,M,,,13
200800052977,8,9,11,900,1,1,1,1,7,13071,M,,,13
200800052978,8,9,11,1630,1,2,1,1,6,13117,M,,,13
200800052979,8,9,11,1800,1,2,1,1,4,13117,M,,,13
200800052980,8,9,12,1700,1,2,2,1,3,13117,M,,,13
200800052981,8,9,16,530,5,2,1,1,2,13117,M,,,13
200800052982,8,9,16,1830,1,2,2,1,3,13117,M,,,13
200800052983,8,9,17,355,5,2,1,1,6,13117,M,,,13
200800052984,8,9,18,925,1,2,1,1,2,13117,M,,,13
200800052985,8,9,18,1325,1,2,1,8,3,13117,M,,,13
200800052986,8,9,22,1130,1,2,3,1,5,13071,M,,,13
200800052987,8,9,23,1730,1,1,1,2,1,13071,M,,,13
200800052988,8,9,26,1110,1,2,9,1,2,13117,M,,,13
200800052989,8,9,26,1700,1,1,1,3,7,13117,M,,,13
200800052990,8,9,27,245,5,1,1,2,6,13071,M,,,13
200800052991,8,9,27,130,4,2,3,1,3,13117,M,,,13
200800052992,8,9,27,1130,1,1,1,1,2,13071,M,,,13
200800052993,8,9,27,2030,3,2,1,1,6,13071,M,,,13
200800052994,8,9,6,435,5,2,1,1,6,14118,M,,,14
200800052995,8,9,6,1720,1,2,2,1,3,14118,M,,,14
200800052996,8,9,5,800,1,2,1,8,3,14118,M,,,14
200800052997,8,9,3,1515,1,2,1,1,6,14118,M,,,14
200800052998,8,9,9,855,1,2,1,1,3,14118,M,,,14
200800052999,8,9,8,520,5,1,1,1,3,14327,M,,,14
200800053000,8,9,10,1520,1,2,2,1,3,14437,M,,,14
200800053001,8,9,10,1610,1,1,2,1,3,14566,M,,,14
200800053002,8,9,11,2330,5,2,1,1,7,14118,M,,,14
200800053003,8,9,12,1720,1,2,6,1,7,14118,M,,,14
200800053004,8,9,13,535,5,2,1,1,7,14327,M,,,14
200800053005,8,9,15,805,2,2,3,1,3,14118,M,,,14
200800053006,8,9,21,900,1,1,1,1,6,14167,M,,,14
200800053007,8,9,20,1845,1,2,2,1,3,14341,M,,,14
200800053008,8,9,24,1650,1,2,1,1,7,14118,M,,,14
200800053009,8,9,27,2240,5,2,1,1,6,14118,M,,,14
200800053010,8,9,28,735,2,2,1,1,6,14242,M,,,14
200800053011,8,9,27,1840,2,2,1,1,3,14118,M,,,14
200800053012,8,9,30,1830,2,2,1,2,6,14118,M,,,14
200800053013,8,9,17,1155,1,2,1,1,2,14225,M,,,14
200800053014,8,9,16,1935,1,2,1,1,6,14366,M,,,14
200800053015,8,9,19,2145,5,2,2,1,3,14366,M,,,14
200800053016,8,9,21,1230,1,1,1,1,6,14574,M,,,14
200800053017,8,9,5,1350,1,2,1,2,6,14220,M,,,14
200800053018,8,9,23,1035,1,2,1,1,6,15014,M,,,15
200800053019,8,9,13,1855,1,2,2,1,3,16015,M,,,16
200800053020,8,9,24,1825,1,2,3,1,3,16358,M,,,16
200800053021,8,9,12,810,1,2,1,1,3,13055,M,,,13
200800053022,8,9,7,520,3,1,6,2,6,17449,M,,,17
200800053023,8,9,8,1215,1,2,6,1,3,17299,M,,,17
200800053024,8,9,11,1345,1,2,1,2,7,17299,M,,,17
200800053025,8,9,13,1935,1,2,2,1,3,17299,M,,,17
200800053026,8,9,16,1615,1,2,2,1,3,17299,M,,,17
200800053027,8,9,23,1640,1,2,1,1,3,17299,M,,,17
200800053028,8,9,24,1030,1,2,3,1,3,17299,M,,,17
200800053029,8,9,24,1815,1,1,1,1,1,17449,M,,,17
200800053030,8,9,26,1635,1,2,2,1,7,17449,M,,,17
200800053031,8,9,1,815,1,2,1,1,6,17300,M,,,17
200800053032,8,9,1,1515,1,2,9,1,2,17300,M,,,17
200800053033,8,9,1,1815,1,2,3,1,1,17300,M,,,17
200800053034,8,9,3,1320,1,2,1,1,1,17028,M,,,17
200800053035,8,9,4,1826,1,2,1,1,3,17300,M,,,17
200800053036,8,9,5,240,5,2,1,3,7,17300,M,,,17
200800053037,8,9,6,55,5,2,1,1,1,17300,M,,,17
200800053038,8,9,6,1520,1,2,1,1,6,17028,M,,,17
200800053039,8,9,7,1835,1,2,3,1,6,17300,M,,,17
200800053040,8,9,8,1810,1,2,1,1,2,17300,M,,,17
200800053041,8,9,9,1145,1,2,1,3,2,17300,M,,,17
200800053042,8,9,9,1835,1,2,3,1,3,17300,M,,,17
200800053043,8,9,10,820,1,2,1,1,4,17300,M,,,17
200800053044,8,9,13,1620,1,2,9,1,7,17300,M,,,17
200800053045,8,9,13,1810,1,1,1,1,4,17200,M,,,17
200800053046,8,9,14,1705,1,2,1,2,7,17200,M,,,17
200800053047,8,9,17,1805,1,2,1,1,7,17300,M,,,17
200800053048,8,9,17,1946,1,2,9,1,1,17200,M,,,17
200800053049,8,9,18,2300,5,2,2,1,3,17300,M,,,17
200800053050,8,9,26,105,5,2,1,1,6,17300,M,,,17
200800053051,8,9,28,1630,1,2,3,1,3,17300,M,,,17
200800053052,8,9,28,1646,1,2,1,1,7,17274,M,,,17
200800053053,8,9,29,1630,1,2,1,1,6,17300,M,,,17
200800053054,8,9,13,1730,1,2,2,1,6,17300,M,,,17
200800053055,8,9,6,1100,1,2,1,1,6,17306,M,,,17
200800053056,8,9,13,1400,1,2,6,1,3,17306,M,,,17
200800053057,8,9,13,1701,1,2,1,1,2,17306,M,,,17
200800053058,8,9,16,1750,1,2,1,1,6,17461,M,,,17
200800053059,8,9,17,1444,1,2,1,1,3,17306,M,,,17
200800053060,8,9,18,745,1,2,1,1,6,17333,M,,,17
200800053061,8,9,18,1240,1,2,1,1,3,17306,M,,,17
200800053062,8,9,18,1805,1,2,1,1,6,17306,M,,,17
200800053063,8,9,19,1810,1,2,1,1,6,17306,M,,,17
200800053064,8,9,21,914,2,2,1,1,6,17380,M,,,17
200800053065,8,9,26,1250,1,2,3,1,3,17306,M,,,17
200800053066,8,9,26,1430,1,2,1,1,3,17306,M,,,17
200800053067,8,9,1,1030,1,2,1,1,3,17415,M,,,17
200800053068,8,9,6,1645,1,2,1,1,3,17415,M,,,17
200800053069,8,9,9,1030,1,2,1,2,2,17415,M,,,17
200800053070,8,9,14,1200,1,1,6,1,6,17415,M,,,17
200800053071,8,9,19,855,1,1,3,1,2,17415,M,,,17
200800053072,8,9,20,505,5,2,1,1,7,17415,M,,,17
200800053073,8,9,23,1645,1,2,1,1,6,17415,M,,,17
200800053074,8,9,24,1605,1,2,1,1,6,17415,M,,,17
200800053075,8,9,25,730,1,2,1,1,3,17415,M,,,17
200800053076,8,9,27,1400,1,2,1,1,6,17415,M,,,17
200800053077,8,9,2,30,5,2,4,1,6,18033,M,,,18
200800053078,8,9,5,1620,1,2,3,2,3,18050,M,,,18
200800053079,8,9,6,1255,1,2,1,8,6,18205,M,,,18
200800053080,8,9,10,720,2,1,9,2,3,18033,M,,,18
200800053081,8,9,8,1825,1,1,4,1,3,18033,M,,,18
200800053082,8,9,12,50,5,2,1,2,6,18205,M,,,18
200800053083,8,9,12,1700,1,2,1,1,3,18205,M,,,18
200800053084,8,9,13,1315,1,2,6,1,2,18213,M,,,18
200800053085,8,9,19,1830,1,2,1,1,3,18205,M,,,18
200800053086,8,9,20,1830,1,2,1,7,6,18033,M,,,18
200800053087,8,9,22,845,1,1,1,1,3,18205,M,,,18
200800053088,8,9,23,1045,1,1,3,1,3,18213,M,,,18
200800053089,8,9,22,1530,1,2,5,1,3,18033,M,,,18
200800053090,8,9,26,2100,5,2,3,1,2,18205,M,,,18
200800053091,8,9,29,1750,1,1,2,1,3,18205,M,,,18
200800053092,8,9,11,2110,5,2,1,1,6,18279,M,,,18
200800053093,8,9,12,15,5,2,1,2,6,18279,M,,,18
200800053094,8,9,11,1650,1,2,2,1,3,18279,M,,,18
200800053095,8,9,21,1310,1,2,1,1,6,18279,M,,,18
200800053096,8,9,26,1615,1,2,1,1,3,18279,M,,,18
200800053097,8,9,29,2300,5,2,1,1,6,18279,M,,,18
200800053098,8,9,1,1925,1,2,1,1,6,19031,M,,,19
200800053099,8,9,14,715,3,2,1,1,7,16102,M,,,16
200800053100,8,9,18,2215,5,2,3,2,1,13055,M,,,13
200800053101,8,9,19,2153,5,2,1,1,2,34172,M,,,34
200800053102,8,9,29,1540,1,2,1,1,6,49328,M,,,49
200800053103,8,9,12,1340,1,1,4,1,1,59043,M,,,59
200800053104,8,9,4,1510,1,2,1,1,2,83069,M,,,83
200800053105,8,9,29,910,1,2,1,1,2,92050,M,,,92
200800053106,8,9,5,1510,1,2,2,2,6,94046,M,,,94
200800053107,8,9,22,1320,1,2,2,1,2,75116,M,,,75
200800053108,8,9,5,1141,1,1,1,2,2,94017,M,,,94
200800053109,8,9,23,756,1,2,1,1,6,33063,M,,,33
200800053110,8,9,23,735,1,2,3,1,3,33063,M,,,33
200800053111,8,9,24,1845,1,2,3,1,3,33063,M,,,33
200800053112,8,9,20,1030,1,2,1,1,4,33119,M,,,33
200800053113,8,9,24,1430,1,2,2,1,6,33063,M,,,33
200800053114,8,9,24,2130,5,2,2,1,3,33063,M,,,33
200800053115,8,9,17,710,1,2,2,1,3,33550,M,,,33
200800053116,8,9,19,1020,1,2,2,1,3,33119,M,,,33
200800053117,8,9,19,825,1,2,3,1,2,33167,M,,,33
200800053118,8,9,17,1845,1,2,2,1,3,33550,M,,,33
200800053119,8,9,25,945,1,2,2,1,3,33063,M,,,33
200800053120,8,9,26,50,5,2,1,1,6,33281,M,,,33
200800053121,8,9,28,1640,1,2,1,1,2,33063,M,,,33
200800053122,8,9,26,1245,1,2,1,1,2,33063,M,,,33
200800053123,8,9,26,1355,1,2,3,1,3,33063,M,,,33
200800053124,8,9,28,115,5,2,1,1,2,33063,M,,,33
200800053125,8,9,26,640,5,2,1,1,2,33063,M,,,33
200800053126,8,9,26,745,1,2,1,1,3,33063,M,,,33
200800053127,8,9,23,1925,1,2,1,1,6,33119,M,,,33
200800053128,8,9,26,1910,1,2,3,1,3,33063,M,,,33
200800053129,8,9,19,711,5,2,2,1,3,33318,M,,,33
200800053130,8,9,22,820,1,2,2,1,3,33281,M,,,33
200800053131,8,9,19,710,5,2,1,1,6,33281,M,,,33
200800053132,8,9,23,2030,5,2,1,1,2,33318,M,,,33
200800053133,8,9,24,1810,1,2,1,1,4,33281,M,,,33
200800053134,8,9,23,750,1,2,6,1,3,33069,M,,,33
200800053135,8,9,24,1330,1,2,1,1,3,33069,M,,,33
200800053136,8,9,25,1550,1,2,6,1,3,33318,M,,,33
200800053137,8,9,23,1905,1,2,3,1,1,33522,M,,,33
200800053138,8,9,25,815,1,2,1,1,2,33318,M,,,33
200800053139,8,9,30,820,1,2,2,1,3,33039,M,,,33
200800053140,8,9,22,855,1,2,1,1,3,33069,M,,,33
200800053141,8,9,23,840,1,2,2,1,3,33522,M,,,33
200800053142,8,9,30,2245,5,2,2,1,3,33063,M,,,33
200800053143,8,9,27,1235,1,2,1,1,3,33249,M,,,33
200800053144,8,9,29,1240,1,2,1,1,3,33063,M,,,33
200800053145,8,9,29,820,1,2,1,1,2,33318,M,,,33
200800053146,8,9,24,1200,1,2,2,1,3,33075,M,,,33
200800053147,8,9,25,750,1,2,3,1,3,33039,M,,,33
200800053148,8,9,26,1735,1,2,1,1,2,33281,M,,,33
200800053149,8,9,26,1525,1,2,1,1,6,33281,M,,,33
200800053150,8,9,25,1010,1,2,1,1,5,33063,M,,,33
200800053151,8,9,26,1738,1,2,1,1,6,33069,M,,,33
200800053152,8,9,26,950,1,2,6,1,3,33192,M,,,33
200800053153,8,9,29,2000,2,2,3,1,3,33119,M,,,33
200800053154,8,9,29,730,2,2,3,1,3,33318,M,,,33
200800053155,8,9,2,2205,5,2,7,1,3,33243,M,,,33
200800053156,8,9,20,1645,1,2,1,1,3,33243,M,,,33
200800053157,8,9,3,1700,1,2,1,1,2,34003,M,,,34
200800053158,8,9,3,1715,1,1,3,1,5,34003,M,,,34
200800053159,8,9,5,1150,1,1,1,1,1,34003,M,,,34
200800053160,8,9,17,1810,1,2,1,1,1,34003,M,,,34
200800053161,8,9,12,850,1,2,3,1,3,34003,M,,,34
200800053162,8,9,30,50,3,1,1,1,2,34003,M,,,34
200800053163,8,9,4,2000,5,2,2,1,2,34032,M,,,34
200800053164,8,9,3,2000,1,2,1,1,5,34032,M,,,34
200800053165,8,9,3,2100,5,2,2,1,3,34032,M,,,34
200800053166,8,9,5,1600,1,2,1,1,2,34032,M,,,34
200800053167,8,9,5,1715,1,2,1,1,7,34032,M,,,34
200800053168,8,9,5,1649,1,2,1,1,4,34032,M,,,34
200800053169,8,9,5,1915,1,2,2,1,1,34032,M,,,34
200800053170,8,9,6,515,5,2,1,1,7,34032,M,,,34
200800053171,8,9,6,1600,1,2,1,1,2,34032,M,,,34
200800053172,8,9,6,2200,3,1,1,1,7,34032,M,,,34
200800053173,8,9,7,1630,1,2,1,1,1,34336,M,,,34
200800053174,8,9,12,2200,3,1,1,1,7,34336,M,,,34
200800053175,8,9,8,1115,1,2,3,2,3,34032,M,,,34
200800053176,8,9,9,1500,1,1,4,1,2,34032,M,,,34
200800053177,8,9,10,1105,1,2,1,1,6,34032,M,,,34
200800053178,8,9,10,1500,1,2,1,1,7,34032,M,,,34
200800053179,8,9,11,1525,1,2,1,1,7,34073,M,,,34
200800053180,8,9,11,1815,1,1,1,2,4,34336,M,,,34
200800053181,8,9,14,600,5,2,1,1,1,34336,M,,,34
200800053182,8,9,15,945,2,1,1,1,7,34032,M,,,34
200800053183,8,9,15,1215,1,2,1,1,6,34032,M,,,34
200800053184,8,9,19,1700,1,2,1,1,2,34032,M,,,34
200800053185,8,9,19,1645,1,2,1,1,2,34032,M,,,34
200800053186,8,9,19,2130,3,1,1,1,7,34032,M,,,34
200800053187,8,9,20,1435,1,1,1,1,1,34336,M,,,34
200800053188,8,9,21,1815,1,2,1,1,7,34336,M,,,34
200800053189,8,9,22,1950,5,2,2,1,3,75115,M,,,75
200800053190,8,9,22,2130,5,2,1,1,3,75116,M,,,75
200800053191,8,9,15,1640,1,2,1,1,6,93048,M,,,93
200800053192,8,9,13,1340,1,2,5,1,3,75104,M,,,75
200800053193,8,9,13,820,1,2,1,1,6,75110,M,,,75
200800053194,8,9,13,1720,1,2,1,8,6,75111,M,,,75
200800053195,8,9,13,2150,5,2,1,1,3,75112,M,,,75
200800053196,8,9,13,1630,1,2,2,1,3,75113,M,,,75
200800053197,8,9,13,2319,5,2,2,1,3,75113,M,,,75
200800053198,8,9,13,1830,1,2,1,1,6,75115,M,,,75
200800053199,8,9,13,1130,1,2,2,1,3,75118,M,,,75
200800053200,8,9,13,1900,1,2,1,2,2,75120,M,,,75
200800053201,8,9,13,115,5,2,1,1,6,75112,M,,,75
200800053202,8,9,13,1010,1,2,3,1,3,75115,M,,,75
200800053203,8,9,13,1945,1,2,1,1,3,75113,M,,,75
200800053204,8,9,14,1605,1,2,1,1,7,75105,M,,,75
200800053205,8,9,14,240,5,2,2,1,6,75105,M,,,75
200800053206,8,9,14,1130,1,2,2,1,6,75106,M,,,75
200800053207,8,9,14,510,5,2,1,1,3,75109,M,,,75
200800053208,8,9,14,1620,1,2,3,1,2,75111,M,,,75
200800053209,8,9,14,2210,5,2,2,1,6,75112,M,,,75
200800053210,8,9,14,645,5,2,2,1,6,75115,M,,,75
200800053211,8,9,14,1040,1,2,1,1,2,75115,M,,,75
200800053212,8,9,14,1715,1,2,1,1,3,75116,M,,,75
200800053213,8,9,14,1759,1,2,1,1,6,75116,M,,,75
200800053214,8,9,14,2145,5,2,1,1,6,75116,M,,,75
200800053215,8,9,14,1545,1,2,2,1,7,75118,M,,,75
200800053216,8,9,14,1735,1,2,3,1,3,75119,M,,,75
200800053217,8,9,14,1347,1,2,2,1,6,75114,M,,,75
200800053218,8,9,14,2235,5,2,4,1,3,75112,M,,,75
200800053219,8,9,14,450,5,2,1,1,6,75119,M,,,75
200800053220,8,9,14,440,5,2,1,1,6,75119,M,,,75
200800053221,8,9,15,2010,5,2,1,1,7,75101,M,,,75
200800053222,8,9,15,1540,1,2,3,1,6,75103,M,,,75
200800053223,8,9,15,820,1,2,1,1,6,75105,M,,,75
200800053224,8,9,15,1030,1,2,2,1,2,75105,M,,,75
200800053225,8,9,15,945,1,2,1,1,3,75106,M,,,75
200800053226,8,9,15,1400,1,2,5,1,3,75107,M,,,75
200800053227,8,9,15,1125,1,2,4,1,3,75108,M,,,75
200800053228,8,9,15,2035,5,2,1,1,7,75109,M,,,75
200800053229,8,9,15,1120,1,2,3,1,2,75109,M,,,75
200800053230,8,9,15,1320,1,2,5,1,6,75109,M,,,75
200800053231,8,9,15,1610,1,2,1,1,3,75109,M,,,75
200800053232,8,9,15,920,1,2,1,1,6,75110,M,,,75
200800053233,8,9,15,1540,1,2,4,8,3,75111,M,,,75
200800053234,8,9,15,1030,1,2,5,1,6,75112,M,,,75
200800053235,8,9,15,855,1,2,5,1,6,75114,M,,,75
200800053236,8,9,15,1545,1,2,5,1,6,75114,M,,,75
200800053237,8,9,15,835,1,2,2,1,6,75115,M,,,75
200800053238,8,9,15,1115,1,2,1,1,6,75115,M,,,75
200800053239,8,9,15,750,1,2,3,1,3,75116,M,,,75
200800053240,8,9,15,730,1,2,5,1,6,75116,M,,,75
200800053241,8,9,15,1115,1,2,1,1,3,75116,M,,,75
200800053242,8,9,15,1600,1,2,1,1,3,75116,M,,,75
200800053243,8,9,15,1600,1,2,1,8,6,75117,M,,,75
200800053244,8,9,15,1640,1,2,1,1,4,75117,M,,,75
200800053245,8,9,15,845,1,2,1,1,6,75118,M,,,75
200800053246,8,9,15,1140,1,2,2,1,3,75118,M,,,75
200800053247,8,9,15,1940,2,2,2,1,3,75118,M,,,75
200800053248,8,9,15,810,1,2,1,1,6,75120,M,,,75
200800053249,8,9,15,1315,1,2,1,1,6,75120,M,,,75
200800053250,8,9,15,1330,1,2,2,1,3,75120,M,,,75
200800053251,8,9,15,650,2,2,1,1,6,75120,M,,,75
200800053252,8,9,15,1330,1,2,1,1,3,75113,M,,,75
200800053253,8,9,15,1520,1,2,2,1,3,75112,M,,,75
200800053254,8,9,15,1720,1,2,2,1,3,75107,M,,,75
200800053255,8,9,15,1521,1,2,1,1,6,75120,M,,,75
200800053256,8,9,22,2252,5,2,1,1,7,75102,M,,,75
200800053257,8,9,22,1220,1,2,7,1,3,75104,M,,,75
200800053258,8,9,22,1340,1,2,1,1,6,75109,M,,,75
200800053259,8,9,22,600,1,2,2,1,2,75110,M,,,75
200800053260,8,9,22,850,1,2,1,1,6,75110,M,,,75