Num_Acc,an,mois,jour,hrmn,lum,agg,int,atm,col,com,gps,lat,long,dep
200800053261,8,9,22,1915,2,2,1,1,5,75110,M,,,75
200800053262,8,9,22,915,1,2,1,1,2,75112,M,,,75
200800053263,8,9,22,2040,5,2,2,1,1,75112,M,,,75
200800053264,8,9,22,900,1,2,3,1,3,75113,M,,,75
200800053265,8,9,22,1245,1,2,1,1,3,75113,M,,,75
200800053266,8,9,23,820,1,2,4,1,3,75111,M,,,75
200800053267,8,9,23,2145,5,2,2,1,3,75112,M,,,75
200800053268,8,9,23,1200,1,2,1,1,6,75114,M,,,75
200800053269,8,9,23,2015,5,2,1,1,6,75114,M,,,75
200800053270,8,9,23,920,1,2,1,1,7,75117,M,,,75
200800053271,8,9,23,1710,1,2,3,1,3,75117,M,,,75
200800053272,8,9,23,2045,5,2,2,1,6,75117,M,,,75
200800053273,8,9,23,1815,1,2,1,2,3,75117,M,,,75
200800053274,8,9,23,2245,5,2,1,1,6,75118,M,,,75
200800053275,8,9,23,1215,1,2,1,1,6,75119,M,,,75
200800053276,8,9,23,1440,1,2,1,1,4,75113,M,,,75
200800053277,8,9,24,930,1,2,3,8,6,75102,M,,,75
200800053278,8,9,24,1410,1,2,3,1,2,75105,M,,,75
200800053279,8,9,24,2014,5,2,2,1,3,75106,M,,,75
200800053280,8,9,24,1615,1,2,1,1,7,75107,M,,,75
200800053281,8,9,24,630,5,2,2,2,2,75108,M,,,75
200800053282,8,9,24,2325,5,2,2,1,3,75108,M,,,75
200800053283,8,9,24,845,1,2,2,2,2,75110,M,,,75
200800053284,8,9,24,1950,5,2,1,1,3,75110,M,,,75
200800053285,8,9,24,1420,1,2,3,1,3,75111,M,,,75
200800053286,8,9,24,715,2,2,3,2,7,75112,M,,,75
200800053287,8,9,24,950,1,2,1,1,6,75112,M,,,75
200800053288,8,9,24,1925,2,2,1,1,2,75113,M,,,75
200800053289,8,9,24,930,1,2,1,2,2,75114,M,,,75
200800053290,8,9,24,1520,1,2,1,1,7,75114,M,,,75
200800053291,8,9,24,1815,1,2,1,1,6,75114,M,,,75
200800053292,8,9,24,1925,5,2,1,1,3,75117,M,,,75
200800053293,8,9,24,2100,5,2,4,1,1,75118,M,,,75
200800053294,8,9,24,210,5,2,7,2,3,75119,M,,,75
200800053295,8,9,24,1730,1,2,2,1,7,75119,M,,,75
200800053296,8,9,24,1425,1,2,1,1,2,75109,M,,,75
200800053297,8,9,24,1550,1,2,1,1,6,75114,M,,,75
200800053298,8,9,24,2339,5,2,1,1,6,75112,M,,,75
200800053299,8,9,24,1000,1,2,1,1,5,75112,M,,,75
200800053300,8,9,24,845,1,2,4,2,3,75116,M,,,75
200800053301,8,9,24,720,1,2,1,2,5,75114,M,,,75
200800053302,8,9,24,1745,1,2,1,1,2,75116,M,,,75
200800053303,8,9,24,2125,5,2,1,1,4,75115,M,,,75
200800053304,8,9,25,2105,5,2,4,1,4,75102,M,,,75
200800053305,8,9,25,1705,1,2,1,1,3,75103,M,,,75
200800053306,8,9,25,1050,1,2,1,1,2,75104,M,,,75
200800053307,8,9,25,940,1,2,1,1,3,75107,M,,,75
200800053308,8,9,25,2235,5,2,5,1,6,75107,M,,,75
200800053309,8,9,25,1610,1,2,2,1,7,75108,M,,,75
200800053310,8,9,25,1710,1,2,1,1,3,75111,M,,,75
200800053311,8,9,25,1650,1,2,1,1,6,75111,M,,,75
200800053312,8,9,25,1300,1,2,1,1,6,75112,M,,,75
200800053313,8,9,25,1755,1,2,1,1,6,75112,M,,,75
200800053314,8,9,25,945,1,2,1,1,2,75113,M,,,75
200800053315,8,9,25,1320,1,2,3,1,6,75113,M,,,75
200800053316,8,9,25,815,1,2,2,1,1,75115,M,,,75
200800053317,8,9,25,2050,5,2,1,1,3,75115,M,,,75
200800053318,8,9,25,106,5,2,1,1,6,75116,M,,,75
200800053319,8,9,25,1855,1,2,1,1,6,75117,M,,,75
200800053320,8,9,25,2130,5,2,2,1,3,75108,M,,,75
200800053321,8,9,25,1255,1,2,1,1,2,75119,M,,,75
200800053322,8,9,25,1313,1,2,1,1,3,75120,M,,,75
200800053323,8,9,25,1532,1,2,1,1,6,75120,M,,,75
200800053324,8,9,25,930,1,2,1,1,2,75118,M,,,75
200800053325,8,9,25,2040,5,2,1,1,2,75120,M,,,75
200800053326,8,9,26,1950,5,2,2,1,3,75104,M,,,75
200800053327,8,9,26,1910,1,2,2,1,6,75103,M,,,75
200800053328,8,9,26,2250,5,2,2,1,3,75103,M,,,75
200800053329,8,9,22,1300,1,2,1,1,6,75116,M,,,75
200800053330,8,9,22,1715,1,2,2,1,7,75116,M,,,75
200800053331,8,9,22,2000,5,2,1,1,3,75116,M,,,75
200800053332,8,9,22,1945,2,2,2,1,3,75119,M,,,75
200800053333,8,9,22,1515,1,2,3,1,3,75107,M,,,75
200800053334,8,9,22,2310,5,2,2,1,1,75110,M,,,75
200800053335,8,9,22,1615,1,2,1,1,4,75116,M,,,75
200800053336,8,9,23,1949,5,2,1,2,7,75101,M,,,75
200800053337,8,9,23,955,1,2,2,1,3,75102,M,,,75
200800053338,8,9,23,1855,3,2,5,2,7,75105,M,,,75
200800053339,8,9,23,930,1,2,1,1,2,75108,M,,,75
200800053340,8,9,23,2010,5,2,2,2,3,75108,M,,,75
200800053341,8,9,23,1525,1,2,5,1,3,75109,M,,,75
200800053342,8,9,23,1025,1,2,3,1,3,75108,M,,,75
200800053343,8,9,26,1855,1,2,2,1,3,75105,M,,,75
200800053344,8,9,26,1330,1,2,2,1,3,75106,M,,,75
200800053345,8,9,26,2000,3,2,2,1,3,75107,M,,,75
200800053346,8,9,26,30,5,2,2,1,3,75108,M,,,75
200800053347,8,9,26,1520,1,2,1,1,2,75108,M,,,75
200800053348,8,9,26,2000,5,2,2,1,3,75108,M,,,75
200800053349,8,9,26,2350,5,2,2,1,6,75108,M,,,75
200800053350,8,9,26,915,1,2,2,1,6,75110,M,,,75
200800053351,8,9,26,815,1,2,1,1,3,75111,M,,,75
200800053352,8,9,26,1000,1,2,2,1,2,75111,M,,,75
200800053353,8,9,26,1208,1,2,1,1,2,75111,M,,,75
200800053354,8,9,26,1720,1,2,9,1,7,75111,M,,,75
200800053355,8,9,26,1600,1,2,1,1,2,75112,M,,,75
200800053356,8,9,26,1640,1,2,2,1,3,75112,M,,,75
200800053357,8,9,26,1,5,2,2,1,3,75113,M,,,75
200800053358,8,9,26,820,1,2,1,1,7,75113,M,,,75
200800053359,8,9,26,1850,1,2,1,1,6,75113,M,,,75
200800053360,8,9,26,135,5,2,1,1,2,75114,M,,,75
200800053361,8,9,26,715,2,2,2,1,7,75114,M,,,75
200800053362,8,9,26,1405,1,2,7,1,3,75115,M,,,75
200800053363,8,9,26,1925,2,2,1,1,3,75115,M,,,75
200800053364,8,9,26,2140,5,2,2,1,3,75115,M,,,75
200800053365,8,9,26,1040,1,2,2,1,6,75116,M,,,75
200800053366,8,9,26,2100,5,2,7,1,3,75116,M,,,75
200800053367,8,9,26,240,5,2,2,1,1,75117,M,,,75
200800053368,8,9,26,1300,1,2,1,1,3,75119,M,,,75
200800053369,8,9,26,1630,1,2,1,1,6,75120,M,,,75
200800053370,8,9,26,535,5,2,1,1,6,75112,M,,,75
200800053371,8,9,26,1450,1,2,2,1,6,75120,M,,,75
200800053372,8,9,26,2330,5,2,2,1,2,75116,M,,,75
200800053373,8,9,26,1540,1,2,1,1,7,75120,M,,,75
200800053374,8,9,27,1125,1,2,2,1,3,75102,M,,,75
200800053375,8,9,27,2020,5,2,1,1,3,75102,M,,,75
200800053376,8,9,27,1410,1,2,1,1,6,75103,M,,,75
200800053377,8,9,27,1020,1,2,3,1,3,75104,M,,,75
200800053378,8,9,27,1622,1,2,2,1,7,75106,M,,,75
200800053379,8,9,27,1818,1,2,2,1,6,75105,M,,,75
200800053380,8,9,27,1530,1,2,5,1,6,75109,M,,,75
200800053381,8,9,27,1510,1,2,5,1,3,75110,M,,,75
200800053382,8,9,27,1137,1,2,1,1,7,75112,M,,,75
200800053383,8,9,27,710,1,2,2,1,4,75113,M,,,75
200800053384,8,9,27,1115,1,2,1,1,6,75113,M,,,75
200800053385,8,9,27,1425,1,2,1,1,2,75113,M,,,75
200800053386,8,9,27,1900,1,2,1,1,3,75118,M,,,75
200800053387,8,9,27,1630,1,2,1,1,6,75119,M,,,75
200800053388,8,9,27,2120,5,2,1,1,3,75119,M,,,75
200800053389,8,9,27,1825,1,2,2,1,2,75112,M,,,75
200800053390,8,9,27,545,5,2,1,1,6,75116,M,,,75
200800053391,8,9,27,1615,1,2,1,1,6,75120,M,,,75
200800053392,8,9,27,1620,1,2,1,1,2,75115,M,,,75
200800053393,8,9,28,115,5,2,2,1,3,75103,M,,,75
200800053394,8,9,28,100,5,2,3,1,6,75103,M,,,75
200800053395,8,9,28,50,5,2,1,1,7,75104,M,,,75
200800053396,8,9,28,15,5,2,2,1,3,75105,M,,,75
200800053397,8,9,28,1130,1,2,2,1,3,75105,M,,,75
200800053398,8,9,28,1830,2,2,1,1,3,75111,M,,,75
200800053399,8,9,28,1420,1,2,1,1,3,75113,M,,,75
200800053400,8,9,28,5,5,2,5,1,3,75114,M,,,75
200800053401,8,9,28,650,5,2,5,1,4,75114,M,,,75
200800053402,8,9,28,905,1,2,4,1,6,75115,M,,,75
200800053403,8,9,28,150,5,2,2,1,7,75107,M,,,75
200800053404,8,9,28,630,5,2,5,1,3,75116,M,,,75
200800053405,8,9,28,910,1,2,2,1,6,75117,M,,,75
200800053406,8,9,28,1035,1,2,5,1,6,75118,M,,,75
200800053407,8,9,28,147,5,2,3,1,3,75119,M,,,75
200800053408,8,9,28,2150,5,2,1,1,6,75120,M,,,75
200800053409,8,9,28,845,1,2,2,1,4,75104,M,,,75
200800053410,8,9,28,1615,1,2,1,1,4,75116,M,,,75
200800053411,8,9,27,250,5,2,2,1,3,75102,M,,,75
200800053412,8,9,29,1450,1,2,1,1,6,75101,M,,,75
200800053413,8,9,29,2025,5,2,3,1,3,75101,M,,,75
200800053414,8,9,26,920,1,2,2,1,6,75104,M,,,75
200800053415,8,9,29,2300,5,2,2,1,6,75105,M,,,75
200800053416,8,9,29,1008,1,2,3,1,3,75108,M,,,75
200800053417,8,9,29,2100,5,2,3,1,6,75108,M,,,75
200800053418,8,9,29,850,1,2,5,1,3,75110,M,,,75
200800053419,8,9,29,2337,5,2,1,1,6,75112,M,,,75
200800053420,8,9,29,855,1,2,2,1,3,75115,M,,,75
200800053421,8,9,26,1330,1,2,2,1,3,75105,M,,,75
200800053422,8,9,29,1550,1,2,1,1,3,75115,M,,,75
200800053423,8,9,29,945,1,2,3,1,6,75118,M,,,75
200800053424,8,9,29,1250,1,2,4,1,6,75118,M,,,75
200800053425,8,9,29,1230,1,2,3,1,6,75119,M,,,75
200800053426,8,9,29,2330,3,2,1,1,3,75119,M,,,75
200800053427,8,9,29,1423,1,2,1,1,6,75120,M,,,75
200800053428,8,9,29,1930,2,2,1,1,3,75120,M,,,75
200800053429,8,9,29,730,1,2,1,1,4,75113,M,,,75
200800053430,8,9,29,740,1,2,1,1,3,75120,M,,,75
200800053431,8,9,29,740,1,2,1,1,4,75119,M,,,75
200800053432,8,9,30,930,1,2,1,2,3,75101,M,,,75
200800053433,8,9,30,1830,1,2,1,2,7,75102,M,,,75
200800053434,8,9,30,845,1,2,2,2,7,75104,M,,,75
200800053435,8,9,30,1700,1,2,5,2,7,75105,M,,,75
200800053436,8,9,30,1550,1,2,5,8,6,75106,M,,,75
200800053437,8,9,30,1835,1,2,2,8,7,75106,M,,,75
200800053438,8,9,30,2120,5,2,4,2,3,75106,M,,,75
200800053439,8,9,30,900,1,2,5,2,7,75107,M,,,75
200800053440,8,9,30,920,1,2,5,2,7,75108,M,,,75
200800053441,8,9,30,1705,1,2,1,2,6,75108,M,,,75
200800053442,8,9,30,945,1,2,2,2,2,75109,M,,,75
200800053443,8,9,30,930,1,2,1,2,6,75110,M,,,75
200800053444,8,9,30,1050,1,2,1,2,7,75110,M,,,75
200800053445,8,9,30,1110,1,2,1,2,6,75110,M,,,75
200800053446,8,9,30,1825,1,2,1,2,6,75110,M,,,75
200800053447,8,9,30,815,1,2,2,2,2,75112,M,,,75
200800053448,8,9,30,1735,1,2,1,2,7,75113,M,,,75
200800053449,8,9,30,1820,1,2,2,2,3,75113,M,,,75
200800053450,8,9,30,1800,5,2,1,2,6,75114,M,,,75
200800053451,8,9,30,1830,1,2,1,2,7,75114,M,,,75
200800053452,8,9,30,1130,1,2,1,1,6,75115,M,,,75
200800053453,8,9,30,1015,1,2,5,2,7,75117,M,,,75
200800053454,8,9,30,1700,1,2,2,2,4,75116,M,,,75
200800053455,8,9,30,2129,5,2,2,2,6,75117,M,,,75
200800053456,8,9,30,820,1,2,2,2,6,75118,M,,,75
200800053457,8,9,30,2145,5,2,5,1,6,75119,M,,,75
200800053458,8,9,30,951,1,2,1,2,3,75120,M,,,75
200800053459,8,9,30,1242,1,2,3,2,2,75120,M,,,75
200800053460,8,9,30,1940,5,2,1,2,7,75120,M,,,75
200800053461,8,9,30,1110,1,2,1,8,6,75105,M,,,75
200800053462,8,9,30,1915,5,2,1,2,6,75113,M,,,75
200800053463,8,9,30,2158,5,2,1,2,6,75114,M,,,75
200800053464,8,9,30,2235,5,2,1,2,6,75113,M,,,75
200800053465,8,9,30,1815,1,2,1,2,4,75113,M,,,75
200800053466,8,9,1,2040,5,1,1,1,5,75112,M,,,75
200800053467,8,9,2,1400,1,1,1,1,7,75112,M,,,75
200800053468,8,9,3,1150,1,1,1,2,6,77373,M,,,77
200800053469,8,9,3,1415,1,1,1,8,5,77296,M,,,77
200800053470,8,9,4,1335,1,1,1,1,3,94074,M,,,94
200800053471,8,9,5,610,3,1,1,1,3,77373,M,,,77
200800053472,8,9,5,800,1,1,1,2,2,94017,M,,,94
200800053473,8,9,5,2145,5,1,1,1,6,94018,M,,,94
200800053474,8,9,6,145,3,1,1,1,4,94069,M,,,94
200800053475,8,9,6,345,5,1,1,1,2,93051,M,,,93
200800053476,8,9,7,2100,5,1,1,1,2,94069,M,,,94
200800053477,8,9,9,745,1,1,1,1,7,94052,M,,,94
200800053478,8,9,9,800,1,1,1,1,3,94073,M,,,94
200800053479,8,9,9,900,1,1,1,1,3,94073,M,,,94
200800053480,8,9,10,1530,1,1,1,1,3,94081,M,,,94
200800053481,8,9,10,2000,1,1,1,1,6,94018,M,,,94
200800053482,8,9,11,540,2,1,1,1,2,77169,M,,,77
200800053483,8,9,12,740,1,1,1,2,3,93051,M,,,93
200800053484,8,9,12,1025,1,1,1,1,2,94018,M,,,94
200800053485,8,9,15,730,1,1,1,1,2,94044,M,,,94
200800053486,8,9,15,930,1,1,1,1,2,77468,M,,,77
200800053487,8,9,15,1220,1,1,1,1,7,77249,M,,,77
200800053488,8,9,15,1745,1,1,1,1,6,94065,M,,,94
200800053489,8,9,18,1840,1,1,1,1,4,94058,M,,,94
200800053490,8,9,18,325,3,1,1,1,6,77018,M,,,77
200800053491,8,9,18,1130,1,1,1,1,3,94052,M,,,94
200800053492,8,9,18,1615,1,1,1,1,4,94052,M,,,94
200800053493,8,9,18,1840,1,1,1,1,5,77258,M,,,77
200800053494,8,9,18,2200,3,1,1,1,6,77449,M,,,77
200800053495,8,9,20,100,3,1,1,1,2,77237,M,,,77
200800053496,8,9,20,715,2,1,1,1,6,94018,M,,,94
200800053497,8,9,21,1400,1,1,1,1,7,94033,M,,,94
200800053498,8,9,21,1830,1,1,1,1,2,93051,M,,,93
200800053499,8,9,22,900,1,1,1,1,2,94073,M,,,94
200800053500,8,9,23,1325,1,1,1,1,4,94052,M,,,94
200800053501,8,9,29,1350,1,2,1,1,5,75115,M,,,75
200800053502,8,9,24,715,1,1,1,2,3,75112,M,,,75
200800053503,8,9,24,1815,1,1,1,1,3,94028,M,,,94
200800053504,8,9,26,1,3,1,1,1,2,77053,M,,,77
200800053505,8,9,26,900,1,1,1,1,4,94017,M,,,94
200800053506,8,9,27,150,5,1,1,1,3,94073,M,,,94
200800053507,8,9,11,2051,3,1,1,2,3,91064,M,,,91
200800053508,8,9,11,2353,5,1,1,8,3,92002,M,,,92
200800053509,8,9,12,545,3,1,1,3,6,91064,M,,,91
200800053510,8,9,12,640,3,1,9,2,6,91136,M,,,91
200800053511,8,9,12,2123,3,1,1,1,3,91521,M,,,91
200800053512,8,9,14,1659,1,1,1,1,6,91064,M,,,91
200800053513,8,9,14,1908,1,1,1,1,3,91340,M,,,91
200800053514,8,9,14,2210,3,1,1,1,4,91521,M,,,91
200800053515,8,9,16,1627,1,1,1,1,3,92002,M,,,92
200800053516,8,9,16,1850,1,1,2,1,3,91377,M,,,91
200800053517,8,9,16,1950,2,1,1,1,2,91553,M,,,91
200800053518,8,9,18,710,2,1,1,1,3,91286,M,,,91
200800053519,8,9,20,1220,1,1,1,1,5,94065,M,,,94
200800053520,8,9,20,1739,1,1,1,1,4,91161,M,,,91
200800053521,8,9,21,640,2,1,1,1,7,91182,M,,,91
200800053522,8,9,21,700,1,1,1,1,7,94034,M,,,94
200800053523,8,9,21,1410,1,1,1,1,7,91228,M,,,91
200800053524,8,9,21,1540,1,1,1,1,2,77251,M,,,77
200800053525,8,9,21,1610,1,1,1,1,6,91340,M,,,91
200800053526,8,9,21,2000,2,1,1,1,5,94038,M,,,94
200800053527,8,9,22,1715,1,1,1,1,5,91521,M,,,91
200800053528,8,9,23,10,3,1,1,1,3,91434,M,,,91
200800053529,8,9,23,830,1,1,1,1,3,91363,M,,,91
200800053530,8,9,23,835,1,1,1,1,7,92002,M,,,92
200800053531,8,9,23,1135,1,1,1,1,4,91553,M,,,91
200800053532,8,9,23,1625,1,1,1,1,1,94034,M,,,94
200800053533,8,9,24,127,3,1,1,1,2,91617,M,,,91
200800053534,8,9,24,631,3,1,1,2,6,91589,M,,,91
200800053535,8,9,25,815,1,1,1,1,4,91617,M,,,91
200800053536,8,9,25,1055,1,1,2,1,2,91377,M,,,91
200800053537,8,9,27,645,5,1,1,1,5,94046,M,,,94
200800053538,8,9,27,815,1,1,1,1,3,77237,M,,,77
200800053539,8,9,29,1520,1,1,1,2,3,77122,M,,,77
200800053540,8,9,30,1900,3,1,1,1,6,77249,M,,,77
200800053541,8,9,1,1900,1,1,1,1,2,93048,M,,,93
200800053542,8,9,2,1130,1,1,1,1,5,93053,M,,,93
200800053543,8,9,4,815,1,1,1,1,4,92036,M,,,92
200800053544,8,9,5,1740,1,1,1,2,4,95582,M,,,95
200800053545,8,9,5,1900,1,1,1,2,7,95582,M,,,95
200800053546,8,9,9,1830,1,1,1,1,2,95018,M,,,95
200800053547,8,9,9,1910,1,1,1,1,3,95306,M,,,95
200800053548,8,9,12,545,3,1,1,2,7,95582,M,,,95
200800053549,8,9,12,710,1,1,1,2,2,95394,M,,,95
200800053550,8,9,12,900,1,1,1,1,3,93005,M,,,93
200800053551,8,9,12,1000,1,1,1,2,2,95394,M,,,95
200800053552,8,9,12,1145,1,1,1,1,5,60612,M,,,60
200800053553,8,9,13,2045,4,1,1,8,2,95572,M,,,95
200800053554,8,9,16,820,1,1,1,1,5,93006,M,,,93
200800053555,8,9,12,915,1,1,1,2,5,95394,M,,,95
200800053556,8,9,17,1650,1,1,1,1,3,95500,M,,,95
200800053557,8,9,18,820,1,1,1,1,5,95018,M,,,95
200800053558,8,9,19,1920,1,1,1,1,5,92036,M,,,92
200800053559,8,9,21,2050,1,1,1,1,7,93066,M,,,93
200800053560,8,9,23,1930,1,1,1,1,6,95488,M,,,95
200800053561,8,9,24,800,1,1,1,3,7,93053,M,,,93
200800053562,8,9,24,1730,1,1,1,1,5,93048,M,,,93
200800053563,8,9,25,450,5,1,1,1,7,95675,M,,,95
200800053564,8,9,26,1615,1,1,1,1,2,93078,M,,,93
200800053565,8,9,27,1720,1,1,1,1,2,92036,M,,,92
200800053566,8,9,27,1910,1,1,1,1,2,93010,M,,,93
200800053567,8,9,27,1900,1,1,1,1,4,95572,M,,,95
200800053568,8,9,30,810,1,1,1,2,3,95491,M,,,95
200800053569,8,9,30,1030,1,1,1,2,3,93066,M,,,93
200800053570,8,9,30,2230,5,1,9,1,7,93029,M,,,93
200800053571,8,9,2,1155,1,1,1,1,3,91161,M,,,91
200800053572,8,9,3,850,1,1,1,2,7,91286,M,,,91
200800053573,8,9,3,1050,1,1,1,2,2,91182,M,,,91
200800053574,8,9,3,1953,1,1,1,1,2,91339,M,,,91
200800053575,8,9,5,645,2,1,1,1,2,91345,M,,,91
200800053576,8,9,5,1055,1,1,1,2,2,94076,M,,,94
200800053577,8,9,5,1150,1,1,1,8,7,91064,M,,,91
200800053578,8,9,5,1245,1,1,1,2,7,94021,M,,,94
200800053579,8,9,5,1450,1,1,1,2,6,91064,M,,,91
200800053580,8,9,5,1740,1,1,1,1,4,94037,M,,,94
200800053581,8,9,5,1905,2,1,1,1,2,91339,M,,,91
200800053582,8,9,5,1940,1,1,1,1,6,91086,M,,,91
200800053583,8,9,7,1000,1,1,1,2,6,91617,M,,,91
200800053584,8,9,7,1606,1,1,1,1,7,77384,M,,,77
200800053585,8,9,8,828,1,1,1,1,3,91659,M,,,91
200800053586,8,9,8,1845,1,1,1,1,7,91064,M,,,91
200800053587,8,9,9,1317,1,1,1,1,2,94037,M,,,94
200800053588,8,9,9,1504,1,1,1,1,2,91363,M,,,91
200800053589,8,9,9,2153,5,1,1,1,6,91689,M,,,91
200800053590,8,9,14,1220,1,1,1,2,2,91174,M,,,91
200800053591,8,9,11,1945,2,1,1,3,3,91339,M,,,91
200800053592,8,9,11,2020,3,1,1,3,4,91345,M,,,91
200800053593,8,9,25,1404,1,1,1,1,2,91363,M,,,91
200800053594,8,9,26,720,2,1,1,1,2,94034,M,,,94
200800053595,8,9,26,1544,1,1,1,1,2,91553,M,,,91
200800053596,8,9,27,30,5,1,1,1,4,91174,M,,,91
200800053597,8,9,27,1857,1,1,1,1,7,94034,M,,,94
200800053598,8,9,27,2100,3,1,1,1,3,91339,M,,,91
200800053599,8,9,28,1725,1,1,1,1,6,91521,M,,,91
200800053600,8,9,28,1713,1,1,1,1,4,91534,M,,,91
200800053601,8,9,28,1753,1,1,1,1,4,94038,M,,,94
200800053602,8,9,29,1500,1,1,1,1,2,91617,M,,,91
200800053603,8,9,29,1910,2,1,1,1,2,92002,M,,,92
200800053604,8,9,29,2201,3,1,1,1,7,91534,M,,,91
200800053605,8,9,3,620,3,1,1,2,3,91064,M,,,91
200800053606,8,9,30,845,1,1,1,2,4,91659,M,,,91
200800053607,8,9,30,845,2,1,1,1,2,91216,M,,,91
200800053608,8,9,30,930,1,1,1,2,6,91363,M,,,91
200800053609,8,9,30,1300,1,1,1,2,3,91182,M,,,91
200800053610,8,9,30,1900,2,1,1,1,6,91521,M,,,91
200800053611,8,9,1,630,2,1,1,1,6,62907,M,,,62
200800053612,8,9,2,1810,1,1,1,2,6,59350,M,,,59
200800053613,8,9,2,2100,5,1,1,2,6,62498,M,,,62
200800053614,8,9,5,1300,1,1,1,2,6,59343,M,,,59
200800053615,8,9,5,1515,1,1,1,2,6,62274,M,,,62
200800053616,8,9,5,1635,1,1,1,2,7,59328,M,,,59
200800053617,8,9,5,1700,1,1,1,2,6,62193,M,,,62
200800053618,8,9,5,1945,5,1,1,2,2,59556,M,,,59
200800053619,8,9,6,730,1,1,1,2,6,59350,M,,,59
200800053620,8,9,6,1915,1,1,1,1,5,59556,M,,,59
200800053621,8,9,7,1220,1,1,1,3,6,59350,M,,,59
200800053622,8,9,7,1520,1,1,1,1,6,59183,M,,,59
200800053623,8,9,7,1555,1,1,1,3,6,62907,M,,,62
200800053624,8,9,9,1200,1,1,1,1,6,62582,M,,,62
200800053625,8,9,9,1540,1,1,1,1,6,59343,M,,,59
200800053626,8,9,9,1630,1,1,1,1,6,59646,M,,,59
200800053627,8,9,10,325,3,1,1,1,6,59588,M,,,59
200800053628,8,9,10,1600,1,1,1,1,2,59343,M,,,59
200800053629,8,9,10,1640,1,1,1,1,6,59603,M,,,59
200800053630,8,9,11,850,1,1,1,1,7,59462,M,,,59
200800053631,8,9,11,855,1,1,1,1,2,59360,M,,,59
200800053632,8,9,11,1430,1,1,1,1,6,59507,M,,,59
200800053633,8,9,12,815,1,1,1,1,4,62351,M,,,62
200800053634,8,9,12,950,1,1,1,3,2,59009,M,,,59
200800053635,8,9,12,2330,5,1,1,1,6,59646,M,,,59
200800053636,8,9,13,1920,2,1,1,3,6,59646,M,,,59
200800053637,8,9,13,2115,5,1,1,3,6,59350,M,,,59
200800053638,8,9,14,525,5,1,1,1,6,59609,M,,,59
200800053639,8,9,14,630,2,1,1,1,2,59606,M,,,59
200800053640,8,9,15,820,1,1,1,1,6,59160,M,,,59
200800053641,8,9,16,705,5,1,1,1,6,59556,M,,,59
200800053642,8,9,16,1530,1,1,1,1,6,59343,M,,,59
200800053643,8,9,16,1900,1,1,1,1,7,59646,M,,,59
200800053644,8,9,17,800,2,1,1,1,7,59646,M,,,59
200800053645,8,9,17,935,1,1,1,1,6,59179,M,,,59
200800053646,8,9,17,1345,1,1,1,1,7,62498,M,,,62
200800053647,8,9,18,850,1,1,1,1,6,59636,M,,,59
200800053648,8,9,18,1525,1,1,1,1,1,59043,M,,,59
200800053649,8,9,18,1705,1,1,1,1,6,62498,M,,,62
200800053650,8,9,19,2100,5,1,1,1,7,59355,M,,,59
200800053651,8,9,20,1740,1,1,1,1,6,59350,M,,,59
200800053652,8,9,22,430,5,1,1,1,7,59560,M,,,59
200800053653,8,9,24,830,1,1,1,3,6,59350,M,,,59
200800053654,8,9,24,1000,1,1,1,1,2,59350,M,,,59
200800053655,8,9,24,2245,3,1,1,1,2,59082,M,,,59
200800053656,8,9,25,705,2,1,1,1,6,59350,M,,,59
200800053657,8,9,25,915,1,1,1,1,4,59580,M,,,59
200800053658,8,9,28,20,3,1,1,5,6,59350,M,,,59
200800053659,8,9,29,930,1,1,1,1,6,59183,M,,,59
200800053660,8,9,30,1010,1,1,1,3,6,59523,M,,,59
200800053661,8,9,30,1540,1,1,1,3,6,59350,M,,,59
200800053662,8,9,3,1200,1,1,1,2,6,33192,M,,,33
200800053663,8,9,3,1740,1,1,1,2,3,33249,M,,,33
200800053664,8,9,6,1155,1,1,1,1,4,33122,M,,,33
200800053665,8,9,8,1750,1,1,1,1,3,33281,M,,,33
200800053666,8,9,9,1135,1,1,1,2,6,33550,M,,,33
200800053667,8,9,9,1630,1,1,1,1,5,33039,M,,,33
200800053668,8,9,9,1830,1,1,1,1,2,33119,M,,,33
200800053669,8,9,10,1300,1,1,1,1,6,33167,M,,,33
200800053670,8,9,11,2233,5,1,1,2,6,33249,M,,,33
200800053671,8,9,12,1600,1,1,1,2,4,33122,M,,,33
200800053672,8,9,12,2020,1,1,1,1,6,33249,M,,,33
200800053673,8,9,13,415,5,1,1,1,6,33167,M,,,33
200800053674,8,9,14,15,5,1,1,1,2,33249,M,,,33
200800053675,8,9,19,1200,1,1,1,1,3,33550,M,,,33
200800053676,8,9,19,1655,1,1,1,1,2,33122,M,,,33
200800053677,8,9,26,730,1,1,1,1,6,33318,M,,,33
200800053678,8,9,27,355,5,1,1,1,6,33065,M,,,33
200800053679,8,9,28,735,5,1,1,1,2,33122,M,,,33
200800053680,8,9,4,1325,1,1,1,3,7,67482,M,,,67
200800053681,8,9,16,1900,1,1,1,1,5,67447,M,,,67
200800053682,8,9,17,1620,1,1,1,1,4,67365,M,,,67
200800053683,8,9,23,1750,1,1,1,1,2,67482,M,,,67
200800053684,8,9,5,1,3,1,1,1,2,54304,M,,,54
200800053685,8,9,16,330,3,1,1,1,5,54027,M,,,54
200800053686,8,9,3,840,1,1,1,2,7,57582,M,,,57
200800053687,8,9,1,430,3,1,4,1,6,13005,M,,,13
200800053688,8,9,1,1730,1,1,1,1,4,13211,M,,,13
200800053689,8,9,3,718,1,1,1,2,5,13071,M,,,13