Num_Acc,an,mois,jour,hrmn,lum,agg,int,atm,col,com,gps,lat,long,dep
200800053690,8,9,6,235,3,1,1,1,6,13211,M,,,13
200800053691,8,9,6,1130,1,1,1,1,3,13019,M,,,13
200800053692,8,9,6,1240,1,1,1,1,7,13210,M,,,13
200800053693,8,9,7,148,3,1,1,1,6,13001,M,,,13
200800053694,8,9,8,735,1,1,1,1,4,13202,M,,,13
200800053695,8,9,8,1730,1,1,1,1,7,13211,M,,,13
200800053696,8,9,9,830,1,1,1,1,3,13211,M,,,13
200800053697,8,9,10,839,1,1,1,1,3,13071,M,,,13
200800053698,8,9,10,830,1,1,1,1,2,13022,M,,,13
200800053699,8,9,11,932,1,1,1,1,5,13203,M,,,13
200800053700,8,9,12,1454,1,1,1,1,4,13215,M,,,13
200800053701,8,9,13,550,3,1,1,1,7,13070,M,,,13
200800053702,8,9,13,1611,1,1,1,1,3,13210,M,,,13
200800053703,8,9,13,1925,2,1,1,1,7,13071,M,,,13
200800053704,8,9,13,2220,3,1,1,1,7,13070,M,,,13
200800053705,8,9,14,50,3,1,1,1,7,13033,M,,,13
200800053706,8,9,14,640,2,1,1,1,7,13081,M,,,13
200800053707,8,9,14,835,1,1,1,1,6,13106,M,,,13
200800053708,8,9,15,1750,1,1,1,1,2,13211,M,,,13
200800053709,8,9,16,540,3,1,1,1,3,13215,M,,,13
200800053710,8,9,16,852,1,1,1,1,2,13202,M,,,13
200800053711,8,9,16,1655,1,1,1,1,2,13211,M,,,13
200800053712,8,9,18,1800,1,1,1,1,2,13214,M,,,13
200800053713,8,9,19,850,1,1,1,1,6,13106,M,,,13
200800053714,8,9,19,1615,1,1,1,1,6,13055,M,,,13
200800053715,8,9,19,1905,1,1,1,1,5,13019,M,,,13
200800053716,8,9,19,1915,2,1,9,1,6,13211,M,,,13
200800053717,8,9,20,1445,1,1,1,1,6,13088,M,,,13
200800053718,8,9,21,1205,1,1,1,1,6,13106,M,,,13
200800053719,8,9,21,2310,3,1,1,1,2,13215,M,,,13
200800053720,8,9,22,830,1,1,1,1,7,13015,M,,,13
200800053721,8,9,22,918,1,1,1,1,4,13203,M,,,13
200800053722,8,9,23,701,2,1,9,1,2,13215,M,,,13
200800053723,8,9,24,1600,1,1,1,2,7,13202,M,,,13
200800053724,8,9,24,2314,3,1,1,1,2,13001,M,,,13
200800053725,8,9,26,615,5,1,1,1,7,13210,M,,,13
200800053726,8,9,28,100,3,1,1,1,7,13071,M,,,13
200800053727,8,9,28,410,3,1,1,1,6,13088,M,,,13
200800053728,8,9,1,550,5,1,1,1,6,83137,M,,,83
200800053729,8,9,1,1150,1,1,1,1,4,83069,M,,,83
200800053730,8,9,8,725,1,1,1,1,4,83144,M,,,83
200800053731,8,9,13,1320,1,1,1,1,3,83137,M,,,83
200800053732,8,9,19,1010,1,1,1,1,6,83069,M,,,83
200800053733,8,9,23,650,2,1,1,1,5,83069,M,,,83
200800053734,8,9,19,1840,1,1,1,1,4,33192,M,,,33
200800053735,8,9,20,720,1,1,1,1,6,33143,M,,,33
200800053736,8,9,5,1115,1,2,3,8,6,75101,M,,,75
200800053737,8,9,5,1615,1,2,3,2,7,75101,M,,,75
200800053738,8,9,5,920,1,2,1,2,6,75104,M,,,75
200800053739,8,9,5,1540,1,2,2,2,3,75104,M,,,75
200800053740,8,9,5,855,1,2,1,8,6,75105,M,,,75
200800053741,8,9,5,1100,1,2,3,3,7,75105,M,,,75
200800053742,8,9,5,1000,1,2,1,2,7,75107,M,,,75
200800053743,8,9,5,1015,1,2,2,2,7,75107,M,,,75
200800053744,8,9,5,1745,1,2,3,2,6,75107,M,,,75
200800053745,8,9,5,945,1,2,2,2,3,75109,M,,,75
200800053746,8,9,5,1335,1,2,1,2,7,75111,M,,,75
200800053747,8,9,5,1540,1,2,1,2,7,75111,M,,,75
200800053748,8,9,5,150,5,2,1,1,6,75112,M,,,75
200800053749,8,9,5,1450,1,2,1,2,3,75112,M,,,75
200800053750,8,9,5,1501,1,2,2,2,2,75112,M,,,75
200800053751,8,9,5,1630,1,2,1,2,2,75113,M,,,75
200800053752,8,9,5,1115,1,2,2,2,3,75114,M,,,75
200800053753,8,9,5,1600,1,2,1,2,7,75114,M,,,75
200800053754,8,9,5,1040,1,2,1,2,7,75115,M,,,75
200800053755,8,9,5,1845,1,2,1,2,6,75115,M,,,75
200800053756,8,9,5,1155,1,2,5,2,4,75116,M,,,75
200800053757,8,9,5,1215,1,2,2,2,3,75116,M,,,75
200800053758,8,9,5,1455,1,2,4,2,7,75116,M,,,75
200800053759,8,9,5,1620,1,2,5,2,3,75116,M,,,75
200800053760,8,9,5,1611,1,2,1,2,2,75116,M,,,75
200800053761,8,9,5,710,1,2,2,1,3,75117,M,,,75
200800053762,8,9,5,1145,1,2,1,2,7,75117,M,,,75
200800053763,8,9,5,1830,1,2,1,8,3,75117,M,,,75
200800053764,8,9,5,1300,1,2,3,2,6,75119,M,,,75
200800053765,8,9,5,1500,1,2,1,2,6,75120,M,,,75
200800053766,8,9,5,1635,1,2,1,2,2,75120,M,,,75
200800053767,8,9,5,530,5,2,3,1,6,75102,M,,,75
200800053768,8,9,5,1450,1,2,2,2,3,75105,M,,,75
200800053769,8,9,5,820,1,2,1,1,4,75113,M,,,75
200800053770,8,9,5,1225,1,2,1,1,7,75113,M,,,75
200800053771,8,9,5,1240,1,2,1,2,7,75118,M,,,75
200800053772,8,9,5,1230,1,2,1,1,3,75116,M,,,75
200800053773,8,9,5,1500,1,2,1,2,2,75112,M,,,75
200800053774,8,9,5,1350,1,2,1,2,3,75116,M,,,75
200800053775,8,9,5,1610,1,2,1,2,2,75116,M,,,75
200800053776,8,9,16,1210,1,2,1,1,3,75102,M,,,75
200800053777,8,9,16,1400,1,2,2,1,3,75102,M,,,75
200800053778,8,9,16,1330,1,2,1,1,5,75104,M,,,75
200800053779,8,9,16,1445,1,2,3,1,5,75104,M,,,75
200800053780,8,9,16,715,1,2,1,1,7,75107,M,,,75
200800053781,8,9,16,1715,1,2,1,1,2,75108,M,,,75
200800053782,8,9,16,810,1,2,1,1,3,75110,M,,,75
200800053783,8,9,16,920,1,2,2,1,6,75111,M,,,75
200800053784,8,9,16,1020,1,2,3,1,3,75111,M,,,75
200800053785,8,9,16,1755,1,2,2,1,6,75111,M,,,75
200800053786,8,9,16,805,1,2,1,1,4,75111,M,,,75
200800053787,8,9,16,1100,1,2,1,1,3,75112,M,,,75
200800053788,8,9,16,1515,1,2,1,1,2,75112,M,,,75
200800053789,8,9,16,1640,1,2,1,1,6,75112,M,,,75
200800053790,8,9,16,1820,1,2,1,1,6,75112,M,,,75
200800053791,8,9,16,2035,5,2,2,1,6,75112,M,,,75
200800053792,8,9,16,935,1,2,3,1,3,75113,M,,,75
200800053793,8,9,16,1825,1,2,2,1,2,75113,M,,,75
200800053794,8,9,16,1810,1,2,6,1,7,75114,M,,,75
200800053795,8,9,16,1645,1,2,2,1,7,75114,M,,,75
200800053796,8,9,16,635,2,2,7,1,6,75115,M,,,75
200800053797,8,9,16,1635,1,2,1,1,6,75117,M,,,75
200800053798,8,9,16,1636,1,2,1,1,4,75117,M,,,75
200800053799,8,9,16,1005,1,2,4,1,6,75118,M,,,75
200800053800,8,9,16,1330,1,2,2,1,3,75118,M,,,75
200800053801,8,9,16,1600,1,2,1,1,6,75118,M,,,75
200800053802,8,9,16,1200,1,2,1,1,3,75111,M,,,75
200800053803,8,9,16,1920,1,2,2,8,7,75120,M,,,75
200800053804,8,9,16,640,2,2,6,1,6,75113,M,,,75
200800053805,8,9,16,655,2,2,2,1,3,75107,M,,,75
200800053806,8,9,16,815,1,2,2,1,6,75111,M,,,75
200800053807,8,9,16,1245,1,2,1,1,6,75113,M,,,75
200800053808,8,9,16,1800,2,2,3,1,3,75119,M,,,75
200800053809,8,9,16,905,1,2,1,1,4,75115,M,,,75
200800053810,8,9,6,2135,5,2,1,1,3,75102,M,,,75
200800053811,8,9,6,530,5,2,1,1,6,75105,M,,,75
200800053812,8,9,6,1140,1,2,3,1,6,75105,M,,,75
200800053813,8,9,6,1710,1,2,5,1,2,75105,M,,,75
200800053814,8,9,6,1405,1,2,1,1,2,75108,M,,,75
200800053815,8,9,6,1425,1,2,2,1,6,75108,M,,,75
200800053816,8,9,6,1530,1,2,4,1,6,75108,M,,,75
200800053817,8,9,6,1920,2,2,2,1,3,75111,M,,,75
200800053818,8,9,6,1425,1,2,2,1,3,75112,M,,,75
200800053819,8,9,6,1815,1,2,1,1,3,75112,M,,,75
200800053820,8,9,6,1940,3,2,2,1,2,75112,M,,,75
200800053821,8,9,6,2000,5,2,2,1,3,75112,M,,,75
200800053822,8,9,6,1625,1,2,3,1,3,75115,M,,,75
200800053823,8,9,6,1910,1,2,1,1,6,75116,M,,,75
200800053824,8,9,6,1717,1,2,2,1,3,75117,M,,,75
200800053825,8,9,6,2353,5,2,4,1,6,75117,M,,,75
200800053826,8,9,6,1320,1,2,5,1,6,75118,M,,,75
200800053827,8,9,6,1455,1,2,1,1,3,75118,M,,,75
200800053828,8,9,6,1510,1,2,1,1,6,75119,M,,,75
200800053829,8,9,6,830,1,2,1,1,6,75120,M,,,75
200800053830,8,9,6,1530,1,2,1,1,2,75120,M,,,75
200800053831,8,9,6,2130,5,2,1,1,3,75118,M,,,75
200800053832,8,9,7,615,2,2,1,2,7,75110,M,,,75
200800053833,8,9,7,1725,1,2,1,1,6,75111,M,,,75
200800053834,8,9,7,1540,1,2,1,1,6,75112,M,,,75
200800053835,8,9,7,1715,1,2,5,1,3,75119,M,,,75
200800053836,8,9,7,510,2,2,2,2,3,75112,M,,,75
200800053837,8,9,7,300,5,2,2,1,6,75109,M,,,75
200800053838,8,9,7,320,5,2,1,1,6,75119,M,,,75
200800053839,8,9,7,1345,1,2,1,1,2,75120,M,,,75
200800053840,8,9,7,1620,1,2,1,1,3,75114,M,,,75
200800053841,8,9,17,405,5,2,2,1,7,75102,M,,,75
200800053842,8,9,17,1140,1,2,1,1,6,75102,M,,,75
200800053843,8,9,17,2130,5,2,2,1,3,75102,M,,,75
200800053844,8,9,17,1030,1,2,2,1,3,75105,M,,,75
200800053845,8,9,17,2330,5,2,2,1,3,75105,M,,,75
200800053846,8,9,17,905,1,2,1,1,3,75106,M,,,75
200800053847,8,9,17,1645,1,2,1,1,6,75106,M,,,75
200800053848,8,9,17,2005,5,2,1,1,1,75107,M,,,75
200800053849,8,9,17,948,1,2,2,1,6,75108,M,,,75
200800053850,8,9,17,1105,1,2,2,1,7,75109,M,,,75
200800053851,8,9,17,1720,1,2,1,1,3,75110,M,,,75
200800053852,8,9,17,850,1,2,2,1,2,75111,M,,,75
200800053853,8,9,17,1115,1,2,1,1,7,75112,M,,,75
200800053854,8,9,17,1120,1,2,6,1,3,75104,M,,,75
200800053855,8,9,17,1710,1,2,7,1,4,75112,M,,,75
200800053856,8,9,17,1300,1,2,2,1,3,75114,M,,,75
200800053857,8,9,17,815,1,2,1,1,3,75116,M,,,75
200800053858,8,9,17,1035,1,2,2,1,3,75116,M,,,75
200800053859,8,9,17,1740,1,2,2,1,2,75116,M,,,75
200800053860,8,9,17,25,5,2,2,1,2,75117,M,,,75
200800053861,8,9,17,53,5,2,3,2,3,75117,M,,,75
200800053862,8,9,17,1320,1,2,2,1,2,75117,M,,,75
200800053863,8,9,17,1327,1,2,2,1,6,75117,M,,,75
200800053864,8,9,17,1510,1,2,2,1,6,75119,M,,,75
200800053865,8,9,17,1431,1,2,3,1,7,75120,M,,,75
200800053866,8,9,17,1927,2,2,2,1,3,75120,M,,,75
200800053867,8,9,17,1510,1,2,2,1,7,75105,M,,,75
200800053868,8,9,17,1740,1,2,2,1,7,75111,M,,,75
200800053869,8,9,8,800,1,2,5,1,6,75102,M,,,75
200800053870,8,9,8,2250,5,2,1,1,3,75105,M,,,75
200800053871,8,9,8,1900,1,2,2,1,6,75106,M,,,75
200800053872,8,9,8,2305,5,2,3,1,3,75106,M,,,75
200800053873,8,9,8,905,1,2,2,1,3,75108,M,,,75
200800053874,8,9,8,1150,1,2,3,1,6,75108,M,,,75
200800053875,8,9,8,1930,1,2,5,1,6,75109,M,,,75
200800053876,8,9,8,1305,1,2,1,1,6,75110,M,,,75
200800053877,8,9,8,1830,1,2,1,1,4,75110,M,,,75
200800053878,8,9,8,1500,1,2,1,1,3,75112,M,,,75
200800053879,8,9,8,1810,1,2,2,1,3,75113,M,,,75
200800053880,8,9,8,1120,1,2,4,1,6,75115,M,,,75
200800053881,8,9,8,1545,2,2,2,1,3,75115,M,,,75
200800053882,8,9,8,2000,2,2,3,1,6,75115,M,,,75
200800053883,8,9,8,1945,1,2,1,1,6,75116,M,,,75
200800053884,8,9,8,1955,1,2,5,1,3,75116,M,,,75
200800053885,8,9,8,2205,5,2,1,1,3,75116,M,,,75
200800053886,8,9,8,850,1,2,3,1,3,75117,M,,,75
200800053887,8,9,8,910,1,2,3,1,6,75117,M,,,75
200800053888,8,9,8,2021,2,2,1,1,7,75117,M,,,75
200800053889,8,9,8,2045,5,2,4,1,3,75117,M,,,75
200800053890,8,9,8,2018,5,2,1,9,6,75118,M,,,75
200800053891,8,9,8,1115,1,2,1,1,6,75119,M,,,75
200800053892,8,9,8,1725,1,2,3,1,3,75120,M,,,75
200800053893,8,9,8,1830,1,2,1,1,6,75120,M,,,75
200800053894,8,9,8,910,1,2,2,1,6,75112,M,,,75
200800053895,8,9,8,2150,5,2,1,1,6,75112,M,,,75
200800053896,8,9,8,840,1,2,1,1,7,75114,M,,,75
200800053897,8,9,8,1930,1,2,1,1,2,75119,M,,,75
200800053898,8,9,3,2203,5,2,2,8,3,75119,M,,,75
200800053899,8,9,9,1750,1,2,2,1,3,75101,M,,,75
200800053900,8,9,9,1405,1,2,1,1,2,75102,M,,,75
200800053901,8,9,9,1150,1,2,3,1,3,75106,M,,,75
200800053902,8,9,9,1400,1,2,1,1,6,75106,M,,,75
200800053903,8,9,9,1115,1,2,5,1,6,75109,M,,,75
200800053904,8,9,9,1500,1,2,3,1,3,75109,M,,,75
200800053905,8,9,9,1745,1,2,3,1,3,75110,M,,,75
200800053906,8,9,9,1405,1,2,1,1,3,75111,M,,,75
200800053907,8,9,9,1530,1,2,3,1,3,75112,M,,,75
200800053908,8,9,9,1555,1,2,5,2,7,75111,M,,,75
200800053909,8,9,9,2300,5,2,3,1,3,75116,M,,,75
200800053910,8,9,9,1330,1,2,1,1,3,75119,M,,,75
200800053911,8,9,9,1755,1,2,1,1,3,75120,M,,,75
200800053912,8,9,9,2048,5,2,3,1,6,75120,M,,,75
200800053913,8,9,9,155,5,2,1,1,6,75116,M,,,75
200800053914,8,9,9,940,1,2,1,1,3,75116,M,,,75
200800053915,8,9,9,1807,1,2,1,1,3,75120,M,,,75
200800053916,8,9,9,2145,5,2,2,1,3,75120,M,,,75
200800053917,8,9,9,955,1,2,1,1,2,75116,M,,,75
200800053918,8,9,9,945,1,2,1,1,6,75120,M,,,75
200800053919,8,9,9,900,1,2,1,1,6,75118,M,,,75
200800053920,8,9,9,1440,1,2,1,1,6,75116,M,,,75
200800053921,8,9,9,1805,1,2,1,1,7,75116,M,,,75
200800053922,8,9,18,1430,1,2,1,1,3,75102,M,,,75
200800053923,8,9,18,1135,1,2,7,1,7,75105,M,,,75
200800053924,8,9,18,1600,1,2,2,1,7,75105,M,,,75
200800053925,8,9,18,945,1,2,2,1,6,75108,M,,,75
200800053926,8,9,18,2130,5,2,2,1,6,75108,M,,,75
200800053927,8,9,18,1230,1,2,1,1,7,75110,M,,,75
200800053928,8,9,18,1300,1,2,1,1,3,75113,M,,,75
200800053929,8,9,18,915,1,2,1,1,2,75114,M,,,75
200800053930,8,9,18,1650,1,2,2,1,3,75114,M,,,75
200800053931,8,9,18,1145,1,2,1,1,6,75115,M,,,75
200800053932,8,9,18,1310,1,2,2,1,3,75115,M,,,75
200800053933,8,9,18,2215,5,2,3,1,3,75115,M,,,75
200800053934,8,9,18,1315,1,2,1,1,6,75116,M,,,75
200800053935,8,9,18,1730,1,2,2,1,3,75118,M,,,75
200800053936,8,9,18,1509,1,2,4,1,3,75119,M,,,75
200800053937,8,9,18,1620,1,2,1,1,6,75120,M,,,75
200800053938,8,9,18,1545,1,2,1,1,2,75120,M,,,75
200800053939,8,9,10,1630,1,2,1,1,3,75101,M,,,75
200800053940,8,9,10,1835,1,2,1,1,6,75103,M,,,75
200800053941,8,9,10,1310,1,2,1,1,3,75105,M,,,75
200800053942,8,9,10,1415,1,2,1,1,3,75107,M,,,75
200800053943,8,9,10,900,1,2,2,1,2,75110,M,,,75
200800053944,8,9,10,1630,1,2,1,1,6,75110,M,,,75
200800053945,8,9,10,40,5,2,5,1,3,75111,M,,,75
200800053946,8,9,10,850,1,2,5,1,3,75111,M,,,75
200800053947,8,9,10,530,5,2,3,1,6,75113,M,,,75
200800053948,8,9,10,2045,5,2,1,1,7,75115,M,,,75
200800053949,8,9,10,855,1,2,1,1,3,75116,M,,,75
200800053950,8,9,10,2000,5,2,3,1,6,75116,M,,,75
200800053951,8,9,10,1159,1,2,2,1,3,75117,M,,,75
200800053952,8,9,10,1555,1,2,1,1,3,75117,M,,,75
200800053953,8,9,10,1640,1,2,4,1,6,75117,M,,,75
200800053954,8,9,10,1820,1,2,2,1,6,75118,M,,,75
200800053955,8,9,10,2030,5,2,3,1,3,75119,M,,,75
200800053956,8,9,10,2100,5,2,2,1,3,75119,M,,,75
200800053957,8,9,10,2330,5,2,1,1,3,75119,M,,,75
200800053958,8,9,10,1750,1,2,1,1,6,75120,M,,,75
200800053959,8,9,10,1710,1,2,1,1,2,75120,M,,,75
200800053960,8,9,10,2100,5,2,2,1,3,75120,M,,,75
200800053961,8,9,10,845,1,2,1,1,4,75113,M,,,75
200800053962,8,9,10,1815,1,2,1,1,3,75117,M,,,75
200800053963,8,9,11,1645,1,2,3,1,3,75102,M,,,75
200800053964,8,9,11,2025,1,2,2,2,3,75102,M,,,75
200800053965,8,9,11,1835,1,2,5,1,3,75102,M,,,75
200800053966,8,9,11,2027,5,2,1,2,6,75104,M,,,75
200800053967,8,9,11,1042,1,2,1,1,6,75105,M,,,75
200800053968,8,9,11,1600,1,2,3,1,3,75105,M,,,75
200800053969,8,9,11,1505,1,2,1,1,6,75106,M,,,75
200800053970,8,9,11,1955,5,2,2,2,3,75107,M,,,75
200800053971,8,9,11,1430,1,2,2,1,3,75108,M,,,75
200800053972,8,9,11,2015,3,2,5,2,4,75108,M,,,75
200800053973,8,9,11,1405,1,2,1,1,3,75109,M,,,75
200800053974,8,9,11,1200,1,2,1,1,3,75111,M,,,75
200800053975,8,9,11,1400,1,2,4,1,7,75111,M,,,75
200800053976,8,9,11,1720,1,2,1,1,2,75111,M,,,75
200800053977,8,9,11,2043,3,2,3,2,6,75111,M,,,75
200800053978,8,9,11,2330,5,2,5,1,6,75112,M,,,75
200800053979,8,9,11,835,1,2,3,1,3,75112,M,,,75
200800053980,8,9,11,1930,1,2,2,2,3,75112,M,,,75
200800053981,8,9,11,2147,5,2,2,1,3,75112,M,,,75
200800053982,8,9,11,1235,1,2,3,1,3,75113,M,,,75
200800053983,8,9,11,1505,1,2,1,1,6,75113,M,,,75
200800053984,8,9,11,1905,2,2,1,1,2,75113,M,,,75
200800053985,8,9,11,1900,1,2,2,1,6,75113,M,,,75
200800053986,8,9,11,1215,1,2,3,1,3,75114,M,,,75
200800053987,8,9,11,2045,5,2,3,2,4,75114,M,,,75
200800053988,8,9,11,1750,1,2,1,8,6,75115,M,,,75
200800053989,8,9,11,1555,1,2,1,1,3,75116,M,,,75
200800053990,8,9,11,2355,5,2,2,2,6,75116,M,,,75
200800053991,8,9,11,25,5,2,5,1,3,75116,M,,,75
200800053992,8,9,11,1630,1,2,4,1,3,75117,M,,,75
200800053993,8,9,11,1731,1,2,1,1,3,75117,M,,,75
200800053994,8,9,11,930,1,2,1,1,6,75118,M,,,75
200800053995,8,9,11,1415,1,2,1,1,4,75118,M,,,75
200800053996,8,9,11,1840,1,2,2,1,6,75118,M,,,75
200800053997,8,9,11,939,1,2,2,1,6,75119,M,,,75
200800053998,8,9,11,2000,5,2,1,2,6,75120,M,,,75
200800053999,8,9,11,1745,1,2,2,1,3,75113,M,,,75
200800054000,8,9,11,600,2,2,1,1,4,75114,M,,,75
200800054001,8,9,11,800,1,2,1,1,7,75114,M,,,75
200800054002,8,9,11,803,1,2,1,1,3,75113,M,,,75
200800054003,8,9,11,1700,1,2,1,1,3,75117,M,,,75
200800054004,8,9,11,1800,1,2,1,1,3,75114,M,,,75
200800054005,8,9,19,2340,5,2,1,1,3,75101,M,,,75
200800054006,8,9,19,1750,1,2,1,1,2,75101,M,,,75
200800054007,8,9,19,2245,5,2,1,1,2,75103,M,,,75
200800054008,8,9,19,430,5,2,1,1,7,75105,M,,,75
200800054009,8,9,19,2235,5,2,2,1,3,75105,M,,,75
200800054010,8,9,19,1545,1,2,7,1,2,75106,M,,,75
200800054011,8,9,19,1500,1,2,2,1,6,75107,M,,,75
200800054012,8,9,19,1400,1,2,1,1,6,75107,M,,,75
200800054013,8,9,19,900,1,2,2,1,3,75108,M,,,75
200800054014,8,9,19,1620,1,2,1,1,2,75108,M,,,75
200800054015,8,9,19,1545,1,2,3,1,3,75109,M,,,75
200800054016,8,9,19,920,1,2,1,1,6,75110,M,,,75
200800054017,8,9,19,1245,1,2,1,1,6,75110,M,,,75
200800054018,8,9,19,1315,1,2,2,1,6,75110,M,,,75
200800054019,8,9,19,2310,5,2,2,1,3,75110,M,,,75
200800054020,8,9,19,1129,1,2,1,1,7,75112,M,,,75
200800054021,8,9,19,1300,1,2,1,1,6,75113,M,,,75
200800054022,8,9,19,1805,1,2,1,1,2,75113,M,,,75
200800054023,8,9,19,855,1,2,1,1,6,75116,M,,,75
200800054024,8,9,19,1700,1,2,1,1,7,75116,M,,,75
200800054025,8,9,19,1935,1,2,1,1,3,75116,M,,,75
200800054026,8,9,19,1018,1,2,1,1,7,75117,M,,,75
200800054027,8,9,19,1825,1,2,2,1,7,75117,M,,,75
200800054028,8,9,19,955,1,2,4,1,3,75118,M,,,75
200800054029,8,9,19,1100,1,2,2,1,6,75118,M,,,75
200800054030,8,9,19,1300,1,2,1,1,6,75118,M,,,75
200800054031,8,9,19,1240,1,2,2,1,3,75118,M,,,75
200800054032,8,9,19,1740,1,2,3,1,6,75118,M,,,75
200800054033,8,9,19,555,5,2,2,1,3,75119,M,,,75
200800054034,8,9,19,800,1,2,1,1,3,75119,M,,,75
200800054035,8,9,19,1040,1,2,2,1,7,75120,M,,,75
200800054036,8,9,19,230,5,2,1,1,7,75112,M,,,75
200800054037,8,9,19,230,5,2,1,1,6,75113,M,,,75
200800054038,8,9,19,930,1,2,1,1,5,75119,M,,,75
200800054039,8,9,19,915,1,2,1,1,7,75113,M,,,75
200800054040,8,9,19,1025,1,2,1,1,2,75113,M,,,75
200800054041,8,9,19,1330,1,2,1,1,3,75112,M,,,75
200800054042,8,9,19,1800,1,2,4,1,2,75118,M,,,75
200800054043,8,9,20,1355,1,2,1,1,7,75101,M,,,75
200800054044,8,9,20,1800,1,2,1,1,7,75110,M,,,75
200800054045,8,9,20,335,5,2,1,1,7,75104,M,,,75
200800054046,8,9,20,1955,3,2,1,1,2,75105,M,,,75
200800054047,8,9,20,1030,1,2,2,1,2,75106,M,,,75
200800054048,8,9,20,1710,1,2,1,1,1,75106,M,,,75
200800054049,8,9,20,1740,1,2,2,1,6,75107,M,,,75
200800054050,8,9,20,1530,1,2,2,1,2,75108,M,,,75
200800054051,8,9,20,2315,5,2,2,1,6,75108,M,,,75
200800054052,8,9,20,1900,1,2,2,1,2,75109,M,,,75
200800054053,8,9,20,1125,1,2,1,1,6,75110,M,,,75
200800054054,8,9,20,1700,1,2,1,1,6,75111,M,,,75
200800054055,8,9,20,1855,1,2,1,1,3,75111,M,,,75
200800054056,8,9,20,607,5,2,1,1,6,75112,M,,,75
200800054057,8,9,20,1505,1,2,1,1,3,75112,M,,,75
200800054058,8,9,20,2330,5,2,2,1,3,75112,M,,,75
200800054059,8,9,20,2015,5,2,2,1,1,75113,M,,,75
200800054060,8,9,20,2150,5,2,1,1,2,75113,M,,,75
200800054061,8,9,20,437,5,2,1,1,6,75114,M,,,75
200800054062,8,9,20,2000,5,2,3,1,7,75115,M,,,75
200800054063,8,9,20,315,5,2,2,1,7,75116,M,,,75
200800054064,8,9,20,1751,1,2,1,1,7,75116,M,,,75
200800054065,8,9,20,2109,5,2,1,1,3,75116,M,,,75
200800054066,8,9,20,1910,2,2,1,1,5,75117,M,,,75
200800054067,8,9,20,1215,1,2,2,1,7,75118,M,,,75
200800054068,8,9,20,1620,1,2,1,1,6,75118,M,,,75
200800054069,8,9,20,1320,1,2,1,1,3,75118,M,,,75
200800054070,8,9,20,109,5,2,1,1,6,75112,M,,,75
200800054071,8,9,20,500,5,2,1,1,6,75115,M,,,75
200800054072,8,9,20,1315,1,2,1,1,2,75120,M,,,75
200800054073,8,9,20,1830,1,2,1,1,2,75119,M,,,75
200800054074,8,9,20,2045,5,2,1,1,7,75114,M,,,75
200800054075,8,9,21,1020,1,2,1,1,6,75101,M,,,75
200800054076,8,9,21,2220,5,2,1,1,7,75101,M,,,75
200800054077,8,9,21,1045,1,2,2,1,6,75111,M,,,75
200800054078,8,9,21,15,5,2,1,1,6,75112,M,,,75
200800054079,8,9,21,845,1,2,1,1,2,75114,M,,,75
200800054080,8,9,21,1009,1,2,3,1,3,75114,M,,,75
200800054081,8,9,21,1030,1,2,2,1,3,75115,M,,,75
200800054082,8,9,21,155,5,2,1,1,6,75116,M,,,75
200800054083,8,9,21,1015,1,2,1,1,1,75116,M,,,75
200800054084,8,9,21,1520,1,2,1,1,3,75116,M,,,75
200800054085,8,9,21,2000,5,2,1,1,7,75117,M,,,75
200800054086,8,9,21,2000,5,2,1,1,6,75119,M,,,75
200800054087,8,9,21,1410,1,2,5,1,3,75119,M,,,75
200800054088,8,9,21,1025,1,2,6,1,3,75120,M,,,75
200800054089,8,9,21,2245,5,2,2,1,3,75120,M,,,75
200800054090,8,9,21,810,1,2,1,1,6,75114,M,,,75
200800054091,8,9,21,1730,1,2,1,1,4,75120,M,,,75
200800054092,8,9,21,1835,1,2,1,1,3,75116,M,,,75
200800054093,8,9,12,1502,1,2,1,1,2,75101,M,,,75
200800054094,8,9,12,335,5,2,2,2,2,75101,M,,,75
200800054095,8,9,12,2138,5,2,3,1,3,75106,M,,,75
200800054096,8,9,12,12,5,2,1,1,6,75108,M,,,75
200800054097,8,9,12,1200,1,2,1,1,6,75108,M,,,75
200800054098,8,9,12,2325,5,2,5,1,3,75108,M,,,75
200800054099,8,9,12,715,2,2,1,2,2,75108,M,,,75
200800054100,8,9,12,945,1,2,3,2,3,75109,M,,,75
200800054101,8,9,12,1015,1,2,5,1,3,75109,M,,,75
200800054102,8,9,12,1725,1,2,2,1,6,75109,M,,,75
200800054103,8,9,12,1830,1,2,5,1,6,75109,M,,,75
200800054104,8,9,12,1645,1,2,1,1,6,75110,M,,,75
200800054105,8,9,12,1830,1,2,2,1,3,75110,M,,,75
200800054106,8,9,12,855,1,2,2,1,3,75111,M,,,75
200800054107,8,9,12,1030,1,2,2,1,3,75111,M,,,75
200800054108,8,9,12,2300,5,2,2,1,7,75111,M,,,75
200800054109,8,9,12,830,1,2,1,2,3,75112,M,,,75
200800054110,8,9,12,920,1,2,2,1,3,75113,M,,,75
200800054111,8,9,12,1410,1,2,1,1,4,75114,M,,,75
200800054112,8,9,12,2105,5,2,5,1,6,75114,M,,,75
200800054113,8,9,12,2305,5,2,2,1,5,75114,M,,,75
200800054114,8,9,12,1120,1,2,1,1,6,75116,M,,,75
200800054115,8,9,12,35,4,2,2,1,3,75117,M,,,75
200800054116,8,9,12,1840,1,2,1,1,3,75117,M,,,75
200800054117,8,9,12,1150,1,2,1,1,6,75118,M,,,75
200800054118,8,9,12,2050,5,2,1,1,6,75120,M,,,75
200800054119,8,9,12,35,5,2,2,1,3,75120,M,,,75