Num_Acc,an,mois,jour,hrmn,lum,agg,int,atm,col,com,gps,lat,long,dep
200800054120,8,9,12,1220,1,2,3,1,6,75119,M,,,75
200800054121,8,9,12,1845,1,2,1,1,6,75114,M,,,75
200800054122,8,9,12,1908,1,2,1,1,6,75117,M,,,75
200800054123,8,9,12,2330,5,2,2,1,3,75110,M,,,75
200800054124,8,9,12,1620,1,2,1,1,3,75112,M,,,75
200800054125,8,9,12,1830,1,2,1,1,3,75117,M,,,75
200800054126,8,9,12,2000,2,2,1,1,3,75118,M,,,75
200800054127,8,9,13,739,1,2,1,1,6,75103,M,,,75
200800054128,8,9,13,1640,1,2,5,1,6,75103,M,,,75
200800054129,8,9,18,2005,5,2,2,1,3,93048,M,,,93
200800054130,8,9,19,1235,1,2,1,1,3,93048,M,,,93
200800054131,8,9,22,1645,1,2,2,1,3,93048,M,,,93
200800054132,8,9,18,1830,1,1,1,1,3,95063,M,,,95
200800054133,8,9,26,1815,1,2,2,1,3,93048,M,,,93
200800054134,8,9,26,1855,2,2,1,7,6,93048,M,,,93
200800054135,8,9,26,1845,1,2,1,1,6,93048,M,,,93
200800054136,8,9,26,1940,2,2,2,1,3,93048,M,,,93
200800054137,8,9,30,1015,1,2,1,2,6,93048,M,,,93
200800054138,8,9,4,850,1,2,3,1,3,93050,M,,,93
200800054139,8,9,6,1405,1,2,1,1,6,93050,M,,,93
200800054140,8,9,12,150,5,2,2,1,3,93050,M,,,93
200800054141,8,9,12,1315,1,2,1,1,1,93049,M,,,93
200800054142,8,9,13,1455,1,2,3,1,1,93050,M,,,93
200800054143,8,9,15,940,1,2,3,1,3,93050,M,,,93
200800054144,8,9,20,1705,1,2,3,1,3,93050,M,,,93
200800054145,8,9,25,1035,1,2,1,1,2,93049,M,,,93
200800054146,8,9,26,1005,1,2,7,1,3,93050,M,,,93
200800054147,8,9,27,1125,1,2,1,1,3,93049,M,,,93
200800054148,8,9,5,915,1,2,1,2,6,93051,M,,,93
200800054149,8,9,16,835,1,2,1,1,3,93051,M,,,93
200800054150,8,9,17,1340,1,2,2,1,5,93051,M,,,93
200800054151,8,9,21,1645,1,2,1,1,6,93051,M,,,93
200800054152,8,9,25,915,1,2,2,1,3,93051,M,,,93
200800054153,8,9,28,2045,5,2,2,1,3,93051,M,,,93
200800054154,8,9,30,1830,1,2,3,2,3,93051,M,,,93
200800054155,8,9,6,705,1,2,9,1,6,93053,M,,,93
200800054156,8,9,22,1010,1,2,2,1,6,93053,M,,,93
200800054157,8,9,5,1250,1,2,2,2,2,93053,M,,,93
200800054158,8,9,28,1750,1,2,3,1,3,93053,M,,,93
200800054159,8,9,28,1900,1,2,6,1,3,93053,M,,,93
200800054160,8,9,11,1800,1,2,1,1,2,93055,M,,,93
200800054161,8,9,15,1220,1,2,1,1,6,93055,M,,,93
200800054162,8,9,23,1115,1,2,1,8,2,93055,M,,,93
200800054163,8,9,26,1300,1,2,1,1,6,93055,M,,,93
200800054164,8,9,1,1305,1,2,1,1,6,93062,M,,,93
200800054165,8,9,7,2125,5,2,1,1,2,93014,M,,,93
200800054166,8,9,23,1240,1,2,2,1,1,93014,M,,,93
200800054167,8,9,22,1415,1,2,1,1,6,93062,M,,,93
200800054168,8,9,26,2220,5,2,2,1,6,93062,M,,,93
200800054169,8,9,6,1615,1,2,3,1,2,93064,M,,,93
200800054170,8,9,8,1935,1,2,2,1,3,93077,M,,,93
200800054171,8,9,12,1020,1,2,2,1,1,93077,M,,,93
200800054172,8,9,13,1920,1,2,1,1,2,93077,M,,,93
200800054173,8,9,17,1520,1,2,1,1,3,93064,M,,,93
200800054174,8,9,18,1650,1,2,1,1,7,93064,M,,,93
200800054175,8,9,19,1850,1,2,2,1,3,93064,M,,,93
200800054176,8,9,30,1150,1,2,3,1,2,93077,M,,,93
200800054177,8,9,3,1730,1,2,1,1,6,93066,M,,,93
200800054178,8,9,10,1830,1,2,1,1,3,93066,M,,,93
200800054179,8,9,11,745,1,2,1,1,2,93066,M,,,93
200800054180,8,9,12,805,1,2,1,2,7,93072,M,,,93
200800054181,8,9,15,2250,3,2,1,1,7,93066,M,,,93
200800054182,8,9,16,1420,1,2,2,1,7,93066,M,,,93
200800054183,8,9,17,940,1,2,1,1,7,93066,M,,,93
200800054184,8,9,17,1350,1,2,1,1,3,93066,M,,,93
200800054185,8,9,17,1730,1,2,1,1,3,93066,M,,,93
200800054186,8,9,22,1330,1,2,1,1,2,93066,M,,,93
200800054187,8,9,23,1711,1,2,1,8,6,93066,M,,,93
200800054188,8,9,24,1300,1,2,1,1,6,93066,M,,,93
200800054189,8,9,26,1200,1,2,7,1,6,93066,M,,,93
200800054190,8,9,26,1320,1,2,1,1,6,93066,M,,,93
200800054191,8,9,30,2300,5,2,2,2,3,93066,M,,,93
200800054192,8,9,6,1750,1,2,3,1,6,93066,M,,,93
200800054193,8,9,6,1905,1,2,2,1,3,93066,M,,,93
200800054194,8,9,12,1930,5,2,9,1,3,93066,M,,,93
200800054195,8,9,13,1325,1,2,2,1,3,93066,M,,,93
200800054196,8,9,12,1430,1,2,1,1,7,93066,M,,,93
200800054197,8,9,17,1145,1,2,1,1,5,93066,M,,,93
200800054198,8,9,18,1255,1,2,1,1,2,93066,M,,,93
200800054199,8,9,21,2120,5,2,1,1,1,93066,M,,,93
200800054200,8,9,22,2140,5,2,1,1,3,93066,M,,,93
200800054201,8,9,23,1115,1,1,3,1,4,93066,M,,,93
200800054202,8,9,29,1450,1,2,1,1,6,93066,M,,,93
200800054203,8,9,30,920,1,2,1,2,6,93066,M,,,93
200800054204,8,9,11,1930,2,2,1,3,6,93070,M,,,93
200800054205,8,9,13,1500,1,2,1,1,6,93070,M,,,93
200800054206,8,9,15,1040,1,2,1,1,3,93070,M,,,93
200800054207,8,9,19,755,2,2,1,1,2,93070,M,,,93
200800054208,8,9,20,1230,1,2,1,1,1,93070,M,,,93
200800054209,8,9,20,1520,1,2,1,1,3,93070,M,,,93
200800054210,8,9,21,940,1,2,1,1,2,93070,M,,,93
200800054211,8,9,26,1420,1,2,1,1,4,93070,M,,,93
200800054212,8,9,26,1910,2,2,2,1,6,93070,M,,,93
200800054213,8,9,29,2010,4,2,3,1,1,93070,M,,,93
200800054214,8,9,30,2020,5,2,1,2,2,93070,M,,,93
200800054215,8,9,7,2245,5,2,1,1,7,93071,M,,,93
200800054216,8,9,8,2225,4,2,2,1,2,93071,M,,,93
200800054217,8,9,11,1110,1,2,2,1,3,93071,M,,,93
200800054218,8,9,12,1700,1,2,1,1,3,93071,M,,,93
200800054219,8,9,19,1710,1,2,3,1,6,93071,M,,,93
200800054220,8,9,20,1015,1,2,1,1,1,93071,M,,,93
200800054221,8,9,26,2335,5,2,2,1,3,93071,M,,,93
200800054222,8,9,10,1450,1,2,1,1,6,93059,M,,,93
200800054223,8,9,15,700,2,2,1,1,6,93059,M,,,93
200800054224,8,9,16,700,1,2,1,1,6,93059,M,,,93
200800054225,8,9,23,1005,1,2,3,1,3,93072,M,,,93
200800054226,8,9,27,620,2,2,1,1,6,93072,M,,,93
200800054227,8,9,3,2320,5,2,3,9,3,93059,M,,,93
200800054228,8,9,13,1825,1,2,1,8,6,93059,M,,,93
200800054229,8,9,9,1025,1,2,3,1,6,93073,M,,,93
200800054230,8,9,12,1345,1,2,3,1,3,93073,M,,,93
200800054231,8,9,16,1345,1,2,2,1,3,93078,M,,,93
200800054232,8,9,18,1810,1,2,3,1,1,93078,M,,,93
200800054233,8,9,22,515,5,2,3,1,3,93078,M,,,93
200800054234,8,9,22,1640,1,2,3,1,3,93078,M,,,93
200800054235,8,9,26,2130,5,2,2,1,1,93073,M,,,93
200800054236,8,9,28,1505,1,2,5,1,1,93073,M,,,93
200800054237,8,9,30,1130,1,2,2,2,3,93073,M,,,93
200800054238,8,9,2,1110,1,2,1,1,3,94002,M,,,94
200800054239,8,9,7,320,5,2,3,1,4,94002,M,,,94
200800054240,8,9,12,1930,5,2,1,1,7,94002,M,,,94
200800054241,8,9,17,835,1,2,1,1,7,94002,M,,,94
200800054242,8,9,23,1230,1,2,3,1,3,94002,M,,,94
200800054243,8,9,28,810,1,2,2,1,3,94002,M,,,94
200800054244,8,9,3,1020,1,2,1,8,2,94004,M,,,94
200800054245,8,9,8,1740,1,2,1,1,6,94047,M,,,94
200800054246,8,9,12,552,5,2,1,2,1,94071,M,,,94
200800054247,8,9,13,900,1,2,1,1,6,94070,M,,,94
200800054248,8,9,12,1430,1,2,1,1,6,94044,M,,,94
200800054249,8,9,15,1830,1,2,4,1,6,94004,M,,,94
200800054250,8,9,25,810,1,2,4,1,3,94071,M,,,94
200800054251,8,9,24,1655,1,2,1,1,6,94075,M,,,94
200800054252,8,9,29,1313,1,2,3,1,2,94044,M,,,94
200800054253,8,9,1,1815,1,2,1,1,2,94017,M,,,94
200800054254,8,9,3,1220,1,2,2,2,6,94017,M,,,94
200800054255,8,9,10,725,1,2,1,1,3,94017,M,,,94
200800054256,8,9,10,1610,1,2,1,1,6,94017,M,,,94
200800054257,8,9,11,750,1,2,3,1,3,94017,M,,,94
200800054258,8,9,11,1625,1,2,3,1,5,94017,M,,,94
200800054259,8,9,12,645,4,2,3,2,1,94017,M,,,94
200800054260,8,9,13,335,5,2,3,1,3,94017,M,,,94
200800054261,8,9,17,1445,1,2,2,1,3,94017,M,,,94
200800054262,8,9,18,1850,1,2,2,1,6,94017,M,,,94
200800054263,8,9,18,1115,1,2,1,1,2,94017,M,,,94
200800054264,8,9,26,2210,5,2,1,1,3,94017,M,,,94
200800054265,8,9,30,1345,1,2,1,2,2,94017,M,,,94
200800054266,8,9,30,1720,1,2,1,1,6,94017,M,,,94
200800054267,8,9,8,950,1,2,5,1,2,94069,M,,,94
200800054268,8,9,11,1350,1,2,1,1,2,94069,M,,,94
200800054269,8,9,19,1650,1,2,9,1,6,94018,M,,,94
200800054270,8,9,22,1040,1,2,1,1,6,94018,M,,,94
200800054271,8,9,23,1010,1,2,3,1,3,94018,M,,,94
200800054272,8,9,6,1640,1,2,1,1,7,94079,M,,,94
200800054273,8,9,6,1915,1,2,2,1,3,94055,M,,,94
200800054274,8,9,6,1840,1,2,2,1,2,94019,M,,,94
200800054275,8,9,14,1700,1,2,1,1,7,94079,M,,,94
200800054276,8,9,28,1035,1,2,1,1,3,94059,M,,,94
200800054277,8,9,30,850,1,2,1,2,2,94059,M,,,94
200800054278,8,9,6,1520,1,2,8,1,6,94022,M,,,94
200800054279,8,9,23,1220,1,2,3,1,2,94022,M,,,94
200800054280,8,9,9,1200,1,2,1,1,2,94022,M,,,94
200800054281,8,9,12,1945,2,2,3,9,3,94022,M,,,94
200800054282,8,9,1,1830,1,2,1,1,3,94011,M,,,94
200800054283,8,9,2,850,1,2,1,1,3,94028,M,,,94
200800054284,8,9,3,940,1,2,1,1,6,94028,M,,,94
200800054285,8,9,3,2205,5,2,1,2,6,94028,M,,,94
200800054286,8,9,4,1801,2,1,1,1,6,94028,M,,,94
200800054287,8,9,5,1400,1,2,1,1,3,94028,M,,,94
200800054288,8,9,8,1815,1,2,1,1,6,94028,M,,,94
200800054289,8,9,14,1800,1,2,1,1,6,94028,M,,,94
200800054290,8,9,12,1010,1,2,1,1,7,94028,M,,,94
200800054291,8,9,12,1845,1,2,1,1,3,94028,M,,,94
200800054292,8,9,15,825,1,2,1,1,7,94028,M,,,94
200800054293,8,9,15,2010,1,2,1,1,7,94028,M,,,94
200800054294,8,9,17,1830,1,2,1,1,3,94028,M,,,94
200800054295,8,9,19,1040,1,2,1,1,3,94028,M,,,94
200800054296,8,9,20,2150,5,2,1,1,3,94028,M,,,94
200800054297,8,9,19,1540,2,2,1,1,3,94028,M,,,94
200800054298,8,9,20,1950,2,2,3,1,6,94028,M,,,94
200800054299,8,9,23,1000,1,2,1,1,2,94028,M,,,94
200800054300,8,9,27,1305,1,2,1,1,6,94011,M,,,94
200800054301,8,9,27,1745,1,2,1,1,3,94011,M,,,94
200800054302,8,9,30,1130,1,2,1,1,2,94011,M,,,94
200800054303,8,9,30,1410,1,2,1,1,3,94028,M,,,94
200800054304,8,9,30,1645,1,2,1,1,3,94011,M,,,94
200800054305,8,9,7,1500,1,2,1,1,3,94033,M,,,94
200800054306,8,9,12,1630,1,2,1,1,6,94033,M,,,94
200800054307,8,9,27,1635,1,2,1,1,6,94033,M,,,94
200800054308,8,9,1,1600,1,2,1,1,6,94043,M,,,94
200800054309,8,9,8,1750,1,2,1,1,7,94076,M,,,94
200800054310,8,9,8,1925,1,2,1,1,7,94037,M,,,94
200800054311,8,9,10,2330,5,2,2,1,3,94016,M,,,94
200800054312,8,9,12,1535,1,2,1,1,6,94043,M,,,94
200800054313,8,9,13,1455,1,2,1,1,6,94043,M,,,94
200800054314,8,9,14,1345,1,2,1,1,2,94076,M,,,94
200800054315,8,9,15,1115,1,2,9,1,6,94043,M,,,94
200800054316,8,9,15,1420,1,2,1,1,7,94076,M,,,94
200800054317,8,9,15,2110,5,2,2,1,3,94076,M,,,94
200800054318,8,9,17,1445,1,2,1,1,6,94043,M,,,94
200800054319,8,9,17,1250,1,2,1,1,6,94076,M,,,94
200800054320,8,9,20,2205,5,2,1,1,3,94043,M,,,94
200800054321,8,9,23,1415,1,2,1,1,7,94076,M,,,94
200800054322,8,9,23,1305,1,2,2,1,3,94016,M,,,94
200800054323,8,9,24,1500,1,2,3,1,3,94076,M,,,94
200800054324,8,9,26,1000,1,2,9,1,3,94076,M,,,94
200800054325,8,9,26,1610,1,2,9,1,6,94016,M,,,94
200800054326,8,9,23,1840,1,2,9,1,6,94043,M,,,94
200800054327,8,9,27,1115,1,2,1,1,4,94043,M,,,94
200800054328,8,9,27,1500,1,2,1,1,7,94037,M,,,94
200800054329,8,9,28,2000,5,2,1,1,2,94037,M,,,94
200800054330,8,9,28,1930,1,2,1,1,7,94043,M,,,94
200800054331,8,9,28,1435,1,2,9,1,6,94076,M,,,94
200800054332,8,9,30,1740,1,2,1,2,6,94076,M,,,94
200800054333,8,9,1,700,1,2,1,8,7,94065,M,,,94
200800054334,8,9,6,915,1,2,3,1,6,94065,M,,,94
200800054335,8,9,8,630,2,2,1,1,2,94065,M,,,94
200800054336,8,9,20,1340,1,2,1,1,2,94073,M,,,94
200800054337,8,9,20,1540,1,2,1,1,2,94073,M,,,94
200800054338,8,9,20,1800,1,2,1,1,6,94073,M,,,94
200800054339,8,9,26,945,1,2,1,1,2,94038,M,,,94
200800054340,8,9,27,2050,5,2,1,1,2,94038,M,,,94
200800054341,8,9,9,1230,1,2,1,1,7,94041,M,,,94
200800054342,8,9,4,1300,1,2,1,2,3,94041,M,,,94
200800054343,8,9,15,1145,1,2,1,1,3,94041,M,,,94
200800054344,8,9,21,1340,1,2,2,1,3,94041,M,,,94
200800054345,8,9,1,1315,1,2,3,1,3,94041,M,,,94
200800054346,8,9,11,220,5,2,1,1,3,94041,M,,,94
200800054347,8,9,26,1500,1,2,1,1,6,94041,M,,,94
200800054348,8,9,1,1425,1,2,2,1,3,94046,M,,,94
200800054349,8,9,9,1150,1,2,2,1,3,94046,M,,,94
200800054350,8,9,9,1335,1,2,1,1,6,94046,M,,,94
200800054351,8,9,10,1330,1,2,1,1,6,94046,M,,,94
200800054352,8,9,16,1650,1,2,2,1,3,94046,M,,,94
200800054353,8,9,18,2055,4,2,2,1,3,94046,M,,,94
200800054354,8,9,21,2015,5,2,1,1,5,94046,M,,,94
200800054355,8,9,19,2100,5,2,1,1,3,94046,M,,,94
200800054356,8,9,28,1425,1,2,1,1,2,94046,M,,,94
200800054357,8,9,2,845,1,2,1,8,6,94042,M,,,94
200800054358,8,9,3,1630,1,2,1,1,2,94052,M,,,94
200800054359,8,9,3,1900,1,2,1,1,6,94042,M,,,94
200800054360,8,9,5,2130,5,2,1,1,3,94058,M,,,94
200800054361,8,9,8,840,1,2,1,1,7,94058,M,,,94
200800054362,8,9,19,1800,1,2,1,1,6,94058,M,,,94
200800054363,8,9,24,1220,1,2,9,1,2,94052,M,,,94
200800054364,8,9,7,1120,1,2,2,1,3,94068,M,,,94
200800054365,8,9,9,1310,1,2,2,1,3,94068,M,,,94
200800054366,8,9,10,2255,5,2,1,1,3,94068,M,,,94
200800054367,8,9,11,1010,1,2,2,1,3,94068,M,,,94
200800054368,8,9,13,1340,1,2,1,1,6,94068,M,,,94
200800054369,8,9,16,1210,1,2,1,1,3,94068,M,,,94
200800054370,8,9,18,2010,5,2,1,1,3,94068,M,,,94
200800054371,8,9,18,1915,2,2,1,1,6,94068,M,,,94
200800054372,8,9,19,1510,1,2,1,1,6,94068,M,,,94
200800054373,8,9,19,1710,1,2,1,1,5,94068,M,,,94
200800054374,8,9,19,1910,2,2,1,1,6,94068,M,,,94
200800054375,8,9,23,1840,1,2,1,1,6,94068,M,,,94
200800054376,8,9,27,1735,1,2,1,1,6,94068,M,,,94
200800054377,8,9,30,1350,1,2,2,1,3,94068,M,,,94
200800054378,8,9,3,1420,1,2,3,1,3,94077,M,,,94
200800054379,8,9,3,1730,1,2,1,1,6,94078,M,,,94
200800054380,8,9,2,1020,1,2,1,1,3,94078,M,,,94
200800054381,8,9,11,740,1,2,4,1,3,94078,M,,,94
200800054382,8,9,10,1250,1,2,1,1,3,94078,M,,,94
200800054383,8,9,13,1748,1,2,1,1,6,94078,M,,,94
200800054384,8,9,17,1730,1,2,1,1,4,94074,M,,,94
200800054385,8,9,18,1915,1,2,4,1,3,94078,M,,,94
200800054386,8,9,21,1215,1,2,1,1,2,94078,M,,,94
200800054387,8,9,21,1255,1,2,1,1,6,94077,M,,,94
200800054388,8,9,24,1205,1,2,1,1,6,94077,M,,,94
200800054389,8,9,27,1505,1,2,1,1,3,94078,M,,,94
200800054390,8,9,26,2030,3,2,1,1,1,94077,M,,,94
200800054391,8,9,23,1215,1,2,1,1,6,94077,M,,,94
200800054392,8,9,1,1235,1,2,1,1,6,94080,M,,,94
200800054393,8,9,1,1840,1,2,2,1,6,94080,M,,,94
200800054394,8,9,2,1410,1,2,2,1,3,94080,M,,,94
200800054395,8,9,12,1025,1,2,2,2,1,94080,M,,,94
200800054396,8,9,14,10,5,2,3,1,3,94080,M,,,94
200800054397,8,9,16,1550,1,2,4,1,6,94067,M,,,94
200800054398,8,9,23,930,1,2,3,1,6,94080,M,,,94
200800054399,8,9,25,415,5,2,3,1,2,94080,M,,,94
200800054400,8,9,25,925,1,2,2,1,3,94080,M,,,94
200800054401,8,9,3,845,1,1,1,2,2,94081,M,,,94
200800054402,8,9,5,1815,1,2,3,1,6,94081,M,,,94
200800054403,8,9,7,1855,1,2,1,1,6,94081,M,,,94
200800054404,8,9,9,900,1,2,3,1,6,94081,M,,,94
200800054405,8,9,9,1310,1,2,3,1,6,94081,M,,,94
200800054406,8,9,11,1030,1,2,1,7,6,94081,M,,,94
200800054407,8,9,13,1730,1,2,1,1,6,94081,M,,,94
200800054408,8,9,17,2245,5,2,1,9,6,94081,M,,,94
200800054409,8,9,21,1400,1,2,2,1,6,94081,M,,,94
200800054410,8,9,23,1300,1,2,1,1,6,94081,M,,,94
200800054411,8,9,1,2000,1,2,3,1,3,95018,M,,,95
200800054412,8,9,2,2010,2,2,2,1,3,95018,M,,,95
200800054413,8,9,3,2325,5,2,3,1,3,95018,M,,,95
200800054414,8,9,5,1150,1,2,1,2,3,95582,M,,,95
200800054415,8,9,9,945,1,2,3,1,3,95018,M,,,95
200800054416,8,9,10,1530,1,2,1,1,6,95176,M,,,95
200800054417,8,9,10,2045,4,2,2,1,3,95018,M,,,95
200800054418,8,9,12,918,1,2,1,2,2,95018,M,,,95
200800054419,8,9,12,1810,1,2,1,1,6,95582,M,,,95
200800054420,8,9,12,830,1,2,2,1,6,95018,M,,,95
200800054421,8,9,17,820,2,2,1,1,2,95018,M,,,95
200800054422,8,9,17,945,1,2,3,1,6,95018,M,,,95
200800054423,8,9,18,1720,1,2,3,1,1,95018,M,,,95
200800054424,8,9,21,1805,1,2,2,1,2,95176,M,,,95
200800054425,8,9,19,1228,1,2,2,1,3,95582,M,,,95
200800054426,8,9,22,1330,1,2,1,1,6,95176,M,,,95
200800054427,8,9,19,2125,4,2,2,1,3,95582,M,,,95
200800054428,8,9,23,805,1,2,2,1,6,95018,M,,,95
200800054429,8,9,25,1340,1,2,1,1,4,95018,M,,,95
200800054430,8,9,26,1850,1,2,1,1,6,95582,M,,,95
200800054431,8,9,24,730,2,2,1,2,7,95582,M,,,95
200800054432,8,9,26,1230,1,2,3,1,6,95018,M,,,95
200800054433,8,9,27,1040,1,2,1,1,6,95018,M,,,95
200800054434,8,9,27,2040,5,2,2,1,3,95018,M,,,95
200800054435,8,9,29,1705,1,2,1,1,3,95018,M,,,95
200800054436,8,9,29,2045,5,2,2,8,3,95018,M,,,95
200800054437,8,9,29,1655,1,2,1,1,2,95018,M,,,95
200800054438,8,9,30,1807,1,2,2,2,6,95018,M,,,95
200800054439,8,9,9,2245,5,2,1,1,6,95063,M,,,95
200800054440,8,9,9,1505,1,2,1,1,6,95063,M,,,95
200800054441,8,9,17,2250,5,2,1,1,3,95063,M,,,95
200800054442,8,9,6,130,5,2,1,2,7,95127,M,,,95
200800054443,8,9,19,1940,2,2,1,1,7,95572,M,,,95
200800054444,8,9,4,1830,2,2,1,1,1,95288,M,,,95
200800054445,8,9,5,1700,1,2,9,3,4,95428,M,,,95
200800054446,8,9,28,1350,1,2,3,1,3,95598,M,,,95
200800054447,8,9,3,1650,1,2,1,1,3,95219,M,,,95
200800054448,8,9,4,830,1,2,1,1,2,95252,M,,,95
200800054449,8,9,5,1745,1,2,1,2,2,95219,M,,,95
200800054450,8,9,8,1930,2,2,1,1,7,95252,M,,,95
200800054451,8,9,10,1940,1,2,1,1,6,95252,M,,,95
200800054452,8,9,15,1220,1,2,1,1,6,95219,M,,,95
200800054453,8,9,10,1941,2,2,1,1,6,95252,M,,,95
200800054454,8,9,16,2040,1,2,1,1,6,95203,M,,,95
200800054455,8,9,24,1115,1,2,1,1,6,95219,M,,,95
200800054456,8,9,5,1255,1,2,1,2,2,95268,M,,,95
200800054457,8,9,11,1610,1,2,1,1,6,95268,M,,,95
200800054458,8,9,11,1900,1,2,1,1,6,95280,M,,,95
200800054459,8,9,17,8,5,2,1,1,7,95019,M,,,95
200800054460,8,9,17,925,1,2,2,1,6,95280,M,,,95
200800054461,8,9,26,1425,1,2,6,1,3,95019,M,,,95
200800054462,8,9,6,840,1,2,6,1,6,95424,M,,,95
200800054463,8,9,20,1715,1,2,1,1,2,95306,M,,,95
200800054464,8,9,26,950,1,2,3,1,3,95306,M,,,95
200800054465,8,9,30,850,1,2,1,2,1,95306,M,,,95
200800054466,8,9,22,1636,1,2,2,1,6,95313,M,,,95
200800054467,8,9,26,2110,5,2,1,1,2,95487,M,,,95
200800054468,8,9,3,1305,1,1,1,1,6,95680,M,,,95
200800054469,8,9,3,1805,1,2,2,1,3,95585,M,,,95
200800054470,8,9,14,240,5,2,2,1,7,95585,M,,,95
200800054471,8,9,15,2350,5,2,1,1,7,95585,M,,,95
200800054472,8,9,28,627,5,2,1,1,2,95585,M,,,95
200800054473,8,9,28,1505,1,1,1,1,7,95585,M,,,95
200800054474,8,9,15,1355,1,2,1,1,6,95607,M,,,95
200800054475,8,9,21,1530,1,2,2,1,1,95563,M,,,95
200800054476,8,9,26,2000,2,2,6,1,6,95051,M,,,95
200800054477,8,9,5,1850,1,1,1,1,3,20004,M,,,201
200800054478,8,9,6,1700,1,2,6,1,6,20004,M,,,201
200800054479,8,9,5,1144,1,2,1,1,6,20004,M,,,201
200800054480,8,9,17,1908,2,2,1,1,6,20004,M,,,201
200800054481,8,9,21,650,3,1,1,1,7,20004,M,,,201
200800054482,8,9,22,1830,1,2,1,1,6,20004,M,,,201
200800054483,8,9,23,1407,1,1,1,1,6,20004,M,,,201
200800054484,8,9,23,1555,1,2,1,1,2,20004,M,,,201
200800054485,8,9,25,1750,1,2,1,1,2,20004,M,,,201
200800054486,8,9,28,1500,1,2,1,1,3,20004,M,,,201
200800054487,8,9,28,2120,5,2,1,1,6,20004,M,,,201
200800054488,8,9,30,750,1,2,2,1,6,20004,M,,,201
200800054489,8,9,15,1440,1,2,1,1,6,69381,M,,,69
200800054490,8,9,2,220,5,2,6,1,6,20120,M,,,202
200800054491,8,9,3,613,2,2,2,1,3,20033,M,,,202
200800054492,8,9,4,1224,1,2,1,1,4,20033,M,,,202
200800054493,8,9,8,1419,1,2,1,1,6,20033,M,,,202
200800054494,8,9,8,1455,1,2,1,1,6,20033,M,,,202
200800054495,8,9,9,800,1,2,1,1,2,20033,M,,,202
200800054496,8,9,9,1530,1,2,5,1,3,20037,M,,,202
200800054497,8,9,13,1857,1,1,1,1,3,20037,M,,,202
200800054498,8,9,14,1323,1,2,1,1,6,20033,M,,,202
200800054499,8,9,15,1747,1,1,1,1,3,20033,M,,,202
200800054500,8,9,16,1114,1,2,1,1,2,20120,M,,,202
200800054501,8,9,16,1745,1,2,1,1,2,20033,M,,,202
200800054502,8,9,18,905,1,2,3,1,6,20033,M,,,202
200800054503,8,9,18,2054,5,2,2,1,3,20033,M,,,202
200800054504,8,9,19,547,3,2,1,2,5,20120,M,,,202
200800054505,8,9,22,1958,5,2,3,1,3,20033,M,,,202
200800054506,8,9,24,1532,1,2,3,1,2,20033,M,,,202
200800054507,8,9,24,1538,1,2,3,1,6,20033,M,,,202
200800054508,8,9,26,1722,1,2,1,1,3,20033,M,,,202
200800054509,8,9,28,1119,1,2,1,1,1,20033,M,,,202
200800054510,8,9,28,1710,1,2,1,1,6,20033,M,,,202
200800054511,8,9,2,145,5,2,1,1,6,69382,M,,,69
200800054512,8,9,1,2320,5,1,1,1,2,69382,M,,,69
200800054513,8,9,8,1657,1,2,1,1,6,69382,M,,,69
200800054514,8,9,12,1610,1,2,1,2,6,69382,M,,,69
200800054515,8,9,15,1535,1,2,2,1,3,69382,M,,,69
200800054516,8,9,23,1800,1,2,2,1,2,69382,M,,,69
200800054517,8,9,3,1300,1,2,2,1,3,69386,M,,,69
200800054518,8,9,2,1725,1,2,2,1,3,69386,M,,,69
200800054519,8,9,3,1105,1,2,1,1,2,69386,M,,,69
200800054520,8,9,4,810,1,2,3,2,3,69383,M,,,69
200800054521,8,9,6,1335,1,2,2,2,6,69386,M,,,69
200800054522,8,9,6,1325,1,2,1,2,6,69386,M,,,69
200800054523,8,9,6,1435,1,2,1,2,3,69386,M,,,69
200800054524,8,9,4,2200,5,2,1,2,3,69383,M,,,69
200800054525,8,9,9,730,1,2,2,1,6,69383,M,,,69
200800054526,8,9,10,1510,1,2,3,1,3,69383,M,,,69
200800054527,8,9,10,1810,1,2,1,1,6,69383,M,,,69
200800054528,8,9,15,1705,1,2,1,1,6,69383,M,,,69
200800054529,8,9,15,1355,1,2,2,1,6,69386,M,,,69
200800054530,8,9,19,2255,5,2,2,1,6,69386,M,,,69
200800054531,8,9,23,2250,5,2,1,1,6,69383,M,,,69
200800054532,8,9,24,1420,1,2,1,1,6,69386,M,,,69
200800054533,8,9,8,1152,1,2,2,1,3,69383,M,,,69
200800054534,8,9,26,755,1,2,2,1,3,69386,M,,,69
200800054535,8,9,23,1730,1,2,1,1,6,69383,M,,,69
200800054536,8,9,15,1200,1,2,1,1,3,69383,M,,,69
200800054537,8,9,26,1610,1,2,1,1,3,69383,M,,,69
200800054538,8,9,26,1640,1,2,2,1,6,69383,M,,,69
200800054539,8,9,25,1605,1,2,1,1,3,69386,M,,,69
200800054540,8,9,25,915,1,2,1,1,4,69383,M,,,69
200800054541,8,9,25,1600,1,2,1,1,6,69383,M,,,69
200800054542,8,9,26,1030,1,2,1,1,6,69383,M,,,69
200800054543,8,9,24,1655,1,2,2,1,6,69386,M,,,69
200800054544,8,9,16,1345,1,2,1,1,6,69384,M,,,69
200800054545,8,9,25,1230,1,2,3,1,6,69384,M,,,69
200800054546,8,9,6,1925,5,2,2,2,3,69385,M,,,69
200800054547,8,9,7,1250,1,2,2,1,3,69385,M,,,69