Num_Acc,an,mois,jour,hrmn,lum,agg,int,atm,col,com,gps,lat,long,dep
200800054548,8,9,17,640,5,2,3,1,1,69385,M,,,69
200800054549,8,9,18,735,1,2,1,1,6,69385,M,,,69
200800054550,8,9,26,1735,1,2,1,1,6,69385,M,,,69
200800054551,8,9,1,1755,1,2,2,1,3,69387,M,,,69
200800054552,8,9,3,1930,2,2,2,2,3,69387,M,,,69
200800054553,8,9,10,2340,5,2,2,1,3,69387,M,,,69
200800054554,8,9,22,1955,2,2,1,1,3,69387,M,,,69
200800054555,8,9,15,640,2,2,2,1,3,69387,M,,,69
200800054556,8,9,22,1530,1,2,2,1,6,69387,M,,,69
200800054557,8,9,1,1015,1,2,1,1,4,75116,M,,,75
200800054558,8,9,1,1715,1,2,1,1,4,75116,M,,,75
200800054559,8,9,24,1100,1,2,1,1,6,69387,M,,,69
200800054560,8,9,27,2010,5,2,1,1,6,69387,M,,,69
200800054561,8,9,30,1945,5,2,1,1,6,69387,M,,,69
200800054562,8,9,23,2000,5,2,1,1,3,69387,M,,,69
200800054563,8,9,26,1510,1,2,2,1,2,69387,M,,,69
200800054564,8,9,30,1750,1,2,1,1,3,69387,M,,,69
200800054565,8,9,2,1630,1,2,2,1,3,69388,M,,,69
200800054566,8,9,6,1330,1,2,1,1,6,69388,M,,,69
200800054567,8,9,9,1230,1,2,2,1,6,69388,M,,,69
200800054568,8,9,22,2135,5,2,2,1,6,69388,M,,,69
200800054569,8,9,22,755,1,2,9,1,3,69388,M,,,69
200800054570,8,9,26,1310,1,2,3,1,3,69388,M,,,69
200800054571,8,9,27,1710,1,2,2,1,3,69388,M,,,69
200800054572,8,9,30,2020,5,2,1,1,6,69388,M,,,69
200800054573,8,9,3,440,5,2,1,1,6,69389,M,,,69
200800054574,8,9,10,1420,1,2,1,1,6,69389,M,,,69
200800054575,8,9,11,1305,1,2,1,1,6,69389,M,,,69
200800054576,8,9,15,1640,1,2,1,1,6,69389,M,,,69
200800054577,8,9,20,1630,1,2,1,1,3,69389,M,,,69
200800054578,8,9,23,1605,1,2,2,1,3,69389,M,,,69
200800054579,8,9,23,1650,1,2,1,1,3,69389,M,,,69
200800054580,8,9,24,1730,1,2,1,1,6,69389,M,,,69
200800054581,8,9,30,1030,1,1,1,2,7,94054,M,,,94
200800054582,8,9,4,450,5,1,1,1,6,94054,M,,,94
200800054583,8,9,1,1850,1,2,1,1,6,75104,M,,,75
200800054584,8,9,1,935,1,2,4,2,6,75106,M,,,75
200800054585,8,9,1,1059,1,2,3,1,3,75106,M,,,75
200800054586,8,9,1,1850,1,2,1,1,6,75106,M,,,75
200800054587,8,9,1,1905,1,2,1,1,6,75107,M,,,75
200800054588,8,9,1,2045,5,2,3,1,3,75107,M,,,75
200800054589,8,9,1,1315,1,2,5,1,3,75108,M,,,75
200800054590,8,9,1,600,5,2,2,1,6,75108,M,,,75
200800054591,8,9,1,1825,1,2,4,1,2,75108,M,,,75
200800054592,8,9,1,2025,2,2,1,1,6,75109,M,,,75
200800054593,8,9,1,2025,2,2,1,1,6,75110,M,,,75
200800054594,8,9,1,1550,1,2,3,1,3,75111,M,,,75
200800054595,8,9,1,1810,1,2,2,1,7,75111,M,,,75
200800054596,8,9,1,1800,1,2,3,1,3,75113,M,,,75
200800054597,8,9,1,2125,4,2,5,1,6,75113,M,,,75
200800054598,8,9,1,1200,1,2,2,1,3,75115,M,,,75
200800054599,8,9,1,1427,1,2,5,1,6,75115,M,,,75
200800054600,8,9,1,2039,5,2,2,1,6,75115,M,,,75
200800054601,8,9,1,1835,1,2,1,1,7,75116,M,,,75
200800054602,8,9,1,1420,1,2,1,1,7,75117,M,,,75
200800054603,8,9,1,1530,1,2,2,1,3,75118,M,,,75
200800054604,8,9,1,1905,1,2,3,1,2,75119,M,,,75
200800054605,8,9,1,1845,1,2,3,1,7,75119,M,,,75
200800054606,8,9,1,850,1,2,2,1,6,75107,M,,,75
200800054607,8,9,1,1744,1,2,4,1,6,75118,M,,,75
200800054608,8,9,1,1800,1,2,1,1,2,75118,M,,,75
200800054609,8,9,1,1000,1,2,4,1,5,75119,M,,,75
200800054610,8,9,2,1815,1,2,1,1,7,75102,M,,,75
200800054611,8,9,2,1310,1,2,3,1,6,75103,M,,,75
200800054612,8,9,2,1135,1,2,1,1,6,75103,M,,,75
200800054613,8,9,2,2020,4,2,2,2,2,75108,M,,,75
200800054614,8,9,2,1145,1,2,5,1,7,75109,M,,,75
200800054615,8,9,2,520,5,2,2,2,3,75110,M,,,75
200800054616,8,9,2,730,1,2,2,8,3,75110,M,,,75
200800054617,8,9,2,1135,1,2,1,1,6,75111,M,,,75
200800054618,8,9,2,2110,5,2,1,2,3,75111,M,,,75
200800054619,8,9,2,935,1,2,1,2,3,75112,M,,,75
200800054620,8,9,2,1009,1,2,3,1,6,75112,M,,,75
200800054621,8,9,2,1730,1,2,2,1,2,75112,M,,,75
200800054622,8,9,2,730,2,2,1,8,6,75114,M,,,75
200800054623,8,9,2,1610,1,2,1,1,7,75116,M,,,75
200800054624,8,9,2,1915,2,2,1,2,7,75116,M,,,75
200800054625,8,9,2,1420,1,2,1,8,3,75117,M,,,75
200800054626,8,9,2,1435,1,2,1,1,3,75117,M,,,75
200800054627,8,9,2,2215,5,2,2,2,3,75117,M,,,75
200800054628,8,9,2,1445,1,2,4,1,6,75118,M,,,75
200800054629,8,9,2,2000,2,2,2,2,7,75118,M,,,75
200800054630,8,9,2,620,2,2,1,1,6,75119,M,,,75
200800054631,8,9,2,1045,1,2,2,1,6,75119,M,,,75
200800054632,8,9,2,1150,1,2,1,8,6,75119,M,,,75
200800054633,8,9,2,35,5,2,1,1,7,75120,M,,,75
200800054634,8,9,2,2342,5,2,3,8,6,75120,M,,,75
200800054635,8,9,2,35,5,2,1,1,3,75113,M,,,75
200800054636,8,9,2,1600,1,2,2,1,6,75108,M,,,75
200800054637,8,9,2,1810,1,2,3,3,6,75104,M,,,75
200800054638,8,9,2,750,1,2,1,1,4,75114,M,,,75
200800054639,8,9,2,2000,5,2,1,3,7,75117,M,,,75
200800054640,8,9,3,800,1,2,2,2,6,75105,M,,,75
200800054641,8,9,3,140,5,2,1,8,7,75105,M,,,75
200800054642,8,9,3,1707,1,2,2,1,6,75106,M,,,75
200800054643,8,9,3,1550,1,2,1,8,3,75109,M,,,75
200800054644,8,9,3,640,2,2,1,1,6,75110,M,,,75
200800054645,8,9,3,630,5,2,1,1,6,75110,M,,,75
200800054646,8,9,3,1333,1,2,2,2,6,75111,M,,,75
200800054647,8,9,3,1555,1,2,1,8,4,75113,M,,,75
200800054648,8,9,3,1800,1,2,1,1,6,75115,M,,,75
200800054649,8,9,3,2230,5,2,2,1,3,75116,M,,,75
200800054650,8,9,3,1243,1,2,1,2,3,75117,M,,,75
200800054651,8,9,3,1715,1,2,2,1,6,75117,M,,,75
200800054652,8,9,3,1855,1,2,3,1,6,75118,M,,,75
200800054653,8,9,3,2010,5,2,1,1,3,75118,M,,,75
200800054654,8,9,3,1020,1,2,2,8,3,75119,M,,,75
200800054655,8,9,3,1700,1,2,1,1,6,75119,M,,,75
200800054656,8,9,3,1730,1,2,5,1,6,75119,M,,,75
200800054657,8,9,3,850,1,2,1,2,6,75120,M,,,75
200800054658,8,9,3,1830,1,2,1,1,6,75120,M,,,75
200800054659,8,9,3,2245,5,2,2,1,3,75112,M,,,75
200800054660,8,9,3,1010,1,2,1,2,3,75112,M,,,75
200800054661,8,9,4,100,5,2,1,1,6,75101,M,,,75
200800054662,8,9,4,330,5,2,1,1,7,75101,M,,,75
200800054663,8,9,4,645,2,2,1,1,6,75101,M,,,75
200800054664,8,9,4,1350,1,2,5,1,3,75101,M,,,75
200800054665,8,9,4,815,1,2,1,1,3,75102,M,,,75
200800054666,8,9,4,1355,1,2,1,8,3,75105,M,,,75
200800054667,8,9,4,1405,1,2,2,1,2,75106,M,,,75
200800054668,8,9,4,1706,1,2,1,1,6,75106,M,,,75
200800054669,8,9,4,1525,1,2,1,1,3,75108,M,,,75
200800054670,8,9,4,1900,1,2,1,1,6,75108,M,,,75
200800054671,8,9,4,805,1,2,5,1,6,75109,M,,,75
200800054672,8,9,4,1230,1,2,3,8,6,75109,M,,,75
200800054673,8,9,4,1231,1,2,1,1,6,75109,M,,,75
200800054674,8,9,4,1125,1,2,1,1,6,75111,M,,,75
200800054675,8,9,4,1800,1,2,3,1,2,75112,M,,,75
200800054676,8,9,4,1545,1,2,1,1,6,75114,M,,,75
200800054677,8,9,4,1550,1,2,2,1,3,75115,M,,,75
200800054678,8,9,4,1737,1,2,5,1,6,75117,M,,,75
200800054679,8,9,4,730,1,2,3,1,2,75119,M,,,75
200800054680,8,9,4,1150,1,2,1,1,6,75120,M,,,75
200800054681,8,9,4,1220,1,2,1,1,3,75120,M,,,75
200800054682,8,9,4,330,5,2,1,1,1,75111,M,,,75
200800054683,8,9,4,955,1,2,1,1,2,75116,M,,,75
200800054684,8,9,4,1730,1,2,1,1,2,75117,M,,,75
200800054685,8,9,4,1930,1,2,1,1,3,75118,M,,,75
200800054686,8,9,5,1145,1,2,3,2,3,75101,M,,,75
200800054687,8,4,23,1730,1,2,1,1,6,80799,M,0.0,0.0,80
200800054688,8,6,1,1130,1,1,1,1,4,05014,M,4427200.0,577500.0,05
200800054689,8,8,27,1700,1,1,1,1,1,05057,M,0.0,0.0,05
200800054690,8,7,27,1230,1,1,1,1,5,04154,M,0.0,0.0,04
200800054691,8,1,15,1000,1,1,1,7,2,05084,M,4456000.0,623700.0,05
200800054692,8,8,16,1030,1,2,1,1,3,06127,M,0.0,0.0,06
200800054693,8,5,16,1500,1,1,2,1,3,02722,M,,,02
200800054694,8,5,30,1840,1,2,3,1,3,13102,M,,,13
200800054695,8,6,9,700,1,2,1,1,1,13054,M,,,13
200800054696,8,8,27,1605,1,1,1,1,1,13054,M,,,13
200800054697,8,9,24,1207,1,1,1,2,2,13102,M,,,13
200800054698,8,9,25,1800,1,2,1,1,6,13054,M,,,13
200800054699,8,6,20,1010,1,2,3,1,3,24322,M,,,24
200800054700,8,6,25,1520,1,2,3,1,3,24053,M,,,24
200800054701,8,9,2,1030,1,2,3,1,3,31555,M,,,31
200800054702,8,9,8,900,1,1,1,1,4,31555,M,,,31
200800054703,8,9,9,845,1,2,1,1,3,31555,M,,,31
200800054704,8,9,9,1150,1,2,1,1,2,31555,M,,,31
200800054705,8,9,15,100,5,2,1,1,3,31555,M,,,31
200800054706,8,1,11,740,2,2,1,2,3,34301,M,,,34
200800054707,8,1,18,2015,5,2,1,1,3,34108,M,,,34
200800054708,8,1,28,1915,5,2,1,1,6,34301,M,,,34
200800054709,8,6,23,1445,1,2,6,1,2,35288,M,,,35
200800054710,8,9,20,1740,1,2,1,1,2,38544,M,,,38
200800054711,8,5,20,1715,1,1,1,1,6,57630,M,,,57
200800054712,8,9,25,1320,1,2,1,1,3,57630,M,,,57
200800054713,8,7,1,1755,1,2,2,1,3,59295,M,,,59
200800054714,8,2,27,1845,2,2,1,1,6,62532,M,,,62
200800054715,8,3,29,1320,1,2,1,1,3,62516,M,,,62
200800054716,8,7,1,400,4,1,5,1,6,62048,M,,,62
200800054717,8,8,25,1330,1,2,1,1,2,62532,M,,,62
200800054718,8,9,3,2100,5,2,1,1,3,62178,M,,,62
200800054719,8,9,6,840,1,2,3,1,3,62178,M,,,62
200800054720,8,9,20,1800,1,2,4,1,1,68112,M,,,68
200800054721,8,9,29,2000,4,2,1,1,6,68112,M,,,68
200800054722,8,9,1,2035,2,2,1,8,7,77042,M,,,77
200800054723,8,9,8,1000,1,1,1,1,2,77320,M,,,77
200800054724,8,9,12,800,1,2,3,2,1,77371,M,,,77
200800054725,8,9,18,1800,1,2,3,1,3,77131,M,,,77
200800054726,8,9,26,1225,1,2,1,1,1,77131,M,,,77
200800054727,8,8,1,1955,1,2,1,1,6,78440,M,,,78
200800054728,8,8,6,1235,1,2,1,1,3,78638,M,,,78
200800054729,8,8,8,1130,1,2,1,1,6,78401,M,,,78
200800054730,8,8,21,2345,5,1,1,2,7,78238,M,,,78
200800054731,8,8,23,1830,1,2,4,1,6,78440,M,,,78
200800054732,8,8,26,1235,1,2,1,1,6,78440,M,,,78
200800054733,8,9,9,2007,5,2,2,1,3,78440,M,,,78
200800054734,8,9,1,1840,1,2,2,1,3,78440,M,,,78
200800054735,8,8,27,1645,1,2,1,1,7,78029,M,,,78
200800054736,8,9,19,1510,1,2,1,1,2,78440,M,,,78
200800054737,8,9,22,530,3,1,1,1,6,78638,M,,,78
200800054738,8,9,25,1155,1,2,2,1,2,78440,M,,,78
200800054739,8,9,26,1215,1,2,6,1,1,78440,M,,,78
200800054740,8,9,27,1705,1,2,1,1,6,78440,M,,,78
200800054741,8,9,4,1225,1,2,1,1,6,78586,M,,,78
200800054742,8,7,25,2055,2,1,4,1,1,82033,M,,,82
200800054743,8,9,26,2310,3,1,1,1,6,82033,M,,,82
200800054744,8,7,12,2035,1,2,1,1,6,91174,M,,,91
200800054745,8,6,13,1800,1,2,2,1,6,92007,M,,,92
200800054746,8,9,8,1405,1,2,6,1,3,92007,M,,,92
200800054747,8,9,10,1150,1,2,1,1,6,92007,M,,,92
200800054748,8,9,13,2345,5,2,2,1,4,92007,M,,,92
200800054749,8,9,21,1500,1,2,1,1,3,92007,M,,,92
200800054750,8,7,4,1955,1,2,3,1,2,92023,M,,,92
200800054751,8,7,1,2220,5,2,1,1,3,92023,M,,,92
200800054752,8,7,18,1155,1,2,6,1,6,92060,M,,,92
200800054753,8,7,19,1100,1,2,6,1,4,92060,M,,,92
200800054754,8,7,18,1750,1,2,1,1,2,92023,M,,,92
200800054755,8,7,22,1700,1,2,1,1,6,92060,M,,,92
200800054756,8,7,26,945,1,2,1,1,6,92023,M,,,92
200800054757,8,7,28,2014,1,2,3,1,3,92023,M,,,92
200800054758,8,8,1,1915,1,2,2,1,3,92023,M,,,92
200800054759,8,8,13,1745,1,2,1,1,6,92023,M,,,92
200800054760,8,8,27,735,1,2,1,1,3,92060,M,,,92
200800054761,8,8,27,1810,1,2,1,1,4,92060,M,,,92
200800054762,8,9,2,2030,5,2,3,1,3,92023,M,,,92
200800054763,8,9,5,920,1,2,2,2,3,92060,M,,,92
200800054764,8,9,7,1610,1,2,1,1,6,92023,M,,,92
200800054765,8,9,5,1430,1,2,2,2,3,92060,M,,,92
200800054766,8,9,28,15,4,2,1,1,6,92023,M,,,92
200800054767,8,9,28,1300,1,2,1,8,6,92060,M,,,92
200800054768,8,9,27,1520,1,2,1,1,2,92023,M,,,92
200800054769,8,9,27,1715,1,2,3,1,6,92060,M,,,92
200800054770,8,9,29,1355,1,2,1,1,6,92023,M,,,92
200800054771,8,9,13,1250,1,2,1,1,3,92023,M,,,92
200800054772,8,9,13,2030,5,2,3,1,3,92023,M,,,92
200800054773,8,9,1,910,1,2,3,1,3,92035,M,,,92
200800054774,8,9,9,740,1,2,1,1,3,92035,M,,,92
200800054775,8,9,12,1725,1,2,9,1,6,92035,M,,,92
200800054776,8,9,17,1810,1,2,3,8,6,92035,M,,,92
200800054777,8,9,18,1515,1,2,1,1,4,92035,M,,,92
200800054778,8,9,19,1330,1,2,3,1,2,92035,M,,,92
200800054779,8,9,22,905,1,2,1,1,2,92051,M,,,92
200800054780,8,7,18,50,5,2,1,1,3,92051,M,,,92
200800054781,8,9,26,830,1,2,1,1,6,92051,M,,,92
200800054782,8,7,27,1640,1,2,2,1,3,92051,M,,,92
200800054783,8,9,7,2315,3,2,1,1,6,92051,M,,,92
200800054784,8,7,8,940,1,2,1,1,3,92051,M,,,92
200800054785,8,8,15,1030,1,2,1,1,6,92051,M,,,92
200800054786,8,9,2,1725,1,2,1,1,3,92051,M,,,92
200800054787,8,7,23,1255,1,2,1,1,3,92051,M,,,92
200800054788,8,8,17,1815,1,2,1,1,3,92051,M,,,92
200800054789,8,8,22,1255,1,2,1,8,6,92051,M,,,92
200800054790,8,7,17,50,5,2,1,1,3,92051,M,,,92
200800054791,8,9,11,1930,1,2,1,3,3,92051,M,,,92
200800054792,8,9,21,1850,1,2,1,1,6,92051,M,,,92
200800054793,8,7,26,135,5,2,1,2,6,92051,M,,,92
200800054794,8,7,8,1915,1,2,1,2,3,92051,M,,,92
200800054795,8,9,19,1330,1,2,3,1,3,92051,M,,,92
200800054796,8,7,19,850,1,2,1,1,6,92051,M,,,92
200800054797,8,9,17,915,1,2,1,1,6,92051,M,,,92
200800054798,8,7,30,1540,1,2,2,1,3,92051,M,,,92
200800054799,8,7,18,945,1,2,2,1,2,92051,M,,,92
200800054800,8,9,5,1735,1,2,2,2,3,92051,M,,,92
200800054801,8,9,6,2140,5,2,6,1,2,92051,M,,,92
200800054802,8,3,20,1200,1,2,1,1,6,94019,M,,,94
200800054803,8,3,25,705,1,2,2,1,3,94055,M,,,94
200800054804,8,4,6,2015,2,1,2,1,3,94079,M,,,94
200800054805,8,4,11,1305,1,2,3,1,3,94019,M,,,94
200800054806,8,5,11,755,1,2,2,1,1,94019,M,,,94
200800054807,8,5,15,840,1,2,1,2,3,94059,M,,,94
200800054808,8,5,26,1810,1,2,1,2,2,94055,M,,,94
200800054809,8,6,26,1710,1,2,1,1,7,94059,M,,,94
200800054810,8,9,15,1500,1,2,1,1,3,94038,M,,,94
200800054811,8,3,28,5,5,2,1,1,6,94038,M,,,94
200800054812,8,9,25,933,1,2,1,1,6,94052,M,,,94
200800054813,8,9,25,1040,1,2,1,1,2,94058,M,,,94
200800054814,8,9,26,1910,1,2,6,1,1,94058,M,,,94
200800054815,8,9,26,1720,1,2,1,1,6,94052,M,,,94
200800054816,8,9,30,930,1,2,9,1,7,94058,M,,,94
200800054817,8,3,20,2135,3,1,1,2,2,77495,M,,,77
200800054818,8,8,31,1353,1,1,1,1,6,92072,M,,,92
200800054819,8,9,1,740,1,1,1,1,3,92036,M,,,92
200800054820,8,9,1,1600,1,1,1,1,2,78242,M,,,78
200800054821,8,9,1,1910,1,1,1,1,4,92048,M,,,92
200800054822,8,9,1,2313,3,1,1,1,3,78362,M,,,78
200800054823,8,9,2,800,1,1,1,1,6,92050,M,,,92
200800054824,8,9,4,915,1,1,1,1,2,92025,M,,,92
200800054825,8,9,5,1000,1,1,9,2,3,78297,M,,,78
200800054826,8,9,5,1600,1,1,1,2,6,78297,M,,,78
200800054827,8,9,6,1702,1,1,1,1,5,78571,M,,,78
200800054828,8,9,3,900,1,1,1,1,6,78498,M,,,78
200800054829,8,9,8,720,2,1,1,1,2,92047,M,,,92
200800054830,8,9,7,1620,1,1,1,1,7,78140,M,,,78
200800054831,8,9,10,800,1,1,1,1,3,78640,M,,,78
200800054832,8,9,10,1819,1,1,1,1,3,92050,M,,,92
200800054833,8,9,11,709,2,1,1,1,3,92023,M,,,92
200800054834,8,9,11,749,2,1,1,1,3,78498,M,,,78
200800054835,8,9,11,1452,1,1,1,1,4,78640,M,,,78
200800054836,8,9,12,823,1,1,1,1,3,92050,M,,,92
200800054837,8,9,12,816,1,1,1,1,2,78133,M,,,78
200800054838,8,9,13,1219,1,1,1,1,3,78043,M,,,78
200800054839,8,9,17,730,2,1,1,1,6,78073,M,,,78
200800054840,8,9,14,1630,1,1,1,1,2,92064,M,,,92
200800054841,8,9,15,750,2,1,4,1,6,78490,M,,,78
200800054842,8,9,15,1630,1,1,1,1,6,78291,M,,,78
200800054843,8,9,16,855,1,1,1,1,3,92036,M,,,92
200800054844,8,9,16,1910,1,1,1,1,5,92025,M,,,92
200800054845,8,9,18,1940,1,1,1,1,3,92050,M,,,92
200800054846,8,9,19,142,5,1,1,1,6,78158,M,,,78
200800054847,8,9,20,1428,1,1,1,1,6,78158,M,,,78
200800054848,8,9,21,30,5,1,1,1,2,92047,M,,,92
200800054849,8,9,21,915,1,1,1,1,6,92025,M,,,92
200800054850,8,9,22,610,5,1,1,1,2,92050,M,,,92
200800054851,8,9,24,755,2,1,1,2,2,92036,M,,,92
200800054852,8,9,25,1200,1,1,1,1,7,78217,M,,,78
200800054853,8,9,26,650,3,1,1,1,3,78640,M,,,78
200800054854,8,9,28,30,5,1,1,1,2,92012,M,,,92
200800054855,8,9,28,520,5,1,1,1,7,78423,M,,,78
200800054856,8,9,29,835,1,1,1,1,2,78646,M,,,78
200800054857,8,9,30,945,1,1,1,2,6,92047,M,,,92
200800054858,8,9,30,950,1,1,1,2,7,92076,M,,,92
200800054859,8,9,30,1202,1,1,1,2,4,92048,M,,,92
200800054860,8,9,30,1645,1,1,1,8,5,78402,M,,,78
200800054861,8,9,19,2100,5,1,1,1,4,92025,M,,,92
200800054862,8,8,28,1153,1,2,1,1,6,69383,M,,,69
200800054863,8,8,29,1645,1,1,1,1,3,42330,M,,,42
200800054864,8,9,6,1930,1,1,1,2,7,42186,M,,,42
200800054865,8,9,6,1130,1,1,9,1,7,42218,M,,,42
200800054866,8,9,17,1320,1,1,9,1,2,42330,M,,,42
200800054867,8,9,17,1600,1,1,1,1,6,42110,M,,,42
200800054868,8,6,28,2120,1,1,1,1,2,42044,M,,,42
200800054869,8,5,22,740,1,1,1,1,4,69276,M,,,69
200800054870,8,5,26,2230,3,1,1,2,4,69382,M,,,69
200800054871,8,5,29,1200,1,1,1,1,3,38087,M,,,38
200800054872,8,6,27,1315,1,1,1,1,3,69199,M,,,69
200800054873,8,6,27,1900,1,1,1,1,4,69266,M,,,69
200800054874,8,8,1,750,1,1,1,1,6,69273,M,,,69
200800054875,8,8,5,815,1,1,1,1,6,69259,M,,,69
200800054876,8,9,1,1510,1,1,1,1,2,69266,M,,,69
200800054877,8,9,3,1645,1,1,1,8,6,01249,M,,,01
200800054878,8,9,4,700,1,1,1,2,2,69199,M,,,69
200800054879,8,9,4,1555,1,1,1,3,7,69152,M,,,69
200800054880,8,9,4,1730,1,1,1,2,7,69276,M,,,69
200800054881,8,9,5,1520,1,1,1,1,2,69199,M,,,69
200800054882,8,9,6,540,3,1,1,2,6,01275,M,,,01
200800054883,8,9,6,1500,1,1,1,3,7,69256,M,,,69
200800054884,8,9,6,1800,1,1,1,3,7,69288,M,,,69
200800054885,8,9,9,900,1,1,1,1,5,69029,M,,,69
200800054886,8,9,10,1535,1,1,1,1,3,69193,M,,,69
200800054887,8,9,11,1840,1,1,1,1,7,38544,M,,,38
200800054888,8,9,15,1735,1,1,1,1,4,69277,M,,,69
200800054889,8,9,17,1945,2,1,1,1,3,69283,M,,,69
200800054890,8,9,19,1600,1,1,1,1,4,38449,M,,,38
200800054891,8,9,19,1730,1,1,1,1,2,69029,M,,,69
200800054892,8,9,20,1145,1,1,1,1,7,69193,M,,,69
200800054893,8,9,20,1830,1,1,1,1,7,69389,M,,,69
200800054894,8,9,21,1813,1,1,1,1,3,69256,M,,,69
200800054895,8,9,22,1610,1,1,2,1,2,69382,M,,,69
200800054896,8,9,24,1415,1,1,1,1,3,69297,M,,,69
200800054897,8,9,24,1615,1,1,1,1,3,01105,M,,,01
200800054898,8,9,24,2220,5,1,1,1,3,38544,M,,,38
200800054899,8,9,26,1910,1,1,1,1,3,69029,M,,,69
200800054900,8,9,27,1220,1,1,1,1,7,69276,M,,,69
200800054901,8,9,27,1340,1,1,1,1,6,38336,M,,,38
200800054902,8,9,27,1650,1,1,1,1,7,69152,M,,,69
200800054903,8,9,28,455,3,1,1,1,7,69288,M,,,69
200800054904,8,9,28,700,2,1,9,1,6,69290,M,,,69
200800054905,8,9,28,1210,1,1,1,1,7,38087,M,,,38
200800054906,8,9,30,435,3,1,1,1,6,01248,M,,,01
200800054907,8,9,30,1730,1,1,1,1,3,69297,M,,,69
200800054908,8,5,2,1718,1,1,1,1,4,83137,M,,,83
200800054909,8,5,13,1449,1,1,1,1,5,83144,M,,,83
200800054910,8,5,13,1745,1,1,1,2,4,83137,M,,,83
200800054911,8,5,16,1448,1,1,1,3,4,83137,M,,,83
200800054912,8,5,23,1020,1,1,1,1,2,83137,M,,,83
200800054913,8,5,23,1021,1,1,1,1,4,83137,M,,,83
200800054914,8,5,25,1855,1,1,1,8,7,83027,M,,,83
200800054915,8,5,26,1225,1,1,1,1,6,83144,M,,,83
200800054916,8,5,30,1345,1,1,1,1,4,83137,M,,,83
200800054917,8,5,30,1430,1,1,1,1,2,83137,M,,,83
200800054918,8,9,1,245,3,1,9,1,7,83027,M,,,83
200800054919,8,9,13,1815,1,1,1,1,4,83144,M,,,83
200800054920,8,9,24,1500,1,1,1,2,6,83035,M,,,83
200800054921,8,9,26,2030,3,1,1,1,6,83090,M,,,83
200800054922,8,9,30,740,1,1,1,1,5,83137,M,,,83
200800054923,8,9,30,1740,1,1,1,1,7,83137,M,,,83
200800054924,8,10,3,1900,2,2,1,3,6,59051,M,5054400.0,280900.0,59
200800054925,8,10,3,2215,5,2,1,2,6,59550,M,5053800.0,283800.0,59
200800054926,8,10,11,615,3,1,1,1,6,59303,M,5057700.0,286200.0,59
200800054927,8,10,31,1145,1,2,1,8,3,59051,M,0.0,0.0,59
200800054928,8,10,11,1130,1,2,9,1,6,59586,M,5052700.0,316700.0,59
200800054929,8,10,19,1130,1,2,1,1,1,59411,M,0.0,0.0,59
200800054930,8,10,8,1830,1,1,2,1,3,59319,M,0.0,0.0,59
200800054931,8,10,21,1345,1,2,1,1,6,59094,M,0.0,0.0,59
200800054932,8,10,3,115,5,1,1,1,6,59084,M,0.0,0.0,59
200800054933,8,10,20,2015,3,1,1,2,5,59073,M,0.0,0.0,59
200800054934,8,10,29,900,1,1,9,5,7,59581,M,0.0,0.0,59
200800054935,8,10,14,2000,3,1,1,1,1,59587,M,5080200.0,256800.0,59
200800054936,8,10,7,1100,1,2,1,2,1,59036,M,0.0,0.0,59
200800054937,8,10,28,945,1,1,2,1,3,59241,M,0.0,0.0,59
200800054938,8,10,10,1900,1,2,1,1,7,59099,M,5015500.0,361400.0,59
200800054939,8,10,24,2230,3,1,1,1,2,59136,M,5010400.0,356600.0,59
200800054940,8,10,5,1745,1,1,1,3,3,59377,M,5014000.0,320000.0,59
200800054941,8,10,13,1500,1,2,1,1,6,59126,M,0.0,0.0,59
200800054942,8,10,4,1730,1,1,1,1,3,59639,M,5030900.0,364800.0,59
200800054943,8,10,9,1630,1,1,1,1,6,59640,M,0.0,0.0,59
200800054944,8,10,9,1600,1,1,2,1,2,62715,M,,,62
200800054945,8,10,9,1145,1,2,1,1,1,62064,M,0.0,0.0,62
200800054946,8,10,24,1930,3,1,1,1,2,62714,M,5033400.0,277700.0,62
200800054947,8,10,25,2300,5,2,7,1,6,62639,M,5035200.0,289200.0,62
200800054948,8,10,1,1830,2,1,1,6,1,62298,M,0.0,0.0,62
200800054949,8,10,3,530,3,1,1,2,5,62817,M,5027900.0,283500.0,62
200800054950,8,10,7,930,1,2,8,1,1,62718,M,5030800.0,289500.0,62
200800054951,8,10,9,2230,5,1,1,1,6,62873,M,5026800.0,284600.0,62
200800054952,8,10,12,1700,1,1,2,1,3,62251,M,0.0,0.0,62
200800054953,8,10,14,1645,1,2,1,1,1,62446,M,0.0,0.0,62
200800054954,8,10,19,2000,3,1,1,1,3,62896,M,5069400.0,172400.0,62
200800054955,8,10,24,1445,1,1,1,3,1,62773,M,0.0,0.0,62
200800054956,8,10,30,15,3,1,1,2,6,62653,M,0.0,0.0,62
200800054957,8,10,5,1445,1,1,1,3,1,62560,M,5083100.0,170300.0,62
200800054958,8,10,9,2000,5,2,1,1,3,62751,M,5088100.0,175700.0,62
200800054959,8,10,12,1745,1,1,1,1,2,62899,M,5089400.0,168800.0,62
200800054960,8,10,11,1545,1,2,1,1,6,62560,M,5081500.0,169900.0,62
200800054961,8,10,23,730,2,2,1,1,6,62025,M,5080800.0,162100.0,62
200800054962,8,10,25,2215,3,1,1,1,6,62503,M,5087600.0,174400.0,62
200800054963,8,10,10,1800,1,2,1,7,1,62746,M,5066900.0,159800.0,62
200800054964,8,10,17,1115,1,1,1,1,7,62235,M,0.0,0.0,62
200800054965,8,10,11,1745,1,2,1,1,6,62693,M,0.0,0.0,62