Num_Acc,an,mois,jour,hrmn,lum,agg,int,atm,col,com,gps,lat,long,dep
200800054966,8,10,18,1845,2,1,1,1,1,62123,M,0.0,0.0,62
200800054967,8,10,30,1345,1,1,1,1,7,62168,M,0.0,0.0,62
200800054968,8,10,19,2045,3,1,1,1,6,62849,M,5042400.0,166900.0,62
200800054969,8,10,3,1000,1,1,1,1,1,62204,M,0.0,0.0,62
200800054970,8,10,22,2000,3,1,1,1,3,62743,M,5035200.0,203500.0,62
200800054971,8,10,10,1530,1,2,1,1,6,62261,M,5050100.0,162700.0,62
200800054972,8,10,17,2330,3,2,1,2,7,62906,M,5085400.0,206600.0,62
200800054973,8,10,19,1515,2,1,1,1,3,62767,M,0.0,0.0,62
200800054974,8,10,19,2215,3,1,1,9,7,80458,M,0.0,0.0,80
200800054975,8,10,6,1330,1,2,1,1,1,80651,M,0.0,0.0,80
200800054976,8,10,8,1845,2,1,1,1,3,80142,M,0.0,0.0,80
200800054977,8,10,26,1715,1,1,1,2,1,80443,M,0.0,0.0,80
200800054978,8,10,29,1415,1,1,1,1,6,80324,M,4996000.0,180000.0,80
200800054979,8,10,12,1600,1,1,2,1,5,80485,M,0.0,0.0,80
200800054980,8,10,15,700,1,1,1,1,5,80650,M,4994700.0,243300.0,80
200800054981,8,10,25,1530,1,2,1,1,3,80622,M,4994300.0,213900.0,80
200800054982,8,10,6,1645,1,2,1,2,3,80368,M,0.0,0.0,80
200800054983,8,10,12,2130,3,1,1,1,6,80518,M,0.0,0.0,80
200800054984,8,10,16,500,5,2,3,2,1,80373,M,4998500.0,156900.0,80
200800054985,8,10,20,800,1,1,1,1,3,80360,M,5007900.0,157300.0,80
200800054986,8,10,19,945,1,2,1,1,6,80228,M,0.0,0.0,80
200800054987,8,10,12,1830,1,1,1,1,7,80043,M,5012800.0,246500.0,80
200800054988,8,10,10,1030,1,2,1,1,6,80093,M,0.0,0.0,80
200800054989,8,10,17,715,5,2,1,8,6,80123,M,0.0,0.0,80
200800054990,8,10,24,1600,3,1,1,1,3,80318,M,0.0,0.0,80
200800054991,8,10,6,1330,1,2,1,8,6,80508,M,0.0,0.0,80
200800054992,8,10,28,1715,1,2,1,1,6,80561,M,0.0,0.0,80
200800054993,8,10,21,2200,3,1,1,1,6,80094,M,0.0,0.0,80
200800054994,8,10,9,2000,5,2,1,1,6,80679,M,0.0,0.0,80
200800054995,8,10,3,30,3,2,1,2,6,80615,M,0.0,0.0,80
200800054996,8,10,26,1715,2,2,1,1,3,80016,M,0.0,0.0,80
200800054997,8,10,10,1700,1,1,1,1,3,80136,M,4994600.0,269000.0,80
200800054998,8,10,17,2215,3,1,1,1,6,80693,M,0.0,0.0,80
200800054999,8,10,1,1730,1,2,1,1,6,02737,M,0.0,0.0,02
200800055000,8,10,11,1745,1,1,1,1,1,02493,M,4962100.0,371800.0,02
200800055001,8,10,15,1730,1,1,1,1,6,02156,M,4967600.0,363200.0,02
200800055002,8,10,2,845,1,2,1,1,6,02173,M,0.0,0.0,02
200800055003,8,10,2,1330,1,2,9,3,3,02173,M,0.0,0.0,02
200800055004,8,10,4,345,4,2,1,1,6,02336,M,0.0,0.0,02
200800055005,8,10,20,530,3,1,4,1,1,02362,M,4965400.0,311100.0,02
200800055006,8,10,20,2200,5,2,1,1,6,02719,M,4960000.0,324000.0,02
200800055007,8,10,23,700,3,1,1,5,6,02820,M,0.0,0.0,02
200800055008,8,10,25,2115,5,2,1,1,1,02173,M,0.0,0.0,02
200800055009,8,10,4,1230,1,2,1,1,7,02497,M,0.0,0.0,02
200800055010,8,10,21,745,3,1,1,2,3,02755,M,0.0,0.0,02
200800055011,8,10,18,1805,2,1,1,1,1,02430,M,0.0,0.0,02
200800055012,8,10,24,1445,1,1,1,1,6,02409,M,4958700.0,392100.0,02
200800055013,8,10,17,545,3,1,1,1,6,02094,M,4903100.0,346600.0,02
200800055014,8,10,25,2000,3,1,1,1,6,02228,M,0.0,0.0,02
200800055015,8,10,21,700,3,2,1,3,3,02307,M,0.0,0.0,02
200800055016,8,10,16,1235,1,1,1,2,1,02459,M,0.0,0.0,02
200800055017,8,10,30,1415,1,2,1,1,2,02420,M,0.0,0.0,02
200800055018,8,10,5,115,3,1,1,1,7,02310,M,4990900.0,346100.0,02
200800055019,8,10,15,1530,1,2,1,2,6,02095,M,4999100.0,345300.0,02
200800055020,8,10,24,1515,1,1,1,1,7,02400,M,4945600.0,344100.0,02
200800055021,8,10,6,830,1,1,1,2,1,02195,M,0.0,0.0,02
200800055022,8,10,13,1630,1,2,1,1,3,02810,M,0.0,0.0,02
200800055023,8,10,31,2040,3,1,1,1,2,02103,M,0.0,0.0,02
200800055024,8,10,7,1930,2,2,1,1,7,02769,M,0.0,0.0,02
200800055025,8,10,24,1630,1,1,1,1,6,02020,M,4987900.0,419100.0,02
200800055026,8,10,19,200,3,1,6,1,6,60009,M,0.0,0.0,60
200800055027,8,10,21,2030,5,2,1,1,3,60646,M,0.0,0.0,60
200800055028,8,10,31,1730,2,2,1,1,6,60628,M,0.0,0.0,60
200800055029,8,10,12,1400,1,1,1,1,2,60577,M,4946000.0,178000.0,60
200800055030,8,10,15,1700,1,1,1,2,7,60455,M,0.0,0.0,60
200800055031,8,10,17,1830,2,1,1,1,2,60510,M,0.0,0.0,60
200800055032,8,10,2,830,1,1,1,1,2,60528,M,0.0,0.0,60
200800055033,8,10,8,1000,1,1,1,1,7,60532,M,0.0,0.0,60
200800055034,8,10,12,1645,1,1,2,1,3,60512,M,0.0,0.0,60
200800055035,8,10,23,1000,3,1,2,1,2,60352,M,0.0,0.0,60
200800055036,8,10,11,2330,3,1,1,5,7,60335,M,0.0,0.0,60
200800055037,8,10,17,1800,1,2,1,1,6,60180,M,0.0,0.0,60
200800055038,8,10,18,915,1,1,1,1,3,60233,M,0.0,0.0,60
200800055039,8,10,24,2200,3,1,1,1,7,60180,M,0.0,0.0,60
200800055040,8,10,21,1315,1,2,1,1,6,60245,M,0.0,0.0,60
200800055041,8,10,15,600,3,1,1,2,7,60604,M,0.0,0.0,60
200800055042,8,10,26,1800,3,1,1,2,3,60469,M,0.0,0.0,60
200800055043,8,10,2,1245,1,1,1,2,1,60215,M,0.0,0.0,60
200800055044,8,10,5,1845,1,1,1,2,5,60234,M,0.0,0.0,60
200800055045,8,10,24,1245,1,1,1,1,6,60692,M,0.0,0.0,60
200800055046,8,10,21,815,1,1,1,2,1,60134,M,4933000.0,245300.0,60
200800055047,8,10,25,1515,1,2,1,1,2,60342,M,0.0,0.0,60
200800055048,8,10,12,1515,1,2,1,1,1,60574,M,0.0,0.0,60
200800055049,8,10,17,1745,1,2,2,1,3,60439,M,0.0,0.0,60
200800055050,8,10,18,1915,2,1,1,1,2,60468,M,0.0,0.0,60
200800055051,8,10,11,730,1,2,1,1,6,60064,M,4941700.0,298600.0,60
200800055052,8,10,15,745,5,2,1,2,1,60647,M,0.0,0.0,60
200800055053,8,10,15,1515,1,2,1,1,6,60636,M,0.0,0.0,60
200800055054,8,10,5,1400,1,2,1,2,1,60338,M,4936100.0,277300.0,60
200800055055,8,10,7,800,2,1,1,2,1,60338,M,4935400.0,277100.0,60
200800055056,8,10,30,1100,1,1,1,1,7,60533,M,0.0,0.0,60
200800055057,8,10,4,2130,3,1,1,1,5,60471,M,0.0,0.0,60
200800055058,8,10,30,1845,5,2,1,2,4,60037,M,0.0,0.0,60
200800055059,8,10,26,15,5,2,1,1,6,57124,M,0.0,0.0,57
200800055060,8,10,11,1700,3,1,1,1,1,60450,M,0.0,0.0,60
200800055061,8,10,26,2145,5,2,1,2,3,60060,M,0.0,0.0,60
200800055062,8,10,8,1800,1,2,1,1,3,60141,M,4918400.0,245700.0,60
200800055063,8,10,10,1030,1,2,1,1,6,60141,M,0.0,0.0,60
200800055064,8,10,31,2045,5,1,1,1,1,60661,M,0.0,0.0,60
200800055065,8,10,15,1315,1,1,1,1,6,60213,M,0.0,0.0,60
200800055066,8,10,4,600,2,1,1,8,7,60027,M,0.0,0.0,60
200800055067,8,10,18,1230,1,2,1,1,6,60067,M,0.0,0.0,60
200800055068,8,10,6,1700,1,1,2,2,3,76367,M,0.0,0.0,76
200800055069,8,10,30,1415,1,1,1,1,3,76547,M,0.0,0.0,76
200800055070,8,10,12,615,3,2,1,1,6,76051,M,4979600.0,100100.0,76
200800055071,8,10,17,1715,1,2,1,1,3,76515,M,4989400.0,88900.0,76
200800055072,8,10,12,1130,1,1,1,1,3,76636,M,0.0,0.0,76
200800055073,8,10,15,730,2,1,1,2,6,76068,M,0.0,0.0,76
200800055074,8,10,7,1630,1,1,1,2,3,76627,M,0.0,0.0,76
200800055075,8,10,9,1545,1,1,1,1,3,76751,M,0.0,0.0,76
200800055076,8,10,11,1745,1,2,1,1,6,76751,M,0.0,0.0,76
200800055077,8,10,17,745,2,1,2,1,4,76421,M,0.0,0.0,76
200800055078,8,10,16,1030,1,1,1,2,3,76392,M,4983900.0,140100.0,76
200800055079,8,10,19,2230,3,1,1,2,3,76399,M,4978400.0,144300.0,76
200800055080,8,10,26,1600,1,1,1,2,3,76459,M,4970900.0,149400.0,76
200800055081,8,10,26,1800,5,1,1,3,1,76441,M,4994800.0,159200.0,76
200800055082,8,10,17,1945,3,1,1,1,6,76578,M,0.0,0.0,76
200800055083,8,10,24,1845,2,1,1,2,4,76666,M,0.0,0.0,76
200800055084,8,10,31,1530,1,1,1,1,3,76621,M,0.0,0.0,76
200800055085,8,10,6,1400,1,1,1,1,2,76208,M,4951200.0,166800.0,76
200800055086,8,10,27,1015,1,1,1,1,2,76067,M,4947200.0,160100.0,76
200800055087,8,10,3,900,1,1,1,1,3,76758,M,0.0,0.0,76
200800055088,8,10,12,1930,2,1,1,1,5,76223,M,4962000.0,83400.0,76
200800055089,8,10,12,530,5,2,1,1,1,76495,M,0.0,0.0,76
200800055090,8,10,12,1400,1,2,6,1,3,76135,M,0.0,0.0,76
200800055091,8,10,30,1630,1,2,1,1,3,76057,M,4955800.0,96500.0,76
200800055092,8,10,15,1800,1,2,1,1,6,76655,M,4978600.0,59000.0,76
200800055093,8,10,23,1630,3,2,2,1,3,76752,M,0.0,0.0,76
200800055094,8,10,31,1345,1,1,1,1,6,76251,M,4974400.0,83800.0,76
200800055095,8,10,1,1330,1,1,1,3,6,27570,M,0.0,0.0,27
200800055096,8,10,30,1830,3,1,1,3,2,27165,M,0.0,0.0,27
200800055097,8,10,27,2015,3,1,1,2,7,27693,M,0.0,0.0,27
200800055098,8,10,10,1415,1,1,1,1,6,27193,M,4883900.0,135600.0,27
200800055099,8,10,10,1745,2,1,1,1,3,27278,M,0.0,0.0,27
200800055100,8,10,23,1230,1,1,1,1,5,27391,M,0.0,0.0,27
200800055101,8,10,7,1115,2,2,1,8,3,27070,M,0.0,0.0,27
200800055102,8,10,26,330,3,2,1,1,6,27016,M,0.0,0.0,27
200800055103,8,10,1,1215,1,1,1,2,6,27653,M,0.0,0.0,27
200800055104,8,10,31,2115,5,2,1,1,1,27262,M,0.0,0.0,27
200800055105,8,10,1,715,2,1,1,2,2,27284,M,4924700.0,179600.0,27
200800055106,8,10,7,1845,1,2,1,2,6,27226,M,4930900.0,161700.0,27
200800055107,8,10,28,1815,5,1,1,1,1,27284,M,0.0,0.0,27
200800055108,8,10,13,1800,1,2,1,1,4,27056,M,4909500.0,60600.0,27
200800055109,8,10,18,1545,1,1,1,1,2,27512,M,4917800.0,48200.0,27
200800055110,8,10,9,1700,1,2,3,1,3,27425,M,0.0,0.0,27
200800055111,8,10,11,2315,3,1,1,1,7,27311,M,0.0,0.0,27
200800055112,8,10,18,1615,3,1,1,1,3,27051,M,0.0,0.0,27
200800055113,8,10,12,1830,1,1,1,1,2,27335,M,4916400.0,118100.0,27
200800055114,8,10,23,800,2,1,1,5,4,27003,M,4916400.0,118100.0,27
200800055115,8,10,25,1845,5,2,1,1,3,27003,M,4917500.0,117700.0,27
200800055116,8,10,24,1715,1,1,1,2,1,27517,M,4912100.0,130300.0,27
200800055117,8,10,13,2015,5,2,1,1,1,27320,M,4923700.0,87100.0,27
200800055118,8,10,3,1730,1,2,1,1,3,27467,M,4935700.0,51600.0,27
200800055119,8,10,8,1645,1,1,1,1,7,27476,M,4933000.0,49100.0,27
200800055120,8,10,14,645,3,2,1,1,3,27581,M,4939400.0,52900.0,27
200800055121,8,10,29,1930,3,1,1,1,3,27126,M,0.0,0.0,27
200800055122,8,10,1,1915,1,2,1,1,4,27580,M,0.0,0.0,27
200800055123,8,10,25,1315,1,2,3,1,3,27582,M,0.0,0.0,27
200800055124,8,10,12,1645,1,1,1,1,6,27587,M,4928100.0,65800.0,27
200800055125,8,10,5,2130,3,1,1,1,6,35195,M,4830900.0,-168700.0,35
200800055126,8,10,11,1630,1,1,1,1,6,35233,M,4836400.0,-181900.0,35
200800055127,8,10,25,145,3,1,1,9,6,35120,M,4824400.0,-180600.0,35
200800055128,8,10,26,1130,1,1,1,8,7,35326,M,4830800.0,-154800.0,35
200800055129,8,10,8,1515,1,1,1,1,5,35184,M,4820100.0,-209600.0,35
200800055130,8,10,3,1930,2,1,2,8,3,35253,M,0.0,0.0,35
200800055131,8,10,12,1715,1,1,1,1,6,35341,M,0.0,0.0,35
200800055132,8,10,25,115,3,1,1,1,5,35019,M,0.0,0.0,35
200800055133,8,10,16,1800,1,1,1,1,6,35124,M,0.0,0.0,35
200800055134,8,10,1,1600,1,1,1,1,3,35126,M,0.0,0.0,35
200800055135,8,10,11,1645,1,1,1,1,6,35312,M,4791700.0,-180200.0,35
200800055136,8,10,11,2345,4,2,1,1,7,35219,M,0.0,0.0,35
200800055137,8,10,12,2130,3,1,1,1,7,35057,M,4795300.0,-190300.0,35
200800055138,8,10,16,2000,3,1,1,1,6,35123,M,4799800.0,-180200.0,35
200800055139,8,10,14,1215,1,1,2,2,3,35306,M,0.0,0.0,35
200800055140,8,10,13,715,3,1,1,1,6,35179,M,0.0,0.0,35
200800055141,8,10,1,1530,1,2,1,1,2,35095,M,0.0,0.0,35
200800055142,8,10,11,230,3,2,6,1,7,35069,M,0.0,0.0,35
200800055143,8,10,21,745,5,1,1,1,3,35327,M,0.0,0.0,35
200800055144,8,10,30,1800,5,2,1,1,6,22093,M,4847500.0,-251100.0,22
200800055145,8,10,3,1100,1,1,1,4,1,22258,M,4841000.0,-261500.0,22
200800055146,8,10,17,1600,1,1,1,1,6,22079,M,4839000.0,-271000.0,22
200800055147,8,10,12,1630,1,1,1,1,6,22376,M,4822600.0,-280200.0,22
200800055148,8,10,19,345,3,1,1,1,7,22136,M,0.0,0.0,22
200800055149,8,10,30,1245,1,1,1,8,6,22376,M,4820400.0,-284000.0,22
200800055150,8,10,9,1030,1,1,1,1,6,22162,M,0.0,0.0,22
200800055151,8,10,8,1330,1,1,1,8,1,22339,M,0.0,0.0,22
200800055152,8,10,25,945,1,2,1,1,3,22051,M,4838700.0,-233000.0,22
200800055153,8,10,29,800,1,1,1,2,3,22240,M,0.0,0.0,22
200800055154,8,10,10,1245,1,2,2,1,3,22105,M,0.0,0.0,22
200800055155,8,10,18,2330,3,1,1,1,6,22077,M,4851400.0,-245400.0,22
200800055156,8,10,5,1700,1,2,1,8,7,22183,M,4818100.0,-259300.0,22
200800055157,8,10,23,1130,1,1,1,1,3,22066,M,4833600.0,-248700.0,22
200800055158,8,10,11,2315,3,1,1,1,6,22157,M,4827500.0,-352300.0,22
200800055159,8,10,25,200,3,1,1,1,6,22229,M,4827900.0,-326300.0,22
200800055160,8,10,4,145,5,1,1,1,6,22343,M,4877300.0,-356200.0,22
200800055161,8,10,13,2030,3,1,1,1,6,22343,M,4876200.0,-353100.0,22
200800055162,8,10,28,1800,5,1,3,3,3,22134,M,0.0,0.0,22
200800055163,8,10,6,1430,1,2,1,1,6,22127,M,0.0,0.0,22
200800055164,8,10,11,1530,1,2,1,1,1,22195,M,4884400.0,-313900.0,22
200800055165,8,10,9,915,1,1,1,1,3,29168,M,0.0,0.0,29
200800055166,8,10,10,1045,1,2,1,7,1,29046,M,4809000.0,-433000.0,29
200800055167,8,10,22,1215,1,2,1,1,6,29046,M,4810100.0,-432900.0,29
200800055168,8,10,29,1800,1,2,1,2,2,29220,M,0.0,0.0,29
200800055169,8,10,18,1330,1,1,1,1,3,29075,M,4843000.0,-442600.0,29
200800055170,8,10,22,1545,1,2,1,1,1,29235,M,4840100.0,-442400.0,29
200800055171,8,10,4,2030,3,1,1,2,3,29181,M,4846800.0,-422900.0,29
200800055172,8,10,7,1345,1,1,1,8,6,29180,M,4847300.0,-413300.0,29
200800055173,8,10,18,845,1,1,2,1,2,29156,M,4843100.0,-423700.0,29
200800055174,8,10,24,715,2,2,1,2,6,29103,M,0.0,0.0,29
200800055175,8,10,27,1630,1,1,1,2,1,29240,M,4828100.0,-425100.0,29
200800055176,8,10,23,830,2,2,7,8,6,29020,M,0.0,0.0,29
200800055177,8,10,31,2045,5,2,1,1,6,29175,M,4825900.0,-382700.0,29
200800055178,8,10,13,1200,1,2,1,8,6,29105,M,4850800.0,-408200.0,29
200800055179,8,10,26,1900,3,1,1,2,7,29202,M,4843200.0,-391600.0,29
200800055180,8,10,27,1015,1,2,1,1,1,29204,M,4852300.0,-420700.0,29
200800055181,8,10,28,1230,1,1,1,1,7,29038,M,4841200.0,-395600.0,29
200800055182,8,10,11,1845,1,2,9,1,3,29259,M,0.0,0.0,29
200800055183,8,10,1,1800,1,1,1,1,1,56060,M,4775200.0,-220600.0,56
200800055184,8,10,10,2100,3,1,1,1,1,56221,M,4768700.0,-219800.0,56
200800055185,8,10,17,1630,1,1,1,1,6,56232,M,4767700.0,-211700.0,56
200800055186,8,10,8,900,1,1,1,1,1,56143,M,0.0,0.0,56
200800055187,8,10,13,1715,1,2,6,1,3,56143,M,4756800.0,-250300.0,56
200800055188,8,10,18,1645,1,1,1,1,7,56058,M,4749300.0,-237400.0,56
200800055189,8,10,31,1600,1,1,1,1,1,56111,M,0.0,0.0,56
200800055190,8,10,6,2230,5,2,6,3,1,56007,M,0.0,0.0,56
200800055191,8,10,2,1930,2,1,1,1,5,56023,M,0.0,0.0,56
200800055192,8,10,9,1245,1,1,1,1,7,56176,M,0.0,0.0,56
200800055193,8,10,30,2315,3,1,1,2,1,56176,M,4769400.0,-291000.0,56
200800055194,8,10,29,1630,1,1,1,1,1,56034,M,4759100.0,-304700.0,56
200800055195,8,10,19,1530,1,2,1,1,3,56185,M,4779700.0,-341700.0,56
200800055196,8,10,9,745,2,1,1,1,3,56118,M,4773600.0,-331700.0,56
200800055197,8,10,13,815,2,1,2,8,3,56161,M,4767200.0,-306900.0,56
200800055198,8,10,7,1300,1,1,1,2,2,56145,M,4802800.0,-232000.0,56
200800055199,8,10,27,730,1,1,9,2,1,56165,M,0.0,0.0,56
200800055200,8,10,6,1045,1,1,1,1,1,56017,M,4788700.0,-275500.0,56
200800055201,8,10,25,915,1,1,1,2,5,56113,M,4808300.0,-321700.0,56
200800055202,8,10,29,1115,1,1,1,1,6,56041,M,0.0,0.0,56
200800055203,8,10,9,515,2,1,1,5,2,56142,M,4800300.0,-289400.0,56
200800055204,8,10,19,1645,1,1,1,1,6,56142,M,4798100.0,-292500.0,56
200800055205,8,10,30,830,2,1,2,1,3,56170,M,4814600.0,-339300.0,56
200800055206,8,10,16,930,1,2,6,2,6,14228,M,0.0,0.0,14
200800055207,8,10,8,1530,1,2,1,1,6,14163,M,4916000.0,-9600.0,14
200800055208,8,10,10,1745,1,2,1,1,1,14057,M,0.0,0.0,14
200800055209,8,10,12,1845,2,1,1,1,1,14456,M,0.0,0.0,14
200800055210,8,10,18,1630,1,1,1,1,6,14310,M,4900900.0,-25700.0,14
200800055211,8,10,12,1100,1,1,2,1,3,14325,M,0.0,0.0,14
200800055212,8,10,11,1530,1,2,1,1,3,14712,M,0.0,0.0,14
200800055213,8,10,25,1045,1,2,3,1,3,14047,M,4929000.0,-71600.0,14
200800055214,8,10,8,1245,1,1,1,1,1,14387,M,4910100.0,-6800.0,14
200800055215,8,10,25,1415,1,2,1,1,3,14654,M,4902800.0,-2900.0,14
200800055216,8,10,22,2100,3,1,1,8,6,14335,M,0.0,0.0,14
200800055217,8,10,16,830,2,2,1,2,7,14730,M,4884300.0,-85400.0,14
200800055218,8,10,10,1615,1,1,1,1,6,14253,M,4891900.0,-71200.0,14
200800055219,8,10,13,1530,1,2,1,1,3,14253,M,0.0,0.0,14
200800055220,8,10,14,1645,1,1,1,1,3,14544,M,0.0,0.0,14
200800055221,8,10,25,1645,1,1,1,1,1,14523,M,0.0,0.0,14
200800055222,8,10,27,1930,3,1,1,2,1,50348,M,4925900.0,-114100.0,50
200800055223,8,10,30,2115,3,1,1,1,1,50483,M,4910700.0,-115900.0,50
200800055224,8,10,10,1900,1,2,1,1,3,50601,M,4903000.0,-98000.0,50
200800055225,8,10,11,1045,1,2,1,7,6,50025,M,4868100.0,-137300.0,50
200800055226,8,10,27,1430,1,1,1,2,1,50439,M,4875100.0,-147100.0,50
200800055227,8,10,21,1715,1,1,2,1,3,50574,M,4859900.0,-140900.0,50
200800055228,8,10,15,1630,1,1,1,8,3,50594,M,0.0,0.0,50
200800055229,8,10,19,1430,1,1,2,1,3,50041,M,0.0,0.0,50
200800055230,8,10,11,1700,1,1,1,1,1,50079,M,4953600.0,-165500.0,50
200800055231,8,10,13,1800,1,1,1,1,1,50646,M,4944300.0,-171400.0,50
200800055232,8,10,17,745,2,1,1,1,5,50335,M,4955800.0,-141000.0,50
200800055233,8,10,31,1345,1,2,2,2,3,50562,M,4959600.0,-127800.0,50
200800055234,8,10,9,1730,1,1,1,1,3,50550,M,0.0,0.0,50
200800055235,8,10,11,1515,1,1,1,1,4,50094,M,0.0,0.0,50
200800055236,8,10,20,745,5,2,6,2,3,50003,M,0.0,0.0,50
200800055237,8,10,6,1800,1,2,1,1,6,50231,M,0.0,0.0,50
200800055238,8,10,17,745,2,1,1,1,1,50109,M,0.0,0.0,50
200800055239,8,10,22,1715,1,2,1,8,3,50109,M,0.0,0.0,50
200800055240,8,10,26,1800,3,1,1,3,3,50605,M,0.0,0.0,50
200800055241,8,10,29,900,1,1,1,8,3,50463,M,0.0,0.0,50
200800055242,8,10,4,1500,1,2,1,1,3,50036,M,4931000.0,-135400.0,50
200800055243,8,10,7,2100,3,1,1,1,6,50151,M,4920700.0,-157600.0,50
200800055244,8,10,4,900,1,1,1,1,6,50195,M,0.0,0.0,50
200800055245,8,10,7,1745,1,2,1,3,4,61464,M,0.0,0.0,61
200800055246,8,10,14,2315,3,2,1,1,6,61413,M,0.0,0.0,61
200800055247,8,10,5,1900,3,1,1,3,6,61268,M,4878800.0,24900.0,61
200800055248,8,10,27,2030,3,1,1,8,7,61369,M,4866700.0,-60200.0,61
200800055249,8,10,31,1130,1,1,1,1,3,61118,M,0.0,0.0,61
200800055250,8,10,1,1000,1,1,1,1,2,61140,M,4872600.0,65900.0,61
200800055251,8,10,15,700,5,2,1,2,6,61214,M,0.0,0.0,61
200800055252,8,10,22,1730,1,1,1,1,5,61214,M,4874600.0,63000.0,61
200800055253,8,10,23,2015,3,1,1,1,6,61432,M,,,61
200800055254,8,10,4,1800,1,1,1,1,1,44064,M,4709700.0,-130900.0,44
200800055255,8,10,8,1700,1,1,1,1,1,44064,M,4710300.0,-132200.0,44
200800055256,8,10,9,930,1,1,1,7,2,44100,M,4710700.0,-131900.0,44
200800055257,8,10,17,1645,1,1,1,1,6,44043,M,4709500.0,-128100.0,44
200800055258,8,10,4,2100,5,2,6,1,3,44180,M,0.0,0.0,44
200800055259,8,10,9,1815,1,2,2,1,3,44003,M,0.0,0.0,44
200800055260,8,10,16,1645,1,1,1,1,3,44096,M,0.0,0.0,44
200800055261,8,10,21,800,2,2,1,2,6,44003,M,0.0,0.0,44
200800055262,8,10,12,815,1,1,1,1,6,44029,M,4728500.0,-137200.0,44
200800055263,8,10,13,745,2,1,1,5,2,44169,M,4725300.0,-140200.0,44
200800055264,8,10,26,30,3,1,1,3,7,44212,M,0.0,0.0,44
200800055265,8,10,12,1530,1,1,1,1,6,44082,M,0.0,0.0,44
200800055266,8,10,28,2000,3,1,1,1,1,44118,M,4748100.0,-124900.0,44
200800055267,8,10,19,1715,1,1,1,1,3,44128,M,4756400.0,-180800.0,44
200800055268,8,10,5,1830,1,1,1,1,7,44110,M,4744100.0,-154300.0,44
200800055269,8,10,22,1745,1,2,1,7,3,44073,M,4741600.0,-165100.0,44
200800055270,8,10,4,1030,1,1,1,1,2,44208,M,4764000.0,-152200.0,44
200800055271,8,10,3,1930,1,2,1,1,1,44130,M,0.0,0.0,44
200800055272,8,10,10,2230,5,2,6,1,1,44166,M,0.0,0.0,44
200800055273,8,10,8,2130,3,2,9,1,3,44047,M,4724700.0,-166900.0,44
200800055274,8,10,23,1730,1,2,1,1,6,44074,M,0.0,0.0,44
200800055275,8,10,1,1115,1,2,1,2,6,44069,M,0.0,0.0,44
200800055276,8,10,28,1045,1,2,1,1,1,44210,M,0.0,0.0,44
200800055277,8,10,24,1400,1,2,1,2,6,44129,M,4744200.0,-209400.0,44
200800055278,8,10,31,1900,5,2,1,8,3,44158,M,0.0,0.0,44
200800055279,8,10,13,1215,1,1,1,1,1,49106,M,4747800.0,-32100.0,49
200800055280,8,10,2,1745,1,1,1,1,2,49323,M,4749700.0,-49700.0,49
200800055281,8,10,8,1400,1,2,1,1,3,49377,M,0.0,0.0,49
200800055282,8,10,29,700,5,2,3,5,1,49323,M,0.0,0.0,49
200800055283,8,10,14,1715,1,1,2,1,3,49283,M,4738200.0,-75200.0,49
200800055284,8,10,4,1815,1,1,1,1,1,49301,M,0.0,0.0,49
200800055285,8,10,18,1615,1,2,1,1,6,49352,M,0.0,0.0,49
200800055286,8,10,23,715,5,2,1,1,6,49299,M,0.0,0.0,49
200800055287,8,10,10,1615,1,2,1,1,6,49276,M,4736500.0,-101600.0,49
200800055288,8,10,8,1800,1,2,6,1,7,49018,M,4755000.0,-10800.0,49
200800055289,8,10,11,915,1,2,1,1,3,49018,M,0.0,0.0,49
200800055290,8,10,26,1215,1,1,1,1,1,49125,M,4718400.0,-30700.0,49
200800055291,8,10,4,845,1,1,1,1,2,49041,M,4728800.0,7100.0,49
200800055292,8,10,19,1815,1,1,1,1,7,49014,M,0.0,0.0,49
200800055293,8,10,2,1730,1,1,1,3,3,49026,M,4749700.0,-84700.0,49
200800055294,8,10,19,130,3,1,1,1,1,49337,M,4759600.0,-45100.0,49
200800055295,8,10,18,1500,1,2,1,1,3,53097,M,4816300.0,-40100.0,53
200800055296,8,10,4,1200,1,1,1,1,2,53136,M,0.0,0.0,53
200800055297,8,10,10,2115,4,1,1,1,3,53210,M,0.0,0.0,53
200800055298,8,10,10,1130,1,2,6,1,6,53084,M,0.0,0.0,53
200800055299,8,10,21,1530,1,1,1,1,2,53186,M,4793600.0,-83600.0,53
200800055300,8,10,20,2000,2,1,1,1,2,53035,M,0.0,0.0,53
200800055301,8,10,31,1900,3,1,1,1,3,53012,M,0.0,0.0,53
200800055302,8,10,13,1730,1,2,1,1,1,53147,M,4831500.0,-62300.0,53
200800055303,8,10,25,1730,1,1,1,1,1,72286,M,0.0,0.0,72
200800055304,8,10,26,900,1,1,1,1,1,72042,M,0.0,0.0,72
200800055305,8,10,26,1815,2,2,2,1,3,72128,M,0.0,0.0,72
200800055306,8,10,2,945,2,1,1,1,3,72217,M,4807200.0,20800.0,72
200800055307,8,10,3,1815,1,2,1,1,6,72154,M,4772100.0,-10000.0,72