Num_Acc,an,mois,jour,hrmn,lum,agg,int,atm,col,com,gps,lat,long,dep
200800055308,8,10,9,530,3,1,1,5,6,72115,M,0.0,0.0,72
200800055309,8,10,3,1800,1,1,1,1,3,72226,M,0.0,0.0,72
200800055310,8,10,2,1830,2,1,1,1,1,72098,M,0.0,0.0,72
200800055311,8,10,18,1300,1,1,1,1,7,72135,M,4778900.0,7600.0,72
200800055312,8,10,10,1630,1,1,1,1,7,72135,M,0.0,0.0,72
200800055313,8,10,25,400,3,1,1,8,7,72264,M,0.0,0.0,72
200800055314,8,10,6,1930,3,1,1,2,3,72337,M,4832400.0,-4800.0,72
200800055315,8,10,15,1930,3,1,1,1,7,72380,M,4825100.0,16000.0,72
200800055316,8,10,12,245,3,1,1,1,1,85246,M,4673800.0,-118200.0,85
200800055317,8,10,26,1345,1,1,1,2,7,85065,M,0.0,0.0,85
200800055318,8,10,6,900,1,1,1,8,3,85190,M,0.0,0.0,85
200800055319,8,10,12,1615,1,1,1,1,6,85190,M,0.0,0.0,85
200800055320,8,10,19,915,1,1,1,1,3,85021,M,0.0,0.0,85
200800055321,8,10,19,1745,1,1,1,1,3,85224,M,0.0,0.0,85
200800055322,8,10,1,1845,1,1,1,8,7,85238,M,4696100.0,-91600.0,85
200800055323,8,10,16,1830,1,1,2,1,3,85302,M,0.0,0.0,85
200800055324,8,10,21,1030,1,1,1,2,6,85247,M,4695200.0,-103400.0,85
200800055325,8,10,11,1445,1,2,6,1,3,85155,M,4672500.0,-145700.0,85
200800055326,8,10,14,1015,1,1,1,1,1,85178,M,0.0,0.0,85
200800055327,8,10,16,1315,1,1,1,1,6,85155,M,0.0,0.0,85
200800055328,8,10,23,830,2,2,1,1,3,85178,M,0.0,0.0,85
200800055329,8,10,16,2315,5,2,1,1,7,85092,M,0.0,0.0,85
200800055330,8,10,20,1200,1,1,1,1,7,85126,M,0.0,0.0,85
200800055331,8,10,3,1600,1,2,1,3,6,85128,M,4645900.0,-116800.0,85
200800055332,8,10,9,1815,1,1,1,1,1,85042,M,4637800.0,-100200.0,85
200800055333,8,10,24,1945,5,2,1,1,1,85049,M,4638600.0,-112800.0,85
200800055334,8,10,9,915,1,1,1,1,1,85257,M,4683700.0,-93100.0,85
200800055335,8,10,14,2000,3,1,2,1,1,85264,M,4669400.0,-70500.0,85
200800055336,8,10,18,2015,5,2,1,1,1,85182,M,4678700.0,-83900.0,85
200800055337,8,10,21,1230,1,1,1,3,7,85257,M,4684400.0,-90900.0,85
200800055338,8,10,4,2300,3,1,1,1,7,85243,M,0.0,0.0,85
200800055339,8,10,29,1945,3,1,1,1,7,85002,M,4666000.0,-181400.0,85
200800055340,8,10,3,1945,2,1,9,8,4,85273,M,0.0,0.0,85
200800055341,8,10,6,100,3,2,1,2,6,85284,M,4680200.0,-190100.0,85
200800055342,8,10,11,1600,1,1,1,1,6,85221,M,0.0,0.0,85
200800055343,8,10,15,1700,1,2,1,1,1,85018,M,4692200.0,-204900.0,85
200800055344,8,10,15,945,1,2,1,1,6,85114,M,0.0,0.0,85
200800055345,8,10,24,2330,5,2,6,1,6,33498,M,0.0,0.0,33
200800055346,8,10,8,715,2,1,1,1,3,33449,M,0.0,0.0,33
200800055347,8,10,18,1730,1,2,1,1,1,33449,M,0.0,0.0,33
200800055348,8,10,29,745,1,1,1,1,6,33389,M,0.0,0.0,33
200800055349,8,10,6,900,3,1,1,1,6,33233,M,4516700.0,-34200.0,33
200800055350,8,10,10,2015,5,1,1,1,6,33438,M,4457500.0,-24600.0,33
200800055351,8,10,25,745,2,1,1,1,3,33049,M,0.0,0.0,33
200800055352,8,10,1,1045,1,2,1,1,6,33140,M,4478100.0,-34700.0,33
200800055353,8,10,5,700,2,1,1,1,6,33363,M,0.0,0.0,33
200800055354,8,10,2,630,5,1,1,2,3,33496,M,0.0,0.0,33
200800055355,8,10,8,630,2,1,1,2,7,33120,M,4463600.0,-33100.0,33
200800055356,8,10,20,1845,1,1,1,1,6,33366,M,4500500.0,-46400.0,33
200800055357,8,10,6,1100,1,2,6,1,6,33227,M,0.0,0.0,33
200800055358,8,10,16,1730,5,2,1,1,6,33223,M,0.0,0.0,33
200800055359,8,10,11,1700,1,1,1,1,1,33547,M,0.0,0.0,33
200800055360,8,10,15,1200,1,1,1,1,7,33057,M,4475900.0,-6100.0,33
200800055361,8,10,21,900,1,2,1,1,1,33476,M,4529900.0,-79000.0,33
200800055362,8,10,3,2030,3,1,1,2,1,33494,M,0.0,0.0,33
200800055363,8,10,7,1515,1,1,1,2,1,33022,M,4500400.0,-76900.0,33
200800055364,8,10,4,2045,3,1,1,1,1,33314,M,0.0,0.0,33
200800055365,8,10,7,2045,3,2,1,3,6,33015,M,4491600.0,-25700.0,33
200800055366,8,10,29,615,2,2,1,5,6,33207,M,4492400.0,-37000.0,33
200800055367,8,10,3,1245,1,1,1,1,1,33394,M,4493500.0,-14900.0,33
200800055368,8,10,10,1700,1,1,2,1,3,33546,M,0.0,0.0,33
200800055369,8,10,6,745,2,2,1,1,1,33108,M,0.0,0.0,33
200800055370,8,10,27,1415,1,1,1,8,1,33480,M,0.0,0.0,33
200800055371,8,10,16,1045,1,1,1,1,1,33315,M,0.0,0.0,33
200800055372,8,10,18,215,3,1,1,1,6,33393,M,0.0,0.0,33
200800055373,8,10,18,1430,1,2,1,1,6,33509,M,0.0,0.0,33
200800055374,8,10,11,930,1,2,1,1,6,33447,M,0.0,0.0,33
200800055375,8,10,13,2215,3,1,1,8,6,33166,M,0.0,0.0,33
200800055376,8,10,17,1315,1,2,1,1,7,33447,M,0.0,0.0,33
200800055377,8,10,12,1715,1,1,1,1,1,24439,M,4515100.0,80000.0,24
200800055378,8,10,20,1115,1,1,1,1,4,24115,M,0.0,0.0,24
200800055379,8,10,31,1645,1,1,1,2,3,24146,M,4506100.0,67800.0,24
200800055380,8,10,9,1030,1,1,1,1,1,24579,M,0.0,0.0,24
200800055381,8,10,11,1630,1,1,1,1,7,24170,M,0.0,0.0,24
200800055382,8,10,21,1030,1,1,1,2,7,24170,M,0.0,0.0,24
200800055383,8,10,27,1330,1,1,1,2,6,24108,M,0.0,0.0,24
200800055384,8,10,31,715,1,1,1,1,3,24237,M,4489100.0,54800.0,24
200800055385,8,10,10,630,3,1,1,5,1,24045,M,0.0,0.0,24
200800055386,8,10,26,1730,2,1,1,1,6,24274,M,0.0,0.0,24
200800055387,8,10,15,715,3,1,1,1,4,24289,M,4485600.0,5200.0,24
200800055388,8,10,2,1745,1,1,1,2,1,24001,M,0.0,0.0,24
200800055389,8,10,24,1645,1,1,1,1,6,24271,M,0.0,0.0,24
200800055390,8,10,5,830,1,1,1,1,2,24158,M,0.0,0.0,24
200800055391,8,10,7,1630,1,1,1,2,6,24134,M,4566300.0,56300.0,24
200800055392,8,10,6,1745,1,1,1,1,6,24537,M,0.0,0.0,24
200800055393,8,10,31,1145,1,1,1,8,6,24059,M,0.0,0.0,24
200800055394,8,10,5,530,3,1,1,1,6,24469,M,4514600.0,3200.0,24
200800055395,8,10,1,1400,1,1,1,1,6,24432,M,0.0,0.0,24
200800055396,8,10,26,1730,1,1,1,1,6,24520,M,0.0,0.0,24
200800055397,8,10,18,900,1,1,1,1,3,24091,M,4478700.0,122100.0,24
200800055398,8,10,8,2100,5,2,1,1,6,24130,M,0.0,0.0,24
200800055399,8,10,15,1430,1,1,1,1,6,24491,M,4519000.0,114500.0,24
200800055400,8,10,29,1515,1,1,1,8,1,24491,M,0.0,0.0,24
200800055401,8,10,11,1500,1,2,1,1,1,40245,M,0.0,0.0,40
200800055402,8,10,25,230,3,1,6,1,3,40313,M,0.0,0.0,40
200800055403,8,10,26,1745,1,1,1,1,7,40230,M,0.0,0.0,40
200800055404,8,10,1,830,1,1,1,1,7,40038,M,4368200.0,-72800.0,40
200800055405,8,10,2,545,5,1,1,3,1,40273,M,4352800.0,-140700.0,40
200800055406,8,10,6,1745,1,2,1,1,6,40312,M,4354400.0,-146100.0,40
200800055407,8,10,20,1015,1,2,1,1,6,40257,M,0.0,0.0,40
200800055408,8,10,25,500,3,1,1,1,6,40302,M,0.0,0.0,40
200800055409,8,10,2,1200,1,1,1,3,1,40043,M,4415800.0,-121400.0,40
200800055410,8,10,8,1000,1,2,1,1,1,40119,M,4366300.0,-58800.0,40
200800055411,8,10,10,1830,1,1,9,1,3,40001,M,0.0,0.0,40
200800055412,8,10,26,30,3,1,1,1,6,40097,M,4369800.0,-38300.0,40
200800055413,8,10,13,1115,1,2,1,1,6,40100,M,4393700.0,-23700.0,40
200800055414,8,10,30,1045,1,1,1,1,1,40161,M,4410100.0,-1900.0,40
200800055415,8,10,21,1745,1,1,1,2,1,47019,M,4427500.0,68600.0,47
200800055416,8,10,23,1430,1,1,1,1,4,47100,M,4424000.0,61400.0,47
200800055417,8,10,26,1500,1,1,1,1,7,47019,M,0.0,0.0,47
200800055418,8,10,10,2215,3,1,1,1,1,47300,M,0.0,0.0,47
200800055419,8,10,14,815,1,1,1,5,1,47004,M,0.0,0.0,47
200800055420,8,10,24,2030,3,1,1,1,2,47062,M,0.0,0.0,47
200800055421,8,10,26,1645,1,1,1,1,1,47138,M,0.0,0.0,47
200800055422,8,10,4,1015,1,1,1,1,6,47168,M,4457200.0,36000.0,47
200800055423,8,10,13,1730,1,1,1,1,3,47290,M,4465100.0,34300.0,47
200800055424,8,10,14,1900,3,1,1,1,7,47301,M,4452600.0,28000.0,47
200800055425,8,10,1,1730,1,1,1,2,1,47131,M,0.0,0.0,47
200800055426,8,10,4,2000,3,1,1,1,6,47130,M,4440600.0,23900.0,47
200800055427,8,10,26,1700,1,1,1,1,6,47046,M,0.0,0.0,47
200800055428,8,10,5,1415,1,1,1,1,6,47119,M,4417000.0,2400.0,47
200800055429,8,10,15,1245,1,2,1,1,6,47123,M,0.0,0.0,47
200800055430,8,10,31,1630,2,1,1,2,1,47146,M,0.0,0.0,47
200800055431,8,10,4,1430,1,1,1,1,1,47033,M,0.0,0.0,47
200800055432,8,10,6,1745,1,1,1,1,5,64238,M,0.0,0.0,64
200800055433,8,10,9,2015,5,2,1,1,7,64208,M,4342200.0,-24400.0,64
200800055434,8,10,30,830,1,1,1,3,6,64517,M,4349300.0,-8900.0,64
200800055435,8,10,26,1800,2,1,1,1,1,64308,M,4348800.0,-32600.0,64
200800055436,8,10,19,2000,3,1,1,1,3,64147,M,4347100.0,-129200.0,64
200800055437,8,10,15,1200,1,2,1,1,1,64527,M,4334400.0,-147100.0,64
200800055438,8,10,15,1145,1,2,1,1,3,64371,M,4322200.0,-89200.0,64
200800055439,8,10,23,1545,1,2,1,1,6,64371,M,4322800.0,-88900.0,64
200800055440,8,10,25,1845,2,1,3,1,3,64537,M,4314300.0,-87600.0,64
200800055441,8,10,31,1830,5,2,9,2,6,64485,M,0.0,0.0,64
200800055442,8,10,15,1530,1,1,1,1,1,64156,M,4316400.0,-47800.0,64
200800055443,8,10,17,2045,5,2,1,1,3,64062,M,0.0,0.0,64
200800055444,8,10,1,1715,1,1,1,1,6,86135,M,0.0,0.0,86
200800055445,8,10,22,1600,1,2,1,1,3,86139,M,0.0,0.0,86
200800055446,8,10,25,2000,3,1,1,1,6,86213,M,0.0,0.0,86
200800055447,8,10,7,1145,1,1,1,1,6,86030,M,4673500.0,21100.0,86
200800055448,8,10,26,1945,3,1,1,1,2,86174,M,0.0,0.0,86
200800055449,8,10,18,1245,1,1,1,1,1,86224,M,4691400.0,44900.0,86
200800055450,8,10,20,2100,3,1,1,1,6,86086,M,4681800.0,71300.0,86
200800055451,8,10,25,1715,1,2,1,1,6,86259,M,4678600.0,60700.0,86
200800055452,8,10,27,1615,1,1,1,1,1,86009,M,0.0,0.0,86
200800055453,8,10,4,1815,1,2,1,1,3,86149,M,4692300.0,6000.0,86
200800055454,8,10,25,1115,1,1,3,1,3,86286,M,4690000.0,19000.0,86
200800055455,8,10,17,1600,1,1,2,1,3,86192,M,4629500.0,84700.0,86
200800055456,8,10,4,1015,1,2,1,1,6,86070,M,4657200.0,64900.0,86
200800055457,8,10,26,1815,2,1,2,1,3,86255,M,0.0,0.0,86
200800055458,8,10,1,2345,5,2,1,8,1,86140,M,0.0,0.0,86
200800055459,8,10,25,515,3,1,1,5,6,86006,M,4654900.0,85900.0,86
200800055460,8,10,9,2100,3,1,1,1,7,16355,M,4575000.0,-45100.0,16
200800055461,8,10,18,845,1,1,9,1,1,16384,M,4535400.0,-20200.0,16
200800055462,8,10,10,2345,3,1,1,8,1,16031,M,4600200.0,21600.0,16
200800055463,8,10,4,945,1,1,1,1,3,16244,M,0.0,0.0,16
200800055464,8,10,25,1545,1,1,1,1,2,16078,M,4569600.0,19600.0,16
200800055465,8,10,13,445,3,1,1,1,6,16385,M,4567700.0,24700.0,16
200800055466,8,10,25,1745,1,1,1,1,2,16385,M,0.0,0.0,16
200800055467,8,10,25,2230,3,2,1,1,7,16061,M,0.0,0.0,16
200800055468,8,10,29,1900,3,1,1,1,5,16262,M,4576600.0,-10800.0,16
200800055469,8,10,30,1630,1,1,1,3,1,16286,M,0.0,0.0,16
200800055470,8,10,6,830,1,1,1,2,3,17109,M,0.0,0.0,17
200800055471,8,10,9,1615,1,1,1,1,1,17297,M,4615700.0,-128100.0,17
200800055472,8,10,12,2200,3,1,1,1,5,17233,M,4544900.0,-37600.0,17
200800055473,8,10,22,1930,2,2,1,1,2,17236,M,0.0,0.0,17
200800055474,8,10,4,2015,5,2,1,1,1,17021,M,0.0,0.0,17
200800055475,8,10,22,1200,1,1,1,1,5,17107,M,0.0,0.0,17
200800055476,8,10,28,1400,1,1,1,1,6,17338,M,4615000.0,-71000.0,17
200800055477,8,10,30,1400,1,2,1,3,1,17434,M,4611000.0,-75000.0,17
200800055478,8,10,20,1915,3,1,1,1,1,17133,M,0.0,0.0,17
200800055479,8,10,9,1500,1,2,6,1,3,17347,M,0.0,0.0,17
200800055480,8,10,15,1400,1,1,1,1,6,17124,M,4603600.0,-61900.0,17
200800055481,8,10,16,730,2,1,1,3,6,17223,M,4587500.0,-28300.0,17
200800055482,8,10,5,1345,1,1,2,2,3,79066,M,4644700.0,-38900.0,79
200800055483,8,10,7,1200,1,2,3,1,3,79066,M,4648700.0,-40700.0,79
200800055484,8,10,14,1830,2,1,1,1,1,79133,M,4643100.0,-39300.0,79
200800055485,8,10,5,1000,1,2,1,1,5,79294,M,4620800.0,-34500.0,79
200800055486,8,10,24,2230,3,1,1,1,2,79128,M,0.0,0.0,79
200800055487,8,10,20,1000,1,1,1,1,3,79237,M,4695200.0,-68300.0,79
200800055488,8,10,23,2300,5,2,1,1,7,79195,M,4696100.0,-59200.0,79
200800055489,8,10,28,1345,1,1,1,1,1,79356,M,0.0,0.0,79
200800055490,8,10,31,545,5,2,6,2,6,79195,M,0.0,0.0,79
200800055491,8,10,11,2030,3,1,1,1,6,79134,M,0.0,0.0,79
200800055492,8,10,12,1545,1,1,1,1,6,79171,M,0.0,0.0,79
200800055493,8,10,20,1230,1,1,1,8,1,79265,M,0.0,0.0,79
200800055494,8,10,18,1600,1,1,1,1,1,79164,M,4619000.0,-3900.0,79
200800055495,8,10,5,1000,1,2,1,1,3,79322,M,0.0,0.0,79
200800055496,8,10,10,1745,1,2,1,1,2,79322,M,0.0,0.0,79
200800055497,8,10,22,1530,1,2,1,1,1,79225,M,0.0,0.0,79
200800055498,8,10,6,1730,1,2,4,1,1,79167,M,0.0,0.0,79
200800055499,8,10,24,1845,1,1,1,1,3,79239,M,4667400.0,-32300.0,79
200800055500,8,10,1,830,1,1,1,1,6,87202,M,4590700.0,107900.0,87
200800055501,8,10,13,1130,1,1,1,1,1,87201,M,4585300.0,117000.0,87
200800055502,8,10,10,2015,5,1,1,1,2,87002,M,4594800.0,138700.0,87
200800055503,8,10,1,1815,1,1,1,1,6,87071,M,4560900.0,97600.0,87
200800055504,8,10,12,1400,1,1,1,1,2,87112,M,4568800.0,100900.0,87
200800055505,8,10,15,2300,3,1,1,1,7,87112,M,4569900.0,98700.0,87
200800055506,8,10,22,1130,1,1,1,1,5,87112,M,4568900.0,100600.0,87
200800055507,8,10,26,445,3,1,1,1,6,87187,M,4551700.0,114900.0,87
200800055508,8,10,27,1315,1,1,1,2,3,87139,M,4616300.0,96100.0,87
200800055509,8,10,18,1100,1,1,1,1,6,87087,M,4633300.0,118000.0,87
200800055510,8,10,19,2330,5,2,1,1,7,87140,M,4588300.0,95100.0,87
200800055511,8,10,24,1430,1,1,1,1,6,87185,M,0.0,0.0,87
200800055512,8,10,11,1715,1,2,1,1,6,87158,M,4577400.0,96300.0,87
200800055513,8,10,1,1800,1,1,1,1,3,19096,M,4522300.0,182500.0,19
200800055514,8,10,18,1030,1,1,1,1,6,19081,M,4556000.0,156200.0,19
200800055515,8,10,5,1700,1,2,1,1,1,19036,M,4558300.0,171900.0,19
200800055516,8,10,14,1000,1,1,1,1,6,19118,M,4546000.0,170600.0,19
200800055517,8,10,23,1715,1,1,2,1,5,19178,M,4527000.0,155000.0,19
200800055518,8,10,18,1415,1,1,9,1,3,19279,M,0.0,0.0,19
200800055519,8,10,12,1045,1,1,1,1,6,23004,M,4623700.0,185300.0,23
200800055520,8,10,17,1200,1,1,2,1,3,23006,M,4609300.0,156200.0,23
200800055521,8,10,21,500,3,1,1,3,6,23247,M,4619500.0,178200.0,23
200800055522,8,10,26,1200,1,1,1,1,6,23036,M,4625500.0,171800.0,23
200800055523,8,10,6,200,3,1,1,2,6,23177,M,4628900.0,147300.0,23
200800055524,8,10,14,815,1,2,9,1,6,23176,M,4624200.0,148600.0,23
200800055525,8,10,19,100,5,2,1,1,3,23176,M,4625000.0,149900.0,23
200800055526,8,10,4,1015,1,2,1,7,6,23061,M,4611700.0,217900.0,23
200800055527,8,10,8,1315,1,1,1,2,7,23164,M,4605200.0,249900.0,23
200800055528,8,10,26,1930,3,1,1,1,6,23126,M,4600500.0,172500.0,23
200800055529,8,10,15,2145,5,2,1,1,3,31409,M,0.0,0.0,31
200800055530,8,10,1,445,3,1,1,1,3,31079,M,4382100.0,140100.0,31
200800055531,8,10,1,1600,1,1,3,1,3,31587,M,4376800.0,140900.0,31
200800055532,8,10,11,2000,3,1,1,1,6,31592,M,0.0,0.0,31
200800055533,8,10,21,1815,2,2,9,1,5,31403,M,0.0,0.0,31
200800055534,8,10,27,1400,1,2,1,1,1,31232,M,4378300.0,128700.0,31
200800055535,8,10,31,2245,3,1,1,1,1,31592,M,4371500.0,124700.0,31
200800055536,8,10,3,800,1,2,1,1,1,31291,M,4360700.0,125100.0,31
200800055537,8,10,16,745,2,2,1,1,3,31526,M,4357200.0,126700.0,31
200800055538,8,10,5,345,5,1,1,1,3,31182,M,0.0,0.0,31
200800055539,8,10,11,1815,1,1,1,1,1,31516,M,0.0,0.0,31
200800055540,8,10,23,1515,1,1,1,1,3,31490,M,0.0,0.0,31
200800055541,8,10,29,1915,3,2,1,2,3,31293,M,0.0,0.0,31
200800055542,8,10,30,1900,5,2,9,1,6,31182,M,4367200.0,141200.0,31
200800055543,8,10,17,1700,1,2,1,1,3,31117,M,0.0,0.0,31
200800055544,8,10,23,1730,1,2,1,1,3,31117,M,0.0,0.0,31
200800055545,8,10,25,830,2,2,1,1,7,31488,M,0.0,0.0,31
200800055546,8,10,12,1730,1,1,1,1,7,31375,M,0.0,0.0,31
200800055547,8,10,15,1630,1,2,1,1,3,31303,M,0.0,0.0,31
200800055548,8,10,29,1500,1,2,1,1,2,31406,M,4320500.0,106200.0,31
200800055549,8,10,5,1830,1,1,1,1,7,31188,M,4357100.0,119800.0,31
200800055550,8,10,24,1745,1,2,1,1,6,31187,M,0.0,0.0,31
200800055551,8,10,16,1600,1,1,1,1,6,31247,M,4309700.0,65900.0,31
200800055552,8,10,18,815,2,1,1,1,6,31502,M,4319700.0,73200.0,31
200800055553,8,10,18,415,3,1,1,1,6,31041,M,4298800.0,62600.0,31
200800055554,8,10,24,1130,1,1,1,1,1,31308,M,4301600.0,61700.0,31
200800055555,8,10,3,1630,1,1,1,1,1,31239,M,0.0,0.0,31
200800055556,8,10,8,1330,1,1,1,1,3,31457,M,4315800.0,97400.0,31
200800055557,8,10,4,1500,1,1,1,1,1,31377,M,4343200.0,172400.0,31
200800055558,8,10,16,1445,1,1,2,2,3,31003,M,4356600.0,158600.0,31
200800055559,8,10,8,745,2,2,1,2,6,31451,M,0.0,0.0,31
200800055560,8,10,24,900,1,1,1,7,3,09272,M,0.0,0.0,09
200800055561,8,10,25,1800,1,1,1,1,1,09143,M,0.0,0.0,09
200800055562,8,10,29,1900,2,1,1,2,6,09238,M,0.0,0.0,09
200800055563,8,10,21,1600,1,1,1,1,6,09123,M,0.0,0.0,09
200800055564,8,10,11,815,1,1,1,8,5,09209,M,4300000.0,118900.0,09
200800055565,8,10,20,700,1,1,1,1,6,09299,M,0.0,0.0,09
200800055566,8,10,25,915,1,1,1,1,1,12001,M,4436300.0,265300.0,12
200800055567,8,10,8,1515,1,1,1,2,1,12271,M,4437200.0,285000.0,12
200800055568,8,10,22,1415,1,1,1,2,5,12142,M,0.0,0.0,12
200800055569,8,10,28,900,1,1,1,2,4,12130,M,4458600.0,217800.0,12
200800055570,8,10,3,2245,3,1,1,2,7,12225,M,0.0,0.0,12
200800055571,8,10,10,2130,5,1,1,1,1,12225,M,4407400.0,298900.0,12
200800055572,8,10,19,1130,1,1,1,1,1,12238,M,0.0,0.0,12
200800055573,8,10,3,1015,1,1,1,8,7,12196,M,4434800.0,296400.0,12
200800055574,8,10,23,1445,1,1,1,1,6,12039,M,4379000.0,294100.0,12
200800055575,8,10,10,1730,1,1,1,1,7,12136,M,4441200.0,209700.0,12
200800055576,8,10,31,2200,3,1,1,1,6,32279,M,0.0,0.0,32
200800055577,8,10,7,1015,1,1,1,1,6,32335,M,4374300.0,75000.0,32
200800055578,8,10,30,2300,3,1,1,2,6,32160,M,4362900.0,111600.0,32
200800055579,8,10,13,1100,1,2,1,1,6,32065,M,4367200.0,39500.0,32
200800055580,8,10,24,930,2,1,1,1,2,32054,M,4372800.0,38400.0,32
200800055581,8,10,22,1745,1,2,1,1,6,32119,M,4386600.0,10300.0,32
200800055582,8,10,9,1630,1,1,1,1,6,32306,M,0.0,0.0,32
200800055583,8,10,29,1815,3,1,1,2,6,32370,M,0.0,0.0,32
200800055584,8,10,22,1930,3,1,1,1,6,32041,M,4342400.0,63500.0,32
200800055585,8,10,30,900,1,1,1,3,1,32254,M,4355200.0,47200.0,32
200800055586,8,10,9,815,3,2,1,5,7,32383,M,4349000.0,15300.0,32
200800055587,8,10,14,730,2,1,1,5,3,32152,M,0.0,0.0,32
200800055588,8,10,30,1645,1,1,1,1,7,32020,M,0.0,0.0,32
200800055589,8,10,14,715,3,1,1,1,1,32027,M,4275000.0,-39400.0,32
200800055590,8,10,7,900,1,1,1,1,7,46137,M,0.0,0.0,46
200800055591,8,10,12,1730,1,1,1,1,6,46287,M,4426200.0,143900.0,46
200800055592,8,10,26,1915,3,1,1,1,6,46287,M,4430800.0,147000.0,46
200800055593,8,10,21,1530,1,1,1,8,1,46033,M,0.0,0.0,46
200800055594,8,10,12,1645,1,1,3,1,3,46120,M,4461700.0,126900.0,46
200800055595,8,10,10,1900,2,2,6,1,6,46102,M,4461300.0,203800.0,46
200800055596,8,10,16,1130,1,1,1,2,3,46102,M,4461800.0,203700.0,46
200800055597,8,10,24,2300,3,1,1,1,6,46051,M,4462100.0,194500.0,46
200800055598,8,10,17,900,1,1,1,1,2,46271,M,0.0,0.0,46
200800055599,8,10,16,1330,1,1,1,1,6,46144,M,4485400.0,153100.0,46
200800055600,8,10,27,745,2,1,1,1,1,65464,M,4314900.0,11000.0,65
200800055601,8,10,9,1300,1,1,1,1,7,65263,M,0.0,0.0,65
200800055602,8,10,12,2330,3,2,1,1,6,65129,M,0.0,0.0,65
200800055603,8,10,22,1130,1,1,1,2,6,65315,M,0.0,0.0,65
200800055604,8,10,4,1515,1,1,1,1,6,65036,M,0.0,0.0,65
200800055605,8,10,12,1400,1,1,1,1,1,65138,M,0.0,0.0,65
200800055606,8,10,17,1630,1,1,1,1,1,65395,M,4310900.0,-14000.0,65
200800055607,8,10,2,1630,1,1,1,1,7,65295,M,0.0,0.0,65
200800055608,8,10,22,1545,1,1,1,1,3,65320,M,0.0,0.0,65
200800055609,8,10,21,945,1,1,1,1,5,81156,M,4391100.0,204300.0,81
200800055610,8,10,29,1500,1,1,1,2,6,81147,M,4380800.0,214400.0,81
200800055611,8,10,5,1700,1,1,1,1,3,81174,M,4378400.0,209400.0,81
200800055612,8,10,10,1800,1,2,1,7,6,81273,M,4358900.0,217000.0,81
200800055613,8,10,23,745,2,1,1,1,6,81139,M,4372600.0,214300.0,81
200800055614,8,10,2,1745,1,1,1,2,6,81236,M,4368700.0,174100.0,81
200800055615,8,10,7,1945,3,1,2,2,3,81104,M,4376700.0,177600.0,81
200800055616,8,10,11,630,3,1,1,1,6,81104,M,4375700.0,182800.0,81
200800055617,8,10,12,630,2,1,1,1,6,81248,M,4376600.0,187000.0,81
200800055618,8,10,5,1615,1,2,1,1,6,81099,M,0.0,0.0,81
200800055619,8,10,16,2300,3,1,1,2,2,81117,M,4379300.0,197900.0,81
200800055620,8,10,19,1500,1,1,1,1,3,81262,M,4408400.0,199300.0,81
200800055621,8,10,6,1730,1,1,8,1,1,81002,M,4351800.0,232100.0,81
200800055622,8,10,20,1115,1,1,1,1,4,81036,M,4349700.0,245100.0,81
200800055623,8,10,2,1130,1,1,1,2,1,81120,M,0.0,0.0,81
200800055624,8,10,15,445,3,1,1,1,7,81120,M,4351600.0,225900.0,81
200800055625,8,10,15,715,2,1,1,8,7,81325,M,4357600.0,217300.0,81
200800055626,8,10,17,1430,1,1,1,1,6,81084,M,0.0,0.0,81
200800055627,8,10,4,600,3,1,1,1,6,81200,M,4349600.0,201400.0,81
200800055628,8,10,15,2200,3,1,1,1,6,82149,M,4414500.0,151400.0,82
200800055629,8,10,1,1500,1,1,1,1,6,82167,M,0.0,0.0,82
200800055630,8,10,10,1945,3,1,1,1,5,82142,M,4381600.0,131800.0,82
200800055631,8,10,10,1615,1,2,6,1,3,82190,M,4385700.0,123100.0,82
200800055632,8,10,26,515,5,2,1,5,6,82171,M,4401000.0,117700.0,82
200800055633,8,10,30,1230,1,1,6,1,3,69194,M,0.0,0.0,69
200800055634,8,10,31,1915,3,1,1,3,3,69059,M,0.0,0.0,69
200800055635,8,10,13,1630,1,2,1,1,6,69207,M,0.0,0.0,69
200800055636,8,10,17,1645,1,2,1,1,6,69207,M,0.0,0.0,69
200800055637,8,10,30,1900,1,2,1,2,1,69286,M,0.0,0.0,69
200800055638,8,10,24,700,2,2,1,1,6,69204,M,0.0,0.0,69
200800055639,8,10,16,1430,1,2,1,1,1,69288,M,0.0,0.0,69
200800055640,8,10,21,1845,3,2,1,1,3,69287,M,0.0,0.0,69
200800055641,8,10,4,1430,1,1,1,1,6,69112,M,0.0,0.0,69
200800055642,8,10,13,815,3,1,2,1,5,69010,M,0.0,0.0,69
200800055643,8,10,17,1715,1,2,1,1,6,69010,M,0.0,0.0,69
200800055644,8,10,28,1500,1,1,1,2,2,69010,M,0.0,0.0,69
200800055645,8,10,29,1130,1,1,1,1,7,69178,M,4570100.0,445200.0,69
200800055646,8,10,19,1930,3,1,1,1,6,69132,M,0.0,0.0,69