Num_Acc,an,mois,jour,hrmn,lum,agg,int,atm,col,com,gps,lat,long,dep
200800055647,8,10,19,1400,1,2,1,1,3,69255,M,0.0,0.0,69
200800055648,8,10,25,1600,1,1,1,1,6,69255,M,0.0,0.0,69
200800055649,8,10,8,1215,1,2,1,3,2,69291,M,0.0,0.0,69
200800055650,8,10,2,1200,1,2,1,2,7,69291,M,0.0,0.0,69
200800055651,8,10,17,745,1,2,1,1,6,69276,M,0.0,0.0,69
200800055652,8,10,18,1600,1,1,1,1,1,69295,M,0.0,0.0,69
200800055653,8,10,27,1015,1,2,1,1,3,69291,M,0.0,0.0,69
200800055654,8,10,21,930,1,2,2,1,3,69228,M,0.0,0.0,69
200800055655,8,10,11,45,3,1,1,5,6,69047,M,0.0,0.0,69
200800055656,8,10,21,1815,2,2,9,3,3,69206,M,0.0,0.0,69
200800055657,8,10,5,1130,1,2,1,1,6,69265,M,4596700.0,461400.0,69
200800055658,8,10,8,900,1,1,1,3,2,69111,M,0.0,0.0,69
200800055659,8,10,28,1430,1,1,1,2,4,69243,M,0.0,0.0,69
200800055660,8,10,5,1500,1,1,1,1,7,69160,M,4616300.0,443800.0,69
200800055661,8,10,5,2030,2,1,1,9,3,69037,M,4601400.0,449800.0,69
200800055662,8,10,6,1315,1,1,1,1,6,01195,M,0.0,0.0,01
200800055663,8,10,6,1345,1,2,1,1,3,01350,M,0.0,0.0,01
200800055664,8,10,14,1945,3,1,2,1,3,01245,M,0.0,0.0,01
200800055665,8,10,17,1745,1,1,1,1,1,01072,M,0.0,0.0,01
200800055666,8,10,11,1945,3,1,1,1,7,01364,M,0.0,0.0,01
200800055667,8,10,26,1600,1,1,1,1,1,01273,M,0.0,0.0,01
200800055668,8,10,26,1515,1,1,1,1,1,01199,M,0.0,0.0,01
200800055669,8,10,24,1630,1,2,1,1,1,01320,M,0.0,0.0,01
200800055670,8,10,30,1530,1,2,1,3,3,01320,M,0.0,0.0,01
200800055671,8,10,10,1830,1,1,1,1,7,01271,M,0.0,0.0,01
200800055672,8,10,26,1430,1,1,1,1,1,01034,M,0.0,0.0,01
200800055673,8,10,29,1830,3,1,1,1,6,01010,M,4587600.0,580500.0,01
200800055674,8,10,7,1215,1,2,1,1,1,01004,M,4597500.0,535300.0,01
200800055675,8,10,11,1345,1,1,1,1,1,01384,M,4595700.0,547600.0,01
200800055676,8,10,18,1945,5,2,1,1,6,01004,M,4596300.0,535700.0,01
200800055677,8,10,20,2115,3,1,1,1,6,01004,M,0.0,0.0,01
200800055678,8,10,21,1800,2,1,1,2,1,01089,M,0.0,0.0,01
200800055679,8,10,23,1945,3,1,1,1,7,01041,M,4595100.0,534300.0,01
200800055680,8,10,18,1145,1,1,1,1,1,01265,M,4619900.0,559200.0,01
200800055681,8,10,18,1600,1,2,1,1,6,01269,M,4615500.0,560600.0,01
200800055682,8,10,2,1400,1,1,1,1,6,01033,M,0.0,0.0,01
200800055683,8,10,21,2000,5,2,1,2,6,01033,M,0.0,0.0,01
200800055684,8,10,26,1130,3,1,1,2,6,01215,M,0.0,0.0,01
200800055685,8,10,17,1500,1,2,1,1,1,01071,M,0.0,0.0,01
200800055686,8,10,23,2045,3,1,1,1,1,01153,M,0.0,0.0,01
200800055687,8,10,24,2330,5,2,1,1,6,01103,M,0.0,0.0,01
200800055688,8,10,3,1030,3,1,1,3,1,01209,M,0.0,0.0,01
200800055689,8,10,2,130,3,1,1,1,6,01209,M,0.0,0.0,01
200800055690,8,10,14,1900,3,1,1,1,1,01209,M,0.0,0.0,01
200800055691,8,10,26,2000,3,1,1,8,1,01109,M,0.0,0.0,01
200800055692,8,10,1,2245,5,2,1,1,1,01361,M,0.0,0.0,01
200800055693,8,10,12,745,1,1,1,1,6,01290,M,0.0,0.0,01
200800055694,8,10,24,715,2,2,1,1,3,01244,M,0.0,0.0,01
200800055695,8,10,31,1915,5,2,1,2,5,01371,M,0.0,0.0,01
200800055696,8,10,11,1600,1,2,1,1,1,01420,M,0.0,0.0,01
200800055697,8,10,15,1130,1,1,1,1,6,01389,M,4606100.0,489600.0,01
200800055698,8,10,25,2345,3,1,1,1,7,01389,M,4608000.0,490400.0,01
200800055699,8,10,4,1115,1,1,1,1,3,07296,M,0.0,0.0,07
200800055700,8,10,18,1715,1,1,1,1,7,07278,M,0.0,0.0,07
200800055701,8,10,2,630,3,1,1,1,5,07346,M,0.0,0.0,07
200800055702,8,10,9,700,2,1,1,2,1,07341,M,4457500.0,450500.0,07
200800055703,8,10,5,1400,1,1,1,1,1,07022,M,0.0,0.0,07
200800055704,8,10,2,1445,1,1,1,1,6,07156,M,0.0,0.0,07
200800055705,8,10,25,1145,1,1,1,1,1,07033,M,0.0,0.0,07
200800055706,8,10,26,1730,1,1,1,1,6,07201,M,0.0,0.0,07
200800055707,8,10,16,1145,1,1,1,1,3,07031,M,4437000.0,420000.0,07
200800055708,8,10,17,845,1,1,1,7,3,07294,M,0.0,0.0,07
200800055709,8,10,31,1215,1,1,1,3,3,07050,M,4441000.0,414000.0,07
200800055710,8,10,31,1030,1,1,1,2,6,07024,M,4437000.0,416000.0,07
200800055711,8,10,17,1100,1,1,1,1,6,07204,M,4503700.0,441000.0,07
200800055712,8,10,5,715,1,1,1,1,1,26212,M,0.0,0.0,26
200800055713,8,10,18,1545,1,1,2,1,3,26206,M,0.0,0.0,26
200800055714,8,10,8,1600,1,1,1,3,2,26165,M,4479400.0,485100.0,26
200800055715,8,10,8,1345,1,1,4,3,3,26166,M,0.0,0.0,26
200800055716,8,10,13,945,1,1,1,1,1,26086,M,4469000.0,546100.0,26
200800055717,8,10,18,2330,3,1,1,1,7,26243,M,4453400.0,501900.0,26
200800055718,8,10,19,100,3,1,1,1,7,26116,M,0.0,0.0,26
200800055719,8,10,19,1530,1,1,1,1,4,26235,M,0.0,0.0,26
200800055720,8,10,17,1345,1,2,1,1,6,26324,M,0.0,0.0,26
200800055721,8,10,31,1330,1,1,1,1,1,26188,M,4424500.0,520900.0,26
200800055722,8,10,3,1500,1,1,1,1,6,26049,M,0.0,0.0,26
200800055723,8,10,2,830,1,2,1,1,6,26087,M,0.0,0.0,26
200800055724,8,10,17,1100,1,1,1,1,6,26323,M,0.0,0.0,26
200800055725,8,10,17,1830,2,1,1,1,3,26323,M,4506400.0,510600.0,26
200800055726,8,10,30,245,3,1,1,1,1,26172,M,0.0,0.0,26
200800055727,8,10,31,1715,2,1,1,2,1,26320,M,4507000.0,524000.0,26
200800055728,8,10,10,1615,1,1,1,1,3,26041,M,4523000.0,481800.0,26
200800055729,8,10,2,2000,3,1,1,1,3,26072,M,0.0,0.0,26
200800055730,8,10,6,1830,1,1,1,1,4,26072,M,0.0,0.0,26
200800055731,8,10,14,1115,1,1,1,1,2,26156,M,0.0,0.0,26
200800055732,8,10,14,845,1,1,1,1,1,38175,M,4528200.0,591800.0,38
200800055733,8,10,6,1215,1,2,1,1,1,38111,M,0.0,0.0,38
200800055734,8,10,7,1830,1,1,1,1,3,38328,M,4525300.0,571400.0,38
200800055735,8,10,7,1330,1,1,1,1,1,38474,M,0.0,0.0,38
200800055736,8,10,3,1015,1,1,9,2,7,38524,M,0.0,0.0,38
200800055737,8,10,12,1600,1,1,1,1,3,38225,M,0.0,0.0,38
200800055738,8,10,26,1430,1,1,1,1,5,38565,M,0.0,0.0,38
200800055739,8,10,9,2030,5,2,1,1,2,38269,M,4491100.0,578700.0,38
200800055740,8,10,19,1630,1,1,1,1,1,38226,M,4480700.0,572400.0,38
200800055741,8,10,11,200,3,1,1,1,1,38562,M,0.0,0.0,38
200800055742,8,10,14,1615,1,1,2,1,3,38095,M,0.0,0.0,38
200800055743,8,10,16,1045,1,1,1,2,1,38394,M,0.0,0.0,38
200800055744,8,10,10,2300,3,1,1,1,1,38384,M,0.0,0.0,38
200800055745,8,10,12,1730,1,2,1,1,1,38457,M,4532900.0,526800.0,38
200800055746,8,10,25,1430,1,1,1,1,1,38505,M,4530100.0,514000.0,38
200800055747,8,10,7,1,3,2,1,1,6,38156,M,4553900.0,531100.0,38
200800055748,8,10,23,745,2,1,2,1,3,38467,M,4567200.0,535000.0,38
200800055749,8,10,26,1530,1,1,1,1,7,38467,M,4567700.0,536000.0,38
200800055750,8,10,20,1115,1,1,1,1,3,38176,M,4565500.0,517100.0,38
200800055751,8,10,15,930,1,2,1,1,3,38380,M,4547000.0,535200.0,38
200800055752,8,10,18,930,1,1,1,1,1,38295,M,4583800.0,536300.0,38
200800055753,8,10,21,645,3,1,1,2,3,38054,M,4580000.0,540400.0,38
200800055754,8,10,10,2130,5,2,1,8,3,38022,M,4563700.0,556200.0,38
200800055755,8,10,18,515,3,1,1,5,6,38050,M,0.0,0.0,38
200800055756,8,10,11,1815,1,1,1,1,6,38110,M,4558000.0,488000.0,38
200800055757,8,10,26,1715,5,1,1,1,3,38087,M,4557000.0,481000.0,38
200800055758,8,10,18,1730,1,2,1,1,3,38034,M,4533700.0,506200.0,38
200800055759,8,10,2,1300,1,1,1,2,7,38231,M,0.0,0.0,38
200800055760,8,10,17,1815,2,1,1,1,1,38480,M,4556200.0,496400.0,38
200800055761,8,10,24,1730,1,2,1,1,3,38097,M,4576700.0,518600.0,38
200800055762,8,10,27,2145,3,1,1,2,6,38468,M,4537000.0,477600.0,38
200800055763,8,10,1,1400,1,2,1,1,2,38449,M,0.0,0.0,38
200800055764,8,10,15,900,1,1,1,1,7,38449,M,4563000.0,511000.0,38
200800055765,8,10,24,30,3,1,1,2,7,38475,M,0.0,0.0,38
200800055766,8,10,14,1330,1,2,1,1,7,42138,M,4566700.0,438000.0,42
200800055767,8,10,3,815,1,1,1,2,1,42172,M,4537900.0,444200.0,42
200800055768,8,10,10,1815,1,1,1,1,6,42224,M,4534200.0,439400.0,42
200800055769,8,10,21,1945,3,1,1,1,1,42139,M,4528400.0,444600.0,42
200800055770,8,10,16,1845,2,1,1,1,1,42180,M,0.0,0.0,42
200800055771,8,10,14,1930,2,1,1,1,3,42175,M,4581400.0,421900.0,42
200800055772,8,10,8,1400,1,1,1,2,3,42126,M,4538500.0,402500.0,42
200800055773,8,10,8,1730,1,1,1,3,5,42266,M,4542700.0,405200.0,42
200800055774,8,10,4,1430,1,2,1,1,3,42056,M,0.0,0.0,42
200800055775,8,10,19,1800,1,1,1,1,2,42162,M,4602300.0,399900.0,42
200800055776,8,10,8,1415,1,1,1,3,1,42181,M,4598300.0,421800.0,42
200800055777,8,10,20,1830,1,2,1,1,7,42026,M,4615200.0,409000.0,42
200800055778,8,10,3,1700,1,1,1,3,6,42284,M,4608400.0,397500.0,42
200800055779,8,10,24,2030,5,2,1,1,1,42257,M,4621000.0,379800.0,42
200800055780,8,10,1,1830,2,1,1,1,1,42339,M,4590900.0,379800.0,42
200800055781,8,10,8,2245,3,1,1,2,6,73097,M,0.0,0.0,73
200800055782,8,10,23,930,1,1,1,2,1,73018,M,4550500.0,606500.0,73
200800055783,8,10,3,845,1,1,1,1,5,73050,M,4568100.0,585100.0,73
200800055784,8,10,21,2030,3,1,1,1,2,73061,M,4571100.0,640700.0,73
200800055785,8,10,25,500,5,2,1,1,7,73038,M,0.0,0.0,73
200800055786,8,10,5,845,1,1,1,1,6,73071,M,4574200.0,612600.0,73
200800055787,8,10,5,345,5,1,1,1,7,73253,M,4552100.0,657000.0,73
200800055788,8,10,29,630,2,2,1,2,6,73248,M,4885700.0,234100.0,73
200800055789,8,10,25,845,1,1,1,1,3,74267,M,0.0,0.0,74
200800055790,8,10,16,1915,5,2,1,2,6,74225,M,0.0,0.0,74
200800055791,8,10,25,1415,1,1,1,1,6,74002,M,0.0,0.0,74
200800055792,8,10,25,1615,1,2,1,1,3,74280,M,0.0,0.0,74
200800055793,8,10,30,745,1,1,1,8,1,74239,M,0.0,0.0,74
200800055794,8,10,17,715,2,1,1,5,6,74212,M,0.0,0.0,74
200800055795,8,10,18,130,3,1,1,1,6,74042,M,0.0,0.0,74
200800055796,8,10,28,1530,1,1,1,2,5,74042,M,0.0,0.0,74
200800055797,8,10,4,700,2,2,6,8,6,74056,M,0.0,0.0,74
200800055798,8,10,24,2315,3,2,1,1,7,74056,M,0.0,0.0,74
200800055799,8,10,26,1845,5,1,1,1,7,74056,M,0.0,0.0,74
200800055800,8,10,9,1330,1,2,1,1,6,74081,M,0.0,0.0,74
200800055801,8,10,11,30,5,2,1,1,6,74081,M,0.0,0.0,74
200800055802,8,10,25,700,3,1,1,5,6,74081,M,0.0,0.0,74
200800055803,8,10,27,900,1,1,3,1,3,74116,M,0.0,0.0,74
200800055804,8,10,29,1845,5,2,1,4,6,74250,M,0.0,0.0,74
200800055805,8,10,21,2145,5,2,1,1,2,74208,M,0.0,0.0,74
200800055806,8,10,14,1815,5,2,1,1,7,74276,M,0.0,0.0,74
200800055807,8,10,15,1500,3,1,1,1,1,74243,M,0.0,0.0,74
200800055808,8,10,18,715,2,1,9,1,6,74016,M,0.0,0.0,74
200800055809,8,10,21,900,1,1,1,1,3,74031,M,0.0,0.0,74
200800055810,8,10,3,1630,1,1,1,1,6,74094,M,4620200.0,629200.0,74
200800055811,8,10,7,930,1,1,1,1,5,74197,M,0.0,0.0,74
200800055812,8,10,19,515,5,2,1,1,7,74040,M,0.0,0.0,74
200800055813,8,10,31,2030,3,2,1,1,7,74185,M,0.0,0.0,74
200800055814,8,10,15,715,2,2,1,1,6,74263,M,0.0,0.0,74
200800055815,8,10,30,815,2,1,1,2,3,74222,M,0.0,0.0,74
200800055816,8,10,4,1730,1,2,9,1,5,74119,M,0.0,0.0,74
200800055817,8,10,14,1645,1,1,1,1,6,74034,M,0.0,0.0,74
200800055818,8,10,27,1915,3,1,1,9,1,63307,M,0.0,0.0,63
200800055819,8,10,4,1430,1,1,1,1,3,63334,M,,,63
200800055820,8,10,8,1430,1,1,1,2,3,63453,M,4579300.0,327500.0,63
200800055821,8,10,10,1600,1,1,3,1,3,63146,M,0.0,0.0,63
200800055822,8,10,4,1630,1,1,1,1,7,63141,M,0.0,0.0,63
200800055823,8,10,3,1515,1,1,1,1,1,63254,M,0.0,0.0,63
200800055824,8,10,25,1715,1,1,1,1,7,63213,M,4582800.0,322800.0,63
200800055825,8,10,11,1500,1,1,1,1,7,63326,M,4571200.0,285500.0,63
200800055826,8,10,3,515,3,1,1,1,2,63455,M,0.0,0.0,63
200800055827,8,10,22,1300,1,1,1,3,6,63179,M,4562800.0,371900.0,63
200800055828,8,10,4,745,1,1,1,9,7,63319,M,4554400.0,394500.0,63
200800055829,8,10,22,1300,1,1,1,2,1,63352,M,0.0,0.0,63
200800055830,8,10,3,1745,1,1,2,3,3,63035,M,4597600.0,310400.0,63
200800055831,8,10,7,2130,5,2,1,2,3,63135,M,4594800.0,311200.0,63
200800055832,8,10,3,2015,3,2,1,2,3,63432,M,4597600.0,325800.0,63
200800055833,8,10,19,945,1,2,1,1,6,63001,M,4602400.0,320000.0,63
200800055834,8,10,3,430,5,2,1,2,6,63430,M,4586800.0,355400.0,63
200800055835,8,10,15,1530,1,1,1,1,3,63430,M,4588800.0,345200.0,63
200800055836,8,10,5,1545,1,1,1,1,6,63210,M,4592100.0,336400.0,63
200800055837,8,10,17,745,2,1,2,1,3,63271,M,4590900.0,351900.0,63
200800055838,8,10,21,1445,1,1,1,2,4,03316,M,4668100.0,323200.0,03
200800055839,8,10,4,2030,3,1,1,1,1,03100,M,4653700.0,374000.0,03
200800055840,8,10,17,1945,3,1,1,1,6,03019,M,4662500.0,370100.0,03
200800055841,8,10,5,1400,1,1,1,1,7,03111,M,0.0,0.0,03
200800055842,8,10,18,300,3,1,1,1,6,03128,M,0.0,0.0,03
200800055843,8,10,13,1800,1,2,1,1,7,03106,M,0.0,0.0,03
200800055844,8,10,26,1830,3,1,1,1,6,03093,M,4619500.0,345300.0,03
200800055845,8,10,3,2045,3,1,1,1,5,03268,M,4614900.0,322000.0,03
200800055846,8,10,19,1700,1,1,1,1,5,03118,M,0.0,0.0,03
200800055847,8,10,26,1715,1,2,6,1,3,03118,M,0.0,0.0,03
200800055848,8,10,25,2030,3,1,1,1,3,15157,M,0.0,0.0,15
200800055849,8,10,28,1445,1,1,1,3,6,15028,M,4488900.0,254400.0,15
200800055850,8,10,8,1145,1,1,2,2,3,15033,M,4496700.0,284700.0,15
200800055851,8,10,30,730,2,1,1,4,6,15142,M,4496600.0,296800.0,15
200800055852,8,10,11,2230,3,1,1,6,7,43098,M,4495500.0,406200.0,43
200800055853,8,10,21,500,5,1,1,1,6,43092,M,4497800.0,422800.0,43
200800055854,8,10,10,1415,1,1,1,1,1,43061,M,4509600.0,391300.0,43
200800055855,8,10,22,1215,1,1,1,2,6,43164,M,0.0,0.0,43
200800055856,8,10,16,545,3,1,1,1,7,43234,M,0.0,0.0,43
200800055857,8,10,5,2115,3,1,1,2,6,43190,M,4502000.0,399800.0,43
200800055858,8,10,9,815,2,1,1,8,1,43150,M,4511600.0,408100.0,43
200800055859,8,10,25,1500,1,2,1,1,1,43200,M,4504100.0,405300.0,43
200800055860,8,10,31,1830,3,1,1,2,5,43040,M,4530000.0,340400.0,43
200800055861,8,10,15,1445,1,1,1,1,7,43239,M,4510100.0,361000.0,43
200800055862,8,10,21,1800,2,1,1,2,6,43167,M,4507500.0,355000.0,43
200800055863,8,10,31,1545,1,1,1,2,3,43162,M,0.0,0.0,43
200800055864,8,10,30,1800,5,2,1,8,3,43268,M,0.0,0.0,43
200800055865,8,10,6,1730,1,1,1,1,3,43137,M,0.0,0.0,43
200800055866,8,10,8,1030,1,1,1,3,2,43224,M,4527000.0,420100.0,43
200800055867,8,10,8,1930,2,2,1,3,6,43224,M,4524900.0,423200.0,43
200800055868,8,10,22,1015,1,1,1,2,1,43224,M,4527100.0,420100.0,43
200800055869,8,10,26,2015,3,1,1,1,1,43223,M,4526700.0,433500.0,43
200800055870,8,10,22,930,1,1,1,2,1,43159,M,4518200.0,430000.0,43
200800055871,8,10,4,1945,5,2,1,8,6,57620,M,4919800.0,600000.0,57
200800055872,8,10,12,1645,1,2,6,1,6,57620,M,0.0,0.0,57
200800055873,8,10,22,1200,1,2,1,1,2,57620,M,4919800.0,600100.0,57
200800055874,8,10,2,1545,1,2,1,8,3,57350,M,4908600.0,607200.0,57
200800055875,8,10,2,1715,1,1,1,3,1,57511,M,4918600.0,612500.0,57
200800055876,8,10,2,1145,1,2,1,1,7,57057,M,0.0,0.0,57
200800055877,8,10,1,1200,1,1,1,8,1,57716,M,0.0,0.0,57
200800055878,8,10,11,2300,4,1,9,5,6,57482,M,0.0,0.0,57
200800055879,8,10,12,1600,1,1,1,7,7,57667,M,0.0,0.0,57
200800055880,8,10,25,1515,1,2,1,1,2,57106,M,0.0,0.0,57
200800055881,8,10,25,1745,2,2,1,1,6,57213,M,0.0,0.0,57
200800055882,8,10,7,1700,1,2,1,1,6,57160,M,4920200.0,670800.0,57
200800055883,8,10,22,2000,5,2,1,1,2,57288,M,0.0,0.0,57
200800055884,8,10,27,1500,1,2,1,2,6,57160,M,4920700.0,669400.0,57
200800055885,8,10,9,1645,1,2,1,1,1,57209,M,4905300.0,659800.0,57
200800055886,8,10,11,815,1,1,6,1,7,57413,M,4911400.0,669500.0,57
200800055887,8,10,13,2200,3,1,1,2,1,57018,M,0.0,0.0,57
200800055888,8,10,4,830,1,2,1,1,6,57222,M,0.0,0.0,57
200800055889,8,10,13,1915,5,2,1,1,6,57058,M,0.0,0.0,57
200800055890,8,10,8,30,3,1,1,1,6,57596,M,4916700.0,685800.0,57
200800055891,8,10,17,1330,1,2,1,1,1,57684,M,4905200.0,675500.0,57
200800055892,8,10,25,1645,2,2,6,1,3,57006,M,0.0,0.0,57
200800055893,8,10,10,700,5,2,1,1,6,57269,M,0.0,0.0,57
200800055894,8,10,24,830,1,1,1,9,5,57767,M,4934400.0,621500.0,57
200800055895,8,10,31,1645,1,2,1,1,6,57474,M,0.0,0.0,57
200800055896,8,10,3,2100,3,1,1,1,7,54315,M,0.0,0.0,54
200800055897,8,10,27,1700,2,1,1,3,7,54315,M,0.0,0.0,54
200800055898,8,10,2,1900,2,2,1,2,2,54115,M,0.0,0.0,54
200800055899,8,10,7,1400,1,2,1,1,3,54351,M,0.0,0.0,54
200800055900,8,10,11,1145,1,1,1,1,6,54366,M,0.0,0.0,54
200800055901,8,10,25,1000,1,1,1,1,1,54432,M,0.0,0.0,54
200800055902,8,10,17,1700,1,1,9,1,3,54462,M,0.0,0.0,54
200800055903,8,10,30,2115,5,2,1,1,6,54291,M,0.0,0.0,54
200800055904,8,10,2,1945,5,2,1,2,6,54234,M,0.0,0.0,54
200800055905,8,10,3,2215,3,1,1,2,1,54314,M,0.0,0.0,54
200800055906,8,10,20,1115,1,2,1,1,1,54322,M,0.0,0.0,54
200800055907,8,10,21,1445,5,2,1,1,6,54322,M,0.0,0.0,54
200800055908,8,10,29,2030,5,2,1,2,1,54920,M,0.0,0.0,54
200800055909,8,10,12,600,3,1,1,9,6,54222,M,0.0,0.0,54
200800055910,8,10,6,1900,2,1,1,1,7,54423,M,0.0,0.0,54
200800055911,8,10,1,1,5,2,1,2,1,54039,M,0.0,0.0,54
200800055912,8,10,14,1730,1,1,1,1,5,54073,M,0.0,0.0,54
200800055913,8,10,9,700,2,1,1,9,6,54490,M,0.0,0.0,54
200800055914,8,10,2,1615,1,2,1,2,1,55427,M,4882800.0,498500.0,55
200800055915,8,10,5,2045,4,2,1,2,6,55446,M,4884200.0,528000.0,55
200800055916,8,10,7,1700,1,2,1,1,6,55553,M,4877900.0,561000.0,55
200800055917,8,10,26,545,3,1,1,1,7,55293,M,4942400.0,524000.0,55
200800055918,8,10,21,1845,5,2,1,2,3,55253,M,0.0,0.0,55
200800055919,8,10,28,1645,1,1,1,1,3,55419,M,4913200.0,516600.0,55
200800055920,8,10,13,2000,5,2,1,1,3,55158,M,4929000.0,570700.0,55
200800055921,8,10,14,1630,1,1,1,1,1,88388,M,4814100.0,638800.0,88
200800055922,8,10,11,1400,1,2,9,1,3,88078,M,0.0,0.0,88
200800055923,8,10,28,900,1,2,1,1,7,88355,M,4834700.0,634400.0,88
200800055924,8,10,20,1600,1,2,1,7,1,88455,M,4805900.0,584000.0,88
200800055925,8,10,23,2015,3,1,1,8,1,88021,M,4830900.0,668500.0,88
200800055926,8,10,24,2130,5,2,1,1,3,88247,M,4827400.0,640000.0,88
200800055927,8,10,23,2230,3,1,1,1,3,88308,M,4834700.0,565700.0,88
200800055928,8,10,28,1630,1,1,1,1,3,88321,M,0.0,0.0,88
200800055929,8,10,12,1600,1,1,1,1,7,88364,M,4836500.0,612400.0,88
200800055930,8,10,12,1600,1,1,4,1,3,88464,M,4811700.0,668200.0,88
200800055931,8,10,21,1415,1,2,1,3,6,88075,M,0.0,0.0,88
200800055932,8,10,28,630,2,2,1,2,1,88170,M,4791100.0,671100.0,88
200800055933,8,10,1,845,1,1,1,2,7,88112,M,0.0,0.0,88
200800055934,8,10,26,1415,1,1,2,1,3,88054,M,0.0,0.0,88
200800055935,8,10,29,1500,1,1,1,4,6,88349,M,0.0,0.0,88
200800055936,8,10,4,1300,1,1,1,1,6,88064,M,4825400.0,677900.0,88
200800055937,8,10,13,830,1,2,1,1,3,88218,M,4815100.0,678700.0,88
200800055938,8,10,11,2330,5,2,7,1,6,88196,M,4801200.0,614600.0,88
200800055939,8,10,29,2300,3,1,1,2,6,88196,M,0.0,0.0,88
200800055940,8,10,27,1245,1,2,1,1,3,88165,M,4836700.0,685900.0,88
200800055941,8,10,16,445,3,1,1,1,6,67433,M,4839300.0,759300.0,67
200800055942,8,10,9,1315,1,2,1,1,1,67137,M,4849200.0,771600.0,67
200800055943,8,10,10,2030,3,1,1,1,2,67336,M,4845500.0,765800.0,67
200800055944,8,10,19,1700,1,1,1,1,7,67217,M,4847800.0,768100.0,67
200800055945,8,10,22,1800,2,1,1,1,4,67286,M,4845400.0,753400.0,67
200800055946,8,10,8,1800,2,1,1,1,6,67052,M,0.0,0.0,67
200800055947,8,10,31,1200,1,1,1,2,1,67368,M,0.0,0.0,67
200800055948,8,10,3,1800,1,2,1,1,3,67372,M,0.0,0.0,67
200800055949,8,10,26,1800,5,2,1,8,3,67103,M,0.0,0.0,67
200800055950,8,10,1,745,1,2,6,1,3,67302,M,4875500.0,738700.0,67
200800055951,8,10,28,1630,1,1,1,2,7,67105,M,4887500.0,720200.0,67
200800055952,8,10,28,1415,1,1,1,1,7,67508,M,0.0,0.0,67
200800055953,8,10,6,945,1,2,2,1,3,67033,M,0.0,0.0,67
200800055954,8,10,16,1515,1,2,1,1,6,67067,M,0.0,0.0,67
200800055955,8,10,24,1530,1,1,1,1,3,67067,M,0.0,0.0,67
200800055956,8,10,21,700,3,1,2,1,1,67145,M,0.0,0.0,67
200800055957,8,10,6,1900,2,1,1,1,6,67519,M,4866900.0,781100.0,67
200800055958,8,10,28,1500,1,1,1,2,6,67151,M,4871200.0,785400.0,67
200800055959,8,10,9,1800,1,2,2,1,3,67118,M,0.0,0.0,67
200800055960,8,10,12,1630,1,1,1,1,6,67118,M,0.0,0.0,67
200800055961,8,10,14,1145,1,1,1,1,6,67551,M,0.0,0.0,67
200800055962,8,10,7,1545,1,2,6,1,3,67073,M,4828000.0,740100.0,67
200800055963,8,10,17,2200,3,2,1,1,6,67073,M,4827100.0,740500.0,67
200800055964,8,10,22,1715,1,1,1,1,1,67295,M,4839700.0,745500.0,67
200800055965,8,10,10,1500,1,2,1,1,6,67040,M,4828800.0,761000.0,67
200800055966,8,10,18,2030,3,1,1,2,7,67064,M,4899400.0,790800.0,67
200800055967,8,10,25,715,5,2,1,1,3,67416,M,4902900.0,791200.0,67
200800055968,8,10,29,2215,5,2,1,2,6,67544,M,0.0,0.0,67
200800055969,8,10,18,215,3,1,1,1,6,67339,M,4889400.0,792100.0,67
200800055970,8,10,18,2300,3,1,1,1,7,68331,M,0.0,0.0,68
200800055971,8,10,26,15,3,1,1,1,6,68249,M,4811100.0,714200.0,68
200800055972,8,10,12,1830,1,2,1,1,1,68223,M,4802800.0,708900.0,68
200800055973,8,10,14,1000,1,1,1,1,3,68155,M,4809300.0,731500.0,68
200800055974,8,10,18,1230,1,1,3,1,3,68134,M,0.0,0.0,68
200800055975,8,10,18,1815,1,1,1,1,6,68338,M,4809800.0,724200.0,68
200800055976,8,10,25,1445,1,1,1,1,6,68005,M,0.0,0.0,68
200800055977,8,10,3,2230,5,2,1,2,3,68248,M,4749000.0,739000.0,68
200800055978,8,10,4,430,3,1,1,2,6,68169,M,0.0,0.0,68
200800055979,8,10,18,2215,3,1,1,1,3,68259,M,4747600.0,737000.0,68
200800055980,8,10,26,1945,5,2,1,1,3,68299,M,4760100.0,712100.0,68
200800055981,8,10,8,1300,1,1,1,7,3,68082,M,4787300.0,736100.0,68
200800055982,8,10,15,1900,3,1,1,1,6,68235,M,4798700.0,742900.0,68
200800055983,8,10,24,130,5,2,1,1,6,68082,M,4786000.0,733200.0,68
200800055984,8,10,3,815,1,1,1,1,7,68088,M,4786200.0,728200.0,68
200800055985,8,10,7,745,1,1,1,1,1,68122,M,4787100.0,721300.0,68
200800055986,8,10,16,1630,1,2,1,8,1,68088,M,4787000.0,727400.0,68
200800055987,8,10,31,1800,5,2,1,3,3,68154,M,0.0,0.0,68
200800055988,8,10,3,845,1,1,1,1,1,68297,M,0.0,0.0,68