Num_Acc,an,mois,jour,hrmn,lum,agg,int,atm,col,com,gps,lat,long,dep
200800055989,8,10,11,945,1,2,1,1,3,68135,M,4758500.0,751400.0,68
200800055990,8,10,6,2030,3,1,9,2,1,68021,M,0.0,0.0,68
200800055991,8,10,28,1800,5,2,1,3,3,68163,M,0.0,0.0,68
200800055992,8,10,16,1730,1,2,1,1,6,68334,M,0.0,0.0,68
200800055993,8,10,17,815,1,2,1,7,4,68348,M,0.0,0.0,68
200800055994,8,10,19,2115,3,1,1,1,7,68012,M,4778500.0,714500.0,68
200800055995,8,10,5,1700,1,1,1,1,7,68046,M,4780800.0,704200.0,68
200800055996,8,10,30,1945,3,1,1,9,5,51278,M,0.0,0.0,51
200800055997,8,10,31,200,3,1,1,2,7,51227,M,0.0,0.0,51
200800055998,8,10,7,1730,1,1,1,1,6,51434,M,0.0,0.0,51
200800055999,8,10,12,1445,1,1,1,1,7,51153,M,0.0,0.0,51
200800056000,8,10,25,1800,1,2,1,1,1,51049,M,4888100.0,400100.0,51
200800056001,8,10,30,1230,1,2,1,1,1,51251,M,4897900.0,405800.0,51
200800056002,8,10,2,1615,1,2,6,1,1,51545,M,4873800.0,420600.0,51
200800056003,8,10,13,1000,1,1,1,1,3,51090,M,4879000.0,386100.0,51
200800056004,8,10,19,1845,2,1,6,1,3,51545,M,4873700.0,420600.0,51
200800056005,8,10,24,2145,5,1,1,1,7,51248,M,4875000.0,396400.0,51
200800056006,8,10,26,215,3,1,6,1,7,51248,M,4876800.0,400500.0,51
200800056007,8,10,7,1215,1,2,9,1,3,51380,M,4887500.0,354600.0,51
200800056008,8,10,10,1330,1,2,1,1,2,51535,M,4873000.0,372000.0,51
200800056009,8,10,12,2000,3,1,1,1,3,51514,M,4870000.0,376000.0,51
200800056010,8,10,31,1030,1,2,3,2,3,51535,M,4872400.0,372200.0,51
200800056011,8,10,30,1900,3,1,1,2,1,51622,M,4921100.0,394600.0,51
200800056012,8,10,11,1445,1,1,1,1,5,51210,M,4907600.0,396400.0,51
200800056013,8,10,12,1145,3,1,1,5,6,51393,M,4913100.0,391800.0,51
200800056014,8,10,13,1615,1,1,9,1,3,51488,M,4910000.0,397900.0,51
200800056015,8,10,3,530,2,1,1,1,2,51598,M,0.0,0.0,51
200800056016,8,10,9,1900,2,2,6,1,6,51649,M,0.0,0.0,51
200800056017,8,10,21,2015,5,2,1,2,6,51649,M,4872000.0,458000.0,51
200800056018,8,10,27,1100,1,1,1,2,3,51195,M,4874000.0,459000.0,51
200800056019,8,10,2,1730,1,2,1,1,1,08173,M,0.0,0.0,08
200800056020,8,10,17,1545,1,1,1,1,1,08283,M,4961600.0,460300.0,08
200800056021,8,10,4,1715,1,2,1,1,6,08218,M,0.0,0.0,08
200800056022,8,10,7,1930,5,1,1,1,3,08363,M,4995100.0,464900.0,08
200800056023,8,10,7,1545,1,2,1,1,1,08190,M,0.0,0.0,08
200800056024,8,10,19,1500,1,1,1,1,1,08169,M,4981400.0,442100.0,08
200800056025,8,10,4,2300,3,1,1,1,6,08029,M,0.0,0.0,08
200800056026,8,10,18,1945,5,2,1,1,6,08362,M,0.0,0.0,08
200800056027,8,10,24,1215,1,1,1,1,3,08329,M,4958900.0,441000.0,08
200800056028,8,10,2,1700,1,1,1,1,6,10051,M,4818700.0,401000.0,10
200800056029,8,10,22,915,1,2,1,1,1,10018,M,4809600.0,392200.0,10
200800056030,8,10,1,1515,1,1,1,1,2,10100,M,4819800.0,418300.0,10
200800056031,8,10,2,815,1,2,1,1,6,10096,M,4822700.0,385500.0,10
200800056032,8,10,20,1315,1,2,1,1,6,10100,M,4820700.0,418400.0,10
200800056033,8,10,24,615,3,1,1,1,6,10142,M,4828000.0,382600.0,10
200800056034,8,10,21,1000,1,2,1,1,7,10352,M,0.0,0.0,10
200800056035,8,10,25,1700,1,1,1,1,6,10261,M,4798200.0,450100.0,10
200800056036,8,10,14,1630,1,1,1,8,6,10268,M,4849700.0,351900.0,10
200800056037,8,10,14,2030,3,1,1,1,7,10355,M,4850900.0,347500.0,10
200800056038,8,10,25,2030,3,1,1,1,6,10420,M,4858900.0,354600.0,10
200800056039,8,10,5,130,3,1,1,1,6,10075,M,4862300.0,402400.0,10
200800056040,8,10,13,645,3,1,1,1,6,10114,M,4851800.0,363400.0,10
200800056041,8,10,27,1315,1,1,1,2,3,52514,M,4807100.0,517600.0,52
200800056042,8,10,4,1600,1,1,1,1,7,52269,M,0.0,0.0,52
200800056043,8,10,11,1815,1,2,1,1,6,52921,M,0.0,0.0,52
200800056044,8,10,5,530,3,1,1,1,6,52062,M,4779800.0,531700.0,52
200800056045,8,10,11,1945,3,1,1,1,5,52529,M,0.0,0.0,52
200800056046,8,10,19,1700,1,1,1,1,7,52170,M,0.0,0.0,52
200800056047,8,10,2,2000,3,1,1,2,1,52408,M,4855500.0,506400.0,52
200800056048,8,10,22,700,2,2,1,8,7,52244,M,4858900.0,490200.0,52
200800056049,8,10,24,2330,3,1,1,2,7,52244,M,4860400.0,491100.0,52
200800056050,8,10,10,1100,1,1,1,1,2,89298,M,4806000.0,309700.0,89
200800056051,8,10,8,1945,2,2,1,1,3,21292,M,0.0,0.0,21
200800056052,8,10,26,1845,3,1,1,1,1,21532,M,4741700.0,524000.0,21
200800056053,8,10,1,2045,2,2,1,2,3,21295,M,4722900.0,497700.0,21
200800056054,8,10,29,1830,5,2,1,2,6,21071,M,4746900.0,527200.0,21
200800056055,8,10,25,1730,1,2,1,7,1,21599,M,0.0,0.0,21
200800056056,8,10,7,1530,1,2,1,1,1,21611,M,4731600.0,471000.0,21
200800056057,8,10,16,800,1,2,1,2,1,21412,M,,,21
200800056058,8,10,23,1700,1,1,1,8,1,21527,M,4696500.0,468600.0,21
200800056059,8,10,27,1600,1,1,1,2,6,21461,M,4695300.0,460400.0,21
200800056060,8,10,30,1730,1,1,1,8,3,21086,M,4698800.0,482200.0,21
200800056061,8,10,16,800,1,2,1,3,3,21501,M,4726600.0,455700.0,21
200800056062,8,10,19,1545,1,2,1,1,2,21570,M,4719900.0,462700.0,21
200800056063,8,10,4,1900,2,1,1,1,1,21154,M,0.0,0.0,21
200800056064,8,10,20,1930,3,1,1,1,6,21545,M,,,21
200800056065,8,10,29,1100,2,1,1,1,7,21612,M,0.0,0.0,21
200800056066,8,10,17,1915,3,1,1,1,1,21663,M,4754900.0,448900.0,21
200800056067,8,10,6,1100,1,2,1,2,6,58065,M,4705700.0,365800.0,58
200800056068,8,10,11,1800,2,1,1,7,6,58035,M,4707000.0,344900.0,58
200800056069,8,10,17,845,1,1,1,1,7,58223,M,4702800.0,353200.0,58
200800056070,8,10,5,900,1,1,1,1,7,58114,M,4680200.0,392300.0,58
200800056071,8,10,15,1630,1,2,1,1,3,58149,M,4679300.0,397200.0,58
200800056072,8,10,14,700,5,2,1,5,3,58187,M,0.0,0.0,58
200800056073,8,10,5,815,2,1,1,1,7,58189,M,0.0,0.0,58
200800056074,8,10,31,2115,3,1,1,3,6,58101,M,0.0,0.0,58
200800056075,8,10,11,1745,1,1,1,7,3,71441,M,0.0,0.0,71
200800056076,8,10,31,845,1,2,1,1,3,71014,M,0.0,0.0,71
200800056077,8,10,4,900,1,1,1,1,3,71376,M,4702600.0,410600.0,71
200800056078,8,10,4,2130,3,1,1,1,6,71062,M,4692500.0,422900.0,71
200800056079,8,10,5,1730,1,1,1,1,3,71142,M,4688700.0,414900.0,71
200800056080,8,10,29,1530,1,1,1,8,5,71159,M,0.0,0.0,71
200800056081,8,10,1,1000,1,2,1,1,3,71336,M,0.0,0.0,71
200800056082,8,10,19,1900,2,1,2,1,3,71420,M,4669700.0,497600.0,71
200800056083,8,10,26,1600,1,1,1,1,6,71512,M,0.0,0.0,71
200800056084,8,10,31,2200,5,2,1,2,6,71512,M,0.0,0.0,71
200800056085,8,10,7,730,2,1,1,1,6,71586,M,4647700.0,432800.0,71
200800056086,8,10,23,430,3,1,1,5,1,71590,M,0.0,0.0,71
200800056087,8,10,3,1900,2,1,1,2,3,71282,M,0.0,0.0,71
200800056088,8,10,19,100,3,1,1,5,6,71390,M,4673300.0,428600.0,71
200800056089,8,10,27,1830,3,1,1,2,6,71038,M,4674200.0,435200.0,71
200800056090,8,10,18,915,1,1,1,5,1,71340,M,0.0,0.0,71
200800056091,8,10,24,1915,3,1,1,1,3,71490,M,4651900.0,416400.0,71
200800056092,8,10,17,900,1,1,9,1,5,71484,M,0.0,0.0,71
200800056093,8,10,15,2345,3,1,1,2,6,71514,M,4675000.0,530000.0,71
200800056094,8,10,30,1630,1,1,1,4,1,71435,M,0.0,0.0,71
200800056095,8,10,3,1215,1,2,1,8,3,89077,M,0.0,0.0,89
200800056096,8,10,3,1215,1,2,1,1,3,89238,M,0.0,0.0,89
200800056097,8,10,23,1745,1,1,1,1,2,89125,M,0.0,0.0,89
200800056098,8,10,4,1930,2,2,7,1,5,89041,M,0.0,0.0,89
200800056099,8,10,7,1700,1,1,1,1,6,89169,M,0.0,0.0,89
200800056100,8,10,7,830,1,2,1,2,1,89034,M,0.0,0.0,89
200800056101,8,10,21,1630,1,1,1,2,3,89382,M,0.0,0.0,89
200800056102,8,10,25,1630,1,2,1,1,6,89068,M,0.0,0.0,89
200800056103,8,10,11,430,3,1,1,1,7,89222,M,4767200.0,330400.0,89
200800056104,8,10,11,545,5,2,1,1,1,89025,M,0.0,0.0,89
200800056105,8,10,6,1000,1,1,1,1,5,89206,M,4797300.0,338700.0,89
200800056106,8,10,25,1730,2,2,1,1,6,89206,M,0.0,0.0,89
200800056107,8,10,29,1815,2,1,1,1,6,89103,M,4789400.0,319000.0,89
200800056108,8,10,29,1115,1,1,1,5,3,89334,M,4783700.0,331400.0,89
200800056109,8,10,7,730,1,2,1,1,1,89055,M,4799500.0,361500.0,89
200800056110,8,10,11,1915,5,2,1,1,7,89152,M,4795200.0,347300.0,89
200800056111,8,10,17,1945,5,2,1,1,3,89257,M,4796900.0,352400.0,89
200800056112,8,10,4,1445,1,1,1,1,6,89239,M,0.0,0.0,89
200800056113,8,10,12,1400,1,1,1,1,6,89214,M,0.0,0.0,89
200800056114,8,10,16,2045,3,1,1,2,6,89443,M,4813700.0,331100.0,89
200800056115,8,10,15,1930,3,1,1,2,7,89460,M,0.0,0.0,89
200800056116,8,10,20,1300,1,1,1,1,6,89456,M,4830700.0,318000.0,89
200800056117,8,10,18,2045,3,1,6,1,7,89466,M,4817900.0,317700.0,89
200800056118,8,10,23,1115,1,2,1,1,1,89100,M,0.0,0.0,89
200800056119,8,10,25,1900,2,1,1,1,7,89418,M,0.0,0.0,89
200800056120,8,10,23,700,4,2,1,5,7,89005,M,4777700.0,417100.0,89
200800056121,8,10,3,1430,1,1,1,8,7,25535,M,0.0,0.0,25
200800056122,8,10,8,115,5,2,1,1,6,25016,M,0.0,0.0,25
200800056123,8,10,20,1730,1,1,1,1,6,25535,M,0.0,0.0,25
200800056124,8,10,23,1730,1,1,1,1,1,25126,M,0.0,0.0,25
200800056125,8,10,7,2130,5,1,1,1,6,25367,M,0.0,0.0,25
200800056126,8,10,11,2200,3,1,1,1,6,25040,M,0.0,0.0,25
200800056127,8,10,19,1630,1,1,1,7,7,25504,M,4721500.0,665500.0,25
200800056128,8,10,16,1400,1,1,1,3,1,25505,M,4748400.0,635200.0,25
200800056129,8,10,11,1500,1,2,1,1,3,25432,M,0.0,0.0,25
200800056130,8,10,31,1915,3,1,8,1,3,25219,M,0.0,0.0,25
200800056131,8,10,28,15,3,1,1,2,7,25029,M,4703600.0,633500.0,25
200800056132,8,10,11,1045,1,1,1,1,7,25295,M,0.0,0.0,25
200800056133,8,10,9,745,2,2,1,2,6,25411,M,4706500.0,660800.0,25
200800056134,8,10,22,915,1,2,1,2,3,25099,M,4699800.0,635400.0,25
200800056135,8,10,4,1600,1,1,1,1,1,39173,M,0.0,0.0,39
200800056136,8,10,9,1530,1,1,1,5,6,39040,M,0.0,0.0,39
200800056137,8,10,12,945,1,1,1,1,1,39434,M,4682700.0,569400.0,39
200800056138,8,10,15,345,3,1,1,1,6,39315,M,4695500.0,584100.0,39
200800056139,8,10,28,1815,5,1,1,1,3,39078,M,4711000.0,551900.0,39
200800056140,8,10,5,215,3,1,1,2,7,39396,M,4716100.0,566300.0,39
200800056141,8,10,29,715,2,1,1,8,5,39096,M,4724500.0,548400.0,39
200800056142,8,10,12,1730,2,1,1,1,1,39478,M,4640300.0,590800.0,39
200800056143,8,10,30,1400,1,1,1,4,1,39438,M,4640100.0,581700.0,39
200800056144,8,10,1,1700,1,1,1,1,3,39367,M,0.0,0.0,39
200800056145,8,10,15,1800,2,1,1,1,2,39297,M,4646500.0,594100.0,39
200800056146,8,10,8,1730,1,1,1,3,1,70133,M,4774000.0,600000.0,70
200800056147,8,10,31,2030,3,1,1,3,6,70208,M,4754800.0,613700.0,70
200800056148,8,10,29,1245,1,2,1,2,2,70120,M,4768800.0,669300.0,70
200800056149,8,10,28,1815,3,1,1,1,6,70248,M,0.0,0.0,70
200800056150,8,10,1,45,3,1,1,2,6,70317,M,4754000.0,640000.0,70
200800056151,8,10,30,1400,2,1,1,2,2,70279,M,0.0,0.0,70
200800056152,8,10,7,1800,1,1,1,8,6,90030,M,0.0,0.0,90
200800056153,8,10,3,945,1,1,1,3,3,90060,M,0.0,0.0,90
200800056154,8,10,30,1430,1,2,3,1,3,90052,M,4775100.0,682100.0,90
200800056155,8,10,9,1030,1,2,1,2,1,90084,M,4757600.0,701800.0,90
200800056156,8,10,30,2200,3,1,1,2,6,90050,M,0.0,0.0,90
200800056157,8,10,3,1715,1,1,1,1,6,26002,M,0.0,0.0,26
200800056158,8,10,9,1830,2,1,1,1,6,38468,M,0.0,0.0,38
200800056159,8,10,10,1200,1,1,1,1,5,26165,M,4478600.0,481900.0,26
200800056160,8,10,4,600,3,1,1,1,3,26116,M,4444300.0,475100.0,26
200800056161,8,10,12,630,3,1,1,1,2,26339,M,4462100.0,479300.0,26
200800056162,8,10,15,2100,3,1,1,1,2,26005,M,4451900.0,478200.0,26
200800056163,8,10,23,1115,1,2,1,1,6,13041,M,0.0,0.0,13
200800056164,8,10,3,1645,1,1,1,1,1,13059,M,4363000.0,551000.0,13
200800056165,8,10,8,1515,1,1,1,1,7,13015,M,4346400.0,537200.0,13
200800056166,8,10,8,1030,1,1,1,2,1,13019,M,0.0,0.0,13
200800056167,8,10,12,945,1,1,6,1,6,13019,M,4348300.0,535600.0,13
200800056168,8,10,15,1100,1,2,6,1,1,13019,M,4346800.0,535400.0,13
200800056169,8,10,24,1600,1,1,1,1,1,13019,M,4347400.0,535400.0,13
200800056170,8,10,26,945,1,2,3,1,3,13015,M,4342900.0,539300.0,13
200800056171,8,10,12,345,3,1,1,1,7,13004,M,0.0,0.0,13
200800056172,8,10,30,2045,3,1,1,1,2,13004,M,0.0,0.0,13
200800056173,8,10,17,1230,1,1,3,1,1,13027,M,0.0,0.0,13
200800056174,8,10,20,1930,3,1,1,2,5,13066,M,4389100.0,490500.0,13
200800056175,8,10,21,815,1,1,1,1,2,13027,M,0.0,0.0,13
200800056176,8,10,26,1845,3,1,1,1,3,13066,M,4386800.0,491500.0,13
200800056177,8,10,19,600,3,1,1,1,6,13097,M,0.0,0.0,13
200800056178,8,10,24,2330,5,2,1,1,6,13097,M,4366100.0,480200.0,13
200800056179,8,10,31,1430,1,1,1,2,1,13094,M,0.0,0.0,13
200800056180,8,10,10,1545,1,1,3,1,3,13022,M,4323000.0,558600.0,13
200800056181,8,10,25,1100,1,2,1,1,3,13022,M,0.0,0.0,13
200800056182,8,10,5,1500,1,2,1,1,1,13086,M,0.0,0.0,13
200800056183,8,10,10,1515,1,2,1,1,3,13086,M,0.0,0.0,13
200800056184,8,10,9,1445,1,1,1,1,1,13053,M,0.0,0.0,13
200800056185,8,10,15,1815,1,2,1,1,6,13105,M,4375100.0,508300.0,13
200800056186,8,10,7,1730,1,1,1,1,2,13089,M,0.0,0.0,13
200800056187,8,10,25,1300,1,1,1,1,6,13089,M,0.0,0.0,13
200800056188,8,10,28,1900,5,2,1,3,6,13089,M,0.0,0.0,13
200800056189,8,10,17,1200,1,1,1,1,3,13081,M,0.0,0.0,13
200800056190,8,10,17,1515,1,1,1,1,3,13082,M,4366600.0,535900.0,13
200800056191,8,10,10,1600,1,1,1,1,3,04116,M,4403100.0,597100.0,04
200800056192,8,10,31,915,1,2,1,2,6,04034,M,0.0,0.0,04
200800056193,8,10,29,45,3,1,1,2,6,04096,M,4447300.0,676300.0,04
200800056194,8,10,31,1600,1,2,1,2,1,04173,M,0.0,0.0,04
200800056195,8,10,11,1430,1,1,1,1,1,04166,M,4375500.0,610000.0,04
200800056196,8,10,12,1715,1,2,1,1,3,04245,M,4387900.0,584100.0,04
200800056197,8,10,30,1715,3,1,1,3,1,04244,M,0.0,0.0,04
200800056198,8,10,23,1730,1,1,1,1,6,04134,M,4457000.0,604800.0,04
200800056199,8,10,25,2000,3,1,1,1,7,05118,M,4420600.0,590700.0,05
200800056200,8,10,9,1445,1,2,1,1,6,05179,M,4453400.0,581400.0,05
200800056201,8,10,19,1730,1,1,1,1,5,05046,M,0.0,0.0,05
200800056202,8,10,29,2030,3,1,1,4,7,05007,M,0.0,0.0,05
200800056203,8,10,8,1730,1,1,1,8,1,05106,M,0.0,0.0,05
200800056204,8,10,26,1730,2,1,1,1,7,05052,M,0.0,0.0,05
200800056205,8,10,31,1545,1,2,1,1,5,06019,M,0.0,0.0,06
200800056206,8,10,11,1715,1,1,4,1,1,06092,M,0.0,0.0,06
200800056207,8,10,11,1115,1,1,1,1,1,06117,M,0.0,0.0,06
200800056208,8,10,30,1630,2,2,1,2,6,06149,M,4374600.0,731300.0,06
200800056209,8,10,8,445,5,1,1,1,5,06161,M,0.0,0.0,06
200800056210,8,10,17,2100,5,2,1,1,3,06161,M,4364600.0,714300.0,06
200800056211,8,10,30,1700,2,2,1,3,3,06161,M,4368900.0,710600.0,06
200800056212,8,10,5,1815,5,2,1,1,5,06138,M,0.0,0.0,06
200800056213,8,10,4,1515,1,2,1,1,6,06079,M,4355000.0,696000.0,06
200800056214,8,10,21,1345,1,1,1,1,3,06138,M,0.0,0.0,06
200800056215,8,10,4,900,1,1,1,1,3,06028,M,0.0,0.0,06
200800056216,8,10,19,1200,1,1,1,1,7,06070,M,0.0,0.0,06
200800056217,8,10,3,1715,1,1,1,1,1,06065,M,0.0,0.0,06
200800056218,8,10,10,1300,1,1,1,1,3,06122,M,4374000.0,717000.0,06
200800056219,8,10,1,1900,2,1,6,1,6,06025,M,0.0,0.0,06
200800056220,8,10,23,830,1,1,1,1,3,06064,M,0.0,0.0,06
200800056221,8,10,21,815,1,1,6,2,1,06033,M,0.0,0.0,06
200800056222,8,10,2,1430,1,1,1,1,6,06136,M,4387700.0,740700.0,06
200800056223,8,10,12,1815,1,1,1,1,6,06136,M,0.0,0.0,06
200800056224,8,10,2,1800,1,2,1,1,3,06032,M,0.0,0.0,06
200800056225,8,10,11,730,2,2,1,1,1,06032,M,0.0,0.0,06
200800056226,8,10,6,1545,1,1,1,1,5,06151,M,4386300.0,719800.0,06
200800056227,8,10,24,800,2,1,1,1,1,06071,M,4409000.0,690800.0,06
200800056228,8,10,1,1745,1,1,1,1,1,83004,M,0.0,0.0,83
200800056229,8,10,25,2015,3,1,1,1,6,83134,M,0.0,0.0,83
200800056230,8,10,30,1700,1,1,1,1,3,83148,M,0.0,0.0,83
200800056231,8,10,7,1145,1,1,1,1,6,83056,M,4356500.0,651300.0,83
200800056232,8,10,2,1530,1,1,1,6,7,83081,M,0.0,0.0,83
200800056233,8,10,6,845,1,1,1,1,6,83029,M,0.0,0.0,83
200800056234,8,10,7,2030,3,2,1,1,6,83055,M,0.0,0.0,83
200800056235,8,10,10,1730,1,1,1,1,3,83081,M,0.0,0.0,83
200800056236,8,10,26,1330,1,1,1,1,6,83133,M,4358600.0,680600.0,83
200800056237,8,10,15,745,1,2,1,1,3,83072,M,0.0,0.0,83
200800056238,8,10,26,1745,2,2,1,8,6,83136,M,0.0,0.0,83
200800056239,8,10,12,1800,2,1,1,1,3,83073,M,0.0,0.0,83
200800056240,8,10,18,1600,1,1,1,1,5,83031,M,0.0,0.0,83
200800056241,8,10,24,2015,3,1,1,1,7,83067,M,0.0,0.0,83
200800056242,8,10,24,1730,1,1,1,1,1,83007,M,0.0,0.0,83
200800056243,8,10,11,1345,1,2,1,1,3,83023,M,0.0,0.0,83
200800056244,8,10,27,745,1,2,6,1,6,83023,M,0.0,0.0,83
200800056245,8,10,30,1345,1,1,1,2,7,83143,M,0.0,0.0,83
200800056246,8,10,30,1500,1,2,1,2,3,83023,M,0.0,0.0,83
200800056247,8,10,31,2015,5,2,6,1,2,83023,M,0.0,0.0,83
200800056248,8,10,29,615,3,1,1,2,1,83023,M,0.0,0.0,83
200800056249,8,10,8,700,2,1,1,1,2,83032,M,0.0,0.0,83
200800056250,8,10,10,1700,1,1,1,1,6,83046,M,0.0,0.0,83
200800056251,8,10,4,1700,1,1,1,1,7,83087,M,0.0,0.0,83
200800056252,8,10,30,800,1,1,1,1,1,83048,M,0.0,0.0,83
200800056253,8,10,5,2015,3,1,1,1,3,83063,M,0.0,0.0,83
200800056254,8,10,10,745,2,1,1,1,1,83042,M,0.0,0.0,83
200800056255,8,10,12,1215,1,1,9,1,1,83063,M,0.0,0.0,83
200800056256,8,10,12,1630,1,1,1,1,1,83042,M,0.0,0.0,83
200800056257,8,10,11,1215,1,1,1,1,3,83068,M,0.0,0.0,83
200800056258,8,10,26,1115,1,1,1,1,2,83042,M,0.0,0.0,83
200800056259,8,10,4,600,3,1,1,1,1,83086,M,0.0,0.0,83
200800056260,8,10,16,2230,3,1,1,1,1,83115,M,0.0,0.0,83
200800056261,8,10,18,500,5,1,1,8,6,83115,M,0.0,0.0,83
200800056262,8,10,7,1500,1,1,9,1,3,83065,M,0.0,0.0,83
200800056263,8,10,8,1700,1,1,1,2,6,83065,M,0.0,0.0,83
200800056264,8,10,20,1800,1,1,1,2,6,83065,M,0.0,0.0,83
200800056265,8,10,25,1000,1,1,1,1,3,83035,M,0.0,0.0,83
200800056266,8,10,30,30,5,2,1,1,7,83035,M,0.0,0.0,83
200800056267,8,10,8,630,2,1,1,1,1,83071,M,0.0,0.0,83
200800056268,8,10,8,930,1,1,1,3,1,83112,M,0.0,0.0,83
200800056269,8,10,11,1400,1,2,1,1,2,83112,M,0.0,0.0,83
200800056270,8,10,25,1545,1,2,1,1,6,83112,M,0.0,0.0,83
200800056271,8,10,24,730,2,1,1,1,2,84081,M,0.0,0.0,84
200800056272,8,10,5,1615,1,2,1,1,6,84054,M,4392200.0,505500.0,84
200800056273,8,10,22,800,1,1,1,1,2,84054,M,4389000.0,504200.0,84
200800056274,8,10,23,145,3,1,1,2,3,84054,M,4389800.0,504500.0,84
200800056275,8,10,26,2230,3,1,1,1,6,84139,M,4392000.0,511400.0,84
200800056276,8,10,10,900,1,1,9,1,2,84092,M,4399400.0,486300.0,84
200800056277,8,10,11,1915,5,2,1,1,3,84092,M,4396300.0,487400.0,84
200800056278,8,10,21,1700,1,2,9,1,6,84092,M,0.0,0.0,84
200800056279,8,10,5,2130,5,2,1,1,3,84129,M,0.0,0.0,84
200800056280,8,10,27,2015,5,1,1,1,6,84129,M,0.0,0.0,84
200800056281,8,10,11,1715,1,1,1,1,2,84047,M,4387900.0,533100.0,84
200800056282,8,10,4,230,3,1,1,1,6,84102,M,4392200.0,527300.0,84
200800056283,8,10,4,1600,1,1,1,1,1,84050,M,0.0,0.0,84
200800056284,8,10,15,215,3,1,1,1,7,84051,M,4386400.0,522800.0,84
200800056285,8,10,27,845,1,1,1,1,7,84013,M,4386100.0,520300.0,84
200800056286,8,10,21,2030,3,1,1,1,6,84002,M,0.0,0.0,84
200800056287,8,10,23,1530,1,1,1,1,1,84076,M,0.0,0.0,84
200800056288,8,10,11,545,3,1,1,1,7,84148,M,0.0,0.0,84
200800056289,8,10,19,245,3,1,1,1,7,84044,M,4423000.0,513000.0,84
200800056290,8,10,13,1700,1,1,1,1,1,84088,M,4398300.0,500400.0,84
200800056291,8,10,15,1415,1,2,6,1,2,84088,M,4400100.0,506300.0,84
200800056292,8,10,19,1915,3,1,1,1,1,84088,M,4397500.0,497900.0,84
200800056293,8,10,14,2000,2,1,1,1,2,84056,M,0.0,0.0,84
200800056294,8,10,25,530,3,1,1,1,6,84019,M,4431700.0,473700.0,84
200800056295,8,10,6,1030,1,1,1,1,7,84106,M,0.0,0.0,84
200800056296,8,10,10,1615,1,2,1,1,6,84137,M,0.0,0.0,84
200800056297,8,10,12,1945,3,1,1,1,7,84028,M,0.0,0.0,84
200800056298,8,10,6,1130,1,2,1,8,1,84053,M,0.0,0.0,84
200800056299,8,10,12,1930,5,2,1,1,1,84138,M,0.0,0.0,84
200800056300,8,10,14,815,1,2,1,1,3,34057,M,0.0,0.0,34
200800056301,8,10,17,800,1,2,1,1,1,34057,M,0.0,0.0,34
200800056302,8,10,27,1700,2,1,1,1,5,34058,M,0.0,0.0,34
200800056303,8,10,1,1145,1,1,1,1,4,34321,M,0.0,0.0,34
200800056304,8,10,15,2245,3,1,1,1,3,34145,M,0.0,0.0,34
200800056305,8,10,29,1415,1,2,1,1,6,34145,M,0.0,0.0,34
200800056306,8,10,27,1600,1,2,1,1,6,34154,M,4362100.0,401200.0,34
200800056307,8,10,31,1915,5,1,6,1,2,34154,M,4365100.0,396400.0,34
200800056308,8,10,1,930,1,1,1,1,7,34274,M,0.0,0.0,34
200800056309,8,10,13,730,2,1,1,1,1,34297,M,4383400.0,390900.0,34
200800056310,8,10,11,300,3,1,1,1,6,34052,M,4332900.0,305000.0,34
200800056311,8,10,20,1730,1,1,1,1,1,34052,M,4331400.0,316200.0,34
200800056312,8,10,4,1015,1,1,1,1,3,34070,M,4341800.0,297300.0,34
200800056313,8,10,2,745,1,1,1,1,1,34289,M,4340900.0,340900.0,34
200800056314,8,10,12,1915,1,1,1,1,7,34103,M,4355500.0,338200.0,34
200800056315,8,10,18,1515,1,2,1,1,2,34237,M,4350900.0,331100.0,34
200800056316,8,10,8,800,1,2,1,2,1,34299,M,4328600.0,328300.0,34
200800056317,8,10,6,1500,1,1,1,1,3,34013,M,4359100.0,345700.0,34
200800056318,8,10,11,2200,5,2,1,1,6,34079,M,0.0,0.0,34
200800056319,8,10,11,2200,3,1,1,1,6,34010,M,0.0,0.0,34
200800056320,8,10,14,1715,1,2,1,1,3,34114,M,4365900.0,355400.0,34
200800056321,8,10,25,1200,1,1,1,1,7,34016,M,0.0,0.0,34
200800056322,8,10,11,1945,5,2,6,1,2,34150,M,0.0,0.0,34
200800056323,8,10,23,1015,1,1,1,1,1,34332,M,0.0,0.0,34
200800056324,8,10,22,1230,1,1,1,1,1,11009,M,4326100.0,218100.0,11
200800056325,8,10,28,1815,4,2,1,3,6,11009,M,0.0,0.0,11
200800056326,8,10,28,1730,2,1,3,2,3,11440,M,4308900.0,249100.0,11
200800056327,8,10,6,945,1,2,1,1,3,11315,M,4328700.0,258600.0,11
200800056328,8,10,5,1930,3,1,2,1,3,11195,M,4325400.0,198700.0,11
200800056329,8,10,24,1515,1,1,1,1,5,11358,M,0.0,0.0,11
200800056330,8,10,30,1730,1,2,1,1,3,11103,M,4294600.0,225600.0,11