Num_Acc,an,mois,jour,hrmn,lum,agg,int,atm,col,com,gps,lat,long,dep
200800056331,8,10,8,715,3,1,1,1,3,11421,M,0.0,0.0,11
200800056332,8,10,31,1930,3,1,1,2,3,11262,M,0.0,0.0,11
200800056333,8,10,31,2200,3,1,1,6,6,11262,M,0.0,0.0,11
200800056334,8,10,13,1315,1,1,1,2,3,11370,M,4323500.0,309400.0,11
200800056335,8,10,5,415,3,1,1,1,7,11266,M,4299200.0,303500.0,11
200800056336,8,10,15,330,3,1,1,1,1,11379,M,4305900.0,296000.0,11
200800056337,8,10,10,1445,1,1,1,1,6,30091,M,0.0,0.0,30
200800056338,8,10,16,1000,1,1,1,1,2,30347,M,4372300.0,426200.0,30
200800056339,8,10,2,845,1,1,1,1,5,30010,M,4406100.0,400100.0,30
200800056340,8,10,4,1130,1,1,1,1,1,30162,M,4401900.0,401000.0,30
200800056341,8,10,16,1945,3,1,1,1,5,30042,M,4406100.0,400200.0,30
200800056342,8,10,26,815,1,2,1,1,6,30269,M,0.0,0.0,30
200800056343,8,10,8,1400,1,1,1,2,1,30284,M,0.0,0.0,30
200800056344,8,10,17,900,1,1,1,1,3,30318,M,4414500.0,418500.0,30
200800056345,8,10,28,1745,5,2,1,2,6,30284,M,4414600.0,408700.0,30
200800056346,8,10,6,830,1,2,1,1,6,30348,M,4405500.0,413300.0,30
200800056347,8,10,3,1730,1,2,1,1,1,30227,M,4423300.0,416900.0,30
200800056348,8,10,7,1800,1,1,1,1,2,30299,M,0.0,0.0,30
200800056349,8,10,14,1600,1,1,1,1,3,30295,M,0.0,0.0,30
200800056350,8,10,25,515,1,1,1,1,6,30256,M,4419000.0,456700.0,30
200800056351,8,10,1,845,1,2,1,1,3,30346,M,4396200.0,452200.0,30
200800056352,8,10,11,1930,3,1,1,1,6,30012,M,4388900.0,469500.0,30
200800056353,8,10,10,45,3,1,2,1,3,30179,M,4387400.0,458500.0,30
200800056354,8,10,16,1845,1,1,1,1,6,30346,M,4396900.0,450500.0,30
200800056355,8,10,20,1030,1,1,1,3,6,30317,M,4393500.0,456200.0,30
200800056356,8,10,12,215,3,1,1,5,2,30326,M,0.0,0.0,30
200800056357,8,10,31,715,1,1,1,2,1,30312,M,4402300.0,479500.0,30
200800056358,8,10,12,330,3,1,1,1,6,30098,M,0.0,0.0,30
200800056359,8,10,16,1015,1,2,1,1,3,30255,M,0.0,0.0,30
200800056360,8,10,18,1600,1,1,1,1,3,30325,M,4399700.0,371200.0,30
200800056361,8,10,12,945,1,1,1,1,7,30349,M,4389100.0,403400.0,30
200800056362,8,10,14,815,1,1,1,1,1,30148,M,4389300.0,400300.0,30
200800056363,8,10,26,1515,1,1,1,1,6,30058,M,0.0,0.0,30
200800056364,8,10,28,1600,1,1,1,2,1,48013,M,4454100.0,356800.0,48
200800056365,8,10,6,1400,1,1,1,1,6,48186,M,0.0,0.0,48
200800056366,8,10,19,800,1,1,1,1,7,48073,M,0.0,0.0,48
200800056367,8,10,14,730,3,1,1,5,5,48009,M,4469300.0,328700.0,48
200800056368,8,10,19,500,3,1,1,1,6,48128,M,4477100.0,332200.0,48
200800056369,8,10,9,2130,3,1,1,1,1,66037,M,0.0,0.0,66
200800056370,8,10,21,2000,3,2,1,1,3,66065,M,0.0,0.0,66
200800056371,8,10,25,1630,1,2,1,1,1,66065,M,4260000.0,297900.0,66
200800056372,8,10,22,1400,1,2,1,1,6,66231,M,4285300.0,278000.0,66
200800056373,8,10,23,800,1,1,1,2,3,66164,M,4278300.0,290600.0,66
200800056374,8,10,25,1945,3,1,1,1,3,66069,M,4278400.0,282900.0,66
200800056375,8,10,4,1545,1,2,1,1,1,66207,M,0.0,0.0,66
200800056376,8,10,21,800,1,1,1,1,1,66144,M,4264500.0,285800.0,66
200800056377,8,10,26,200,3,1,1,1,6,66038,M,0.0,0.0,66
200800056378,8,10,30,1830,3,1,1,1,2,66024,M,0.0,0.0,66
200800056379,8,10,31,1400,1,1,1,1,1,66106,M,0.0,0.0,66
200800056380,8,10,6,1615,1,2,1,1,6,66148,M,4252200.0,310500.0,66
200800056381,8,10,5,1915,3,1,9,1,3,66165,M,0.0,0.0,66
200800056382,8,10,8,615,2,1,1,1,3,20085,M,0.0,0.0,201
200800056383,8,10,12,1000,1,1,3,1,1,20085,M,0.0,0.0,201
200800056384,8,10,16,1430,1,2,1,1,3,20032,M,0.0,0.0,201
200800056385,8,10,3,1630,1,1,1,1,3,20271,M,0.0,0.0,201
200800056386,8,10,17,1330,1,1,1,1,7,20247,M,0.0,0.0,201
200800056387,8,10,3,900,1,1,1,1,3,20284,M,4172500.0,883900.0,201
200800056388,8,10,26,1115,1,1,1,1,3,20211,M,4180500.0,897000.0,201
200800056389,8,10,7,1530,1,2,1,1,7,20148,M,4252700.0,944200.0,202
200800056390,8,10,26,1545,1,1,1,1,3,20314,M,4266600.0,915900.0,202
200800056391,8,10,29,1200,1,1,1,2,7,20188,M,4260100.0,941200.0,202
200800056392,8,10,24,1800,1,1,1,2,1,20182,M,4264400.0,900300.0,202
200800056393,8,10,5,2200,3,1,1,1,1,20289,M,0.0,0.0,202
200800056394,8,10,18,2015,3,1,1,1,4,20337,M,4247300.0,924100.0,202
200800056395,8,10,9,830,1,2,1,1,1,20009,M,0.0,0.0,202
200800056396,8,10,3,800,1,1,1,2,3,78113,M,4903600.0,181800.0,78
200800056397,8,10,11,2130,5,2,1,1,2,78020,M,0.0,0.0,78
200800056398,8,10,30,1730,2,1,1,8,1,78548,M,0.0,0.0,78
200800056399,8,10,1,1830,1,1,1,1,2,78615,M,0.0,0.0,78
200800056400,8,10,12,230,5,2,1,1,6,78683,M,0.0,0.0,78
200800056401,8,10,31,1930,3,1,1,2,7,78125,M,0.0,0.0,78
200800056402,8,10,22,1600,1,1,1,1,7,91599,M,0.0,0.0,91
200800056403,8,10,9,945,1,2,1,1,6,91226,M,4849100.0,219700.0,91
200800056404,8,10,10,1615,1,2,2,1,1,91226,M,0.0,0.0,91
200800056405,8,10,24,1415,3,1,1,1,2,91132,M,0.0,0.0,91
200800056406,8,10,26,230,5,2,1,5,6,91017,M,0.0,0.0,91
200800056407,8,10,28,1300,1,2,1,1,3,91540,M,0.0,0.0,91
200800056408,8,10,14,1615,1,2,1,1,1,91156,M,0.0,0.0,91
200800056409,8,10,16,1600,1,1,1,1,3,91041,M,0.0,0.0,91
200800056410,8,10,21,445,5,2,9,1,1,91243,M,0.0,0.0,91
200800056411,8,10,4,1330,1,1,1,1,3,91534,M,4873200.0,216900.0,91
200800056412,8,10,7,1430,1,1,1,1,4,95119,M,4919400.0,171600.0,95
200800056413,8,10,13,1000,1,1,1,1,2,95554,M,4918300.0,174400.0,95
200800056414,8,10,31,830,2,1,1,2,1,95379,M,4910900.0,177600.0,95
200800056415,8,10,11,1400,1,1,1,1,3,95002,M,0.0,0.0,95
200800056416,8,10,1,1145,1,1,1,3,2,95199,M,0.0,0.0,95
200800056417,8,10,22,745,5,2,1,8,1,95199,M,0.0,0.0,95
200800056418,8,10,11,730,2,1,1,5,7,95154,M,0.0,0.0,95
200800056419,8,10,16,1715,1,1,1,1,2,77100,M,4848400.0,283900.0,77
200800056420,8,10,18,1730,1,2,1,1,3,77103,M,4853400.0,283600.0,77
200800056421,8,10,6,700,2,1,6,2,7,77317,M,4861700.0,288300.0,77
200800056422,8,10,16,1145,1,1,1,2,1,77432,M,4883200.0,323900.0,77
200800056423,8,10,20,1700,1,1,1,1,7,77423,M,4880100.0,333200.0,77
200800056424,8,10,7,1530,1,2,1,1,3,77183,M,4895400.0,313800.0,77
200800056425,8,10,9,1345,1,1,1,1,3,77361,M,0.0,0.0,77
200800056426,8,10,12,2045,3,2,1,1,3,77183,M,0.0,0.0,77
200800056427,8,10,24,2015,3,1,1,2,6,77448,M,4894000.0,310200.0,77
200800056428,8,10,27,1545,1,1,1,2,1,77440,M,4895600.0,304900.0,77
200800056429,8,10,28,1530,1,2,1,1,3,77300,M,4894000.0,298000.0,77
200800056430,8,10,19,930,1,1,1,1,1,77336,M,4878900.0,282400.0,77
200800056431,8,10,11,1630,1,1,1,1,2,77264,M,4873300.0,297800.0,77
200800056432,8,10,22,830,1,2,1,1,6,77393,M,4868200.0,297200.0,77
200800056433,8,10,10,800,1,1,1,1,1,77339,M,4837300.0,251500.0,77
200800056434,8,10,19,1630,1,1,1,1,1,77001,M,0.0,0.0,77
200800056435,8,10,17,730,3,1,1,5,1,77099,M,4816100.0,269500.0,77
200800056436,8,10,19,1945,5,1,1,1,7,77071,M,4821100.0,278300.0,77
200800056437,8,10,7,830,2,1,1,2,5,77308,M,4904200.0,273900.0,77
200800056438,8,10,9,1900,1,1,1,1,4,77437,M,4904600.0,277500.0,77
200800056439,8,10,31,1815,5,1,1,8,1,77416,M,4860200.0,310500.0,77
200800056440,8,10,17,2000,3,1,1,1,6,77325,M,4844300.0,324300.0,77
200800056441,8,10,26,1700,2,1,1,1,7,77076,M,4849500.0,324900.0,77
200800056442,8,10,18,545,3,1,1,1,4,45194,M,4791100.0,206600.0,45
200800056443,8,10,18,1200,1,1,1,1,1,45072,M,4797200.0,193000.0,45
200800056444,8,10,25,100,3,1,1,1,7,45204,M,0.0,0.0,45
200800056445,8,10,1,1815,1,1,1,1,5,45173,M,4787300.0,212600.0,45
200800056446,8,10,5,330,3,1,1,1,3,45273,M,4789600.0,212700.0,45
200800056447,8,10,25,545,1,1,1,1,6,45300,M,4786200.0,199100.0,45
200800056448,8,10,11,1900,1,1,1,1,3,45019,M,4785500.0,163200.0,45
200800056449,8,10,17,1415,1,1,1,1,1,45086,M,4816700.0,209300.0,45
200800056450,8,10,5,1900,3,1,6,2,6,45227,M,0.0,0.0,45
200800056451,8,10,12,1200,1,2,1,8,6,45155,M,4769200.0,263000.0,45
200800056452,8,10,12,2030,2,2,1,1,3,45053,M,4764600.0,273800.0,45
200800056453,8,10,21,2215,3,1,1,2,1,45053,M,0.0,0.0,45
200800056454,8,10,2,1845,1,2,1,7,3,45315,M,0.0,0.0,45
200800056455,8,10,5,515,3,1,1,1,1,45156,M,0.0,0.0,45
200800056456,8,10,27,1845,3,1,2,1,3,45329,M,4798000.0,300600.0,45
200800056457,8,10,4,530,3,2,8,1,1,45206,M,4804000.0,263000.0,45
200800056458,8,10,11,1000,1,2,1,1,2,45127,M,0.0,0.0,45
200800056459,8,10,30,1630,1,1,1,2,1,18241,M,4732600.0,281900.0,18
200800056460,8,10,6,1400,1,1,1,1,7,18089,M,0.0,0.0,18
200800056461,8,10,6,1430,1,1,1,1,1,18129,M,0.0,0.0,18
200800056462,8,10,1,845,1,1,1,2,6,18115,M,4736000.0,246400.0,18
200800056463,8,10,12,1030,1,2,1,1,6,18015,M,4749900.0,244300.0,18
200800056464,8,10,18,1230,1,1,1,1,3,18005,M,4717200.0,221600.0,18
200800056465,8,10,19,830,2,1,1,7,6,18150,M,4725200.0,198200.0,18
200800056466,8,10,26,2030,3,1,1,2,6,18103,M,4712900.0,186500.0,18
200800056467,8,10,24,1630,1,2,1,1,6,18207,M,0.0,0.0,18
200800056468,8,10,12,200,3,1,1,1,6,18097,M,0.0,0.0,18
200800056469,8,10,7,2000,3,1,1,2,6,28201,M,4852000.0,153400.0,28
200800056470,8,10,4,200,3,1,1,1,7,28422,M,4828100.0,197700.0,28
200800056471,8,10,12,830,1,2,1,1,6,28367,M,4814900.0,190500.0,28
200800056472,8,10,17,1845,3,1,1,1,4,28004,M,4833300.0,166100.0,28
200800056473,8,10,18,400,3,1,1,1,6,28205,M,0.0,0.0,28
200800056474,8,10,4,330,3,1,1,1,6,28014,M,4867200.0,131600.0,28
200800056475,8,10,17,2000,2,1,2,1,3,28405,M,4874700.0,129100.0,28
200800056476,8,10,19,1730,1,1,1,1,3,28098,M,4875700.0,146200.0,28
200800056477,8,10,26,2245,3,1,1,2,7,28239,M,4867900.0,138500.0,28
200800056478,8,10,1,1315,1,1,1,1,2,28062,M,4876400.0,151300.0,28
200800056479,8,10,4,1415,1,1,1,1,1,28096,M,4889100.0,148300.0,28
200800056480,8,10,21,745,2,1,1,2,7,28185,M,4878600.0,157700.0,28
200800056481,8,10,8,1315,1,1,1,1,1,28279,M,4861800.0,144100.0,28
200800056482,8,10,8,745,1,1,2,1,3,28343,M,0.0,0.0,28
200800056483,8,10,25,445,3,1,1,5,7,28393,M,4861500.0,142100.0,28
200800056484,8,10,25,1830,3,1,1,1,1,28054,M,4865500.0,140000.0,28
200800056485,8,10,4,930,1,2,1,1,6,36035,M,0.0,0.0,36
200800056486,8,10,20,300,3,2,1,1,6,36006,M,4659600.0,152400.0,36
200800056487,8,10,27,1100,1,2,1,2,1,36006,M,4659600.0,152000.0,36
200800056488,8,10,19,1345,1,1,1,1,6,36118,M,4673900.0,140700.0,36
200800056489,8,10,19,1815,1,1,1,1,1,36068,M,4722100.0,170600.0,36
200800056490,8,10,17,1745,1,1,1,7,6,36137,M,4672000.0,93000.0,36
200800056491,8,10,4,1100,1,1,1,1,6,36222,M,4691200.0,196200.0,36
200800056492,8,10,17,730,2,2,1,1,1,37003,M,4741400.0,98500.0,37
200800056493,8,10,21,1945,3,1,1,2,7,37158,M,4748600.0,95000.0,37
200800056494,8,10,28,630,3,2,1,5,6,37055,M,4748400.0,26600.0,37
200800056495,8,10,17,800,1,1,1,1,5,37152,M,4745600.0,67600.0,37
200800056496,8,10,24,615,5,1,3,1,5,37009,M,0.0,0.0,37
200800056497,8,10,16,1745,1,1,1,1,6,37210,M,0.0,0.0,37
200800056498,8,10,18,1645,1,1,2,1,3,37118,M,0.0,0.0,37
200800056499,8,10,26,45,3,1,1,5,6,37248,M,4712700.0,19900.0,37
200800056500,8,10,15,1230,1,1,1,1,1,37004,M,0.0,0.0,37
200800056501,8,10,13,1900,1,2,1,1,7,37132,M,4711700.0,98600.0,37
200800056502,8,10,18,1245,1,1,1,1,1,37016,M,4720200.0,95100.0,37
200800056503,8,10,24,945,1,1,3,1,3,37108,M,4713700.0,109700.0,37
200800056504,8,10,30,1015,3,1,1,2,7,37132,M,4713100.0,89500.0,37
200800056505,8,10,11,845,1,2,1,1,5,37143,M,4714300.0,79200.0,37
200800056506,8,10,29,815,1,2,1,1,6,37154,M,0.0,0.0,37
200800056507,8,10,12,800,1,2,1,1,6,41009,M,4768400.0,131600.0,41
200800056508,8,10,16,1200,1,2,1,1,6,41276,M,0.0,0.0,41
200800056509,8,10,31,1700,2,1,1,1,1,41266,M,0.0,0.0,41
200800056510,8,10,25,1300,1,1,9,1,7,41273,M,4787000.0,131900.0,41
200800056511,8,10,22,1345,1,2,1,1,6,41136,M,0.0,0.0,41
200800056512,8,10,24,2045,3,1,1,1,1,41220,M,0.0,0.0,41
200800056513,8,10,3,1730,1,2,1,3,6,41164,M,0.0,0.0,41
200800056514,8,10,1,730,2,1,1,2,1,41231,M,0.0,0.0,41
200800056515,8,10,18,315,5,2,1,1,6,41106,M,4760900.0,202600.0,41
200800056516,8,10,24,1300,1,1,1,1,1,41161,M,4754000.0,200600.0,41
200800056517,8,10,6,700,2,1,1,2,1,41238,M,0.0,0.0,41
200800056518,8,10,15,1600,1,1,1,2,3,41214,M,4793100.0,119700.0,41
200800056519,8,10,20,730,2,1,1,1,1,41073,M,4792000.0,100800.0,41
200800056520,8,10,3,1745,1,1,1,1,2,33097,M,0.0,0.0,33
200800056521,8,10,23,730,2,1,1,1,6,33070,M,4504700.0,-91500.0,33
200800056522,8,10,30,1945,5,2,1,3,6,33333,M,0.0,0.0,33
200800056523,8,10,3,1645,1,2,1,1,1,29233,M,0.0,0.0,29
200800056524,8,10,31,2000,3,1,1,1,1,29234,M,4784400.0,-348300.0,29
200800056525,8,10,31,1445,1,1,1,1,3,29272,M,4796300.0,-394300.0,29
200800056526,8,10,28,1215,1,2,1,3,1,13104,M,0.0,0.0,13
200800056527,8,10,31,1030,1,1,1,1,3,87151,M,0.0,0.0,87
200800056528,8,10,18,1445,1,1,9,1,3,67367,M,0.0,0.0,67
200800056529,8,10,12,1045,1,2,1,1,1,21515,M,4732000.0,511000.0,21
200800056530,8,10,16,1215,1,1,6,3,7,21515,M,4732900.0,510000.0,21
200800056531,8,10,7,1845,1,2,1,1,1,13040,M,4348100.0,554000.0,13
200800056532,8,10,25,100,3,1,1,1,6,47195,M,0.0,0.0,47
200800056533,8,10,30,830,2,1,1,3,7,47195,M,4414500.0,35700.0,47
200800056534,8,10,7,1630,1,1,1,1,1,11144,M,0.0,0.0,11
200800056535,8,10,4,1215,1,2,6,1,3,34123,M,4361600.0,380800.0,34
200800056536,8,10,6,1345,1,2,1,1,6,34259,M,4361400.0,378300.0,34
200800056537,8,10,29,1145,1,1,5,1,3,11261,M,0.0,0.0,11
200800056538,8,10,8,1515,1,1,1,8,1,23144,M,0.0,0.0,23
200800056539,8,10,7,1115,1,1,1,1,6,78564,M,0.0,0.0,78
200800056540,8,10,3,1730,1,2,1,3,6,33005,M,4474700.0,-110000.0,33
200800056541,8,10,6,1800,1,2,1,1,3,33229,M,4470800.0,-104000.0,33
200800056542,8,10,17,415,3,1,1,1,7,33229,M,0.0,0.0,33
200800056543,8,10,8,1430,1,2,1,1,5,60142,M,4913700.0,253400.0,60
200800056544,8,10,24,2300,3,1,1,1,3,77520,M,4831400.0,264900.0,77
200800056545,8,10,27,430,3,1,1,1,6,89277,M,0.0,0.0,89
200800056546,8,10,4,1445,1,1,1,1,4,62355,M,5033900.0,293400.0,62
200800056547,8,10,1,1100,1,1,9,3,3,80002,M,0.0,0.0,80
200800056548,8,10,10,1630,1,1,1,1,3,71383,M,0.0,0.0,71
200800056549,8,10,11,430,3,1,1,5,7,71543,M,0.0,0.0,71
200800056550,8,10,12,2015,3,1,1,1,6,71550,M,0.0,0.0,71
200800056551,8,10,24,1245,1,1,1,1,6,89108,M,0.0,0.0,89
200800056552,8,10,20,715,3,1,1,1,6,30217,M,0.0,0.0,30
200800056553,8,10,10,130,3,1,1,1,3,83054,M,4316400.0,604800.0,83
200800056554,8,10,26,1315,1,1,1,1,3,83033,M,0.0,0.0,83
200800056555,8,10,20,1945,3,1,1,1,3,60601,M,0.0,0.0,60
200800056556,8,10,6,545,3,1,1,1,2,76682,M,4931800.0,110900.0,76
200800056557,8,10,31,1045,1,1,1,8,6,78068,M,0.0,0.0,78
200800056558,8,10,4,1100,1,2,1,8,6,21003,M,0.0,0.0,21
200800056559,8,10,9,1300,1,1,1,1,2,69206,M,0.0,0.0,69
200800056560,8,10,13,1345,1,1,1,1,2,69013,M,0.0,0.0,69
200800056561,8,10,28,530,3,1,1,8,7,69077,M,0.0,0.0,69
200800056562,8,10,25,715,2,1,1,1,2,38348,M,0.0,0.0,38
200800056563,8,10,1,1400,1,2,1,2,3,95250,M,0.0,0.0,95
200800056564,8,10,16,1500,1,1,2,1,3,76681,M,4942000.0,110800.0,76
200800056565,8,10,27,700,2,2,1,1,3,31116,M,0.0,0.0,31
200800056566,8,10,19,15,3,1,1,1,6,13025,M,0.0,0.0,13
200800056567,8,10,22,800,2,1,1,1,2,41245,M,4775700.0,154800.0,41
200800056568,8,10,6,930,1,1,1,1,3,34244,M,0.0,0.0,34
200800056569,8,10,7,1215,1,1,1,1,3,34146,M,0.0,0.0,34
200800056570,8,10,12,1300,1,1,1,1,3,30004,M,0.0,0.0,30
200800056571,8,10,23,1230,1,1,1,1,2,30189,M,0.0,0.0,30
200800056572,8,10,5,1515,1,1,1,1,6,37091,M,4734600.0,97100.0,37
200800056573,8,10,19,700,2,1,1,1,6,37225,M,4737600.0,87900.0,37
200800056574,8,10,26,430,3,1,1,5,7,37091,M,0.0,0.0,37
200800056575,8,10,28,1600,1,1,1,1,3,37156,M,0.0,0.0,37
200800056576,8,10,30,1930,3,1,1,2,1,37110,M,4733000.0,108600.0,37
200800056577,8,10,20,845,1,1,1,1,2,45154,M,0.0,0.0,45
200800056578,8,10,13,930,1,2,4,1,1,13032,M,4357700.0,536300.0,13
200800056579,8,10,19,900,1,1,1,1,6,13032,M,4356300.0,536300.0,13
200800056580,8,10,23,1445,1,1,1,1,5,67409,M,0.0,0.0,67
200800056581,8,10,24,1745,1,1,1,2,6,14286,M,4937000.0,26200.0,14
200800056582,8,10,1,1630,1,1,1,1,6,13068,M,0.0,0.0,13
200800056583,8,10,25,445,3,1,1,1,5,28085,M,0.0,0.0,28
200800056584,8,10,25,115,5,2,1,1,6,41031,M,0.0,0.0,41
200800056585,8,10,13,1330,1,2,1,1,6,69027,M,4567500.0,476100.0,69
200800056586,8,10,7,1830,1,2,1,1,1,29040,M,4835900.0,-477500.0,29
200800056587,8,10,18,1145,1,1,1,1,1,29069,M,4840600.0,-456700.0,29
200800056588,8,10,1,1830,1,1,1,1,6,34031,M,0.0,0.0,34
200800056589,8,10,15,1430,1,1,1,1,2,34270,M,4356500.0,383600.0,34
200800056590,8,10,19,245,5,2,1,1,7,31506,M,0.0,0.0,31
200800056591,8,10,4,1745,1,1,1,1,7,63126,M,0.0,0.0,63
200800056592,8,10,8,1500,1,1,1,2,6,64558,M,0.0,0.0,64
200800056593,8,10,10,715,2,1,1,1,4,64189,M,0.0,0.0,64
200800056594,8,10,8,715,3,1,1,8,2,91085,M,4856600.0,222600.0,91
200800056595,8,10,7,815,1,2,1,1,3,38486,M,0.0,0.0,38
200800056596,8,10,12,830,1,1,1,1,7,51211,M,4908200.0,482300.0,51
200800056597,8,10,19,900,1,1,1,5,4,57695,M,0.0,0.0,57
200800056598,8,10,13,1415,1,1,1,1,2,57606,M,0.0,0.0,57
200800056599,8,10,14,730,1,1,1,1,5,06088,M,0.0,0.0,06
200800056600,8,10,10,2115,3,1,1,1,5,90012,M,0.0,0.0,90
200800056601,8,10,11,1615,1,1,1,1,7,90015,M,0.0,0.0,90
200800056602,8,10,20,1115,1,1,1,1,4,90012,M,0.0,0.0,90
200800056603,8,10,20,1045,1,1,1,1,2,90012,M,0.0,0.0,90
200800056604,8,10,26,200,3,1,1,2,3,90010,M,0.0,0.0,90
200800056605,8,10,14,2000,3,1,1,1,6,66136,M,4268600.0,286500.0,66
200800056606,8,10,28,845,1,1,1,2,7,67033,M,0.0,0.0,67
200800056607,8,10,16,1030,1,1,1,2,5,42049,M,4613700.0,390300.0,42
200800056608,8,10,21,515,3,1,1,1,5,38249,M,4522600.0,581800.0,38
200800056609,8,10,20,745,1,1,1,1,4,13001,M,4351800.0,543800.0,13
200800056610,8,10,5,830,1,1,1,1,1,06085,M,0.0,0.0,06
200800056611,8,10,2,1700,1,1,1,1,6,11272,M,4319500.0,235000.0,11
200800056612,8,10,6,645,3,1,1,1,2,47078,M,4430100.0,26200.0,47
200800056613,8,10,21,2015,3,1,1,2,4,47285,M,0.0,0.0,47
200800056614,8,10,4,15,3,1,1,2,2,91225,M,4867300.0,250600.0,91
200800056615,8,10,13,1515,1,1,1,1,6,91225,M,4863900.0,246800.0,91
200800056616,8,10,4,815,1,1,1,1,2,33498,M,4454400.0,-83100.0,33
200800056617,8,10,15,545,3,1,9,1,6,33284,M,0.0,0.0,33
200800056618,8,10,21,1230,1,1,1,1,2,72168,M,0.0,0.0,72
200800056619,8,10,30,1245,1,1,1,8,1,20360,M,4181700.0,896200.0,201
200800056620,8,10,24,700,3,1,1,1,2,39387,M,0.0,0.0,39
200800056621,8,10,23,1345,1,2,1,1,6,38229,M,4521000.0,576500.0,38
200800056622,8,10,1,745,1,2,1,1,5,06108,M,0.0,0.0,06
200800056623,8,10,15,1245,1,2,1,1,3,06085,M,0.0,0.0,06
200800056624,8,10,17,1730,5,2,1,1,6,06085,M,0.0,0.0,06
200800056625,8,10,24,1100,1,1,1,1,6,79246,M,0.0,0.0,79
200800056626,8,10,4,1300,1,2,1,1,3,22187,M,4854000.0,-276900.0,22
200800056627,8,10,28,1730,2,1,9,3,3,74268,M,4588100.0,608800.0,74
200800056628,8,10,8,845,1,1,1,3,6,01032,M,4587000.0,514200.0,01
200800056629,8,10,12,900,3,1,1,1,6,01089,M,4598900.0,531300.0,01
200800056630,8,10,29,1515,1,1,1,2,7,69288,M,4570200.0,507400.0,69
200800056631,8,10,14,815,1,2,1,1,3,42279,M,4549800.0,426400.0,42
200800056632,8,10,18,1130,1,2,1,1,6,42279,M,0.0,0.0,42
200800056633,8,10,18,1145,1,2,9,1,7,91649,M,0.0,0.0,91
200800056634,8,10,23,1900,5,2,1,1,4,91159,M,4853800.0,243900.0,91
200800056635,8,10,9,900,1,2,1,1,3,31157,M,4354400.0,134000.0,31
200800056636,8,10,17,1530,1,1,1,1,1,62748,M,0.0,0.0,62
200800056637,8,10,5,1815,1,2,1,1,1,06018,M,0.0,0.0,06
200800056638,8,10,22,1730,1,1,1,1,7,06152,M,0.0,0.0,06
200800056639,8,10,5,1045,1,2,1,1,3,69033,M,4586000.0,487000.0,69
200800056640,8,10,28,2115,5,2,1,2,1,69244,M,0.0,0.0,69
200800056641,8,10,9,600,3,1,1,2,5,74245,M,0.0,0.0,74
200800056642,8,10,19,1515,1,1,1,1,3,74137,M,0.0,0.0,74
200800056643,8,10,12,1215,1,1,1,1,6,78233,M,4889200.0,198800.0,78
200800056644,8,10,25,1530,1,1,9,1,6,78455,M,4884600.0,205700.0,78
200800056645,8,10,23,800,2,2,1,8,6,95353,M,4907900.0,230900.0,95
200800056646,8,10,16,415,3,1,9,1,2,35353,M,0.0,0.0,35
200800056647,8,10,20,2200,5,2,1,1,7,38553,M,0.0,0.0,38
200800056648,8,10,2,1715,1,1,1,1,6,13099,M,0.0,0.0,13
200800056649,8,10,14,1815,1,1,1,1,2,18279,M,0.0,0.0,18
200800056650,8,10,3,1730,1,1,1,1,1,34337,M,0.0,0.0,34
200800056651,8,10,26,2345,5,2,1,1,1,13069,M,0.0,0.0,13
200800056652,8,10,16,1300,1,1,1,2,1,03270,M,0.0,0.0,03
200800056653,8,10,2,2215,5,2,1,1,1,06084,M,0.0,0.0,06
200800056654,8,10,25,1215,1,1,1,1,1,06090,M,0.0,0.0,06
200800056655,8,10,28,2015,3,1,1,3,6,06084,M,0.0,0.0,06
200800056656,8,10,17,1700,1,1,1,1,2,40168,M,0.0,0.0,40
200800056657,8,10,24,615,3,1,1,1,6,40156,M,0.0,0.0,40
200800056658,8,10,18,2230,3,1,8,1,6,67212,M,0.0,0.0,67
200800056659,8,10,6,1030,1,2,1,1,3,06038,M,4366900.0,697800.0,06
200800056660,8,10,24,1845,3,2,1,1,5,06112,M,0.0,0.0,06
200800056661,8,10,30,700,3,1,1,3,2,65226,M,4323900.0,-3000.0,65
200800056662,8,10,5,430,5,2,1,1,6,38193,M,4562700.0,522100.0,38
200800056663,8,10,16,1815,1,1,1,2,6,38565,M,4530100.0,562500.0,38
200800056664,8,10,22,2145,5,2,1,1,3,35032,M,0.0,0.0,35
200800056665,8,10,26,145,5,2,6,2,1,35206,M,0.0,0.0,35
200800056666,8,10,20,615,3,1,1,1,6,51099,M,0.0,0.0,51
200800056667,8,10,12,1215,1,1,1,1,3,77164,M,4844000.0,291800.0,77
200800056668,8,10,26,1600,1,1,1,1,7,60139,M,0.0,0.0,60
200800056669,8,10,7,2330,5,2,6,1,6,13050,M,0.0,0.0,13
200800056670,8,10,17,430,5,1,1,1,2,31433,M,0.0,0.0,31