Num_Acc,an,mois,jour,hrmn,lum,agg,int,atm,col,com,gps,lat,long,dep
200800056671,8,10,24,745,2,1,1,8,6,74164,M,0.0,0.0,74
200800056672,8,10,27,1100,1,1,1,1,6,80157,M,0.0,0.0,80
200800056673,8,10,4,845,1,1,1,1,6,80385,M,0.0,0.0,80
200800056674,8,10,30,830,1,1,1,1,2,80388,M,5002200.0,174300.0,80
200800056675,8,10,24,1630,3,1,1,1,6,68028,M,0.0,0.0,68
200800056676,8,10,4,1430,1,1,1,1,6,78561,M,4874000.0,201100.0,78
200800056677,8,10,21,2100,5,2,1,1,3,78356,M,4874500.0,205700.0,78
200800056678,8,10,4,145,3,1,1,1,6,72024,M,4809500.0,16800.0,72
200800056679,8,10,12,1900,1,1,1,1,7,72089,M,0.0,0.0,72
200800056680,8,10,1,2030,3,1,1,1,7,72320,M,0.0,0.0,72
200800056681,8,10,4,545,3,2,1,1,7,67083,M,0.0,0.0,67
200800056682,8,10,3,1045,1,1,1,1,7,30034,M,0.0,0.0,30
200800056683,8,10,8,1815,2,1,1,2,1,30117,M,4370100.0,458800.0,30
200800056684,8,10,19,600,5,2,1,1,6,30034,M,4375700.0,451200.0,30
200800056685,8,10,18,2230,3,1,1,1,7,30135,M,4383100.0,453100.0,30
200800056686,8,10,30,2330,3,1,1,2,6,30034,M,4374200.0,446900.0,30
200800056687,8,10,21,1815,1,1,1,1,3,34192,M,4355800.0,401200.0,34
200800056688,8,10,10,1500,1,2,1,1,3,76711,M,0.0,0.0,76
200800056689,8,10,14,1700,1,2,1,1,1,76507,M,0.0,0.0,76
200800056690,8,10,15,1815,1,2,1,1,3,76192,M,0.0,0.0,76
200800056691,8,10,23,845,1,1,1,7,3,76442,M,0.0,0.0,76
200800056692,8,10,30,1530,1,2,1,1,3,76255,M,0.0,0.0,76
200800056693,8,10,12,200,3,1,1,5,7,76453,M,0.0,0.0,76
200800056694,8,10,30,15,3,1,1,8,7,76127,M,0.0,0.0,76
200800056695,8,10,6,1315,1,2,2,1,3,71269,M,0.0,0.0,71
200800056696,8,10,30,1800,3,1,1,8,1,71520,M,4674300.0,483000.0,71
200800056697,8,10,30,230,3,1,1,2,6,41016,M,4733300.0,156100.0,41
200800056698,8,10,10,1745,1,2,1,1,6,60006,M,0.0,0.0,60
200800056699,8,10,14,815,2,1,1,1,3,60102,M,0.0,0.0,60
200800056700,8,10,4,845,1,2,1,2,6,25200,M,4733100.0,601600.0,25
200800056701,8,10,20,1400,1,1,1,1,2,25542,M,4724900.0,594600.0,25
200800056702,8,10,3,1715,1,1,2,1,3,56094,M,4776400.0,-325700.0,56
200800056703,8,10,8,1130,1,2,1,2,3,34309,M,4369000.0,392700.0,34
200800056704,8,10,17,745,1,2,1,1,6,34077,M,0.0,0.0,34
200800056705,8,10,17,945,1,1,1,8,6,77006,M,4840600.0,255000.0,77
200800056706,8,10,20,1330,1,1,1,1,2,77065,M,4845900.0,251400.0,77
200800056707,8,10,1,1930,5,2,1,1,3,69260,M,0.0,0.0,69
200800056708,8,10,27,1330,1,1,1,1,6,37166,M,0.0,0.0,37
200800056709,8,10,4,1930,3,1,1,1,3,34295,M,4357700.0,381700.0,34
200800056710,8,10,8,1815,2,1,1,8,5,34095,M,0.0,0.0,34
200800056711,8,10,11,200,3,2,1,1,6,34270,M,0.0,0.0,34
200800056712,8,10,11,445,5,1,1,1,6,66141,M,4276600.0,290100.0,66
200800056713,8,10,1,2300,3,1,1,1,7,30331,M,4411000.0,457300.0,30
200800056714,8,10,6,730,2,1,1,2,6,30292,M,0.0,0.0,30
200800056715,8,10,14,1845,2,1,1,1,1,30191,M,0.0,0.0,30
200800056716,8,10,26,1315,1,1,1,1,6,37250,M,0.0,0.0,37
200800056717,8,10,1,2130,3,1,1,2,7,50615,M,4952100.0,-149700.0,50
200800056718,8,10,12,1730,1,1,1,1,7,22337,M,4836000.0,-231200.0,22
200800056719,8,10,9,2000,3,1,1,1,1,83049,M,0.0,0.0,83
200800056720,8,10,30,1645,1,1,1,8,6,83049,M,0.0,0.0,83
200800056721,8,10,17,2115,3,1,1,1,6,36200,M,4660000.0,150000.0,36
200800056722,8,10,22,1615,1,1,1,1,6,36202,M,4683000.0,163700.0,36
200800056723,8,10,8,2115,3,1,1,3,3,63178,M,4556200.0,326800.0,63
200800056724,8,10,9,1600,1,1,1,1,1,63404,M,4559300.0,324700.0,63
200800056725,8,10,17,1815,1,1,9,1,7,34239,M,0.0,0.0,34
200800056726,8,10,3,715,1,1,1,9,2,08163,M,4961200.0,451100.0,08
200800056727,8,10,29,1915,3,1,1,1,6,08397,M,4941400.0,425600.0,08
200800056728,8,10,8,1800,1,1,1,1,6,44073,M,4743600.0,-163800.0,44
200800056729,8,10,16,1430,1,1,1,1,6,44113,M,4757000.0,-163400.0,44
200800056730,8,10,3,100,3,1,1,3,6,22187,M,0.0,0.0,22
200800056731,8,10,26,630,2,1,1,9,6,22187,M,0.0,0.0,22
200800056732,8,10,4,2100,3,1,1,1,2,72260,M,0.0,0.0,72
200800056733,8,10,24,1530,1,1,1,1,5,72058,M,4796800.0,28900.0,72
200800056734,8,10,25,2315,3,1,1,1,7,72058,M,0.0,0.0,72
200800056735,8,10,8,1100,1,2,1,1,3,83019,M,0.0,0.0,83
200800056736,8,10,20,1845,2,2,1,1,3,83019,M,0.0,0.0,83
200800056737,8,10,24,1115,1,2,1,1,3,83070,M,0.0,0.0,83
200800056738,8,10,18,2215,5,2,1,1,1,59107,M,0.0,0.0,59
200800056739,8,10,18,700,3,1,1,2,7,59162,M,0.0,0.0,59
200800056740,8,10,5,1500,1,1,2,1,2,01451,M,,,01
200800056741,8,10,5,1300,1,2,1,1,6,01451,M,,,01
200800056742,8,10,8,515,5,2,2,1,1,01053,M,,,01
200800056743,8,10,12,1625,1,1,1,1,3,01451,M,,,01
200800056744,8,10,13,1500,1,2,1,1,6,01053,M,,,01
200800056745,8,10,14,1455,1,2,3,1,3,01053,M,,,01
200800056746,8,10,14,1120,1,2,9,1,3,01053,M,,,01
200800056747,8,10,15,810,1,2,1,1,6,01053,M,,,01
200800056748,8,10,16,745,1,2,1,1,3,01053,M,,,01
200800056749,8,10,18,1625,1,1,3,1,3,01289,M,,,01
200800056750,8,10,20,1210,1,2,3,1,3,01053,M,,,01
200800056751,8,10,22,735,5,2,2,2,6,01053,M,,,01
200800056752,8,10,31,1325,1,2,1,3,2,01053,M,,,01
200800056753,8,10,31,920,1,2,1,8,6,01053,M,,,01
200800056754,8,10,27,1420,1,2,1,2,6,01053,M,,,01
200800056755,8,10,7,1215,1,2,1,8,3,01283,M,,,01
200800056756,8,10,9,1145,1,2,2,1,6,01283,M,,,01
200800056757,8,10,9,940,1,2,1,1,6,01283,M,,,01
200800056758,8,10,7,700,5,2,1,2,6,02691,M,,,02
200800056759,8,10,9,655,2,2,1,1,2,02691,M,,,02
200800056760,8,10,18,1210,1,2,1,1,6,02691,M,,,02
200800056761,8,10,10,725,2,2,1,5,6,02691,M,,,02
200800056762,8,10,17,1610,1,2,1,7,6,02691,M,,,02
200800056763,8,10,23,500,5,2,1,1,6,02691,M,,,02
200800056764,8,10,23,1640,1,2,1,1,6,02691,M,,,02
200800056765,8,10,7,849,1,1,1,2,3,02243,M,,,02
200800056766,8,10,30,1800,5,2,1,2,6,02722,M,,,02
200800056767,8,10,19,2330,5,2,6,1,6,02258,M,,,02
200800056768,8,10,3,2140,5,2,1,1,5,03185,M,,,03
200800056769,8,10,3,2340,5,2,1,1,7,03101,M,,,03
200800056770,8,10,10,1450,1,2,1,1,6,03185,M,,,03
200800056771,8,10,17,755,2,1,1,1,6,03185,M,,,03
200800056772,8,10,24,755,2,2,9,1,3,03185,M,,,03
200800056773,8,10,24,1215,1,2,3,1,3,03185,M,,,03
200800056774,8,10,1,155,3,2,1,1,6,03094,M,,,03
200800056775,8,10,8,1255,1,2,1,2,6,03095,M,,,03
200800056776,8,10,20,825,1,2,2,1,6,03310,M,,,03
200800056777,8,10,23,1840,2,2,1,1,6,03023,M,,,03
200800056778,8,10,29,1625,1,2,3,8,6,03310,M,,,03
200800056779,8,10,30,1510,1,2,4,2,6,03310,M,,,03
200800056780,8,10,25,1920,5,2,6,1,7,04070,M,,,04
200800056781,8,10,11,200,3,1,6,1,1,04112,M,,,04
200800056782,8,10,19,1225,1,2,1,1,7,05023,M,,,05
200800056783,8,10,12,1845,2,2,1,1,6,05061,M,,,05
200800056784,8,10,15,1800,1,2,1,1,2,05061,M,,,05
200800056785,8,10,24,1105,1,2,1,8,6,05061,M,,,05
200800056786,8,10,29,1130,1,2,1,2,6,05061,M,,,05
200800056787,8,10,1,845,1,1,1,1,5,06155,M,,,06
200800056788,8,10,2,1210,1,2,2,1,3,06004,M,,,06
200800056789,8,10,5,1305,1,2,1,1,5,06004,M,,,06
200800056790,8,10,5,1650,1,2,2,1,3,06004,M,,,06
200800056791,8,10,6,900,2,2,1,1,6,06004,M,,,06
200800056792,8,10,7,1710,1,2,1,1,1,06004,M,,,06
200800056793,8,10,12,1715,1,2,1,1,1,06155,M,,,06
200800056794,8,10,13,1220,1,2,1,1,1,06004,M,,,06
200800056795,8,10,13,1645,1,2,1,1,2,06004,M,,,06
200800056796,8,10,14,1215,1,2,1,1,2,06004,M,,,06
200800056797,8,10,18,720,1,2,1,1,6,06004,M,,,06
200800056798,8,10,19,1720,1,2,1,1,6,06004,M,,,06
200800056799,8,10,22,1625,1,1,1,1,6,06004,M,,,06
200800056800,8,10,24,1000,1,2,1,8,6,06004,M,,,06
200800056801,8,10,19,1420,1,2,1,1,6,06004,M,,,06
200800056802,8,10,28,1745,5,2,3,3,1,06004,M,,,06
200800056803,8,10,2,820,1,2,3,1,3,06123,M,,,06
200800056804,8,10,6,930,1,2,1,1,3,06123,M,,,06
200800056805,8,10,6,1220,1,2,1,1,3,06123,M,,,06
200800056806,8,10,8,1215,1,2,1,1,6,06123,M,,,06
200800056807,8,10,13,1415,1,2,1,1,3,06027,M,,,06
200800056808,8,10,14,1100,1,2,1,1,6,06027,M,,,06
200800056809,8,10,14,1130,1,2,1,1,7,06123,M,,,06
200800056810,8,10,15,1215,1,2,1,1,2,06123,M,,,06
200800056811,8,10,16,1840,2,2,1,1,3,06123,M,,,06
200800056812,8,10,16,1845,2,2,1,1,3,06123,M,,,06
200800056813,8,10,18,2230,5,2,1,1,5,06123,M,,,06
200800056814,8,10,19,320,5,2,3,1,3,06123,M,,,06
200800056815,8,10,19,1015,1,2,1,1,3,06123,M,,,06
200800056816,8,10,21,640,2,2,1,1,5,06123,M,,,06
200800056817,8,10,22,1915,5,2,1,3,3,06123,M,,,06
200800056818,8,10,26,1045,1,2,1,1,2,06027,M,,,06
200800056819,8,10,26,1915,5,2,1,1,6,06027,M,,,06
200800056820,8,10,31,1830,5,2,2,3,3,06027,M,,,06
200800056821,8,10,2,1010,1,2,1,1,7,06029,M,,,06
200800056822,8,10,5,2155,4,2,1,2,3,06029,M,,,06
200800056823,8,10,6,1035,1,2,1,1,7,06029,M,,,06
200800056824,8,10,6,1540,1,2,1,1,3,06030,M,,,06
200800056825,8,10,7,1455,1,2,1,1,6,06029,M,,,06
200800056826,8,10,9,1400,1,2,1,1,3,06029,M,,,06
200800056827,8,10,11,613,5,2,1,1,3,06029,M,,,06
200800056828,8,10,15,1040,1,2,1,1,3,06029,M,,,06
200800056829,8,10,14,1641,1,2,1,1,7,06029,M,,,06
200800056830,8,10,18,1707,1,2,2,1,3,06030,M,,,06
200800056831,8,10,21,1732,2,2,1,1,3,06029,M,,,06
200800056832,8,10,17,1905,5,2,1,1,7,06029,M,,,06
200800056833,8,10,24,1220,1,2,1,1,2,06030,M,,,06
200800056834,8,10,25,1110,1,2,1,1,6,06029,M,,,06
200800056835,8,10,26,1440,1,2,1,1,7,06029,M,,,06
200800056836,8,10,29,902,1,2,1,2,3,06030,M,,,06
200800056837,8,10,29,1000,1,2,1,1,7,06029,M,,,06
200800056838,8,10,29,1700,1,2,1,2,3,06029,M,,,06
200800056839,8,10,31,1610,1,2,1,1,3,06029,M,,,06
200800056840,8,10,31,1500,1,2,1,1,3,06029,M,,,06
200800056841,8,10,1,800,1,2,1,1,7,06069,M,,,06
200800056842,8,10,1,1155,1,2,3,1,2,06069,M,,,06
200800056843,8,10,1,2045,5,2,1,1,3,06069,M,,,06
200800056844,8,10,3,1335,1,2,1,1,4,06069,M,,,06
200800056845,8,10,3,1500,1,2,1,1,7,06069,M,,,06
200800056846,8,10,3,1805,1,2,1,1,2,06069,M,,,06
200800056847,8,10,4,1300,1,2,1,1,7,06069,M,,,06
200800056848,8,10,4,1350,1,2,1,1,7,06069,M,,,06
200800056849,8,10,4,1415,1,2,1,1,7,06069,M,,,06
200800056850,8,10,5,2230,5,2,1,1,7,06069,M,,,06
200800056851,8,10,6,1345,1,2,1,1,7,06069,M,,,06
200800056852,8,10,8,810,1,2,1,2,2,06069,M,,,06
200800056853,8,10,8,1515,1,2,6,1,3,06069,M,,,06
200800056854,8,10,9,1825,1,2,3,1,3,06069,M,,,06
200800056855,8,10,9,1850,2,2,1,1,3,06069,M,,,06
200800056856,8,10,13,1712,1,2,6,1,3,06069,M,,,06
200800056857,8,10,15,1730,1,2,3,1,3,06069,M,,,06
200800056858,8,10,16,1730,1,2,1,1,7,06069,M,,,06
200800056859,8,10,17,1135,1,2,1,1,2,06069,M,,,06
200800056860,8,10,19,220,5,2,1,1,6,06069,M,,,06
200800056861,8,10,21,1236,1,2,1,1,4,06069,M,,,06
200800056862,8,10,21,1555,1,2,1,1,2,06069,M,,,06
200800056863,8,10,22,1010,1,2,6,1,3,06069,M,,,06
200800056864,8,10,22,1500,1,2,2,1,5,06069,M,,,06
200800056865,8,10,23,200,5,2,1,2,6,06069,M,,,06
200800056866,8,10,26,1205,1,2,1,1,1,06069,M,,,06
200800056867,8,10,28,1215,1,2,1,1,2,06069,M,,,06
200800056868,8,10,29,2020,5,2,1,2,3,06069,M,,,06
200800056869,8,10,29,2215,5,2,1,1,7,06069,M,,,06
200800056870,8,10,30,840,1,2,1,1,2,06069,M,,,06
200800056871,8,10,30,1645,1,2,1,2,7,06069,M,,,06
200800056872,8,10,30,1845,2,2,1,3,7,06069,M,,,06
200800056873,8,10,31,1542,1,2,1,2,1,06069,M,,,06
200800056874,8,10,8,1945,5,2,1,1,1,06104,M,,,06
200800056875,8,10,10,1155,1,2,3,1,3,06083,M,,,06
200800056876,8,10,2,1545,1,2,1,1,6,06083,M,,,06
200800056877,8,10,10,1055,1,2,1,1,6,06104,M,,,06
200800056878,8,10,22,1705,1,2,1,1,3,06083,M,,,06
200800056879,8,10,25,30,5,2,1,1,1,06104,M,,,06
200800056880,8,10,26,1220,1,2,1,1,6,06083,M,,,06
200800056881,8,10,26,1955,5,2,3,1,3,06083,M,,,06
200800056882,8,10,28,1930,4,2,1,2,6,06083,M,,,06
200800056883,8,10,30,1018,1,2,1,1,1,06083,M,,,06
200800056884,8,10,1,1610,1,2,3,1,3,06088,M,,,06
200800056885,8,10,1,1950,2,2,1,1,3,06088,M,,,06
200800056886,8,10,2,1040,1,2,1,1,2,06088,M,,,06
200800056887,8,10,2,1300,1,2,1,1,6,06088,M,,,06
200800056888,8,10,2,1900,2,2,1,1,6,06088,M,,,06
200800056889,8,10,2,2000,5,2,1,1,6,06088,M,,,06
200800056890,8,10,3,900,1,2,1,1,1,06088,M,,,06
200800056891,8,10,3,1410,1,2,1,1,2,06088,M,,,06
200800056892,8,10,3,1445,1,2,1,1,3,06088,M,,,06
200800056893,8,10,3,1520,1,2,1,1,3,06088,M,,,06
200800056894,8,10,3,1540,1,2,1,1,6,06088,M,,,06
200800056895,8,10,3,1720,1,2,1,1,2,06088,M,,,06
200800056896,8,10,3,2230,5,2,1,1,6,06088,M,,,06
200800056897,8,10,4,430,5,2,1,1,6,06088,M,,,06
200800056898,8,10,4,1030,1,2,2,1,3,06088,M,,,06
200800056899,8,10,4,1350,2,2,1,1,3,06088,M,,,06
200800056900,8,10,5,200,5,2,1,1,2,06088,M,,,06
200800056901,8,10,5,1020,1,2,1,1,6,06088,M,,,06
200800056902,8,10,5,1615,1,2,2,1,5,06088,M,,,06
200800056903,8,10,5,1640,1,2,1,1,6,06088,M,,,06
200800056904,8,10,6,1440,1,2,1,1,3,06088,M,,,06
200800056905,8,10,6,1740,1,2,1,1,2,06088,M,,,06
200800056906,8,10,6,1900,2,2,3,1,3,06088,M,,,06
200800056907,8,10,6,1945,1,2,1,1,3,06088,M,,,06
200800056908,8,10,7,1152,1,2,2,1,3,06088,M,,,06
200800056909,8,10,7,1220,1,2,1,1,5,06088,M,,,06
200800056910,8,10,7,1245,1,2,1,1,3,06088,M,,,06
200800056911,8,10,7,1305,1,2,1,1,2,06088,M,,,06
200800056912,8,10,7,1415,1,2,1,1,3,06088,M,,,06
200800056913,8,10,7,1700,1,2,1,1,6,06088,M,,,06
200800056914,8,10,7,1935,5,2,2,1,3,06088,M,,,06
200800056915,8,10,7,2245,5,2,2,1,3,06088,M,,,06
200800056916,8,10,8,825,1,2,1,1,2,06088,M,,,06
200800056917,8,10,8,1035,1,2,4,1,3,06088,M,,,06
200800056918,8,10,8,1735,1,2,1,1,3,06088,M,,,06
200800056919,8,10,8,2030,5,2,1,1,6,06088,M,,,06
200800056920,8,10,8,2100,5,2,3,1,3,06088,M,,,06
200800056921,8,10,9,2010,5,2,1,1,6,06088,M,,,06
200800056922,8,10,10,540,5,2,1,1,1,06088,M,,,06
200800056923,8,10,10,745,1,2,1,1,4,06088,M,,,06
200800056924,8,10,10,830,1,2,1,1,4,06088,M,,,06
200800056925,8,10,10,825,1,2,1,1,6,06088,M,,,06
200800056926,8,10,10,1510,1,2,1,1,3,06088,M,,,06
200800056927,8,10,10,1600,1,2,1,1,3,06088,M,,,06
200800056928,8,10,11,610,5,2,2,1,3,06088,M,,,06
200800056929,8,10,11,1020,1,2,1,1,6,06088,M,,,06
200800056930,8,10,12,1145,1,2,1,1,6,06088,M,,,06
200800056931,8,10,12,1630,1,2,3,1,3,06088,M,,,06
200800056932,8,10,12,1841,2,2,2,1,3,06088,M,,,06
200800056933,8,10,12,1835,1,2,1,1,6,06088,M,,,06
200800056934,8,10,13,745,1,2,1,1,3,06088,M,,,06
200800056935,8,10,13,1020,1,2,1,1,3,06088,M,,,06
200800056936,8,10,13,1310,1,2,1,1,7,06088,M,,,06
200800056937,8,10,13,1745,1,2,1,1,7,06088,M,,,06
200800056938,8,10,14,745,1,2,1,1,3,06088,M,,,06
200800056939,8,10,14,830,1,2,1,1,3,06088,M,,,06
200800056940,8,10,14,925,1,2,2,1,6,06088,M,,,06
200800056941,8,10,14,1950,5,2,2,1,3,06088,M,,,06
200800056942,8,10,14,2030,5,2,1,1,6,06088,M,,,06
200800056943,8,10,15,840,1,2,1,1,2,06088,M,,,06
200800056944,8,10,15,1615,1,2,1,1,7,06088,M,,,06
200800056945,8,10,15,1930,5,2,1,1,2,06088,M,,,06
200800056946,8,10,15,1945,5,2,1,1,3,06088,M,,,06
200800056947,8,10,16,1145,1,2,1,1,2,06088,M,,,06
200800056948,8,10,16,1155,1,2,1,1,3,06088,M,,,06
200800056949,8,10,16,1230,1,2,3,1,3,06088,M,,,06
200800056950,8,10,16,1601,1,2,2,1,3,06088,M,,,06
200800056951,8,10,16,1615,1,2,1,1,3,06088,M,,,06
200800056952,8,10,16,1730,1,2,1,1,2,06088,M,,,06
200800056953,8,10,16,2114,5,2,1,1,3,06088,M,,,06
200800056954,8,10,17,900,1,2,1,1,6,06088,M,,,06
200800056955,8,10,17,1025,1,2,1,1,6,06088,M,,,06
200800056956,8,10,17,1225,1,2,1,1,6,06088,M,,,06
200800056957,8,10,18,1415,1,2,1,1,3,06088,M,,,06
200800056958,8,10,18,1550,1,2,1,1,6,06088,M,,,06
200800056959,8,10,18,1850,2,2,1,1,3,06088,M,,,06
200800056960,8,10,19,815,1,2,2,1,3,06088,M,,,06
200800056961,8,10,19,1920,5,2,2,1,3,06088,M,,,06
200800056962,8,10,20,855,1,2,1,1,3,06088,M,,,06
200800056963,8,10,20,1240,1,2,1,1,3,06088,M,,,06
200800056964,8,10,20,1140,1,1,1,1,1,06088,M,,,06
200800056965,8,10,20,1420,1,2,1,1,1,06088,M,,,06
200800056966,8,10,20,1600,1,2,1,1,6,06088,M,,,06
200800056967,8,10,20,2230,5,2,2,1,3,06088,M,,,06
200800056968,8,10,21,745,1,2,1,1,2,06088,M,,,06
200800056969,8,10,21,800,1,2,1,1,4,06088,M,,,06
200800056970,8,10,21,1200,1,2,1,1,2,06088,M,,,06
200800056971,8,10,22,400,5,2,1,1,6,06088,M,,,06
200800056972,8,10,22,2105,5,2,2,2,3,06088,M,,,06
200800056973,8,10,22,2106,5,2,2,2,6,06088,M,,,06
200800056974,8,10,23,730,2,2,1,1,2,06088,M,,,06
200800056975,8,10,23,750,1,2,1,1,3,06088,M,,,06
200800056976,8,10,23,1400,1,2,1,1,3,06088,M,,,06
200800056977,8,10,23,2050,5,2,3,1,3,06088,M,,,06
200800056978,8,10,24,1700,1,2,1,1,3,06088,M,,,06
200800056979,8,10,24,1701,1,2,1,1,3,06088,M,,,06
200800056980,8,10,24,1845,5,2,2,1,7,06088,M,,,06
200800056981,8,10,24,2130,5,2,1,2,6,06088,M,,,06
200800056982,8,10,25,1820,5,2,3,1,3,06088,M,,,06
200800056983,8,10,25,1830,2,2,1,1,6,06088,M,,,06
200800056984,8,10,25,1920,5,2,1,1,3,06088,M,,,06
200800056985,8,10,25,2145,5,2,1,1,6,06088,M,,,06
200800056986,8,10,26,500,2,2,1,1,6,06088,M,,,06
200800056987,8,10,26,1725,2,2,2,1,6,06088,M,,,06
200800056988,8,10,26,1930,5,2,1,1,3,06088,M,,,06
200800056989,8,10,27,1220,1,2,1,1,2,06088,M,,,06
200800056990,8,10,27,1350,1,2,2,1,3,06088,M,,,06
200800056991,8,10,27,1545,1,2,1,1,6,06088,M,,,06
200800056992,8,10,27,1930,5,2,1,1,6,06088,M,,,06
200800056993,8,10,27,2240,5,2,1,1,3,06088,M,,,06
200800056994,8,10,28,1250,1,2,1,1,2,06088,M,,,06
200800056995,8,10,29,520,5,2,2,1,3,06088,M,,,06
200800056996,8,10,29,1725,5,2,1,2,6,06088,M,,,06
200800056997,8,10,29,1830,5,2,1,3,2,06088,M,,,06
200800056998,8,10,30,910,1,2,1,1,6,06088,M,,,06
200800056999,8,10,30,925,1,2,2,1,3,06088,M,,,06
200800057000,8,10,30,1300,1,2,1,1,3,06088,M,,,06
200800057001,8,10,30,1635,1,2,2,2,6,06088,M,,,06
200800057002,8,10,30,1730,1,2,2,3,3,06088,M,,,06
200800057003,8,10,30,2015,5,2,1,8,3,06088,M,,,06
200800057004,8,10,30,2345,5,2,1,1,6,06088,M,,,06
200800057005,8,10,31,755,1,2,1,3,5,06088,M,,,06
200800057006,8,10,31,930,1,2,1,2,6,06088,M,,,06
200800057007,8,10,31,1120,1,2,1,1,1,06088,M,,,06
200800057008,8,10,31,1820,5,2,1,3,2,06088,M,,,06
200800057009,8,10,31,2156,5,2,1,2,3,06088,M,,,06
200800057010,8,10,31,2000,5,2,1,1,3,06088,M,,,06
200800057011,8,10,3,1030,1,1,1,1,2,07116,M,,,07
200800057012,8,10,17,1820,1,2,1,1,7,07019,M,,,07
200800057013,8,10,6,855,1,1,1,2,1,07072,M,,,07
200800057014,8,10,12,1755,1,1,1,1,5,07186,M,,,07
200800057015,8,10,2,2245,3,2,1,2,1,08105,M,,,08
200800057016,8,10,5,1109,1,2,3,3,6,08105,M,,,08
200800057017,8,10,6,2023,5,2,1,1,3,08043,M,,,08
200800057018,8,10,4,1225,1,1,1,1,5,09122,M,,,09
200800057019,8,10,24,1710,2,2,3,1,6,09122,M,,,09
200800057020,8,10,3,1835,2,2,5,1,6,10387,M,,,10
200800057021,8,10,10,1210,1,2,1,1,2,10343,M,,,10
200800057022,8,10,31,1000,1,2,1,1,6,10362,M,,,10
200800057023,8,10,3,2230,5,2,1,2,3,11069,M,,,11
200800057024,8,10,13,1400,1,2,1,2,6,11069,M,,,11
200800057025,8,10,29,855,1,2,3,1,6,11069,M,,,11
200800057026,8,10,10,2350,5,2,1,1,3,11076,M,,,11
200800057027,8,10,29,2115,5,2,1,1,2,11262,M,,,11
200800057028,8,10,22,1550,1,2,3,1,3,11262,M,,,11
200800057029,8,10,10,1925,2,2,3,1,3,11262,M,,,11
200800057030,8,10,13,1335,1,2,1,1,7,11262,M,,,11
200800057031,8,10,17,1230,1,2,3,1,3,11262,M,,,11
200800057032,8,10,18,1530,1,2,1,1,7,11262,M,,,11
200800057033,8,10,19,1950,1,2,1,1,1,11262,M,,,11
200800057034,8,10,20,1725,1,2,1,1,7,11262,M,,,11
200800057035,8,10,22,330,5,2,1,1,6,11262,M,,,11
200800057036,8,10,23,840,1,2,1,1,6,11262,M,,,11
200800057037,8,10,23,2300,3,2,1,1,7,11262,M,,,11
200800057038,8,10,25,1630,1,2,1,1,2,11262,M,,,11
200800057039,8,10,27,1855,2,2,2,1,3,11262,M,,,11
200800057040,8,10,10,1700,1,2,1,1,6,12084,M,,,12
200800057041,8,10,19,1245,1,1,2,1,5,12176,M,,,12
200800057042,8,10,5,1035,1,1,3,1,3,13001,M,,,13
200800057043,8,10,8,1130,1,2,1,3,2,13001,M,,,13
200800057044,8,10,15,2150,3,1,1,1,3,13001,M,,,13
200800057045,8,10,8,915,1,1,1,2,4,13001,M,,,13
200800057046,8,10,15,1555,1,2,1,1,3,13001,M,,,13
200800057047,8,10,16,653,2,1,1,1,1,13001,M,,,13
200800057048,8,10,2,1005,1,2,1,1,6,13001,M,,,13
200800057049,8,10,16,1705,1,1,1,1,1,13001,M,,,13
200800057050,8,10,9,2145,5,2,1,1,3,13001,M,,,13
200800057051,8,10,18,430,3,2,2,1,3,13001,M,,,13
200800057052,8,10,25,1200,1,2,9,1,6,13001,M,,,13
200800057053,8,10,25,1010,1,2,9,1,3,13001,M,,,13
200800057054,8,10,30,1335,1,2,3,8,3,13001,M,,,13
200800057055,8,10,27,1210,1,2,1,7,3,13001,M,,,13
200800057056,8,10,23,1640,1,1,3,1,3,13001,M,,,13
200800057057,8,10,29,1810,5,2,1,2,6,13001,M,,,13
200800057058,8,10,29,2208,5,2,1,1,6,13001,M,,,13
200800057059,8,10,31,940,1,1,1,3,3,13001,M,,,13
200800057060,8,10,2,1655,1,2,3,1,6,13004,M,,,13
200800057061,8,10,7,1510,1,2,1,1,6,13004,M,,,13
200800057062,8,10,7,1750,1,1,1,1,4,13004,M,,,13
200800057063,8,10,9,1845,1,2,2,1,7,13004,M,,,13
200800057064,8,10,14,1420,1,1,1,1,6,13004,M,,,13
200800057065,8,10,18,1925,5,2,1,1,2,13004,M,,,13
200800057066,8,10,20,1340,1,2,1,1,6,13004,M,,,13
200800057067,8,10,21,1415,1,2,6,1,2,13004,M,,,13
200800057068,8,10,27,1415,1,2,3,1,3,13004,M,,,13
200800057069,8,10,29,1815,3,2,6,2,2,13004,M,,,13
200800057070,8,10,23,1230,1,2,1,1,6,13004,M,,,13
200800057071,8,10,31,1025,1,1,1,2,5,13004,M,,,13
200800057072,8,10,31,1910,5,2,1,3,6,13004,M,,,13
200800057073,8,10,10,2310,5,2,1,1,6,13005,M,,,13
200800057074,8,10,12,910,1,1,1,1,5,13005,M,,,13
200800057075,8,10,23,755,2,2,1,2,3,13005,M,,,13