Num_Acc,an,mois,jour,hrmn,lum,agg,int,atm,col,com,gps,lat,long,dep
200800057076,8,10,17,1600,1,2,1,1,3,13028,M,,,13
200800057077,8,10,25,1745,1,1,1,1,3,13063,M,,,13
200800057078,8,10,30,635,2,1,1,1,6,13098,M,,,13
200800057079,8,10,3,1200,1,2,3,1,3,13054,M,,,13
200800057080,8,10,7,1528,1,2,1,1,2,13054,M,,,13
200800057081,8,10,8,820,1,1,1,3,2,13054,M,,,13
200800057082,8,10,8,1235,1,2,2,2,5,13054,M,,,13
200800057083,8,10,17,1625,1,2,1,1,2,13054,M,,,13
200800057084,8,10,17,1920,3,1,1,1,3,13054,M,,,13
200800057085,8,10,18,1445,1,2,3,1,3,13043,M,,,13
200800057086,8,10,23,1130,1,1,1,1,6,13043,M,,,13
200800057087,8,10,1,1930,5,2,1,1,7,13055,M,,,13
200800057088,8,10,2,210,4,2,1,6,7,13055,M,,,13
200800057089,8,10,1,1830,1,2,1,1,3,13055,M,,,13
200800057090,8,10,5,600,5,2,1,1,6,13055,M,,,13
200800057091,8,10,3,1910,5,2,1,1,2,13055,M,,,13
200800057092,8,10,4,1545,1,2,1,1,2,13055,M,,,13
200800057093,8,10,3,2300,5,2,1,1,2,13055,M,,,13
200800057094,8,10,2,1600,1,2,1,1,1,13055,M,,,13
200800057095,8,10,8,1930,5,2,1,1,6,13055,M,,,13
200800057096,8,10,3,750,1,2,1,1,3,13055,M,,,13
200800057097,8,10,12,915,1,2,1,1,1,13002,M,,,13
200800057098,8,10,10,1905,5,2,1,1,7,13055,M,,,13
200800057099,8,10,10,1900,5,2,1,1,6,13055,M,,,13
200800057100,8,10,13,935,1,2,1,8,6,13055,M,,,13
200800057101,8,10,2,1825,1,2,1,1,3,13055,M,,,13
200800057102,8,10,5,20,5,2,1,1,3,13055,M,,,13
200800057103,8,10,3,1450,1,2,1,1,6,13055,M,,,13
200800057104,8,10,2,1800,1,2,1,1,6,13055,M,,,13
200800057105,8,10,3,1240,1,2,1,1,3,13055,M,,,13
200800057106,8,10,16,2200,5,2,1,1,1,13055,M,,,13
200800057107,8,10,12,1300,1,2,1,1,6,13055,M,,,13
200800057108,8,10,15,1230,1,2,1,1,6,13055,M,,,13
200800057109,8,10,18,1800,1,2,3,1,4,13055,M,,,13
200800057110,8,10,20,1030,1,2,1,1,3,13055,M,,,13
200800057111,8,10,9,1540,1,2,1,1,1,13055,M,,,13
200800057112,8,10,20,2330,5,2,1,1,6,13055,M,,,13
200800057113,8,10,2,1710,1,2,1,1,6,13055,M,,,13
200800057114,8,10,3,1630,1,2,1,1,2,13055,M,,,13
200800057115,8,10,7,1540,1,2,1,1,3,13055,M,,,13
200800057116,8,10,8,1410,1,2,1,2,6,13055,M,,,13
200800057117,8,10,1,1910,2,2,1,1,2,13055,M,,,13
200800057118,8,10,3,1230,1,2,1,1,3,13055,M,,,13
200800057119,8,10,14,1430,1,2,1,1,6,13055,M,,,13
200800057120,8,10,6,1050,1,2,1,1,2,13055,M,,,13
200800057121,8,10,19,854,1,2,1,1,4,13055,M,,,13
200800057122,8,10,9,2000,5,2,1,1,3,13055,M,,,13
200800057123,8,10,13,2010,5,2,1,2,1,13055,M,,,13
200800057124,8,10,4,1525,1,2,1,1,6,13055,M,,,13
200800057125,8,10,14,1425,1,2,1,1,2,13055,M,,,13
200800057126,8,10,23,715,2,2,1,2,3,13055,M,,,13
200800057127,8,10,7,1930,5,2,1,1,1,13055,M,,,13
200800057128,8,10,23,1500,1,2,1,1,6,13055,M,,,13
200800057129,8,10,23,750,1,2,1,2,1,13055,M,,,13
200800057130,8,10,24,1445,1,2,2,1,3,13055,M,,,13
200800057131,8,10,1,1945,5,2,1,1,6,13055,M,,,13
200800057132,8,10,15,1200,1,2,1,1,3,13055,M,,,13
200800057133,8,10,7,1800,1,2,1,1,2,13055,M,,,13
200800057134,8,10,4,1830,1,2,2,1,3,13055,M,,,13
200800057135,8,10,13,1315,1,2,1,8,6,13055,M,,,13
200800057136,8,10,9,810,1,2,1,1,4,13055,M,,,13
200800057137,8,10,4,1530,1,2,1,1,4,13055,M,,,13
200800057138,8,10,17,1730,1,2,1,1,7,13055,M,,,13
200800057139,8,10,26,1445,1,2,1,1,3,13055,M,,,13
200800057140,8,10,26,2310,5,2,1,1,6,13055,M,,,13
200800057141,8,10,23,1720,1,2,1,8,3,13055,M,,,13
200800057142,8,10,25,2240,5,2,1,1,6,13055,M,,,13
200800057143,8,10,21,750,1,2,1,1,5,13055,M,,,13
200800057144,8,10,16,1600,1,2,1,1,6,13055,M,,,13
200800057145,8,10,14,1525,1,2,1,1,2,13055,M,,,13
200800057146,8,10,12,1301,1,2,1,1,1,13055,M,,,13
200800057147,8,10,3,1800,1,2,1,1,3,13055,M,,,13
200800057148,8,10,7,645,2,2,1,1,6,13055,M,,,13
200800057149,8,10,22,30,5,2,1,1,1,13055,M,,,13
200800057150,8,10,27,2010,5,2,1,1,3,13055,M,,,13
200800057151,8,10,4,1215,1,1,1,1,6,13002,M,,,13
200800057152,8,10,10,1355,1,2,1,1,6,13055,M,,,13
200800057153,8,10,4,1835,1,2,3,1,3,13055,M,,,13
200800057154,8,10,8,930,1,2,1,2,2,13055,M,,,13
200800057155,8,10,17,1115,1,2,1,1,4,13055,M,,,13
200800057156,8,10,4,1810,1,2,1,1,3,13055,M,,,13
200800057157,8,10,28,1515,1,2,1,3,3,13055,M,,,13
200800057158,8,10,18,620,5,2,1,1,6,13055,M,,,13
200800057159,8,10,20,1720,1,2,1,1,7,13055,M,,,13
200800057160,8,10,20,1320,1,2,1,1,3,13055,M,,,13
200800057161,8,10,7,1510,1,2,1,1,3,13055,M,,,13
200800057162,8,10,29,1700,2,1,1,1,6,13055,M,,,13
200800057163,8,10,9,825,1,2,1,1,3,13055,M,,,13
200800057164,8,10,29,1345,1,2,1,2,2,13055,M,,,13
200800057165,8,10,8,1520,1,2,1,1,6,13055,M,,,13
200800057166,8,10,22,1900,5,2,1,3,1,13055,M,,,13
200800057167,8,10,7,915,1,2,1,1,6,13055,M,,,13
200800057168,8,10,8,1910,1,2,1,1,6,13055,M,,,13
200800057169,8,10,13,2100,5,2,1,1,3,13055,M,,,13
200800057170,8,10,7,1740,1,2,1,1,2,13055,M,,,13
200800057171,8,10,9,1200,1,2,1,1,3,13055,M,,,13
200800057172,8,10,15,1620,1,2,1,1,2,13055,M,,,13
200800057173,8,10,15,1355,1,2,1,1,1,13055,M,,,13
200800057174,8,10,13,1810,1,2,2,1,3,13055,M,,,13
200800057175,8,10,25,1600,1,2,2,1,3,13055,M,,,13
200800057176,8,10,5,1035,1,1,1,1,7,13055,M,,,13
200800057177,8,10,14,810,1,2,1,1,7,13055,M,,,13
200800057178,8,10,10,640,2,2,1,1,1,13055,M,,,13
200800057179,8,10,23,800,2,2,1,2,3,13055,M,,,13
200800057180,8,10,26,1650,1,2,1,1,6,13055,M,,,13
200800057181,8,10,5,1440,1,2,1,1,6,13055,M,,,13
200800057182,8,10,4,2115,5,2,3,1,6,13055,M,,,13
200800057183,8,10,25,2105,5,2,3,1,7,13055,M,,,13
200800057184,8,10,27,815,1,2,1,1,6,13055,M,,,13
200800057185,8,10,17,1745,1,2,1,1,3,13055,M,,,13
200800057186,8,10,20,1120,1,2,2,1,3,13055,M,,,13
200800057187,8,10,20,1015,1,2,2,1,6,13055,M,,,13
200800057188,8,10,27,1300,1,2,1,1,6,13002,M,,,13
200800057189,8,10,22,1240,1,2,3,2,6,13055,M,,,13
200800057190,8,10,15,935,1,2,1,1,3,13055,M,,,13
200800057191,8,10,31,1115,1,2,1,1,3,13055,M,,,13
200800057192,8,10,21,1210,1,2,1,1,3,13055,M,,,13
200800057193,8,10,9,725,1,2,1,8,6,13002,M,,,13
200800057194,8,10,17,2100,5,2,2,1,3,13055,M,,,13
200800057195,8,10,11,1640,1,2,1,1,2,13055,M,,,13
200800057196,8,10,25,1400,1,2,1,1,6,13055,M,,,13
200800057197,8,10,31,2020,5,2,1,1,3,13055,M,,,13
200800057198,8,10,11,1455,1,2,1,1,2,13055,M,,,13
200800057199,8,10,21,2030,2,2,1,1,6,13055,M,,,13
200800057200,8,10,3,915,1,2,3,1,3,13055,M,,,13
200800057201,8,10,11,1245,1,2,9,1,3,13055,M,,,13
200800057202,8,10,13,700,2,2,3,1,6,13055,M,,,13
200800057203,8,10,31,1600,1,2,1,2,2,13055,M,,,13
200800057204,8,10,24,810,1,2,1,2,5,13055,M,,,13
200800057205,8,10,3,1452,1,2,1,1,3,13055,M,,,13
200800057206,8,10,25,1930,5,2,1,1,4,13055,M,,,13
200800057207,8,10,11,1750,1,1,1,1,7,13055,M,,,13
200800057208,8,10,1,1100,1,2,4,1,3,13055,M,,,13
200800057209,8,10,24,1305,1,2,1,1,6,13055,M,,,13
200800057210,8,10,31,800,1,2,1,1,6,13055,M,,,13
200800057211,8,10,24,1350,1,2,1,1,3,13055,M,,,13
200800057212,8,10,19,55,5,2,1,1,7,13055,M,,,13
200800057213,8,10,16,1630,1,2,3,1,3,13055,M,,,13
200800057214,8,10,3,2155,5,2,1,1,3,13055,M,,,13
200800057215,8,10,22,1630,1,2,1,2,6,13055,M,,,13
200800057216,8,10,14,900,1,2,2,1,3,13055,M,,,13
200800057217,8,10,13,1300,1,2,1,1,4,13055,M,,,13
200800057218,8,10,2,628,5,2,1,1,1,13055,M,,,13
200800057219,8,10,18,1930,5,2,1,1,2,13055,M,,,13
200800057220,8,10,7,1115,1,2,1,1,3,13055,M,,,13
200800057221,8,10,10,2235,5,2,2,1,3,13055,M,,,13
200800057222,8,10,8,800,1,2,1,2,6,13055,M,,,13
200800057223,8,10,24,900,1,2,1,1,6,13055,M,,,13
200800057224,8,10,19,1350,1,2,1,1,1,13055,M,,,13
200800057225,8,10,20,1321,1,2,1,1,6,13055,M,,,13
200800057226,8,10,9,1830,1,2,1,1,6,13055,M,,,13
200800057227,8,10,26,405,5,2,1,1,6,13055,M,,,13
200800057228,8,10,17,1830,1,2,3,1,7,13055,M,,,13
200800057229,8,10,3,1315,1,1,1,1,6,13055,M,,,13
200800057230,8,10,17,1445,1,2,6,1,6,13055,M,,,13
200800057231,8,10,8,715,2,2,1,3,6,13055,M,,,13
200800057232,8,10,23,1000,1,2,1,1,6,13055,M,,,13
200800057233,8,10,12,840,1,2,1,1,2,13055,M,,,13
200800057234,8,10,12,1015,1,2,1,1,6,13055,M,,,13
200800057235,8,10,23,830,1,2,1,2,7,13055,M,,,13
200800057236,8,10,2,1210,1,2,1,1,6,13055,M,,,13
200800057237,8,10,2,845,1,2,1,1,6,13055,M,,,13
200800057238,8,10,24,1615,1,2,2,8,5,13055,M,,,13
200800057239,8,10,6,1150,1,2,2,1,3,13055,M,,,13
200800057240,8,10,7,1240,1,2,1,1,3,13055,M,,,13
200800057241,8,10,31,1730,5,2,1,8,3,13002,M,,,13
200800057242,8,10,14,1930,5,2,3,1,7,13055,M,,,13
200800057243,8,10,10,1725,1,2,1,1,6,13055,M,,,13
200800057244,8,10,20,1750,1,2,1,1,2,13055,M,,,13
200800057245,8,10,30,700,1,2,1,1,2,13055,M,,,13
200800057246,8,10,18,1730,2,1,1,1,1,13002,M,,,13
200800057247,8,10,27,1710,1,2,1,1,6,13055,M,,,13
200800057248,8,10,13,1110,1,2,1,1,4,13055,M,,,13
200800057249,8,10,18,1215,1,2,3,1,2,13055,M,,,13
200800057250,8,10,13,1900,1,2,1,1,2,13055,M,,,13
200800057251,8,10,7,1920,5,2,1,1,6,13055,M,,,13
200800057252,8,10,22,925,1,2,3,3,3,13055,M,,,13
200800057253,8,10,23,1730,1,2,1,1,2,13002,M,,,13
200800057254,8,10,11,2150,5,2,2,1,3,13055,M,,,13
200800057255,8,10,27,1430,1,2,3,1,6,13055,M,,,13
200800057256,8,10,7,1307,1,2,2,1,3,13055,M,,,13
200800057257,8,10,25,1140,1,2,1,1,2,13055,M,,,13
200800057258,8,10,21,1220,1,2,1,1,1,13055,M,,,13
200800057259,8,10,18,1910,1,2,3,1,6,13055,M,,,13
200800057260,8,10,31,1500,1,2,1,2,2,13055,M,,,13
200800057261,8,10,31,1501,1,2,1,2,3,13055,M,,,13
200800057262,8,10,25,1130,1,2,1,1,6,13055,M,,,13
200800057263,8,10,20,745,1,2,6,1,3,13055,M,,,13
200800057264,8,10,6,1545,1,2,1,1,3,13055,M,,,13
200800057265,8,10,17,1940,2,2,1,1,6,13055,M,,,13
200800057266,8,10,17,1746,2,2,1,1,4,13055,M,,,13
200800057267,8,10,14,1555,1,2,3,1,3,13055,M,,,13
200800057268,8,10,27,1440,1,2,1,1,3,13055,M,,,13
200800057269,8,10,1,1330,1,2,1,1,3,13055,M,,,13
200800057270,8,10,10,2140,5,2,1,1,3,13055,M,,,13
200800057271,8,10,30,1920,5,2,3,1,3,13055,M,,,13
200800057272,8,10,2,1930,5,2,1,1,5,13055,M,,,13
200800057273,8,10,2,1215,1,2,1,1,2,13055,M,,,13
200800057274,8,10,17,1747,1,2,1,1,2,13055,M,,,13
200800057275,8,10,28,1815,5,2,1,1,3,13055,M,,,13
200800057276,8,10,18,1340,1,2,1,1,2,13055,M,,,13
200800057277,8,10,20,1645,1,2,1,1,3,13055,M,,,13
200800057278,8,10,24,2315,5,2,2,1,6,13055,M,,,13
200800057279,8,10,16,1645,1,2,1,1,2,13055,M,,,13
200800057280,8,10,24,1830,5,2,1,1,6,13055,M,,,13
200800057281,8,10,22,945,1,2,6,3,2,13055,M,,,13
200800057282,8,10,28,1830,5,2,1,2,6,13055,M,,,13
200800057283,8,10,1,1950,5,2,1,1,3,13055,M,,,13
200800057284,8,10,2,1940,5,2,6,1,2,13055,M,,,13
200800057285,8,10,11,1820,2,1,1,1,3,13055,M,,,13
200800057286,8,10,22,1155,1,2,1,3,3,13055,M,,,13
200800057287,8,10,18,1445,1,2,1,1,6,13055,M,,,13
200800057288,8,10,10,1550,1,2,3,1,3,13055,M,,,13
200800057289,8,10,26,1800,5,2,3,1,3,13055,M,,,13
200800057290,8,10,1,1640,1,2,2,1,3,13055,M,,,13
200800057291,8,10,8,1540,1,2,2,2,3,13055,M,,,13
200800057292,8,10,24,1815,1,2,1,1,6,13055,M,,,13
200800057293,8,10,16,1845,1,2,2,1,3,13055,M,,,13
200800057294,8,10,29,1820,2,2,1,1,3,13055,M,,,13
200800057295,8,10,19,610,5,2,1,1,1,13055,M,,,13
200800057296,8,10,3,1415,1,2,3,1,3,13055,M,,,13
200800057297,8,10,30,2000,5,2,1,1,6,13055,M,,,13
200800057298,8,10,3,1300,1,2,1,1,6,13055,M,,,13
200800057299,8,10,17,1420,1,2,1,1,3,13055,M,,,13
200800057300,8,10,12,30,5,2,2,1,3,13055,M,,,13
200800057301,8,10,30,1620,1,2,1,1,6,13055,M,,,13
200800057302,8,10,18,1900,5,2,1,1,6,13055,M,,,13
200800057303,8,10,6,1546,1,2,1,1,1,13055,M,,,13
200800057304,8,10,10,1530,1,2,1,1,6,13055,M,,,13
200800057305,8,10,16,1400,1,1,1,1,2,13055,M,,,13
200800057306,8,10,10,500,5,2,1,1,1,13055,M,,,13
200800057307,8,10,7,1931,5,2,2,1,1,13055,M,,,13
200800057308,8,10,14,715,2,2,1,1,3,13055,M,,,13
200800057309,8,10,8,805,1,1,1,3,5,13039,M,,,13
200800057310,8,10,11,2000,5,2,1,1,3,13056,M,,,13
200800057311,8,10,11,2025,5,2,1,1,2,13056,M,,,13
200800057312,8,10,6,1230,1,2,1,1,3,13056,M,,,13
200800057313,8,10,16,1330,1,2,1,1,2,13056,M,,,13
200800057314,8,10,6,1040,1,2,3,1,3,13056,M,,,13
200800057315,8,10,22,1345,1,2,1,2,6,13026,M,,,13
200800057316,8,10,25,1710,1,2,1,1,6,13077,M,,,13
200800057317,8,10,31,1845,5,2,2,1,1,13026,M,,,13
200800057318,8,10,4,1800,1,2,1,1,6,13078,M,,,13
200800057319,8,10,27,900,1,1,1,1,1,13078,M,,,13
200800057320,8,10,6,1235,1,2,1,1,6,13103,M,,,13
200800057321,8,10,20,1830,5,2,1,2,2,13103,M,,,13
200800057322,8,10,9,1635,1,2,2,1,3,13108,M,,,13
200800057323,8,10,9,645,5,1,1,1,6,13108,M,,,13
200800057324,8,10,26,1130,1,2,1,1,4,13108,M,,,13
200800057325,8,10,29,1515,1,2,1,2,2,13108,M,,,13
200800057326,8,10,6,1200,1,2,1,1,3,13071,M,,,13
200800057327,8,10,9,1135,1,2,4,1,3,13071,M,,,13
200800057328,8,10,15,1750,1,1,1,1,7,13117,M,,,13
200800057329,8,10,17,1700,1,2,1,1,7,13071,M,,,13
200800057330,8,10,18,855,1,2,1,1,1,13071,M,,,13
200800057331,8,10,18,1720,1,2,1,1,6,13071,M,,,13
200800057332,8,10,19,1130,1,2,1,1,6,13117,M,,,13
200800057333,8,10,20,1520,1,1,1,1,3,13117,M,,,13
200800057334,8,10,20,1550,1,2,2,1,3,13117,M,,,13
200800057335,8,10,20,1803,2,2,3,1,3,13071,M,,,13
200800057336,8,10,21,1600,1,1,6,1,2,13071,M,,,13
200800057337,8,10,21,1715,1,2,9,1,2,13071,M,,,13
200800057338,8,10,22,1015,1,1,1,3,3,13071,M,,,13
200800057339,8,10,24,700,3,1,1,1,2,13117,M,,,13
200800057340,8,10,25,1630,1,1,1,1,3,13071,M,,,13
200800057341,8,10,27,1115,1,2,1,1,3,13117,M,,,13
200800057342,8,10,27,1630,1,1,1,1,2,13117,M,,,13
200800057343,8,10,28,1445,1,1,1,3,3,13117,M,,,13
200800057344,8,10,31,1200,1,1,4,2,4,13117,M,,,13
200800057345,8,10,1,2110,5,2,1,1,3,14118,M,,,14
200800057346,8,10,3,810,1,1,1,2,3,14101,M,,,14
200800057347,8,10,7,850,1,2,1,1,3,14118,M,,,14
200800057348,8,10,10,2020,5,2,1,1,6,14118,M,,,14
200800057349,8,10,7,1815,2,2,1,1,6,14118,M,,,14
200800057350,8,10,12,631,3,2,1,1,6,14341,M,,,14
200800057351,8,10,10,1000,1,2,1,1,6,14118,M,,,14
200800057352,8,10,14,2315,5,2,1,1,6,14118,M,,,14
200800057353,8,10,15,800,1,2,1,1,1,14118,M,,,14
200800057354,8,10,17,820,1,2,1,1,2,14118,M,,,14
200800057355,8,10,18,1530,1,2,1,1,6,14118,M,,,14
200800057356,8,10,22,1355,1,2,1,1,6,14118,M,,,14
200800057357,8,10,23,1215,1,2,1,1,6,14118,M,,,14
200800057358,8,10,27,1800,2,2,1,1,2,14437,M,,,14
200800057359,8,10,24,1450,1,1,1,2,7,14301,M,,,14
200800057360,8,10,30,725,2,2,6,3,3,14118,M,,,14
200800057361,8,10,30,1917,2,2,2,1,3,14118,M,,,14
200800057362,8,10,26,1910,3,2,1,3,6,14118,M,,,14
200800057363,8,10,11,1825,2,1,2,1,5,14304,M,,,14
200800057364,8,10,31,850,1,2,1,8,3,14536,M,,,14
200800057365,8,10,4,1205,1,2,3,1,3,14366,M,,,14
200800057366,8,10,13,1930,2,2,2,1,3,14366,M,,,14
200800057367,8,10,15,1310,1,2,3,1,5,14069,M,,,14
200800057368,8,10,12,1440,1,2,1,1,6,14715,M,,,14
200800057369,8,10,29,1810,3,2,1,2,1,14701,M,,,14
200800057370,8,10,31,1820,5,2,1,2,6,15012,M,,,15
200800057371,8,10,7,1430,1,2,1,1,6,16291,M,,,16
200800057372,8,10,8,1730,1,1,1,1,4,16358,M,,,16
200800057373,8,10,24,920,1,2,3,1,6,16015,M,,,16
200800057374,8,10,25,1650,1,2,1,1,3,16015,M,,,16
200800057375,8,10,2,1635,1,2,6,1,3,17299,M,,,17
200800057376,8,10,9,2325,5,2,1,1,3,17299,M,,,17
200800057377,8,10,10,1245,1,2,3,1,3,17299,M,,,17
200800057378,8,10,10,1710,1,2,6,1,3,17299,M,,,17
200800057379,8,10,16,1555,1,2,1,1,5,17299,M,,,17
200800057380,8,10,16,1805,1,2,1,1,7,17299,M,,,17
200800057381,8,10,16,1820,1,1,1,1,2,17449,M,,,17
200800057382,8,10,20,900,1,2,1,1,7,17299,M,,,17
200800057383,8,10,20,1730,1,2,2,1,2,17449,M,,,17
200800057384,8,10,25,1915,1,2,1,1,7,17449,M,,,17
200800057385,8,10,28,640,5,2,6,1,7,17299,M,,,17
200800057386,8,10,1,853,1,2,1,1,3,17300,M,,,17
200800057387,8,10,1,1555,1,2,1,1,3,17300,M,,,17
200800057388,8,10,2,2130,5,2,1,2,6,17300,M,,,17
200800057389,8,10,3,615,3,1,1,3,6,17300,M,,,17
200800057390,8,10,3,805,1,2,1,1,6,17200,M,,,17
200800057391,8,10,3,1435,1,2,1,1,6,17300,M,,,17
200800057392,8,10,3,1755,1,2,1,1,2,17028,M,,,17
200800057393,8,10,3,1840,1,2,1,2,6,17028,M,,,17
200800057394,8,10,4,1210,1,1,1,1,2,17300,M,,,17
200800057395,8,10,6,706,2,2,1,1,6,17300,M,,,17
200800057396,8,10,7,945,1,2,1,1,2,17300,M,,,17
200800057397,8,10,7,1700,1,2,3,3,2,17300,M,,,17
200800057398,8,10,8,825,1,2,1,1,6,17300,M,,,17
200800057399,8,10,8,2230,5,2,1,1,1,17274,M,,,17
200800057400,8,10,8,1405,1,2,1,1,1,17300,M,,,17
200800057401,8,10,9,940,1,2,1,1,6,17300,M,,,17
200800057402,8,10,10,900,1,1,1,1,2,17200,M,,,17
200800057403,8,10,12,1910,1,2,1,1,2,17300,M,,,17
200800057404,8,10,13,803,2,2,1,1,1,17300,M,,,17
200800057405,8,10,14,715,2,2,2,1,3,17028,M,,,17
200800057406,8,10,15,810,1,2,1,1,2,17200,M,,,17
200800057407,8,10,17,710,5,2,1,1,2,17274,M,,,17
200800057408,8,10,17,1105,1,2,9,1,6,17300,M,,,17
200800057409,8,10,17,1625,1,2,2,1,3,17300,M,,,17
200800057410,8,10,17,2021,2,2,1,1,1,17200,M,,,17
200800057411,8,10,26,1620,1,2,1,1,2,17300,M,,,17
200800057412,8,10,28,1825,3,2,1,1,5,17300,M,,,17
200800057413,8,10,6,1024,1,2,1,1,6,17461,M,,,17
200800057414,8,10,7,1355,1,2,1,1,7,17306,M,,,17
200800057415,8,10,9,1410,1,2,1,1,7,17380,M,,,17
200800057416,8,10,15,1515,1,2,3,1,3,17306,M,,,17
200800057417,8,10,17,1849,1,2,1,1,7,17461,M,,,17
200800057418,8,10,25,1055,1,1,1,1,7,17333,M,,,17
200800057419,8,10,25,1613,1,2,1,1,7,17380,M,,,17
200800057420,8,10,26,444,3,2,1,1,7,17380,M,,,17
200800057421,8,10,27,2010,2,2,1,1,6,17461,M,,,17
200800057422,8,10,28,2355,3,1,1,1,5,17380,M,,,17
200800057423,8,10,1,535,3,2,6,1,7,17415,M,,,17
200800057424,8,10,9,1705,1,2,1,1,6,17415,M,,,17
200800057425,8,10,12,1950,5,2,3,1,3,17415,M,,,17
200800057426,8,10,12,1915,2,1,1,1,7,17415,M,,,17
200800057427,8,10,12,1916,1,1,2,1,3,17415,M,,,17
200800057428,8,10,14,2025,3,1,1,1,6,17415,M,,,17
200800057429,8,10,17,1710,1,2,1,1,2,17415,M,,,17
200800057430,8,10,19,1215,1,2,1,1,3,17415,M,,,17
200800057431,8,10,20,1715,1,2,1,1,1,17415,M,,,17
200800057432,8,10,21,1115,1,2,1,1,2,17415,M,,,17
200800057433,8,10,23,750,2,2,1,1,3,17415,M,,,17
200800057434,8,10,23,1900,2,2,1,1,6,17415,M,,,17
200800057435,8,10,25,1915,2,2,1,1,6,17415,M,,,17
200800057436,8,10,31,1825,5,2,2,2,3,17415,M,,,17
200800057437,8,10,1,1205,1,1,1,1,5,18033,M,,,18
200800057438,8,10,1,2150,3,2,1,1,6,18033,M,,,18
200800057439,8,10,3,1700,1,2,1,2,3,18033,M,,,18
200800057440,8,10,4,1535,1,2,3,1,5,18033,M,,,18
200800057441,8,10,7,1720,1,2,2,8,3,18033,M,,,18
200800057442,8,10,7,1815,1,2,1,1,3,18033,M,,,18
200800057443,8,10,8,738,5,2,1,2,6,18033,M,,,18
200800057444,8,10,9,630,5,2,2,1,1,18033,M,,,18
200800057445,8,10,9,2345,5,1,1,1,6,18205,M,,,18
200800057446,8,10,10,725,2,2,1,1,1,18033,M,,,18
200800057447,8,10,11,840,1,2,1,1,1,18033,M,,,18
200800057448,8,10,11,2205,3,1,1,1,6,18255,M,,,18
200800057449,8,10,12,2028,5,2,2,1,1,18033,M,,,18
200800057450,8,10,14,730,2,2,1,1,6,18033,M,,,18
200800057451,8,10,14,1140,1,2,1,5,6,18033,M,,,18
200800057452,8,10,14,1635,1,2,6,1,2,18033,M,,,18
200800057453,8,10,16,1705,1,1,1,1,3,18050,M,,,18
200800057454,8,10,20,700,5,2,3,1,3,18033,M,,,18
200800057455,8,10,25,2345,5,2,2,1,6,18033,M,,,18
200800057456,8,10,23,1830,1,2,2,1,3,18033,M,,,18
200800057457,8,10,25,1752,1,2,1,1,6,18033,M,,,18
200800057458,8,10,29,1810,5,2,1,2,6,18033,M,,,18
200800057459,8,10,31,1005,1,1,1,1,1,18205,M,,,18
200800057460,8,10,4,1230,1,2,1,1,4,18279,M,,,18
200800057461,8,10,9,1010,1,2,7,1,3,18279,M,,,18
200800057462,8,10,27,1738,2,2,3,2,3,18279,M,,,18
200800057463,8,10,2,715,2,2,1,2,2,19031,M,4515701.0,454023.0,19
200800057464,8,10,5,1300,1,2,1,1,2,19031,M,4515391.0,451090.0,19
200800057465,8,10,7,1255,1,2,3,1,3,19031,M,4515363.0,450471.0,19
200800057466,8,10,10,1750,1,2,1,1,6,19031,M,4515084.0,449923.0,19
200800057467,8,10,10,1830,1,2,1,1,6,19031,M,4517039.0,451250.0,19
200800057468,8,10,11,1345,1,2,1,1,6,19031,M,4516174.0,451029.0,19
200800057469,8,10,13,750,1,2,1,1,4,19031,M,4515385.0,452983.0,19
200800057470,8,10,13,1250,1,2,2,1,3,19031,M,4515671.0,453460.0,19
200800057471,8,10,17,2150,5,1,1,1,6,19031,M,4515285.0,450610.0,19
200800057472,8,10,21,1215,1,2,1,2,6,19031,M,4515693.0,453047.0,19
200800057473,8,10,24,1725,1,2,1,1,6,19031,M,4516481.0,452923.0,19
200800057474,8,10,24,1910,2,2,2,1,3,19031,M,4516075.0,450356.0,19
200800057475,8,10,25,1530,1,2,1,1,2,19031,M,4516311.0,454659.0,19
200800057476,8,10,28,1310,1,2,1,1,2,19031,M,4515721.0,452274.0,19
200800057477,8,10,28,2300,5,2,2,1,6,19031,M,4515328.0,450774.0,19
200800057478,8,10,29,1810,5,2,1,1,2,19031,M,4515093.0,450709.0,19
200800057479,8,10,29,1825,5,2,1,1,2,19031,M,4515797.0,455689.0,19
200800057480,8,10,30,1810,5,2,1,2,1,19031,M,4517470.0,452256.0,19
200800057481,8,10,31,1415,1,2,1,1,2,19031,M,4516285.0,453272.0,19
200800057482,8,10,5,1755,1,2,1,1,3,19272,M,4527306.0,375384.0,19
200800057483,8,10,15,1405,1,2,1,8,6,19272,M,4527006.0,377720.0,19
200800057484,8,10,13,1340,1,2,1,1,2,19275,M,,,19
200800057485,8,10,17,1218,1,2,1,1,6,21054,M,,,21
200800057486,8,10,20,1235,1,2,3,1,3,21054,M,,,21
200800057487,8,10,23,1405,1,2,3,1,6,21054,M,,,21
200800057488,8,10,26,1800,5,2,1,1,3,21054,M,,,21