Num_Acc,an,mois,jour,hrmn,lum,agg,int,atm,col,com,gps,lat,long,dep
200800057489,8,10,1,2039,5,2,3,1,2,21231,M,,,21
200800057490,8,10,2,1815,1,2,1,1,3,21617,M,,,21
200800057491,8,10,1,1105,1,2,2,1,6,21231,M,,,21
200800057492,8,10,3,1005,1,2,1,1,6,21231,M,,,21
200800057493,8,10,4,1805,1,2,3,1,3,21166,M,,,21
200800057494,8,10,6,1725,1,2,1,1,2,21231,M,,,21
200800057495,8,10,7,853,1,2,7,1,2,21231,M,,,21
200800057496,8,10,7,1737,1,2,1,1,3,21231,M,,,21
200800057497,8,10,9,741,1,2,3,1,2,21617,M,,,21
200800057498,8,10,9,1530,1,2,2,1,1,21231,M,,,21
200800057499,8,10,10,1715,1,2,2,1,3,21231,M,,,21
200800057500,8,10,13,1352,1,2,3,1,3,21231,M,,,21
200800057501,8,10,13,1628,1,2,1,1,6,21231,M,,,21
200800057502,8,10,14,807,1,2,3,1,6,21231,M,,,21
200800057503,8,10,15,1215,1,2,1,1,2,21617,M,,,21
200800057504,8,10,16,732,2,2,1,3,4,21231,M,,,21
200800057505,8,10,17,1720,1,2,1,1,3,21231,M,,,21
200800057506,8,10,18,947,1,2,2,1,3,21231,M,,,21
200800057507,8,10,19,1306,1,2,3,1,3,21231,M,,,21
200800057508,8,10,21,800,1,2,1,1,2,21355,M,,,21
200800057509,8,10,21,1706,1,2,1,2,6,21231,M,,,21
200800057510,8,10,21,1830,5,2,2,3,3,21231,M,,,21
200800057511,8,10,22,902,1,1,2,3,2,21231,M,,,21
200800057512,8,10,23,740,2,2,2,1,3,21231,M,,,21
200800057513,8,10,25,1235,1,2,2,1,3,21231,M,,,21
200800057514,8,10,26,1100,1,2,2,1,3,21231,M,,,21
200800057515,8,10,29,1315,1,2,1,1,2,21231,M,,,21
200800057516,8,10,31,712,2,2,7,2,3,21231,M,,,21
200800057517,8,10,31,1102,1,2,3,1,2,21231,M,,,21
200800057518,8,10,31,1807,5,2,1,2,2,21278,M,,,21
200800057519,8,10,1,1610,1,2,3,1,3,22050,M,,,22
200800057520,8,10,4,1220,1,2,1,1,2,22050,M,,,22
200800057521,8,10,19,1030,1,2,1,7,1,22050,M,,,22
200800057522,8,10,24,1220,1,2,1,3,2,22113,M,,,22
200800057523,8,10,1,900,1,2,1,1,7,22278,M,,,22
200800057524,8,10,1,1300,1,2,1,1,7,22278,M,,,22
200800057525,8,10,4,1545,1,1,1,6,7,22360,M,,,22
200800057526,8,10,7,55,3,1,1,2,7,22215,M,,,22
200800057527,8,10,7,1230,1,2,7,2,6,22278,M,,,22
200800057528,8,10,11,1925,5,2,1,1,7,22360,M,,,22
200800057529,8,10,13,1110,1,2,1,1,7,22278,M,,,22
200800057530,8,10,13,2050,5,2,1,1,7,22278,M,,,22
200800057531,8,10,13,1810,1,1,1,1,7,22278,M,,,22
200800057532,8,10,17,1035,1,2,1,1,6,22278,M,,,22
200800057533,8,10,19,945,1,2,2,1,1,22360,M,,,22
200800057534,8,10,20,900,1,2,1,1,6,22278,M,,,22
200800057535,8,10,24,800,5,2,1,2,6,22278,M,,,22
200800057536,8,10,25,1930,5,2,1,1,4,22106,M,,,22
200800057537,8,10,24,1555,1,1,1,1,3,22215,M,,,22
200800057538,8,10,27,2125,4,1,1,1,6,22215,M,,,22
200800057539,8,10,28,1855,5,2,1,1,4,22215,M,,,22
200800057540,8,10,29,2030,5,2,6,3,7,22278,M,,,22
200800057541,8,10,29,1848,5,2,1,2,4,22278,M,,,22
200800057542,8,10,19,745,5,1,1,1,2,22278,M,,,22
200800057543,8,10,30,1655,1,1,1,1,2,22360,M,,,22
200800057544,8,10,30,1050,1,1,1,1,7,22106,M,,,22
200800057545,8,10,31,1925,5,2,3,1,7,22278,M,,,22
200800057546,8,10,7,723,2,2,1,1,6,23096,M,,,23
200800057547,8,10,11,1130,1,2,3,1,3,24037,M,,,24
200800057548,8,10,13,1612,1,2,1,1,7,24037,M,,,24
200800057549,8,10,28,1830,2,2,1,1,3,24037,M,,,24
200800057550,8,10,2,800,2,2,3,2,6,24322,M,,,24
200800057551,8,10,3,1805,1,2,2,1,3,24322,M,,,24
200800057552,8,10,8,1720,1,2,6,1,3,24322,M,,,24
200800057553,8,10,9,736,2,2,1,1,3,24053,M,,,24
200800057554,8,10,9,1620,1,2,3,1,3,24138,M,,,24
200800057555,8,10,16,930,1,2,1,3,2,24322,M,,,24
200800057556,8,10,18,1520,1,2,1,1,6,24557,M,,,24
200800057557,8,10,21,400,3,1,1,1,6,24256,M,,,24
200800057558,8,10,23,805,1,2,1,5,3,24322,M,,,24
200800057559,8,10,29,1910,5,2,1,2,6,24322,M,,,24
200800057560,8,10,29,1441,1,2,1,1,6,24322,M,,,24
200800057561,8,10,31,515,3,1,1,1,1,24256,M,,,24
200800057562,8,10,1,1737,1,1,1,1,6,25056,M,,,25
200800057563,8,10,2,728,1,2,1,1,3,25056,M,,,25
200800057564,8,10,2,1912,5,2,1,1,2,25056,M,,,25
200800057565,8,10,3,841,1,2,3,2,3,25056,M,,,25
200800057566,8,10,3,1514,1,2,1,8,5,25056,M,,,25
200800057567,8,10,7,2012,5,2,1,1,2,25056,M,,,25
200800057568,8,10,8,1015,1,2,1,2,1,25056,M,,,25
200800057569,8,10,8,1237,1,2,1,2,3,25056,M,,,25
200800057570,8,10,9,552,5,2,1,2,1,25056,M,,,25
200800057571,8,10,10,150,5,2,1,1,6,25056,M,,,25
200800057572,8,10,10,2250,5,2,1,1,7,25056,M,,,25
200800057573,8,10,13,1632,1,2,1,1,6,25056,M,,,25
200800057574,8,10,14,1543,1,2,1,1,6,25056,M,,,25
200800057575,8,10,15,1410,1,2,1,1,3,25056,M,,,25
200800057576,8,10,16,802,1,2,1,3,2,25056,M,,,25
200800057577,8,10,16,1358,1,2,1,2,7,25056,M,,,25
200800057578,8,10,16,1700,1,2,1,2,2,25056,M,,,25
200800057579,8,10,17,749,1,2,1,1,6,25056,M,,,25
200800057580,8,10,17,1317,1,2,3,1,3,25056,M,,,25
200800057581,8,10,20,1855,5,2,1,1,5,25056,M,,,25
200800057582,8,10,22,1730,2,2,1,3,4,25056,M,,,25
200800057583,8,10,23,739,2,2,1,1,6,25056,M,,,25
200800057584,8,10,23,1145,1,2,1,1,6,25056,M,,,25
200800057585,8,10,26,1150,1,2,1,1,4,25056,M,,,25
200800057586,8,10,27,1621,1,2,1,3,1,25056,M,,,25
200800057587,8,10,27,1720,2,2,1,2,3,25056,M,,,25
200800057588,8,10,27,1925,5,2,1,2,1,25056,M,,,25
200800057589,8,10,27,1820,5,2,1,3,4,25056,M,,,25
200800057590,8,10,28,812,1,2,1,1,7,25056,M,,,25
200800057591,8,10,30,1815,5,2,1,2,6,25056,M,,,25
200800057592,8,10,7,1740,1,2,1,1,6,25388,M,,,25
200800057593,8,10,16,935,1,2,1,2,6,25031,M,,,25
200800057594,8,10,19,930,1,2,4,1,1,25388,M,,,25
200800057595,8,10,28,1900,5,2,3,3,3,25462,M,,,25
200800057596,8,10,8,1505,1,2,1,1,2,26198,M,,,26
200800057597,8,10,12,420,3,1,1,1,6,26198,M,,,26
200800057598,8,10,5,1930,3,2,3,1,3,26281,M,,,26
200800057599,8,10,9,1215,1,2,1,1,2,26281,M,,,26
200800057600,8,10,9,1530,1,2,3,1,3,26057,M,,,26
200800057601,8,10,14,755,2,2,1,1,6,26281,M,,,26
200800057602,8,10,17,800,1,2,1,1,6,26281,M,,,26
200800057603,8,10,20,1745,1,2,2,1,3,26281,M,,,26
200800057604,8,10,21,2055,3,2,4,2,3,26057,M,,,26
200800057605,8,10,25,1515,1,2,2,1,3,26281,M,,,26
200800057606,8,10,28,555,4,2,5,2,6,26281,M,,,26
200800057607,8,10,28,1430,1,2,3,3,1,26281,M,,,26
200800057608,8,10,30,1250,1,2,1,2,6,26057,M,,,26
200800057609,8,10,4,1220,1,2,1,1,3,26058,M,,,26
200800057610,8,10,10,1815,1,2,3,1,3,26362,M,,,26
200800057611,8,10,11,2250,3,1,2,1,7,26362,M,,,26
200800057612,8,10,13,1455,1,2,1,1,6,26362,M,,,26
200800057613,8,10,20,950,1,2,1,2,3,26362,M,,,26
200800057614,8,10,27,1216,1,2,1,1,2,26362,M,,,26
200800057615,8,10,6,810,1,2,1,2,6,27229,M,,,27
200800057616,8,10,10,2035,5,2,3,1,3,27229,M,,,27
200800057617,8,10,12,135,5,2,1,1,7,27229,M,,,27
200800057618,8,10,13,1320,3,1,1,1,7,27229,M,,,27
200800057619,8,10,15,1650,1,2,1,8,6,27229,M,,,27
200800057620,8,10,15,2140,5,2,1,1,3,27229,M,,,27
200800057621,8,10,19,850,1,2,1,1,3,27229,M,,,27
200800057622,8,10,19,1745,5,2,1,1,2,27229,M,,,27
200800057623,8,10,21,1330,1,2,2,1,1,27229,M,,,27
200800057624,8,10,24,1215,1,2,1,1,3,27229,M,,,27
200800057625,8,10,4,2345,5,2,1,1,3,27701,M,,,27
200800057626,8,10,5,120,5,2,2,1,3,27375,M,,,27
200800057627,8,10,11,540,3,1,1,5,4,27701,M,,,27
200800057628,8,10,23,820,1,2,1,5,3,27701,M,,,27
200800057629,8,10,23,930,1,2,1,8,7,27701,M,,,27
200800057630,8,10,2,1750,1,2,1,2,6,27554,M,,,27
200800057631,8,10,9,1255,1,2,2,1,6,27681,M,,,27
200800057632,8,10,12,2020,5,2,2,1,6,27681,M,,,27
200800057633,8,10,15,1205,1,2,1,2,6,27562,M,,,27
200800057634,8,10,21,1215,1,2,1,1,7,27554,M,,,27
200800057635,8,10,31,1425,1,2,1,1,2,27562,M,,,27
200800057636,8,10,14,1045,1,2,1,1,6,27681,M,,,27
200800057637,8,10,2,1745,1,1,3,1,3,28110,M,,,28
200800057638,8,10,5,2210,5,2,1,2,6,28085,M,,,28
200800057639,8,10,6,910,1,2,3,7,4,28229,M,,,28
200800057640,8,10,6,750,1,2,1,2,6,28209,M,,,28
200800057641,8,10,7,1000,1,2,3,2,3,28110,M,,,28
200800057642,8,10,9,1220,1,2,3,1,3,28085,M,,,28
200800057643,8,10,9,1315,1,2,3,7,3,28085,M,,,28
200800057644,8,10,14,1345,1,2,2,1,3,28218,M,,,28
200800057645,8,10,16,740,2,2,3,3,6,28229,M,,,28
200800057646,8,10,17,1640,1,2,1,1,2,28220,M,,,28
200800057647,8,10,22,1845,5,2,7,1,1,28085,M,,,28
200800057648,8,10,21,620,5,2,1,1,7,28085,M,,,28
200800057649,8,10,21,745,2,2,1,1,6,28070,M,,,28
200800057650,8,10,23,1620,1,2,1,1,6,28218,M,,,28
200800057651,8,10,23,720,5,2,3,1,3,28085,M,,,28
200800057652,8,10,25,1520,1,2,1,1,6,28085,M,,,28
200800057653,8,10,28,645,5,2,1,1,6,28085,M,,,28
200800057654,8,10,29,1525,1,2,1,1,6,28085,M,,,28
200800057655,8,10,31,1135,1,2,1,1,6,28085,M,,,28
200800057656,8,10,10,1215,1,2,1,1,3,28134,M,,,28
200800057657,8,10,14,920,1,2,3,1,3,28404,M,,,28
200800057658,8,10,21,1115,1,2,2,1,3,28404,M,,,28
200800057659,8,10,1,1325,1,2,1,1,6,29019,M,,,29
200800057660,8,10,1,1345,1,2,3,1,6,29019,M,,,29
200800057661,8,10,2,935,1,2,1,1,2,29019,M,,,29
200800057662,8,10,2,1910,1,2,1,7,6,29019,M,,,29
200800057663,8,10,3,1650,1,2,1,1,6,29019,M,,,29
200800057664,8,10,6,1215,1,2,3,8,3,29019,M,,,29
200800057665,8,10,7,735,5,2,3,2,6,29019,M,,,29
200800057666,8,10,7,2030,5,2,1,1,2,29019,M,,,29
200800057667,8,10,10,920,1,2,6,1,2,29019,M,,,29
200800057668,8,10,14,1025,1,2,2,1,6,29019,M,,,29
200800057669,8,10,2,1710,1,2,2,1,2,29019,M,,,29
200800057670,8,10,17,740,5,2,1,1,6,29019,M,,,29
200800057671,8,10,17,905,1,2,9,1,6,29019,M,,,29
200800057672,8,10,18,810,5,2,1,1,6,29019,M,,,29
200800057673,8,10,18,930,1,2,2,1,3,29019,M,,,29
200800057674,8,10,19,2030,5,2,1,1,3,29019,M,,,29
200800057675,8,10,22,1255,1,2,2,1,3,29019,M,,,29
200800057676,8,10,23,1830,1,2,1,1,3,29019,M,,,29
200800057677,8,10,25,505,5,2,2,1,6,29019,M,,,29
200800057678,8,10,26,135,5,2,3,1,6,29019,M,,,29
200800057679,8,10,27,1310,1,2,2,1,3,29019,M,,,29
200800057680,8,10,28,2235,5,2,2,2,3,29019,M,,,29
200800057681,8,10,29,2015,5,2,2,1,2,29019,M,,,29
200800057682,8,10,30,1845,2,2,2,1,6,29019,M,,,29
200800057683,8,10,10,732,5,2,1,1,6,29039,M,,,29
200800057684,8,10,15,805,5,1,1,2,3,29039,M,,,29
200800057685,8,10,5,1630,1,2,3,2,3,29151,M,,,29
200800057686,8,10,9,1230,1,2,1,7,3,29254,M,,,29
200800057687,8,10,11,1640,1,2,3,1,6,29151,M,,,29
200800057688,8,10,25,1640,1,2,2,1,3,29151,M,,,29
200800057689,8,10,18,1215,1,2,1,1,6,29232,M,,,29
200800057690,8,10,23,1215,1,2,1,1,2,29232,M,,,29
200800057691,8,10,1,1115,1,2,1,1,7,30007,M,,,30
200800057692,8,10,2,2152,5,2,6,9,3,30007,M,,,30
200800057693,8,10,6,1716,1,2,1,1,6,30007,M,,,30
200800057694,8,10,8,1220,1,2,1,1,1,30007,M,,,30
200800057695,8,10,8,1715,1,2,2,3,3,30007,M,,,30
200800057696,8,10,15,1820,1,2,6,1,3,30007,M,,,30
200800057697,8,10,15,1535,1,2,1,1,7,30243,M,,,30
200800057698,8,10,16,1330,1,2,1,1,7,30007,M,,,30
200800057699,8,10,16,2156,5,2,1,1,2,30007,M,,,30
200800057700,8,10,20,802,2,2,1,2,1,30007,M,,,30
200800057701,8,10,30,1300,1,2,3,2,3,30007,M,,,30
200800057702,8,10,18,2125,5,1,1,1,6,30028,M,,,30
200800057703,8,10,4,2310,5,2,1,1,6,30032,M,,,30
200800057704,8,10,19,1840,3,1,1,1,7,30032,M,,,30
200800057705,8,10,25,2140,3,1,1,1,7,30032,M,,,30
200800057706,8,10,1,1800,1,2,2,1,3,30189,M,4381082.0,437143.0,30
200800057707,8,10,2,843,1,2,1,1,6,30189,M,4384270.0,438280.0,30
200800057708,8,10,2,1145,1,2,1,1,2,30189,M,4383132.0,435021.0,30
200800057709,8,10,3,1320,1,2,3,1,3,30189,M,4385752.0,440531.0,30
200800057710,8,10,3,1510,1,2,1,1,6,30189,M,4383346.0,436481.0,30
200800057711,8,10,3,1700,1,2,6,1,2,30189,M,,,30
200800057712,8,10,3,1815,1,2,3,1,3,30189,M,4385752.0,440539.0,30
200800057713,8,10,4,39,5,2,1,1,2,30189,M,4381644.0,432288.0,30
200800057714,8,10,4,130,5,1,1,1,5,30189,M,,,30
200800057715,8,10,4,245,5,2,2,1,3,30189,M,,,30
200800057716,8,10,4,902,1,2,1,1,3,30189,M,4385609.0,440060.0,30
200800057717,8,10,4,1144,1,2,1,1,2,30189,M,4381511.0,434093.0,30
200800057718,8,10,4,1645,1,2,1,1,6,30189,M,4381510.0,434097.0,30
200800057719,8,10,4,1730,1,2,1,1,6,30189,M,,,30
200800057720,8,10,7,1025,1,2,2,1,3,30189,M,4386517.0,429769.0,30
200800057721,8,10,8,730,2,2,6,3,2,30189,M,4382040.0,428941.0,30
200800057722,8,10,8,1035,1,1,1,2,2,30189,M,4379079.0,436785.0,30
200800057723,8,10,8,1125,1,1,1,2,6,30189,M,4386905.0,432232.0,30
200800057724,8,10,8,1715,1,2,6,2,2,30189,M,,,30
200800057725,8,10,10,1120,1,2,1,1,6,30189,M,4383708.0,437236.0,30
200800057726,8,10,13,1708,1,2,2,1,3,30189,M,4382388.0,436621.0,30
200800057727,8,10,14,833,1,2,1,1,4,30189,M,4383174.0,432774.0,30
200800057728,8,10,14,1045,1,2,1,1,7,30189,M,,,30
200800057729,8,10,15,1430,1,2,4,1,3,30189,M,,,30
200800057730,8,10,17,1049,1,2,2,1,1,30189,M,4383441.0,436087.0,30
200800057731,8,10,18,1625,1,2,2,1,6,30189,M,,,30
200800057732,8,10,17,1154,1,2,1,1,1,30189,M,,,30
200800057733,8,10,18,1710,1,2,3,1,2,30189,M,4383034.0,436993.0,30
200800057734,8,10,20,1410,1,1,1,3,2,30189,M,4384625.0,429569.0,30
200800057735,8,10,21,720,2,2,1,2,3,30189,M,4382723.0,437657.0,30
200800057736,8,10,22,1935,5,2,1,1,6,30189,M,,,30
200800057737,8,10,23,418,3,1,1,2,7,30189,M,4380274.0,437371.0,30
200800057738,8,10,23,1125,1,2,3,1,7,30189,M,4383010.0,435264.0,30
200800057739,8,10,23,1825,1,2,2,1,3,30189,M,4381990.0,436457.0,30
200800057740,8,10,24,2220,5,2,1,1,1,30189,M,4383893.0,442160.0,30
200800057741,8,10,25,30,4,2,1,1,7,30189,M,4382333.0,435441.0,30
200800057742,8,10,25,1100,1,2,1,1,6,30189,M,,,30
200800057743,8,10,25,1755,1,2,1,1,6,30189,M,4383394.0,434877.0,30
200800057744,8,10,26,200,3,1,1,1,6,30189,M,4376700.0,434735.0,30
200800057745,8,10,27,1924,5,2,2,1,3,30189,M,,,30
200800057746,8,10,28,737,2,2,2,2,3,30189,M,4382267.0,435952.0,30
200800057747,8,10,28,1315,1,2,6,1,3,30189,M,4382953.0,435584.0,30
200800057748,8,10,28,2050,5,2,1,2,6,30189,M,4383897.0,442159.0,30
200800057749,8,10,29,1705,1,2,1,1,3,30189,M,4381234.0,433196.0,30
200800057750,8,10,29,1926,3,2,1,2,4,30189,M,4386694.0,432695.0,30
200800057751,8,10,30,245,5,2,2,1,6,30189,M,,,30
200800057752,8,10,30,1145,1,2,1,2,4,30189,M,,,30
200800057753,8,10,30,1320,1,2,2,3,3,30189,M,4384046.0,436758.0,30
200800057754,8,10,31,1125,1,1,1,2,4,30189,M,4381604.0,434253.0,30
200800057755,8,10,2,815,1,2,6,7,7,30351,M,,,30
200800057756,8,10,20,1050,1,1,1,8,3,30011,M,,,30
200800057757,8,10,9,1418,1,1,1,1,1,31069,M,,,31
200800057758,8,10,15,1405,1,2,1,1,6,31069,M,,,31
200800057759,8,10,24,1200,1,2,3,1,3,31069,M,,,31
200800057760,8,10,25,2035,5,2,1,1,6,31069,M,,,31
200800057761,8,10,14,1820,1,2,3,1,3,31149,M,,,31
200800057762,8,10,16,2044,1,2,6,2,2,31149,M,,,31
200800057763,8,10,27,1815,5,2,1,2,6,31149,M,,,31
200800057764,8,10,1,110,5,2,3,1,2,31555,M,,,31
200800057765,8,10,1,1230,1,2,3,1,3,31555,M,,,31
200800057766,8,10,1,1430,1,2,1,1,2,31555,M,,,31
200800057767,8,10,1,1100,1,2,1,1,6,31555,M,,,31
200800057768,8,10,2,630,5,1,1,1,2,31555,M,,,31
200800057769,8,10,2,1030,1,2,1,1,3,31555,M,,,31
200800057770,8,10,2,2325,5,2,1,2,6,31555,M,,,31
200800057771,8,10,3,250,5,2,1,2,6,31555,M,,,31
200800057772,8,10,4,635,5,1,1,1,6,31555,M,,,31
200800057773,8,10,4,120,3,2,1,1,7,31555,M,,,31
200800057774,8,10,4,1600,1,2,1,1,3,31555,M,,,31
200800057775,8,10,5,130,5,2,1,1,3,31555,M,,,31
200800057776,8,10,5,1225,1,2,1,1,2,31555,M,,,31
200800057777,8,10,3,1710,1,2,1,1,6,31555,M,,,31
200800057778,8,10,5,2140,5,2,1,1,2,31555,M,,,31
200800057779,8,10,3,1052,1,2,1,1,6,31555,M,,,31
200800057780,8,10,6,1419,1,2,1,1,6,31555,M,,,31
200800057781,8,10,6,1630,1,2,1,1,6,31555,M,,,31
200800057782,8,10,6,2010,5,2,1,1,5,31555,M,,,31
200800057783,8,10,7,2130,5,2,1,1,3,31555,M,,,31
200800057784,8,10,8,1225,1,2,1,1,2,31555,M,,,31
200800057785,8,10,8,1340,1,2,2,1,5,31555,M,,,31
200800057786,8,10,8,2130,5,2,1,1,6,31555,M,,,31
200800057787,8,10,9,1325,1,2,3,1,3,31555,M,,,31
200800057788,8,10,9,1500,1,2,1,1,2,31555,M,,,31
200800057789,8,10,9,1950,5,2,1,1,6,31555,M,,,31
200800057790,8,10,10,25,5,2,2,1,3,31555,M,,,31
200800057791,8,10,10,450,4,2,1,1,7,31555,M,,,31
200800057792,8,10,10,530,3,2,1,1,6,31555,M,,,31
200800057793,8,10,10,1430,1,2,3,1,3,31555,M,,,31
200800057794,8,10,10,2330,5,2,1,1,3,31555,M,,,31
200800057795,8,10,11,250,5,2,1,1,3,31555,M,,,31
200800057796,8,10,11,2110,5,2,1,1,2,31555,M,,,31
200800057797,8,10,13,1510,1,2,1,1,6,31555,M,,,31
200800057798,8,10,13,1620,1,2,1,1,3,31555,M,,,31
200800057799,8,10,13,1140,1,2,3,1,3,31555,M,,,31
200800057800,8,10,14,721,2,2,1,1,3,31555,M,,,31
200800057801,8,10,14,916,1,1,1,1,3,31555,M,,,31
200800057802,8,10,14,2200,3,2,1,1,1,31555,M,,,31
200800057803,8,10,15,720,5,2,1,1,6,31555,M,,,31
200800057804,8,10,15,1000,1,2,1,8,6,31555,M,,,31
200800057805,8,10,15,2200,5,2,1,1,6,31555,M,,,31
200800057806,8,10,16,713,5,1,1,1,4,31555,M,,,31
200800057807,8,10,16,1714,1,2,3,1,3,31555,M,,,31
200800057808,8,10,16,815,1,2,1,1,3,31555,M,,,31
200800057809,8,10,17,1610,1,2,1,1,4,31555,M,,,31
200800057810,8,10,17,1930,5,2,3,1,3,31555,M,,,31
200800057811,8,10,17,2015,5,2,1,1,3,31555,M,,,31
200800057812,8,10,17,1650,1,2,1,1,6,31555,M,,,31
200800057813,8,10,18,135,5,1,1,1,2,31555,M,,,31
200800057814,8,10,18,140,5,2,1,1,4,31555,M,,,31
200800057815,8,10,18,1836,2,2,1,1,3,31555,M,,,31
200800057816,8,10,18,2000,5,2,1,1,7,31555,M,,,31
200800057817,8,10,20,1845,2,2,1,1,3,31555,M,,,31
200800057818,8,10,20,1905,1,2,6,1,3,31555,M,,,31
200800057819,8,10,20,1800,1,2,1,1,3,31555,M,,,31
200800057820,8,10,20,1805,1,2,1,1,3,31555,M,,,31
200800057821,8,10,16,735,2,1,1,1,6,31069,M,,,31
200800057822,8,10,19,900,1,1,1,1,3,31555,M,,,31
200800057823,8,10,21,800,1,1,1,1,4,31555,M,,,31
200800057824,8,10,21,1930,5,2,3,1,3,31555,M,,,31
200800057825,8,10,21,2008,5,2,1,1,2,31555,M,,,31
200800057826,8,10,22,745,5,2,3,2,2,31555,M,,,31
200800057827,8,10,22,930,2,1,1,2,4,31555,M,,,31
200800057828,8,10,11,220,5,2,1,1,6,31555,M,,,31
200800057829,8,10,19,1910,5,2,2,1,3,31555,M,,,31
200800057830,8,10,23,1710,1,2,1,1,6,31555,M,,,31
200800057831,8,10,23,1750,1,2,1,1,2,31555,M,,,31
200800057832,8,10,24,215,5,2,3,1,3,31555,M,,,31
200800057833,8,10,24,730,2,2,2,1,1,31555,M,,,31
200800057834,8,10,24,1640,1,2,1,1,2,31555,M,,,31
200800057835,8,10,24,1641,1,2,1,1,6,31555,M,,,31
200800057836,8,10,24,2035,5,2,1,1,2,31555,M,,,31
200800057837,8,10,25,2310,5,2,1,1,3,31555,M,,,31
200800057838,8,10,27,300,5,2,1,3,6,31555,M,,,31
200800057839,8,10,27,1450,1,2,1,8,2,31555,M,,,31
200800057840,8,10,27,1657,1,2,1,2,1,31555,M,,,31
200800057841,8,10,27,1805,5,1,1,2,4,31555,M,,,31
200800057842,8,10,27,1920,5,2,3,2,6,31555,M,,,31
200800057843,8,10,27,1921,5,2,2,3,6,31555,M,,,31
200800057844,8,10,28,1150,1,2,1,2,2,31555,M,,,31
200800057845,8,10,29,1405,1,2,2,1,3,31555,M,,,31
200800057846,8,10,29,2125,5,2,2,2,1,31555,M,,,31
200800057847,8,10,30,1745,2,1,1,1,4,31555,M,,,31
200800057848,8,10,30,1920,5,2,1,1,6,31555,M,,,31
200800057849,8,10,30,2000,5,2,1,1,6,31555,M,,,31
200800057850,8,10,31,1140,1,2,2,1,6,31555,M,,,31
200800057851,8,10,31,754,1,2,1,1,2,31555,M,,,31
200800057852,8,10,31,950,1,2,1,1,6,31555,M,,,31
200800057853,8,10,31,1430,1,2,1,1,3,31555,M,,,31
200800057854,8,10,31,1745,5,2,1,1,1,31555,M,,,31
200800057855,8,10,27,1940,5,1,1,2,4,31555,M,,,31
200800057856,8,10,1,1220,1,1,1,1,4,31557,M,,,31
200800057857,8,10,5,830,1,2,6,1,2,31557,M,,,31
200800057858,8,10,7,10,5,1,1,1,6,31557,M,,,31
200800057859,8,10,20,750,2,2,1,1,6,31557,M,,,31
200800057860,8,10,24,1630,1,2,1,1,3,31557,M,,,31
200800057861,8,10,27,930,1,2,1,1,6,32013,M,,,32
200800057862,8,10,19,740,5,1,1,1,3,33529,M,,,33
200800057863,8,10,26,630,3,1,1,1,6,33529,M,,,33
200800057864,8,10,26,1255,1,2,1,1,7,33529,M,,,33
200800057865,8,10,28,2140,5,1,9,1,3,33529,M,,,33
200800057866,8,10,11,1600,1,2,1,1,3,33529,M,,,33
200800057867,8,10,2,1550,1,2,3,1,6,33063,M,,,33
200800057868,8,10,3,950,1,2,2,2,3,33063,M,,,33
200800057869,8,10,3,1720,1,2,3,1,3,33063,M,,,33
200800057870,8,10,4,2130,5,2,2,1,3,33063,M,,,33
200800057871,8,10,4,1715,1,2,1,1,6,33318,M,,,33
200800057872,8,10,6,1350,1,2,1,1,3,33063,M,,,33
200800057873,8,10,6,920,1,2,3,1,3,33063,M,,,33
200800057874,8,10,1,1220,1,2,3,1,3,33281,M,,,33
200800057875,8,10,2,855,1,2,1,1,6,33281,M,,,33
200800057876,8,10,6,1000,1,2,1,1,6,33522,M,,,33
200800057877,8,10,7,800,1,2,1,1,3,33063,M,,,33
200800057878,8,10,7,2050,5,2,1,3,2,33063,M,,,33
200800057879,8,10,8,1103,1,2,2,1,3,33063,M,,,33
200800057880,8,10,8,2220,5,2,2,1,1,33063,M,,,33
200800057881,8,10,9,545,5,2,2,1,3,33063,M,,,33
200800057882,8,10,3,855,1,2,3,2,3,33522,M,,,33
200800057883,8,10,3,1700,1,2,1,1,3,33069,M,,,33
200800057884,8,10,3,1335,1,2,1,1,2,33039,M,,,33
200800057885,8,10,2,2205,5,2,1,8,3,33281,M,,,33
200800057886,8,10,9,2045,5,2,2,1,3,33063,M,,,33
200800057887,8,10,8,900,1,2,1,1,6,33063,M,,,33
200800057888,8,10,4,2014,5,2,2,1,3,33063,M,,,33
200800057889,8,10,4,210,5,2,3,1,1,33318,M,,,33
200800057890,8,10,5,412,1,2,2,1,3,33318,M,,,33
200800057891,8,10,6,1427,1,2,1,1,2,33281,M,,,33
200800057892,8,10,7,1705,1,2,1,2,3,33281,M,,,33
200800057893,8,10,6,750,1,2,1,1,2,33550,M,,,33
200800057894,8,10,11,1850,2,2,1,1,6,33063,M,,,33
200800057895,8,10,10,1330,1,2,1,1,3,33063,M,,,33
200800057896,8,10,12,400,5,2,1,1,6,33063,M,,,33
200800057897,8,10,12,140,5,2,2,1,3,33063,M,,,33
200800057898,8,10,10,1834,1,2,1,1,3,33318,M,,,33