Num_Acc,an,mois,jour,hrmn,lum,agg,int,atm,col,com,gps,lat,long,dep
200800057899,8,10,9,830,1,2,1,1,2,33281,M,,,33
200800057900,8,10,14,900,1,2,1,8,3,33063,M,,,33
200800057901,8,10,13,1500,1,2,1,1,2,33063,M,,,33
200800057902,8,10,14,2035,5,2,2,1,3,33119,M,,,33
200800057903,8,10,11,945,1,2,3,1,1,33281,M,,,33
200800057904,8,10,11,1355,1,2,1,1,3,33281,M,,,33
200800057905,8,10,11,830,2,2,3,1,3,33281,M,,,33
200800057906,8,10,9,1610,1,2,1,1,3,33039,M,,,33
200800057907,8,10,12,1620,1,2,1,1,2,33119,M,,,33
200800057908,8,10,8,1305,1,2,4,1,3,33281,M,,,33
200800057909,8,10,15,1730,1,2,1,1,3,33063,M,,,33
200800057910,8,10,9,1752,1,2,1,1,3,33550,M,,,33
200800057911,8,10,15,1010,1,2,1,8,2,33063,M,,,33
200800057912,8,10,16,1745,1,2,2,1,7,33063,M,,,33
200800057913,8,10,16,1215,1,2,2,1,3,33063,M,,,33
200800057914,8,10,13,1325,1,2,2,1,3,33522,M,,,33
200800057915,8,10,14,2357,5,2,1,1,6,33281,M,,,33
200800057916,8,10,13,1900,1,2,7,1,6,33281,M,,,33
200800057917,8,10,13,2210,5,2,3,1,6,33192,M,,,33
200800057918,8,10,17,1500,1,2,1,1,6,33063,M,,,33
200800057919,8,10,16,915,1,2,1,3,2,33063,M,,,33
200800057920,8,10,17,1309,1,2,1,1,6,33063,M,,,33
200800057921,8,10,19,1345,1,2,1,1,6,33063,M,,,33
200800057922,8,10,17,1630,1,2,1,1,3,33063,M,,,33
200800057923,8,10,18,140,5,2,1,1,3,33063,M,,,33
200800057924,8,10,17,1925,2,2,7,1,1,33063,M,,,33
200800057925,8,10,16,805,1,2,2,2,3,33063,M,,,33
200800057926,8,10,20,1015,1,2,1,1,3,33063,M,,,33
200800057927,8,10,20,1520,1,2,2,1,6,33063,M,,,33
200800057928,8,10,16,900,1,2,2,1,3,33318,M,,,33
200800057929,8,10,21,825,2,2,1,1,2,33063,M,,,33
200800057930,8,10,21,1550,1,2,2,2,3,33063,M,,,33
200800057931,8,10,21,1710,1,2,3,2,3,33063,M,,,33
200800057932,8,10,21,1620,1,2,2,2,3,33063,M,,,33
200800057933,8,10,22,815,1,2,1,1,3,33063,M,,,33
200800057934,8,10,22,1750,1,2,1,1,6,33063,M,,,33
200800057935,8,10,15,1940,5,2,2,1,3,33192,M,,,33
200800057936,8,10,16,719,5,2,4,1,3,33075,M,,,33
200800057937,8,10,11,1940,5,2,1,1,6,33281,M,,,33
200800057938,8,10,23,2130,5,2,2,1,6,33063,M,,,33
200800057939,8,10,20,1550,1,2,7,1,1,33281,M,,,33
200800057940,8,10,16,815,1,2,6,2,2,33281,M,,,33
200800057941,8,10,22,2120,5,2,1,1,2,33249,M,,,33
200800057942,8,10,25,1730,1,2,1,1,3,33063,M,,,33
200800057943,8,10,26,315,5,2,4,1,6,33063,M,,,33
200800057944,8,10,21,2015,5,2,1,2,6,33318,M,,,33
200800057945,8,10,25,1720,1,2,1,1,3,33063,M,,,33
200800057946,8,10,23,745,5,2,6,1,3,33119,M,,,33
200800057947,8,10,20,1255,1,2,2,1,3,33039,M,,,33
200800057948,8,10,26,1035,1,2,3,1,6,33318,M,,,33
200800057949,8,10,21,740,5,2,1,1,6,33249,M,,,33
200800057950,8,10,17,1310,1,2,1,1,3,33192,M,,,33
200800057951,8,10,25,1900,5,2,1,1,6,33249,M,,,33
200800057952,8,10,22,1635,1,2,3,1,3,33281,M,,,33
200800057953,8,10,28,810,1,2,1,1,2,33063,M,,,33
200800057954,8,10,26,1850,5,2,1,1,1,33281,M,,,33
200800057955,8,10,28,1605,1,2,2,1,3,33063,M,,,33
200800057956,8,10,23,1125,1,2,6,1,3,33550,M,,,33
200800057957,8,10,29,755,2,2,1,1,3,33063,M,,,33
200800057958,8,10,29,910,1,2,1,2,3,33063,M,,,33
200800057959,8,10,23,1539,1,2,1,1,6,33281,M,,,33
200800057960,8,10,23,1220,1,2,1,1,6,33069,M,,,33
200800057961,8,10,24,1720,1,2,1,1,1,33192,M,,,33
200800057962,8,10,31,210,5,2,1,8,6,33063,M,,,33
200800057963,8,10,31,1250,1,2,2,1,3,33063,M,,,33
200800057964,8,10,30,1100,1,2,2,3,3,33063,M,,,33
200800057965,8,10,31,1815,5,2,2,3,3,33063,M,,,33
200800057966,8,10,28,1030,1,2,1,1,5,33039,M,,,33
200800057967,8,10,21,1810,2,2,1,2,2,33192,M,,,33
200800057968,8,10,30,810,1,2,6,2,3,33318,M,,,33
200800057969,8,10,29,1432,1,2,1,1,6,33069,M,,,33
200800057970,8,10,31,1700,5,2,1,3,7,33281,M,,,33
200800057971,8,10,27,1830,5,2,2,2,3,33522,M,,,33
200800057972,8,10,31,1715,2,2,2,2,3,33550,M,,,33
200800057973,8,10,31,1300,1,2,1,1,1,33039,M,,,33
200800057974,8,10,31,1,5,2,1,3,7,33075,M,,,33
200800057975,8,10,30,2200,5,2,1,2,7,33069,M,,,33
200800057976,8,10,22,752,1,2,1,2,3,33243,M,,,33
200800057977,8,10,26,1815,2,2,2,1,3,33243,M,,,33
200800057978,8,10,28,1335,1,2,6,1,3,33243,M,,,33
200800057979,8,10,2,2005,3,1,1,1,6,34003,M,,,34
200800057980,8,10,6,445,5,2,1,1,6,34003,M,,,34
200800057981,8,10,2,900,2,2,1,7,7,34032,M,,,34
200800057982,8,10,2,1500,1,2,1,1,7,34032,M,,,34
200800057983,8,10,3,1505,1,1,6,1,7,34032,M,,,34
200800057984,8,10,4,1500,1,2,1,1,2,34032,M,,,34
200800057985,8,10,4,1615,1,2,2,1,1,34032,M,,,34
200800057986,8,10,4,2200,5,2,1,1,7,34032,M,,,34
200800057987,8,10,4,2350,5,2,2,1,3,34032,M,,,34
200800057988,8,10,7,1705,1,2,1,1,7,34032,M,,,34
200800057989,8,10,7,2120,5,2,1,2,7,34032,M,,,34
200800057990,8,10,10,1815,1,2,1,1,5,34032,M,,,34
200800057991,8,10,13,935,1,1,2,2,7,34032,M,,,34
200800057992,8,10,14,1600,1,2,1,1,7,34032,M,,,34
200800057993,8,10,16,800,1,2,1,1,7,34032,M,,,34
200800057994,8,10,16,2010,2,2,1,1,7,34032,M,,,34
200800057995,8,10,17,855,1,1,1,1,2,34032,M,,,34
200800057996,8,10,18,330,5,2,1,1,7,34336,M,,,34
200800057997,8,10,20,1715,1,1,4,1,2,34032,M,,,34
200800057998,8,10,20,2020,5,2,1,1,1,34032,M,,,34
200800057999,8,10,22,1230,1,2,2,1,3,34032,M,,,34
200800058000,8,10,23,1127,1,2,1,1,7,34032,M,,,34
200800058001,8,10,23,1340,1,2,6,1,2,34032,M,,,34
200800058002,8,10,23,1405,1,2,1,1,3,34032,M,,,34
200800058003,8,10,23,2225,5,2,1,2,2,34032,M,,,34
200800058004,8,10,27,1245,1,2,1,2,7,34032,M,,,34
200800058005,8,10,27,2157,3,2,1,2,7,34032,M,,,34
200800058006,8,10,28,315,3,2,1,2,7,34032,M,,,34
200800058007,8,10,30,1905,3,1,2,1,3,34032,M,,,34
200800058008,8,10,1,750,1,2,1,1,6,34172,M,4360759.0,386994.0,34
200800058009,8,10,1,1755,1,2,1,1,3,34172,M,,,34
200800058010,8,10,3,545,3,2,1,1,6,34172,M,4359277.0,390661.0,34
200800058011,8,10,3,1215,1,2,1,1,2,34172,M,,,34
200800058012,8,10,3,900,1,2,1,1,6,34172,M,,,34
200800058013,8,10,2,1700,1,2,2,1,3,34172,M,,,34
200800058014,8,10,3,1340,1,2,3,1,3,34172,M,4360625.0,386372.0,34
200800058015,8,10,3,1600,1,2,1,1,6,34172,M,4361101.0,384752.0,34
200800058016,8,10,4,458,5,2,3,1,3,34172,M,4300000.0,0.0,34
200800058017,8,10,4,1742,1,2,1,1,5,34129,M,4358096.0,393181.0,34
200800058018,8,10,5,830,1,2,1,1,7,34172,M,4361449.0,387990.0,34
200800058019,8,10,6,231,5,2,1,1,3,34172,M,,,34
200800058020,8,10,3,1230,1,2,1,1,3,34172,M,,,34
200800058021,8,10,6,1630,1,2,2,1,3,34172,M,4360625.0,383725.0,34
200800058022,8,10,6,1805,1,1,1,1,2,34198,M,,,34
200800058023,8,10,6,2135,5,2,1,1,3,34172,M,,,34
200800058024,8,10,8,840,1,2,6,2,3,34129,M,,,34
200800058025,8,10,8,1500,1,2,1,2,7,34172,M,,,34
200800058026,8,10,9,2130,5,2,1,1,6,34172,M,4362877.0,381867.0,34
200800058027,8,10,8,1515,1,2,1,2,2,34172,M,4357512.0,385933.0,34
200800058028,8,10,10,1609,1,2,1,1,6,34172,M,4358866.0,386564.0,34
200800058029,8,10,10,1900,2,2,1,1,2,34172,M,,,34
200800058030,8,10,11,326,5,2,2,1,3,34172,M,4360705.0,389040.0,34
200800058031,8,10,14,850,1,2,1,1,3,34172,M,4363128.0,384041.0,34
200800058032,8,10,4,1200,1,2,1,1,7,34172,M,4359305.0,388563.0,34
200800058033,8,10,9,1910,5,2,1,1,2,34172,M,4360268.0,390062.0,34
200800058034,8,10,15,1015,1,2,1,1,7,34172,M,4357533.0,386941.0,34
200800058035,8,10,15,1145,1,2,1,1,6,34172,M,,,34
200800058036,8,10,15,2142,5,2,1,1,1,34172,M,,,34
200800058037,8,10,15,2035,5,2,1,1,3,34172,M,4360923.0,389445.0,34
200800058038,8,10,15,1540,1,2,2,1,3,34172,M,4361864.0,389353.0,34
200800058039,8,10,14,1735,1,2,1,1,3,34172,M,,,34
200800058040,8,10,14,2010,3,1,1,1,7,34198,M,4357799.0,394686.0,34
200800058041,8,10,9,1700,1,2,9,1,3,34172,M,,,34
200800058042,8,10,16,2104,5,2,1,1,3,34172,M,,,34
200800058043,8,10,16,2246,5,2,2,1,6,34172,M,4361437.0,391491.0,34
200800058044,8,10,17,1335,1,2,1,1,5,34172,M,4361459.0,383508.0,34
200800058045,8,10,18,545,5,2,1,1,6,34172,M,,,34
200800058046,8,10,19,445,5,2,3,1,3,34172,M,4361477.0,383449.0,34
200800058047,8,10,19,820,1,2,1,1,2,34172,M,,,34
200800058048,8,10,20,1250,1,2,1,2,7,34172,M,4360590.0,387332.0,34
200800058049,8,10,16,1025,1,2,3,1,3,34172,M,4360233.0,387024.0,34
200800058050,8,10,21,150,5,2,1,8,6,34172,M,,,34
200800058051,8,10,20,1440,1,2,1,1,2,34198,M,4356122.0,395611.0,34
200800058052,8,10,21,1725,1,2,1,8,2,34172,M,,,34
200800058053,8,10,22,1935,3,1,1,8,7,34198,M,4357380.0,395315.0,34
200800058054,8,10,24,155,3,1,1,1,3,34129,M,,,34
200800058055,8,10,24,715,3,1,1,1,6,34129,M,,,34
200800058056,8,10,25,700,5,2,1,1,3,34172,M,4360323.0,385585.0,34
200800058057,8,10,25,1420,1,2,1,1,2,34129,M,4358327.0,392429.0,34
200800058058,8,10,28,910,1,2,1,2,7,34172,M,4362708.0,387298.0,34
200800058059,8,10,28,1340,1,1,1,8,7,34198,M,4356731.0,395690.0,34
200800058060,8,10,28,1930,5,2,1,2,5,34172,M,4360756.0,387404.0,34
200800058061,8,10,29,244,5,2,2,8,3,34172,M,4361878.0,389365.0,34
200800058062,8,10,29,1245,1,2,1,8,6,34172,M,4362140.0,384815.0,34
200800058063,8,10,29,1827,5,2,1,8,6,34172,M,4360103.0,384995.0,34
200800058064,8,10,29,2100,5,2,1,1,3,34172,M,,,34
200800058065,8,10,25,1232,1,2,1,1,7,34129,M,4358103.0,389866.0,34
200800058066,8,10,30,1019,1,2,2,8,3,34172,M,4360897.0,389056.0,34
200800058067,8,10,30,1900,3,1,1,1,3,34129,M,,,34
200800058068,8,10,23,1040,1,2,3,3,7,34172,M,4358517.0,385999.0,34
200800058069,8,10,27,1357,1,2,1,1,3,34172,M,,,34
200800058070,8,10,4,2110,5,2,1,1,2,34301,M,,,34
200800058071,8,10,11,1015,1,2,3,1,3,34108,M,,,34
200800058072,8,10,14,1815,1,2,1,1,3,34108,M,,,34
200800058073,8,10,16,845,1,2,1,1,2,34108,M,,,34
200800058074,8,10,24,1530,1,2,3,1,3,34108,M,,,34
200800058075,8,10,24,1930,5,2,1,1,3,34301,M,,,34
200800058076,8,10,26,1500,1,2,2,1,3,34301,M,,,34
200800058077,8,10,26,1830,3,2,1,1,3,34108,M,,,34
200800058078,8,10,4,910,1,2,1,1,6,35115,M,,,35
200800058079,8,10,22,2140,5,2,1,1,6,35115,M,,,35
200800058080,8,10,1,1050,1,2,6,2,3,35055,M,,,35
200800058081,8,10,1,1240,1,2,9,8,3,35238,M,,,35
200800058082,8,10,1,1255,1,2,2,8,2,35238,M,,,35
200800058083,8,10,1,1530,1,2,1,1,6,35238,M,,,35
200800058084,8,10,2,1540,1,2,5,1,6,35238,M,,,35
200800058085,8,10,2,1730,1,2,1,1,6,35281,M,,,35
200800058086,8,10,2,1900,1,2,1,1,7,35238,M,,,35
200800058087,8,10,3,215,5,2,1,3,6,35238,M,,,35
200800058088,8,10,3,910,1,2,9,1,6,35238,M,,,35
200800058089,8,10,3,1135,1,2,1,3,6,35238,M,,,35
200800058090,8,10,3,1345,1,2,1,8,3,35281,M,,,35
200800058091,8,10,3,1330,1,2,9,8,2,35238,M,,,35
200800058092,8,10,3,2050,5,2,2,2,2,35238,M,,,35
200800058093,8,10,4,1930,1,1,9,2,2,35238,M,,,35
200800058094,8,10,4,2355,5,2,1,1,7,35238,M,,,35
200800058095,8,10,5,330,3,2,1,2,6,35238,M,,,35
200800058096,8,10,5,1940,2,2,1,1,7,35238,M,,,35
200800058097,8,10,5,1700,1,2,2,8,3,35238,M,,,35
200800058098,8,10,6,1520,1,2,3,1,3,35238,M,,,35
200800058099,8,10,8,740,3,1,1,1,7,35238,M,,,35
200800058100,8,10,8,1215,1,2,1,1,3,35238,M,,,35
200800058101,8,10,9,1520,1,2,1,1,2,35238,M,,,35
200800058102,8,10,9,1715,1,2,1,1,6,35281,M,,,35
200800058103,8,10,9,1740,1,2,9,1,3,35238,M,,,35
200800058104,8,10,9,2050,5,2,3,1,7,35238,M,,,35
200800058105,8,10,10,1025,1,2,1,1,6,35238,M,,,35
200800058106,8,10,10,2020,5,2,6,1,7,35281,M,,,35
200800058107,8,10,11,100,5,2,1,1,6,35238,M,,,35
200800058108,8,10,11,2100,5,2,1,1,7,35238,M,,,35
200800058109,8,10,13,1315,1,2,3,1,3,35238,M,,,35
200800058110,8,10,11,429,5,2,1,1,6,35238,M,,,35
200800058111,8,10,14,945,1,2,1,1,6,35238,M,,,35
200800058112,8,10,14,1147,1,2,1,1,6,35238,M,,,35
200800058113,8,10,14,1350,1,2,1,8,6,35238,M,,,35
200800058114,8,10,14,1820,1,2,2,1,6,35238,M,,,35
200800058115,8,10,14,1800,1,1,1,1,5,35238,M,,,35
200800058116,8,10,16,750,3,2,1,8,6,35238,M,,,35
200800058117,8,10,16,1250,1,2,6,1,6,35238,M,,,35
200800058118,8,10,17,845,1,2,3,1,6,35238,M,,,35
200800058119,8,10,17,1340,1,2,3,1,3,35238,M,,,35
200800058120,8,10,17,1950,5,2,2,1,7,35238,M,,,35
200800058121,8,10,18,540,5,2,1,1,6,35238,M,,,35
200800058122,8,10,18,1810,1,2,1,1,6,35238,M,,,35
200800058123,8,10,20,1935,3,2,9,3,6,35238,M,,,35
200800058124,8,10,20,2030,3,1,1,2,4,35238,M,,,35
200800058125,8,10,22,755,5,2,2,1,6,35238,M,,,35
200800058126,8,10,22,1020,1,2,2,1,3,35238,M,,,35
200800058127,8,10,22,1305,1,2,2,1,3,35238,M,,,35
200800058128,8,10,23,1220,1,1,9,7,3,35055,M,,,35
200800058129,8,10,24,410,5,2,1,1,6,35238,M,,,35
200800058130,8,10,24,1225,1,2,6,2,3,35055,M,,,35
200800058131,8,10,24,1300,1,2,9,2,6,35238,M,,,35
200800058132,8,10,24,1940,1,2,1,2,6,35238,M,,,35
200800058133,8,10,24,2200,5,2,9,1,6,35238,M,,,35
200800058134,8,10,27,845,1,2,1,7,4,35238,M,,,35
200800058135,8,10,27,1850,3,1,1,2,4,35278,M,,,35
200800058136,8,10,28,1815,5,2,1,1,6,35238,M,,,35
200800058137,8,10,29,1805,5,2,3,1,6,35238,M,,,35
200800058138,8,10,29,1820,4,2,2,1,6,35238,M,,,35
200800058139,8,10,29,1855,5,2,5,1,6,35238,M,,,35
200800058140,8,10,29,1750,3,2,1,1,6,35238,M,,,35
200800058141,8,10,31,655,1,2,1,2,6,35281,M,,,35
200800058142,8,10,8,1720,1,2,1,1,3,35288,M,,,35
200800058143,8,10,11,1950,5,2,2,1,1,35288,M,,,35
200800058144,8,10,14,1130,1,2,1,1,2,35288,M,,,35
200800058145,8,10,16,1305,1,2,3,1,6,35288,M,,,35
200800058146,8,10,28,1706,1,2,1,3,7,35288,M,,,35
200800058147,8,10,28,1500,1,1,6,3,3,35241,M,,,35
200800058148,8,10,21,1630,1,1,1,8,1,36202,M,,,36
200800058149,8,10,22,920,1,2,1,2,7,36044,M,,,36
200800058150,8,10,22,1710,1,1,1,1,6,36202,M,,,36
200800058151,8,10,23,1845,2,1,1,1,6,36044,M,,,36
200800058152,8,10,3,316,5,2,1,1,6,36044,M,,,36
200800058153,8,10,3,2110,5,1,1,2,1,36202,M,,,36
200800058154,8,10,7,900,1,2,6,1,6,36044,M,,,36
200800058155,8,10,7,2002,1,2,2,1,3,36044,M,,,36
200800058156,8,10,9,1510,1,2,1,1,6,36044,M,,,36
200800058157,8,10,10,900,1,2,1,1,6,36044,M,,,36
200800058158,8,10,11,1904,1,2,1,1,6,36044,M,,,36
200800058159,8,10,20,745,1,1,1,1,6,36202,M,,,36
200800058160,8,10,22,756,2,2,3,2,3,36044,M,,,36
200800058161,8,10,27,902,1,2,1,2,1,36044,M,,,36
200800058162,8,10,31,1149,1,2,1,2,2,36044,M,,,36
200800058163,8,10,31,1940,1,2,3,2,3,36044,M,,,36
200800058164,8,10,13,2055,5,2,2,1,3,37261,M,,,37
200800058165,8,10,8,1220,1,2,1,1,6,37122,M,,,37
200800058166,8,10,11,1525,1,2,1,1,3,37261,M,,,37
200800058167,8,10,12,1750,1,2,1,1,3,37233,M,,,37
200800058168,8,10,20,1830,2,2,2,1,3,37261,M,,,37
200800058169,8,10,9,1745,1,2,1,1,7,37261,M,,,37
200800058170,8,10,28,1115,1,2,1,1,6,38053,M,,,38
200800058171,8,10,1,825,1,2,1,1,6,38185,M,,,38
200800058172,8,10,1,1735,1,2,1,1,3,38185,M,,,38
200800058173,8,10,3,910,1,2,1,1,3,38185,M,,,38
200800058174,8,10,4,1120,1,2,1,1,3,38151,M,,,38
200800058175,8,10,5,847,1,2,1,1,3,38185,M,,,38
200800058176,8,10,7,1415,1,2,1,1,4,38185,M,,,38
200800058177,8,10,10,810,1,2,1,1,3,38421,M,,,38
200800058178,8,10,10,1615,1,1,1,1,4,38185,M,,,38
200800058179,8,10,10,1928,5,2,1,1,4,38185,M,,,38
200800058180,8,10,11,1510,1,2,1,1,1,38169,M,,,38
200800058181,8,10,13,910,1,2,1,8,3,38185,M,,,38
200800058182,8,10,13,1820,1,2,1,1,6,38185,M,,,38
200800058183,8,10,14,1330,1,2,1,1,2,38185,M,,,38
200800058184,8,10,15,915,1,2,1,1,2,38185,M,,,38
200800058185,8,10,16,1505,1,2,1,1,6,38421,M,,,38
200800058186,8,10,17,1545,1,2,1,1,6,38185,M,,,38
200800058187,8,10,18,1120,1,2,1,1,3,38185,M,,,38
200800058188,8,10,21,1800,1,2,1,1,3,38185,M,,,38
200800058189,8,10,22,720,1,2,1,2,3,38169,M,,,38
200800058190,8,10,22,1635,1,1,1,2,4,38185,M,,,38
200800058191,8,10,25,1820,1,2,1,1,6,38185,M,,,38
200800058192,8,10,30,815,1,2,1,1,2,38185,M,,,38
200800058193,8,10,30,1310,1,2,1,1,3,38421,M,,,38
200800058194,8,10,6,1655,1,2,1,1,6,38544,M,,,38
200800058195,8,10,2,1745,1,2,1,1,6,38563,M,,,38
200800058196,8,10,3,2335,5,1,6,2,2,38563,M,,,38
200800058197,8,10,18,740,2,2,1,1,3,38563,M,,,38
200800058198,8,10,22,700,5,2,1,2,1,38563,M,,,38
200800058199,8,10,1,1805,1,2,1,1,7,39300,M,,,39
200800058200,8,10,7,1712,5,2,1,1,6,39300,M,,,39
200800058201,8,10,2,810,2,2,1,2,3,40088,M,,,40
200800058202,8,10,2,1320,1,2,2,2,3,40088,M,,,40
200800058203,8,10,8,1000,1,2,1,2,2,40088,M,,,40
200800058204,8,10,13,730,5,2,1,1,3,40279,M,,,40
200800058205,8,10,24,1620,1,1,1,1,3,40279,M,,,40
200800058206,8,10,17,2320,5,1,6,1,7,40281,M,,,40
200800058207,8,10,2,1227,1,2,1,1,2,41018,M,,,41
200800058208,8,10,2,1354,1,2,1,1,4,41018,M,,,41
200800058209,8,10,4,1126,1,2,1,1,3,41018,M,,,41
200800058210,8,10,7,925,1,2,3,1,3,41018,M,,,41
200800058211,8,10,9,1230,1,2,1,1,3,41018,M,,,41
200800058212,8,10,9,1640,1,2,1,1,6,41018,M,,,41
200800058213,8,10,15,2025,5,2,1,2,1,41018,M,,,41
200800058214,8,10,15,1558,1,2,1,2,3,41018,M,,,41
200800058215,8,10,17,940,1,2,3,1,3,41018,M,,,41
200800058216,8,10,20,1351,1,2,1,1,2,41018,M,,,41
200800058217,8,10,25,1215,1,2,1,1,3,41047,M,,,41
200800058218,8,10,28,1420,1,2,1,1,3,41212,M,,,41
200800058219,8,10,30,1530,1,2,1,8,2,41018,M,,,41
200800058220,8,10,30,2330,5,2,1,2,3,41018,M,,,41
200800058221,8,10,30,958,1,2,1,4,2,41018,M,,,41
200800058222,8,10,8,1745,1,2,1,1,2,41269,M,,,41
200800058223,8,10,18,445,3,1,1,1,7,41158,M,,,41
200800058224,8,10,17,720,5,2,2,5,3,41269,M,,,41
200800058225,8,10,17,1502,1,2,1,1,2,41269,M,,,41
200800058226,8,10,4,1850,1,2,1,1,6,42316,M,4541211.0,428585.0,42
200800058227,8,10,18,1725,1,2,1,1,2,42316,M,4540994.0,429468.0,42
200800058228,8,10,7,1900,1,2,6,1,3,42147,M,4560913.0,405503.0,42
200800058229,8,10,10,740,5,2,2,1,3,42147,M,4661198.0,405546.0,42
200800058230,8,10,17,1510,1,1,2,1,6,42299,M,4560656.0,498400.0,42
200800058231,8,10,27,1350,1,2,1,2,4,42147,M,4560567.0,406412.0,42
200800058232,8,10,31,1350,1,2,1,8,6,42123,M,,,42
200800058233,8,10,1,855,1,2,1,1,3,42187,M,,,42
200800058234,8,10,3,1220,1,2,1,1,3,42187,M,,,42
200800058235,8,10,6,1705,2,2,6,1,3,42184,M,,,42
200800058236,8,10,9,815,1,2,2,1,2,42187,M,,,42
200800058237,8,10,11,2110,3,1,3,1,3,42170,M,,,42
200800058238,8,10,11,1405,1,2,1,1,3,42187,M,,,42
200800058239,8,10,9,1310,1,2,2,1,3,42071,M,,,42
200800058240,8,10,9,1515,1,2,3,1,3,42187,M,,,42
200800058241,8,10,15,1150,1,2,1,1,6,42187,M,,,42
200800058242,8,10,17,1217,1,2,3,1,2,42127,M,,,42
200800058243,8,10,17,2000,5,2,1,1,3,42187,M,,,42
200800058244,8,10,20,2120,5,2,6,1,3,42187,M,,,42
200800058245,8,10,22,1450,1,2,1,1,6,42071,M,,,42
200800058246,8,10,23,1825,1,2,3,1,3,42187,M,,,42
200800058247,8,10,24,1950,5,2,1,1,2,42071,M,,,42
200800058248,8,10,28,1645,1,2,1,1,3,42187,M,,,42
200800058249,8,10,28,1825,5,2,1,1,3,42184,M,,,42
200800058250,8,10,29,2105,5,2,1,1,6,42187,M,,,42
200800058251,8,10,30,1815,5,2,1,1,3,42187,M,,,42
200800058252,8,10,31,1745,1,2,1,1,6,42187,M,,,42
200800058253,8,10,2,1205,1,2,1,1,6,42218,M,4543918.0,440574.0,42
200800058254,8,10,3,1215,1,2,2,1,6,42305,M,,,42
200800058255,8,10,3,1325,1,2,7,1,6,42218,M,,,42
200800058256,8,10,4,1031,1,2,7,1,7,42218,M,,,42
200800058257,8,10,4,1720,1,2,1,7,2,42237,M,,,42
200800058258,8,10,5,30,3,2,1,1,6,42218,M,,,42
200800058259,8,10,7,1101,1,2,7,1,6,42218,M,,,42
200800058260,8,10,7,1140,1,2,3,1,1,42218,M,,,42
200800058261,8,10,7,1530,1,2,3,1,3,42218,M,,,42
200800058262,8,10,7,1859,2,2,3,1,6,42218,M,,,42
200800058263,8,10,8,748,1,2,3,2,3,42218,M,,,42
200800058264,8,10,8,1144,1,2,3,2,6,42218,M,,,42
200800058265,8,10,3,1000,1,2,1,1,2,42218,M,,,42
200800058266,8,10,8,1649,1,2,1,3,6,42218,M,,,42
200800058267,8,10,8,1927,5,2,1,3,6,42218,M,,,42
200800058268,8,10,8,2210,5,2,3,2,3,42218,M,,,42
200800058269,8,10,9,1620,1,1,1,1,6,42189,M,,,42
200800058270,8,10,12,1627,1,2,1,1,2,42218,M,,,42
200800058271,8,10,11,1810,1,2,1,1,6,42218,M,,,42
200800058272,8,10,13,1637,1,2,1,1,2,42218,M,,,42
200800058273,8,10,14,1700,1,2,2,1,2,42218,M,,,42
200800058274,8,10,14,2213,5,2,3,1,3,42218,M,,,42
200800058275,8,10,15,845,1,2,3,8,6,42218,M,4542812.0,439276.0,42
200800058276,8,10,15,938,1,2,1,1,2,42218,M,,,42
200800058277,8,10,16,1445,1,2,1,8,1,42218,M,,,42
200800058278,8,10,17,1000,1,2,1,1,6,42218,M,,,42
200800058279,8,10,18,1350,1,2,2,1,3,42218,M,,,42
200800058280,8,10,20,1447,1,2,2,1,3,42218,M,4541590.0,441094.0,42
200800058281,8,10,22,1805,2,1,1,2,4,42330,M,,,42
200800058282,8,10,23,1713,1,2,2,1,3,42218,M,,,42
200800058283,8,10,24,1142,1,2,1,1,6,42218,M,,,42
200800058284,8,10,26,1040,1,2,2,1,3,42218,M,,,42
200800058285,8,10,27,1755,5,2,1,2,6,42218,M,4542054.0,441070.0,42
200800058286,8,10,28,1146,1,2,6,2,2,42218,M,,,42
200800058287,8,10,29,1615,1,2,3,2,3,42218,M,,,42
200800058288,8,10,29,1840,5,2,1,2,6,42218,M,4525704.0,423936.0,42
200800058289,8,10,29,2318,5,2,1,2,2,42218,M,,,42
200800058290,8,10,30,1753,3,2,3,8,6,42189,M,4524970.0,418514.0,42
200800058291,8,10,30,2003,5,2,3,8,3,42218,M,,,42
200800058292,8,10,31,1808,5,2,3,2,6,42218,M,4526038.0,423270.0,42
200800058293,8,10,3,2335,3,1,1,1,1,44132,M,,,44
200800058294,8,10,7,1200,1,2,1,1,6,44055,M,,,44
200800058295,8,10,10,1600,1,2,1,1,7,44132,M,,,44
200800058296,8,10,3,1845,1,2,1,1,6,44055,M,,,44
200800058297,8,10,28,1740,1,2,1,1,3,44135,M,,,44
200800058298,8,10,30,1500,1,2,6,1,3,44055,M,,,44
200800058299,8,10,1,1250,1,2,3,1,6,44109,M,,,44
200800058300,8,10,1,2000,5,2,1,1,3,44109,M,,,44
200800058301,8,10,2,1900,1,2,2,1,6,44109,M,,,44