Num_Acc,an,mois,jour,hrmn,lum,agg,int,atm,col,com,gps,lat,long,dep
200800058302,8,10,2,1720,1,2,1,1,6,44109,M,,,44
200800058303,8,10,3,905,1,2,1,1,2,44109,M,,,44
200800058304,8,10,13,1800,1,2,1,1,6,44109,M,,,44
200800058305,8,10,3,855,1,2,1,1,6,44109,M,,,44
200800058306,8,10,8,905,1,2,1,1,3,44109,M,,,44
200800058307,8,10,6,2340,5,2,1,2,6,44109,M,,,44
200800058308,8,10,5,135,5,2,1,1,5,44143,M,,,44
200800058309,8,10,7,905,2,2,1,8,6,44109,M,,,44
200800058310,8,10,7,1225,1,2,1,2,3,44109,M,,,44
200800058311,8,10,9,550,5,2,2,1,3,44109,M,,,44
200800058312,8,10,10,20,5,2,1,1,6,44109,M,,,44
200800058313,8,10,9,1715,1,1,1,1,6,44109,M,,,44
200800058314,8,10,12,600,5,1,1,1,7,44109,M,,,44
200800058315,8,10,9,735,5,2,1,1,6,44143,M,,,44
200800058316,8,10,14,105,5,2,1,1,6,44109,M,,,44
200800058317,8,10,8,1535,1,2,1,1,6,44143,M,,,44
200800058318,8,10,10,1950,5,2,1,1,2,44109,M,,,44
200800058319,8,10,4,2100,5,2,1,1,1,44109,M,,,44
200800058320,8,10,10,1020,1,2,1,1,6,44162,M,,,44
200800058321,8,10,13,815,2,2,6,1,3,44109,M,,,44
200800058322,8,10,17,32,5,2,2,1,3,44109,M,,,44
200800058323,8,10,17,825,1,2,1,1,7,44109,M,,,44
200800058324,8,10,17,1940,5,2,1,1,3,44109,M,,,44
200800058325,8,10,19,1825,1,2,1,1,1,44143,M,,,44
200800058326,8,10,17,1725,1,2,1,1,3,44114,M,,,44
200800058327,8,10,18,1400,1,2,1,1,6,44109,M,,,44
200800058328,8,10,18,1910,2,2,1,1,3,44162,M,,,44
200800058329,8,10,17,730,2,2,1,1,6,44109,M,,,44
200800058330,8,10,17,2050,5,2,3,1,6,44109,M,,,44
200800058331,8,10,22,730,5,2,1,1,3,44162,M,,,44
200800058332,8,10,21,1805,1,2,3,1,3,44109,M,,,44
200800058333,8,10,22,1645,1,2,3,1,3,44109,M,,,44
200800058334,8,10,22,745,5,2,1,1,3,44109,M,,,44
200800058335,8,10,16,755,2,2,2,8,3,44109,M,,,44
200800058336,8,10,23,1500,1,2,1,1,6,44109,M,,,44
200800058337,8,10,21,1855,2,2,3,1,6,44109,M,,,44
200800058338,8,10,23,1300,1,2,1,1,6,44109,M,,,44
200800058339,8,10,22,1255,1,2,3,1,3,44109,M,,,44
200800058340,8,10,25,1744,1,2,6,1,3,44109,M,,,44
200800058341,8,10,25,310,5,2,1,1,6,44109,M,,,44
200800058342,8,10,26,1950,5,2,3,2,3,44109,M,,,44
200800058343,8,10,27,1530,1,2,3,1,3,44109,M,,,44
200800058344,8,10,26,1740,2,2,1,2,6,44109,M,,,44
200800058345,8,10,28,955,1,2,1,1,6,44143,M,,,44
200800058346,8,10,28,2200,5,2,7,1,3,44109,M,,,44
200800058347,8,10,28,1605,1,2,1,1,2,44109,M,,,44
200800058348,8,10,26,1920,3,1,1,2,7,44114,M,,,44
200800058349,8,10,31,1230,1,2,1,2,6,44109,M,,,44
200800058350,8,10,11,900,1,2,1,1,6,44143,M,,,44
200800058351,8,10,1,1855,1,2,1,1,7,44184,M,,,44
200800058352,8,10,1,1728,1,2,1,2,5,44184,M,,,44
200800058353,8,10,4,2000,5,2,5,1,3,44184,M,,,44
200800058354,8,10,13,705,5,2,2,1,2,44184,M,,,44
200800058355,8,10,13,910,1,2,1,1,2,44184,M,,,44
200800058356,8,10,15,1015,1,2,1,2,2,44184,M,,,44
200800058357,8,10,16,1210,1,2,1,1,2,44184,M,,,44
200800058358,8,10,17,1242,1,2,2,1,3,44184,M,,,44
200800058359,8,10,18,1600,1,2,1,1,6,44184,M,,,44
200800058360,8,10,18,1605,1,2,1,1,6,44184,M,,,44
200800058361,8,10,21,815,2,2,1,2,7,44184,M,,,44
200800058362,8,10,21,825,2,2,1,2,2,44184,M,,,44
200800058363,8,10,27,1450,1,2,1,1,3,44184,M,,,44
200800058364,8,10,21,1830,1,2,6,2,6,45068,M,,,45
200800058365,8,10,28,1835,3,2,1,9,2,45068,M,,,45
200800058366,8,10,1,2214,5,2,6,2,3,45234,M,,,45
200800058367,8,10,3,715,2,2,2,8,3,45286,M,,,45
200800058368,8,10,3,1615,1,2,2,2,3,45234,M,,,45
200800058369,8,10,3,1915,2,2,1,1,3,45234,M,,,45
200800058370,8,10,4,1435,1,2,3,1,3,45302,M,,,45
200800058371,8,10,5,441,5,1,1,1,1,45302,M,,,45
200800058372,8,10,9,2105,5,2,2,1,3,45234,M,,,45
200800058373,8,10,9,400,5,2,1,1,2,45234,M,,,45
200800058374,8,10,10,1300,1,2,1,1,6,45234,M,,,45
200800058375,8,10,10,1820,1,2,1,1,6,45234,M,,,45
200800058376,8,10,10,1827,1,2,1,1,6,45302,M,,,45
200800058377,8,10,10,2305,5,2,1,1,6,45284,M,,,45
200800058378,8,10,11,1,5,2,2,1,3,45234,M,,,45
200800058379,8,10,11,1505,1,2,1,1,2,45285,M,,,45
200800058380,8,10,12,220,5,2,6,1,6,45075,M,,,45
200800058381,8,10,15,1415,1,2,1,1,3,45234,M,,,45
200800058382,8,10,15,1745,1,2,1,1,3,45169,M,,,45
200800058383,8,10,16,1700,1,2,3,1,3,45234,M,,,45
200800058384,8,10,17,1742,1,2,2,1,3,45147,M,,,45
200800058385,8,10,22,1540,1,2,2,1,3,45274,M,,,45
200800058386,8,10,22,1720,1,2,2,2,6,45234,M,,,45
200800058387,8,10,23,1420,1,2,1,1,6,45234,M,,,45
200800058388,8,10,23,1247,1,2,1,1,6,45234,M,,,45
200800058389,8,10,28,1550,1,2,1,1,6,45234,M,,,45
200800058390,8,10,29,1320,1,2,2,1,3,45302,M,,,45
200800058391,8,10,29,2045,5,2,1,1,1,45286,M,,,45
200800058392,8,10,29,1320,1,2,2,1,1,45234,M,,,45
200800058393,8,10,31,742,2,2,1,3,3,45234,M,,,45
200800058394,8,10,5,2025,3,1,1,1,6,46042,M,,,46
200800058395,8,10,13,1720,1,2,2,1,3,46042,M,,,46
200800058396,8,10,15,1737,1,2,1,1,2,47001,M,,,47
200800058397,8,10,18,25,5,2,4,1,3,47001,M,,,47
200800058398,8,10,20,1337,1,2,1,1,3,48095,M,4452639.0,347632.0,48
200800058399,8,10,24,2017,5,2,1,1,1,48095,M,4452528.0,348613.0,48
200800058400,8,10,1,1356,1,2,2,1,3,49246,M,,,49
200800058401,8,10,1,1728,1,2,1,1,7,49007,M,,,49
200800058402,8,10,1,2147,2,2,1,1,3,49007,M,,,49
200800058403,8,10,4,1901,1,2,2,1,3,49007,M,,,49
200800058404,8,10,5,200,5,2,1,1,7,49246,M,,,49
200800058405,8,10,3,1413,1,2,7,2,7,49007,M,,,49
200800058406,8,10,5,2004,5,2,2,1,3,49007,M,,,49
200800058407,8,10,3,1655,1,2,1,1,3,49246,M,,,49
200800058408,8,10,6,1948,1,2,1,1,7,49007,M,,,49
200800058409,8,10,3,2150,5,2,1,1,3,49007,M,,,49
200800058410,8,10,7,1210,1,2,1,2,6,49007,M,,,49
200800058411,8,10,7,1450,1,1,1,2,7,49246,M,,,49
200800058412,8,10,7,1545,1,2,1,2,2,49007,M,,,49
200800058413,8,10,7,1810,1,2,1,2,6,49007,M,,,49
200800058414,8,10,8,1331,1,2,1,1,2,49007,M,,,49
200800058415,8,10,8,1843,1,2,1,1,6,49007,M,,,49
200800058416,8,10,8,2030,5,2,1,1,3,49007,M,,,49
200800058417,8,10,8,1113,1,2,1,1,3,49353,M,,,49
200800058418,8,10,9,937,1,2,6,1,3,49007,M,,,49
200800058419,8,10,9,1130,1,2,1,1,3,49007,M,,,49
200800058420,8,10,9,1255,1,2,1,1,3,49007,M,,,49
200800058421,8,10,10,1144,1,2,1,1,6,49007,M,,,49
200800058422,8,10,12,805,2,1,1,1,6,49007,M,,,49
200800058423,8,10,10,855,1,2,1,1,3,49007,M,,,49
200800058424,8,10,12,1311,1,1,1,1,7,49246,M,,,49
200800058425,8,10,10,1205,1,2,1,1,5,49007,M,,,49
200800058426,8,10,13,1719,1,2,1,1,6,49007,M,,,49
200800058427,8,10,15,1631,1,2,1,2,6,49007,M,,,49
200800058428,8,10,17,1650,1,2,1,1,6,49007,M,,,49
200800058429,8,10,18,305,5,2,1,1,7,49007,M,,,49
200800058430,8,10,18,120,5,2,1,1,7,49353,M,,,49
200800058431,8,10,18,1115,1,2,1,1,6,49007,M,,,49
200800058432,8,10,18,1540,1,2,3,1,5,49015,M,,,49
200800058433,8,10,20,1225,1,2,1,1,7,49007,M,,,49
200800058434,8,10,21,928,1,2,1,1,6,49007,M,,,49
200800058435,8,10,21,740,2,2,1,2,6,49353,M,,,49
200800058436,8,10,21,758,2,2,1,2,6,49007,M,,,49
200800058437,8,10,21,1920,2,2,1,9,3,49007,M,,,49
200800058438,8,10,22,2018,5,2,3,1,3,49007,M,,,49
200800058439,8,10,24,1344,1,2,1,1,6,49007,M,,,49
200800058440,8,10,24,1620,1,2,1,1,3,49007,M,,,49
200800058441,8,10,25,450,5,2,2,1,6,49007,M,,,49
200800058442,8,10,25,657,5,2,1,1,7,49246,M,,,49
200800058443,8,10,27,1604,1,2,1,1,3,49353,M,,,49
200800058444,8,10,27,1310,1,2,1,1,6,49007,M,,,49
200800058445,8,10,28,1925,5,2,2,1,3,49007,M,,,49
200800058446,8,10,23,1217,1,2,1,1,2,49007,M,,,49
200800058447,8,10,29,814,1,2,6,1,3,49007,M,,,49
200800058448,8,10,29,1144,1,2,2,1,3,49007,M,,,49
200800058449,8,10,23,1530,1,2,1,1,2,49007,M,,,49
200800058450,8,10,23,738,5,2,1,1,3,49246,M,,,49
200800058451,8,10,30,1805,5,2,2,2,3,49007,M,,,49
200800058452,8,10,30,1030,1,2,2,2,3,49015,M,,,49
200800058453,8,10,23,1057,1,2,2,1,3,49007,M,,,49
200800058454,8,10,31,1907,5,2,1,1,7,49007,M,,,49
200800058455,8,10,23,1235,1,2,1,1,6,49007,M,,,49
200800058456,8,10,2,800,1,2,1,1,4,49099,M,,,49
200800058457,8,10,4,1650,1,2,1,1,6,49099,M,,,49
200800058458,8,10,4,1720,1,2,1,1,6,49099,M,,,49
200800058459,8,10,9,730,1,2,1,1,6,49099,M,,,49
200800058460,8,10,12,145,4,2,1,1,6,49099,M,,,49
200800058461,8,10,16,755,5,2,1,1,6,49099,M,,,49
200800058462,8,10,18,140,4,2,2,1,3,49099,M,,,49
200800058463,8,10,18,1035,1,2,1,1,6,49099,M,,,49
200800058464,8,10,18,2225,5,2,1,1,3,49099,M,,,49
200800058465,8,10,30,2105,3,2,1,1,6,49099,M,,,49
200800058466,8,10,31,1915,5,2,2,8,3,49099,M,,,49
200800058467,8,10,6,1820,1,1,3,1,3,49328,M,,,49
200800058468,8,10,14,1700,1,2,1,1,2,49328,M,,,49
200800058469,8,10,24,2215,3,1,6,2,3,49328,M,,,49
200800058470,8,10,25,1705,1,2,6,1,3,49328,M,,,49
200800058471,8,10,28,955,1,2,1,1,2,49328,M,,,49
200800058472,8,10,1,750,2,2,2,2,2,50416,M,,,50
200800058473,8,10,1,1340,1,2,1,1,6,50129,M,,,50
200800058474,8,10,1,1430,1,2,1,1,3,50129,M,,,50
200800058475,8,10,2,1625,1,2,3,1,2,50129,M,,,50
200800058476,8,10,4,1815,1,2,3,2,2,50129,M,,,50
200800058477,8,10,4,2130,5,2,1,3,3,50129,M,,,50
200800058478,8,10,5,2220,5,2,3,1,3,50129,M,,,50
200800058479,8,10,6,800,1,2,1,2,2,50129,M,,,50
200800058480,8,10,7,1640,1,2,1,1,3,50129,M,,,50
200800058481,8,10,7,1955,5,2,2,2,3,50129,M,,,50
200800058482,8,10,8,750,1,2,1,1,3,50602,M,,,50
200800058483,8,10,9,1800,1,2,1,7,3,50129,M,,,50
200800058484,8,10,10,1930,2,2,1,1,7,50129,M,,,50
200800058485,8,10,13,1600,1,2,2,1,3,50602,M,,,50
200800058486,8,10,11,100,5,1,2,1,7,50602,M,,,50
200800058487,8,10,16,1720,1,2,1,7,3,50602,M,,,50
200800058488,8,10,18,2030,5,2,2,1,1,50602,M,,,50
200800058489,8,10,21,1255,1,2,1,1,2,50129,M,,,50
200800058490,8,10,25,1050,1,2,1,1,7,50173,M,,,50
200800058491,8,10,28,1105,1,2,2,1,3,50602,M,,,50
200800058492,8,10,28,1920,5,2,3,2,2,50602,M,,,50
200800058493,8,10,31,2300,5,1,1,2,6,50203,M,,,50
200800058494,8,10,8,1525,1,2,3,8,3,50147,M,,,50
200800058495,8,10,1,1845,1,1,1,2,3,50218,M,,,50
200800058496,8,10,1,810,1,1,1,2,2,50502,M,,,50
200800058497,8,10,13,755,2,1,2,2,1,50502,M,,,50
200800058498,8,10,10,1645,1,2,2,1,3,51506,M,,,51
200800058499,8,10,26,1902,3,1,1,1,2,51525,M,,,51
200800058500,8,10,11,310,5,2,1,5,7,51431,M,,,51
200800058501,8,10,24,950,1,2,1,1,7,51230,M,,,51
200800058502,8,10,1,1210,1,2,2,2,6,51454,M,,,51
200800058503,8,10,3,1700,1,2,1,1,6,51454,M,,,51
200800058504,8,10,6,740,2,2,1,8,4,51454,M,,,51
200800058505,8,10,8,1930,5,2,3,1,3,51454,M,,,51
200800058506,8,10,9,1800,1,2,3,1,3,51454,M,,,51
200800058507,8,10,18,1410,1,2,1,1,6,51454,M,,,51
200800058508,8,10,22,2020,5,2,2,1,3,51454,M,,,51
200800058509,8,10,26,1110,1,2,2,1,3,51172,M,,,51
200800058510,8,10,30,745,1,2,2,1,3,51454,M,,,51
200800058511,8,10,1,1020,1,2,3,2,6,52121,M,,,52
200800058512,8,10,2,1610,1,2,4,1,7,52121,M,,,52
200800058513,8,10,3,1745,1,2,1,2,2,52121,M,,,52
200800058514,8,10,10,900,1,2,1,1,4,52121,M,,,52
200800058515,8,10,11,1135,1,2,6,1,6,52121,M,,,52
200800058516,8,10,27,1350,1,1,1,2,1,52121,M,,,52
200800058517,8,10,31,1845,3,1,1,2,4,52121,M,,,52
200800058518,8,10,8,1215,1,2,1,1,6,52121,M,,,52
200800058519,8,10,17,1430,1,2,4,1,1,52121,M,,,52
200800058520,8,10,19,1725,1,1,4,1,3,52121,M,,,52
200800058521,8,10,31,30,5,2,1,2,6,52121,M,,,52
200800058522,8,10,1,2200,3,1,1,3,5,52448,M,,,52
200800058523,8,10,6,700,5,2,1,1,1,52448,M,,,52
200800058524,8,10,7,1340,1,2,3,1,3,52448,M,,,52
200800058525,8,10,13,1155,1,2,1,1,1,52448,M,,,52
200800058526,8,10,22,1635,1,2,1,1,4,52448,M,,,52
200800058527,8,10,24,915,1,2,1,7,6,52448,M,,,52
200800058528,8,10,24,1435,1,2,1,1,2,52448,M,,,52
200800058529,8,10,28,2210,5,2,1,1,7,52448,M,,,52
200800058530,8,10,20,730,2,2,3,1,6,53130,M,,,53
200800058531,8,10,17,1640,1,2,2,1,3,53130,M,,,53
200800058532,8,10,28,830,1,2,2,2,3,54263,M,,,54
200800058533,8,10,8,1127,1,1,1,2,6,54469,M,,,54
200800058534,8,10,11,1150,1,2,3,1,3,54159,M,,,54
200800058535,8,10,17,2006,5,2,1,1,6,54159,M,,,54
200800058536,8,10,27,1540,1,2,1,2,3,54159,M,,,54
200800058537,8,10,1,1005,1,2,1,1,6,54547,M,,,54
200800058538,8,10,1,1945,5,2,1,1,3,54547,M,,,54
200800058539,8,10,2,2325,5,2,1,1,6,54395,M,,,54
200800058540,8,10,3,1220,1,2,3,1,3,54395,M,,,54
200800058541,8,10,3,1600,1,2,1,1,2,54395,M,,,54
200800058542,8,10,3,1745,1,2,1,2,6,54395,M,,,54
200800058543,8,10,5,355,5,2,3,1,6,54339,M,,,54
200800058544,8,10,6,1015,1,2,2,2,3,54395,M,,,54
200800058545,8,10,6,915,1,2,1,2,6,54395,M,,,54
200800058546,8,10,10,2030,5,2,3,1,1,54395,M,,,54
200800058547,8,10,10,2303,5,1,3,1,2,54304,M,,,54
200800058548,8,10,13,740,1,2,3,1,1,54482,M,,,54
200800058549,8,10,13,1535,1,2,3,1,6,54274,M,,,54
200800058550,8,10,16,810,1,2,2,2,1,54357,M,,,54
200800058551,8,10,18,730,2,2,3,1,6,54547,M,,,54
200800058552,8,10,21,1342,1,2,3,1,6,54357,M,,,54
200800058553,8,10,20,1435,1,2,1,1,7,54395,M,,,54
200800058554,8,10,21,827,1,2,1,1,2,54395,M,,,54
200800058555,8,10,22,755,5,2,1,3,6,54578,M,,,54
200800058556,8,10,24,825,1,2,2,5,6,54395,M,,,54
200800058557,8,10,24,1000,1,2,1,5,6,54395,M,,,54
200800058558,8,10,24,1800,1,2,1,1,3,54482,M,,,54
200800058559,8,10,25,1500,1,2,1,1,3,54395,M,,,54
200800058560,8,10,25,1515,1,2,3,1,7,54547,M,,,54
200800058561,8,10,21,1430,1,2,1,1,6,54547,M,,,54
200800058562,8,10,27,830,1,2,1,3,6,54547,M,,,54
200800058563,8,10,27,1825,5,2,3,2,3,54395,M,,,54
200800058564,8,10,27,1700,5,2,1,1,2,54395,M,,,54
200800058565,8,10,29,20,5,2,1,1,6,54547,M,,,54
200800058566,8,10,29,1740,5,2,3,3,3,54578,M,,,54
200800058567,8,10,29,1928,5,2,2,2,3,54184,M,,,54
200800058568,8,10,30,800,1,2,1,1,3,54395,M,,,54
200800058569,8,10,31,1610,2,2,1,1,6,54395,M,,,54
200800058570,8,10,22,750,5,2,1,2,6,54079,M,,,54
200800058571,8,10,24,1647,1,2,1,1,6,54431,M,,,54
200800058572,8,10,8,1405,1,2,3,1,6,54174,M,,,54
200800058573,8,10,31,1815,5,2,1,8,7,54149,M,,,54
200800058574,8,10,4,1810,1,2,1,1,6,55476,M,,,55
200800058575,8,10,7,635,2,2,2,1,3,55029,M,,,55
200800058576,8,10,14,1815,1,2,3,1,6,55029,M,4846939.0,508888.0,55
200800058577,8,10,17,1040,1,2,1,1,2,55029,M,,,55
200800058578,8,10,23,945,1,1,1,1,3,55186,M,,,55
200800058579,8,10,24,745,2,2,1,1,6,55029,M,,,55
200800058580,8,10,24,1940,5,2,1,1,3,55029,M,,,55
200800058581,8,10,27,1425,1,2,1,2,5,55029,M,4846742.0,509752.0,55
200800058582,8,10,31,1455,1,2,1,1,6,55186,M,,,55
200800058583,8,10,4,1255,1,2,1,1,3,55545,M,,,55
200800058584,8,10,10,1400,1,2,6,7,3,55545,M,,,55
200800058585,8,10,11,2150,3,1,2,1,3,55545,M,,,55
200800058586,8,10,11,1915,5,2,1,1,7,55545,M,,,55
200800058587,8,10,12,520,5,2,6,1,7,55042,M,,,55
200800058588,8,10,12,246,3,1,1,1,7,55545,M,,,55
200800058589,8,10,14,1505,1,1,1,1,3,55043,M,,,55
200800058590,8,10,16,1500,1,2,1,1,7,55545,M,,,55
200800058591,8,10,18,1950,4,2,1,1,7,55545,M,,,55
200800058592,8,10,22,1445,1,2,1,1,7,55043,M,,,55
200800058593,8,10,29,1450,1,2,1,1,7,55545,M,,,55
200800058594,8,10,2,1210,1,2,1,1,6,56121,M,,,56
200800058595,8,10,6,1240,1,1,1,1,7,56098,M,,,56
200800058596,8,10,6,1805,1,1,1,1,7,56162,M,,,56
200800058597,8,10,7,750,1,2,1,2,4,56098,M,,,56
200800058598,8,10,7,853,1,2,3,2,2,56162,M,,,56
200800058599,8,10,7,940,1,1,1,2,7,56162,M,,,56
200800058600,8,10,10,955,1,2,1,7,6,56121,M,,,56
200800058601,8,10,12,1110,1,1,2,1,3,56107,M,,,56
200800058602,8,10,12,1920,1,2,2,1,3,56121,M,,,56
200800058603,8,10,13,805,1,2,6,2,3,56121,M,,,56
200800058604,8,10,13,847,1,2,2,8,3,56162,M,,,56
200800058605,8,10,16,805,1,2,1,8,7,56098,M,,,56
200800058606,8,10,16,830,1,2,1,8,5,56121,M,,,56
200800058607,8,10,17,1734,1,2,1,1,2,56098,M,,,56
200800058608,8,10,21,1508,1,2,2,1,6,56098,M,,,56
200800058609,8,10,22,1731,1,2,6,1,3,56098,M,,,56
200800058610,8,10,24,813,5,2,1,2,3,56083,M,,,56
200800058611,8,10,25,1420,1,2,1,1,7,56098,M,,,56
200800058612,8,10,27,635,5,2,2,2,3,56121,M,,,56
200800058613,8,10,27,1832,2,2,1,1,6,56121,M,,,56
200800058614,8,10,29,2340,5,2,1,3,6,56083,M,,,56
200800058615,8,10,30,810,1,2,1,2,6,56121,M,,,56
200800058616,8,10,30,1828,5,2,2,2,3,56098,M,,,56
200800058617,8,10,30,1832,2,2,1,1,7,56121,M,,,56
200800058618,8,10,31,1545,1,2,2,1,3,56121,M,,,56
200800058619,8,10,31,1956,5,2,6,1,7,56121,M,,,56
200800058620,8,10,6,500,5,2,1,1,6,56260,M,,,56
200800058621,8,10,8,1600,1,2,2,1,2,56260,M,,,56
200800058622,8,10,20,445,5,2,1,1,6,56260,M,,,56
200800058623,8,10,15,1300,1,2,3,1,4,56260,M,,,56
200800058624,8,10,21,745,5,2,3,1,6,56260,M,,,56
200800058625,8,10,23,1815,1,2,3,8,6,56260,M,,,56
200800058626,8,10,20,2015,5,2,9,2,6,56260,M,,,56
200800058627,8,10,6,825,2,2,1,8,2,56260,M,,,56
200800058628,8,10,1,1722,1,2,1,1,2,56260,M,,,56
200800058629,8,10,14,1743,2,2,1,2,6,56260,M,,,56
200800058630,8,10,18,1143,1,2,6,1,6,56260,M,,,56
200800058631,8,10,27,1840,5,2,1,2,6,56260,M,,,56
200800058632,8,10,3,1823,1,2,1,2,2,57227,M,,,57
200800058633,8,10,5,1930,5,2,1,2,3,57660,M,,,57
200800058634,8,10,17,2000,5,2,1,1,6,57660,M,,,57
200800058635,8,10,11,2019,5,2,1,5,6,57227,M,,,57
200800058636,8,10,23,1220,1,2,1,1,6,57537,M,,,57
200800058637,8,10,24,1930,5,2,3,1,3,57227,M,,,57
200800058638,8,10,25,1425,1,2,1,1,3,57227,M,,,57
200800058639,8,10,27,750,1,2,2,2,3,57227,M,,,57
200800058640,8,10,28,1858,5,2,2,1,3,57227,M,,,57
200800058641,8,10,31,2030,5,2,1,2,6,57227,M,,,57
200800058642,8,10,30,1130,1,2,3,1,3,57240,M,,,57
200800058643,8,10,7,1455,1,1,1,2,2,57591,M,,,57
200800058644,8,10,10,1010,1,1,1,1,1,57019,M,,,57
200800058645,8,10,8,2040,3,1,1,1,1,57591,M,,,57
200800058646,8,10,15,1415,1,2,1,2,3,57591,M,,,57
200800058647,8,10,17,1640,1,2,1,1,2,57253,M,,,57
200800058648,8,10,22,1730,1,2,1,1,7,57253,M,,,57
200800058649,8,10,4,1325,1,2,4,1,6,57463,M,,,57
200800058650,8,10,5,2020,5,1,1,2,6,57463,M,,,57
200800058651,8,10,8,740,1,2,1,2,3,57463,M,,,57
200800058652,8,10,8,1320,1,2,1,1,3,57463,M,,,57
200800058653,8,10,9,1725,1,2,1,1,2,57463,M,,,57
200800058654,8,10,10,805,1,1,3,1,6,57480,M,,,57
200800058655,8,10,12,1045,1,2,2,1,6,57463,M,,,57
200800058656,8,10,14,725,3,1,9,1,1,57751,M,,,57
200800058657,8,10,16,1725,1,2,1,1,6,57463,M,,,57
200800058658,8,10,20,520,5,2,6,1,3,57463,M,,,57
200800058659,8,10,25,1320,1,2,3,1,6,57463,M,,,57
200800058660,8,10,26,1055,1,2,4,1,6,57463,M,,,57
200800058661,8,10,26,1740,2,2,1,1,6,57616,M,,,57
200800058662,8,10,28,1235,1,2,2,1,3,57463,M,,,57
200800058663,8,10,28,1815,5,2,3,1,3,57463,M,,,57
200800058664,8,10,30,430,5,2,1,3,6,57463,M,,,57
200800058665,8,10,30,1805,5,2,1,2,2,57463,M,,,57
200800058666,8,10,30,1850,5,2,1,2,4,57463,M,,,57
200800058667,8,10,17,835,1,2,2,1,2,57630,M,,,57
200800058668,8,10,18,950,1,2,3,1,3,57630,M,,,57
200800058669,8,10,7,1225,1,2,1,1,4,57672,M,,,57
200800058670,8,10,9,740,2,2,1,1,3,57672,M,,,57
200800058671,8,10,8,745,2,2,2,2,7,57221,M,,,57
200800058672,8,10,2,1800,1,1,1,2,5,57441,M,,,57
200800058673,8,10,13,1840,2,1,1,1,3,57221,M,,,57
200800058674,8,10,14,1435,1,2,1,1,3,57306,M,,,57
200800058675,8,10,18,2310,5,2,3,1,2,57012,M,,,57
200800058676,8,10,17,1705,1,2,1,1,3,57757,M,,,57
200800058677,8,10,21,10,5,1,1,1,7,57012,M,,,57
200800058678,8,10,21,1145,1,2,1,8,3,57672,M,,,57
200800058679,8,10,18,1408,1,2,2,1,3,57672,M,,,57
200800058680,8,10,21,1345,1,2,1,1,3,57672,M,,,57
200800058681,8,10,20,1750,1,2,1,1,1,57306,M,,,57
200800058682,8,10,20,1645,1,2,1,1,2,57012,M,,,57
200800058683,8,10,22,1810,2,2,3,1,1,57221,M,,,57
200800058684,8,10,24,1625,1,2,1,1,4,57672,M,,,57
200800058685,8,10,28,1000,1,2,3,1,1,57306,M,,,57
200800058686,8,10,30,1855,3,1,1,2,4,57012,M,,,57
200800058687,8,10,31,1550,1,2,1,1,6,57672,M,,,57
200800058688,8,10,31,1850,5,2,3,1,3,57306,M,,,57
200800058689,8,10,31,1510,1,2,1,1,2,57012,M,,,57
200800058690,8,10,17,2025,5,2,1,1,7,58194,M,,,58
200800058691,8,10,25,1135,1,2,1,1,7,58194,M,,,58
200800058692,8,10,4,1810,1,2,1,1,2,58194,M,,,58
200800058693,8,10,6,735,2,2,3,1,3,58194,M,,,58
200800058694,8,10,21,1810,1,2,1,2,3,58194,M,,,58
200800058695,8,10,29,1205,1,2,1,1,6,58194,M,,,58
200800058696,8,10,31,1600,1,2,1,1,5,58194,M,,,58
200800058697,8,10,30,1815,5,2,1,1,6,59008,M,,,59
200800058698,8,10,29,1845,5,2,1,1,1,59008,M,,,59
200800058699,8,10,10,1120,1,1,1,1,1,59317,M,,,59
200800058700,8,10,21,1630,1,2,1,1,3,59017,M,,,59
200800058701,8,10,17,935,1,2,7,1,3,59017,M,,,59
200800058702,8,10,17,1855,2,2,3,1,3,59143,M,,,59
200800058703,8,10,23,1140,1,2,1,1,3,59143,M,,,59
200800058704,8,10,29,1415,1,2,1,1,6,59017,M,,,59
200800058705,8,10,13,1325,1,2,1,7,6,59017,M,,,59
200800058706,8,10,9,1740,1,2,1,1,3,59043,M,,,59
200800058707,8,10,30,1740,5,2,1,1,6,59043,M,,,59
200800058708,8,10,16,2100,5,2,2,2,3,59122,M,,,59
200800058709,8,10,17,2330,5,2,2,1,5,59122,M,,,59
200800058710,8,10,22,1600,1,2,1,3,2,59122,M,,,59
200800058711,8,10,24,1720,1,2,1,8,6,59122,M,,,59
200800058712,8,10,26,2140,5,2,3,1,3,59616,M,,,59
200800058713,8,10,26,735,2,2,1,1,6,59239,M,,,59
200800058714,8,10,30,2055,5,2,2,1,3,59008,M,,,59
200800058715,8,10,2,715,2,2,1,1,6,59131,M,,,59
200800058716,8,10,7,1725,1,2,9,2,6,59540,M,,,59
200800058717,8,10,8,1800,1,2,9,1,2,59155,M,,,59
200800058718,8,10,9,1305,1,2,9,1,3,59183,M,,,59
200800058719,8,10,9,745,2,2,1,1,6,59540,M,,,59
200800058720,8,10,11,2340,5,2,1,1,6,59183,M,,,59