Num_Acc,an,mois,jour,hrmn,lum,agg,int,atm,col,com,gps,lat,long,dep
200800058721,8,10,13,1235,1,2,1,1,2,59271,M,,,59
200800058722,8,10,14,20,4,2,1,1,6,59183,M,,,59
200800058723,8,10,14,1350,1,2,1,1,3,59540,M,,,59
200800058724,8,10,19,715,5,2,9,1,3,59271,M,,,59
200800058725,8,10,22,1545,1,2,3,1,3,59183,M,,,59
200800058726,8,10,22,1340,1,2,2,1,3,59183,M,,,59
200800058727,8,10,24,1615,1,2,9,8,6,59359,M,,,59
200800058728,8,10,28,1630,1,1,1,1,3,59359,M,,,59
200800058729,8,10,27,1525,1,2,3,1,6,59295,M,,,59
200800058730,8,10,31,1125,1,2,1,1,3,59295,M,,,59
200800058731,8,10,9,930,1,2,1,1,6,59324,M,,,59
200800058732,8,10,23,1215,1,2,1,1,2,59324,M,,,59
200800058733,8,10,1,1340,1,2,2,1,5,59009,M,,,59
200800058734,8,10,2,1810,2,2,1,1,6,59350,M,,,59
200800058735,8,10,3,1620,1,2,2,1,6,59378,M,,,59
200800058736,8,10,3,2200,5,2,1,1,6,59648,M,,,59
200800058737,8,10,4,445,5,2,1,1,1,59360,M,,,59
200800058738,8,10,5,1350,1,2,2,1,3,59350,M,,,59
200800058739,8,10,5,1710,1,2,3,1,6,59350,M,,,59
200800058740,8,10,6,2015,1,2,1,1,2,59009,M,,,59
200800058741,8,10,8,750,1,2,1,1,6,59378,M,,,59
200800058742,8,10,8,735,2,2,3,1,3,59368,M,,,59
200800058743,8,10,8,1220,1,1,1,1,2,59636,M,,,59
200800058744,8,10,8,1620,1,2,1,1,2,59009,M,,,59
200800058745,8,10,9,740,1,2,2,1,3,59328,M,,,59
200800058746,8,10,9,1715,1,2,1,1,6,59009,M,,,59
200800058747,8,10,10,745,1,2,1,1,6,59350,M,,,59
200800058748,8,10,10,700,1,1,1,1,6,59350,M,,,59
200800058749,8,10,14,744,2,1,1,1,6,59507,M,,,59
200800058750,8,10,10,1300,1,2,4,1,6,59527,M,,,59
200800058751,8,10,10,1515,1,2,1,1,6,59585,M,,,59
200800058752,8,10,10,1630,2,2,1,1,3,59527,M,,,59
200800058753,8,10,10,1900,2,2,1,1,3,59378,M,,,59
200800058754,8,10,11,1040,1,2,2,1,6,59368,M,,,59
200800058755,8,10,11,1600,1,2,1,1,6,59378,M,,,59
200800058756,8,10,12,1605,1,2,1,1,6,59378,M,,,59
200800058757,8,10,12,1925,5,2,1,1,6,59410,M,,,59
200800058758,8,10,12,2025,5,2,1,1,7,59566,M,,,59
200800058759,8,10,10,1350,1,2,1,1,6,59507,M,,,59
200800058760,8,10,10,1750,1,2,1,1,5,59220,M,,,59
200800058761,8,10,13,1115,1,2,2,1,3,59009,M,,,59
200800058762,8,10,11,750,2,2,1,1,6,59350,M,,,59
200800058763,8,10,12,540,5,2,3,1,6,59350,M,,,59
200800058764,8,10,13,1245,1,2,1,1,6,59350,M,,,59
200800058765,8,10,13,1320,1,2,1,1,6,59350,M,,,59
200800058766,8,10,13,2010,1,1,1,1,1,59350,M,,,59
200800058767,8,10,5,915,1,2,1,1,3,59527,M,,,59
200800058768,8,10,14,1130,1,2,2,1,6,59360,M,,,59
200800058769,8,10,8,1335,1,2,1,1,6,59350,M,,,59
200800058770,8,10,14,1300,1,2,1,1,6,59350,M,,,59
200800058771,8,10,14,1700,1,2,2,1,3,59009,M,,,59
200800058772,8,10,10,1720,1,2,2,1,6,59350,M,,,59
200800058773,8,10,15,1020,1,2,1,1,6,59378,M,,,59
200800058774,8,10,15,1815,1,2,1,2,6,59343,M,,,59
200800058775,8,10,15,1425,1,2,2,2,3,59350,M,,,59
200800058776,8,10,16,1605,1,2,1,1,6,59009,M,,,59
200800058777,8,10,16,1625,1,2,1,1,6,59009,M,,,59
200800058778,8,10,17,1330,1,2,1,1,3,59009,M,,,59
200800058779,8,10,18,1450,1,2,1,1,6,59220,M,,,59
200800058780,8,10,18,1800,1,2,1,1,6,59378,M,,,59
200800058781,8,10,17,1850,1,2,3,1,6,59378,M,,,59
200800058782,8,10,8,1515,1,2,1,1,6,59507,M,,,59
200800058783,8,10,20,920,1,2,2,1,3,59350,M,,,59
200800058784,8,10,20,925,1,2,9,1,3,59350,M,,,59
200800058785,8,10,20,1045,1,2,1,1,6,59457,M,,,59
200800058786,8,10,20,1100,1,2,1,1,6,59350,M,,,59
200800058787,8,10,20,1400,1,2,1,1,1,59386,M,,,59
200800058788,8,10,20,1445,1,1,3,1,6,59350,M,,,59
200800058789,8,10,20,1530,1,2,1,1,3,59350,M,,,59
200800058790,8,10,20,1540,1,2,1,7,2,59009,M,,,59
200800058791,8,10,20,2025,5,2,4,1,5,59350,M,,,59
200800058792,8,10,20,2100,5,2,1,1,6,59009,M,,,59
200800058793,8,10,21,845,1,2,1,1,3,59350,M,,,59
200800058794,8,10,21,830,1,2,1,2,6,59009,M,,,59
200800058795,8,10,22,745,2,2,1,1,6,59368,M,,,59
200800058796,8,10,21,1240,1,2,2,1,3,59350,M,,,59
200800058797,8,10,22,1415,1,2,1,1,7,59009,M,,,59
200800058798,8,10,24,1530,1,2,1,1,3,59378,M,,,59
200800058799,8,10,22,2150,5,2,1,1,6,59009,M,,,59
200800058800,8,10,22,2330,5,2,1,1,6,59328,M,,,59
200800058801,8,10,21,1940,1,2,1,1,6,59220,M,,,59
200800058802,8,10,23,1800,1,2,1,1,6,59350,M,,,59
200800058803,8,10,3,1807,1,2,1,1,1,59585,M,,,59
200800058804,8,10,24,825,1,2,1,1,6,59350,M,,,59
200800058805,8,10,24,2005,5,2,2,2,6,59350,M,,,59
200800058806,8,10,24,1745,1,2,2,2,6,59350,M,,,59
200800058807,8,10,25,1420,1,1,1,1,3,59343,M,,,59
200800058808,8,10,25,1630,1,2,1,1,6,59350,M,,,59
200800058809,8,10,25,1900,1,2,1,1,6,59350,M,,,59
200800058810,8,10,25,2225,5,2,1,1,6,59196,M,,,59
200800058811,8,10,26,225,5,2,1,1,1,59378,M,,,59
200800058812,8,10,26,1130,1,2,1,1,3,59350,M,,,59
200800058813,8,10,26,1250,1,2,1,1,6,59328,M,,,59
200800058814,8,10,6,1505,1,2,1,1,6,59350,M,,,59
200800058815,8,10,25,1500,1,2,1,1,6,59648,M,,,59
200800058816,8,10,28,1345,1,2,1,1,2,59507,M,,,59
200800058817,8,10,29,645,5,2,1,1,6,59410,M,,,59
200800058818,8,10,29,900,1,2,1,1,2,59527,M,,,59
200800058819,8,10,29,1035,1,2,1,1,2,59350,M,,,59
200800058820,8,10,29,1925,5,2,1,1,3,59350,M,,,59
200800058821,8,10,29,2240,5,2,2,1,3,59350,M,,,59
200800058822,8,10,30,1120,1,2,2,1,6,59009,M,,,59
200800058823,8,10,30,1400,1,2,1,1,6,59009,M,,,59
200800058824,8,10,30,1745,2,1,3,1,6,59527,M,,,59
200800058825,8,10,25,1430,1,2,3,1,6,59350,M,,,59
200800058826,8,10,28,1230,1,2,3,1,6,59128,M,,,59
200800058827,8,10,31,1720,5,2,1,1,6,59193,M,,,59
200800058828,8,10,16,2005,5,2,1,1,6,59009,M,,,59
200800058829,8,10,31,1735,5,2,1,1,3,59368,M,,,59
200800058830,8,10,30,1550,1,2,1,1,7,59230,M,,,59
200800058831,8,10,2,1400,1,2,1,1,7,59392,M,,,59
200800058832,8,10,8,1105,1,2,1,1,2,59291,M,,,59
200800058833,8,10,18,1315,1,2,2,1,3,59392,M,,,59
200800058834,8,10,19,1830,1,2,3,1,3,59392,M,,,59
200800058835,8,10,21,1725,1,2,3,1,2,59225,M,,,59
200800058836,8,10,4,1230,1,2,2,2,3,59512,M,,,59
200800058837,8,10,6,1530,1,2,3,1,3,59512,M,,,59
200800058838,8,10,1,830,1,2,1,2,2,59512,M,,,59
200800058839,8,10,3,730,1,2,1,2,6,59650,M,,,59
200800058840,8,10,2,700,5,2,1,1,6,59512,M,,,59
200800058841,8,10,12,2030,5,2,3,1,6,59512,M,,,59
200800058842,8,10,17,25,5,2,3,1,6,59512,M,,,59
200800058843,8,10,3,900,1,2,1,2,6,59650,M,,,59
200800058844,8,10,6,745,1,2,3,2,3,59512,M,,,59
200800058845,8,10,19,655,5,1,1,1,6,59650,M,,,59
200800058846,8,10,5,1710,1,2,2,1,6,59512,M,,,59
200800058847,8,10,7,1820,5,2,1,2,3,59646,M,,,59
200800058848,8,10,9,1420,1,2,2,1,3,59646,M,,,59
200800058849,8,10,9,1810,1,2,1,1,6,59512,M,,,59
200800058850,8,10,9,805,1,2,3,1,2,59367,M,,,59
200800058851,8,10,11,1700,1,2,2,1,3,59650,M,,,59
200800058852,8,10,11,1040,1,2,2,1,6,59512,M,,,59
200800058853,8,10,14,1657,1,2,1,1,6,59163,M,,,59
200800058854,8,10,20,1145,1,2,1,1,6,59512,M,,,59
200800058855,8,10,22,710,5,2,1,1,6,59512,M,,,59
200800058856,8,10,5,1145,1,2,2,1,6,59512,M,,,59
200800058857,8,10,12,1810,1,2,2,1,3,59163,M,,,59
200800058858,8,10,14,1755,1,2,2,1,6,59512,M,,,59
200800058859,8,10,15,2325,5,2,2,3,6,59512,M,,,59
200800058860,8,10,6,1100,1,2,1,1,7,59299,M,,,59
200800058861,8,10,23,910,1,2,1,1,6,59646,M,,,59
200800058862,8,10,16,1240,1,2,2,1,3,59512,M,,,59
200800058863,8,10,16,1215,1,2,1,1,3,59512,M,,,59
200800058864,8,10,24,1355,1,2,1,2,6,59646,M,,,59
200800058865,8,10,16,1545,1,2,1,1,6,59512,M,,,59
200800058866,8,10,16,1825,1,2,1,1,6,59512,M,,,59
200800058867,8,10,4,1240,1,2,2,1,3,59512,M,,,59
200800058868,8,10,17,850,1,2,1,1,2,59646,M,,,59
200800058869,8,10,17,1700,1,2,1,1,6,59650,M,,,59
200800058870,8,10,18,1735,1,2,2,1,6,59512,M,,,59
200800058871,8,10,20,1130,1,2,2,1,6,59512,M,,,59
200800058872,8,10,20,1820,1,2,1,1,6,59646,M,,,59
200800058873,8,10,21,1830,1,1,2,1,6,59512,M,,,59
200800058874,8,10,21,1730,1,2,2,1,6,59650,M,,,59
200800058875,8,10,24,1805,5,2,3,2,6,59650,M,,,59
200800058876,8,10,21,1110,1,2,2,3,6,59512,M,,,59
200800058877,8,10,24,1815,5,2,2,2,6,59512,M,,,59
200800058878,8,10,25,155,5,2,1,1,7,59367,M,,,59
200800058879,8,10,25,940,1,2,1,1,6,59163,M,,,59
200800058880,8,10,28,1630,1,2,3,2,3,59650,M,,,59
200800058881,8,10,23,1940,5,2,3,1,1,59512,M,,,59
200800058882,8,10,28,1830,5,2,2,1,6,59512,M,,,59
200800058883,8,10,28,1600,1,2,1,1,2,59598,M,,,59
200800058884,8,10,30,1620,1,2,2,1,6,59512,M,,,59
200800058885,8,10,30,745,1,2,2,1,6,59512,M,,,59
200800058886,8,10,30,1955,5,2,1,1,6,59646,M,,,59
200800058887,8,10,28,1825,5,2,1,1,7,59339,M,,,59
200800058888,8,10,18,1230,1,2,3,1,3,59163,M,,,59
200800058889,8,10,21,1805,1,2,9,1,7,59526,M,,,59
200800058890,8,10,3,2110,5,2,2,2,6,59090,M,,,59
200800058891,8,10,13,1920,5,2,2,1,3,59599,M,,,59
200800058892,8,10,16,1835,2,2,1,1,3,59599,M,,,59
200800058893,8,10,17,2110,5,2,1,1,5,59599,M,,,59
200800058894,8,10,19,1600,1,1,1,1,2,59279,M,,,59
200800058895,8,10,20,950,1,2,1,1,6,59599,M,,,59
200800058896,8,10,22,1150,1,2,1,1,2,59508,M,,,59
200800058897,8,10,22,1820,1,2,1,1,6,59599,M,,,59
200800058898,8,10,24,1047,1,2,1,2,1,59279,M,,,59
200800058899,8,10,24,2105,5,2,1,1,1,59599,M,,,59
200800058900,8,10,23,1240,1,2,1,1,1,59599,M,,,59
200800058901,8,10,1,2040,5,2,1,1,5,59564,M,,,59
200800058902,8,10,5,755,1,2,1,2,3,59606,M,,,59
200800058903,8,10,5,2130,5,2,1,2,6,59207,M,,,59
200800058904,8,10,9,1330,1,2,3,1,2,59014,M,,,59
200800058905,8,10,10,1915,5,2,1,1,3,59544,M,,,59
200800058906,8,10,5,545,5,2,2,1,3,59606,M,,,59
200800058907,8,10,15,1350,1,1,1,1,2,59447,M,,,59
200800058908,8,10,14,1110,1,2,1,1,6,59383,M,,,59
200800058909,8,10,23,1400,1,2,3,1,6,59603,M,,,59
200800058910,8,10,22,2325,5,2,1,1,6,59606,M,,,59
200800058911,8,10,21,1800,1,2,1,1,6,59112,M,,,59
200800058912,8,10,8,1030,1,2,1,1,6,59491,M,,,59
200800058913,8,10,26,740,5,2,6,1,6,59606,M,,,59
200800058914,8,10,20,1350,1,2,1,1,6,59606,M,,,59
200800058915,8,10,27,2145,5,2,3,1,3,59603,M,,,59
200800058916,8,10,24,1145,1,2,1,1,6,59014,M,,,59
200800058917,8,10,28,1835,5,2,2,1,3,59112,M,,,59
200800058918,8,10,19,1120,1,2,2,1,2,59606,M,,,59
200800058919,8,10,20,735,5,2,1,1,6,59606,M,,,59
200800058920,8,10,1,705,2,2,6,3,6,59606,M,,,59
200800058921,8,10,7,2000,5,2,1,3,6,60057,M,,,60
200800058922,8,10,16,734,2,2,1,2,6,60057,M,,,60
200800058923,8,10,30,1200,1,2,2,1,3,60057,M,,,60
200800058924,8,10,9,1225,1,1,3,1,3,60159,M,,,60
200800058925,8,10,10,2155,5,2,3,1,3,60159,M,,,60
200800058926,8,10,21,1735,1,2,1,1,6,60159,M,,,60
200800058927,8,10,3,1640,1,2,1,1,3,60175,M,,,60
200800058928,8,10,4,2250,4,2,3,1,3,60463,M,,,60
200800058929,8,10,5,1950,5,2,1,2,1,60414,M,,,60
200800058930,8,10,9,1855,2,2,3,1,6,60463,M,,,60
200800058931,8,10,23,855,1,2,1,8,7,60175,M,,,60
200800058932,8,10,1,1740,1,2,6,1,3,61001,M,,,61
200800058933,8,10,3,735,1,2,1,1,1,61001,M,,,61
200800058934,8,10,5,2015,5,2,1,2,1,61001,M,,,61
200800058935,8,10,10,1210,1,2,2,1,3,61001,M,,,61
200800058936,8,10,15,1900,5,2,3,2,6,61001,M,,,61
200800058937,8,10,29,1200,1,1,1,1,6,61497,M,,,61
200800058938,8,10,29,1825,5,2,3,1,3,61001,M,,,61
200800058939,8,10,27,1354,1,2,3,2,3,61169,M,,,61
200800058940,8,10,2,940,1,2,2,1,3,62041,M,,,62
200800058941,8,10,16,1412,1,2,5,1,3,62041,M,,,62
200800058942,8,10,26,745,1,2,6,1,3,62041,M,,,62
200800058943,8,10,26,1800,3,1,1,3,6,62516,M,,,62
200800058944,8,10,3,1800,1,2,2,2,3,62065,M,,,62
200800058945,8,10,6,1330,1,2,1,1,6,62065,M,,,62
200800058946,8,10,13,1800,1,2,1,8,6,62724,M,,,62
200800058947,8,10,17,1840,1,2,2,1,3,62724,M,,,62
200800058948,8,10,27,2200,5,2,2,1,3,62065,M,,,62
200800058949,8,10,16,2145,5,2,1,2,7,62570,M,,,62
200800058950,8,10,22,2040,4,2,1,1,7,62065,M,,,62
200800058951,8,10,30,2000,5,2,1,2,2,62065,M,,,62
200800058952,8,10,10,1200,1,2,6,1,3,62108,M,,,62
200800058953,8,10,1,1050,1,1,2,6,3,62035,M,,,62
200800058954,8,10,17,1255,1,2,1,1,3,62846,M,,,62
200800058955,8,10,18,2230,5,2,3,1,3,62119,M,,,62
200800058956,8,10,23,740,2,1,3,1,3,62350,M,,,62
200800058957,8,10,15,800,2,2,1,1,2,62119,M,,,62
200800058958,8,10,31,1815,5,2,1,2,6,62035,M,,,62
200800058959,8,10,4,1900,5,2,1,2,1,62178,M,,,62
200800058960,8,10,9,1200,1,2,1,1,6,62178,M,,,62
200800058961,8,10,11,2355,5,2,1,1,3,62178,M,,,62
200800058962,8,10,1,2240,5,2,2,9,6,62193,M,,,62
200800058963,8,10,4,1410,1,2,1,1,2,62193,M,,,62
200800058964,8,10,16,730,5,2,1,1,6,62193,M,,,62
200800058965,8,10,21,1730,1,2,1,1,5,62244,M,,,62
200800058966,8,10,27,400,5,1,1,1,6,62193,M,,,62
200800058967,8,10,26,525,5,2,1,1,1,62239,M,,,62
200800058968,8,10,4,2240,5,2,2,8,3,62413,M,,,62
200800058969,8,10,12,1820,1,2,1,7,6,62413,M,,,62
200800058970,8,10,7,2135,5,2,1,2,7,62250,M,,,62
200800058971,8,10,6,1740,1,1,1,8,7,62250,M,,,62
200800058972,8,10,12,950,1,2,1,1,7,62637,M,,,62
200800058973,8,10,25,1250,1,2,1,1,6,62413,M,,,62
200800058974,8,10,17,730,2,2,3,1,1,62637,M,,,62
200800058975,8,10,17,1405,1,1,1,1,3,62413,M,,,62
200800058976,8,10,28,705,2,2,1,1,3,62250,M,,,62
200800058977,8,10,6,1820,2,2,1,1,1,62624,M,,,62
200800058978,8,10,7,2110,5,2,1,2,6,62274,M,,,62
200800058979,8,10,7,820,2,2,2,1,3,62427,M,,,62
200800058980,8,10,8,1355,1,2,3,1,3,62321,M,,,62
200800058981,8,10,11,1515,1,2,1,1,6,62427,M,,,62
200800058982,8,10,11,2025,2,2,3,1,3,62427,M,,,62
200800058983,8,10,15,1655,1,2,1,1,6,62587,M,,,62
200800058984,8,10,26,100,5,2,1,1,6,62624,M,,,62
200800058985,8,10,27,2110,5,2,3,1,1,62274,M,,,62
200800058986,8,10,25,600,3,1,1,5,3,62427,M,,,62
200800058987,8,10,17,735,2,2,1,1,6,62427,M,,,62
200800058988,8,10,16,1855,2,1,1,1,6,62274,M,,,62
200800058989,8,10,20,1400,1,2,1,1,6,62133,M,,,62
200800058990,8,10,7,1845,2,2,9,2,3,62427,M,,,62
200800058991,8,10,30,515,2,2,1,1,2,62427,M,,,62
200800058992,8,10,31,1130,1,2,1,1,6,62427,M,,,62
200800058993,8,10,28,1100,1,2,1,1,6,62427,M,,,62
200800058994,8,10,3,1500,1,2,1,2,6,62498,M,,,62
200800058995,8,10,12,1355,1,2,1,1,6,62498,M,,,62
200800058996,8,10,11,1050,1,2,1,1,6,62498,M,,,62
200800058997,8,10,21,1130,1,2,1,2,6,62498,M,,,62
200800058998,8,10,3,1445,1,1,1,1,6,62498,M,,,62
200800058999,8,10,14,2040,5,2,2,1,3,62498,M,,,62
200800059000,8,10,22,1420,1,2,3,1,3,62498,M,,,62
200800059001,8,10,24,1850,2,2,1,1,2,62498,M,,,62
200800059002,8,10,26,2220,5,2,1,3,2,62464,M,,,62
200800059003,8,10,11,1950,5,2,1,1,6,62498,M,,,62
200800059004,8,10,31,1120,1,2,1,2,6,62498,M,,,62
200800059005,8,10,24,1140,1,1,1,1,6,62895,M,,,62
200800059006,8,10,31,1600,1,2,2,1,3,62842,M,,,62
200800059007,8,10,3,730,2,2,1,3,6,62019,M,,,62
200800059008,8,10,15,2120,5,1,1,1,6,62291,M,,,62
200800059009,8,10,26,2238,5,2,1,2,6,62032,M,,,62
200800059010,8,10,6,742,2,2,1,1,2,62186,M,,,62
200800059011,8,10,7,1400,1,2,1,1,3,62510,M,,,62
200800059012,8,10,12,1700,1,2,1,1,6,62489,M,,,62
200800059013,8,10,15,1400,1,2,8,2,3,62737,M,,,62
200800059014,8,10,1,1150,1,2,9,1,6,63113,M,,,63
200800059015,8,10,2,950,1,2,1,1,6,63113,M,,,63
200800059016,8,10,2,1106,1,2,1,1,6,63113,M,,,63
200800059017,8,10,2,1500,1,2,1,1,4,63113,M,,,63
200800059018,8,10,3,810,1,2,1,2,2,63113,M,,,63
200800059019,8,10,3,1155,1,1,1,1,2,63113,M,,,63
200800059020,8,10,4,2025,5,2,1,1,3,63113,M,,,63
200800059021,8,10,5,500,5,2,1,1,2,63014,M,,,63
200800059022,8,10,6,1300,1,1,2,1,6,63113,M,,,63
200800059023,8,10,6,2000,5,2,1,1,6,63113,M,,,63
200800059024,8,10,6,2145,5,2,2,1,3,63113,M,,,63
200800059025,8,10,8,1630,1,2,1,3,2,63113,M,,,63
200800059026,8,10,10,725,2,2,1,1,3,63113,M,,,63
200800059027,8,10,10,1530,1,2,2,1,7,63113,M,,,63
200800059028,8,10,10,1810,1,2,9,1,6,63113,M,,,63
200800059029,8,10,10,1855,1,2,1,1,6,63075,M,,,63
200800059030,8,10,11,340,5,2,1,1,7,63113,M,,,63
200800059031,8,10,11,1020,1,2,2,1,1,63113,M,,,63
200800059032,8,10,12,1940,5,2,1,1,6,63075,M,,,63
200800059033,8,10,13,1130,1,1,2,1,3,63113,M,,,63
200800059034,8,10,13,1705,1,2,1,1,6,63113,M,,,63
200800059035,8,10,14,1750,1,2,1,1,3,63113,M,,,63
200800059036,8,10,15,815,2,2,1,1,4,63113,M,,,63
200800059037,8,10,15,1500,1,2,1,1,3,63113,M,,,63
200800059038,8,10,16,750,1,2,1,1,7,63113,M,,,63
200800059039,8,10,16,1230,1,2,2,1,6,63113,M,,,63
200800059040,8,10,16,2140,5,2,2,1,6,63113,M,,,63
200800059041,8,10,17,750,1,1,1,1,3,63113,M,,,63
200800059042,8,10,18,1450,1,2,1,1,6,63113,M,,,63
200800059043,8,10,17,1450,1,2,2,1,3,63113,M,,,63
200800059044,8,10,17,1655,1,2,9,1,3,63032,M,,,63
200800059045,8,10,17,1720,1,2,1,1,6,63014,M,,,63
200800059046,8,10,19,30,5,2,1,1,6,63113,M,,,63
200800059047,8,10,19,1330,1,2,1,1,6,63113,M,,,63
200800059048,8,10,20,855,1,2,1,1,4,63113,M,,,63
200800059049,8,10,20,1715,1,2,1,1,7,63113,M,,,63
200800059050,8,10,21,1705,1,2,1,1,6,63113,M,,,63
200800059051,8,10,21,1745,1,2,1,1,6,63113,M,,,63
200800059052,8,10,21,1850,1,2,1,8,1,63113,M,,,63
200800059053,8,10,21,1840,2,2,6,2,3,63113,M,,,63
200800059054,8,10,21,2030,5,2,1,3,6,63032,M,,,63
200800059055,8,10,22,745,2,2,9,3,6,63113,M,,,63
200800059056,8,10,22,1810,1,1,1,2,6,63308,M,,,63
200800059057,8,10,23,1505,1,2,1,1,6,63113,M,,,63
200800059058,8,10,23,1710,1,2,1,7,6,63113,M,,,63
200800059059,8,10,24,715,5,2,1,1,6,63032,M,,,63
200800059060,8,10,24,1145,1,2,1,1,2,63113,M,,,63
200800059061,8,10,24,1230,1,2,2,1,3,63113,M,,,63
200800059062,8,10,24,1315,1,2,1,1,2,63113,M,,,63
200800059063,8,10,24,1820,1,2,1,1,3,63014,M,,,63
200800059064,8,10,26,2215,1,2,9,1,3,63113,M,,,63
200800059065,8,10,27,940,1,2,1,1,3,63113,M,,,63
200800059066,8,10,27,1700,1,2,1,2,4,63113,M,,,63
200800059067,8,10,29,1440,1,2,1,1,4,63113,M,,,63
200800059068,8,10,29,1500,1,1,9,1,3,63113,M,,,63
200800059069,8,10,30,1405,1,2,1,1,3,63113,M,,,63
200800059070,8,10,31,1000,1,2,1,1,6,63113,M,,,63
200800059071,8,10,31,1155,1,2,1,1,2,63113,M,,,63
200800059072,8,10,31,1530,1,2,1,2,6,63113,M,,,63
200800059073,8,10,31,1820,4,2,1,2,3,63113,M,,,63
200800059074,8,10,6,1900,1,1,1,1,1,63193,M,,,63
200800059075,8,10,11,945,1,2,2,1,3,63193,M,,,63
200800059076,8,10,25,145,5,1,1,1,7,63193,M,,,63
200800059077,8,10,29,550,5,1,4,1,3,63124,M,,,63
200800059078,8,10,1,620,5,2,1,1,3,63164,M,,,63
200800059079,8,10,27,1100,1,2,1,2,2,63164,M,,,63
200800059080,8,10,2,715,2,2,2,2,3,63300,M,,,63
200800059081,8,10,1,1730,1,2,6,8,3,64024,M,,,64
200800059082,8,10,6,1802,1,2,1,1,2,64102,M,,,64
200800059083,8,10,6,1509,1,2,1,1,3,64102,M,,,64
200800059084,8,10,15,1000,1,2,2,1,3,64102,M,,,64
200800059085,8,10,15,1640,1,2,3,1,3,64102,M,,,64
200800059086,8,10,15,1720,1,2,1,1,3,64024,M,,,64
200800059087,8,10,16,754,5,2,3,1,3,64024,M,,,64
200800059088,8,10,18,2104,5,2,3,1,3,64024,M,,,64
200800059089,8,10,20,1048,1,2,2,1,3,64024,M,,,64
200800059090,8,10,27,1104,1,2,3,1,6,64102,M,,,64
200800059091,8,10,27,1856,2,2,7,3,3,64024,M,,,64
200800059092,8,10,1,1435,1,2,6,8,3,64125,M,,,64
200800059093,8,10,3,1525,1,2,6,1,3,64122,M,,,64
200800059094,8,10,6,840,1,2,1,1,3,64122,M,,,64
200800059095,8,10,7,1510,1,1,1,3,4,64125,M,,,64
200800059096,8,10,7,1930,5,2,1,2,3,64125,M,,,64
200800059097,8,10,9,1000,1,2,2,1,3,64122,M,,,64
200800059098,8,10,10,1520,1,2,2,1,3,64122,M,,,64
200800059099,8,10,11,1000,1,2,1,1,3,64122,M,,,64
200800059100,8,10,16,1140,1,2,1,1,3,64122,M,,,64
200800059101,8,10,16,1755,1,2,1,1,3,64122,M,,,64
200800059102,8,10,21,1615,1,2,9,2,3,64122,M,,,64
200800059103,8,10,26,1000,1,2,9,1,7,64122,M,,,64
200800059104,8,10,27,1215,1,2,1,1,6,64122,M,,,64
200800059105,8,10,31,1230,1,2,1,1,3,64122,M,,,64
200800059106,8,10,1,1135,1,2,1,1,5,64445,M,,,64
200800059107,8,10,2,930,1,2,1,1,5,64445,M,,,64
200800059108,8,10,2,1805,1,2,3,1,3,64445,M,,,64
200800059109,8,10,4,1935,2,2,1,1,3,64269,M,,,64
200800059110,8,10,6,920,1,2,1,7,6,64445,M,,,64
200800059111,8,10,7,1845,1,2,3,2,3,64445,M,,,64
200800059112,8,10,7,1520,1,2,1,1,3,64335,M,,,64
200800059113,8,10,8,1710,1,2,1,1,2,64129,M,,,64
200800059114,8,10,8,1725,1,2,1,1,6,64445,M,,,64
200800059115,8,10,10,1055,1,2,2,1,3,64445,M,,,64
200800059116,8,10,10,1000,1,2,1,1,6,64445,M,,,64
200800059117,8,10,10,1130,1,2,1,1,5,64445,M,,,64
200800059118,8,10,10,2055,5,2,1,1,3,64348,M,,,64
200800059119,8,10,12,2115,4,2,2,1,3,64445,M,,,64
200800059120,8,10,14,1810,1,2,1,1,3,64445,M,,,64
200800059121,8,10,15,810,2,2,2,1,6,64445,M,,,64
200800059122,8,10,16,1835,1,2,1,1,6,64348,M,,,64
200800059123,8,10,19,1853,2,2,1,1,5,64445,M,,,64
200800059124,8,10,17,1301,1,2,1,1,3,64445,M,,,64
200800059125,8,10,20,1630,1,2,1,1,5,64445,M,,,64
200800059126,8,10,20,1825,1,2,2,1,3,64445,M,,,64
200800059127,8,10,20,710,5,2,1,1,2,64445,M,,,64
200800059128,8,10,20,1700,1,2,1,1,3,64445,M,,,64
200800059129,8,10,21,2130,5,2,9,1,3,64445,M,,,64
200800059130,8,10,22,900,1,2,1,2,3,64132,M,,,64
200800059131,8,10,22,720,4,2,2,3,3,64348,M,,,64
200800059132,8,10,23,750,2,2,3,1,3,64445,M,,,64
200800059133,8,10,24,1005,1,2,1,1,2,64445,M,,,64
200800059134,8,10,24,1625,1,2,1,1,4,64284,M,,,64
200800059135,8,10,25,2215,3,2,2,1,3,64445,M,,,64
200800059136,8,10,26,1715,1,2,3,1,2,64445,M,,,64
200800059137,8,10,25,1700,1,2,1,1,3,64445,M,,,64
200800059138,8,10,25,1830,2,2,1,1,5,64445,M,,,64
200800059139,8,10,27,1900,5,2,1,3,5,64445,M,,,64
200800059140,8,10,31,1655,1,2,1,1,4,64445,M,,,64