Num_Acc,an,mois,jour,hrmn,lum,agg,int,atm,col,com,gps,lat,long,dep
200800059141,8,10,2,1140,1,2,1,1,1,64260,M,,,64
200800059142,8,10,13,1145,1,2,1,1,6,64260,M,,,64
200800059143,8,10,13,1750,1,1,1,1,3,64260,M,,,64
200800059144,8,10,15,1215,1,2,1,1,2,64483,M,,,64
200800059145,8,10,24,1710,1,2,1,1,3,64483,M,,,64
200800059146,8,10,25,1245,1,2,1,1,3,64260,M,,,64
200800059147,8,10,27,1445,1,1,1,3,3,64260,M,,,64
200800059148,8,10,29,1250,1,2,1,2,3,64260,M,,,64
200800059149,8,10,30,1415,1,2,1,1,3,64260,M,,,64
200800059150,8,10,31,1355,1,2,1,3,3,64483,M,,,64
200800059151,8,10,4,1840,2,1,1,1,6,64545,M,,,64
200800059152,8,10,9,1655,1,2,1,1,2,64545,M,,,64
200800059153,8,10,3,1040,1,2,1,1,3,64483,M,,,64
200800059154,8,10,6,1930,2,2,3,1,3,64545,M,,,64
200800059155,8,10,8,1840,2,1,1,1,3,64189,M,,,64
200800059156,8,10,26,1720,1,2,1,1,6,64483,M,,,64
200800059157,8,10,16,735,5,2,2,1,3,64260,M,,,64
200800059158,8,10,10,1115,1,2,6,1,6,65286,M,,,65
200800059159,8,10,14,1945,5,2,1,1,3,65286,M,,,65
200800059160,8,10,31,2150,5,2,1,2,1,65286,M,,,65
200800059161,8,10,1,935,1,2,7,1,6,65440,M,,,65
200800059162,8,10,2,740,1,2,1,1,3,65440,M,,,65
200800059163,8,10,3,1115,1,1,2,1,3,65100,M,,,65
200800059164,8,10,3,1715,1,2,1,2,6,65331,M,,,65
200800059165,8,10,6,935,1,2,1,1,6,65440,M,,,65
200800059166,8,10,7,950,1,2,1,1,6,65440,M,,,65
200800059167,8,10,7,1535,1,2,2,1,5,65440,M,,,65
200800059168,8,10,10,1505,1,2,1,1,6,65440,M,,,65
200800059169,8,10,10,2150,5,2,1,1,2,65047,M,,,65
200800059170,8,10,13,740,2,2,2,2,3,65417,M,,,65
200800059171,8,10,13,850,1,2,1,2,4,65251,M,,,65
200800059172,8,10,13,1740,1,2,6,1,2,65440,M,,,65
200800059173,8,10,14,1515,1,2,1,1,2,65226,M,,,65
200800059174,8,10,15,1410,1,2,3,1,1,65417,M,,,65
200800059175,8,10,16,1915,5,2,3,2,3,65047,M,,,65
200800059176,8,10,22,1215,1,1,1,8,1,65417,M,,,65
200800059177,8,10,23,825,1,2,1,1,2,65417,M,,,65
200800059178,8,10,25,1920,5,2,1,1,1,65440,M,,,65
200800059179,8,10,27,740,1,2,3,1,3,65047,M,,,65
200800059180,8,10,27,1100,1,2,3,1,6,65440,M,,,65
200800059181,8,10,31,1745,3,1,1,2,6,65251,M,,,65
200800059182,8,10,31,1820,5,2,3,2,7,65440,M,,,65
200800059183,8,10,1,1750,1,2,1,7,6,66136,M,,,66
200800059184,8,10,3,1600,1,2,1,1,6,66136,M,,,66
200800059185,8,10,3,1800,1,2,2,1,3,66136,M,,,66
200800059186,8,10,6,1400,1,2,2,1,3,66136,M,,,66
200800059187,8,10,7,1500,1,2,1,1,2,66136,M,,,66
200800059188,8,10,9,1430,1,2,2,1,3,66136,M,,,66
200800059189,8,10,12,513,3,1,1,1,1,66136,M,,,66
200800059190,8,10,11,1811,1,1,1,1,6,66136,M,,,66
200800059191,8,10,20,2050,5,2,1,1,5,66136,M,,,66
200800059192,8,10,16,1705,1,2,1,1,3,66136,M,,,66
200800059193,8,10,22,2005,5,2,2,1,3,66136,M,,,66
200800059194,8,10,27,1232,1,2,1,1,3,66136,M,,,66
200800059195,8,10,1,1345,1,2,1,8,3,67218,M,,,67
200800059196,8,10,1,1955,5,1,1,2,6,67482,M,,,67
200800059197,8,10,2,140,5,2,1,2,6,67482,M,,,67
200800059198,8,10,2,755,1,2,1,1,3,67482,M,,,67
200800059199,8,10,3,1455,1,2,1,1,2,67482,M,,,67
200800059200,8,10,3,1800,1,2,2,2,3,67482,M,,,67
200800059201,8,10,4,1255,1,2,1,1,6,67482,M,,,67
200800059202,8,10,4,2317,5,2,1,1,6,67482,M,,,67
200800059203,8,10,5,1225,1,2,1,8,3,67482,M,,,67
200800059204,8,10,5,2320,5,2,1,2,6,67447,M,,,67
200800059205,8,10,7,1139,1,2,2,1,6,67482,M,,,67
200800059206,8,10,8,1354,1,2,2,1,3,67482,M,,,67
200800059207,8,10,8,1900,5,2,2,2,3,67447,M,,,67
200800059208,8,10,8,2120,5,2,2,2,6,67482,M,,,67
200800059209,8,10,8,2200,5,2,3,2,3,67482,M,,,67
200800059210,8,10,9,1210,1,2,2,2,3,67043,M,,,67
200800059211,8,10,9,1510,1,2,1,9,1,67447,M,,,67
200800059212,8,10,9,1620,1,2,1,1,6,67218,M,,,67
200800059213,8,10,9,1710,1,2,1,1,6,67482,M,,,67
200800059214,8,10,10,1715,1,2,3,1,3,67447,M,,,67
200800059215,8,10,10,1845,5,2,1,1,6,67482,M,,,67
200800059216,8,10,12,1430,1,2,2,1,6,67365,M,,,67
200800059217,8,10,12,1430,1,2,1,1,2,67482,M,,,67
200800059218,8,10,12,2230,5,2,2,1,3,67482,M,,,67
200800059219,8,10,13,1840,2,2,1,1,1,67447,M,,,67
200800059220,8,10,14,305,5,2,1,1,7,67482,M,,,67
200800059221,8,10,14,550,2,2,2,1,6,67218,M,,,67
200800059222,8,10,14,800,1,2,2,1,3,67482,M,,,67
200800059223,8,10,14,1150,1,2,1,1,6,67482,M,,,67
200800059224,8,10,14,2005,5,2,5,1,6,67482,M,,,67
200800059225,8,10,15,330,5,2,3,1,3,67482,M,,,67
200800059226,8,10,15,805,1,2,2,1,3,67218,M,,,67
200800059227,8,10,15,1140,1,1,2,1,6,67482,M,,,67
200800059228,8,10,15,1530,1,2,1,1,6,67482,M,,,67
200800059229,8,10,15,1600,1,2,1,1,2,67218,M,,,67
200800059230,8,10,15,2025,5,2,2,1,1,67482,M,,,67
200800059231,8,10,16,750,2,2,1,2,6,67218,M,,,67
200800059232,8,10,16,1025,1,2,3,2,1,67482,M,,,67
200800059233,8,10,17,1330,1,2,3,1,3,67482,M,,,67
200800059234,8,10,17,1455,1,2,2,1,3,67482,M,,,67
200800059235,8,10,18,40,5,2,4,1,1,67447,M,,,67
200800059236,8,10,18,1835,1,2,1,1,6,67043,M,,,67
200800059237,8,10,18,1835,5,2,1,1,5,67482,M,,,67
200800059238,8,10,19,445,5,2,1,1,6,67043,M,,,67
200800059239,8,10,19,1600,1,2,2,1,5,67043,M,,,67
200800059240,8,10,19,1755,1,2,3,1,3,67482,M,,,67
200800059241,8,10,20,1755,1,2,2,1,6,67447,M,,,67
200800059242,8,10,21,540,5,2,3,2,3,67482,M,,,67
200800059243,8,10,21,1520,1,2,1,2,6,67482,M,,,67
200800059244,8,10,21,2000,5,2,2,2,1,67482,M,,,67
200800059245,8,10,23,1315,1,2,1,7,3,67447,M,,,67
200800059246,8,10,23,1545,1,2,3,1,3,67447,M,,,67
200800059247,8,10,24,1315,1,2,1,1,6,67043,M,,,67
200800059248,8,10,25,1655,1,2,2,1,1,67482,M,,,67
200800059249,8,10,25,1550,1,2,1,1,6,67482,M,,,67
200800059250,8,10,27,1750,5,2,3,1,3,67482,M,,,67
200800059251,8,10,28,1530,1,2,1,2,6,67482,M,,,67
200800059252,8,10,28,1730,2,2,1,2,6,67482,M,,,67
200800059253,8,10,28,1900,5,2,2,2,3,67482,M,,,67
200800059254,8,10,29,530,5,2,2,2,6,67365,M,,,67
200800059255,8,10,29,720,2,2,2,3,3,67218,M,,,67
200800059256,8,10,29,2330,5,2,1,2,2,67482,M,,,67
200800059257,8,10,29,2030,5,2,1,2,6,67482,M,,,67
200800059258,8,10,31,1845,5,2,1,2,2,67482,M,,,67
200800059259,8,10,10,1600,1,2,3,1,6,68066,M,,,68
200800059260,8,10,9,1635,1,2,1,1,3,68066,M,,,68
200800059261,8,10,11,1949,5,2,3,1,3,68066,M,,,68
200800059262,8,10,13,1707,1,2,2,1,3,68066,M,,,68
200800059263,8,10,15,1906,3,1,2,1,3,68066,M,,,68
200800059264,8,10,17,730,1,2,1,5,6,68066,M,,,68
200800059265,8,10,20,1955,5,2,2,1,3,68066,M,,,68
200800059266,8,10,21,1655,1,2,2,1,1,68066,M,,,68
200800059267,8,10,21,1755,1,2,9,2,6,68066,M,,,68
200800059268,8,10,22,626,5,2,1,2,3,68066,M,,,68
200800059269,8,10,22,806,1,2,1,1,6,68066,M,,,68
200800059270,8,10,29,1456,1,2,6,2,4,68066,M,,,68
200800059271,8,10,29,1941,5,2,9,2,3,68066,M,,,68
200800059272,8,10,29,1130,1,2,3,2,6,68066,M,,,68
200800059273,8,10,31,1616,1,1,1,2,4,68066,M,,,68
200800059274,8,10,7,900,1,2,1,1,6,68112,M,,,68
200800059275,8,10,8,1820,2,2,1,1,1,68224,M,,,68
200800059276,8,10,1,647,2,2,5,1,3,68224,M,,,68
200800059277,8,10,11,1854,2,2,1,1,3,68224,M,,,68
200800059278,8,10,6,1650,1,2,2,1,3,68271,M,,,68
200800059279,8,10,11,1845,2,2,1,1,6,68224,M,,,68
200800059280,8,10,11,1846,3,2,1,1,3,68224,M,,,68
200800059281,8,10,17,1930,5,1,3,1,6,68056,M,,,68
200800059282,8,10,21,2347,5,2,2,3,6,68224,M,,,68
200800059283,8,10,19,955,1,2,6,1,2,68224,M,,,68
200800059284,8,10,20,942,1,2,2,1,6,68224,M,,,68
200800059285,8,10,23,1213,1,2,9,8,6,68224,M,,,68
200800059286,8,10,22,1211,1,2,2,1,3,68224,M,,,68
200800059287,8,10,18,445,5,2,2,1,3,68224,M,,,68
200800059288,8,10,27,1810,5,2,1,2,6,68224,M,,,68
200800059289,8,10,28,2037,5,1,1,2,3,68224,M,,,68
200800059290,8,10,28,1835,5,2,3,2,6,68224,M,,,68
200800059291,8,10,18,945,1,2,1,1,3,68224,M,,,68
200800059292,8,10,31,1835,5,2,1,1,2,68224,M,,,68
200800059293,8,10,24,1235,1,2,1,1,2,68056,M,,,68
200800059294,8,10,4,2100,5,2,1,2,6,68297,M,,,68
200800059295,8,10,11,2203,5,2,1,1,3,68149,M,,,68
200800059296,8,10,16,1605,1,2,1,2,6,68376,M,,,68
200800059297,8,10,1,720,5,2,1,1,6,69029,M,,,69
200800059298,8,10,22,1238,1,2,1,3,6,69029,M,,,69
200800059299,8,10,8,1820,1,2,1,3,2,69034,M,,,69
200800059300,8,10,21,1140,1,2,1,1,3,69034,M,,,69
200800059301,8,10,23,2005,5,2,1,1,3,69034,M,,,69
200800059302,8,10,25,1415,1,2,1,1,3,69034,M,,,69
200800059303,8,10,30,1855,5,2,1,1,6,69034,M,,,69
200800059304,8,10,11,1025,1,2,1,1,3,69096,M,,,69
200800059305,8,10,16,1340,1,2,3,2,6,69091,M,,,69
200800059306,8,10,23,1725,1,2,1,1,7,69091,M,,,69
200800059307,8,10,24,1005,1,2,1,1,7,69091,M,,,69
200800059308,8,10,26,100,5,2,1,1,3,69091,M,,,69
200800059309,8,10,8,1010,1,2,1,3,7,69149,M,,,69
200800059310,8,10,9,1920,5,1,1,2,6,69202,M,,,69
200800059311,8,10,11,1250,1,2,1,1,3,69149,M,,,69
200800059312,8,10,9,725,2,2,1,1,1,69202,M,,,69
200800059313,8,10,9,630,5,2,3,2,6,69152,M,,,69
200800059314,8,10,17,1550,1,2,1,1,1,69152,M,,,69
200800059315,8,10,17,1545,1,2,1,1,6,69152,M,,,69
200800059316,8,10,22,2010,5,2,1,2,6,69202,M,,,69
200800059317,8,10,24,2015,5,2,2,1,3,69149,M,,,69
200800059318,8,10,22,800,1,2,1,3,3,69142,M,,,69
200800059319,8,10,24,810,1,2,9,1,6,69149,M,,,69
200800059320,8,10,20,945,1,2,3,1,3,69149,M,,,69
200800059321,8,10,22,740,5,2,1,3,6,69202,M,,,69
200800059322,8,10,25,1125,1,2,1,1,3,69152,M,,,69
200800059323,8,10,2,1330,1,2,3,1,3,69259,M,,,69
200800059324,8,10,1,2305,5,2,1,1,6,69259,M,,,69
200800059325,8,10,18,1930,5,2,2,1,3,69259,M,,,69
200800059326,8,10,17,2150,5,2,1,1,6,69259,M,,,69
200800059327,8,10,21,1320,1,2,1,1,6,69259,M,,,69
200800059328,8,10,23,740,5,2,2,8,1,69199,M,,,69
200800059329,8,10,30,955,1,2,2,1,6,69199,M,,,69
200800059330,8,10,14,1700,1,2,1,1,3,69264,M,,,69
200800059331,8,10,1,1820,1,2,2,1,3,69266,M,,,69
200800059332,8,10,4,1940,5,2,2,1,6,69266,M,,,69
200800059333,8,10,7,800,1,2,1,1,2,69266,M,,,69
200800059334,8,10,7,1215,1,2,1,1,6,69266,M,,,69
200800059335,8,10,10,825,1,2,2,1,6,69266,M,,,69
200800059336,8,10,9,1205,1,2,1,2,3,69266,M,,,69
200800059337,8,10,11,1428,1,2,3,1,6,69266,M,,,69
200800059338,8,10,8,905,1,2,6,2,3,69266,M,,,69
200800059339,8,10,9,1515,1,2,3,1,3,69266,M,,,69
200800059340,8,10,10,826,1,2,9,1,6,69266,M,,,69
200800059341,8,10,10,1800,1,2,1,1,6,69266,M,,,69
200800059342,8,10,18,2210,5,2,1,1,6,69266,M,,,69
200800059343,8,10,12,1510,1,2,4,1,4,69266,M,,,69
200800059344,8,10,15,1516,1,2,1,1,6,69266,M,,,69
200800059345,8,10,27,720,2,2,1,1,6,69266,M,,,69
200800059346,8,10,29,625,5,2,1,2,2,69266,M,,,69
200800059347,8,10,28,2115,5,2,2,2,3,69266,M,,,69
200800059348,8,10,13,1940,5,2,2,1,6,69266,M,,,69
200800059349,8,10,24,1205,1,2,1,1,6,69266,M,,,69
200800059350,8,10,29,1955,5,2,1,2,6,69266,M,,,69
200800059351,8,10,29,1850,3,2,1,2,3,69275,M,,,69
200800059352,8,10,6,1448,1,2,2,1,3,69282,M,,,69
200800059353,8,10,7,1615,1,2,1,1,5,69290,M,,,69
200800059354,8,10,3,810,1,2,2,1,3,69290,M,,,69
200800059355,8,10,10,1525,1,2,2,1,3,69290,M,,,69
200800059356,8,10,16,722,2,2,1,1,6,69290,M,,,69
200800059357,8,10,20,820,1,2,2,5,3,69290,M,,,69
200800059358,8,10,26,1530,1,2,6,1,6,69290,M,,,69
200800059359,8,10,8,1525,1,1,1,2,1,71475,M,,,71
200800059360,8,10,10,1350,1,2,1,1,6,71076,M,,,71
200800059361,8,10,13,1457,1,2,1,1,6,71076,M,,,71
200800059362,8,10,14,2020,5,2,1,1,3,71076,M,,,71
200800059363,8,10,20,1530,1,2,9,1,6,71076,M,,,71
200800059364,8,10,25,1850,2,2,1,1,6,71076,M,,,71
200800059365,8,10,2,1310,1,2,1,1,7,71153,M,,,71
200800059366,8,10,6,1300,1,1,1,1,7,71309,M,,,71
200800059367,8,10,7,1445,1,2,2,1,3,71153,M,,,71
200800059368,8,10,11,1610,1,2,2,1,3,71153,M,,,71
200800059369,8,10,12,1730,1,1,1,1,1,71153,M,,,71
200800059370,8,10,14,1750,1,2,3,1,3,71153,M,,,71
200800059371,8,10,15,1135,1,1,6,1,5,71540,M,,,71
200800059372,8,10,1,1825,1,1,1,1,4,71105,M,,,71
200800059373,8,10,3,1700,1,2,1,1,2,71270,M,,,71
200800059374,8,10,13,815,1,2,2,1,1,71105,M,,,71
200800059375,8,10,17,2030,5,2,2,1,3,71270,M,,,71
200800059376,8,10,16,1700,1,2,1,1,7,71105,M,,,71
200800059377,8,10,21,805,5,2,1,1,3,71270,M,,,71
200800059378,8,10,21,755,5,2,1,1,6,71270,M,,,71
200800059379,8,10,22,955,1,2,2,8,6,71270,M,,,71
200800059380,8,10,23,850,1,2,1,1,4,71270,M,,,71
200800059381,8,10,29,1810,5,2,1,2,6,71270,M,,,71
200800059382,8,10,7,1245,1,2,3,1,1,71306,M,,,71
200800059383,8,10,15,1915,3,1,1,1,3,71486,M,,,71
200800059384,8,10,26,235,5,2,1,1,7,71486,M,,,71
200800059385,8,10,2,350,5,2,1,1,6,72181,M,,,72
200800059386,8,10,2,835,1,2,1,1,6,72181,M,,,72
200800059387,8,10,2,1800,1,2,1,1,6,72181,M,,,72
200800059388,8,10,3,900,1,2,1,1,2,72181,M,,,72
200800059389,8,10,4,1427,1,2,1,1,6,72181,M,,,72
200800059390,8,10,4,1530,1,2,1,1,6,72181,M,,,72
200800059391,8,10,4,1724,1,1,1,1,3,72181,M,,,72
200800059392,8,10,5,35,5,2,1,1,6,72181,M,,,72
200800059393,8,10,7,940,1,2,1,2,6,72181,M,,,72
200800059394,8,10,9,1710,1,2,1,1,6,72181,M,,,72
200800059395,8,10,12,1415,1,2,3,1,3,72095,M,,,72
200800059396,8,10,15,1410,1,1,1,2,6,72181,M,,,72
200800059397,8,10,18,1715,1,2,1,1,3,72181,M,,,72
200800059398,8,10,18,1805,1,2,1,1,6,72003,M,,,72
200800059399,8,10,18,1800,1,2,1,1,3,72181,M,,,72
200800059400,8,10,21,1344,1,2,2,1,3,72181,M,,,72
200800059401,8,10,22,1730,1,2,1,1,3,72181,M,,,72
200800059402,8,10,23,825,1,2,1,1,3,72181,M,,,72
200800059403,8,10,23,754,2,1,1,1,3,72181,M,,,72
200800059404,8,10,24,1215,1,2,1,1,7,72181,M,,,72
200800059405,8,10,28,925,1,2,1,1,6,72181,M,,,72
200800059406,8,10,29,1445,1,2,1,1,3,72181,M,,,72
200800059407,8,10,31,5,3,2,1,2,6,72181,M,,,72
200800059408,8,10,18,1630,1,2,1,1,6,73008,M,,,73
200800059409,8,10,5,350,5,2,3,1,6,73065,M,,,73
200800059410,8,10,2,1325,1,2,1,1,6,74010,M,,,74
200800059411,8,10,8,1340,1,2,1,1,6,74010,M,,,74
200800059412,8,10,8,1705,1,2,3,1,6,74093,M,,,74
200800059413,8,10,13,1519,1,2,1,1,6,74010,M,,,74
200800059414,8,10,15,1230,1,2,1,1,6,74010,M,,,74
200800059415,8,10,15,2150,5,2,2,1,6,74093,M,,,74
200800059416,8,10,21,1035,1,2,2,1,5,74010,M,,,74
200800059417,8,10,29,1635,1,2,1,2,6,74010,M,,,74
200800059418,8,10,31,1555,1,2,1,2,3,74010,M,,,74
200800059419,8,10,3,50,5,2,2,8,3,74012,M,,,74
200800059420,8,10,7,1635,1,2,4,1,3,74012,M,,,74
200800059421,8,10,14,810,1,2,1,1,3,74012,M,,,74
200800059422,8,10,15,748,2,2,3,1,3,74008,M,,,74
200800059423,8,10,24,1725,1,2,1,1,3,74012,M,,,74
200800059424,8,10,30,1530,1,2,5,3,6,74012,M,,,74
200800059425,8,10,31,2015,5,2,1,1,5,74298,M,,,74
200800059426,8,10,14,2140,5,2,1,1,6,74281,M,,,74
200800059427,8,10,3,1356,1,2,1,1,6,74281,M,,,74
200800059428,8,10,17,1845,2,2,1,1,6,74218,M,,,74
200800059429,8,10,27,800,1,2,6,1,7,74119,M,,,74
200800059430,8,10,24,1630,1,2,1,1,2,74119,M,,,74
200800059431,8,10,28,1525,1,2,1,1,6,74119,M,,,74
200800059432,8,10,27,1820,2,2,1,1,6,74281,M,,,74
200800059433,8,10,22,755,2,2,3,1,3,76329,M,,,76
200800059434,8,10,6,1845,2,1,1,8,3,76349,M,,,76
200800059435,8,10,8,1635,1,2,1,1,6,76217,M,,,76
200800059436,8,10,12,1740,1,2,1,1,7,76324,M,,,76
200800059437,8,10,12,2350,3,1,1,1,7,76026,M,,,76
200800059438,8,10,15,1125,1,2,3,1,3,76217,M,,,76
200800059439,8,10,23,2310,5,2,1,1,7,76217,M,,,76
200800059440,8,10,3,1410,1,1,1,1,1,76231,M,,,76
200800059441,8,10,31,1730,1,2,1,1,7,76259,M,4944540.0,0.0,76
200800059442,8,10,1,940,1,2,1,1,6,76351,M,,,76
200800059443,8,10,2,510,3,1,1,3,6,76351,M,,,76
200800059444,8,10,3,1315,1,2,3,1,1,76351,M,,,76
200800059445,8,10,8,1730,1,2,1,1,6,76351,M,,,76
200800059446,8,10,14,1820,1,2,1,1,7,76351,M,,,76
200800059447,8,10,25,940,1,2,2,1,6,76351,M,,,76
200800059448,8,10,30,1430,1,2,1,1,6,76351,M,,,76
200800059449,8,10,31,1130,1,2,2,1,3,76351,M,,,76
200800059450,8,10,1,1730,1,2,1,1,2,76351,M,,,76
200800059451,8,10,7,1300,1,2,1,1,6,76351,M,,,76
200800059452,8,10,9,330,5,2,1,1,6,76351,M,,,76
200800059453,8,10,1,1335,1,2,1,2,3,76498,M,,,76
200800059454,8,10,1,1250,1,2,3,1,3,76681,M,,,76
200800059455,8,10,2,1735,1,2,1,1,3,76540,M,,,76
200800059456,8,10,2,2300,5,2,1,2,2,76540,M,,,76
200800059457,8,10,2,1005,1,2,1,8,3,76540,M,,,76
200800059458,8,10,2,1445,1,2,1,2,7,76540,M,,,76
200800059459,8,10,4,120,5,2,3,2,6,76540,M,,,76
200800059460,8,10,3,1140,1,2,1,8,3,76575,M,,,76
200800059461,8,10,5,500,5,2,1,3,7,76575,M,,,76
200800059462,8,10,6,810,1,2,1,2,6,76402,M,,,76
200800059463,8,10,8,2135,5,2,1,1,3,76498,M,,,76
200800059464,8,10,9,835,1,2,1,1,3,76681,M,,,76
200800059465,8,10,10,245,5,2,1,1,7,76540,M,,,76
200800059466,8,10,10,1410,1,2,3,1,3,76575,M,,,76
200800059467,8,10,10,1615,1,2,1,1,6,76575,M,,,76
200800059468,8,10,10,1450,1,2,1,1,4,76540,M,,,76
200800059469,8,10,11,1810,1,2,1,1,3,76474,M,,,76
200800059470,8,10,11,1935,4,2,1,1,6,76498,M,,,76
200800059471,8,10,11,1120,1,1,1,1,6,76681,M,,,76
200800059472,8,10,13,640,5,2,2,1,3,76540,M,,,76
200800059473,8,10,13,2315,5,2,1,2,7,76103,M,,,76
200800059474,8,10,14,700,2,2,1,1,3,76095,M,,,76
200800059475,8,10,15,1205,1,2,1,1,6,76540,M,,,76
200800059476,8,10,17,1620,1,2,9,1,6,76575,M,,,76
200800059477,8,10,17,1325,1,2,1,1,6,76540,M,,,76
200800059478,8,10,17,730,5,2,2,1,3,76681,M,,,76
200800059479,8,10,17,755,1,1,1,1,4,76322,M,,,76
200800059480,8,10,17,1640,1,2,1,1,3,76540,M,,,76
200800059481,8,10,20,1320,1,2,1,1,6,76681,M,,,76
200800059482,8,10,20,1300,1,2,1,1,3,76575,M,,,76
200800059483,8,10,20,1415,1,2,1,1,6,76540,M,,,76
200800059484,8,10,21,835,1,2,3,2,6,76540,M,,,76
200800059485,8,10,21,1045,1,2,3,2,3,76540,M,,,76
200800059486,8,10,21,1935,5,2,1,1,4,76498,M,,,76
200800059487,8,10,21,1440,1,2,1,1,6,76005,M,,,76
200800059488,8,10,21,1615,1,2,1,1,6,76540,M,,,76
200800059489,8,10,22,1820,2,2,1,9,2,76540,M,,,76
200800059490,8,10,23,1050,1,2,1,1,2,76540,M,,,76
200800059491,8,10,23,1800,1,2,1,1,6,76429,M,,,76
200800059492,8,10,23,650,5,2,1,1,1,76497,M,,,76
200800059493,8,10,23,1225,1,1,1,1,6,76322,M,,,76
200800059494,8,10,23,750,2,2,1,1,6,76540,M,,,76
200800059495,8,10,23,1950,5,2,1,1,6,76108,M,,,76
200800059496,8,10,25,1800,2,2,1,1,3,76484,M,,,76
200800059497,8,10,25,1500,1,2,1,1,7,76322,M,,,76
200800059498,8,10,26,1335,1,2,1,1,3,76216,M,,,76
200800059499,8,10,25,430,5,2,1,5,6,76540,M,,,76
200800059500,8,10,27,1020,1,2,1,2,6,76540,M,,,76
200800059501,8,10,27,1545,1,2,1,2,6,76540,M,,,76
200800059502,8,10,30,910,1,2,2,9,3,76540,M,,,76
200800059503,8,10,3,705,5,2,2,3,6,77108,M,,,77
200800059504,8,10,9,1700,1,2,1,1,1,77108,M,,,77
200800059505,8,10,9,2020,5,2,1,1,6,77108,M,,,77
200800059506,8,10,21,1230,1,2,1,2,1,77108,M,,,77
200800059507,8,10,21,805,1,2,1,3,3,77108,M,,,77
200800059508,8,10,31,1815,5,2,1,1,6,77108,M,,,77
200800059509,8,10,2,1940,5,1,1,3,4,77132,M,,,77
200800059510,8,10,20,735,3,1,1,1,6,77111,M,,,77
200800059511,8,10,2,1345,1,1,1,3,7,77070,M,,,77
200800059512,8,10,5,1725,1,1,1,3,6,77070,M,,,77
200800059513,8,10,13,940,1,2,2,1,3,77042,M,,,77
200800059514,8,10,13,935,1,1,1,7,7,77013,M,,,77
200800059515,8,10,18,1245,1,2,3,1,3,77320,M,,,77
200800059516,8,10,21,820,2,1,1,3,5,77320,M,,,77
200800059517,8,10,26,330,3,1,6,1,7,77131,M,,,77
200800059518,8,10,26,1815,5,2,4,1,3,77131,M,,,77
200800059519,8,10,28,1830,3,1,3,1,2,77070,M,,,77
200800059520,8,10,28,1715,5,2,9,1,3,77152,M,,,77
200800059521,8,10,3,25,3,1,1,1,2,77186,M,,,77
200800059522,8,10,10,1040,1,1,1,1,1,77186,M,,,77
200800059523,8,10,20,1810,1,1,1,1,7,77186,M,,,77
200800059524,8,10,31,847,1,1,1,2,3,77186,M,,,77
200800059525,8,10,30,2140,5,2,1,1,3,77243,M,,,77
200800059526,8,10,2,1730,1,2,4,1,3,77243,M,,,77
200800059527,8,10,10,1728,1,2,1,1,6,77284,M,,,77
200800059528,8,10,14,1959,5,2,1,8,6,77284,M,,,77
200800059529,8,10,15,1805,1,2,1,8,3,77513,M,,,77
200800059530,8,10,30,1120,1,2,1,1,6,77284,M,,,77
200800059531,8,10,13,745,1,1,3,1,3,77447,M,,,77
200800059532,8,10,13,1945,5,2,1,1,3,77288,M,,,77
200800059533,8,10,19,1250,1,1,2,1,3,77487,M,,,77
200800059534,8,10,30,1220,1,2,1,1,6,77288,M,,,77
200800059535,8,10,2,828,1,2,2,1,5,77292,M,,,77
200800059536,8,10,4,1015,1,2,1,1,6,77294,M,,,77
200800059537,8,10,10,2012,3,1,6,1,6,77123,M,,,77
200800059538,8,10,12,735,2,1,1,5,6,77123,M,,,77
200800059539,8,10,15,1245,1,1,1,2,3,77294,M,,,77
200800059540,8,10,23,1805,1,2,5,1,3,77294,M,,,77
200800059541,8,10,10,1140,1,2,2,1,3,77292,M,,,77
200800059542,8,10,17,540,3,1,1,1,2,77123,M,,,77
200800059543,8,10,27,745,5,1,6,2,3,77294,M,,,77
200800059544,8,10,5,720,2,1,1,2,2,77291,M,,,77
200800059545,8,10,1,830,1,2,3,1,3,77122,M,4865397.0,345699.0,77
200800059546,8,10,2,1230,1,2,3,1,3,77053,M,,,77
200800059547,8,10,5,1815,1,2,1,1,6,77053,M,,,77
200800059548,8,10,3,1450,1,2,6,2,2,77251,M,,,77
200800059549,8,10,3,2150,5,2,9,2,3,77251,M,,,77
200800059550,8,10,9,1630,1,2,9,1,3,77053,M,,,77
200800059551,8,10,10,825,1,2,3,1,3,77122,M,,,77
200800059552,8,10,10,1200,1,2,1,1,2,77251,M,,,77
200800059553,8,10,19,1145,1,2,1,1,6,77296,M,,,77
200800059554,8,10,19,1330,1,2,1,1,6,77122,M,,,77
200800059555,8,10,17,1130,1,1,1,1,7,77053,M,,,77
200800059556,8,10,18,210,3,2,1,1,6,77122,M,,,77
200800059557,8,10,31,1850,5,2,1,1,7,77251,M,,,77
200800059558,8,10,18,825,2,2,9,5,2,77482,M,,,77
200800059559,8,10,14,1630,1,2,1,1,6,77166,M,,,77
200800059560,8,10,25,315,3,1,1,1,7,77202,M,,,77
200800059561,8,10,2,1120,1,2,1,1,6,77258,M,,,77