Num_Acc,an,mois,jour,hrmn,lum,agg,int,atm,col,com,gps,lat,long,dep
200800059562,8,10,4,1840,1,2,1,1,6,77468,M,,,77
200800059563,8,10,8,1645,1,2,2,1,3,77083,M,,,77
200800059564,8,10,8,1320,1,2,1,1,3,77083,M,,,77
200800059565,8,10,7,600,3,1,1,2,6,77468,M,,,77
200800059566,8,10,10,925,1,2,1,1,6,77337,M,,,77
200800059567,8,10,13,1150,1,2,7,7,6,77083,M,,,77
200800059568,8,10,27,720,2,2,1,3,6,77083,M,,,77
200800059569,8,10,13,1600,1,1,1,1,6,77373,M,,,77
200800059570,8,10,14,1455,1,1,9,1,7,77373,M,,,77
200800059571,8,10,14,1755,1,2,1,1,6,77390,M,,,77
200800059572,8,10,16,745,2,2,9,2,6,77373,M,,,77
200800059573,8,10,30,1550,1,2,1,2,6,77373,M,,,77
200800059574,8,10,15,840,1,2,1,2,3,78092,M,,,78
200800059575,8,10,2,1015,1,2,1,1,4,78168,M,,,78
200800059576,8,10,1,1720,1,2,1,1,7,78208,M,,,78
200800059577,8,10,6,1225,1,2,3,1,3,78383,M,,,78
200800059578,8,10,8,2120,3,2,1,1,6,78208,M,,,78
200800059579,8,10,7,717,4,2,1,1,2,78208,M,,,78
200800059580,8,10,18,1515,1,2,1,1,3,78168,M,,,78
200800059581,8,10,21,750,2,2,1,2,7,78208,M,,,78
200800059582,8,10,29,2115,3,2,1,1,4,78168,M,,,78
200800059583,8,10,31,750,1,2,2,8,3,78208,M,,,78
200800059584,8,10,25,1535,1,2,1,1,3,78383,M,,,78
200800059585,8,10,1,845,1,2,2,1,3,78688,M,,,78
200800059586,8,10,2,1830,1,2,3,3,3,78423,M,,,78
200800059587,8,10,3,1705,1,2,1,2,4,78423,M,,,78
200800059588,8,10,10,1655,1,2,1,1,6,78297,M,,,78
200800059589,8,10,10,1645,1,1,1,1,7,78297,M,,,78
200800059590,8,10,15,1935,3,2,1,2,6,78297,M,,,78
200800059591,8,10,17,850,1,2,3,1,3,78423,M,,,78
200800059592,8,10,20,2040,5,2,1,1,3,78297,M,,,78
200800059593,8,10,22,1140,1,2,2,1,3,78688,M,,,78
200800059594,8,10,24,950,1,2,6,1,3,78297,M,,,78
200800059595,8,10,24,1140,1,2,1,1,2,78423,M,,,78
200800059596,8,10,25,150,5,2,1,1,6,78423,M,,,78
200800059597,8,10,30,1830,2,2,3,2,6,78688,M,,,78
200800059598,8,10,1,1735,1,2,1,1,3,78311,M,,,78
200800059599,8,10,9,735,2,2,1,1,3,78311,M,,,78
200800059600,8,10,24,1345,1,2,1,8,3,78311,M,,,78
200800059601,8,10,14,940,1,2,1,1,6,78358,M,,,78
200800059602,8,10,3,1830,1,2,1,8,3,78396,M,,,78
200800059603,8,10,1,1325,1,2,1,2,1,78118,M,,,78
200800059604,8,10,5,310,5,2,1,1,6,78361,M,,,78
200800059605,8,10,6,1935,2,2,3,1,3,78267,M,,,78
200800059606,8,10,8,655,5,2,1,1,2,78361,M,,,78
200800059607,8,10,9,855,1,2,1,5,2,78361,M,,,78
200800059608,8,10,10,805,1,2,3,1,3,78362,M,,,78
200800059609,8,10,11,1525,1,2,3,1,3,78361,M,,,78
200800059610,8,10,11,2100,5,2,2,1,3,78217,M,,,78
200800059611,8,10,12,1900,3,1,1,1,7,78402,M,,,78
200800059612,8,10,13,1425,1,2,1,1,1,78335,M,,,78
200800059613,8,10,14,625,5,2,1,1,1,78217,M,,,78
200800059614,8,10,16,2010,5,2,1,1,4,78217,M,,,78
200800059615,8,10,17,1340,1,2,1,1,4,78361,M,,,78
200800059616,8,10,19,1210,1,2,2,1,6,78361,M,,,78
200800059617,8,10,19,2115,5,2,1,1,6,78361,M,,,78
200800059618,8,10,24,1040,1,2,2,2,6,78361,M,,,78
200800059619,8,10,27,1640,1,2,1,2,3,78118,M,,,78
200800059620,8,10,27,2030,5,2,2,2,5,78362,M,,,78
200800059621,8,10,3,1410,1,2,1,2,2,78372,M,,,78
200800059622,8,10,15,1250,1,2,1,2,6,78350,M,,,78
200800059623,8,10,19,1635,1,2,3,1,3,78350,M,,,78
200800059624,8,10,28,1920,5,2,1,8,6,78502,M,,,78
200800059625,8,10,1,1915,1,2,1,1,6,78609,M,,,78
200800059626,8,10,2,1705,1,2,1,1,6,78440,M,,,78
200800059627,8,10,3,1350,1,2,6,2,3,78440,M,,,78
200800059628,8,10,3,1530,1,1,1,1,7,78029,M,,,78
200800059629,8,10,5,2035,5,2,1,2,6,78440,M,,,78
200800059630,8,10,6,920,1,2,1,8,7,78029,M,,,78
200800059631,8,10,6,1430,1,2,1,1,2,78440,M,,,78
200800059632,8,10,7,1700,1,1,4,1,3,78029,M,,,78
200800059633,8,10,12,1150,1,2,2,1,2,78401,M,,,78
200800059634,8,10,13,727,2,2,4,1,6,78401,M,,,78
200800059635,8,10,15,2115,5,2,5,1,1,78238,M,,,78
200800059636,8,10,20,1305,1,1,3,1,5,78238,M,,,78
200800059637,8,10,24,1825,1,2,2,1,3,78440,M,,,78
200800059638,8,10,18,1715,1,2,2,1,6,78440,M,,,78
200800059639,8,10,23,1215,1,2,2,1,2,78440,M,,,78
200800059640,8,10,31,2110,4,2,1,2,6,78029,M,,,78
200800059641,8,10,10,2030,5,2,1,1,7,78490,M,,,78
200800059642,8,10,12,1500,1,1,1,1,5,78490,M,,,78
200800059643,8,10,19,1,5,2,6,1,7,78490,M,,,78
200800059644,8,10,19,1040,1,2,1,1,7,78165,M,,,78
200800059645,8,10,21,1355,1,2,1,2,7,78674,M,,,78
200800059646,8,10,26,320,5,2,1,1,7,78490,M,,,78
200800059647,8,10,27,710,2,2,2,2,3,78490,M,,,78
200800059648,8,10,27,1057,1,2,3,8,7,78490,M,,,78
200800059649,8,10,27,1235,1,2,1,1,7,78490,M,,,78
200800059650,8,10,28,1020,1,2,1,1,4,78490,M,,,78
200800059651,8,10,30,1330,1,2,1,8,3,78490,M,,,78
200800059652,8,10,13,1555,1,2,1,1,7,78490,M,,,78
200800059653,8,10,1,2255,5,2,2,1,3,78624,M,,,78
200800059654,8,10,2,810,1,1,1,1,7,78672,M,,,78
200800059655,8,10,8,721,2,2,2,1,6,78498,M,,,78
200800059656,8,10,8,950,1,1,1,1,3,78643,M,,,78
200800059657,8,10,10,1845,1,2,1,1,6,78498,M,,,78
200800059658,8,10,2,1213,1,2,2,1,7,78498,M,,,78
200800059659,8,10,10,1740,1,2,1,1,6,78672,M,,,78
200800059660,8,10,15,1910,2,1,1,2,4,78123,M,,,78
200800059661,8,10,7,830,1,2,1,1,6,78498,M,,,78
200800059662,8,10,2,945,1,1,1,1,7,78672,M,,,78
200800059663,8,10,17,800,2,2,3,5,3,78624,M,,,78
200800059664,8,10,21,450,5,2,2,2,3,78498,M,,,78
200800059665,8,10,21,1900,5,2,2,1,3,78498,M,,,78
200800059666,8,10,22,1325,1,2,3,1,6,78498,M,,,78
200800059667,8,10,23,1655,1,2,3,1,2,78498,M,,,78
200800059668,8,10,23,1440,1,1,1,1,3,78672,M,,,78
200800059669,8,10,29,1750,5,2,1,1,3,78643,M,,,78
200800059670,8,10,22,1820,1,1,1,1,6,78624,M,,,78
200800059671,8,10,22,1845,1,2,1,1,7,78643,M,,,78
200800059672,8,10,4,1445,1,2,6,1,6,78643,M,,,78
200800059673,8,10,12,1025,1,2,3,1,1,78498,M,,,78
200800059674,8,10,8,800,2,1,3,1,3,78624,M,,,78
200800059675,8,10,31,1015,1,2,2,2,6,78498,M,,,78
200800059676,8,10,2,1300,1,1,1,1,4,78269,M,,,78
200800059677,8,10,3,915,1,2,1,1,2,78486,M,,,78
200800059678,8,10,3,1530,1,1,1,2,2,78220,M,,,78
200800059679,8,10,3,2220,3,1,1,8,6,78486,M,,,78
200800059680,8,10,7,1105,1,1,1,1,3,78517,M,,,78
200800059681,8,10,24,1235,1,2,1,1,7,78517,M,,,78
200800059682,8,10,12,1430,1,1,1,1,3,78551,M,,,78
200800059683,8,10,18,1200,1,2,1,1,2,78551,M,,,78
200800059684,8,10,17,1810,1,2,1,1,1,78586,M,,,78
200800059685,8,10,19,325,5,2,1,1,6,78586,M,,,78
200800059686,8,10,7,2245,5,2,1,2,1,78621,M,,,78
200800059687,8,10,2,1745,1,2,1,1,4,78621,M,,,78
200800059688,8,10,17,1350,1,2,1,1,1,78621,M,,,78
200800059689,8,10,30,1845,2,2,3,3,3,78621,M,,,78
200800059690,8,10,31,2340,5,2,1,3,6,78621,M,,,78
200800059691,8,10,31,1100,1,2,1,1,6,78621,M,,,78
200800059692,8,10,10,1200,1,2,1,1,1,78640,M,,,78
200800059693,8,10,21,1600,1,2,9,2,3,78640,M,,,78
200800059694,8,10,1,900,1,2,1,1,3,78646,M,,,78
200800059695,8,10,4,1840,1,2,3,1,3,78646,M,,,78
200800059696,8,10,13,1705,1,2,4,1,3,78646,M,,,78
200800059697,8,10,9,1925,2,2,1,1,6,78646,M,,,78
200800059698,8,10,15,555,5,2,2,1,3,78646,M,,,78
200800059699,8,10,20,1025,1,2,2,1,3,78646,M,,,78
200800059700,8,10,19,1500,1,2,1,1,2,78646,M,,,78
200800059701,8,10,23,1935,5,2,1,1,6,78646,M,,,78
200800059702,8,10,25,1625,1,2,1,1,6,78646,M,,,78
200800059703,8,10,31,1615,1,2,2,2,3,78646,M,,,78
200800059704,8,10,3,925,1,2,6,1,3,78650,M,,,78
200800059705,8,10,7,1140,1,2,1,1,3,78146,M,,,78
200800059706,8,10,12,1655,1,2,1,1,3,78146,M,,,78
200800059707,8,10,7,825,2,2,3,7,3,79191,M,,,79
200800059708,8,10,16,1345,1,2,3,1,2,79191,M,,,79
200800059709,8,10,16,905,1,2,2,1,7,79191,M,,,79
200800059710,8,10,20,720,5,2,4,1,3,79191,M,,,79
200800059711,8,10,22,1515,1,1,1,1,1,79081,M,,,79
200800059712,8,10,27,1735,1,2,1,1,3,79191,M,,,79
200800059713,8,10,9,1820,1,2,3,1,3,79329,M,,,79
200800059714,8,10,5,1945,5,1,2,2,3,79329,M,,,79
200800059715,8,10,27,1547,1,2,1,1,6,80001,M,,,80
200800059716,8,10,1,2325,5,2,2,2,3,80021,M,,,80
200800059717,8,10,1,1150,1,2,1,1,6,80021,M,,,80
200800059718,8,10,1,1030,1,2,1,1,3,80725,M,,,80
200800059719,8,10,1,830,1,1,1,2,7,80021,M,,,80
200800059720,8,10,2,820,1,2,3,2,3,80021,M,,,80
200800059721,8,10,2,1150,1,2,1,2,3,80021,M,,,80
200800059722,8,10,5,1530,1,2,1,1,6,80021,M,,,80
200800059723,8,10,5,1130,1,2,1,1,3,80021,M,,,80
200800059724,8,10,6,735,5,1,1,2,1,80131,M,,,80
200800059725,8,10,2,1840,1,2,1,2,6,80131,M,,,80
200800059726,8,10,4,1815,1,2,1,1,6,80021,M,,,80
200800059727,8,10,6,1400,1,2,3,1,3,80021,M,,,80
200800059728,8,10,6,900,1,2,1,2,6,80021,M,,,80
200800059729,8,10,11,2300,5,2,1,1,6,80725,M,,,80
200800059730,8,10,11,1805,2,2,1,1,5,80021,M,,,80
200800059731,8,10,9,1855,1,2,1,1,3,80021,M,,,80
200800059732,8,10,10,835,1,1,1,1,3,80725,M,,,80
200800059733,8,10,10,1250,1,2,1,1,3,80261,M,,,80
200800059734,8,10,10,1410,1,2,1,1,4,80021,M,,,80
200800059735,8,10,10,2220,5,2,1,1,2,80021,M,,,80
200800059736,8,10,9,1500,1,1,6,1,7,80131,M,,,80
200800059737,8,10,9,1525,1,2,1,1,2,80021,M,,,80
200800059738,8,10,13,1255,1,2,1,1,3,80725,M,,,80
200800059739,8,10,13,1700,1,1,2,1,3,80021,M,,,80
200800059740,8,10,14,1910,5,2,1,1,3,80021,M,,,80
200800059741,8,10,14,1720,1,2,3,1,3,80021,M,,,80
200800059742,8,10,14,815,1,2,1,1,3,80021,M,,,80
200800059743,8,10,16,800,2,2,1,2,3,80021,M,,,80
200800059744,8,10,19,1430,1,2,1,1,1,80021,M,,,80
200800059745,8,10,18,2100,5,2,1,1,6,80021,M,,,80
200800059746,8,10,17,850,1,2,2,1,3,80021,M,,,80
200800059747,8,10,17,1135,1,2,1,1,6,80021,M,,,80
200800059748,8,10,22,1621,1,2,3,1,3,80021,M,,,80
200800059749,8,10,22,1255,1,2,1,1,6,80021,M,,,80
200800059750,8,10,23,1510,1,2,3,1,3,80021,M,,,80
200800059751,8,10,23,1730,1,2,2,1,3,80021,M,,,80
200800059752,8,10,26,1320,1,2,1,1,7,80021,M,,,80
200800059753,8,10,24,1815,5,2,3,2,3,80021,M,,,80
200800059754,8,10,29,1240,1,1,1,1,7,80164,M,,,80
200800059755,8,10,30,755,2,2,1,1,6,80021,M,,,80
200800059756,8,10,31,905,1,2,2,1,3,80021,M,,,80
200800059757,8,10,31,945,1,2,1,1,5,80164,M,,,80
200800059758,8,10,31,750,2,2,1,1,6,80021,M,,,80
200800059759,8,10,2,2020,5,2,1,3,3,81004,M,,,81
200800059760,8,10,10,1455,1,1,2,1,3,81060,M,,,81
200800059761,8,10,4,1800,1,1,1,1,7,81163,M,,,81
200800059762,8,10,8,725,2,1,1,9,6,82033,M,,,82
200800059763,8,10,22,1405,1,2,3,1,6,82033,M,,,82
200800059764,8,10,2,1935,1,2,2,2,3,82121,M,,,82
200800059765,8,10,2,1800,1,1,3,1,2,82121,M,,,82
200800059766,8,10,4,1400,1,2,2,1,3,82121,M,,,82
200800059767,8,10,5,1600,1,2,1,1,6,82121,M,,,82
200800059768,8,10,5,1650,1,1,1,1,6,82121,M,,,82
200800059769,8,10,11,1900,1,2,3,1,3,82121,M,,,82
200800059770,8,10,10,1940,1,2,3,1,3,82121,M,,,82
200800059771,8,10,10,750,1,2,1,1,6,82121,M,,,82
200800059772,8,10,14,1818,1,1,3,1,3,82121,M,,,82
200800059773,8,10,25,620,3,1,1,1,6,82121,M,,,82
200800059774,8,10,21,936,1,2,3,1,3,82121,M,,,82
200800059775,8,10,31,1340,1,2,2,1,3,82121,M,,,82
200800059776,8,10,19,1300,1,2,1,1,6,82121,M,,,82
200800059777,8,10,22,1700,1,2,1,1,6,82121,M,,,82
200800059778,8,10,1,1125,1,2,3,1,3,83050,M,,,83
200800059779,8,10,6,950,1,2,1,1,2,83050,M,,,83
200800059780,8,10,12,1715,1,1,2,1,5,83050,M,,,83
200800059781,8,10,12,1705,1,1,1,1,1,83050,M,,,83
200800059782,8,10,17,1555,1,2,3,1,6,83050,M,,,83
200800059783,8,10,20,2055,5,2,1,1,1,83141,M,,,83
200800059784,8,10,23,1353,1,2,1,1,1,83050,M,,,83
200800059785,8,10,30,1135,1,2,1,1,2,83050,M,,,83
200800059786,8,10,31,1405,1,1,1,3,1,83050,M,,,83
200800059787,8,10,16,1645,1,1,1,1,7,83061,M,,,83
200800059788,8,10,20,850,1,2,1,1,3,83061,M,,,83
200800059789,8,10,15,900,1,2,3,1,3,83118,M,,,83
200800059790,8,10,18,2035,5,2,1,1,7,83061,M,,,83
200800059791,8,10,20,1130,1,2,1,1,6,83069,M,,,83
200800059792,8,10,24,1500,1,1,1,1,1,83069,M,,,83
200800059793,8,10,6,825,1,2,1,7,6,83009,M,,,83
200800059794,8,10,13,1825,1,2,3,1,7,83123,M,,,83
200800059795,8,10,17,1545,1,2,3,1,3,83123,M,,,83
200800059796,8,10,21,1400,1,1,3,1,3,83129,M,,,83
200800059797,8,10,23,1610,1,2,1,1,6,83129,M,,,83
200800059798,8,10,25,1805,1,2,1,1,4,83129,M,,,83
200800059799,8,10,26,2310,5,2,6,1,3,83123,M,,,83
200800059800,8,10,29,1045,1,2,1,1,6,83009,M,,,83
200800059801,8,10,3,1737,1,2,1,1,3,83126,M,,,83
200800059802,8,10,12,2355,5,2,2,1,3,83126,M,,,83
200800059803,8,10,11,2001,5,2,1,1,7,83126,M,,,83
200800059804,8,10,1,1628,1,2,1,1,3,83126,M,,,83
200800059805,8,10,4,500,5,1,1,1,1,83126,M,,,83
200800059806,8,10,15,1740,1,2,1,1,2,83126,M,,,83
200800059807,8,10,21,643,5,2,1,1,2,83126,M,,,83
200800059808,8,10,2,1535,1,2,1,1,3,83137,M,,,83
200800059809,8,10,3,1945,5,2,1,1,6,83137,M,,,83
200800059810,8,10,4,1430,1,2,4,1,2,83137,M,,,83
200800059811,8,10,7,1600,1,2,2,1,6,83137,M,,,83
200800059812,8,10,6,955,1,2,1,1,2,83137,M,,,83
200800059813,8,10,5,1530,1,2,1,1,3,83137,M,,,83
200800059814,8,10,10,1630,1,2,1,1,2,83137,M,,,83
200800059815,8,10,10,1631,1,2,1,1,3,83137,M,,,83
200800059816,8,10,13,900,1,2,1,8,2,83137,M,,,83
200800059817,8,10,9,1545,1,2,6,1,3,83137,M,,,83
200800059818,8,10,13,1400,1,2,1,1,6,83137,M,,,83
200800059819,8,10,10,340,5,1,1,1,7,83062,M,,,83
200800059820,8,10,4,1220,1,2,1,1,4,83062,M,,,83
200800059821,8,10,14,1700,1,2,1,1,2,83137,M,,,83
200800059822,8,10,13,2140,5,2,1,1,3,83137,M,,,83
200800059823,8,10,9,1755,1,2,9,1,6,83137,M,,,83
200800059824,8,10,1,1130,1,2,1,1,4,83137,M,,,83
200800059825,8,10,10,2010,5,2,1,1,2,83137,M,,,83
200800059826,8,10,12,1110,1,2,1,1,6,83137,M,,,83
200800059827,8,10,16,905,1,2,1,1,3,83098,M,,,83
200800059828,8,10,17,1650,1,2,1,1,3,83137,M,,,83
200800059829,8,10,18,1445,1,2,1,1,3,83137,M,,,83
200800059830,8,10,19,1855,3,2,3,1,6,83137,M,,,83
200800059831,8,10,21,1530,1,2,1,1,3,83137,M,,,83
200800059832,8,10,12,1420,1,2,1,1,6,83137,M,,,83
200800059833,8,10,18,1500,1,2,1,1,4,83137,M,,,83
200800059834,8,10,22,1430,1,2,1,3,6,83137,M,,,83
200800059835,8,10,24,1500,1,2,1,1,6,83137,M,,,83
200800059836,8,10,23,2140,5,2,1,1,6,83137,M,,,83
200800059837,8,10,20,750,1,2,3,1,3,83144,M,,,83
200800059838,8,10,23,1540,1,2,1,8,3,83062,M,,,83
200800059839,8,10,27,1535,1,2,1,8,6,83137,M,,,83
200800059840,8,10,28,2050,3,2,1,8,6,83137,M,,,83
200800059841,8,10,27,840,1,2,6,1,3,83098,M,,,83
200800059842,8,10,22,2145,5,1,1,2,7,83098,M,,,83
200800059843,8,10,29,1130,1,2,3,2,3,83144,M,,,83
200800059844,8,10,28,1210,1,2,1,2,2,83137,M,,,83
200800059845,8,10,31,755,1,2,1,2,3,83062,M,,,83
200800059846,8,10,18,1600,1,2,5,1,6,83137,M,,,83
200800059847,8,10,30,2335,5,2,3,2,3,83144,M,,,83
200800059848,8,10,25,1850,3,1,1,1,1,83090,M,,,83
200800059849,8,10,21,1745,1,2,1,1,3,83137,M,,,83
200800059850,8,10,20,1205,1,2,1,1,6,83137,M,,,83
200800059851,8,10,3,1350,1,1,2,1,5,84007,M,,,84
200800059852,8,10,3,1825,1,2,1,1,3,84007,M,,,84
200800059853,8,10,3,2105,4,2,1,1,3,84007,M,,,84
200800059854,8,10,6,920,1,2,1,1,3,84007,M,,,84
200800059855,8,10,5,810,1,2,1,1,3,84007,M,,,84
200800059856,8,10,10,1205,1,1,2,1,3,84007,M,,,84
200800059857,8,10,16,710,2,2,3,1,3,84007,M,,,84
200800059858,8,10,18,2015,5,2,1,1,2,84007,M,,,84
200800059859,8,10,23,1440,1,2,1,1,6,84007,M,,,84
200800059860,8,10,26,1800,1,1,1,1,2,84007,M,,,84
200800059861,8,10,30,1715,1,1,1,1,3,84007,M,,,84
200800059862,8,10,30,1930,5,2,1,1,3,84007,M,,,84
200800059863,8,10,5,135,5,2,1,1,6,84031,M,,,84
200800059864,8,10,20,750,2,1,3,1,6,84031,M,,,84
200800059865,8,10,12,1710,1,2,1,1,3,84035,M,,,84
200800059866,8,10,30,1715,2,1,6,1,3,84087,M,,,84
200800059867,8,10,2,815,1,2,1,1,6,84089,M,,,84
200800059868,8,10,5,1250,1,2,1,1,3,84089,M,,,84
200800059869,8,10,14,1900,5,2,3,1,6,84089,M,,,84
200800059870,8,10,14,805,1,1,1,1,1,84089,M,,,84
200800059871,8,10,1,745,2,2,2,1,3,85191,M,,,85
200800059872,8,10,1,2105,5,2,2,2,1,85191,M,,,85
200800059873,8,10,10,1920,1,2,3,1,3,85191,M,,,85
200800059874,8,10,10,1210,1,2,1,1,6,85191,M,,,85
200800059875,8,10,20,1845,1,2,1,1,3,85191,M,,,85
200800059876,8,10,25,2035,1,2,1,1,6,85191,M,,,85
200800059877,8,10,28,1105,1,2,2,1,1,85191,M,,,85
200800059878,8,10,13,745,4,2,6,5,3,85194,M,,,85
200800059879,8,10,21,410,5,2,4,2,6,85194,M,,,85
200800059880,8,10,20,1145,1,2,1,1,6,85194,M,,,85
200800059881,8,10,24,1450,1,2,1,1,3,85194,M,,,85
200800059882,8,10,31,1515,1,2,2,1,3,85194,M,,,85
200800059883,8,10,18,1600,1,2,3,1,6,86066,M,,,86
200800059884,8,10,31,1810,5,2,1,2,6,86066,M,,,86
200800059885,8,10,2,1710,1,2,1,1,6,86194,M,,,86
200800059886,8,10,3,820,1,2,1,1,4,86194,M,,,86
200800059887,8,10,3,1730,1,1,1,2,1,86133,M,,,86
200800059888,8,10,4,1520,1,2,6,1,3,86194,M,,,86
200800059889,8,10,8,1725,1,2,2,1,3,86194,M,,,86
200800059890,8,10,9,1040,1,1,3,1,3,86088,M,,,86
200800059891,8,10,9,2015,5,2,1,1,6,86194,M,,,86
200800059892,8,10,9,2355,3,1,1,1,6,86157,M,,,86
200800059893,8,10,11,20,5,2,6,1,3,86194,M,,,86
200800059894,8,10,12,1635,1,2,3,1,3,86194,M,,,86
200800059895,8,10,12,1905,1,2,1,1,2,86194,M,,,86
200800059896,8,10,17,1705,1,2,3,1,3,86194,M,,,86
200800059897,8,10,18,1735,1,2,1,1,6,86194,M,,,86
200800059898,8,10,18,840,1,2,2,1,6,86194,M,,,86
200800059899,8,10,18,1355,1,2,1,1,3,86194,M,,,86
200800059900,8,10,20,1855,2,2,1,1,4,86194,M,,,86
200800059901,8,10,22,1505,1,2,2,1,4,86194,M,,,86
200800059902,8,10,22,1510,1,2,3,1,6,86041,M,,,86
200800059903,8,10,23,1150,1,2,3,1,3,86194,M,,,86
200800059904,8,10,29,1610,1,2,1,1,6,86194,M,,,86
200800059905,8,10,30,1550,1,1,1,1,1,86041,M,,,86
200800059906,8,10,1,633,3,1,1,2,6,87075,M,,,87
200800059907,8,10,1,1540,1,2,1,2,6,87085,M,,,87
200800059908,8,10,1,1844,1,2,1,2,6,87085,M,,,87
200800059909,8,10,1,2328,5,2,3,2,3,87085,M,,,87
200800059910,8,10,2,759,1,2,1,2,3,87085,M,,,87
200800059911,8,10,2,1543,1,2,2,1,6,87085,M,,,87
200800059912,8,10,2,1728,1,2,1,1,2,87085,M,,,87
200800059913,8,10,2,1747,1,2,1,1,2,87085,M,,,87
200800059914,8,10,3,825,1,2,1,1,6,87085,M,,,87
200800059915,8,10,3,1810,1,2,3,2,6,87085,M,,,87
200800059916,8,10,4,1416,1,2,1,1,6,87085,M,,,87
200800059917,8,10,6,110,5,1,1,2,6,87085,M,,,87
200800059918,8,10,6,905,1,2,1,2,6,87085,M,,,87
200800059919,8,10,6,818,1,1,1,3,4,87085,M,,,87
200800059920,8,10,6,923,1,2,1,2,2,87114,M,,,87
200800059921,8,10,6,1225,1,2,1,2,4,87085,M,,,87
200800059922,8,10,7,825,1,2,1,1,2,87085,M,,,87
200800059923,8,10,7,1928,5,2,1,2,6,87065,M,,,87
200800059924,8,10,8,749,2,1,1,2,6,87085,M,,,87
200800059925,8,10,8,1159,1,2,1,1,6,87085,M,,,87
200800059926,8,10,8,1850,1,2,2,1,1,87113,M,,,87
200800059927,8,10,8,1819,1,2,2,1,3,87085,M,,,87
200800059928,8,10,8,1759,1,1,3,1,3,87048,M,,,87
200800059929,8,10,9,550,5,2,1,1,6,87085,M,,,87
200800059930,8,10,9,1254,1,2,3,1,3,87085,M,,,87
200800059931,8,10,10,742,1,2,2,1,2,87085,M,,,87
200800059932,8,10,10,830,1,2,2,1,3,87065,M,,,87
200800059933,8,10,11,943,1,2,1,1,3,87085,M,,,87
200800059934,8,10,11,1150,1,2,1,2,3,87085,M,,,87
200800059935,8,10,12,1327,1,2,1,1,3,87085,M,,,87
200800059936,8,10,13,757,1,2,2,1,6,87085,M,,,87
200800059937,8,10,13,737,1,1,1,1,3,87085,M,,,87
200800059938,8,10,13,1538,1,2,1,1,6,87085,M,,,87
200800059939,8,10,13,1349,1,2,1,1,5,87048,M,,,87
200800059940,8,10,13,1612,1,2,2,1,2,87085,M,,,87
200800059941,8,10,14,1215,1,2,1,1,6,87085,M,,,87
200800059942,8,10,14,1804,1,2,1,1,3,87085,M,,,87
200800059943,8,10,15,808,5,2,1,1,6,87085,M,,,87
200800059944,8,10,16,906,1,2,1,2,6,87085,M,,,87
200800059945,8,10,16,1320,1,2,1,1,5,87085,M,,,87
200800059946,8,10,16,1640,1,2,1,1,6,87085,M,,,87
200800059947,8,10,16,2030,5,2,1,1,3,87085,M,,,87
200800059948,8,10,18,2137,5,2,1,1,6,87085,M,,,87
200800059949,8,10,19,500,5,2,9,1,6,87085,M,,,87
200800059950,8,10,20,707,5,1,3,1,3,87114,M,,,87
200800059951,8,10,20,1235,1,2,3,1,3,87085,M,,,87
200800059952,8,10,21,1435,1,1,1,2,3,87075,M,,,87
200800059953,8,10,21,1335,1,1,1,2,2,87085,M,,,87
200800059954,8,10,21,809,5,2,9,8,6,87114,M,,,87
200800059955,8,10,21,1728,1,2,1,2,6,87085,M,,,87
200800059956,8,10,21,1620,5,1,1,2,6,87075,M,,,87
200800059957,8,10,21,2140,3,1,1,2,6,87075,M,,,87
200800059958,8,10,22,755,1,2,1,2,3,87085,M,,,87
200800059959,8,10,22,1118,1,2,1,2,2,87085,M,,,87
200800059960,8,10,22,1700,1,2,1,1,6,87085,M,,,87
200800059961,8,10,23,1330,1,2,1,1,6,87085,M,,,87
200800059962,8,10,23,1652,1,2,3,1,3,87085,M,,,87
200800059963,8,10,24,755,1,2,1,1,6,87085,M,,,87
200800059964,8,10,24,1636,1,2,1,1,6,87114,M,,,87
200800059965,8,10,24,1945,5,2,1,1,6,87085,M,,,87
200800059966,8,10,24,2159,5,2,1,1,6,87085,M,,,87
200800059967,8,10,27,1214,1,2,1,2,3,87085,M,,,87
200800059968,8,10,27,1615,1,2,1,1,6,87075,M,,,87
200800059969,8,10,27,1920,5,2,1,1,1,87085,M,,,87
200800059970,8,10,30,1341,1,2,2,1,5,87085,M,,,87
200800059971,8,10,30,1916,5,2,1,2,6,87085,M,,,87
200800059972,8,10,31,1217,1,2,1,1,6,87065,M,,,87
200800059973,8,10,23,1855,2,2,1,1,6,88209,M,4819077.0,643366.0,88
200800059974,8,10,8,1830,2,2,3,2,6,88160,M,,,88
200800059975,8,10,14,2200,5,2,1,1,3,88160,M,,,88
200800059976,8,10,20,1130,1,2,1,1,6,88160,M,,,88
200800059977,8,10,23,1215,1,2,6,1,5,88160,M,4820364.0,645824.0,88
200800059978,8,10,28,1850,5,2,2,1,3,88160,M,4817938.0,644460.0,88
200800059979,8,10,29,1850,5,2,2,2,1,88160,M,4816696.0,645147.0,88
200800059980,8,10,30,1925,5,2,1,2,1,88160,M,4819969.0,645146.0,88