Num_Acc,an,mois,jour,hrmn,lum,agg,int,atm,col,com,gps,lat,long,dep
200800059981,8,10,11,1125,1,2,1,1,6,88424,M,4827095.0,697306.0,88
200800059982,8,10,29,1750,5,2,1,2,6,88413,M,4829650.0,693535.0,88
200800059983,8,10,1,1810,1,2,1,2,2,89024,M,,,89
200800059984,8,10,17,900,1,2,1,1,6,89024,M,,,89
200800059985,8,10,17,745,2,2,2,1,6,89024,M,,,89
200800059986,8,10,30,1630,1,1,1,1,6,89024,M,,,89
200800059987,8,10,17,1710,1,2,2,1,3,89387,M,,,89
200800059988,8,10,30,1330,1,2,2,2,3,89387,M,,,89
200800059989,8,10,7,925,1,2,6,1,7,90001,M,,,90
200800059990,8,10,7,1021,1,2,1,1,7,90010,M,,,90
200800059991,8,10,8,1145,1,2,3,1,3,90010,M,,,90
200800059992,8,10,8,1825,2,2,1,2,3,90010,M,,,90
200800059993,8,10,9,810,1,2,1,2,2,90010,M,,,90
200800059994,8,10,10,1505,1,2,1,1,3,90010,M,,,90
200800059995,8,10,11,1625,1,2,1,1,7,90010,M,,,90
200800059996,8,10,11,1719,1,2,1,1,7,90010,M,,,90
200800059997,8,10,12,825,1,2,1,1,3,90032,M,,,90
200800059998,8,10,13,650,5,1,9,1,3,90010,M,,,90
200800059999,8,10,14,1640,1,2,1,1,4,90010,M,,,90
200800060000,8,10,17,1530,1,2,6,1,6,90010,M,,,90
200800060001,8,10,17,1713,1,2,2,1,3,90010,M,,,90
200800060002,8,10,17,1720,1,2,2,1,3,90010,M,,,90
200800060003,8,10,18,150,5,2,3,1,6,90032,M,,,90
200800060004,8,10,21,1150,1,2,1,1,6,90010,M,,,90
200800060005,8,10,23,825,1,2,1,1,6,90010,M,,,90
200800060006,8,10,24,1215,1,2,1,1,3,90010,M,,,90
200800060007,8,10,24,1229,1,2,3,1,3,90010,M,,,90
200800060008,8,10,24,2130,5,2,6,1,6,90010,M,,,90
200800060009,8,10,25,1645,1,2,1,1,4,90008,M,,,90
200800060010,8,10,26,2220,5,2,1,1,6,90039,M,,,90
200800060011,8,10,28,1012,1,2,1,1,4,90032,M,,,90
200800060012,8,10,28,1719,5,2,1,2,6,90010,M,,,90
200800060013,8,10,30,1555,1,2,1,2,7,90010,M,,,90
200800060014,8,10,30,1754,5,2,2,2,6,90010,M,,,90
200800060015,8,10,31,1415,1,2,1,2,2,90008,M,,,90
200800060016,8,10,4,1700,1,2,2,1,3,91339,M,,,91
200800060017,8,10,9,815,1,2,1,1,1,91425,M,,,91
200800060018,8,10,11,1250,1,2,1,1,2,91425,M,,,91
200800060019,8,10,11,1948,5,2,3,1,3,91425,M,,,91
200800060020,8,10,22,1830,2,2,1,1,2,91021,M,,,91
200800060021,8,10,26,1348,1,2,2,1,3,91425,M,,,91
200800060022,8,10,21,800,2,2,1,2,6,91479,M,,,91
200800060023,8,10,4,1415,1,2,2,1,3,91114,M,,,91
200800060024,8,10,5,1355,1,2,1,1,3,91215,M,,,91
200800060025,8,10,6,1330,1,2,1,1,3,91097,M,,,91
200800060026,8,10,8,819,1,2,2,1,3,91514,M,,,91
200800060027,8,10,8,1815,1,2,2,1,3,91114,M,,,91
200800060028,8,10,9,750,2,2,2,1,3,91114,M,,,91
200800060029,8,10,9,610,5,2,1,1,7,91631,M,,,91
200800060030,8,10,9,1110,1,2,1,1,6,91114,M,,,91
200800060031,8,10,9,1445,1,2,1,1,3,91514,M,,,91
200800060032,8,10,14,1525,1,2,1,1,1,91114,M,,,91
200800060033,8,10,15,1845,2,2,1,2,6,91514,M,,,91
200800060034,8,10,18,2015,5,2,1,1,3,91114,M,,,91
200800060035,8,10,20,1945,2,2,2,1,3,91114,M,,,91
200800060036,8,10,25,1220,1,2,1,1,6,91514,M,,,91
200800060037,8,10,20,1745,1,2,1,1,2,91174,M,,,91
200800060038,8,10,1,1605,1,2,2,1,3,91201,M,,,91
200800060039,8,10,5,1800,1,2,1,1,6,91657,M,,,91
200800060040,8,10,9,1315,1,2,1,1,6,91201,M,,,91
200800060041,8,10,3,1600,1,2,2,1,3,91657,M,,,91
200800060042,8,10,21,920,1,2,1,1,6,91657,M,,,91
200800060043,8,10,22,1035,1,2,1,1,2,91657,M,,,91
200800060044,8,10,23,1300,1,2,2,1,5,91657,M,,,91
200800060045,8,10,8,1215,1,2,1,1,3,91223,M,,,91
200800060046,8,10,16,825,1,2,2,2,6,91223,M,,,91
200800060047,8,10,22,2015,5,2,1,1,7,91223,M,,,91
200800060048,8,10,23,2015,3,1,1,1,7,91223,M,,,91
200800060049,8,10,24,510,3,1,1,1,7,91223,M,,,91
200800060050,8,10,1,1200,1,2,1,1,6,91521,M,,,91
200800060051,8,10,1,1720,1,2,1,1,6,91228,M,,,91
200800060052,8,10,8,1220,1,2,1,1,6,91521,M,,,91
200800060053,8,10,9,1140,1,2,1,1,7,91228,M,,,91
200800060054,8,10,12,1305,1,2,2,1,3,91228,M,,,91
200800060055,8,10,14,1805,1,2,1,1,6,91228,M,,,91
200800060056,8,10,19,1840,1,2,1,1,3,91521,M,,,91
200800060057,8,10,21,955,1,2,1,2,7,91182,M,,,91
200800060058,8,10,21,1830,2,2,3,2,3,91228,M,,,91
200800060059,8,10,3,2025,5,1,2,1,3,91326,M,,,91
200800060060,8,10,15,1940,5,2,1,2,2,91286,M,,,91
200800060061,8,10,21,1545,1,2,1,1,2,91687,M,,,91
200800060062,8,10,20,745,5,2,3,1,3,91687,M,,,91
200800060063,8,10,27,1820,5,2,6,3,3,91687,M,,,91
200800060064,8,10,9,1430,1,2,1,1,6,91345,M,,,91
200800060065,8,10,17,100,5,2,3,1,3,91161,M,,,91
200800060066,8,10,3,1055,1,2,1,1,6,91421,M,,,91
200800060067,8,10,3,1700,1,2,9,1,6,91421,M,,,91
200800060068,8,10,11,1625,1,2,3,1,6,91691,M,,,91
200800060069,8,10,11,1830,1,2,1,1,6,91691,M,,,91
200800060070,8,10,12,1930,1,2,1,1,3,91691,M,,,91
200800060071,8,10,14,820,1,2,2,1,3,91421,M,,,91
200800060072,8,10,15,1335,1,2,1,1,6,91691,M,,,91
200800060073,8,10,17,755,1,1,1,1,3,91421,M,,,91
200800060074,8,10,21,1935,1,2,1,1,6,91421,M,,,91
200800060075,8,10,19,1425,1,2,1,1,2,91691,M,,,91
200800060076,8,10,23,935,1,2,1,1,6,91421,M,,,91
200800060077,8,10,24,1000,1,2,1,1,3,91421,M,,,91
200800060078,8,10,30,1140,1,2,1,1,2,91421,M,,,91
200800060079,8,10,3,1945,5,1,3,1,3,91064,M,,,91
200800060080,8,10,4,1450,1,2,1,1,3,91645,M,,,91
200800060081,8,10,5,230,5,2,1,1,6,91692,M,,,91
200800060082,8,10,10,720,2,1,1,1,3,91692,M,,,91
200800060083,8,10,11,1657,1,2,1,1,3,91122,M,,,91
200800060084,8,10,14,945,1,2,1,1,7,91064,M,,,91
200800060085,8,10,16,1815,1,1,1,1,2,91692,M,,,91
200800060086,8,10,17,1400,1,2,1,1,3,91471,M,,,91
200800060087,8,10,20,745,2,2,1,1,3,91471,M,,,91
200800060088,8,10,21,1010,1,2,1,1,7,91692,M,,,91
200800060089,8,10,24,2250,5,2,4,1,3,91477,M,,,91
200800060090,8,10,25,850,1,2,3,1,3,91477,M,,,91
200800060091,8,10,27,925,1,2,3,8,3,91477,M,,,91
200800060092,8,10,28,1320,1,2,3,1,3,91477,M,,,91
200800060093,8,10,30,2000,3,1,6,1,3,91471,M,,,91
200800060094,8,10,1,1205,1,2,3,1,1,91549,M,,,91
200800060095,8,10,2,1115,1,2,7,1,1,91570,M,,,91
200800060096,8,10,3,1430,1,2,4,1,2,91549,M,,,91
200800060097,8,10,3,1630,1,2,2,1,3,91549,M,,,91
200800060098,8,10,6,910,1,2,3,1,5,91570,M,,,91
200800060099,8,10,7,2040,5,2,3,3,1,91667,M,,,91
200800060100,8,10,9,1050,1,2,2,7,3,91549,M,,,91
200800060101,8,10,10,805,1,2,6,1,3,91549,M,,,91
200800060102,8,10,22,1215,1,2,1,1,6,91549,M,,,91
200800060103,8,10,23,1715,1,2,2,1,6,91549,M,,,91
200800060104,8,10,25,1730,1,2,3,1,2,91570,M,,,91
200800060105,8,10,27,1500,1,2,2,1,2,91570,M,,,91
200800060106,8,10,8,1516,1,2,1,1,6,91589,M,,,91
200800060107,8,10,13,1155,1,2,1,1,6,91432,M,,,91
200800060108,8,10,3,1720,1,2,1,3,6,92002,M,,,92
200800060109,8,10,11,1220,1,2,1,1,6,92002,M,,,92
200800060110,8,10,15,1235,1,2,1,2,2,92002,M,,,92
200800060111,8,10,17,1125,1,2,2,1,6,92014,M,,,92
200800060112,8,10,20,1200,1,2,7,1,3,92002,M,,,92
200800060113,8,10,25,1000,1,2,1,1,6,92014,M,,,92
200800060114,8,10,27,715,2,2,3,2,6,92002,M,,,92
200800060115,8,10,6,1940,5,2,1,1,2,92004,M,,,92
200800060116,8,10,12,2100,5,2,3,1,6,92009,M,,,92
200800060117,8,10,13,1023,1,2,1,1,3,92009,M,,,92
200800060118,8,10,13,1915,5,2,1,1,6,92009,M,,,92
200800060119,8,10,16,655,5,2,1,2,4,92004,M,,,92
200800060120,8,10,16,1600,1,2,1,1,3,92004,M,,,92
200800060121,8,10,16,1815,1,2,2,1,3,92004,M,,,92
200800060122,8,10,21,1650,1,2,1,1,6,92009,M,,,92
200800060123,8,10,22,1800,4,2,2,1,3,92004,M,,,92
200800060124,8,10,23,1035,1,2,1,1,6,92004,M,,,92
200800060125,8,10,26,1130,1,2,1,1,3,92004,M,,,92
200800060126,8,10,31,2140,5,2,1,1,6,92004,M,,,92
200800060127,8,10,10,1130,1,2,1,1,2,92007,M,,,92
200800060128,8,10,14,1355,1,2,3,1,3,92007,M,,,92
200800060129,8,10,15,1917,5,2,1,2,2,92007,M,,,92
200800060130,8,10,16,1325,1,2,2,2,6,92007,M,,,92
200800060131,8,10,17,745,2,2,3,1,6,92007,M,,,92
200800060132,8,10,21,1240,1,2,3,2,3,92007,M,,,92
200800060133,8,10,23,1400,1,2,1,1,6,92007,M,,,92
200800060134,8,10,2,1350,1,2,1,1,6,92012,M,,,92
200800060135,8,10,4,905,1,2,1,1,2,92012,M,,,92
200800060136,8,10,8,745,1,2,1,1,6,92012,M,,,92
200800060137,8,10,12,1100,1,2,3,1,3,92012,M,,,92
200800060138,8,10,10,1420,1,2,5,1,6,92012,M,,,92
200800060139,8,10,13,1835,2,2,1,1,3,92012,M,,,92
200800060140,8,10,14,1300,1,2,3,1,3,92012,M,,,92
200800060141,8,10,16,930,1,2,1,1,6,92012,M,,,92
200800060142,8,10,17,1538,1,2,2,1,6,92012,M,,,92
200800060143,8,10,24,1510,1,2,1,1,3,92012,M,,,92
200800060144,8,10,10,955,1,2,3,1,3,92019,M,,,92
200800060145,8,10,10,1600,1,2,1,1,2,92071,M,,,92
200800060146,8,10,16,1945,5,2,9,1,3,92032,M,,,92
200800060147,8,10,17,1745,1,2,3,1,3,92019,M,,,92
200800060148,8,10,20,1930,4,2,1,1,6,92019,M,,,92
200800060149,8,10,21,755,1,2,1,2,3,92032,M,,,92
200800060150,8,10,25,630,5,2,2,1,1,92032,M,,,92
200800060151,8,10,29,845,1,2,6,5,6,92019,M,,,92
200800060152,8,10,7,800,1,2,1,2,3,92023,M,,,92
200800060153,8,10,8,2000,5,2,1,1,3,92023,M,,,92
200800060154,8,10,13,1055,1,2,2,1,3,92023,M,,,92
200800060155,8,10,15,1005,1,2,2,1,3,92060,M,,,92
200800060156,8,10,15,1220,1,2,3,1,2,92023,M,,,92
200800060157,8,10,17,1050,1,2,3,1,2,92023,M,,,92
200800060158,8,10,18,1835,1,2,3,1,3,92023,M,,,92
200800060159,8,10,19,1150,1,2,2,1,3,92023,M,,,92
200800060160,8,10,24,1235,1,2,2,1,4,92060,M,,,92
200800060161,8,10,28,555,5,2,3,1,6,92023,M,,,92
200800060162,8,10,29,1910,5,2,1,1,2,92023,M,,,92
200800060163,8,10,30,1745,5,2,1,3,3,92023,M,,,92
200800060164,8,10,1,1845,1,2,2,1,3,92024,M,,,92
200800060165,8,10,3,1625,1,2,1,2,3,92024,M,,,92
200800060166,8,10,8,935,1,2,1,1,6,92024,M,,,92
200800060167,8,10,8,1750,1,2,1,1,6,92024,M,,,92
200800060168,8,10,10,1130,1,2,1,1,6,92024,M,,,92
200800060169,8,10,11,1855,1,2,1,1,6,92024,M,,,92
200800060170,8,10,24,725,1,2,3,1,3,92024,M,,,92
200800060171,8,10,27,1305,1,2,2,1,3,92024,M,,,92
200800060172,8,10,27,1810,5,2,1,2,2,92024,M,,,92
200800060173,8,10,30,1535,1,2,2,2,3,92024,M,,,92
200800060174,8,10,30,2055,5,2,1,1,3,92024,M,,,92
200800060175,8,10,3,1620,1,2,1,1,2,92025,M,,,92
200800060176,8,10,6,1930,1,2,2,1,6,92025,M,,,92
200800060177,8,10,12,1700,1,2,1,1,1,92025,M,,,92
200800060178,8,10,13,1110,1,2,1,1,2,92025,M,,,92
200800060179,8,10,16,930,1,2,4,1,3,92025,M,,,92
200800060180,8,10,16,955,1,2,9,2,6,92025,M,,,92
200800060181,8,10,18,1900,2,2,1,1,6,92025,M,,,92
200800060182,8,10,22,1245,1,2,2,1,6,92025,M,,,92
200800060183,8,10,24,1655,1,2,2,2,3,92025,M,,,92
200800060184,8,10,27,2035,3,2,2,2,3,92025,M,,,92
200800060185,8,10,4,1245,1,2,2,1,6,92026,M,,,92
200800060186,8,10,7,850,1,2,2,1,6,92026,M,,,92
200800060187,8,10,7,945,1,2,2,2,3,92026,M,,,92
200800060188,8,10,13,840,1,2,1,1,6,92026,M,,,92
200800060189,8,10,14,930,1,2,2,8,3,92026,M,,,92
200800060190,8,10,17,1740,1,2,3,1,5,92026,M,,,92
200800060191,8,10,22,1915,5,2,3,1,6,92026,M,,,92
200800060192,8,10,22,1610,1,2,3,1,3,92026,M,,,92
200800060193,8,10,23,1610,1,2,3,1,3,92026,M,,,92
200800060194,8,10,23,1615,1,2,1,1,3,92026,M,,,92
200800060195,8,10,25,1725,1,2,1,1,3,92026,M,,,92
200800060196,8,10,27,900,1,2,1,9,6,92026,M,,,92
200800060197,8,10,27,1920,5,2,1,2,7,92026,M,,,92
200800060198,8,10,31,2150,5,2,2,9,3,92026,M,,,92
200800060199,8,10,23,1035,1,2,2,1,6,92026,M,,,92
200800060200,8,10,31,1520,1,2,2,2,3,92026,M,,,92
200800060201,8,10,29,1445,1,2,3,1,3,92026,M,,,92
200800060202,8,10,27,850,1,2,3,1,3,92026,M,,,92
200800060203,8,10,7,950,1,2,5,1,5,92035,M,,,92
200800060204,8,10,17,1826,1,2,1,1,6,92035,M,,,92
200800060205,8,10,17,1845,1,2,5,1,3,92035,M,,,92
200800060206,8,10,18,1205,1,1,3,1,3,92035,M,,,92
200800060207,8,10,24,745,2,2,3,1,3,92035,M,,,92
200800060208,8,10,22,1215,1,2,1,1,6,92035,M,,,92
200800060209,8,10,24,1520,1,2,1,1,3,92035,M,,,92
200800060210,8,10,26,2200,5,2,2,1,3,92035,M,,,92
200800060211,8,10,3,2000,5,2,4,2,1,92035,M,,,92
200800060212,8,10,27,100,5,2,2,2,7,92035,M,,,92
200800060213,8,10,31,2050,5,2,3,1,3,92035,M,,,92
200800060214,8,10,1,1640,1,2,5,2,3,92036,M,,,92
200800060215,8,10,2,1045,1,2,1,1,2,92036,M,,,92
200800060216,8,10,3,810,1,2,1,1,3,92036,M,,,92
200800060217,8,10,3,2000,5,2,1,1,6,92036,M,,,92
200800060218,8,10,7,1210,1,2,1,1,6,92036,M,,,92
200800060219,8,10,7,1230,1,2,1,1,3,92036,M,,,92
200800060220,8,10,8,935,1,2,1,1,6,92036,M,,,92
200800060221,8,10,14,1925,5,2,1,1,6,92036,M,,,92
200800060222,8,10,16,2215,5,2,1,1,6,92036,M,,,92
200800060223,8,10,22,1845,2,2,2,1,6,92036,M,,,92
200800060224,8,10,24,900,1,2,1,1,5,92036,M,,,92
200800060225,8,10,25,355,5,2,9,1,6,92036,M,,,92
200800060226,8,10,26,1520,1,2,9,1,3,92036,M,,,92
200800060227,8,10,3,750,2,2,2,2,3,92040,M,,,92
200800060228,8,10,13,1500,1,2,1,1,3,92040,M,,,92
200800060229,8,10,15,1620,1,2,1,2,2,92040,M,,,92
200800060230,8,10,16,2020,5,2,2,1,3,92040,M,,,92
200800060231,8,10,18,2050,5,2,1,1,3,92040,M,,,92
200800060232,8,10,18,2130,5,2,2,9,3,92040,M,,,92
200800060233,8,10,17,1150,1,2,1,1,6,92040,M,,,92
200800060234,8,10,18,1340,1,2,3,1,6,92040,M,,,92
200800060235,8,10,27,1905,5,2,3,2,6,92040,M,,,92
200800060236,8,10,3,1920,2,2,1,2,1,92044,M,,,92
200800060237,8,10,7,1820,5,2,2,1,6,92044,M,,,92
200800060238,8,10,13,1915,5,2,1,1,6,92044,M,,,92
200800060239,8,10,17,745,1,2,2,1,6,92044,M,,,92
200800060240,8,10,22,1250,1,2,2,1,3,92044,M,,,92
200800060241,8,10,28,725,2,2,1,1,3,92044,M,,,92
200800060242,8,10,28,1115,1,2,7,1,2,92044,M,,,92
200800060243,8,10,16,2000,3,2,3,2,1,92048,M,,,92
200800060244,8,10,15,1900,2,2,2,2,2,92048,M,,,92
200800060245,8,10,24,200,5,1,1,1,6,92048,M,,,92
200800060246,8,10,28,5,5,2,3,1,3,92048,M,,,92
200800060247,8,10,29,1400,1,2,3,1,3,92048,M,,,92
200800060248,8,10,1,640,5,2,1,1,6,92049,M,,,92
200800060249,8,10,3,850,1,2,1,1,2,92049,M,,,92
200800060250,8,10,3,1010,1,2,1,1,6,92020,M,,,92
200800060251,8,10,3,1235,1,2,1,1,3,92020,M,,,92
200800060252,8,10,5,1230,1,2,1,2,5,92049,M,,,92
200800060253,8,10,6,620,5,2,1,1,3,92020,M,,,92
200800060254,8,10,7,740,2,2,6,1,6,92020,M,,,92
200800060255,8,10,7,945,1,2,1,2,2,92049,M,,,92
200800060256,8,10,8,1010,1,2,1,1,2,92049,M,,,92
200800060257,8,10,9,1555,1,2,2,1,3,92049,M,,,92
200800060258,8,10,15,1645,1,2,2,2,3,92020,M,,,92
200800060259,8,10,16,1340,1,2,1,2,2,92049,M,,,92
200800060260,8,10,19,1545,1,2,1,1,2,92020,M,,,92
200800060261,8,10,17,925,1,2,2,1,5,92020,M,,,92
200800060262,8,10,22,1500,1,2,2,1,6,92049,M,,,92
200800060263,8,10,22,1530,1,2,1,1,2,92020,M,,,92
200800060264,8,10,23,1600,1,1,2,1,3,92020,M,,,92
200800060265,8,10,25,1710,1,2,2,1,6,92049,M,,,92
200800060266,8,10,26,845,1,2,2,1,3,92049,M,,,92
200800060267,8,10,26,1435,1,2,2,1,3,92049,M,,,92
200800060268,8,10,27,1745,1,2,2,1,3,92049,M,,,92
200800060269,8,10,27,1915,5,2,1,1,6,92020,M,,,92
200800060270,8,10,28,1355,1,2,1,1,3,92049,M,,,92
200800060271,8,10,31,1155,1,2,1,1,3,92049,M,,,92
200800060272,8,10,2,740,1,2,1,1,3,92050,M,,,92
200800060273,8,10,2,1220,1,2,1,1,6,92050,M,,,92
200800060274,8,10,7,2140,5,2,1,2,1,92050,M,,,92
200800060275,8,10,9,945,1,2,1,1,1,92050,M,,,92
200800060276,8,10,9,2010,2,2,2,1,3,92050,M,,,92
200800060277,8,10,10,1710,1,2,1,1,3,92050,M,,,92
200800060278,8,10,11,2145,5,2,1,1,1,92050,M,,,92
200800060279,8,10,11,1510,1,2,1,1,3,92050,M,,,92
200800060280,8,10,16,840,1,2,1,1,6,92050,M,,,92
200800060281,8,10,17,1930,2,2,1,1,5,92050,M,,,92
200800060282,8,10,20,1420,1,2,1,1,6,92050,M,,,92
200800060283,8,10,20,840,1,2,1,1,3,92050,M,,,92
200800060284,8,10,22,1615,1,2,1,2,3,92050,M,,,92
200800060285,8,10,17,1100,1,2,1,1,7,92050,M,,,92
200800060286,8,10,24,830,1,2,1,1,1,92050,M,,,92
200800060287,8,10,31,1210,1,2,1,2,7,92050,M,,,92
200800060288,8,10,6,915,1,2,1,1,6,92051,M,,,92
200800060289,8,10,4,1320,1,2,1,1,5,92051,M,,,92
200800060290,8,10,20,2250,5,2,1,1,7,92051,M,,,92
200800060291,8,10,1,1730,1,2,1,1,6,92051,M,,,92
200800060292,8,10,30,1245,1,2,1,1,2,92051,M,,,92
200800060293,8,10,13,1300,1,2,1,1,3,92051,M,,,92
200800060294,8,10,1,1400,1,2,1,2,3,92062,M,,,92
200800060295,8,10,2,1145,1,2,3,1,6,92062,M,,,92
200800060296,8,10,8,1350,1,2,1,1,2,92062,M,,,92
200800060297,8,10,14,1710,1,2,1,1,6,92062,M,,,92
200800060298,8,10,9,1000,1,2,1,1,7,92062,M,,,92
200800060299,8,10,17,1735,1,2,1,1,7,92062,M,,,92
200800060300,8,10,2,1940,2,2,1,2,2,92063,M,,,92
200800060301,8,10,15,1700,1,2,1,2,6,92063,M,,,92
200800060302,8,10,23,705,5,2,2,1,3,92063,M,,,92
200800060303,8,10,23,1415,1,2,1,1,5,92063,M,,,92
200800060304,8,10,25,1526,1,2,2,1,3,92063,M,,,92
200800060305,8,10,30,1755,5,2,1,2,6,92063,M,,,92
200800060306,8,10,2,2100,4,2,1,8,3,92064,M,,,92
200800060307,8,10,4,750,1,2,1,1,3,92076,M,,,92
200800060308,8,10,9,1545,1,2,3,1,2,92033,M,,,92
200800060309,8,10,10,115,5,2,2,1,3,92076,M,,,92
200800060310,8,10,11,1240,1,2,1,1,3,92064,M,,,92
200800060311,8,10,12,2225,5,2,1,1,3,92064,M,,,92
200800060312,8,10,14,1855,2,2,1,1,6,92047,M,,,92
200800060313,8,10,15,1305,1,2,1,2,2,92064,M,,,92
200800060314,8,10,17,1155,1,2,1,1,6,92064,M,,,92
200800060315,8,10,17,745,2,2,1,1,3,92076,M,,,92
200800060316,8,10,21,1500,1,2,1,2,1,92064,M,,,92
200800060317,8,10,22,1645,1,2,1,1,5,92033,M,,,92
200800060318,8,10,24,1310,1,2,1,1,3,92064,M,,,92
200800060319,8,10,27,830,1,2,1,2,2,92076,M,,,92
200800060320,8,10,30,1505,1,2,1,2,7,92064,M,,,92
200800060321,8,10,4,1820,1,2,1,1,7,92077,M,,,92
200800060322,8,10,3,1920,2,2,1,1,2,92072,M,,,92
200800060323,8,10,7,1800,1,2,3,2,3,92072,M,,,92
200800060324,8,10,8,1200,1,2,1,1,6,92022,M,,,92
200800060325,8,10,17,845,1,2,1,1,3,92072,M,,,92
200800060326,8,10,19,1925,5,2,1,1,6,92072,M,,,92
200800060327,8,10,20,900,1,2,1,1,2,92072,M,,,92
200800060328,8,10,22,1825,1,2,3,1,3,92072,M,,,92
200800060329,8,10,19,1620,1,2,1,1,6,92072,M,,,92
200800060330,8,10,25,320,5,2,1,1,6,92072,M,,,92
200800060331,8,10,24,1140,1,2,1,1,3,92072,M,,,92
200800060332,8,10,29,1740,2,2,2,1,7,92072,M,,,92
200800060333,8,10,23,1720,1,2,1,1,6,92072,M,,,92
200800060334,8,10,23,1910,5,2,1,1,2,92072,M,,,92
200800060335,8,10,1,1620,1,2,3,2,7,92073,M,,,92
200800060336,8,10,5,1805,1,2,1,2,7,92073,M,,,92
200800060337,8,10,9,1610,1,2,1,1,6,92073,M,,,92
200800060338,8,10,10,955,1,2,1,1,2,92073,M,,,92
200800060339,8,10,13,1235,1,2,1,1,3,92073,M,,,92
200800060340,8,10,13,1740,1,2,1,1,4,92073,M,,,92
200800060341,8,10,14,1745,1,2,1,1,2,92073,M,,,92
200800060342,8,10,17,1510,1,2,1,8,1,92073,M,,,92
200800060343,8,10,22,1930,5,2,7,1,3,92073,M,,,92
200800060344,8,10,24,1915,5,2,1,1,3,92073,M,,,92
200800060345,8,10,3,930,1,2,6,1,1,92075,M,,,92
200800060346,8,10,5,2005,5,2,2,2,3,92046,M,,,92
200800060347,8,10,16,1440,1,2,9,1,2,92075,M,,,92
200800060348,8,10,23,2020,5,2,2,1,3,92075,M,,,92
200800060349,8,10,3,740,5,2,2,2,3,92078,M,,,92
200800060350,8,10,20,1510,1,2,1,1,6,92078,M,,,92
200800060351,8,10,2,1840,1,2,1,2,3,92026,M,,,92
200800060352,8,10,3,1030,1,2,1,8,7,92062,M,,,92
200800060353,8,10,3,1910,3,2,4,1,7,92062,M,,,92
200800060354,8,10,21,1030,1,2,1,1,7,92026,M,,,92
200800060355,8,10,24,1110,1,2,1,1,7,92062,M,,,92
200800060356,8,10,26,540,5,2,1,1,7,92026,M,,,92
200800060357,8,10,3,1730,1,2,1,1,6,93001,M,,,93
200800060358,8,10,8,1415,1,2,1,1,6,93001,M,,,93
200800060359,8,10,8,1920,1,2,1,1,6,93001,M,,,93
200800060360,8,10,11,1105,1,2,2,1,1,93001,M,,,93
200800060361,8,10,13,2320,5,2,1,1,1,93001,M,,,93
200800060362,8,10,14,1240,1,2,1,1,6,93001,M,,,93
200800060363,8,10,14,1630,1,2,1,1,3,93001,M,,,93
200800060364,8,10,15,1637,1,2,1,8,6,93001,M,,,93
200800060365,8,10,18,730,5,2,1,1,3,93001,M,,,93
200800060366,8,10,20,1240,1,2,1,1,2,93001,M,,,93
200800060367,8,10,22,2345,5,2,1,1,3,93001,M,,,93
200800060368,8,10,23,1550,1,2,1,1,2,93001,M,,,93
200800060369,8,10,28,1330,1,2,1,1,6,93001,M,,,93
200800060370,8,10,29,1310,1,2,2,1,7,93001,M,,,93
200800060371,8,10,31,1340,1,2,1,8,3,93001,M,,,93
200800060372,8,10,1,2040,5,2,1,1,6,93005,M,,,93
200800060373,8,10,3,925,1,2,6,2,3,93005,M,,,93
200800060374,8,10,8,1845,1,1,6,1,2,93005,M,,,93
200800060375,8,10,9,1525,1,2,2,1,3,93005,M,,,93
200800060376,8,10,9,1858,2,2,2,1,3,93005,M,,,93
200800060377,8,10,10,1730,1,2,1,1,1,93005,M,,,93
200800060378,8,10,16,1630,1,2,1,8,3,93005,M,,,93
200800060379,8,10,21,1910,5,2,1,2,3,93005,M,,,93
200800060380,8,10,1,2100,4,2,3,1,3,93007,M,,,93
200800060381,8,10,4,700,2,2,3,1,6,93007,M,,,93
200800060382,8,10,9,1525,1,2,2,1,3,93007,M,,,93
200800060383,8,10,10,1710,1,2,1,1,6,93007,M,,,93
200800060384,8,10,14,1045,1,2,3,1,6,93007,M,,,93
200800060385,8,10,17,2100,5,2,3,1,3,93007,M,,,93
200800060386,8,10,30,1305,1,2,1,1,6,93007,M,,,93
200800060387,8,10,31,1400,1,2,1,2,1,93007,M,,,93
200800060388,8,10,1,1030,1,2,1,8,3,93008,M,,,93
200800060389,8,10,2,1035,1,2,6,1,6,93008,M,,,93
200800060390,8,10,2,1830,2,2,1,2,6,93008,M,,,93
200800060391,8,10,4,125,5,2,8,1,6,93008,M,,,93
200800060392,8,10,4,1315,1,2,8,1,6,93008,M,,,93
200800060393,8,10,7,2000,5,2,1,2,6,93008,M,,,93
200800060394,8,10,8,1900,2,2,1,1,6,93008,M,,,93
200800060395,8,10,11,2135,5,2,1,1,6,93008,M,,,93
200800060396,8,10,16,1410,1,2,1,2,1,93008,M,,,93
200800060397,8,10,21,730,5,2,6,2,6,93008,M,,,93
200800060398,8,10,22,2140,5,2,1,1,6,93008,M,,,93
200800060399,8,10,23,1630,1,2,2,1,6,93008,M,,,93
200800060400,8,10,27,842,1,2,1,1,3,93008,M,,,93