Num_Acc,an,mois,jour,hrmn,lum,agg,int,atm,col,com,gps,lat,long,dep
200800060401,8,10,27,1150,1,2,1,1,6,93008,M,,,93
200800060402,8,10,31,1305,1,2,1,2,2,93008,M,,,93
200800060403,8,10,2,1905,2,2,6,8,7,93010,M,,,93
200800060404,8,10,8,1915,5,2,1,1,4,93057,M,,,93
200800060405,8,10,12,1815,1,2,2,1,6,93010,M,,,93
200800060406,8,10,22,750,2,2,1,8,6,93010,M,,,93
200800060407,8,10,31,715,2,2,9,2,6,93057,M,,,93
200800060408,8,10,1,1015,1,2,9,8,6,93013,M,,,93
200800060409,8,10,1,2125,5,2,3,1,2,93030,M,,,93
200800060410,8,10,8,1745,1,2,1,1,7,93027,M,,,93
200800060411,8,10,3,715,1,2,1,2,6,93027,M,,,93
200800060412,8,10,19,1800,2,2,1,1,6,93027,M,,,93
200800060413,8,10,27,1620,1,2,2,2,5,93013,M,,,93
200800060414,8,10,30,1650,5,2,1,3,6,93027,M,,,93
200800060415,8,10,3,2025,5,2,1,1,4,93013,M,,,93
200800060416,8,10,20,1500,1,2,3,1,6,93027,M,,,93
200800060417,8,10,4,920,1,2,1,1,6,93013,M,,,93
200800060418,8,10,6,830,1,2,1,1,6,93013,M,,,93
200800060419,8,10,6,830,1,2,1,8,2,93027,M,,,93
200800060420,8,10,27,2320,5,2,1,2,1,93027,M,,,93
200800060421,8,10,2,620,5,2,1,1,3,93029,M,,,93
200800060422,8,10,2,1145,1,2,1,1,6,93029,M,,,93
200800060423,8,10,3,1300,1,2,3,1,3,93029,M,,,93
200800060424,8,10,5,2100,5,2,2,1,3,93029,M,,,93
200800060425,8,10,11,1955,5,2,1,1,6,93029,M,,,93
200800060426,8,10,12,1745,1,2,3,1,3,93029,M,,,93
200800060427,8,10,18,1920,5,2,1,1,6,93029,M,,,93
200800060428,8,10,20,840,5,2,2,1,3,93029,M,,,93
200800060429,8,10,29,1125,1,2,1,1,1,93029,M,,,93
200800060430,8,10,2,1815,2,2,9,1,4,93031,M,,,93
200800060431,8,10,3,855,1,2,1,2,3,93031,M,,,93
200800060432,8,10,7,830,1,2,1,2,5,93031,M,,,93
200800060433,8,10,8,450,5,2,1,2,7,93031,M,,,93
200800060434,8,10,8,1800,1,2,1,1,3,93079,M,,,93
200800060435,8,10,17,1445,1,2,3,1,3,93031,M,,,93
200800060436,8,10,19,1015,1,2,4,1,5,93031,M,,,93
200800060437,8,10,20,1950,5,2,1,1,6,93031,M,,,93
200800060438,8,10,23,655,3,2,1,1,6,93031,M,,,93
200800060439,8,10,26,1120,1,2,1,1,6,93031,M,,,93
200800060440,8,10,28,1910,4,2,3,2,6,93031,M,,,93
200800060441,8,10,10,1845,1,2,2,1,1,93032,M,,,93
200800060442,8,10,11,1935,5,2,3,1,1,93032,M,,,93
200800060443,8,10,13,700,5,2,3,1,3,93032,M,,,93
200800060444,8,10,15,2045,5,2,1,2,6,93047,M,,,93
200800060445,8,10,22,1950,5,2,2,1,3,93047,M,,,93
200800060446,8,10,1,1815,1,2,1,8,6,93063,M,,,93
200800060447,8,10,3,900,1,2,1,2,6,93006,M,,,93
200800060448,8,10,6,1400,1,2,1,1,6,93061,M,,,93
200800060449,8,10,7,805,2,2,1,2,6,93063,M,,,93
200800060450,8,10,11,1540,1,2,4,1,3,93045,M,,,93
200800060451,8,10,12,2105,4,2,2,1,3,93006,M,,,93
200800060452,8,10,13,1420,1,2,3,1,7,93063,M,,,93
200800060453,8,10,13,1905,3,2,1,1,3,93063,M,,,93
200800060454,8,10,21,1215,1,2,1,2,7,93006,M,,,93
200800060455,8,10,22,850,1,2,1,1,6,93006,M,,,93
200800060456,8,10,22,1450,1,2,2,1,3,93006,M,,,93
200800060457,8,10,23,1835,2,2,1,1,6,93006,M,,,93
200800060458,8,10,24,30,4,2,1,1,1,93006,M,,,93
200800060459,8,10,26,1930,5,2,1,1,6,93063,M,,,93
200800060460,8,10,28,1830,5,2,9,2,6,93045,M,,,93
200800060461,8,10,30,2120,5,2,1,2,5,93045,M,,,93
200800060462,8,10,15,1250,1,2,1,2,6,93046,M,,,93
200800060463,8,10,16,1825,1,2,1,1,7,93046,M,,,93
200800060464,8,10,19,1320,1,2,3,1,6,93074,M,,,93
200800060465,8,10,19,1730,1,2,3,1,6,93046,M,,,93
200800060466,8,10,23,925,1,2,2,1,3,93046,M,,,93
200800060467,8,10,23,1758,1,2,1,1,6,93046,M,,,93
200800060468,8,10,24,1105,1,2,5,8,3,93046,M,,,93
200800060469,8,10,25,228,5,2,2,1,3,93046,M,,,93
200800060470,8,10,26,1425,1,2,2,1,5,93046,M,,,93
200800060471,8,10,28,1215,1,2,1,1,3,93046,M,,,93
200800060472,8,10,29,1340,1,2,1,8,2,93046,M,,,93
200800060473,8,10,1,920,1,2,3,8,3,93048,M,,,93
200800060474,8,10,2,1900,2,2,1,2,2,93048,M,,,93
200800060475,8,10,5,215,5,2,2,1,3,93048,M,,,93
200800060476,8,10,5,1735,1,2,2,2,3,93048,M,,,93
200800060477,8,10,6,1340,1,2,1,8,6,93048,M,,,93
200800060478,8,10,7,1250,1,2,1,1,6,93048,M,,,93
200800060479,8,10,10,905,1,2,2,1,3,93048,M,,,93
200800060480,8,10,13,1615,1,2,1,1,3,93048,M,,,93
200800060481,8,10,14,1450,1,2,9,1,3,93048,M,,,93
200800060482,8,10,17,940,1,2,1,1,2,93048,M,,,93
200800060483,8,10,19,355,3,2,3,1,3,93048,M,,,93
200800060484,8,10,23,1625,1,2,2,1,3,93048,M,,,93
200800060485,8,10,27,1000,1,2,1,2,3,93048,M,,,93
200800060486,8,10,28,1810,5,2,1,3,6,93048,M,,,93
200800060487,8,10,31,1945,5,2,2,1,6,93048,M,,,93
200800060488,8,10,1,1730,1,2,2,1,6,93050,M,,,93
200800060489,8,10,3,1250,1,2,2,2,3,93050,M,,,93
200800060490,8,10,5,1340,1,2,2,2,1,93049,M,,,93
200800060491,8,10,6,1705,1,2,3,1,3,93049,M,,,93
200800060492,8,10,20,940,1,2,1,1,6,93050,M,,,93
200800060493,8,10,23,945,1,2,1,1,6,93050,M,,,93
200800060494,8,10,31,1400,1,2,1,2,3,93050,M,,,93
200800060495,8,10,7,1740,1,2,1,1,3,93051,M,,,93
200800060496,8,10,12,1610,1,2,1,1,1,93051,M,,,93
200800060497,8,10,13,1130,1,2,1,1,2,93051,M,,,93
200800060498,8,10,16,755,1,2,1,3,5,93051,M,,,93
200800060499,8,10,21,1830,5,2,6,2,6,93051,M,,,93
200800060500,8,10,27,710,2,2,2,3,1,93051,M,,,93
200800060501,8,10,27,1800,5,1,1,2,6,93051,M,,,93
200800060502,8,10,31,1205,1,2,2,2,6,93051,M,,,93
200800060503,8,10,12,2305,5,2,3,1,3,93053,M,,,93
200800060504,8,10,24,1505,1,2,1,1,6,93053,M,,,93
200800060505,8,10,27,1335,1,2,2,8,3,93053,M,,,93
200800060506,8,10,1,1800,1,2,3,8,1,93055,M,,,93
200800060507,8,10,4,1700,1,2,1,1,6,93055,M,,,93
200800060508,8,10,5,2200,5,2,3,2,5,93055,M,,,93
200800060509,8,10,7,1245,1,2,1,1,6,93055,M,,,93
200800060510,8,10,7,2000,5,2,1,2,3,93055,M,,,93
200800060511,8,10,13,1233,1,2,1,1,6,93055,M,,,93
200800060512,8,10,13,1230,1,2,1,1,3,93055,M,,,93
200800060513,8,10,15,2120,5,2,1,2,5,93055,M,,,93
200800060514,8,10,17,1645,1,2,1,1,7,93055,M,,,93
200800060515,8,10,19,650,5,2,1,1,1,93055,M,,,93
200800060516,8,10,25,2200,5,2,3,1,3,93055,M,,,93
200800060517,8,10,3,1520,1,2,4,1,2,93014,M,,,93
200800060518,8,10,3,1750,1,2,2,1,6,93062,M,,,93
200800060519,8,10,11,40,5,2,1,1,2,93014,M,,,93
200800060520,8,10,17,1740,1,2,1,1,6,93014,M,,,93
200800060521,8,10,19,1711,1,2,2,1,6,93062,M,,,93
200800060522,8,10,22,1700,1,2,1,1,6,93062,M,,,93
200800060523,8,10,29,1125,1,2,6,1,6,93062,M,,,93
200800060524,8,10,1,1800,1,2,1,1,6,93064,M,,,93
200800060525,8,10,8,815,1,2,1,1,7,93077,M,,,93
200800060526,8,10,8,1355,1,2,2,1,6,93064,M,,,93
200800060527,8,10,8,1810,1,2,1,1,3,93064,M,,,93
200800060528,8,10,14,1230,1,2,2,1,6,93077,M,,,93
200800060529,8,10,20,1315,1,2,2,1,3,93077,M,,,93
200800060530,8,10,27,2015,2,2,3,1,1,93064,M,,,93
200800060531,8,10,30,1230,1,2,2,1,3,93077,M,,,93
200800060532,8,10,21,1805,1,2,2,1,3,93064,M,,,93
200800060533,8,10,2,1830,5,2,1,2,7,93066,M,,,93
200800060534,8,10,3,1330,1,2,9,3,2,93066,M,,,93
200800060535,8,10,3,2240,5,2,1,1,1,93066,M,,,93
200800060536,8,10,5,1435,1,2,9,2,4,93066,M,,,93
200800060537,8,10,7,1230,1,2,1,1,6,93066,M,,,93
200800060538,8,10,8,1520,1,2,2,1,7,93066,M,,,93
200800060539,8,10,9,2000,5,2,2,1,6,93066,M,,,93
200800060540,8,10,11,100,5,2,1,1,3,93066,M,,,93
200800060541,8,10,16,1200,1,2,1,9,7,93066,M,,,93
200800060542,8,10,17,2010,5,2,1,1,1,93066,M,,,93
200800060543,8,10,20,1800,1,2,1,1,6,93066,M,,,93
200800060544,8,10,21,1700,1,2,1,2,1,93039,M,,,93
200800060545,8,10,23,1640,1,2,9,1,3,93066,M,,,93
200800060546,8,10,27,1730,2,2,2,2,3,93066,M,,,93
200800060547,8,10,29,1648,2,2,2,1,3,93066,M,,,93
200800060548,8,10,30,1930,5,2,1,1,7,93066,M,,,93
200800060549,8,10,31,2215,5,2,1,1,3,93066,M,,,93
200800060550,8,10,1,805,2,2,3,1,7,93066,M,,,93
200800060551,8,10,3,1420,1,2,1,2,3,93066,M,,,93
200800060552,8,10,7,1355,1,2,1,1,3,93066,M,,,93
200800060553,8,10,8,2130,5,2,1,1,3,93066,M,,,93
200800060554,8,10,23,855,1,2,1,1,3,93066,M,,,93
200800060555,8,10,24,1030,1,2,1,1,1,93066,M,,,93
200800060556,8,10,4,1810,1,2,1,1,3,93070,M,,,93
200800060557,8,10,9,845,1,2,3,1,3,93070,M,,,93
200800060558,8,10,11,1140,1,2,1,1,3,93070,M,,,93
200800060559,8,10,12,1825,1,2,1,1,2,93070,M,,,93
200800060560,8,10,17,1540,1,2,1,1,6,93070,M,,,93
200800060561,8,10,27,1855,5,2,1,2,7,93070,M,,,93
200800060562,8,10,3,825,2,2,1,2,6,93071,M,,,93
200800060563,8,10,31,1610,1,2,3,1,2,93071,M,,,93
200800060564,8,10,2,1815,2,2,1,8,3,93072,M,,,93
200800060565,8,10,2,1955,5,2,2,8,3,93072,M,,,93
200800060566,8,10,4,1610,1,2,1,1,1,93059,M,,,93
200800060567,8,10,5,50,5,2,2,1,2,93072,M,,,93
200800060568,8,10,6,1745,1,2,1,1,6,93072,M,,,93
200800060569,8,10,10,630,2,2,3,1,3,93059,M,,,93
200800060570,8,10,14,1900,5,2,1,1,7,93059,M,,,93
200800060571,8,10,14,1830,1,2,2,1,6,93072,M,,,93
200800060572,8,10,16,1100,1,2,1,1,3,93059,M,,,93
200800060573,8,10,18,1825,1,2,2,1,1,93059,M,,,93
200800060574,8,10,10,1320,1,2,3,7,5,93072,M,,,93
200800060575,8,10,22,850,1,2,2,1,3,93072,M,,,93
200800060576,8,10,23,800,1,2,1,1,3,93059,M,,,93
200800060577,8,10,27,2245,5,2,3,1,3,93059,M,,,93
200800060578,8,10,1,1040,1,2,2,2,3,93078,M,,,93
200800060579,8,10,3,2130,5,2,1,1,2,93078,M,,,93
200800060580,8,10,10,1240,1,2,2,1,7,93073,M,,,93
200800060581,8,10,10,1820,1,2,8,1,3,93073,M,,,93
200800060582,8,10,11,1510,1,2,1,1,6,93073,M,,,93
200800060583,8,10,12,1100,1,2,3,1,6,93073,M,,,93
200800060584,8,10,13,1910,5,2,1,1,7,93078,M,,,93
200800060585,8,10,20,1130,1,2,1,1,7,93073,M,,,93
200800060586,8,10,22,810,2,2,1,1,3,93073,M,,,93
200800060587,8,10,23,830,1,2,1,5,6,93073,M,,,93
200800060588,8,10,24,2335,5,2,1,1,5,93073,M,,,93
200800060589,8,10,31,907,1,2,1,2,6,93073,M,,,93
200800060590,8,10,31,1225,1,2,6,2,7,93078,M,,,93
200800060591,8,10,10,1750,1,2,1,1,6,94002,M,,,94
200800060592,8,10,23,1640,1,2,1,1,2,94002,M,,,94
200800060593,8,10,6,1345,1,2,1,1,3,94004,M,,,94
200800060594,8,10,7,2120,5,2,3,3,6,94071,M,,,94
200800060595,8,10,14,750,1,2,3,1,6,94071,M,,,94
200800060596,8,10,14,1730,1,2,1,1,2,94075,M,,,94
200800060597,8,10,17,1120,1,2,2,1,3,94004,M,,,94
200800060598,8,10,17,1510,1,2,1,1,6,94070,M,,,94
200800060599,8,10,16,1815,1,2,3,1,3,94075,M,,,94
200800060600,8,10,22,1730,1,2,1,1,6,94071,M,,,94
200800060601,8,10,25,1925,5,2,1,1,1,94044,M,,,94
200800060602,8,10,26,1930,5,2,2,1,3,94071,M,,,94
200800060603,8,10,25,130,5,2,3,1,7,94071,M,,,94
200800060604,8,10,27,725,1,2,3,2,2,94004,M,,,94
200800060605,8,10,29,1930,5,2,3,1,1,94044,M,,,94
200800060606,8,10,30,2120,5,2,1,2,2,94004,M,,,94
200800060607,8,10,25,1250,1,2,3,1,3,94075,M,,,94
200800060608,8,10,31,1850,5,2,1,1,6,94004,M,,,94
200800060609,8,10,9,1010,1,2,3,1,3,94044,M,,,94
200800060610,8,10,5,2115,5,2,1,1,6,94071,M,,,94
200800060611,8,10,3,1700,1,2,1,2,1,94070,M,,,94
200800060612,8,10,23,930,1,2,2,1,6,94071,M,,,94
200800060613,8,10,2,1335,1,2,6,1,3,94017,M,,,94
200800060614,8,10,3,1245,1,2,1,2,6,94017,M,,,94
200800060615,8,10,7,1730,1,2,3,1,6,94017,M,,,94
200800060616,8,10,7,1915,1,2,3,2,6,94017,M,,,94
200800060617,8,10,8,830,1,2,3,1,6,94017,M,,,94
200800060618,8,10,9,1230,1,1,1,1,5,94017,M,,,94
200800060619,8,10,10,1,5,2,1,1,2,94017,M,,,94
200800060620,8,10,10,2150,5,2,1,1,3,94017,M,,,94
200800060621,8,10,11,1705,1,2,3,1,3,94017,M,,,94
200800060622,8,10,14,1530,1,2,1,1,2,94017,M,,,94
200800060623,8,10,14,1730,1,2,4,1,6,94017,M,,,94
200800060624,8,10,18,1120,1,2,1,1,6,94017,M,,,94
200800060625,8,10,20,930,1,2,1,1,3,94017,M,,,94
200800060626,8,10,28,2100,5,2,1,1,3,94017,M,,,94
200800060627,8,10,31,1330,1,2,1,1,3,94017,M,,,94
200800060628,8,10,3,745,2,2,3,2,3,94018,M,,,94
200800060629,8,10,9,2050,5,2,1,1,3,94018,M,,,94
200800060630,8,10,23,1210,1,1,1,1,3,94069,M,,,94
200800060631,8,10,30,2130,5,2,2,8,1,94018,M,,,94
200800060632,8,10,31,1025,1,2,1,2,6,94069,M,,,94
200800060633,8,10,31,1330,1,2,1,1,3,94018,M,,,94
200800060634,8,10,9,800,1,2,3,1,3,94079,M,,,94
200800060635,8,10,3,955,1,2,1,1,3,94060,M,,,94
200800060636,8,10,11,1125,1,2,2,1,3,94019,M,,,94
200800060637,8,10,15,1600,1,2,9,1,3,94055,M,,,94
200800060638,8,10,15,1915,5,2,1,2,6,94019,M,,,94
200800060639,8,10,21,835,1,2,1,2,6,94059,M,,,94
200800060640,8,10,21,1615,1,2,3,2,3,94019,M,,,94
200800060641,8,10,22,1915,2,2,1,1,3,94055,M,,,94
200800060642,8,10,22,2100,2,1,2,1,2,94019,M,,,94
200800060643,8,10,23,1720,1,2,1,1,3,94079,M,,,94
200800060644,8,10,24,1415,1,1,1,1,6,94019,M,,,94
200800060645,8,10,26,1525,1,1,5,1,3,94079,M,,,94
200800060646,8,10,29,305,4,2,3,1,3,94019,M,,,94
200800060647,8,10,3,1650,1,1,3,2,3,94054,M,,,94
200800060648,8,10,6,2015,5,2,9,1,3,94054,M,,,94
200800060649,8,10,7,1910,5,2,1,2,3,94054,M,,,94
200800060650,8,10,14,1207,1,2,1,1,6,94022,M,,,94
200800060651,8,10,16,1405,1,1,9,2,2,94022,M,,,94
200800060652,8,10,17,1730,2,2,1,1,6,94054,M,,,94
200800060653,8,10,31,1735,2,2,9,9,6,94022,M,,,94
200800060654,8,10,1,1440,1,2,1,1,3,94028,M,,,94
200800060655,8,10,2,100,4,2,1,1,7,94028,M,,,94
200800060656,8,10,3,350,5,2,1,2,7,94028,M,,,94
200800060657,8,10,2,1245,1,2,1,2,3,94028,M,,,94
200800060658,8,10,7,840,1,2,6,1,3,94028,M,,,94
200800060659,8,10,3,830,1,2,1,1,6,94028,M,,,94
200800060660,8,10,5,1935,2,2,1,1,6,94011,M,,,94
200800060661,8,10,8,845,1,2,2,1,3,94011,M,,,94
200800060662,8,10,9,1500,1,2,1,1,2,94028,M,,,94
200800060663,8,10,10,1850,1,2,1,1,6,94011,M,,,94
200800060664,8,10,13,1220,1,2,1,1,3,94028,M,,,94
200800060665,8,10,15,1245,1,2,1,1,3,94028,M,,,94
200800060666,8,10,15,2025,5,2,1,1,6,94011,M,,,94
200800060667,8,10,16,717,5,2,1,1,6,94011,M,,,94
200800060668,8,10,16,1555,1,2,1,1,6,94028,M,,,94
200800060669,8,10,20,1600,1,2,1,1,3,94011,M,,,94
200800060670,8,10,17,1250,1,2,1,1,3,94028,M,,,94
200800060671,8,10,17,1615,1,2,1,1,6,94028,M,,,94
200800060672,8,10,20,1500,1,2,1,1,6,94028,M,,,94
200800060673,8,10,21,1700,2,2,1,1,3,94028,M,,,94
200800060674,8,10,22,1540,1,2,1,1,6,94028,M,,,94
200800060675,8,10,24,830,1,1,1,1,6,94028,M,,,94
200800060676,8,10,26,845,1,2,1,1,6,94028,M,,,94
200800060677,8,10,24,1122,1,2,2,1,3,94028,M,,,94
200800060678,8,10,27,840,1,2,1,8,7,94028,M,,,94
200800060679,8,10,28,1530,1,2,1,1,3,94028,M,,,94
200800060680,8,10,30,1515,1,2,1,1,6,94028,M,,,94
200800060681,8,10,4,1445,1,2,1,2,2,94033,M,,,94
200800060682,8,10,4,2015,2,2,1,1,5,94033,M,,,94
200800060683,8,10,1,1915,5,2,1,1,3,94076,M,,,94
200800060684,8,10,2,1310,1,2,1,2,1,94037,M,,,94
200800060685,8,10,2,1700,1,2,3,1,6,94016,M,,,94
200800060686,8,10,3,1330,1,2,1,2,2,94016,M,,,94
200800060687,8,10,6,1420,1,2,1,1,6,94076,M,,,94
200800060688,8,10,7,2045,5,2,1,3,3,94016,M,,,94
200800060689,8,10,8,800,1,2,3,1,3,94076,M,,,94
200800060690,8,10,9,1440,1,2,1,1,7,94076,M,,,94
200800060691,8,10,12,1955,2,2,2,1,6,94016,M,,,94
200800060692,8,10,13,1845,1,2,1,1,2,94016,M,,,94
200800060693,8,10,15,1705,1,2,9,3,3,94076,M,,,94
200800060694,8,10,15,555,5,2,2,1,3,94076,M,,,94
200800060695,8,10,16,1205,1,2,1,2,5,94043,M,,,94
200800060696,8,10,17,1025,1,2,1,1,6,94076,M,,,94
200800060697,8,10,19,1845,1,2,1,1,2,94003,M,,,94
200800060698,8,10,17,310,5,2,1,1,7,94076,M,,,94
200800060699,8,10,20,1800,1,2,1,1,3,94076,M,,,94
200800060700,8,10,22,1430,1,2,2,1,6,94037,M,,,94
200800060701,8,10,22,1725,1,2,1,1,6,94003,M,,,94
200800060702,8,10,23,1120,1,2,1,1,3,94076,M,,,94
200800060703,8,10,24,1900,5,2,1,1,3,94076,M,,,94
200800060704,8,10,27,1845,5,2,1,2,2,94076,M,,,94
200800060705,8,10,30,1636,1,2,1,2,6,94003,M,,,94
200800060706,8,10,31,120,5,2,4,2,3,94043,M,,,94
200800060707,8,10,4,1435,1,2,1,1,3,94073,M,,,94
200800060708,8,10,6,1630,1,2,4,1,3,94038,M,,,94
200800060709,8,10,7,750,2,2,3,2,3,94021,M,,,94
200800060710,8,10,9,900,1,2,1,1,3,94038,M,,,94
200800060711,8,10,9,1755,1,2,1,1,6,94038,M,,,94
200800060712,8,10,11,1820,1,2,1,1,2,94073,M,,,94
200800060713,8,10,11,1955,5,2,1,1,3,94073,M,,,94
200800060714,8,10,11,2010,5,2,6,1,3,94021,M,,,94
200800060715,8,10,12,1655,1,2,3,1,3,94038,M,,,94
200800060716,8,10,16,2005,5,1,9,1,7,94073,M,,,94
200800060717,8,10,17,815,2,2,3,1,3,94038,M,,,94
200800060718,8,10,17,1600,1,2,1,1,6,94038,M,,,94
200800060719,8,10,20,1030,1,2,6,1,6,94038,M,,,94
200800060720,8,10,21,1800,2,2,1,2,6,94038,M,,,94
200800060721,8,10,22,2245,5,2,3,1,3,94073,M,,,94
200800060722,8,10,23,515,5,2,1,1,6,94021,M,,,94
200800060723,8,10,24,930,1,2,1,1,3,94021,M,,,94
200800060724,8,10,25,1325,1,2,1,1,6,94073,M,,,94
200800060725,8,10,30,1400,1,2,1,2,2,94065,M,,,94
200800060726,8,10,30,2130,5,2,2,2,5,94073,M,,,94
200800060727,8,10,31,1430,1,2,1,8,5,94073,M,,,94
200800060728,8,10,2,1835,2,2,1,2,3,94041,M,,,94
200800060729,8,10,3,2000,1,2,1,2,7,94041,M,,,94
200800060730,8,10,4,805,1,2,1,1,3,94041,M,,,94
200800060731,8,10,8,1820,2,2,2,1,7,94041,M,,,94
200800060732,8,10,8,1950,5,2,1,1,3,94041,M,,,94
200800060733,8,10,11,1835,2,2,2,1,6,94041,M,,,94
200800060734,8,10,14,1350,1,2,1,1,7,94041,M,,,94
200800060735,8,10,16,1150,1,2,1,8,7,94041,M,,,94
200800060736,8,10,17,1950,1,2,1,1,7,94041,M,,,94
200800060737,8,10,20,1545,1,2,2,1,3,94041,M,,,94
200800060738,8,10,12,1745,2,2,1,1,7,94041,M,,,94
200800060739,8,10,23,1550,1,2,4,1,3,94041,M,,,94
200800060740,8,10,26,1720,1,2,1,1,7,94041,M,,,94
200800060741,8,10,27,835,1,2,1,2,7,94041,M,,,94
200800060742,8,10,30,301,1,2,1,2,7,94041,M,,,94
200800060743,8,10,31,845,1,2,2,2,7,94041,M,,,94
200800060744,8,10,2,725,5,2,1,1,7,94041,M,,,94
200800060745,8,10,8,1220,1,2,2,1,3,94041,M,,,94
200800060746,8,10,24,30,5,2,3,1,3,94041,M,,,94
200800060747,8,10,25,1945,5,2,2,1,3,94041,M,,,94
200800060748,8,10,8,1725,1,2,1,1,6,94046,M,,,94
200800060749,8,10,13,1905,2,2,2,1,2,94046,M,,,94
200800060750,8,10,17,825,1,2,1,1,6,94046,M,,,94
200800060751,8,10,21,1505,1,2,1,2,3,94046,M,,,94
200800060752,8,10,23,1610,1,2,1,1,6,94046,M,,,94
200800060753,8,10,24,2025,5,2,2,1,3,94046,M,,,94
200800060754,8,10,2,740,2,2,1,1,6,94042,M,,,94
200800060755,8,10,2,1515,1,2,1,2,3,94058,M,,,94
200800060756,8,10,13,1529,1,2,1,1,6,94058,M,,,94
200800060757,8,10,14,1530,1,2,1,1,3,94015,M,,,94
200800060758,8,10,2,2020,5,2,2,8,2,94058,M,,,94
200800060759,8,10,17,1335,1,2,1,1,2,94052,M,,,94
200800060760,8,10,20,2350,5,2,1,1,3,94058,M,,,94
200800060761,8,10,21,2330,5,2,3,1,3,94058,M,,,94
200800060762,8,10,20,2315,5,1,1,1,3,94054,M,,,94
200800060763,8,10,2,1800,1,2,1,1,6,94068,M,,,94
200800060764,8,10,3,835,1,2,2,1,3,94068,M,,,94
200800060765,8,10,5,1650,1,2,1,2,6,94068,M,,,94
200800060766,8,10,4,1720,1,2,1,1,6,94068,M,,,94
200800060767,8,10,6,700,5,2,2,1,3,94068,M,,,94
200800060768,8,10,6,1520,1,2,2,1,1,94068,M,,,94
200800060769,8,10,10,1530,1,2,2,1,3,94068,M,,,94
200800060770,8,10,12,2145,5,2,1,1,7,94068,M,,,94
200800060771,8,10,11,2010,2,2,1,1,6,94068,M,,,94
200800060772,8,10,15,1745,1,2,2,2,3,94068,M,,,94
200800060773,8,10,15,2110,5,2,2,1,3,94068,M,,,94
200800060774,8,10,18,1205,1,2,1,1,6,94068,M,,,94
200800060775,8,10,20,2230,5,2,1,1,3,94068,M,,,94
200800060776,8,10,15,1045,1,2,1,2,6,94068,M,,,94
200800060777,8,10,21,1755,1,2,1,2,7,94068,M,,,94
200800060778,8,10,21,815,2,2,1,9,6,94068,M,,,94
200800060779,8,10,21,1930,5,2,1,2,3,94068,M,,,94
200800060780,8,10,27,730,2,2,1,2,6,94068,M,,,94
200800060781,8,10,27,2130,5,2,1,1,6,94068,M,,,94
200800060782,8,10,28,1145,1,2,1,1,5,94068,M,,,94
200800060783,8,10,18,430,5,2,1,1,6,94068,M,,,94
200800060784,8,10,1,1455,1,2,1,1,2,94074,M,,,94
200800060785,8,10,5,355,5,2,3,2,3,94078,M,,,94
200800060786,8,10,8,2100,5,2,1,1,3,94077,M,,,94
200800060787,8,10,11,1150,1,2,1,1,2,94074,M,,,94
200800060788,8,10,8,1530,1,2,2,1,5,94077,M,,,94
200800060789,8,10,11,1015,1,2,1,1,6,94078,M,,,94
200800060790,8,10,14,1215,1,2,3,1,3,94078,M,,,94
200800060791,8,10,15,625,5,2,3,1,3,94078,M,,,94
200800060792,8,10,16,1410,1,2,1,2,3,94077,M,,,94
200800060793,8,10,17,1125,1,2,1,1,7,94078,M,,,94
200800060794,8,10,18,1745,1,2,2,1,7,94078,M,,,94
200800060795,8,10,22,940,1,2,1,1,6,94001,M,,,94
200800060796,8,10,16,1755,1,2,1,1,6,94077,M,,,94
200800060797,8,10,24,1750,2,2,2,1,3,94077,M,,,94
200800060798,8,10,24,1754,1,2,1,1,2,94078,M,,,94
200800060799,8,10,29,1730,2,2,3,1,6,94074,M,,,94
200800060800,8,10,9,730,1,2,1,1,6,94078,M,,,94
200800060801,8,10,14,1620,1,2,7,1,6,94078,M,,,94
200800060802,8,10,1,1015,1,2,2,1,2,94080,M,,,94
200800060803,8,10,3,1000,1,2,1,1,6,94080,M,,,94
200800060804,8,10,10,1940,5,2,2,1,6,94080,M,,,94
200800060805,8,10,13,1730,1,2,3,1,1,94080,M,,,94
200800060806,8,10,14,1100,1,2,2,1,3,94080,M,,,94
200800060807,8,10,16,1105,1,2,1,8,2,94067,M,,,94
200800060808,8,10,17,1155,1,2,1,1,6,94080,M,,,94
200800060809,8,10,21,830,1,2,3,2,7,94080,M,,,94
200800060810,8,10,21,1850,1,2,3,9,3,94080,M,,,94
200800060811,8,10,28,2310,5,2,3,1,6,94067,M,,,94
200800060812,8,10,6,735,1,2,1,1,6,94081,M,,,94
200800060813,8,10,13,745,1,2,1,1,2,94081,M,,,94
200800060814,8,10,9,1540,1,2,2,1,3,94081,M,,,94
200800060815,8,10,13,850,1,2,1,1,6,94081,M,,,94
200800060816,8,10,13,1220,1,1,2,1,2,94081,M,,,94
200800060817,8,10,13,1815,1,2,9,1,3,94081,M,,,94
200800060818,8,10,14,1255,1,2,1,1,6,94081,M,,,94
200800060819,8,10,18,1220,1,2,1,1,6,94081,M,,,94
200800060820,8,10,20,1815,1,2,1,1,6,94081,M,,,94