Num_Acc,an,mois,jour,hrmn,lum,agg,int,atm,col,com,gps,lat,long,dep
200800060821,8,10,22,1945,5,2,3,1,3,94081,M,,,94
200800060822,8,10,31,1800,2,2,3,1,6,94081,M,,,94
200800060823,8,10,1,830,1,2,3,2,2,95582,M,,,95
200800060824,8,10,2,745,1,2,1,1,6,95018,M,,,95
200800060825,8,10,2,1350,1,2,1,2,7,95018,M,,,95
200800060826,8,10,2,1845,1,2,3,2,2,95018,M,,,95
200800060827,8,10,3,1640,1,2,6,2,4,95176,M,,,95
200800060828,8,10,4,1450,1,2,1,1,7,95018,M,,,95
200800060829,8,10,8,1020,1,2,2,1,3,95018,M,,,95
200800060830,8,10,7,1949,2,2,2,2,6,95176,M,,,95
200800060831,8,10,8,2150,5,2,2,1,1,95018,M,,,95
200800060832,8,10,9,1635,1,2,5,1,3,95176,M,,,95
200800060833,8,10,9,950,1,2,2,1,3,95018,M,,,95
200800060834,8,10,11,110,5,2,3,1,3,95018,M,,,95
200800060835,8,10,11,1705,1,2,1,1,3,95018,M,,,95
200800060836,8,10,14,1655,1,2,2,1,7,95018,M,,,95
200800060837,8,10,15,725,2,2,2,2,7,95018,M,,,95
200800060838,8,10,18,305,5,2,5,1,6,95018,M,,,95
200800060839,8,10,17,1325,1,2,3,1,7,95018,M,,,95
200800060840,8,10,22,1835,5,2,2,1,6,95018,M,,,95
200800060841,8,10,25,1340,1,2,2,1,4,95018,M,,,95
200800060842,8,10,26,1240,1,2,2,8,3,95018,M,,,95
200800060843,8,10,26,1025,1,2,1,1,4,95018,M,,,95
200800060844,8,10,24,810,1,2,1,1,3,95018,M,,,95
200800060845,8,10,29,1705,1,2,6,1,7,95018,M,,,95
200800060846,8,10,7,1610,1,2,1,8,3,95063,M,,,95
200800060847,8,10,21,1950,2,2,1,1,5,95063,M,,,95
200800060848,8,10,10,2030,5,2,1,1,3,95488,M,,,95
200800060849,8,10,28,745,2,2,8,1,6,95197,M,,,95
200800060850,8,10,8,1725,1,2,1,1,6,95427,M,,,95
200800060851,8,10,9,625,3,2,6,1,1,95428,M,,,95
200800060852,8,10,16,2320,5,2,1,1,1,95210,M,,,95
200800060853,8,10,20,1625,1,2,1,1,3,95428,M,,,95
200800060854,8,10,27,1315,1,2,1,1,6,95555,M,,,95
200800060855,8,10,2,700,2,2,1,1,6,95219,M,,,95
200800060856,8,10,3,1240,1,2,1,1,3,95203,M,,,95
200800060857,8,10,3,1945,5,2,1,8,4,95219,M,,,95
200800060858,8,10,8,1720,1,2,1,1,7,95203,M,,,95
200800060859,8,10,9,1650,1,2,1,1,6,95219,M,,,95
200800060860,8,10,9,1845,2,2,1,1,6,95491,M,,,95
200800060861,8,10,10,740,2,2,3,1,3,95203,M,,,95
200800060862,8,10,11,1810,1,2,1,1,2,95203,M,,,95
200800060863,8,10,14,1250,1,2,1,1,6,95219,M,,,95
200800060864,8,10,16,1750,1,2,1,1,6,95491,M,,,95
200800060865,8,10,23,1740,1,2,1,1,3,95491,M,,,95
200800060866,8,10,25,1800,2,2,1,1,3,95219,M,,,95
200800060867,8,10,27,1520,1,2,1,2,6,95252,M,,,95
200800060868,8,10,21,1330,1,2,1,1,6,95268,M,,,95
200800060869,8,10,29,1510,1,2,1,1,6,95268,M,,,95
200800060870,8,10,31,2005,5,2,1,1,6,95268,M,,,95
200800060871,8,10,1,1734,1,2,2,1,6,95277,M,,,95
200800060872,8,10,1,2235,5,1,1,1,2,95277,M,,,95
200800060873,8,10,10,1045,1,2,1,1,2,95277,M,,,95
200800060874,8,10,3,830,1,2,1,2,7,95306,M,,,95
200800060875,8,10,7,755,1,2,3,1,3,95306,M,,,95
200800060876,8,10,16,800,5,2,1,2,6,95424,M,,,95
200800060877,8,10,16,801,5,2,3,2,3,95424,M,,,95
200800060878,8,10,17,225,5,2,1,1,7,95306,M,,,95
200800060879,8,10,26,1715,1,2,1,1,6,95306,M,,,95
200800060880,8,10,27,1540,1,2,3,3,3,95424,M,,,95
200800060881,8,10,28,1230,1,2,1,1,3,95424,M,,,95
200800060882,8,10,1,1505,1,2,9,2,6,95487,M,,,95
200800060883,8,10,5,1300,1,2,1,8,6,95313,M,,,95
200800060884,8,10,30,1855,5,1,9,4,3,95313,M,,,95
200800060885,8,10,9,1740,1,2,2,1,3,95313,M,,,95
200800060886,8,10,9,1320,1,2,1,1,7,95585,M,,,95
200800060887,8,10,7,2300,5,2,1,2,7,95585,M,,,95
200800060888,8,10,1,955,1,2,1,1,7,95585,M,,,95
200800060889,8,10,20,1300,1,1,1,2,2,95539,M,,,95
200800060890,8,10,28,2030,5,2,1,1,1,95585,M,,,95
200800060891,8,10,9,1830,1,2,2,1,3,95563,M,,,95
200800060892,8,10,10,1615,1,2,1,1,2,95051,M,,,95
200800060893,8,10,17,740,2,2,1,1,6,95051,M,,,95
200800060894,8,10,25,1540,1,2,1,1,7,95607,M,,,95
200800060895,8,10,27,725,2,2,6,3,2,95607,M,,,95
200800060896,8,10,10,745,1,2,1,1,5,20004,M,,,201
200800060897,8,10,10,1620,1,2,1,9,6,20004,M,,,201
200800060898,8,10,10,2252,5,2,1,1,6,20004,M,,,201
200800060899,8,10,11,1310,1,2,1,1,6,20004,M,,,201
200800060900,8,10,11,1940,5,2,1,1,6,20004,M,,,201
200800060901,8,10,14,1615,1,2,1,1,6,20004,M,,,201
200800060902,8,10,14,2125,5,2,3,1,6,20004,M,,,201
200800060903,8,10,15,1755,1,2,1,1,3,20004,M,,,201
200800060904,8,10,16,1920,5,2,1,1,3,20004,M,,,201
200800060905,8,10,17,1953,5,2,1,1,6,20004,M,,,201
200800060906,8,10,21,1710,1,2,1,1,4,20004,M,,,201
200800060907,8,10,22,1658,1,2,1,1,5,20004,M,,,201
200800060908,8,10,23,1245,1,2,3,1,3,20004,M,,,201
200800060909,8,10,23,1509,1,2,1,1,3,20004,M,,,201
200800060910,8,10,25,2030,4,2,1,2,3,20004,M,,,201
200800060911,8,10,27,2130,5,2,2,1,6,20004,M,,,201
200800060912,8,10,28,302,5,1,1,2,3,20004,M,,,201
200800060913,8,10,28,1221,1,2,9,1,3,20004,M,,,201
200800060914,8,10,29,1130,1,2,1,2,2,20004,M,,,201
200800060915,8,10,16,2025,5,2,1,2,6,69381,M,,,69
200800060916,8,10,19,240,5,2,1,1,6,69381,M,,,69
200800060917,8,10,23,1500,1,2,1,1,6,69381,M,,,69
200800060918,8,10,1,2000,3,1,1,1,6,77169,M,,,77
200800060919,8,10,2,1715,1,1,1,1,4,75112,M,,,75
200800060920,8,10,3,1700,1,1,1,2,2,94018,M,,,94
200800060921,8,10,3,2010,5,1,1,2,6,94042,M,,,94
200800060922,8,10,5,1030,1,1,1,2,7,77121,M,,,77
200800060923,8,10,5,1310,1,1,1,2,6,77337,M,,,77
200800060924,8,10,6,855,1,1,1,1,4,77294,M,,,77
200800060925,8,10,8,745,2,1,1,1,2,75112,M,,,75
200800060926,8,10,7,800,2,1,1,1,6,94033,M,,,94
200800060927,8,10,8,1530,1,1,1,1,3,77294,M,,,77
200800060928,8,10,9,1615,1,1,1,1,1,77258,M,,,77
200800060929,8,10,9,2235,3,1,1,1,2,77348,M,,,77
200800060930,8,10,12,1335,1,1,1,1,6,77121,M,,,77
200800060931,8,10,14,800,1,1,1,1,4,94018,M,,,94
200800060932,8,10,15,820,1,1,1,2,2,94069,M,,,94
200800060933,8,10,15,1910,3,1,1,3,6,77294,M,,,77
200800060934,8,10,15,2205,5,1,1,2,1,94044,M,,,94
200800060935,8,10,16,745,2,1,1,2,5,77514,M,,,77
200800060936,8,10,16,1000,1,1,1,2,6,94044,M,,,94
200800060937,8,10,16,1100,1,1,1,1,4,94069,M,,,94
200800060938,8,10,17,830,1,1,1,1,7,77294,M,,,77
200800060939,8,10,17,1315,1,1,1,1,4,94052,M,,,94
200800060940,8,10,20,740,3,1,1,1,6,77059,M,,,77
200800060941,8,10,20,1245,1,1,1,1,1,94017,M,,,94
200800060942,8,10,20,1600,1,1,1,1,5,75112,M,,,75
200800060943,8,10,20,2110,5,1,1,1,6,94052,M,,,94
200800060944,8,10,21,850,1,1,1,2,7,94018,M,,,94
200800060945,8,10,21,905,1,1,1,2,7,94073,M,,,94
200800060946,8,10,21,1230,1,1,1,2,7,94073,M,,,94
200800060947,8,10,21,1250,1,1,1,2,6,94073,M,,,94
200800060948,8,10,22,740,2,1,1,1,5,77018,M,,,77
200800060949,8,10,22,825,2,1,1,1,3,93051,M,,,93
200800060950,8,10,23,1355,1,1,1,1,3,94028,M,,,94
200800060951,8,10,23,1825,1,1,1,1,4,94017,M,,,94
200800060952,8,10,23,2015,3,1,1,1,6,77449,M,,,77
200800060953,8,10,27,930,1,1,1,1,5,75112,M,,,75
200800060954,8,10,27,1015,1,1,1,2,7,77449,M,,,77
200800060955,8,10,27,1850,3,1,1,3,5,94046,M,,,94
200800060956,8,10,27,2015,5,1,1,2,7,94081,M,,,94
200800060957,8,10,28,1830,3,1,1,1,3,77122,M,,,77
200800060958,8,10,30,2050,5,1,1,2,6,94069,M,,,94
200800060959,8,10,30,2230,3,1,1,2,1,77372,M,,,77
200800060960,8,10,31,115,3,1,1,2,7,77372,M,,,77
200800060961,8,10,31,815,1,1,1,2,3,93051,M,,,93
200800060962,8,10,31,1430,1,1,1,2,6,94074,M,,,94
200800060963,8,10,31,2000,5,1,1,2,3,94033,M,,,94
200800060964,8,10,1,2355,4,1,1,1,7,95018,M,,,95
200800060965,8,10,5,1955,3,1,1,2,7,95365,M,,,95
200800060966,8,10,6,940,1,1,1,8,6,95582,M,,,95
200800060967,8,10,11,1530,1,1,1,1,2,93006,M,,,93
200800060968,8,10,13,2015,5,1,1,1,5,92036,M,,,92
200800060969,8,10,13,2100,5,1,1,1,3,92036,M,,,92
200800060970,8,10,14,900,1,1,1,1,4,95572,M,,,95
200800060971,8,10,15,2100,5,1,1,1,5,93066,M,,,93
200800060972,8,10,16,835,1,1,1,8,1,92036,M,,,92
200800060973,8,10,16,735,2,1,1,2,3,93066,M,,,93
200800060974,8,10,17,1325,1,1,1,1,6,93064,M,,,93
200800060975,8,10,17,1635,1,1,1,1,3,93063,M,,,93
200800060976,8,10,18,1655,1,1,1,1,7,95042,M,,,95
200800060977,8,10,21,1315,1,1,1,2,7,93001,M,,,93
200800060978,8,10,23,725,5,1,1,1,3,93064,M,,,93
200800060979,8,10,24,1310,1,1,1,1,2,93006,M,,,93
200800060980,8,10,25,2200,3,1,1,1,5,95582,M,,,95
200800060981,8,10,27,900,1,1,1,2,1,93078,M,,,93
200800060982,8,10,28,1015,1,1,1,1,7,93005,M,,,93
200800060983,8,10,30,1610,1,1,1,2,6,92036,M,,,92
200800060984,8,10,31,2040,5,1,1,1,5,95252,M,,,95
200800060985,8,10,3,1715,1,1,1,1,5,78073,M,,,78
200800060986,8,10,19,900,1,1,1,1,7,78431,M,,,78
200800060987,8,10,2,1000,1,1,1,1,3,92050,M,,,92
200800060988,8,10,2,1855,1,1,1,1,2,92050,M,,,92
200800060989,8,10,3,710,5,1,1,1,6,92051,M,,,92
200800060990,8,10,3,830,1,1,1,2,3,78498,M,,,78
200800060991,8,10,3,1900,2,1,1,8,4,92047,M,,,92
200800060992,8,10,8,630,2,1,1,2,6,92025,M,,,92
200800060993,8,10,5,1013,1,1,1,2,6,92048,M,,,92
200800060994,8,10,6,5,4,1,1,3,6,78640,M,,,78
200800060995,8,10,6,150,5,1,1,3,7,78640,M,,,78
200800060996,8,10,6,1115,1,1,1,1,2,92072,M,,,92
200800060997,8,10,8,905,1,1,1,1,7,92050,M,,,92
200800060998,8,10,8,2040,5,1,1,1,6,92012,M,,,92
200800060999,8,10,9,47,3,1,1,1,6,78490,M,,,78
200800061000,8,10,10,805,1,1,1,1,3,78158,M,,,78
200800061001,8,10,10,855,1,1,1,1,3,78571,M,,,78
200800061002,8,10,10,1256,1,1,1,1,7,78498,M,,,78
200800061003,8,10,10,1740,1,1,1,1,5,78362,M,,,78
200800061004,8,10,10,1900,1,1,1,1,2,78646,M,,,78
200800061005,8,10,10,1950,5,1,1,8,5,92012,M,,,92
200800061006,8,10,11,1035,1,1,1,1,6,78640,M,,,78
200800061007,8,10,12,1537,1,1,1,1,2,92025,M,,,92
200800061008,8,10,13,805,2,1,1,1,3,92025,M,,,92
200800061009,8,10,14,920,1,1,1,1,4,92026,M,,,92
200800061010,8,10,14,1840,1,1,1,1,3,78545,M,,,78
200800061011,8,10,14,1400,1,1,1,1,7,78490,M,,,78
200800061012,8,10,16,1800,1,1,1,1,2,78640,M,,,78
200800061013,8,10,17,1830,2,1,1,1,2,78571,M,,,78
200800061014,8,10,18,2100,3,1,1,1,6,78498,M,,,78
200800061015,8,10,20,1000,1,1,1,1,5,78291,M,,,78
200800061016,8,10,20,1705,1,1,1,1,6,78362,M,,,78
200800061017,8,10,21,820,1,1,1,2,2,78362,M,,,78
200800061018,8,10,21,1740,1,1,1,2,5,78362,M,,,78
200800061019,8,10,21,1558,1,1,1,2,7,92012,M,,,92
200800061020,8,10,21,1740,1,1,1,8,4,92023,M,,,92
200800061021,8,10,22,1052,1,1,1,1,5,92060,M,,,92
200800061022,8,10,24,945,1,1,1,1,3,92036,M,,,92
200800061023,8,10,24,1730,1,1,1,1,2,92025,M,,,92
200800061024,8,10,22,1822,1,1,1,1,2,92063,M,,,92
200800061025,8,10,27,1445,5,1,1,2,6,92050,M,,,92
200800061026,8,10,28,2000,5,1,1,8,2,78640,M,,,78
200800061027,8,10,29,756,2,1,1,5,6,78090,M,,,78
200800061028,8,10,29,1900,5,1,1,2,7,78646,M,,,78
200800061029,8,10,30,1850,5,1,1,2,7,92048,M,,,92
200800061030,8,10,31,620,5,1,1,8,6,92048,M,,,92
200800061031,8,10,31,1535,1,1,1,1,5,78646,M,,,78
200800061032,8,10,27,900,1,1,1,1,1,78524,M,,,78
200800061033,8,10,21,910,1,1,1,2,6,78291,M,,,78
200800061034,8,10,1,640,3,1,1,1,2,91589,M,,,91
200800061035,8,10,2,1018,1,1,1,1,2,91589,M,,,91
200800061036,8,10,2,1050,1,1,1,1,7,91037,M,,,91
200800061037,8,10,2,1601,1,1,1,1,2,94065,M,,,94
200800061038,8,10,3,658,2,1,1,2,3,91161,M,,,91
200800061039,8,10,3,819,1,1,1,2,5,94038,M,,,94
200800061040,8,10,4,307,3,1,1,1,5,91216,M,,,91
200800061041,8,10,5,530,3,1,1,2,7,91216,M,,,91
200800061042,8,10,5,912,1,1,1,2,6,91521,M,,,91
200800061043,8,10,5,1500,1,1,1,1,7,75013,M,,,75
200800061044,8,10,6,2023,2,1,1,1,7,94016,M,,,94
200800061045,8,10,7,1909,5,1,1,2,3,94003,M,,,94
200800061046,8,10,8,530,5,1,1,1,6,91086,M,,,91
200800061047,8,10,8,640,2,1,1,1,2,91521,M,,,91
200800061048,8,10,8,715,2,1,1,1,6,91174,M,,,91
200800061049,8,10,9,855,1,1,1,1,7,91549,M,,,91
200800061050,8,10,9,1020,5,1,1,1,6,94043,M,,,94
200800061051,8,10,9,1127,1,1,1,1,4,91589,M,,,91
200800061052,8,10,9,1405,1,1,1,1,6,94021,M,,,94
200800061053,8,10,9,1645,1,1,1,1,7,77251,M,,,77
200800061054,8,10,10,741,1,1,1,1,7,91136,M,,,91
200800061055,8,10,12,1200,1,1,1,1,7,91534,M,,,91
200800061056,8,10,13,710,3,1,1,1,6,92002,M,,,92
200800061057,8,10,13,1245,1,1,1,1,7,91471,M,,,91
200800061058,8,10,13,1509,1,1,1,1,6,92002,M,,,92
200800061059,8,10,15,800,1,1,1,1,7,94003,M,,,94
200800061060,8,10,15,853,3,1,1,1,3,92002,M,,,92
200800061061,8,10,15,1751,1,1,1,2,2,94034,M,,,94
200800061062,8,10,16,815,2,1,1,2,3,91521,M,,,91
200800061063,8,10,16,1035,1,1,1,1,6,91136,M,,,91
200800061064,8,10,16,1830,2,1,1,8,4,94034,M,,,94
200800061065,8,10,17,735,2,1,1,1,6,92019,M,,,92
200800061066,8,10,17,755,2,1,1,1,2,91286,M,,,91
200800061067,8,10,17,736,3,1,1,1,6,92019,M,,,92
200800061068,8,10,17,1720,1,1,1,1,2,91136,M,,,91
200800061069,8,10,20,845,1,1,1,1,7,91339,M,,,91
200800061070,8,10,21,800,2,1,1,2,7,94065,M,,,94
200800061071,8,10,21,838,1,1,1,3,2,91521,M,,,91
200800061072,8,10,21,725,3,1,1,2,6,91689,M,,,91
200800061073,8,10,21,907,2,1,1,2,7,91161,M,,,91
200800061074,8,10,21,941,1,1,1,3,3,91589,M,,,91
200800061075,8,10,21,1030,1,1,1,3,6,94034,M,,,94
200800061076,8,10,21,1204,1,1,1,8,6,94034,M,,,94
200800061077,8,10,21,1216,1,1,1,2,3,91434,M,,,91
200800061078,8,10,21,1335,1,1,1,2,4,91589,M,,,91
200800061079,8,10,21,1322,1,1,1,2,7,77495,M,,,77
200800061080,8,10,21,1450,1,1,1,1,2,91339,M,,,91
200800061081,8,10,21,1840,5,1,1,1,5,91064,M,,,91
200800061082,8,10,22,1749,1,1,1,1,3,94021,M,,,94
200800061083,8,10,23,810,2,1,1,1,7,91471,M,,,91
200800061084,8,10,23,1800,1,1,1,1,4,91235,M,,,91
200800061085,8,10,25,419,3,1,1,1,6,91136,M,,,91
200800061086,8,10,24,2115,5,1,1,1,3,94037,M,,,94
200800061087,8,10,25,2016,3,1,1,1,2,91521,M,,,91
200800061088,8,10,26,1332,1,1,1,1,2,91689,M,,,91
200800061089,8,10,27,505,2,1,1,2,7,94034,M,,,94
200800061090,8,10,27,751,3,1,1,3,2,92002,M,,,92
200800061091,8,10,27,833,1,1,1,2,7,91471,M,,,91
200800061092,8,10,27,925,1,1,1,1,7,91471,M,,,91
200800061093,8,10,27,1004,1,1,1,3,1,91235,M,,,91
200800061094,8,10,27,1046,5,1,1,3,4,94034,M,,,94
200800061095,8,10,27,1201,1,1,1,3,7,91161,M,,,91
200800061096,8,10,27,1515,1,1,1,1,5,77251,M,,,77
200800061097,8,10,29,1600,1,1,1,1,5,91174,M,,,91
200800061098,8,10,30,720,2,1,1,1,3,91286,M,,,91
200800061099,8,10,30,1710,3,1,1,8,7,94003,M,,,94
200800061100,8,10,31,950,1,1,1,3,7,91471,M,,,91
200800061101,8,10,1,1500,1,2,1,1,4,20033,M,,,202
200800061102,8,10,2,1417,1,2,1,1,3,20033,M,,,202
200800061103,8,10,2,1433,1,2,2,1,3,20033,M,,,202
200800061104,8,10,4,45,5,2,1,1,2,20033,M,,,202
200800061105,8,10,4,1222,1,2,1,1,3,20033,M,,,202
200800061106,8,10,6,742,1,2,1,1,6,20033,M,,,202
200800061107,8,10,6,1410,1,2,1,1,2,20037,M,,,202
200800061108,8,10,7,1312,1,2,1,1,3,20033,M,,,202
200800061109,8,10,9,824,1,2,1,1,6,20033,M,,,202
200800061110,8,10,12,415,5,2,1,1,2,20033,M,,,202
200800061111,8,10,13,1219,1,2,1,1,3,20033,M,,,202
200800061112,8,10,13,2104,5,2,1,1,3,20033,M,,,202
200800061113,8,10,15,1101,1,2,1,1,2,20120,M,,,202
200800061114,8,10,16,1854,1,2,1,1,6,20033,M,,,202
200800061115,8,10,17,2131,1,2,1,1,1,20033,M,,,202
200800061116,8,10,21,1800,1,2,1,1,1,20033,M,,,202
200800061117,8,10,23,2105,5,2,2,3,3,20033,M,,,202
200800061118,8,10,24,852,1,2,1,1,1,20033,M,,,202
200800061119,8,10,26,50,5,2,1,1,2,20037,M,,,202
200800061120,8,10,26,954,1,2,1,1,2,20033,M,,,202
200800061121,8,10,27,603,1,2,1,1,2,20120,M,,,202
200800061122,8,10,29,800,1,2,1,1,2,20033,M,,,202
200800061123,8,10,30,1021,1,2,1,1,2,20033,M,,,202
200800061124,8,10,30,1423,1,2,1,1,3,20033,M,,,202
200800061125,8,10,31,1150,1,2,1,1,6,20037,M,,,202
200800061126,8,10,31,1910,5,2,1,3,6,20033,M,,,202
200800061127,8,10,4,1255,1,2,1,1,3,69382,M,,,69
200800061128,8,10,6,900,1,2,2,8,3,69382,M,,,69
200800061129,8,10,8,1408,1,2,3,3,2,69382,M,,,69
200800061130,8,10,12,410,5,2,2,1,3,69382,M,,,69
200800061131,8,10,14,2240,5,2,2,1,6,69382,M,,,69
200800061132,8,10,19,15,5,2,1,1,6,69382,M,,,69
200800061133,8,10,21,1745,1,2,1,1,3,69382,M,,,69
200800061134,8,10,20,2035,5,2,3,1,3,69382,M,,,69
200800061135,8,10,31,2040,5,2,2,3,6,69382,M,,,69
200800061136,8,10,31,1900,5,2,1,3,6,69382,M,,,69
200800061137,8,10,25,1600,1,2,1,1,6,69382,M,,,69
200800061138,8,10,1,600,5,1,1,3,6,59646,M,,,59
200800061139,8,10,1,730,2,1,1,3,4,62215,M,,,62
200800061140,8,10,2,840,1,1,1,3,6,59560,M,,,59
200800061141,8,10,2,1040,1,1,1,1,6,59350,M,,,59
200800061142,8,10,2,1340,1,1,1,3,7,59032,M,,,59
200800061143,8,10,2,1425,1,1,1,1,6,59609,M,,,59
200800061144,8,10,3,435,3,1,1,4,7,62239,M,,,62
200800061145,8,10,3,545,3,1,1,3,7,62907,M,,,62
200800061146,8,10,3,915,1,1,1,3,6,62907,M,,,62
200800061147,8,10,3,940,1,1,1,3,4,59082,M,,,59
200800061148,8,10,3,2245,3,1,1,3,7,59009,M,,,59
200800061149,8,10,3,2310,3,1,1,3,2,59009,M,,,59
200800061150,8,10,4,110,3,1,1,3,7,62274,M,,,62
200800061151,8,10,4,200,3,1,1,1,6,59271,M,,,59
200800061152,8,10,4,1230,1,1,1,1,6,62193,M,,,62
200800061153,8,10,4,1545,1,1,1,1,2,59343,M,,,59
200800061154,8,10,5,1230,1,1,1,3,7,59009,M,,,59
200800061155,8,10,5,1240,1,1,1,3,7,59426,M,,,59
200800061156,8,10,5,1340,1,1,1,3,7,59350,M,,,59
200800061157,8,10,5,1850,2,1,1,3,2,62907,M,,,62
200800061158,8,10,5,1845,2,1,1,3,2,59350,M,,,59
200800061159,8,10,5,2215,3,1,1,3,6,59350,M,,,59
200800061160,8,10,6,1215,1,1,1,1,2,59459,M,,,59
200800061161,8,10,6,1550,1,1,1,1,7,59459,M,,,59
200800061162,8,10,7,805,2,1,1,3,4,59586,M,,,59
200800061163,8,10,7,1135,1,1,1,3,7,59350,M,,,59
200800061164,8,10,7,1405,1,1,1,1,6,59090,M,,,59
200800061165,8,10,8,1450,1,1,1,3,2,59179,M,,,59
200800061166,8,10,8,1800,1,1,1,1,6,62274,M,,,62
200800061167,8,10,8,1910,2,1,1,1,6,59350,M,,,59
200800061168,8,10,10,1425,1,1,1,1,4,59350,M,,,59
200800061169,8,10,10,1800,1,1,1,1,7,62510,M,,,62
200800061170,8,10,11,1945,2,1,1,1,6,62249,M,,,62
200800061171,8,10,13,645,5,1,1,1,6,59350,M,,,59
200800061172,8,10,14,1750,1,1,1,1,4,59564,M,,,59
200800061173,8,10,15,715,2,1,1,1,6,59350,M,,,59
200800061174,8,10,15,1120,1,1,1,1,2,62498,M,,,62
200800061175,8,10,15,1530,1,1,1,2,7,59350,M,,,59
200800061176,8,10,15,1650,1,1,1,2,7,62771,M,,,62
200800061177,8,10,15,1800,1,1,1,2,4,59350,M,,,59
200800061178,8,10,16,1830,2,1,1,2,4,62637,M,,,62
200800061179,8,10,17,1630,1,1,1,1,7,59286,M,,,59
200800061180,8,10,19,440,3,1,1,1,7,59237,M,,,59
200800061181,8,10,20,1230,1,1,1,1,6,59507,M,,,59
200800061182,8,10,20,1900,2,1,1,2,7,62193,M,,,62
200800061183,8,10,21,1630,1,1,1,1,6,59155,M,,,59
200800061184,8,10,22,650,2,1,1,2,7,59378,M,,,59
200800061185,8,10,24,800,2,1,1,1,6,62427,M,,,62
200800061186,8,10,24,1830,2,1,1,2,4,62498,M,,,62
200800061187,8,10,24,2110,5,1,1,2,6,59556,M,,,59
200800061188,8,10,24,2145,3,1,1,2,7,59009,M,,,59
200800061189,8,10,26,2130,3,1,1,2,6,59491,M,,,59
200800061190,8,10,27,1140,1,1,1,1,6,59378,M,,,59
200800061191,8,10,27,1610,1,1,1,1,6,59350,M,,,59
200800061192,8,10,27,1915,3,1,1,1,4,59462,M,,,59
200800061193,8,10,31,1745,2,1,1,1,4,59603,M,,,59
200800061194,8,10,31,1800,2,1,1,1,4,62186,M,,,62
200800061195,8,10,1,825,1,2,2,1,3,69386,M,,,69
200800061196,8,10,1,1800,1,2,1,1,6,69383,M,,,69
200800061197,8,10,6,1400,1,2,1,1,6,69386,M,,,69
200800061198,8,10,4,1730,1,2,2,1,6,69386,M,,,69
200800061199,8,10,8,1600,1,2,2,2,3,69383,M,,,69
200800061200,8,10,11,1740,1,2,1,1,7,69386,M,,,69
200800061201,8,10,4,1330,1,2,1,1,2,69383,M,,,69
200800061202,8,10,9,1825,1,2,1,1,6,69383,M,,,69
200800061203,8,10,12,730,2,2,2,1,3,69383,M,,,69
200800061204,8,10,18,1320,1,2,1,1,6,69383,M,,,69
200800061205,8,10,20,1645,1,2,2,1,6,69386,M,,,69
200800061206,8,10,25,1415,1,2,2,1,6,69386,M,,,69
200800061207,8,10,25,420,5,2,1,1,6,69386,M,,,69
200800061208,8,10,25,2125,5,2,2,1,3,69386,M,,,69
200800061209,8,10,27,1130,1,2,2,2,6,69386,M,,,69
200800061210,8,10,27,1350,1,2,2,2,3,69383,M,,,69
200800061211,8,10,8,1415,1,2,1,2,6,69383,M,,,69
200800061212,8,10,31,1020,1,2,1,8,6,69383,M,,,69
200800061213,8,10,5,1615,1,2,1,1,6,69384,M,,,69
200800061214,8,10,5,1958,5,2,1,2,6,69384,M,,,69
200800061215,8,10,6,1250,1,2,3,1,6,69384,M,,,69
200800061216,8,10,12,1610,1,2,1,1,6,69384,M,,,69
200800061217,8,10,1,830,2,1,1,1,7,33080,M,,,33
200800061218,8,10,1,1545,1,1,1,1,7,33318,M,,,33
200800061219,8,10,1,2220,5,1,1,1,2,33249,M,,,33
200800061220,8,10,2,1805,1,1,1,2,6,33318,M,,,33
200800061221,8,10,3,850,1,1,1,1,4,33039,M,,,33
200800061222,8,10,8,1725,1,1,1,1,4,33281,M,,,33
200800061223,8,10,8,1705,1,1,1,1,6,33063,M,,,33
200800061224,8,10,12,55,5,1,1,1,3,33162,M,,,33
200800061225,8,10,13,1445,1,1,1,1,2,33013,M,,,33
200800061226,8,10,13,1600,1,1,1,1,6,33192,M,,,33
200800061227,8,10,14,1415,1,1,1,1,2,33550,M,,,33
200800061228,8,10,15,1705,1,1,1,1,3,33550,M,,,33
200800061229,8,10,28,1715,1,1,1,1,2,33249,M,,,33
200800061230,8,10,20,730,2,1,1,1,3,33281,M,,,33
200800061231,8,10,20,1130,1,1,1,1,4,33550,M,,,33
200800061232,8,10,20,1538,1,1,1,1,6,33162,M,,,33
200800061233,8,10,21,640,5,1,1,1,5,33249,M,,,33
200800061234,8,10,21,1520,1,1,1,2,2,33080,M,,,33
200800061235,8,10,21,1640,1,1,1,2,5,33318,M,,,33
200800061236,8,10,21,2140,5,1,1,2,2,33096,M,,,33
200800061237,8,10,24,1500,1,1,1,1,3,33162,M,,,33
200800061238,8,10,27,1120,1,1,1,2,6,33318,M,,,33
200800061239,8,10,27,1700,1,1,1,1,7,33318,M,,,33
200800061240,8,10,29,910,1,1,1,2,6,33318,M,,,33
200800061241,8,10,30,745,5,1,1,2,7,33318,M,,,33