Num_Acc,an,mois,jour,hrmn,lum,agg,int,atm,col,com,gps,lat,long,dep
200800061242,8,10,30,840,1,1,1,2,6,33039,M,,,33
200800061243,8,10,30,820,5,1,1,2,6,33318,M,,,33
200800061244,8,10,30,1140,1,1,1,2,6,33249,M,,,33
200800061245,8,10,30,2145,5,1,1,2,2,33192,M,,,33
200800061246,8,10,31,800,2,1,1,2,6,33318,M,,,33
200800061247,8,10,31,800,1,1,1,2,6,33039,M,,,33
200800061248,8,10,31,2320,5,1,1,2,3,33397,M,,,33
200800061249,8,10,9,1730,2,2,1,1,1,69385,M,,,69
200800061250,8,10,19,625,5,2,1,1,3,69385,M,,,69
200800061251,8,10,9,1340,1,1,1,3,6,67482,M,,,67
200800061252,8,10,9,1400,1,1,1,2,2,67482,M,,,67
200800061253,8,10,10,1330,1,1,1,1,3,67482,M,,,67
200800061254,8,10,21,1155,1,1,1,2,6,54459,M,,,54
200800061255,8,10,30,1047,1,1,1,1,3,54328,M,,,54
200800061256,8,10,7,1430,1,1,1,1,3,57463,M,,,57
200800061257,8,10,6,2040,5,1,1,2,3,57303,M,,,57
200800061258,8,10,15,1920,3,1,1,2,3,57352,M,,,57
200800061259,8,10,12,520,5,2,2,1,3,69387,M,,,69
200800061260,8,10,5,1950,5,2,2,1,1,69387,M,,,69
200800061261,8,10,15,930,1,2,2,1,7,69387,M,,,69
200800061262,8,10,1,1345,1,2,1,1,3,69387,M,,,69
200800061263,8,10,3,1215,1,2,2,1,6,69387,M,,,69
200800061264,8,10,7,1325,1,2,2,1,3,69387,M,,,69
200800061265,8,10,18,1115,1,2,2,1,3,69387,M,,,69
200800061266,8,10,23,1125,1,2,2,1,2,69387,M,,,69
200800061267,8,10,24,1415,1,2,1,1,2,69387,M,,,69
200800061268,8,10,28,1650,2,2,2,2,3,69387,M,,,69
200800061269,8,10,27,1540,1,2,2,2,3,69387,M,,,69
200800061270,8,10,23,1640,1,2,1,1,3,69387,M,,,69
200800061271,8,10,29,655,2,2,1,1,4,69387,M,,,69
200800061272,8,10,15,1010,1,2,2,1,6,69387,M,,,69
200800061273,8,10,2,1100,1,2,2,1,3,69388,M,,,69
200800061274,8,10,7,1655,1,2,1,1,3,69388,M,,,69
200800061275,8,10,10,150,4,2,1,1,6,69388,M,,,69
200800061276,8,10,7,1600,1,2,1,1,3,69388,M,,,69
200800061277,8,10,3,1940,5,2,1,1,3,69388,M,,,69
200800061278,8,10,20,1640,1,2,9,1,2,69388,M,,,69
200800061279,8,10,13,740,1,2,1,1,3,69388,M,,,69
200800061280,8,10,20,1645,1,2,1,1,1,69388,M,,,69
200800061281,8,10,8,1830,1,2,3,3,2,69388,M,,,69
200800061282,8,10,14,2005,5,2,1,1,6,69388,M,,,69
200800061283,8,10,16,2025,5,2,2,1,5,69388,M,,,69
200800061284,8,10,17,840,1,2,2,1,3,69388,M,,,69
200800061285,8,10,20,710,5,2,1,1,2,69388,M,,,69
200800061286,8,10,24,1908,5,2,1,1,3,69388,M,,,69
200800061287,8,10,25,2245,5,2,1,1,6,69388,M,,,69
200800061288,8,10,26,25,5,2,3,1,7,69388,M,,,69
200800061289,8,10,22,1200,1,2,2,2,3,69388,M,,,69
200800061290,8,10,22,650,5,2,2,2,6,69388,M,,,69
200800061291,8,10,15,1800,2,2,1,1,6,69388,M,,,69
200800061292,8,10,29,1740,5,2,1,2,6,69388,M,,,69
200800061293,8,10,30,935,1,2,2,1,7,69388,M,,,69
200800061294,8,10,12,1550,1,1,1,1,3,42044,M,,,42
200800061295,8,10,14,15,3,1,1,1,6,42183,M,,,42
200800061296,8,10,27,1720,1,1,1,2,2,42330,M,,,42
200800061297,8,10,4,1620,1,1,1,1,4,69266,M,,,69
200800061298,8,10,6,1510,1,1,1,1,5,69029,M,,,69
200800061299,8,10,8,1100,1,1,1,3,1,01376,M,,,01
200800061300,8,10,12,1230,1,1,1,2,6,69256,M,,,69
200800061301,8,10,14,1050,1,1,9,1,5,01238,M,,,01
200800061302,8,10,14,1315,1,1,1,1,6,69276,M,,,69
200800061303,8,10,14,1600,1,1,1,1,5,69270,M,,,69
200800061304,8,10,14,1330,1,1,1,1,6,69276,M,,,69
200800061305,8,10,15,920,1,1,1,1,6,38184,M,,,38
200800061306,8,10,16,1415,1,1,1,2,6,69271,M,,,69
200800061307,8,10,18,2130,5,1,1,1,7,69029,M,,,69
200800061308,8,10,20,1300,1,1,1,1,6,01249,M,,,01
200800061309,8,10,20,1620,1,1,1,1,6,69029,M,,,69
200800061310,8,10,21,835,1,1,1,1,3,01249,M,,,01
200800061311,8,10,21,2315,3,1,1,2,6,69283,M,,,69
200800061312,8,10,22,2040,3,1,1,1,5,69287,M,,,69
200800061313,8,10,23,852,1,1,1,1,4,69034,M,,,69
200800061314,8,10,23,1925,3,1,1,1,4,69272,M,,,69
200800061315,8,10,24,1745,1,1,1,1,7,69266,M,,,69
200800061316,8,10,26,1630,1,1,1,1,6,69259,M,,,69
200800061317,8,10,26,1835,5,1,1,1,2,69081,M,,,69
200800061318,8,10,27,1615,1,1,1,2,2,69244,M,,,69
200800061319,8,10,28,1425,1,1,1,2,6,69294,M,,,69
200800061320,8,10,29,925,1,1,1,1,7,69288,M,,,69
200800061321,8,10,29,1006,1,1,1,2,2,38449,M,,,38
200800061322,8,10,31,835,1,1,1,1,3,69281,M,,,69
200800061323,8,10,8,1615,1,2,2,2,6,69389,M,,,69
200800061324,8,10,6,1900,5,2,3,1,2,69389,M,,,69
200800061325,8,10,8,715,3,2,1,3,6,69389,M,,,69
200800061326,8,10,15,1250,1,2,3,1,3,69389,M,,,69
200800061327,8,10,15,2045,5,2,1,1,7,69389,M,,,69
200800061328,8,10,17,1655,1,2,1,1,4,69389,M,,,69
200800061329,8,10,21,1315,1,2,1,1,2,69389,M,,,69
200800061330,8,10,29,1655,2,2,1,1,3,69389,M,,,69
200800061331,8,10,3,1430,1,1,1,1,5,83137,M,,,83
200800061332,8,10,3,1950,3,1,1,6,7,83090,M,,,83
200800061333,8,10,10,1100,1,1,1,1,7,83062,M,,,83
200800061334,8,10,13,1010,1,1,1,1,7,83137,M,,,83
200800061335,8,10,13,2200,5,1,1,1,2,83126,M,,,83
200800061336,8,10,22,1722,1,1,1,2,2,83144,M,,,83
200800061337,8,10,27,1800,5,1,1,1,3,83144,M,,,83
200800061338,8,10,29,1856,5,1,1,1,4,83144,M,,,83
200800061339,8,10,6,1200,1,1,1,1,4,13215,M,,,13
200800061340,8,10,1,1205,1,1,1,1,4,13215,M,,,13
200800061341,8,10,7,1648,1,1,1,1,6,13043,M,,,13
200800061342,8,10,1,1835,1,1,1,1,4,13215,M,,,13
200800061343,8,10,1,1840,1,1,1,1,4,13005,M,,,13
200800061344,8,10,4,1615,1,1,1,1,2,13071,M,,,13
200800061345,8,10,3,820,1,1,1,1,2,13215,M,,,13
200800061346,8,10,3,1530,1,1,1,1,2,13215,M,,,13
200800061347,8,10,4,1508,1,1,1,1,3,13106,M,,,13
200800061348,8,10,4,2040,3,1,1,1,2,13071,M,,,13
200800061349,8,10,6,1845,1,1,1,1,2,13005,M,,,13
200800061350,8,10,8,830,1,1,1,3,3,13071,M,,,13
200800061351,8,10,8,840,1,1,1,3,6,13085,M,,,13
200800061352,8,10,8,840,1,1,1,3,4,13215,M,,,13
200800061353,8,10,8,930,1,1,1,3,7,13056,M,,,13
200800061354,8,10,8,1000,1,1,1,2,3,13056,M,,,13
200800061355,8,10,8,1615,1,1,1,3,6,13056,M,,,13
200800061356,8,10,8,1820,1,1,1,8,2,13005,M,,,13
200800061357,8,10,8,1850,3,1,1,3,6,13071,M,,,13
200800061358,8,10,9,910,1,1,1,3,7,13005,M,,,13
200800061359,8,10,9,1950,3,1,1,1,2,13215,M,,,13
200800061360,8,10,9,2240,3,1,1,1,6,13215,M,,,13
200800061361,8,10,4,1630,1,1,1,1,2,13071,M,,,13
200800061362,8,10,10,905,5,1,1,1,2,13206,M,,,13
200800061363,8,10,10,915,1,1,1,1,4,13211,M,,,13
200800061364,8,10,10,1245,1,1,1,1,4,13210,M,,,13
200800061365,8,10,10,1809,1,1,1,1,2,13071,M,,,13
200800061366,8,10,11,1235,1,1,1,1,4,13211,M,,,13
200800061367,8,10,11,1450,1,1,1,1,2,13203,M,,,13
200800061368,8,10,12,355,5,1,1,1,1,13203,M,,,13
200800061369,8,10,13,710,2,1,1,1,3,13001,M,,,13
200800061370,8,10,13,1925,3,1,1,1,2,13026,M,,,13
200800061371,8,10,15,715,2,1,1,1,6,13019,M,,,13
200800061372,8,10,15,740,2,1,1,1,7,13211,M,,,13
200800061373,8,10,15,1200,1,1,1,1,6,13015,M,,,13
200800061374,8,10,16,1738,1,1,1,1,2,13214,M,,,13
200800061375,8,10,16,1935,3,1,1,1,3,13001,M,,,13
200800061376,8,10,16,2010,5,1,1,1,3,13005,M,,,13
200800061377,8,10,17,708,2,1,1,1,7,13001,M,,,13
200800061378,8,10,17,1250,1,1,1,1,4,13215,M,,,13
200800061379,8,10,17,1450,1,1,1,1,2,13106,M,,,13
200800061380,8,10,18,1820,1,1,1,1,4,13211,M,,,13
200800061381,8,10,18,2035,3,1,1,1,6,13215,M,,,13
200800061382,8,10,18,2118,3,1,1,1,6,13071,M,,,13
200800061383,8,10,18,2125,3,1,1,1,6,13215,M,,,13
200800061384,8,10,19,1930,3,1,1,1,2,13071,M,,,13
200800061385,8,10,20,750,1,1,1,1,6,13005,M,,,13
200800061386,8,10,20,1230,1,1,1,1,7,13005,M,,,13
200800061387,8,10,20,1738,1,1,1,2,7,13056,M,,,13
200800061388,8,10,20,1900,3,1,1,1,6,13117,M,,,13
200800061389,8,10,25,1600,1,1,1,1,5,13106,M,,,13
200800061390,8,10,25,826,3,1,1,1,6,13071,M,,,13
200800061391,8,10,27,600,3,1,1,1,7,13005,M,,,13
200800061392,8,10,27,922,1,1,1,1,6,13215,M,,,13
200800061393,8,10,28,55,3,1,1,1,3,13117,M,,,13
200800061394,8,10,28,1310,1,1,1,3,2,13215,M,,,13
200800061395,8,10,28,1659,1,1,1,8,2,13202,M,,,13
200800061396,8,10,28,1911,5,1,1,8,3,13216,M,,,13
200800061397,8,10,28,2105,5,1,1,9,2,13202,M,,,13
200800061398,8,10,29,1750,2,1,1,1,2,13202,M,,,13
200800061399,8,10,30,750,1,1,1,1,2,13081,M,,,13
200800061400,8,10,30,820,1,1,1,8,7,13015,M,,,13
200800061401,8,10,31,1220,1,1,1,2,4,13001,M,,,13
200800061402,8,10,31,1350,1,1,1,2,6,13071,M,,,13
200800061403,8,10,31,1630,1,1,1,2,6,13026,M,,,13
200800061404,8,10,31,1700,1,1,1,2,6,13216,M,,,13
200800061405,8,10,1,520,5,2,1,1,6,75101,M,,,75
200800061406,8,10,2,915,1,2,1,1,2,75101,M,,,75
200800061407,8,10,2,1445,1,2,1,1,2,75101,M,,,75
200800061408,8,10,3,410,5,2,2,1,6,75101,M,,,75
200800061409,8,10,4,620,5,2,2,1,2,75101,M,,,75
200800061410,8,10,5,530,5,2,1,3,6,75101,M,,,75
200800061411,8,10,8,850,1,2,2,1,6,75101,M,,,75
200800061412,8,10,8,1730,1,2,1,1,3,75101,M,,,75
200800061413,8,10,9,750,2,2,2,1,3,75101,M,,,75
200800061414,8,10,10,825,1,2,1,1,7,75101,M,,,75
200800061415,8,10,15,2012,5,2,2,1,3,75101,M,,,75
200800061416,8,10,16,1100,1,2,2,1,6,75101,M,,,75
200800061417,8,10,16,1130,1,2,2,2,3,75101,M,,,75
200800061418,8,10,22,1420,1,2,1,1,6,75101,M,,,75
200800061419,8,10,22,1330,1,2,3,1,6,75101,M,,,75
200800061420,8,10,24,1550,1,2,2,1,3,75101,M,,,75
200800061421,8,10,25,30,5,2,2,1,3,75101,M,,,75
200800061422,8,10,25,1600,1,2,1,1,3,75101,M,,,75
200800061423,8,10,27,2220,5,2,1,8,7,75101,M,,,75
200800061424,8,10,30,1400,1,2,1,1,7,75101,M,,,75
200800061425,8,10,1,1810,1,2,1,1,6,75102,M,,,75
200800061426,8,10,2,1500,1,2,1,2,7,75102,M,,,75
200800061427,8,10,6,100,5,2,2,2,7,75102,M,,,75
200800061428,8,10,8,2110,5,2,2,1,3,75102,M,,,75
200800061429,8,10,10,1030,1,2,2,1,3,75102,M,,,75
200800061430,8,10,11,1725,1,2,4,1,3,75102,M,,,75
200800061431,8,10,16,1835,1,2,3,1,6,75102,M,,,75
200800061432,8,10,23,1610,1,2,3,1,3,75102,M,,,75
200800061433,8,10,27,1645,1,2,1,2,7,75102,M,,,75
200800061434,8,10,28,1240,1,2,5,1,3,75102,M,,,75
200800061435,8,10,29,905,1,2,2,1,6,75102,M,,,75
200800061436,8,10,30,445,5,2,3,1,3,75102,M,,,75
200800061437,8,10,29,2200,5,2,2,1,3,75102,M,,,75
200800061438,8,10,1,1200,1,2,1,1,6,75103,M,,,75
200800061439,8,10,1,1740,1,2,4,1,3,75103,M,,,75
200800061440,8,10,5,1535,1,2,1,8,6,75103,M,,,75
200800061441,8,10,8,1145,1,2,3,1,4,75103,M,,,75
200800061442,8,10,10,2230,5,2,1,1,7,75103,M,,,75
200800061443,8,10,11,2130,5,2,2,1,2,75103,M,,,75
200800061444,8,10,14,924,1,2,1,1,3,75101,M,,,75
200800061445,8,10,14,1805,1,2,2,1,3,75103,M,,,75
200800061446,8,10,17,935,1,2,2,1,7,75103,M,,,75
200800061447,8,10,17,2150,5,2,1,1,6,75103,M,,,75
200800061448,8,10,20,1647,1,2,3,1,3,75103,M,,,75
200800061449,8,10,20,1745,1,2,1,1,6,75103,M,,,75
200800061450,8,10,24,1305,1,2,2,1,6,75103,M,,,75
200800061451,8,10,31,1135,1,2,3,2,2,75103,M,,,75
200800061452,8,10,7,630,5,2,2,2,6,75104,M,,,75
200800061453,8,10,12,1700,1,2,1,1,6,75104,M,,,75
200800061454,8,10,1,240,5,2,1,1,3,75104,M,,,75
200800061455,8,10,2,825,1,2,3,1,3,75104,M,,,75
200800061456,8,10,2,1455,1,2,1,1,6,75104,M,,,75
200800061457,8,10,4,805,1,2,1,1,6,75104,M,,,75
200800061458,8,10,4,1145,1,2,5,1,2,75104,M,,,75
200800061459,8,10,6,1335,1,2,3,8,6,75104,M,,,75
200800061460,8,10,6,1755,1,2,3,1,2,75104,M,,,75
200800061461,8,10,7,1609,1,2,1,1,2,75104,M,,,75
200800061462,8,10,10,2330,5,2,3,1,6,75104,M,,,75
200800061463,8,10,14,1310,1,2,2,1,2,75104,M,,,75
200800061464,8,10,14,1415,1,2,2,1,6,75104,M,,,75
200800061465,8,10,15,1840,2,2,6,2,3,75104,M,,,75
200800061466,8,10,18,513,5,2,6,1,2,75104,M,,,75
200800061467,8,10,18,2110,5,2,1,1,3,75104,M,,,75
200800061468,8,10,20,1300,1,2,2,1,3,75104,M,,,75
200800061469,8,10,22,915,1,2,1,1,3,75104,M,,,75
200800061470,8,10,22,1345,1,2,3,1,3,75104,M,,,75
200800061471,8,10,23,1505,1,2,3,1,1,75104,M,,,75
200800061472,8,10,25,910,1,2,2,1,3,75104,M,,,75
200800061473,8,10,25,1825,1,2,1,1,3,75104,M,,,75
200800061474,8,10,27,820,1,2,3,8,6,75104,M,,,75
200800061475,8,10,31,740,1,2,1,2,6,75104,M,,,75
200800061476,8,10,3,1445,1,2,1,1,7,75105,M,,,75
200800061477,8,10,3,1620,1,2,1,1,6,75105,M,,,75
200800061478,8,10,4,1800,1,2,1,1,6,75105,M,,,75
200800061479,8,10,9,935,1,2,1,1,3,75105,M,,,75
200800061480,8,10,11,1315,1,2,2,1,3,75105,M,,,75
200800061481,8,10,14,335,5,2,2,1,3,75105,M,,,75
200800061482,8,10,17,10,5,2,2,1,3,75105,M,,,75
200800061483,8,10,20,1600,1,2,5,1,3,75105,M,,,75
200800061484,8,10,21,540,5,2,2,2,3,75105,M,,,75
200800061485,8,10,21,830,2,2,1,2,7,75105,M,,,75
200800061486,8,10,21,1615,1,2,1,3,7,75105,M,,,75
200800061487,8,10,28,930,1,2,1,1,2,75105,M,,,75
200800061488,8,10,28,1550,1,2,5,1,7,75105,M,,,75
200800061489,8,10,28,1845,5,2,5,2,7,75105,M,,,75
200800061490,8,10,29,2320,5,2,5,1,2,75105,M,,,75
200800061491,8,10,31,30,5,2,3,2,3,75105,M,,,75
200800061492,8,10,2,1225,1,2,1,1,6,75106,M,,,75
200800061493,8,10,3,910,1,2,3,1,6,75106,M,,,75
200800061494,8,10,4,720,2,2,2,1,3,75106,M,,,75
200800061495,8,10,6,1000,1,2,2,1,7,75106,M,,,75
200800061496,8,10,6,1300,1,2,3,1,3,75106,M,,,75
200800061497,8,10,7,1530,1,2,2,1,6,75106,M,,,75
200800061498,8,10,10,1410,1,2,2,1,3,75106,M,,,75
200800061499,8,10,10,1550,1,2,5,1,6,75106,M,,,75
200800061500,8,10,13,1850,5,2,1,1,6,75106,M,,,75
200800061501,8,10,14,1140,1,2,3,1,6,75106,M,,,75
200800061502,8,10,17,1040,1,2,3,1,6,75106,M,,,75
200800061503,8,10,23,1530,1,2,1,1,6,75106,M,,,75
200800061504,8,10,24,1425,1,2,2,1,5,75106,M,,,75
200800061505,8,10,25,2030,5,2,2,1,7,75106,M,,,75
200800061506,8,10,27,1500,1,2,1,2,7,75106,M,,,75
200800061507,8,10,27,1818,5,2,2,2,2,75106,M,,,75
200800061508,8,10,30,315,5,2,2,1,3,75106,M,,,75
200800061509,8,10,31,1300,1,2,2,2,6,75106,M,,,75
200800061510,8,10,1,850,1,2,2,1,3,75107,M,,,75
200800061511,8,10,2,931,1,2,3,1,3,75107,M,,,75
200800061512,8,10,3,815,1,2,2,8,6,75107,M,,,75
200800061513,8,10,3,1945,5,2,1,8,2,75107,M,,,75
200800061514,8,10,6,1305,1,2,2,1,6,75107,M,,,75
200800061515,8,10,6,1330,1,2,2,1,3,75107,M,,,75
200800061516,8,10,7,745,1,2,1,1,7,75107,M,,,75
200800061517,8,10,7,1110,1,2,3,1,6,75107,M,,,75
200800061518,8,10,7,2105,5,2,3,3,4,75107,M,,,75
200800061519,8,10,10,840,1,2,3,1,3,75107,M,,,75
200800061520,8,10,10,1030,1,2,2,1,3,75107,M,,,75
200800061521,8,10,10,1440,1,2,1,1,2,75107,M,,,75
200800061522,8,10,11,1345,1,2,5,1,3,75107,M,,,75
200800061523,8,10,13,2020,5,2,2,1,6,75107,M,,,75
200800061524,8,10,13,2330,5,2,1,1,6,75107,M,,,75
200800061525,8,10,15,830,2,2,2,2,2,75107,M,,,75
200800061526,8,10,15,1610,1,2,1,2,3,75107,M,,,75
200800061527,8,10,17,2125,5,2,3,1,3,75107,M,,,75
200800061528,8,10,18,1045,1,2,2,1,3,75107,M,,,75
200800061529,8,10,21,1710,1,2,3,2,6,75107,M,,,75
200800061530,8,10,23,1655,1,2,1,1,6,75107,M,,,75
200800061531,8,10,24,1750,1,2,2,1,3,75107,M,,,75
200800061532,8,10,25,1100,1,2,7,1,6,75107,M,,,75
200800061533,8,10,27,1850,5,2,1,2,6,75107,M,,,75
200800061534,8,10,31,125,5,2,5,2,7,75107,M,,,75
200800061535,8,10,31,215,5,2,3,2,3,75107,M,,,75
200800061536,8,10,1,1555,1,2,2,2,6,75108,M,,,75
200800061537,8,10,1,1600,1,2,2,2,6,75108,M,,,75
200800061538,8,10,1,1605,1,2,5,2,7,75108,M,,,75
200800061539,8,10,2,1440,1,2,2,1,3,75108,M,,,75
200800061540,8,10,3,900,1,2,1,2,3,75108,M,,,75
200800061541,8,10,3,1115,1,2,3,1,6,75108,M,,,75
200800061542,8,10,3,1510,1,2,2,2,2,75108,M,,,75
200800061543,8,10,3,2040,5,2,5,2,3,75108,M,,,75
200800061544,8,10,4,1635,1,2,5,1,3,75108,M,,,75
200800061545,8,10,6,645,5,2,5,1,3,75116,M,,,75
200800061546,8,10,6,1345,1,2,3,1,3,75108,M,,,75
200800061547,8,10,6,2045,5,2,1,1,2,75108,M,,,75
200800061548,8,10,7,1325,1,2,1,1,3,75108,M,,,75
200800061549,8,10,8,5,5,2,1,2,4,75108,M,,,75
200800061550,8,10,8,1810,1,2,2,1,3,75108,M,,,75
200800061551,8,10,9,930,1,2,5,1,7,75108,M,,,75
200800061552,8,10,9,2005,3,2,1,1,6,75108,M,,,75
200800061553,8,10,9,2321,5,2,3,1,6,75108,M,,,75
200800061554,8,10,10,745,2,2,5,1,6,75108,M,,,75
200800061555,8,10,10,910,1,2,3,1,3,75108,M,,,75
200800061556,8,10,12,1300,1,2,5,1,3,75108,M,,,75
200800061557,8,10,12,1440,1,2,1,1,2,75108,M,,,75
200800061558,8,10,13,1930,5,2,2,1,3,75108,M,,,75
200800061559,8,10,15,2015,5,2,1,1,3,75108,M,,,75
200800061560,8,10,16,925,1,2,2,1,6,75108,M,,,75
200800061561,8,10,16,1310,1,2,1,2,6,75108,M,,,75
200800061562,8,10,16,1740,1,2,2,1,3,75108,M,,,75
200800061563,8,10,17,1530,1,2,1,1,3,75108,M,,,75
200800061564,8,10,17,1900,5,2,2,1,3,75108,M,,,75
200800061565,8,10,17,2010,5,2,2,1,6,75108,M,,,75
200800061566,8,10,18,1300,1,2,2,1,3,75108,M,,,75
200800061567,8,10,18,2115,5,2,1,1,2,75108,M,,,75
200800061568,8,10,19,49,5,2,2,1,2,75108,M,,,75
200800061569,8,10,20,930,1,2,3,1,3,75108,M,,,75
200800061570,8,10,20,1640,1,2,5,1,4,75108,M,,,75
200800061571,8,10,21,700,2,2,3,2,2,75108,M,,,75
200800061572,8,10,21,1400,1,2,5,2,3,75108,M,,,75
200800061573,8,10,21,1450,1,2,4,2,6,75108,M,,,75
200800061574,8,10,22,1215,1,2,3,1,3,75108,M,,,75
200800061575,8,10,23,1730,1,2,2,1,3,75108,M,,,75
200800061576,8,10,25,1520,1,2,2,1,3,75108,M,,,75
200800061577,8,10,27,2320,5,2,1,3,7,75108,M,,,75
200800061578,8,10,27,1040,1,2,2,8,6,75108,M,,,75
200800061579,8,10,27,1500,1,2,1,2,3,75108,M,,,75
200800061580,8,10,29,915,1,2,5,1,3,75108,M,,,75
200800061581,8,10,29,1420,1,2,5,1,3,75108,M,,,75
200800061582,8,10,29,1830,5,2,4,2,3,75108,M,,,75
200800061583,8,10,29,1408,1,2,5,1,6,75108,M,,,75
200800061584,8,10,31,925,1,2,1,2,7,75108,M,,,75
200800061585,8,10,31,930,1,2,3,2,3,75108,M,,,75
200800061586,8,10,1,1620,1,2,5,2,6,75109,M,,,75
200800061587,8,10,1,338,5,2,2,8,5,75109,M,,,75
200800061588,8,10,3,835,1,2,3,2,7,75109,M,,,75
200800061589,8,10,3,1230,1,2,3,2,3,75109,M,,,75
200800061590,8,10,6,930,1,2,1,1,6,75109,M,,,75
200800061591,8,10,7,830,1,2,5,8,2,75109,M,,,75
200800061592,8,10,6,1910,1,2,2,1,6,75109,M,,,75
200800061593,8,10,12,1455,1,2,3,1,6,75109,M,,,75
200800061594,8,10,13,635,5,2,1,1,6,75109,M,,,75
200800061595,8,10,13,1305,1,2,2,1,6,75109,M,,,75
200800061596,8,10,17,400,5,2,2,1,3,75109,M,,,75
200800061597,8,10,18,2310,5,2,2,1,2,75109,M,,,75
200800061598,8,10,20,1000,1,2,5,1,3,75109,M,,,75
200800061599,8,10,21,1530,1,2,1,8,3,75109,M,,,75
200800061600,8,10,22,1835,2,2,2,8,3,75109,M,,,75
200800061601,8,10,24,1020,1,2,5,1,3,75109,M,,,75
200800061602,8,10,24,1830,5,2,1,1,3,75109,M,,,75
200800061603,8,10,27,55,5,2,1,3,6,75109,M,,,75
200800061604,8,10,27,1545,1,2,1,2,6,75109,M,,,75
200800061605,8,10,27,1855,5,2,2,2,3,75109,M,,,75
200800061606,8,10,28,2300,5,2,3,1,3,75109,M,,,75
200800061607,8,10,30,2000,5,2,3,2,6,75109,M,,,75
200800061608,8,10,31,1420,1,2,1,2,6,75109,M,,,75
200800061609,8,10,31,1220,1,2,2,2,6,75109,M,,,75
200800061610,8,10,2,415,5,2,1,1,6,75110,M,,,75
200800061611,8,10,3,1930,5,2,1,2,7,75110,M,,,75
200800061612,8,10,5,430,5,2,1,1,7,75110,M,,,75
200800061613,8,10,5,450,5,2,1,1,3,75110,M,,,75
200800061614,8,10,6,1230,1,2,1,1,3,75110,M,,,75
200800061615,8,10,6,1839,2,2,3,1,3,75110,M,,,75
200800061616,8,10,7,740,2,2,1,8,3,75110,M,,,75
200800061617,8,10,7,1325,1,2,1,1,3,75110,M,,,75
200800061618,8,10,7,1950,5,2,1,2,6,75110,M,,,75
200800061619,8,10,7,2045,2,2,1,2,6,75110,M,,,75
200800061620,8,10,9,1640,1,2,2,1,3,75110,M,,,75
200800061621,8,10,10,1505,1,2,3,1,6,75110,M,,,75
200800061622,8,10,10,1635,1,2,1,1,3,75110,M,,,75
200800061623,8,10,12,320,5,2,3,1,3,75110,M,,,75
200800061624,8,10,12,1120,1,2,1,1,6,75110,M,,,75
200800061625,8,10,13,1415,1,2,1,1,6,75110,M,,,75
200800061626,8,10,14,1430,1,2,3,1,6,75110,M,,,75
200800061627,8,10,16,720,2,2,2,2,6,75110,M,,,75
200800061628,8,10,16,1650,1,2,1,1,6,75110,M,,,75
200800061629,8,10,17,915,1,2,1,1,2,75110,M,,,75
200800061630,8,10,17,1000,1,2,3,1,3,75110,M,,,75
200800061631,8,10,17,1820,2,2,1,1,6,75110,M,,,75
200800061632,8,10,18,1500,1,2,3,1,6,75110,M,,,75
200800061633,8,10,20,1700,1,2,1,1,6,75110,M,,,75
200800061634,8,10,20,1701,1,2,2,1,3,75110,M,,,75
200800061635,8,10,21,1600,1,2,1,2,2,75110,M,,,75
200800061636,8,10,24,835,1,2,1,1,6,75110,M,,,75
200800061637,8,10,25,2230,5,2,2,1,3,75110,M,,,75
200800061638,8,10,28,2315,5,2,4,1,6,75110,M,,,75
200800061639,8,10,29,950,1,2,1,1,3,75110,M,,,75
200800061640,8,10,1,2020,5,2,2,1,6,75111,M,,,75
200800061641,8,10,2,1215,1,2,1,1,3,75111,M,,,75
200800061642,8,10,2,2255,5,2,2,1,3,75111,M,,,75
200800061643,8,10,3,935,1,2,1,2,3,75111,M,,,75
200800061644,8,10,3,1530,1,2,5,2,3,75111,M,,,75
200800061645,8,10,5,150,5,2,2,1,6,75111,M,,,75
200800061646,8,10,9,845,1,2,4,1,6,75111,M,,,75
200800061647,8,10,9,1050,1,2,5,1,2,75111,M,,,75
200800061648,8,10,9,1240,1,2,1,1,3,75111,M,,,75
200800061649,8,10,10,1710,1,2,5,1,2,75111,M,,,75
200800061650,8,10,11,210,5,2,1,1,3,75111,M,,,75
200800061651,8,10,12,1115,1,2,3,1,3,75111,M,,,75
200800061652,8,10,13,1300,1,2,2,1,4,75111,M,,,75
200800061653,8,10,13,1510,1,2,3,1,3,75111,M,,,75
200800061654,8,10,15,910,1,2,6,2,3,75104,M,,,75
200800061655,8,10,15,1745,2,2,2,2,2,75111,M,,,75
200800061656,8,10,16,1340,1,2,3,2,7,75111,M,,,75
200800061657,8,10,17,1005,1,2,2,1,3,75111,M,,,75
200800061658,8,10,17,2110,3,2,1,1,6,75111,M,,,75
200800061659,8,10,18,1540,1,2,2,1,3,75111,M,,,75
200800061660,8,10,20,1135,1,2,3,1,3,75111,M,,,75
200800061661,8,10,20,1650,1,2,1,1,3,75111,M,,,75
200800061662,8,10,21,1245,1,2,1,2,3,75111,M,,,75