Num_Acc,an,mois,jour,hrmn,lum,agg,int,atm,col,com,gps,lat,long,dep
200800061663,8,10,21,1630,1,2,1,2,3,75111,M,,,75
200800061664,8,10,22,1300,1,2,3,1,6,75111,M,,,75
200800061665,8,10,22,1525,1,2,4,1,3,75111,M,,,75
200800061666,8,10,22,2045,5,2,2,1,3,75111,M,,,75
200800061667,8,10,23,1125,1,2,1,1,6,75111,M,,,75
200800061668,8,10,24,805,1,2,1,1,3,75111,M,,,75
200800061669,8,10,24,1500,1,2,2,1,3,75111,M,,,75
200800061670,8,10,25,1030,1,2,2,1,2,75111,M,,,75
200800061671,8,10,25,1430,1,2,7,1,6,75111,M,,,75
200800061672,8,10,26,1440,1,2,1,1,4,75111,M,,,75
200800061673,8,10,27,935,1,2,2,1,3,75111,M,,,75
200800061674,8,10,28,1545,1,2,3,1,3,75111,M,,,75
200800061675,8,10,29,1050,1,2,3,1,3,75111,M,,,75
200800061676,8,10,31,1915,5,2,2,1,3,75111,M,,,75
200800061677,8,10,31,2250,5,2,3,2,2,75111,M,,,75
200800061678,8,10,1,1900,2,2,1,1,6,75112,M,,,75
200800061679,8,10,2,1155,1,2,2,1,3,75112,M,,,75
200800061680,8,10,2,1537,1,2,1,2,4,75112,M,,,75
200800061681,8,10,2,2030,5,2,5,2,6,75112,M,,,75
200800061682,8,10,3,925,1,2,2,1,3,75112,M,,,75
200800061683,8,10,3,926,1,2,3,1,3,75112,M,,,75
200800061684,8,10,3,1700,1,2,5,2,7,75112,M,,,75
200800061685,8,10,3,2300,5,2,1,1,2,75112,M,,,75
200800061686,8,10,4,620,2,2,2,1,2,75112,M,,,75
200800061687,8,10,4,1005,1,2,2,1,3,75112,M,,,75
200800061688,8,10,4,2145,5,2,3,1,7,75112,M,,,75
200800061689,8,10,5,1610,1,2,1,2,3,75112,M,,,75
200800061690,8,10,6,1205,1,2,3,1,7,75112,M,,,75
200800061691,8,10,7,103,5,2,1,2,3,75112,M,,,75
200800061692,8,10,7,745,2,2,4,2,7,75112,M,,,75
200800061693,8,10,7,845,1,2,2,1,3,75112,M,,,75
200800061694,8,10,7,1120,1,2,2,1,6,75112,M,,,75
200800061695,8,10,7,1740,1,2,2,1,3,75112,M,,,75
200800061696,8,10,8,1630,1,2,1,1,6,75112,M,,,75
200800061697,8,10,8,2230,5,2,2,1,3,75112,M,,,75
200800061698,8,10,9,1450,1,2,1,1,6,75112,M,,,75
200800061699,8,10,9,1605,1,2,2,1,3,75112,M,,,75
200800061700,8,10,10,910,1,2,1,1,3,75112,M,,,75
200800061701,8,10,10,1610,1,2,3,1,6,75112,M,,,75
200800061702,8,10,11,720,2,2,1,1,7,75112,M,,,75
200800061703,8,10,11,2010,5,2,2,1,3,75112,M,,,75
200800061704,8,10,11,2145,5,2,1,1,3,75112,M,,,75
200800061705,8,10,13,1030,1,2,1,1,6,75112,M,,,75
200800061706,8,10,13,1530,1,2,1,1,6,75112,M,,,75
200800061707,8,10,14,1230,1,2,1,1,6,75112,M,,,75
200800061708,8,10,14,1630,1,2,1,1,5,75112,M,,,75
200800061709,8,10,14,2310,5,2,2,1,1,75112,M,,,75
200800061710,8,10,15,755,2,2,1,1,2,75112,M,,,75
200800061711,8,10,15,2010,5,2,1,2,7,75112,M,,,75
200800061712,8,10,15,2150,5,2,1,1,6,75112,M,,,75
200800061713,8,10,16,835,1,2,2,2,7,75112,M,,,75
200800061714,8,10,16,935,1,2,1,1,4,75112,M,,,75
200800061715,8,10,16,1955,3,2,1,1,7,75112,M,,,75
200800061716,8,10,17,1400,1,2,3,1,3,75112,M,,,75
200800061717,8,10,17,1700,1,2,1,1,3,75112,M,,,75
200800061718,8,10,17,2130,5,2,2,1,3,75112,M,,,75
200800061719,8,10,19,240,5,2,1,1,7,75112,M,,,75
200800061720,8,10,19,725,2,2,1,1,1,75112,M,,,75
200800061721,8,10,20,1052,1,2,2,1,3,75112,M,,,75
200800061722,8,10,21,40,5,2,1,1,3,75112,M,,,75
200800061723,8,10,21,920,1,2,1,2,3,75112,M,,,75
200800061724,8,10,21,1130,1,2,2,2,2,75112,M,,,75
200800061725,8,10,21,1729,1,2,1,2,6,75112,M,,,75
200800061726,8,10,23,1300,1,2,1,1,3,75112,M,,,75
200800061727,8,10,23,1625,1,2,2,1,3,75112,M,,,75
200800061728,8,10,24,1145,1,2,3,1,7,75112,M,,,75
200800061729,8,10,24,1615,1,2,1,2,6,75112,M,,,75
200800061730,8,10,24,1640,1,2,1,1,4,75112,M,,,75
200800061731,8,10,25,1305,1,2,1,1,6,75112,M,,,75
200800061732,8,10,25,1825,5,2,2,1,5,75112,M,,,75
200800061733,8,10,27,850,1,2,1,2,2,75112,M,,,75
200800061734,8,10,27,900,1,2,1,2,3,75112,M,,,75
200800061735,8,10,28,2225,5,2,4,1,7,75112,M,,,75
200800061736,8,10,28,1800,5,2,1,2,2,75112,M,,,75
200800061737,8,10,28,2005,5,2,4,2,3,75112,M,,,75
200800061738,8,10,29,1850,5,2,2,1,3,75112,M,,,75
200800061739,8,10,30,1555,5,2,2,3,2,75112,M,,,75
200800061740,8,10,31,1255,1,2,2,2,3,75112,M,,,75
200800061741,8,10,31,1730,1,2,1,1,2,75112,M,,,75
200800061742,8,10,31,1830,5,2,1,8,7,75112,M,,,75
200800061743,8,10,1,1300,1,2,2,1,3,75113,M,,,75
200800061744,8,10,2,1210,1,2,4,1,6,75113,M,,,75
200800061745,8,10,2,1700,1,2,5,1,6,75113,M,,,75
200800061746,8,10,3,1150,1,2,1,2,3,75113,M,,,75
200800061747,8,10,3,1720,1,2,1,2,7,75113,M,,,75
200800061748,8,10,3,2125,5,2,1,2,2,75113,M,,,75
200800061749,8,10,4,2000,5,2,1,1,6,75113,M,,,75
200800061750,8,10,5,1305,1,2,2,1,3,75113,M,,,75
200800061751,8,10,6,1745,1,2,1,1,2,75113,M,,,75
200800061752,8,10,7,850,1,2,1,2,6,75113,M,,,75
200800061753,8,10,7,2120,5,2,4,3,6,75113,M,,,75
200800061754,8,10,9,2025,5,2,4,1,3,75113,M,,,75
200800061755,8,10,9,2305,5,2,3,1,3,75113,M,,,75
200800061756,8,10,11,1425,1,2,2,1,2,75113,M,,,75
200800061757,8,10,11,1945,5,2,4,1,3,75113,M,,,75
200800061758,8,10,14,2015,5,2,2,1,7,75113,M,,,75
200800061759,8,10,14,1945,5,2,2,1,4,75113,M,,,75
200800061760,8,10,16,1125,1,2,2,2,3,75113,M,,,75
200800061761,8,10,17,1240,1,2,2,1,3,75113,M,,,75
200800061762,8,10,18,1500,1,2,2,1,3,75113,M,,,75
200800061763,8,10,19,1300,1,2,2,1,3,75113,M,,,75
200800061764,8,10,19,1450,1,2,2,1,6,75113,M,,,75
200800061765,8,10,19,1451,1,2,2,1,3,75113,M,,,75
200800061766,8,10,20,830,1,2,4,1,3,75113,M,,,75
200800061767,8,10,20,1225,1,2,2,1,6,75113,M,,,75
200800061768,8,10,20,1135,1,2,3,1,3,75113,M,,,75
200800061769,8,10,20,1610,1,2,2,1,6,75113,M,,,75
200800061770,8,10,20,1800,1,2,2,1,6,75113,M,,,75
200800061771,8,10,21,810,2,2,1,2,6,75113,M,,,75
200800061772,8,10,21,910,1,2,1,2,3,75113,M,,,75
200800061773,8,10,22,1330,1,2,1,1,3,75113,M,,,75
200800061774,8,10,24,820,1,2,1,1,3,75113,M,,,75
200800061775,8,10,24,1215,1,2,1,2,6,75113,M,,,75
200800061776,8,10,24,1650,1,2,1,8,7,75113,M,,,75
200800061777,8,10,24,2045,5,2,3,1,3,75113,M,,,75
200800061778,8,10,26,2140,5,2,1,1,3,75113,M,,,75
200800061779,8,10,27,1315,1,2,1,1,2,75113,M,,,75
200800061780,8,10,27,1720,2,2,5,2,6,75113,M,,,75
200800061781,8,10,27,1730,5,2,5,2,7,75113,M,,,75
200800061782,8,10,27,1735,5,2,4,2,3,75113,M,,,75
200800061783,8,10,28,900,1,2,1,1,2,75113,M,,,75
200800061784,8,10,29,1045,1,2,1,8,3,75113,M,,,75
200800061785,8,10,29,2040,5,2,1,1,6,75113,M,,,75
200800061786,8,10,31,1100,1,2,5,2,7,75113,M,,,75
200800061787,8,10,1,105,5,2,2,1,3,75114,M,,,75
200800061788,8,10,1,1040,1,2,1,8,6,75114,M,,,75
200800061789,8,10,3,1220,1,2,2,2,3,75114,M,,,75
200800061790,8,10,3,1350,1,2,3,2,6,75114,M,,,75
200800061791,8,10,4,650,2,2,1,1,7,75114,M,,,75
200800061792,8,10,4,1230,1,2,4,1,3,75114,M,,,75
200800061793,8,10,5,220,5,2,5,1,2,75114,M,,,75
200800061794,8,10,5,1430,1,2,1,8,7,75114,M,,,75
200800061795,8,10,6,1850,5,2,3,1,3,75114,M,,,75
200800061796,8,10,7,645,2,2,3,1,3,75114,M,,,75
200800061797,8,10,7,1830,5,2,1,2,4,75114,M,,,75
200800061798,8,10,7,1900,5,2,3,2,3,75114,M,,,75
200800061799,8,10,8,355,5,2,2,1,7,75114,M,,,75
200800061800,8,10,8,2150,5,2,1,1,2,75114,M,,,75
200800061801,8,10,9,1100,1,2,1,1,6,75114,M,,,75
200800061802,8,10,9,1610,1,2,5,1,7,75114,M,,,75
200800061803,8,10,9,2015,1,2,5,1,6,75114,M,,,75
200800061804,8,10,10,2030,5,2,1,1,3,75114,M,,,75
200800061805,8,10,12,1712,1,2,3,1,3,75114,M,,,75
200800061806,8,10,14,2020,5,2,1,1,6,75114,M,,,75
200800061807,8,10,17,2025,5,2,1,1,6,75114,M,,,75
200800061808,8,10,18,1205,1,2,6,1,3,75114,M,,,75
200800061809,8,10,18,1235,1,2,1,1,7,75114,M,,,75
200800061810,8,10,18,1720,1,2,1,1,6,75114,M,,,75
200800061811,8,10,18,2038,5,2,2,1,3,75114,M,,,75
200800061812,8,10,19,40,5,2,1,1,1,75114,M,,,75
200800061813,8,10,19,1525,1,2,1,1,3,75114,M,,,75
200800061814,8,10,20,1125,1,2,3,1,3,75114,M,,,75
200800061815,8,10,20,1410,1,2,3,1,2,75114,M,,,75
200800061816,8,10,21,815,1,2,1,3,6,75114,M,,,75
200800061817,8,10,21,1510,1,2,1,3,3,75114,M,,,75
200800061818,8,10,21,1755,1,2,3,2,3,75114,M,,,75
200800061819,8,10,21,2010,5,2,1,1,6,75114,M,,,75
200800061820,8,10,22,1050,1,2,2,8,3,75114,M,,,75
200800061821,8,10,22,1230,1,2,3,1,6,75114,M,,,75
200800061822,8,10,22,1730,1,2,1,1,2,75114,M,,,75
200800061823,8,10,23,1320,1,2,2,1,3,75114,M,,,75
200800061824,8,10,23,1715,1,2,1,1,7,75114,M,,,75
200800061825,8,10,24,2155,5,2,1,1,2,75114,M,,,75
200800061826,8,10,25,1635,1,2,6,1,3,75114,M,,,75
200800061827,8,10,25,2030,5,2,1,1,2,75114,M,,,75
200800061828,8,10,26,2025,5,2,2,1,3,75114,M,,,75
200800061829,8,10,27,1220,1,2,2,1,3,75114,M,,,75
200800061830,8,10,27,1750,5,2,1,2,6,75114,M,,,75
200800061831,8,10,28,1525,1,2,5,1,7,75114,M,,,75
200800061832,8,10,30,930,1,2,1,1,6,75114,M,,,75
200800061833,8,10,30,1030,1,2,3,1,6,75114,M,,,75
200800061834,8,10,30,1130,1,2,3,1,3,75114,M,,,75
200800061835,8,10,30,1810,5,2,1,2,3,75114,M,,,75
200800061836,8,10,10,925,1,2,1,1,7,75107,M,,,75
200800061837,8,10,1,810,1,2,1,1,6,75115,M,,,75
200800061838,8,10,1,1920,1,2,2,1,3,75115,M,,,75
200800061839,8,10,2,1730,1,2,3,2,3,75115,M,,,75
200800061840,8,10,3,1035,1,2,3,1,6,75115,M,,,75
200800061841,8,10,4,820,1,2,3,1,3,75115,M,,,75
200800061842,8,10,5,415,5,2,1,8,6,75115,M,,,75
200800061843,8,10,6,1703,1,2,5,1,7,75115,M,,,75
200800061844,8,10,6,1920,5,2,2,1,6,75115,M,,,75
200800061845,8,10,7,1445,1,2,1,1,2,75115,M,,,75
200800061846,8,10,8,1508,1,2,2,1,3,75115,M,,,75
200800061847,8,10,9,845,1,2,1,8,3,75115,M,,,75
200800061848,8,10,12,1415,1,2,3,1,5,75115,M,,,75
200800061849,8,10,14,1900,5,2,1,1,6,75115,M,,,75
200800061850,8,10,14,2250,5,2,2,1,3,75115,M,,,75
200800061851,8,10,15,1940,5,2,1,2,7,75115,M,,,75
200800061852,8,10,16,1020,1,2,2,2,2,75115,M,,,75
200800061853,8,10,16,1350,1,2,2,2,7,75115,M,,,75
200800061854,8,10,16,1510,1,2,2,1,3,75115,M,,,75
200800061855,8,10,17,1845,2,2,2,1,6,75115,M,,,75
200800061856,8,10,19,2320,5,2,2,1,7,75115,M,,,75
200800061857,8,10,20,1025,1,2,1,1,3,75115,M,,,75
200800061858,8,10,22,810,1,2,5,1,3,75115,M,,,75
200800061859,8,10,23,1200,1,2,2,1,6,75115,M,,,75
200800061860,8,10,24,210,5,2,1,1,7,75115,M,,,75
200800061861,8,10,24,920,1,2,3,1,3,75115,M,,,75
200800061862,8,10,24,1645,1,2,1,8,6,75115,M,,,75
200800061863,8,10,24,2120,5,2,2,1,7,75115,M,,,75
200800061864,8,10,27,1405,1,2,1,3,3,75115,M,,,75
200800061865,8,10,27,1510,1,2,2,2,3,75115,M,,,75
200800061866,8,10,27,1930,5,2,4,2,6,75115,M,,,75
200800061867,8,10,28,1915,5,2,1,2,4,75115,M,,,75
200800061868,8,10,29,855,1,2,1,1,6,75115,M,,,75
200800061869,8,10,31,1225,1,2,1,2,6,75115,M,,,75
200800061870,8,10,31,1250,1,2,1,2,7,75115,M,,,75
200800061871,8,10,31,2308,5,2,2,1,3,75115,M,,,75
200800061872,8,10,1,917,1,2,3,8,4,75116,M,,,75
200800061873,8,10,2,725,2,2,1,1,6,75116,M,,,75
200800061874,8,10,3,920,1,2,1,1,7,75116,M,,,75
200800061875,8,10,3,925,1,2,1,2,2,75116,M,,,75
200800061876,8,10,3,845,1,2,1,9,7,75115,M,,,75
200800061877,8,10,3,1400,1,2,2,2,6,75116,M,,,75
200800061878,8,10,5,2215,5,2,3,2,6,75116,M,,,75
200800061879,8,10,6,850,1,2,5,1,3,75116,M,,,75
200800061880,8,10,7,750,2,2,5,2,3,75116,M,,,75
200800061881,8,10,7,820,1,2,3,1,7,75116,M,,,75
200800061882,8,10,7,1330,1,2,1,1,6,75116,M,,,75
200800061883,8,10,7,1330,1,2,3,1,3,75108,M,,,75
200800061884,8,10,7,2300,5,2,5,2,3,75116,M,,,75
200800061885,8,10,8,1015,1,2,1,1,6,75116,M,,,75
200800061886,8,10,8,1340,1,2,1,1,6,75116,M,,,75
200800061887,8,10,8,1505,1,2,1,1,6,75116,M,,,75
200800061888,8,10,9,831,1,2,2,1,3,75116,M,,,75
200800061889,8,10,9,1545,1,2,1,1,6,75116,M,,,75
200800061890,8,10,9,1455,1,2,1,1,2,75116,M,,,75
200800061891,8,10,10,1520,1,2,5,1,6,75116,M,,,75
200800061892,8,10,10,2125,5,2,1,1,6,75116,M,,,75
200800061893,8,10,11,945,1,2,2,1,6,75116,M,,,75
200800061894,8,10,11,1150,1,2,5,1,3,75116,M,,,75
200800061895,8,10,13,1115,1,2,1,1,5,75116,M,,,75
200800061896,8,10,13,1230,1,2,1,1,3,75116,M,,,75
200800061897,8,10,13,2020,5,2,2,1,3,75116,M,,,75
200800061898,8,10,14,1830,1,2,1,1,6,75116,M,,,75
200800061899,8,10,14,2105,5,2,1,1,6,75116,M,,,75
200800061900,8,10,15,730,2,2,1,1,3,75116,M,,,75
200800061901,8,10,15,1230,1,2,2,2,3,75116,M,,,75
200800061902,8,10,15,1800,1,2,1,2,3,75116,M,,,75
200800061903,8,10,15,1920,5,2,1,2,7,75116,M,,,75
200800061904,8,10,15,2045,5,2,2,2,3,75116,M,,,75
200800061905,8,10,16,930,1,2,1,2,2,75116,M,,,75
200800061906,8,10,16,900,1,2,2,2,7,75116,M,,,75
200800061907,8,10,16,950,1,2,2,1,6,75116,M,,,75
200800061908,8,10,16,1745,1,2,1,1,3,75116,M,,,75
200800061909,8,10,17,840,1,2,3,1,6,75116,M,,,75
200800061910,8,10,17,2115,5,2,2,1,3,75116,M,,,75
200800061911,8,10,18,33,5,2,4,1,6,75116,M,,,75
200800061912,8,10,18,1845,5,2,2,1,7,75116,M,,,75
200800061913,8,10,20,735,2,2,2,1,6,75116,M,,,75
200800061914,8,10,21,1400,1,2,5,2,7,75116,M,,,75
200800061915,8,10,21,1555,1,2,1,8,7,75116,M,,,75
200800061916,8,10,21,1456,1,2,2,2,2,75116,M,,,75
200800061917,8,10,22,1130,1,2,2,1,6,75116,M,,,75
200800061918,8,10,22,1555,1,2,1,1,6,75116,M,,,75
200800061919,8,10,22,1940,5,2,1,1,6,75116,M,,,75
200800061920,8,10,22,2100,5,2,1,1,3,75116,M,,,75
200800061921,8,10,23,800,1,2,3,1,6,75116,M,,,75
200800061922,8,10,23,1420,1,2,1,1,6,75116,M,,,75
200800061923,8,10,23,2157,5,2,2,1,3,75116,M,,,75
200800061924,8,10,24,845,1,2,1,1,3,75116,M,,,75
200800061925,8,10,24,1750,2,2,5,1,6,75116,M,,,75
200800061926,8,10,25,1300,1,2,7,8,3,75116,M,,,75
200800061927,8,10,27,950,1,2,1,1,3,75116,M,,,75
200800061928,8,10,27,1610,1,2,1,2,7,75116,M,,,75
200800061929,8,10,28,950,1,2,1,1,3,75116,M,,,75
200800061930,8,10,28,1150,1,2,5,1,6,75116,M,,,75
200800061931,8,10,28,1325,1,2,1,1,3,75116,M,,,75
200800061932,8,10,30,930,1,2,1,1,3,75116,M,,,75
200800061933,8,10,30,2030,5,2,1,2,4,75116,M,,,75
200800061934,8,10,31,1550,1,2,1,8,6,75116,M,,,75
200800061935,8,10,2,1230,1,2,1,2,6,75117,M,,,75
200800061936,8,10,2,1950,5,2,2,1,3,75117,M,,,75
200800061937,8,10,3,1400,1,2,2,2,3,75117,M,,,75
200800061938,8,10,4,2135,5,2,1,1,3,75117,M,,,75
200800061939,8,10,4,2305,5,2,1,1,3,75117,M,,,75
200800061940,8,10,5,620,5,2,1,2,3,75117,M,,,75
200800061941,8,10,6,1805,2,2,1,1,3,75117,M,,,75
200800061942,8,10,7,1830,1,2,3,1,6,75117,M,,,75
200800061943,8,10,7,2045,5,2,3,3,3,75117,M,,,75
200800061944,8,10,8,1600,1,2,1,1,6,75117,M,,,75
200800061945,8,10,9,1520,1,2,2,1,3,75117,M,,,75
200800061946,8,10,10,1749,1,2,1,1,7,75117,M,,,75
200800061947,8,10,10,1800,1,2,3,1,6,75117,M,,,75
200800061948,8,10,11,405,5,2,3,1,2,75117,M,,,75
200800061949,8,10,11,1505,1,2,3,1,3,75117,M,,,75
200800061950,8,10,12,655,5,2,3,1,4,75117,M,,,75
200800061951,8,10,13,830,1,2,2,1,6,75117,M,,,75
200800061952,8,10,13,1230,1,2,2,1,3,75117,M,,,75
200800061953,8,10,14,1705,1,2,2,1,6,75117,M,,,75
200800061954,8,10,15,925,1,2,1,2,7,75117,M,,,75
200800061955,8,10,15,1310,1,2,1,2,7,75117,M,,,75
200800061956,8,10,15,1400,1,2,3,2,7,75117,M,,,75
200800061957,8,10,16,1305,1,2,1,8,6,75117,M,,,75
200800061958,8,10,16,1410,1,2,1,2,2,75117,M,,,75
200800061959,8,10,17,1420,1,2,2,1,2,75117,M,,,75
200800061960,8,10,18,30,5,2,1,1,3,75117,M,,,75
200800061961,8,10,19,520,5,2,2,1,3,75117,M,,,75
200800061962,8,10,20,1830,1,2,2,1,3,75117,M,,,75
200800061963,8,10,21,755,1,2,2,3,3,75117,M,,,75
200800061964,8,10,21,1645,1,2,2,2,6,75117,M,,,75
200800061965,8,10,22,2230,5,2,5,1,3,75117,M,,,75
200800061966,8,10,23,10,5,2,2,1,6,75117,M,,,75
200800061967,8,10,21,1235,1,2,1,2,6,75117,M,,,75
200800061968,8,10,23,840,1,2,2,1,3,75117,M,,,75
200800061969,8,10,23,1950,5,2,2,1,3,75117,M,,,75
200800061970,8,10,24,950,1,2,1,1,3,75117,M,,,75
200800061971,8,10,25,1620,1,2,2,1,3,75117,M,,,75
200800061972,8,10,25,1850,5,2,1,1,6,75117,M,,,75
200800061973,8,10,25,1840,1,2,2,1,3,75117,M,,,75
200800061974,8,10,26,1814,5,2,1,1,3,75117,M,,,75
200800061975,8,10,27,1354,1,2,1,2,6,75117,M,,,75
200800061976,8,10,27,2325,5,2,3,1,3,75117,M,,,75
200800061977,8,10,28,810,1,2,1,1,3,75117,M,,,75
200800061978,8,10,29,1300,1,2,2,1,6,75117,M,,,75
200800061979,8,10,29,1530,1,2,1,1,2,75117,M,,,75
200800061980,8,10,30,1655,2,2,1,2,7,75117,M,,,75
200800061981,8,10,31,40,5,2,1,2,3,75117,M,,,75
200800061982,8,10,31,1130,1,2,1,2,3,75117,M,,,75
200800061983,8,10,31,1135,1,2,1,2,2,75117,M,,,75
200800061984,8,10,20,1300,1,2,1,1,6,75118,M,,,75
200800061985,8,10,1,1715,1,2,4,8,3,75118,M,,,75
200800061986,8,10,1,2030,5,2,3,1,3,75118,M,,,75
200800061987,8,10,3,2205,5,2,5,1,2,75118,M,,,75
200800061988,8,10,5,1630,1,2,4,2,6,75118,M,,,75
200800061989,8,10,7,1840,2,2,2,2,6,75118,M,,,75
200800061990,8,10,8,1945,5,2,1,1,6,75118,M,,,75
200800061991,8,10,10,2200,5,2,1,1,6,75118,M,,,75
200800061992,8,10,11,425,5,2,5,1,6,75118,M,,,75
200800061993,8,10,12,2050,5,2,1,1,6,75118,M,,,75
200800061994,8,10,15,225,5,2,1,1,7,75118,M,,,75
200800061995,8,10,16,750,1,2,1,3,7,75118,M,,,75
200800061996,8,10,16,1710,1,2,2,1,3,75118,M,,,75
200800061997,8,10,16,1810,1,2,1,1,3,75118,M,,,75
200800061998,8,10,17,1800,1,2,1,1,6,75118,M,,,75
200800061999,8,10,18,210,5,2,1,1,6,75118,M,,,75
200800062000,8,10,18,2337,5,2,2,1,1,75118,M,,,75
200800062001,8,10,21,730,2,2,1,2,6,75118,M,,,75
200800062002,8,10,21,1250,1,2,1,2,6,75118,M,,,75
200800062003,8,10,22,1030,1,2,2,1,3,75118,M,,,75
200800062004,8,10,25,1730,1,2,2,1,3,75118,M,,,75
200800062005,8,10,26,2325,5,2,3,2,3,75118,M,,,75
200800062006,8,10,29,1930,5,2,2,1,6,75118,M,,,75
200800062007,8,10,29,2300,5,2,1,1,2,75118,M,,,75
200800062008,8,10,30,1730,5,2,1,3,3,75118,M,,,75
200800062009,8,10,31,15,5,2,2,2,7,75118,M,,,75
200800062010,8,10,1,1250,1,2,2,8,6,75119,M,,,75
200800062011,8,10,1,1555,1,2,1,2,3,75119,M,,,75
200800062012,8,10,3,1815,1,2,1,2,6,75119,M,,,75
200800062013,8,10,3,1310,1,2,3,2,6,75119,M,,,75
200800062014,8,10,6,1040,1,2,2,1,3,75119,M,,,75
200800062015,8,10,6,1250,1,2,1,1,3,75119,M,,,75
200800062016,8,10,6,1825,1,2,3,1,3,75119,M,,,75
200800062017,8,10,7,2020,5,2,1,2,3,75119,M,,,75
200800062018,8,10,8,955,1,2,1,1,6,75119,M,,,75
200800062019,8,10,7,2130,5,2,3,3,6,75119,M,,,75
200800062020,8,10,10,1340,1,2,2,1,3,75119,M,,,75
200800062021,8,10,10,1415,1,2,1,1,1,75119,M,,,75
200800062022,8,10,10,1430,1,2,1,1,2,75119,M,,,75
200800062023,8,10,10,1633,1,2,1,1,2,75119,M,,,75
200800062024,8,10,11,2330,5,2,3,1,6,75119,M,,,75
200800062025,8,10,12,1145,1,2,1,1,6,75119,M,,,75
200800062026,8,10,12,1050,1,2,3,1,1,75119,M,,,75
200800062027,8,10,13,915,1,2,2,1,6,75119,M,,,75
200800062028,8,10,17,1310,1,2,2,1,3,75119,M,,,75
200800062029,8,10,18,20,5,2,1,1,3,75110,M,,,75
200800062030,8,10,18,233,5,2,2,1,3,75119,M,,,75
200800062031,8,10,19,1130,1,2,1,1,2,75119,M,,,75
200800062032,8,10,19,1945,3,2,1,1,7,75119,M,,,75
200800062033,8,10,19,2110,5,2,1,1,2,75119,M,,,75
200800062034,8,10,21,850,1,2,2,2,6,75119,M,,,75
200800062035,8,10,22,1640,1,2,5,1,3,75119,M,,,75
200800062036,8,10,23,2320,5,2,5,1,2,75119,M,,,75
200800062037,8,10,23,2122,5,2,1,1,2,75119,M,,,75
200800062038,8,10,24,1715,1,2,1,2,3,75119,M,,,75
200800062039,8,10,26,1115,1,2,1,1,6,75119,M,,,75
200800062040,8,10,26,1640,1,2,1,1,6,75119,M,,,75
200800062041,8,10,27,1220,1,2,2,8,6,75119,M,,,75
200800062042,8,10,27,1505,1,2,3,2,3,75119,M,,,75
200800062043,8,10,28,1130,1,2,5,1,2,75119,M,,,75
200800062044,8,10,29,1042,1,2,3,1,3,75119,M,,,75
200800062045,8,10,30,920,2,2,5,1,6,75119,M,,,75
200800062046,8,10,30,1110,1,2,1,8,2,75119,M,,,75
200800062047,8,10,30,2000,5,2,2,2,3,75119,M,,,75
200800062048,8,10,30,2100,5,2,3,2,6,75119,M,,,75
200800062049,8,10,3,1920,5,2,2,2,6,75120,M,,,75
200800062050,8,10,1,1600,1,2,2,2,3,75120,M,,,75
200800062051,8,10,1,1830,1,2,5,1,6,75120,M,,,75
200800062052,8,10,2,1500,1,2,5,2,6,75120,M,,,75
200800062053,8,10,2,1545,1,2,1,1,6,75120,M,,,75
200800062054,8,10,4,715,2,2,1,1,7,75120,M,,,75
200800062055,8,10,7,150,5,2,1,2,6,75120,M,,,75
200800062056,8,10,7,2325,5,2,1,2,6,75120,M,,,75
200800062057,8,10,8,1630,1,2,1,1,7,75120,M,,,75
200800062058,8,10,10,815,1,2,1,1,3,75120,M,,,75
200800062059,8,10,10,1835,1,2,2,1,6,75120,M,,,75
200800062060,8,10,10,1950,5,2,1,1,6,75120,M,,,75
200800062061,8,10,11,1825,1,2,5,1,4,75120,M,,,75
200800062062,8,10,12,1515,1,2,5,1,7,75120,M,,,75
200800062063,8,10,13,930,1,2,1,1,7,75120,M,,,75
200800062064,8,10,13,840,1,2,1,1,2,75120,M,,,75
200800062065,8,10,13,1544,1,2,2,1,2,75120,M,,,75
200800062066,8,10,13,1820,1,2,1,1,5,75120,M,,,75
200800062067,8,10,15,705,5,2,2,1,3,75120,M,,,75
200800062068,8,10,15,1210,1,2,1,2,7,75120,M,,,75
200800062069,8,10,16,1110,1,2,1,1,6,75120,M,,,75
200800062070,8,10,16,1655,1,2,2,1,6,75120,M,,,75
200800062071,8,10,16,2155,5,2,2,1,6,75120,M,,,75
200800062072,8,10,17,1845,3,2,1,1,3,75120,M,,,75
200800062073,8,10,18,5,5,2,2,1,3,75120,M,,,75
200800062074,8,10,18,1730,1,2,2,1,6,75120,M,,,75
200800062075,8,10,18,1900,2,2,1,1,7,75120,M,,,75
200800062076,8,10,18,2130,5,2,2,1,1,75120,M,,,75
200800062077,8,10,19,10,5,2,2,1,3,75120,M,,,75
200800062078,8,10,19,550,5,2,1,1,2,75120,M,,,75
200800062079,8,10,19,2030,5,2,2,1,3,75120,M,,,75
200800062080,8,10,20,1135,1,2,1,1,3,75120,M,,,75
200800062081,8,10,22,1912,5,2,2,1,3,75120,M,,,75
200800062082,8,10,23,1333,1,2,1,1,6,75120,M,,,75
200800062083,8,10,23,1855,5,2,2,1,3,75120,M,,,75