Num_Acc,an,mois,jour,hrmn,lum,agg,int,atm,col,com,gps,lat,long,dep
200800062084,8,10,27,500,5,2,2,3,6,75120,M,,,75
200800062085,8,10,27,945,1,2,1,2,3,75120,M,,,75
200800062086,8,10,27,1605,1,2,1,3,6,75120,M,,,75
200800062087,8,10,27,2122,5,2,2,1,6,75120,M,,,75
200800062088,8,10,28,1850,5,2,2,2,4,75120,M,,,75
200800062089,8,10,29,1840,5,2,1,8,6,75120,M,,,75
200800062090,8,10,30,2315,5,2,1,2,6,75120,M,,,75
200800062091,8,10,1,1537,1,2,2,1,3,75107,M,,,75
200800062092,8,10,1,1545,1,2,5,1,6,75108,M,,,75
200800062093,8,10,1,2345,5,2,3,1,3,75104,M,,,75
200800062094,8,10,2,1755,1,2,1,2,6,75113,M,,,75
200800062095,8,10,3,830,1,2,1,8,6,75117,M,,,75
200800062096,8,10,3,940,1,2,1,8,2,75119,M,,,75
200800062097,8,10,3,1950,5,2,1,1,3,75112,M,,,75
200800062098,8,10,4,200,5,2,2,1,6,75112,M,,,75
200800062099,8,10,4,920,1,2,3,1,3,75112,M,,,75
200800062100,8,10,4,1656,1,2,1,1,6,75111,M,,,75
200800062101,8,10,4,1940,5,2,1,1,4,75119,M,,,75
200800062102,8,10,5,320,5,2,2,1,6,75108,M,,,75
200800062103,8,10,6,1045,1,2,1,8,6,75104,M,,,75
200800062104,8,10,7,530,5,2,3,2,3,75118,M,,,75
200800062105,8,10,7,700,5,2,5,1,6,75108,M,,,75
200800062106,8,10,8,1006,1,2,1,1,3,75120,M,,,75
200800062107,8,10,8,1107,1,2,4,1,6,75116,M,,,75
200800062108,8,10,8,1355,1,2,1,1,2,75113,M,,,75
200800062109,8,10,10,1345,1,2,1,1,4,75120,M,,,75
200800062110,8,10,10,1630,1,2,1,1,6,75112,M,,,75
200800062111,8,10,10,2255,5,2,2,1,3,75115,M,,,75
200800062112,8,10,10,2320,5,2,3,1,3,75111,M,,,75
200800062113,8,10,11,240,5,2,3,1,6,75103,M,,,75
200800062114,8,10,12,1350,1,2,2,1,4,75113,M,,,75
200800062115,8,10,13,1000,1,2,1,2,6,75110,M,,,75
200800062116,8,10,13,1330,1,2,1,1,6,75115,M,,,75
200800062117,8,10,13,1350,1,2,1,1,6,75115,M,,,75
200800062118,8,10,13,1930,5,2,7,1,3,75111,M,,,75
200800062119,8,10,14,855,1,2,2,1,3,75101,M,,,75
200800062120,8,10,14,1840,2,2,1,1,6,75108,M,,,75
200800062121,8,10,14,2300,5,2,1,1,3,75114,M,,,75
200800062122,8,10,15,640,5,2,1,1,7,75113,M,,,75
200800062123,8,10,15,1220,1,2,3,1,6,75117,M,,,75
200800062124,8,10,15,1400,1,2,1,1,6,75115,M,,,75
200800062125,8,10,15,1900,5,2,1,2,6,75111,M,,,75
200800062126,8,10,15,2205,5,2,1,1,6,75114,M,,,75
200800062127,8,10,16,955,1,2,2,8,6,75111,M,,,75
200800062128,8,10,17,614,4,2,2,1,3,75114,M,,,75
200800062129,8,10,17,1150,1,2,3,1,6,75104,M,,,75
200800062130,8,10,17,2042,5,2,2,2,3,75112,M,,,75
200800062131,8,10,17,2130,5,2,1,1,5,75113,M,,,75
200800062132,8,10,18,15,5,2,1,1,7,75117,M,,,75
200800062133,8,10,18,1736,1,2,1,1,3,75113,M,,,75
200800062134,8,10,19,440,5,2,1,1,6,75105,M,,,75
200800062135,8,10,19,1835,5,2,2,1,3,75101,M,,,75
200800062136,8,10,21,808,1,2,2,2,3,75103,M,,,75
200800062137,8,10,21,1355,1,2,3,2,3,75105,M,,,75
200800062138,8,10,23,1550,1,2,1,1,6,75110,M,,,75
200800062139,8,10,23,2235,5,2,4,1,3,75108,M,,,75
200800062140,8,10,24,1700,1,2,2,1,6,75110,M,,,75
200800062141,8,10,24,2025,5,2,1,1,3,75112,M,,,75
200800062142,8,10,26,510,4,2,1,1,3,75109,M,,,75
200800062143,8,10,27,1655,2,2,1,2,6,75111,M,,,75
200800062144,8,10,27,1835,5,2,1,2,6,75115,M,,,75
200800062145,8,10,27,1855,5,2,5,3,6,75111,M,,,75
200800062146,8,10,28,2205,5,2,1,1,6,75111,M,,,75
200800062147,8,10,29,1840,5,2,1,1,2,75103,M,,,75
200800062148,8,10,30,1220,1,2,2,1,3,75111,M,,,75
200800062149,8,10,30,2110,5,2,1,2,3,75116,M,,,75
200800062150,8,10,30,2214,5,2,2,2,6,75111,M,,,75
200800062151,8,10,30,2325,5,2,1,2,6,75105,M,,,75
200800062152,8,10,31,325,5,2,1,2,6,75110,M,,,75
200800062153,8,10,31,1430,1,2,5,2,2,75108,M,,,75
200800062154,8,10,31,1845,2,2,1,1,3,75116,M,,,75
200800062155,8,10,1,1640,1,2,1,1,7,75114,M,,,75
200800062156,8,10,2,1805,1,2,1,2,4,75117,M,,,75
200800062157,8,10,2,1750,1,2,1,3,2,75118,M,,,75
200800062158,8,10,2,2100,5,2,1,1,3,75116,M,,,75
200800062159,8,10,3,700,5,2,1,2,4,75118,M,,,75
200800062160,8,10,3,1820,1,2,1,2,7,75119,M,,,75
200800062161,8,10,3,2200,5,2,1,2,4,75120,M,,,75
200800062162,8,10,4,1630,1,2,1,1,2,75120,M,,,75
200800062163,8,10,4,2000,5,2,1,1,2,75119,M,,,75
200800062164,8,10,4,2240,5,2,1,1,6,75113,M,,,75
200800062165,8,10,5,645,5,2,1,1,6,75117,M,,,75
200800062166,8,10,6,1050,1,2,1,1,6,75118,M,,,75
200800062167,8,10,7,1900,2,2,1,2,2,75115,M,,,75
200800062168,8,10,8,57,5,2,1,2,6,75117,M,,,75
200800062169,8,10,8,1755,1,2,1,1,3,75112,M,,,75
200800062170,8,10,9,720,2,2,1,1,3,75119,M,,,75
200800062171,8,10,9,830,1,2,1,1,3,75116,M,,,75
200800062172,8,10,9,950,1,2,1,1,3,75120,M,,,75
200800062173,8,10,9,1750,1,2,1,1,2,75116,M,,,75
200800062174,8,10,10,1100,1,2,1,1,2,75113,M,,,75
200800062175,8,10,10,1345,1,2,1,1,4,75115,M,,,75
200800062176,8,10,10,2205,5,2,1,1,2,75118,M,,,75
200800062177,8,10,11,200,5,2,1,1,6,75116,M,,,75
200800062178,8,10,11,1955,5,2,1,1,4,75117,M,,,75
200800062179,8,10,11,2100,5,2,1,1,4,75116,M,,,75
200800062180,8,10,12,1030,1,2,1,1,6,75117,M,,,75
200800062181,8,10,13,1020,1,2,1,1,3,75114,M,,,75
200800062182,8,10,14,1555,1,2,1,1,2,75120,M,,,75
200800062183,8,10,14,1720,1,2,1,1,3,75113,M,,,75
200800062184,8,10,15,1230,1,2,1,2,2,75119,M,,,75
200800062185,8,10,15,1900,5,2,1,2,4,75114,M,,,75
200800062186,8,10,15,1950,5,2,1,1,2,75115,M,,,75
200800062187,8,10,16,840,1,2,1,2,4,75120,M,,,75
200800062188,8,10,16,815,1,2,1,2,2,75120,M,,,75
200800062189,8,10,16,1000,1,2,4,2,7,75120,M,,,75
200800062190,8,10,16,1345,1,2,1,1,3,75117,M,,,75
200800062191,8,10,17,1015,1,2,1,1,2,75115,M,,,75
200800062192,8,10,17,900,1,2,1,1,2,75116,M,,,75
200800062193,8,10,17,1135,1,2,4,1,2,75119,M,,,75
200800062194,8,10,17,1635,1,2,4,1,6,75112,M,,,75
200800062195,8,10,17,1720,1,2,1,1,3,75117,M,,,75
200800062196,8,10,18,1500,1,2,1,1,3,75114,M,,,75
200800062197,8,10,18,1500,1,2,1,1,2,75116,M,,,75
200800062198,8,10,18,1700,1,2,1,1,4,75120,M,,,75
200800062199,8,10,18,2000,5,2,1,1,4,75120,M,,,75
200800062200,8,10,20,930,1,2,1,1,7,75114,M,,,75
200800062201,8,10,20,930,1,2,1,1,2,75117,M,,,75
200800062202,8,10,20,2020,5,2,1,1,4,75118,M,,,75
200800062203,8,10,20,2300,5,2,1,1,2,75117,M,,,75
200800062204,8,10,21,745,2,2,1,2,6,75118,M,,,75
200800062205,8,10,21,842,1,2,1,2,6,75120,M,,,75
200800062206,8,10,22,1222,1,2,1,1,4,75120,M,,,75
200800062207,8,10,22,1930,5,2,1,1,3,75116,M,,,75
200800062208,8,10,24,1025,1,2,1,1,3,75117,M,,,75
200800062209,8,10,24,1930,2,2,1,1,6,75112,M,,,75
200800062210,8,10,24,2145,5,2,1,1,4,75112,M,,,75
200800062211,8,10,25,530,5,2,1,1,6,75119,M,,,75
200800062212,8,10,25,1540,1,2,1,1,3,75112,M,,,75
200800062213,8,10,25,2040,5,2,1,1,4,75116,M,,,75
200800062214,8,10,26,1500,1,2,1,1,4,75120,M,,,75
200800062215,8,10,27,925,1,2,4,1,6,75114,M,,,75
200800062216,8,10,27,850,1,2,1,2,3,75119,M,,,75
200800062217,8,10,28,1400,1,2,1,1,4,75112,M,,,75
200800062218,8,10,28,1433,1,2,1,1,4,75117,M,,,75
200800062219,8,10,29,1340,1,2,1,1,3,75113,M,,,75
200800062220,8,10,30,2040,5,2,1,2,3,75112,M,,,75
200800062221,8,10,31,5,5,2,1,2,6,75116,M,,,75
200800062222,8,10,31,1640,1,2,1,8,3,75114,M,,,75
200800062223,8,9,17,955,1,1,1,1,4,77186,M,,,77
200800062224,8,10,1,1530,1,1,1,1,4,77186,M,,,77
200800062225,8,10,5,2110,3,1,1,1,6,77186,M,,,77
200800062226,8,10,9,1410,1,1,1,1,3,77186,M,,,77
200800062227,8,10,10,1720,1,1,1,1,3,77186,M,,,77
200800062228,8,10,18,2320,3,1,1,1,1,77186,M,,,77
200800062229,8,8,19,2120,5,2,1,1,7,95288,M,,,95
200800062230,8,8,31,1925,1,2,3,1,6,95427,M,,,95
200800062231,8,8,12,1112,1,2,2,9,6,95197,M,,,95
200800062232,8,8,3,2200,3,1,1,1,3,78140,M,,,78
200800062233,8,8,3,2359,3,1,1,1,4,92025,M,,,92
200800062234,8,8,7,1708,1,1,1,1,5,78490,M,,,78
200800062235,8,8,9,900,1,1,1,1,5,78043,M,,,78
200800062236,8,8,11,1945,1,1,1,1,6,92036,M,,,92
200800062237,8,8,8,1222,1,1,1,1,7,78466,M,,,78
200800062238,8,8,15,2128,5,1,1,1,7,92012,M,,,92
200800062239,8,8,20,938,1,1,1,1,2,78402,M,,,78
200800062240,8,8,22,1338,1,1,1,3,7,78043,M,,,78
200800062241,8,8,22,1630,1,1,1,3,6,92072,M,,,92
200800062242,8,8,22,1805,1,1,1,2,6,78297,M,,,78
200800062243,8,8,25,1320,1,1,1,1,3,78524,M,,,78
200800062244,8,8,26,840,1,1,1,1,2,92050,M,,,92
200800062245,8,8,27,2333,5,1,1,1,6,92051,M,,,92
200800062246,8,8,28,1700,1,1,1,1,1,78362,M,,,78
200800062247,8,8,29,1658,1,1,1,1,6,78140,M,,,78
200800062248,8,8,30,1104,1,1,1,1,7,78073,M,,,78
200800062249,8,11,4,1500,1,1,1,1,2,01133,M,0.0,0.0,01
200800062250,8,11,2,1830,5,2,1,1,1,01216,M,0.0,0.0,01
200800062251,8,11,10,1530,1,1,1,1,6,01345,M,0.0,0.0,01
200800062252,8,11,12,1900,3,1,1,1,2,01007,M,0.0,0.0,01
200800062253,8,11,13,1900,3,1,1,1,1,01202,M,0.0,0.0,01
200800062254,8,11,26,1630,1,2,1,1,3,01004,M,0.0,0.0,01
200800062255,8,11,18,1800,3,1,1,2,1,01392,M,0.0,0.0,01
200800062256,8,11,21,1730,3,1,1,2,3,01228,M,0.0,0.0,01
200800062257,8,11,23,145,3,1,1,4,1,01204,M,0.0,0.0,01
200800062258,8,11,24,1315,1,2,1,2,3,01267,M,0.0,0.0,01
200800062259,8,11,16,1645,1,2,1,1,5,01033,M,0.0,0.0,01
200800062260,8,11,15,2030,5,2,1,1,1,01071,M,0.0,0.0,01
200800062261,8,11,16,830,1,1,1,1,6,01143,M,4636400.0,611800.0,01
200800062262,8,11,26,1030,1,2,1,1,4,01399,M,4629300.0,608300.0,01
200800062263,8,11,26,1100,1,2,6,1,1,01143,M,0.0,0.0,01
200800062264,8,11,28,1845,5,2,1,1,1,01160,M,0.0,0.0,01
200800062265,8,11,1,1945,5,1,1,3,1,01244,M,4589000.0,518800.0,01
200800062266,8,11,10,1800,3,2,1,1,6,01418,M,0.0,0.0,01
200800062267,8,11,25,745,2,2,4,1,1,01376,M,0.0,0.0,01
200800062268,8,11,17,1630,1,1,2,1,1,01443,M,0.0,0.0,01
200800062269,8,11,16,1445,1,2,7,7,6,07230,M,0.0,0.0,07
200800062270,8,11,5,1830,3,1,1,2,5,07157,M,0.0,0.0,07
200800062271,8,11,17,1000,1,1,1,1,2,07346,M,4446300.0,468900.0,07
200800062272,8,11,28,2015,3,1,1,9,7,07005,M,0.0,0.0,07
200800062273,8,11,29,445,5,2,1,1,7,07255,M,0.0,0.0,07
200800062274,8,11,26,1545,1,2,1,1,6,07117,M,4445700.0,422200.0,07
200800062275,8,11,11,130,3,1,1,2,7,07087,M,0.0,0.0,07
200800062276,8,11,3,1615,1,2,6,2,3,07245,M,4508000.0,481400.0,07
200800062277,8,11,28,1100,1,1,1,1,7,07217,M,4505800.0,473900.0,07
200800062278,8,11,20,730,2,1,1,1,6,07172,M,0.0,0.0,07
200800062279,8,11,22,1915,2,2,1,8,3,07041,M,0.0,0.0,07
200800062280,8,11,10,1545,1,1,1,1,1,07222,M,4491800.0,445900.0,07
200800062281,8,11,13,745,1,1,1,1,6,07215,M,4489200.0,449600.0,07
200800062282,8,11,19,2015,3,1,1,1,5,07205,M,0.0,0.0,07
200800062283,8,11,18,1700,2,2,1,2,4,07309,M,0.0,0.0,07
200800062284,8,11,13,1700,1,2,3,1,3,26037,M,4486600.0,494300.0,26
200800062285,8,11,17,1000,1,2,1,2,3,26165,M,0.0,0.0,26
200800062286,8,11,30,900,1,1,1,1,6,26166,M,4475900.0,479700.0,26
200800062287,8,11,4,1245,1,2,1,1,3,26086,M,4469800.0,547900.0,26
200800062288,8,11,17,1800,3,1,1,1,7,26186,M,4462900.0,552200.0,26
200800062289,8,11,19,615,3,1,1,1,6,26168,M,4467300.0,569900.0,26
200800062290,8,11,26,1845,3,1,2,1,1,26235,M,0.0,0.0,26
200800062291,8,11,22,1600,2,1,1,1,1,26324,M,4429500.0,496700.0,26
200800062292,8,11,4,1800,3,1,1,5,2,26367,M,0.0,0.0,26
200800062293,8,11,19,915,1,1,1,1,6,26317,M,0.0,0.0,26
200800062294,8,11,29,1630,1,1,1,2,1,26146,M,4442600.0,485900.0,26
200800062295,8,11,18,1030,1,2,1,1,1,26096,M,0.0,0.0,26
200800062296,8,11,27,715,5,2,1,1,3,26088,M,0.0,0.0,26
200800062297,8,11,3,900,1,1,1,1,6,26143,M,0.0,0.0,26
200800062298,8,11,25,1800,3,1,1,1,1,26083,M,0.0,0.0,26
200800062299,8,11,12,1745,5,2,3,1,3,26307,M,4502200.0,528700.0,26
200800062300,8,11,1,115,3,1,1,8,3,26010,M,4528500.0,486800.0,26
200800062301,8,11,6,2045,3,1,1,9,7,38158,M,4515200.0,575800.0,38
200800062302,8,11,8,215,5,2,6,1,1,38158,M,4515300.0,573700.0,38
200800062303,8,11,3,930,1,1,1,7,6,38314,M,4543700.0,601400.0,38
200800062304,8,11,14,1030,1,2,1,1,6,38382,M,4523500.0,568300.0,38
200800062305,8,11,30,1400,1,1,1,1,1,38472,M,4528200.0,576700.0,38
200800062306,8,11,21,2100,3,1,1,3,6,38405,M,0.0,0.0,38
200800062307,8,11,18,1945,5,2,1,1,2,38565,M,4528000.0,564600.0,38
200800062308,8,11,24,1315,1,1,1,4,5,38280,M,4499500.0,575300.0,38
200800062309,8,11,28,1915,5,2,1,4,2,38265,M,0.0,0.0,38
200800062310,8,11,30,2115,3,1,1,8,1,38470,M,4486200.0,585800.0,38
200800062311,8,11,4,1815,3,1,1,1,5,38301,M,4479400.0,563400.0,38
200800062312,8,11,8,2315,3,1,1,1,6,38071,M,0.0,0.0,38
200800062313,8,11,8,745,1,1,1,1,6,38443,M,0.0,0.0,38
200800062314,8,11,13,1415,1,2,1,1,6,38337,M,4535300.0,550600.0,38
200800062315,8,11,4,1130,1,1,1,1,2,38374,M,4566200.0,532000.0,38
200800062316,8,11,21,2115,5,1,1,2,1,38176,M,4565500.0,518200.0,38
200800062317,8,11,22,1430,1,2,1,1,6,38247,M,4581500.0,540500.0,38
200800062318,8,11,29,2215,5,2,1,2,3,38315,M,0.0,0.0,38
200800062319,8,11,3,1800,5,2,1,2,1,44035,M,4730200.0,-155100.0,44
200800062320,8,11,5,1730,1,2,1,1,6,44035,M,4730100.0,-155300.0,44
200800062321,8,11,2,1800,3,1,1,2,1,38157,M,4552000.0,493900.0,38
200800062322,8,11,4,730,2,1,1,1,7,38160,M,0.0,0.0,38
200800062323,8,11,9,500,5,2,1,1,6,38087,M,4558300.0,480800.0,38
200800062324,8,11,22,1800,3,1,1,4,3,38069,M,4544100.0,530000.0,38
200800062325,8,11,27,915,3,1,1,9,2,38267,M,0.0,0.0,38
200800062326,8,11,29,1530,1,1,1,1,6,38198,M,4534400.0,494800.0,38
200800062327,8,11,18,545,5,1,1,2,3,38389,M,0.0,0.0,38
200800062328,8,11,18,1000,1,1,1,1,1,38144,M,4561000.0,508000.0,38
200800062329,8,11,19,1815,3,1,1,1,6,38399,M,0.0,0.0,38
200800062330,8,11,8,1500,1,2,6,1,6,38298,M,4537800.0,479500.0,38
200800062331,8,11,19,1500,1,2,1,1,6,38344,M,4537000.0,480400.0,38
200800062332,8,11,20,1530,1,1,6,1,1,38072,M,4532400.0,481300.0,38
200800062333,8,11,25,1830,5,2,7,1,6,38298,M,4538300.0,479800.0,38
200800062334,8,11,14,1900,5,2,9,1,3,38537,M,4564100.0,514500.0,38
200800062335,8,11,21,1445,1,2,1,1,1,42092,M,4581000.0,463000.0,42
200800062336,8,11,17,2015,3,1,1,8,7,42122,M,4558000.0,405000.0,42
200800062337,8,11,26,1515,1,2,6,1,1,42041,M,4516200.0,428900.0,42
200800062338,8,11,6,700,2,2,3,1,3,42056,M,4541300.0,473700.0,42
200800062339,8,11,8,200,5,2,1,1,6,42056,M,4541500.0,473400.0,42
200800062340,8,11,9,1145,1,1,1,1,7,42201,M,4535400.0,466200.0,42
200800062341,8,11,22,1430,1,1,1,2,6,42026,M,4614600.0,406400.0,42
200800062342,8,11,24,1745,3,1,1,8,1,42215,M,4617500.0,420700.0,42
200800062343,8,11,18,800,1,1,1,2,3,42231,M,4610000.0,393000.0,42
200800062344,8,11,28,1900,3,1,1,4,7,42047,M,4585500.0,378200.0,42
200800062345,8,11,1,245,3,1,1,5,6,73004,M,0.0,0.0,73
200800062346,8,11,28,1630,1,1,1,1,6,73270,M,4556600.0,619500.0,73
200800062347,8,11,11,1100,1,1,1,8,3,73275,M,4546800.0,575300.0,73
200800062348,8,11,4,1800,5,2,1,1,6,73241,M,4561500.0,631700.0,73
200800062349,8,11,8,1730,2,2,1,1,3,73188,M,4562800.0,634200.0,73
200800062350,8,11,17,1815,3,1,8,1,3,73297,M,4565200.0,633200.0,73
200800062351,8,11,21,1330,1,2,1,2,6,73303,M,0.0,0.0,73
200800062352,8,11,27,1615,1,2,6,7,6,73006,M,4555300.0,664000.0,73
200800062353,8,11,6,1800,5,2,1,1,6,73055,M,4573800.0,608100.0,73
200800062354,8,11,20,1745,3,1,1,1,3,73248,M,4527100.0,637900.0,73
200800062355,8,11,8,300,5,2,1,1,6,73255,M,4534600.0,629300.0,73
200800062356,8,11,8,1915,5,2,1,2,5,74182,M,4591800.0,609700.0,74
200800062357,8,11,7,1645,1,2,1,1,1,74267,M,0.0,0.0,74
200800062358,8,11,25,2045,5,2,1,1,6,74267,M,0.0,0.0,74
200800062359,8,11,29,1500,1,1,9,1,1,74274,M,0.0,0.0,74
200800062360,8,11,30,900,1,1,1,1,6,74239,M,0.0,0.0,74
200800062361,8,11,22,815,5,2,1,4,3,74042,M,0.0,0.0,74
200800062362,8,11,12,1715,3,1,1,1,6,74056,M,0.0,0.0,74
200800062363,8,11,22,2100,3,1,1,4,6,74064,M,0.0,0.0,74
200800062364,8,11,7,1015,1,1,1,1,3,74224,M,4607900.0,630500.0,74
200800062365,8,11,18,1215,1,1,9,2,3,74224,M,0.0,0.0,74
200800062366,8,11,1,345,3,1,1,1,6,74256,M,4596400.0,663200.0,74
200800062367,8,11,12,1745,3,1,1,1,7,74258,M,0.0,0.0,74
200800062368,8,11,21,800,2,1,1,8,3,74021,M,0.0,0.0,74
200800062369,8,11,27,1515,2,2,1,1,6,74096,M,0.0,0.0,74
200800062370,8,11,8,845,1,1,1,1,7,63239,M,4569600.0,334400.0,63
200800062371,8,11,15,700,1,1,1,1,7,63399,M,0.0,0.0,63
200800062372,8,11,21,1700,1,1,1,2,1,63417,M,0.0,0.0,63
200800062373,8,11,6,1730,5,2,1,1,6,63284,M,4580300.0,324600.0,63
200800062374,8,11,8,1730,2,2,1,2,7,63214,M,0.0,0.0,63
200800062375,8,11,15,1445,1,2,1,8,1,63302,M,0.0,0.0,63
200800062376,8,11,25,1800,5,2,1,2,1,63214,M,0.0,0.0,63
200800062377,8,11,29,1500,1,2,1,1,1,63010,M,4541600.0,372900.0,63
200800062378,8,11,29,2345,3,1,1,2,6,63242,M,0.0,0.0,63
200800062379,8,11,19,800,1,1,1,8,6,63116,M,0.0,0.0,63
200800062380,8,11,9,445,3,1,1,1,6,63149,M,0.0,0.0,63
200800062381,8,11,9,1600,1,2,6,1,1,63001,M,0.0,0.0,63
200800062382,8,11,15,2045,3,2,1,2,6,63333,M,4598300.0,334800.0,63
200800062383,8,11,19,1230,1,1,1,1,7,63362,M,4592800.0,324600.0,63
200800062384,8,11,20,2200,3,1,1,1,6,63400,M,0.0,0.0,63
200800062385,8,11,30,2130,3,1,1,1,6,63148,M,0.0,0.0,63
200800062386,8,11,27,1530,1,2,1,1,6,63165,M,0.0,0.0,63
200800062387,8,11,15,2015,5,1,1,2,1,63338,M,4617400.0,282100.0,63
200800062388,8,11,16,1400,1,1,1,2,6,63354,M,4594300.0,272600.0,63
200800062389,8,11,15,1730,3,2,1,2,3,63196,M,4598100.0,344800.0,63
200800062390,8,11,7,1700,1,1,1,8,2,03229,M,4666900.0,341400.0,03
200800062391,8,11,14,700,2,1,1,5,7,03316,M,4666000.0,328700.0,03
200800062392,8,11,24,1630,2,1,1,1,1,03040,M,4652700.0,331900.0,03
200800062393,8,11,26,1915,3,1,1,1,1,03290,M,4664700.0,327400.0,03
200800062394,8,11,27,745,1,1,1,5,6,03011,M,4668800.0,330600.0,03
200800062395,8,11,6,715,2,1,1,1,3,03102,M,4653400.0,375600.0,03
200800062396,8,11,3,500,3,1,1,8,6,03019,M,4659200.0,367600.0,03
200800062397,8,11,8,2200,3,1,1,2,6,03237,M,4620600.0,325700.0,03
200800062398,8,11,10,1800,3,1,1,8,1,03227,M,0.0,0.0,03
200800062399,8,11,6,2130,3,2,1,1,1,03202,M,0.0,0.0,03
200800062400,8,11,19,1815,2,1,1,1,2,03162,M,0.0,0.0,03
200800062401,8,11,8,930,1,1,1,1,1,03005,M,0.0,0.0,03
200800062402,8,11,1,1015,1,1,1,2,3,03314,M,0.0,0.0,03
200800062403,8,11,10,745,1,2,1,1,3,03082,M,0.0,0.0,03
200800062404,8,11,4,1715,2,1,1,1,1,03109,M,4616000.0,328100.0,03
200800062405,8,11,11,1745,2,2,1,1,6,03022,M,0.0,0.0,03
200800062406,8,11,15,830,1,1,1,8,6,03196,M,4633800.0,391000.0,03
200800062407,8,11,17,1045,1,1,1,1,6,03284,M,4642200.0,361300.0,03
200800062408,8,11,18,615,2,1,1,2,7,03250,M,4621500.0,379200.0,03
200800062409,8,11,21,1630,2,1,2,2,3,03131,M,0.0,0.0,03
200800062410,8,11,20,1745,3,1,1,8,6,03029,M,4622500.0,343500.0,03
200800062411,8,11,16,1715,2,2,1,2,1,15204,M,0.0,0.0,15
200800062412,8,11,16,1800,2,2,1,1,6,15083,M,0.0,0.0,15
200800062413,8,11,9,1400,1,2,1,1,3,43062,M,4507200.0,374800.0,43
200800062414,8,11,11,1800,1,1,1,1,6,43192,M,4482300.0,376500.0,43
200800062415,8,11,29,1800,3,1,1,4,5,43042,M,4494200.0,381700.0,43
200800062416,8,11,21,1415,1,1,1,1,6,43049,M,4520800.0,399100.0,43
200800062417,8,11,12,1800,1,2,1,1,1,43040,M,0.0,0.0,43
200800062418,8,11,22,1615,1,2,1,4,6,43048,M,4532500.0,369800.0,43
200800062419,8,11,8,1900,2,2,1,1,6,43070,M,4516000.0,343700.0,43
200800062420,8,11,3,1245,1,1,2,7,3,43185,M,4539600.0,330800.0,43
200800062421,8,11,9,1415,1,2,1,1,6,43185,M,4541400.0,331900.0,43
200800062422,8,11,14,1330,1,1,1,1,6,43185,M,4540400.0,332400.0,43
200800062423,8,11,26,845,1,1,1,4,1,43170,M,4528500.0,326900.0,43
200800062424,8,11,26,1415,1,1,1,8,7,43185,M,4540500.0,331100.0,43
200800062425,8,11,2,1230,1,1,1,2,6,43162,M,0.0,0.0,43
200800062426,8,11,27,900,1,2,1,1,6,43268,M,4514800.0,412500.0,43
200800062427,8,11,28,1800,5,2,1,1,3,43025,M,4526500.0,410200.0,43
200800062428,8,11,11,1045,1,1,1,1,6,43211,M,0.0,0.0,43
200800062429,8,11,12,645,3,1,1,1,2,43184,M,4537000.0,425000.0,43
200800062430,8,11,18,1245,1,1,1,2,3,43184,M,0.0,0.0,43
200800062431,8,11,23,1845,5,1,9,4,7,57543,M,0.0,0.0,57
200800062432,8,11,30,1730,3,1,1,8,2,57701,M,0.0,0.0,57
200800062433,8,11,1,2130,5,2,1,2,1,57433,M,0.0,0.0,57
200800062434,8,11,4,1200,1,2,1,1,7,57146,M,0.0,0.0,57
200800062435,8,11,6,1430,5,2,1,1,1,57160,M,4921900.0,669500.0,57
200800062436,8,11,30,1400,1,1,1,1,6,57151,M,0.0,0.0,57
200800062437,8,11,22,2130,3,1,1,1,7,57398,M,4903300.0,683600.0,57
200800062438,8,11,27,1830,5,2,1,1,1,57224,M,4907800.0,668400.0,57
200800062439,8,11,28,1430,1,2,1,1,6,57224,M,4908400.0,668300.0,57
200800062440,8,11,18,1345,1,1,1,1,1,57628,M,0.0,0.0,57
200800062441,8,11,19,1715,2,1,1,1,1,57756,M,0.0,0.0,57
200800062442,8,11,16,1045,5,2,1,2,6,57540,M,0.0,0.0,57
200800062443,8,11,28,2100,5,2,2,2,3,57629,M,0.0,0.0,57
200800062444,8,11,30,2200,3,1,1,1,6,57468,M,0.0,0.0,57
200800062445,8,11,30,1445,1,2,9,7,6,57589,M,0.0,0.0,57
200800062446,8,11,28,1700,3,2,1,8,6,57089,M,0.0,0.0,57
200800062447,8,11,9,1745,3,1,1,2,3,57465,M,4931900.0,630700.0,57
200800062448,8,11,11,1745,5,2,1,2,3,57026,M,0.0,0.0,57
200800062449,8,11,28,1800,5,2,1,1,6,57650,M,0.0,0.0,57
200800062450,8,11,8,1515,1,1,1,1,3,54059,M,0.0,0.0,54
200800062451,8,11,14,1830,5,2,1,1,3,54279,M,0.0,0.0,54
200800062452,8,11,1,1815,4,2,1,3,6,54215,M,0.0,0.0,54
200800062453,8,11,10,2315,3,1,1,1,6,54090,M,0.0,0.0,54
200800062454,8,11,17,2215,3,1,1,1,6,54186,M,0.0,0.0,54