Num_Acc,an,mois,jour,hrmn,lum,agg,int,atm,col,com,gps,lat,long,dep
200800062455,8,11,21,1200,1,2,1,1,6,54150,M,0.0,0.0,54
200800062456,8,11,18,615,3,1,1,1,5,54196,M,0.0,0.0,54
200800062457,8,11,15,1700,2,1,4,1,1,54156,M,0.0,0.0,54
200800062458,8,11,9,1945,3,1,1,3,3,54322,M,0.0,0.0,54
200800062459,8,11,17,845,2,1,1,9,6,54290,M,0.0,0.0,54
200800062460,8,11,4,1115,1,1,1,1,5,54069,M,0.0,0.0,54
200800062461,8,11,27,1900,5,2,1,9,3,54425,M,0.0,0.0,54
200800062462,8,11,29,400,2,2,1,9,7,54069,M,0.0,0.0,54
200800062463,8,11,4,2315,5,2,1,2,7,54585,M,0.0,0.0,54
200800062464,8,11,1,2230,3,1,1,1,4,54102,M,0.0,0.0,54
200800062465,8,11,14,30,4,1,1,5,6,54557,M,0.0,0.0,54
200800062466,8,11,28,1215,1,1,1,8,3,54463,M,0.0,0.0,54
200800062467,8,11,16,1845,3,1,1,2,6,55388,M,4890000.0,497500.0,55
200800062468,8,11,14,445,3,1,1,5,6,55430,M,4855000.0,535000.0,55
200800062469,8,11,15,100,3,1,1,1,6,55470,M,4870000.0,506000.0,55
200800062470,8,11,17,15,3,2,1,2,1,55543,M,0.0,0.0,55
200800062471,8,11,9,2315,3,1,1,2,6,55290,M,4880900.0,538900.0,55
200800062472,8,11,27,1200,1,1,1,1,3,55264,M,4885100.0,551000.0,55
200800062473,8,11,8,1915,3,1,1,2,7,55552,M,4951000.0,533000.0,55
200800062474,8,11,27,730,2,1,1,1,1,55002,M,4920600.0,555700.0,55
200800062475,8,11,26,1730,3,1,1,5,1,55181,M,4922000.0,567800.0,55
200800062476,8,11,29,1445,1,2,1,1,7,88132,M,0.0,0.0,88
200800062477,8,11,4,1800,3,1,1,1,5,88318,M,4835400.0,652900.0,88
200800062478,8,11,28,815,1,2,1,5,1,88465,M,4824700.0,641600.0,88
200800062479,8,11,6,1745,3,1,1,8,6,88029,M,0.0,0.0,88
200800062480,8,11,7,1745,5,2,1,1,6,88092,M,0.0,0.0,88
200800062481,8,11,29,1745,3,1,1,5,1,88114,M,0.0,0.0,88
200800062482,8,11,8,1800,5,2,1,1,2,88009,M,0.0,0.0,88
200800062483,8,11,13,1015,1,2,2,1,3,88196,M,0.0,0.0,88
200800062484,8,11,29,1530,1,1,1,1,6,88165,M,0.0,0.0,88
200800062485,8,11,3,445,3,1,1,9,6,67028,M,4839100.0,753900.0,67
200800062486,8,11,25,330,3,1,1,4,1,67130,M,4841000.0,764000.0,67
200800062487,8,11,25,1330,1,2,1,1,1,67130,M,4842000.0,770000.0,67
200800062488,8,11,19,1500,1,1,1,1,6,67023,M,4877900.0,771700.0,67
200800062489,8,11,15,1700,5,2,1,1,6,67046,M,0.0,0.0,67
200800062490,8,11,16,1030,1,1,1,1,1,67450,M,4880400.0,792500.0,67
200800062491,8,11,14,1915,5,1,1,1,6,67411,M,0.0,0.0,67
200800062492,8,11,14,2045,3,2,6,1,6,67411,M,0.0,0.0,67
200800062493,8,11,1,530,3,1,1,5,7,67480,M,4858600.0,739600.0,67
200800062494,8,11,5,1000,1,2,1,1,3,67437,M,4874100.0,736100.0,67
200800062495,8,11,17,615,5,2,1,8,6,67437,M,4875000.0,736400.0,67
200800062496,8,11,3,1445,2,1,1,1,5,67029,M,4889500.0,713300.0,67
200800062497,8,11,1,1645,1,2,1,1,1,67265,M,0.0,0.0,67
200800062498,8,11,3,1900,5,2,1,1,1,67191,M,0.0,0.0,67
200800062499,8,11,22,215,5,2,1,8,6,67071,M,4883800.0,723300.0,67
200800062500,8,11,24,2000,3,1,1,2,5,67419,M,0.0,0.0,67
200800062501,8,11,27,800,2,2,1,1,4,67544,M,4903700.0,795200.0,67
200800062502,8,11,9,2345,3,1,1,1,6,67308,M,4892000.0,812500.0,67
200800062503,8,11,11,1800,3,1,1,1,7,67308,M,4893000.0,813400.0,67
200800062504,8,11,17,715,2,1,1,1,6,67474,M,4892700.0,786500.0,67
200800062505,8,11,13,1115,1,2,1,1,6,68162,M,4815400.0,724900.0,68
200800062506,8,11,4,1230,1,1,1,1,1,68078,M,4804000.0,729800.0,68
200800062507,8,11,6,1930,3,1,1,1,1,68078,M,4803900.0,732000.0,68
200800062508,8,11,8,1400,1,1,1,1,5,68134,M,4801500.0,733700.0,68
200800062509,8,11,15,1530,1,2,9,1,1,68155,M,4810200.0,731300.0,68
200800062510,8,11,5,1530,1,2,1,1,2,68108,M,0.0,0.0,68
200800062511,8,11,15,515,3,1,1,1,6,68062,M,4763300.0,721600.0,68
200800062512,8,11,30,2345,5,2,1,2,6,68336,M,4766200.0,709800.0,68
200800062513,8,11,20,2300,3,1,1,1,7,68186,M,4747600.0,728700.0,68
200800062514,8,11,25,1800,5,2,1,1,6,68090,M,0.0,0.0,68
200800062515,8,11,3,1645,2,1,9,1,3,68082,M,4788000.0,738500.0,68
200800062516,8,11,18,2015,5,1,1,1,5,68242,M,4796800.0,739400.0,68
200800062517,8,11,22,1415,1,1,1,1,5,68235,M,4799500.0,739100.0,68
200800062518,8,11,8,700,2,1,9,1,7,68032,M,0.0,0.0,68
200800062519,8,11,19,800,1,1,6,1,7,68287,M,4796400.0,730800.0,68
200800062520,8,11,6,1715,2,2,1,1,3,68022,M,4782000.0,738000.0,68
200800062521,8,11,7,1345,1,2,9,1,1,68154,M,0.0,0.0,68
200800062522,8,11,1,2130,5,1,2,1,3,68253,M,4778000.0,751700.0,68
200800062523,8,11,19,1830,5,2,1,1,6,68135,M,4757800.0,752100.0,68
200800062524,8,11,5,545,5,1,1,1,3,68021,M,0.0,0.0,68
200800062525,8,11,12,2200,5,2,1,1,6,68021,M,0.0,0.0,68
200800062526,8,11,15,1615,1,1,1,1,7,68247,M,4794600.0,700900.0,68
200800062527,8,11,27,45,5,2,1,1,7,68304,M,4775900.0,705900.0,68
200800062528,8,11,10,1045,1,1,1,1,3,51389,M,4914600.0,432100.0,51
200800062529,8,11,17,1800,5,2,1,1,3,51217,M,4907900.0,363700.0,51
200800062530,8,11,27,2000,3,1,1,1,7,51248,M,4873600.0,390600.0,51
200800062531,8,11,8,1130,1,2,1,1,1,51407,M,4874800.0,361100.0,51
200800062532,8,11,26,1700,1,1,1,2,5,51324,M,4872800.0,381900.0,51
200800062533,8,11,26,1745,1,1,1,1,1,51162,M,4854800.0,368800.0,51
200800062534,8,11,18,1715,2,2,1,1,3,51250,M,4931400.0,367100.0,51
200800062535,8,11,18,1715,3,1,1,8,5,51210,M,0.0,0.0,51
200800062536,8,11,20,1615,1,1,1,2,1,51064,M,0.0,0.0,51
200800062537,8,11,27,1745,3,1,1,1,3,51052,M,0.0,0.0,51
200800062538,8,11,9,1730,3,1,1,2,6,51352,M,4872700.0,463000.0,51
200800062539,8,11,4,1130,1,1,1,1,6,51632,M,4902400.0,496600.0,51
200800062540,8,11,25,1730,5,2,1,2,6,51507,M,4909400.0,489100.0,51
200800062541,8,11,17,300,3,1,1,9,6,08209,M,0.0,0.0,08
200800062542,8,11,17,830,1,2,1,1,3,08140,M,0.0,0.0,08
200800062543,8,11,8,45,3,2,1,1,5,08328,M,4982700.0,475000.0,08
200800062544,8,11,25,800,1,1,1,8,1,08218,M,0.0,0.0,08
200800062545,8,11,12,730,2,2,9,9,6,08365,M,4984700.0,453800.0,08
200800062546,8,11,6,1515,1,2,1,1,6,08185,M,0.0,0.0,08
200800062547,8,11,21,1345,1,1,1,8,1,08477,M,4963500.0,502900.0,08
200800062548,8,11,15,1915,3,1,1,2,6,08455,M,4940700.0,462700.0,08
200800062549,8,11,24,530,3,1,1,1,6,08280,M,0.0,0.0,08
200800062550,8,11,8,1645,1,1,1,1,1,08008,M,0.0,0.0,08
200800062551,8,11,17,845,1,2,1,1,6,08381,M,4951000.0,413000.0,08
200800062552,8,11,29,2100,3,1,1,1,6,08004,M,4947000.0,417000.0,08
200800062553,8,11,26,1000,1,1,1,8,6,10006,M,0.0,0.0,10
200800062554,8,11,2,600,3,1,1,1,7,10373,M,4823200.0,401600.0,10
200800062555,8,11,4,1600,3,1,1,1,7,10441,M,4810200.0,386400.0,10
200800062556,8,11,19,1630,1,1,1,1,7,10309,M,4797700.0,404800.0,10
200800062557,8,11,22,1615,1,1,1,1,6,10350,M,0.0,0.0,10
200800062558,8,11,30,2000,3,1,1,1,6,10115,M,4833000.0,413000.0,10
200800062559,8,11,13,45,3,1,1,5,7,10158,M,0.0,0.0,10
200800062560,8,11,25,1715,3,1,1,1,3,10109,M,4815600.0,434600.0,10
200800062561,8,11,8,1400,1,1,1,1,5,52154,M,4801700.0,517000.0,52
200800062562,8,11,23,1730,2,1,1,4,5,52480,M,0.0,0.0,52
200800062563,8,11,25,1430,1,1,1,1,3,52119,M,4782100.0,549300.0,52
200800062564,8,11,3,1400,1,1,1,1,7,52180,M,0.0,0.0,52
200800062565,8,11,16,815,2,1,1,1,7,52550,M,0.0,0.0,52
200800062566,8,11,30,1315,1,2,1,1,3,52331,M,0.0,0.0,52
200800062567,8,11,24,1445,1,1,1,1,6,89350,M,0.0,0.0,89
200800062568,8,11,17,215,3,1,1,1,7,21269,M,4724300.0,544300.0,21
200800062569,8,11,25,1630,1,1,1,1,7,21038,M,4719500.0,539300.0,21
200800062570,8,11,8,2115,3,1,2,1,3,21388,M,4736200.0,529800.0,21
200800062571,8,11,27,745,5,1,3,5,3,21492,M,,,21
200800062572,8,11,3,2230,3,1,1,1,6,21655,M,,,21
200800062573,8,11,10,945,1,1,1,1,1,21044,M,0.0,0.0,21
200800062574,8,11,11,1530,1,1,2,8,7,21177,M,,,21
200800062575,8,11,30,2315,3,1,1,1,1,21525,M,4741600.0,415200.0,21
200800062576,8,11,18,2215,3,1,1,1,6,58280,M,0.0,0.0,58
200800062577,8,11,7,1400,1,1,1,2,1,58152,M,4689700.0,315500.0,58
200800062578,8,11,16,1645,1,1,1,2,7,58104,M,4671200.0,337300.0,58
200800062579,8,11,7,1615,1,1,1,2,6,58313,M,4720600.0,359100.0,58
200800062580,8,11,4,515,3,1,1,8,1,58193,M,4753400.0,286800.0,58
200800062581,8,11,27,1530,2,1,1,5,4,71360,M,4632100.0,477800.0,71
200800062582,8,11,25,2000,3,1,1,1,1,71460,M,4640900.0,479700.0,71
200800062583,8,11,13,1415,1,1,1,1,5,71493,M,0.0,0.0,71
200800062584,8,11,19,1715,2,1,1,2,3,71438,M,4702900.0,440500.0,71
200800062585,8,11,22,845,1,1,1,1,1,71010,M,0.0,0.0,71
200800062586,8,11,3,45,3,1,1,8,6,71202,M,0.0,0.0,71
200800062587,8,11,15,615,3,1,1,1,3,71073,M,0.0,0.0,71
200800062588,8,11,12,1500,1,2,1,1,6,71247,M,0.0,0.0,71
200800062589,8,11,27,1015,1,1,1,1,4,71426,M,0.0,0.0,71
200800062590,8,11,27,1200,1,1,1,1,4,71426,M,0.0,0.0,71
200800062591,8,11,3,1915,5,2,1,1,3,71336,M,0.0,0.0,71
200800062592,8,11,13,730,1,1,1,1,3,71329,M,4694400.0,515100.0,71
200800062593,8,11,14,1345,1,1,1,1,2,71052,M,4659500.0,490500.0,71
200800062594,8,11,26,1345,1,2,1,1,1,71242,M,4661800.0,455800.0,71
200800062595,8,11,16,530,3,1,1,2,6,71176,M,4651200.0,402600.0,71
200800062596,8,11,7,1330,1,1,1,2,1,71330,M,0.0,0.0,71
200800062597,8,11,14,1800,2,2,3,1,3,71263,M,4663200.0,521700.0,71
200800062598,8,11,2,700,2,1,1,1,7,89013,M,0.0,0.0,89
200800062599,8,11,16,1145,1,1,1,8,7,89295,M,0.0,0.0,89
200800062600,8,11,15,1645,1,2,1,1,6,89182,M,0.0,0.0,89
200800062601,8,11,7,300,3,1,1,1,6,89201,M,0.0,0.0,89
200800062602,8,11,7,815,1,1,1,1,7,89273,M,4761800.0,317100.0,89
200800062603,8,11,22,600,3,1,1,9,6,89273,M,0.0,0.0,89
200800062604,8,11,1,730,2,1,1,8,1,89206,M,4797300.0,341600.0,89
200800062605,8,11,8,1615,3,1,1,5,6,89103,M,4792400.0,318700.0,89
200800062606,8,11,1,1530,1,1,1,2,3,89240,M,4818300.0,336200.0,89
200800062607,8,11,9,300,5,2,1,2,6,89354,M,4822600.0,325200.0,89
200800062608,8,11,27,1300,1,1,1,1,2,89460,M,0.0,0.0,89
200800062609,8,11,28,1715,2,1,1,1,7,89309,M,4836000.0,312000.0,89
200800062610,8,11,27,930,1,1,1,1,3,89126,M,4812700.0,310400.0,89
200800062611,8,11,30,1700,2,1,1,2,7,89466,M,4817900.0,317700.0,89
200800062612,8,11,28,1200,1,1,1,1,7,25532,M,0.0,0.0,25
200800062613,8,11,6,1600,1,1,1,1,7,25360,M,4713600.0,611300.0,25
200800062614,8,11,28,1715,3,1,1,8,1,25330,M,0.0,0.0,25
200800062615,8,11,21,1730,5,2,9,3,6,25048,M,0.0,0.0,25
200800062616,8,11,26,700,5,2,1,1,3,25237,M,0.0,0.0,25
200800062617,8,11,19,530,3,1,1,1,1,25356,M,4722500.0,680700.0,25
200800062618,8,11,5,2100,5,2,1,1,6,25033,M,0.0,0.0,25
200800062619,8,11,10,1800,3,1,1,1,1,25387,M,0.0,0.0,25
200800062620,8,11,22,2000,3,1,1,4,1,25463,M,4739600.0,673900.0,25
200800062621,8,11,9,2045,3,1,1,1,6,25468,M,0.0,0.0,25
200800062622,8,11,14,2345,3,1,1,1,6,25110,M,4693000.0,624300.0,25
200800062623,8,11,26,1515,1,2,1,1,6,25309,M,4692000.0,631000.0,25
200800062624,8,11,5,715,2,1,1,5,6,25361,M,0.0,0.0,25
200800062625,8,11,30,730,2,1,1,1,6,25240,M,4707100.0,661100.0,25
200800062626,8,11,25,1845,3,1,3,1,3,39056,M,0.0,0.0,39
200800062627,8,11,5,1945,3,1,1,1,6,39488,M,0.0,0.0,39
200800062628,8,11,7,1830,3,2,1,1,6,39185,M,4654200.0,540100.0,39
200800062629,8,11,8,1815,3,2,1,1,6,39434,M,0.0,0.0,39
200800062630,8,11,8,2115,3,1,1,1,6,70165,M,4771000.0,591000.0,70
200800062631,8,11,19,745,1,1,1,2,1,70493,M,4739200.0,605900.0,70
200800062632,8,11,9,1800,3,1,1,2,7,70260,M,4765300.0,654700.0,70
200800062633,8,11,20,945,1,2,1,1,6,70310,M,4769000.0,649600.0,70
200800062634,8,11,21,745,2,2,1,2,6,70310,M,4769100.0,649600.0,70
200800062635,8,11,19,1530,1,1,1,1,3,70473,M,0.0,0.0,70
200800062636,8,11,18,1545,1,2,1,8,1,70311,M,0.0,0.0,70
200800062637,8,11,13,1245,1,1,1,1,3,70286,M,4731500.0,570200.0,70
200800062638,8,11,10,2200,5,2,1,1,6,90022,M,0.0,0.0,90
200800062639,8,11,29,1715,3,1,1,1,1,90046,M,0.0,0.0,90
200800062640,8,11,15,1415,1,2,1,1,6,90017,M,0.0,0.0,90
200800062641,8,11,11,1930,3,1,1,3,1,26165,M,0.0,0.0,26
200800062642,8,11,12,1230,1,1,1,1,2,26324,M,4438800.0,473200.0,26
200800062643,8,11,8,215,3,1,1,5,7,13099,M,4367600.0,573800.0,13
200800062644,8,11,19,1800,5,2,1,1,3,13106,M,4339100.0,536000.0,13
200800062645,8,11,30,1445,1,2,1,1,2,13019,M,4342000.0,535000.0,13
200800062646,8,11,8,1415,1,1,1,1,3,13066,M,4389000.0,489100.0,13
200800062647,8,11,17,845,1,1,1,1,3,13027,M,0.0,0.0,13
200800062648,8,11,20,1615,3,1,1,1,5,13066,M,0.0,0.0,13
200800062649,8,11,25,1745,3,1,1,1,6,13004,M,4355500.0,473000.0,13
200800062650,8,11,22,515,3,1,1,1,7,13004,M,4353200.0,470500.0,13
200800062651,8,11,24,645,3,2,1,1,6,13004,M,4341100.0,472100.0,13
200800062652,8,11,20,1000,1,2,9,1,6,13046,M,0.0,0.0,13
200800062653,8,11,3,1815,2,2,1,1,6,13014,M,0.0,0.0,13
200800062654,8,11,15,1330,1,1,1,1,6,13053,M,4370500.0,520800.0,13
200800062655,8,11,29,1300,1,1,1,1,2,13053,M,4372400.0,517600.0,13
200800062656,8,11,19,915,1,1,1,1,3,13076,M,0.0,0.0,13
200800062657,8,11,14,1845,2,1,1,1,3,13081,M,0.0,0.0,13
200800062658,8,11,1,645,2,1,1,1,7,13082,M,0.0,0.0,13
200800062659,8,11,3,1445,1,1,1,2,2,04054,M,0.0,0.0,04
200800062660,8,11,29,1930,3,1,1,4,6,04203,M,0.0,0.0,04
200800062661,8,11,2,2345,3,1,1,2,6,04076,M,0.0,0.0,04
200800062662,8,11,22,1415,1,1,1,6,1,04124,M,4380700.0,612100.0,04
200800062663,8,11,7,1700,1,1,2,1,3,04242,M,0.0,0.0,04
200800062664,8,11,20,1445,1,2,1,1,6,04088,M,4397000.0,578500.0,04
200800062665,8,11,28,745,1,1,1,4,1,04128,M,4384400.0,569300.0,04
200800062666,8,11,17,2045,3,1,1,1,1,05173,M,4433700.0,589700.0,05
200800062667,8,11,17,715,2,2,1,1,7,05123,M,0.0,0.0,05
200800062668,8,11,24,1345,1,1,3,1,3,05170,M,4445500.0,603300.0,05
200800062669,8,11,30,515,3,1,1,4,6,05123,M,0.0,0.0,05
200800062670,8,11,3,915,1,1,1,8,1,05089,M,4439500.0,574000.0,05
200800062671,8,11,9,1500,1,1,1,1,2,05040,M,0.0,0.0,05
200800062672,8,11,26,15,3,2,1,1,7,06147,M,4375500.0,728300.0,06
200800062673,8,11,28,1715,5,2,1,2,6,06147,M,4379400.0,727400.0,06
200800062674,8,11,18,815,1,1,1,1,2,06151,M,4393000.0,726700.0,06
200800062675,8,11,20,1915,5,1,3,1,1,06103,M,0.0,0.0,06
200800062676,8,11,30,200,5,1,1,3,6,06054,M,0.0,0.0,06
200800062677,8,11,10,1815,5,2,1,1,3,06161,M,0.0,0.0,06
200800062678,8,11,14,1815,3,2,1,2,6,06161,M,0.0,0.0,06
200800062679,8,11,15,1515,1,1,1,1,7,06161,M,0.0,0.0,06
200800062680,8,11,20,1645,1,2,1,1,1,06044,M,0.0,0.0,06
200800062681,8,11,20,1445,1,2,1,1,6,06161,M,0.0,0.0,06
200800062682,8,11,20,1415,1,2,1,1,2,06161,M,4362700.0,713100.0,06
200800062683,8,11,22,1415,1,2,1,1,3,06161,M,4364100.0,713400.0,06
200800062684,8,11,23,1600,1,1,1,1,4,06161,M,0.0,0.0,06
200800062685,8,11,14,1600,1,2,1,1,6,06079,M,4353300.0,694500.0,06
200800062686,8,11,21,1345,1,2,1,1,3,06079,M,4353800.0,693200.0,06
200800062687,8,11,16,1445,1,1,1,1,1,06058,M,0.0,0.0,06
200800062688,8,11,23,1700,1,2,1,2,3,06130,M,0.0,0.0,06
200800062689,8,11,8,1245,1,1,1,1,3,06066,M,0.0,0.0,06
200800062690,8,11,9,1500,1,1,1,1,1,06033,M,0.0,0.0,06
200800062691,8,11,30,1330,1,1,1,3,1,06033,M,0.0,0.0,06
200800062692,8,11,18,1100,1,2,1,1,6,83148,M,0.0,0.0,83
200800062693,8,11,22,1430,1,1,1,1,6,83072,M,0.0,0.0,83
200800062694,8,11,5,1845,5,1,1,1,5,83067,M,0.0,0.0,83
200800062695,8,11,1,1130,1,1,1,1,3,83015,M,0.0,0.0,83
200800062696,8,11,13,800,1,1,3,2,3,83023,M,0.0,0.0,83
200800062697,8,11,18,1815,3,1,1,1,2,83023,M,0.0,0.0,83
200800062698,8,11,19,1700,5,2,1,1,6,83023,M,0.0,0.0,83
200800062699,8,11,26,645,3,1,1,1,2,83023,M,0.0,0.0,83
200800062700,8,11,28,1615,1,1,1,2,1,83150,M,0.0,0.0,83
200800062701,8,11,20,1745,3,1,1,1,6,83077,M,0.0,0.0,83
200800062702,8,11,24,1115,1,1,1,1,6,83106,M,0.0,0.0,83
200800062703,8,11,25,1145,1,1,1,1,3,83064,M,0.0,0.0,83
200800062704,8,11,4,1615,1,2,1,3,6,83097,M,0.0,0.0,83
200800062705,8,11,4,2000,3,1,1,1,6,83140,M,0.0,0.0,83
200800062706,8,11,13,1445,1,1,1,1,5,83116,M,0.0,0.0,83
200800062707,8,11,9,1015,1,1,1,1,3,83068,M,0.0,0.0,83
200800062708,8,11,11,1745,2,1,1,9,3,83065,M,0.0,0.0,83
200800062709,8,11,23,1515,1,1,1,1,6,83127,M,0.0,0.0,83
200800062710,8,11,16,530,5,2,1,1,6,83112,M,0.0,0.0,83
200800062711,8,11,17,1945,5,2,6,1,3,84081,M,0.0,0.0,84
200800062712,8,11,17,900,1,1,1,1,1,84038,M,0.0,0.0,84
200800062713,8,11,21,1930,3,1,1,1,1,84038,M,0.0,0.0,84
200800062714,8,11,1,345,3,1,1,8,6,84054,M,4388600.0,504100.0,84
200800062715,8,11,24,1215,1,1,1,1,6,84054,M,4394200.0,503600.0,84
200800062716,8,11,29,1630,5,2,1,3,6,84054,M,4392200.0,505500.0,84
200800062717,8,11,12,815,5,2,1,1,3,84141,M,0.0,0.0,84
200800062718,8,11,19,930,1,1,1,1,1,84092,M,0.0,0.0,84
200800062719,8,11,24,915,5,2,1,1,3,84141,M,0.0,0.0,84
200800062720,8,11,16,1115,1,1,1,1,1,84020,M,4382500.0,535100.0,84
200800062721,8,11,30,1715,2,1,1,1,1,84002,M,0.0,0.0,84
200800062722,8,11,10,1500,1,1,1,1,1,84123,M,0.0,0.0,84
200800062723,8,11,22,545,3,1,1,1,6,84088,M,0.0,0.0,84
200800062724,8,11,10,1815,5,2,6,1,3,84039,M,4408900.0,488600.0,84
200800062725,8,11,30,1545,3,1,1,8,6,84138,M,4440800.0,498500.0,84
200800062726,8,11,10,1415,1,2,1,1,1,34057,M,4363400.0,389800.0,34
200800062727,8,11,12,1715,5,2,1,9,2,34058,M,4368400.0,398800.0,34
200800062728,8,11,23,1830,3,2,7,1,6,34244,M,4366900.0,402900.0,34
200800062729,8,11,21,945,1,1,1,1,7,34274,M,0.0,0.0,34
200800062730,8,11,19,1845,3,1,1,1,1,34314,M,4374900.0,386300.0,34
200800062731,8,11,3,445,5,2,2,8,1,34019,M,0.0,0.0,34
200800062732,8,11,12,1745,2,1,1,1,2,34260,M,4366100.0,303800.0,34
200800062733,8,11,4,900,1,2,9,2,3,34052,M,4333100.0,305400.0,34
200800062734,8,11,18,1800,3,1,1,1,6,34167,M,4328800.0,302100.0,34
200800062735,8,11,27,1300,1,1,1,1,1,34161,M,0.0,0.0,34
200800062736,8,11,8,45,3,1,1,1,1,34061,M,4348200.0,311000.0,34
200800062737,8,11,23,1830,3,1,1,1,6,34074,M,0.0,0.0,34
200800062738,8,11,22,1015,1,1,1,6,6,34229,M,4347100.0,279000.0,34
200800062739,8,11,25,1500,1,2,1,1,5,34284,M,4349300.0,276000.0,34
200800062740,8,11,1,1515,1,2,1,1,1,34147,M,4347700.0,322200.0,34
200800062741,8,11,9,1500,1,1,1,1,6,34237,M,4350100.0,333000.0,34
200800062742,8,11,18,100,3,1,1,1,6,34214,M,4349500.0,329500.0,34
200800062743,8,11,22,1715,2,1,1,1,4,34300,M,0.0,0.0,34
200800062744,8,11,18,1200,1,1,1,1,1,34194,M,4352500.0,344900.0,34
200800062745,8,11,4,1200,1,1,1,2,1,34114,M,4364000.0,353000.0,34
200800062746,8,11,5,830,2,1,1,3,1,34101,M,4338800.0,345600.0,34
200800062747,8,11,8,1145,1,1,1,1,3,34150,M,0.0,0.0,34
200800062748,8,11,11,1145,1,2,1,1,6,34101,M,0.0,0.0,34
200800062749,8,11,23,1630,1,2,3,1,1,34150,M,4332300.0,354900.0,34
200800062750,8,11,29,1245,1,1,1,1,3,34332,M,4331600.0,339800.0,34
200800062751,8,11,29,1415,1,1,1,1,5,34165,M,0.0,0.0,34
200800062752,8,11,3,1545,1,1,1,1,1,34157,M,4343100.0,355700.0,34
200800062753,8,11,10,130,3,1,1,1,6,11339,M,0.0,0.0,11
200800062754,8,11,21,1715,2,1,1,1,5,11009,M,4324300.0,218100.0,11
200800062755,8,11,6,745,2,1,1,2,6,11410,M,0.0,0.0,11
200800062756,8,11,15,230,3,2,1,1,6,11410,M,0.0,0.0,11
200800062757,8,11,24,1645,1,1,1,8,1,11011,M,0.0,0.0,11
200800062758,8,11,4,1745,1,1,1,1,6,11260,M,4296400.0,254600.0,11
200800062759,8,11,30,1400,1,1,1,1,6,11280,M,4329600.0,270100.0,11
200800062760,8,11,26,2145,3,1,1,9,6,11430,M,4329500.0,193100.0,11
200800062761,8,11,10,2245,3,1,1,1,7,11153,M,0.0,0.0,11
200800062762,8,11,19,1345,1,1,1,1,1,11434,M,0.0,0.0,11
200800062763,8,11,18,1800,5,2,1,1,1,11206,M,0.0,0.0,11
200800062764,8,11,14,1430,1,1,1,1,3,11258,M,0.0,0.0,11
200800062765,8,11,15,445,3,1,1,1,1,11255,M,,,11
200800062766,8,11,28,1200,1,1,1,1,1,11262,M,0.0,0.0,11
200800062767,8,11,5,1845,3,1,1,3,5,11295,M,4305000.0,293000.0,11
200800062768,8,11,27,1700,1,2,9,1,3,30003,M,0.0,0.0,30
200800062769,8,11,28,1800,5,2,1,1,3,30156,M,0.0,0.0,30
200800062770,8,11,27,1815,5,2,1,1,3,30258,M,0.0,0.0,30
200800062771,8,11,20,745,1,2,1,1,3,30020,M,0.0,0.0,30
200800062772,8,11,22,1145,1,1,1,1,3,30214,M,4404600.0,408300.0,30
200800062773,8,11,28,1930,3,1,1,1,2,30162,M,4402900.0,403000.0,30
200800062774,8,11,9,815,1,1,1,1,6,30173,M,4411200.0,417500.0,30
200800062775,8,11,3,1345,1,1,1,1,3,30234,M,0.0,0.0,30
200800062776,8,11,13,1915,3,2,1,1,6,30046,M,0.0,0.0,30
200800062777,8,11,15,600,3,1,1,1,2,30046,M,0.0,0.0,30
200800062778,8,11,11,515,5,1,1,8,1,30237,M,4427300.0,419700.0,30
200800062779,8,11,18,1900,3,2,1,1,6,30227,M,0.0,0.0,30
200800062780,8,11,4,1400,1,1,1,1,1,30290,M,0.0,0.0,30
200800062781,8,11,1,1815,3,1,1,2,3,30340,M,4399000.0,457900.0,30
200800062782,8,11,3,2115,3,1,1,1,6,30212,M,4395300.0,454600.0,30
200800062783,8,11,17,1000,1,1,1,1,3,30012,M,4389800.0,469000.0,30
200800062784,8,11,30,1730,2,1,1,1,6,30317,M,4392400.0,456600.0,30
200800062785,8,11,26,1400,1,1,1,1,1,30326,M,0.0,0.0,30
200800062786,8,11,26,2300,3,1,1,1,3,30217,M,0.0,0.0,30
200800062787,8,11,23,1315,1,1,6,1,1,30061,M,0.0,0.0,30
200800062788,8,11,11,1545,1,1,1,1,1,30272,M,4396600.0,368900.0,30
200800062789,8,11,15,1515,3,1,1,1,3,30272,M,4396200.0,368700.0,30
200800062790,8,11,7,1215,1,2,3,1,1,30311,M,4395000.0,395000.0,30
200800062791,8,11,7,830,1,2,1,1,7,48080,M,0.0,0.0,48
200800062792,8,11,16,1600,1,1,1,1,7,48135,M,0.0,0.0,48
200800062793,8,11,28,700,2,2,1,8,6,33483,M,4491000.0,-38000.0,33
200800062794,8,11,29,1200,1,2,1,1,3,18015,M,4749200.0,243100.0,18
200800062795,8,11,19,1215,1,1,1,1,4,59320,M,5056500.0,284000.0,59