Num_Acc,an,mois,jour,hrmn,lum,agg,int,atm,col,com,gps,lat,long,dep
200800062796,8,11,6,1030,1,2,1,9,6,59653,M,5057000.0,294000.0,59
200800062797,8,11,2,1115,1,2,2,1,3,59630,M,0.0,0.0,59
200800062798,8,11,19,1800,5,2,1,1,3,59210,M,5089000.0,243200.0,59
200800062799,8,11,17,745,2,1,2,8,4,59634,M,0.0,0.0,59
200800062800,8,11,1,1630,1,1,1,2,4,59401,M,5073600.0,268400.0,59
200800062801,8,11,6,1800,3,2,1,1,6,59096,M,0.0,0.0,59
200800062802,8,11,3,1100,1,2,1,1,3,59092,M,0.0,0.0,59
200800062803,8,11,9,1830,3,1,1,1,7,59542,M,5018900.0,386300.0,59
200800062804,8,11,4,1830,5,2,1,1,3,59382,M,5005000.0,341900.0,59
200800062805,8,11,14,1830,5,2,1,2,6,59377,M,5012800.0,317800.0,59
200800062806,8,11,16,1515,1,2,2,1,3,59619,M,0.0,0.0,59
200800062807,8,11,26,800,1,1,3,5,1,62080,M,0.0,0.0,62
200800062808,8,11,28,1715,1,1,1,1,1,62147,M,5021000.0,275700.0,62
200800062809,8,11,7,1345,1,1,1,2,3,62873,M,5025700.0,285400.0,62
200800062810,8,11,9,2200,5,2,1,1,6,62284,M,5025400.0,306900.0,62
200800062811,8,11,22,1530,1,1,1,2,7,62164,M,0.0,0.0,62
200800062812,8,11,14,1700,5,2,1,1,6,62473,M,0.0,0.0,62
200800062813,8,11,25,1200,1,2,1,8,3,62770,M,5062500.0,253500.0,62
200800062814,8,11,22,900,1,1,1,8,6,62736,M,5064200.0,280200.0,62
200800062815,8,11,12,1915,3,2,1,1,1,62397,M,0.0,0.0,62
200800062816,8,11,4,1830,2,1,1,8,6,62698,M,0.0,0.0,62
200800062817,8,11,12,2145,3,1,1,8,7,62571,M,5046200.0,162100.0,62
200800062818,8,11,20,1900,3,2,1,2,6,62201,M,5057000.0,160000.0,62
200800062819,8,11,3,2000,3,2,1,1,1,62220,M,5042100.0,200300.0,62
200800062820,8,11,18,1845,3,1,1,1,1,62533,M,0.0,0.0,62
200800062821,8,11,30,1930,3,1,1,2,1,62100,M,5042100.0,188800.0,62
200800062822,8,11,24,1415,3,1,1,2,6,62261,M,0.0,0.0,62
200800062823,8,11,21,1930,3,2,1,1,6,62014,M,0.0,0.0,62
200800062824,8,11,6,1915,5,2,9,1,6,62038,M,5088400.0,198200.0,62
200800062825,8,11,26,1045,1,2,2,1,1,62038,M,5086100.0,197600.0,62
200800062826,8,11,6,1215,1,1,1,1,1,62767,M,0.0,0.0,62
200800062827,8,11,8,1030,1,2,1,1,6,62767,M,0.0,0.0,62
200800062828,8,11,21,2030,3,1,1,6,7,80443,M,4984000.0,189000.0,80
200800062829,8,11,17,845,2,1,1,8,7,80630,M,0.0,0.0,80
200800062830,8,11,9,1800,2,1,1,1,3,80722,M,4995600.0,224000.0,80
200800062831,8,11,30,1400,1,1,1,9,3,80782,M,4998000.0,227000.0,80
200800062832,8,11,21,630,3,1,1,2,6,80716,M,0.0,0.0,80
200800062833,8,11,26,845,1,1,1,1,5,80779,M,0.0,0.0,80
200800062834,8,11,9,1130,1,1,1,1,1,80464,M,0.0,0.0,80
200800062835,8,11,19,1515,1,1,1,1,2,80721,M,0.0,0.0,80
200800062836,8,11,26,800,1,1,1,9,1,80332,M,0.0,0.0,80
200800062837,8,11,24,815,2,1,1,9,3,80168,M,5009400.0,230200.0,80
200800062838,8,11,14,1730,3,1,1,2,3,80467,M,0.0,0.0,80
200800062839,8,11,17,2000,5,2,1,1,3,80230,M,0.0,0.0,80
200800062840,8,11,23,1415,1,1,1,4,1,80620,M,4993700.0,297600.0,80
200800062841,8,11,21,1815,3,1,1,8,6,80016,M,0.0,0.0,80
200800062842,8,11,25,1045,1,2,1,2,6,80016,M,0.0,0.0,80
200800062843,8,11,6,1645,1,1,1,1,7,02493,M,0.0,0.0,02
200800062844,8,11,13,1200,1,2,1,1,6,02037,M,0.0,0.0,02
200800062845,8,11,16,1845,5,2,1,2,5,02617,M,4968900.0,359700.0,02
200800062846,8,11,19,1130,1,1,1,1,6,02173,M,4964000.0,320700.0,02
200800062847,8,11,9,30,3,2,1,1,6,02189,M,0.0,0.0,02
200800062848,8,11,2,1715,5,2,1,1,6,02389,M,0.0,0.0,02
200800062849,8,11,29,1945,3,1,1,1,6,02540,M,4898700.0,343700.0,02
200800062850,8,11,30,2015,5,2,1,2,6,02114,M,0.0,0.0,02
200800062851,8,11,20,645,3,1,1,1,7,02019,M,0.0,0.0,02
200800062852,8,11,2,30,3,2,1,1,6,02741,M,0.0,0.0,02
200800062853,8,11,12,1915,3,1,1,1,6,02610,M,4940000.0,325000.0,02
200800062854,8,11,29,2030,5,1,6,1,6,02780,M,0.0,0.0,02
200800062855,8,11,9,245,3,1,1,2,3,02441,M,0.0,0.0,02
200800062856,8,11,13,2115,3,1,1,1,7,02568,M,0.0,0.0,02
200800062857,8,11,18,330,3,1,1,1,6,02810,M,0.0,0.0,02
200800062858,8,11,29,2215,5,2,2,1,1,02810,M,0.0,0.0,02
200800062859,8,11,6,2115,2,2,1,1,3,02386,M,0.0,0.0,02
200800062860,8,11,6,2330,3,1,1,1,7,02070,M,0.0,0.0,02
200800062861,8,11,4,1615,1,2,1,1,4,02381,M,4992800.0,407900.0,02
200800062862,8,11,23,1530,1,2,1,4,4,02031,M,4984400.0,420100.0,02
200800062863,8,11,12,1415,1,2,1,1,5,60103,M,0.0,0.0,60
200800062864,8,11,29,2115,5,1,1,2,6,60041,M,4937400.0,224500.0,60
200800062865,8,11,15,1015,1,1,2,1,1,60420,M,0.0,0.0,60
200800062866,8,11,30,1715,2,1,1,8,3,60239,M,0.0,0.0,60
200800062867,8,11,21,700,5,2,1,2,1,60286,M,0.0,0.0,60
200800062868,8,11,8,1815,5,2,1,2,1,60395,M,0.0,0.0,60
200800062869,8,11,11,1930,3,1,1,1,3,60395,M,0.0,0.0,60
200800062870,8,11,26,1145,1,2,1,1,3,60685,M,0.0,0.0,60
200800062871,8,11,3,1600,1,1,1,1,3,60104,M,0.0,0.0,60
200800062872,8,11,22,1900,3,1,1,1,5,60314,M,0.0,0.0,60
200800062873,8,11,10,2015,3,1,1,6,1,60152,M,0.0,0.0,60
200800062874,8,11,1,1145,1,1,1,2,3,60120,M,0.0,0.0,60
200800062875,8,11,15,1600,1,1,1,1,3,60116,M,0.0,0.0,60
200800062876,8,11,21,1845,3,1,1,2,5,60120,M,,,60
200800062877,8,11,7,2045,5,2,1,5,3,60374,M,0.0,0.0,60
200800062878,8,11,4,545,5,2,1,1,2,60150,M,0.0,0.0,60
200800062879,8,11,12,1115,1,2,1,1,3,60537,M,0.0,0.0,60
200800062880,8,11,30,2100,3,1,1,1,1,60533,M,0.0,0.0,60
200800062881,8,11,3,1645,1,2,1,1,1,60471,M,0.0,0.0,60
200800062882,8,11,5,1430,1,2,1,8,3,60471,M,0.0,0.0,60
200800062883,8,11,28,1500,1,1,1,8,5,60471,M,0.0,0.0,60
200800062884,8,11,13,730,1,2,1,1,2,57323,M,0.0,0.0,57
200800062885,8,11,2,2245,5,2,1,1,2,60141,M,0.0,0.0,60
200800062886,8,11,23,1330,1,1,1,8,1,60241,M,4915900.0,266800.0,60
200800062887,8,11,7,130,3,1,1,2,6,76517,M,0.0,0.0,76
200800062888,8,11,1,2100,3,2,1,2,6,76136,M,0.0,0.0,76
200800062889,8,11,24,830,1,1,1,4,7,76197,M,4979500.0,106600.0,76
200800062890,8,11,13,1715,2,2,1,1,3,76625,M,4951900.0,72600.0,76
200800062891,8,11,7,845,1,1,2,1,3,76607,M,0.0,0.0,76
200800062892,8,11,25,915,1,1,1,2,3,76751,M,0.0,0.0,76
200800062893,8,11,29,1700,1,1,1,1,1,76342,M,4965600.0,55300.0,76
200800062894,8,11,12,1245,1,1,1,1,3,76239,M,4952500.0,30100.0,76
200800062895,8,11,8,1000,1,1,1,1,5,76465,M,4972600.0,146700.0,76
200800062896,8,11,9,1245,1,2,1,1,6,76462,M,4973400.0,144300.0,76
200800062897,8,11,13,1530,3,1,1,1,6,76666,M,0.0,0.0,76
200800062898,8,11,22,530,3,1,1,1,2,76242,M,0.0,0.0,76
200800062899,8,11,7,1200,1,2,1,1,4,76610,M,4962800.0,77700.0,76
200800062900,8,11,24,1745,5,2,1,2,6,76758,M,4961800.0,75900.0,76
200800062901,8,11,1,700,3,1,1,3,6,76385,M,4958200.0,94400.0,76
200800062902,8,11,15,700,2,2,1,1,3,76203,M,4960900.0,85200.0,76
200800062903,8,11,21,1900,3,1,1,1,7,76444,M,4958600.0,82600.0,76
200800062904,8,11,4,2030,3,1,9,1,1,76241,M,0.0,0.0,76
200800062905,8,11,6,1815,5,2,1,1,6,76735,M,4987300.0,79900.0,76
200800062906,8,11,27,2100,1,1,1,1,1,27568,M,0.0,0.0,27
200800062907,8,11,25,1800,3,1,1,1,3,27408,M,4920600.0,151000.0,27
200800062908,8,11,6,1315,1,2,1,1,1,27453,M,0.0,0.0,27
200800062909,8,11,7,1815,5,2,1,1,6,27067,M,0.0,0.0,27
200800062910,8,11,26,1745,3,1,1,1,1,27420,M,0.0,0.0,27
200800062911,8,11,13,1145,1,1,1,1,1,27584,M,4921000.0,78400.0,27
200800062912,8,11,3,245,5,2,1,1,6,27589,M,4914500.0,141700.0,27
200800062913,8,11,9,500,3,1,1,8,6,27275,M,4916700.0,132400.0,27
200800062914,8,11,3,245,5,2,1,1,6,27599,M,4914800.0,140900.0,27
200800062915,8,11,19,900,1,1,1,8,1,27343,M,4905900.0,134700.0,27
200800062916,8,11,20,1745,1,1,1,1,4,27676,M,4921400.0,131500.0,27
200800062917,8,11,21,1815,5,1,1,1,2,27249,M,4918300.0,126800.0,27
200800062918,8,11,15,2015,5,2,1,1,6,27322,M,4922700.0,106800.0,27
200800062919,8,11,28,1045,1,2,6,1,6,27467,M,0.0,0.0,27
200800062920,8,11,23,1500,1,1,1,3,7,27090,M,,,27
200800062921,8,11,12,1415,1,2,1,1,3,35195,M,4831200.0,-167000.0,35
200800062922,8,11,19,1945,3,1,1,8,5,35356,M,4823800.0,-175700.0,35
200800062923,8,11,28,1715,1,1,1,1,2,35177,M,4823200.0,-175500.0,35
200800062924,8,11,29,1115,1,1,1,8,6,35094,M,4836700.0,-176500.0,35
200800062925,8,11,11,30,3,1,1,2,6,35184,M,0.0,0.0,35
200800062926,8,11,17,900,1,1,1,8,1,35184,M,0.0,0.0,35
200800062927,8,11,19,1400,1,2,1,1,1,35184,M,4821600.0,-213000.0,35
200800062928,8,11,22,545,5,2,1,2,6,35240,M,0.0,0.0,35
200800062929,8,11,23,430,3,2,1,1,7,35240,M,0.0,0.0,35
200800062930,8,11,1,1145,1,1,2,2,3,35191,M,0.0,0.0,35
200800062931,8,11,6,1130,1,1,1,2,6,35121,M,0.0,0.0,35
200800062932,8,11,8,1430,1,2,1,1,2,35236,M,0.0,0.0,35
200800062933,8,11,1,1900,3,2,1,8,6,35090,M,,,35
200800062934,8,11,16,1,3,1,1,1,6,35124,M,0.0,0.0,35
200800062935,8,11,4,1315,1,1,1,2,1,35151,M,0.0,0.0,35
200800062936,8,11,27,1830,2,1,1,2,1,35139,M,0.0,0.0,35
200800062937,8,11,1,200,3,1,1,1,6,35122,M,0.0,0.0,35
200800062938,8,11,8,1330,1,1,1,2,3,35265,M,0.0,0.0,35
200800062939,8,11,13,1100,1,1,3,1,3,35358,M,0.0,0.0,35
200800062940,8,11,20,600,3,2,1,1,6,35049,M,0.0,0.0,35
200800062941,8,11,21,1900,3,1,1,1,6,35122,M,0.0,0.0,35
200800062942,8,11,23,630,3,1,1,1,1,35299,M,0.0,0.0,35
200800062943,8,11,7,2000,3,1,1,1,5,35029,M,,,35
200800062944,8,11,6,800,2,2,1,2,1,35147,M,0.0,0.0,35
200800062945,8,11,14,1830,3,1,1,2,1,35339,M,0.0,0.0,35
200800062946,8,11,25,2230,3,1,3,1,3,35228,M,0.0,0.0,35
200800062947,8,11,19,1330,1,2,1,1,6,35069,M,0.0,0.0,35
200800062948,8,11,21,730,2,1,1,1,1,35069,M,0.0,0.0,35
200800062949,8,11,9,2100,3,1,1,2,2,35239,M,4789600.0,-136300.0,35
200800062950,8,11,13,1830,3,1,1,1,1,35239,M,0.0,0.0,35
200800062951,8,11,14,715,3,1,1,1,1,35108,M,0.0,0.0,35
200800062952,8,11,12,2300,3,1,1,8,7,22080,M,4831900.0,-282700.0,22
200800062953,8,11,22,2030,3,1,1,8,1,22203,M,0.0,0.0,22
200800062954,8,11,8,15,3,1,1,1,6,22327,M,0.0,0.0,22
200800062955,8,11,8,2100,5,1,1,3,6,22197,M,0.0,0.0,22
200800062956,8,11,8,2045,3,1,1,2,1,22339,M,0.0,0.0,22
200800062957,8,11,7,2045,3,1,1,1,6,22268,M,0.0,0.0,22
200800062958,8,11,22,1645,1,1,5,2,1,22191,M,4823100.0,-258200.0,22
200800062959,8,11,19,800,2,1,1,1,1,22272,M,4855800.0,-311000.0,22
200800062960,8,11,26,1030,1,1,1,8,6,22004,M,4867500.0,-328800.0,22
200800062961,8,11,20,1800,3,1,1,1,6,22115,M,0.0,0.0,22
200800062962,8,11,3,1930,3,1,1,2,6,22387,M,4861400.0,-343600.0,22
200800062963,8,11,8,1945,3,1,1,8,1,22340,M,4870700.0,-340300.0,22
200800062964,8,11,20,2045,3,1,1,1,1,22090,M,0.0,0.0,22
200800062965,8,11,2,1430,1,2,1,1,2,29197,M,0.0,0.0,29
200800062966,8,11,11,1615,1,2,1,2,7,29070,M,0.0,0.0,29
200800062967,8,11,27,1830,3,1,3,2,1,29173,M,4800300.0,-416400.0,29
200800062968,8,11,30,1215,1,1,1,8,6,29075,M,0.0,0.0,29
200800062969,8,11,9,500,5,2,1,2,1,29181,M,4848800.0,-425200.0,29
200800062970,8,11,22,1900,3,1,1,1,6,29255,M,0.0,0.0,29
200800062971,8,11,3,745,2,1,3,2,1,29117,M,4858100.0,-454600.0,29
200800062972,8,11,8,1815,3,1,1,8,1,29196,M,4853600.0,-462400.0,29
200800062973,8,11,12,1030,1,1,1,7,6,29026,M,4820300.0,-410900.0,29
200800062974,8,11,1,2230,3,1,1,2,6,29024,M,0.0,0.0,29
200800062975,8,11,22,1,3,1,1,1,7,29089,M,0.0,0.0,29
200800062976,8,11,14,1030,1,1,3,1,1,29267,M,4816300.0,-388500.0,29
200800062977,8,11,26,1815,3,1,1,1,3,29027,M,0.0,0.0,29
200800062978,8,11,1,1515,1,1,1,2,6,29059,M,4863600.0,-372900.0,29
200800062979,8,11,6,1900,3,1,1,1,1,29113,M,0.0,0.0,29
200800062980,8,11,7,15,3,1,1,2,6,29188,M,4867100.0,-378800.0,29
200800062981,8,11,4,1445,1,1,1,1,1,29163,M,4853200.0,-385200.0,29
200800062982,8,11,3,1130,1,1,1,2,7,29210,M,0.0,0.0,29
200800062983,8,11,15,2145,3,1,1,1,6,29279,M,0.0,0.0,29
200800062984,8,11,20,745,5,1,6,8,1,29259,M,4869200.0,-399900.0,29
200800062985,8,11,15,1715,1,2,1,1,5,56067,M,0.0,0.0,56
200800062986,8,11,23,1230,1,1,1,8,6,56042,M,0.0,0.0,56
200800062987,8,11,1,100,3,1,1,1,6,56111,M,0.0,0.0,56
200800062988,8,11,11,1815,1,1,1,1,1,56137,M,4774300.0,-272900.0,56
200800062989,8,11,30,1800,3,1,1,2,6,56254,M,4778100.0,-262600.0,56
200800062990,8,11,25,1515,1,1,1,1,1,56036,M,4781100.0,-333500.0,56
200800062991,8,11,12,830,1,1,1,1,1,56176,M,4770600.0,-297300.0,56
200800062992,8,11,16,2300,3,1,9,1,6,56176,M,4767200.0,-295200.0,56
200800062993,8,11,22,1830,3,1,1,1,3,56169,M,4770900.0,-322500.0,56
200800062994,8,11,4,1630,1,2,1,1,6,56127,M,0.0,0.0,56
200800062995,8,11,9,1745,2,2,6,8,3,56075,M,0.0,0.0,56
200800062996,8,11,6,800,1,1,1,8,6,56102,M,4799100.0,-256200.0,56
200800062997,8,11,11,1000,1,1,1,1,6,56142,M,4798600.0,-291100.0,56
200800062998,8,11,19,545,3,1,1,1,7,56140,M,4790400.0,-281600.0,56
200800062999,8,11,26,930,1,2,6,1,3,56117,M,4788800.0,-283100.0,56
200800063000,8,11,8,1945,5,1,1,1,1,14228,M,4929000.0,-36000.0,14
200800063001,8,11,27,2300,3,1,1,1,2,14170,M,4926000.0,-40000.0,14
200800063002,8,11,14,745,2,1,1,2,1,14034,M,4912000.0,-45000.0,14
200800063003,8,11,7,2045,3,1,1,1,3,14719,M,4902700.0,-28100.0,14
200800063004,8,11,24,630,3,1,1,3,2,14691,M,4912500.0,-32200.0,14
200800063005,8,11,11,745,2,1,1,1,2,14666,M,4918200.0,-21300.0,14
200800063006,8,11,13,1915,3,2,1,1,6,14047,M,4928400.0,-70600.0,14
200800063007,8,11,2,1115,1,1,1,1,1,14764,M,0.0,0.0,14
200800063008,8,11,1,2015,3,1,2,8,3,14602,M,0.0,0.0,14
200800063009,8,11,9,15,4,2,1,3,1,14207,M,4900400.0,-44100.0,14
200800063010,8,11,21,1030,1,2,1,1,6,14689,M,4899200.0,-47500.0,14
200800063011,8,11,30,2045,3,2,1,2,7,14431,M,4908500.0,-6400.0,14
200800063012,8,11,1,1700,2,1,9,2,1,14194,M,4908400.0,37700.0,14
200800063013,8,11,12,1045,1,1,1,1,6,14303,M,4912000.0,25600.0,14
200800063014,8,11,13,730,2,1,1,8,1,14514,M,4924700.0,26400.0,14
200800063015,8,11,18,1345,1,1,1,2,7,14185,M,4930400.0,17600.0,14
200800063016,8,11,24,2100,3,1,1,8,7,50431,M,4919000.0,-127300.0,50
200800063017,8,11,24,1800,2,1,1,2,1,50465,M,0.0,0.0,50
200800063018,8,11,4,1730,5,2,1,8,6,50601,M,0.0,0.0,50
200800063019,8,11,10,1815,5,2,1,3,6,50601,M,0.0,0.0,50
200800063020,8,11,26,815,2,1,1,9,7,50139,M,0.0,0.0,50
200800063021,8,11,4,1545,1,1,2,1,3,50493,M,0.0,0.0,50
200800063022,8,11,15,1345,1,1,2,2,3,50355,M,4873500.0,-142500.0,50
200800063023,8,11,15,845,1,1,1,1,7,35096,M,0.0,0.0,35
200800063024,8,11,28,2100,3,1,1,2,3,50487,M,4854600.0,-133400.0,50
200800063025,8,11,2,1830,5,2,1,8,6,50402,M,0.0,0.0,50
200800063026,8,11,15,1630,1,2,1,1,1,50417,M,0.0,0.0,50
200800063027,8,11,5,1345,1,1,2,1,3,50354,M,0.0,0.0,50
200800063028,8,11,5,1630,4,2,1,1,3,50076,M,0.0,0.0,50
200800063029,8,11,4,1500,1,1,1,1,2,50252,M,0.0,0.0,50
200800063030,8,11,13,1545,1,1,1,2,1,50388,M,0.0,0.0,50
200800063031,8,11,22,1100,1,1,4,3,3,50012,M,4925200.0,-156900.0,50
200800063032,8,11,19,1315,1,1,3,1,3,50263,M,0.0,0.0,50
200800063033,8,11,28,2200,3,1,1,8,3,50484,M,0.0,0.0,50
200800063034,8,11,1,1100,1,1,1,3,1,61279,M,4842200.0,400.0,61
200800063035,8,11,25,1200,1,2,1,2,6,61460,M,0.0,0.0,61
200800063036,8,11,14,1145,1,1,1,1,1,61102,M,4867100.0,-59300.0,61
200800063037,8,11,1,2345,3,1,1,1,5,61168,M,0.0,0.0,61
200800063038,8,11,1,1900,3,1,1,2,1,61129,M,0.0,0.0,61
200800063039,8,11,3,1900,3,1,1,1,6,61476,M,0.0,0.0,61
200800063040,8,11,8,245,3,1,1,1,6,61507,M,0.0,0.0,61
200800063041,8,11,6,1600,1,1,1,1,6,61437,M,0.0,0.0,61
200800063042,8,11,11,1230,1,2,1,1,6,61309,M,0.0,0.0,61
200800063043,8,11,23,230,3,1,6,1,6,61432,M,4876300.0,68600.0,61
200800063044,8,11,22,1845,3,1,1,1,6,61159,M,0.0,0.0,61
200800063045,8,11,26,1030,1,2,1,8,2,61214,M,0.0,0.0,61
200800063046,8,11,12,1500,1,1,1,1,7,61061,M,4846300.0,94100.0,61
200800063047,8,11,25,1500,1,1,1,2,6,61220,M,4857100.0,86600.0,61
200800063048,8,11,4,1000,1,1,1,1,4,44026,M,0.0,0.0,44
200800063049,8,11,12,1700,1,2,9,7,6,44216,M,4697700.0,-143400.0,44
200800063050,8,11,12,715,3,2,1,1,6,44198,M,0.0,0.0,44
200800063051,8,11,12,1830,3,1,1,1,4,44054,M,4770300.0,-135000.0,44
200800063052,8,11,21,830,2,1,3,2,5,44146,M,4777800.0,-140700.0,44
200800063053,8,11,21,1130,1,2,1,1,3,44036,M,4773200.0,-137000.0,44
200800063054,8,11,25,1330,1,1,1,1,1,44054,M,4765400.0,-132000.0,44
200800063055,8,11,26,1815,3,1,1,1,1,44054,M,4770500.0,-135200.0,44
200800063056,8,11,6,1515,5,2,1,1,3,44067,M,0.0,0.0,44
200800063057,8,11,12,630,3,1,1,5,6,44015,M,4746500.0,-185800.0,44
200800063058,8,11,18,1815,3,1,1,1,6,44067,M,0.0,0.0,44
200800063059,8,11,19,1445,1,1,1,1,6,44128,M,4754800.0,-190600.0,44
200800063060,8,11,8,1845,3,1,6,2,3,44193,M,4767900.0,-147800.0,44
200800063061,8,11,15,1545,3,1,1,2,6,44113,M,4758700.0,-158400.0,44
200800063062,8,11,30,1,3,1,1,2,1,44051,M,4769300.0,-171600.0,44
200800063063,8,11,19,1800,3,1,1,1,1,44130,M,0.0,0.0,44
200800063064,8,11,25,1100,1,2,1,7,6,44131,M,0.0,0.0,44
200800063065,8,11,3,1400,1,1,1,9,1,44133,M,4711900.0,-174400.0,44
200800063066,8,11,4,2330,3,1,1,1,6,44178,M,4706300.0,-175300.0,44
200800063067,8,11,1,30,4,1,1,1,3,44069,M,0.0,0.0,44
200800063068,8,11,4,1115,1,1,1,1,6,44069,M,0.0,0.0,44
200800063069,8,11,17,2015,5,2,6,2,3,44069,M,0.0,0.0,44
200800063070,8,11,13,1745,5,2,1,1,3,44211,M,4735600.0,-249200.0,44
200800063071,8,11,13,1715,2,1,1,1,6,44052,M,0.0,0.0,44
200800063072,8,11,23,330,3,1,1,2,7,44103,M,0.0,0.0,44
200800063073,8,11,10,1830,3,1,1,2,1,44196,M,0.0,0.0,44
200800063074,8,11,22,915,1,1,1,2,2,44129,M,0.0,0.0,44
200800063075,8,11,22,1500,1,2,6,2,3,44129,M,0.0,0.0,44
200800063076,8,11,28,930,1,2,1,8,4,44053,M,0.0,0.0,44
200800063077,8,11,29,2015,3,1,1,2,3,44152,M,0.0,0.0,44
200800063078,8,11,12,1045,1,2,6,1,3,44045,M,0.0,0.0,44
200800063079,8,11,12,1745,2,2,1,1,3,49214,M,4753300.0,-60600.0,49
200800063080,8,11,28,1930,5,1,1,3,6,49323,M,4750100.0,-49400.0,49
200800063081,8,11,4,900,1,1,1,1,2,49289,M,0.0,0.0,49
200800063082,8,11,14,1515,1,2,1,1,3,49212,M,4739600.0,-86100.0,49
200800063083,8,11,22,1315,1,1,1,2,3,49160,M,4741800.0,-91500.0,49
200800063084,8,11,6,1530,1,1,1,1,7,49092,M,4721600.0,-71100.0,49
200800063085,8,11,11,1900,5,2,1,8,3,49023,M,0.0,0.0,49
200800063086,8,11,9,230,5,2,1,3,7,49313,M,4727600.0,-102800.0,49
200800063087,8,11,25,1645,1,1,1,1,1,49228,M,4751700.0,10500.0,49
200800063088,8,11,26,1400,1,2,3,1,3,49372,M,0.0,0.0,49
200800063089,8,11,4,1400,1,1,1,1,3,49059,M,0.0,0.0,49
200800063090,8,11,3,1730,1,2,1,8,7,49125,M,0.0,0.0,49
200800063091,8,11,13,730,2,2,1,1,3,49191,M,0.0,0.0,49
200800063092,8,11,4,1800,2,1,2,8,3,49279,M,4735800.0,-30500.0,49
200800063093,8,11,14,1815,3,1,1,2,3,49030,M,4736900.0,-2200.0,49
200800063094,8,11,21,1930,3,1,2,1,3,49180,M,4737500.0,-11500.0,49
200800063095,8,11,24,1230,1,1,1,1,1,49180,M,4734700.0,-7100.0,49
200800063096,8,11,29,845,1,1,1,1,6,49154,M,4733900.0,-35300.0,49
200800063097,8,11,23,2130,3,1,1,1,7,49215,M,0.0,0.0,49
200800063098,8,11,29,1100,1,1,1,2,6,49112,M,4719100.0,-11100.0,49
200800063099,8,11,12,930,1,2,1,1,6,49331,M,0.0,0.0,49
200800063100,8,11,4,1815,2,1,1,1,6,49176,M,4762900.0,-77100.0,49
200800063101,8,11,6,1315,1,1,1,1,1,49294,M,4749700.0,-67800.0,49
200800063102,8,11,18,1015,1,1,1,1,6,49367,M,4762600.0,-84000.0,49
200800063103,8,11,18,1930,3,1,1,1,6,49089,M,4759400.0,-88200.0,49
200800063104,8,11,29,2015,3,1,1,2,1,49065,M,0.0,0.0,49
200800063105,8,11,24,1245,1,1,1,1,6,53168,M,4795800.0,-79300.0,53
200800063106,8,11,20,1430,1,1,1,1,1,53009,M,4796300.0,-56900.0,53
200800063107,8,11,12,1645,1,1,1,1,7,53059,M,0.0,0.0,53
200800063108,8,11,5,2000,3,1,1,2,6,53216,M,4833100.0,-56700.0,53
200800063109,8,11,20,745,3,1,1,8,7,53170,M,4840300.0,-67100.0,53
200800063110,8,11,24,1015,1,2,1,1,6,53127,M,4844500.0,-49200.0,53
200800063111,8,11,18,45,3,1,1,1,7,72386,M,4801800.0,28200.0,72
200800063112,8,11,21,1815,3,1,1,1,1,72358,M,0.0,0.0,72
200800063113,8,11,9,45,3,1,1,3,1,72340,M,4815100.0,23600.0,72
200800063114,8,11,18,2245,5,2,1,1,1,72289,M,0.0,0.0,72
200800063115,8,11,4,645,2,1,1,5,6,72376,M,0.0,0.0,72
200800063116,8,11,14,1900,3,1,2,2,3,72019,M,0.0,0.0,72
200800063117,8,11,22,315,3,1,1,1,6,72083,M,0.0,0.0,72
200800063118,8,11,12,1800,5,2,1,2,6,72264,M,0.0,0.0,72
200800063119,8,11,23,1130,1,2,1,2,6,72264,M,0.0,0.0,72
200800063120,8,11,13,1830,5,2,1,1,6,72132,M,0.0,0.0,72
200800063121,8,11,2,1745,2,1,1,2,1,72137,M,4846500.0,25000.0,72
200800063122,8,11,3,1500,1,2,1,1,2,72235,M,4826300.0,11600.0,72
200800063123,8,11,1,1515,1,1,1,8,1,85061,M,4658200.0,-129100.0,85
200800063124,8,11,26,1030,1,1,1,1,2,85093,M,4665800.0,-122600.0,85
200800063125,8,11,25,715,2,2,1,8,1,85089,M,0.0,0.0,85
200800063126,8,11,14,2000,5,2,1,1,3,85109,M,4642800.0,100700.0,85
200800063127,8,11,29,600,5,2,1,8,6,85196,M,0.0,0.0,85
200800063128,8,11,1,1545,1,1,1,1,7,85108,M,0.0,0.0,85
200800063129,8,11,7,2115,3,1,1,1,5,85025,M,0.0,0.0,85
200800063130,8,11,24,1900,5,2,1,1,5,85178,M,0.0,0.0,85
200800063131,8,11,30,115,5,2,1,2,3,85003,M,0.0,0.0,85
200800063132,8,11,30,2345,3,1,1,1,1,85155,M,0.0,0.0,85
200800063133,8,11,16,1600,1,1,1,1,6,85092,M,4645800.0,-82900.0,85
200800063134,8,11,12,1645,1,1,1,1,2,85185,M,0.0,0.0,85
200800063135,8,11,21,1700,1,1,1,1,6,85104,M,4639700.0,-129000.0,85
200800063136,8,11,28,1800,3,1,1,2,1,85227,M,0.0,0.0,85
200800063137,8,11,10,2045,3,1,1,2,1,85154,M,4668100.0,-88000.0,85
200800063138,8,11,20,1600,5,2,1,2,1,85037,M,4665600.0,-68500.0,85
200800063139,8,11,6,2100,3,1,1,1,6,85018,M,0.0,0.0,85