Num_Acc,an,mois,jour,hrmn,lum,agg,int,atm,col,com,gps,lat,long,dep
200800063140,8,11,14,1915,3,1,1,1,1,33284,M,0.0,0.0,33
200800063141,8,11,15,1715,1,2,1,1,4,33056,M,0.0,0.0,33
200800063142,8,11,25,1845,5,2,1,1,6,33162,M,0.0,0.0,33
200800063143,8,11,2,1645,1,1,1,2,1,33449,M,0.0,0.0,33
200800063144,8,11,10,345,5,2,1,2,6,33449,M,0.0,0.0,33
200800063145,8,11,9,530,3,1,1,8,1,33058,M,4513200.0,-62300.0,33
200800063146,8,11,12,2230,5,1,1,1,6,33100,M,4513300.0,-63400.0,33
200800063147,8,11,14,1845,5,2,1,2,6,33058,M,4512800.0,-66200.0,33
200800063148,8,11,3,845,1,1,1,2,5,33073,M,4524800.0,-57900.0,33
200800063149,8,11,18,745,2,2,1,1,6,33013,M,4486500.0,-48900.0,33
200800063150,8,11,17,1400,1,1,1,1,6,33330,M,0.0,0.0,33
200800063151,8,11,21,1745,2,1,1,2,2,33061,M,0.0,0.0,33
200800063152,8,11,3,1945,3,1,1,1,1,33205,M,4461500.0,-35900.0,33
200800063153,8,11,6,1600,1,2,8,1,7,33327,M,4465000.0,-36000.0,33
200800063154,8,11,29,1600,1,2,1,8,6,33321,M,4504900.0,-42600.0,33
200800063155,8,11,23,615,3,1,1,1,6,33357,M,4450700.0,-27300.0,33
200800063156,8,11,11,1830,3,1,1,2,5,33095,M,4422400.0,-26500.0,33
200800063157,8,11,14,1745,2,1,1,2,7,33002,M,4445000.0,-7000.0,33
200800063158,8,11,14,1845,3,1,1,2,6,33276,M,4441500.0,-7000.0,33
200800063159,8,11,16,1745,5,2,1,1,6,33036,M,4444600.0,-23200.0,33
200800063160,8,11,11,1715,1,1,1,1,1,33275,M,4471400.0,-18800.0,33
200800063161,8,11,10,2245,5,2,1,1,1,33240,M,4530800.0,-92200.0,33
200800063162,8,11,15,1500,1,1,1,1,1,33494,M,0.0,0.0,33
200800063163,8,11,8,2130,3,1,1,3,7,33395,M,4525000.0,-75000.0,33
200800063164,8,11,25,745,2,1,1,1,3,33314,M,4522600.0,-76800.0,33
200800063165,8,11,24,1815,5,2,1,2,1,33514,M,4550900.0,-112100.0,33
200800063166,8,11,6,1945,3,1,1,2,1,33015,M,4487400.0,-30800.0,33
200800063167,8,11,15,2230,3,1,1,1,7,33198,M,0.0,0.0,33
200800063168,8,11,1,745,2,1,2,2,3,33160,M,4480700.0,18500.0,33
200800063169,8,11,4,1615,1,2,1,1,3,33402,M,4484400.0,21800.0,33
200800063170,8,11,8,1130,1,1,1,1,6,33470,M,0.0,0.0,33
200800063171,8,11,12,1600,1,1,1,1,1,24115,M,4527900.0,67500.0,24
200800063172,8,11,16,400,5,1,1,1,6,24013,M,4516500.0,74100.0,24
200800063173,8,11,24,745,2,1,1,2,3,24096,M,0.0,0.0,24
200800063174,8,11,7,1630,1,1,1,1,3,24225,M,4484000.0,41500.0,24
200800063175,8,11,11,1130,1,1,1,2,3,24195,M,4467500.0,88600.0,24
200800063176,8,11,8,1800,3,1,1,2,1,24274,M,0.0,0.0,24
200800063177,8,11,18,1815,5,2,1,2,6,24551,M,0.0,0.0,24
200800063178,8,11,26,1145,1,2,1,1,6,24520,M,0.0,0.0,24
200800063179,8,11,29,1100,1,2,6,1,6,24520,M,0.0,0.0,24
200800063180,8,11,30,1100,1,1,1,2,6,24516,M,0.0,0.0,24
200800063181,8,11,3,1000,3,1,1,1,7,24254,M,4483100.0,101200.0,24
200800063182,8,11,7,1230,1,1,1,8,1,24404,M,0.0,0.0,24
200800063183,8,11,1,1130,1,1,1,1,5,40164,M,0.0,0.0,40
200800063184,8,11,25,1930,3,1,1,1,6,40250,M,4393500.0,-41700.0,40
200800063185,8,11,10,1515,3,1,1,2,6,40243,M,4396500.0,-99500.0,40
200800063186,8,11,21,800,1,1,1,2,5,40155,M,4391100.0,-123000.0,40
200800063187,8,11,24,1600,1,1,1,3,6,40228,M,0.0,0.0,40
200800063188,8,11,1,1845,3,1,1,1,3,40183,M,4367600.0,-97100.0,40
200800063189,8,11,6,1230,1,1,6,2,1,40310,M,4378000.0,-139400.0,40
200800063190,8,11,7,1130,1,1,1,3,3,40152,M,0.0,0.0,40
200800063191,8,11,21,2000,3,1,1,2,2,40333,M,0.0,0.0,40
200800063192,8,11,26,2215,5,2,1,1,3,40184,M,4420200.0,-122600.0,40
200800063193,8,11,18,1045,1,1,1,1,1,40110,M,0.0,0.0,40
200800063194,8,11,4,930,1,1,1,1,2,40161,M,4409300.0,-2400.0,40
200800063195,8,11,16,2315,3,1,1,1,1,40255,M,0.0,0.0,40
200800063196,8,11,9,600,5,1,1,1,6,47209,M,0.0,0.0,47
200800063197,8,11,30,145,3,2,1,1,1,47051,M,0.0,0.0,47
200800063198,8,11,22,1145,1,2,1,2,1,47157,M,0.0,0.0,47
200800063199,8,11,24,715,5,1,1,3,3,47157,M,4446900.0,14000.0,47
200800063200,8,11,7,1000,1,1,1,2,3,47056,M,0.0,0.0,47
200800063201,8,11,1,1600,1,1,1,1,1,47325,M,4436900.0,27600.0,47
200800063202,8,11,8,1215,1,2,1,1,1,47310,M,4440000.0,30900.0,47
200800063203,8,11,29,2000,3,1,1,2,6,47065,M,4437700.0,35200.0,47
200800063204,8,11,24,1545,1,1,2,1,3,47012,M,4428400.0,16700.0,47
200800063205,8,11,5,1615,1,1,1,2,1,47315,M,0.0,0.0,47
200800063206,8,11,6,1230,1,1,2,2,3,47297,M,4434300.0,62400.0,47
200800063207,8,11,28,1645,1,1,1,1,6,47315,M,0.0,0.0,47
200800063208,8,11,2,1515,1,2,1,1,1,47324,M,4463900.0,73500.0,47
200800063209,8,11,21,1630,1,1,1,2,6,47185,M,0.0,0.0,47
200800063210,8,11,14,1200,1,1,1,1,2,64343,M,4327400.0,-18300.0,64
200800063211,8,11,14,945,1,2,1,1,6,64109,M,4319000.0,-20300.0,64
200800063212,8,11,3,1415,1,1,1,8,3,64078,M,0.0,0.0,64
200800063213,8,11,10,1000,1,2,1,1,7,64547,M,0.0,0.0,64
200800063214,8,11,22,1230,1,1,1,3,6,64411,M,4320800.0,-97100.0,64
200800063215,8,11,26,1800,5,2,6,1,3,64477,M,0.0,0.0,64
200800063216,8,11,8,1630,1,1,1,1,7,64501,M,4352900.0,-70300.0,64
200800063217,8,11,26,1515,1,1,1,1,3,64430,M,4350300.0,-79700.0,64
200800063218,8,11,29,1900,3,1,1,2,2,86114,M,4657000.0,60100.0,86
200800063219,8,11,7,1730,2,1,1,1,7,86145,M,4647600.0,25600.0,86
200800063220,8,11,7,1800,2,1,1,1,6,86158,M,0.0,0.0,86
200800063221,8,11,16,1215,1,2,1,1,7,86053,M,0.0,0.0,86
200800063222,8,11,20,1745,2,2,1,2,6,86281,M,0.0,0.0,86
200800063223,8,11,30,1200,1,1,2,3,3,86030,M,4671300.0,22600.0,86
200800063224,8,11,2,1815,3,1,1,2,3,86248,M,4633700.0,46800.0,86
200800063225,8,11,8,2300,5,2,1,2,1,86209,M,4648700.0,37200.0,86
200800063226,8,11,3,1900,4,1,1,2,1,86221,M,4682000.0,33900.0,86
200800063227,8,11,20,1945,3,1,1,2,3,86018,M,4703900.0,12300.0,86
200800063228,8,11,28,845,1,1,1,7,2,86202,M,4666000.0,74700.0,86
200800063229,8,11,3,1545,1,1,1,2,5,86154,M,4678000.0,12000.0,86
200800063230,8,11,12,1845,5,1,1,5,1,86165,M,0.0,0.0,86
200800063231,8,11,27,715,1,1,1,5,3,86165,M,0.0,0.0,86
200800063232,8,11,10,845,1,1,1,8,3,86239,M,0.0,0.0,86
200800063233,8,11,26,615,3,2,1,9,1,86070,M,0.0,0.0,86
200800063234,8,11,1,2100,3,1,1,2,7,16115,M,0.0,0.0,16
200800063235,8,11,8,1830,5,2,1,2,1,16380,M,0.0,0.0,16
200800063236,8,11,5,1930,3,1,1,3,1,16244,M,4563000.0,8000.0,16
200800063237,8,11,21,800,2,1,1,2,6,16019,M,4570000.0,3000.0,16
200800063238,8,11,3,1845,5,2,1,2,6,16206,M,4587900.0,17900.0,16
200800063239,8,11,19,1715,2,1,2,1,3,16419,M,4581700.0,5000.0,16
200800063240,8,11,20,745,5,2,2,1,3,16199,M,0.0,0.0,16
200800063241,8,11,8,1745,2,1,1,2,4,17193,M,4612600.0,-104600.0,17
200800063242,8,11,25,2145,3,1,1,8,6,17373,M,0.0,0.0,17
200800063243,8,11,7,1,3,1,1,1,1,17472,M,4624600.0,-109400.0,17
200800063244,8,11,21,1815,2,1,1,8,7,17236,M,0.0,0.0,17
200800063245,8,11,12,1915,5,2,1,1,1,17309,M,4516000.0,-300.0,17
200800063246,8,11,24,2115,3,1,1,9,2,17113,M,4511400.0,-15800.0,17
200800063247,8,11,22,1915,3,1,1,2,6,17185,M,0.0,0.0,17
200800063248,8,11,3,1800,5,1,9,1,7,17385,M,0.0,0.0,17
200800063249,8,11,29,1630,1,2,6,8,3,17385,M,0.0,0.0,17
200800063250,8,11,13,1345,1,1,1,1,3,17247,M,0.0,0.0,17
200800063251,8,11,1,300,3,2,1,2,6,17065,M,0.0,0.0,17
200800063252,8,11,23,1845,3,1,1,2,5,17075,M,0.0,0.0,17
200800063253,8,11,10,2115,3,1,1,1,6,17018,M,4607000.0,-87000.0,17
200800063254,8,11,19,1800,3,1,1,1,1,17003,M,4612000.0,-96000.0,17
200800063255,8,11,5,1215,1,1,1,8,7,17141,M,0.0,0.0,17
200800063256,8,11,7,1715,2,1,2,1,3,17389,M,0.0,0.0,17
200800063257,8,11,9,145,3,1,1,8,7,17387,M,4583400.0,-79600.0,17
200800063258,8,11,11,1800,3,1,1,2,5,17171,M,4586000.0,-76700.0,17
200800063259,8,11,15,930,3,1,1,1,7,17330,M,0.0,0.0,17
200800063260,8,11,2,1300,1,1,1,3,7,17310,M,0.0,0.0,17
200800063261,8,11,13,1815,2,2,1,1,3,17228,M,0.0,0.0,17
200800063262,8,11,21,2030,3,1,1,1,6,17152,M,0.0,0.0,17
200800063263,8,11,8,1145,1,1,1,1,6,17350,M,0.0,0.0,17
200800063264,8,11,12,845,1,1,1,1,6,17347,M,0.0,0.0,17
200800063265,8,11,22,1945,3,1,1,1,5,17356,M,0.0,0.0,17
200800063266,8,11,26,745,2,2,1,1,3,17347,M,0.0,0.0,17
200800063267,8,11,6,115,3,1,1,1,6,17211,M,4605300.0,-51100.0,17
200800063268,8,11,8,1545,1,1,1,1,3,17162,M,4596500.0,-19000.0,17
200800063269,8,11,21,845,1,1,2,1,3,17257,M,4595600.0,-23800.0,17
200800063270,8,11,24,1000,1,2,1,7,6,17224,M,0.0,0.0,17
200800063271,8,11,8,1115,1,1,1,2,7,79109,M,0.0,0.0,79
200800063272,8,11,8,430,5,2,6,1,6,79162,M,4631900.0,-55000.0,79
200800063273,8,11,17,745,2,1,1,9,4,79355,M,0.0,0.0,79
200800063274,8,11,21,1200,1,1,1,2,6,79130,M,4625100.0,-50400.0,79
200800063275,8,11,5,745,2,1,1,2,1,79048,M,4635300.0,-33000.0,79
200800063276,8,11,25,1700,2,1,1,1,7,79091,M,4686200.0,-64200.0,79
200800063277,8,11,26,1430,1,1,1,1,3,79237,M,4694700.0,-67500.0,79
200800063278,8,11,3,1800,3,1,1,2,3,79299,M,0.0,0.0,79
200800063279,8,11,4,1815,3,1,2,1,3,79204,M,4620200.0,-26100.0,79
200800063280,8,11,20,1645,1,1,2,1,1,79211,M,0.0,0.0,79
200800063281,8,11,2,1215,1,1,1,8,7,79285,M,4657500.0,-29600.0,79
200800063282,8,11,26,1845,3,1,1,1,3,79208,M,0.0,0.0,79
200800063283,8,11,14,1400,1,1,1,1,6,87001,M,4579100.0,111400.0,87
200800063284,8,11,14,1530,1,2,1,1,6,87001,M,4580000.0,113300.0,87
200800063285,8,11,14,830,2,1,1,5,1,87106,M,4568600.0,122400.0,87
200800063286,8,11,16,100,3,1,1,1,6,87049,M,4552800.0,132900.0,87
200800063287,8,11,27,1830,3,1,1,1,4,87096,M,4563200.0,123100.0,87
200800063288,8,11,7,1600,1,1,1,2,1,87012,M,4606400.0,111800.0,87
200800063289,8,11,8,2015,3,1,1,1,6,87011,M,4611600.0,106200.0,87
200800063290,8,11,21,1900,3,1,1,8,3,87200,M,4635700.0,110600.0,87
200800063291,8,11,21,2300,3,1,1,8,7,87139,M,4618800.0,93700.0,87
200800063292,8,11,25,1745,2,1,1,1,3,87028,M,4623800.0,90800.0,87
200800063293,8,11,26,1830,3,1,1,1,3,87012,M,4607000.0,111400.0,87
200800063294,8,11,28,2130,3,1,1,1,6,87014,M,4599900.0,116100.0,87
200800063295,8,11,9,400,5,2,1,1,6,87141,M,4580500.0,95800.0,87
200800063296,8,11,17,1900,3,1,1,1,6,19211,M,4518700.0,164700.0,19
200800063297,8,11,14,1315,1,1,1,1,3,19010,M,4510800.0,191500.0,19
200800063298,8,11,3,1045,1,1,1,8,6,19198,M,4545400.0,127300.0,19
200800063299,8,11,15,845,2,1,1,9,6,19095,M,4564300.0,182800.0,19
200800063300,8,11,8,1330,1,1,1,1,7,23138,M,4609400.0,205800.0,23
200800063301,8,11,7,800,1,1,1,1,3,23095,M,4612000.0,166100.0,23
200800063302,8,11,21,1800,3,1,1,2,1,23004,M,4625200.0,186000.0,23
200800063303,8,11,21,1445,1,1,1,1,1,23176,M,0.0,0.0,23
200800063304,8,11,28,1945,3,1,1,9,7,23008,M,4595100.0,218300.0,23
200800063305,8,11,5,1000,1,1,1,2,6,23164,M,0.0,0.0,23
200800063306,8,11,16,2000,5,2,6,1,3,31044,M,4359700.0,150600.0,31
200800063307,8,11,12,2000,3,1,1,2,6,31383,M,0.0,0.0,31
200800063308,8,11,25,2245,4,1,1,1,6,31118,M,0.0,0.0,31
200800063309,8,11,13,1615,1,1,1,8,3,31232,M,0.0,0.0,31
200800063310,8,11,15,1030,1,1,1,1,6,31232,M,0.0,0.0,31
200800063311,8,11,14,2000,3,1,1,1,1,31424,M,4355300.0,129200.0,31
200800063312,8,11,20,800,2,2,1,1,3,31424,M,4357400.0,130800.0,31
200800063313,8,11,26,1900,3,2,1,1,6,31424,M,4357000.0,129900.0,31
200800063314,8,11,28,1645,1,2,3,1,3,31420,M,4350700.0,139500.0,31
200800063315,8,11,3,1630,1,2,1,1,1,31561,M,4365100.0,147000.0,31
200800063316,8,11,5,1745,5,1,1,3,2,31165,M,4345000.0,138700.0,31
200800063317,8,11,10,2230,3,1,1,9,6,31395,M,0.0,0.0,31
200800063318,8,11,8,2145,3,1,1,1,2,31145,M,0.0,0.0,31
200800063319,8,11,10,800,1,1,1,1,6,31492,M,0.0,0.0,31
200800063320,8,11,1,530,3,1,1,1,7,31327,M,0.0,0.0,31
200800063321,8,11,3,1900,5,2,1,1,6,31499,M,0.0,0.0,31
200800063322,8,11,11,215,3,2,1,1,6,31499,M,0.0,0.0,31
200800063323,8,11,9,745,2,1,1,1,6,31141,M,0.0,0.0,31
200800063324,8,11,8,2030,3,1,1,1,1,31582,M,4341900.0,171700.0,31
200800063325,8,11,12,830,1,1,2,2,3,31571,M,4360100.0,177100.0,31
200800063326,8,11,15,1115,1,1,1,1,1,31285,M,4364900.0,160400.0,31
200800063327,8,11,21,1215,1,1,1,2,3,31082,M,4361600.0,170800.0,31
200800063328,8,11,29,115,3,1,1,1,6,31106,M,4352800.0,175300.0,31
200800063329,8,11,27,730,2,2,2,1,3,31451,M,0.0,0.0,31
200800063330,8,11,5,1945,3,1,1,3,7,09109,M,0.0,0.0,09
200800063331,8,11,12,1645,1,1,1,2,1,09277,M,0.0,0.0,09
200800063332,8,11,12,1615,1,1,1,2,6,09095,M,4294100.0,103200.0,09
200800063333,8,11,3,1700,1,2,1,1,3,09235,M,0.0,0.0,09
200800063334,8,11,1,430,3,1,1,6,7,12102,M,4429400.0,263800.0,12
200800063335,8,11,29,1345,1,2,1,9,7,12102,M,4429100.0,261100.0,12
200800063336,8,11,22,1900,3,1,1,3,1,12120,M,4437800.0,283700.0,12
200800063337,8,11,28,1445,1,1,2,1,3,12033,M,4444300.0,268500.0,12
200800063338,8,11,10,1645,1,1,1,1,1,12161,M,4448400.0,249600.0,12
200800063339,8,11,23,1215,1,1,1,1,6,12240,M,4462700.0,227300.0,12
200800063340,8,11,10,1400,1,1,1,1,3,12096,M,4451600.0,273500.0,12
200800063341,8,11,28,745,2,2,1,5,6,12096,M,0.0,0.0,12
200800063342,8,11,20,1100,1,2,9,1,6,12096,M,4452800.0,276500.0,12
200800063343,8,11,13,1330,1,1,1,1,7,12238,M,4424000.0,298800.0,12
200800063344,8,11,19,1330,1,1,1,1,7,12294,M,4428600.0,285200.0,12
200800063345,8,11,24,1715,1,1,1,2,7,12294,M,4427100.0,287000.0,12
200800063346,8,11,27,1100,1,2,1,1,6,12208,M,0.0,0.0,12
200800063347,8,11,6,900,1,1,1,2,6,32029,M,4362100.0,46100.0,32
200800063348,8,11,19,1300,1,1,1,8,4,32334,M,4359700.0,118800.0,32
200800063349,8,11,1,915,1,1,1,3,6,32332,M,4374400.0,27700.0,32
200800063350,8,11,6,815,1,2,1,2,6,32462,M,4376300.0,30500.0,32
200800063351,8,11,19,1615,1,1,3,1,3,32296,M,4378100.0,-2900.0,32
200800063352,8,11,11,1815,1,2,1,1,3,32132,M,4385300.0,65800.0,32
200800063353,8,11,18,1845,5,2,1,3,6,32132,M,0.0,0.0,32
200800063354,8,11,20,900,1,1,3,1,6,32208,M,0.0,0.0,32
200800063355,8,11,22,1315,1,1,1,1,1,32116,M,0.0,0.0,32
200800063356,8,11,26,1830,3,1,1,2,3,32159,M,0.0,0.0,32
200800063357,8,11,28,2000,3,1,1,1,2,32199,M,0.0,0.0,32
200800063358,8,11,1,1015,1,1,1,3,1,46137,M,0.0,0.0,46
200800063359,8,11,16,215,5,2,1,1,7,46114,M,4458600.0,114800.0,46
200800063360,8,11,22,1945,3,1,1,2,6,46130,M,4448100.0,113800.0,46
200800063361,8,11,27,1500,1,1,1,1,3,46284,M,0.0,0.0,46
200800063362,8,11,8,700,2,1,1,8,6,46138,M,4464500.0,155900.0,46
200800063363,8,11,17,1800,1,1,1,1,3,46324,M,4460000.0,140200.0,46
200800063364,8,11,25,800,1,2,6,1,6,46127,M,4474000.0,138400.0,46
200800063365,8,11,26,1400,1,1,1,1,1,46113,M,4467900.0,147800.0,46
200800063366,8,11,1,1245,1,1,1,1,5,65101,M,0.0,0.0,65
200800063367,8,11,13,1645,1,2,1,1,6,65460,M,4339000.0,5600.0,65
200800063368,8,11,29,200,3,1,1,1,6,65049,M,4350700.0,7700.0,65
200800063369,8,11,15,1100,1,2,1,1,6,65362,M,4296300.0,-7500.0,65
200800063370,8,11,7,1315,1,1,1,1,1,65069,M,4308900.0,38300.0,65
200800063371,8,11,23,1245,1,1,1,1,6,65122,M,4295100.0,37300.0,65
200800063372,8,11,2,1730,2,1,1,8,3,81096,M,0.0,0.0,81
200800063373,8,11,10,1815,3,1,3,1,3,81186,M,0.0,0.0,81
200800063374,8,11,21,1745,2,1,1,2,1,81041,M,4395200.0,188100.0,81
200800063375,8,11,21,1745,5,2,1,2,6,69205,M,0.0,0.0,69
200800063376,8,11,29,1715,5,2,1,3,6,69069,M,0.0,0.0,69
200800063377,8,11,28,745,3,1,1,1,3,81035,M,0.0,0.0,81
200800063378,8,11,1,1815,2,1,1,1,1,81081,M,4348800.0,213000.0,81
200800063379,8,11,8,745,1,1,1,1,5,81130,M,0.0,0.0,81
200800063380,8,11,16,200,3,1,1,1,6,81289,M,0.0,0.0,81
200800063381,8,11,17,600,3,1,1,1,5,81120,M,0.0,0.0,81
200800063382,8,11,26,2230,5,2,1,1,1,81130,M,4356000.0,228000.0,81
200800063383,8,11,27,1800,5,2,1,1,6,81130,M,0.0,0.0,81
200800063384,8,11,16,2015,3,1,1,1,7,81251,M,4354000.0,210000.0,81
200800063385,8,11,23,1345,1,2,1,2,3,82037,M,4417200.0,153100.0,82
200800063386,8,11,26,1830,3,1,1,2,1,82195,M,0.0,0.0,82
200800063387,8,11,17,730,2,1,1,1,6,82161,M,4404600.0,146200.0,82
200800063388,8,11,30,1645,1,2,1,2,6,82188,M,0.0,0.0,82
200800063389,8,11,7,1245,1,1,1,2,6,82122,M,4421700.0,109600.0,82
200800063390,8,11,26,1345,1,1,1,1,1,82122,M,4420500.0,106800.0,82
200800063391,8,11,14,900,1,1,1,1,1,82112,M,4410600.0,107600.0,82
200800063392,8,11,21,230,3,1,1,1,7,82108,M,4410700.0,123900.0,82
200800063393,8,11,14,1600,1,1,1,1,6,82190,M,4383300.0,124300.0,82
200800063394,8,11,18,1645,2,2,1,9,6,69191,M,0.0,0.0,69
200800063395,8,11,27,930,2,2,6,7,6,69204,M,4569400.0,480200.0,69
200800063396,8,11,4,1915,5,2,1,1,2,69288,M,4569300.0,504600.0,69
200800063397,8,11,2,1830,3,1,2,2,6,69208,M,0.0,0.0,69
200800063398,8,11,12,1700,1,2,1,1,1,69231,M,0.0,0.0,69
200800063399,8,11,26,2015,3,1,1,9,6,69177,M,0.0,0.0,69
200800063400,8,11,29,1845,5,2,6,3,3,69112,M,0.0,0.0,69
200800063401,8,11,17,1530,1,2,1,7,4,69297,M,0.0,0.0,69
200800063402,8,11,1,1300,1,2,1,1,3,69141,M,0.0,0.0,69
200800063403,8,11,13,830,1,2,1,1,1,69141,M,0.0,0.0,69
200800063404,8,11,3,1915,3,1,1,1,4,69052,M,0.0,0.0,69
200800063405,8,11,10,1300,1,2,1,1,3,69114,M,4597100.0,466000.0,69
200800063406,8,11,6,615,4,1,1,2,7,69012,M,0.0,0.0,69
200800063407,8,11,8,530,5,1,6,1,6,69036,M,4612300.0,467600.0,69
200800063408,8,11,17,1100,1,2,1,1,1,69019,M,0.0,0.0,69
200800063409,8,11,6,745,2,1,1,2,6,69239,M,4591200.0,452100.0,69
200800063410,8,11,7,1330,1,1,1,1,5,69017,M,0.0,0.0,69
200800063411,8,11,16,1500,1,1,1,1,6,69024,M,0.0,0.0,69
200800063412,8,11,20,1630,3,1,1,1,1,69147,M,0.0,0.0,69
200800063413,8,11,28,2000,3,1,1,5,7,69008,M,0.0,0.0,69
200800063414,8,11,28,815,1,1,1,1,1,69107,M,0.0,0.0,69
200800063415,8,11,9,1900,5,2,1,1,1,01065,M,0.0,0.0,01
200800063416,8,11,17,745,2,1,1,2,1,01040,M,0.0,0.0,01
200800063417,8,11,19,815,1,2,1,1,1,01175,M,0.0,0.0,01
200800063418,8,11,23,715,3,1,1,2,7,01130,M,0.0,0.0,01
200800063419,8,11,25,1730,1,2,1,1,6,01305,M,0.0,0.0,01
200800063420,8,11,4,845,1,2,1,1,1,01320,M,0.0,0.0,01
200800063421,8,11,21,600,3,1,1,1,6,01370,M,0.0,0.0,01
200800063422,8,11,25,530,3,1,1,1,6,48138,M,0.0,0.0,48
200800063423,8,11,7,2030,2,1,1,2,6,80233,M,0.0,0.0,80
200800063424,8,11,25,1800,3,1,1,1,6,50458,M,4934700.0,-126400.0,50
200800063425,8,11,16,1530,1,2,1,1,6,67226,M,0.0,0.0,67
200800063426,8,11,15,1845,3,1,1,1,3,83071,M,0.0,0.0,83
200800063427,8,11,15,1500,1,2,2,1,3,66069,M,4278100.0,283600.0,66
200800063428,8,11,24,530,2,2,1,2,2,77128,M,4889200.0,285700.0,77
200800063429,8,11,6,1100,1,1,1,2,4,28319,M,4829000.0,198000.0,28
200800063430,8,11,21,800,2,2,1,1,5,13088,M,0.0,0.0,13
200800063431,8,11,29,1915,5,2,1,1,1,78356,M,4874200.0,205100.0,78
200800063432,8,11,23,1145,1,2,1,1,2,66011,M,0.0,0.0,66
200800063433,8,11,8,1500,1,1,1,1,2,66014,M,4274900.0,281500.0,66
200800063434,8,11,15,1445,1,1,1,1,1,66069,M,4278200.0,280500.0,66
200800063435,8,11,23,1215,1,1,6,1,3,66014,M,4275100.0,281300.0,66
200800063436,8,11,16,1345,1,1,1,1,1,66171,M,0.0,0.0,66
200800063437,8,11,6,1915,3,1,1,6,7,66210,M,0.0,0.0,66
200800063438,8,11,15,1230,1,1,1,1,6,66101,M,0.0,0.0,66
200800063439,8,11,14,1600,1,2,6,1,3,66049,M,0.0,0.0,66
200800063440,8,11,13,1345,1,1,1,6,1,66008,M,4298000.0,264800.0,66
200800063441,8,11,14,1815,5,2,1,1,6,66008,M,0.0,0.0,66
200800063442,8,11,1,1430,1,1,1,1,2,66063,M,0.0,0.0,66
200800063443,8,11,10,530,5,2,1,1,1,66148,M,4252000.0,311000.0,66
200800063444,8,11,7,1400,1,1,1,1,7,66179,M,0.0,0.0,66
200800063445,8,11,23,1730,1,1,1,1,7,66125,M,0.0,0.0,66
200800063446,8,11,28,2200,3,1,1,1,6,66161,M,0.0,0.0,66
200800063447,8,11,16,1530,1,1,1,1,6,66066,M,0.0,0.0,66
200800063448,8,11,12,1015,1,2,1,1,1,20130,M,4191000.0,881600.0,201
200800063449,8,11,21,1515,5,1,1,1,1,20006,M,4198100.0,873700.0,201
200800063450,8,11,1,1415,1,1,1,1,1,20041,M,4147600.0,922700.0,201
200800063451,8,11,6,845,1,1,1,1,6,20163,M,4149500.0,898100.0,201
200800063452,8,11,19,1900,3,1,1,1,3,20247,M,4157200.0,926500.0,201
200800063453,8,11,2,2330,3,1,1,8,6,20355,M,0.0,0.0,202
200800063454,8,11,28,1930,3,1,1,3,7,20193,M,4239700.0,919000.0,202
200800063455,8,11,26,1330,1,2,1,1,3,20207,M,4245100.0,950800.0,202
200800063456,8,11,4,815,1,1,1,7,3,78484,M,4897000.0,163600.0,78
200800063457,8,11,29,815,1,2,1,1,3,78531,M,0.0,0.0,78
200800063458,8,11,19,1745,5,2,1,2,6,78528,M,4901600.0,161300.0,78
200800063459,8,11,5,800,2,1,1,2,3,78206,M,4894700.0,193400.0,78
200800063460,8,11,17,1345,1,1,1,1,2,78497,M,4868200.0,178400.0,78
200800063461,8,11,21,900,1,1,1,3,2,78009,M,0.0,0.0,78
200800063462,8,11,13,1445,1,1,1,1,1,78601,M,0.0,0.0,78
200800063463,8,11,15,2045,3,1,1,2,6,78125,M,0.0,0.0,78
200800063464,8,11,4,745,1,1,1,5,3,91041,M,0.0,0.0,91
200800063465,8,11,28,1000,1,1,1,1,3,91461,M,0.0,0.0,91
200800063466,8,11,8,400,3,1,1,1,7,91338,M,0.0,0.0,91
200800063467,8,11,15,1900,5,2,1,2,5,91363,M,0.0,0.0,91
200800063468,8,11,26,1945,5,2,1,9,3,91665,M,4866200.0,227000.0,91
200800063469,8,11,16,100,5,2,1,2,6,91272,M,0.0,0.0,91
200800063470,8,11,28,1600,2,1,1,2,6,91274,M,0.0,0.0,91
200800063471,8,11,14,900,1,1,1,8,3,95139,M,4918500.0,173900.0,95
200800063472,8,11,1,1545,1,1,1,3,6,95177,M,4911100.0,203300.0,95
200800063473,8,11,18,815,2,1,1,2,6,95199,M,0.0,0.0,95
200800063474,8,11,16,1530,1,2,6,1,1,95229,M,0.0,0.0,95
200800063475,8,11,18,1800,5,1,1,2,5,95205,M,0.0,0.0,95
200800063476,8,11,20,1430,5,2,1,1,3,95205,M,0.0,0.0,95
200800063477,8,11,29,1400,1,1,1,1,3,77175,M,4865500.0,260900.0,77
200800063478,8,11,9,1900,3,1,1,1,7,77317,M,4860500.0,286900.0,77