Num_Acc,an,mois,jour,hrmn,lum,agg,int,atm,col,com,gps,lat,long,dep
200800063479,8,11,13,845,1,2,1,1,1,77413,M,4887700.0,283600.0,77
200800063480,8,11,26,2000,3,1,1,2,7,77443,M,4889200.0,296100.0,77
200800063481,8,11,10,1815,3,1,1,6,7,77093,M,4877300.0,334600.0,77
200800063482,8,11,17,730,2,1,1,1,5,77318,M,4878900.0,288200.0,77
200800063483,8,11,26,30,3,1,1,1,7,77030,M,4885700.0,331600.0,77
200800063484,8,11,3,2015,3,1,1,1,7,77045,M,4820900.0,264300.0,77
200800063485,8,11,16,1900,3,1,1,1,7,77531,M,4827600.0,296800.0,77
200800063486,8,11,19,1300,1,1,1,1,6,77370,M,4822800.0,276800.0,77
200800063487,8,11,24,945,1,1,1,8,7,77329,M,0.0,0.0,77
200800063488,8,11,22,15,3,1,9,1,3,77259,M,4904800.0,265900.0,77
200800063489,8,11,13,1630,1,1,1,1,7,77196,M,4895300.0,272000.0,77
200800063490,8,11,19,2145,3,1,1,1,2,77094,M,4895400.0,275600.0,77
200800063491,8,11,20,2245,3,1,1,1,6,77474,M,4895500.0,278900.0,77
200800063492,8,11,19,1530,1,2,1,1,7,77344,M,4907500.0,281900.0,77
200800063493,8,11,8,15,3,1,1,8,7,77149,M,4859400.0,317800.0,77
200800063494,8,11,11,615,3,1,1,2,7,77519,M,4867300.0,337900.0,77
200800063495,8,11,27,1700,1,1,1,1,1,77236,M,4841700.0,327200.0,77
200800063496,8,11,13,1345,1,1,1,1,3,45193,M,4780300.0,207900.0,45
200800063497,8,11,22,400,5,2,1,1,6,45300,M,4785400.0,203900.0,45
200800063498,8,11,20,2200,3,1,1,1,6,45279,M,4798600.0,284200.0,45
200800063499,8,11,12,730,2,2,1,5,3,45103,M,0.0,0.0,45
200800063500,8,11,23,515,3,2,1,1,6,45255,M,4810000.0,268000.0,45
200800063501,8,11,15,1630,1,1,1,2,1,45162,M,4820900.0,217700.0,45
200800063502,8,11,3,1500,1,1,1,1,7,18241,M,0.0,0.0,18
200800063503,8,11,29,515,3,1,1,1,6,18241,M,0.0,0.0,18
200800063504,8,11,30,1230,1,2,1,3,6,18241,M,0.0,0.0,18
200800063505,8,11,7,1815,3,1,1,2,2,18197,M,4671800.0,253400.0,18
200800063506,8,11,1,2345,5,2,1,1,6,18141,M,0.0,0.0,18
200800063507,8,11,7,845,1,1,1,2,3,18237,M,4706800.0,219200.0,18
200800063508,8,11,13,1815,3,1,1,8,6,18280,M,4719500.0,246600.0,18
200800063509,8,11,21,1945,3,1,1,1,5,28388,M,4839400.0,145200.0,28
200800063510,8,11,10,1300,1,1,1,2,3,28350,M,4845500.0,129500.0,28
200800063511,8,11,14,2300,5,2,1,1,1,28021,M,4837000.0,133000.0,28
200800063512,8,11,16,145,3,1,2,2,3,28290,M,4840800.0,128300.0,28
200800063513,8,11,20,2015,3,1,1,1,3,28350,M,4845500.0,129500.0,28
200800063514,8,11,21,1730,2,2,1,1,6,28154,M,4849500.0,127600.0,28
200800063515,8,11,8,1645,3,1,1,2,1,28285,M,4847000.0,171200.0,28
200800063516,8,11,14,1245,1,1,2,1,3,28344,M,4843500.0,174500.0,28
200800063517,8,11,15,45,3,1,1,1,6,28015,M,4847100.0,174300.0,28
200800063518,8,11,27,1715,3,1,1,2,5,28423,M,4855000.0,163300.0,28
200800063519,8,11,24,1630,1,1,1,1,5,28391,M,4819300.0,192700.0,28
200800063520,8,11,24,1215,1,1,2,1,3,28243,M,4831800.0,192100.0,28
200800063521,8,11,7,1630,1,1,1,1,3,28334,M,4807100.0,127400.0,28
200800063522,8,11,11,1045,1,1,2,8,3,28405,M,4874700.0,129100.0,28
200800063523,8,11,3,1445,1,1,2,7,3,28056,M,4872400.0,154900.0,28
200800063524,8,11,3,2315,3,1,1,1,6,28054,M,0.0,0.0,28
200800063525,8,11,12,2030,3,1,1,1,1,28289,M,0.0,0.0,28
200800063526,8,11,14,1100,1,2,1,8,7,28280,M,4832500.0,81500.0,28
200800063527,8,11,2,1930,3,1,1,2,2,36112,M,4681500.0,186000.0,36
200800063528,8,11,17,1430,1,1,1,2,3,36231,M,4673400.0,161100.0,36
200800063529,8,11,18,2330,5,2,1,1,6,36031,M,4689600.0,143100.0,36
200800063530,8,11,6,1830,5,2,1,2,1,36233,M,4724900.0,154200.0,36
200800063531,8,11,15,1415,1,1,1,1,7,36224,M,4675800.0,98900.0,36
200800063532,8,11,12,1115,1,1,1,1,6,36126,M,4646300.0,177000.0,36
200800063533,8,11,4,715,2,2,1,1,2,36088,M,4694600.0,198500.0,36
200800063534,8,11,29,2230,3,2,1,2,6,36021,M,4698500.0,197800.0,36
200800063535,8,11,7,1845,3,1,1,1,3,37139,M,4737400.0,53200.0,37
200800063536,8,11,18,1230,1,1,1,8,1,37109,M,0.0,0.0,37
200800063537,8,11,13,1415,1,1,1,1,5,37245,M,0.0,0.0,37
200800063538,8,11,13,1830,3,1,1,1,3,37152,M,0.0,0.0,37
200800063539,8,11,13,645,3,1,1,1,6,37169,M,4761200.0,92300.0,37
200800063540,8,11,19,800,2,1,4,1,3,37169,M,4760000.0,91000.0,37
200800063541,8,11,22,530,3,2,1,3,7,37179,M,0.0,0.0,37
200800063542,8,11,30,1715,1,2,1,1,6,37063,M,0.0,0.0,37
200800063543,8,11,7,2000,5,2,1,2,6,37072,M,0.0,0.0,37
200800063544,8,11,20,1745,2,1,1,2,1,37074,M,0.0,0.0,37
200800063545,8,11,27,2300,3,1,1,2,6,37031,M,0.0,0.0,37
200800063546,8,11,29,1200,1,1,1,1,3,37011,M,0.0,0.0,37
200800063547,8,11,23,1745,3,1,1,2,3,37046,M,0.0,0.0,37
200800063548,8,11,19,1845,3,2,1,1,6,37094,M,4702800.0,78900.0,37
200800063549,8,11,25,1400,1,2,2,1,1,37045,M,4701800.0,61900.0,37
200800063550,8,11,2,230,3,1,6,1,6,37104,M,0.0,0.0,37
200800063551,8,11,26,1730,5,2,1,1,3,41136,M,0.0,0.0,41
200800063552,8,11,2,930,1,1,1,2,6,41164,M,0.0,0.0,41
200800063553,8,11,21,2200,3,1,1,8,7,41051,M,4737300.0,112000.0,41
200800063554,8,11,15,1515,1,2,1,2,1,41280,M,4729800.0,177100.0,41
200800063555,8,11,18,815,2,1,1,8,3,33528,M,0.0,0.0,33
200800063556,8,11,30,1400,1,1,1,4,7,33214,M,4485400.0,-97100.0,33
200800063557,8,11,3,345,3,1,1,1,6,29233,M,0.0,0.0,29
200800063558,8,11,4,1145,1,2,1,1,6,29233,M,0.0,0.0,29
200800063559,8,11,2,1800,2,1,1,1,1,29150,M,4780200.0,-365700.0,29
200800063560,8,11,3,1500,1,2,1,1,3,13033,M,0.0,0.0,13
200800063561,8,11,19,745,2,2,1,1,7,33234,M,4480800.0,-50300.0,33
200800063562,8,11,20,1715,2,1,1,1,3,33118,M,4478200.0,-45400.0,33
200800063563,8,11,26,1900,2,2,3,1,3,58303,M,0.0,0.0,58
200800063564,8,11,25,1015,1,2,1,1,1,21171,M,0.0,0.0,21
200800063565,8,11,14,1600,1,1,1,7,7,13040,M,4348100.0,556800.0,13
200800063566,8,11,28,1645,1,2,1,1,1,13040,M,4346100.0,556400.0,13
200800063567,8,11,16,2045,5,2,1,1,1,47045,M,0.0,0.0,47
200800063568,8,11,24,1730,2,1,1,3,3,47195,M,4417100.0,31800.0,47
200800063569,8,11,29,1745,5,2,1,8,6,47195,M,0.0,0.0,47
200800063570,8,11,16,1030,1,2,1,2,6,57529,M,4944000.0,601800.0,57
200800063571,8,11,17,1545,1,2,1,1,6,34202,M,0.0,0.0,34
200800063572,8,11,21,1815,3,1,1,1,6,34259,M,4360700.0,378800.0,34
200800063573,8,11,18,1315,1,1,6,8,1,35051,M,0.0,0.0,35
200800063574,8,11,15,1630,1,1,1,1,1,11422,M,4324200.0,241400.0,11
200800063575,8,11,2,2200,3,1,1,1,5,28092,M,0.0,0.0,28
200800063576,8,11,12,1230,1,1,1,1,2,78537,M,0.0,0.0,78
200800063577,8,11,30,945,1,1,1,2,6,91249,M,0.0,0.0,91
200800063578,8,11,27,1715,2,1,1,1,1,51329,M,0.0,0.0,51
200800063579,8,11,8,45,5,2,1,1,3,69064,M,0.0,0.0,69
200800063580,8,11,20,1730,5,2,1,1,6,69253,M,0.0,0.0,69
200800063581,8,11,7,1615,3,2,1,2,3,29189,M,4837500.0,-438400.0,29
200800063582,8,11,21,700,3,1,1,8,3,33229,M,4476600.0,-92000.0,33
200800063583,8,11,3,530,3,1,1,2,6,77370,M,4822800.0,276700.0,77
200800063584,8,11,18,245,5,1,1,1,2,62718,M,5030700.0,289000.0,62
200800063585,8,11,17,1600,1,1,1,1,5,80685,M,4969900.0,277300.0,80
200800063586,8,11,29,700,5,1,1,1,6,80288,M,0.0,0.0,80
200800063587,8,11,16,1615,1,1,1,8,6,71081,M,0.0,0.0,71
200800063588,8,11,7,1730,3,1,1,1,6,71150,M,0.0,0.0,71
200800063589,8,11,12,115,5,1,1,1,6,71383,M,0.0,0.0,71
200800063590,8,11,12,1730,1,2,1,1,1,71090,M,0.0,0.0,71
200800063591,8,11,21,815,1,1,1,1,2,71481,M,0.0,0.0,71
200800063592,8,11,10,1900,3,1,1,1,2,89024,M,0.0,0.0,89
200800063593,8,11,14,1245,1,1,1,1,1,89438,M,0.0,0.0,89
200800063594,8,11,26,2030,3,1,1,1,1,89366,M,0.0,0.0,89
200800063595,8,11,3,2215,3,1,1,2,6,83061,M,4347000.0,672200.0,83
200800063596,8,11,21,1630,1,1,1,1,2,83148,M,0.0,0.0,83
200800063597,8,11,24,815,1,1,1,1,4,83054,M,0.0,0.0,83
200800063598,8,11,24,815,1,1,1,8,1,83130,M,4314400.0,600200.0,83
200800063599,8,11,9,1830,5,2,1,1,6,60635,M,0.0,0.0,60
200800063600,8,11,14,1800,3,1,1,8,1,60185,M,0.0,0.0,60
200800063601,8,11,19,915,1,1,1,8,1,60155,M,0.0,0.0,60
200800063602,8,11,2,1045,1,1,1,1,2,76319,M,4934400.0,100000.0,76
200800063603,8,11,21,1845,5,2,1,8,6,21003,M,4737200.0,502600.0,21
200800063604,8,11,29,2100,3,1,1,2,6,21408,M,4740600.0,502200.0,21
200800063605,8,11,8,445,3,1,1,1,2,69264,M,0.0,0.0,69
200800063606,8,11,18,1145,1,1,1,1,6,69115,M,0.0,0.0,69
200800063607,8,11,22,545,3,1,1,1,6,53243,M,4814400.0,-92100.0,53
200800063608,8,11,25,1730,5,2,1,2,6,95250,M,0.0,0.0,95
200800063609,8,11,30,630,3,1,1,2,2,95580,M,0.0,0.0,95
200800063610,8,11,5,315,3,1,1,8,7,41223,M,0.0,0.0,41
200800063611,8,11,3,2345,3,1,1,1,2,34135,M,0.0,0.0,34
200800063612,8,11,7,1915,3,1,1,1,4,11262,M,4315800.0,297000.0,11
200800063613,8,11,6,2030,3,1,1,1,6,37079,M,4732700.0,102900.0,37
200800063614,8,11,6,1730,1,2,1,2,6,37273,M,4740100.0,76300.0,37
200800063615,8,11,24,715,2,1,1,1,6,37156,M,0.0,0.0,37
200800063616,8,11,12,900,1,1,1,8,4,45169,M,0.0,0.0,45
200800063617,8,11,7,900,1,1,3,1,1,13114,M,0.0,0.0,13
200800063618,8,11,25,1330,1,2,1,1,3,67106,M,4876900.0,795400.0,67
200800063619,8,11,24,2000,3,1,1,1,2,21405,M,4696600.0,483800.0,21
200800063620,8,11,12,1600,1,1,1,1,4,73179,M,4558900.0,585400.0,73
200800063621,8,11,28,1600,1,1,1,7,1,13011,M,0.0,0.0,13
200800063622,8,11,12,745,1,2,2,8,3,41204,M,4762200.0,142100.0,41
200800063623,8,11,15,1630,1,1,1,1,1,41148,M,4762900.0,143400.0,41
200800063624,8,11,22,1800,3,1,1,1,6,41061,M,0.0,0.0,41
200800063625,8,11,24,630,5,2,1,1,7,41061,M,0.0,0.0,41
200800063626,8,11,25,1630,1,1,1,1,2,41049,M,0.0,0.0,41
200800063627,8,11,26,1630,1,2,1,1,7,41059,M,0.0,0.0,41
200800063628,8,11,30,2145,3,1,1,2,5,33552,M,0.0,0.0,33
200800063629,8,11,3,2000,2,1,1,2,1,64496,M,4347700.0,-146300.0,64
200800063630,8,11,20,1615,1,1,1,1,6,64102,M,4349300.0,-145000.0,64
200800063631,8,11,30,100,3,1,1,2,7,51450,M,4920500.0,410700.0,51
200800063632,8,11,26,1830,5,2,1,1,3,38485,M,0.0,0.0,38
200800063633,8,11,26,1000,1,1,1,1,1,57596,M,0.0,0.0,57
200800063634,8,11,10,2300,3,1,1,1,6,49007,M,0.0,0.0,49
200800063635,8,11,6,800,1,1,1,3,6,06012,M,0.0,0.0,06
200800063636,8,11,4,1615,3,1,1,1,1,90062,M,0.0,0.0,90
200800063637,8,11,21,2315,3,1,1,2,3,38039,M,4524700.0,585200.0,38
200800063638,8,11,18,630,3,1,1,2,6,86062,M,0.0,0.0,86
200800063639,8,11,19,1830,3,1,1,1,5,06079,M,0.0,0.0,06
200800063640,8,11,11,2215,3,1,1,2,6,47165,M,0.0,0.0,47
200800063641,8,11,15,2015,3,1,1,1,6,47165,M,0.0,0.0,47
200800063642,8,11,27,1945,3,1,1,1,6,25354,M,4739000.0,635300.0,25
200800063643,8,11,24,1345,1,1,1,1,3,46040,M,0.0,0.0,46
200800063644,8,11,25,945,1,1,1,1,6,72113,M,0.0,0.0,72
200800063645,8,11,1,915,1,1,1,3,3,53140,M,0.0,0.0,53
200800063646,8,11,11,830,1,1,1,1,3,53054,M,0.0,0.0,53
200800063647,8,11,25,715,5,2,1,9,4,78466,M,4892900.0,198900.0,78
200800063648,8,11,21,1900,3,1,1,2,5,33122,M,4472800.0,-79500.0,33
200800063649,8,11,21,615,3,1,1,1,2,79078,M,0.0,0.0,79
200800063650,8,11,5,500,3,1,1,1,2,17226,M,0.0,0.0,17
200800063651,8,11,11,1615,5,1,1,1,6,74243,M,4615100.0,609600.0,74
200800063652,8,11,7,1745,2,2,6,1,2,74268,M,0.0,0.0,74
200800063653,8,11,21,1815,5,2,1,2,6,74026,M,0.0,0.0,74
200800063654,8,11,25,1700,1,2,1,1,3,74272,M,0.0,0.0,74
200800063655,8,11,24,1300,1,2,1,8,6,42279,M,4551100.0,426500.0,42
200800063656,8,11,30,1700,2,1,1,2,6,91244,M,4854900.0,240200.0,91
200800063657,8,11,22,615,3,1,1,4,6,52074,M,4805700.0,557800.0,52
200800063658,8,11,27,630,2,1,1,1,2,62592,M,5076000.0,212000.0,62
200800063659,8,11,25,915,1,1,1,1,2,06152,M,0.0,0.0,06
200800063660,8,11,26,830,1,1,1,1,4,06152,M,0.0,0.0,06
200800063661,8,11,29,2000,5,1,1,3,6,06152,M,0.0,0.0,06
200800063662,8,11,27,1600,1,1,1,1,7,06152,M,0.0,0.0,06
200800063663,8,11,27,1800,4,1,1,1,3,06152,M,0.0,0.0,06
200800063664,8,11,10,2000,5,2,1,1,1,74299,M,0.0,0.0,74
200800063665,8,11,7,2000,3,1,1,1,6,34116,M,0.0,0.0,34
200800063666,8,11,16,815,1,2,1,1,1,13037,M,4355000.0,519000.0,13
200800063667,8,11,30,1315,1,1,1,2,3,95430,M,4906500.0,233100.0,95
200800063668,8,11,29,1730,3,1,1,4,1,09139,M,0.0,0.0,09
200800063669,8,11,3,1300,1,1,1,1,2,88390,M,0.0,0.0,88
200800063670,8,11,12,1430,1,1,1,2,5,38553,M,4560400.0,513300.0,38
200800063671,8,11,28,1345,1,1,1,1,2,41256,M,0.0,0.0,41
200800063672,8,11,21,1145,1,1,1,6,6,34337,M,4354500.0,385100.0,34
200800063673,8,11,22,1300,1,1,1,1,5,14391,M,0.0,0.0,14
200800063674,8,11,21,1630,1,1,9,1,3,13051,M,4358700.0,512500.0,13
200800063675,8,11,11,600,3,1,9,1,2,03118,M,4610200.0,317100.0,03
200800063676,8,11,14,300,3,1,1,1,2,03075,M,0.0,0.0,03
200800063677,8,11,8,1230,1,1,1,1,7,67389,M,4864600.0,775400.0,67
200800063678,8,11,8,2000,5,2,1,1,1,06105,M,0.0,0.0,06
200800063679,8,11,25,1230,1,1,1,1,7,65127,M,4311600.0,32200.0,65
200800063680,8,11,13,1400,1,1,1,1,6,10380,M,0.0,0.0,10
200800063681,8,11,4,2215,5,2,1,3,1,13113,M,0.0,0.0,13
200800063682,8,11,24,1215,1,1,1,1,6,67506,M,0.0,0.0,67
200800063683,8,11,26,1145,1,1,1,1,6,67205,M,0.0,0.0,67
200800063684,8,11,22,1045,1,1,1,1,1,62307,M,5092400.0,171400.0,62
200800063685,8,11,21,2215,3,1,1,2,5,77354,M,4848200.0,286500.0,77
200800063686,8,11,14,2045,3,1,1,2,6,60088,M,0.0,0.0,60
200800063687,8,11,29,1130,1,1,1,1,6,60057,M,0.0,0.0,60
200800063688,8,11,30,1645,3,1,1,4,7,60692,M,0.0,0.0,60
200800063689,8,11,13,900,1,1,1,1,5,13091,M,4360400.0,534600.0,13
200800063690,8,11,8,530,5,1,1,1,6,31458,M,4351700.0,136500.0,31
200800063691,8,11,30,545,3,1,1,8,6,74164,M,0.0,0.0,74
200800063692,8,11,23,1730,3,1,1,2,6,80117,M,0.0,0.0,80
200800063693,8,11,16,1830,3,1,1,2,6,80598,M,0.0,0.0,80
200800063694,8,11,13,800,1,1,1,1,1,38111,M,4511000.0,568400.0,38
200800063695,8,11,13,900,1,2,1,1,3,95394,M,0.0,0.0,95
200800063696,8,11,15,2330,5,2,1,8,7,95392,M,0.0,0.0,95
200800063697,8,11,21,1500,1,2,1,1,6,95392,M,0.0,0.0,95
200800063698,8,11,28,1730,5,2,1,1,1,95394,M,0.0,0.0,95
200800063699,8,11,13,2230,3,1,1,1,6,19085,M,0.0,0.0,19
200800063700,8,11,8,615,3,1,1,1,6,30034,M,4373400.0,453300.0,30
200800063701,8,11,12,1330,1,2,1,1,3,30135,M,0.0,0.0,30
200800063702,8,11,14,1345,1,1,1,1,1,30034,M,4375000.0,452100.0,30
200800063703,8,11,8,1745,5,1,1,1,3,13036,M,4385200.0,484200.0,13
200800063704,8,11,21,1530,1,2,1,1,6,76255,M,0.0,0.0,76
200800063705,8,11,29,930,1,2,1,1,6,76619,M,0.0,0.0,76
200800063706,8,11,30,1500,1,1,6,2,1,60406,M,4932100.0,256900.0,60
200800063707,8,11,13,2345,3,2,1,1,7,31541,M,4369500.0,135800.0,31
200800063708,8,11,13,2045,3,2,1,1,7,31032,M,4366500.0,132600.0,31
200800063709,8,11,15,2230,3,1,1,1,6,31150,M,4365700.0,133300.0,31
200800063710,8,11,24,645,5,2,6,2,3,31150,M,4365900.0,132500.0,31
200800063711,8,11,20,1830,3,1,1,1,6,25119,M,0.0,0.0,25
200800063712,8,11,12,1745,5,2,1,1,6,95637,M,0.0,0.0,95
200800063713,8,11,21,730,5,2,1,2,1,95134,M,4913800.0,223900.0,95
200800063714,8,11,22,600,3,1,1,1,1,95134,M,4914800.0,225100.0,95
200800063715,8,11,13,2215,3,1,9,8,6,56101,M,4782100.0,-322100.0,56
200800063716,8,11,23,400,4,1,1,8,6,56101,M,4783400.0,-318800.0,56
200800063717,8,11,20,1800,5,2,9,1,6,44009,M,0.0,0.0,44
200800063718,8,11,13,800,1,2,2,1,3,62792,M,5078600.0,218900.0,62
200800063719,8,11,18,2330,3,1,1,1,2,62595,M,5078300.0,216400.0,62
200800063720,8,11,20,800,1,2,1,1,3,34077,M,4370300.0,386400.0,34
200800063721,8,11,8,1845,2,1,1,8,5,50214,M,4893600.0,-109900.0,50
200800063722,8,11,8,1800,3,1,1,2,6,77065,M,4845400.0,250400.0,77
200800063723,8,11,17,1630,1,2,1,1,1,69100,M,0.0,0.0,69
200800063724,8,11,18,1245,1,1,1,1,3,66050,M,0.0,0.0,66
200800063725,8,11,7,2100,3,1,6,1,6,30191,M,4413700.0,467500.0,30
200800063726,8,11,26,1130,1,1,1,1,7,30331,M,0.0,0.0,30
200800063727,8,11,10,1900,5,2,1,8,3,83130,M,0.0,0.0,83
200800063728,8,11,20,715,2,1,1,2,6,22213,M,4852000.0,-203900.0,22
200800063729,8,11,8,1215,1,1,1,1,3,83033,M,0.0,0.0,83
200800063730,8,11,20,1845,3,1,1,1,3,83100,M,0.0,0.0,83
200800063731,8,11,29,1400,1,1,1,3,7,83100,M,0.0,0.0,83
200800063732,8,11,2,1830,3,1,1,1,2,76462,M,4966100.0,127300.0,76
200800063733,8,11,12,930,1,1,1,8,6,18167,M,4712400.0,191800.0,18
200800063734,8,11,3,30,3,1,1,2,2,36033,M,4652700.0,150600.0,36
200800063735,8,11,24,2230,3,1,1,9,4,19276,M,4541300.0,153000.0,19
200800063736,8,11,8,1800,3,1,1,1,6,34016,M,0.0,0.0,34
200800063737,8,11,6,945,1,1,1,2,1,08398,M,4945900.0,457600.0,08
200800063738,8,11,17,1815,3,2,1,1,2,08330,M,4954500.0,445300.0,08
200800063739,8,11,10,900,2,1,1,2,6,44089,M,0.0,0.0,44
200800063740,8,11,9,615,3,1,9,1,6,14636,M,0.0,0.0,14
200800063741,8,11,3,1615,1,1,1,8,6,50599,M,4958600.0,-158800.0,50
200800063742,8,11,11,1200,1,1,1,1,6,50341,M,4949000.0,-139700.0,50
200800063743,8,11,7,1645,1,2,1,1,6,83070,M,0.0,0.0,83
200800063744,8,11,14,745,1,1,1,1,6,83019,M,,,83
200800063745,8,11,16,1645,1,2,1,1,6,91340,M,4860200.0,243300.0,91
200800063746,8,11,13,1730,3,1,1,1,2,68156,M,4791800.0,726200.0,68
200800063747,8,11,12,1615,1,2,1,1,3,42271,M,4548500.0,458100.0,42
200800063748,8,11,20,1715,1,1,1,8,1,42167,M,4547300.0,466600.0,42
200800063749,8,11,18,1740,5,2,1,2,3,55029,M,4846667.0,509365.0,55
200800063750,8,11,2,1920,5,1,1,1,3,55545,M,,,55
200800063751,8,11,4,1230,1,2,1,1,7,55545,M,,,55
200800063752,8,11,9,1830,2,2,1,1,7,55043,M,,,55
200800063753,8,11,14,740,2,1,1,1,2,55545,M,,,55
200800063754,8,11,19,1900,5,2,2,2,7,55545,M,,,55
200800063755,8,11,22,1730,1,2,1,1,3,55545,M,,,55
200800063756,8,11,28,750,2,2,1,1,3,55545,M,,,55
200800063757,8,11,28,755,1,1,1,1,1,55043,M,,,55
200800063758,8,11,29,1500,1,2,1,1,7,55545,M,,,55
200800063759,8,11,3,1054,1,2,1,1,7,56121,M,,,56
200800063760,8,11,4,1353,1,2,1,1,4,56083,M,,,56
200800063761,8,11,4,1635,1,2,1,7,6,56121,M,,,56
200800063762,8,11,4,1653,1,2,1,1,6,56098,M,,,56
200800063763,8,11,5,1533,1,1,1,1,7,56162,M,,,56
200800063764,8,11,5,1630,1,2,1,1,7,56121,M,,,56
200800063765,8,11,6,750,4,2,1,1,7,56121,M,,,56
200800063766,8,11,6,1005,1,2,1,1,2,56121,M,,,56
200800063767,8,11,7,933,1,2,1,8,2,56083,M,,,56
200800063768,8,11,10,1418,1,2,6,1,7,56098,M,,,56
200800063769,8,11,13,735,5,2,3,1,6,56121,M,,,56
200800063770,8,11,13,1020,1,2,2,1,3,56121,M,,,56
200800063771,8,11,14,2013,5,2,1,2,1,56121,M,,,56
200800063772,8,11,14,2055,5,2,1,1,2,56121,M,,,56
200800063773,8,11,14,2125,5,2,1,1,2,56121,M,,,56
200800063774,8,11,15,1917,5,2,2,1,6,56083,M,,,56
200800063775,8,11,16,1,5,2,1,1,7,56083,M,,,56
200800063776,8,11,16,30,5,2,6,1,3,56107,M,,,56
200800063777,8,11,16,1725,1,2,1,1,7,56107,M,,,56
200800063778,8,11,17,1049,1,2,1,1,3,56162,M,,,56
200800063779,8,11,17,1406,1,1,6,1,3,56162,M,,,56
200800063780,8,11,17,2050,5,2,1,1,7,56121,M,,,56
200800063781,8,11,18,1935,5,1,1,1,6,56083,M,,,56
200800063782,8,11,19,945,1,2,2,1,3,56098,M,,,56
200800063783,8,11,19,1400,1,2,1,1,6,56121,M,,,56
200800063784,8,11,19,1404,1,2,1,1,2,56121,M,,,56
200800063785,8,11,19,1744,1,2,6,1,3,56121,M,,,56
200800063786,8,11,7,730,1,2,1,1,3,54578,M,,,54
200800063787,8,11,7,1235,1,2,3,1,3,54395,M,,,54
200800063788,8,11,7,1555,1,2,4,1,6,54395,M,,,54
200800063789,8,11,8,2050,5,2,1,1,6,54395,M,,,54
200800063790,8,11,9,1115,1,2,3,2,6,54547,M,,,54
200800063791,8,11,11,1730,5,2,2,1,1,54395,M,,,54
200800063792,8,11,12,1800,1,2,1,1,6,54304,M,,,54
200800063793,8,11,13,1310,1,1,1,1,3,54395,M,,,54
200800063794,8,11,14,1620,1,2,5,1,3,54547,M,,,54
200800063795,8,11,17,1805,5,2,3,1,7,54274,M,,,54
200800063796,8,11,18,1435,1,2,4,1,1,54547,M,,,54
200800063797,8,11,19,1600,1,2,1,1,7,54395,M,,,54
200800063798,8,11,24,800,1,2,6,1,3,54395,M,,,54
200800063799,8,11,20,1345,1,2,6,1,1,54395,M,,,54
200800063800,8,11,20,1615,2,2,3,2,3,54395,M,,,54
200800063801,8,11,20,1120,1,2,1,1,3,54395,M,,,54
200800063802,8,11,21,1115,1,2,1,2,2,54395,M,,,54
200800063803,8,11,21,1120,1,2,1,2,2,54395,M,,,54
200800063804,8,11,21,1245,1,2,1,2,2,54395,M,,,54
200800063805,8,11,22,1850,2,2,3,4,7,54274,M,,,54
200800063806,8,11,24,910,1,2,3,4,6,54547,M,,,54
200800063807,8,11,22,1030,1,2,1,1,3,54265,M,,,54
200800063808,8,11,25,745,2,2,3,9,6,54439,M,,,54
200800063809,8,11,25,1800,5,2,1,1,6,54395,M,,,54
200800063810,8,11,26,950,1,2,1,1,3,54547,M,,,54
200800063811,8,11,26,1340,1,2,1,1,3,54395,M,,,54
200800063812,8,11,27,1830,5,2,1,1,4,54304,M,,,54
200800063813,8,11,28,545,5,2,2,1,3,54395,M,,,54
200800063814,8,11,28,755,1,2,1,1,6,54395,M,,,54
200800063815,8,11,28,1800,5,2,3,1,3,54274,M,,,54
200800063816,8,11,28,950,1,2,2,1,3,54395,M,,,54
200800063817,8,11,29,1215,1,2,4,1,6,54395,M,,,54
200800063818,8,11,30,200,5,2,1,4,6,54395,M,,,54
200800063819,8,11,25,1325,1,2,1,1,6,54174,M,,,54
200800063820,8,11,27,1535,1,2,1,1,6,54528,M,,,54
200800063821,8,11,29,1235,1,2,4,1,6,54528,M,,,54
200800063822,8,11,6,1230,1,2,3,1,3,54270,M,,,54
200800063823,8,11,6,1730,5,2,1,1,3,55029,M,,,55
200800063824,8,11,17,655,5,2,3,2,1,55476,M,,,55
200800063825,8,11,20,1810,5,2,1,2,1,57630,M,,,57
200800063826,8,11,29,110,5,2,1,2,6,57631,M,,,57
200800063827,8,11,7,1100,1,2,1,1,6,57672,M,,,57
200800063828,8,11,10,2350,5,2,1,1,7,57672,M,,,57
200800063829,8,11,10,1635,1,2,6,1,2,57672,M,,,57
200800063830,8,11,10,1653,1,2,1,8,3,57757,M,,,57
200800063831,8,11,14,910,1,2,1,5,2,57672,M,,,57
200800063832,8,11,11,1500,1,1,1,1,2,57757,M,,,57
200800063833,8,11,24,1950,5,2,1,1,7,57757,M,,,57