Num_Acc,an,mois,jour,hrmn,lum,agg,int,atm,col,com,gps,lat,long,dep
200800063834,8,11,22,354,5,2,1,2,7,57672,M,,,57
200800063835,8,11,18,1700,5,2,1,1,3,57672,M,,,57
200800063836,8,11,12,1625,1,2,1,1,7,58194,M,,,58
200800063837,8,11,5,1355,1,2,3,1,3,58194,M,,,58
200800063838,8,11,7,1700,1,2,3,2,3,58194,M,,,58
200800063839,8,11,8,1520,1,2,1,1,6,58194,M,,,58
200800063840,8,11,12,1235,1,2,1,2,6,58194,M,,,58
200800063841,8,11,17,1820,5,2,3,1,3,58194,M,,,58
200800063842,8,11,18,1855,5,2,2,2,3,58194,M,,,58
200800063843,8,11,20,1530,1,2,1,1,6,58194,M,,,58
200800063844,8,11,21,1505,1,2,1,2,3,58194,M,,,58
200800063845,8,11,24,1735,5,2,1,1,3,58194,M,,,58
200800063846,8,11,28,40,5,2,1,1,6,58194,M,,,58
200800063847,8,11,30,1445,1,2,1,2,6,58194,M,,,58
200800063848,8,11,1,2155,5,2,3,1,3,59008,M,,,59
200800063849,8,11,9,20,5,2,1,1,6,59017,M,,,59
200800063850,8,11,20,1209,1,2,1,1,2,56121,M,,,56
200800063851,8,11,24,755,5,2,3,2,6,56121,M,,,56
200800063852,8,11,24,911,1,1,1,3,2,56083,M,,,56
200800063853,8,11,25,910,1,2,1,1,6,56107,M,,,56
200800063854,8,11,26,958,1,2,1,1,6,56121,M,,,56
200800063855,8,11,27,825,1,2,1,1,3,56098,M,,,56
200800063856,8,11,27,1730,1,2,6,1,3,56098,M,,,56
200800063857,8,11,27,2033,5,2,6,1,3,56121,M,,,56
200800063858,8,11,27,2215,5,2,6,1,6,56121,M,,,56
200800063859,8,11,28,1925,5,2,2,2,7,56121,M,,,56
200800063860,8,11,30,955,1,1,1,2,7,56098,M,,,56
200800063861,8,11,30,1156,1,2,2,2,3,56162,M,,,56
200800063862,8,11,4,730,5,2,1,1,7,56260,M,,,56
200800063863,8,11,6,2330,5,2,1,3,3,56260,M,,,56
200800063864,8,11,13,1105,1,2,9,1,1,56260,M,,,56
200800063865,8,11,25,830,2,2,1,1,6,56260,M,,,56
200800063866,8,11,9,1830,5,2,6,2,2,56260,M,,,56
200800063867,8,11,10,1040,1,2,1,1,5,56260,M,,,56
200800063868,8,11,23,2010,5,2,9,2,3,56260,M,,,56
200800063869,8,11,25,1240,1,2,9,1,6,56260,M,,,56
200800063870,8,11,25,1355,1,2,1,8,3,56260,M,,,56
200800063871,8,11,13,1720,3,2,1,1,6,57227,M,,,57
200800063872,8,11,13,1624,1,2,1,1,6,57227,M,,,57
200800063873,8,11,18,1740,4,2,2,2,6,57227,M,,,57
200800063874,8,11,26,1612,1,2,1,1,6,57227,M,,,57
200800063875,8,11,21,1015,1,2,1,1,6,57227,M,,,57
200800063876,8,11,21,745,2,2,1,1,6,57240,M,,,57
200800063877,8,11,30,1750,5,2,1,1,6,57253,M,,,57
200800063878,8,11,1,1720,5,2,1,2,2,57463,M,,,57
200800063879,8,11,2,1600,1,2,1,1,7,57463,M,,,57
200800063880,8,11,6,1815,5,2,1,1,6,57463,M,,,57
200800063881,8,11,8,1320,1,2,2,1,1,57463,M,,,57
200800063882,8,11,9,1755,5,2,1,2,6,57463,M,,,57
200800063883,8,11,11,1915,5,2,1,1,3,57751,M,,,57
200800063884,8,11,12,1215,1,2,1,1,3,57463,M,,,57
200800063885,8,11,15,2000,5,2,2,2,3,57463,M,,,57
200800063886,8,11,16,1935,5,2,6,8,6,57463,M,,,57
200800063887,8,11,16,2045,5,2,3,3,6,57463,M,,,57
200800063888,8,11,17,2010,5,2,3,1,5,57480,M,,,57
200800063889,8,11,18,1735,5,2,1,2,6,57447,M,,,57
200800063890,8,11,21,1810,5,2,1,2,3,57463,M,,,57
200800063891,8,11,22,1355,1,2,1,1,6,57463,M,,,57
200800063892,8,11,24,1735,5,2,3,1,6,57463,M,,,57
200800063893,8,11,24,1825,5,2,3,2,3,57480,M,,,57
200800063894,8,11,26,750,1,2,1,8,3,57616,M,,,57
200800063895,8,11,27,1727,1,2,1,1,6,57480,M,,,57
200800063896,8,11,28,2005,5,2,3,1,6,57463,M,,,57
200800063897,8,11,29,940,2,1,1,5,6,57616,M,,,57
200800063898,8,11,29,2010,5,2,1,1,6,57463,M,,,57
200800063899,8,11,30,1555,1,2,1,1,6,57463,M,,,57
200800063900,8,11,3,1600,1,1,1,1,7,57630,M,,,57
200800063901,8,11,14,1435,1,2,1,1,6,59431,M,,,59
200800063902,8,11,22,1840,3,2,1,4,1,59431,M,,,59
200800063903,8,11,24,1430,1,2,1,2,3,59017,M,,,59
200800063904,8,11,7,1100,1,2,6,1,6,59033,M,,,59
200800063905,8,11,2,2125,3,1,1,8,6,59043,M,,,59
200800063906,8,11,12,1445,1,2,1,1,6,59043,M,,,59
200800063907,8,11,26,1100,1,1,1,8,2,59043,M,,,59
200800063908,8,11,11,225,5,2,1,6,3,59122,M,,,59
200800063909,8,11,24,1836,5,2,1,1,6,59428,M,,,59
200800063910,8,11,1,2025,3,1,1,1,3,59153,M,,,59
200800063911,8,11,11,1845,5,2,1,1,1,59153,M,,,59
200800063912,8,11,29,1850,5,2,2,1,3,59616,M,,,59
200800063913,8,11,4,1945,3,1,1,1,1,59179,M,,,59
200800063914,8,11,9,2115,5,2,1,1,6,59172,M,,,59
200800063915,8,11,27,1145,1,2,1,1,3,59569,M,,,59
200800063916,8,11,10,1925,5,2,1,1,6,59178,M,,,59
200800063917,8,11,9,20,4,2,2,1,5,59183,M,,,59
200800063918,8,11,11,1420,1,2,3,1,6,59540,M,,,59
200800063919,8,11,21,1515,1,2,2,1,3,59155,M,,,59
200800063920,8,11,22,1440,1,2,1,1,2,59183,M,,,59
200800063921,8,11,28,730,5,2,1,1,6,59183,M,,,59
200800063922,8,11,29,2055,5,1,1,1,6,59540,M,,,59
200800063923,8,11,5,2045,3,2,1,1,6,59295,M,,,59
200800063924,8,11,15,1515,1,1,1,1,6,59295,M,,,59
200800063925,8,11,9,2155,5,2,1,2,6,59385,M,,,59
200800063926,8,11,1,130,5,2,1,8,6,59350,M,,,59
200800063927,8,11,1,1345,1,2,3,1,2,59328,M,,,59
200800063928,8,11,1,2220,5,2,1,1,3,59350,M,,,59
200800063929,8,11,2,1550,1,2,3,1,6,59350,M,,,59
200800063930,8,11,2,1815,5,2,2,2,2,59350,M,,,59
200800063931,8,11,3,1430,1,2,1,1,6,59220,M,,,59
200800063932,8,11,3,2050,5,2,2,1,3,59350,M,,,59
200800063933,8,11,2,2000,5,2,1,2,5,59350,M,,,59
200800063934,8,11,5,950,1,2,4,1,6,59378,M,,,59
200800063935,8,11,5,1015,1,2,1,1,7,59350,M,,,59
200800063936,8,11,5,1825,1,2,1,1,6,59350,M,,,59
200800063937,8,11,6,850,1,1,1,1,6,59328,M,,,59
200800063938,8,11,6,1815,5,2,4,1,6,59378,M,,,59
200800063939,8,11,7,755,1,2,2,1,3,59350,M,,,59
200800063940,8,11,6,1110,1,2,1,8,3,59560,M,,,59
200800063941,8,11,6,650,5,2,1,1,6,59378,M,,,59
200800063942,8,11,7,1740,5,2,1,2,2,59009,M,,,59
200800063943,8,11,7,1800,5,2,1,2,2,59350,M,,,59
200800063944,8,11,7,1905,5,2,2,2,2,59009,M,,,59
200800063945,8,11,8,1230,1,2,2,1,3,59009,M,,,59
200800063946,8,11,8,2245,5,2,1,1,6,59350,M,,,59
200800063947,8,11,8,2320,5,2,2,1,2,59350,M,,,59
200800063948,8,11,9,1720,5,2,1,1,6,59350,M,,,59
200800063949,8,11,10,1645,1,2,1,1,6,59350,M,,,59
200800063950,8,11,11,1500,1,2,2,1,3,59350,M,,,59
200800063951,8,11,11,1605,1,2,1,1,3,59009,M,,,59
200800063952,8,11,10,1745,1,2,1,1,6,59368,M,,,59
200800063953,8,11,12,740,1,2,3,1,6,59009,M,,,59
200800063954,8,11,12,1245,1,2,1,1,2,59350,M,,,59
200800063955,8,11,12,2015,2,2,2,1,6,59350,M,,,59
200800063956,8,11,13,1530,1,2,1,1,6,59350,M,,,59
200800063957,8,11,13,1945,5,2,3,1,3,59636,M,,,59
200800063958,8,11,15,1815,1,2,1,1,6,59507,M,,,59
200800063959,8,11,14,2000,5,2,1,1,7,59368,M,,,59
200800063960,8,11,17,810,1,2,1,1,6,59328,M,,,59
200800063961,8,11,17,845,1,2,1,1,2,59350,M,,,59
200800063962,8,11,17,1600,1,2,1,1,6,59350,M,,,59
200800063963,8,11,18,945,1,2,2,2,6,59009,M,,,59
200800063964,8,11,18,1135,1,2,2,1,6,59360,M,,,59
200800063965,8,11,18,1945,5,2,2,1,3,59378,M,,,59
200800063966,8,11,19,1640,1,2,1,1,6,59636,M,,,59
200800063967,8,11,19,1750,1,2,1,1,6,59368,M,,,59
200800063968,8,11,19,1830,5,2,2,1,3,59368,M,,,59
200800063969,8,11,19,1910,5,2,2,1,6,59328,M,,,59
200800063970,8,11,20,1650,2,2,2,1,3,59350,M,,,59
200800063971,8,11,20,2340,5,2,1,1,6,59328,M,,,59
200800063972,8,11,21,1200,1,2,2,1,3,59350,M,,,59
200800063973,8,11,21,1300,1,2,2,1,3,59328,M,,,59
200800063974,8,11,21,2130,5,1,3,2,1,59527,M,,,59
200800063975,8,11,22,1510,1,2,1,2,6,59378,M,,,59
200800063976,8,11,22,1850,5,2,1,4,2,59009,M,,,59
200800063977,8,11,24,950,1,2,1,7,2,59009,M,,,59
200800063978,8,11,24,1345,1,1,9,1,6,59328,M,,,59
200800063979,8,11,24,1520,1,2,1,1,6,59378,M,,,59
200800063980,8,11,25,610,5,1,1,4,6,59009,M,,,59
200800063981,8,11,25,1350,1,2,1,1,3,59368,M,,,59
200800063982,8,11,25,2000,5,2,2,2,3,59350,M,,,59
200800063983,8,11,24,1445,1,2,1,4,6,59350,M,,,59
200800063984,8,11,25,1830,1,1,1,2,6,59350,M,,,59
200800063985,8,11,25,1405,1,2,1,1,6,59368,M,,,59
200800063986,8,11,26,1115,1,2,7,1,6,59350,M,,,59
200800063987,8,11,26,1720,5,2,2,2,3,59378,M,,,59
200800063988,8,11,26,1100,1,2,3,1,6,59368,M,,,59
200800063989,8,11,27,745,5,2,1,2,6,59350,M,,,59
200800063990,8,11,27,755,1,2,1,1,3,59378,M,,,59
200800063991,8,11,17,1130,1,2,1,1,6,59378,M,,,59
200800063992,8,11,28,1915,1,2,1,1,6,59350,M,,,59
200800063993,8,11,29,1740,5,2,1,1,6,59009,M,,,59
200800063994,8,11,29,1800,2,2,3,1,6,59009,M,,,59
200800063995,8,11,30,1115,1,2,1,1,6,59350,M,,,59
200800063996,8,11,12,1600,1,2,1,1,7,59392,M,,,59
200800063997,8,11,26,1725,5,2,1,1,7,59392,M,,,59
200800063998,8,11,28,1745,5,2,3,1,3,59291,M,,,59
200800063999,8,11,2,125,5,1,2,1,3,59650,M,,,59
200800064000,8,11,2,710,1,2,1,1,6,59598,M,,,59
200800064001,8,11,5,925,1,1,2,2,3,59646,M,,,59
200800064002,8,11,16,1555,1,1,2,2,1,59512,M,,,59
200800064003,8,11,15,430,5,1,1,1,6,59650,M,,,59
200800064004,8,11,1,1445,1,1,1,2,6,59299,M,,,59
200800064005,8,11,3,730,1,1,2,8,3,59646,M,,,59
200800064006,8,11,4,1555,1,1,3,1,3,59650,M,,,59
200800064007,8,11,5,1055,1,1,2,2,5,59512,M,,,59
200800064008,8,11,6,1800,5,1,3,1,1,59512,M,,,59
200800064009,8,11,11,1130,1,1,1,3,6,59512,M,,,59
200800064010,8,11,11,1906,5,1,3,8,3,59650,M,,,59
200800064011,8,11,14,2015,5,1,2,1,6,59512,M,,,59
200800064012,8,11,14,855,1,1,1,2,6,59512,M,,,59
200800064013,8,11,17,1950,5,1,3,1,2,59512,M,,,59
200800064014,8,11,17,1945,5,1,1,1,6,59512,M,,,59
200800064015,8,11,18,1110,1,1,1,2,1,59339,M,,,59
200800064016,8,11,22,1120,1,2,1,2,6,59512,M,,,59
200800064017,8,11,24,1640,1,1,3,1,6,59512,M,,,59
200800064018,8,11,24,1040,1,2,1,2,6,59512,M,,,59
200800064019,8,11,24,1300,1,1,6,1,3,59650,M,,,59
200800064020,8,11,25,1745,5,1,2,2,6,59512,M,,,59
200800064021,8,11,23,745,5,1,3,2,7,59650,M,,,59
200800064022,8,11,25,800,1,1,1,1,2,59646,M,,,59
200800064023,8,11,28,1335,1,1,4,8,7,59512,M,,,59
200800064024,8,11,14,1630,1,1,2,2,6,59650,M,,,59
200800064025,8,11,8,1310,1,1,3,1,3,59650,M,,,59
200800064026,8,11,19,1425,1,1,4,1,1,59339,M,,,59
200800064027,8,11,20,1305,1,1,3,8,6,59367,M,,,59
200800064028,8,11,25,1230,1,1,2,1,6,59512,M,,,59
200800064029,8,11,30,1925,5,1,2,2,6,59512,M,,,59
200800064030,8,11,28,1750,5,1,1,1,6,59512,M,,,59
200800064031,8,11,14,1650,5,1,3,2,6,59650,M,,,59
200800064032,8,11,30,405,5,1,1,1,7,59650,M,,,59
200800064033,8,11,30,355,5,2,1,2,6,59512,M,,,59
200800064034,8,11,6,1830,5,1,1,2,2,59512,M,,,59
200800064035,8,11,29,1215,1,1,1,1,6,59512,M,,,59
200800064036,8,11,28,1325,1,1,1,1,6,59650,M,,,59
200800064037,8,11,12,2145,3,1,1,1,1,59526,M,,,59
200800064038,8,11,6,630,3,1,1,1,1,59574,M,,,59
200800064039,8,11,7,1940,5,2,1,2,3,59599,M,,,59
200800064040,8,11,10,1545,1,2,2,8,3,59599,M,,,59
200800064041,8,11,16,430,5,2,1,8,6,59279,M,,,59
200800064042,8,11,14,2015,5,2,2,1,6,59279,M,,,59
200800064043,8,11,17,1235,1,2,6,1,6,59599,M,,,59
200800064044,8,11,18,1245,1,2,3,2,6,59421,M,,,59
200800064045,8,11,18,1900,3,1,1,8,6,59508,M,,,59
200800064046,8,11,20,1900,5,2,3,1,6,59599,M,,,59
200800064047,8,11,20,1600,1,2,2,1,6,59599,M,,,59
200800064048,8,11,20,1640,5,2,1,1,2,59599,M,,,59
200800064049,8,11,20,1720,5,2,1,1,2,59599,M,,,59
200800064050,8,11,21,1820,5,2,2,2,3,59599,M,,,59
200800064051,8,11,22,1455,1,2,2,4,6,59599,M,,,59
200800064052,8,11,22,1010,1,2,2,2,6,59599,M,,,59
200800064053,8,11,25,1745,5,2,1,2,3,59599,M,,,59
200800064054,8,11,27,1800,3,2,1,1,3,59090,M,,,59
200800064055,8,11,19,800,1,2,3,1,2,59484,M,,,59
200800064056,8,11,12,1730,5,2,1,1,3,59383,M,,,59
200800064057,8,11,4,1815,5,2,1,1,6,59491,M,,,59
200800064058,8,11,4,1730,2,2,1,1,6,59160,M,,,59
200800064059,8,11,12,1955,5,2,2,1,3,59447,M,,,59
200800064060,8,11,11,1945,5,2,1,1,6,59383,M,,,59
200800064061,8,11,9,1730,5,2,3,1,3,59112,M,,,59
200800064062,8,11,17,1110,1,2,1,1,6,59014,M,,,59
200800064063,8,11,15,1440,1,2,1,1,6,59079,M,,,59
200800064064,8,11,26,1620,1,2,1,1,6,59606,M,,,59
200800064065,8,11,25,445,5,1,1,9,1,59447,M,,,59
200800064066,8,11,22,1310,1,2,1,4,3,59447,M,,,59
200800064067,8,11,27,1255,1,2,2,1,3,59606,M,,,59
200800064068,8,11,18,755,2,2,1,1,6,59475,M,,,59
200800064069,8,11,3,1450,1,2,3,1,3,59606,M,,,59
200800064070,8,11,10,1920,5,2,3,3,4,59369,M,,,59
200800064071,8,11,15,1530,1,2,2,1,3,59112,M,,,59
200800064072,8,11,27,1920,5,2,1,3,6,59606,M,,,59
200800064073,8,11,4,1615,1,2,6,1,6,60159,M,,,60
200800064074,8,11,17,810,2,1,1,1,2,60175,M,,,60
200800064075,8,11,1,1020,1,1,1,3,6,61001,M,,,61
200800064076,8,11,4,1507,1,2,1,1,7,61169,M,,,61
200800064077,8,11,8,1825,5,2,6,2,7,62004,M,,,62
200800064078,8,11,14,1200,1,2,1,1,2,62744,M,,,62
200800064079,8,11,17,2210,5,2,2,1,3,62041,M,,,62
200800064080,8,11,26,805,1,2,2,1,3,62041,M,,,62
200800064081,8,11,26,1125,1,1,6,1,3,62099,M,,,62
200800064082,8,11,6,2020,5,2,1,2,3,62065,M,,,62
200800064083,8,11,6,2030,5,2,1,2,7,62570,M,,,62
200800064084,8,11,8,1125,1,1,6,1,3,62724,M,,,62
200800064085,8,11,13,1506,1,1,1,1,6,62065,M,,,62
200800064086,8,11,18,1830,5,2,2,8,3,62065,M,,,62
200800064087,8,11,19,2249,5,2,1,1,6,62724,M,,,62
200800064088,8,11,20,955,1,2,1,8,7,62570,M,,,62
200800064089,8,11,26,1720,2,2,2,9,5,62570,M,,,62
200800064090,8,11,27,1805,3,1,1,2,5,62065,M,,,62
200800064091,8,11,16,115,5,2,2,1,3,62108,M,,,62
200800064092,8,11,27,1810,5,1,1,2,2,62350,M,,,62
200800064093,8,11,27,2310,5,2,3,1,3,62119,M,,,62
200800064094,8,11,14,2345,3,1,1,1,6,62894,M,,,62
200800064095,8,11,2,1610,1,2,6,1,3,62178,M,,,62
200800064096,8,11,5,1915,5,2,1,1,6,62457,M,,,62
200800064097,8,11,9,230,5,2,1,3,6,62457,M,,,62
200800064098,8,11,11,1830,5,2,5,8,3,62178,M,,,62
200800064099,8,11,12,1630,1,2,1,1,1,62270,M,,,62
200800064100,8,11,29,1900,5,2,1,8,3,62178,M,,,62
200800064101,8,11,29,1200,1,2,1,1,1,62178,M,,,62
200800064102,8,11,1,30,3,2,1,2,6,62244,M,,,62
200800064103,8,11,6,1500,1,2,2,1,3,62193,M,,,62
200800064104,8,11,20,135,5,2,1,1,6,62193,M,,,62
200800064105,8,11,26,745,5,2,1,1,6,62193,M,,,62
200800064106,8,11,3,710,3,1,1,8,6,62215,M,,,62
200800064107,8,11,8,555,3,1,1,1,6,62215,M,,,62
200800064108,8,11,9,800,2,1,1,2,5,62250,M,,,62
200800064109,8,11,12,1530,1,2,1,7,6,62413,M,,,62
200800064110,8,11,20,1810,5,2,2,1,1,62250,M,,,62
200800064111,8,11,16,1935,3,1,1,2,2,62215,M,,,62
200800064112,8,11,28,700,2,2,3,1,3,62413,M,,,62
200800064113,8,11,2,1750,2,2,2,1,3,62427,M,,,62
200800064114,8,11,1,1955,2,2,1,1,4,62427,M,,,62
200800064115,8,11,11,1600,1,2,2,2,3,62218,M,,,62
200800064116,8,11,22,505,4,1,1,1,2,62842,M,,,62
200800064117,8,11,13,1745,3,1,3,1,3,62464,M,,,62
200800064118,8,11,29,620,3,1,1,1,2,62895,M,,,62
200800064119,8,11,26,1355,1,1,1,1,6,62842,M,,,62
200800064120,8,11,27,1445,1,2,1,8,6,62218,M,,,62
200800064121,8,11,16,1329,1,2,1,1,6,62386,M,,,62
200800064122,8,11,15,1504,1,1,2,1,3,62186,M,,,62
200800064123,8,11,19,1450,1,2,6,1,3,62186,M,,,62
200800064124,8,11,25,740,3,1,1,8,1,62023,M,,,62
200800064125,8,11,13,1730,5,2,6,1,6,62040,M,,,62
200800064126,8,11,13,1437,1,2,9,1,6,62826,M,,,62
200800064127,8,11,1,440,5,2,2,2,6,63113,M,,,63
200800064128,8,11,1,1300,1,2,1,8,7,63113,M,,,63
200800064129,8,11,1,1920,5,2,6,2,2,63113,M,,,63
200800064130,8,11,2,1810,3,2,1,2,6,63014,M,,,63
200800064131,8,11,3,1200,1,2,1,1,1,63113,M,,,63
200800064132,8,11,3,1800,5,2,3,1,6,63113,M,,,63
200800064133,8,11,4,1805,4,2,2,2,3,63113,M,,,63
200800064134,8,11,5,1900,2,2,1,2,6,63075,M,,,63
200800064135,8,11,6,1420,1,2,1,1,2,63113,M,,,63
200800064136,8,11,6,1218,1,2,1,1,6,63113,M,,,63
200800064137,8,11,7,650,5,2,6,1,3,63113,M,,,63
200800064138,8,11,7,1750,2,2,3,1,3,63032,M,,,63
200800064139,8,11,8,1920,5,2,2,1,6,63113,M,,,63
200800064140,8,11,16,1210,1,2,1,2,6,64260,M,,,64
200800064141,8,11,17,910,1,2,1,1,3,64483,M,,,64
200800064142,8,11,30,500,5,2,1,1,3,64483,M,,,64
200800064143,8,11,10,710,1,2,1,1,6,64545,M,,,64
200800064144,8,11,12,2210,5,2,1,2,3,64483,M,,,64
200800064145,8,11,16,330,3,2,1,1,6,64545,M,,,64
200800064146,8,11,15,1030,1,2,1,1,1,64545,M,,,64
200800064147,8,11,19,1200,1,2,1,8,3,64545,M,,,64
200800064148,8,11,25,155,5,2,1,1,6,64260,M,,,64
200800064149,8,11,28,1700,5,2,2,1,1,65286,M,,,65
200800064150,8,11,7,1855,5,2,4,3,6,65440,M,,,65
200800064151,8,11,6,800,1,2,2,2,4,65440,M,,,65
200800064152,8,11,8,1635,1,2,1,1,7,65440,M,,,65
200800064153,8,11,8,1910,5,2,3,1,3,65417,M,,,65
200800064154,8,11,10,1810,5,2,1,1,1,65440,M,,,65
200800064155,8,11,16,1835,5,2,2,1,3,65440,M,,,65
200800064156,8,11,18,1840,5,2,1,3,5,65440,M,,,65
200800064157,8,11,19,1315,1,2,1,2,3,65440,M,,,65
200800064158,8,11,22,1814,2,2,2,2,6,65440,M,,,65
200800064159,8,11,26,1615,1,2,3,1,3,65251,M,,,65
200800064160,8,11,27,1330,1,2,1,1,3,65440,M,,,65
200800064161,8,11,28,1340,1,2,1,1,6,65440,M,,,65
200800064162,8,11,29,1805,5,2,1,1,1,65100,M,,,65
200800064163,8,11,30,1555,1,2,3,2,3,65440,M,,,65
200800064164,8,11,11,445,3,1,1,1,7,66136,M,,,66
200800064165,8,11,8,1800,5,2,1,1,3,66136,M,,,66
200800064166,8,11,16,1700,2,1,6,7,6,66136,M,,,66
200800064167,8,11,17,1814,5,2,1,1,3,66136,M,,,66
200800064168,8,11,14,1215,1,1,1,1,3,66136,M,,,66
200800064169,8,11,19,1345,1,2,1,1,3,66136,M,,,66
200800064170,8,11,20,925,1,2,1,1,6,66136,M,,,66
200800064171,8,11,22,2305,3,1,1,1,4,66136,M,,,66
200800064172,8,11,26,1810,5,2,1,1,6,66136,M,,,66
200800064173,8,11,26,1750,3,1,1,1,5,66136,M,,,66
200800064174,8,11,26,1820,3,1,1,1,2,66136,M,,,66
200800064175,8,11,28,1755,5,2,1,1,6,66136,M,,,66
200800064176,8,11,28,1045,1,2,1,1,2,66136,M,,,66
200800064177,8,11,27,2100,3,1,1,2,5,66136,M,,,66
200800064178,8,11,29,1445,1,1,1,1,3,66136,M,,,66
200800064179,8,11,28,2130,5,1,1,1,3,66136,M,,,66
200800064180,8,11,16,1346,1,2,1,2,2,67180,M,,,67
200800064181,8,11,30,310,5,1,3,1,1,67180,M,,,67
200800064182,8,11,1,200,3,1,1,9,1,67462,M,,,67
200800064183,8,11,28,2322,5,2,2,9,3,67462,M,,,67
200800064184,8,11,1,2255,5,2,2,1,3,67482,M,,,67
200800064185,8,11,3,1005,1,2,2,1,3,67365,M,,,67
200800064186,8,11,4,1525,1,2,3,1,3,67482,M,,,67
200800064187,8,11,4,1415,1,2,1,1,5,67447,M,,,67
200800064188,8,11,4,1800,5,2,2,1,3,67482,M,,,67
200800064189,8,11,5,630,2,2,1,1,2,67482,M,,,67
200800064190,8,11,5,910,1,2,1,1,2,67482,M,,,67
200800064191,8,11,5,1715,2,2,2,1,3,67218,M,,,67
200800064192,8,11,6,1700,1,2,1,1,2,67482,M,,,67
200800064193,8,11,7,2150,5,2,2,1,3,67043,M,,,67
200800064194,8,11,8,1505,1,2,2,1,3,67482,M,,,67
200800064195,8,11,8,1850,5,2,1,1,2,67482,M,,,67
200800064196,8,11,10,1620,2,2,1,1,6,67482,M,,,67
200800064197,8,11,12,1230,1,2,1,1,3,67482,M,,,67
200800064198,8,11,12,1745,5,2,1,1,2,67218,M,,,67
200800064199,8,11,2,1450,1,2,2,1,6,67447,M,,,67
200800064200,8,11,14,2345,5,2,1,1,6,67482,M,,,67
200800064201,8,11,17,1745,5,2,2,1,3,67482,M,,,67
200800064202,8,11,18,1250,1,2,3,1,3,67267,M,,,67
200800064203,8,11,19,1910,5,2,3,1,3,67482,M,,,67
200800064204,8,11,20,1200,1,2,3,1,3,67482,M,,,67
200800064205,8,11,21,1805,4,2,1,1,1,67482,M,,,67
200800064206,8,11,21,945,1,2,2,2,3,67482,M,,,67
200800064207,8,11,22,435,5,2,9,1,6,67482,M,,,67
200800064208,8,11,22,1210,1,2,1,4,6,67482,M,,,67
200800064209,8,11,23,1525,1,2,5,1,6,67482,M,,,67
200800064210,8,11,24,435,5,2,2,1,2,67482,M,,,67
200800064211,8,11,24,1035,1,1,9,1,3,67043,M,,,67
200800064212,8,11,24,1745,5,2,1,1,2,67218,M,,,67
200800064213,8,11,25,805,1,2,1,4,2,67218,M,,,67
200800064214,8,11,25,1020,1,2,3,1,3,67482,M,,,67
200800064215,8,11,25,1215,1,2,2,1,6,67482,M,,,67
200800064216,8,11,25,1800,5,2,1,1,2,67482,M,,,67
200800064217,8,11,26,905,1,2,1,1,3,67482,M,,,67
200800064218,8,11,26,1355,1,2,1,1,3,67482,M,,,67
200800064219,8,11,9,1700,1,2,6,8,3,63075,M,,,63
200800064220,8,11,9,1915,5,2,1,1,7,63113,M,,,63
200800064221,8,11,9,2025,5,2,9,1,3,63032,M,,,63
200800064222,8,11,10,1555,1,2,1,1,6,63113,M,,,63
200800064223,8,11,10,1940,5,2,1,1,2,63113,M,,,63
200800064224,8,11,12,1045,1,1,6,1,3,63014,M,,,63
200800064225,8,11,12,1315,1,2,1,1,2,63113,M,,,63
200800064226,8,11,13,1600,1,2,2,1,6,63113,M,,,63
200800064227,8,11,15,2320,5,2,1,1,6,63113,M,,,63
200800064228,8,11,16,1545,1,2,6,8,3,63113,M,,,63
200800064229,8,11,17,1420,1,2,3,1,6,63113,M,,,63
200800064230,8,11,18,755,1,2,2,2,6,63113,M,,,63
200800064231,8,11,18,745,1,2,1,2,6,63113,M,,,63
200800064232,8,11,18,2015,5,2,2,1,6,63113,M,,,63
200800064233,8,11,20,1920,5,2,1,1,6,63113,M,,,63
200800064234,8,11,21,1355,1,2,1,1,2,63113,M,,,63
200800064235,8,11,21,1715,5,2,1,2,1,63113,M,,,63
200800064236,8,11,22,1940,5,2,1,1,7,63113,M,,,63
200800064237,8,11,23,540,5,2,1,1,6,63113,M,,,63
200800064238,8,11,23,1910,5,2,2,2,6,63113,M,,,63
200800064239,8,11,25,815,1,2,1,8,2,63113,M,,,63
200800064240,8,11,25,1300,1,2,1,8,6,63113,M,,,63
200800064241,8,11,26,415,3,1,1,2,7,63113,M,,,63
200800064242,8,11,26,1015,1,2,6,1,6,63014,M,,,63
200800064243,8,11,26,1745,5,2,1,1,6,63113,M,,,63
200800064244,8,11,26,2000,5,2,2,1,6,63075,M,,,63
200800064245,8,11,27,750,5,2,1,1,3,63113,M,,,63
200800064246,8,11,28,1405,1,2,1,1,6,63113,M,,,63
200800064247,8,11,28,1545,1,2,1,1,6,63014,M,,,63
200800064248,8,11,29,1130,1,2,9,1,3,63113,M,,,63
200800064249,8,11,29,1845,3,1,1,3,6,63113,M,,,63
200800064250,8,11,6,1250,1,2,6,1,3,63124,M,,,63
200800064251,8,11,15,2241,5,2,1,2,7,63193,M,,,63
200800064252,8,11,18,1435,1,2,1,2,6,63124,M,,,63
200800064253,8,11,3,1400,1,2,1,2,7,64102,M,,,64