Num_Acc,an,mois,jour,hrmn,lum,agg,int,atm,col,com,gps,lat,long,dep
200800064254,8,11,3,2000,5,2,1,1,7,64024,M,,,64
200800064255,8,11,4,1330,1,2,6,1,6,64102,M,,,64
200800064256,8,11,5,1653,1,1,3,2,3,64024,M,,,64
200800064257,8,11,10,1700,1,2,1,1,2,64102,M,,,64
200800064258,8,11,13,745,1,2,1,1,6,64024,M,,,64
200800064259,8,11,13,1757,5,2,1,1,6,64102,M,,,64
200800064260,8,11,14,1730,1,2,6,1,6,64102,M,,,64
200800064261,8,11,15,1752,5,2,1,1,7,64024,M,,,64
200800064262,8,11,16,1739,2,2,1,1,7,64102,M,,,64
200800064263,8,11,28,758,2,2,1,1,6,64102,M,,,64
200800064264,8,11,29,1845,5,2,1,3,3,64024,M,,,64
200800064265,8,11,4,1435,1,2,1,1,2,64122,M,,,64
200800064266,8,11,4,1900,2,2,3,1,3,64122,M,,,64
200800064267,8,11,12,1800,2,2,1,2,7,64122,M,,,64
200800064268,8,11,15,1700,1,2,1,1,3,64122,M,,,64
200800064269,8,11,22,1100,1,2,1,1,2,64122,M,,,64
200800064270,8,11,1,1315,1,2,1,1,3,64348,M,,,64
200800064271,8,11,6,1500,1,2,1,1,3,64445,M,,,64
200800064272,8,11,7,1400,1,2,2,2,3,64445,M,,,64
200800064273,8,11,8,1500,1,2,1,1,3,64129,M,,,64
200800064274,8,11,8,1600,1,2,1,1,6,64445,M,,,64
200800064275,8,11,9,1547,1,1,1,1,3,64445,M,,,64
200800064276,8,11,10,1220,1,2,2,1,3,64445,M,,,64
200800064277,8,11,12,1610,1,2,1,1,2,64445,M,,,64
200800064278,8,11,8,1730,2,2,1,1,2,64348,M,,,64
200800064279,8,11,17,740,4,2,1,1,2,64284,M,,,64
200800064280,8,11,18,1930,3,2,1,2,3,64132,M,,,64
200800064281,8,11,19,745,1,2,2,1,3,64445,M,,,64
200800064282,8,11,20,1530,1,2,1,1,3,64445,M,,,64
200800064283,8,11,22,1025,1,2,1,3,6,64445,M,,,64
200800064284,8,11,25,1445,1,2,1,1,3,64445,M,,,64
200800064285,8,11,24,1820,1,2,1,2,5,64335,M,,,64
200800064286,8,11,27,1410,1,2,1,1,3,64445,M,,,64
200800064287,8,11,27,1430,1,1,1,1,5,64129,M,,,64
200800064288,8,11,26,850,1,2,1,1,3,64132,M,,,64
200800064289,8,11,26,1600,1,2,6,1,3,64348,M,,,64
200800064290,8,11,27,1945,5,2,3,1,3,64445,M,,,64
200800064291,8,11,21,1700,1,2,1,1,6,64445,M,,,64
200800064292,8,11,21,1805,5,2,1,2,6,64445,M,,,64
200800064293,8,11,1,1935,5,1,1,1,7,64545,M,,,64
200800064294,8,11,7,1825,1,2,1,1,3,64260,M,,,64
200800064295,8,11,9,1840,3,2,1,1,2,64545,M,,,64
200800064296,8,11,14,900,1,2,1,1,3,64483,M,,,64
200800064297,8,11,15,820,1,2,1,8,3,64260,M,,,64
200800064298,8,11,10,1732,5,2,3,1,3,34172,M,4362175.0,387446.0,34
200800064299,8,11,10,1815,5,2,1,1,3,34172,M,4360742.0,383856.0,34
200800064300,8,11,11,1915,5,2,1,2,3,34172,M,,,34
200800064301,8,11,11,2135,5,2,3,8,3,34172,M,4361832.0,385312.0,34
200800064302,8,11,10,930,1,2,2,1,3,34172,M,4361548.0,385630.0,34
200800064303,8,11,14,500,5,1,1,1,6,34172,M,4359294.0,390655.0,34
200800064304,8,11,13,1735,5,2,1,1,2,34172,M,4364466.0,384222.0,34
200800064305,8,11,10,1050,1,2,1,1,2,34172,M,4361574.0,382012.0,34
200800064306,8,11,14,1815,5,2,2,1,7,34172,M,4360355.0,389050.0,34
200800064307,8,11,15,1252,1,2,3,1,3,34172,M,4359319.0,385200.0,34
200800064308,8,11,18,2010,5,2,1,1,7,34172,M,4362625.0,383810.0,34
200800064309,8,11,19,1530,1,2,3,1,4,34172,M,4361002.0,386232.0,34
200800064310,8,11,21,525,5,2,1,1,7,34172,M,4360063.0,389735.0,34
200800064311,8,11,21,2130,5,2,1,1,3,34172,M,,,34
200800064312,8,11,21,958,1,2,1,1,3,34172,M,4360321.0,385629.0,34
200800064313,8,11,23,1830,5,2,2,1,3,34172,M,4359572.0,386848.0,34
200800064314,8,11,24,1315,1,2,3,1,6,34172,M,4360432.0,388085.0,34
200800064315,8,11,24,1800,5,2,1,1,2,34172,M,4360074.0,389766.0,34
200800064316,8,11,24,1715,5,2,1,1,6,34172,M,4360662.0,387600.0,34
200800064317,8,11,24,1840,5,2,9,1,3,34129,M,4358272.0,393283.0,34
200800064318,8,11,26,1650,1,2,2,1,3,33522,M,,,33
200800064319,8,11,28,1726,1,2,3,1,3,33075,M,,,33
200800064320,8,11,29,1720,2,2,3,2,3,33192,M,,,33
200800064321,8,11,28,1120,1,2,1,1,6,33318,M,,,33
200800064322,8,11,5,1845,5,2,1,2,6,33243,M,,,33
200800064323,8,11,26,1620,1,2,1,1,1,34003,M,,,34
200800064324,8,11,27,1910,3,2,1,1,3,34003,M,,,34
200800064325,8,11,3,900,1,2,1,1,1,34032,M,,,34
200800064326,8,11,1,950,1,2,2,2,3,34032,M,,,34
200800064327,8,11,1,1300,1,2,2,1,7,34032,M,,,34
200800064328,8,11,3,1330,1,1,3,1,3,34032,M,,,34
200800064329,8,11,4,1920,5,1,1,2,7,34032,M,,,34
200800064330,8,11,6,815,1,1,6,2,7,34032,M,,,34
200800064331,8,11,6,700,5,2,1,2,7,34032,M,,,34
200800064332,8,11,6,930,1,1,1,1,1,34032,M,,,34
200800064333,8,11,7,1615,1,2,1,1,3,34032,M,,,34
200800064334,8,11,8,1750,5,2,2,1,2,34032,M,,,34
200800064335,8,11,14,1530,1,2,1,1,7,34032,M,,,34
200800064336,8,11,17,1900,3,2,1,1,4,34032,M,,,34
200800064337,8,11,20,1130,1,2,3,2,7,34032,M,,,34
200800064338,8,11,20,1830,5,2,1,1,7,34032,M,,,34
200800064339,8,11,21,1500,1,1,1,1,1,34032,M,,,34
200800064340,8,11,25,1740,2,2,3,1,3,34032,M,,,34
200800064341,8,11,25,1815,2,1,1,1,7,34032,M,,,34
200800064342,8,11,25,1820,5,2,3,1,3,34032,M,,,34
200800064343,8,11,28,1105,1,2,3,1,2,34032,M,,,34
200800064344,8,11,28,1915,3,1,1,1,1,34032,M,,,34
200800064345,8,11,30,1615,1,2,1,1,1,34073,M,,,34
200800064346,8,11,30,2110,3,1,1,1,7,34032,M,,,34
200800064347,8,11,2,2315,5,2,6,2,3,34172,M,4360610.0,389856.0,34
200800064348,8,11,3,1343,1,2,2,1,3,34172,M,4363449.0,385014.0,34
200800064349,8,11,3,510,3,1,1,1,6,34129,M,4357165.0,388646.0,34
200800064350,8,11,6,844,1,2,1,2,4,34172,M,,,34
200800064351,8,11,7,30,5,2,1,1,3,34172,M,4362616.0,389502.0,34
200800064352,8,11,7,1000,1,2,1,1,6,34172,M,4361507.0,386976.0,34
200800064353,8,11,4,900,1,2,1,8,3,34172,M,4364210.0,384567.0,34
200800064354,8,11,8,335,3,1,1,1,6,34129,M,4356125.0,386686.0,34
200800064355,8,11,8,1030,1,2,1,1,6,34172,M,,,34
200800064356,8,11,8,915,1,2,2,1,6,34172,M,4362502.0,388821.0,34
200800064357,8,11,6,1230,1,2,3,8,3,34172,M,,,34
200800064358,8,11,7,1700,1,2,1,1,3,34172,M,4360547.0,390431.0,34
200800064359,8,11,7,1755,3,2,1,1,2,34129,M,4358017.0,393086.0,34
200800064360,8,11,8,1730,2,2,1,1,7,34172,M,4362711.0,387215.0,34
200800064361,8,11,9,1115,1,2,3,1,3,34172,M,,,34
200800064362,8,11,25,1700,5,2,1,1,2,34198,M,4356227.0,395141.0,34
200800064363,8,11,26,1205,1,2,3,1,6,34172,M,4359935.0,387344.0,34
200800064364,8,11,26,1125,1,2,2,1,6,34172,M,,,34
200800064365,8,11,26,1550,1,2,1,1,7,34172,M,4364437.0,384128.0,34
200800064366,8,11,26,1640,5,2,1,1,3,34172,M,4362694.0,386161.0,34
200800064367,8,11,26,1830,5,2,1,1,3,34172,M,,,34
200800064368,8,11,26,1901,5,2,1,1,3,34172,M,,,34
200800064369,8,11,27,1545,1,2,1,1,1,34172,M,,,34
200800064370,8,11,27,1534,1,2,1,1,6,34172,M,4361330.0,386660.0,34
200800064371,8,11,27,630,3,1,1,1,7,34198,M,4357765.0,394716.0,34
200800064372,8,11,28,1911,5,2,6,1,3,34198,M,4356167.0,394574.0,34
200800064373,8,11,29,139,5,1,1,1,6,34129,M,4360383.0,389312.0,34
200800064374,8,11,30,540,5,2,1,1,6,34172,M,4360383.0,389312.0,34
200800064375,8,11,30,1020,1,2,1,1,3,34172,M,4359579.0,388786.0,34
200800064376,8,11,28,1954,5,2,1,1,4,34172,M,4360930.0,383945.0,34
200800064377,8,11,29,2020,5,2,1,8,4,34172,M,,,34
200800064378,8,11,17,1530,1,2,1,1,2,34108,M,,,34
200800064379,8,11,22,1435,1,2,1,1,2,34301,M,,,34
200800064380,8,11,23,1535,1,2,1,1,3,34108,M,,,34
200800064381,8,11,22,1350,1,2,6,2,3,35115,M,,,35
200800064382,8,11,2,135,3,2,1,8,6,35238,M,,,35
200800064383,8,11,3,1325,1,2,2,2,3,35238,M,,,35
200800064384,8,11,3,1345,1,2,2,2,3,35238,M,,,35
200800064385,8,11,3,1450,1,2,1,2,6,35238,M,,,35
200800064386,8,11,4,1205,1,2,1,1,4,35238,M,,,35
200800064387,8,11,5,1715,1,2,1,8,3,35238,M,,,35
200800064388,8,11,6,850,1,2,1,1,4,35238,M,,,35
200800064389,8,11,6,835,1,2,2,1,3,35238,M,,,35
200800064390,8,11,7,1605,1,2,1,1,6,35238,M,,,35
200800064391,8,11,8,410,5,2,1,1,6,35238,M,,,35
200800064392,8,11,8,1420,1,2,6,2,6,35281,M,,,35
200800064393,8,11,8,1520,1,2,1,2,4,35238,M,,,35
200800064394,8,11,10,1730,3,2,1,3,6,35238,M,,,35
200800064395,8,11,11,1700,1,2,1,2,4,35238,M,,,35
200800064396,8,11,12,1105,1,2,3,1,6,35238,M,,,35
200800064397,8,11,12,1815,5,2,1,1,4,35055,M,,,35
200800064398,8,11,13,15,3,2,1,1,7,35238,M,,,35
200800064399,8,11,13,1835,5,2,1,1,6,35238,M,,,35
200800064400,8,11,14,1145,1,2,3,8,3,35238,M,,,35
200800064401,8,11,14,1845,3,2,1,1,2,35238,M,,,35
200800064402,8,11,15,1020,1,2,1,1,6,35238,M,,,35
200800064403,8,11,15,1055,1,2,3,2,4,35281,M,,,35
200800064404,8,11,17,750,1,2,6,1,2,35238,M,,,35
200800064405,8,11,17,1415,1,2,2,1,6,35238,M,,,35
200800064406,8,11,17,1845,5,2,1,8,3,35238,M,,,35
200800064407,8,11,18,755,5,2,2,2,2,35238,M,,,35
200800064408,8,11,18,1135,1,2,4,2,6,35238,M,,,35
200800064409,8,11,19,815,2,2,2,1,3,35055,M,,,35
200800064410,8,11,19,1145,1,2,1,1,6,35281,M,,,35
200800064411,8,11,20,825,2,2,2,1,6,35238,M,,,35
200800064412,8,11,20,845,1,1,1,8,2,35238,M,,,35
200800064413,8,11,20,1130,1,1,1,2,7,35238,M,,,35
200800064414,8,11,20,1315,1,2,3,8,3,35238,M,,,35
200800064415,8,11,20,1700,1,2,3,2,3,35238,M,,,35
200800064416,8,11,20,1830,3,2,9,8,4,35238,M,,,35
200800064417,8,11,20,1840,5,2,4,1,3,35055,M,,,35
200800064418,8,11,22,715,5,2,6,1,3,35278,M,,,35
200800064419,8,11,22,1830,5,2,2,2,3,35238,M,,,35
200800064420,8,11,24,1920,5,2,2,2,6,35238,M,,,35
200800064421,8,11,25,1930,5,2,2,2,6,35238,M,,,35
200800064422,8,11,26,835,4,2,1,1,6,35238,M,,,35
200800064423,8,11,26,1135,1,2,2,1,3,35281,M,,,35
200800064424,8,11,27,1800,1,1,1,1,4,35238,M,,,35
200800064425,8,11,28,1700,5,2,2,2,3,35238,M,,,35
200800064426,8,11,30,1930,5,2,3,2,2,35238,M,,,35
200800064427,8,11,30,2100,5,2,3,2,3,35238,M,,,35
200800064428,8,11,2,1438,1,2,1,1,3,35288,M,,,35
200800064429,8,11,1,1131,1,2,6,3,3,35288,M,,,35
200800064430,8,11,3,1850,2,2,2,1,1,35288,M,,,35
200800064431,8,11,4,1640,1,2,6,1,3,35093,M,,,35
200800064432,8,11,6,1228,1,2,3,2,3,35288,M,,,35
200800064433,8,11,12,1845,5,2,6,1,3,35288,M,,,35
200800064434,8,11,12,1250,1,2,6,1,2,35288,M,,,35
200800064435,8,11,22,1830,5,2,1,1,7,35288,M,,,35
200800064436,8,11,25,1405,1,2,3,1,2,35288,M,,,35
200800064437,8,11,29,1030,1,2,1,1,3,35093,M,,,35
200800064438,8,11,2,8,5,2,2,1,3,36044,M,,,36
200800064439,8,11,5,1733,2,1,3,2,3,36159,M,,,36
200800064440,8,11,13,1825,5,2,3,1,2,36044,M,,,36
200800064441,8,11,16,1945,5,2,1,1,1,36044,M,,,36
200800064442,8,11,21,1538,1,2,1,8,6,36044,M,,,36
200800064443,8,11,20,1912,5,2,3,8,6,36044,M,,,36
200800064444,8,11,27,807,1,2,3,1,6,36044,M,,,36
200800064445,8,11,27,1805,5,2,1,1,6,36044,M,,,36
200800064446,8,11,2,1210,1,1,1,2,6,36063,M,,,36
200800064447,8,11,2,1800,1,2,1,2,6,36044,M,,,36
200800064448,8,11,2,2000,5,2,3,2,3,36044,M,,,36
200800064449,8,11,3,718,2,2,1,2,7,36063,M,,,36
200800064450,8,11,4,1510,1,2,1,1,3,36044,M,,,36
200800064451,8,11,6,1840,5,2,1,2,6,36044,M,,,36
200800064452,8,11,14,1238,1,1,3,8,3,36063,M,,,36
200800064453,8,11,14,1241,1,2,3,1,2,36044,M,,,36
200800064454,8,11,18,956,1,2,1,1,6,36044,M,,,36
200800064455,8,11,19,720,5,1,2,1,3,36159,M,,,36
200800064456,8,11,19,2030,5,2,3,1,6,36044,M,,,36
200800064457,8,11,23,7,5,2,1,1,6,36044,M,,,36
200800064458,8,11,25,800,1,2,1,1,6,36044,M,,,36
200800064459,8,11,28,1217,1,1,3,1,2,36159,M,,,36
200800064460,8,11,4,815,1,2,6,1,3,37195,M,,,37
200800064461,8,11,6,1,5,2,6,8,7,37261,M,,,37
200800064462,8,11,6,2240,5,2,1,8,3,37261,M,,,37
200800064463,8,11,4,1045,1,2,2,1,3,37208,M,,,37
200800064464,8,11,3,1530,1,2,3,1,7,37122,M,,,37
200800064465,8,11,20,1250,1,2,2,1,6,37261,M,,,37
200800064466,8,11,25,2140,5,2,3,1,3,37261,M,,,37
200800064467,8,11,4,1428,1,2,2,1,6,37122,M,,,37
200800064468,8,11,14,845,1,2,3,8,3,37261,M,,,37
200800064469,8,11,16,2035,5,2,9,2,3,38053,M,,,38
200800064470,8,11,27,705,2,1,1,5,1,38053,M,,,38
200800064471,8,11,7,1330,1,2,1,1,6,38185,M,,,38
200800064472,8,11,9,2230,5,2,1,1,3,38185,M,,,38
200800064473,8,11,10,815,1,2,2,1,3,38169,M,,,38
200800064474,8,11,12,1150,1,2,1,2,2,38516,M,,,38
200800064475,8,11,19,750,1,2,1,1,3,38185,M,,,38
200800064476,8,11,22,1600,1,2,2,1,3,38151,M,,,38
200800064477,8,11,24,1300,1,2,2,2,3,38185,M,,,38
200800064478,8,11,25,1600,1,2,1,2,6,38185,M,,,38
200800064479,8,11,25,2045,5,2,1,1,3,38185,M,,,38
200800064480,8,11,27,800,1,2,1,1,6,38185,M,,,38
200800064481,8,11,17,805,2,2,1,2,6,38544,M,,,38
200800064482,8,11,27,1910,5,2,1,1,6,38544,M,,,38
200800064483,8,11,29,450,5,2,1,5,6,39198,M,,,39
200800064484,8,11,2,1925,5,2,1,1,6,39198,M,,,39
200800064485,8,11,18,1225,1,2,2,2,3,39198,M,,,39
200800064486,8,11,3,1842,5,2,1,1,6,39362,M,,,39
200800064487,8,11,26,1815,5,2,1,1,1,40088,M,,,40
200800064488,8,11,10,1210,1,2,1,1,6,40088,M,,,40
200800064489,8,11,20,1930,5,2,2,1,3,40192,M,,,40
200800064490,8,11,22,1120,1,2,2,1,6,40192,M,,,40
200800064491,8,11,28,1150,1,2,1,1,3,40192,M,,,40
200800064492,8,11,2,1532,1,2,2,3,3,41018,M,,,41
200800064493,8,11,4,1900,5,2,1,1,1,41047,M,,,41
200800064494,8,11,6,805,1,2,1,1,3,41018,M,,,41
200800064495,8,11,7,2027,5,2,1,1,2,41018,M,,,41
200800064496,8,11,13,1630,1,2,1,1,2,41018,M,,,41
200800064497,8,11,14,1510,1,2,1,1,2,41018,M,,,41
200800064498,8,11,15,1325,1,1,1,8,2,41212,M,,,41
200800064499,8,11,15,1600,1,2,1,8,6,41018,M,,,41
200800064500,8,11,22,1810,5,2,1,1,4,41212,M,,,41
200800064501,8,11,26,725,3,2,1,1,7,41018,M,,,41
200800064502,8,11,18,1325,1,2,1,2,6,41018,M,,,41
200800064503,8,11,21,1050,1,2,3,2,3,41018,M,,,41
200800064504,8,11,30,1820,3,1,1,2,2,41212,M,,,41
200800064505,8,11,9,15,5,2,6,8,7,41226,M,,,41
200800064506,8,11,2,1850,5,2,6,2,7,41269,M,,,41
200800064507,8,11,13,1730,2,2,3,1,3,41269,M,,,41
200800064508,8,11,15,1515,1,2,3,1,1,41269,M,,,41
200800064509,8,11,24,1255,1,2,1,1,3,41269,M,,,41
200800064510,8,11,8,1130,1,2,3,1,6,42095,M,4538972.0,428973.0,42
200800064511,8,11,20,723,2,2,1,8,3,42316,M,4541052.0,429540.0,42
200800064512,8,11,10,1645,1,2,1,1,3,42095,M,4539700.0,429126.0,42
200800064513,8,11,23,1520,1,2,1,1,1,42044,M,4538858.0,432001.0,42
200800064514,8,11,26,1025,1,2,1,1,6,42147,M,4561009.0,406809.0,42
200800064515,8,11,25,1000,1,2,1,2,6,42259,M,,,42
200800064516,8,11,4,1816,2,2,1,1,1,42184,M,,,42
200800064517,8,11,10,1300,1,2,1,1,6,42187,M,,,42
200800064518,8,11,10,1301,1,2,3,1,3,42187,M,4604030.0,405354.0,42
200800064519,8,11,14,1235,1,2,3,1,3,42187,M,,,42
200800064520,8,11,18,1000,1,2,1,1,2,42071,M,,,42
200800064521,8,11,18,2000,5,2,6,1,3,42187,M,,,42
200800064522,8,11,21,1710,2,2,1,2,3,42187,M,,,42
200800064523,8,11,22,1815,2,2,2,2,3,42071,M,,,42
200800064524,8,11,26,1245,1,2,1,1,2,42187,M,,,42
200800064525,8,11,26,1720,5,2,1,1,3,42071,M,,,42
200800064526,8,11,29,1915,5,2,1,3,6,42071,M,,,42
200800064527,8,11,25,1430,1,2,2,1,3,42207,M,,,42
200800064528,8,11,1,1800,5,2,2,3,3,42218,M,,,42
200800064529,8,11,3,1030,1,2,3,1,6,42218,M,,,42
200800064530,8,11,4,454,3,2,2,1,3,42218,M,4526704.0,421974.0,42
200800064531,8,11,5,1040,1,2,9,1,3,42218,M,4527706.0,423940.0,42
200800064532,8,11,5,2240,5,2,2,1,3,42218,M,,,42
200800064533,8,11,6,926,1,2,3,1,2,42275,M,,,42
200800064534,8,11,6,1507,1,2,3,2,6,42218,M,,,42
200800064535,8,11,7,1923,5,2,3,1,3,42218,M,,,42
200800064536,8,11,8,1230,1,2,3,1,2,42330,M,,,42
200800064537,8,11,9,1600,1,2,1,1,3,42218,M,,,42
200800064538,8,11,11,1600,1,2,2,1,6,42218,M,,,42
200800064539,8,11,12,1003,1,1,1,8,1,42330,M,,,42
200800064540,8,11,12,1000,1,2,1,1,3,42218,M,,,42
200800064541,8,11,13,150,5,1,1,1,2,42330,M,,,42
200800064542,8,11,13,1815,5,2,1,1,2,42218,M,,,42
200800064543,8,11,15,1320,1,2,3,1,3,42218,M,,,42
200800064544,8,11,15,1855,5,2,2,1,3,42218,M,4526368.0,422725.0,42
200800064545,8,11,16,1100,1,1,6,2,3,42189,M,,,42
200800064546,8,11,16,1300,1,2,3,2,3,42218,M,,,42
200800064547,8,11,19,1810,5,2,3,1,6,42218,M,,,42
200800064548,8,11,22,1529,1,2,1,2,6,42218,M,,,42
200800064549,8,11,22,1735,5,2,1,4,6,42275,M,,,42
200800064550,8,11,22,1822,5,2,1,4,2,42218,M,,,42
200800064551,8,11,23,1300,1,2,3,8,6,42218,M,,,42
200800064552,8,11,27,1804,5,2,3,8,6,42218,M,4524978.0,424642.0,42
200800064553,8,11,29,1915,5,2,2,2,6,42218,M,4526026.0,422770.0,42
200800064554,8,11,30,1522,1,2,3,1,4,42218,M,,,42
200800064555,8,11,6,1740,5,2,1,1,6,43157,M,,,43
200800064556,8,11,12,1136,1,2,3,8,3,43157,M,,,43
200800064557,8,11,2,1505,1,2,1,1,3,44135,M,,,44
200800064558,8,11,3,1510,1,2,1,1,1,44132,M,,,44
200800064559,8,11,4,850,1,2,1,1,6,44055,M,,,44
200800064560,8,11,19,1115,1,2,3,1,3,44055,M,,,44
200800064561,8,11,21,1020,1,2,1,1,7,44132,M,,,44
200800064562,8,11,26,1240,1,2,1,1,3,44055,M,,,44
200800064563,8,11,1,1640,1,1,1,2,2,44109,M,,,44
200800064564,8,11,2,239,3,1,1,9,7,44114,M,,,44
200800064565,8,11,4,1815,3,2,1,1,6,44109,M,,,44
200800064566,8,11,5,1745,1,2,3,1,3,44109,M,,,44
200800064567,8,11,6,940,1,2,6,1,5,44162,M,,,44
200800064568,8,11,6,1335,1,2,1,1,6,44190,M,,,44
200800064569,8,11,6,2230,5,2,2,1,1,44109,M,,,44
200800064570,8,11,8,200,5,2,1,1,6,44109,M,,,44
200800064571,8,11,7,1527,1,2,1,1,3,44109,M,,,44
200800064572,8,11,8,1440,1,2,2,2,3,44109,M,,,44
200800064573,8,11,10,20,5,2,1,2,6,44109,M,,,44
200800064574,8,11,7,925,2,1,1,1,3,44162,M,,,44
200800064575,8,11,7,1750,3,1,1,1,6,44162,M,,,44
200800064576,8,11,7,1955,5,2,1,1,1,44109,M,,,44
200800064577,8,11,7,1705,1,1,1,1,3,44162,M,,,44
200800064578,8,11,9,1825,5,2,3,1,3,44114,M,,,44
200800064579,8,11,12,1810,3,2,1,1,3,44109,M,,,44
200800064580,8,11,18,1225,1,2,2,1,6,44109,M,,,44
200800064581,8,11,13,1400,1,2,3,1,3,44109,M,,,44
200800064582,8,11,13,1500,1,2,1,1,6,44109,M,,,44
200800064583,8,11,14,1555,1,2,3,2,3,44109,M,,,44
200800064584,8,11,14,2020,5,2,3,2,3,44109,M,,,44
200800064585,8,11,15,1820,2,2,1,1,6,44109,M,,,44
200800064586,8,11,13,1650,1,2,1,1,6,44143,M,,,44
200800064587,8,11,14,1810,3,1,1,2,4,44162,M,,,44
200800064588,8,11,14,1820,5,2,1,1,6,44114,M,,,44
200800064589,8,11,20,1850,5,2,1,1,6,44109,M,,,44
200800064590,8,11,19,1300,1,2,1,1,6,44162,M,,,44
200800064591,8,11,21,850,1,2,1,8,3,44109,M,,,44
200800064592,8,11,21,1540,1,2,1,1,6,44109,M,,,44
200800064593,8,11,21,1100,1,2,1,2,6,44109,M,,,44
200800064594,8,11,21,1805,5,2,1,2,6,44109,M,,,44
200800064595,8,11,22,1720,3,2,1,2,7,44109,M,,,44
200800064596,8,11,13,5,5,2,1,1,6,44109,M,,,44
200800064597,8,11,1,1135,1,2,1,9,6,44109,M,,,44
200800064598,8,11,25,912,1,2,1,1,6,44190,M,,,44
200800064599,8,11,26,1800,4,1,1,1,4,44162,M,,,44
200800064600,8,11,28,1845,5,2,1,2,4,44109,M,,,44
200800064601,8,11,27,1335,1,2,1,2,7,44162,M,,,44
200800064602,8,11,17,810,2,2,6,1,6,44114,M,,,44
200800064603,8,11,26,1140,5,2,1,1,6,44109,M,,,44
200800064604,8,11,19,1345,1,2,1,9,6,44109,M,,,44
200800064605,8,11,4,1140,1,2,2,1,2,44184,M,,,44
200800064606,8,11,4,1715,1,2,1,1,3,44184,M,,,44
200800064607,8,11,4,1730,1,2,1,1,6,44184,M,,,44
200800064608,8,11,9,145,4,1,1,4,6,44184,M,,,44
200800064609,8,11,9,2345,5,2,1,6,3,44184,M,,,44
200800064610,8,11,11,1400,1,2,2,1,3,44184,M,,,44
200800064611,8,11,12,1610,1,2,1,1,2,44184,M,,,44
200800064612,8,11,13,2120,5,2,6,1,6,44184,M,,,44
200800064613,8,11,19,1045,1,2,6,1,3,44184,M,,,44
200800064614,8,11,24,650,2,2,2,1,3,44184,M,,,44
200800064615,8,11,19,825,1,2,1,1,3,45004,M,,,45
200800064616,8,11,14,1615,1,2,9,1,3,45004,M,,,45
200800064617,8,11,2,2155,1,2,1,1,1,45302,M,,,45
200800064618,8,11,4,940,1,2,3,1,2,45284,M,,,45
200800064619,8,11,5,1022,1,2,1,2,6,45234,M,,,45
200800064620,8,11,5,1755,5,2,1,2,3,45234,M,,,45
200800064621,8,11,9,1900,5,2,1,2,6,45284,M,,,45
200800064622,8,11,8,1840,5,2,1,2,6,45234,M,,,45
200800064623,8,11,12,2125,5,2,2,1,3,45075,M,,,45
200800064624,8,11,13,1610,1,2,2,1,3,45147,M,,,45
200800064625,8,11,13,1415,1,2,1,1,3,45234,M,,,45
200800064626,8,11,14,750,1,2,1,1,2,45147,M,,,45
200800064627,8,11,14,1155,1,2,1,1,3,45234,M,,,45
200800064628,8,11,14,1710,2,2,1,2,6,45234,M,,,45
200800064629,8,11,15,40,5,2,1,5,7,45234,M,,,45
200800064630,8,11,16,1955,5,2,1,1,2,45234,M,,,45
200800064631,8,11,17,835,1,2,1,2,3,45075,M,,,45
200800064632,8,11,17,930,1,2,3,2,3,45234,M,,,45
200800064633,8,11,18,1400,1,2,3,2,3,45234,M,,,45
200800064634,8,11,22,920,1,2,2,1,3,45234,M,,,45
200800064635,8,11,20,1325,1,2,1,1,6,45234,M,,,45
200800064636,8,11,25,1040,1,2,1,1,3,45169,M,,,45
200800064637,8,11,27,1645,1,1,1,1,3,45147,M,,,45
200800064638,8,11,26,1905,5,2,1,1,3,45302,M,,,45
200800064639,8,11,29,2200,5,2,2,1,5,45234,M,,,45
200800064640,8,11,29,1806,5,2,3,1,3,45234,M,,,45
200800064641,8,11,26,1415,1,2,1,1,5,45075,M,,,45
200800064642,8,11,25,1200,1,2,3,1,6,46042,M,,,46
200800064643,8,11,28,1410,1,2,3,1,6,46042,M,,,46
200800064644,8,11,30,630,3,1,1,2,6,46224,M,,,46
200800064645,8,11,17,656,5,2,1,1,1,47001,M,,,47
200800064646,8,11,14,1823,5,2,1,1,6,47001,M,,,47
200800064647,8,11,18,740,5,2,1,2,6,47001,M,,,47
200800064648,8,11,19,1809,5,2,1,1,1,47001,M,,,47
200800064649,8,11,19,1624,1,2,1,1,3,47001,M,,,47
200800064650,8,11,23,2105,5,2,1,3,3,47001,M,,,47
200800064651,8,11,28,1805,5,2,1,1,3,47201,M,,,47
200800064652,8,11,1,30,3,1,1,2,1,47215,M,,,47
200800064653,8,11,2,1445,1,2,1,2,3,47215,M,,,47
200800064654,8,11,12,1100,1,2,2,1,3,47323,M,,,47
200800064655,8,11,30,1800,3,1,1,5,6,47323,M,,,47