Num_Acc,an,mois,jour,hrmn,lum,agg,int,atm,col,com,gps,lat,long,dep
200800064656,8,11,25,1200,1,2,1,1,6,48095,M,4451790.0,350164.0,48
200800064657,8,11,2,455,5,2,1,1,6,49007,M,,,49
200800064658,8,11,1,348,5,2,2,3,3,49007,M,,,49
200800064659,8,11,2,1849,5,2,1,2,3,49353,M,,,49
200800064660,8,11,3,1803,5,2,1,1,6,49007,M,,,49
200800064661,8,11,3,1253,1,2,1,1,3,49007,M,,,49
200800064662,8,11,5,801,2,2,1,1,7,49007,M,,,49
200800064663,8,11,5,1204,1,2,1,2,7,49007,M,,,49
200800064664,8,11,5,1316,1,2,1,2,7,49007,M,,,49
200800064665,8,11,6,816,2,2,1,1,2,49007,M,,,49
200800064666,8,11,6,1315,1,2,1,2,7,49007,M,,,49
200800064667,8,11,6,845,2,2,1,1,4,49007,M,,,49
200800064668,8,11,7,1122,1,2,6,1,3,49007,M,,,49
200800064669,8,11,8,1314,1,2,1,1,1,49007,M,,,49
200800064670,8,11,8,1655,1,2,1,1,1,49007,M,,,49
200800064671,8,11,9,1040,1,2,1,2,6,49007,M,,,49
200800064672,8,11,9,1820,5,2,3,1,3,49246,M,,,49
200800064673,8,11,12,921,1,2,1,1,7,49007,M,,,49
200800064674,8,11,10,1010,1,2,1,1,2,49007,M,,,49
200800064675,8,11,12,1455,1,2,1,1,7,49007,M,,,49
200800064676,8,11,7,1935,5,2,1,1,4,49007,M,,,49
200800064677,8,11,13,943,1,2,2,1,6,49007,M,,,49
200800064678,8,11,15,1815,5,2,1,9,6,49007,M,,,49
200800064679,8,11,15,2030,5,2,1,9,6,49007,M,,,49
200800064680,8,11,16,1729,1,2,1,1,6,49007,M,,,49
200800064681,8,11,14,726,2,2,1,1,6,49007,M,,,49
200800064682,8,11,14,1211,1,2,1,1,3,49007,M,,,49
200800064683,8,11,15,928,1,2,6,1,7,49015,M,,,49
200800064684,8,11,16,1435,1,2,1,1,7,49007,M,,,49
200800064685,8,11,14,918,1,2,1,8,2,49007,M,,,49
200800064686,8,11,14,2022,5,2,2,1,3,49007,M,,,49
200800064687,8,11,15,1041,1,2,1,2,1,49007,M,,,49
200800064688,8,11,20,1845,3,2,1,2,6,49007,M,,,49
200800064689,8,11,19,1725,2,2,1,1,7,49007,M,,,49
200800064690,8,11,16,545,5,2,1,2,6,49015,M,,,49
200800064691,8,11,22,1215,1,2,1,1,3,49246,M,,,49
200800064692,8,11,22,1916,3,2,1,1,5,49007,M,,,49
200800064693,8,11,19,210,5,2,1,1,7,49007,M,,,49
200800064694,8,11,25,828,2,2,1,1,6,49007,M,,,49
200800064695,8,11,25,921,1,2,2,1,6,49007,M,,,49
200800064696,8,11,25,1814,5,2,1,2,7,49007,M,,,49
200800064697,8,11,26,915,1,2,1,1,3,49007,M,,,49
200800064698,8,11,27,805,2,2,1,1,7,49015,M,,,49
200800064699,8,11,27,1629,1,2,1,1,7,49007,M,,,49
200800064700,8,11,28,902,1,2,1,1,6,49007,M,,,49
200800064701,8,11,29,1210,1,1,1,1,7,49353,M,,,49
200800064702,8,11,16,1630,1,2,1,2,2,49099,M,,,49
200800064703,8,11,17,800,2,2,1,2,6,49099,M,,,49
200800064704,8,11,18,1835,2,2,1,1,3,49099,M,,,49
200800064705,8,11,29,450,5,2,1,8,6,49099,M,,,49
200800064706,8,11,29,1655,1,1,1,1,6,49099,M,,,49
200800064707,8,11,25,805,1,2,1,1,6,49328,M,,,49
200800064708,8,11,6,800,5,2,1,1,7,50173,M,,,50
200800064709,8,11,5,1605,1,2,1,1,2,50129,M,,,50
200800064710,8,11,9,1800,5,2,4,1,3,50173,M,,,50
200800064711,8,11,8,1700,1,2,3,1,3,50129,M,,,50
200800064712,8,11,10,1525,1,2,2,3,2,50602,M,,,50
200800064713,8,11,12,1705,1,2,2,7,1,50602,M,,,50
200800064714,8,11,14,1910,5,2,1,2,6,50203,M,,,50
200800064715,8,11,15,210,5,2,2,1,6,50129,M,,,50
200800064716,8,11,18,1400,1,2,4,1,3,50129,M,,,50
200800064717,8,11,20,1435,1,2,1,1,2,50602,M,,,50
200800064718,8,11,20,2300,5,2,2,1,7,50602,M,,,50
200800064719,8,11,21,1130,1,2,1,1,6,50602,M,,,50
200800064720,8,11,21,755,5,1,1,1,7,50602,M,,,50
200800064721,8,11,22,1050,1,2,1,8,6,50129,M,,,50
200800064722,8,11,25,755,2,2,2,1,7,50203,M,,,50
200800064723,8,11,27,815,1,2,1,2,2,50129,M,,,50
200800064724,8,11,29,1923,5,1,4,1,4,50129,M,,,50
200800064725,8,11,2,1746,2,2,1,1,6,50218,M,,,50
200800064726,8,11,12,1738,5,2,1,1,3,51108,M,,,51
200800064727,8,11,18,1740,5,2,2,1,3,51242,M,,,51
200800064728,8,11,20,1600,1,2,1,1,6,51506,M,,,51
200800064729,8,11,5,1325,1,2,1,1,6,51454,M,,,51
200800064730,8,11,7,1530,1,2,3,1,3,51454,M,,,51
200800064731,8,11,9,1425,1,2,3,1,3,51454,M,,,51
200800064732,8,11,10,1930,5,2,3,1,2,51172,M,,,51
200800064733,8,11,13,1140,1,2,1,1,6,51454,M,,,51
200800064734,8,11,18,1810,5,2,9,2,6,51454,M,,,51
200800064735,8,11,18,1830,5,2,2,2,3,51454,M,,,51
200800064736,8,11,18,1925,5,2,3,2,6,51454,M,,,51
200800064737,8,11,24,1810,5,2,2,3,6,51454,M,,,51
200800064738,8,11,25,1545,1,2,2,1,6,51454,M,,,51
200800064739,8,11,30,1440,1,2,1,8,6,51454,M,,,51
200800064740,8,11,8,1618,1,2,2,1,7,52121,M,,,52
200800064741,8,11,17,1340,1,2,2,1,2,52121,M,,,52
200800064742,8,11,17,1350,1,2,2,1,6,52121,M,,,52
200800064743,8,11,24,1546,1,2,2,2,3,52121,M,,,52
200800064744,8,11,27,1140,1,2,2,1,3,52121,M,,,52
200800064745,8,11,9,2100,3,1,1,2,2,52121,M,,,52
200800064746,8,11,11,1430,1,2,1,1,1,52448,M,,,52
200800064747,8,11,14,1000,1,1,1,1,3,52448,M,,,52
200800064748,8,11,17,1335,1,2,1,1,2,52448,M,,,52
200800064749,8,11,19,1220,1,2,2,1,6,52448,M,,,52
200800064750,8,11,4,1250,1,2,2,1,3,53130,M,,,53
200800064751,8,11,27,1525,1,2,1,1,6,54028,M,,,54
200800064752,8,11,3,1750,5,2,1,1,7,54329,M,,,54
200800064753,8,11,1,427,5,2,5,2,4,54184,M,,,54
200800064754,8,11,1,1430,1,2,3,1,3,54395,M,,,54
200800064755,8,11,1,1745,5,2,1,8,6,54274,M,,,54
200800064756,8,11,2,17,5,2,1,2,3,54274,M,,,54
200800064757,8,11,4,1227,1,2,1,1,6,54395,M,,,54
200800064758,8,11,5,1505,1,2,6,1,6,54547,M,,,54
200800064759,8,11,6,1300,1,2,2,1,3,54547,M,,,54
200800064760,8,11,6,1845,5,2,1,1,3,54300,M,,,54
200800064761,8,11,5,1930,5,2,1,1,2,93010,M,,,93
200800064762,8,11,9,1815,5,2,2,1,3,93010,M,,,93
200800064763,8,11,12,900,1,2,2,8,7,93010,M,,,93
200800064764,8,11,17,1020,1,2,2,1,3,93010,M,,,93
200800064765,8,11,18,1540,1,2,1,2,6,93010,M,,,93
200800064766,8,11,24,750,5,2,2,1,6,93010,M,,,93
200800064767,8,11,30,2035,5,2,2,2,3,93057,M,,,93
200800064768,8,11,8,2030,5,2,1,1,6,93010,M,,,93
200800064769,8,11,18,2045,5,2,1,2,3,93027,M,,,93
200800064770,8,11,26,730,2,2,4,8,6,93013,M,,,93
200800064771,8,11,1,18,5,2,3,2,3,93027,M,,,93
200800064772,8,11,10,530,5,2,1,1,2,93030,M,,,93
200800064773,8,11,4,930,1,2,1,1,6,93013,M,,,93
200800064774,8,11,7,1520,1,2,2,2,6,93030,M,,,93
200800064775,8,11,8,1427,1,2,1,8,7,93027,M,,,93
200800064776,8,11,11,2150,5,2,3,2,3,93027,M,,,93
200800064777,8,11,14,930,1,2,3,1,6,93013,M,,,93
200800064778,8,11,25,1320,1,2,1,1,3,93027,M,,,93
200800064779,8,11,28,1145,1,2,8,8,6,93027,M,,,93
200800064780,8,11,1,2025,5,2,3,1,3,93029,M,,,93
200800064781,8,11,2,2205,5,2,3,1,2,93029,M,,,93
200800064782,8,11,5,1040,1,2,6,2,6,93029,M,,,93
200800064783,8,11,11,2320,5,2,4,2,3,93029,M,,,93
200800064784,8,11,19,1025,1,2,1,1,6,93029,M,,,93
200800064785,8,11,20,1810,1,2,1,1,6,93029,M,,,93
200800064786,8,11,29,1220,1,2,1,1,6,93029,M,,,93
200800064787,8,11,8,2210,5,2,1,1,6,93031,M,,,93
200800064788,8,11,12,820,1,2,1,1,2,93031,M,,,93
200800064789,8,11,17,1430,1,2,1,1,6,93031,M,,,93
200800064790,8,11,26,1905,5,2,1,1,2,93031,M,,,93
200800064791,8,11,29,1705,5,2,1,1,6,93079,M,,,93
200800064792,8,11,29,2005,4,2,1,1,3,93079,M,,,93
200800064793,8,11,6,1150,1,2,1,8,6,93032,M,,,93
200800064794,8,11,12,430,5,2,4,2,3,93032,M,,,93
200800064795,8,11,13,1625,1,2,9,1,6,93047,M,,,93
200800064796,8,11,15,1720,5,2,1,2,6,93047,M,,,93
200800064797,8,11,8,1310,1,2,1,1,3,93063,M,,,93
200800064798,8,11,4,1910,5,2,1,1,6,93006,M,,,93
200800064799,8,11,6,750,1,2,1,8,6,93045,M,,,93
200800064800,8,11,6,1205,1,2,1,1,7,93006,M,,,93
200800064801,8,11,6,1325,1,2,2,1,3,93045,M,,,93
200800064802,8,11,9,2000,5,2,1,1,3,93063,M,,,93
200800064803,8,11,14,1000,1,2,1,8,6,93063,M,,,93
200800064804,8,11,15,1900,3,2,3,2,1,93063,M,,,93
200800064805,8,11,18,1300,1,2,3,2,6,93006,M,,,93
200800064806,8,11,1,1230,1,2,1,2,6,93046,M,,,93
200800064807,8,11,1,1515,1,2,5,2,3,93046,M,,,93
200800064808,8,11,6,1015,1,2,2,8,3,93074,M,,,93
200800064809,8,11,7,1105,1,2,1,2,6,93046,M,,,93
200800064810,8,11,8,1030,1,2,9,1,3,93046,M,,,93
200800064811,8,11,8,2000,5,2,1,2,3,93074,M,,,93
200800064812,8,11,10,1400,1,2,2,1,3,93074,M,,,93
200800064813,8,11,10,1445,1,2,2,1,1,93074,M,,,93
200800064814,8,11,10,1810,5,2,2,1,6,93074,M,,,93
200800064815,8,11,12,1250,1,2,3,1,6,93074,M,,,93
200800064816,8,11,14,2000,5,2,3,8,3,93046,M,,,93
200800064817,8,11,15,1350,1,2,1,2,6,93046,M,,,93
200800064818,8,11,15,1439,1,1,1,8,7,93074,M,,,93
200800064819,8,11,16,100,5,2,1,1,2,93046,M,,,93
200800064820,8,11,17,920,1,2,3,1,2,93074,M,,,93
200800064821,8,11,24,1720,5,2,1,1,6,93074,M,,,93
200800064822,8,11,28,715,5,2,1,2,6,93046,M,,,93
200800064823,8,11,28,1455,1,2,6,8,3,93046,M,,,93
200800064824,8,11,28,1515,1,2,3,1,6,93046,M,,,93
200800064825,8,11,28,1820,5,2,3,1,3,93074,M,,,93
200800064826,8,11,30,2015,5,2,3,2,5,93015,M,,,93
200800064827,8,11,4,750,1,2,1,1,3,93048,M,,,93
200800064828,8,11,5,2100,5,2,1,1,6,93048,M,,,93
200800064829,8,11,8,1515,1,2,2,1,3,93048,M,,,93
200800064830,8,11,13,1245,1,2,2,1,6,93048,M,,,93
200800064831,8,11,18,2040,5,2,1,2,3,93007,M,,,93
200800064832,8,11,30,1850,5,2,3,2,3,93007,M,,,93
200800064833,8,11,3,2245,5,2,1,1,3,93008,M,,,93
200800064834,8,11,4,1410,1,2,8,1,1,93008,M,,,93
200800064835,8,11,25,1250,1,2,3,1,3,93008,M,,,93
200800064836,8,11,28,1830,5,2,3,1,5,93008,M,,,93
200800064837,8,11,29,1600,1,2,1,1,3,93008,M,,,93
200800064838,8,11,3,1845,2,2,1,1,5,93010,M,,,93
200800064839,8,11,13,1915,5,2,2,1,3,93048,M,,,93
200800064840,8,11,19,420,5,2,2,1,3,93048,M,,,93
200800064841,8,11,19,1315,1,2,1,8,7,93048,M,,,93
200800064842,8,11,23,2135,5,2,3,2,3,93048,M,,,93
200800064843,8,11,24,1200,1,2,1,1,2,93048,M,,,93
200800064844,8,11,25,1745,5,2,1,1,6,93048,M,,,93
200800064845,8,11,27,2340,5,2,2,2,3,93048,M,,,93
200800064846,8,11,29,825,1,2,1,2,3,93048,M,,,93
200800064847,8,11,21,110,5,2,2,2,3,93048,M,,,93
200800064848,8,11,20,1920,5,2,2,1,3,93049,M,,,93
200800064849,8,11,21,1815,5,2,1,1,6,93049,M,,,93
200800064850,8,11,22,1825,5,2,2,1,6,93050,M,,,93
200800064851,8,11,26,1825,5,2,3,1,3,93050,M,,,93
200800064852,8,11,5,1405,1,2,2,1,5,93051,M,,,93
200800064853,8,11,7,1740,3,2,3,2,7,93051,M,,,93
200800064854,8,11,17,1610,1,2,1,1,2,93051,M,,,93
200800064855,8,11,21,1955,5,2,1,1,6,93051,M,,,93
200800064856,8,11,24,1630,1,2,1,1,3,93051,M,,,93
200800064857,8,11,27,735,2,2,3,8,3,93051,M,,,93
200800064858,8,11,30,500,5,2,1,4,6,93033,M,,,93
200800064859,8,11,7,1925,5,2,3,1,2,93053,M,,,93
200800064860,8,11,12,1300,1,2,2,1,3,93053,M,,,93
200800064861,8,11,15,1240,1,2,2,8,3,93053,M,,,93
200800064862,8,11,18,1730,5,2,7,1,6,93053,M,,,93
200800064863,8,11,22,615,5,1,1,1,6,93053,M,,,93
200800064864,8,11,27,1135,1,2,1,1,2,93053,M,,,93
200800064865,8,11,5,1940,5,2,1,1,3,93055,M,,,93
200800064866,8,11,12,1955,5,2,1,1,2,93055,M,,,93
200800064867,8,11,18,1015,1,2,3,2,3,93055,M,,,93
200800064868,8,11,19,1300,1,2,1,1,3,93055,M,,,93
200800064869,8,11,23,1845,4,2,1,2,1,93055,M,,,93
200800064870,8,11,28,1705,5,2,1,1,3,93055,M,,,93
200800064871,8,11,3,1500,1,2,3,1,3,93014,M,,,93
200800064872,8,11,7,920,1,2,6,1,7,93062,M,,,93
200800064873,8,11,8,2035,5,2,6,2,6,93014,M,,,93
200800064874,8,11,13,906,1,2,1,1,7,93014,M,,,93
200800064875,8,11,14,935,1,2,2,2,3,93014,M,,,93
200800064876,8,11,16,1820,5,2,2,1,6,93014,M,,,93
200800064877,8,11,19,1320,1,2,1,1,6,93014,M,,,93
200800064878,8,11,25,1335,1,2,1,1,6,93014,M,,,93
200800064879,8,11,25,1850,5,2,1,1,6,93014,M,,,93
200800064880,8,11,27,1045,1,2,3,1,3,93062,M,,,93
200800064881,8,11,1,2340,5,2,2,1,3,93077,M,,,93
200800064882,8,11,1,1430,1,2,1,1,7,93064,M,,,93
200800064883,8,11,5,900,1,2,5,1,3,93077,M,,,93
200800064884,8,11,9,1000,1,2,3,1,7,93064,M,,,93
200800064885,8,11,9,745,1,2,1,1,6,93077,M,,,93
200800064886,8,11,12,1640,1,2,1,1,4,93064,M,,,93
200800064887,8,11,15,1145,1,2,5,1,6,93077,M,,,93
200800064888,8,11,24,730,2,2,1,1,6,93077,M,,,93
200800064889,8,11,25,2000,5,2,2,1,3,93077,M,,,93
200800064890,8,11,26,1340,1,2,3,1,3,93077,M,,,93
200800064891,8,11,25,1510,1,2,2,1,6,93077,M,,,93
200800064892,8,11,1,1800,4,2,1,2,6,93066,M,,,93
200800064893,8,11,2,115,5,2,2,1,2,93066,M,,,93
200800064894,8,11,4,840,1,2,1,8,3,93066,M,,,93
200800064895,8,11,4,2215,5,1,1,1,3,93039,M,,,93
200800064896,8,11,5,1700,5,2,2,1,3,93066,M,,,93
200800064897,8,11,7,1300,1,2,2,1,3,93066,M,,,93
200800064898,8,11,9,255,5,2,3,2,3,93066,M,,,93
200800064899,8,11,12,1645,1,2,9,1,6,93066,M,,,93
200800064900,8,11,12,1755,5,2,1,1,6,93066,M,,,93
200800064901,8,11,14,600,3,2,1,2,3,93066,M,,,93
200800064902,8,11,14,1955,5,2,3,2,6,93066,M,,,93
200800064903,8,11,19,840,1,1,3,1,3,93066,M,,,93
200800064904,8,11,21,1600,1,2,1,1,2,93066,M,,,93
200800064905,8,11,21,2155,5,2,2,2,3,93066,M,,,93
200800064906,8,11,22,525,3,1,4,1,7,93066,M,,,93
200800064907,8,11,26,1720,5,2,3,1,2,93066,M,,,93
200800064908,8,11,28,815,1,2,1,1,7,93066,M,,,93
200800064909,8,11,29,1615,1,2,1,1,7,93066,M,,,93
200800064910,8,11,29,2350,5,2,1,2,1,93066,M,,,93
200800064911,8,11,30,1250,1,1,1,2,3,93066,M,,,93
200800064912,8,11,6,1300,1,2,3,1,6,93066,M,,,93
200800064913,8,11,6,1840,5,2,1,1,7,93066,M,,,93
200800064914,8,11,7,700,2,2,9,1,3,93066,M,,,93
200800064915,8,11,10,1510,1,2,1,8,7,93066,M,4123456.0,345699.0,93
200800064916,8,11,17,1905,5,2,3,1,3,93066,M,,,93
200800064917,8,11,27,2245,5,2,3,2,3,93066,M,,,93
200800064918,8,11,1,940,1,2,2,2,3,93070,M,,,93
200800064919,8,11,3,1610,1,2,1,1,7,93070,M,,,93
200800064920,8,11,6,815,1,1,1,1,3,93070,M,,,93
200800064921,8,11,6,835,2,2,1,1,3,93070,M,,,93
200800064922,8,11,6,1630,1,2,1,2,3,93070,M,,,93
200800064923,8,11,7,1020,1,2,2,8,2,93070,M,,,93
200800064924,8,11,11,1755,5,2,3,3,6,93070,M,,,93
200800064925,8,11,12,1100,1,2,1,1,6,93070,M,,,93
200800064926,8,11,13,1400,1,2,3,1,3,93070,M,,,93
200800064927,8,11,15,1238,1,2,3,8,3,93070,M,,,93
200800064928,8,11,17,815,1,2,1,1,6,93070,M,,,93
200800064929,8,11,19,1345,1,2,1,1,6,93070,M,,,93
200800064930,8,11,19,1935,5,2,1,1,1,93070,M,,,93
200800064931,8,11,20,1040,1,2,3,8,6,93070,M,,,93
200800064932,8,11,24,1040,1,2,1,1,3,93070,M,,,93
200800064933,8,11,25,1250,1,2,9,1,2,93070,M,,,93
200800064934,8,11,6,1445,1,2,1,2,6,93071,M,,,93
200800064935,8,11,7,1205,1,2,3,8,7,93071,M,,,93
200800064936,8,11,9,630,5,2,1,2,7,93071,M,,,93
200800064937,8,11,12,1720,1,2,1,1,6,93071,M,,,93
200800064938,8,11,14,1730,2,2,1,2,6,93071,M,,,93
200800064939,8,11,17,1735,5,2,1,1,6,93071,M,,,93
200800064940,8,11,24,815,1,2,2,8,6,93071,M,,,93
200800064941,8,11,29,1540,1,2,1,1,2,93071,M,,,93
200800064942,8,11,6,1545,1,2,1,2,6,93072,M,,,93
200800064943,8,11,11,1530,1,2,1,1,6,93072,M,,,93
200800064944,8,11,17,1735,5,2,1,1,3,93059,M,,,93
200800064945,8,11,19,2315,5,2,2,1,3,93059,M,,,93
200800064946,8,11,25,1750,2,2,1,1,2,93059,M,,,93
200800064947,8,11,26,1020,1,2,1,1,6,93059,M,,,93
200800064948,8,11,7,1650,1,2,3,1,1,93059,M,,,93
200800064949,8,11,29,110,5,2,1,1,1,93072,M,,,93
200800064950,8,11,6,1700,1,2,1,2,6,93078,M,,,93
200800064951,8,11,7,1040,1,2,2,2,4,93078,M,,,93
200800064952,8,11,9,2205,5,2,2,1,3,93073,M,,,93
200800064953,8,11,19,1735,5,2,6,1,2,93078,M,,,93
200800064954,8,11,21,1745,5,2,1,1,6,93073,M,,,93
200800064955,8,11,26,1615,1,2,1,1,2,93073,M,,,93
200800064956,8,11,27,1330,1,2,1,1,2,93073,M,,,93
200800064957,8,11,6,1310,1,2,1,1,7,94002,M,,,94
200800064958,8,11,8,955,1,2,1,1,7,94002,M,,,94
200800064959,8,11,15,545,5,2,2,2,3,94002,M,,,94
200800064960,8,11,25,1325,1,2,1,1,7,94002,M,,,94
200800064961,8,11,28,1530,1,2,3,1,1,94002,M,,,94
200800064962,8,11,1,1820,5,2,3,1,3,94004,M,,,94
200800064963,8,11,4,2250,5,2,1,1,6,94071,M,,,94
200800064964,8,11,9,1200,1,2,3,1,1,94071,M,,,94
200800064965,8,11,8,30,5,2,1,1,6,94070,M,,,94
200800064966,8,11,9,157,4,2,1,2,6,94048,M,,,94
200800064967,8,11,12,715,1,1,6,1,3,94044,M,,,94
200800064968,8,11,14,910,1,2,1,2,6,94071,M,,,94
200800064969,8,11,15,610,5,2,2,2,6,94075,M,,,94
200800064970,8,11,14,1930,1,2,3,2,3,94004,M,,,94
200800064971,8,11,25,800,1,2,3,9,1,94004,M,,,94
200800064972,8,11,25,1645,5,2,1,1,3,94075,M,,,94
200800064973,8,11,3,1125,1,2,1,1,2,94017,M,,,94
200800064974,8,11,8,1430,1,2,3,1,3,94017,M,,,94
200800064975,8,11,14,835,1,2,2,2,6,94017,M,,,94
200800064976,8,11,19,1010,1,2,1,2,3,94017,M,,,94
200800064977,8,11,28,1710,1,2,3,1,6,94017,M,,,94
200800064978,8,11,28,2040,5,2,2,1,6,94017,M,,,94
200800064979,8,11,29,1415,1,2,1,1,3,94017,M,,,94
200800064980,8,11,6,1730,2,2,2,1,6,94017,M,,,94
200800064981,8,11,9,1545,1,2,3,1,3,94017,M,,,94
200800064982,8,11,9,150,5,2,1,1,2,94018,M,,,94
200800064983,8,11,18,1930,5,2,2,2,1,94018,M,,,94
200800064984,8,11,19,1040,1,2,1,1,1,94018,M,,,94
200800064985,8,11,20,1400,1,2,1,1,3,94069,M,,,94
200800064986,8,11,24,835,1,2,1,1,3,94018,M,,,94
200800064987,8,11,1,300,5,2,2,3,3,94022,M,,,94
200800064988,8,11,12,1620,1,2,2,1,2,94022,M,,,94
200800064989,8,11,20,1000,1,2,9,8,5,94022,M,,,94
200800064990,8,11,24,1645,2,2,4,2,1,94054,M,,,94
200800064991,8,11,24,1845,5,2,3,2,6,94022,M,,,94
200800064992,8,11,30,1715,5,2,1,2,6,94022,M,,,94
200800064993,8,11,3,717,2,2,1,1,7,94028,M,,,94
200800064994,8,11,4,2030,5,2,1,1,6,94028,M,,,94
200800064995,8,11,7,1910,1,2,1,1,6,94011,M,,,94
200800064996,8,11,9,2105,5,2,1,1,4,94028,M,,,94
200800064997,8,11,11,1845,2,2,1,1,2,94028,M,,,94
200800064998,8,11,10,1730,1,2,1,2,6,94028,M,,,94
200800064999,8,11,13,1440,1,2,1,1,6,94011,M,,,94
200800065000,8,11,13,1450,1,2,1,1,1,94028,M,,,94
200800065001,8,11,15,2325,5,2,1,1,6,94028,M,,,94
200800065002,8,11,15,1020,5,2,1,1,6,94028,M,,,94
200800065003,8,11,21,735,2,2,2,1,6,94028,M,,,94
200800065004,8,11,21,1815,5,2,1,1,6,94011,M,,,94
200800065005,8,11,24,1850,5,2,1,1,2,94028,M,,,94
200800065006,8,11,25,1550,1,2,1,1,6,94011,M,,,94
200800065007,8,11,25,1945,2,2,1,1,6,94011,M,,,94
200800065008,8,11,25,1535,1,2,1,1,7,94028,M,,,94
200800065009,8,11,25,1110,1,2,2,1,1,94028,M,,,94
200800065010,8,11,26,1945,5,2,1,1,2,94028,M,,,94
200800065011,8,11,26,2135,5,2,2,1,3,94028,M,,,94
200800065012,8,11,26,910,1,2,1,1,3,94011,M,,,94
200800065013,8,11,26,835,1,2,1,1,6,94028,M,,,94
200800065014,8,11,29,1135,1,2,1,1,4,94028,M,,,94
200800065015,8,11,1,2105,5,2,2,1,3,94033,M,,,94
200800065016,8,11,1,1900,3,2,1,2,3,94043,M,,,94
200800065017,8,11,2,2015,3,2,3,1,6,94016,M,,,94
200800065018,8,11,1,1920,5,2,2,9,6,94076,M,,,94
200800065019,8,11,5,650,5,2,9,3,1,94076,M,,,94
200800065020,8,11,5,1925,5,2,2,1,3,94076,M,,,94
200800065021,8,11,6,1700,1,2,2,1,3,94076,M,,,94
200800065022,8,11,6,1920,5,2,1,1,6,94076,M,,,94
200800065023,8,11,7,720,1,2,1,1,6,94016,M,,,94
200800065024,8,11,7,2110,5,2,3,8,6,94003,M,,,94
200800065025,8,11,12,1555,1,2,1,1,3,94076,M,,,94
200800065026,8,11,13,715,1,2,1,1,2,94043,M,,,94
200800065027,8,11,13,635,5,1,1,1,7,94037,M,,,94
200800065028,8,11,15,1530,1,2,2,8,3,94003,M,,,94
200800065029,8,11,15,2245,5,2,3,1,2,94016,M,,,94
200800065030,8,11,18,1610,1,2,1,2,5,94076,M,,,94
200800065031,8,11,19,1240,1,2,5,8,7,94003,M,,,94
200800065032,8,11,25,1805,5,2,3,1,6,94076,M,,,94
200800065033,8,11,26,1915,3,1,1,1,3,94003,M,,,94
200800065034,8,11,27,1600,1,2,1,1,1,94076,M,,,94
200800065035,8,11,27,1945,5,2,1,2,7,94016,M,,,94
200800065036,8,11,28,1140,1,2,1,1,6,94003,M,,,94
200800065037,8,11,29,1455,1,2,3,1,3,94037,M,,,94
200800065038,8,11,2,1200,1,2,1,1,2,94065,M,,,94
200800065039,8,11,4,1430,1,2,1,1,6,94065,M,,,94
200800065040,8,11,5,1155,1,2,3,8,6,94038,M,,,94
200800065041,8,11,9,1525,1,2,3,1,3,94073,M,,,94
200800065042,8,11,10,1615,1,2,1,2,3,94073,M,,,94
200800065043,8,11,11,1800,5,2,1,2,6,94038,M,,,94
200800065044,8,11,14,1815,5,2,2,2,3,94073,M,,,94
200800065045,8,11,18,735,2,2,9,2,6,94021,M,,,94
200800065046,8,11,18,1150,1,2,9,8,6,94073,M,,,94
200800065047,8,11,15,2000,3,1,1,1,7,94073,M,,,94
200800065048,8,11,19,940,1,2,3,1,6,94038,M,,,94
200800065049,8,11,21,10,5,2,1,1,7,94021,M,,,94
200800065050,8,11,21,1535,1,2,1,8,6,94038,M,,,94
200800065051,8,11,21,1915,5,2,1,1,6,94038,M,,,94
200800065052,8,11,26,645,5,2,1,1,6,94073,M,,,94
200800065053,8,11,26,1800,5,2,3,1,3,94073,M,,,94
200800065054,8,11,28,1710,5,2,1,1,3,94073,M,,,94
200800065055,8,11,29,1930,5,2,3,1,3,94034,M,,,94
200800065056,8,11,6,1630,2,2,1,2,7,94041,M,,,94
200800065057,8,11,10,1530,1,2,2,2,3,94041,M,,,94
200800065058,8,11,14,845,1,2,1,2,7,94041,M,,,94
200800065059,8,11,17,1050,1,2,1,2,3,94041,M,,,94
200800065060,8,11,19,1835,2,2,1,1,3,94041,M,,,94
200800065061,8,11,22,1445,1,2,1,1,7,94041,M,,,94
200800065062,8,11,23,1340,1,2,2,2,3,94041,M,,,94
200800065063,8,11,25,740,1,2,2,1,7,94041,M,,,94
200800065064,8,11,29,1930,5,2,1,2,7,94041,M,,,94
200800065065,8,11,2,1235,1,2,3,1,6,94041,M,,,94
200800065066,8,11,27,1145,1,2,2,1,7,94041,M,,,94
200800065067,8,11,27,2050,5,2,2,2,3,94041,M,,,94
200800065068,8,11,13,1620,1,2,1,1,6,94046,M,,,94
200800065069,8,11,21,1810,5,2,3,1,6,94046,M,,,94
200800065070,8,11,28,1100,1,2,1,1,6,94046,M,,,94
200800065071,8,11,22,1645,1,2,1,1,3,95018,M,,,95
200800065072,8,11,18,725,2,2,3,2,3,95018,M,,,95
200800065073,8,11,17,810,1,2,9,8,7,95018,M,,,95
200800065074,8,11,23,1715,5,2,2,3,1,95018,M,,,95
200800065075,8,11,30,745,5,2,2,2,7,95018,M,,,95
200800065076,8,11,19,1100,1,1,1,8,1,95063,M,,,95