Num_Acc,an,mois,jour,hrmn,lum,agg,int,atm,col,com,gps,lat,long,dep
200800065077,8,11,20,830,1,1,1,1,3,95063,M,,,95
200800065078,8,11,25,850,1,1,1,9,6,95063,M,,,95
200800065079,8,11,2,1055,1,2,1,1,7,95572,M,,,95
200800065080,8,11,15,1950,4,2,1,2,7,95127,M,,,95
200800065081,8,11,23,2050,5,2,1,2,6,95127,M,,,95
200800065082,8,11,24,1255,1,2,1,1,7,95218,M,,,95
200800065083,8,11,29,1935,2,2,1,1,7,95127,M,,,95
200800065084,8,11,5,720,2,2,2,2,3,95197,M,,,95
200800065085,8,11,1,1800,2,2,2,2,6,95210,M,,,95
200800065086,8,11,5,1550,1,1,1,8,1,95014,M,,,95
200800065087,8,11,3,825,1,2,1,1,2,95219,M,,,95
200800065088,8,11,4,1652,1,2,1,1,6,95203,M,,,95
200800065089,8,11,4,1705,2,2,1,1,6,95252,M,,,95
200800065090,8,11,10,2000,5,2,1,8,2,95203,M,,,95
200800065091,8,11,12,2230,5,2,2,1,3,95203,M,,,95
200800065092,8,11,15,1145,1,2,1,8,6,95203,M,,,95
200800065093,8,11,3,1510,1,2,1,1,3,94052,M,,,94
200800065094,8,11,4,1640,2,2,1,1,6,94058,M,,,94
200800065095,8,11,5,1710,5,2,1,1,6,94042,M,,,94
200800065096,8,11,5,1745,5,2,1,1,4,94058,M,,,94
200800065097,8,11,12,1415,1,2,1,1,3,94052,M,,,94
200800065098,8,11,14,45,5,2,2,1,3,94052,M,,,94
200800065099,8,11,17,1810,5,2,1,1,6,94058,M,,,94
200800065100,8,11,10,1215,1,2,1,2,4,94042,M,,,94
200800065101,8,11,24,1950,5,2,1,2,6,94052,M,,,94
200800065102,8,11,3,805,1,2,1,1,6,94068,M,,,94
200800065103,8,11,4,1835,5,2,1,1,7,94068,M,,,94
200800065104,8,11,6,1730,5,2,1,1,6,94068,M,,,94
200800065105,8,11,8,1110,1,2,1,1,6,94068,M,,,94
200800065106,8,11,13,540,5,2,1,1,6,94068,M,,,94
200800065107,8,11,13,840,1,2,1,1,7,94068,M,,,94
200800065108,8,11,16,1200,1,2,1,1,6,94068,M,,,94
200800065109,8,11,14,2115,5,2,1,2,6,94068,M,,,94
200800065110,8,11,20,1135,1,2,1,1,7,94068,M,,,94
200800065111,8,11,23,1325,1,2,2,4,3,94068,M,,,94
200800065112,8,11,27,1658,1,2,1,1,6,94068,M,,,94
200800065113,8,11,28,2200,5,2,1,1,6,94068,M,,,94
200800065114,8,11,1,1945,5,2,1,1,1,94077,M,,,94
200800065115,8,11,7,1920,5,2,1,2,6,94077,M,,,94
200800065116,8,11,8,1745,5,2,1,2,3,94078,M,,,94
200800065117,8,11,12,1105,1,2,1,1,1,94078,M,,,94
200800065118,8,11,17,1730,5,2,1,1,3,94074,M,,,94
200800065119,8,11,21,1905,5,2,1,1,6,94077,M,,,94
200800065120,8,11,8,1845,5,2,1,8,6,94074,M,,,94
200800065121,8,11,25,1215,1,2,2,1,1,94077,M,,,94
200800065122,8,11,24,2115,4,2,3,1,6,94081,M,,,94
200800065123,8,11,26,1305,1,2,1,1,2,94081,M,,,94
200800065124,8,11,28,1845,5,2,3,1,6,94081,M,,,94
200800065125,8,11,3,1635,1,2,2,1,3,95018,M,,,95
200800065126,8,11,3,635,5,2,6,1,6,95176,M,,,95
200800065127,8,11,4,1225,1,2,2,1,3,95176,M,,,95
200800065128,8,11,4,825,1,2,1,1,3,95018,M,,,95
200800065129,8,11,3,1345,1,2,2,1,3,95018,M,,,95
200800065130,8,11,6,755,2,2,3,1,3,95018,M,,,95
200800065131,8,11,4,930,1,1,4,1,2,95018,M,,,95
200800065132,8,11,8,1840,5,2,5,2,6,95018,M,,,95
200800065133,8,11,7,650,5,2,2,1,3,95018,M,,,95
200800065134,8,11,9,1505,1,2,2,1,2,95018,M,,,95
200800065135,8,11,11,1845,5,2,1,2,6,95018,M,,,95
200800065136,8,11,12,1825,5,2,2,1,3,95018,M,,,95
200800065137,8,11,14,955,1,2,3,2,3,95018,M,,,95
200800065138,8,11,14,1820,5,2,1,2,6,95582,M,,,95
200800065139,8,11,15,710,5,2,1,1,6,95018,M,,,95
200800065140,8,11,15,945,1,2,1,1,7,95018,M,,,95
200800065141,8,11,13,715,5,2,3,1,2,95018,M,,,95
200800065142,8,11,14,1935,5,2,1,1,4,95018,M,,,95
200800065143,8,11,17,1815,5,2,1,8,6,95018,M,,,95
200800065144,8,11,18,820,5,2,2,2,3,95018,M,,,95
200800065145,8,11,20,1600,1,2,6,1,7,95582,M,,,95
200800065146,8,11,20,1910,5,2,1,2,7,95018,M,,,95
200800065147,8,11,20,1840,5,2,2,1,3,95018,M,,,95
200800065148,8,11,27,210,5,2,1,1,6,67482,M,,,67
200800065149,8,11,27,1645,2,2,1,1,6,67447,M,,,67
200800065150,8,11,27,2105,4,2,1,1,7,67218,M,,,67
200800065151,8,11,28,1920,5,2,3,1,2,67482,M,,,67
200800065152,8,11,29,920,2,2,3,1,3,67043,M,,,67
200800065153,8,11,30,700,5,2,2,1,3,67482,M,,,67
200800065154,8,11,6,1519,1,2,2,1,3,68066,M,,,68
200800065155,8,11,7,700,5,2,6,1,7,68066,M,,,68
200800065156,8,11,11,20,5,2,2,1,6,68066,M,,,68
200800065157,8,11,14,1206,1,2,7,1,6,68066,M,,,68
200800065158,8,11,14,1310,1,2,2,1,6,68066,M,,,68
200800065159,8,11,18,1421,1,2,1,1,2,68066,M,,,68
200800065160,8,11,20,1702,5,2,3,1,2,68066,M,,,68
200800065161,8,11,21,1546,1,2,2,1,3,68066,M,,,68
200800065162,8,11,24,1451,1,2,1,1,6,68066,M,,,68
200800065163,8,11,21,1556,1,2,3,1,6,68066,M,,,68
200800065164,8,11,5,1240,1,2,3,1,3,68224,M,,,68
200800065165,8,11,5,1508,1,2,6,1,1,68224,M,,,68
200800065166,8,11,6,950,1,2,9,1,6,68224,M,,,68
200800065167,8,11,2,317,5,2,2,1,3,68224,M,,,68
200800065168,8,11,7,1545,1,2,1,1,6,68224,M,,,68
200800065169,8,11,8,1646,1,2,2,1,3,68271,M,,,68
200800065170,8,11,13,929,1,2,3,2,6,68224,M,,,68
200800065171,8,11,18,1520,1,2,3,1,3,68224,M,,,68
200800065172,8,11,26,2111,5,1,1,1,6,68224,M,,,68
200800065173,8,11,28,725,1,2,1,1,6,68224,M,,,68
200800065174,8,11,25,1720,1,2,1,1,2,68224,M,,,68
200800065175,8,11,22,1315,1,2,3,1,6,68224,M,,,68
200800065176,8,11,27,825,1,2,1,1,3,68224,M,,,68
200800065177,8,11,21,1730,3,1,9,1,6,68224,M,,,68
200800065178,8,11,25,1810,5,2,6,1,2,68224,M,,,68
200800065179,8,11,4,2300,5,2,2,1,3,68271,M,,,68
200800065180,8,11,28,2000,5,2,9,1,2,68224,M,,,68
200800065181,8,11,21,1715,5,2,1,8,3,68297,M,,,68
200800065182,8,11,14,2145,5,2,1,1,3,69029,M,,,69
200800065183,8,11,3,910,1,2,1,1,6,69034,M,,,69
200800065184,8,11,8,400,5,2,1,2,1,69034,M,,,69
200800065185,8,11,14,1300,1,2,1,1,3,69034,M,,,69
200800065186,8,11,24,925,1,2,1,1,6,69034,M,,,69
200800065187,8,11,25,1630,1,2,1,1,6,69034,M,,,69
200800065188,8,11,27,1800,5,2,1,1,6,69034,M,,,69
200800065189,8,11,9,2145,5,2,2,1,5,69096,M,,,69
200800065190,8,11,6,930,1,2,2,2,3,69152,M,,,69
200800065191,8,11,25,700,5,2,9,1,2,69152,M,,,69
200800065192,8,11,21,1700,5,2,1,3,3,69202,M,,,69
200800065193,8,11,21,735,5,2,3,1,1,69149,M,,,69
200800065194,8,11,27,1850,5,2,4,1,3,69152,M,,,69
200800065195,8,11,13,705,2,2,1,1,6,69256,M,,,69
200800065196,8,11,24,1830,4,2,1,8,1,69256,M,,,69
200800065197,8,11,3,1300,1,2,2,1,3,69259,M,,,69
200800065198,8,11,4,550,5,2,2,1,3,69199,M,,,69
200800065199,8,11,3,1520,1,2,1,1,7,69259,M,,,69
200800065200,8,11,4,1900,5,2,1,1,2,69259,M,,,69
200800065201,8,11,4,1610,1,2,3,1,1,69259,M,,,69
200800065202,8,11,13,1505,1,2,1,1,5,69259,M,,,69
200800065203,8,11,18,1330,1,2,2,1,7,69259,M,,,69
200800065204,8,11,14,1750,3,2,3,1,6,69199,M,,,69
200800065205,8,11,15,1055,1,2,1,1,6,69199,M,,,69
200800065206,8,11,19,1100,1,2,6,8,3,69259,M,,,69
200800065207,8,11,17,830,1,2,1,1,3,69259,M,,,69
200800065208,8,11,19,1750,5,2,1,1,2,69259,M,,,69
200800065209,8,11,21,2145,5,2,2,1,1,69199,M,,,69
200800065210,8,11,24,1820,2,2,1,1,6,69259,M,,,69
200800065211,8,11,25,1725,5,2,1,1,6,69199,M,,,69
200800065212,8,11,7,2100,5,2,1,2,2,69259,M,,,69
200800065213,8,11,16,1145,1,1,1,1,6,69013,M,,,69
200800065214,8,11,1,1800,5,2,1,3,6,69013,M,,,69
200800065215,8,11,3,1925,5,2,3,1,3,69266,M,,,69
200800065216,8,11,4,815,1,2,3,1,6,69266,M,,,69
200800065217,8,11,4,1315,1,2,1,1,6,69266,M,,,69
200800065218,8,11,5,1420,1,2,3,1,6,69266,M,,,69
200800065219,8,11,6,2250,5,2,2,1,3,69266,M,,,69
200800065220,8,11,8,2315,5,2,1,1,3,69266,M,,,69
200800065221,8,11,9,845,1,2,2,2,6,69266,M,,,69
200800065222,8,11,10,1830,5,2,1,1,1,69266,M,,,69
200800065223,8,11,12,1930,5,2,2,1,2,69266,M,,,69
200800065224,8,11,15,1845,5,2,1,1,6,69266,M,,,69
200800065225,8,11,22,1750,5,2,4,2,1,69266,M,,,69
200800065226,8,11,27,15,5,2,2,1,3,67482,M,,,67
200800065227,8,11,30,2245,5,2,3,1,3,69266,M,,,69
200800065228,8,11,29,2245,5,2,1,2,6,69266,M,,,69
200800065229,8,11,25,1215,1,2,1,1,6,69266,M,,,69
200800065230,8,11,19,1210,1,2,1,1,6,69282,M,,,69
200800065231,8,11,9,1645,1,2,1,1,6,69290,M,,,69
200800065232,8,11,21,1400,1,2,3,1,3,69290,M,,,69
200800065233,8,11,1,15,5,1,1,1,7,70388,M,,,70
200800065234,8,11,17,1800,5,2,2,1,6,71076,M,,,71
200800065235,8,11,19,1320,1,1,1,1,1,71445,M,,,71
200800065236,8,11,22,1910,5,2,1,1,3,71076,M,,,71
200800065237,8,11,25,930,1,2,1,1,6,71076,M,,,71
200800065238,8,11,25,1800,5,2,1,1,3,71076,M,,,71
200800065239,8,11,21,1620,1,2,3,1,6,71153,M,,,71
200800065240,8,11,2,1345,1,2,1,1,7,71105,M,,,71
200800065241,8,11,1,2250,5,2,1,3,2,71270,M,,,71
200800065242,8,11,5,1630,1,2,2,1,3,71105,M,,,71
200800065243,8,11,8,2025,5,2,1,1,3,71270,M,,,71
200800065244,8,11,10,1530,1,2,3,1,5,71497,M,,,71
200800065245,8,11,18,1710,2,1,1,2,2,71105,M,,,71
200800065246,8,11,3,2320,5,2,1,1,7,71499,M,,,71
200800065247,8,11,3,1805,5,2,3,1,3,71306,M,,,71
200800065248,8,11,24,840,2,2,3,2,7,71306,M,,,71
200800065249,8,11,3,1735,5,2,1,2,2,72181,M,,,72
200800065250,8,11,4,1315,1,2,1,1,2,72181,M,,,72
200800065251,8,11,4,1510,1,2,1,1,6,72003,M,,,72
200800065252,8,11,4,1720,1,1,1,1,3,72181,M,,,72
200800065253,8,11,4,1930,5,2,1,1,6,72181,M,,,72
200800065254,8,11,5,1850,5,2,1,2,3,72181,M,,,72
200800065255,8,11,8,617,5,2,1,1,3,72003,M,,,72
200800065256,8,11,8,1100,1,1,1,1,6,72003,M,,,72
200800065257,8,11,8,1715,5,2,1,2,4,72003,M,,,72
200800065258,8,11,9,429,5,2,1,2,6,72181,M,,,72
200800065259,8,11,14,1350,1,2,1,1,3,72181,M,,,72
200800065260,8,11,16,1918,5,2,1,1,3,72181,M,,,72
200800065261,8,11,20,745,1,2,1,1,3,72181,M,,,72
200800065262,8,11,20,1832,5,2,1,1,6,72181,M,,,72
200800065263,8,11,21,1550,1,2,3,1,3,72181,M,,,72
200800065264,8,11,21,1535,1,2,1,1,3,72181,M,,,72
200800065265,8,11,21,1745,5,2,2,1,3,72181,M,,,72
200800065266,8,11,22,620,5,2,1,1,7,72181,M,,,72
200800065267,8,11,23,1720,2,2,1,2,2,72003,M,,,72
200800065268,8,11,5,1843,5,2,3,1,3,73011,M,,,73
200800065269,8,11,27,1850,5,2,9,1,6,73029,M,,,73
200800065270,8,11,6,1720,2,2,1,1,6,74010,M,,,74
200800065271,8,11,7,1630,1,2,1,1,6,74010,M,,,74
200800065272,8,11,22,1705,5,2,1,1,6,74010,M,,,74
200800065273,8,11,12,1705,1,2,1,1,1,74012,M,,,74
200800065274,8,11,28,735,2,2,1,1,3,74012,M,,,74
200800065275,8,11,18,1435,1,2,3,1,5,74119,M,,,74
200800065276,8,11,23,20,5,2,6,1,7,74281,M,,,74
200800065277,8,11,26,1452,1,2,1,1,2,74281,M,,,74
200800065278,8,11,26,730,2,2,8,1,6,76476,M,,,76
200800065279,8,11,4,1840,5,2,1,1,6,76114,M,,,76
200800065280,8,11,19,1338,1,2,2,1,3,76329,M,,,76
200800065281,8,11,8,657,2,2,1,1,3,76329,M,,,76
200800065282,8,11,1,305,3,1,1,8,7,76217,M,,,76
200800065283,8,11,5,50,5,2,1,1,7,76217,M,,,76
200800065284,8,11,10,1355,1,1,3,1,6,76565,M,,,76
200800065285,8,11,14,2345,5,2,4,1,7,76231,M,,,76
200800065286,8,11,29,1300,1,2,3,1,3,76259,M,,,76
200800065287,8,11,1,515,5,2,1,1,6,76351,M,,,76
200800065288,8,11,2,1825,3,2,2,1,3,76351,M,,,76
200800065289,8,11,2,1840,5,2,1,2,7,76351,M,,,76
200800065290,8,11,5,1240,1,2,2,1,3,76351,M,,,76
200800065291,8,11,7,1000,1,2,1,1,6,76351,M,,,76
200800065292,8,11,9,1640,1,2,1,1,3,76351,M,,,76
200800065293,8,11,14,755,5,2,3,2,2,76351,M,,,76
200800065294,8,11,15,930,1,2,2,2,6,76351,M,,,76
200800065295,8,11,15,1225,1,2,3,8,3,76447,M,,,76
200800065296,8,11,16,1725,1,2,2,1,3,76351,M,,,76
200800065297,8,11,19,2015,5,2,2,1,3,76351,M,,,76
200800065298,8,11,20,1727,2,2,1,1,7,76447,M,,,76
200800065299,8,11,20,2020,3,1,1,1,6,76351,M,,,76
200800065300,8,11,21,2000,5,2,2,1,6,76351,M,,,76
200800065301,8,11,22,1735,2,2,1,8,6,76351,M,,,76
200800065302,8,11,23,1830,5,2,1,8,5,76351,M,,,76
200800065303,8,11,11,400,5,2,1,1,6,76351,M,,,76
200800065304,8,11,5,1300,1,2,1,1,6,76351,M,,,76
200800065305,8,11,2,45,5,2,1,1,2,77108,M,,,77
200800065306,8,11,13,1930,2,2,1,1,6,77139,M,,,77
200800065307,8,11,30,1905,4,2,2,2,1,77055,M,,,77
200800065308,8,11,28,1430,1,2,2,1,3,77108,M,,,77
200800065309,8,11,1,1540,1,1,1,2,1,77131,M,,,77
200800065310,8,11,8,440,3,1,1,5,7,77070,M,,,77
200800065311,8,11,12,900,1,2,1,2,6,77042,M,,,77
200800065312,8,11,14,2205,3,2,1,2,6,77131,M,,,77
200800065313,8,11,19,625,5,2,1,1,1,77131,M,,,77
200800065314,8,11,24,1355,1,2,6,1,7,77131,M,,,77
200800065315,8,11,2,2020,5,2,1,1,3,77152,M,,,77
200800065316,8,11,13,1740,5,2,1,1,6,77152,M,,,77
200800065317,8,11,7,2350,3,1,1,1,6,77186,M,,,77
200800065318,8,11,16,816,1,1,1,1,6,77186,M,,,77
200800065319,8,11,23,2140,5,2,1,1,6,77014,M,,,77
200800065320,8,11,13,1035,1,2,1,1,6,77186,M,,,77
200800065321,8,11,25,815,1,2,2,2,3,77186,M,,,77
200800065322,8,11,14,2225,5,2,2,1,3,77285,M,,,77
200800065323,8,11,17,500,3,1,1,1,1,77410,M,,,77
200800065324,8,11,30,2000,3,1,1,2,7,77306,M,,,77
200800065325,8,11,6,1343,1,2,1,2,2,77294,M,,,77
200800065326,8,11,7,1150,1,2,2,2,3,77241,M,,,77
200800065327,8,11,12,1413,1,1,1,1,1,77294,M,,,77
200800065328,8,11,11,2112,3,1,1,8,5,77291,M,,,77
200800065329,8,11,18,1825,3,1,1,8,4,77294,M,,,77
200800065330,8,11,22,1200,1,2,1,1,1,77294,M,,,77
200800065331,8,11,6,2010,5,2,1,1,6,77122,M,,,77
200800065332,8,11,15,1055,1,2,1,8,3,77251,M,,,77
200800065333,8,11,18,900,1,1,6,3,3,77296,M,,,77
200800065334,8,11,29,228,5,2,1,2,7,77053,M,,,77
200800065335,8,11,30,1805,3,1,1,1,1,77053,M,,,77
200800065336,8,11,29,20,3,1,1,1,6,77166,M,,,77
200800065337,8,11,2,1605,1,2,1,1,6,77146,M,,,77
200800065338,8,11,5,1935,5,2,3,1,3,77468,M,,,77
200800065339,8,11,6,1815,3,1,5,2,2,77258,M,,,77
200800065340,8,11,28,1658,2,2,1,1,6,77121,M,,,77
200800065341,8,11,12,1550,1,2,1,1,6,77373,M,,,77
200800065342,8,11,7,940,1,2,9,1,6,77373,M,,,77
200800065343,8,11,20,1835,4,2,3,1,1,77249,M,,,77
200800065344,8,11,21,2210,3,1,1,2,2,77350,M,,,77
200800065345,8,11,21,1900,5,2,1,1,6,77350,M,,,77
200800065346,8,11,7,1435,2,2,3,2,3,77379,M,,,77
200800065347,8,11,25,1900,5,2,2,2,3,78208,M,,,78
200800065348,8,11,11,1445,1,2,1,1,3,78297,M,,,78
200800065349,8,11,14,1315,1,2,1,1,4,78423,M,,,78
200800065350,8,11,14,1630,1,2,1,1,6,78688,M,,,78
200800065351,8,11,14,1800,5,2,2,2,3,78297,M,,,78
200800065352,8,11,19,830,2,2,5,8,6,78423,M,,,78
200800065353,8,11,25,1725,5,2,1,9,6,78423,M,,,78
200800065354,8,11,26,1330,5,1,1,9,3,78423,M,,,78
200800065355,8,11,20,1630,1,2,3,8,3,78124,M,,,78
200800065356,8,11,5,855,1,2,3,2,7,78311,M,,,78
200800065357,8,11,5,2250,5,2,6,8,6,78358,M,,,78
200800065358,8,11,11,1825,5,2,1,8,2,78361,M,,,78
200800065359,8,11,13,655,5,2,1,1,3,78362,M,,,78
200800065360,8,11,13,850,1,2,1,1,6,78361,M,,,78
200800065361,8,11,15,2200,5,1,1,2,7,78217,M,,,78
200800065362,8,11,16,1210,1,2,2,1,3,78361,M,,,78
200800065363,8,11,19,815,1,2,2,1,3,78354,M,,,78
200800065364,8,11,12,1810,2,2,1,1,2,78372,M,,,78
200800065365,8,11,8,1805,5,2,1,2,7,78674,M,,,78
200800065366,8,11,18,1740,3,1,1,2,7,78490,M,,,78
200800065367,8,11,19,1650,2,2,1,8,3,78165,M,,,78
200800065368,8,11,25,1415,1,2,3,2,1,78490,M,,,78
200800065369,8,11,26,1800,3,2,1,8,4,78490,M,,,78
200800065370,8,11,30,1305,1,2,1,2,7,78165,M,,,78
200800065371,8,11,30,2030,5,2,1,2,4,78165,M,,,78
200800065372,8,11,3,1414,1,2,1,1,6,78643,M,,,78
200800065373,8,11,2,2115,5,2,2,1,1,78498,M,,,78
200800065374,8,11,10,1935,5,2,1,2,1,78498,M,,,78
200800065375,8,11,11,2000,5,2,1,1,6,78498,M,,,78
200800065376,8,11,12,2020,5,1,2,1,2,78642,M,,,78
200800065377,8,11,15,1805,5,2,1,2,6,78123,M,,,78
200800065378,8,11,18,915,1,1,1,2,3,78624,M,,,78
200800065379,8,11,8,2245,5,2,2,1,3,78498,M,,,78
200800065380,8,11,14,700,5,2,8,2,4,78498,M,,,78
200800065381,8,11,20,1800,5,2,2,1,6,78498,M,,,78
200800065382,8,11,25,1215,1,2,2,1,6,78498,M,,,78
200800065383,8,11,24,1335,1,1,1,1,3,78643,M,,,78
200800065384,8,11,27,1615,1,2,6,1,7,78498,M,,,78
200800065385,8,11,29,1310,1,1,3,2,2,78123,M,,,78
200800065386,8,11,13,1817,5,2,1,1,6,78498,M,,,78
200800065387,8,11,14,15,5,2,7,1,6,78123,M,,,78
200800065388,8,11,5,930,1,2,3,2,7,78517,M,,,78
200800065389,8,11,25,2130,5,2,1,1,7,78486,M,,,78
200800065390,8,11,21,2210,5,2,2,3,6,78242,M,,,78
200800065391,8,11,10,745,2,2,2,2,3,78551,M,,,78
200800065392,8,11,21,840,1,2,1,2,6,78133,M,,,78
200800065393,8,11,18,1510,1,2,1,1,6,78586,M,,,78
200800065394,8,11,18,1905,5,2,1,1,6,78586,M,,,78
200800065395,8,11,15,1505,1,2,1,1,4,78621,M,,,78
200800065396,8,11,20,2305,5,1,1,1,7,78621,M,,,78
200800065397,8,11,22,1450,1,2,1,1,1,78621,M,,,78
200800065398,8,11,11,1415,1,2,1,6,2,78640,M,,,78
200800065399,8,11,18,825,1,2,9,2,6,78640,M,,,78
200800065400,8,11,20,2255,5,1,2,1,3,78640,M,,,78
200800065401,8,11,22,1200,1,2,1,7,6,78640,M,,,78
200800065402,8,11,24,1545,1,2,1,8,6,78640,M,,,78
200800065403,8,11,30,1510,1,2,3,2,3,78322,M,,,78
200800065404,8,11,2,1440,1,2,1,1,6,78158,M,,,78
200800065405,8,11,4,1020,1,2,1,1,3,78646,M,,,78
200800065406,8,11,13,1710,2,2,1,1,2,78646,M,,,78
200800065407,8,11,14,1640,1,2,1,2,6,78158,M,,,78
200800065408,8,11,21,1900,5,2,1,1,6,78646,M,,,78
200800065409,8,11,18,1130,1,2,1,1,6,78646,M,,,78
200800065410,8,11,22,1605,1,2,1,1,6,78646,M,,,78
200800065411,8,11,23,1840,5,2,1,2,6,78646,M,,,78
200800065412,8,11,26,1725,5,2,3,1,5,78646,M,,,78
200800065413,8,11,28,1830,5,2,1,1,6,78646,M,,,78
200800065414,8,11,4,1855,5,2,1,1,1,79191,M,,,79
200800065415,8,11,8,1335,1,2,2,2,3,79191,M,,,79
200800065416,8,11,13,1810,5,2,1,1,3,79191,M,,,79
200800065417,8,11,14,1705,5,2,4,1,1,79191,M,,,79
200800065418,8,11,18,1750,5,1,1,2,6,79329,M,,,79
200800065419,8,11,23,2300,3,1,1,2,6,79259,M,,,79
200800065420,8,11,26,1400,1,2,1,1,2,79329,M,,,79
200800065421,8,11,27,630,3,1,3,1,3,79259,M,,,79
200800065422,8,11,13,810,1,2,1,1,6,80001,M,,,80
200800065423,8,11,15,1720,2,2,3,2,3,80001,M,,,80
200800065424,8,11,4,1735,5,2,1,1,7,80021,M,,,80
200800065425,8,11,5,1725,2,2,3,1,3,80021,M,,,80
200800065426,8,11,5,1910,5,2,5,1,6,80021,M,,,80
200800065427,8,11,5,1715,5,2,2,1,3,80021,M,,,80
200800065428,8,11,5,1145,1,2,2,2,3,80021,M,,,80
200800065429,8,11,5,1030,1,2,2,2,3,80021,M,,,80
200800065430,8,11,6,750,1,2,1,1,6,80021,M,,,80
200800065431,8,11,7,510,5,2,1,1,7,80021,M,,,80
200800065432,8,11,6,740,1,2,3,1,3,80021,M,,,80
200800065433,8,11,10,1920,5,1,1,2,2,80021,M,,,80
200800065434,8,11,10,2010,5,2,3,2,3,80021,M,,,80
200800065435,8,11,11,2110,5,2,1,1,7,80021,M,,,80
200800065436,8,11,7,1030,1,2,3,1,3,80021,M,,,80
200800065437,8,11,13,1735,5,2,1,1,7,80021,M,,,80
200800065438,8,11,13,1135,1,2,1,2,7,80261,M,,,80
200800065439,8,11,14,1605,1,2,2,1,6,80021,M,,,80
200800065440,8,11,17,1745,5,2,1,1,5,80021,M,,,80
200800065441,8,11,17,1605,1,2,3,1,3,80021,M,,,80
200800065442,8,11,17,1015,1,2,1,1,7,80021,M,,,80
200800065443,8,11,14,2215,5,2,1,2,7,80021,M,,,80
200800065444,8,11,13,1250,1,2,1,1,3,80021,M,,,80
200800065445,8,11,19,856,1,2,1,1,2,80021,M,,,80
200800065446,8,11,19,905,1,2,1,1,2,80021,M,,,80
200800065447,8,11,19,1735,5,2,3,1,6,80021,M,,,80
200800065448,8,11,18,1750,5,2,1,2,7,80021,M,,,80
200800065449,8,11,18,1845,5,2,1,2,3,80021,M,,,80
200800065450,8,11,24,1800,5,2,2,2,3,80021,M,,,80
200800065451,8,11,8,45,5,2,1,1,2,80021,M,,,80
200800065452,8,11,24,1445,1,2,1,2,7,80021,M,,,80
200800065453,8,11,25,1054,1,2,2,1,3,80021,M,,,80
200800065454,8,11,30,700,5,2,1,1,1,80261,M,,,80
200800065455,8,11,29,1455,1,2,3,1,3,80021,M,,,80
200800065456,8,11,29,1510,1,2,1,1,2,80021,M,,,80
200800065457,8,11,28,1525,1,1,1,1,2,80021,M,,,80
200800065458,8,11,27,1340,1,2,2,1,3,80021,M,,,80
200800065459,8,11,11,1100,1,2,1,1,6,81004,M,,,81
200800065460,8,11,23,1800,5,2,2,2,3,81004,M,,,81
200800065461,8,11,8,1850,5,2,6,2,3,78642,M,,,78
200800065462,8,11,29,1950,5,1,1,1,6,78643,M,,,78
200800065463,8,11,18,1800,5,2,1,2,6,81065,M,,,81
200800065464,8,11,22,1805,5,2,2,2,3,81163,M,,,81
200800065465,8,11,28,745,2,2,1,1,6,81163,M,,,81
200800065466,8,11,19,1638,1,2,1,1,6,82033,M,,,82
200800065467,8,11,17,1800,1,1,1,1,6,82121,M,,,82
200800065468,8,11,8,1235,1,2,1,1,6,82121,M,,,82
200800065469,8,11,8,1820,5,2,1,1,6,82121,M,,,82
200800065470,8,11,11,1755,5,2,1,1,6,82121,M,,,82
200800065471,8,11,14,2340,5,2,1,1,6,82121,M,,,82
200800065472,8,11,18,745,1,2,1,1,6,82121,M,,,82
200800065473,8,11,20,1605,1,2,2,1,6,82121,M,,,82
200800065474,8,11,24,2200,5,2,3,1,6,82121,M,,,82
200800065475,8,11,12,945,1,2,1,1,3,82121,M,,,82
200800065476,8,11,12,1720,3,1,1,1,2,83141,M,,,83
200800065477,8,11,15,2200,3,1,1,1,7,83050,M,,,83
200800065478,8,11,17,1745,5,2,1,1,6,83050,M,,,83
200800065479,8,11,19,1905,5,2,3,1,3,83050,M,,,83
200800065480,8,11,24,848,1,2,1,1,3,83050,M,,,83
200800065481,8,11,5,940,1,2,1,8,3,83118,M,,,83
200800065482,8,11,26,1205,1,2,1,1,6,83061,M,,,83
200800065483,8,11,28,1835,5,2,2,2,3,83061,M,,,83
200800065484,8,11,6,945,1,2,6,2,6,83118,M,,,83
200800065485,8,11,18,1700,3,2,1,3,6,83069,M,,,83
200800065486,8,11,13,1750,4,1,1,1,1,83069,M,,,83
200800065487,8,11,26,830,1,2,1,1,2,83069,M,,,83
200800065488,8,11,30,1810,5,2,1,2,2,83069,M,,,83
200800065489,8,11,29,1355,1,2,1,1,1,83069,M,,,83
200800065490,8,11,21,1215,1,2,1,1,3,83129,M,,,83
200800065491,8,11,25,330,5,2,1,1,6,83009,M,,,83
200800065492,8,11,25,1555,1,2,1,8,4,83129,M,,,83
200800065493,8,11,2,1730,5,2,1,3,3,83126,M,,,83
200800065494,8,11,3,1610,1,2,2,9,3,83126,M,,,83
200800065495,8,11,11,45,5,2,3,1,3,83126,M,,,83
200800065496,8,11,7,1630,1,2,3,1,3,83126,M,,,83