Num_Acc,an,mois,jour,hrmn,lum,agg,int,atm,col,com,gps,lat,long,dep
200800065497,8,11,14,2040,5,2,4,1,3,83126,M,,,83
200800065498,8,11,17,850,1,1,6,1,6,83126,M,,,83
200800065499,8,11,17,2250,5,2,1,1,6,83126,M,,,83
200800065500,8,11,27,716,2,1,1,1,3,83126,M,,,83
200800065501,8,11,3,2250,5,2,3,1,3,83137,M,,,83
200800065502,8,11,3,1830,5,2,1,8,3,83137,M,,,83
200800065503,8,11,4,715,5,1,1,2,2,83137,M,,,83
200800065504,8,11,6,1630,5,2,1,2,1,83090,M,,,83
200800065505,8,11,8,1834,5,2,1,1,3,83137,M,,,83
200800065506,8,11,8,1830,5,2,1,1,3,83137,M,,,83
200800065507,8,11,2,1800,4,1,1,3,3,83137,M,,,83
200800065508,8,11,6,830,1,2,1,1,2,83137,M,,,83
200800065509,8,11,5,1430,1,2,1,2,3,83090,M,,,83
200800065510,8,11,9,1300,1,2,1,1,6,83137,M,,,83
200800065511,8,11,12,1100,1,2,3,1,3,83137,M,,,83
200800065512,8,11,14,1245,1,2,1,1,1,83137,M,,,83
200800065513,8,11,14,1540,1,2,3,1,3,83137,M,,,83
200800065514,8,11,15,1700,1,2,3,1,3,83137,M,,,83
200800065515,8,11,14,1210,1,2,1,1,5,83137,M,,,83
200800065516,8,11,17,1715,2,2,1,1,3,83090,M,,,83
200800065517,8,11,17,1330,1,2,1,1,3,83090,M,,,83
200800065518,8,11,17,800,1,2,1,1,3,83137,M,,,83
200800065519,8,11,18,2225,5,2,1,1,3,83137,M,,,83
200800065520,8,11,21,1448,1,2,1,1,5,83137,M,,,83
200800065521,8,11,5,1830,4,1,1,1,6,83137,M,,,83
200800065522,8,11,18,745,1,2,1,1,3,83144,M,,,83
200800065523,8,11,24,830,1,2,1,1,6,83137,M,,,83
200800065524,8,11,26,500,3,2,1,1,2,83137,M,,,83
200800065525,8,11,24,1830,5,2,1,1,7,83137,M,,,83
200800065526,8,11,23,815,2,1,1,1,6,83090,M,,,83
200800065527,8,11,25,2040,5,2,3,1,1,83137,M,,,83
200800065528,8,11,28,1615,1,2,1,1,2,83137,M,,,83
200800065529,8,11,28,800,1,2,6,2,2,83137,M,,,83
200800065530,8,11,18,810,1,2,1,1,2,83137,M,,,83
200800065531,8,11,27,1700,5,2,1,1,6,83144,M,,,83
200800065532,8,11,2,1750,2,2,1,3,2,84007,M,,,84
200800065533,8,11,5,1745,1,2,1,1,6,84007,M,,,84
200800065534,8,11,7,100,5,2,3,1,3,84007,M,,,84
200800065535,8,11,7,1655,1,2,1,1,6,84007,M,,,84
200800065536,8,11,14,2135,3,2,1,1,1,84007,M,,,84
200800065537,8,11,16,1130,1,2,1,1,3,84007,M,,,84
200800065538,8,11,16,1215,1,2,1,1,3,84007,M,,,84
200800065539,8,11,25,1750,5,2,3,8,3,81033,M,,,81
200800065540,8,11,16,1730,5,2,2,1,6,84007,M,,,84
200800065541,8,11,18,1805,5,1,1,1,3,84007,M,,,84
200800065542,8,11,20,1920,3,2,1,1,6,84007,M,,,84
200800065543,8,11,21,1515,1,2,1,1,2,84007,M,,,84
200800065544,8,11,21,1722,5,2,1,1,6,84007,M,,,84
200800065545,8,11,22,1820,5,2,1,1,3,84007,M,,,84
200800065546,8,11,26,1315,1,2,1,1,6,84007,M,,,84
200800065547,8,11,27,840,1,1,1,1,2,84007,M,,,84
200800065548,8,11,28,605,3,2,1,1,7,84007,M,,,84
200800065549,8,11,13,1600,1,1,2,1,3,84035,M,,,84
200800065550,8,11,14,755,1,1,3,1,5,84035,M,,,84
200800065551,8,11,20,1115,1,2,1,1,1,84035,M,,,84
200800065552,8,11,23,1855,3,1,1,1,6,84035,M,,,84
200800065553,8,11,29,50,5,1,1,1,1,84087,M,,,84
200800065554,8,11,28,1855,3,1,1,2,3,84089,M,,,84
200800065555,8,11,9,1950,5,2,9,1,3,85191,M,,,85
200800065556,8,11,14,1815,5,2,1,1,3,85191,M,,,85
200800065557,8,11,7,905,1,2,1,1,6,85191,M,,,85
200800065558,8,11,17,1855,5,2,2,1,3,85191,M,,,85
200800065559,8,11,20,1700,1,2,1,1,6,85191,M,,,85
200800065560,8,11,25,1220,1,2,1,1,6,85191,M,,,85
200800065561,8,11,28,1730,3,2,2,3,6,85191,M,,,85
200800065562,8,11,8,135,3,2,1,1,6,85194,M,,,85
200800065563,8,11,8,1830,5,2,1,1,6,85194,M,,,85
200800065564,8,11,11,925,1,2,1,1,6,85194,M,,,85
200800065565,8,11,12,1815,5,2,2,1,2,85194,M,,,85
200800065566,8,11,15,1925,5,2,6,1,6,85194,M,,,85
200800065567,8,11,17,1700,1,2,3,1,3,85194,M,,,85
200800065568,8,11,19,925,1,2,6,1,3,85194,M,,,85
200800065569,8,11,12,1225,1,2,1,1,6,86066,M,,,86
200800065570,8,11,28,1025,1,2,6,2,3,86066,M,,,86
200800065571,8,11,1,2130,5,2,1,1,2,86194,M,,,86
200800065572,8,11,2,430,3,1,1,1,2,86158,M,,,86
200800065573,8,11,2,1005,1,2,1,1,7,86194,M,,,86
200800065574,8,11,4,1830,3,2,3,2,3,86194,M,,,86
200800065575,8,11,6,1342,1,2,3,2,3,86194,M,,,86
200800065576,8,11,6,1410,1,2,2,2,3,86194,M,,,86
200800065577,8,11,6,1935,3,2,1,8,2,86194,M,,,86
200800065578,8,11,8,1945,5,2,2,1,3,86194,M,,,86
200800065579,8,11,12,1610,1,2,1,1,3,86194,M,,,86
200800065580,8,11,14,1235,1,2,2,2,3,86194,M,,,86
200800065581,8,11,15,1930,5,2,2,1,3,86194,M,,,86
200800065582,8,11,15,2245,5,2,2,1,3,86194,M,,,86
200800065583,8,11,20,1825,5,1,3,2,3,86157,M,,,86
200800065584,8,11,20,2025,5,2,6,2,3,86194,M,,,86
200800065585,8,11,27,1320,1,2,2,1,4,86194,M,,,86
200800065586,8,11,28,1620,1,2,1,1,6,86194,M,,,86
200800065587,8,11,2,1657,1,2,1,2,3,87075,M,,,87
200800065588,8,11,1,1741,1,2,2,2,3,87085,M,,,87
200800065589,8,11,4,1355,1,1,1,1,2,87085,M,,,87
200800065590,8,11,4,1745,5,1,1,1,4,87085,M,,,87
200800065591,8,11,5,852,1,2,6,2,6,87075,M,,,87
200800065592,8,11,5,1834,5,2,1,2,6,87085,M,,,87
200800065593,8,11,5,1943,5,2,3,2,3,87085,M,,,87
200800065594,8,11,6,1419,1,2,1,2,6,87085,M,,,87
200800065595,8,11,6,2017,5,2,3,1,3,87085,M,,,87
200800065596,8,11,10,1850,5,2,1,1,2,87085,M,,,87
200800065597,8,11,11,1500,1,2,1,1,6,87085,M,,,87
200800065598,8,11,12,850,1,1,1,1,3,87085,M,,,87
200800065599,8,11,12,1854,3,1,1,3,6,87050,M,,,87
200800065600,8,11,13,815,1,2,1,1,6,87085,M,,,87
200800065601,8,11,13,804,1,2,1,1,6,87075,M,,,87
200800065602,8,11,14,1322,1,2,1,1,3,87085,M,,,87
200800065603,8,11,14,1500,1,2,1,1,3,87085,M,,,87
200800065604,8,11,14,2004,5,1,1,1,4,87085,M,,,87
200800065605,8,11,15,1046,1,2,1,1,6,87085,M,,,87
200800065606,8,11,15,1226,1,1,1,1,6,87085,M,,,87
200800065607,8,11,16,430,5,2,1,1,6,87085,M,,,87
200800065608,8,11,18,1433,1,2,2,2,1,87085,M,,,87
200800065609,8,11,18,1327,1,2,1,2,6,87085,M,,,87
200800065610,8,11,18,1425,1,2,1,2,4,87085,M,,,87
200800065611,8,11,18,1620,1,2,1,2,6,87085,M,,,87
200800065612,8,11,18,1536,1,2,1,3,1,87065,M,,,87
200800065613,8,11,19,953,1,2,1,1,3,87085,M,,,87
200800065614,8,11,21,1339,1,2,1,2,1,87085,M,,,87
200800065615,8,11,21,1828,5,2,1,2,4,87085,M,,,87
200800065616,8,11,21,1850,5,2,1,2,4,87085,M,,,87
200800065617,8,11,15,1540,1,1,1,1,2,84007,M,,,84
200800065618,8,11,24,756,1,2,1,1,6,87085,M,,,87
200800065619,8,11,24,1815,5,2,1,1,3,87085,M,,,87
200800065620,8,11,25,722,5,2,1,1,6,87085,M,,,87
200800065621,8,11,25,959,1,2,1,1,6,87085,M,,,87
200800065622,8,11,25,1050,1,2,1,1,6,87048,M,,,87
200800065623,8,11,26,2331,5,1,1,1,6,87085,M,,,87
200800065624,8,11,28,1139,1,2,2,1,3,87085,M,,,87
200800065625,8,11,29,1915,5,2,1,2,6,87085,M,,,87
200800065626,8,11,1,1815,5,2,1,2,2,88160,M,,,88
200800065627,8,11,6,1800,5,2,3,1,3,88409,M,,,88
200800065628,8,11,23,1220,1,2,2,8,3,88413,M,4828811.0,694890.0,88
200800065629,8,11,25,2000,5,2,1,1,6,88413,M,,,88
200800065630,8,11,3,810,2,1,1,1,6,89024,M,,,89
200800065631,8,11,4,1015,1,2,1,1,6,89024,M,,,89
200800065632,8,11,6,1700,2,1,1,1,3,89024,M,,,89
200800065633,8,11,20,1605,1,2,7,1,6,89024,M,,,89
200800065634,8,11,6,1210,1,2,1,1,3,89387,M,,,89
200800065635,8,11,24,1650,1,2,1,1,6,89387,M,,,89
200800065636,8,11,2,305,5,2,1,1,7,90010,M,,,90
200800065637,8,11,4,40,5,2,3,5,3,90010,M,,,90
200800065638,8,11,4,1125,1,2,1,1,6,90010,M,,,90
200800065639,8,11,4,1505,1,2,7,1,3,90010,M,,,90
200800065640,8,11,4,1835,5,2,4,1,3,90010,M,,,90
200800065641,8,11,6,1600,1,2,1,1,6,90010,M,,,90
200800065642,8,11,8,850,1,2,1,1,2,90008,M,,,90
200800065643,8,11,13,2130,5,2,3,1,3,90099,M,,,90
200800065644,8,11,23,1035,1,2,1,4,3,90010,M,,,90
200800065645,8,11,23,1325,1,2,6,8,3,90032,M,,,90
200800065646,8,11,27,800,1,2,1,9,6,90010,M,,,90
200800065647,8,11,27,1400,1,2,1,1,3,90010,M,,,90
200800065648,8,11,27,1630,1,2,1,1,4,90008,M,,,90
200800065649,8,11,28,1920,5,2,1,1,5,90010,M,,,90
200800065650,8,11,30,600,5,2,1,2,6,90010,M,,,90
200800065651,8,11,10,1805,5,2,1,1,6,91479,M,,,91
200800065652,8,11,4,1455,1,2,1,1,6,91114,M,,,91
200800065653,8,11,7,1545,1,2,6,1,2,91114,M,,,91
200800065654,8,11,7,1845,3,1,1,1,2,91514,M,,,91
200800065655,8,11,9,2145,5,2,1,1,2,91114,M,,,91
200800065656,8,11,11,950,1,2,6,7,6,91097,M,,,91
200800065657,8,11,18,1225,1,2,1,8,2,91097,M,,,91
200800065658,8,11,20,845,1,1,1,1,3,91514,M,,,91
200800065659,8,11,21,810,2,2,2,2,6,91114,M,,,91
200800065660,8,11,22,1515,1,2,1,1,2,91114,M,,,91
200800065661,8,11,6,935,1,2,2,1,3,91201,M,,,91
200800065662,8,11,19,1720,2,2,2,1,6,91657,M,,,91
200800065663,8,11,10,1510,1,2,2,1,1,91201,M,,,91
200800065664,8,11,13,950,1,2,1,1,1,91201,M,,,91
200800065665,8,11,23,310,3,2,1,2,6,91657,M,,,91
200800065666,8,11,25,835,1,2,2,1,3,91201,M,,,91
200800065667,8,11,7,1000,1,1,4,1,3,91433,M,,,91
200800065668,8,11,7,1830,5,2,1,1,6,91433,M,,,91
200800065669,8,11,8,1350,1,2,1,1,6,91223,M,,,91
200800065670,8,11,8,2130,3,1,1,1,6,91223,M,,,91
200800065671,8,11,10,1655,1,2,1,1,6,91223,M,,,91
200800065672,8,11,11,2310,3,1,1,1,2,91223,M,,,91
200800065673,8,11,14,805,5,2,1,1,7,91223,M,,,91
200800065674,8,11,18,1400,1,1,1,1,3,91223,M,,,91
200800065675,8,11,24,1015,1,1,1,2,7,91433,M,,,91
200800065676,8,11,25,640,1,1,1,1,7,91223,M,,,91
200800065677,8,11,25,1725,3,1,1,1,2,91223,M,,,91
200800065678,8,11,3,930,1,2,3,8,3,91521,M,,,91
200800065679,8,11,11,1510,1,2,1,1,6,91521,M,,,91
200800065680,8,11,13,1610,1,2,2,1,3,91228,M,,,91
200800065681,8,11,17,900,1,2,3,1,3,91521,M,,,91
200800065682,8,11,20,1335,1,2,3,1,3,91228,M,,,91
200800065683,8,11,23,2140,4,2,1,2,6,91521,M,,,91
200800065684,8,11,24,1350,1,2,2,1,3,91228,M,,,91
200800065685,8,11,29,1130,1,2,2,2,3,91228,M,,,91
200800065686,8,11,6,1750,2,2,1,2,6,91326,M,,,91
200800065687,8,11,1,1030,1,2,1,2,6,91687,M,,,91
200800065688,8,11,22,1750,5,2,1,1,6,91687,M,,,91
200800065689,8,11,23,1325,1,2,2,3,6,91687,M,,,91
200800065690,8,11,4,1830,5,2,1,1,6,91161,M,,,91
200800065691,8,11,5,1945,5,2,1,1,6,91345,M,,,91
200800065692,8,11,20,1255,1,2,1,1,3,91161,M,,,91
200800065693,8,11,27,1923,5,2,1,1,7,91161,M,,,91
200800065694,8,11,29,1825,3,1,1,1,1,91161,M,,,91
200800065695,8,11,22,1756,5,2,3,2,3,87085,M,,,87
200800065696,8,11,25,720,1,2,1,1,6,92004,M,,,92
200800065697,8,11,25,750,1,2,1,1,6,92009,M,,,92
200800065698,8,11,26,2120,5,2,2,1,3,92004,M,,,92
200800065699,8,11,29,1005,1,2,3,1,3,92004,M,,,92
200800065700,8,11,30,2155,5,2,3,2,6,92004,M,,,92
200800065701,8,11,4,1335,1,2,3,1,3,92032,M,,,92
200800065702,8,11,12,910,1,2,1,1,6,92032,M,,,92
200800065703,8,11,13,1240,1,2,3,1,3,92032,M,,,92
200800065704,8,11,30,1845,5,2,2,2,3,92071,M,,,92
200800065705,8,11,11,1715,1,2,1,1,2,92024,M,,,92
200800065706,8,11,17,1750,3,2,1,1,3,92024,M,,,92
200800065707,8,11,15,1405,1,2,1,1,3,92024,M,,,92
200800065708,8,11,2,1600,1,2,1,1,3,91421,M,,,91
200800065709,8,11,9,1830,5,2,3,8,3,91421,M,,,91
200800065710,8,11,12,1350,1,2,3,1,3,91421,M,,,91
200800065711,8,11,18,710,5,2,3,3,6,91691,M,,,91
200800065712,8,11,19,2250,5,2,3,1,3,91691,M,,,91
200800065713,8,11,22,1950,5,2,3,1,3,91691,M,,,91
200800065714,8,11,28,1230,1,2,1,8,7,91421,M,,,91
200800065715,8,11,3,700,2,2,1,2,7,91064,M,,,91
200800065716,8,11,8,1050,1,2,1,1,6,91692,M,,,91
200800065717,8,11,11,1745,1,2,1,1,2,91477,M,,,91
200800065718,8,11,13,2140,5,2,1,1,6,91477,M,,,91
200800065719,8,11,14,710,2,1,1,2,7,91477,M,,,91
200800065720,8,11,17,1740,5,2,1,8,7,91645,M,,,91
200800065721,8,11,24,2000,4,2,1,2,7,91471,M,,,91
200800065722,8,11,25,2015,5,2,3,1,5,91692,M,,,91
200800065723,8,11,27,748,1,2,3,1,1,91477,M,,,91
200800065724,8,11,28,1955,5,2,1,1,5,91645,M,,,91
200800065725,8,11,30,240,5,2,3,4,7,91645,M,,,91
200800065726,8,11,4,1015,1,2,2,2,2,91549,M,,,91
200800065727,8,11,4,1449,1,2,2,1,3,91549,M,,,91
200800065728,8,11,4,1840,2,2,1,2,6,91549,M,,,91
200800065729,8,11,5,1510,1,2,3,1,6,91570,M,,,91
200800065730,8,11,7,1220,1,2,1,1,6,91549,M,,,91
200800065731,8,11,7,1640,1,2,2,2,1,91549,M,,,91
200800065732,8,11,9,400,3,1,1,2,5,91235,M,,,91
200800065733,8,11,13,1220,1,2,2,1,3,91549,M,,,91
200800065734,8,11,17,1620,1,2,1,2,6,91570,M,,,91
200800065735,8,11,20,1510,1,2,2,1,1,91549,M,,,91
200800065736,8,11,20,1735,2,2,2,2,3,91549,M,,,91
200800065737,8,11,21,810,2,2,2,2,5,91549,M,,,91
200800065738,8,11,26,735,2,2,1,1,2,91549,M,,,91
200800065739,8,11,27,1805,2,2,3,2,3,91667,M,,,91
200800065740,8,11,29,1759,5,2,1,1,1,91549,M,,,91
200800065741,8,11,2,2235,5,2,2,1,3,92002,M,,,92
200800065742,8,11,12,1815,5,2,2,1,1,92002,M,,,92
200800065743,8,11,21,715,5,2,1,2,6,92002,M,,,92
200800065744,8,11,26,1640,1,2,1,1,6,92002,M,,,92
200800065745,8,11,1,1500,1,2,3,2,3,92004,M,,,92
200800065746,8,11,3,740,2,2,1,1,3,92004,M,,,92
200800065747,8,11,3,1530,1,2,2,1,3,92004,M,,,92
200800065748,8,11,6,1955,5,2,3,1,6,92004,M,,,92
200800065749,8,11,7,1020,1,2,3,2,3,92004,M,,,92
200800065750,8,11,7,2055,5,2,3,1,3,92004,M,,,92
200800065751,8,11,8,1930,5,2,1,2,2,92004,M,,,92
200800065752,8,11,9,1900,5,2,2,1,6,92004,M,,,92
200800065753,8,11,11,1735,5,2,2,1,6,92004,M,,,92
200800065754,8,11,17,920,1,2,3,1,6,92004,M,,,92
200800065755,8,11,18,1210,1,2,2,1,3,92004,M,,,92
200800065756,8,11,21,1750,5,2,1,1,3,92004,M,,,92
200800065757,8,11,24,1425,1,2,3,1,3,92024,M,,,92
200800065758,8,11,21,2110,5,2,6,1,3,92024,M,,,92
200800065759,8,11,21,1010,1,2,1,2,3,92024,M,,,92
200800065760,8,11,27,2345,5,2,2,1,3,92024,M,,,92
200800065761,8,11,28,2120,1,2,2,1,2,92024,M,,,92
200800065762,8,11,27,1850,5,2,3,2,6,92024,M,,,92
200800065763,8,11,28,1240,1,2,1,1,6,92024,M,,,92
200800065764,8,11,4,1520,1,2,3,1,3,92025,M,,,92
200800065765,8,11,8,2130,3,2,2,2,3,92025,M,,,92
200800065766,8,11,10,1610,1,2,1,1,6,92025,M,,,92
200800065767,8,11,17,815,1,2,1,1,3,92025,M,,,92
200800065768,8,11,18,1155,1,2,3,1,3,92025,M,,,92
200800065769,8,11,18,1555,1,2,1,1,3,92025,M,,,92
200800065770,8,11,22,1900,5,2,1,1,3,92025,M,,,92
200800065771,8,11,23,2115,5,2,1,2,1,92025,M,,,92
200800065772,8,11,24,1100,1,2,3,1,6,92025,M,,,92
200800065773,8,11,24,2030,5,2,1,1,7,92025,M,,,92
200800065774,8,11,7,530,2,2,1,1,6,92050,M,,,92
200800065775,8,11,6,2230,5,2,1,2,3,92050,M,,,92
200800065776,8,11,8,1730,2,2,1,1,2,92050,M,,,92
200800065777,8,11,14,845,1,2,1,1,2,92050,M,,,92
200800065778,8,11,21,2315,2,2,1,2,2,92050,M,,,92
200800065779,8,11,20,1045,1,2,1,8,1,92050,M,,,92
200800065780,8,11,24,1900,2,2,1,2,1,92050,M,,,92
200800065781,8,11,25,1030,1,2,1,1,3,92050,M,,,92
200800065782,8,11,25,1315,1,2,2,1,3,92050,M,,,92
200800065783,8,11,25,2040,2,2,6,1,6,92050,M,,,92
200800065784,8,11,4,945,1,2,1,1,3,92062,M,,,92
200800065785,8,11,5,1605,1,2,2,2,3,92062,M,,,92
200800065786,8,11,10,1200,1,2,1,1,3,92062,M,,,92
200800065787,8,11,21,840,1,2,3,1,3,92062,M,,,92
200800065788,8,11,30,1950,5,2,2,2,3,92062,M,,,92
200800065789,8,11,27,1220,1,2,1,1,3,92025,M,,,92
200800065790,8,11,28,1315,1,2,1,1,6,92025,M,,,92
200800065791,8,11,28,1615,1,2,1,1,6,92025,M,,,92
200800065792,8,11,30,1840,5,2,1,2,6,92025,M,,,92
200800065793,8,11,6,1030,1,2,1,1,6,92026,M,,,92
200800065794,8,11,6,818,1,2,6,1,3,92026,M,,,92
200800065795,8,11,8,1145,1,2,2,1,3,92026,M,,,92
200800065796,8,11,12,1025,1,2,1,9,6,92026,M,,,92
200800065797,8,11,13,1555,1,2,2,1,3,92026,M,,,92
200800065798,8,11,17,725,5,2,2,8,3,92026,M,,,92
200800065799,8,11,24,1700,5,2,2,9,6,92026,M,,,92
200800065800,8,11,29,1200,1,2,2,1,3,92026,M,,,92
200800065801,8,11,3,655,5,2,3,2,3,92036,M,,,92
200800065802,8,11,7,805,1,2,1,2,6,92036,M,,,92
200800065803,8,11,7,1630,1,2,1,1,6,92036,M,,,92
200800065804,8,11,11,30,5,2,3,2,3,92036,M,,,92
200800065805,8,11,28,1125,1,2,2,8,3,92036,M,,,92
200800065806,8,11,3,900,1,2,1,2,3,92040,M,,,92
200800065807,8,11,5,845,1,2,1,9,6,92040,M,,,92
200800065808,8,11,8,1900,5,2,1,2,3,92040,M,,,92
200800065809,8,11,13,900,1,2,1,1,6,92040,M,,,92
200800065810,8,11,14,1355,1,2,1,1,7,92040,M,,,92
200800065811,8,11,17,815,1,2,3,1,3,92040,M,,,92
200800065812,8,11,17,1755,5,2,2,1,3,92040,M,,,92
200800065813,8,11,18,1030,1,2,1,9,7,92040,M,,,92
200800065814,8,11,21,1425,1,2,1,8,2,92040,M,,,92
200800065815,8,11,21,1815,5,2,3,1,3,92040,M,,,92
200800065816,8,11,29,1135,1,2,1,2,6,92040,M,,,92
200800065817,8,11,29,1610,1,2,1,8,7,92040,M,,,92
200800065818,8,11,9,2135,5,2,2,1,3,92044,M,,,92
200800065819,8,11,11,2310,5,2,2,1,3,92044,M,,,92
200800065820,8,11,13,1730,5,2,1,1,6,92044,M,,,92
200800065821,8,11,18,900,1,2,1,2,3,92044,M,,,92
200800065822,8,11,20,1645,2,2,1,1,6,92044,M,,,92
200800065823,8,11,24,1325,1,2,2,1,6,92044,M,,,92
200800065824,8,11,28,2051,5,2,1,1,2,92044,M,,,92
200800065825,8,11,6,755,2,2,2,2,6,92048,M,,,92
200800065826,8,11,13,1405,1,2,3,1,6,92048,M,,,92
200800065827,8,11,18,1855,5,2,3,2,3,92048,M,,,92
200800065828,8,11,18,1730,2,2,1,2,6,92048,M,,,92
200800065829,8,11,22,1820,5,2,2,1,6,92048,M,,,92
200800065830,8,11,25,840,1,2,1,1,6,92048,M,,,92
200800065831,8,11,28,800,2,2,3,1,6,92048,M,,,92
200800065832,8,11,30,1210,1,2,3,2,2,92048,M,,,92
200800065833,8,11,6,1050,1,2,1,1,6,92020,M,,,92
200800065834,8,11,6,1100,1,2,1,1,3,92020,M,,,92
200800065835,8,11,7,1200,1,2,3,1,6,92049,M,,,92
200800065836,8,11,7,1910,4,2,1,1,6,92020,M,,,92
200800065837,8,11,8,1350,1,2,1,1,3,92020,M,,,92
200800065838,8,11,14,810,2,2,1,1,3,92020,M,,,92
200800065839,8,11,15,1053,1,2,1,1,3,92020,M,,,92
200800065840,8,11,16,1020,1,2,2,1,3,92049,M,,,92
200800065841,8,11,18,825,2,2,2,2,3,92020,M,,,92
200800065842,8,11,18,1205,1,2,2,1,3,92049,M,,,92
200800065843,8,11,19,1630,1,2,3,1,3,92049,M,,,92
200800065844,8,11,21,650,5,2,2,1,3,92020,M,,,92
200800065845,8,11,21,950,1,2,1,1,3,92049,M,,,92
200800065846,8,11,25,805,1,2,1,1,6,92020,M,,,92
200800065847,8,11,26,720,2,2,1,1,6,92049,M,,,92
200800065848,8,11,6,810,1,2,1,3,2,92050,M,,,92
200800065849,8,11,7,2225,5,2,1,1,1,93007,M,,,93
200800065850,8,11,17,1010,1,2,1,1,7,93007,M,,,93
200800065851,8,11,6,730,2,2,1,5,2,92063,M,,,92
200800065852,8,11,7,1430,1,2,3,8,3,92063,M,,,92
200800065853,8,11,7,1935,2,2,1,1,2,92063,M,,,92
200800065854,8,11,14,1925,2,2,1,2,4,92063,M,,,92
200800065855,8,11,17,807,2,2,1,1,6,92063,M,,,92
200800065856,8,11,18,820,1,2,3,1,2,92063,M,,,92
200800065857,8,11,22,1650,1,2,3,1,2,92063,M,,,92
200800065858,8,11,1,200,5,2,1,3,7,92064,M,,,92
200800065859,8,11,3,1455,1,2,1,1,4,92064,M,,,92
200800065860,8,11,5,1445,1,2,9,1,2,92064,M,,,92
200800065861,8,11,5,1650,1,2,3,1,3,92064,M,,,92
200800065862,8,11,13,730,2,2,1,1,6,92047,M,,,92
200800065863,8,11,14,1020,1,2,1,1,4,92064,M,,,92
200800065864,8,11,20,1405,1,2,9,1,4,92064,M,,,92
200800065865,8,11,20,1645,1,2,1,1,2,92064,M,,,92
200800065866,8,11,21,830,1,2,3,2,6,92033,M,,,92
200800065867,8,11,25,1145,1,2,9,1,3,92064,M,,,92
200800065868,8,11,5,1140,1,2,3,1,3,92022,M,,,92
200800065869,8,11,9,245,5,2,1,2,6,92072,M,,,92
200800065870,8,11,15,1320,1,2,1,1,6,92072,M,,,92
200800065871,8,11,18,1020,1,2,3,2,7,92077,M,,,92
200800065872,8,11,23,2030,5,2,1,2,6,92077,M,,,92
200800065873,8,11,21,1715,5,2,1,1,6,92072,M,,,92
200800065874,8,11,24,1630,2,2,1,2,2,92022,M,,,92
200800065875,8,11,24,1730,5,2,1,2,7,92077,M,,,92
200800065876,8,11,29,730,2,2,3,2,3,92072,M,,,92
200800065877,8,11,3,830,1,2,1,3,7,92073,M,,,92
200800065878,8,11,13,1850,5,2,2,1,2,92073,M,,,92
200800065879,8,11,17,1210,1,2,2,1,7,92073,M,,,92
200800065880,8,11,18,900,1,2,3,4,2,92073,M,,,92
200800065881,8,11,28,1808,2,1,1,1,6,92073,M,,,92
200800065882,8,11,29,1420,1,2,1,1,7,92073,M,,,92
200800065883,8,11,6,1300,1,2,1,8,6,92075,M,,,92
200800065884,8,11,10,1320,1,2,6,1,6,92046,M,,,92
200800065885,8,11,10,1800,5,2,1,2,6,92075,M,,,92
200800065886,8,11,24,945,1,2,6,1,3,92075,M,,,92
200800065887,8,11,12,1420,1,2,3,1,7,92046,M,,,92
200800065888,8,11,4,1950,5,2,3,1,3,92078,M,,,92
200800065889,8,11,12,1830,5,2,1,1,3,92078,M,,,92
200800065890,8,11,22,1350,1,2,1,1,6,92078,M,,,92
200800065891,8,11,24,1345,1,2,1,1,2,92078,M,,,92
200800065892,8,11,1,1715,2,2,1,2,7,92062,M,,,92
200800065893,8,11,5,15,5,2,3,6,3,92062,M,,,92
200800065894,8,11,6,2200,5,2,4,1,2,92026,M,,,92
200800065895,8,11,12,1625,1,2,1,1,6,92026,M,,,92
200800065896,8,11,14,830,1,2,3,2,7,92026,M,,,92
200800065897,8,11,14,900,1,2,1,2,7,92026,M,,,92
200800065898,8,11,18,220,4,2,1,1,7,92062,M,,,92
200800065899,8,11,23,2245,5,2,2,8,5,92026,M,,,92
200800065900,8,11,3,1300,1,2,1,1,6,93001,M,,,93
200800065901,8,11,4,815,1,2,2,1,6,93001,M,,,93
200800065902,8,11,4,1210,1,2,1,1,6,93001,M,,,93
200800065903,8,11,5,1220,1,2,1,8,6,93001,M,,,93
200800065904,8,11,6,756,1,2,1,8,6,93001,M,,,93
200800065905,8,11,7,1210,1,2,1,2,2,93001,M,,,93
200800065906,8,11,7,1335,1,2,2,1,3,93001,M,,,93
200800065907,8,11,18,915,1,2,1,2,1,93001,M,,,93
200800065908,8,11,18,1600,1,2,2,2,3,93001,M,,,93
200800065909,8,11,19,1950,5,2,1,1,1,93001,M,,,93
200800065910,8,11,20,1620,1,2,1,1,3,93001,M,,,93
200800065911,8,11,21,805,2,2,2,2,6,93001,M,,,93
200800065912,8,11,21,1105,1,2,1,8,3,93001,M,,,93
200800065913,8,11,20,2250,5,2,3,1,3,93001,M,,,93
200800065914,8,11,1,120,5,2,1,2,7,93005,M,,,93
200800065915,8,11,3,830,1,2,1,1,2,93005,M,,,93
200800065916,8,11,3,1430,1,2,2,1,3,93005,M,,,93
200800065917,8,11,5,1315,1,2,2,8,3,93005,M,,,93