Num_Acc,an,mois,jour,hrmn,lum,agg,int,atm,col,com,gps,lat,long,dep
200800065918,8,11,19,1900,5,2,3,1,3,93005,M,,,93
200800065919,8,11,24,1200,1,2,1,1,2,93005,M,,,93
200800065920,8,11,28,1640,2,2,1,1,4,93005,M,,,93
200800065921,8,11,30,1,5,2,3,9,1,93005,M,,,93
200800065922,8,11,2,730,2,2,1,1,6,93007,M,,,93
200800065923,8,11,6,615,3,2,1,2,2,93007,M,,,93
200800065924,8,11,11,1830,5,2,2,2,7,93007,M,,,93
200800065925,8,11,6,1820,5,2,1,1,7,16102,M,,,16
200800065926,8,11,20,2110,5,2,1,2,3,16102,M,,,16
200800065927,8,11,22,1130,1,2,1,1,7,16089,M,,,16
200800065928,8,11,23,1805,3,2,1,3,6,16089,M,,,16
200800065929,8,11,27,1600,1,2,3,1,3,16089,M,,,16
200800065930,8,11,5,1740,3,1,1,2,6,17449,M,,,17
200800065931,8,11,8,940,1,2,6,8,7,17299,M,,,17
200800065932,8,11,9,510,5,2,1,1,6,17299,M,,,17
200800065933,8,11,11,1840,5,2,1,1,3,17449,M,,,17
200800065934,8,11,12,1855,4,2,2,1,1,17299,M,,,17
200800065935,8,11,13,1200,1,2,1,1,2,17299,M,,,17
200800065936,8,11,17,800,2,1,3,1,3,17449,M,,,17
200800065937,8,11,19,810,1,2,6,1,3,17299,M,,,17
200800065938,8,11,26,1445,1,2,1,1,7,17299,M,,,17
200800065939,8,11,28,1240,1,2,1,1,7,17299,M,,,17
200800065940,8,11,2,2020,3,2,9,2,2,17300,M,,,17
200800065941,8,11,4,2015,5,2,1,1,1,17291,M,,,17
200800065942,8,11,5,1915,3,2,1,1,6,17300,M,,,17
200800065943,8,11,6,1335,1,2,6,1,3,17291,M,,,17
200800065944,8,11,7,1430,1,2,1,1,7,17300,M,,,17
200800065945,8,11,9,425,5,2,1,2,6,17300,M,,,17
200800065946,8,11,9,1609,1,2,1,2,6,17300,M,,,17
200800065947,8,11,10,1400,1,1,1,1,7,17300,M,,,17
200800065948,8,11,11,1750,5,2,1,1,6,17300,M,,,17
200800065949,8,11,12,1048,1,2,1,1,2,17300,M,,,17
200800065950,8,11,14,2150,5,2,1,1,1,17300,M,,,17
200800065951,8,11,17,807,1,1,1,1,6,17028,M,,,17
200800065952,8,11,17,1325,1,2,1,1,2,17300,M,,,17
200800065953,8,11,17,1730,2,2,1,1,6,17291,M,,,17
200800065954,8,11,17,1830,1,1,1,1,1,17028,M,,,17
200800065955,8,11,18,1555,1,1,1,1,6,17291,M,,,17
200800065956,8,11,18,1725,5,2,1,1,6,17300,M,,,17
200800065957,8,11,20,1250,1,2,1,1,6,17300,M,,,17
200800065958,8,11,22,1124,1,1,1,1,6,17291,M,,,17
200800065959,8,11,22,2050,5,1,1,1,2,17300,M,,,17
200800065960,8,11,23,2120,5,2,1,2,7,17300,M,,,17
200800065961,8,11,24,950,1,2,1,1,6,17274,M,,,17
200800065962,8,11,26,940,1,2,2,1,3,17300,M,,,17
200800065963,8,11,28,1726,5,2,1,2,3,17300,M,,,17
200800065964,8,11,28,1740,3,2,2,2,1,17300,M,,,17
200800065965,8,11,28,2020,5,2,1,1,2,17300,M,,,17
200800065966,8,11,29,1755,5,1,9,3,4,17300,M,,,17
200800065967,8,11,30,1114,1,2,1,1,7,17028,M,,,17
200800065968,8,11,17,1005,1,1,1,1,2,17300,M,,,17
200800065969,8,11,25,2235,3,1,4,1,2,17300,M,,,17
200800065970,8,11,9,1335,1,2,3,2,3,17306,M,,,17
200800065971,8,11,18,1900,5,2,1,1,3,17380,M,,,17
200800065972,8,11,19,1610,1,2,3,1,2,17306,M,,,17
200800065973,8,11,21,803,2,2,1,2,7,17306,M,,,17
200800065974,8,11,22,1548,1,2,1,1,7,17461,M,,,17
200800065975,8,11,25,1220,2,2,1,1,2,17306,M,,,17
200800065976,8,11,26,1545,1,2,1,1,2,17306,M,,,17
200800065977,8,11,29,1815,2,2,3,1,5,17306,M,,,17
200800065978,8,11,2,510,3,2,1,1,6,17415,M,,,17
200800065979,8,11,7,1555,1,1,1,1,3,17415,M,,,17
200800065980,8,11,8,1425,1,2,6,2,3,17415,M,,,17
200800065981,8,11,19,1830,5,2,2,1,6,17415,M,,,17
200800065982,8,11,21,1715,5,2,1,2,2,17415,M,,,17
200800065983,8,11,25,730,2,2,2,1,6,17415,M,,,17
200800065984,8,11,25,1855,5,2,2,1,2,17415,M,,,17
200800065985,8,11,30,2130,5,2,1,2,6,17415,M,,,17
200800065986,8,11,1,1630,1,1,1,1,2,18213,M,,,18
200800065987,8,11,7,1500,1,2,1,2,2,18033,M,,,18
200800065988,8,11,7,1945,5,2,2,2,1,18033,M,,,18
200800065989,8,11,8,1430,1,1,1,1,6,18213,M,,,18
200800065990,8,11,5,1830,1,2,1,1,4,18033,M,,,18
200800065991,8,11,13,1510,1,2,1,1,3,18033,M,,,18
200800065992,8,11,14,2055,5,2,1,1,3,18033,M,,,18
200800065993,8,11,18,1505,1,1,1,8,2,18033,M,,,18
200800065994,8,11,19,1835,5,2,2,1,3,18033,M,,,18
200800065995,8,11,24,1945,5,2,1,8,6,18033,M,,,18
200800065996,8,11,25,830,1,2,1,1,6,18033,M,,,18
200800065997,8,11,27,1010,1,1,1,5,2,18033,M,,,18
200800065998,8,11,20,1810,5,2,5,2,1,18279,M,,,18
200800065999,8,11,2,1835,5,2,3,2,2,19031,M,4515817.0,450962.0,19
200800066000,8,11,3,925,1,2,1,1,6,19031,M,4516069.0,450671.0,19
200800066001,8,11,8,1135,1,2,1,1,3,19031,M,4515637.0,451982.0,19
200800066002,8,11,8,1835,5,2,1,1,6,19031,M,4515856.0,452814.0,19
200800066003,8,11,13,805,1,2,1,1,6,19031,M,4516637.0,449466.0,19
200800066004,8,11,13,1600,1,2,2,1,3,19031,M,4516403.0,452171.0,19
200800066005,8,11,13,1900,5,2,1,1,6,19031,M,4515756.0,450884.0,19
200800066006,8,11,16,915,1,2,2,1,2,19031,M,4515786.0,454729.0,19
200800066007,8,11,16,1540,1,2,3,1,3,19031,M,4515153.0,455179.0,19
200800066008,8,11,18,1725,2,2,1,2,4,19031,M,4515140.0,450127.0,19
200800066009,8,11,19,1800,5,2,1,1,4,19031,M,4515603.0,448514.0,19
200800066010,8,11,21,1425,1,2,1,3,3,19031,M,4516695.0,454724.0,19
200800066011,8,11,22,1545,1,2,1,2,6,19031,M,,,19
200800066012,8,11,27,820,1,2,1,1,6,19031,M,,,19
200800066013,8,11,4,915,1,2,3,8,3,19272,M,4526456.0,377991.0,19
200800066014,8,11,25,1808,5,2,9,1,6,19272,M,4525885.0,375665.0,19
200800066015,8,11,5,1300,1,2,1,2,4,19275,M,,,19
200800066016,8,11,1,1743,5,2,1,3,4,21231,M,,,21
200800066017,8,11,4,1040,1,2,1,1,6,21231,M,,,21
200800066018,8,11,4,1815,5,2,2,1,4,21231,M,,,21
200800066019,8,11,5,1359,1,2,2,1,2,21166,M,,,21
200800066020,8,11,5,1820,5,2,2,1,3,21231,M,,,21
200800066021,8,11,6,50,5,2,1,1,6,21231,M,,,21
200800066022,8,11,6,730,1,2,2,1,3,21231,M,,,21
200800066023,8,11,6,1230,1,2,1,1,6,21231,M,,,21
200800066024,8,11,7,1235,1,2,2,1,3,21231,M,,,21
200800066025,8,11,7,1300,1,2,1,1,4,21231,M,,,21
200800066026,8,11,7,1630,1,2,2,1,3,21231,M,,,21
200800066027,8,11,8,1000,1,1,1,1,6,21231,M,,,21
200800066028,8,11,8,2150,5,2,2,1,3,21231,M,,,21
200800066029,8,11,10,1210,1,2,2,1,3,21231,M,,,21
200800066030,8,11,11,740,2,2,1,3,2,21231,M,,,21
200800066031,8,11,11,1246,1,2,2,8,3,21231,M,,,21
200800066032,8,11,12,1216,1,2,2,1,3,21231,M,,,21
200800066033,8,11,12,1730,5,2,2,1,6,21231,M,,,21
200800066034,8,11,13,946,1,2,1,1,6,21231,M,,,21
200800066035,8,11,13,1053,1,2,2,1,3,21231,M,,,21
200800066036,8,11,13,1250,1,2,1,1,4,21231,M,,,21
200800066037,8,11,13,1330,1,2,1,1,6,21231,M,,,21
200800066038,8,11,14,1353,1,2,1,1,4,21231,M,,,21
200800066039,8,11,14,1550,1,2,2,1,3,21231,M,,,21
200800066040,8,11,14,1827,5,2,1,1,6,21231,M,,,21
200800066041,8,11,15,111,5,2,1,1,6,21231,M,,,21
200800066042,8,11,15,1130,1,2,1,1,6,21231,M,,,21
200800066043,8,11,15,1945,5,2,5,2,3,21231,M,,,21
200800066044,8,11,18,844,1,2,2,2,5,21231,M,,,21
200800066045,8,11,18,1811,5,2,1,2,6,21231,M,,,21
200800066046,8,11,18,1830,5,2,1,2,2,21231,M,,,21
200800066047,8,11,18,2313,5,2,2,2,3,21231,M,,,21
200800066048,8,11,18,1829,5,2,7,2,3,21231,M,,,21
200800066049,8,11,19,910,1,2,2,8,3,21231,M,,,21
200800066050,8,11,19,1730,5,2,2,1,3,21231,M,,,21
200800066051,8,11,20,1505,1,2,1,8,2,21231,M,,,21
200800066052,8,11,21,730,2,2,1,2,7,21231,M,,,21
200800066053,8,11,22,1811,5,2,1,1,4,21231,M,,,21
200800066054,8,11,24,842,1,2,3,2,4,21166,M,,,21
200800066055,8,11,24,1722,3,2,1,2,2,21231,M,,,21
200800066056,8,11,25,835,1,2,2,1,6,21231,M,,,21
200800066057,8,11,26,1239,1,2,1,1,6,21231,M,,,21
200800066058,8,11,26,1305,1,2,7,1,3,21231,M,,,21
200800066059,8,11,26,1925,5,2,7,1,2,21231,M,,,21
200800066060,8,11,27,1440,1,2,7,2,6,21231,M,,,21
200800066061,8,11,28,854,1,2,2,1,3,21231,M,,,21
200800066062,8,11,28,1730,5,2,3,1,2,21231,M,,,21
200800066063,8,11,14,903,1,2,7,2,4,22050,M,,,22
200800066064,8,11,18,1705,2,2,1,2,7,22050,M,,,22
200800066065,8,11,9,355,5,2,6,8,1,22113,M,,,22
200800066066,8,11,12,1755,3,2,1,1,3,22113,M,,,22
200800066067,8,11,24,1620,2,2,1,3,6,22113,M,,,22
200800066068,8,11,1,1910,5,1,6,2,7,22215,M,,,22
200800066069,8,11,3,1755,2,2,1,1,6,22278,M,,,22
200800066070,8,11,6,1750,1,2,2,1,3,22278,M,,,22
200800066071,8,11,7,745,2,2,1,1,2,22278,M,,,22
200800066072,8,11,8,1445,1,2,1,1,3,22278,M,,,22
200800066073,8,11,9,1940,5,2,1,6,7,22106,M,,,22
200800066074,8,11,7,1900,5,2,1,1,2,22278,M,,,22
200800066075,8,11,10,1900,5,2,6,1,2,22278,M,,,22
200800066076,8,11,11,1450,1,2,1,1,7,22278,M,,,22
200800066077,8,11,13,600,5,2,1,1,6,22278,M,,,22
200800066078,8,11,13,1910,5,2,2,1,1,22278,M,,,22
200800066079,8,11,15,630,5,1,1,1,2,22278,M,,,22
200800066080,8,11,14,1525,1,2,6,1,3,22278,M,,,22
200800066081,8,11,18,1845,5,2,1,1,6,22278,M,,,22
200800066082,8,11,18,1935,5,2,1,1,5,22278,M,,,22
200800066083,8,11,19,830,1,1,1,1,7,22215,M,,,22
200800066084,8,11,20,1253,1,2,1,2,7,22360,M,,,22
200800066085,8,11,21,1045,1,1,1,1,7,22278,M,,,22
200800066086,8,11,23,1055,1,2,2,2,3,22278,M,,,22
200800066087,8,11,23,2350,5,2,1,2,7,22278,M,,,22
200800066088,8,11,29,1830,5,1,3,2,2,22360,M,,,22
200800066089,8,11,4,1050,1,2,1,1,3,23096,M,,,23
200800066090,8,11,16,1258,1,2,2,1,3,24256,M,,,24
200800066091,8,11,24,1010,1,1,1,2,1,24256,M,,,24
200800066092,8,11,25,1807,5,2,1,1,3,24322,M,,,24
200800066093,8,11,1,125,5,2,1,2,3,25056,M,,,25
200800066094,8,11,1,2035,5,2,3,3,3,25056,M,,,25
200800066095,8,11,4,641,3,1,1,1,2,25056,M,,,25
200800066096,8,11,7,225,5,2,1,1,6,25056,M,,,25
200800066097,8,11,7,711,2,2,1,1,6,25056,M,,,25
200800066098,8,11,12,1900,5,2,1,1,2,25056,M,,,25
200800066099,8,11,14,2215,5,2,1,1,7,25056,M,,,25
200800066100,8,11,17,1556,1,1,1,1,6,25056,M,,,25
200800066101,8,11,21,25,5,2,1,1,6,25056,M,,,25
200800066102,8,11,25,2025,3,1,1,1,3,25056,M,,,25
200800066103,8,11,26,1129,1,2,1,1,6,25056,M,,,25
200800066104,8,11,28,2125,5,1,1,1,6,25056,M,,,25
200800066105,8,11,29,524,4,2,1,1,7,25056,M,,,25
200800066106,8,11,29,1519,1,1,1,1,2,25056,M,,,25
200800066107,8,11,8,1730,5,2,1,1,2,25547,M,,,25
200800066108,8,11,15,1640,1,1,5,1,3,25388,M,,,25
200800066109,8,11,26,321,5,2,1,9,6,25230,M,,,25
200800066110,8,11,27,2020,5,2,1,1,6,25031,M,,,25
200800066111,8,11,13,1155,1,2,1,8,3,25462,M,,,25
200800066112,8,11,1,2245,5,2,3,1,3,26198,M,,,26
200800066113,8,11,5,1800,2,1,2,2,3,26198,M,,,26
200800066114,8,11,16,1005,5,1,9,1,3,26198,M,,,26
200800066115,8,11,12,1510,1,1,2,1,3,26198,M,,,26
200800066116,8,11,20,1900,3,2,2,1,3,26198,M,,,26
200800066117,8,11,19,1905,5,2,1,1,4,26281,M,,,26
200800066118,8,11,22,1130,1,2,6,1,2,26281,M,,,26
200800066119,8,11,25,2015,5,2,1,1,3,26281,M,,,26
200800066120,8,11,3,755,1,2,1,1,6,26362,M,,,26
200800066121,8,11,14,1600,1,1,6,1,4,26058,M,,,26
200800066122,8,11,29,2325,5,2,2,1,3,26362,M,,,26
200800066123,8,11,14,1610,1,2,6,1,6,26058,M,,,26
200800066124,8,11,29,1520,1,1,1,2,5,26252,M,,,26
200800066125,8,11,17,810,1,1,1,1,6,26252,M,,,26
200800066126,8,11,2,1735,5,2,6,1,3,26362,M,,,26
200800066127,8,11,22,530,3,1,1,2,7,26362,M,,,26
200800066128,8,11,5,1745,2,2,1,2,4,27229,M,,,27
200800066129,8,11,18,1200,1,2,3,1,1,27229,M,,,27
200800066130,8,11,23,1110,1,2,1,2,3,27229,M,,,27
200800066131,8,11,4,1235,1,2,2,1,3,27701,M,,,27
200800066132,8,11,13,1440,1,2,1,1,7,27375,M,,,27
200800066133,8,11,2,1605,1,2,9,1,6,27681,M,,,27
200800066134,8,11,8,1755,1,2,1,1,6,27681,M,,,27
200800066135,8,11,10,1655,3,2,9,2,4,27554,M,,,27
200800066136,8,11,23,355,5,2,1,9,6,27562,M,,,27
200800066137,8,11,17,1820,5,2,1,1,6,27681,M,,,27
200800066138,8,11,2,100,5,2,1,1,6,28085,M,,,28
200800066139,8,11,1,1100,1,2,3,1,7,28229,M,,,28
200800066140,8,11,5,740,5,2,1,2,6,28085,M,,,28
200800066141,8,11,5,1835,5,2,3,2,6,28229,M,,,28
200800066142,8,11,6,1610,1,2,1,2,6,28085,M,,,28
200800066143,8,11,8,1850,3,2,1,2,1,28229,M,,,28
200800066144,8,11,9,1940,3,2,1,1,7,28229,M,,,28
200800066145,8,11,11,1520,1,2,2,1,6,28220,M,,,28
200800066146,8,11,12,1510,1,2,1,1,6,28229,M,,,28
200800066147,8,11,13,1315,1,2,1,1,4,28209,M,,,28
200800066148,8,11,14,1640,1,2,3,1,3,28085,M,,,28
200800066149,8,11,16,650,5,2,2,1,3,28085,M,,,28
200800066150,8,11,19,720,5,2,3,1,3,28085,M,,,28
200800066151,8,11,22,1740,5,2,2,1,3,28085,M,,,28
200800066152,8,11,25,120,3,1,1,1,6,28229,M,,,28
200800066153,8,11,25,750,5,2,2,1,3,28229,M,,,28
200800066154,8,11,26,730,3,1,1,2,3,28209,M,,,28
200800066155,8,11,26,1705,2,2,9,1,3,28085,M,,,28
200800066156,8,11,30,800,2,1,1,4,7,28110,M,,,28
200800066157,8,11,30,1825,5,2,3,2,6,28085,M,,,28
200800066158,8,11,6,2050,5,2,3,2,3,28404,M,,,28
200800066159,8,11,25,1800,2,2,6,1,6,28134,M,,,28
200800066160,8,11,1,1243,1,2,1,1,2,29019,M,,,29
200800066161,8,11,1,2315,5,2,1,1,6,29019,M,,,29
200800066162,8,11,5,1120,1,2,2,1,3,29019,M,,,29
200800066163,8,11,5,1300,1,2,1,1,2,29019,M,,,29
200800066164,8,11,10,130,4,2,1,2,6,29019,M,,,29
200800066165,8,11,10,1650,1,2,2,2,6,29019,M,,,29
200800066166,8,11,10,1855,5,2,3,3,6,29019,M,,,29
200800066167,8,11,12,1645,1,2,1,1,6,29019,M,,,29
200800066168,8,11,12,1845,2,2,9,1,6,29019,M,,,29
200800066169,8,11,15,1955,5,2,1,1,2,29019,M,,,29
200800066170,8,11,16,2030,5,2,9,1,6,29019,M,,,29
200800066171,8,11,17,1755,2,2,2,6,1,29019,M,,,29
200800066172,8,11,17,1750,2,2,1,1,3,29019,M,,,29
200800066173,8,11,20,1005,1,2,1,2,2,29019,M,,,29
200800066174,8,11,20,1205,1,2,2,1,6,29019,M,,,29
200800066175,8,11,17,1310,1,2,1,1,2,29019,M,,,29
200800066176,8,11,20,1400,1,2,1,1,6,29019,M,,,29
200800066177,8,11,22,1525,1,2,1,1,6,29019,M,,,29
200800066178,8,11,21,1900,5,2,1,1,6,29019,M,,,29
200800066179,8,11,25,1630,1,2,1,1,5,29019,M,,,29
200800066180,8,11,28,2100,5,2,3,1,3,29019,M,,,29
200800066181,8,11,28,1855,5,2,1,1,2,29019,M,,,29
200800066182,8,11,30,1500,1,2,3,3,2,29019,M,,,29
200800066183,8,11,8,1120,1,1,2,1,1,29039,M,,,29
200800066184,8,11,13,1305,1,2,1,1,6,29039,M,,,29
200800066185,8,11,28,255,4,2,1,2,6,29039,M,,,29
200800066186,8,11,3,1530,1,1,1,8,1,29151,M,,,29
200800066187,8,11,12,740,2,1,1,2,2,29254,M,,,29
200800066188,8,11,16,120,4,2,9,1,3,29151,M,,,29
200800066189,8,11,20,1745,5,2,6,1,6,29254,M,,,29
200800066190,8,11,20,2230,3,1,1,2,6,29151,M,,,29
200800066191,8,11,28,500,3,1,1,3,6,29151,M,,,29
200800066192,8,11,21,1700,1,2,1,1,6,29151,M,,,29
200800066193,8,11,2,1640,1,1,1,2,1,29232,M,,,29
200800066194,8,11,7,1624,1,2,6,2,7,29232,M,,,29
200800066195,8,11,16,1410,1,2,1,2,3,29232,M,,,29
200800066196,8,11,21,1725,3,2,1,2,2,29232,M,,,29
200800066197,8,11,9,1625,1,2,1,1,3,30007,M,,,30
200800066198,8,11,2,2050,4,2,6,2,2,30007,M,,,30
200800066199,8,11,3,635,3,2,3,1,3,30007,M,,,30
200800066200,8,11,6,1738,5,2,1,2,2,30007,M,,,30
200800066201,8,11,7,810,1,2,1,1,3,30007,M,,,30
200800066202,8,11,8,1225,1,2,1,1,4,30007,M,,,30
200800066203,8,11,19,1500,1,2,6,1,2,30007,M,,,30
200800066204,8,11,26,1620,1,2,1,9,6,30007,M,,,30
200800066205,8,11,26,1815,4,2,6,1,3,30007,M,,,30
200800066206,8,11,26,1515,1,2,1,1,3,30007,M,,,30
200800066207,8,11,28,1045,1,2,1,1,7,30007,M,,,30
200800066208,8,11,10,1020,1,2,2,1,6,30028,M,,,30
200800066209,8,11,16,700,5,2,1,1,6,30028,M,,,30
200800066210,8,11,20,825,1,2,1,1,6,30028,M,,,30
200800066211,8,11,27,2306,5,2,1,1,3,30028,M,,,30
200800066212,8,11,29,1510,1,2,1,2,6,30028,M,,,30
200800066213,8,11,6,405,3,1,1,1,7,30032,M,,,30
200800066214,8,11,18,1735,2,1,1,1,7,30032,M,,,30
200800066215,8,11,24,1630,1,1,9,1,3,30032,M,,,30
200800066216,8,11,1,620,3,1,1,2,7,30189,M,4387003.0,432305.0,30
200800066217,8,11,1,1450,1,2,1,2,2,30189,M,4381783.0,434816.0,30
200800066218,8,11,1,2035,5,2,4,2,3,30189,M,,,30
200800066219,8,11,2,1105,1,2,2,1,3,30189,M,4383222.0,436079.0,30
200800066220,8,11,5,940,1,2,2,2,3,30189,M,4382509.0,435389.0,30
200800066221,8,11,5,1430,1,1,2,2,3,30189,M,4385861.0,432396.0,30
200800066222,8,11,5,1720,5,1,4,2,3,30189,M,4380517.0,433665.0,30
200800066223,8,11,5,1920,5,2,1,3,2,30189,M,4381944.0,435356.0,30
200800066224,8,11,7,2025,5,2,1,1,4,30189,M,4383047.0,438021.0,30
200800066225,8,11,7,2323,5,2,1,1,7,30189,M,4381422.0,435294.0,30
200800066226,8,11,8,800,5,2,6,1,3,30189,M,4385291.0,439785.0,30
200800066227,8,11,8,1025,1,2,4,1,1,30189,M,4383074.0,436892.0,30
200800066228,8,11,8,1525,1,2,1,1,2,30189,M,4381598.0,434066.0,30
200800066229,8,11,8,1930,5,2,6,1,6,30189,M,4382509.0,436133.0,30
200800066230,8,11,9,1120,1,2,1,1,3,30189,M,4383116.0,436126.0,30
200800066231,8,11,12,640,2,2,2,2,3,30189,M,4383790.0,434993.0,30
200800066232,8,11,18,1308,1,1,1,1,5,30189,M,4381788.0,433840.0,30
200800066233,8,11,12,2245,5,2,6,1,7,30189,M,4381677.0,439335.0,30
200800066234,8,11,13,740,1,2,1,1,3,30189,M,4382154.0,434880.0,30
200800066235,8,11,13,1615,1,2,1,1,6,30189,M,4383879.0,435830.0,30
200800066236,8,11,14,800,1,1,2,1,3,30189,M,4385563.0,433730.0,30
200800066237,8,11,14,1850,5,2,2,1,3,30189,M,4385198.0,440052.0,30
200800066238,8,11,14,2125,5,2,1,1,6,30189,M,,,30
200800066239,8,11,15,948,1,1,1,1,2,30189,M,4385416.0,425935.0,30
200800066240,8,11,16,15,5,2,3,1,3,30189,M,,,30
200800066241,8,11,16,215,3,1,1,1,6,30189,M,,,30
200800066242,8,11,17,910,1,2,1,1,3,30189,M,4382799.0,437385.0,30
200800066243,8,11,17,1025,1,1,1,1,6,30189,M,4385460.0,425735.0,30
200800066244,8,11,17,1320,1,2,9,1,6,30189,M,,,30
200800066245,8,11,17,1740,5,2,1,1,4,30189,M,,,30
200800066246,8,11,17,1835,5,2,1,1,4,30189,M,4385665.0,440426.0,30
200800066247,8,11,18,850,1,2,1,1,6,30189,M,4382949.0,436172.0,30
200800066248,8,11,15,1325,1,2,1,1,7,30189,M,4384360.0,430750.0,30
200800066249,8,11,19,1007,1,2,1,1,3,30189,M,4384914.0,432908.0,30
200800066250,8,11,19,1045,1,2,1,1,3,30189,M,4382641.0,435355.0,30
200800066251,8,11,19,1420,1,2,1,1,2,30189,M,4383290.0,438499.0,30
200800066252,8,11,19,1725,5,2,3,1,6,30189,M,4382554.0,433231.0,30
200800066253,8,11,21,858,1,2,3,1,1,30189,M,4383677.0,433418.0,30
200800066254,8,11,22,940,1,2,1,1,7,30189,M,4382035.0,433595.0,30
200800066255,8,11,22,1125,1,2,2,1,3,30189,M,4382887.0,436591.0,30
200800066256,8,11,23,1230,1,2,1,1,2,30189,M,,,30
200800066257,8,11,24,935,1,2,2,1,3,30189,M,4382833.0,435285.0,30
200800066258,8,11,24,1555,1,2,2,1,3,30189,M,4384927.0,437385.0,30
200800066259,8,11,25,825,1,2,1,1,6,30189,M,4383552.0,437539.0,30
200800066260,8,11,25,1029,1,2,1,1,6,30189,M,4383416.0,434822.0,30
200800066261,8,11,25,1325,1,2,1,1,3,30189,M,,,30
200800066262,8,11,28,2215,5,2,1,1,1,30189,M,4385649.0,438910.0,30
200800066263,8,11,30,255,5,2,1,1,5,30189,M,4383869.0,432377.0,30
200800066264,8,11,30,1130,1,2,2,1,6,30189,M,4383814.0,435031.0,30
200800066265,8,11,2,2000,3,1,1,2,3,30011,M,,,30
200800066266,8,11,23,1040,1,2,1,1,3,30011,M,,,30
200800066267,8,11,7,2100,5,2,1,2,6,31149,M,,,31
200800066268,8,11,17,830,1,2,6,1,2,31149,M,,,31
200800066269,8,11,19,2120,5,2,6,1,6,31149,M,,,31
200800066270,8,11,20,850,1,2,6,1,6,31149,M,,,31
200800066271,8,11,21,1850,3,1,1,2,4,31149,M,,,31
200800066272,8,11,7,2045,3,1,1,2,7,32013,M,,,32
200800066273,8,11,15,2220,5,2,1,1,6,32013,M,,,32
200800066274,8,11,25,1540,1,1,3,1,6,32013,M,,,32
200800066275,8,11,25,1640,1,2,1,1,6,32013,M,,,32
200800066276,8,11,11,1850,5,2,1,1,3,33009,M,,,33
200800066277,8,11,23,1840,2,2,2,2,3,33009,M,,,33
200800066278,8,11,24,740,2,1,1,3,2,33529,M,,,33
200800066279,8,11,1,1910,5,2,1,1,3,33063,M,,,33
200800066280,8,11,2,535,5,2,1,1,6,33063,M,,,33
200800066281,8,11,3,949,1,2,2,2,3,33063,M,,,33
200800066282,8,11,3,1950,5,2,3,2,1,33318,M,,,33
200800066283,8,11,5,1155,1,2,3,2,3,33063,M,,,33
200800066284,8,11,6,1350,1,2,2,1,3,33063,M,,,33
200800066285,8,11,7,150,5,2,1,1,6,33063,M,,,33
200800066286,8,11,9,1250,1,2,1,1,2,33063,M,,,33
200800066287,8,11,8,1600,1,2,2,2,6,33063,M,,,33
200800066288,8,11,7,820,1,2,1,3,3,33063,M,,,33
200800066289,8,11,9,1350,1,2,1,1,3,33063,M,,,33
200800066290,8,11,8,215,5,2,1,1,6,33063,M,,,33
200800066291,8,11,7,1005,1,2,1,1,2,33063,M,,,33
200800066292,8,11,11,100,5,2,1,1,6,33192,M,,,33
200800066293,8,11,3,1812,5,2,2,2,3,33318,M,,,33
200800066294,8,11,3,950,1,2,2,2,1,33281,M,,,33
200800066295,8,11,10,1105,1,2,1,1,6,33063,M,,,33
200800066296,8,11,7,1120,1,2,1,1,6,33063,M,,,33
200800066297,8,11,12,630,5,2,2,1,3,33063,M,,,33
200800066298,8,11,6,2305,5,2,4,2,4,33318,M,,,33
200800066299,8,11,4,1710,1,2,1,1,3,33318,M,,,33
200800066300,8,11,5,1614,1,2,4,2,3,33522,M,,,33
200800066301,8,11,9,510,5,2,1,1,2,33119,M,,,33
200800066302,8,11,12,1555,1,2,6,2,2,33281,M,,,33
200800066303,8,11,7,2005,3,2,5,1,3,33281,M,,,33
200800066304,8,11,4,1950,5,2,2,1,6,33075,M,,,33
200800066305,8,11,5,2225,5,2,2,2,3,33063,M,,,33
200800066306,8,11,6,1745,5,2,2,1,3,33281,M,,,33
200800066307,8,11,6,1830,1,2,2,2,3,33281,M,,,33
200800066308,8,11,6,1720,5,2,1,1,3,57240,M,,,57
200800066309,8,11,12,720,5,2,1,1,1,94021,M,,,94
200800066310,8,11,13,1855,1,2,1,1,6,64545,M,,,64
200800066311,8,11,2,1920,5,1,1,2,6,78440,M,,,78
200800066312,8,11,12,2120,5,2,1,1,6,78440,M,,,78
200800066313,8,11,16,2300,5,2,6,2,3,78638,M,,,78
200800066314,8,11,9,1705,1,2,1,1,6,78029,M,,,78
200800066315,8,11,19,910,1,2,1,1,6,78440,M,,,78
200800066316,8,11,6,850,2,2,3,1,3,92035,M,,,92
200800066317,8,11,22,1650,1,2,1,1,3,92035,M,,,92
200800066318,8,11,21,1600,1,2,9,2,3,69142,M,,,69
200800066319,8,11,2,1505,1,2,2,8,6,76540,M,,,76