Num_Acc,an,mois,jour,hrmn,lum,agg,int,atm,col,com,gps,lat,long,dep
200800066320,8,11,3,700,5,2,2,2,3,76540,M,,,76
200800066321,8,11,3,1630,1,2,1,7,2,76540,M,,,76
200800066322,8,11,7,1600,1,2,1,1,6,76599,M,,,76
200800066323,8,11,7,1800,5,1,1,1,1,76131,M,,,76
200800066324,8,11,7,1520,1,2,1,1,7,76540,M,,,76
200800066325,8,11,10,500,5,2,1,1,6,76540,M,,,76
200800066326,8,11,8,1735,5,2,3,2,6,76451,M,,,76
200800066327,8,11,7,950,1,2,1,2,2,76540,M,,,76
200800066328,8,11,7,1730,2,2,1,1,6,76540,M,,,76
200800066329,8,11,10,745,2,2,1,2,6,76108,M,,,76
200800066330,8,11,12,1550,1,2,1,1,7,76540,M,,,76
200800066331,8,11,14,1645,2,2,3,2,3,76681,M,,,76
200800066332,8,11,14,1400,1,2,1,2,2,76497,M,,,76
200800066333,8,11,15,1515,1,2,1,8,2,76540,M,,,76
200800066334,8,11,14,1815,5,2,1,2,3,76484,M,,,76
200800066335,8,11,15,1910,5,2,1,2,2,76540,M,,,76
200800066336,8,11,16,120,5,2,1,1,2,76540,M,,,76
200800066337,8,11,15,2040,5,2,1,2,2,76540,M,,,76
200800066338,8,11,17,1735,5,2,1,1,3,76540,M,,,76
200800066339,8,11,20,815,2,2,1,1,6,76540,M,,,76
200800066340,8,11,18,800,5,2,3,2,3,76540,M,,,76
200800066341,8,11,21,915,1,2,1,2,6,76474,M,,,76
200800066342,8,11,21,1910,5,2,1,1,3,76540,M,,,76
200800066343,8,11,25,1900,5,2,1,3,3,76540,M,,,76
200800066344,8,11,26,1425,1,2,1,8,6,76575,M,,,76
200800066345,8,11,26,1720,5,2,1,1,3,76540,M,,,76
200800066346,8,11,28,1720,5,2,1,1,6,76216,M,,,76
200800066347,8,11,28,1030,1,2,1,1,6,76095,M,,,76
200800066348,8,11,28,750,2,2,1,8,2,76108,M,,,76
200800066349,8,11,1,1455,1,2,1,1,6,94079,M,,,94
200800066350,8,11,1,1525,1,2,1,1,3,94055,M,,,94
200800066351,8,11,2,1445,1,2,3,1,3,94079,M,,,94
200800066352,8,11,6,955,1,2,2,1,3,94055,M,,,94
200800066353,8,11,7,1400,1,2,1,1,3,94060,M,,,94
200800066354,8,11,13,810,1,2,1,1,6,94053,M,,,94
200800066355,8,11,13,2145,2,2,1,1,3,94059,M,,,94
200800066356,8,11,20,1635,1,2,1,9,5,94055,M,,,94
200800066357,8,11,21,1935,5,2,1,1,3,94059,M,,,94
200800066358,8,11,21,2040,5,1,1,1,2,94055,M,,,94
200800066359,8,11,26,1640,1,2,2,1,3,94055,M,,,94
200800066360,8,11,25,1720,5,2,1,1,6,13005,M,,,13
200800066361,8,11,20,145,5,2,1,1,6,13055,M,,,13
200800066362,8,11,1,1750,5,2,1,2,6,92023,M,,,92
200800066363,8,11,4,710,2,2,2,9,3,92060,M,,,92
200800066364,8,11,7,1940,5,2,2,1,3,92023,M,,,92
200800066365,8,11,8,1405,1,2,1,1,3,92023,M,,,92
200800066366,8,11,20,1245,1,2,2,1,6,92023,M,,,92
200800066367,8,11,24,625,5,2,2,2,3,92023,M,,,92
200800066368,8,11,24,1110,1,2,1,1,5,92023,M,,,92
200800066369,8,11,29,2250,5,2,2,1,3,92023,M,,,92
200800066370,8,11,4,2205,5,2,1,1,2,92051,M,,,92
200800066371,8,11,13,1850,5,2,1,1,6,92051,M,,,92
200800066372,8,11,13,1215,1,2,1,1,2,92051,M,,,92
200800066373,8,11,13,1700,1,2,1,1,5,92051,M,,,92
200800066374,8,11,6,2000,5,2,2,2,5,92051,M,,,92
200800066375,8,11,21,1000,1,2,1,2,6,92051,M,,,92
200800066376,8,11,22,1655,2,2,1,1,3,92051,M,,,92
200800066377,8,11,26,425,5,2,1,1,3,92051,M,,,92
200800066378,8,11,22,1720,5,2,1,1,3,92051,M,,,92
200800066379,8,11,23,1445,1,2,1,1,6,92051,M,,,92
200800066380,8,11,25,1715,5,2,1,1,6,92051,M,,,92
200800066381,8,11,6,1115,1,2,1,1,3,92007,M,,,92
200800066382,8,11,6,2350,5,2,2,2,3,92007,M,,,92
200800066383,8,11,20,1045,1,2,3,1,2,92007,M,,,92
200800066384,8,11,24,2130,5,2,1,1,2,92007,M,,,92
200800066385,8,11,2,830,2,1,1,3,6,31555,M,,,31
200800066386,8,11,2,345,5,2,1,2,3,31555,M,,,31
200800066387,8,11,5,2215,5,2,1,2,3,31555,M,,,31
200800066388,8,11,6,810,1,1,1,2,6,31555,M,,,31
200800066389,8,11,6,725,2,2,1,1,2,31555,M,,,31
200800066390,8,11,5,1840,5,2,1,2,4,31555,M,,,31
200800066391,8,11,6,1210,1,2,1,2,4,31555,M,,,31
200800066392,8,11,6,1255,1,2,3,2,5,31555,M,,,31
200800066393,8,11,6,1640,2,2,1,2,2,31555,M,,,31
200800066394,8,11,6,1840,5,2,1,2,5,31555,M,,,31
200800066395,8,11,6,2335,5,2,1,2,7,31555,M,,,31
200800066396,8,11,9,500,5,2,1,1,7,31555,M,,,31
200800066397,8,11,9,530,5,2,2,1,3,31555,M,,,31
200800066398,8,11,7,825,1,2,3,2,3,31555,M,,,31
200800066399,8,11,7,855,1,2,3,1,3,31555,M,,,31
200800066400,8,11,7,1550,1,2,1,2,3,31555,M,,,31
200800066401,8,11,7,1925,5,2,1,2,6,31555,M,,,31
200800066402,8,11,8,1600,1,2,6,1,3,31555,M,,,31
200800066403,8,11,8,2130,5,2,2,1,1,31555,M,,,31
200800066404,8,11,9,205,5,2,1,1,3,31555,M,,,31
200800066405,8,11,9,400,5,2,1,2,3,31555,M,,,31
200800066406,8,11,10,1100,1,2,1,1,6,31555,M,,,31
200800066407,8,11,10,1505,1,1,1,1,2,31555,M,,,31
200800066408,8,11,10,1540,1,2,1,1,6,31555,M,,,31
200800066409,8,11,10,1850,5,2,2,1,3,31555,M,,,31
200800066410,8,11,11,2350,5,2,1,3,1,31555,M,,,31
200800066411,8,11,12,940,1,2,3,1,6,31555,M,,,31
200800066412,8,11,12,1730,3,2,1,2,3,31555,M,,,31
200800066413,8,11,12,1800,5,2,1,3,6,31555,M,,,31
200800066414,8,11,13,10,5,2,3,2,3,31555,M,,,31
200800066415,8,11,1,1500,1,2,1,1,6,31555,M,,,31
200800066416,8,11,6,1930,5,2,1,2,4,31069,M,,,31
200800066417,8,11,14,1634,1,2,2,1,1,31555,M,,,31
200800066418,8,11,13,1840,5,2,1,1,1,31555,M,,,31
200800066419,8,11,13,2010,5,2,1,1,2,31555,M,,,31
200800066420,8,11,13,1750,5,2,1,1,3,31555,M,,,31
200800066421,8,11,14,810,1,2,1,1,2,31555,M,,,31
200800066422,8,11,14,1630,1,2,1,1,5,31555,M,,,31
200800066423,8,11,14,1730,5,2,1,1,3,31555,M,,,31
200800066424,8,11,14,1900,5,2,1,1,3,31555,M,,,31
200800066425,8,11,15,1130,1,2,1,1,3,31555,M,,,31
200800066426,8,11,13,1855,5,2,1,1,1,31555,M,,,31
200800066427,8,11,12,2005,3,2,1,3,4,31555,M,,,31
200800066428,8,11,16,410,5,2,1,1,2,31555,M,,,31
200800066429,8,11,16,1055,1,2,1,1,6,31555,M,,,31
200800066430,8,11,17,2145,5,2,1,1,6,31555,M,,,31
200800066431,8,11,17,2235,5,2,1,1,6,31555,M,,,31
200800066432,8,11,18,820,1,2,1,1,3,31555,M,,,31
200800066433,8,11,18,1559,1,2,3,2,1,31555,M,,,31
200800066434,8,11,18,1804,5,1,1,2,2,31555,M,,,31
200800066435,8,11,18,1830,5,1,1,2,4,31149,M,,,31
200800066436,8,11,19,850,1,2,1,2,3,31555,M,,,31
200800066437,8,11,19,1450,1,1,1,1,3,31555,M,,,31
200800066438,8,11,19,1800,5,2,1,1,2,31555,M,,,31
200800066439,8,11,19,1245,1,1,1,2,2,31555,M,,,31
200800066440,8,11,19,1430,1,2,1,1,2,31555,M,,,31
200800066441,8,11,20,750,1,2,1,1,1,31555,M,,,31
200800066442,8,11,20,1205,1,2,2,1,3,31555,M,,,31
200800066443,8,11,20,1415,1,2,1,1,5,31555,M,,,31
200800066444,8,11,20,1900,2,2,1,1,1,31555,M,,,31
200800066445,8,11,20,1435,1,2,1,1,2,31555,M,,,31
200800066446,8,11,21,845,1,2,3,1,3,31555,M,,,31
200800066447,8,11,21,1305,1,2,1,1,3,31555,M,,,31
200800066448,8,11,21,1850,5,1,1,2,4,31555,M,,,31
200800066449,8,11,22,516,5,1,1,2,2,31555,M,,,31
200800066450,8,11,22,1340,1,2,1,1,1,31555,M,,,31
200800066451,8,11,22,1610,1,1,1,8,6,31555,M,,,31
200800066452,8,11,23,858,1,1,1,1,2,31555,M,,,31
200800066453,8,11,23,1045,1,2,3,1,3,31555,M,,,31
200800066454,8,11,23,1800,5,2,1,1,1,31555,M,,,31
200800066455,8,11,3,115,5,1,1,2,7,31555,M,,,31
200800066456,8,11,1,1830,5,2,1,1,3,31555,M,,,31
200800066457,8,11,4,1405,5,2,1,1,2,31555,M,,,31
200800066458,8,11,4,2015,5,2,1,8,2,31555,M,,,31
200800066459,8,11,4,2335,5,2,1,3,1,31555,M,,,31
200800066460,8,11,1,1200,1,2,1,1,6,31555,M,,,31
200800066461,8,11,5,810,1,2,2,3,3,31555,M,,,31
200800066462,8,11,5,1030,1,2,1,8,2,31555,M,,,31
200800066463,8,11,5,1240,1,2,1,2,2,31555,M,,,31
200800066464,8,11,5,1450,1,2,3,2,3,31555,M,,,31
200800066465,8,11,5,1645,2,2,1,3,3,31555,M,,,31
200800066466,8,11,5,1805,5,2,1,2,6,31555,M,,,31
200800066467,8,11,30,650,5,2,1,2,6,31555,M,,,31
200800066468,8,11,30,2350,5,2,4,8,1,31555,M,,,31
200800066469,8,11,3,1445,1,2,1,1,6,78146,M,,,78
200800066470,8,11,5,1820,1,2,1,1,5,78146,M,,,78
200800066471,8,11,21,2120,5,2,9,1,3,07010,M,,,07
200800066472,8,11,28,2320,5,2,1,1,6,07010,M,,,07
200800066473,8,11,15,1900,5,2,3,1,3,74133,M,,,74
200800066474,8,11,21,1635,2,2,1,6,3,76217,M,,,76
200800066475,8,11,23,1515,1,2,3,2,3,76217,M,,,76
200800066476,8,11,28,735,5,2,1,1,7,76545,M,,,76
200800066477,8,11,1,1125,1,2,1,1,3,92012,M,,,92
200800066478,8,11,3,815,2,2,1,1,1,92012,M,,,92
200800066479,8,11,3,1525,1,2,1,1,2,92012,M,,,92
200800066480,8,11,3,1825,5,2,2,1,3,92012,M,,,92
200800066481,8,11,8,100,5,2,2,1,7,92012,M,,,92
200800066482,8,11,10,1815,2,2,3,1,3,92012,M,,,92
200800066483,8,11,13,1055,1,2,1,1,6,92012,M,,,92
200800066484,8,11,14,1,5,2,2,1,6,92012,M,,,92
200800066485,8,11,14,1230,1,2,1,1,3,92012,M,,,92
200800066486,8,11,16,935,1,2,2,1,1,92012,M,,,92
200800066487,8,11,18,1805,2,2,2,1,6,92012,M,,,92
200800066488,8,11,21,1830,5,2,2,1,3,92012,M,,,92
200800066489,8,11,22,2005,5,2,1,1,3,92012,M,,,92
200800066490,8,11,23,920,1,2,2,1,3,92012,M,,,92
200800066491,8,11,24,2120,5,2,2,2,3,92012,M,,,92
200800066492,8,11,29,1410,1,2,2,1,3,94058,M,,,94
200800066493,8,11,6,1320,1,2,1,1,6,94080,M,,,94
200800066494,8,11,7,2145,5,2,1,2,3,94080,M,,,94
200800066495,8,11,19,2310,5,2,3,1,6,94080,M,,,94
200800066496,8,11,23,1810,5,2,1,2,6,94067,M,,,94
200800066497,8,11,25,1935,5,2,2,1,6,94080,M,,,94
200800066498,8,11,30,11,5,2,1,1,3,91174,M,,,91
200800066499,8,11,18,825,1,2,1,1,3,91174,M,,,91
200800066500,8,11,24,1330,1,2,1,1,3,91174,M,,,91
200800066501,8,11,28,1630,1,2,1,1,3,91174,M,,,91
200800066502,8,11,1,810,1,2,1,1,6,01053,M,,,01
200800066503,8,11,5,1700,2,2,1,1,6,01053,M,,,01
200800066504,8,11,10,1700,2,2,1,1,2,01053,M,,,01
200800066505,8,11,14,1355,1,2,6,1,3,01451,M,,,01
200800066506,8,11,23,25,3,1,1,8,6,01344,M,,,01
200800066507,8,11,23,1340,1,1,3,1,2,01451,M,,,01
200800066508,8,11,24,910,1,2,3,8,3,01053,M,,,01
200800066509,8,11,27,2040,3,1,1,5,5,01451,M,,,01
200800066510,8,11,29,1625,1,2,2,1,6,01053,M,,,01
200800066511,8,11,27,1130,1,2,2,1,3,01053,M,,,01
200800066512,8,11,15,1115,1,1,1,9,1,01283,M,,,01
200800066513,8,11,24,1225,1,2,5,2,3,01283,M,,,01
200800066514,8,11,2,2008,5,2,1,1,6,02408,M,,,02
200800066515,8,11,6,1710,2,2,5,1,3,02408,M,,,02
200800066516,8,11,7,1355,1,2,1,2,6,02408,M,,,02
200800066517,8,11,1,1505,1,2,2,2,3,02691,M,,,02
200800066518,8,11,7,2050,5,2,1,1,6,02691,M,,,02
200800066519,8,11,19,1745,5,2,3,1,6,02691,M,,,02
200800066520,8,11,24,800,2,2,1,2,1,31555,M,,,31
200800066521,8,11,24,1850,5,2,2,1,3,31555,M,,,31
200800066522,8,11,24,2025,5,2,1,2,3,31555,M,,,31
200800066523,8,11,25,50,5,1,1,2,6,31555,M,,,31
200800066524,8,11,20,830,1,1,1,1,2,31555,M,,,31
200800066525,8,11,25,1240,1,2,1,1,3,31555,M,,,31
200800066526,8,11,25,1403,1,1,1,2,3,31555,M,,,31
200800066527,8,11,25,1820,5,2,1,1,6,31555,M,,,31
200800066528,8,11,25,1900,4,1,1,1,4,31555,M,,,31
200800066529,8,11,26,1840,5,2,1,1,3,31555,M,,,31
200800066530,8,11,26,2324,5,2,1,1,6,31555,M,,,31
200800066531,8,11,25,1940,5,2,3,1,3,31555,M,,,31
200800066532,8,11,21,840,1,2,1,1,6,31555,M,,,31
200800066533,8,11,27,1120,1,1,1,1,2,31555,M,,,31
200800066534,8,11,27,1255,1,2,3,1,6,31555,M,,,31
200800066535,8,11,27,1425,1,1,1,1,2,31149,M,,,31
200800066536,8,11,27,1600,1,2,1,1,2,31555,M,,,31
200800066537,8,11,28,1200,1,2,1,1,3,31555,M,,,31
200800066538,8,11,28,1800,4,2,1,1,3,31555,M,,,31
200800066539,8,11,28,2225,5,1,1,1,3,31555,M,,,31
200800066540,8,11,29,1205,1,2,1,1,3,31555,M,,,31
200800066541,8,11,29,1955,5,2,1,2,6,31555,M,,,31
200800066542,8,11,30,325,5,2,1,8,7,31555,M,,,31
200800066543,8,11,21,800,2,2,1,2,6,02691,M,,,02
200800066544,8,11,3,1635,1,2,2,1,3,02691,M,,,02
200800066545,8,11,14,1915,5,2,1,2,3,02691,M,,,02
200800066546,8,11,15,45,3,1,1,1,5,02805,M,,,02
200800066547,8,11,21,1200,1,2,2,1,3,02243,M,,,02
200800066548,8,11,26,850,1,2,1,1,6,02722,M,,,02
200800066549,8,11,28,1500,1,1,1,1,6,02212,M,,,02
200800066550,8,11,21,45,5,2,2,2,3,03185,M,,,03
200800066551,8,11,15,400,3,2,1,1,6,03190,M,,,03
200800066552,8,11,23,2230,3,1,1,8,6,03321,M,,,03
200800066553,8,11,4,1330,1,2,1,2,6,03023,M,,,03
200800066554,8,11,10,1445,1,2,1,8,6,03310,M,,,03
200800066555,8,11,16,435,5,2,1,8,6,03310,M,,,03
200800066556,8,11,18,1850,5,2,6,3,3,03023,M,,,03
200800066557,8,11,20,2305,5,2,2,2,3,03310,M,,,03
200800066558,8,11,24,2120,5,2,3,8,3,03310,M,,,03
200800066559,8,11,27,1155,1,2,3,1,6,03310,M,,,03
200800066560,8,11,17,1420,1,1,1,1,1,04070,M,,,04
200800066561,8,11,10,2130,3,2,1,1,6,05023,M,,,05
200800066562,8,11,19,1145,1,2,1,1,3,05023,M,,,05
200800066563,8,11,9,340,5,2,1,1,6,05061,M,,,05
200800066564,8,11,9,1321,1,1,1,1,1,05061,M,,,05
200800066565,8,11,1,1605,1,2,1,1,3,06004,M,,,06
200800066566,8,11,9,1505,1,2,3,1,3,06155,M,,,06
200800066567,8,11,11,1605,1,2,1,1,1,06004,M,,,06
200800066568,8,11,12,1740,5,1,1,1,2,06155,M,,,06
200800066569,8,11,16,946,1,1,1,1,1,06004,M,,,06
200800066570,8,11,16,1410,1,2,1,1,6,06155,M,,,06
200800066571,8,11,17,1825,5,2,1,1,4,06004,M,,,06
200800066572,8,11,18,1938,5,2,1,1,6,06004,M,,,06
200800066573,8,11,20,1645,1,2,1,1,1,06155,M,,,06
200800066574,8,11,22,1800,5,2,1,1,7,06004,M,,,06
200800066575,8,11,28,1704,5,2,3,1,3,06004,M,,,06
200800066576,8,11,2,1800,5,2,2,1,3,06027,M,,,06
200800066577,8,11,3,1155,1,2,3,2,3,06027,M,,,06
200800066578,8,11,3,1620,1,2,1,2,2,06027,M,,,06
200800066579,8,11,4,1830,5,2,1,1,6,06123,M,,,06
200800066580,8,11,5,950,1,2,1,2,3,06027,M,,,06
200800066581,8,11,5,1700,1,2,1,2,6,06123,M,,,06
200800066582,8,11,5,1900,5,2,3,1,3,06027,M,,,06
200800066583,8,11,6,1650,2,2,1,3,3,06027,M,,,06
200800066584,8,11,7,1545,1,2,2,1,3,06027,M,,,06
200800066585,8,11,7,1810,5,2,3,1,3,06027,M,,,06
200800066586,8,11,10,755,1,2,3,1,3,06027,M,,,06
200800066587,8,11,12,2150,5,2,6,1,2,06123,M,,,06
200800066588,8,11,14,755,1,2,1,1,6,06027,M,,,06
200800066589,8,11,14,1640,1,2,1,1,5,06123,M,,,06
200800066590,8,11,15,1330,1,2,3,1,3,06027,M,,,06
200800066591,8,11,18,2255,5,2,2,1,3,06027,M,,,06
200800066592,8,11,20,1015,1,2,2,1,3,06027,M,,,06
200800066593,8,11,21,750,1,2,1,1,3,06027,M,,,06
200800066594,8,11,21,1430,1,2,1,1,6,06123,M,,,06
200800066595,8,11,22,715,2,2,2,1,3,06027,M,,,06
200800066596,8,11,23,1130,1,2,3,1,3,06027,M,,,06
200800066597,8,11,23,1400,1,1,1,1,3,06027,M,,,06
200800066598,8,11,24,815,1,2,1,8,1,06027,M,,,06
200800066599,8,11,25,1100,1,2,1,1,2,06027,M,,,06
200800066600,8,11,26,1140,1,2,1,1,6,06123,M,,,06
200800066601,8,11,26,1330,1,2,1,1,2,06123,M,,,06
200800066602,8,11,27,1720,1,2,1,1,3,06123,M,,,06
200800066603,8,11,29,2025,5,2,1,3,6,06027,M,,,06
200800066604,8,11,3,1615,1,2,1,3,2,06030,M,,,06
200800066605,8,11,6,1950,2,2,1,1,3,06029,M,,,06
200800066606,8,11,2,430,1,2,1,1,6,06030,M,,,06
200800066607,8,11,12,1820,5,2,1,1,5,06030,M,,,06
200800066608,8,11,21,730,2,2,1,1,3,06029,M,,,06
200800066609,8,11,26,1654,1,2,1,1,3,06029,M,,,06
200800066610,8,11,27,904,1,2,1,2,3,06029,M,,,06
200800066611,8,11,27,1005,1,2,1,1,3,06029,M,,,06
200800066612,8,11,28,753,2,2,1,1,7,06029,M,,,06
200800066613,8,11,26,2010,5,2,1,3,3,06029,M,,,06
200800066614,8,11,3,2210,5,2,1,2,7,06069,M,,,06
200800066615,8,11,10,2000,5,2,1,1,3,06069,M,,,06
200800066616,8,11,12,750,1,2,1,2,3,06069,M,,,06
200800066617,8,11,12,820,1,2,1,1,2,06069,M,,,06
200800066618,8,11,12,900,1,2,1,1,7,06069,M,,,06
200800066619,8,11,12,1120,1,2,1,1,3,06069,M,,,06
200800066620,8,11,13,845,1,2,1,1,7,06069,M,,,06
200800066621,8,11,14,830,1,2,1,1,3,06069,M,,,06
200800066622,8,11,15,1830,5,2,1,1,2,06069,M,,,06
200800066623,8,11,15,2045,5,2,1,1,1,06069,M,,,06
200800066624,8,11,17,900,1,2,1,1,7,06069,M,,,06
200800066625,8,11,17,1725,5,2,1,1,3,06069,M,,,06
200800066626,8,11,19,1700,1,2,1,1,7,06069,M,,,06
200800066627,8,11,19,1725,5,2,1,1,1,06069,M,,,06
200800066628,8,11,19,1930,5,2,1,1,7,06069,M,,,06
200800066629,8,11,23,1820,2,2,1,1,7,06069,M,,,06
200800066630,8,11,27,1630,1,2,1,1,3,06069,M,,,06
200800066631,8,11,28,1500,1,2,1,2,7,06069,M,,,06
200800066632,8,11,29,1115,1,2,1,2,7,06069,M,,,06
200800066633,8,11,29,1230,1,2,1,1,2,06069,M,,,06
200800066634,8,11,7,1600,1,2,5,1,3,06104,M,,,06
200800066635,8,11,16,2103,5,2,1,1,1,06104,M,,,06
200800066636,8,11,26,1415,1,2,1,1,3,06083,M,,,06
200800066637,8,11,29,440,5,2,1,1,6,06104,M,,,06
200800066638,8,11,28,735,1,2,1,6,3,06104,M,,,06
200800066639,8,11,1,1535,1,2,1,1,2,06088,M,,,06
200800066640,8,11,1,1600,4,2,1,1,7,06088,M,,,06
200800066641,8,11,2,230,5,1,1,1,6,06088,M,,,06
200800066642,8,11,2,945,1,2,1,1,3,06088,M,,,06
200800066643,8,11,2,1525,1,2,1,2,2,06088,M,,,06
200800066644,8,11,2,1600,1,2,1,2,7,06088,M,,,06
200800066645,8,11,3,800,1,2,1,3,5,06088,M,,,06
200800066646,8,11,3,1228,1,2,6,2,7,06088,M,,,06
200800066647,8,11,3,1325,1,2,1,1,4,06088,M,,,06
200800066648,8,11,3,1455,1,2,2,1,3,06088,M,,,06
200800066649,8,11,3,1950,5,2,1,2,6,06088,M,,,06
200800066650,8,11,4,1210,1,2,1,2,6,06088,M,,,06
200800066651,8,11,6,705,2,2,2,3,3,06088,M,,,06
200800066652,8,11,6,820,4,2,2,1,3,06088,M,,,06
200800066653,8,11,6,900,1,2,3,2,3,06088,M,,,06
200800066654,8,11,6,1315,1,2,1,1,3,06088,M,,,06
200800066655,8,11,6,1420,1,2,1,2,6,06088,M,,,06
200800066656,8,11,6,1800,5,2,1,3,6,06088,M,,,06
200800066657,8,11,6,1801,2,2,1,3,5,06088,M,,,06
200800066658,8,11,6,1910,5,2,1,3,2,06088,M,,,06
200800066659,8,11,6,1800,5,2,1,3,6,06159,M,,,06
200800066660,8,11,7,900,1,2,1,1,6,06088,M,,,06
200800066661,8,11,7,1215,1,2,1,1,6,06088,M,,,06
200800066662,8,11,7,2215,5,2,1,1,6,06088,M,,,06
200800066663,8,11,8,230,4,2,2,1,3,06088,M,,,06
200800066664,8,11,8,1040,1,2,1,1,6,06088,M,,,06
200800066665,8,11,8,2230,5,2,1,1,6,06088,M,,,06
200800066666,8,11,9,30,5,2,1,1,6,06088,M,,,06
200800066667,8,11,10,645,5,2,2,9,3,06088,M,,,06
200800066668,8,11,10,1315,1,2,1,1,1,06088,M,,,06
200800066669,8,11,10,1610,1,2,1,1,7,06088,M,,,06
200800066670,8,11,10,1700,1,2,1,1,3,06088,M,,,06
200800066671,8,11,11,1405,1,2,1,1,3,06088,M,,,06
200800066672,8,11,11,1655,1,1,2,1,4,06088,M,,,06
200800066673,8,11,11,1800,5,2,3,1,5,06088,M,,,06
200800066674,8,11,12,735,1,2,1,1,5,06088,M,,,06
200800066675,8,11,12,1645,1,2,1,1,2,06088,M,,,06
200800066676,8,11,12,1715,5,2,3,1,3,06088,M,,,06
200800066677,8,11,12,1815,5,1,1,8,6,06088,M,,,06
200800066678,8,11,12,2215,5,2,2,1,3,06088,M,,,06
200800066679,8,11,13,845,1,1,1,1,3,06159,M,,,06
200800066680,8,11,13,1930,5,2,1,1,1,06088,M,,,06
200800066681,8,11,14,645,2,2,1,1,6,06088,M,,,06
200800066682,8,11,14,1430,1,2,1,1,6,06088,M,,,06
200800066683,8,11,14,2330,5,2,1,1,3,06088,M,,,06
200800066684,8,11,15,135,5,2,1,1,6,06088,M,,,06
200800066685,8,11,15,800,1,2,1,1,7,06088,M,,,06
200800066686,8,11,15,1030,1,2,1,1,6,06088,M,,,06
200800066687,8,11,15,1430,1,2,1,1,3,06088,M,,,06
200800066688,8,11,15,1440,1,2,1,1,2,06088,M,,,06
200800066689,8,11,15,1600,1,2,1,1,3,06088,M,,,06
200800066690,8,11,16,1020,1,2,2,1,3,06088,M,,,06
200800066691,8,11,16,1700,1,2,1,1,6,06088,M,,,06
200800066692,8,11,16,1915,5,2,1,1,2,06088,M,,,06
200800066693,8,11,17,745,1,2,1,1,6,06088,M,,,06
200800066694,8,11,17,1200,1,2,1,1,2,06088,M,,,06
200800066695,8,11,17,1315,1,2,1,1,1,06088,M,,,06
200800066696,8,11,17,1450,1,2,1,1,3,06088,M,,,06
200800066697,8,11,17,1705,1,1,1,1,3,06088,M,,,06
200800066698,8,11,17,1740,5,2,1,1,6,06088,M,,,06
200800066699,8,11,17,1830,5,2,1,1,4,06088,M,,,06
200800066700,8,11,17,2000,5,2,2,1,3,06088,M,,,06
200800066701,8,11,18,20,5,2,1,1,6,06088,M,,,06
200800066702,8,11,18,715,2,2,1,1,6,06088,M,,,06
200800066703,8,11,18,905,1,1,1,1,2,06088,M,,,06
200800066704,8,11,18,940,1,2,2,1,3,06088,M,,,06
200800066705,8,11,18,1650,1,2,1,1,3,06088,M,,,06
200800066706,8,11,19,1505,1,2,1,1,6,06088,M,,,06
200800066707,8,11,20,720,1,2,1,1,2,06088,M,,,06
200800066708,8,11,20,1820,5,2,1,1,6,06088,M,,,06
200800066709,8,11,20,2015,5,2,1,1,4,06088,M,,,06
200800066710,8,11,21,800,1,2,1,1,2,06088,M,,,06
200800066711,8,11,21,1010,1,2,1,1,3,06088,M,,,06
200800066712,8,11,21,1110,1,2,1,1,5,06088,M,,,06
200800066713,8,11,21,1600,1,2,1,1,2,06088,M,,,06
200800066714,8,11,21,1658,5,2,1,1,3,06088,M,,,06
200800066715,8,11,22,1,5,2,1,1,2,06088,M,,,06
200800066716,8,11,22,150,5,2,1,1,6,06088,M,,,06
200800066717,8,11,22,850,1,2,1,1,6,06088,M,,,06
200800066718,8,11,22,1945,5,2,1,1,3,06088,M,,,06
200800066719,8,11,22,2215,5,2,1,1,3,06088,M,,,06
200800066720,8,11,23,1210,1,2,1,1,6,06088,M,,,06
200800066721,8,11,23,1510,1,2,1,1,6,06088,M,,,06
200800066722,8,11,24,755,1,2,1,1,2,06088,M,,,06
200800066723,8,11,24,756,1,2,1,2,1,06088,M,,,06
200800066724,8,11,24,845,1,2,1,1,5,06088,M,,,06
200800066725,8,11,24,1020,1,2,1,1,3,06088,M,,,06
200800066726,8,11,24,1655,5,2,1,1,3,06088,M,,,06
200800066727,8,11,24,1815,5,2,1,1,5,06088,M,,,06
200800066728,8,11,24,2320,5,2,4,3,3,06088,M,,,06
200800066729,8,11,25,1200,1,2,1,1,3,06088,M,,,06
200800066730,8,11,25,1545,1,2,1,1,2,06088,M,,,06
200800066731,8,11,25,1610,1,1,1,1,6,06088,M,,,06
200800066732,8,11,25,1630,1,2,2,1,6,06088,M,,,06
200800066733,8,11,25,1835,5,2,2,1,3,06088,M,,,06
200800066734,8,11,25,1900,5,2,1,1,2,06088,M,,,06
200800066735,8,11,25,1845,5,2,1,1,2,06088,M,,,06
200800066736,8,11,26,725,1,2,1,1,6,06088,M,,,06
200800066737,8,11,26,730,1,2,1,1,3,06088,M,,,06
200800066738,8,11,26,745,1,2,1,1,2,06088,M,,,06
200800066739,8,11,26,1900,5,2,1,1,3,06088,M,,,06
200800066740,8,11,27,1040,1,2,1,1,3,06088,M,,,06