Num_Acc,an,mois,jour,hrmn,lum,agg,int,atm,col,com,gps,lat,long,dep
200800066741,8,11,27,1440,1,2,1,1,6,06088,M,,,06
200800066742,8,11,27,2050,5,2,1,1,6,06088,M,,,06
200800066743,8,11,28,1215,1,2,1,2,5,06088,M,,,06
200800066744,8,11,28,440,5,2,1,2,6,06088,M,,,06
200800066745,8,11,28,825,1,2,1,1,6,06088,M,,,06
200800066746,8,11,28,1600,1,2,3,2,3,06088,M,,,06
200800066747,8,11,28,1820,5,2,2,2,3,06088,M,,,06
200800066748,8,11,29,540,5,2,1,1,6,06088,M,,,06
200800066749,8,11,29,1140,1,1,1,1,6,06088,M,,,06
200800066750,8,11,29,1830,5,2,1,3,6,06088,M,,,06
200800066751,8,11,29,1930,5,2,1,3,2,06088,M,,,06
200800066752,8,11,30,1000,1,2,1,1,7,06088,M,,,06
200800066753,8,11,30,1645,4,1,9,1,6,06088,M,,,06
200800066754,8,11,22,1050,1,2,1,1,3,07019,M,,,07
200800066755,8,11,13,1145,1,2,3,1,3,07102,M,,,07
200800066756,8,11,12,1800,5,2,1,1,6,07102,M,,,07
200800066757,8,11,17,1720,5,2,1,1,6,07102,M,,,07
200800066758,8,11,21,1740,5,2,1,1,6,07102,M,,,07
200800066759,8,11,18,553,5,2,3,8,3,08105,M,,,08
200800066760,8,11,21,750,5,2,1,3,6,08409,M,,,08
200800066761,8,11,2,1700,2,2,1,1,2,10387,M,,,10
200800066762,8,11,4,805,1,2,1,1,7,10333,M,,,10
200800066763,8,11,5,1405,1,2,1,1,2,10387,M,,,10
200800066764,8,11,8,1940,5,2,1,1,2,10387,M,,,10
200800066765,8,11,12,1125,1,2,8,1,6,10387,M,,,10
200800066766,8,11,7,1630,1,2,1,1,1,10343,M,,,10
200800066767,8,11,15,1140,1,2,3,1,6,10387,M,,,10
200800066768,8,11,15,2205,5,2,1,1,3,10387,M,,,10
200800066769,8,11,18,1835,5,2,1,1,7,10387,M,,,10
200800066770,8,11,21,1845,3,2,1,1,2,10081,M,,,10
200800066771,8,11,26,1445,1,2,1,1,6,10387,M,,,10
200800066772,8,11,28,1825,5,2,3,1,3,10357,M,,,10
200800066773,8,11,7,1615,1,2,1,1,3,11069,M,,,11
200800066774,8,11,14,1635,1,2,3,1,3,11069,M,,,11
200800066775,8,11,4,1740,1,2,1,1,3,11262,M,,,11
200800066776,8,11,5,730,2,2,1,1,1,11262,M,,,11
200800066777,8,11,5,1340,1,2,1,1,6,11262,M,,,11
200800066778,8,11,6,755,1,2,1,1,3,11262,M,,,11
200800066779,8,11,10,1210,1,2,1,1,3,11262,M,,,11
200800066780,8,11,10,1250,1,2,1,1,3,11262,M,,,11
200800066781,8,11,13,1700,1,2,1,1,7,11262,M,,,11
200800066782,8,11,15,1730,1,2,1,1,7,11262,M,,,11
200800066783,8,11,15,1910,2,2,1,1,6,11262,M,,,11
200800066784,8,11,17,830,1,2,1,1,7,11262,M,,,11
200800066785,8,11,18,1815,3,2,1,1,2,11262,M,,,11
200800066786,8,11,19,825,1,2,1,1,3,11262,M,,,11
200800066787,8,11,20,1420,1,2,1,1,7,11262,M,,,11
200800066788,8,11,21,2045,5,2,2,1,2,11262,M,,,11
200800066789,8,11,24,910,1,2,1,1,7,11262,M,,,11
200800066790,8,11,25,1420,1,2,1,1,4,11262,M,,,11
200800066791,8,11,26,1500,1,2,1,1,3,11262,M,,,11
200800066792,8,11,30,900,1,2,1,1,6,11262,M,,,11
200800066793,8,11,26,1510,1,1,2,1,3,12305,M,,,12
200800066794,8,11,6,1155,1,2,1,2,6,12202,M,,,12
200800066795,8,11,6,1740,1,2,3,1,3,12202,M,,,12
200800066796,8,11,15,740,1,2,5,1,6,12202,M,,,12
200800066797,8,11,15,1620,1,2,3,1,3,12176,M,,,12
200800066798,8,11,21,745,1,2,1,2,6,12202,M,,,12
200800066799,8,11,5,1730,3,1,1,8,3,13001,M,,,13
200800066800,8,11,3,1740,5,2,1,1,6,13001,M,,,13
200800066801,8,11,7,2120,5,2,1,1,1,13001,M,,,13
200800066802,8,11,12,825,1,1,1,2,6,13001,M,,,13
200800066803,8,11,12,2020,3,1,1,1,2,13001,M,,,13
200800066804,8,11,7,1800,2,2,1,1,6,13001,M,,,13
200800066805,8,11,17,1150,1,2,1,1,6,13001,M,,,13
200800066806,8,11,12,1710,5,2,1,1,6,13001,M,,,13
200800066807,8,11,28,720,2,2,1,2,6,13001,M,,,13
200800066808,8,11,29,1355,1,2,1,3,1,13001,M,,,13
200800066809,8,11,2,735,2,1,1,8,6,13004,M,,,13
200800066810,8,11,3,1628,1,2,1,6,2,13004,M,,,13
200800066811,8,11,6,2200,3,1,1,5,7,13004,M,,,13
200800066812,8,11,12,800,1,2,1,8,1,13004,M,,,13
200800066813,8,11,13,1555,1,2,3,1,3,13004,M,,,13
200800066814,8,11,13,1800,2,2,1,1,6,13004,M,,,13
200800066815,8,11,14,1530,1,1,3,1,3,13004,M,,,13
200800066816,8,11,15,1405,1,1,6,1,6,13004,M,,,13
200800066817,8,11,28,1200,1,2,1,2,6,13004,M,,,13
200800066818,8,11,8,720,1,1,6,1,2,13005,M,,,13
200800066819,8,11,13,1255,1,1,1,1,3,13005,M,,,13
200800066820,8,11,20,1250,1,1,1,1,7,13005,M,,,13
200800066821,8,11,9,1645,1,2,3,1,6,13028,M,,,13
200800066822,8,11,8,2305,3,1,9,1,7,13098,M,,,13
200800066823,8,11,6,833,1,1,1,1,7,13047,M,,,13
200800066824,8,11,18,53,3,1,6,1,7,13098,M,,,13
200800066825,8,11,20,1600,1,1,9,1,7,13063,M,,,13
200800066826,8,11,20,1800,4,1,3,1,3,13047,M,,,13
200800066827,8,11,21,345,3,1,1,1,3,13063,M,,,13
200800066828,8,11,15,525,3,1,1,1,7,13098,M,,,13
200800066829,8,11,11,1240,1,2,1,1,7,13047,M,,,13
200800066830,8,11,19,1750,2,1,3,1,3,13063,M,,,13
200800066831,8,11,2,1300,1,1,9,1,2,13054,M,,,13
200800066832,8,11,6,1405,1,1,3,1,1,13043,M,,,13
200800066833,8,11,13,830,1,2,3,1,3,13054,M,,,13
200800066834,8,11,13,1310,1,2,1,1,1,13102,M,,,13
200800066835,8,11,13,1845,3,2,1,1,4,13043,M,,,13
200800066836,8,11,14,940,1,2,1,1,6,13054,M,,,13
200800066837,8,11,19,1530,1,2,2,1,1,13054,M,,,13
200800066838,8,11,28,1000,1,2,1,1,6,13055,M,,,13
200800066839,8,11,29,1210,1,2,1,1,3,13055,M,,,13
200800066840,8,11,25,1220,1,2,2,1,3,13055,M,,,13
200800066841,8,11,25,1800,5,2,2,1,3,13055,M,,,13
200800066842,8,11,27,1700,1,2,1,1,6,13055,M,,,13
200800066843,8,11,24,800,1,2,1,1,6,13055,M,,,13
200800066844,8,11,20,1800,4,2,2,1,3,13055,M,,,13
200800066845,8,11,14,1720,5,2,2,1,2,13055,M,,,13
200800066846,8,11,12,1300,1,2,1,2,7,13055,M,,,13
200800066847,8,11,17,930,1,2,1,1,2,13055,M,,,13
200800066848,8,11,25,900,1,2,1,1,6,13055,M,,,13
200800066849,8,11,17,1600,1,2,1,1,3,13055,M,,,13
200800066850,8,11,7,1915,5,2,1,1,2,13055,M,,,13
200800066851,8,11,30,2200,5,2,2,2,3,13055,M,,,13
200800066852,8,11,14,1350,1,2,1,1,3,13055,M,,,13
200800066853,8,11,12,1945,5,2,1,1,6,13055,M,,,13
200800066854,8,11,7,1500,1,2,1,1,3,13055,M,,,13
200800066855,8,11,21,837,1,2,3,1,3,13055,M,,,13
200800066856,8,11,7,1945,5,2,1,1,6,13055,M,,,13
200800066857,8,11,24,1100,1,2,1,1,6,13055,M,,,13
200800066858,8,11,22,1400,1,2,1,1,3,13055,M,,,13
200800066859,8,11,28,2110,5,1,1,2,7,13055,M,,,13
200800066860,8,11,4,1400,1,2,1,2,4,13055,M,,,13
200800066861,8,11,3,1420,1,2,1,1,6,13055,M,,,13
200800066862,8,11,4,1810,5,2,9,2,3,13055,M,,,13
200800066863,8,11,4,1820,5,2,1,3,3,13055,M,,,13
200800066864,8,11,6,1200,1,2,1,2,5,13055,M,,,13
200800066865,8,11,8,2340,5,2,1,1,3,13055,M,,,13
200800066866,8,11,9,55,5,2,3,1,2,13055,M,,,13
200800066867,8,11,7,1900,5,2,1,1,1,13055,M,,,13
200800066868,8,11,8,1700,1,2,1,1,3,13055,M,,,13
200800066869,8,11,8,440,5,2,1,1,2,13055,M,,,13
200800066870,8,11,9,550,5,2,2,1,6,13055,M,,,13
200800066871,8,11,8,2000,5,2,1,1,6,13055,M,,,13
200800066872,8,11,12,1100,1,2,1,1,3,13055,M,,,13
200800066873,8,11,10,1630,1,2,1,1,3,13055,M,,,13
200800066874,8,11,7,1946,2,2,1,1,1,13055,M,,,13
200800066875,8,11,5,1245,1,2,1,1,3,13055,M,,,13
200800066876,8,11,3,925,1,2,1,1,1,13055,M,,,13
200800066877,8,11,5,655,2,2,1,1,3,13055,M,,,13
200800066878,8,11,6,920,1,2,1,8,6,13055,M,,,13
200800066879,8,11,11,1330,1,2,1,1,7,13055,M,,,13
200800066880,8,11,5,1745,2,2,1,1,4,13055,M,,,13
200800066881,8,11,7,1040,1,2,1,1,2,13055,M,,,13
200800066882,8,11,7,1340,1,2,6,1,3,13055,M,,,13
200800066883,8,11,6,1215,1,2,1,2,3,13055,M,,,13
200800066884,8,11,5,1205,1,2,2,1,3,13055,M,,,13
200800066885,8,11,1,1830,2,2,1,2,2,13055,M,,,13
200800066886,8,11,18,1930,5,2,2,1,3,13055,M,,,13
200800066887,8,11,2,1200,1,2,1,1,6,13055,M,,,13
200800066888,8,11,8,1020,1,2,1,1,3,13055,M,,,13
200800066889,8,11,6,1545,1,2,1,9,1,13055,M,,,13
200800066890,8,11,6,1815,5,2,1,1,6,13055,M,,,13
200800066891,8,11,6,1400,1,2,1,1,3,13055,M,,,13
200800066892,8,11,8,1630,1,1,1,1,7,13002,M,,,13
200800066893,8,11,9,1400,1,1,1,1,1,13055,M,,,13
200800066894,8,11,10,1200,1,1,1,1,7,13002,M,,,13
200800066895,8,11,9,950,1,1,1,1,6,13002,M,,,13
200800066896,8,11,12,1101,1,2,1,1,6,13055,M,,,13
200800066897,8,11,1,1415,1,2,1,1,2,13055,M,,,13
200800066898,8,11,7,845,1,2,1,2,6,13055,M,,,13
200800066899,8,11,12,715,2,2,9,2,3,13055,M,,,13
200800066900,8,11,12,2015,5,2,1,1,3,13055,M,,,13
200800066901,8,11,14,900,1,2,1,1,7,13002,M,,,13
200800066902,8,11,1,145,5,2,2,1,3,13055,M,,,13
200800066903,8,11,1,1530,1,2,1,1,6,13055,M,,,13
200800066904,8,11,1,1820,5,2,1,1,6,13055,M,,,13
200800066905,8,11,16,1605,1,2,1,1,2,13055,M,,,13
200800066906,8,11,18,1800,5,2,1,1,2,13055,M,,,13
200800066907,8,11,1,2050,5,2,1,2,2,13055,M,,,13
200800066908,8,11,4,2130,5,2,2,2,3,13055,M,,,13
200800066909,8,11,1,1750,5,2,1,1,3,13055,M,,,13
200800066910,8,11,11,620,5,2,1,8,6,13055,M,,,13
200800066911,8,11,23,2255,5,2,6,2,1,13055,M,,,13
200800066912,8,11,22,305,5,2,2,1,6,13055,M,,,13
200800066913,8,11,24,740,1,2,1,8,2,13055,M,,,13
200800066914,8,11,14,1200,1,2,1,1,6,13055,M,,,13
200800066915,8,11,23,655,2,2,1,1,6,13055,M,,,13
200800066916,8,11,13,750,1,2,1,1,7,13055,M,,,13
200800066917,8,11,26,115,5,2,1,1,2,13055,M,,,13
200800066918,8,11,7,1815,5,2,3,1,5,13055,M,,,13
200800066919,8,11,10,955,1,2,1,1,3,13055,M,,,13
200800066920,8,11,15,1425,1,2,1,1,6,13055,M,,,13
200800066921,8,11,7,1520,1,2,9,1,3,13055,M,,,13
200800066922,8,11,26,1030,1,2,3,1,3,13055,M,,,13
200800066923,8,11,14,1230,1,2,9,1,3,13055,M,,,13
200800066924,8,11,26,2145,5,2,1,1,6,13055,M,,,13
200800066925,8,11,27,2000,5,2,9,1,3,13055,M,,,13
200800066926,8,11,28,545,5,2,1,2,2,13055,M,,,13
200800066927,8,11,16,1945,5,2,1,1,3,13055,M,,,13
200800066928,8,11,17,2020,5,2,6,1,2,13055,M,,,13
200800066929,8,11,22,1401,1,2,1,1,3,13055,M,,,13
200800066930,8,11,28,700,5,2,1,2,6,13055,M,,,13
200800066931,8,11,27,1345,1,2,1,1,3,13055,M,,,13
200800066932,8,11,29,30,5,2,3,8,6,13055,M,,,13
200800066933,8,11,21,1250,1,2,1,1,1,13055,M,,,13
200800066934,8,11,12,1550,1,2,1,1,3,13055,M,,,13
200800066935,8,11,12,1720,5,2,1,1,3,13055,M,,,13
200800066936,8,11,1,1600,1,1,1,1,3,13055,M,,,13
200800066937,8,11,18,1830,5,2,1,1,6,13055,M,,,13
200800066938,8,11,20,835,1,2,1,1,2,13055,M,,,13
200800066939,8,11,20,1310,1,2,1,1,3,13055,M,,,13
200800066940,8,11,21,825,1,2,1,1,4,13055,M,,,13
200800066941,8,11,12,1000,1,2,1,2,6,13055,M,,,13
200800066942,8,11,12,1310,1,2,1,2,3,13055,M,,,13
200800066943,8,11,9,1245,1,2,3,1,6,13055,M,,,13
200800066944,8,11,25,1135,1,2,1,1,4,13055,M,,,13
200800066945,8,11,21,910,1,2,1,1,6,13055,M,,,13
200800066946,8,11,24,910,1,2,1,1,6,13055,M,,,13
200800066947,8,11,14,1225,1,2,1,1,3,13055,M,,,13
200800066948,8,11,24,1600,5,2,3,1,3,13055,M,,,13
200800066949,8,11,19,1720,2,2,1,1,3,13055,M,,,13
200800066950,8,11,11,1420,1,2,3,1,2,13055,M,,,13
200800066951,8,11,27,1300,1,2,6,1,7,13055,M,,,13
200800066952,8,11,29,1915,4,2,1,2,6,13055,M,,,13
200800066953,8,11,28,2010,4,2,1,1,6,13055,M,,,13
200800066954,8,11,22,1030,1,2,9,6,3,13055,M,,,13
200800066955,8,11,26,1230,1,2,1,1,2,13055,M,,,13
200800066956,8,11,27,1100,1,2,1,1,6,13055,M,,,13
200800066957,8,11,25,1355,1,2,1,1,3,13055,M,,,13
200800066958,8,11,18,1500,1,2,1,8,3,13055,M,,,13
200800066959,8,11,12,1200,1,2,3,2,3,13055,M,,,13
200800066960,8,11,5,1735,5,2,1,1,6,13055,M,,,13
200800066961,8,11,3,1825,5,2,1,1,3,13055,M,,,13
200800066962,8,11,3,1145,1,2,3,2,1,13055,M,,,13
200800066963,8,11,5,1430,1,2,1,1,2,13055,M,,,13
200800066964,8,11,14,1830,5,2,2,1,3,13055,M,,,13
200800066965,8,11,7,1640,1,2,1,1,6,13055,M,,,13
200800066966,8,11,3,1120,1,2,1,1,6,13055,M,,,13
200800066967,8,11,3,1200,1,2,1,1,6,13055,M,,,13
200800066968,8,11,4,1450,1,2,1,3,6,13055,M,,,13
200800066969,8,11,10,2040,5,2,1,2,6,13055,M,,,13
200800066970,8,11,16,120,5,2,1,1,6,13055,M,,,13
200800066971,8,11,16,830,1,2,1,1,6,13055,M,,,13
200800066972,8,11,5,1225,1,2,2,1,3,13055,M,,,13
200800066973,8,11,20,1915,5,2,1,1,7,13055,M,,,13
200800066974,8,11,17,1620,1,2,1,1,3,13055,M,,,13
200800066975,8,11,1,1831,5,2,1,8,6,13055,M,,,13
200800066976,8,11,29,1400,1,2,1,3,1,13055,M,,,13
200800066977,8,11,30,1845,5,2,1,2,2,13055,M,,,13
200800066978,8,11,8,1345,1,2,1,1,3,13055,M,,,13
200800066979,8,11,28,2045,5,2,3,1,3,13055,M,,,13
200800066980,8,11,28,1300,1,2,1,1,3,13055,M,,,13
200800066981,8,11,26,1315,1,2,1,1,2,13055,M,,,13
200800066982,8,11,17,805,1,2,1,1,6,13055,M,,,13
200800066983,8,11,26,930,1,1,1,1,2,13055,M,,,13
200800066984,8,11,30,1730,5,2,1,2,3,13055,M,,,13
200800066985,8,11,20,1830,5,2,2,1,3,13055,M,,,13
200800066986,8,11,7,2040,5,2,3,1,3,13055,M,,,13
200800066987,8,11,23,1730,5,2,3,1,2,13055,M,,,13
200800066988,8,11,28,1940,5,2,3,2,1,13055,M,,,13
200800066989,8,11,19,2220,5,2,5,1,3,13055,M,,,13
200800066990,8,11,19,1950,5,2,2,1,3,13055,M,,,13
200800066991,8,11,13,1930,5,2,2,1,2,13055,M,,,13
200800066992,8,11,24,2000,5,2,1,1,1,13055,M,,,13
200800066993,8,11,18,1030,1,2,1,1,2,13055,M,,,13
200800066994,8,11,21,850,1,2,3,1,3,13055,M,,,13
200800066995,8,11,20,850,1,2,2,1,3,13055,M,,,13
200800066996,8,11,13,1415,1,2,2,1,3,13055,M,,,13
200800066997,8,11,15,1950,5,2,1,1,6,13055,M,,,13
200800066998,8,11,15,2335,5,2,1,1,7,13055,M,,,13
200800066999,8,11,7,1341,1,2,3,1,1,13055,M,,,13
200800067000,8,11,21,1550,1,2,1,1,3,13055,M,,,13
200800067001,8,11,27,1410,1,2,1,9,6,13055,M,,,13
200800067002,8,11,22,1140,1,2,1,6,6,13055,M,,,13
200800067003,8,11,17,735,2,2,1,1,3,13055,M,,,13
200800067004,8,11,21,1645,1,2,1,1,7,13055,M,,,13
200800067005,8,11,28,1600,2,2,3,2,3,13055,M,,,13
200800067006,8,11,17,1800,5,2,1,1,2,13055,M,,,13
200800067007,8,11,8,430,5,2,1,1,6,13055,M,,,13
200800067008,8,11,20,1200,1,2,1,1,7,13055,M,,,13
200800067009,8,11,25,1015,1,2,1,1,6,13055,M,,,13
200800067010,8,11,24,1150,1,2,2,1,3,13055,M,,,13
200800067011,8,11,29,1430,1,2,1,2,2,13055,M,,,13
200800067012,8,11,5,1800,5,2,2,1,3,13055,M,,,13
200800067013,8,11,4,1200,1,2,2,1,3,13055,M,,,13
200800067014,8,11,21,1730,5,2,1,1,3,13055,M,,,13
200800067015,8,11,9,2220,5,2,1,1,2,13055,M,,,13
200800067016,8,11,13,1545,1,2,1,1,6,13055,M,,,13
200800067017,8,11,17,1230,1,2,1,1,6,13055,M,,,13
200800067018,8,11,24,1340,1,2,1,1,6,13055,M,,,13
200800067019,8,11,26,800,1,2,1,1,6,13055,M,,,13
200800067020,8,11,15,2015,5,2,1,1,6,13055,M,,,13
200800067021,8,11,13,1915,5,2,1,1,1,13055,M,,,13
200800067022,8,11,6,1510,2,2,3,1,3,13055,M,,,13
200800067023,8,11,27,1101,1,2,1,1,3,13055,M,,,13
200800067024,8,11,30,1930,2,2,1,1,2,13055,M,,,13
200800067025,8,11,14,1610,1,2,1,1,2,13055,M,,,13
200800067026,8,11,28,900,1,2,1,8,7,13055,M,,,13
200800067027,8,11,22,1330,1,2,1,1,7,13055,M,,,13
200800067028,8,11,13,1300,1,2,1,1,3,13055,M,,,13
200800067029,8,11,10,1205,1,2,1,1,6,13039,M,,,13
200800067030,8,11,12,1715,3,1,1,1,1,13039,M,,,13
200800067031,8,11,22,1440,1,2,1,1,3,13077,M,,,13
200800067032,8,11,28,1800,5,2,1,1,6,13056,M,,,13
200800067033,8,11,30,1030,1,2,1,1,6,13056,M,,,13
200800067034,8,11,20,2340,5,2,1,1,7,13103,M,,,13
200800067035,8,11,1,1715,1,1,1,8,6,13108,M,,,13
200800067036,8,11,24,650,3,1,1,5,1,13108,M,,,13
200800067037,8,11,26,1505,1,1,2,1,3,13108,M,,,13
200800067038,8,11,12,2000,3,2,1,1,1,13117,M,,,13
200800067039,8,11,2,2000,3,1,2,6,3,13117,M,,,13
200800067040,8,11,4,1705,5,1,1,3,4,13117,M,,,13
200800067041,8,11,7,1340,1,2,1,1,2,13071,M,,,13
200800067042,8,11,7,1825,3,2,1,1,7,13117,M,,,13
200800067043,8,11,8,1330,1,2,1,1,6,13071,M,,,13
200800067044,8,11,9,1420,1,2,2,1,3,13117,M,,,13
200800067045,8,11,10,1200,1,2,1,1,3,13071,M,,,13
200800067046,8,11,10,2310,5,2,2,1,3,13071,M,,,13
200800067047,8,11,12,1125,1,2,1,2,2,13117,M,,,13
200800067048,8,11,13,855,1,2,6,1,2,13117,M,,,13
200800067049,8,11,15,1915,5,2,2,1,3,13117,M,,,13
200800067050,8,11,17,1335,1,2,1,1,7,13117,M,,,13
200800067051,8,11,17,1555,1,1,3,1,3,13117,M,,,13
200800067052,8,11,19,1735,5,2,1,1,6,13117,M,,,13
200800067053,8,11,20,900,1,2,1,1,6,13071,M,,,13
200800067054,8,11,21,935,1,2,1,1,6,13117,M,,,13
200800067055,8,11,24,1025,1,2,3,1,3,13117,M,,,13
200800067056,8,11,25,555,3,1,1,1,3,13117,M,,,13
200800067057,8,11,25,1930,5,2,1,1,6,13117,M,,,13
200800067058,8,11,26,1930,5,2,1,1,3,13071,M,,,13
200800067059,8,11,28,1800,3,1,1,1,3,13117,M,,,13
200800067060,8,11,28,800,2,1,1,2,4,13117,M,,,13
200800067061,8,11,29,1715,5,2,3,2,3,13117,M,,,13
200800067062,8,11,30,240,5,2,1,1,7,13071,M,,,13
200800067063,8,11,9,2205,5,2,1,8,6,14118,M,,,14
200800067064,8,11,13,820,1,2,1,1,2,14118,M,,,14
200800067065,8,11,14,1925,5,2,1,1,6,14118,M,,,14
200800067066,8,11,15,1250,1,2,2,2,3,14118,M,,,14
200800067067,8,11,19,25,5,2,1,1,1,14118,M,,,14
200800067068,8,11,20,1915,5,2,1,1,1,14437,M,,,14
200800067069,8,11,21,2159,5,2,1,1,3,14118,M,,,14
200800067070,8,11,25,1735,1,2,6,1,3,14118,M,,,14
200800067071,8,11,28,820,1,1,1,1,5,14101,M,,,14
200800067072,8,11,21,1244,1,2,1,1,7,14333,M,,,14
200800067073,8,11,18,800,2,2,6,2,3,14366,M,,,14
200800067074,8,11,21,1135,1,2,2,2,3,14366,M,,,14
200800067075,8,11,27,715,3,1,1,8,6,14487,M,,,14
200800067076,8,11,29,1200,1,2,1,2,6,14366,M,,,14
200800067077,8,11,29,1230,1,2,1,2,6,14366,M,,,14
200800067078,8,11,12,2330,5,2,3,1,3,14715,M,,,14
200800067079,8,11,14,1705,1,2,1,2,6,14699,M,,,14
200800067080,8,11,7,2010,5,2,2,1,3,15014,M,,,15
200800067081,8,11,12,1810,2,2,1,8,1,15014,M,,,15
200800067082,8,11,29,1520,1,2,1,8,6,15012,M,,,15
200800067083,8,11,3,1900,5,2,1,2,3,16154,M,,,16
200800067084,8,11,7,820,1,2,2,2,3,16015,M,,,16
200800067085,8,11,8,30,5,2,1,1,3,16015,M,,,16
200800067086,8,11,8,1723,2,2,1,1,2,16015,M,,,16
200800067087,8,11,16,1420,1,2,6,1,6,16015,M,,,16
200800067088,8,11,21,1320,1,2,1,2,3,16374,M,,,16
200800067089,8,11,27,510,5,2,1,5,6,16166,M,,,16
200800067090,8,11,13,900,1,2,1,1,3,33063,M,,,33
200800067091,8,11,14,15,5,2,1,1,4,33063,M,,,33
200800067092,8,11,13,910,1,2,1,1,2,33063,M,,,33
200800067093,8,11,13,1840,5,2,3,1,3,33281,M,,,33
200800067094,8,11,10,900,1,2,2,2,3,33069,M,,,33
200800067095,8,11,14,820,1,2,2,1,3,33063,M,,,33
200800067096,8,11,15,2115,5,2,1,1,2,33063,M,,,33
200800067097,8,11,15,2055,5,2,3,1,3,33063,M,,,33
200800067098,8,11,11,1630,1,2,1,1,2,33281,M,,,33
200800067099,8,11,12,1110,1,2,3,2,3,33318,M,,,33
200800067100,8,11,12,1830,5,2,1,1,2,33249,M,,,33
200800067101,8,11,10,1647,1,2,3,1,3,33281,M,,,33
200800067102,8,11,10,1715,1,2,6,1,6,33032,M,,,33
200800067103,8,11,17,1435,1,2,1,1,2,33063,M,,,33
200800067104,8,11,17,1610,1,2,1,1,6,33063,M,,,33
200800067105,8,11,12,1046,1,2,2,3,3,33550,M,,,33
200800067106,8,11,15,1615,1,2,2,1,1,33167,M,,,33
200800067107,8,11,11,550,5,2,4,1,3,33039,M,,,33
200800067108,8,11,13,1750,5,2,1,1,3,33281,M,,,33
200800067109,8,11,14,915,1,2,1,1,6,33318,M,,,33
200800067110,8,11,12,1430,1,2,6,2,2,33281,M,,,33
200800067111,8,11,18,950,1,2,1,2,3,33249,M,,,33
200800067112,8,11,20,1250,1,2,2,1,3,33063,M,,,33
200800067113,8,11,20,1750,5,2,1,1,6,33063,M,,,33
200800067114,8,11,20,1850,5,2,1,1,6,33063,M,,,33
200800067115,8,11,20,1650,1,2,1,1,2,33063,M,,,33
200800067116,8,11,17,800,1,2,1,1,2,33069,M,,,33
200800067117,8,11,15,2028,5,2,1,1,1,33522,M,,,33
200800067118,8,11,18,805,1,2,1,2,3,33318,M,,,33
200800067119,8,11,17,958,1,2,1,1,3,33192,M,,,33
200800067120,8,11,18,1023,1,2,2,1,6,33281,M,,,33
200800067121,8,11,17,910,1,2,3,1,3,33318,M,,,33
200800067122,8,11,22,1535,1,2,3,1,3,33063,M,,,33
200800067123,8,11,22,750,2,2,6,1,3,33063,M,,,33
200800067124,8,11,21,730,3,2,1,1,1,33063,M,,,33
200800067125,8,11,21,1815,5,2,3,2,6,33249,M,,,33
200800067126,8,11,23,2000,5,2,1,2,6,33063,M,,,33
200800067127,8,11,20,1800,5,2,6,1,6,33119,M,,,33
200800067128,8,11,23,120,5,2,2,2,3,33063,M,,,33
200800067129,8,11,19,745,2,2,1,1,6,33281,M,,,33
200800067130,8,11,19,1330,1,2,1,1,6,33075,M,,,33
200800067131,8,11,24,710,2,2,5,2,3,33063,M,,,33
200800067132,8,11,24,2000,5,2,2,1,3,33063,M,,,33
200800067133,8,11,25,1555,1,2,1,1,2,33063,M,,,33
200800067134,8,11,25,1250,1,2,1,1,6,33063,M,,,33
200800067135,8,11,19,1035,1,2,3,1,5,33063,M,,,33
200800067136,8,11,18,1300,1,2,9,2,3,33522,M,,,33
200800067137,8,11,26,1000,1,2,1,1,2,33063,M,,,33
200800067138,8,11,26,1001,1,2,1,1,2,33063,M,,,33
200800067139,8,11,26,1150,1,2,3,1,3,33063,M,,,33
200800067140,8,11,27,1140,1,2,2,1,3,33063,M,,,33
200800067141,8,11,21,845,1,2,2,8,3,33039,M,,,33
200800067142,8,11,27,1610,1,2,3,1,7,33063,M,,,33
200800067143,8,11,26,1700,1,2,2,1,3,33063,M,,,33
200800067144,8,11,25,1340,1,2,1,1,6,33281,M,,,33
200800067145,8,11,24,806,1,2,3,2,4,33069,M,,,33
200800067146,8,11,19,1740,5,2,2,1,3,33281,M,,,33
200800067147,8,11,19,1620,1,2,1,1,6,33281,M,,,33
200800067148,8,11,24,1218,1,2,3,1,3,33281,M,,,33
200800067149,8,11,27,825,1,2,2,1,3,33063,M,,,33
200800067150,8,11,22,1410,1,2,1,9,3,33550,M,,,33
200800067151,8,11,24,1513,1,2,1,3,6,33167,M,,,33
200800067152,8,11,25,1910,5,2,3,1,3,33550,M,,,33
200800067153,8,11,25,905,1,2,2,1,3,33281,M,,,33
200800067154,8,11,25,2225,5,2,2,2,3,33318,M,,,33
200800067155,8,11,19,1535,1,2,1,1,3,33550,M,,,33
200800067156,8,11,27,1245,1,2,2,1,3,33063,M,,,33
200800067157,8,11,27,1000,1,2,2,1,3,33063,M,,,33
200800067158,8,11,29,1750,5,2,1,2,6,33063,M,,,33
200800067159,8,11,29,1100,1,2,1,2,6,33063,M,,,33
200800067160,8,11,27,735,2,2,1,5,3,33249,M,,,33