Num_Acc,an,mois,jour,hrmn,lum,agg,int,atm,col,com,gps,lat,long,dep
200800067161,8,11,26,1130,1,2,1,1,3,33032,M,,,33
200800067162,8,11,28,2250,5,2,1,1,6,33075,M,,,33
200800067163,8,11,24,1650,5,2,1,3,6,33522,M,,,33
200800067164,8,11,26,1940,5,2,1,1,6,33063,M,,,33
200800067165,8,11,26,800,1,2,1,1,6,33039,M,,,33
200800067166,8,11,27,830,5,2,2,5,3,33039,M,,,33
200800067167,8,11,25,1800,5,2,1,1,3,33281,M,,,33
200800067168,8,11,24,1745,5,2,1,2,2,33039,M,,,33
200800067169,8,11,28,1930,5,2,2,1,3,33318,M,,,33
200800067170,8,11,28,750,1,2,1,1,6,33318,M,,,33
200800067171,8,11,15,1445,1,2,1,2,3,95574,M,,,95
200800067172,8,11,15,2330,5,2,1,2,3,95219,M,,,95
200800067173,8,11,26,1210,1,2,1,1,6,95219,M,,,95
200800067174,8,11,27,600,5,2,1,1,6,95426,M,,,95
200800067175,8,11,27,600,5,2,1,1,6,95252,M,,,95
200800067176,8,11,27,1650,1,2,6,1,3,95203,M,,,95
200800067177,8,11,2,1345,1,2,1,1,6,95268,M,,,95
200800067178,8,11,11,2000,5,1,5,2,3,95277,M,,,95
200800067179,8,11,30,1115,1,2,1,1,6,95280,M,,,95
200800067180,8,11,26,1950,5,2,1,1,2,95280,M,,,95
200800067181,8,11,11,1740,2,2,1,2,3,95306,M,,,95
200800067182,8,11,14,1935,5,2,1,9,3,95306,M,,,95
200800067183,8,11,15,1010,1,2,1,9,7,95306,M,,,95
200800067184,8,11,20,1530,1,2,1,1,6,95306,M,,,95
200800067185,8,11,24,1200,1,2,1,1,6,95306,M,,,95
200800067186,8,11,17,2125,5,2,1,1,6,95487,M,,,95
200800067187,8,11,18,1710,2,2,1,2,6,95052,M,,,95
200800067188,8,11,11,2130,5,1,1,1,3,95585,M,,,95
200800067189,8,11,18,804,2,2,1,2,7,95539,M,,,95
200800067190,8,11,30,1050,1,2,1,8,7,95585,M,,,95
200800067191,8,11,13,850,1,2,1,1,2,95051,M,,,95
200800067192,8,11,10,1117,1,2,1,1,6,95607,M,,,95
200800067193,8,11,16,2349,5,2,1,1,6,95607,M,,,95
200800067194,8,11,20,1600,1,2,1,1,6,95607,M,,,95
200800067195,8,11,2,423,5,2,2,1,3,20004,M,,,201
200800067196,8,11,6,20,3,2,1,3,6,20004,M,,,201
200800067197,8,11,8,1430,1,1,1,1,3,20004,M,,,201
200800067198,8,11,11,420,5,1,1,1,6,20004,M,,,201
200800067199,8,11,17,1523,1,2,1,1,6,20004,M,,,201
200800067200,8,11,17,1915,5,2,9,1,3,20004,M,,,201
200800067201,8,11,19,1720,5,2,1,1,6,20004,M,,,201
200800067202,8,11,22,2355,5,2,1,1,6,20004,M,,,201
200800067203,8,11,29,625,5,2,1,1,2,69381,M,,,69
200800067204,8,11,28,1220,1,2,3,1,6,69381,M,,,69
200800067205,8,11,7,855,1,2,1,1,3,20033,M,,,202
200800067206,8,11,7,1241,1,2,1,1,7,20120,M,,,202
200800067207,8,11,10,410,5,2,1,1,7,20120,M,,,202
200800067208,8,11,11,318,5,2,1,1,7,20120,M,,,202
200800067209,8,11,12,1115,1,2,1,2,4,20033,M,,,202
200800067210,8,11,13,2250,5,2,1,2,2,20033,M,,,202
200800067211,8,11,14,1730,1,2,1,1,3,20033,M,,,202
200800067212,8,11,15,1930,5,2,6,1,3,20120,M,,,202
200800067213,8,11,15,2200,5,2,1,1,1,20033,M,,,202
200800067214,8,11,17,800,1,1,1,1,6,20033,M,,,202
200800067215,8,11,17,1219,1,2,1,1,2,20033,M,,,202
200800067216,8,11,17,1535,1,2,1,1,4,20033,M,,,202
200800067217,8,11,18,1805,1,2,1,1,3,20033,M,,,202
200800067218,8,11,20,2307,5,2,1,1,6,20033,M,,,202
200800067219,8,11,21,1820,5,2,1,6,4,20037,M,,,202
200800067220,8,11,24,1347,1,2,1,1,6,20033,M,,,202
200800067221,8,11,25,842,1,2,6,1,7,20037,M,,,202
200800067222,8,11,25,945,1,2,1,1,4,20120,M,,,202
200800067223,8,11,25,1147,1,1,1,1,7,20037,M,,,202
200800067224,8,11,29,932,1,2,1,1,6,20033,M,,,202
200800067225,8,11,30,539,2,2,1,3,7,20037,M,,,202
200800067226,8,11,30,1203,1,2,1,2,2,20033,M,,,202
200800067227,8,11,10,1819,5,2,1,1,3,69382,M,,,69
200800067228,8,11,9,2015,5,2,2,1,3,69382,M,,,69
200800067229,8,11,20,1245,1,1,1,1,7,78646,M,,,78
200800067230,8,11,20,1515,1,1,1,1,6,78646,M,,,78
200800067231,8,11,20,1705,1,1,1,1,3,92050,M,,,92
200800067232,8,11,21,1040,1,1,1,3,2,78423,M,,,78
200800067233,8,11,21,825,2,1,1,2,5,78322,M,,,78
200800067234,8,11,21,920,1,1,1,3,7,78490,M,,,78
200800067235,8,11,21,935,1,1,1,3,4,92064,M,,,92
200800067236,8,11,21,2014,5,1,1,1,3,78117,M,,,78
200800067237,8,11,25,700,2,1,1,1,3,78322,M,,,78
200800067238,8,11,25,820,1,1,1,1,3,78490,M,,,78
200800067239,8,11,25,820,1,1,1,2,6,78043,M,,,78
200800067240,8,11,26,1520,1,1,1,1,2,92050,M,,,92
200800067241,8,11,27,1135,1,1,9,1,2,78640,M,,,78
200800067242,8,11,28,750,2,1,1,2,5,92047,M,,,92
200800067243,8,11,29,1300,1,1,1,1,2,78158,M,,,78
200800067244,8,11,29,2000,5,1,1,1,2,78423,M,,,78
200800067245,8,11,30,710,2,1,1,4,6,78640,M,,,78
200800067246,8,11,30,1230,1,1,1,2,2,92072,M,,,92
200800067247,8,11,30,1305,1,1,1,2,2,78423,M,,,78
200800067248,8,11,30,1535,1,1,1,1,6,78362,M,,,78
200800067249,8,11,30,1540,1,1,1,8,2,92047,M,,,92
200800067250,8,11,30,1715,3,1,1,1,7,78133,M,,,78
200800067251,8,11,11,1400,1,1,1,1,3,42110,M,,,42
200800067252,8,11,18,1805,3,1,1,2,4,42218,M,,,42
200800067253,8,11,3,1620,1,1,1,1,3,69382,M,,,69
200800067254,8,11,4,1240,1,1,1,1,7,69199,M,,,69
200800067255,8,11,6,1200,1,1,1,1,3,69029,M,,,69
200800067256,8,11,7,800,1,1,1,1,6,01248,M,,,01
200800067257,8,11,8,1020,1,1,1,1,2,69259,M,,,69
200800067258,8,11,9,1050,1,1,1,8,6,69142,M,,,69
200800067259,8,11,11,1630,1,1,1,2,6,38336,M,,,38
200800067260,8,11,12,805,1,1,1,1,6,69271,M,,,69
200800067261,8,11,7,1840,2,1,1,1,2,69029,M,,,69
200800067262,8,11,12,1740,3,1,1,1,4,69290,M,,,69
200800067263,8,11,14,1100,1,1,1,1,4,69271,M,,,69
200800067264,8,11,17,1500,1,1,1,1,3,69266,M,,,69
200800067265,8,11,18,1030,1,1,4,1,1,01249,M,,,01
200800067266,8,11,18,1100,1,1,1,1,3,69290,M,,,69
200800067267,8,11,20,715,1,1,1,1,4,69256,M,,,69
200800067268,8,11,21,1750,5,1,1,2,4,69290,M,,,69
200800067269,8,11,21,2345,5,1,1,2,7,01275,M,,,01
200800067270,8,11,22,40,3,1,1,2,1,69268,M,,,69
200800067271,8,11,22,750,1,1,1,1,2,69199,M,,,69
200800067272,8,11,23,820,1,1,1,1,6,69388,M,,,69
200800067273,8,11,24,1450,1,1,1,4,2,69117,M,,,69
200800067274,8,11,24,1450,1,1,1,4,5,01376,M,,,01
200800067275,8,11,24,1745,5,1,1,1,4,69297,M,,,69
200800067276,8,11,25,800,1,1,1,8,4,01238,M,,,01
200800067277,8,11,24,1505,1,1,1,4,2,69117,M,,,69
200800067278,8,11,25,1450,1,1,1,1,4,69259,M,,,69
200800067279,8,11,27,1850,5,1,1,1,2,69081,M,,,69
200800067280,8,11,28,950,1,1,1,1,5,69297,M,,,69
200800067281,8,11,1,205,3,1,1,3,6,83126,M,,,83
200800067282,8,11,6,1430,1,1,1,2,7,83090,M,,,83
200800067283,8,11,10,1140,1,1,1,1,4,83062,M,,,83
200800067284,8,11,14,1800,2,1,1,1,2,83047,M,,,83
200800067285,8,11,19,1419,1,1,1,1,4,83144,M,,,83
200800067286,8,11,19,1910,3,1,1,1,2,83062,M,,,83
200800067287,8,11,21,1240,1,1,1,1,6,83047,M,,,83
200800067288,8,11,23,2010,5,1,1,1,2,83144,M,,,83
200800067289,8,11,24,715,5,1,9,8,7,83137,M,,,83
200800067290,8,11,27,1845,5,1,1,1,2,83137,M,,,83
200800067291,8,11,28,725,2,1,1,2,2,83144,M,,,83
200800067292,8,11,29,1930,5,1,1,3,4,42110,M,,,42
200800067293,8,11,29,2335,5,1,1,9,2,42183,M,4640568.0,437654.0,42
200800067294,8,11,30,830,1,1,1,1,6,69382,M,,,69
200800067295,8,11,28,1355,1,2,2,1,6,92012,M,,,92
200800067296,8,11,3,730,1,2,2,1,3,28085,M,,,28
200800067297,8,11,29,1830,3,2,1,3,6,29019,M,,,29
200800067298,8,11,25,720,5,2,1,9,6,87085,M,,,87
200800067299,8,11,29,2115,3,2,1,1,1,92050,M,,,92
200800067300,8,11,9,1720,1,2,1,1,6,94022,M,,,94
200800067301,8,11,8,1344,1,2,5,8,6,75116,M,,,75
200800067302,8,11,16,1900,3,1,1,1,5,77059,M,,,77
200800067303,8,11,3,915,1,1,1,1,7,92051,M,,,92
200800067304,8,11,14,1820,3,1,1,2,2,92036,M,,,92
200800067305,8,11,19,900,1,1,9,1,6,78043,M,,,78
200800067306,8,11,20,1910,2,1,1,8,7,78297,M,,,78
200800067307,8,11,23,1330,1,1,1,2,3,92012,M,,,92
200800067308,8,11,25,810,2,1,1,2,2,92036,M,,,92
200800067309,8,11,29,2225,5,2,5,1,3,75114,M,,,75
200800067310,8,11,29,1405,1,2,1,1,7,75115,M,,,75
200800067311,8,11,29,1130,1,2,1,8,6,75116,M,,,75
200800067312,8,11,29,1045,1,2,3,1,3,75117,M,,,75
200800067313,8,11,29,615,5,2,1,1,3,75118,M,,,75
200800067314,8,11,29,1630,5,2,4,1,6,75118,M,,,75
200800067315,8,11,29,1915,5,2,3,1,6,75118,M,,,75
200800067316,8,11,29,1410,1,2,1,1,4,75119,M,,,75
200800067317,8,11,29,230,5,2,1,1,6,75120,M,,,75
200800067318,8,11,29,400,5,2,4,2,6,75117,M,,,75
200800067319,8,11,29,1400,1,2,1,1,2,75115,M,,,75
200800067320,8,11,30,1945,5,2,2,2,3,75102,M,,,75
200800067321,8,11,30,230,5,2,2,4,7,75106,M,,,75
200800067322,8,11,30,625,5,2,1,2,6,75106,M,,,75
200800067323,8,11,30,205,5,2,3,2,2,75108,M,,,75
200800067324,8,11,30,600,5,2,5,2,3,75108,M,,,75
200800067325,8,11,30,1830,3,2,2,2,6,75108,M,,,75
200800067326,8,11,30,2130,5,2,1,2,6,75108,M,,,75
200800067327,8,11,30,1530,1,2,2,2,6,75109,M,,,75
200800067328,8,11,30,225,5,2,5,2,7,75110,M,,,75
200800067329,8,11,30,250,5,2,2,2,3,75110,M,,,75
200800067330,8,11,30,1020,1,2,1,2,6,75110,M,,,75
200800067331,8,11,30,1,5,2,2,1,6,75111,M,,,75
200800067332,8,11,15,2335,5,2,2,8,3,75116,M,,,75
200800067333,8,11,15,1200,1,2,5,8,3,75117,M,,,75
200800067334,8,11,15,2010,5,2,3,2,3,75116,M,,,75
200800067335,8,11,15,150,5,2,1,2,3,75118,M,,,75
200800067336,8,11,15,1130,1,2,5,1,3,75119,M,,,75
200800067337,8,11,15,445,4,2,1,2,6,75116,M,,,75
200800067338,8,11,15,2110,5,2,3,1,6,75112,M,,,75
200800067339,8,11,15,415,5,2,1,2,6,75117,M,,,75
200800067340,8,11,15,1615,1,2,1,1,4,75114,M,,,75
200800067341,8,11,15,1920,5,2,1,1,6,75118,M,,,75
200800067342,8,11,27,955,1,2,1,1,2,75101,M,,,75
200800067343,8,11,27,1805,5,2,2,1,6,75106,M,,,75
200800067344,8,11,27,102,5,2,6,1,6,75107,M,,,75
200800067345,8,11,27,850,1,2,2,1,6,75108,M,,,75
200800067346,8,11,27,1915,5,2,1,1,6,75108,M,,,75
200800067347,8,11,27,1215,1,2,2,1,3,75110,M,,,75
200800067348,8,11,27,1845,5,2,1,2,6,75110,M,,,75
200800067349,8,11,27,1035,1,2,3,1,7,75113,M,,,75
200800067350,8,11,27,1305,1,2,1,1,3,75113,M,,,75
200800067351,8,11,27,1745,5,2,2,1,6,75113,M,,,75
200800067352,8,11,27,1000,1,2,2,1,2,75114,M,,,75
200800067353,8,11,27,1001,1,2,2,1,3,75114,M,,,75
200800067354,8,11,27,1830,5,2,2,1,3,75114,M,,,75
200800067355,8,11,27,1820,5,2,1,1,3,75114,M,,,75
200800067356,8,11,27,1510,1,2,2,1,7,75116,M,,,75
200800067357,8,11,27,935,1,2,2,1,3,75117,M,,,75
200800067358,8,11,27,950,1,2,3,1,4,75118,M,,,75
200800067359,8,11,27,1935,5,2,3,2,3,75118,M,,,75
200800067360,8,11,27,1220,1,2,2,1,6,75119,M,,,75
200800067361,8,11,27,1515,1,2,2,1,6,75119,M,,,75
200800067362,8,11,27,1730,5,2,1,1,6,75119,M,,,75
200800067363,8,11,27,1940,5,2,2,1,6,75119,M,,,75
200800067364,8,11,27,930,1,2,1,1,2,75120,M,,,75
200800067365,8,11,27,1345,1,2,1,1,3,75110,M,,,75
200800067366,8,11,27,1830,5,2,1,1,6,75110,M,,,75
200800067367,8,11,27,710,2,2,1,1,3,75113,M,,,75
200800067368,8,11,27,950,1,2,1,1,5,75120,M,,,75
200800067369,8,11,27,1820,5,2,1,1,3,75112,M,,,75
200800067370,8,11,29,1020,1,2,3,1,7,75101,M,,,75
200800067371,8,11,29,2140,5,2,3,1,3,75101,M,,,75
200800067372,8,11,29,1710,5,2,2,8,3,75102,M,,,75
200800067373,8,11,29,1340,1,2,2,1,3,75104,M,,,75
200800067374,8,11,29,1305,1,2,2,8,3,75105,M,,,75
200800067375,8,11,29,2130,5,2,2,1,6,75105,M,,,75
200800067376,8,11,29,1545,1,2,2,1,3,75107,M,,,75
200800067377,8,11,29,1920,5,2,3,1,7,75107,M,,,75
200800067378,8,11,29,605,5,2,1,2,7,75108,M,,,75
200800067379,8,11,29,1500,1,2,3,1,3,75108,M,,,75
200800067380,8,11,29,2205,5,2,2,1,3,75109,M,,,75
200800067381,8,11,29,45,5,2,1,1,2,75110,M,,,75
200800067382,8,11,29,312,5,2,1,1,7,75110,M,,,75
200800067383,8,11,29,1515,1,2,3,8,6,75110,M,,,75
200800067384,8,11,29,1745,5,2,1,1,3,75110,M,,,75
200800067385,8,11,29,1355,1,2,1,1,3,75112,M,,,75
200800067386,8,11,30,255,5,2,5,3,7,75111,M,,,75
200800067387,8,11,30,405,5,2,2,2,6,75111,M,,,75
200800067388,8,11,30,1500,1,2,1,2,6,75111,M,,,75
200800067389,8,11,30,1,5,2,3,8,3,75112,M,,,75
200800067390,8,11,30,1700,5,2,1,2,3,75112,M,,,75
200800067391,8,11,30,1900,5,2,4,2,3,75112,M,,,75
200800067392,8,11,30,955,1,2,1,2,6,75113,M,,,75
200800067393,8,11,30,1725,5,2,2,2,6,75113,M,,,75
200800067394,8,11,30,2115,5,2,3,2,3,75115,M,,,75
200800067395,8,11,30,655,5,2,3,2,7,75117,M,,,75
200800067396,8,11,30,1955,5,2,5,2,3,75118,M,,,75
200800067397,8,11,30,2240,5,2,2,2,1,75118,M,,,75
200800067398,8,11,30,645,5,2,1,2,6,75119,M,,,75
200800067399,8,11,30,1845,3,2,1,2,6,75120,M,,,75
200800067400,8,11,30,515,5,2,2,2,6,75108,M,,,75
200800067401,8,11,25,1810,5,2,3,1,6,75113,M,,,75
200800067402,8,11,1,230,5,1,1,3,5,93007,M,,,93
200800067403,8,11,5,140,5,1,1,1,2,93066,M,,,93
200800067404,8,11,5,1420,1,1,1,1,3,93066,M,,,93
200800067405,8,11,11,50,5,1,1,3,5,95527,M,,,95
200800067406,8,11,14,1755,5,1,1,1,3,93053,M,,,93
200800067407,8,11,17,2045,4,1,1,1,7,95018,M,,,95
200800067408,8,11,20,715,5,1,1,1,3,95018,M,,,95
200800067409,8,11,21,820,5,1,1,1,3,93066,M,,,93
200800067410,8,11,21,855,1,1,1,3,2,92036,M,,,92
200800067411,8,11,22,700,2,1,1,1,4,93066,M,,,93
200800067412,8,11,24,725,1,1,1,1,3,95582,M,,,95
200800067413,8,11,24,815,2,1,1,1,3,95582,M,,,95
200800067414,8,11,25,830,1,1,1,1,2,93010,M,,,93
200800067415,8,11,30,906,1,1,1,2,1,93027,M,,,93
200800067416,8,11,30,2020,4,1,1,2,5,95582,M,,,95
200800067417,8,11,1,515,3,1,1,2,6,59410,M,,,59
200800067418,8,11,1,1230,1,1,1,2,6,59507,M,,,59
200800067419,8,11,1,1540,1,1,1,2,6,59346,M,,,59
200800067420,8,11,2,2040,5,1,1,2,7,59343,M,,,59
200800067421,8,11,3,1320,1,1,1,2,7,59350,M,,,59
200800067422,8,11,4,1800,2,1,1,1,2,59599,M,,,59
200800067423,8,11,5,1720,2,1,1,1,6,59507,M,,,59
200800067424,8,11,6,1305,1,1,1,1,6,59507,M,,,59
200800067425,8,11,6,1250,1,1,1,1,6,59271,M,,,59
200800067426,8,11,6,1820,2,1,1,1,6,59094,M,,,59
200800067427,8,11,7,2130,3,1,1,1,7,59195,M,,,59
200800067428,8,11,8,545,3,1,1,1,7,62498,M,,,62
200800067429,8,11,8,1530,1,1,1,1,7,59123,M,,,59
200800067430,8,11,9,715,2,1,1,2,7,59202,M,,,59
200800067431,8,11,10,850,1,1,1,2,7,62498,M,,,62
200800067432,8,11,10,850,1,1,1,2,6,62193,M,,,62
200800067433,8,11,10,1900,3,1,1,1,6,62907,M,,,62
200800067434,8,11,11,1600,1,1,1,2,7,59350,M,,,59
200800067435,8,11,11,2050,3,1,1,1,7,59350,M,,,59
200800067436,8,11,13,1640,1,1,1,1,4,59350,M,,,59
200800067437,8,11,14,1500,1,1,1,2,7,59564,M,,,59
200800067438,8,11,15,1845,3,1,1,3,2,62274,M,,,62
200800067439,8,11,16,330,3,1,1,1,6,62528,M,,,62
200800067440,8,11,17,750,2,1,1,1,6,59350,M,,,59
200800067441,8,11,17,1410,1,1,1,1,6,59350,M,,,59
200800067442,8,11,17,1630,1,1,1,1,7,62907,M,,,62
200800067443,8,11,17,2140,5,1,1,1,7,59646,M,,,59
200800067444,8,11,18,300,5,1,1,2,7,59350,M,,,59
200800067445,8,11,18,845,1,1,1,3,7,59478,M,,,59
200800067446,8,11,18,1910,5,1,1,1,6,59009,M,,,59
200800067447,8,11,18,2030,5,1,1,3,4,59009,M,,,59
200800067448,8,11,19,1515,1,1,1,1,2,59462,M,,,59
200800067449,8,11,20,1450,1,1,1,1,6,59090,M,,,59
200800067450,8,11,20,1800,3,1,1,1,2,59646,M,,,59
200800067451,8,11,21,1110,1,1,1,2,6,59350,M,,,59
200800067452,8,11,21,1400,1,1,1,1,4,59350,M,,,59
200800067453,8,11,21,1550,1,1,1,3,7,59350,M,,,59
200800067454,8,11,21,1705,2,1,1,3,6,59447,M,,,59
200800067455,8,11,22,1325,1,1,1,2,6,59288,M,,,59
200800067456,8,11,22,2305,5,1,1,3,7,59350,M,,,59
200800067457,8,11,23,1400,1,1,1,4,7,59350,M,,,59
200800067458,8,11,24,35,5,1,1,2,7,62498,M,,,62
200800067459,8,11,25,245,5,1,1,9,7,62274,M,,,62
200800067460,8,11,25,345,5,1,1,4,7,62427,M,,,62
200800067461,8,11,25,1800,3,1,1,4,7,59386,M,,,59
200800067462,8,11,25,2110,5,1,1,3,7,59350,M,,,59
200800067463,8,11,26,1700,2,1,1,1,6,59507,M,,,59
200800067464,8,11,26,2030,3,1,1,1,7,59143,M,,,59
200800067465,8,11,27,730,2,1,1,2,6,59343,M,,,59
200800067466,8,11,28,1555,1,1,1,1,7,59032,M,,,59
200800067467,8,11,29,645,3,1,1,2,7,62239,M,,,62
200800067468,8,11,30,1150,1,1,1,3,7,59350,M,,,59
200800067469,8,11,30,1300,1,1,1,3,7,59556,M,,,59
200800067470,8,11,30,1650,2,1,1,3,7,59343,M,,,59
200800067471,8,11,1,435,5,1,1,2,6,33065,M,,,33
200800067472,8,11,1,1340,1,1,1,2,6,33318,M,,,33
200800067473,8,11,2,1425,1,1,1,3,6,33039,M,,,33
200800067474,8,11,2,1545,1,1,1,2,6,33162,M,,,33
200800067475,8,11,2,1750,1,1,1,2,6,33550,M,,,33
200800067476,8,11,2,1825,5,1,1,2,6,33249,M,,,33
200800067477,8,11,3,1125,1,1,1,2,6,33318,M,,,33
200800067478,8,11,4,1220,1,1,1,1,6,33039,M,,,33
200800067479,8,11,4,1550,1,1,1,1,3,33550,M,,,33
200800067480,8,11,6,730,5,1,1,2,6,33318,M,,,33
200800067481,8,11,6,1120,1,1,1,2,3,33039,M,,,33
200800067482,8,11,6,1055,1,1,1,8,6,33167,M,,,33
200800067483,8,11,7,1440,1,1,1,1,6,33096,M,,,33
200800067484,8,11,12,930,1,1,1,2,2,33318,M,,,33
200800067485,8,11,12,1200,1,1,1,2,7,33013,M,,,33
200800067486,8,11,12,1935,5,1,1,1,3,33119,M,,,33
200800067487,8,11,13,1145,1,1,1,8,6,33167,M,,,33
200800067488,8,11,14,1300,1,1,1,2,6,33318,M,,,33
200800067489,8,11,14,1555,1,1,1,1,6,33318,M,,,33
200800067490,8,11,17,1820,3,1,1,1,5,33366,M,,,33
200800067491,8,11,18,1640,1,1,1,2,3,33281,M,,,33
200800067492,8,11,19,950,1,1,1,1,2,33281,M,,,33
200800067493,8,11,21,710,5,1,1,2,3,33065,M,,,33
200800067494,8,11,21,820,5,1,1,2,6,33039,M,,,33
200800067495,8,11,23,250,5,1,1,1,2,33550,M,,,33
200800067496,8,11,24,1645,1,1,1,2,2,33281,M,,,33
200800067497,8,11,24,740,1,1,1,1,4,33167,M,,,33
200800067498,8,11,28,1320,1,1,1,1,2,33550,M,,,33
200800067499,8,11,28,1455,1,1,1,1,4,33039,M,,,33
200800067500,8,11,30,1355,1,1,1,2,2,33448,M,,,33
200800067501,8,11,30,2120,5,1,1,1,6,33065,M,,,33
200800067502,8,11,1,203,4,1,1,2,6,67482,M,,,67
200800067503,8,11,2,1040,1,1,1,1,6,67482,M,,,67
200800067504,8,11,2,1335,1,1,1,1,3,67447,M,,,67
200800067505,8,11,11,720,1,1,1,1,1,67482,M,,,67
200800067506,8,11,14,1300,1,1,1,1,2,67482,M,,,67
200800067507,8,11,15,1808,5,1,1,1,2,67152,M,,,67
200800067508,8,11,20,1850,5,1,1,1,4,67447,M,,,67
200800067509,8,11,27,944,1,1,1,1,5,67447,M,,,67
200800067510,8,11,6,1555,1,1,1,1,2,54328,M,,,54
200800067511,8,11,9,525,3,1,1,1,1,54150,M,,,54
200800067512,8,11,1,815,1,1,1,2,7,57303,M,,,57
200800067513,8,11,9,330,5,1,1,1,2,57672,M,,,57
200800067514,8,11,17,1830,3,1,1,1,6,57039,M,,,57
200800067515,8,11,20,1,3,1,1,1,6,57672,M,,,57
200800067516,8,11,27,1225,1,1,1,1,3,57751,M,,,57
200800067517,8,11,27,1725,5,1,1,1,4,57480,M,,,57
200800067518,8,11,19,1351,1,1,1,1,4,83137,M,,,83
200800067519,8,11,1,1830,2,1,1,8,2,13211,M,,,13
200800067520,8,11,2,1620,1,1,1,2,2,13214,M,,,13
200800067521,8,11,3,900,1,1,1,3,6,13056,M,,,13
200800067522,8,11,4,1130,1,1,1,1,2,13005,M,,,13
200800067523,8,11,4,1215,1,1,1,8,6,13056,M,,,13
200800067524,8,11,5,940,1,1,1,8,4,13019,M,,,13
200800067525,8,11,4,2252,3,1,1,2,6,13005,M,,,13
200800067526,8,11,5,1040,1,1,1,1,2,13215,M,,,13
200800067527,8,11,5,1555,1,1,1,1,2,13070,M,,,13
200800067528,8,11,5,1645,2,1,1,1,2,13202,M,,,13
200800067529,8,11,5,1800,3,1,1,2,6,13005,M,,,13
200800067530,8,11,6,1610,1,1,1,1,5,13211,M,,,13
200800067531,8,11,6,1745,2,1,1,8,6,13085,M,,,13
200800067532,8,11,8,845,1,1,1,1,2,13071,M,,,13
200800067533,8,11,8,1945,3,1,1,1,3,13215,M,,,13
200800067534,8,11,9,745,2,1,1,1,7,13088,M,,,13
200800067535,8,11,9,1110,1,1,1,1,7,13202,M,,,13
200800067536,8,11,9,1128,1,1,1,1,2,13005,M,,,13
200800067537,8,11,10,1156,1,1,1,1,6,13215,M,,,13
200800067538,8,11,11,1800,3,1,1,1,6,13214,M,,,13
200800067539,8,11,11,2020,3,1,1,1,2,13117,M,,,13
200800067540,8,11,13,440,3,1,1,1,6,13071,M,,,13
200800067541,8,11,12,800,1,1,1,2,6,13216,M,,,13
200800067542,8,11,12,1835,3,1,1,1,5,13081,M,,,13
200800067543,8,11,12,2015,3,1,1,1,4,13215,M,,,13
200800067544,8,11,13,730,1,1,1,1,2,13215,M,,,13
200800067545,8,11,13,1400,1,1,1,1,6,13203,M,,,13
200800067546,8,11,30,1130,1,1,1,2,7,59350,M,,,59
200800067547,8,11,13,1743,2,1,1,1,3,13202,M,,,13
200800067548,8,11,13,2100,5,1,1,1,6,13211,M,,,13
200800067549,8,11,20,830,1,1,1,1,2,13070,M,,,13
200800067550,8,11,20,1640,1,1,1,1,7,13026,M,,,13
200800067551,8,11,20,1755,2,1,1,1,5,13210,M,,,13
200800067552,8,11,21,1210,1,1,1,1,6,13211,M,,,13
200800067553,8,11,22,435,3,1,1,1,1,13206,M,,,13
200800067554,8,11,22,1050,1,1,1,1,3,13085,M,,,13
200800067555,8,11,23,930,1,1,1,1,6,13005,M,,,13
200800067556,8,11,24,930,1,1,1,1,6,13070,M,,,13
200800067557,8,11,25,1207,1,1,1,1,6,13033,M,,,13
200800067558,8,11,26,1805,5,1,1,1,4,13215,M,,,13
200800067559,8,11,27,2005,3,1,1,1,6,13211,M,,,13
200800067560,8,11,28,145,3,1,1,3,7,13005,M,,,13
200800067561,8,11,28,807,1,1,1,1,2,13026,M,,,13
200800067562,8,11,28,1651,1,1,1,8,7,13056,M,,,13
200800067563,8,11,29,1415,1,1,1,3,5,13070,M,,,13
200800067564,8,11,29,2300,5,1,1,1,6,13215,M,,,13
200800067565,8,11,1,310,5,1,9,3,7,94017,M,,,94
200800067566,8,11,1,850,1,1,1,2,6,94073,M,,,94
200800067567,8,11,3,820,1,1,1,8,5,94018,M,,,94
200800067568,8,11,4,720,2,1,1,1,3,77083,M,,,77
200800067569,8,11,4,740,1,1,1,1,3,94017,M,,,94
200800067570,8,11,4,2035,3,1,1,1,3,77169,M,,,77
200800067571,8,11,5,715,3,1,1,2,3,77169,M,,,77
200800067572,8,11,7,1445,1,1,9,2,6,94018,M,,,94
200800067573,8,11,13,900,1,1,1,1,2,77373,M,,,77
200800067574,8,11,13,1615,1,1,1,1,7,94017,M,,,94
200800067575,8,11,17,430,5,1,1,1,6,94073,M,,,94
200800067576,8,11,17,435,5,1,1,2,2,94073,M,,,94
200800067577,8,11,17,730,1,1,1,1,2,93051,M,,,93
200800067578,8,11,17,1200,1,1,1,1,6,77449,M,,,77
200800067579,8,11,17,1220,1,1,1,1,3,94065,M,,,94