Num_Acc,an,mois,jour,hrmn,lum,agg,int,atm,col,com,gps,lat,long,dep
200800067580,8,11,17,1935,3,1,1,1,5,77294,M,,,77
200800067581,8,11,18,815,1,1,1,2,3,94081,M,,,94
200800067582,8,11,18,1835,5,1,1,1,3,94042,M,,,94
200800067583,8,11,19,1445,1,1,1,1,2,94069,M,,,94
200800067584,8,11,20,830,1,1,1,1,3,94028,M,,,94
200800067585,8,11,21,215,5,1,1,1,7,94081,M,,,94
200800067586,8,11,21,630,2,1,1,2,6,77249,M,,,77
200800067587,8,11,21,900,1,1,1,2,2,94073,M,,,94
200800067588,8,11,22,920,1,1,1,1,2,94069,M,,,94
200800067589,8,11,23,145,5,1,1,1,1,94018,M,,,94
200800067590,8,11,25,1750,5,1,1,1,5,94069,M,,,94
200800067591,8,11,25,1800,3,1,1,2,6,77122,M,,,77
200800067592,8,11,26,1930,5,1,1,1,3,94073,M,,,94
200800067593,8,11,27,1921,5,1,1,1,4,94018,M,,,94
200800067594,8,11,28,625,5,1,1,2,3,94018,M,,,94
200800067595,8,11,28,700,3,1,1,3,5,94028,M,,,94
200800067596,8,11,28,940,1,1,1,1,7,94018,M,,,94
200800067597,8,11,28,2215,3,1,1,8,6,94028,M,,,94
200800067598,8,11,30,1230,1,1,1,2,6,94044,M,,,94
200800067599,8,11,30,1520,1,1,1,2,6,77237,M,,,77
200800067600,8,11,1,128,3,1,1,2,4,91659,M,,,91
200800067601,8,11,1,405,3,1,1,3,7,91064,M,,,91
200800067602,8,11,1,1037,1,1,1,2,7,91477,M,,,91
200800067603,8,11,1,1204,1,1,1,3,6,94034,M,,,94
200800067604,8,11,1,1257,1,1,1,3,6,94034,M,,,94
200800067605,8,11,1,1445,1,1,1,1,7,91064,M,,,91
200800067606,8,11,1,1519,1,1,1,2,4,91340,M,,,91
200800067607,8,11,2,1550,1,1,1,1,6,91182,M,,,91
200800067608,8,11,3,842,1,1,1,1,7,91521,M,,,91
200800067609,8,11,3,917,1,1,1,1,7,91589,M,,,91
200800067610,8,11,3,1820,3,1,1,1,4,91363,M,,,91
200800067611,8,11,4,830,1,1,1,1,3,91161,M,,,91
200800067612,8,11,5,630,3,1,1,2,6,91064,M,,,91
200800067613,8,11,5,930,1,1,1,2,2,91521,M,,,91
200800067614,8,11,5,1100,1,1,1,3,3,94034,M,,,94
200800067615,8,11,5,1825,5,1,1,1,2,91689,M,,,91
200800067616,8,11,5,1830,3,1,1,1,2,91363,M,,,91
200800067617,8,11,6,112,5,1,1,8,6,94003,M,,,94
200800067618,8,11,6,728,2,1,1,1,7,91434,M,,,91
200800067619,8,11,7,1420,1,1,1,2,6,91471,M,,,91
200800067620,8,11,7,2100,3,1,1,8,2,77251,M,,,77
200800067621,8,11,9,921,1,1,1,1,6,94034,M,,,94
200800067622,8,11,9,1000,1,1,1,1,3,91689,M,,,91
200800067623,8,11,14,945,1,1,1,1,4,13215,M,,,13
200800067624,8,11,14,1757,3,1,1,1,6,13001,M,,,13
200800067625,8,11,14,1910,3,1,1,1,6,13005,M,,,13
200800067626,8,11,15,40,5,1,1,1,6,13210,M,,,13
200800067627,8,11,15,905,1,1,1,1,7,13088,M,,,13
200800067628,8,11,15,1000,1,1,1,1,2,13215,M,,,13
200800067629,8,11,15,1915,3,1,1,1,4,13005,M,,,13
200800067630,8,11,16,1530,1,1,1,1,6,13022,M,,,13
200800067631,8,11,16,1600,1,1,1,1,2,13005,M,,,13
200800067632,8,11,17,1735,3,1,1,1,3,13106,M,,,13
200800067633,8,11,18,2100,5,1,1,1,3,13215,M,,,13
200800067634,8,11,18,1818,3,1,1,1,2,13216,M,,,13
200800067635,8,11,21,909,2,1,1,2,2,94003,M,,,94
200800067636,8,11,21,1045,1,1,1,2,2,94076,M,,,94
200800067637,8,11,21,1810,1,1,1,1,3,91617,M,,,91
200800067638,8,11,21,2000,3,1,1,1,3,91064,M,,,91
200800067639,8,11,22,2310,3,1,1,8,7,94037,M,,,94
200800067640,8,11,22,5,3,1,1,1,6,91037,M,,,91
200800067641,8,11,22,1815,3,1,1,1,2,91434,M,,,91
200800067642,8,11,23,243,5,1,1,1,2,94034,M,,,94
200800067643,8,11,23,2110,4,1,1,1,3,91064,M,,,91
200800067644,8,11,24,830,1,1,1,8,3,91521,M,,,91
200800067645,8,11,24,1000,1,1,1,1,5,91521,M,,,91
200800067646,8,11,25,715,2,1,1,9,7,91661,M,,,91
200800067647,8,11,25,853,1,1,1,9,5,91182,M,,,91
200800067648,8,11,25,924,1,1,1,1,3,91174,M,,,91
200800067649,8,11,25,1048,1,1,1,1,4,91617,M,,,91
200800067650,8,11,25,1130,1,1,1,1,6,91617,M,,,91
200800067651,8,11,26,420,5,1,1,8,6,94034,M,,,94
200800067652,8,11,26,1740,3,1,1,1,1,91312,M,,,91
200800067653,8,11,27,1510,1,1,1,1,2,91086,M,,,91
200800067654,8,11,27,1913,3,1,1,8,5,91228,M,,,91
200800067655,8,11,28,850,1,1,1,8,4,91692,M,,,91
200800067656,8,11,28,1945,5,1,1,1,2,91174,M,,,91
200800067657,8,11,28,1945,5,1,1,1,2,94021,M,,,94
200800067658,8,11,28,2107,4,1,1,1,2,91161,M,,,91
200800067659,8,11,29,1535,1,1,1,1,3,91286,M,,,91
200800067660,8,11,29,2155,5,1,1,9,6,91235,M,,,91
200800067661,8,11,29,2244,5,1,1,4,6,92002,M,,,92
200800067662,8,11,30,245,3,1,1,3,7,91228,M,,,91
200800067663,8,11,30,1120,1,1,1,8,3,91377,M,,,91
200800067664,8,11,30,1300,1,1,1,1,3,91228,M,,,91
200800067665,8,11,2,800,1,1,1,1,3,78206,M,,,78
200800067666,8,11,2,1730,3,1,1,2,4,78140,M,,,78
200800067667,8,11,2,1450,1,1,1,1,4,92064,M,,,92
200800067668,8,11,3,1830,2,1,1,1,3,92050,M,,,92
200800067669,8,11,4,1815,3,1,1,1,3,92025,M,,,92
200800067670,8,11,5,630,4,1,1,2,2,78090,M,,,78
200800067671,8,11,5,1600,1,1,1,2,7,78466,M,,,78
200800067672,8,11,6,950,1,1,1,2,5,75116,M,,,75
200800067673,8,11,6,1400,1,1,1,1,6,78362,M,,,78
200800067674,8,11,7,800,1,1,1,2,5,78423,M,,,78
200800067675,8,11,26,835,1,1,1,2,2,92025,M,,,92
200800067676,8,11,7,850,1,1,1,2,1,78297,M,,,78
200800067677,8,11,7,945,1,1,1,1,3,92062,M,,,92
200800067678,8,11,9,500,5,1,1,3,2,92047,M,,,92
200800067679,8,11,9,945,1,1,1,1,2,92048,M,,,92
200800067680,8,11,12,710,2,1,1,1,2,78043,M,,,78
200800067681,8,11,12,2200,3,1,1,1,4,78073,M,,,78
200800067682,8,11,14,1510,5,1,1,1,3,78321,M,,,78
200800067683,8,11,15,620,3,1,1,2,2,78640,M,,,78
200800067684,8,11,15,1200,1,1,1,1,2,78133,M,,,78
200800067685,8,11,17,900,5,1,1,1,3,92050,M,,,92
200800067686,8,11,17,912,1,1,1,8,6,92036,M,,,92
200800067687,8,11,18,815,1,1,1,8,4,78073,M,,,78
200800067688,8,11,18,905,1,1,1,8,5,78545,M,,,78
200800067689,8,11,18,950,1,1,1,2,7,92047,M,,,92
200800067690,8,11,18,1010,1,1,1,2,5,92064,M,,,92
200800067691,8,11,18,1025,1,1,1,2,7,92064,M,,,92
200800067692,8,11,18,2120,4,1,1,1,3,78362,M,,,78
200800067693,8,11,20,755,1,1,1,1,2,78043,M,,,78
200800067694,8,11,9,1028,1,1,1,8,3,91521,M,,,91
200800067695,8,11,9,1033,1,1,1,8,6,91521,M,,,91
200800067696,8,11,10,1730,1,1,1,6,6,91179,M,,,91
200800067697,8,11,11,800,1,1,1,2,6,94034,M,,,94
200800067698,8,11,11,2156,3,1,1,8,3,91235,M,,,91
200800067699,8,11,12,1015,1,1,1,1,6,91064,M,,,91
200800067700,8,11,13,840,1,1,1,1,2,91468,M,,,91
200800067701,8,11,13,952,1,1,1,1,7,94038,M,,,94
200800067702,8,11,14,1655,1,1,1,1,7,91339,M,,,91
200800067703,8,11,14,1709,3,1,1,1,3,91037,M,,,91
200800067704,8,11,15,629,3,1,1,2,5,91468,M,,,91
200800067705,8,11,16,330,5,1,1,2,6,91471,M,,,91
200800067706,8,11,16,1151,1,1,1,1,2,94003,M,,,94
200800067707,8,11,17,740,2,1,1,2,2,94034,M,,,94
200800067708,8,11,18,720,2,1,1,2,4,94021,M,,,94
200800067709,8,11,18,840,1,1,1,2,6,91064,M,,,91
200800067710,8,11,18,1012,1,1,1,8,2,91286,M,,,91
200800067711,8,11,18,1150,1,1,1,1,3,91161,M,,,91
200800067712,8,11,18,1719,3,1,1,8,2,91339,M,,,91
200800067713,8,11,19,409,3,1,1,1,7,91064,M,,,91
200800067714,8,11,19,707,2,1,1,8,7,94038,M,,,94
200800067715,8,11,19,812,2,1,1,1,3,94034,M,,,94
200800067716,8,11,19,927,1,1,1,8,2,94076,M,,,94
200800067717,8,11,19,920,1,1,1,1,6,91549,M,,,91
200800067718,8,11,20,1757,2,1,1,2,5,94037,M,,,94
200800067719,8,11,21,806,1,1,1,2,3,91228,M,,,91
200800067720,8,11,21,845,1,1,1,2,7,91377,M,,,91
200800067721,8,11,21,910,1,1,1,2,2,94021,M,,,94
200800067722,8,11,22,805,2,2,1,2,4,69382,M,,,69
200800067723,8,11,6,20,5,2,1,2,7,69383,M,,,69
200800067724,8,11,2,1540,1,2,1,1,6,69383,M,,,69
200800067725,8,11,6,1730,5,2,2,2,3,69383,M,,,69
200800067726,8,11,10,1430,1,2,1,8,3,69383,M,,,69
200800067727,8,11,12,2105,5,2,2,1,3,69386,M,,,69
200800067728,8,11,11,950,1,2,2,1,3,69383,M,,,69
200800067729,8,11,6,1205,1,2,1,1,6,69383,M,,,69
200800067730,8,11,15,1955,5,2,1,1,1,69386,M,,,69
200800067731,8,11,20,915,1,2,2,1,6,69383,M,,,69
200800067732,8,11,21,1415,1,2,1,1,3,69386,M,,,69
200800067733,8,11,22,2310,5,2,2,2,3,69386,M,,,69
200800067734,8,11,23,630,5,2,1,1,6,69386,M,,,69
200800067735,8,11,19,915,1,2,2,1,2,69383,M,,,69
200800067736,8,11,26,1750,5,2,1,1,6,69383,M,,,69
200800067737,8,11,27,1725,5,2,2,1,3,69386,M,,,69
200800067738,8,11,26,1740,5,2,1,1,3,69383,M,,,69
200800067739,8,11,25,825,1,2,1,1,6,69383,M,,,69
200800067740,8,11,20,2107,5,2,1,1,6,69384,M,,,69
200800067741,8,11,26,2000,5,2,1,1,6,69384,M,,,69
200800067742,8,11,12,835,1,2,1,1,6,69385,M,,,69
200800067743,8,11,1,1903,5,2,3,3,6,69387,M,,,69
200800067744,8,11,1,235,5,2,2,1,3,69387,M,,,69
200800067745,8,11,3,1850,5,2,2,1,3,69387,M,,,69
200800067746,8,11,5,1840,5,2,2,1,3,69387,M,,,69
200800067747,8,11,7,2105,5,2,3,1,3,69387,M,,,69
200800067748,8,11,8,1440,1,1,1,1,2,69387,M,,,69
200800067749,8,11,8,1630,1,2,3,1,2,69387,M,,,69
200800067750,8,11,9,1415,1,2,1,1,6,69387,M,,,69
200800067751,8,11,10,1850,5,2,3,1,3,69387,M,,,69
200800067752,8,11,23,105,5,2,2,2,3,69387,M,,,69
200800067753,8,11,23,215,5,2,1,1,2,69387,M,,,69
200800067754,8,11,5,1435,1,2,1,1,2,69388,M,,,69
200800067755,8,11,17,1910,3,2,1,8,6,69388,M,,,69
200800067756,8,11,17,1240,1,2,1,1,6,69388,M,,,69
200800067757,8,11,7,1449,1,2,1,1,3,69389,M,,,69
200800067758,8,11,17,1435,1,2,2,1,3,69389,M,,,69
200800067759,8,11,19,900,1,2,1,1,3,69389,M,,,69
200800067760,8,11,20,940,1,2,1,8,3,69389,M,,,69
200800067761,8,11,21,835,1,2,3,1,3,69389,M,,,69
200800067762,8,11,18,2345,5,2,1,1,7,69389,M,,,69
200800067763,8,11,16,2320,5,2,1,2,3,95527,M,,,95
200800067764,8,11,10,1630,1,1,1,8,6,94054,M,,,94
200800067765,8,11,2,1330,1,2,3,1,2,75105,M,,,75
200800067766,8,11,2,1000,1,2,3,1,3,75106,M,,,75
200800067767,8,11,2,2040,5,2,3,1,6,75109,M,,,75
200800067768,8,11,2,1140,1,2,4,1,2,75110,M,,,75
200800067769,8,11,2,2005,5,2,1,1,2,75112,M,,,75
200800067770,8,11,2,1355,1,2,1,1,6,75116,M,,,75
200800067771,8,11,2,515,5,2,4,1,4,75116,M,,,75
200800067772,8,11,2,2300,4,2,1,1,6,75120,M,,,75
200800067773,8,11,2,237,5,2,5,1,3,75106,M,,,75
200800067774,8,11,2,1900,5,2,1,1,6,75117,M,,,75
200800067775,8,11,2,1830,2,2,1,1,4,75112,M,,,75
200800067776,8,11,3,2323,5,2,2,1,3,75102,M,,,75
200800067777,8,11,3,1450,1,2,2,1,3,75107,M,,,75
200800067778,8,11,3,900,1,2,1,8,7,75108,M,,,75
200800067779,8,11,3,1300,1,2,5,1,6,75108,M,,,75
200800067780,8,11,3,1938,5,2,2,1,3,75110,M,,,75
200800067781,8,11,3,1140,1,2,2,1,3,75112,M,,,75
200800067782,8,11,3,655,2,2,2,2,6,75113,M,,,75
200800067783,8,11,3,1447,1,2,1,1,6,75113,M,,,75
200800067784,8,11,3,1600,1,2,1,1,3,75113,M,,,75
200800067785,8,11,3,1200,1,2,1,1,7,75115,M,,,75
200800067786,8,11,3,1540,1,2,1,1,6,75115,M,,,75
200800067787,8,11,3,905,1,2,1,1,3,75116,M,,,75
200800067788,8,11,3,750,1,2,1,2,3,75116,M,,,75
200800067789,8,11,3,1815,3,2,3,1,3,75116,M,,,75
200800067790,8,11,3,2220,5,2,5,1,6,75116,M,,,75
200800067791,8,11,3,1800,5,2,3,1,6,75117,M,,,75
200800067792,8,11,3,930,1,2,5,1,3,75119,M,,,75
200800067793,8,11,3,2210,5,2,4,1,2,75119,M,,,75
200800067794,8,11,3,1935,5,2,1,8,2,75108,M,,,75
200800067795,8,11,3,2225,5,2,1,1,3,75107,M,,,75
200800067796,8,11,3,1505,1,2,1,1,3,75120,M,,,75
200800067797,8,11,4,1735,5,2,2,1,6,75103,M,,,75
200800067798,8,11,4,1355,1,2,2,2,2,75104,M,,,75
200800067799,8,11,4,1325,1,2,2,1,3,75105,M,,,75
200800067800,8,11,4,2005,5,2,2,1,6,75106,M,,,75
200800067801,8,11,4,845,1,2,2,1,3,75108,M,,,75
200800067802,8,11,4,1740,2,2,1,1,1,75108,M,,,75
200800067803,8,11,4,1805,5,2,5,1,2,75108,M,,,75
200800067804,8,11,4,1820,5,2,1,1,3,75108,M,,,75
200800067805,8,11,4,2320,5,2,2,1,3,75108,M,,,75
200800067806,8,11,4,809,1,2,1,1,3,75111,M,,,75
200800067807,8,11,4,1940,5,2,2,1,3,75111,M,,,75
200800067808,8,11,4,1910,5,2,1,1,6,75111,M,,,75
200800067809,8,11,4,1530,1,2,2,1,4,75112,M,,,75
200800067810,8,11,4,640,5,2,1,1,7,75113,M,,,75
200800067811,8,11,4,815,1,2,1,1,2,75113,M,,,75
200800067812,8,11,4,1130,1,2,5,1,6,75113,M,,,75
200800067813,8,11,4,2030,5,2,1,1,2,75113,M,,,75
200800067814,8,11,4,130,5,2,2,1,3,75115,M,,,75
200800067815,8,11,4,1850,4,2,1,1,3,75115,M,,,75
200800067816,8,11,4,1020,1,2,5,1,6,75116,M,,,75
200800067817,8,11,4,1245,1,2,3,1,2,75116,M,,,75
200800067818,8,11,4,1950,5,2,3,1,3,75116,M,,,75
200800067819,8,11,4,430,5,2,2,1,6,75117,M,,,75
200800067820,8,11,4,1405,1,2,1,1,3,75117,M,,,75
200800067821,8,11,4,1357,1,2,1,1,3,75118,M,,,75
200800067822,8,11,4,1630,1,2,5,1,6,75118,M,,,75
200800067823,8,11,4,1935,5,2,1,1,6,75120,M,,,75
200800067824,8,11,4,1205,1,2,1,1,6,75105,M,,,75
200800067825,8,11,4,1610,1,2,1,1,2,75119,M,,,75
200800067826,8,11,4,1225,1,2,1,1,4,75114,M,,,75
200800067827,8,11,4,1809,5,2,1,1,7,75115,M,,,75
200800067828,8,11,5,1445,1,2,2,8,6,75103,M,,,75
200800067829,8,11,5,1712,2,2,1,1,6,75106,M,,,75
200800067830,8,11,5,1340,1,2,2,8,3,75107,M,,,75
200800067831,8,11,5,725,5,2,2,2,6,75108,M,,,75
200800067832,8,11,5,1510,1,2,2,1,4,75108,M,,,75
200800067833,8,11,5,1155,1,2,1,1,6,75109,M,,,75
200800067834,8,11,5,715,2,2,1,3,6,75110,M,,,75
200800067835,8,11,5,1814,5,2,5,1,1,75112,M,,,75
200800067836,8,11,5,850,1,2,3,2,6,75113,M,,,75
200800067837,8,11,5,2055,5,2,1,8,3,75113,M,,,75
200800067838,8,11,5,1110,1,2,5,8,3,75114,M,,,75
200800067839,8,11,5,2210,5,2,1,1,3,75114,M,,,75
200800067840,8,11,5,745,2,2,1,3,3,75117,M,,,75
200800067841,8,11,10,1855,5,2,1,1,7,75110,M,,,75
200800067842,8,11,10,905,1,2,2,8,3,75111,M,,,75
200800067843,8,11,10,1100,1,2,3,1,6,75111,M,,,75
200800067844,8,11,10,1500,1,2,3,8,2,75111,M,,,75
200800067845,8,11,10,2100,5,2,3,1,6,75111,M,,,75
200800067846,8,11,10,1040,1,2,1,1,6,75112,M,,,75
200800067847,8,11,10,1800,5,2,1,2,3,75112,M,,,75
200800067848,8,11,10,1410,1,2,1,1,6,75114,M,,,75
200800067849,8,11,10,1842,5,2,1,1,6,75115,M,,,75
200800067850,8,11,10,2005,5,2,1,2,7,75115,M,,,75
200800067851,8,11,10,2315,5,2,3,1,6,75115,M,,,75
200800067852,8,11,10,105,5,2,5,1,7,75116,M,,,75
200800067853,8,11,10,1200,1,2,1,8,6,75117,M,,,75
200800067854,8,11,10,1820,5,2,1,1,6,75118,M,,,75
200800067855,8,11,10,2335,5,2,2,1,3,75118,M,,,75
200800067856,8,11,10,1055,1,2,1,6,3,75119,M,,,75
200800067857,8,11,10,1605,1,2,2,2,6,75119,M,,,75
200800067858,8,11,5,1515,1,2,2,1,6,75117,M,,,75
200800067859,8,11,5,1640,2,2,3,1,3,75117,M,,,75
200800067860,8,11,5,1020,1,2,1,2,6,75118,M,,,75
200800067861,8,11,5,1116,1,2,1,1,6,75118,M,,,75
200800067862,8,11,5,1500,1,2,1,8,7,75118,M,,,75
200800067863,8,11,5,800,2,2,5,2,6,75119,M,,,75
200800067864,8,11,5,1115,1,2,1,2,2,75107,M,,,75
200800067865,8,11,5,1905,5,2,1,1,3,75117,M,,,75
200800067866,8,11,5,1600,1,2,1,1,3,75116,M,,,75
200800067867,8,11,1,540,5,2,2,2,6,75104,M,,,75
200800067868,8,11,1,820,1,2,2,2,6,75106,M,,,75
200800067869,8,11,1,1815,5,2,2,1,6,75107,M,,,75
200800067870,8,11,1,1430,1,2,2,1,3,75108,M,,,75
200800067871,8,11,1,105,5,2,5,2,3,75111,M,,,75
200800067872,8,11,1,2250,5,2,1,1,3,75113,M,,,75
200800067873,8,11,1,1930,5,2,1,8,3,75114,M,,,75
200800067874,8,11,1,855,1,2,1,2,7,75116,M,,,75
200800067875,8,11,1,1350,1,2,5,2,7,75115,M,,,75
200800067876,8,11,1,1145,1,2,1,2,7,75115,M,,,75
200800067877,8,11,1,2010,5,2,2,8,3,75116,M,,,75
200800067878,8,11,1,420,5,2,3,2,3,75116,M,,,75
200800067879,8,11,1,1625,1,2,1,2,7,75117,M,,,75
200800067880,8,11,1,1545,1,2,5,1,3,75118,M,,,75
200800067881,8,11,1,2010,5,2,3,1,2,75119,M,,,75
200800067882,8,11,1,610,5,2,5,2,2,75118,M,,,75
200800067883,8,11,1,600,5,2,1,2,6,75105,M,,,75
200800067884,8,11,1,225,5,2,1,2,7,75113,M,,,75
200800067885,8,11,6,1447,5,2,1,1,6,75101,M,,,75
200800067886,8,11,6,2022,5,2,5,2,6,75101,M,,,75
200800067887,8,11,6,925,1,2,1,1,3,75105,M,,,75
200800067888,8,11,6,1230,1,2,3,1,3,75107,M,,,75
200800067889,8,11,6,755,1,2,2,1,2,75108,M,,,75
200800067890,8,11,6,800,1,2,2,8,3,75108,M,,,75
200800067891,8,11,6,1330,1,2,1,1,6,75110,M,,,75
200800067892,8,11,6,2030,5,2,3,1,6,75110,M,,,75
200800067893,8,11,6,830,1,2,1,1,7,75114,M,,,75
200800067894,8,11,6,730,1,2,2,8,3,75116,M,,,75
200800067895,8,11,6,2215,5,2,3,1,6,75116,M,,,75
200800067896,8,11,6,1630,2,2,1,8,1,75117,M,,,75
200800067897,8,11,6,2040,5,2,3,2,3,75120,M,,,75
200800067898,8,11,6,2042,5,2,2,2,6,75120,M,,,75
200800067899,8,11,6,2110,5,2,2,8,3,75120,M,,,75
200800067900,8,11,6,950,1,2,1,1,6,75115,M,,,75
200800067901,8,11,6,1700,1,2,1,1,2,75114,M,,,75
200800067902,8,11,9,1845,5,2,2,1,3,75101,M,,,75
200800067903,8,11,9,100,5,2,1,1,7,75108,M,,,75
200800067904,8,11,9,700,5,2,5,2,2,75108,M,,,75
200800067905,8,11,9,950,1,2,3,8,7,75110,M,,,75
200800067906,8,11,9,300,5,2,3,2,6,75111,M,,,75
200800067907,8,11,9,1455,1,2,1,1,3,75112,M,,,75
200800067908,8,11,9,640,5,2,5,2,6,75116,M,,,75
200800067909,8,11,9,1830,5,2,2,1,3,75116,M,,,75
200800067910,8,11,9,750,1,2,1,1,6,75117,M,,,75
200800067911,8,11,9,1210,1,2,1,8,6,75118,M,,,75
200800067912,8,11,9,1400,1,2,1,1,6,75118,M,,,75
200800067913,8,11,9,630,5,2,1,8,6,75119,M,,,75
200800067914,8,11,9,1405,1,2,2,1,3,75120,M,,,75
200800067915,8,11,10,830,1,2,1,1,7,75108,M,,,75
200800067916,8,11,10,1615,1,2,3,1,3,75109,M,,,75
200800067917,8,11,10,1250,1,2,1,1,2,75110,M,,,75
200800067918,8,11,10,1940,4,2,1,1,6,75114,M,,,75
200800067919,8,11,10,630,2,2,1,8,6,75118,M,,,75
200800067920,8,11,11,2025,5,2,2,2,2,75101,M,,,75
200800067921,8,11,11,2120,5,2,5,2,7,75104,M,,,75
200800067922,8,11,10,1915,5,2,1,1,6,75117,M,,,75
200800067923,8,11,11,2205,5,2,1,2,6,75104,M,,,75
200800067924,8,11,11,2115,5,2,2,1,6,75108,M,,,75
200800067925,8,11,11,720,5,2,1,8,6,75109,M,,,75
200800067926,8,11,11,440,5,2,1,3,6,75110,M,,,75
200800067927,8,11,11,905,1,2,1,1,6,75110,M,,,75
200800067928,8,11,11,1907,5,2,1,3,6,75110,M,,,75
200800067929,8,11,11,2055,5,2,1,2,6,75115,M,,,75
200800067930,8,11,11,105,5,2,1,3,6,75117,M,,,75
200800067931,8,11,11,250,5,2,2,2,3,75117,M,,,75
200800067932,8,11,11,2015,5,2,2,2,3,75117,M,,,75
200800067933,8,11,11,2020,5,2,3,2,3,75117,M,,,75
200800067934,8,11,11,2235,5,2,5,2,3,75117,M,,,75
200800067935,8,11,11,2300,5,2,2,8,3,75117,M,,,75
200800067936,8,11,11,1230,1,2,1,1,6,75118,M,,,75
200800067937,8,11,11,1845,5,2,1,2,6,75118,M,,,75
200800067938,8,11,11,1545,1,2,1,1,3,75114,M,,,75
200800067939,8,11,11,2125,5,2,1,8,6,75119,M,,,75
200800067940,8,11,8,1510,1,2,2,1,3,75104,M,,,75
200800067941,8,11,8,1900,5,2,1,2,2,75105,M,,,75
200800067942,8,11,8,504,5,2,5,1,6,75106,M,,,75
200800067943,8,11,8,1425,1,2,5,1,3,75107,M,,,75
200800067944,8,11,8,1020,1,2,2,1,3,75108,M,,,75
200800067945,8,11,8,1305,1,2,2,1,7,75109,M,,,75
200800067946,8,11,8,245,3,2,5,1,6,75112,M,,,75
200800067947,8,11,8,1125,1,2,1,1,6,75112,M,,,75
200800067948,8,11,8,1330,1,2,3,1,3,75112,M,,,75
200800067949,8,11,8,1307,1,2,1,1,6,75112,M,,,75
200800067950,8,11,8,2140,5,2,2,2,3,75112,M,,,75
200800067951,8,11,8,1946,5,2,1,2,3,75113,M,,,75
200800067952,8,11,8,440,5,2,2,1,3,75115,M,,,75
200800067953,8,11,8,1025,1,2,1,1,7,75116,M,,,75
200800067954,8,11,8,1900,5,2,5,1,7,75116,M,,,75
200800067955,8,11,8,1550,1,2,2,1,2,75117,M,,,75
200800067956,8,11,8,1440,1,2,3,1,6,75118,M,,,75
200800067957,8,11,8,1840,5,2,5,1,6,75118,M,,,75
200800067958,8,11,8,610,5,2,4,1,6,75119,M,,,75
200800067959,8,11,8,1455,1,2,1,1,3,75116,M,,,75
200800067960,8,11,8,1609,1,2,3,8,3,75117,M,,,75
200800067961,8,11,8,1820,5,2,1,1,6,75115,M,,,75
200800067962,8,11,8,2020,5,2,1,1,4,75115,M,,,75
200800067963,8,11,7,1550,1,2,1,1,7,75101,M,,,75
200800067964,8,11,7,1830,5,2,1,1,6,75101,M,,,75
200800067965,8,11,7,1630,1,2,1,8,6,75104,M,,,75
200800067966,8,11,7,2355,5,2,2,1,3,75104,M,,,75
200800067967,8,11,7,1845,5,2,3,1,6,75108,M,,,75
200800067968,8,11,7,1930,3,2,1,1,6,75108,M,,,75
200800067969,8,11,7,1300,1,2,5,1,6,75109,M,,,75
200800067970,8,11,7,905,1,2,2,2,3,75110,M,,,75
200800067971,8,11,7,1130,1,2,1,2,2,75110,M,,,75
200800067972,8,11,7,850,1,2,5,1,6,75112,M,,,75
200800067973,8,11,7,1030,1,2,1,2,7,75112,M,,,75
200800067974,8,11,7,1925,5,2,1,1,3,75113,M,,,75
200800067975,8,11,7,2000,5,2,3,8,3,75113,M,,,75
200800067976,8,11,7,2150,5,2,3,1,3,75113,M,,,75
200800067977,8,11,7,825,1,2,5,8,3,75114,M,,,75
200800067978,8,11,7,1110,1,2,1,2,6,75115,M,,,75
200800067979,8,11,7,815,1,2,5,8,7,75116,M,,,75
200800067980,8,11,7,2300,5,2,2,1,6,75116,M,,,75
200800067981,8,11,7,110,5,2,3,1,6,75117,M,,,75
200800067982,8,11,7,800,1,2,5,2,3,75117,M,,,75
200800067983,8,11,7,1245,1,2,3,2,3,75117,M,,,75
200800067984,8,11,7,1110,1,2,3,2,6,75118,M,,,75
200800067985,8,11,7,2230,5,2,2,1,6,75118,M,,,75
200800067986,8,11,7,1938,5,2,1,2,6,75120,M,,,75
200800067987,8,11,7,235,5,2,1,1,6,75115,M,,,75
200800067988,8,11,7,1300,1,2,1,2,1,75116,M,,,75
200800067989,8,11,7,730,1,2,1,8,2,75120,M,,,75
200800067990,8,11,7,915,1,2,1,8,7,75119,M,,,75
200800067991,8,11,7,1330,1,2,1,1,2,75114,M,,,75
200800067992,8,11,7,1553,1,2,1,1,4,75116,M,,,75
200800067993,8,11,7,1940,5,2,1,1,4,75113,M,,,75
200800067994,8,11,7,2225,5,2,1,1,6,75119,M,,,75
200800067995,8,11,12,930,1,2,1,1,6,75103,M,,,75
200800067996,8,11,12,1550,1,2,5,1,6,75105,M,,,75
200800067997,8,11,12,1620,1,2,1,1,2,75106,M,,,75
200800067998,8,11,14,1435,1,2,1,1,6,75116,M,,,75
200800067999,8,11,12,1000,1,2,1,1,6,75108,M,,,75
200800068000,8,11,12,1045,1,2,1,1,2,75108,M,,,75
200800068001,8,11,12,2110,5,2,2,1,3,75108,M,,,75
200800068002,8,11,12,2200,5,2,1,1,6,75108,M,,,75
200800068003,8,11,12,2140,5,2,2,1,7,75108,M,,,75