Num_Acc,an,mois,jour,hrmn,lum,agg,int,atm,col,com,gps,lat,long,dep
200800068004,8,11,12,1755,5,2,3,2,2,75112,M,,,75
200800068005,8,11,12,1000,1,2,1,1,6,75115,M,,,75
200800068006,8,11,12,1900,5,2,1,1,6,75115,M,,,75
200800068007,8,11,12,815,1,2,2,8,6,75116,M,,,75
200800068008,8,11,12,1435,1,2,2,1,6,75117,M,,,75
200800068009,8,11,12,1920,5,2,2,1,3,75118,M,,,75
200800068010,8,11,12,1350,1,2,3,1,6,75119,M,,,75
200800068011,8,11,12,1430,1,2,5,1,3,75120,M,,,75
200800068012,8,11,12,1010,1,2,2,1,3,75112,M,,,75
200800068013,8,11,12,1340,1,2,1,1,4,75118,M,,,75
200800068014,8,11,12,2155,5,2,1,1,2,75112,M,,,75
200800068015,8,11,13,25,5,2,1,1,3,75101,M,,,75
200800068016,8,11,13,2135,5,2,2,1,6,75106,M,,,75
200800068017,8,11,13,1210,1,2,1,1,6,75107,M,,,75
200800068018,8,11,13,310,5,2,2,1,3,75108,M,,,75
200800068019,8,11,13,945,1,2,2,1,6,75108,M,,,75
200800068020,8,11,13,1930,5,2,2,1,3,75108,M,,,75
200800068021,8,11,13,1820,5,2,2,1,3,75112,M,,,75
200800068022,8,11,13,2220,5,2,1,1,2,75112,M,,,75
200800068023,8,11,13,2350,5,2,3,1,3,75112,M,,,75
200800068024,8,11,13,922,1,2,2,1,3,75114,M,,,75
200800068025,8,11,13,1435,1,2,2,1,2,75115,M,,,75
200800068026,8,11,13,1100,1,2,1,1,3,75116,M,,,75
200800068027,8,11,13,1625,2,2,1,1,3,75116,M,,,75
200800068028,8,11,13,2000,5,2,1,1,2,75116,M,,,75
200800068029,8,11,13,55,5,2,3,1,3,75117,M,,,75
200800068030,8,11,13,805,5,2,1,1,6,75117,M,,,75
200800068031,8,11,13,1050,1,2,1,1,3,75119,M,,,75
200800068032,8,11,13,2330,5,2,1,1,3,75120,M,,,75
200800068033,8,11,13,1650,1,2,1,1,6,75120,M,,,75
200800068034,8,11,13,1300,1,2,1,1,2,75113,M,,,75
200800068035,8,11,13,2010,5,2,1,1,2,75118,M,,,75
200800068036,8,11,14,2320,5,2,3,2,3,75101,M,,,75
200800068037,8,11,14,150,5,2,1,1,7,75105,M,,,75
200800068038,8,11,14,1900,4,2,2,2,7,75105,M,,,75
200800068039,8,11,14,1340,1,2,1,8,3,75107,M,,,75
200800068040,8,11,14,2010,5,2,1,2,3,75107,M,,,75
200800068041,8,11,14,1425,1,2,3,2,6,75108,M,,,75
200800068042,8,11,14,1805,5,2,2,2,6,75108,M,,,75
200800068043,8,11,14,1240,1,2,1,1,4,75109,M,,,75
200800068044,8,11,14,715,2,2,1,2,6,75110,M,,,75
200800068045,8,11,14,815,1,2,1,8,6,75110,M,,,75
200800068046,8,11,14,1720,2,2,1,2,7,75110,M,,,75
200800068047,8,11,14,1810,5,2,2,9,3,75110,M,,,75
200800068048,8,11,14,45,5,2,3,1,7,75111,M,,,75
200800068049,8,11,14,2300,5,2,5,2,6,75111,M,,,75
200800068050,8,11,14,1145,1,2,1,8,3,75112,M,,,75
200800068051,8,11,14,1400,1,2,1,1,2,75112,M,,,75
200800068052,8,11,14,1640,2,2,1,2,3,75112,M,,,75
200800068053,8,11,14,1905,5,2,5,2,7,75112,M,,,75
200800068054,8,11,14,1320,1,2,2,1,6,75114,M,,,75
200800068055,8,11,14,1902,5,2,4,2,6,75114,M,,,75
200800068056,8,11,14,1910,5,2,5,2,3,75115,M,,,75
200800068057,8,11,14,2055,5,2,5,1,3,75115,M,,,75
200800068058,8,11,14,100,5,2,2,1,2,75116,M,,,75
200800068059,8,11,14,700,1,2,5,2,6,75116,M,,,75
200800068060,8,11,14,1520,1,2,1,2,6,75116,M,,,75
200800068061,8,11,14,1830,5,2,1,2,6,75116,M,,,75
200800068062,8,11,14,2030,5,2,2,2,3,75107,M,,,75
200800068063,8,11,14,100,5,2,2,1,6,75117,M,,,75
200800068064,8,11,14,45,5,2,2,1,3,75117,M,,,75
200800068065,8,11,14,1830,5,2,5,2,7,75108,M,,,75
200800068066,8,11,14,1925,5,2,3,2,3,75117,M,,,75
200800068067,8,11,14,2245,5,2,5,2,2,75117,M,,,75
200800068068,8,11,14,1135,1,2,2,1,6,75118,M,,,75
200800068069,8,11,14,1515,1,2,4,2,3,75119,M,,,75
200800068070,8,11,14,1815,5,2,2,8,3,75119,M,,,75
200800068071,8,11,14,640,5,2,2,2,3,75116,M,,,75
200800068072,8,11,14,1645,5,2,1,2,6,75119,M,,,75
200800068073,8,11,14,1747,5,2,1,1,3,75116,M,,,75
200800068074,8,11,14,2330,5,2,1,2,6,75113,M,,,75
200800068075,8,11,17,912,1,2,2,1,3,75103,M,,,75
200800068076,8,11,17,1810,5,2,1,1,6,75104,M,,,75
200800068077,8,11,17,1130,1,2,1,1,6,75113,M,,,75
200800068078,8,11,17,1248,1,2,1,1,3,75107,M,,,75
200800068079,8,11,17,930,1,2,5,1,3,75108,M,,,75
200800068080,8,11,17,1800,5,2,2,1,3,75109,M,,,75
200800068081,8,11,17,1015,1,2,2,1,2,75110,M,,,75
200800068082,8,11,17,1000,1,2,4,1,3,75111,M,,,75
200800068083,8,11,17,1945,5,2,1,8,6,75111,M,,,75
200800068084,8,11,17,845,1,2,1,8,1,75112,M,,,75
200800068085,8,11,17,2320,5,2,2,1,3,75112,M,,,75
200800068086,8,11,17,150,5,2,1,2,7,75113,M,,,75
200800068087,8,11,17,1002,1,2,1,1,6,75114,M,,,75
200800068088,8,11,17,950,1,2,1,1,4,75116,M,,,75
200800068089,8,11,17,55,5,2,4,2,7,75118,M,,,75
200800068090,8,11,17,1000,1,2,1,1,6,75120,M,,,75
200800068091,8,11,17,1105,1,2,3,1,3,75113,M,,,75
200800068092,8,11,17,15,5,2,1,2,6,75116,M,,,75
200800068093,8,11,17,645,2,2,1,1,4,75112,M,,,75
200800068094,8,11,17,830,1,2,1,1,3,75116,M,,,75
200800068095,8,11,17,800,1,2,1,1,3,75119,M,,,75
200800068096,8,11,17,941,1,2,1,1,4,75116,M,,,75
200800068097,8,11,17,1245,1,2,1,1,3,75113,M,,,75
200800068098,8,11,16,1955,5,2,1,1,2,75104,M,,,75
200800068099,8,11,16,720,2,2,2,1,3,75105,M,,,75
200800068100,8,11,16,1000,1,2,1,2,6,75108,M,,,75
200800068101,8,11,16,1345,1,2,1,1,6,75110,M,,,75
200800068102,8,11,16,637,2,2,2,1,2,75111,M,,,75
200800068103,8,11,16,2000,5,2,1,1,6,75112,M,,,75
200800068104,8,11,16,2250,5,2,1,2,3,75112,M,,,75
200800068105,8,11,16,1900,5,2,1,1,2,75113,M,,,75
200800068106,8,11,16,930,1,2,3,1,2,75120,M,,,75
200800068107,8,11,16,1145,1,2,1,8,6,75120,M,,,75
200800068108,8,11,16,1840,5,2,1,1,2,75120,M,,,75
200800068109,8,11,16,2050,5,2,1,2,7,75120,M,,,75
200800068110,8,11,16,1800,5,2,1,1,3,75110,M,,,75
200800068111,8,11,16,135,5,2,1,1,7,75112,M,,,75
200800068112,8,11,20,1815,5,2,2,1,6,75102,M,,,75
200800068113,8,11,20,1905,5,2,1,1,4,75103,M,,,75
200800068114,8,11,20,1950,5,2,2,1,3,75103,M,,,75
200800068115,8,11,20,25,5,2,2,1,6,75107,M,,,75
200800068116,8,11,20,1745,5,2,2,1,3,75108,M,,,75
200800068117,8,11,20,1919,5,2,2,1,3,75108,M,,,75
200800068118,8,11,20,1205,1,2,1,2,2,75109,M,,,75
200800068119,8,11,20,1625,2,2,2,1,3,75110,M,,,75
200800068120,8,11,20,1520,1,2,2,1,6,75111,M,,,75
200800068121,8,11,20,1535,1,2,3,8,7,75115,M,,,75
200800068122,8,11,20,1940,5,2,2,1,1,75116,M,,,75
200800068123,8,11,20,1010,1,2,2,1,3,75118,M,,,75
200800068124,8,11,20,1130,1,2,1,1,3,75119,M,,,75
200800068125,8,11,20,1905,5,2,2,1,3,75120,M,,,75
200800068126,8,11,20,1600,2,2,1,1,2,75101,M,,,75
200800068127,8,11,20,1835,5,2,2,1,6,75106,M,,,75
200800068128,8,11,20,2000,5,2,2,1,3,75110,M,,,75
200800068129,8,11,20,1615,1,2,1,1,4,75120,M,,,75
200800068130,8,11,21,815,1,2,2,2,3,75101,M,,,75
200800068131,8,11,21,1315,1,2,1,8,2,75101,M,,,75
200800068132,8,11,21,455,5,2,2,1,3,75104,M,,,75
200800068133,8,11,21,2340,5,2,1,1,6,75105,M,,,75
200800068134,8,11,21,758,2,2,1,2,3,75106,M,,,75
200800068135,8,11,21,2017,5,2,2,2,3,75106,M,,,75
200800068136,8,11,21,25,5,2,1,1,6,75113,M,,,75
200800068137,8,11,21,115,5,2,1,1,6,75108,M,,,75
200800068138,8,11,21,545,5,2,7,2,3,75108,M,,,75
200800068139,8,11,21,1919,5,2,1,1,2,75110,M,,,75
200800068140,8,11,21,210,5,2,1,1,2,75110,M,,,75
200800068141,8,11,21,1120,1,2,9,1,3,75111,M,,,75
200800068142,8,11,21,1520,1,2,2,1,6,75111,M,,,75
200800068143,8,11,21,1650,2,2,2,1,6,75111,M,,,75
200800068144,8,11,21,250,5,2,1,1,6,75111,M,,,75
200800068145,8,11,21,910,1,2,1,1,6,75112,M,,,75
200800068146,8,11,21,955,1,2,1,2,6,75112,M,,,75
200800068147,8,11,21,1735,5,2,1,1,6,75112,M,,,75
200800068148,8,11,21,1940,5,2,1,1,2,75112,M,,,75
200800068149,8,11,21,955,1,2,1,3,7,75113,M,,,75
200800068150,8,11,21,1510,1,2,2,1,3,75114,M,,,75
200800068151,8,11,21,115,5,2,1,1,6,75115,M,,,75
200800068152,8,11,14,1825,5,2,1,2,2,75112,M,,,75
200800068153,8,11,21,1115,1,2,1,2,7,75116,M,,,75
200800068154,8,11,21,1150,1,2,2,1,5,75116,M,,,75
200800068155,8,11,21,1540,1,2,2,1,3,75116,M,,,75
200800068156,8,11,21,2330,5,2,1,8,7,75107,M,,,75
200800068157,8,11,21,2105,5,2,2,1,3,75118,M,,,75
200800068158,8,11,21,1130,1,2,2,2,3,75120,M,,,75
200800068159,8,11,21,1804,5,2,1,8,2,75120,M,,,75
200800068160,8,11,21,2035,5,2,1,2,3,75119,M,,,75
200800068161,8,11,21,2204,5,2,3,2,2,75120,M,,,75
200800068162,8,11,21,2215,5,2,1,2,4,75112,M,,,75
200800068163,8,11,21,240,5,2,2,1,3,75101,M,,,75
200800068164,8,11,23,1320,1,2,3,2,3,75101,M,,,75
200800068165,8,11,23,455,5,2,2,1,6,75103,M,,,75
200800068166,8,11,23,145,5,2,3,1,3,75107,M,,,75
200800068167,8,11,23,1745,5,2,3,2,3,75109,M,,,75
200800068168,8,11,23,1450,1,2,2,2,6,75110,M,,,75
200800068169,8,11,23,2150,5,2,2,2,3,75113,M,,,75
200800068170,8,11,23,2025,5,2,3,2,3,75115,M,,,75
200800068171,8,11,23,145,5,2,1,1,6,75115,M,,,75
200800068172,8,11,23,1635,2,2,2,2,6,75117,M,,,75
200800068173,8,11,23,1220,1,2,1,4,7,75104,M,,,75
200800068174,8,11,23,2240,5,2,1,2,2,75120,M,,,75
200800068175,8,11,23,400,5,2,1,1,6,75110,M,,,75
200800068176,8,11,22,20,5,2,1,1,2,75101,M,,,75
200800068177,8,11,22,1000,1,2,3,1,2,75103,M,,,75
200800068178,8,11,22,230,5,2,2,1,2,75105,M,,,75
200800068179,8,11,22,1455,1,2,1,1,3,75107,M,,,75
200800068180,8,11,22,1315,1,2,1,1,2,75110,M,,,75
200800068181,8,11,22,1855,2,2,1,1,7,75110,M,,,75
200800068182,8,11,22,2050,5,2,2,1,1,75110,M,,,75
200800068183,8,11,22,229,5,2,1,1,2,75111,M,,,75
200800068184,8,11,22,1735,5,2,1,1,2,75113,M,,,75
200800068185,8,11,22,915,1,2,1,2,7,75114,M,,,75
200800068186,8,11,22,1345,1,2,1,1,2,75115,M,,,75
200800068187,8,11,22,2000,5,2,1,8,4,75115,M,,,75
200800068188,8,11,22,2210,5,2,1,1,2,75115,M,,,75
200800068189,8,11,22,1115,1,2,1,1,2,75116,M,,,75
200800068190,8,11,22,1400,1,2,2,1,7,75116,M,,,75
200800068191,8,11,22,2240,5,2,3,1,6,75117,M,,,75
200800068192,8,11,22,2040,5,2,1,1,6,75118,M,,,75
200800068193,8,11,22,2110,5,2,2,1,2,75118,M,,,75
200800068194,8,11,22,1248,1,2,1,1,6,75120,M,,,75
200800068195,8,11,22,1845,5,2,1,2,7,75120,M,,,75
200800068196,8,11,22,1815,5,2,1,1,2,75119,M,,,75
200800068197,8,11,22,2010,5,2,1,1,3,75108,M,,,75
200800068198,8,11,22,1715,5,2,1,1,2,75113,M,,,75
200800068199,8,11,22,1846,5,2,1,1,3,75120,M,,,75
200800068200,8,11,24,2020,5,2,2,2,7,75104,M,,,75
200800068201,8,11,24,1810,5,2,2,2,7,75105,M,,,75
200800068202,8,11,24,2305,5,2,1,1,2,75105,M,,,75
200800068203,8,11,24,1150,1,2,1,1,6,75106,M,,,75
200800068204,8,11,24,2303,5,2,2,1,1,75106,M,,,75
200800068205,8,11,24,2015,5,2,2,2,3,75107,M,,,75
200800068206,8,11,24,750,2,2,2,2,3,75108,M,,,75
200800068207,8,11,24,850,1,2,1,1,7,75108,M,,,75
200800068208,8,11,24,2015,5,2,2,2,7,75108,M,,,75
200800068209,8,11,24,1300,1,2,2,1,6,75109,M,,,75
200800068210,8,11,24,1640,2,2,3,2,6,75109,M,,,75
200800068211,8,11,24,1546,1,2,3,8,6,75109,M,,,75
200800068212,8,11,24,1645,1,2,2,1,1,75110,M,,,75
200800068213,8,11,24,1055,1,2,2,1,6,75111,M,,,75
200800068214,8,11,24,1842,5,2,2,2,6,75111,M,,,75
200800068215,8,11,24,2050,5,2,3,2,7,75111,M,,,75
200800068216,8,11,24,835,1,2,1,1,7,75112,M,,,75
200800068217,8,11,24,1555,1,2,4,2,2,75112,M,,,75
200800068218,8,11,24,1730,5,2,2,2,2,75113,M,,,75
200800068219,8,11,24,1935,5,2,2,2,6,75113,M,,,75
200800068220,8,11,24,2020,5,2,2,2,3,75113,M,,,75
200800068221,8,11,24,130,5,2,3,1,3,75114,M,,,75
200800068222,8,11,24,905,1,2,1,1,2,75115,M,,,75
200800068223,8,11,24,1045,1,2,2,1,2,75115,M,,,75
200800068224,8,11,24,1645,5,2,2,2,6,75115,M,,,75
200800068225,8,11,24,1005,1,2,2,1,3,75116,M,,,75
200800068226,8,11,24,1100,1,2,1,1,6,75116,M,,,75
200800068227,8,11,24,1140,1,2,6,1,3,75116,M,,,75
200800068228,8,11,24,1245,1,2,1,1,3,75116,M,,,75
200800068229,8,11,24,1600,1,2,1,1,3,75116,M,,,75
200800068230,8,11,21,1320,1,2,1,1,3,75115,M,,,75
200800068231,8,11,24,1005,1,2,1,1,2,75117,M,,,75
200800068232,8,11,24,1255,1,2,2,1,6,75120,M,,,75
200800068233,8,11,24,1940,5,2,3,2,3,75120,M,,,75
200800068234,8,11,24,2030,5,2,1,2,6,75120,M,,,75
200800068235,8,11,24,1810,5,2,1,2,3,75111,M,,,75
200800068236,8,11,24,2250,5,2,4,1,5,75119,M,,,75
200800068237,8,11,24,645,4,2,1,2,3,75114,M,,,75
200800068238,8,11,24,1750,5,2,1,8,3,75120,M,,,75
200800068239,8,11,25,915,1,2,2,1,2,75108,M,,,75
200800068240,8,11,25,900,1,2,1,1,6,75108,M,,,75
200800068241,8,11,25,1030,1,2,2,1,2,75108,M,,,75
200800068242,8,11,25,1625,1,2,2,1,7,75108,M,,,75
200800068243,8,11,25,2145,5,2,1,8,3,75108,M,,,75
200800068244,8,11,25,1355,1,2,1,1,5,75108,M,,,75
200800068245,8,11,25,1345,1,2,1,1,6,75109,M,,,75
200800068246,8,11,25,1350,1,2,2,1,6,75109,M,,,75
200800068247,8,11,25,1550,1,2,1,1,6,75110,M,,,75
200800068248,8,11,25,1020,1,2,1,1,2,75111,M,,,75
200800068249,8,11,25,1240,1,2,1,1,7,75112,M,,,75
200800068250,8,11,25,2025,5,2,2,1,3,75112,M,,,75
200800068251,8,11,25,2155,5,2,2,1,6,75112,M,,,75
200800068252,8,11,25,1835,5,2,1,1,3,75113,M,,,75
200800068253,8,11,25,850,1,2,3,1,3,75114,M,,,75
200800068254,8,11,25,1025,1,2,1,1,3,75114,M,,,75
200800068255,8,11,25,1135,1,2,1,1,2,75114,M,,,75
200800068256,8,11,25,910,1,2,2,1,3,75117,M,,,75
200800068257,8,11,25,1350,1,2,1,1,6,75118,M,,,75
200800068258,8,11,25,2100,5,2,1,1,3,75119,M,,,75
200800068259,8,11,25,550,5,2,1,1,2,75119,M,,,75
200800068260,8,11,25,150,5,2,1,1,7,75118,M,,,75
200800068261,8,11,25,940,1,2,4,1,6,75115,M,,,75
200800068262,8,11,25,1345,1,2,1,1,7,75116,M,,,75
200800068263,8,11,25,1505,1,2,1,1,2,75119,M,,,75
200800068264,8,11,25,1345,1,2,1,1,2,75120,M,,,75
200800068265,8,11,26,1445,1,2,1,1,2,75101,M,,,75
200800068266,8,11,26,111,5,2,2,1,3,75106,M,,,75
200800068267,8,11,26,1300,1,2,2,1,6,75108,M,,,75
200800068268,8,11,26,1350,1,2,2,8,3,75108,M,,,75
200800068269,8,11,26,900,1,2,2,1,6,75110,M,,,75
200800068270,8,11,26,1345,1,2,3,1,6,75110,M,,,75
200800068271,8,11,26,1700,5,2,1,1,6,75110,M,,,75
200800068272,8,11,26,1820,5,2,1,1,3,75111,M,,,75
200800068273,8,11,26,1347,1,2,1,1,6,75113,M,,,75
200800068274,8,11,26,828,1,2,1,1,3,75114,M,,,75
200800068275,8,11,26,750,1,2,2,1,3,75115,M,,,75
200800068276,8,11,26,855,1,2,1,1,6,75116,M,,,75
200800068277,8,11,26,1020,1,2,2,1,6,75116,M,,,75
200800068278,8,11,26,1740,5,2,1,1,2,75116,M,,,75
200800068279,8,11,26,715,2,2,2,1,3,75117,M,,,75
200800068280,8,11,26,1130,1,2,2,1,6,75120,M,,,75
200800068281,8,11,26,12,5,2,1,1,6,75116,M,,,75
200800068282,8,11,26,1255,1,2,1,1,6,75115,M,,,75
200800068283,8,11,26,735,1,2,1,1,3,75112,M,,,75
200800068284,8,11,26,1620,1,2,1,1,3,75116,M,,,75
200800068285,8,11,19,1,5,2,1,1,6,75102,M,,,75
200800068286,8,11,19,1415,1,2,2,1,6,75103,M,,,75
200800068287,8,11,19,1155,1,2,3,1,3,75108,M,,,75
200800068288,8,11,19,1715,5,2,1,1,6,75109,M,,,75
200800068289,8,11,19,50,5,2,1,1,6,75110,M,,,75
200800068290,8,11,19,740,1,2,1,1,6,75110,M,,,75
200800068291,8,11,19,220,5,2,1,1,7,75112,M,,,75
200800068292,8,11,19,1802,5,2,4,1,6,75112,M,,,75
200800068293,8,11,19,945,1,2,1,1,3,75113,M,,,75
200800068294,8,11,19,1640,5,2,3,1,7,75113,M,,,75
200800068295,8,11,19,2145,5,2,1,1,6,75113,M,,,75
200800068296,8,11,19,1945,5,2,1,1,6,75114,M,,,75
200800068297,8,11,19,1635,1,2,1,1,3,75114,M,,,75
200800068298,8,11,19,1800,5,2,1,1,6,75115,M,,,75
200800068299,8,11,19,1115,1,2,2,8,3,75116,M,,,75
200800068300,8,11,19,1210,1,2,5,1,6,75116,M,,,75
200800068301,8,11,19,1423,1,2,2,1,6,75116,M,,,75
200800068302,8,11,19,1540,1,2,1,8,6,75116,M,,,75
200800068303,8,11,19,1800,5,2,3,1,2,75116,M,,,75
200800068304,8,11,19,2230,5,2,1,1,4,75116,M,,,75
200800068305,8,11,19,925,1,2,1,1,6,75119,M,,,75
200800068306,8,11,19,1035,1,2,1,1,2,75119,M,,,75
200800068307,8,11,19,735,1,2,2,1,3,75120,M,,,75
200800068308,8,11,19,2050,3,2,3,1,6,75120,M,,,75
200800068309,8,11,24,1655,5,2,2,8,2,75116,M,,,75
200800068310,8,11,19,2015,5,2,2,1,6,75104,M,,,75
200800068311,8,11,19,1340,1,2,1,1,6,75118,M,,,75
200800068312,8,11,19,1945,5,2,1,1,5,75115,M,,,75
200800068313,8,11,18,115,5,2,1,2,2,75101,M,,,75
200800068314,8,11,18,1905,5,2,1,2,7,75101,M,,,75
200800068315,8,11,18,2130,5,2,2,9,7,75101,M,,,75
200800068316,8,11,18,1030,1,2,3,2,7,75104,M,,,75
200800068317,8,11,18,1500,1,2,1,2,6,75106,M,,,75
200800068318,8,11,18,930,1,2,1,8,7,75107,M,,,75
200800068319,8,11,18,2100,5,2,3,2,6,75107,M,,,75
200800068320,8,11,18,2150,5,2,1,2,3,75108,M,,,75
200800068321,8,11,18,1115,1,2,2,2,3,75110,M,,,75
200800068322,8,11,18,2040,5,2,2,2,2,75110,M,,,75
200800068323,8,11,18,1010,1,2,1,2,3,75111,M,,,75
200800068324,8,11,18,2330,5,2,2,1,6,75111,M,,,75
200800068325,8,11,18,740,1,2,1,2,6,75113,M,,,75
200800068326,8,11,18,955,1,2,5,2,7,75113,M,,,75
200800068327,8,11,18,1145,1,2,2,2,6,75113,M,,,75
200800068328,8,11,18,1950,5,2,1,9,6,75113,M,,,75
200800068329,8,11,18,2005,5,2,3,2,6,75113,M,,,75
200800068330,8,11,18,945,1,2,1,2,7,75115,M,,,75
200800068331,8,11,18,905,1,2,4,2,7,75116,M,,,75
200800068332,8,11,18,1530,1,2,5,2,7,75116,M,,,75
200800068333,8,11,18,725,2,2,2,2,3,75117,M,,,75
200800068334,8,11,18,1740,5,2,5,1,6,75117,M,,,75
200800068335,8,11,18,1820,5,2,1,2,3,75117,M,,,75
200800068336,8,11,18,2000,5,2,1,2,6,75117,M,,,75
200800068337,8,11,18,2215,5,2,4,1,6,75117,M,,,75
200800068338,8,11,18,1440,1,2,1,8,7,75119,M,,,75
200800068339,8,11,18,1915,5,2,1,1,2,75119,M,,,75
200800068340,8,11,18,2325,5,2,1,1,3,75119,M,,,75
200800068341,8,11,18,1035,1,2,1,2,3,75120,M,,,75
200800068342,8,11,18,2140,5,2,3,2,3,75117,M,,,75
200800068343,8,11,18,735,1,2,1,2,2,75117,M,,,75
200800068344,8,11,18,1850,5,2,1,2,3,75117,M,,,75
200800068345,8,11,18,1715,5,2,1,1,3,75103,M,,,75
200800068346,8,11,28,1645,1,2,2,1,2,75102,M,,,75
200800068347,8,11,28,1900,3,2,3,1,6,75103,M,,,75
200800068348,8,11,28,2225,5,2,2,1,3,75103,M,,,75
200800068349,8,11,28,1535,1,2,2,8,3,75105,M,,,75
200800068350,8,11,28,1735,2,2,2,1,3,75108,M,,,75
200800068351,8,11,28,1715,5,2,7,8,6,75108,M,,,75
200800068352,8,11,28,1950,5,2,2,1,2,75108,M,,,75
200800068353,8,11,28,1145,1,2,3,1,6,75109,M,,,75
200800068354,8,11,28,1230,1,2,2,1,6,75113,M,,,75
200800068355,8,11,28,1820,5,2,1,1,6,75113,M,,,75
200800068356,8,11,28,1,5,2,1,1,6,75114,M,,,75
200800068357,8,11,28,1255,1,2,2,2,3,75114,M,,,75
200800068358,8,11,28,900,1,2,3,1,6,75115,M,,,75
200800068359,8,11,28,1729,5,2,1,1,6,75115,M,,,75
200800068360,8,11,28,1900,5,2,2,8,1,75116,M,,,75
200800068361,8,11,28,1940,5,2,1,1,2,75116,M,,,75
200800068362,8,11,19,1200,1,2,1,1,6,75110,M,,,75
200800068363,8,11,28,840,1,2,2,8,6,75117,M,,,75
200800068364,8,11,28,1200,1,2,3,1,3,75117,M,,,75
200800068365,8,11,28,1335,1,2,2,1,6,75117,M,,,75
200800068366,8,11,28,1630,1,2,1,1,1,75117,M,,,75
200800068367,8,11,28,1200,1,2,1,1,7,75118,M,,,75
200800068368,8,11,28,1625,5,2,2,1,6,75118,M,,,75
200800068369,8,11,28,940,1,2,7,9,7,75119,M,,,75
200800068370,8,11,28,1753,5,2,2,1,1,75119,M,,,75
200800068371,8,11,28,1513,1,2,2,8,1,75120,M,,,75
200800068372,8,11,28,2230,5,2,1,1,6,75120,M,,,75
200800068373,8,11,28,1800,5,2,1,1,6,75112,M,,,75
200800068374,8,11,28,100,5,2,1,2,2,75118,M,,,75
200800068375,8,11,28,1830,2,2,1,1,3,75116,M,,,75
200800068376,8,11,15,235,5,2,2,2,6,75101,M,,,75
200800068377,8,11,15,1655,4,2,4,8,3,75101,M,,,75
200800068378,8,11,15,1350,1,2,3,1,7,75104,M,,,75
200800068379,8,11,15,2211,5,2,1,2,3,75108,M,,,75
200800068380,8,11,15,118,5,2,3,1,6,75117,M,,,75
200800068381,8,11,15,345,5,2,1,2,6,75110,M,,,75
200800068382,8,11,15,1340,1,2,5,1,3,75111,M,,,75
200800068383,8,11,15,955,1,2,2,8,3,75112,M,,,75
200800068384,8,11,15,2015,5,2,1,2,2,75112,M,,,75
200800068385,8,11,15,940,1,2,2,1,7,75115,M,,,75
200800068386,8,11,15,1505,1,2,1,8,6,75116,M,,,75
200800068387,8,11,19,1845,5,2,1,1,6,75106,M,,,75
200800068388,8,11,28,1330,1,2,7,1,6,58194,M,,,58
200800068389,8,1,2,710,3,1,1,1,2,69271,M,,,69
200800068390,8,1,3,735,2,1,1,2,6,69142,M,,,69
200800068391,8,1,7,2000,5,1,1,1,3,69277,M,,,69
200800068392,8,1,13,35,5,1,1,8,6,69034,M,,,69
200800068393,8,1,15,2125,5,1,1,6,6,69276,M,,,69
200800068394,8,1,16,745,2,1,1,2,7,69199,M,,,69
200800068395,8,1,16,825,1,1,1,1,2,69382,M,,,69
200800068396,8,1,20,625,4,1,1,1,7,69296,M,,,69
200800068397,8,1,21,1950,3,1,1,1,6,38087,M,,,38
200800068398,8,1,27,1555,1,1,1,1,7,38336,M,,,38
200800068399,8,2,5,900,1,1,1,1,4,69199,M,,,69
200800068400,8,2,7,615,5,1,9,1,3,69199,M,,,69
200800068401,8,2,10,1410,1,1,1,1,2,69276,M,,,69
200800068402,8,2,11,705,2,1,1,1,2,69275,M,,,69
200800068403,8,2,20,1400,1,1,1,1,7,01249,M,,,01
200800068404,8,3,4,845,1,1,1,8,2,69283,M,,,69
200800068405,8,3,15,2245,3,1,1,2,6,69296,M,,,69
200800068406,8,3,21,1630,1,1,1,2,4,69282,M,,,69
200800068407,8,3,22,300,3,1,1,1,6,69297,M,,,69
200800068408,8,4,5,1345,1,1,1,1,6,69081,M,,,69
200800068409,8,4,8,1050,1,1,4,3,2,69277,M,,,69
200800068410,8,4,9,1845,1,1,1,1,5,69290,M,,,69
200800068411,8,4,12,510,5,1,1,1,2,69152,M,,,69
200800068412,8,4,21,700,2,1,1,2,6,69271,M,,,69
200800068413,8,5,17,715,1,1,1,2,6,69271,M,,,69
200800068414,8,6,8,702,2,1,1,2,7,69193,M,,,69
200800068415,8,6,11,915,1,1,1,1,2,69199,M,,,69
200800068416,8,6,12,535,1,1,9,1,2,69259,M,,,69
200800068417,8,6,21,1445,1,1,1,7,7,69290,M,,,69
200800068418,8,6,21,1930,1,1,1,7,6,69029,M,,,69
200800068419,8,6,22,10,5,1,1,1,2,69029,M,,,69
200800068420,8,6,25,1750,1,1,1,1,2,69290,M,,,69
200800068421,8,6,28,958,1,1,1,1,3,69081,M,,,69
200800068422,8,6,25,1230,1,1,1,1,2,69276,M,,,69
200800068423,8,7,3,1715,1,1,1,2,3,38336,M,,,38