Num_Acc,an,mois,jour,hrmn,lum,agg,int,atm,col,com,gps,lat,long,dep
200800068424,8,7,7,2230,3,1,1,1,7,69122,M,,,69
200800068425,8,7,12,1530,1,1,1,1,2,38087,M,,,38
200800068426,8,7,17,1438,1,1,1,1,5,69290,M,,,69
200800068427,8,7,23,1910,1,1,1,1,4,69081,M,,,69
200800068428,8,7,28,500,3,1,1,1,2,69117,M,,,69
200800068429,8,9,3,1430,1,1,1,1,5,69290,M,,,69
200800068430,8,9,4,220,3,1,4,2,3,69256,M,,,69
200800068431,8,9,5,1745,1,1,1,1,7,69273,M,,,69
200800068432,8,9,11,1755,1,1,1,1,2,69290,M,,,69
200800068433,8,9,14,1050,1,1,1,1,6,69256,M,,,69
200800068434,8,9,17,2120,3,1,1,1,3,69283,M,,,69
200800068435,8,9,27,715,2,1,1,1,7,69081,M,,,69
200800068436,8,10,2,2030,3,1,1,1,3,69295,M,,,69
200800068437,8,10,4,1705,1,1,3,1,3,38544,M,,,38
200800068438,8,10,7,1250,1,1,1,1,4,69029,M,,,69
200800068439,8,10,7,1830,1,1,1,1,2,69259,M,,,69
200800068440,8,10,8,1735,1,1,1,3,6,69271,M,,,69
200800068441,8,10,8,2000,5,1,9,3,5,38087,M,,,38
200800068442,8,10,9,2357,5,1,1,1,6,69275,M,,,69
200800068443,8,10,11,1300,1,1,9,1,6,69275,M,,,69
200800068444,8,10,16,815,1,1,1,1,5,69271,M,,,69
200800068445,8,10,16,1020,1,1,1,1,7,69290,M,,,69
200800068446,8,10,16,1300,1,1,1,3,7,69382,M,,,69
200800068447,8,10,16,1420,1,1,1,2,7,69286,M,,,69
200800068448,8,10,16,1425,1,1,1,2,6,69286,M,,,69
200800068449,8,10,16,1930,2,1,1,1,2,69029,M,,,69
200800068450,8,10,21,1045,1,1,1,1,6,69290,M,,,69
200800068451,8,10,22,2340,4,1,1,3,7,01275,M,,,01
200800068452,8,10,22,1715,1,1,2,2,3,69256,M,,,69
200800068453,8,10,28,920,1,1,1,2,6,69276,M,,,69
200800068454,8,10,29,750,1,1,1,1,1,69152,M,,,69
200800068455,8,10,29,800,1,1,1,2,7,69266,M,,,69
200800068456,8,10,29,1330,1,1,1,2,2,69081,M,,,69
200800068457,8,10,30,245,5,1,1,9,6,69142,M,,,69
200800068458,8,10,30,820,1,1,1,1,3,69259,M,,,69
200800068459,8,10,30,900,1,1,1,1,3,69382,M,,,69
200800068460,8,10,30,1900,3,1,9,1,6,69266,M,,,69
200800068461,8,11,1,25,5,1,1,2,2,69152,M,,,69
200800068462,8,11,2,710,1,1,9,2,6,01275,M,,,01
200800068463,8,11,3,37,5,1,1,1,7,69152,M,,,69
200800068464,8,11,5,10,3,1,1,3,6,69256,M,,,69
200800068465,8,11,5,750,2,1,1,2,5,69152,M,,,69
200800068466,8,11,6,1250,1,1,9,8,7,69266,M,,,69
200800068467,8,11,7,1545,1,1,1,1,5,69199,M,,,69
200800068468,8,11,14,1410,1,1,1,1,2,69081,M,,,69
200800068469,8,11,21,1750,5,1,1,1,2,69072,M,,,69
200800068470,8,11,21,900,1,1,1,1,3,69382,M,,,69
200800068471,8,11,21,930,1,1,1,1,7,69389,M,,,69
200800068472,8,11,24,815,1,1,1,1,4,69290,M,,,69
200800068473,8,11,24,1445,1,1,1,4,4,69117,M,,,69
200800068474,8,5,11,1145,1,2,6,1,6,33498,M,4456000.0,-87100.0,33
200800068475,8,7,20,1215,1,1,9,1,3,33042,M,0.0,0.0,33
200800068476,8,12,30,1834,5,2,1,2,6,57038,M,0.0,0.0,57
200800068477,8,12,15,1815,3,1,1,1,6,22219,M,4828300.0,-269400.0,22
200800068478,8,12,10,845,1,1,1,9,3,22193,M,0.0,0.0,22
200800068479,8,12,31,2115,3,1,1,1,1,33123,M,4508600.0,-40000.0,33
200800068480,8,12,27,2030,5,2,2,1,6,33402,M,0.0,0.0,33
200800068481,8,12,3,1830,3,1,1,1,3,42279,M,4551300.0,428000.0,42
200800068482,8,12,7,1345,1,1,1,1,4,42256,M,4551900.0,419900.0,42
200800068483,8,12,5,930,1,1,1,1,1,42097,M,4550700.0,432700.0,42
200800068484,8,12,25,1915,3,1,1,1,5,42005,M,4553000.0,430100.0,42
200800068485,8,12,24,1700,3,1,1,9,6,42159,M,4582800.0,377100.0,42
200800068486,8,12,20,1900,5,2,2,1,3,42214,M,4568300.0,429900.0,42
200800068487,8,12,4,1215,1,1,1,1,3,42201,M,4535600.0,466800.0,42
200800068488,8,12,21,1730,2,1,1,1,3,42178,M,4599900.0,417400.0,42
200800068489,8,12,22,1730,5,2,5,1,3,42181,M,4599400.0,421600.0,42
200800068490,8,12,1,1345,1,2,1,8,1,42033,M,4611900.0,430800.0,42
200800068491,8,12,19,630,3,1,1,5,6,42003,M,4613400.0,390900.0,42
200800068492,8,12,25,1315,1,1,1,8,7,42226,M,4587200.0,408100.0,42
200800068493,8,12,31,930,1,1,1,8,6,06070,M,0.0,0.0,06
200800068494,8,12,2,1145,1,2,1,1,6,18058,M,4686100.0,232200.0,18
200800068495,8,12,22,1445,1,1,1,1,6,42108,M,4560500.0,421000.0,42
200800068496,8,12,28,2045,5,2,1,9,6,42271,M,4548800.0,457800.0,42
200800068497,8,12,21,1945,5,2,1,1,3,59477,M,0.0,0.0,59
200800068498,8,12,6,1945,5,2,2,1,3,59051,M,5053700.0,280800.0,59
200800068499,8,12,18,800,3,1,1,2,3,59550,M,5054400.0,283300.0,59
200800068500,8,12,10,1145,1,2,1,1,6,59094,M,0.0,0.0,59
200800068501,8,12,3,1730,5,2,1,2,3,59433,M,5079400.0,227900.0,59
200800068502,8,12,4,2045,3,1,1,2,1,59212,M,0.0,0.0,59
200800068503,8,12,22,1800,3,1,1,1,6,59453,M,5083400.0,250700.0,59
200800068504,8,12,22,1145,1,2,2,1,7,59202,M,,,59
200800068505,8,12,30,2245,5,1,1,1,2,59611,M,5067900.0,301800.0,59
200800068506,8,12,11,2045,5,2,1,1,6,59505,M,5037200.0,364800.0,59
200800068507,8,12,19,1715,5,2,1,1,6,59471,M,5031000.0,358400.0,59
200800068508,8,12,13,1915,5,2,9,1,6,59418,M,5050700.0,345500.0,59
200800068509,8,12,21,800,3,1,1,1,2,59384,M,5013900.0,378100.0,59
200800068510,8,12,1,2230,3,1,1,2,2,59294,M,5019900.0,314900.0,59
200800068511,8,12,11,1700,2,1,2,2,3,59097,M,5014800.0,305300.0,59
200800068512,8,12,13,1430,1,1,1,1,1,59377,M,5012000.0,316000.0,59
200800068513,8,12,20,1800,5,2,1,2,6,59026,M,0.0,0.0,59
200800068514,8,12,17,1215,1,1,1,2,6,59265,M,,,59
200800068515,8,12,18,1145,1,2,1,5,3,59157,M,0.0,0.0,59
200800068516,8,12,4,1100,1,1,1,4,5,62097,M,5025400.0,267500.0,62
200800068517,8,12,19,1300,1,1,1,1,7,62368,M,5018500.0,253900.0,62
200800068518,8,12,6,30,5,2,9,9,3,62714,M,5033300.0,278700.0,62
200800068519,8,12,18,130,3,1,1,1,6,62801,M,0.0,0.0,62
200800068520,8,12,9,1715,5,2,1,2,6,62081,M,0.0,0.0,62
200800068521,8,12,27,1415,1,2,1,1,3,62673,M,0.0,0.0,62
200800068522,8,12,27,1515,1,1,1,1,2,62754,M,5020300.0,285500.0,62
200800068523,8,12,19,1900,5,2,1,1,6,62559,M,0.0,0.0,62
200800068524,8,12,17,2115,3,1,1,1,6,62900,M,0.0,0.0,62
200800068525,8,12,13,1900,3,2,1,1,6,62736,M,5065900.0,276600.0,62
200800068526,8,12,17,1900,5,2,1,1,1,62268,M,0.0,0.0,62
200800068527,8,12,17,1900,3,1,1,2,2,62908,M,0.0,0.0,62
200800068528,8,12,11,1715,5,2,1,1,6,62711,M,0.0,0.0,62
200800068529,8,12,29,45,5,2,1,2,6,62170,M,0.0,0.0,62
200800068530,8,12,9,1700,1,2,1,1,6,62698,M,0.0,0.0,62
200800068531,8,12,5,1900,5,2,1,1,6,62571,M,0.0,0.0,62
200800068532,8,12,6,1700,1,1,1,1,6,62016,M,0.0,0.0,62
200800068533,8,12,15,845,1,2,9,9,7,62201,M,0.0,0.0,62
200800068534,8,12,30,1700,3,1,1,8,3,62014,M,0.0,0.0,62
200800068535,8,12,20,1115,1,2,2,1,1,62174,M,5086000.0,197000.0,62
200800068536,8,12,8,1815,2,2,1,1,1,62057,M,5088200.0,208300.0,62
200800068537,8,12,25,15,3,1,1,2,6,62265,M,5063600.0,223800.0,62
200800068538,8,12,14,2000,3,1,1,1,5,62403,M,5069900.0,221700.0,62
200800068539,8,12,5,2130,3,1,1,2,6,62767,M,0.0,0.0,62
200800068540,8,12,1,1230,1,2,1,2,6,62820,M,5035900.0,248000.0,62
200800068541,8,12,5,1600,1,1,1,2,7,62199,M,5037000.0,264700.0,62
200800068542,8,12,12,2200,3,1,1,9,6,62415,M,5033600.0,264000.0,62
200800068543,8,12,19,1745,4,2,1,1,6,62045,M,0.0,0.0,62
200800068544,8,12,2,1515,1,1,1,2,1,80456,M,0.0,0.0,80
200800068545,8,12,6,1100,1,1,1,1,6,80443,M,0.0,0.0,80
200800068546,8,12,9,100,3,1,1,8,6,80559,M,0.0,0.0,80
200800068547,8,12,14,1500,1,1,1,8,3,80606,M,4995900.0,177200.0,80
200800068548,8,12,17,1130,1,1,1,2,6,80099,M,0.0,0.0,80
200800068549,8,12,18,915,1,1,5,1,3,80165,M,0.0,0.0,80
200800068550,8,12,21,1045,1,1,1,8,6,80627,M,0.0,0.0,80
200800068551,8,12,17,1600,1,1,1,1,6,80718,M,0.0,0.0,80
200800068552,8,12,2,1800,5,2,1,3,6,80009,M,0.0,0.0,80
200800068553,8,12,5,1730,5,2,9,1,6,80406,M,0.0,0.0,80
200800068554,8,12,21,1700,1,1,1,8,6,80215,M,0.0,0.0,80
200800068555,8,12,29,1200,1,1,1,1,2,80779,M,0.0,0.0,80
200800068556,8,12,29,1900,5,2,1,1,6,80373,M,0.0,0.0,80
200800068557,8,12,11,2330,3,2,1,8,6,80327,M,0.0,0.0,80
200800068558,8,12,6,1900,2,1,1,1,6,80253,M,5017100.0,240400.0,80
200800068559,8,12,8,1330,1,1,1,1,1,80563,M,5018300.0,212200.0,80
200800068560,8,12,19,1515,1,2,1,7,6,80711,M,5004200.0,212800.0,80
200800068561,8,12,21,2215,3,1,1,1,3,80185,M,0.0,0.0,80
200800068562,8,12,21,1215,1,1,1,1,7,80685,M,0.0,0.0,80
200800068563,8,12,17,1600,1,1,1,1,3,80652,M,0.0,0.0,80
200800068564,8,12,5,1400,1,2,1,3,3,80016,M,5000600.0,264700.0,80
200800068565,8,12,9,730,5,2,1,8,1,80615,M,5002000.0,269000.0,80
200800068566,8,12,25,1145,1,2,1,1,3,80016,M,0.0,0.0,80
200800068567,8,12,20,930,1,1,1,1,1,80162,M,0.0,0.0,80
200800068568,8,12,21,1345,1,2,1,8,6,80823,M,0.0,0.0,80
200800068569,8,12,2,1115,1,2,1,1,3,80579,M,0.0,0.0,80
200800068570,8,12,15,1640,2,1,1,1,3,02039,M,0.0,0.0,02
200800068571,8,12,3,840,2,1,1,1,7,02222,M,0.0,0.0,02
200800068572,8,12,16,830,2,1,1,5,1,02599,M,4957100.0,325200.0,02
200800068573,8,12,29,2205,5,2,1,1,6,02765,M,0.0,0.0,02
200800068574,8,12,3,845,1,1,1,2,1,02221,M,4903300.0,327200.0,02
200800068575,8,12,6,245,5,2,1,2,6,02164,M,4912100.0,354400.0,02
200800068576,8,12,19,2330,5,2,1,1,6,02095,M,4999400.0,344600.0,02
200800068577,8,12,3,730,3,1,1,1,1,02003,M,0.0,0.0,02
200800068578,8,12,16,1500,1,1,1,5,6,02589,M,0.0,0.0,02
200800068579,8,12,13,1910,3,2,1,9,4,02801,M,0.0,0.0,02
200800068580,8,12,16,1820,5,1,1,5,1,02548,M,5001100.0,369400.0,02
200800068581,8,12,7,950,1,2,1,5,1,02814,M,0.0,0.0,02
200800068582,8,12,21,400,3,1,1,1,1,02495,M,4998200.0,405200.0,02
200800068583,8,12,11,1545,1,1,1,1,1,60290,M,0.0,0.0,60
200800068584,8,12,12,1100,1,1,1,1,6,60628,M,0.0,0.0,60
200800068585,8,12,9,600,3,1,1,3,6,60592,M,0.0,0.0,60
200800068586,8,12,6,1300,1,1,1,1,6,60143,M,0.0,0.0,60
200800068587,8,12,7,800,2,1,1,9,6,60162,M,0.0,0.0,60
200800068588,8,12,8,2115,3,1,1,8,6,60640,M,0.0,0.0,60
200800068589,8,12,8,1900,3,1,1,8,3,60411,M,0.0,0.0,60
200800068590,8,12,11,2000,3,1,1,1,1,60143,M,0.0,0.0,60
200800068591,8,12,13,315,3,1,1,8,6,60089,M,0.0,0.0,60
200800068592,8,12,5,1745,5,2,2,1,1,60286,M,0.0,0.0,60
200800068593,8,12,9,1815,5,1,1,9,6,60395,M,0.0,0.0,60
200800068594,8,12,15,1745,5,2,1,9,6,60088,M,0.0,0.0,60
200800068595,8,12,18,2000,4,2,1,1,1,60135,M,0.0,0.0,60
200800068596,8,12,20,1615,5,2,1,1,6,60462,M,4932500.0,220300.0,60
200800068597,8,12,5,1800,3,1,1,1,2,60573,M,0.0,0.0,60
200800068598,8,12,29,1300,1,2,1,1,6,60178,M,0.0,0.0,60
200800068599,8,12,7,1900,3,1,1,5,7,60130,M,4936900.0,250900.0,60
200800068600,8,12,12,2030,5,2,1,1,6,60581,M,4951200.0,243500.0,60
200800068601,8,12,20,45,3,2,1,8,7,60515,M,0.0,0.0,60
200800068602,8,12,23,2145,3,1,1,2,3,60643,M,4957200.0,260700.0,60
200800068603,8,12,11,100,5,2,1,1,6,60636,M,4947800.0,290000.0,60
200800068604,8,12,15,1630,3,2,1,5,1,60641,M,0.0,0.0,60
200800068605,8,12,6,2130,3,1,1,5,7,60674,M,4937300.0,297200.0,60
200800068606,8,12,30,2030,3,1,1,8,6,60621,M,0.0,0.0,60
200800068607,8,12,16,1215,1,1,1,9,3,60139,M,0.0,0.0,60
200800068608,8,12,20,1,5,2,1,1,6,60398,M,0.0,0.0,60
200800068609,8,12,23,1415,1,2,1,1,3,60141,M,0.0,0.0,60
200800068610,8,12,12,1815,5,2,1,1,1,60589,M,4924300.0,246900.0,60
200800068611,8,12,12,1800,3,1,1,1,6,60066,M,0.0,0.0,60
200800068612,8,12,15,915,1,1,1,1,3,76550,M,4936800.0,94900.0,76
200800068613,8,12,5,730,5,2,1,2,6,76205,M,4982400.0,109100.0,76
200800068614,8,12,2,1815,3,1,1,3,1,76473,M,4951700.0,74300.0,76
200800068615,8,12,8,1200,1,2,1,1,1,76709,M,0.0,0.0,76
200800068616,8,12,26,1115,1,1,1,1,3,76508,M,0.0,0.0,76
200800068617,8,12,1,1430,1,1,1,1,2,76238,M,0.0,0.0,76
200800068618,8,12,7,945,1,1,1,9,6,76494,M,0.0,0.0,76
200800068619,8,12,22,1630,2,1,1,2,6,76029,M,0.0,0.0,76
200800068620,8,12,23,1,3,1,1,5,7,76035,M,0.0,0.0,76
200800068621,8,12,25,1000,1,1,2,1,3,76537,M,0.0,0.0,76
200800068622,8,12,19,1830,3,1,1,1,6,76578,M,0.0,0.0,76
200800068623,8,12,29,2300,1,1,1,1,7,76065,M,4969600.0,159300.0,76
200800068624,8,12,12,1800,5,1,1,5,2,76263,M,0.0,0.0,76
200800068625,8,12,23,2345,5,2,1,1,6,76312,M,0.0,0.0,76
200800068626,8,12,31,1845,2,2,1,1,1,76702,M,4958800.0,76200.0,76
200800068627,8,12,16,1615,1,2,1,1,6,76758,M,0.0,0.0,76
200800068628,8,12,24,1230,1,1,1,1,1,76718,M,4961200.0,71700.0,76
200800068629,8,12,3,1000,1,1,1,1,3,76289,M,4958900.0,81400.0,76
200800068630,8,12,5,2100,3,1,1,3,1,76135,M,0.0,0.0,76
200800068631,8,12,2,1245,1,1,1,2,1,76183,M,4975900.0,46300.0,76
200800068632,8,12,17,1930,5,2,1,1,6,76013,M,4976600.0,50300.0,76
200800068633,8,12,17,1830,2,2,1,1,3,76198,M,4968500.0,84700.0,76
200800068634,8,12,4,1230,1,1,1,1,3,27504,M,0.0,0.0,27
200800068635,8,12,21,2045,3,1,6,1,3,27378,M,0.0,0.0,27
200800068636,8,12,19,1700,3,1,1,2,1,27193,M,0.0,0.0,27
200800068637,8,12,6,1630,1,2,1,1,3,27679,M,4874300.0,93900.0,27
200800068638,8,12,6,1715,2,2,1,1,6,27159,M,0.0,0.0,27
200800068639,8,12,16,2315,5,2,1,1,6,27679,M,4874000.0,92100.0,27
200800068640,8,12,19,1515,1,1,1,1,1,27069,M,4881400.0,74600.0,27
200800068641,8,12,25,1915,3,1,2,1,3,27195,M,4880600.0,99700.0,27
200800068642,8,12,28,1115,1,2,1,1,6,27016,M,0.0,0.0,27
200800068643,8,12,5,745,2,1,1,2,6,27487,M,0.0,0.0,27
200800068644,8,12,11,1630,1,1,1,1,3,27488,M,0.0,0.0,27
200800068645,8,12,9,1030,1,2,1,8,3,27284,M,0.0,0.0,27
200800068646,8,12,20,2330,3,1,1,1,7,27284,M,0.0,0.0,27
200800068647,8,12,28,100,3,1,1,1,1,27067,M,4930000.0,166000.0,27
200800068648,8,12,11,1300,1,2,9,1,6,27398,M,0.0,0.0,27
200800068649,8,12,2,2045,5,1,1,2,6,27311,M,4915800.0,76100.0,27
200800068650,8,12,27,1715,3,1,1,8,7,27001,M,0.0,0.0,27
200800068651,8,12,9,1515,1,1,2,1,3,27382,M,4920700.0,102100.0,27
200800068652,8,12,9,845,1,1,1,2,5,27563,M,0.0,0.0,27
200800068653,8,12,25,2215,4,2,1,1,6,27467,M,0.0,0.0,27
200800068654,8,12,2,1730,5,2,1,8,3,27500,M,0.0,0.0,27
200800068655,8,12,25,1730,2,1,1,8,6,27105,M,0.0,0.0,27
200800068656,8,12,5,1800,5,2,1,1,6,35047,M,0.0,0.0,35
200800068657,8,12,7,500,3,2,1,1,6,35047,M,0.0,0.0,35
200800068658,8,12,1,1215,1,1,2,1,1,35216,M,4820200.0,-183000.0,35
200800068659,8,12,10,1345,1,1,9,9,3,35233,M,4835800.0,-182200.0,35
200800068660,8,12,10,1900,3,1,1,1,3,35094,M,4834100.0,-171800.0,35
200800068661,8,12,21,500,3,2,1,1,6,35184,M,4820400.0,-207600.0,35
200800068662,8,12,2,730,2,2,1,3,6,35133,M,0.0,0.0,35
200800068663,8,12,11,1745,2,1,1,5,6,35133,M,0.0,0.0,35
200800068664,8,12,31,1245,1,2,1,1,3,35188,M,0.0,0.0,35
200800068665,8,12,10,2145,3,1,1,1,6,35080,M,0.0,0.0,35
200800068666,8,12,14,1115,1,2,6,1,6,35037,M,0.0,0.0,35
200800068667,8,12,10,1315,1,1,9,8,1,35018,M,0.0,0.0,35
200800068668,8,12,1,815,1,1,1,1,3,35280,M,0.0,0.0,35
200800068669,8,12,19,715,3,1,1,5,3,35030,M,0.0,0.0,35
200800068670,8,12,4,1745,3,1,1,1,6,35285,M,0.0,0.0,35
200800068671,8,12,5,2145,3,1,1,1,6,35016,M,4799000.0,-190800.0,35
200800068672,8,12,7,545,3,1,1,1,7,35057,M,4793000.0,-194500.0,35
200800068673,8,12,17,1730,3,1,1,1,4,35123,M,4802600.0,-178900.0,35
200800068674,8,12,19,2000,3,1,1,1,5,35129,M,4787900.0,-187500.0,35
200800068675,8,12,23,815,3,1,1,1,1,35123,M,4803100.0,-179100.0,35
200800068676,8,12,3,1745,3,1,1,9,3,35017,M,0.0,0.0,35
200800068677,8,12,13,1800,3,1,1,2,1,35299,M,0.0,0.0,35
200800068678,8,12,19,1400,1,1,1,1,6,35299,M,0.0,0.0,35
200800068679,8,12,1,1015,1,1,1,1,3,35085,M,4842700.0,-177300.0,35
200800068680,8,12,2,1715,2,1,1,3,6,35186,M,4856600.0,-177400.0,35
200800068681,8,12,2,730,3,1,1,9,6,35105,M,0.0,0.0,35
200800068682,8,12,3,1845,3,2,1,1,3,35207,M,0.0,0.0,35
200800068683,8,12,5,745,2,1,1,2,3,35198,M,4803400.0,-138000.0,35
200800068684,8,12,17,845,2,1,1,8,5,35235,M,4787600.0,-126900.0,35
200800068685,8,12,17,1815,5,1,1,1,5,22158,M,4820200.0,-298800.0,22
200800068686,8,12,29,1600,1,1,1,1,1,22298,M,4820900.0,-289800.0,22
200800068687,8,12,10,1745,5,2,1,3,6,22389,M,4848000.0,-267000.0,22
200800068688,8,12,12,1800,3,1,1,2,4,22273,M,0.0,0.0,22
200800068689,8,12,16,800,2,2,1,1,6,22186,M,4858000.0,-253000.0,22
200800068690,8,12,18,1600,1,1,1,1,1,22339,M,4850300.0,-206400.0,22
200800068691,8,12,24,1600,1,1,1,1,1,22213,M,4851100.0,-199800.0,22
200800068692,8,12,10,845,1,2,1,9,3,22114,M,4825500.0,-229200.0,22
200800068693,8,12,22,1530,1,1,1,1,3,22239,M,4835000.0,-210300.0,22
200800068694,8,12,7,1615,1,1,1,1,1,22237,M,4851000.0,-225000.0,22
200800068695,8,12,5,1515,1,1,1,8,3,22077,M,4853300.0,-242200.0,22
200800068696,8,12,27,1400,1,2,1,7,3,22143,M,4859900.0,-228900.0,22
200800068697,8,12,10,1515,1,2,1,7,6,22070,M,4856600.0,-315100.0,22
200800068698,8,12,19,800,3,1,1,1,3,22225,M,0.0,0.0,22
200800068699,8,12,3,1730,2,1,1,8,2,22119,M,4860700.0,-353900.0,22
200800068700,8,12,30,1445,1,2,1,1,6,22194,M,4866800.0,-363000.0,22
200800068701,8,12,3,2130,3,1,1,2,6,22198,M,4877500.0,-351300.0,22
200800068702,8,12,28,1600,1,1,1,1,2,29247,M,4795000.0,-402600.0,29
200800068703,8,12,6,345,5,2,6,2,6,29037,M,0.0,0.0,29
200800068704,8,12,14,1130,1,2,1,1,5,29158,M,0.0,0.0,29
200800068705,8,12,2,830,2,2,1,1,6,29103,M,4846100.0,-424100.0,29
200800068706,8,12,7,115,3,1,1,1,2,29055,M,4857300.0,-436700.0,29
200800068707,8,12,26,1630,1,1,1,1,1,29124,M,4858900.0,-429400.0,29
200800068708,8,12,12,745,3,1,1,1,1,29149,M,0.0,0.0,29
200800068709,8,12,13,1600,1,1,1,1,1,29149,M,4846000.0,-451000.0,29
200800068710,8,12,27,515,4,2,1,1,6,29221,M,4851000.0,-476000.0,29
200800068711,8,12,30,1700,1,1,1,9,3,29243,M,4818100.0,-408400.0,29
200800068712,8,12,11,2245,5,2,1,1,1,29175,M,0.0,0.0,29
200800068713,8,12,6,1815,3,1,1,1,3,29287,M,4864300.0,-427300.0,29
200800068714,8,12,23,2000,3,1,1,1,1,29259,M,4866100.0,-402500.0,29
200800068715,8,12,19,1215,1,2,1,1,3,29279,M,0.0,0.0,29
200800068716,8,12,15,900,1,1,1,1,1,56022,M,0.0,0.0,56
200800068717,8,12,19,1645,1,1,1,8,3,56157,M,4778100.0,-263600.0,56
200800068718,8,12,29,1430,1,1,1,1,7,56007,M,4766500.0,-301200.0,56
200800068719,8,12,20,615,5,2,1,1,6,56186,M,4747700.0,-310200.0,56
200800068720,8,12,25,630,5,1,6,1,7,56034,M,4763000.0,-306900.0,56
200800068721,8,12,5,2045,3,1,1,9,3,56078,M,0.0,0.0,56
200800068722,8,12,6,1745,5,2,1,1,1,56063,M,0.0,0.0,56
200800068723,8,12,19,1415,1,1,1,7,1,56078,M,4780300.0,-349700.0,56
200800068724,8,12,29,1830,5,2,9,1,6,56078,M,0.0,0.0,56
200800068725,8,12,14,1215,1,1,1,9,5,56161,M,0.0,0.0,56
200800068726,8,12,25,315,3,1,1,1,6,56169,M,0.0,0.0,56
200800068727,8,12,20,1145,1,1,2,1,3,56127,M,4811600.0,-231500.0,56
200800068728,8,12,31,2215,3,1,1,1,6,56075,M,0.0,0.0,56
200800068729,8,12,21,1730,2,1,1,1,7,56180,M,4792900.0,-216800.0,56
200800068730,8,12,8,1245,1,1,9,1,1,56151,M,0.0,0.0,56
200800068731,8,12,21,830,1,1,1,1,6,56110,M,4802000.0,-323000.0,56
200800068732,8,12,29,2015,3,1,1,1,6,56066,M,4814100.0,-365800.0,56
200800068733,8,12,7,1230,1,2,1,7,3,14592,M,4908300.0,-49500.0,14
200800068734,8,12,1,1200,1,1,2,8,4,14005,M,4909800.0,-15800.0,14
200800068735,8,12,2,715,3,1,2,1,1,14145,M,4905900.0,-28400.0,14
200800068736,8,12,23,1100,1,2,2,1,4,14488,M,0.0,0.0,14
200800068737,8,12,15,1800,3,1,1,1,4,14712,M,4918300.0,-20500.0,14
200800068738,8,12,23,800,5,2,2,1,3,14663,M,4927700.0,-68800.0,14
200800068739,8,12,27,830,1,1,6,1,7,14468,M,0.0,0.0,14
200800068740,8,12,7,1230,1,1,1,1,7,14244,M,4890500.0,-17700.0,14
200800068741,8,12,12,1445,1,1,1,7,2,14458,M,4902600.0,-42500.0,14
200800068742,8,12,10,30,4,2,1,2,6,14345,M,4898100.0,-8300.0,14
200800068743,8,12,19,1515,1,1,1,1,5,14270,M,4914800.0,31700.0,14
200800068744,8,12,28,1830,3,1,1,1,6,14371,M,4902700.0,15400.0,14
200800068745,8,12,18,1715,5,2,1,1,6,14754,M,4933700.0,1500.0,14
200800068746,8,12,12,815,2,1,1,8,6,14584,M,4881800.0,-88800.0,14
200800068747,8,12,26,1845,5,2,1,1,6,14762,M,4884200.0,-88000.0,14
200800068748,8,12,26,1415,1,1,1,1,3,14347,M,0.0,0.0,14
200800068749,8,12,8,800,2,1,1,4,1,14027,M,0.0,0.0,14
200800068750,8,12,17,745,5,2,1,1,3,14174,M,4885400.0,-55300.0,14
200800068751,8,12,6,1815,3,1,1,1,1,50292,M,4909500.0,-124100.0,50
200800068752,8,12,31,1930,3,1,1,1,6,50348,M,0.0,0.0,50
200800068753,8,12,30,1445,1,1,1,7,6,50020,M,0.0,0.0,50
200800068754,8,12,17,1745,3,1,1,1,3,50412,M,0.0,0.0,50
200800068755,8,12,31,1945,3,1,2,1,3,50222,M,4951200.0,-174300.0,50
200800068756,8,12,7,1545,1,2,1,7,3,50178,M,4968000.0,-147000.0,50
200800068757,8,12,12,1500,1,2,1,1,6,50615,M,0.0,0.0,50
200800068758,8,12,6,1915,3,1,1,1,1,50622,M,0.0,0.0,50
200800068759,8,12,14,600,5,2,1,1,6,50354,M,0.0,0.0,50
200800068760,8,12,28,1845,3,1,1,1,6,50092,M,0.0,0.0,50
200800068761,8,12,3,1730,5,2,1,1,6,50231,M,0.0,0.0,50
200800068762,8,12,5,1145,1,1,2,1,3,50076,M,0.0,0.0,50
200800068763,8,12,23,1415,1,1,1,1,1,50255,M,0.0,0.0,50
200800068764,8,12,24,800,3,1,1,5,1,50197,M,0.0,0.0,50
200800068765,8,12,21,1500,1,1,1,8,6,50586,M,0.0,0.0,50
200800068766,8,12,12,1245,1,1,1,8,3,50131,M,4871500.0,-101200.0,50
200800068767,8,12,10,1430,1,1,1,1,1,50090,M,0.0,0.0,50
200800068768,8,12,10,1730,2,1,9,2,3,50293,M,0.0,0.0,50
200800068769,8,12,29,1115,1,1,1,1,6,50256,M,0.0,0.0,50
200800068770,8,12,30,745,5,2,1,1,1,50484,M,0.0,0.0,50
200800068771,8,12,31,2115,3,1,1,1,1,50329,M,0.0,0.0,50
200800068772,8,12,17,1130,1,1,1,1,6,61182,M,4846200.0,-6800.0,61
200800068773,8,12,3,1300,1,1,1,8,3,61462,M,0.0,0.0,61
200800068774,8,12,19,1945,3,1,1,1,1,61139,M,0.0,0.0,61