Num_Acc,an,mois,jour,hrmn,lum,agg,int,atm,col,com,gps,lat,long,dep
200800068775,8,12,19,1830,3,2,1,1,3,61314,M,0.0,0.0,61
200800068776,8,12,11,2115,3,1,1,5,1,61387,M,4850000.0,-71500.0,61
200800068777,8,12,17,900,3,1,1,1,1,61025,M,0.0,0.0,61
200800068778,8,12,20,645,3,1,1,2,6,61486,M,0.0,0.0,61
200800068779,8,12,24,1215,1,1,1,5,1,61269,M,4885500.0,-42300.0,61
200800068780,8,12,2,830,2,1,1,1,5,61154,M,0.0,0.0,61
200800068781,8,12,11,1430,1,1,1,5,7,61319,M,0.0,0.0,61
200800068782,8,12,2,715,2,2,1,8,7,61214,M,4877000.0,62400.0,61
200800068783,8,12,18,1815,5,2,1,1,3,61456,M,4876600.0,65000.0,61
200800068784,8,12,3,730,3,1,1,1,7,61147,M,4842500.0,81500.0,61
200800068785,8,12,10,2015,3,1,1,1,7,61345,M,0.0,0.0,61
200800068786,8,12,19,1945,3,1,1,1,2,61116,M,0.0,0.0,61
200800068787,8,12,3,1515,1,2,1,1,1,44223,M,4706400.0,-151400.0,44
200800068788,8,12,3,1815,2,1,3,2,3,44223,M,4706200.0,-150000.0,44
200800068789,8,12,13,300,3,1,1,1,7,44198,M,0.0,0.0,44
200800068790,8,12,23,2145,5,1,1,1,3,44071,M,4718900.0,-143300.0,44
200800068791,8,12,21,545,3,1,1,1,6,44096,M,0.0,0.0,44
200800068792,8,12,3,945,1,2,1,7,6,44117,M,4714200.0,-133400.0,44
200800068793,8,12,15,1830,5,2,1,1,1,44212,M,4716200.0,-126700.0,44
200800068794,8,12,23,1700,1,1,1,1,3,44212,M,4720000.0,-124900.0,44
200800068795,8,12,18,845,3,1,1,5,5,44169,M,0.0,0.0,44
200800068796,8,12,28,2200,4,2,1,1,6,44077,M,4752200.0,-147200.0,44
200800068797,8,12,7,1030,1,1,4,7,6,44121,M,4762500.0,-126600.0,44
200800068798,8,12,6,2200,5,2,6,1,6,44036,M,4772300.0,-137300.0,44
200800068799,8,12,13,600,5,2,9,2,6,44128,M,4754700.0,-188600.0,44
200800068800,8,12,5,45,3,1,1,1,6,44205,M,0.0,0.0,44
200800068801,8,12,6,1745,5,2,1,1,6,44179,M,4737100.0,-140700.0,44
200800068802,8,12,13,1500,1,1,1,1,1,44131,M,4712900.0,-209900.0,44
200800068803,8,12,22,745,3,1,1,1,3,44157,M,4694600.0,-173000.0,44
200800068804,8,12,2,915,2,1,1,1,1,44211,M,0.0,0.0,44
200800068805,8,12,10,700,3,1,1,9,1,44072,M,0.0,0.0,44
200800068806,8,12,19,1800,5,2,1,2,6,44006,M,0.0,0.0,44
200800068807,8,12,20,1600,1,1,1,1,7,44069,M,0.0,0.0,44
200800068808,8,12,27,1445,1,2,1,1,3,44151,M,0.0,0.0,44
200800068809,8,12,27,1645,1,2,1,1,3,44010,M,0.0,0.0,44
200800068810,8,12,31,2345,3,1,1,1,7,44129,M,0.0,0.0,44
200800068811,8,12,17,1230,1,1,9,1,1,44033,M,4736200.0,-197500.0,44
200800068812,8,12,19,1015,1,1,1,8,7,49278,M,0.0,0.0,49
200800068813,8,12,8,1830,3,1,1,1,7,49201,M,4741700.0,-25600.0,49
200800068814,8,12,17,1700,1,1,1,1,1,49194,M,4747000.0,-29400.0,49
200800068815,8,12,26,1745,2,1,1,1,3,49194,M,4746200.0,-28300.0,49
200800068816,8,12,3,730,5,2,1,1,1,49120,M,4738300.0,-60700.0,49
200800068817,8,12,6,1715,2,1,1,1,6,49238,M,4753500.0,-45300.0,49
200800068818,8,12,1,930,1,2,1,1,6,49068,M,0.0,0.0,49
200800068819,8,12,21,15,3,1,1,1,6,49063,M,0.0,0.0,49
200800068820,8,12,18,730,3,1,1,5,7,49023,M,4721200.0,-96400.0,49
200800068821,8,12,12,1845,2,2,6,1,6,49301,M,0.0,0.0,49
200800068822,8,12,18,745,5,2,1,9,6,49177,M,4734800.0,-115600.0,49
200800068823,8,12,1,845,1,1,1,1,7,49245,M,0.0,0.0,49
200800068824,8,12,14,445,3,1,1,5,7,49128,M,4755600.0,-17400.0,49
200800068825,8,12,18,1700,1,1,1,2,4,49215,M,4715000.0,-15200.0,49
200800068826,8,12,5,1530,1,1,1,1,7,49178,M,0.0,0.0,49
200800068827,8,12,11,1830,3,2,1,1,3,49036,M,0.0,0.0,49
200800068828,8,12,26,2100,3,1,1,1,1,49088,M,4776400.0,-112700.0,49
200800068829,8,12,19,2045,3,1,1,1,1,49080,M,0.0,0.0,49
200800068830,8,12,26,1745,2,1,1,1,1,49090,M,0.0,0.0,49
200800068831,8,12,14,1900,3,1,1,1,6,53119,M,0.0,0.0,53
200800068832,8,12,3,1800,3,1,1,1,3,53267,M,4804200.0,-47100.0,53
200800068833,8,12,30,1400,1,2,1,1,6,53231,M,0.0,0.0,53
200800068834,8,12,4,1115,1,1,1,1,1,53053,M,4830800.0,-36500.0,53
200800068835,8,12,3,1830,3,1,2,1,3,53113,M,4828400.0,-44400.0,53
200800068836,8,12,4,1330,1,1,1,1,7,53122,M,4823800.0,-48000.0,53
200800068837,8,12,19,1345,1,2,1,1,1,53219,M,4831800.0,-68900.0,53
200800068838,8,12,5,1800,3,1,1,8,1,53154,M,0.0,0.0,53
200800068839,8,12,18,1415,1,1,1,1,2,53042,M,0.0,0.0,53
200800068840,8,12,3,2030,3,1,1,8,1,72125,M,4795000.0,65700.0,72
200800068841,8,12,6,1815,5,2,1,1,5,72373,M,0.0,0.0,72
200800068842,8,12,7,1915,3,1,1,1,1,72204,M,4793900.0,69700.0,72
200800068843,8,12,6,1500,1,1,1,1,3,72300,M,0.0,0.0,72
200800068844,8,12,21,1945,2,1,1,1,3,72007,M,4800300.0,42900.0,72
200800068845,8,12,2,1200,1,1,1,1,1,72107,M,0.0,0.0,72
200800068846,8,12,12,845,1,2,1,9,6,72253,M,4790100.0,6800.0,72
200800068847,8,12,15,1715,2,1,1,1,6,72113,M,4804100.0,7300.0,72
200800068848,8,12,25,1500,1,1,1,1,6,72149,M,4800500.0,-16800.0,72
200800068849,8,12,16,1445,1,1,2,1,3,72059,M,0.0,0.0,72
200800068850,8,12,30,1145,1,1,1,1,3,72051,M,4781900.0,7200.0,72
200800068851,8,12,30,1145,3,1,1,1,6,72364,M,0.0,0.0,72
200800068852,8,12,13,100,3,1,1,1,6,72343,M,4783600.0,-37400.0,72
200800068853,8,12,5,300,3,1,1,1,3,72020,M,4823800.0,68700.0,72
200800068854,8,12,21,1715,3,1,1,1,6,72363,M,0.0,0.0,72
200800068855,8,12,11,815,3,1,1,9,1,72318,M,4840900.0,19700.0,72
200800068856,8,12,16,1245,1,1,1,1,6,85065,M,0.0,0.0,85
200800068857,8,12,2,2145,3,1,1,3,3,85295,M,0.0,0.0,85
200800068858,8,12,7,2145,3,1,1,1,1,85217,M,0.0,0.0,85
200800068859,8,12,19,1745,5,2,1,1,7,85039,M,0.0,0.0,85
200800068860,8,12,11,615,3,1,1,1,1,85293,M,4701800.0,-112000.0,85
200800068861,8,12,11,1615,1,1,1,8,7,85208,M,4681700.0,-136400.0,85
200800068862,8,12,3,1400,1,1,1,9,6,85092,M,4645000.0,-83000.0,85
200800068863,8,12,27,1600,1,2,1,1,2,85092,M,0.0,0.0,85
200800068864,8,12,9,1700,1,2,1,1,6,85128,M,4645700.0,-116800.0,85
200800068865,8,12,27,1830,3,1,1,1,5,85297,M,4638100.0,-120200.0,85
200800068866,8,12,29,1415,1,2,1,1,1,85304,M,4639300.0,-96500.0,85
200800068867,8,12,19,1830,1,2,1,1,3,85047,M,4685000.0,-188700.0,85
200800068868,8,12,20,115,3,1,1,5,6,85130,M,4676200.0,-170000.0,85
200800068869,8,12,8,1815,3,1,1,1,1,85226,M,0.0,0.0,85
200800068870,8,12,20,815,3,1,1,1,7,85070,M,4669800.0,-174000.0,85
200800068871,8,12,14,1045,1,1,1,1,6,85172,M,4681300.0,-201700.0,85
200800068872,8,12,3,1300,1,1,1,1,6,85277,M,0.0,0.0,85
200800068873,8,12,3,830,5,2,1,3,6,33162,M,0.0,0.0,33
200800068874,8,12,2,1345,1,2,6,1,6,33449,M,0.0,0.0,33
200800068875,8,12,19,1630,1,2,1,8,2,33449,M,0.0,0.0,33
200800068876,8,12,28,100,5,2,1,1,6,33449,M,0.0,0.0,33
200800068877,8,12,6,1145,1,1,1,1,3,33405,M,4517200.0,-65400.0,33
200800068878,8,12,26,715,4,1,1,9,6,33458,M,4514500.0,-58800.0,33
200800068879,8,12,13,1830,5,1,1,1,6,33159,M,0.0,0.0,33
200800068880,8,12,20,545,3,1,1,2,6,33492,M,4514700.0,-38300.0,33
200800068881,8,12,21,1800,2,2,1,1,3,33434,M,4495800.0,-51400.0,33
200800068882,8,12,30,1830,3,1,1,1,1,33323,M,4457400.0,-21100.0,33
200800068883,8,12,10,800,5,1,1,1,5,33023,M,0.0,0.0,33
200800068884,8,12,10,1530,1,1,1,1,2,33505,M,4476400.0,-31600.0,33
200800068885,8,12,16,745,3,2,1,1,1,33496,M,0.0,0.0,33
200800068886,8,12,18,1745,5,2,1,1,3,33013,M,0.0,0.0,33
200800068887,8,12,5,715,3,1,1,2,3,33077,M,0.0,0.0,33
200800068888,8,12,31,1815,3,1,1,1,5,33357,M,4451600.0,-26800.0,33
200800068889,8,12,22,815,2,2,1,1,3,33227,M,4455700.0,-25900.0,33
200800068890,8,12,25,430,3,1,1,5,6,33106,M,4456700.0,-15800.0,33
200800068891,8,12,14,1000,1,1,1,1,7,33294,M,0.0,0.0,33
200800068892,8,12,26,2015,3,1,1,9,6,33352,M,0.0,0.0,33
200800068893,8,12,21,700,3,1,1,5,6,33429,M,0.0,0.0,33
200800068894,8,12,4,1915,3,1,2,1,3,33163,M,4475400.0,-23800.0,33
200800068895,8,12,12,1915,3,1,1,1,6,33506,M,4471500.0,-5400.0,33
200800068896,8,12,18,1830,3,1,1,1,5,33482,M,0.0,0.0,33
200800068897,8,12,20,145,3,1,1,5,1,33399,M,0.0,0.0,33
200800068898,8,12,15,845,2,1,1,5,6,33146,M,4510500.0,-72600.0,33
200800068899,8,12,19,900,1,1,1,8,5,33091,M,4503600.0,-65900.0,33
200800068900,8,12,7,2130,4,1,1,1,2,33015,M,0.0,0.0,33
200800068901,8,12,30,1515,1,1,1,1,6,33539,M,0.0,0.0,33
200800068902,8,12,3,1530,1,1,1,1,1,33185,M,4485500.0,-25400.0,33
200800068903,8,12,6,1900,1,2,1,1,6,33138,M,0.0,0.0,33
200800068904,8,12,4,730,3,1,1,3,1,33133,M,4479400.0,4400.0,33
200800068905,8,12,10,1500,1,2,1,1,1,33447,M,4501900.0,-5300.0,33
200800068906,8,12,12,1715,2,2,1,1,7,33447,M,0.0,0.0,33
200800068907,8,12,2,1930,3,1,1,1,6,24026,M,0.0,0.0,24
200800068908,8,12,17,1930,3,1,1,5,6,24002,M,0.0,0.0,24
200800068909,8,12,7,1530,1,1,1,1,7,24108,M,0.0,0.0,24
200800068910,8,12,8,1030,1,1,1,8,1,24139,M,0.0,0.0,24
200800068911,8,12,1,1745,2,1,1,1,3,24527,M,4536100.0,95500.0,24
200800068912,8,12,29,1900,3,1,1,1,6,24240,M,4488500.0,89300.0,24
200800068913,8,12,27,145,3,1,1,9,6,24294,M,0.0,0.0,24
200800068914,8,12,22,1300,1,2,1,1,6,24520,M,4489200.0,121600.0,24
200800068915,8,12,18,1345,1,1,1,8,1,24324,M,4515200.0,117300.0,24
200800068916,8,12,26,1430,1,1,1,1,6,24364,M,0.0,0.0,24
200800068917,8,12,29,1230,1,1,1,3,2,24229,M,4513900.0,121000.0,24
200800068918,8,12,1,2330,3,1,1,2,6,40243,M,0.0,0.0,40
200800068919,8,12,23,2130,3,1,1,5,6,40071,M,0.0,0.0,40
200800068920,8,12,24,2030,3,1,6,5,6,40261,M,0.0,0.0,40
200800068921,8,12,11,1815,5,2,1,1,6,40312,M,4354200.0,-146000.0,40
200800068922,8,12,16,1800,5,2,1,1,1,40312,M,4355000.0,-146000.0,40
200800068923,8,12,23,2145,5,2,1,5,2,40209,M,4356500.0,-144800.0,40
200800068924,8,12,26,1545,1,1,1,4,7,40200,M,0.0,0.0,40
200800068925,8,12,21,1000,1,1,1,1,7,40188,M,0.0,0.0,40
200800068926,8,12,29,945,1,1,1,1,5,40080,M,0.0,0.0,40
200800068927,8,12,26,1345,1,1,1,4,5,47137,M,0.0,0.0,47
200800068928,8,12,23,915,1,1,1,7,2,47137,M,0.0,0.0,47
200800068929,8,12,16,1200,1,1,2,1,3,47227,M,4437000.0,5200.0,47
200800068930,8,12,21,1600,1,2,1,7,2,47165,M,0.0,0.0,47
200800068931,8,12,1,1745,3,2,1,1,1,47310,M,4439700.0,30600.0,47
200800068932,8,12,2,2030,3,1,1,1,2,47298,M,0.0,0.0,47
200800068933,8,12,14,1715,1,2,1,1,3,47310,M,4439700.0,30600.0,47
200800068934,8,12,24,1945,3,1,1,5,6,47175,M,0.0,0.0,47
200800068935,8,12,4,1100,1,2,4,2,1,47106,M,0.0,0.0,47
200800068936,8,12,5,2230,5,1,1,2,6,47106,M,0.0,0.0,47
200800068937,8,12,22,1500,1,2,1,1,2,47185,M,0.0,0.0,47
200800068938,8,12,26,1645,1,1,1,1,3,47173,M,4443000.0,49000.0,47
200800068939,8,12,30,1615,1,2,1,1,1,64230,M,4322000.0,-38000.0,64
200800068940,8,12,26,1015,1,1,1,1,1,64067,M,4326500.0,-27200.0,64
200800068941,8,12,11,800,2,1,1,1,1,64256,M,4339300.0,-129300.0,64
200800068942,8,12,1,1745,5,1,1,3,6,64495,M,0.0,0.0,64
200800068943,8,12,5,2145,3,1,1,3,6,64495,M,0.0,0.0,64
200800068944,8,12,30,1330,1,1,1,1,1,64035,M,4343300.0,-154600.0,64
200800068945,8,12,6,1445,1,1,1,2,1,64275,M,4317200.0,-122000.0,64
200800068946,8,12,3,245,3,1,1,1,6,64209,M,4317700.0,-54200.0,64
200800068947,8,12,27,1600,1,1,6,1,1,64422,M,4319500.0,-61800.0,64
200800068948,8,12,21,1600,1,1,1,1,2,86100,M,0.0,0.0,86
200800068949,8,12,28,1330,1,1,1,1,6,86163,M,4664900.0,49800.0,86
200800068950,8,12,21,1800,3,1,1,1,2,86039,M,0.0,0.0,86
200800068951,8,12,24,230,3,1,1,1,7,86147,M,0.0,0.0,86
200800068952,8,12,6,2100,3,1,1,1,2,86002,M,4675900.0,16700.0,86
200800068953,8,12,31,1800,5,1,1,1,1,86111,M,0.0,0.0,86
200800068954,8,12,31,1915,3,1,1,1,6,86130,M,0.0,0.0,86
200800068955,8,12,16,1745,3,1,1,1,3,86250,M,4714700.0,500.0,86
200800068956,8,12,20,2015,3,1,1,8,7,86227,M,0.0,0.0,86
200800068957,8,12,19,2230,3,1,1,1,6,86298,M,4672600.0,52100.0,86
200800068958,8,12,22,845,2,1,1,7,3,86191,M,4647700.0,79600.0,86
200800068959,8,12,17,1800,5,2,1,1,6,86070,M,0.0,0.0,86
200800068960,8,12,14,830,1,1,1,4,1,86077,M,0.0,0.0,86
200800068961,8,12,8,1215,1,1,1,1,2,16304,M,0.0,0.0,16
200800068962,8,12,9,1245,1,1,1,5,1,16405,M,0.0,0.0,16
200800068963,8,12,20,1830,3,1,1,1,6,16251,M,4533000.0,-11000.0,16
200800068964,8,12,16,2000,3,1,9,1,7,16065,M,0.0,0.0,16
200800068965,8,12,29,730,3,1,1,1,6,16044,M,4602300.0,27700.0,16
200800068966,8,12,25,1200,1,1,2,1,3,16163,M,4567600.0,700.0,16
200800068967,8,12,24,1530,1,2,1,1,1,16295,M,0.0,0.0,16
200800068968,8,12,7,1645,1,1,1,1,7,16223,M,0.0,0.0,16
200800068969,8,12,22,1845,3,1,8,1,6,16379,M,0.0,0.0,16
200800068970,8,12,13,1400,1,1,1,3,7,16144,M,4589200.0,5400.0,16
200800068971,8,12,29,730,3,1,1,1,7,17218,M,4629200.0,-94600.0,17
200800068972,8,12,10,930,1,1,1,1,1,17121,M,4619500.0,-141300.0,17
200800068973,8,12,15,415,3,1,1,1,6,17051,M,0.0,0.0,17
200800068974,8,12,19,1830,3,1,1,2,5,17339,M,0.0,0.0,17
200800068975,8,12,20,315,3,2,1,1,6,17197,M,0.0,0.0,17
200800068976,8,12,8,1545,1,1,1,7,7,17328,M,0.0,0.0,17
200800068977,8,12,17,1815,3,1,1,1,7,17052,M,0.0,0.0,17
200800068978,8,12,18,1815,3,1,1,2,5,17236,M,0.0,0.0,17
200800068979,8,12,15,1815,3,1,3,1,1,17240,M,4530100.0,-41200.0,17
200800068980,8,12,2,1715,1,1,1,2,3,17140,M,0.0,0.0,17
200800068981,8,12,27,1745,2,1,1,1,1,17385,M,4593800.0,-131300.0,17
200800068982,8,12,30,715,3,1,1,5,1,17353,M,0.0,0.0,17
200800068983,8,12,3,1200,1,1,1,1,6,17080,M,0.0,0.0,17
200800068984,8,12,5,2045,3,1,1,2,6,17434,M,0.0,0.0,17
200800068985,8,12,4,715,4,1,1,2,3,17003,M,0.0,0.0,17
200800068986,8,12,14,2115,5,2,1,1,6,17107,M,0.0,0.0,17
200800068987,8,12,22,1315,1,1,2,1,3,17293,M,0.0,0.0,17
200800068988,8,12,14,1945,3,1,1,1,3,17415,M,0.0,0.0,17
200800068989,8,12,11,1815,3,1,1,1,2,17039,M,0.0,0.0,17
200800068990,8,12,15,1715,1,1,1,1,3,17027,M,0.0,0.0,17
200800068991,8,12,3,1830,3,1,1,1,7,17421,M,4569900.0,-95900.0,17
200800068992,8,12,12,1700,1,1,1,1,6,17347,M,0.0,0.0,17
200800068993,8,12,9,1815,5,2,1,1,6,17211,M,4605400.0,-51000.0,17
200800068994,8,12,30,1600,1,1,1,5,6,17261,M,4581400.0,-14400.0,17
200800068995,8,12,23,1330,1,2,1,1,7,79298,M,0.0,0.0,79
200800068996,8,12,26,1815,3,1,1,1,7,79130,M,0.0,0.0,79
200800068997,8,12,2,1045,1,1,1,1,1,79049,M,4686300.0,-43400.0,79
200800068998,8,12,14,1815,5,2,1,1,6,79088,M,0.0,0.0,79
200800068999,8,12,30,2345,3,1,1,1,6,79116,M,4683900.0,-27100.0,79
200800069000,8,12,3,1315,1,1,1,2,7,79292,M,0.0,0.0,79
200800069001,8,12,3,1800,3,1,1,2,2,79250,M,0.0,0.0,79
200800069002,8,12,1,1615,1,2,1,1,1,79275,M,0.0,0.0,79
200800069003,8,12,12,2300,5,2,1,1,6,79148,M,4626700.0,-1200.0,79
200800069004,8,12,22,1930,5,2,1,1,5,79202,M,0.0,0.0,79
200800069005,8,12,14,1215,1,1,1,5,2,79120,M,4666000.0,-6000.0,79
200800069006,8,12,22,1500,1,2,1,1,1,87001,M,4580000.0,113200.0,87
200800069007,8,12,23,1530,1,1,1,7,1,87161,M,4586600.0,151800.0,87
200800069008,8,12,4,1830,3,1,1,3,1,87012,M,4606200.0,112100.0,87
200800069009,8,12,29,2130,3,1,1,2,7,87126,M,0.0,0.0,87
200800069010,8,12,29,1500,1,2,7,1,1,87154,M,4589800.0,91100.0,87
200800069011,8,12,12,1815,3,1,1,1,5,19038,M,4524400.0,173500.0,19
200800069012,8,12,2,1115,1,1,1,9,6,19004,M,0.0,0.0,19
200800069013,8,12,28,330,3,1,1,9,6,19215,M,4466000.0,212500.0,19
200800069014,8,12,31,1615,1,2,1,1,3,19192,M,4521500.0,148300.0,19
200800069015,8,12,2,1630,2,1,1,4,1,19249,M,4545600.0,196800.0,19
200800069016,8,12,5,1415,1,1,1,3,1,19255,M,4537900.0,172300.0,19
200800069017,8,12,21,1430,1,1,1,1,6,19104,M,4555200.0,158200.0,19
200800069018,8,12,13,1745,5,2,6,3,6,19123,M,4516900.0,156200.0,19
200800069019,8,12,15,1015,1,1,1,1,7,19124,M,4514700.0,134400.0,19
200800069020,8,12,24,830,1,1,1,1,6,19019,M,4497700.0,184200.0,19
200800069021,8,12,20,1515,1,2,1,1,6,19278,M,4519800.0,145300.0,19
200800069022,8,12,18,1445,1,1,2,5,3,19243,M,4538900.0,136800.0,19
200800069023,8,12,23,800,1,1,1,1,6,23109,M,4638500.0,187200.0,23
200800069024,8,12,4,1745,3,1,1,3,1,23009,M,0.0,0.0,23
200800069025,8,12,19,1615,1,1,1,1,7,23164,M,4609200.0,249800.0,23
200800069026,8,12,25,1800,5,1,1,1,4,31202,M,0.0,0.0,31
200800069027,8,12,1,1730,3,1,1,1,6,31232,M,4374900.0,126600.0,31
200800069028,8,12,3,1015,1,1,1,1,6,31160,M,0.0,0.0,31
200800069029,8,12,4,1645,1,1,1,8,1,31341,M,0.0,0.0,31
200800069030,8,12,4,2015,5,1,6,2,1,31403,M,0.0,0.0,31
200800069031,8,12,25,230,3,1,1,5,5,31341,M,0.0,0.0,31
200800069032,8,12,20,30,5,1,1,1,1,31424,M,4360100.0,129100.0,31
200800069033,8,12,11,830,1,2,1,1,3,31293,M,4370500.0,137900.0,31
200800069034,8,12,19,745,2,1,1,8,6,31273,M,0.0,0.0,31
200800069035,8,12,18,715,2,2,1,2,6,31488,M,0.0,0.0,31
200800069036,8,12,24,1900,5,1,1,5,5,31117,M,0.0,0.0,31
200800069037,8,12,23,900,1,1,1,9,1,31206,M,0.0,0.0,31
200800069038,8,12,20,515,3,1,1,1,6,31474,M,4320200.0,110300.0,31
200800069039,8,12,16,1545,1,2,1,8,6,31021,M,4307400.0,71300.0,31
200800069040,8,12,8,730,1,1,1,1,6,31443,M,4338300.0,75700.0,31
200800069041,8,12,30,1515,1,1,1,7,2,31170,M,0.0,0.0,31
200800069042,8,12,3,1315,1,1,1,2,6,31582,M,4343100.0,161900.0,31
200800069043,8,12,23,1315,1,2,1,1,6,09160,M,0.0,0.0,09
200800069044,8,12,1,1215,1,2,1,1,6,09306,M,0.0,0.0,09
200800069045,8,12,9,1900,3,1,1,1,1,09306,M,0.0,0.0,09
200800069046,8,12,3,1000,2,2,1,1,1,09173,M,0.0,0.0,09
200800069047,8,12,13,1115,1,1,1,1,3,09199,M,0.0,0.0,09
200800069048,8,12,23,630,3,1,1,1,7,09149,M,0.0,0.0,09
200800069049,8,12,13,1115,1,1,1,1,1,12157,M,4439500.0,269200.0,12
200800069050,8,12,8,1545,1,1,1,1,1,12110,M,0.0,0.0,12
200800069051,8,12,5,1400,1,2,1,8,6,12208,M,4396000.0,288000.0,12
200800069052,8,12,16,800,2,1,1,1,1,12301,M,0.0,0.0,12
200800069053,8,12,8,1845,3,1,1,1,5,32060,M,4357100.0,61100.0,32
200800069054,8,12,12,2345,3,1,1,8,3,32331,M,4372900.0,62400.0,32
200800069055,8,12,31,2030,3,1,1,1,1,32307,M,4357200.0,52900.0,32
200800069056,8,12,16,745,3,1,1,2,1,32388,M,4369000.0,88000.0,32
200800069057,8,12,19,1415,1,1,1,8,1,32335,M,4375000.0,72000.0,32
200800069058,8,12,19,815,1,1,1,8,7,32160,M,4363500.0,106700.0,32
200800069059,8,12,1,1600,1,1,1,2,7,32459,M,4386200.0,40600.0,32
200800069060,8,12,7,1415,1,1,1,1,6,32212,M,4405200.0,45500.0,32
200800069061,8,12,7,1700,1,1,1,7,6,32107,M,4392700.0,34600.0,32
200800069062,8,12,7,1730,3,1,1,1,7,32239,M,0.0,0.0,32
200800069063,8,12,21,1000,1,1,1,5,1,32459,M,0.0,0.0,32
200800069064,8,12,8,1800,3,2,1,1,1,32119,M,4376000.0,-3800.0,32
200800069065,8,12,20,1645,3,1,1,1,6,32096,M,4392600.0,-3500.0,32
200800069066,8,12,21,130,3,1,1,1,7,32208,M,4394000.0,65200.0,32
200800069067,8,12,28,1830,3,1,1,1,1,32254,M,4354900.0,47000.0,32
200800069068,8,12,6,745,1,1,1,8,3,32233,M,0.0,0.0,32
200800069069,8,12,23,2300,3,1,1,1,6,32285,M,0.0,0.0,32
200800069070,8,12,15,1645,5,2,6,1,6,46148,M,0.0,0.0,46
200800069071,8,12,28,2000,5,2,1,1,3,46324,M,0.0,0.0,46
200800069072,8,12,2,930,1,1,1,8,6,65177,M,0.0,0.0,65
200800069073,8,12,16,1130,1,1,1,1,6,65452,M,0.0,0.0,65
200800069074,8,12,26,1730,3,2,1,1,6,65452,M,4333000.0,36500.0,65
200800069075,8,12,20,1730,2,2,1,8,6,65332,M,0.0,0.0,65
200800069076,8,12,22,845,1,2,7,1,6,65447,M,0.0,0.0,65
200800069077,8,12,20,1200,1,2,1,1,3,65262,M,4345000.0,1900.0,65
200800069078,8,12,21,2115,3,1,1,1,1,65123,M,0.0,0.0,65
200800069079,8,12,4,1000,1,2,1,1,6,65389,M,0.0,0.0,65
200800069080,8,12,7,915,3,2,1,1,6,65127,M,4310900.0,33200.0,65
200800069081,8,12,15,830,1,1,9,4,6,65050,M,4284700.0,41000.0,65
200800069082,8,12,16,900,1,1,1,1,6,65031,M,0.0,0.0,65
200800069083,8,12,14,845,1,1,1,4,3,81013,M,0.0,0.0,81
200800069084,8,12,16,2030,2,1,1,1,3,81186,M,0.0,0.0,81
200800069085,8,12,24,330,3,1,1,5,6,81140,M,4367700.0,173300.0,81
200800069086,8,12,23,1400,1,1,1,1,3,81252,M,0.0,0.0,81
200800069087,8,12,30,1800,3,1,1,8,3,81294,M,4384100.0,193900.0,81
200800069088,8,12,7,1445,1,1,1,1,7,81217,M,4400000.0,170000.0,81
200800069089,8,12,1,2015,3,1,1,1,2,81202,M,0.0,0.0,81
200800069090,8,12,7,630,3,1,1,1,6,81202,M,0.0,0.0,81
200800069091,8,12,7,1215,1,1,1,1,6,81145,M,0.0,0.0,81
200800069092,8,12,12,2130,5,2,1,1,6,81070,M,0.0,0.0,81
200800069093,8,12,6,2115,3,1,1,1,1,81002,M,4352100.0,231200.0,81
200800069094,8,12,20,1745,5,1,1,1,3,81036,M,4349800.0,243700.0,81
200800069095,8,12,27,215,3,1,1,9,6,81307,M,0.0,0.0,81
200800069096,8,12,3,845,1,1,1,2,7,81050,M,4358400.0,183700.0,81
200800069097,8,12,15,100,3,1,1,3,6,81200,M,4351300.0,201100.0,81
200800069098,8,12,16,2015,5,1,1,2,1,81100,M,4348900.0,201300.0,81
200800069099,8,12,14,1100,1,1,1,2,6,82148,M,0.0,0.0,82
200800069100,8,12,7,1730,2,1,1,1,1,82134,M,4407100.0,149500.0,82
200800069101,8,12,7,2130,5,1,1,1,3,82075,M,0.0,0.0,82
200800069102,8,12,17,1730,5,2,1,3,6,82114,M,0.0,0.0,82
200800069103,8,12,19,1815,3,1,1,8,7,82024,M,4420200.0,96800.0,82
200800069104,8,12,3,745,2,2,1,2,6,82112,M,0.0,0.0,82
200800069105,8,12,1,2245,3,1,1,8,6,82085,M,4398600.0,129400.0,82
200800069106,8,12,19,1915,3,1,9,1,5,82073,M,4410700.0,91000.0,82
200800069107,8,12,21,1230,1,1,1,1,6,82089,M,0.0,0.0,82
200800069108,8,12,22,745,2,2,6,1,3,69285,M,0.0,0.0,69
200800069109,8,12,1,1815,5,2,1,1,3,69040,M,0.0,0.0,69
200800069110,8,12,19,830,1,2,1,2,6,69286,M,4581000.0,488600.0,69
200800069111,8,12,17,1245,1,2,1,8,7,69299,M,4571500.0,510500.0,69
200800069112,8,12,19,1900,5,2,2,8,3,69288,M,4567900.0,503800.0,69
200800069113,8,12,8,1100,1,1,1,1,5,69032,M,0.0,0.0,69
200800069114,8,12,16,730,3,1,1,2,6,69112,M,0.0,0.0,69
200800069115,8,12,13,1000,1,1,1,5,1,69030,M,0.0,0.0,69