Num_Acc,an,mois,jour,hrmn,lum,agg,int,atm,col,com,gps,lat,long,dep
200800069116,8,12,20,1600,1,1,1,9,1,69227,M,0.0,0.0,69
200800069117,8,12,4,1430,1,2,1,3,5,69028,M,0.0,0.0,69
200800069118,8,12,15,1600,1,2,3,1,3,69291,M,0.0,0.0,69
200800069119,8,12,2,1815,3,1,1,1,6,69141,M,0.0,0.0,69
200800069120,8,12,23,1745,5,2,1,1,4,69121,M,4586000.0,469300.0,69
200800069121,8,12,4,830,5,2,1,3,1,69019,M,4611100.0,474000.0,69
200800069122,8,12,9,1930,3,1,1,3,1,69065,M,0.0,0.0,69
200800069123,8,12,12,1915,5,2,1,1,3,69019,M,4610800.0,473900.0,69
200800069124,8,12,12,1100,1,1,1,1,6,69101,M,4597400.0,464000.0,69
200800069125,8,12,15,1645,5,2,1,1,6,69147,M,0.0,0.0,69
200800069126,8,12,5,1345,1,1,1,1,5,01264,M,0.0,0.0,01
200800069127,8,12,9,1900,3,1,1,3,7,01184,M,0.0,0.0,01
200800069128,8,12,21,1700,1,1,1,1,1,01145,M,0.0,0.0,01
200800069129,8,12,13,2230,3,1,1,1,7,01098,M,0.0,0.0,01
200800069130,8,12,11,1800,5,2,1,1,6,01022,M,0.0,0.0,01
200800069131,8,12,17,1030,1,1,1,1,3,01116,M,0.0,0.0,01
200800069132,8,12,8,1330,1,2,1,1,6,01148,M,0.0,0.0,01
200800069133,8,12,5,1945,5,2,1,3,6,01354,M,0.0,0.0,01
200800069134,8,12,23,1830,3,1,1,1,3,01209,M,0.0,0.0,01
200800069135,8,12,1,1830,3,1,1,2,6,01383,M,0.0,0.0,01
200800069136,8,12,5,600,3,1,1,2,1,01383,M,0.0,0.0,01
200800069137,8,12,8,1730,1,1,1,5,6,01335,M,4611100.0,507500.0,01
200800069138,8,12,3,2145,3,1,1,2,1,01368,M,0.0,0.0,01
200800069139,8,12,13,930,3,1,1,1,1,01272,M,0.0,0.0,01
200800069140,8,12,26,930,1,2,1,1,6,01244,M,0.0,0.0,01
200800069141,8,12,25,800,2,2,1,8,6,01275,M,0.0,0.0,01
200800069142,8,12,31,1030,1,1,1,1,6,01333,M,0.0,0.0,01
200800069143,8,12,9,345,5,2,1,1,6,01030,M,4601200.0,475300.0,01
200800069144,8,12,15,1830,3,1,1,1,1,07110,M,4447700.0,423900.0,07
200800069145,8,12,25,330,5,2,1,1,6,07322,M,4467700.0,421400.0,07
200800069146,8,12,29,1800,3,1,1,8,6,07183,M,0.0,0.0,07
200800069147,8,12,9,1245,1,1,1,2,7,07211,M,4451000.0,438000.0,07
200800069148,8,12,3,1845,5,2,1,1,3,07324,M,4506000.0,483000.0,07
200800069149,8,12,3,745,2,1,1,1,3,26064,M,0.0,0.0,26
200800069150,8,12,4,745,2,1,1,9,1,26108,M,0.0,0.0,26
200800069151,8,12,9,815,2,1,1,1,1,26115,M,0.0,0.0,26
200800069152,8,12,21,1600,1,2,1,1,3,26183,M,0.0,0.0,26
200800069153,8,12,26,1100,1,1,1,1,1,26115,M,0.0,0.0,26
200800069154,8,12,8,530,3,1,1,1,3,26124,M,0.0,0.0,26
200800069155,8,12,11,1115,1,2,1,1,7,26165,M,0.0,0.0,26
200800069156,8,12,24,1800,3,1,1,1,1,26124,M,4484600.0,486800.0,26
200800069157,8,12,31,745,2,1,1,2,7,26006,M,0.0,0.0,26
200800069158,8,12,8,1330,1,2,1,1,3,26113,M,4476400.0,536300.0,26
200800069159,8,12,12,1315,1,2,1,1,3,26324,M,4435000.0,476400.0,26
200800069160,8,12,21,2100,3,1,1,1,6,26182,M,0.0,0.0,26
200800069161,8,12,23,945,1,2,1,7,6,26182,M,0.0,0.0,26
200800069162,8,12,31,1345,1,1,1,2,1,26320,M,4507000.0,523500.0,26
200800069163,8,12,21,1230,1,1,1,1,1,26002,M,4526200.0,483900.0,26
200800069164,8,12,22,1045,2,1,1,1,3,26247,M,4516300.0,483500.0,26
200800069165,8,12,22,1815,3,1,1,1,1,26160,M,4522800.0,481800.0,26
200800069166,8,12,26,1500,1,1,1,1,6,26347,M,4508200.0,483200.0,26
200800069167,8,12,5,1430,1,2,1,8,3,38547,M,4525100.0,589600.0,38
200800069168,8,12,21,1830,3,1,1,1,4,38175,M,0.0,0.0,38
200800069169,8,12,26,1345,1,1,1,1,1,38120,M,4524300.0,589500.0,38
200800069170,8,12,6,900,1,2,1,2,1,38158,M,4515900.0,575000.0,38
200800069171,8,12,2,1330,1,2,1,1,1,38317,M,0.0,0.0,38
200800069172,8,12,3,1130,1,1,1,1,2,38314,M,0.0,0.0,38
200800069173,8,12,25,1100,1,2,1,8,3,38474,M,0.0,0.0,38
200800069174,8,12,20,1830,5,2,1,1,6,38474,M,0.0,0.0,38
200800069175,8,12,15,1700,2,2,1,1,3,38181,M,0.0,0.0,38
200800069176,8,12,12,2215,5,1,6,4,3,38565,M,0.0,0.0,38
200800069177,8,12,18,1000,1,2,1,1,1,38565,M,4530600.0,562700.0,38
200800069178,8,12,21,1815,3,1,1,9,5,38478,M,4505500.0,579100.0,38
200800069179,8,12,25,2345,5,1,9,1,3,38562,M,4508900.0,575800.0,38
200800069180,8,12,8,1015,1,2,1,1,6,38416,M,0.0,0.0,38
200800069181,8,12,20,945,1,1,1,1,6,38359,M,0.0,0.0,38
200800069182,8,12,20,1745,3,1,6,2,6,38218,M,0.0,0.0,38
200800069183,8,12,17,1115,1,1,1,9,3,38042,M,4539400.0,537200.0,38
200800069184,8,12,30,730,3,1,1,1,1,38043,M,4544200.0,556100.0,38
200800069185,8,12,1,1730,2,1,1,2,6,38135,M,4573900.0,540600.0,38
200800069186,8,12,29,200,3,1,1,1,7,38543,M,4564500.0,550000.0,38
200800069187,8,12,29,1600,1,1,1,1,6,44035,M,0.0,0.0,44
200800069188,8,12,3,1445,1,1,1,8,3,38157,M,4550300.0,493000.0,38
200800069189,8,12,14,400,3,1,1,8,6,38336,M,0.0,0.0,38
200800069190,8,12,30,830,1,2,1,2,3,38087,M,4558700.0,480400.0,38
200800069191,8,12,3,1030,1,1,1,4,1,38267,M,0.0,0.0,38
200800069192,8,12,24,1800,3,1,1,1,6,38324,M,0.0,0.0,38
200800069193,8,12,3,1415,1,2,2,1,3,38189,M,0.0,0.0,38
200800069194,8,12,4,500,3,1,1,4,6,38152,M,4549600.0,529700.0,38
200800069195,8,12,3,2045,3,1,1,2,3,38351,M,4554300.0,523200.0,38
200800069196,8,12,12,1630,1,1,1,4,3,38346,M,4550300.0,509300.0,38
200800069197,8,12,24,1430,1,2,1,1,1,38189,M,4563000.0,506000.0,38
200800069198,8,12,17,1415,1,2,1,1,6,38085,M,4575000.0,516800.0,38
200800069199,8,12,19,345,3,1,1,2,6,38085,M,4575800.0,514900.0,38
200800069200,8,12,27,1115,1,2,6,1,3,38097,M,4577100.0,519700.0,38
200800069201,8,12,11,600,5,2,1,4,6,38344,M,4537000.0,480000.0,38
200800069202,8,12,25,1130,1,1,1,1,6,38449,M,0.0,0.0,38
200800069203,8,12,8,1545,1,2,1,7,6,73030,M,4557200.0,597400.0,73
200800069204,8,12,6,1000,1,1,1,4,1,73005,M,4562700.0,608100.0,73
200800069205,8,12,9,2015,3,1,1,4,6,73081,M,4567900.0,610100.0,73
200800069206,8,12,20,800,2,1,1,5,5,73269,M,4569100.0,580200.0,73
200800069207,8,12,19,2330,3,1,1,1,3,73032,M,4563700.0,644400.0,73
200800069208,8,12,29,845,1,1,1,1,1,73211,M,4572000.0,647200.0,73
200800069209,8,12,3,930,1,2,1,8,1,73157,M,4519800.0,666000.0,73
200800069210,8,12,14,1815,3,1,1,4,3,73023,M,4523600.0,676000.0,73
200800069211,8,12,15,1330,1,1,1,5,3,74217,M,4595000.0,611800.0,74
200800069212,8,12,28,400,5,2,1,1,6,74093,M,4589700.0,609900.0,74
200800069213,8,12,5,545,5,2,1,1,6,74108,M,0.0,0.0,74
200800069214,8,12,21,1800,3,1,1,5,1,74123,M,0.0,0.0,74
200800069215,8,12,30,1500,1,2,1,8,1,74225,M,0.0,0.0,74
200800069216,8,12,30,2230,3,2,1,2,1,74002,M,0.0,0.0,74
200800069217,8,12,31,1500,1,1,1,1,7,74002,M,0.0,0.0,74
200800069218,8,12,6,1130,1,1,1,1,2,74280,M,0.0,0.0,74
200800069219,8,12,28,1645,2,1,1,1,2,74239,M,0.0,0.0,74
200800069220,8,12,28,1630,1,2,1,1,6,74239,M,0.0,0.0,74
200800069221,8,12,29,1430,1,2,1,1,6,74136,M,0.0,0.0,74
200800069222,8,12,1,1215,1,2,1,2,1,74042,M,4608900.0,640400.0,74
200800069223,8,12,5,1345,1,1,1,2,6,74042,M,0.0,0.0,74
200800069224,8,12,22,1415,1,1,1,1,1,74042,M,4609500.0,637500.0,74
200800069225,8,12,10,1730,5,2,1,2,1,74081,M,0.0,0.0,74
200800069226,8,12,13,2330,5,2,1,1,3,74264,M,0.0,0.0,74
200800069227,8,12,1,1415,1,1,1,1,5,74250,M,0.0,0.0,74
200800069228,8,12,17,2130,3,1,1,5,1,74250,M,0.0,0.0,74
200800069229,8,12,22,1115,1,2,1,1,6,74224,M,0.0,0.0,74
200800069230,8,12,19,2015,3,1,9,4,6,74089,M,0.0,0.0,74
200800069231,8,12,28,215,3,1,1,8,6,74223,M,4609900.0,662200.0,74
200800069232,8,12,16,615,3,1,1,8,7,74044,M,0.0,0.0,74
200800069233,8,12,4,1345,1,1,1,1,6,74220,M,4614400.0,626900.0,74
200800069234,8,12,28,1430,1,1,1,1,3,74197,M,0.0,0.0,74
200800069235,8,12,6,545,5,2,1,2,1,74309,M,0.0,0.0,74
200800069236,8,12,19,1645,1,1,1,1,1,74296,M,0.0,0.0,74
200800069237,8,12,31,1515,1,2,1,2,6,74071,M,0.0,0.0,74
200800069238,8,12,3,1815,3,1,1,2,2,74105,M,0.0,0.0,74
200800069239,8,12,29,845,1,1,1,1,1,74286,M,0.0,0.0,74
200800069240,8,12,23,1745,3,1,1,1,6,74005,M,0.0,0.0,74
200800069241,8,12,9,715,3,1,1,1,5,63040,M,0.0,0.0,63
200800069242,8,12,2,1530,1,2,1,7,1,63042,M,0.0,0.0,63
200800069243,8,12,10,1215,1,2,1,1,7,63396,M,4566600.0,309300.0,63
200800069244,8,12,8,1130,1,1,1,2,3,63352,M,4546800.0,323200.0,63
200800069245,8,12,10,1430,1,2,3,1,3,63470,M,0.0,0.0,63
200800069246,8,12,23,200,3,1,1,1,7,63406,M,4596200.0,321800.0,63
200800069247,8,12,6,1030,1,1,1,1,4,63251,M,4612800.0,284300.0,63
200800069248,8,12,19,1745,2,2,1,1,1,63231,M,4587300.0,363600.0,63
200800069249,8,12,1,1045,1,1,1,2,7,63201,M,4595500.0,339600.0,63
200800069250,8,12,28,1845,3,1,1,1,3,63210,M,4593300.0,333900.0,63
200800069251,8,12,26,1145,1,1,1,1,1,03195,M,0.0,0.0,03
200800069252,8,12,27,1230,1,1,1,1,6,03044,M,0.0,0.0,03
200800069253,8,12,13,2245,3,1,1,2,7,03109,M,4616000.0,328000.0,03
200800069254,8,12,13,900,1,1,1,1,5,03103,M,4634200.0,377400.0,03
200800069255,8,12,21,1630,1,2,1,1,6,15230,M,0.0,0.0,15
200800069256,8,12,30,715,3,1,1,9,3,15176,M,4508700.0,242000.0,15
200800069257,8,12,9,1230,1,1,1,2,6,15092,M,0.0,0.0,15
200800069258,8,12,6,1915,3,1,1,2,4,43174,M,0.0,0.0,43
200800069259,8,12,26,2330,3,1,1,8,7,43039,M,4494400.0,388700.0,43
200800069260,8,12,14,1345,1,1,1,4,6,43119,M,0.0,0.0,43
200800069261,8,12,4,845,1,1,1,8,1,43150,M,4511000.0,407200.0,43
200800069262,8,12,31,1030,1,1,1,1,3,43023,M,4529000.0,383000.0,43
200800069263,8,12,22,1645,1,2,1,1,6,43040,M,4529700.0,338300.0,43
200800069264,8,12,11,845,1,1,1,4,7,43132,M,0.0,0.0,43
200800069265,8,12,2,945,3,1,1,3,1,43016,M,4539200.0,335200.0,43
200800069266,8,12,19,1900,3,1,1,8,3,43028,M,0.0,0.0,43
200800069267,8,12,4,1900,3,1,1,2,3,57620,M,0.0,0.0,57
200800069268,8,12,9,2245,3,1,1,4,6,57593,M,0.0,0.0,57
200800069269,8,12,31,1115,1,2,1,9,6,57415,M,4914800.0,612300.0,57
200800069270,8,12,3,1345,1,1,1,3,6,57645,M,0.0,0.0,57
200800069271,8,12,19,645,5,2,1,2,6,57430,M,0.0,0.0,57
200800069272,8,12,28,900,1,1,1,1,7,57190,M,4906100.0,656200.0,57
200800069273,8,12,24,2230,3,1,1,5,6,57183,M,4876800.0,669700.0,57
200800069274,8,12,5,1230,1,2,2,3,3,57176,M,0.0,0.0,57
200800069275,8,12,11,800,2,2,1,5,6,57144,M,4915700.0,683800.0,57
200800069276,8,12,13,2245,5,2,1,5,6,57177,M,4881700.0,672000.0,57
200800069277,8,12,31,2100,3,2,1,9,3,57428,M,4911400.0,674800.0,57
200800069278,8,12,8,630,3,1,1,5,3,57614,M,0.0,0.0,57
200800069279,8,12,26,1715,5,2,1,1,6,57540,M,0.0,0.0,57
200800069280,8,12,12,730,2,2,1,1,1,57260,M,4916800.0,702100.0,57
200800069281,8,12,25,945,3,1,1,5,6,57577,M,0.0,0.0,57
200800069282,8,12,26,1415,1,1,1,1,6,57089,M,0.0,0.0,57
200800069283,8,12,8,1015,1,2,1,5,6,57206,M,0.0,0.0,57
200800069284,8,12,23,1745,5,2,1,1,6,57683,M,0.0,0.0,57
200800069285,8,12,19,1615,3,1,1,1,1,54374,M,0.0,0.0,54
200800069286,8,12,13,1945,3,1,1,1,1,54031,M,0.0,0.0,54
200800069287,8,12,13,1815,3,1,1,1,1,54462,M,0.0,0.0,54
200800069288,8,12,8,645,3,1,1,5,3,54109,M,0.0,0.0,54
200800069289,8,12,23,1630,2,1,1,5,7,54434,M,0.0,0.0,54
200800069290,8,12,22,1800,3,1,1,5,6,54478,M,0.0,0.0,54
200800069291,8,12,4,800,2,1,1,1,3,54383,M,0.0,0.0,54
200800069292,8,12,28,1545,1,1,1,7,3,54259,M,4854500.0,675000.0,54
200800069293,8,12,30,2300,3,1,1,9,1,54128,M,0.0,0.0,54
200800069294,8,12,7,215,3,2,1,1,6,55435,M,4874700.0,503300.0,55
200800069295,8,12,17,745,2,1,1,5,1,55382,M,4883600.0,506200.0,55
200800069296,8,12,25,1245,1,1,1,1,1,55120,M,4875900.0,513200.0,55
200800069297,8,12,15,1730,3,1,1,9,6,55291,M,4870100.0,535800.0,55
200800069298,8,12,17,1445,1,1,1,4,1,55447,M,4865700.0,508700.0,55
200800069299,8,12,2,1145,1,2,1,1,6,55122,M,4876500.0,559000.0,55
200800069300,8,12,12,1715,5,2,1,5,6,55122,M,4876600.0,559600.0,55
200800069301,8,12,18,1845,3,2,1,2,5,55122,M,4876200.0,561000.0,55
200800069302,8,12,5,1245,1,1,1,3,6,55290,M,0.0,0.0,55
200800069303,8,12,23,1645,1,1,1,1,6,55472,M,0.0,0.0,55
200800069304,8,12,14,315,3,1,1,9,7,55171,M,4918700.0,549500.0,55
200800069305,8,12,26,1500,1,1,1,1,7,88281,M,4822400.0,625100.0,88
200800069306,8,12,14,1400,1,2,1,1,6,88216,M,4824300.0,666000.0,88
200800069307,8,12,23,45,3,1,1,5,7,88513,M,0.0,0.0,88
200800069308,8,12,23,945,1,1,1,1,7,88008,M,4839000.0,668800.0,88
200800069309,8,12,10,1230,1,1,9,1,1,88099,M,4823400.0,643600.0,88
200800069310,8,12,26,945,1,2,1,1,6,88465,M,4825500.0,642000.0,88
200800069311,8,12,7,1915,5,2,1,1,6,88321,M,4836600.0,569600.0,88
200800069312,8,12,27,1800,3,1,1,1,6,88500,M,0.0,0.0,88
200800069313,8,12,27,2030,5,2,1,1,7,88188,M,4788100.0,678500.0,88
200800069314,8,12,26,1945,3,1,1,1,1,88375,M,4827000.0,704600.0,88
200800069315,8,12,28,1430,1,1,1,1,6,88349,M,4817500.0,704300.0,88
200800069316,8,12,6,2000,1,1,1,1,6,88064,M,4827300.0,682400.0,88
200800069317,8,12,24,1830,5,1,1,1,3,88218,M,4815800.0,678100.0,88
200800069318,8,12,12,2030,5,2,1,1,6,88372,M,4840900.0,684300.0,88
200800069319,8,12,14,1500,1,1,1,1,1,88328,M,4837100.0,691100.0,88
200800069320,8,12,13,1700,2,2,1,8,3,88319,M,0.0,0.0,88
200800069321,8,12,24,2030,5,2,1,1,6,88319,M,4838000.0,688000.0,88
200800069322,8,12,12,815,2,1,1,5,6,67055,M,4834500.0,765300.0,67
200800069323,8,12,26,1215,1,2,1,1,6,67154,M,4838600.0,769700.0,67
200800069324,8,12,4,1545,1,2,1,3,6,67348,M,0.0,0.0,67
200800069325,8,12,12,2030,3,1,1,1,3,67504,M,0.0,0.0,67
200800069326,8,12,4,600,3,1,1,1,5,67922,M,4884700.0,765900.0,67
200800069327,8,12,19,1745,3,1,1,1,1,67008,M,,,67
200800069328,8,12,23,1815,5,2,1,1,6,67300,M,4854400.0,750200.0,67
200800069329,8,12,28,1730,3,1,2,1,5,67520,M,4864900.0,744300.0,67
200800069330,8,12,19,2015,5,2,1,1,6,67437,M,0.0,0.0,67
200800069331,8,12,7,2015,5,2,1,8,6,67095,M,4894500.0,719000.0,67
200800069332,8,12,12,1730,5,2,1,1,1,67434,M,0.0,0.0,67
200800069333,8,12,23,1645,1,1,1,1,6,67392,M,0.0,0.0,67
200800069334,8,12,28,1800,3,1,1,1,1,67439,M,4874000.0,756000.0,67
200800069335,8,12,12,1800,5,1,1,1,7,67182,M,0.0,0.0,67
200800069336,8,12,6,1330,1,1,1,1,1,67481,M,4838000.0,751000.0,67
200800069337,8,12,21,1415,1,1,1,1,6,67281,M,4813000.0,754000.0,67
200800069338,8,12,12,1415,1,2,1,7,6,67507,M,4834800.0,730500.0,67
200800069339,8,12,19,130,3,1,1,2,6,67507,M,0.0,0.0,67
200800069340,8,12,16,1700,5,2,9,1,6,67544,M,4904000.0,795000.0,67
200800069341,8,12,19,2300,3,1,1,2,7,67544,M,0.0,0.0,67
200800069342,8,12,10,445,3,1,1,2,6,67541,M,4894900.0,811300.0,67
200800069343,8,12,15,2145,3,1,1,9,6,67474,M,4895100.0,787100.0,67
200800069344,8,12,19,530,5,2,1,2,6,67349,M,4892600.0,797500.0,67
200800069345,8,12,5,930,1,1,1,4,1,68249,M,4810500.0,713000.0,68
200800069346,8,12,6,1745,3,1,1,2,6,68200,M,4761600.0,710900.0,68
200800069347,8,12,11,1215,1,1,1,8,3,68192,M,4763400.0,704000.0,68
200800069348,8,12,31,1100,1,1,1,4,7,68176,M,4756800.0,718000.0,68
200800069349,8,12,10,1800,5,2,1,2,6,68082,M,4787000.0,735800.0,68
200800069350,8,12,15,730,2,2,1,8,1,68258,M,4783500.0,731000.0,68
200800069351,8,12,11,1900,3,1,1,2,4,68043,M,4787400.0,725300.0,68
200800069352,8,12,27,945,1,1,1,1,6,68287,M,4797500.0,730200.0,68
200800069353,8,12,19,730,3,2,1,1,7,68218,M,4774200.0,727300.0,68
200800069354,8,12,11,215,3,1,1,4,7,68022,M,0.0,0.0,68
200800069355,8,12,3,930,1,1,1,1,3,68323,M,0.0,0.0,68
200800069356,8,12,4,2000,5,2,1,1,6,68163,M,0.0,0.0,68
200800069357,8,12,5,1015,1,2,1,2,6,68063,M,4781500.0,718400.0,68
200800069358,8,12,6,1645,1,1,1,8,5,68060,M,4773300.0,712600.0,68
200800069359,8,12,26,1600,1,2,1,7,6,51469,M,0.0,0.0,51
200800069360,8,12,5,1800,5,2,1,1,3,51217,M,4908300.0,364700.0,51
200800069361,8,12,29,1015,1,1,2,7,3,51165,M,4872300.0,390500.0,51
200800069362,8,12,29,2115,3,1,1,1,6,51212,M,4876600.0,430200.0,51
200800069363,8,12,4,730,2,1,1,5,6,51124,M,4863300.0,364200.0,51
200800069364,8,12,6,130,5,2,1,8,6,51492,M,4855900.0,378200.0,51
200800069365,8,12,12,1845,3,1,1,1,4,51323,M,4872700.0,380000.0,51
200800069366,8,12,12,1130,1,1,1,1,3,51337,M,4931200.0,373100.0,51
200800069367,8,12,11,1600,1,1,1,8,7,51188,M,4920600.0,387700.0,51
200800069368,8,12,15,1730,2,1,1,1,1,51365,M,4922600.0,397000.0,51
200800069369,8,12,22,730,2,1,1,2,6,51457,M,0.0,0.0,51
200800069370,8,12,21,1430,1,1,1,1,2,51046,M,0.0,0.0,51
200800069371,8,12,17,745,5,2,1,8,1,51649,M,0.0,0.0,51
200800069372,8,12,1,730,3,1,1,2,2,51522,M,0.0,0.0,51
200800069373,8,12,22,2315,3,1,1,5,6,51144,M,4874800.0,490800.0,51
200800069374,8,12,7,2100,3,1,1,5,6,51253,M,4912700.0,493400.0,51
200800069375,8,12,3,1830,3,1,1,9,7,08469,M,0.0,0.0,08
200800069376,8,12,7,1000,3,1,1,9,2,08079,M,0.0,0.0,08
200800069377,8,12,20,30,3,1,1,8,7,08185,M,5000000.0,467300.0,08
200800069378,8,12,31,845,5,2,7,2,7,08487,M,0.0,0.0,08
200800069379,8,12,20,1730,5,2,9,2,6,08053,M,4968900.0,497200.0,08
200800069380,8,12,19,1600,1,2,1,1,1,08491,M,4974000.0,485000.0,08
200800069381,8,12,15,1045,1,1,1,1,7,08424,M,4948600.0,497800.0,08
200800069382,8,12,5,1445,1,2,1,2,1,08362,M,0.0,0.0,08
200800069383,8,12,4,2215,3,2,1,5,6,08320,M,0.0,0.0,08
200800069384,8,12,4,1330,1,2,9,2,6,08419,M,4970100.0,442200.0,08
200800069385,8,12,30,1745,3,2,1,4,1,10172,M,0.0,0.0,10
200800069386,8,12,18,700,2,1,1,5,5,10030,M,0.0,0.0,10
200800069387,8,12,17,1945,3,1,1,1,1,10328,M,4835800.0,425800.0,10
200800069388,8,12,31,1130,1,2,1,8,6,10033,M,4823900.0,470900.0,10
200800069389,8,12,22,2000,5,1,1,5,6,10279,M,4852000.0,451500.0,10
200800069390,8,12,27,2015,3,1,1,1,1,10193,M,4843500.0,441900.0,10
200800069391,8,12,30,1330,1,1,1,8,7,10017,M,4847500.0,439800.0,10
200800069392,8,12,19,1830,3,1,1,5,2,10262,M,4804000.0,442100.0,10
200800069393,8,12,4,900,1,1,1,2,1,10020,M,4848300.0,352400.0,10
200800069394,8,12,16,2000,3,1,1,1,7,10298,M,0.0,0.0,10
200800069395,8,12,28,1845,3,1,1,1,7,10323,M,4851600.0,368200.0,10
200800069396,8,12,8,1430,1,1,1,1,2,52494,M,4815400.0,520900.0,52
200800069397,8,12,21,100,5,2,1,2,6,52353,M,0.0,0.0,52
200800069398,8,12,15,1215,1,1,1,5,7,52059,M,4797800.0,548400.0,52
200800069399,8,12,16,1700,5,2,1,5,6,52269,M,4786000.0,533400.0,52
200800069400,8,12,8,1745,3,1,1,1,1,52465,M,4796400.0,559400.0,52
200800069401,8,12,23,2045,5,2,1,1,7,52093,M,4780500.0,542500.0,52
200800069402,8,12,6,1530,1,1,1,1,6,52292,M,0.0,0.0,52
200800069403,8,12,6,1830,4,2,1,1,6,52509,M,0.0,0.0,52
200800069404,8,12,5,1700,2,2,1,3,6,52250,M,0.0,0.0,52
200800069405,8,12,16,2130,4,2,1,2,6,52512,M,4846800.0,514700.0,52
200800069406,8,12,7,430,3,1,1,1,1,45265,M,4813300.0,296100.0,45
200800069407,8,12,3,915,1,1,1,2,6,21501,M,4730800.0,450300.0,21
200800069408,8,12,29,1615,1,2,4,1,3,21021,M,,,21
200800069409,8,12,25,1930,3,1,3,1,1,21656,M,4723400.0,517700.0,21
200800069410,8,12,7,45,5,2,6,1,3,21295,M,4728300.0,500700.0,21
200800069411,8,12,18,1000,1,1,2,1,1,21211,M,4756000.0,513500.0,21
200800069412,8,12,28,2045,5,2,9,1,3,21383,M,4752600.0,515000.0,21
200800069413,8,12,14,1545,3,1,1,1,2,21223,M,4736900.0,497400.0,21
200800069414,8,12,19,2230,3,1,2,8,1,21527,M,4694000.0,467000.0,21
200800069415,8,12,3,1930,3,1,1,9,5,21447,M,4716500.0,450300.0,21
200800069416,8,12,8,1100,1,1,1,1,1,21629,M,0.0,0.0,21
200800069417,8,12,4,1430,1,1,1,2,5,58105,M,0.0,0.0,58
200800069418,8,12,15,1600,1,1,1,8,3,58151,M,0.0,0.0,58
200800069419,8,12,31,1230,1,1,1,1,6,58280,M,0.0,0.0,58
200800069420,8,12,13,1745,2,2,1,2,1,58273,M,0.0,0.0,58
200800069421,8,12,20,315,3,1,1,5,6,58309,M,4694700.0,393500.0,58
200800069422,8,12,20,1115,1,2,1,8,6,58086,M,4740900.0,292300.0,58
200800069423,8,12,8,1545,1,1,1,1,6,58102,M,0.0,0.0,58
200800069424,8,12,6,1415,1,1,1,2,6,71137,M,0.0,0.0,71
200800069425,8,12,4,1500,1,1,1,1,6,71137,M,4644700.0,464000.0,71
200800069426,8,12,6,500,3,1,1,3,7,71373,M,0.0,0.0,71
200800069427,8,12,18,1830,3,1,1,1,6,71576,M,0.0,0.0,71
200800069428,8,12,11,1300,1,2,3,1,3,71073,M,0.0,0.0,71
200800069429,8,12,10,1200,1,1,2,1,3,71202,M,0.0,0.0,71
200800069430,8,12,14,1445,1,1,1,1,3,71256,M,0.0,0.0,71
200800069431,8,12,4,1800,3,2,1,3,1,71555,M,4670600.0,488900.0,71
200800069432,8,12,13,1745,3,1,1,1,1,71325,M,4649800.0,394300.0,71
200800069433,8,12,1,1700,2,1,1,2,2,71024,M,4630100.0,404200.0,71
200800069434,8,12,9,300,3,1,1,1,7,71238,M,4620200.0,408500.0,71
200800069435,8,12,31,2200,3,2,1,1,6,71155,M,4672800.0,368600.0,71
200800069436,8,12,2,1730,5,2,1,1,1,71047,M,4662500.0,376800.0,71
200800069437,8,12,12,1815,3,1,1,5,1,71389,M,4656500.0,374600.0,71
200800069438,8,12,18,915,1,1,1,1,3,71389,M,4656200.0,374600.0,71
200800069439,8,12,25,230,3,1,1,8,6,71318,M,4654200.0,514900.0,71
200800069440,8,12,2,700,2,1,1,5,7,71516,M,4634300.0,543200.0,71
200800069441,8,12,8,730,2,2,1,5,6,71419,M,4625800.0,541000.0,71
200800069442,8,12,17,1615,3,1,1,2,1,89438,M,4780600.0,366400.0,89
200800069443,8,12,8,700,3,1,1,5,6,89252,M,0.0,0.0,89
200800069444,8,12,10,2000,3,1,1,1,6,89238,M,0.0,0.0,89
200800069445,8,12,3,1530,1,1,1,8,3,89292,M,0.0,0.0,89
200800069446,8,12,18,1215,1,1,1,1,2,89345,M,0.0,0.0,89
200800069447,8,12,25,1700,2,1,1,1,7,89423,M,0.0,0.0,89
200800069448,8,12,26,1545,1,2,1,1,1,89345,M,0.0,0.0,89
200800069449,8,12,15,1415,1,1,1,1,3,89268,M,4796000.0,361300.0,89
200800069450,8,12,18,2345,3,1,1,1,6,89311,M,4776300.0,342500.0,89
200800069451,8,12,11,945,1,1,1,1,2,89159,M,0.0,0.0,89
200800069452,8,12,16,645,3,1,1,5,3,89003,M,4786900.0,336000.0,89
200800069453,8,12,14,1930,5,2,1,1,6,89218,M,4796800.0,347900.0,89
200800069454,8,12,13,1600,1,1,1,1,6,89066,M,0.0,0.0,89