Num_Acc,an,mois,jour,hrmn,lum,agg,int,atm,col,com,gps,lat,long,dep
200800069455,8,12,30,930,1,1,1,2,7,89122,M,0.0,0.0,89
200800069456,8,12,6,1315,1,2,1,1,6,89418,M,0.0,0.0,89
200800069457,8,12,18,1415,1,1,1,8,5,25112,M,0.0,0.0,25
200800069458,8,12,27,1815,3,1,2,1,6,25112,M,4726900.0,606600.0,25
200800069459,8,12,3,2245,4,1,1,2,1,25129,M,0.0,0.0,25
200800069460,8,12,19,600,3,1,1,2,5,25195,M,0.0,0.0,25
200800069461,8,12,27,1500,1,1,1,7,1,25330,M,0.0,0.0,25
200800069462,8,12,8,1400,1,1,1,8,7,25439,M,0.0,0.0,25
200800069463,8,12,10,1715,3,1,1,4,1,25309,M,4692200.0,629700.0,25
200800069464,8,12,4,830,1,1,1,9,1,39389,M,0.0,0.0,39
200800069465,8,12,28,930,1,2,1,1,1,39097,M,0.0,0.0,39
200800069466,8,12,11,1830,5,2,1,8,1,39526,M,0.0,0.0,39
200800069467,8,12,19,530,3,1,1,2,1,39078,M,4711800.0,551900.0,39
200800069468,8,12,21,730,2,1,1,1,7,39520,M,0.0,0.0,39
200800069469,8,12,7,500,3,2,1,1,6,39367,M,0.0,0.0,39
200800069470,8,12,24,1115,1,2,1,7,6,39368,M,0.0,0.0,39
200800069471,8,12,24,1715,5,2,9,1,6,39470,M,0.0,0.0,39
200800069472,8,12,6,1400,1,1,1,2,3,70166,M,0.0,0.0,70
200800069473,8,12,16,1730,3,1,1,2,1,70219,M,0.0,0.0,70
200800069474,8,12,4,1900,3,1,1,2,3,70165,M,4771000.0,592000.0,70
200800069475,8,12,6,600,3,1,1,2,6,70278,M,4768400.0,608800.0,70
200800069476,8,12,29,1130,1,1,1,1,7,70421,M,0.0,0.0,70
200800069477,8,12,15,830,1,1,1,1,1,70326,M,4746100.0,608500.0,70
200800069478,8,12,18,1515,2,2,3,1,3,70310,M,4769100.0,649600.0,70
200800069479,8,12,17,900,1,2,1,8,6,70473,M,0.0,0.0,70
200800069480,8,12,5,2015,3,1,1,2,7,70467,M,4789500.0,625500.0,70
200800069481,8,12,25,1830,3,1,1,1,6,70481,M,0.0,0.0,70
200800069482,8,12,3,1800,3,1,1,8,1,70282,M,0.0,0.0,70
200800069483,8,12,17,1215,1,1,2,8,3,70152,M,4738800.0,577700.0,70
200800069484,8,12,5,1730,3,1,1,2,3,90012,M,0.0,0.0,90
200800069485,8,12,12,1600,1,1,1,1,2,38019,M,4543500.0,482400.0,38
200800069486,8,12,29,945,1,1,1,1,6,38101,M,0.0,0.0,38
200800069487,8,12,12,815,1,1,1,6,1,26169,M,4446200.0,475800.0,26
200800069488,8,12,19,45,3,1,9,8,6,26169,M,4448500.0,476900.0,26
200800069489,8,12,28,1700,1,1,1,1,3,13041,M,0.0,0.0,13
200800069490,8,12,2,1945,5,2,1,1,6,13041,M,4343400.0,547200.0,13
200800069491,8,12,6,1100,1,2,1,1,4,13041,M,0.0,0.0,13
200800069492,8,12,8,800,1,1,1,1,6,13041,M,4345900.0,545900.0,13
200800069493,8,12,28,1945,3,1,1,1,6,13041,M,4345500.0,544900.0,13
200800069494,8,12,16,745,2,1,1,2,5,13048,M,4366100.0,562500.0,13
200800069495,8,12,3,1715,5,2,1,8,6,13106,M,0.0,0.0,13
200800069496,8,12,5,1230,1,1,1,1,6,13019,M,4343000.0,536000.0,13
200800069497,8,12,11,1600,1,2,1,1,6,13019,M,4342000.0,535000.0,13
200800069498,8,12,17,1600,1,2,1,1,1,13015,M,0.0,0.0,13
200800069499,8,12,9,1600,1,1,1,1,3,13110,M,4348700.0,568700.0,13
200800069500,8,12,6,1600,1,2,1,1,3,13027,M,0.0,0.0,13
200800069501,8,12,19,1415,1,1,1,1,3,13027,M,4388000.0,483000.0,13
200800069502,8,12,31,1130,1,1,1,2,1,13097,M,4367400.0,483600.0,13
200800069503,8,12,6,1945,3,2,1,1,6,13100,M,0.0,0.0,13
200800069504,8,12,11,1030,1,1,2,1,3,13100,M,0.0,0.0,13
200800069505,8,12,12,130,3,1,1,2,6,13094,M,0.0,0.0,13
200800069506,8,12,14,1930,3,1,1,2,6,13100,M,0.0,0.0,13
200800069507,8,12,1,815,1,1,1,8,1,13023,M,4323000.0,559000.0,13
200800069508,8,12,1,1530,1,2,1,1,3,13046,M,0.0,0.0,13
200800069509,8,12,7,1345,1,2,1,1,3,13016,M,0.0,0.0,13
200800069510,8,12,7,1730,3,1,1,1,1,13007,M,0.0,0.0,13
200800069511,8,12,19,1200,1,2,1,1,1,13086,M,0.0,0.0,13
200800069512,8,12,19,1230,1,2,1,1,1,13031,M,0.0,0.0,13
200800069513,8,12,5,1130,1,1,1,1,7,13049,M,4371200.0,511600.0,13
200800069514,8,12,7,1830,3,1,1,1,7,13035,M,4370500.0,504000.0,13
200800069515,8,12,21,630,3,2,1,1,6,13035,M,0.0,0.0,13
200800069516,8,12,27,145,3,1,1,2,6,13067,M,4378400.0,505300.0,13
200800069517,8,12,14,2100,3,1,1,3,1,13091,M,0.0,0.0,13
200800069518,8,12,31,2330,3,1,1,8,7,04230,M,0.0,0.0,04
200800069519,8,12,5,2200,5,2,4,1,3,04230,M,4384300.0,598300.0,04
200800069520,8,12,6,900,3,1,1,1,6,04076,M,4397400.0,677800.0,04
200800069521,8,12,26,630,3,1,1,8,6,04200,M,0.0,0.0,04
200800069522,8,12,30,1830,5,1,1,8,1,04075,M,0.0,0.0,04
200800069523,8,12,4,400,3,1,1,9,6,05103,M,4430300.0,590000.0,05
200800069524,8,12,27,1500,1,2,1,1,1,05061,M,4454100.0,605700.0,05
200800069525,8,12,9,1830,3,1,2,8,3,05017,M,0.0,0.0,05
200800069526,8,12,21,415,3,1,1,1,7,05119,M,0.0,0.0,05
200800069527,8,12,12,630,2,2,1,2,1,06048,M,4379100.0,733200.0,06
200800069528,8,12,18,1930,5,2,9,1,3,06048,M,4381400.0,731500.0,06
200800069529,8,12,8,715,2,1,1,8,7,06057,M,0.0,0.0,06
200800069530,8,12,19,615,2,1,1,9,6,06092,M,0.0,0.0,06
200800069531,8,12,22,1500,1,2,1,1,4,06149,M,0.0,0.0,06
200800069532,8,12,5,1215,1,2,1,7,1,06161,M,4363000.0,713000.0,06
200800069533,8,12,16,1600,1,2,6,1,1,06161,M,4364000.0,713000.0,06
200800069534,8,12,18,1845,5,2,6,1,1,06044,M,0.0,0.0,06
200800069535,8,12,23,715,5,2,1,1,6,06161,M,4363000.0,713000.0,06
200800069536,8,12,29,1645,5,2,1,1,6,06161,M,4364000.0,714000.0,06
200800069537,8,12,4,915,1,2,1,1,6,06079,M,4354800.0,693700.0,06
200800069538,8,12,4,1815,4,2,1,1,6,06079,M,4353600.0,693100.0,06
200800069539,8,12,7,30,5,2,1,1,3,06079,M,4354400.0,694700.0,06
200800069540,8,12,9,815,1,1,1,1,7,06140,M,0.0,0.0,06
200800069541,8,12,18,2000,1,2,1,1,6,06157,M,0.0,0.0,06
200800069542,8,12,18,1900,3,1,1,1,2,06065,M,4374200.0,717900.0,06
200800069543,8,12,3,1330,1,1,9,1,3,06006,M,0.0,0.0,06
200800069544,8,12,8,1715,5,1,1,1,3,06033,M,0.0,0.0,06
200800069545,8,12,10,1545,1,2,1,3,5,06059,M,0.0,0.0,06
200800069546,8,12,30,1000,1,1,1,8,6,06101,M,4401800.0,698300.0,06
200800069547,8,12,16,830,1,1,2,2,3,83056,M,4355800.0,652400.0,83
200800069548,8,12,8,1745,3,2,1,1,6,83102,M,0.0,0.0,83
200800069549,8,12,22,2100,3,2,1,1,3,83023,M,0.0,0.0,83
200800069550,8,12,21,1600,1,2,1,1,3,83104,M,0.0,0.0,83
200800069551,8,12,8,1200,1,1,1,1,6,83077,M,4326900.0,594900.0,83
200800069552,8,12,29,1345,1,2,1,1,5,83064,M,0.0,0.0,83
200800069553,8,12,21,1600,1,1,1,1,1,83120,M,0.0,0.0,83
200800069554,8,12,26,2130,5,2,1,1,6,83096,M,0.0,0.0,83
200800069555,8,12,8,1530,1,1,6,7,3,83107,M,0.0,0.0,83
200800069556,8,12,6,1400,1,2,1,1,2,83099,M,0.0,0.0,83
200800069557,8,12,13,1130,1,1,1,1,7,83042,M,0.0,0.0,83
200800069558,8,12,20,1730,3,1,1,1,6,83068,M,0.0,0.0,83
200800069559,8,12,23,1215,1,1,1,1,5,83115,M,0.0,0.0,83
200800069560,8,12,20,1700,3,1,1,1,1,83101,M,0.0,0.0,83
200800069561,8,12,9,1530,1,1,1,2,6,83035,M,0.0,0.0,83
200800069562,8,12,30,1545,1,1,1,1,1,83047,M,0.0,0.0,83
200800069563,8,12,30,1000,1,1,3,1,3,83047,M,4313500.0,606400.0,83
200800069564,8,12,13,1245,1,2,1,1,1,83112,M,0.0,0.0,83
200800069565,8,12,20,1445,1,2,1,1,1,84132,M,0.0,0.0,84
200800069566,8,12,5,1945,3,1,1,1,2,84038,M,0.0,0.0,84
200800069567,8,12,4,2215,4,2,1,2,1,84054,M,0.0,0.0,84
200800069568,8,12,7,430,5,2,1,1,6,84054,M,4392800.0,506000.0,84
200800069569,8,12,2,1800,1,1,1,1,2,84092,M,0.0,0.0,84
200800069570,8,12,6,1030,1,1,1,1,5,84129,M,0.0,0.0,84
200800069571,8,12,17,745,2,1,1,2,3,84129,M,4399800.0,487500.0,84
200800069572,8,12,29,1130,1,1,1,1,2,84013,M,4386400.0,521300.0,84
200800069573,8,12,1,2300,3,1,1,1,1,84122,M,0.0,0.0,84
200800069574,8,12,8,2115,3,1,1,1,1,84122,M,4406400.0,492400.0,84
200800069575,8,12,22,815,1,1,1,1,1,84030,M,0.0,0.0,84
200800069576,8,12,20,2315,3,1,1,6,7,84016,M,0.0,0.0,84
200800069577,8,12,29,1000,1,1,1,1,3,84005,M,0.0,0.0,84
200800069578,8,12,13,1600,1,1,1,1,3,84088,M,4398000.0,500000.0,84
200800069579,8,12,16,1545,1,1,6,1,3,84108,M,4402000.0,512000.0,84
200800069580,8,12,6,1415,1,2,1,1,2,84091,M,4418000.0,476100.0,84
200800069581,8,12,21,2000,3,1,1,1,6,84091,M,0.0,0.0,84
200800069582,8,12,28,945,1,2,1,1,1,84056,M,4412000.0,489700.0,84
200800069583,8,12,2,1215,1,2,1,1,3,84137,M,0.0,0.0,84
200800069584,8,12,9,1830,3,1,1,2,3,84138,M,0.0,0.0,84
200800069585,8,12,26,1500,1,1,1,1,3,84138,M,0.0,0.0,84
200800069586,8,12,28,530,3,1,1,1,6,84097,M,0.0,0.0,84
200800069587,8,12,6,830,1,1,1,1,1,34058,M,4369500.0,401600.0,34
200800069588,8,12,27,1630,3,1,1,8,6,34227,M,4371900.0,403100.0,34
200800069589,8,12,12,800,2,1,1,1,1,34243,M,4391000.0,373000.0,34
200800069590,8,12,2,1800,3,1,6,1,6,34145,M,0.0,0.0,34
200800069591,8,12,12,1500,1,1,1,1,3,34145,M,0.0,0.0,34
200800069592,8,12,23,1345,1,1,1,1,3,34240,M,4365100.0,396400.0,34
200800069593,8,12,25,445,3,1,1,1,6,34127,M,4365400.0,409700.0,34
200800069594,8,12,3,1745,3,1,1,1,3,34119,M,0.0,0.0,34
200800069595,8,12,20,245,3,1,1,1,7,34226,M,0.0,0.0,34
200800069596,8,12,11,1500,1,1,1,1,6,34183,M,4328900.0,314600.0,34
200800069597,8,12,17,1830,3,1,1,1,7,34226,M,4335500.0,299700.0,34
200800069598,8,12,25,1300,1,1,1,1,1,34069,M,4341800.0,312500.0,34
200800069599,8,12,5,930,1,1,1,8,6,34289,M,4339100.0,338800.0,34
200800069600,8,12,8,930,1,2,1,1,6,34199,M,0.0,0.0,34
200800069601,8,12,13,1845,3,1,1,8,6,34063,M,4349300.0,335100.0,34
200800069602,8,12,23,1630,1,1,1,1,5,34289,M,4341600.0,341300.0,34
200800069603,8,12,16,2100,3,1,1,1,6,34139,M,4341600.0,323000.0,34
200800069604,8,12,22,945,1,1,1,1,1,34300,M,4339400.0,331500.0,34
200800069605,8,12,31,845,1,1,1,2,6,34085,M,0.0,0.0,34
200800069606,8,12,6,2115,3,1,1,1,3,34209,M,0.0,0.0,34
200800069607,8,12,7,1600,1,1,1,1,3,34299,M,4327800.0,328500.0,34
200800069608,8,12,25,1115,1,2,1,1,7,34209,M,4330800.0,333100.0,34
200800069609,8,12,4,1500,1,1,1,8,6,34142,M,4372700.0,326600.0,34
200800069610,8,12,2,2015,3,1,1,1,6,34194,M,0.0,0.0,34
200800069611,8,12,26,2100,3,1,1,2,6,34281,M,0.0,0.0,34
200800069612,8,12,23,1715,5,2,1,2,6,34239,M,0.0,0.0,34
200800069613,8,12,8,1445,1,2,3,1,3,34031,M,4336800.0,342400.0,34
200800069614,8,12,28,1700,2,2,8,2,1,34031,M,0.0,0.0,34
200800069615,8,12,7,1045,1,1,1,1,2,34039,M,4345800.0,365500.0,34
200800069616,8,12,1,1430,1,1,1,2,2,11192,M,4329400.0,205200.0,11
200800069617,8,12,30,245,3,2,1,1,7,11240,M,4294000.0,223100.0,11
200800069618,8,12,20,1445,1,1,1,1,5,11421,M,0.0,0.0,11
200800069619,8,12,31,1900,3,1,1,8,1,11262,M,0.0,0.0,11
200800069620,8,12,31,2000,3,1,1,2,2,11269,M,4332100.0,298300.0,11
200800069621,8,12,24,1100,1,2,1,1,6,11077,M,4323600.0,267600.0,11
200800069622,8,12,6,2200,5,2,1,1,1,30133,M,0.0,0.0,30
200800069623,8,12,30,1915,5,2,6,2,3,30133,M,0.0,0.0,30
200800069624,8,12,4,1915,1,2,2,1,1,30344,M,4374900.0,421800.0,30
200800069625,8,12,14,2100,3,1,1,2,1,30266,M,4425100.0,429600.0,30
200800069626,8,12,19,1500,1,1,1,1,6,30237,M,4427300.0,419700.0,30
200800069627,8,12,30,1000,1,2,1,3,6,30227,M,4426700.0,420100.0,30
200800069628,8,12,3,1430,1,2,1,2,6,30334,M,0.0,0.0,30
200800069629,8,12,4,1400,1,2,1,1,6,30334,M,4401700.0,441700.0,30
200800069630,8,12,5,1800,3,1,1,2,5,30299,M,4402700.0,445300.0,30
200800069631,8,12,11,30,3,1,1,1,6,30273,M,0.0,0.0,30
200800069632,8,12,11,1730,3,1,1,3,1,30202,M,0.0,0.0,30
200800069633,8,12,27,1815,5,2,1,1,6,30202,M,4426500.0,464700.0,30
200800069634,8,12,3,1730,3,1,4,2,5,30073,M,0.0,0.0,30
200800069635,8,12,6,1745,2,2,1,1,3,30012,M,4389400.0,468600.0,30
200800069636,8,12,6,1915,3,1,1,1,1,30073,M,4399200.0,457900.0,30
200800069637,8,12,28,1730,3,1,1,1,6,48080,M,4472100.0,386200.0,48
200800069638,8,12,30,1030,5,2,1,1,3,48092,M,0.0,0.0,48
200800069639,8,12,10,800,1,1,1,6,6,66101,M,4262200.0,279000.0,66
200800069640,8,12,12,1315,1,1,1,1,2,66008,M,0.0,0.0,66
200800069641,8,12,4,1645,1,2,1,1,6,66214,M,0.0,0.0,66
200800069642,8,12,9,1015,1,1,1,2,3,66063,M,0.0,0.0,66
200800069643,8,12,16,1700,1,1,9,1,2,66178,M,0.0,0.0,66
200800069644,8,12,20,600,5,1,1,1,6,66161,M,0.0,0.0,66
200800069645,8,12,25,1745,1,1,1,1,2,66149,M,0.0,0.0,66
200800069646,8,12,3,1345,1,2,1,1,6,66025,M,0.0,0.0,66
200800069647,8,12,3,1800,3,1,1,8,6,66230,M,4263800.0,253400.0,66
200800069648,8,12,5,1745,3,1,1,1,5,66165,M,0.0,0.0,66
200800069649,8,12,19,1215,1,2,1,1,1,20104,M,0.0,0.0,201
200800069650,8,12,13,1715,5,2,9,1,3,20247,M,4159600.0,928000.0,201
200800069651,8,12,29,1445,1,1,1,1,1,20349,M,4168100.0,893500.0,201
200800069652,8,12,22,900,1,1,1,1,1,20042,M,4256000.0,943200.0,202
200800069653,8,12,22,830,1,1,1,9,7,20042,M,4258300.0,943700.0,202
200800069654,8,12,4,1830,5,2,1,1,3,20305,M,0.0,0.0,202
200800069655,8,12,11,2215,2,1,1,2,1,20093,M,0.0,0.0,202
200800069656,8,12,10,1015,1,1,1,8,1,20079,M,4249800.0,929400.0,202
200800069657,8,12,4,2000,5,1,1,1,6,20343,M,4248700.0,948200.0,202
200800069658,8,12,16,900,1,1,1,7,2,20346,M,0.0,0.0,202
200800069659,8,12,19,2200,3,1,1,1,6,20207,M,4246900.0,949700.0,202
200800069660,8,12,23,545,3,1,1,5,3,78668,M,4902800.0,151700.0,78
200800069661,8,12,1,700,3,1,1,2,1,78096,M,4875200.0,166500.0,78
200800069662,8,12,27,2330,5,1,1,1,3,78591,M,0.0,0.0,78
200800069663,8,12,28,1545,1,2,1,1,7,78291,M,0.0,0.0,78
200800069664,8,12,6,730,1,2,1,2,6,78160,M,0.0,0.0,78
200800069665,8,12,15,1500,1,2,1,8,3,78575,M,0.0,0.0,78
200800069666,8,12,15,1615,1,1,1,8,2,78443,M,4880800.0,186600.0,78
200800069667,8,12,18,1630,1,1,1,1,3,78562,M,4873100.0,175600.0,78
200800069668,8,12,6,1730,5,2,9,1,3,78062,M,0.0,0.0,78
200800069669,8,12,11,1845,5,2,1,1,2,78683,M,0.0,0.0,78
200800069670,8,12,6,500,5,2,1,2,2,78034,M,0.0,0.0,78
200800069671,8,12,6,1715,3,2,1,1,3,78265,M,0.0,0.0,78
200800069672,8,12,4,1700,2,1,1,2,1,91273,M,0.0,0.0,91
200800069673,8,12,19,1615,1,1,1,1,5,91593,M,0.0,0.0,91
200800069674,8,12,24,2015,3,1,1,1,5,91044,M,4868700.0,228500.0,91
200800069675,8,12,3,1230,1,1,6,2,6,91560,M,0.0,0.0,91
200800069676,8,12,9,1045,1,1,1,4,2,95139,M,0.0,0.0,95
200800069677,8,12,9,730,2,1,1,1,1,95395,M,0.0,0.0,95
200800069678,8,12,4,2230,3,1,1,8,6,77175,M,4862500.0,264200.0,77
200800069679,8,12,7,2215,5,2,1,1,3,77453,M,4853300.0,275600.0,77
200800069680,8,12,15,745,2,1,1,1,3,77352,M,4809500.0,225000.0,77
200800069681,8,12,2,1545,1,1,1,1,7,77240,M,4879000.0,329000.0,77
200800069682,8,12,7,2230,3,1,1,5,6,77228,M,4891000.0,333000.0,77
200800069683,8,12,20,2200,3,1,1,1,6,77508,M,4880200.0,285700.0,77
200800069684,8,12,30,1300,1,1,1,1,1,77219,M,4881900.0,297500.0,77
200800069685,8,12,9,1445,1,1,1,4,3,77088,M,4831300.0,253300.0,77
200800069686,8,12,13,1445,1,1,1,2,1,77198,M,4825800.0,249800.0,77
200800069687,8,12,9,1930,3,1,1,9,1,77387,M,4821000.0,282700.0,77
200800069688,8,12,22,1700,1,1,1,2,6,77184,M,4831800.0,291100.0,77
200800069689,8,12,30,245,5,1,6,9,7,77531,M,4829300.0,295900.0,77
200800069690,8,12,16,1230,1,1,1,8,6,77126,M,4902300.0,295300.0,77
200800069691,8,12,29,1945,3,1,1,1,6,77483,M,4901300.0,291200.0,77
200800069692,8,12,31,1530,1,1,1,1,1,45082,M,0.0,0.0,45
200800069693,8,12,12,615,3,1,1,5,1,45142,M,0.0,0.0,45
200800069694,8,12,28,15,3,1,1,1,7,45316,M,0.0,0.0,45
200800069695,8,12,17,1715,2,1,1,5,6,45146,M,4771200.0,197500.0,45
200800069696,8,12,17,1830,5,2,1,2,6,45155,M,0.0,0.0,45
200800069697,8,12,29,2330,3,1,1,4,6,45053,M,0.0,0.0,45
200800069698,8,12,20,1530,3,1,1,2,1,45315,M,4775000.0,253000.0,45
200800069699,8,12,2,1015,1,1,1,8,1,45178,M,0.0,0.0,45
200800069700,8,12,5,2230,5,2,1,2,6,45312,M,0.0,0.0,45
200800069701,8,12,18,1345,1,2,1,8,1,45031,M,0.0,0.0,45
200800069702,8,12,2,800,1,1,1,1,1,45083,M,4794400.0,288500.0,45
200800069703,8,12,21,330,3,2,1,1,6,45222,M,4810000.0,275000.0,45
200800069704,8,12,12,1630,1,1,1,5,5,45253,M,4815600.0,222600.0,45
200800069705,8,12,21,1345,1,1,1,1,1,45253,M,0.0,0.0,45
200800069706,8,12,19,1830,3,1,1,1,6,18246,M,0.0,0.0,18
200800069707,8,12,1,1815,2,1,1,2,5,18226,M,4713600.0,249500.0,18
200800069708,8,12,6,1000,1,1,1,3,6,18097,M,4716800.0,242600.0,18
200800069709,8,12,24,2000,3,1,1,1,5,28158,M,4840200.0,145600.0,28
200800069710,8,12,3,2000,3,1,1,1,1,28324,M,4848800.0,124300.0,28
200800069711,8,12,12,2030,3,1,1,5,6,28242,M,4829700.0,118800.0,28
200800069712,8,12,8,2045,3,1,1,1,1,28168,M,0.0,0.0,28
200800069713,8,12,12,1245,1,1,1,1,6,28172,M,0.0,0.0,28
200800069714,8,12,30,1115,1,2,1,8,1,28140,M,4860600.0,167600.0,28
200800069715,8,12,11,1445,1,1,1,5,2,28367,M,4814300.0,190500.0,28
200800069716,8,12,21,1900,3,1,1,8,7,28145,M,4819600.0,164500.0,28
200800069717,8,12,3,1745,3,2,1,2,3,28088,M,4807100.0,137100.0,28
200800069718,8,12,4,1330,1,1,2,1,5,28075,M,0.0,0.0,28
200800069719,8,12,28,1930,3,1,1,1,7,28176,M,4825700.0,148800.0,28
200800069720,8,12,31,2015,3,1,1,5,1,28123,M,0.0,0.0,28
200800069721,8,12,6,1130,1,1,1,1,1,28395,M,4830000.0,85300.0,28
200800069722,8,12,24,200,3,1,1,1,6,28175,M,4829600.0,97200.0,28
200800069723,8,12,27,1745,5,2,1,1,6,28214,M,0.0,0.0,28
200800069724,8,12,3,1900,3,1,1,2,1,36030,M,4662000.0,177800.0,36
200800069725,8,12,15,1845,3,2,1,1,7,36194,M,4693700.0,133600.0,36
200800069726,8,12,19,1815,3,1,1,1,7,36031,M,4687000.0,143900.0,36
200800069727,8,12,22,2030,5,2,1,1,1,36045,M,4698700.0,117500.0,36
200800069728,8,12,14,1945,3,1,1,1,7,36193,M,0.0,0.0,36
200800069729,8,12,29,830,1,1,1,4,7,36165,M,4668000.0,104800.0,36
200800069730,8,12,24,1845,2,2,1,1,3,36109,M,4657900.0,197700.0,36
200800069731,8,12,15,745,3,1,1,1,1,36078,M,4657900.0,184900.0,36
200800069732,8,12,7,1115,1,1,1,1,1,36171,M,0.0,0.0,36
200800069733,8,12,17,215,3,1,1,1,1,37230,M,4749500.0,101000.0,37
200800069734,8,12,8,1830,5,2,6,9,6,37109,M,0.0,0.0,37
200800069735,8,12,8,645,2,1,1,9,3,37059,M,0.0,0.0,37
200800069736,8,12,13,730,3,1,1,9,1,37054,M,0.0,0.0,37
200800069737,8,12,1,945,1,2,1,1,3,37014,M,4727000.0,47300.0,37
200800069738,8,12,6,1145,1,2,1,1,2,37119,M,0.0,0.0,37
200800069739,8,12,13,1400,1,1,1,3,5,37085,M,0.0,0.0,37
200800069740,8,12,16,1800,5,2,1,1,6,37159,M,0.0,0.0,37
200800069741,8,12,16,1645,1,1,1,1,1,41223,M,0.0,0.0,41
200800069742,8,12,2,1000,1,2,1,1,6,41136,M,0.0,0.0,41
200800069743,8,12,4,1715,1,2,1,8,3,41136,M,4770300.0,150400.0,41
200800069744,8,12,6,1745,2,1,1,1,6,41043,M,4728300.0,151700.0,41
200800069745,8,12,9,345,3,1,1,1,7,41161,M,4746800.0,204200.0,41
200800069746,8,12,18,915,1,1,1,1,1,41127,M,0.0,0.0,41
200800069747,8,12,30,1215,1,1,1,1,6,41231,M,4757400.0,197200.0,41
200800069748,8,12,17,1630,2,1,2,5,5,41097,M,0.0,0.0,41
200800069749,8,12,6,1645,1,1,1,1,6,29233,M,0.0,0.0,29
200800069750,8,12,17,1615,1,2,6,1,3,29233,M,0.0,0.0,29
200800069751,8,12,24,2000,3,1,1,1,1,29150,M,0.0,0.0,29
200800069752,8,12,13,1,3,1,1,1,6,13104,M,4335500.0,510400.0,13
200800069753,8,12,10,2115,3,1,1,1,6,95652,M,4914000.0,237800.0,95
200800069754,8,12,27,1645,1,1,1,1,1,33199,M,4461000.0,-110300.0,33
200800069755,8,12,21,1100,1,1,1,1,6,58212,M,4714400.0,325200.0,58
200800069756,8,12,8,915,1,1,1,1,2,13025,M,4349300.0,556200.0,13
200800069757,8,12,14,1800,3,1,1,3,5,13040,M,4346200.0,554600.0,13
200800069758,8,12,17,1345,1,1,1,1,3,13040,M,4348300.0,554800.0,13
200800069759,8,12,6,1215,1,2,1,1,6,57038,M,4948500.0,596100.0,57
200800069760,8,12,8,2245,3,1,6,1,6,11027,M,4318900.0,251000.0,11
200800069761,8,12,5,1200,1,2,1,1,6,37050,M,0.0,0.0,37
200800069762,8,12,2,1200,1,2,1,1,6,29189,M,4837700.0,-437000.0,29
200800069763,8,12,24,1745,3,1,1,8,6,60505,M,0.0,0.0,60
200800069764,8,12,20,815,1,1,1,1,2,89316,M,4753000.0,398000.0,89
200800069765,8,12,22,1300,1,1,1,8,2,80685,M,4969400.0,277400.0,80
200800069766,8,12,24,430,3,1,1,1,2,80186,M,0.0,0.0,80
200800069767,8,12,31,45,3,1,1,9,1,80521,M,4998200.0,286800.0,80
200800069768,8,12,19,100,3,1,1,9,5,71512,M,0.0,0.0,71
200800069769,8,12,21,1430,1,1,1,1,6,71520,M,0.0,0.0,71
200800069770,8,12,21,1145,1,1,1,1,3,71512,M,0.0,0.0,71
200800069771,8,12,7,715,3,1,1,1,6,71150,M,0.0,0.0,71
200800069772,8,12,17,1930,3,1,1,4,6,71105,M,0.0,0.0,71
200800069773,8,12,20,615,3,1,1,8,6,71494,M,0.0,0.0,71
200800069774,8,12,30,1045,1,1,1,2,6,89013,M,0.0,0.0,89
200800069775,8,12,8,1445,1,1,1,1,5,84083,M,0.0,0.0,84
200800069776,8,12,18,2115,3,1,1,2,7,27065,M,4934100.0,36200.0,27
200800069777,8,12,26,1845,3,1,1,1,6,27227,M,0.0,0.0,27
200800069778,8,12,29,2000,3,1,1,1,7,76319,M,0.0,0.0,76
200800069779,8,12,19,2145,3,1,1,1,2,27351,M,0.0,0.0,27
200800069780,8,12,22,715,5,1,1,1,7,27203,M,0.0,0.0,27
200800069781,8,12,13,1015,1,1,1,5,1,21573,M,4744600.0,477000.0,21
200800069782,8,12,23,1745,3,1,1,1,2,69013,M,0.0,0.0,69
200800069783,8,12,25,1430,1,1,1,1,6,69242,M,0.0,0.0,69
200800069784,8,12,31,1030,1,2,1,2,1,68278,M,0.0,0.0,68
200800069785,8,12,24,1915,3,1,1,5,6,68278,M,4776600.0,744400.0,68
200800069786,8,12,19,700,3,1,1,1,6,53005,M,4817400.0,-77400.0,53
200800069787,8,12,5,800,1,1,1,1,2,95604,M,0.0,0.0,95
200800069788,8,12,9,1030,1,1,1,3,5,83096,M,0.0,0.0,83
200800069789,8,12,13,915,1,1,1,4,7,41101,M,0.0,0.0,41
200800069790,8,12,14,945,1,1,1,5,2,41252,M,4771100.0,145500.0,41
200800069791,8,12,22,730,2,1,1,1,2,41136,M,4770300.0,150300.0,41
200800069792,8,12,10,2245,3,1,1,1,1,34240,M,0.0,0.0,34
200800069793,8,12,15,715,3,1,1,3,5,30333,M,0.0,0.0,30
200800069794,8,12,30,1615,1,1,1,2,6,34340,M,0.0,0.0,34
200800069795,8,12,10,700,3,1,1,1,2,11285,M,0.0,0.0,11
200800069796,8,12,21,1515,1,1,1,1,6,45008,M,0.0,0.0,45