Num_Acc,an,mois,jour,hrmn,lum,agg,int,atm,col,com,gps,lat,long,dep
200800069797,8,12,31,1445,1,1,1,1,1,13032,M,4355300.0,536600.0,13
200800069798,8,12,13,800,1,2,1,8,6,67472,M,4883400.0,796700.0,67
200800069799,8,12,2,1730,3,2,1,1,6,67194,M,0.0,0.0,67
200800069800,8,12,28,1245,1,1,1,1,7,21405,M,4696800.0,483800.0,21
200800069801,8,12,13,1415,1,1,1,1,6,73179,M,4558300.0,584300.0,73
200800069802,8,12,2,800,1,1,1,1,6,38046,M,4545900.0,540000.0,38
200800069803,8,12,19,500,3,1,1,1,6,38170,M,4525800.0,564700.0,38
200800069804,8,12,28,1830,3,1,1,1,6,38239,M,4534900.0,556400.0,38
200800069805,8,12,28,1830,3,1,1,1,6,38239,M,4534800.0,556500.0,38
200800069806,8,12,20,2145,3,1,1,1,5,14221,M,4917100.0,-27700.0,14
200800069807,8,12,2,1730,5,2,1,1,6,41150,M,4756700.0,146500.0,41
200800069808,8,12,6,315,3,1,1,1,7,41067,M,0.0,0.0,41
200800069809,8,12,19,1815,2,1,1,1,1,41061,M,0.0,0.0,41
200800069810,8,12,24,1830,5,2,1,1,6,41032,M,4754400.0,131000.0,41
200800069811,8,12,10,945,1,1,1,9,1,29069,M,0.0,0.0,29
200800069812,8,12,25,2215,5,2,1,1,7,29212,M,4837800.0,-457500.0,29
200800069813,8,12,5,1445,1,1,1,1,2,34129,M,4357400.0,386200.0,34
200800069814,8,12,20,215,3,1,1,1,7,34172,M,4360100.0,391100.0,34
200800069815,8,12,23,745,2,1,1,1,5,34166,M,4336200.0,334100.0,34
200800069816,8,12,31,1315,1,1,1,1,1,34336,M,4334200.0,329200.0,34
200800069817,8,12,23,1530,1,1,1,1,7,33227,M,0.0,0.0,33
200800069818,8,12,5,1030,1,1,1,1,3,06088,M,0.0,0.0,06
200800069819,8,12,6,2045,3,1,1,1,3,66136,M,0.0,0.0,66
200800069820,8,12,13,2015,3,1,1,1,3,67033,M,0.0,0.0,67
200800069821,8,12,25,15,3,1,1,9,5,67067,M,0.0,0.0,67
200800069822,8,12,5,1115,1,1,1,4,6,62609,M,5037200.0,276400.0,62
200800069823,8,12,23,2315,3,1,1,1,1,38039,M,0.0,0.0,38
200800069824,8,12,13,1330,1,1,1,1,6,13001,M,0.0,0.0,13
200800069825,8,12,13,1915,3,1,1,3,6,13086,M,0.0,0.0,13
200800069826,8,12,22,2200,3,1,1,1,6,13007,M,0.0,0.0,13
200800069827,8,12,6,1500,1,1,1,1,6,77505,M,0.0,0.0,77
200800069828,8,12,15,745,2,1,1,9,1,64430,M,4350200.0,-82900.0,64
200800069829,8,12,25,1915,3,1,1,1,2,11261,M,4317800.0,265600.0,11
200800069830,8,12,6,1345,1,1,1,1,1,47220,M,4436000.0,24700.0,47
200800069831,8,12,11,1915,3,1,1,1,4,33199,M,0.0,0.0,33
200800069832,8,12,16,1615,1,1,1,8,2,33284,M,0.0,0.0,33
200800069833,8,12,22,1415,1,1,1,1,7,53228,M,0.0,0.0,53
200800069834,8,12,23,1400,1,1,1,8,7,47145,M,0.0,0.0,47
200800069835,8,12,31,400,3,1,1,1,1,82050,M,0.0,0.0,82
200800069836,8,12,7,600,3,1,1,1,6,20065,M,0.0,0.0,201
200800069837,8,12,9,1515,1,1,1,1,6,20099,M,4195000.0,916800.0,201
200800069838,8,12,4,1100,1,2,2,1,3,38249,M,0.0,0.0,38
200800069839,8,12,8,815,2,2,1,1,6,38229,M,0.0,0.0,38
200800069840,8,12,9,2015,4,2,1,1,1,38397,M,0.0,0.0,38
200800069841,8,12,25,1500,1,2,1,3,1,06085,M,0.0,0.0,06
200800069842,8,12,10,1330,1,2,1,1,1,78431,M,4893700.0,193100.0,78
200800069843,8,12,30,2030,3,1,1,5,2,33122,M,0.0,0.0,33
200800069844,8,12,4,1915,5,2,1,1,6,66195,M,0.0,0.0,66
200800069845,8,12,8,915,1,1,1,1,5,67223,M,0.0,0.0,67
200800069846,8,12,6,545,3,1,1,1,2,17044,M,0.0,0.0,17
200800069847,8,12,20,1515,1,1,1,1,6,17044,M,0.0,0.0,17
200800069848,8,12,25,1300,1,1,1,1,7,33351,M,0.0,0.0,33
200800069849,8,12,16,2045,5,2,1,1,1,74026,M,0.0,0.0,74
200800069850,8,12,28,830,1,1,1,1,1,74272,M,0.0,0.0,74
200800069851,8,12,1,1100,1,1,1,1,6,01049,M,4584400.0,504700.0,01
200800069852,8,12,14,1500,1,1,1,1,7,69299,M,4570500.0,507300.0,69
200800069853,8,12,17,1515,1,1,1,1,7,01290,M,4588300.0,520500.0,01
200800069854,8,12,3,15,3,1,1,2,1,91045,M,0.0,0.0,91
200800069855,8,12,16,2330,3,1,1,1,6,91045,M,4853200.0,240700.0,91
200800069856,8,12,6,1630,1,1,1,8,7,51571,M,4920600.0,423500.0,51
200800069857,8,12,18,745,1,1,1,1,7,06018,M,0.0,0.0,06
200800069858,8,12,20,130,5,1,1,1,5,06152,M,0.0,0.0,06
200800069859,8,12,23,830,1,1,1,1,7,06152,M,0.0,0.0,06
200800069860,8,12,30,1445,1,1,1,2,1,69244,M,0.0,0.0,69
200800069861,8,12,17,1730,5,2,1,2,6,69244,M,0.0,0.0,69
200800069862,8,12,3,1400,1,2,1,1,3,38425,M,0.0,0.0,38
200800069863,8,12,1,1645,2,1,1,4,1,74120,M,0.0,0.0,74
200800069864,8,12,19,1345,1,1,1,8,3,74137,M,0.0,0.0,74
200800069865,8,12,8,1930,3,1,1,1,1,34255,M,0.0,0.0,34
200800069866,8,12,26,115,3,1,1,1,2,01451,M,4626700.0,520600.0,01
200800069867,8,12,3,1730,3,1,1,2,1,78233,M,4886900.0,197000.0,78
200800069868,8,12,7,700,2,2,1,1,1,13037,M,0.0,0.0,13
200800069869,8,12,4,645,3,1,1,1,5,13118,M,4355600.0,524600.0,13
200800069870,8,12,30,1915,3,1,3,1,3,13118,M,0.0,0.0,13
200800069871,8,12,28,1545,1,1,1,1,7,95445,M,4910300.0,228200.0,95
200800069872,8,12,5,1830,3,1,1,1,2,56240,M,0.0,0.0,56
200800069873,8,12,10,1945,5,2,1,1,1,56243,M,4763400.0,-274200.0,56
200800069874,8,12,22,1715,1,2,1,1,3,56243,M,4765500.0,-273000.0,56
200800069875,8,12,22,1345,1,1,1,1,2,88232,M,0.0,0.0,88
200800069876,8,12,14,1515,1,1,1,3,6,13001,M,0.0,0.0,13
200800069877,8,12,8,700,2,1,1,1,6,41232,M,0.0,0.0,41
200800069878,8,12,28,745,2,1,1,1,6,34337,M,0.0,0.0,34
200800069879,8,12,21,2045,3,1,1,1,6,01237,M,0.0,0.0,01
200800069880,8,12,5,1145,1,1,1,6,6,14191,M,4931700.0,-44500.0,14
200800069881,8,12,17,730,2,1,1,1,3,14355,M,4928600.0,-52200.0,14
200800069882,8,12,9,1830,3,1,2,2,1,13051,M,4359100.0,510100.0,13
200800069883,8,12,24,2300,3,1,1,2,1,49110,M,0.0,0.0,49
200800069884,8,12,9,1945,5,1,6,2,1,67152,M,4853500.0,769100.0,67
200800069885,8,12,21,2000,3,1,9,1,7,67212,M,4855400.0,765000.0,67
200800069886,8,12,8,1100,1,2,2,1,1,67309,M,4863900.0,771400.0,67
200800069887,8,12,9,1200,2,2,1,8,6,67471,M,4863600.0,772800.0,67
200800069888,8,12,15,800,1,1,1,1,4,67389,M,4865100.0,776300.0,67
200800069889,8,12,1,1200,1,1,1,1,3,02231,M,0.0,0.0,02
200800069890,8,12,8,1,3,1,1,5,3,02157,M,0.0,0.0,02
200800069891,8,12,24,1400,1,1,1,1,2,18172,M,0.0,0.0,18
200800069892,8,12,6,1800,3,1,1,2,5,21614,M,4748900.0,518800.0,21
200800069893,8,12,9,2100,3,1,1,4,1,10361,M,0.0,0.0,10
200800069894,8,12,3,1630,1,2,1,8,6,13113,M,0.0,0.0,13
200800069895,8,12,7,2100,3,1,1,1,4,73183,M,0.0,0.0,73
200800069896,8,12,6,1145,1,1,1,1,6,38394,M,0.0,0.0,38
200800069897,8,12,24,830,1,1,1,8,6,51617,M,0.0,0.0,51
200800069898,8,12,23,530,3,1,1,1,3,77279,M,0.0,0.0,77
200800069899,8,12,19,1045,1,1,1,1,3,95313,M,0.0,0.0,95
200800069900,8,12,25,30,3,1,1,1,7,95313,M,0.0,0.0,95
200800069901,8,12,9,1500,1,1,1,2,1,13091,M,0.0,0.0,13
200800069902,8,12,7,45,3,1,1,1,6,31107,M,4331000.0,120000.0,31
200800069903,8,12,5,1000,1,1,1,3,7,76489,M,0.0,0.0,76
200800069904,8,12,16,1100,1,1,1,8,6,31390,M,4310000.0,55300.0,31
200800069905,8,12,27,1015,1,1,1,1,3,74189,M,4606200.0,648600.0,74
200800069906,8,12,5,15,3,1,1,3,6,19071,M,4577000.0,215800.0,19
200800069907,8,12,9,745,1,1,1,9,6,19058,M,4576400.0,225100.0,19
200800069908,8,12,9,800,1,1,1,9,6,19130,M,4578100.0,225100.0,19
200800069909,8,12,15,2015,3,1,9,1,3,33015,M,0.0,0.0,33
200800069910,8,12,7,1515,1,1,1,1,6,72386,M,4803600.0,29400.0,72
200800069911,8,12,25,1215,1,1,1,1,2,46105,M,0.0,0.0,46
200800069912,8,12,6,115,3,1,1,1,6,72320,M,0.0,0.0,72
200800069913,8,12,19,1830,5,2,1,8,5,68375,M,0.0,0.0,68
200800069914,8,12,6,130,3,1,1,2,6,19176,M,0.0,0.0,19
200800069915,8,12,2,1030,1,2,7,2,6,67324,M,4895500.0,764800.0,67
200800069916,8,12,4,2245,3,1,6,2,6,30117,M,4368400.0,460900.0,30
200800069917,8,12,7,1300,1,2,1,1,3,30034,M,4375600.0,451200.0,30
200800069918,8,12,13,1330,1,1,1,1,6,30034,M,4373700.0,446500.0,30
200800069919,8,12,20,615,3,1,1,1,6,30034,M,4374000.0,446700.0,30
200800069920,8,12,19,1045,1,2,1,1,6,34192,M,0.0,0.0,34
200800069921,8,12,28,1800,3,1,1,1,6,34192,M,0.0,0.0,34
200800069922,8,12,18,1945,5,2,1,8,6,41051,M,4734300.0,115100.0,41
200800069923,8,12,11,845,1,1,1,1,3,31150,M,4367000.0,131300.0,31
200800069924,8,12,9,1415,1,1,1,2,3,95510,M,0.0,0.0,95
200800069925,8,12,15,930,1,2,1,1,6,95637,M,0.0,0.0,95
200800069926,8,12,21,215,3,2,1,1,1,95510,M,0.0,0.0,95
200800069927,8,12,12,1600,1,1,6,1,3,56094,M,0.0,0.0,56
200800069928,8,12,15,1545,1,2,1,1,6,56177,M,4777900.0,-301000.0,56
200800069929,8,12,7,1245,1,1,3,1,3,35173,M,4823000.0,-168800.0,35
200800069930,8,12,30,1830,3,1,1,1,1,35024,M,0.0,0.0,35
200800069931,8,12,9,1345,1,2,1,8,3,44071,M,4720200.0,-143000.0,44
200800069932,8,12,8,800,2,1,1,8,2,62548,M,5095900.0,198200.0,62
200800069933,8,12,4,1645,2,1,1,3,3,24449,M,0.0,0.0,24
200800069934,8,12,2,2315,3,1,1,1,6,34309,M,4371000.0,394000.0,34
200800069935,8,12,16,1500,1,1,1,1,7,27463,M,0.0,0.0,27
200800069936,8,12,12,2030,3,1,1,1,5,30092,M,4409200.0,459600.0,30
200800069937,8,12,11,1915,3,1,6,1,1,83054,M,0.0,0.0,83
200800069938,8,12,18,715,1,1,1,1,3,83033,M,0.0,0.0,83
200800069939,8,12,23,15,5,2,1,1,6,83091,M,0.0,0.0,83
200800069940,8,12,21,2030,3,1,1,1,1,63178,M,4556400.0,326800.0,63
200800069941,8,12,30,1745,1,1,1,1,6,63178,M,4558900.0,324200.0,63
200800069942,8,12,24,1645,1,1,1,1,2,87088,M,0.0,0.0,87
200800069943,8,12,15,630,3,1,1,5,2,19276,M,4541400.0,152800.0,19
200800069944,8,12,15,530,3,1,1,5,6,19276,M,4541300.0,152900.0,19
200800069945,8,12,15,845,1,1,1,8,6,34259,M,0.0,0.0,34
200800069946,8,12,17,230,3,1,1,1,6,35124,M,0.0,0.0,35
200800069947,8,12,30,800,1,1,1,9,7,35121,M,0.0,0.0,35
200800069948,8,12,4,1800,3,1,1,2,6,29140,M,4838700.0,-430700.0,29
200800069949,8,12,6,1530,1,1,1,1,7,08060,M,4941500.0,425900.0,08
200800069950,8,12,29,1315,1,1,1,1,6,08305,M,4965000.0,463900.0,08
200800069951,8,12,5,1830,3,1,1,6,2,29181,M,4849200.0,-426900.0,29
200800069952,8,12,19,1300,1,1,1,1,2,44103,M,0.0,0.0,44
200800069953,8,12,8,1315,1,1,1,1,7,44103,M,0.0,0.0,44
200800069954,8,12,9,2315,3,1,1,4,7,22182,M,0.0,0.0,22
200800069955,8,12,18,2000,3,1,9,1,3,14738,M,4916800.0,-43700.0,14
200800069956,8,12,31,1730,2,1,9,1,6,72058,M,0.0,0.0,72
200800069957,8,12,2,1715,1,1,1,2,5,83019,M,0.0,0.0,83
200800069958,8,12,11,1900,5,2,1,1,6,83019,M,0.0,0.0,83
200800069959,8,12,24,1445,1,1,1,9,6,68112,M,4794000.0,704100.0,68
200800069960,8,12,31,1600,1,1,1,4,6,68300,M,0.0,0.0,68
200800069961,8,12,25,1605,1,2,1,8,6,77037,M,,,77
200800069962,8,12,30,655,3,1,1,4,1,63164,M,,,63
200800069963,8,12,27,1545,1,2,1,1,1,59564,M,,,59
200800069964,8,12,28,2015,5,2,2,1,6,92004,M,,,92
200800069965,8,12,30,745,5,2,3,1,3,92009,M,,,92
200800069966,8,12,26,830,1,1,1,1,5,77350,M,,,77
200800069967,8,12,21,100,3,1,1,1,6,77058,M,,,77
200800069968,8,12,10,1825,5,2,2,9,3,91549,M,,,91
200800069969,8,12,25,2230,5,2,1,1,6,26198,M,,,26
200800069970,8,12,26,1220,1,2,1,1,2,26198,M,,,26
200800069971,8,12,30,1330,1,1,1,1,7,26198,M,,,26
200800069972,8,12,13,1540,1,2,1,2,1,91685,M,,,91
200800069973,8,12,9,1150,1,2,1,1,6,71153,M,,,71
200800069974,8,12,17,745,5,2,1,2,6,62525,M,,,62
200800069975,8,12,1,1520,1,2,1,8,6,76540,M,,,76
200800069976,8,12,2,1000,1,1,1,1,1,76322,M,,,76
200800069977,8,12,2,1245,1,2,1,1,3,76131,M,,,76
200800069978,8,12,2,1915,5,2,1,3,6,76484,M,,,76
200800069979,8,12,3,1710,5,2,1,1,4,76451,M,,,76
200800069980,8,12,5,150,5,1,1,1,7,76540,M,,,76
200800069981,8,12,5,715,5,2,1,2,6,76681,M,,,76
200800069982,8,12,6,1250,1,2,1,1,1,76484,M,,,76
200800069983,8,12,8,1650,5,2,2,1,3,76540,M,,,76
200800069984,8,12,8,2020,5,2,3,1,3,76540,M,,,76
200800069985,8,12,10,120,3,1,1,1,7,76410,M,,,76
200800069986,8,12,9,835,2,2,1,2,3,76540,M,,,76
200800069987,8,12,10,1745,5,2,1,1,6,76540,M,,,76
200800069988,8,12,11,730,2,2,1,9,6,76540,M,,,76
200800069989,8,12,12,1820,3,2,1,1,6,76540,M,,,76
200800069990,8,12,14,1655,3,1,1,2,7,76212,M,,,76
200800069991,8,12,15,125,5,2,1,8,6,76540,M,,,76
200800069992,8,12,15,730,4,2,1,8,6,76410,M,,,76
200800069993,8,12,15,950,1,2,1,9,7,76451,M,,,76
200800069994,8,12,15,1120,1,2,1,1,6,76216,M,,,76
200800069995,8,12,19,1415,1,2,1,1,6,76540,M,,,76
200800069996,8,12,26,1700,1,2,3,1,3,76575,M,,,76
200800069997,8,12,26,1715,5,2,1,1,3,76540,M,,,76
200800069998,8,12,28,1525,1,2,1,1,3,76540,M,,,76
200800069999,8,12,26,1630,1,2,1,1,3,76540,M,,,76
200800070000,8,12,23,1720,5,2,1,1,6,76451,M,,,76
200800070001,8,12,22,1320,1,1,1,2,3,76410,M,,,76
200800070002,8,12,6,2300,5,2,2,8,1,78401,M,,,78
200800070003,8,12,14,1345,1,2,2,1,3,78440,M,,,78
200800070004,8,12,6,1540,1,2,7,1,6,92035,M,,,92
200800070005,8,12,16,815,5,2,3,1,6,92035,M,,,92
200800070006,8,12,21,1810,5,2,2,1,6,92035,M,,,92
200800070007,8,12,12,2010,2,2,3,1,7,94055,M,,,94
200800070008,8,12,2,1730,3,2,2,1,6,02722,M,,,02
200800070009,8,12,13,2105,5,2,1,2,6,02722,M,,,02
200800070010,8,12,31,2330,5,2,1,8,6,59512,M,,,59
200800070011,8,12,3,1040,1,2,3,1,6,92012,M,,,92
200800070012,8,12,3,1215,1,2,1,1,1,92012,M,,,92
200800070013,8,12,4,2055,5,2,5,2,3,92012,M,,,92
200800070014,8,12,5,1745,2,2,1,1,2,92012,M,,,92
200800070015,8,12,6,1535,1,2,1,1,3,92012,M,,,92
200800070016,8,12,10,910,1,2,1,1,6,92012,M,,,92
200800070017,8,12,11,1700,2,2,1,1,6,92012,M,,,92
200800070018,8,12,11,2045,5,2,2,1,6,92012,M,,,92
200800070019,8,12,12,1630,1,2,2,1,3,92012,M,,,92
200800070020,8,12,15,1845,2,2,2,1,3,92012,M,,,92
200800070021,8,12,17,1230,1,2,1,1,1,92012,M,,,92
200800070022,8,12,17,855,1,2,2,1,1,92012,M,,,92
200800070023,8,12,19,1100,1,1,2,1,3,92012,M,,,92
200800070024,8,12,22,1415,1,2,1,1,6,92012,M,,,92
200800070025,8,12,26,1740,2,2,3,1,6,92012,M,,,92
200800070026,8,12,1,930,1,2,1,1,6,13055,M,,,13
200800070027,8,12,1,741,5,1,8,1,6,92023,M,,,92
200800070028,8,12,9,1220,1,2,2,4,3,92023,M,,,92
200800070029,8,12,13,1845,5,2,1,9,6,92023,M,,,92
200800070030,8,12,16,840,2,2,1,2,3,92060,M,,,92
200800070031,8,12,18,1920,5,2,1,9,6,92060,M,,,92
200800070032,8,12,21,1953,5,2,1,1,3,92060,M,,,92
200800070033,8,12,22,1730,5,2,6,2,6,92023,M,,,92
200800070034,8,12,25,1042,1,2,4,1,6,92023,M,,,92
200800070035,8,12,19,2350,5,2,1,1,3,92051,M,,,92
200800070036,8,12,17,2300,5,2,1,2,6,92051,M,,,92
200800070037,8,12,15,1040,1,2,2,1,3,92051,M,,,92
200800070038,8,12,18,1650,5,2,1,8,2,92051,M,,,92
200800070039,8,12,9,1610,1,2,1,1,6,92051,M,,,92
200800070040,8,12,22,835,1,2,6,1,6,92051,M,,,92
200800070041,8,12,2,818,1,2,1,1,7,92051,M,,,92
200800070042,8,12,10,1940,5,2,1,1,3,92051,M,,,92
200800070043,8,12,23,1825,5,2,1,1,6,92051,M,,,92
200800070044,8,12,13,1730,5,2,3,3,3,92007,M,,,92
200800070045,8,12,17,1735,5,2,1,8,6,92007,M,,,92
200800070046,8,12,26,1535,1,2,2,1,6,92007,M,,,92
200800070047,8,12,16,810,4,2,1,5,1,54028,M,,,54
200800070048,8,12,28,1455,1,2,3,1,3,78650,M,,,78
200800070049,8,12,6,1850,5,2,2,1,3,76217,M,,,76
200800070050,8,12,9,900,1,2,1,1,6,76217,M,,,76
200800070051,8,12,10,245,5,1,1,1,7,76545,M,,,76
200800070052,8,12,10,1450,1,2,1,1,7,76137,M,,,76
200800070053,8,12,18,2100,5,2,1,1,7,76026,M,,,76
200800070054,8,12,19,1020,1,2,1,1,2,76217,M,,,76
200800070055,8,12,30,1900,5,2,5,1,3,76217,M,,,76
200800070056,8,12,19,1447,1,2,1,1,5,02408,M,,,02
200800070057,8,12,3,2140,5,2,3,1,2,13054,M,,,13
200800070058,8,12,12,1840,5,2,1,1,6,13054,M,,,13
200800070059,8,12,27,1700,2,1,1,1,3,13054,M,,,13
200800070060,8,12,2,815,1,2,2,8,6,31555,M,,,31
200800070061,8,12,2,1320,1,2,1,1,3,31555,M,,,31
200800070062,8,12,2,1400,1,2,1,1,1,31555,M,,,31
200800070063,8,12,2,1715,2,2,2,1,6,31555,M,,,31
200800070064,8,12,2,1830,5,2,1,1,2,31555,M,,,31
200800070065,8,12,2,2350,5,2,1,1,6,31555,M,,,31
200800070066,8,12,1,730,1,1,1,2,4,31149,M,,,31
200800070067,8,12,3,1120,1,2,1,8,2,31555,M,,,31
200800070068,8,12,4,730,2,2,3,2,3,31555,M,,,31
200800070069,8,12,4,705,5,2,1,2,6,31555,M,,,31
200800070070,8,12,4,1310,1,2,1,2,2,31555,M,,,31
200800070071,8,12,4,1450,1,2,1,2,2,31555,M,,,31
200800070072,8,12,5,35,5,2,3,2,2,31555,M,,,31
200800070073,8,12,7,1330,1,2,1,1,6,31555,M,,,31
200800070074,8,12,5,1540,1,2,3,1,2,31555,M,,,31
200800070075,8,12,5,1745,5,2,1,2,6,31555,M,,,31
200800070076,8,12,5,1915,5,2,6,2,6,31555,M,,,31
200800070077,8,12,6,1050,1,1,1,8,6,31555,M,,,31
200800070078,8,12,6,1405,1,2,1,1,1,31555,M,,,31
200800070079,8,12,8,50,5,2,1,1,1,31555,M,,,31
200800070080,8,12,8,830,1,1,1,1,3,31555,M,,,31
200800070081,8,12,8,1630,1,2,1,1,3,31555,M,,,31
200800070082,8,12,8,2230,5,1,2,1,3,31555,M,,,31
200800070083,8,12,4,830,1,2,3,8,3,31555,M,,,31
200800070084,8,12,7,610,5,2,1,1,6,31555,M,,,31
200800070085,8,12,8,910,1,1,1,1,2,31555,M,,,31
200800070086,8,12,9,1800,5,2,1,2,3,31555,M,,,31
200800070087,8,12,9,1850,5,1,1,2,4,31555,M,,,31
200800070088,8,12,9,1900,5,2,1,1,3,31555,M,,,31
200800070089,8,12,10,1410,1,1,4,2,5,31555,M,,,31
200800070090,8,12,10,1235,1,2,1,1,6,31555,M,,,31
200800070091,8,12,12,840,1,2,1,1,3,31555,M,,,31
200800070092,8,12,12,720,5,2,1,2,3,31555,M,,,31
200800070093,8,12,12,740,1,2,1,1,6,31555,M,,,31
200800070094,8,12,12,745,1,2,1,1,7,31555,M,,,31
200800070095,8,12,12,1210,1,2,2,8,1,31555,M,,,31
200800070096,8,12,12,1425,1,2,1,1,6,31555,M,,,31
200800070097,8,12,13,950,1,2,2,1,1,31555,M,,,31
200800070098,8,12,13,2000,5,2,1,3,6,31555,M,,,31
200800070099,8,12,14,30,5,1,1,2,6,31555,M,,,31
200800070100,8,12,14,315,5,2,1,3,6,31555,M,,,31
200800070101,8,12,15,800,1,2,1,2,4,31555,M,,,31
200800070102,8,12,15,801,2,2,1,8,6,31555,M,,,31
200800070103,8,12,16,210,5,1,1,2,6,31555,M,,,31
200800070104,8,12,6,1045,1,1,1,8,3,31555,M,,,31
200800070105,8,12,9,1235,1,2,1,2,6,31555,M,,,31
200800070106,8,12,12,820,1,2,1,2,6,31555,M,,,31
200800070107,8,12,16,1810,5,2,1,2,3,31555,M,,,31
200800070108,8,12,16,840,1,2,1,2,3,31555,M,,,31
200800070109,8,12,17,525,5,2,1,1,6,31555,M,,,31
200800070110,8,12,12,1900,5,2,1,1,6,31555,M,,,31
200800070111,8,12,17,730,2,2,6,1,2,31555,M,,,31
200800070112,8,12,17,840,1,2,1,1,2,31555,M,,,31
200800070113,8,12,17,1950,5,2,1,3,4,31555,M,,,31
200800070114,8,12,18,1140,1,2,1,1,3,31555,M,,,31
200800070115,8,12,19,2320,5,1,1,2,5,31555,M,,,31
200800070116,8,12,19,2055,5,2,1,2,1,31555,M,,,31
200800070117,8,12,19,2210,5,2,1,1,1,31555,M,,,31
200800070118,8,12,19,2345,5,2,1,1,6,31555,M,,,31
200800070119,8,12,21,530,5,2,1,1,6,31555,M,,,31
200800070120,8,12,21,1130,1,2,3,1,3,31555,M,,,31
200800070121,8,12,21,1225,1,2,1,1,6,31555,M,,,31
200800070122,8,12,22,2000,5,2,1,1,3,31555,M,,,31
200800070123,8,12,23,1810,5,2,1,5,3,31555,M,,,31
200800070124,8,12,23,1905,5,2,3,5,3,31555,M,,,31
200800070125,8,12,25,1510,1,2,1,1,6,31555,M,,,31
200800070126,8,12,24,1620,1,2,3,1,3,31555,M,,,31
200800070127,8,12,24,1625,1,2,1,1,2,31555,M,,,31
200800070128,8,12,27,1000,1,2,1,1,3,31555,M,,,31
200800070129,8,12,27,1130,1,2,1,1,3,31555,M,,,31
200800070130,8,12,29,2230,5,2,1,2,6,31555,M,,,31
200800070131,8,12,18,1935,5,1,1,1,5,31555,M,,,31
200800070132,8,12,24,1700,1,2,1,1,2,31555,M,,,31
200800070133,8,12,29,2350,5,2,1,2,3,31555,M,,,31
200800070134,8,12,31,200,5,2,1,1,6,31555,M,,,31
200800070135,8,12,31,1150,1,1,1,1,2,31555,M,,,31
200800070136,8,12,29,1313,1,2,3,1,3,33281,M,,,33
200800070137,8,12,6,1235,1,2,1,1,3,35288,M,,,35
200800070138,8,12,12,1335,1,2,2,1,2,35288,M,,,35
200800070139,8,12,9,803,2,2,1,2,2,35288,M,,,35
200800070140,8,12,17,1449,1,2,1,1,6,35288,M,,,35
200800070141,8,12,9,1059,1,2,1,1,6,38544,M,,,38
200800070142,8,12,30,1400,1,1,1,9,3,38544,M,,,38
200800070143,8,12,28,1820,5,2,1,1,1,57306,M,,,57
200800070144,8,12,2,1210,1,2,3,1,2,57221,M,,,57
200800070145,8,12,3,820,1,2,1,2,5,57368,M,,,57
200800070146,8,12,4,1650,2,2,3,2,3,57221,M,,,57
200800070147,8,12,8,1825,5,2,1,1,6,57221,M,,,57
200800070148,8,12,10,1740,5,2,1,1,3,57221,M,,,57
200800070149,8,12,27,1105,1,2,1,1,3,57221,M,,,57
200800070150,8,12,28,1920,5,2,1,1,2,57306,M,,,57
200800070151,8,12,19,810,5,2,3,1,6,59526,M,,,59
200800070152,8,12,7,1845,5,2,1,8,5,62108,M,,,62
200800070153,8,12,30,825,1,2,3,2,6,77514,M,,,77
200800070154,8,12,11,2000,5,2,1,1,6,78586,M,,,78
200800070155,8,12,20,220,5,2,6,1,6,78586,M,,,78
200800070156,8,12,26,530,5,2,1,1,1,89024,M,,,89
200800070157,8,12,9,1840,5,2,2,2,6,89024,M,,,89
200800070158,8,12,18,1705,5,2,1,2,6,89346,M,,,89
200800070159,8,12,20,1431,1,2,1,2,3,90032,M,,,90
200800070160,8,12,22,1625,1,2,1,1,7,90099,M,,,90
200800070161,8,12,24,1515,1,2,1,1,3,90010,M,,,90
200800070162,8,12,29,1557,1,1,1,1,7,90029,M,,,90
200800070163,8,12,11,1550,1,2,1,1,6,91479,M,,,91
200800070164,8,12,23,1800,5,2,1,1,6,91027,M,,,91
200800070165,8,12,17,1620,1,2,1,8,6,93005,M,,,93
200800070166,8,12,22,630,5,2,1,1,6,93005,M,,,93
200800070167,8,12,29,630,5,2,9,9,6,93005,M,,,93
200800070168,8,12,31,2000,5,2,3,1,6,93005,M,,,93
200800070169,8,12,11,1115,1,2,1,1,3,94042,M,,,94
200800070170,8,12,13,930,1,2,1,1,6,94052,M,,,94
200800070171,8,12,16,2235,5,2,1,1,7,94058,M,,,94
200800070172,8,12,1,700,5,2,2,9,3,94080,M,,,94
200800070173,8,12,1,1235,1,2,4,2,2,94080,M,,,94
200800070174,8,12,3,1930,5,2,2,1,3,94080,M,,,94
200800070175,8,12,6,1900,5,2,3,1,3,94080,M,,,94
200800070176,8,12,17,1800,5,2,1,2,4,94080,M,,,94
200800070177,8,12,18,1210,1,2,2,2,6,94067,M,,,94
200800070178,8,12,19,1305,1,2,2,1,3,94080,M,,,94
200800070179,8,12,21,1200,1,2,1,1,6,94067,M,,,94
200800070180,8,12,19,1555,1,2,2,1,1,94080,M,,,94
200800070181,8,12,23,1305,1,2,2,1,6,94080,M,,,94