Num_Acc,an,mois,jour,hrmn,lum,agg,int,atm,col,com,gps,lat,long,dep
200800070182,8,12,3,2000,5,2,2,1,3,69387,M,,,69
200800070183,8,12,9,1830,5,2,2,3,6,69387,M,,,69
200800070184,8,12,26,1400,1,2,2,1,3,69387,M,,,69
200800070185,8,12,16,1905,5,2,2,1,3,69387,M,,,69
200800070186,8,12,17,2000,5,2,2,1,3,69387,M,,,69
200800070187,8,12,31,2040,5,2,2,3,3,69387,M,,,69
200800070188,8,12,16,1910,5,2,2,1,3,69387,M,,,69
200800070189,8,12,8,1850,2,2,1,1,3,91174,M,,,91
200800070190,8,12,4,1805,2,1,1,1,4,91174,M,,,91
200800070191,8,12,16,1815,2,2,1,1,6,91174,M,,,91
200800070192,8,12,29,1450,1,2,1,1,3,91174,M,,,91
200800070193,8,12,11,2205,5,2,1,1,3,91174,M,,,91
200800070194,8,12,4,855,1,2,1,1,6,91174,M,,,91
200800070195,8,12,6,1835,5,2,3,2,6,01053,M,,,01
200800070196,8,12,19,305,5,1,1,2,6,01289,M,,,01
200800070197,8,12,22,1630,1,2,1,1,6,01344,M,,,01
200800070198,8,12,21,1240,1,2,1,8,2,02168,M,,,02
200800070199,8,12,25,1255,1,2,1,1,6,02691,M,,,02
200800070200,8,12,5,1920,5,2,1,2,6,02691,M,,,02
200800070201,8,12,9,1325,1,2,3,4,3,02691,M,,,02
200800070202,8,12,10,1810,3,2,1,1,3,02691,M,,,02
200800070203,8,12,22,805,2,2,1,2,3,02691,M,,,02
200800070204,8,12,19,1940,5,2,1,1,2,02691,M,,,02
200800070205,8,12,23,1855,5,2,1,1,1,02691,M,,,02
200800070206,8,12,28,1050,1,2,3,1,6,02691,M,,,02
200800070207,8,12,15,745,2,2,1,5,6,02691,M,,,02
200800070208,8,12,17,1510,1,2,1,2,6,03185,M,,,03
200800070209,8,12,24,1745,5,2,1,1,6,03098,M,,,03
200800070210,8,12,7,1355,1,2,6,1,2,03321,M,,,03
200800070211,8,12,15,1230,1,2,7,1,3,03190,M,,,03
200800070212,8,12,5,1550,1,2,6,1,3,03095,M,,,03
200800070213,8,12,12,1450,1,2,1,1,6,03310,M,,,03
200800070214,8,12,12,1750,2,2,1,1,2,03095,M,,,03
200800070215,8,12,16,1915,5,2,1,2,6,03310,M,,,03
200800070216,8,12,17,750,1,2,1,2,6,03310,M,,,03
200800070217,8,12,18,1215,1,2,1,1,4,03094,M,,,03
200800070218,8,12,18,1745,5,2,4,2,3,03310,M,,,03
200800070219,8,12,18,1800,5,2,1,2,6,03310,M,,,03
200800070220,8,12,19,500,5,2,1,2,1,03095,M,,,03
200800070221,8,12,15,720,3,2,1,1,7,04070,M,,,04
200800070222,8,12,31,1715,5,2,1,4,2,05023,M,,,05
200800070223,8,12,4,1210,1,2,1,1,3,06155,M,,,06
200800070224,8,12,5,1415,1,2,3,1,3,06004,M,,,06
200800070225,8,12,7,1235,1,2,3,1,3,06004,M,,,06
200800070226,8,12,10,1220,1,2,1,2,6,06155,M,,,06
200800070227,8,12,10,1445,1,2,2,3,3,06004,M,,,06
200800070228,8,12,12,1320,1,2,1,1,6,06004,M,,,06
200800070229,8,12,17,755,1,2,2,1,1,06155,M,,,06
200800070230,8,12,19,1850,2,2,6,1,3,06004,M,,,06
200800070231,8,12,21,1244,1,2,1,1,5,06004,M,,,06
200800070232,8,12,29,1210,1,2,3,1,3,06004,M,,,06
200800070233,8,12,29,1558,1,2,1,6,6,06004,M,,,06
200800070234,8,12,1,1715,2,2,3,1,3,06027,M,,,06
200800070235,8,12,2,745,1,2,1,1,3,06027,M,,,06
200800070236,8,12,2,1740,2,2,6,1,3,06123,M,,,06
200800070237,8,12,2,2045,5,2,6,1,3,06123,M,,,06
200800070238,8,12,3,900,1,2,1,1,2,06123,M,,,06
200800070239,8,12,4,1645,1,2,1,1,4,06027,M,,,06
200800070240,8,12,6,1230,1,2,1,1,3,06027,M,,,06
200800070241,8,12,6,2200,5,2,1,1,5,06027,M,,,06
200800070242,8,12,7,1120,1,2,1,1,1,06027,M,,,06
200800070243,8,12,7,1140,1,2,3,1,3,06027,M,,,06
200800070244,8,12,9,1250,1,2,3,1,3,06027,M,,,06
200800070245,8,12,11,1250,1,2,2,1,3,06027,M,,,06
200800070246,8,12,13,1550,1,2,3,1,3,06027,M,,,06
200800070247,8,12,13,1605,1,2,1,1,2,06027,M,,,06
200800070248,8,12,13,1900,5,2,1,1,1,06123,M,,,06
200800070249,8,12,12,1345,1,2,1,1,2,06123,M,,,06
200800070250,8,12,16,1710,2,2,3,1,3,06123,M,,,06
200800070251,8,12,17,1030,1,2,1,1,6,06027,M,,,06
200800070252,8,12,17,1500,1,2,1,1,3,06027,M,,,06
200800070253,8,12,27,1530,1,2,1,1,6,06123,M,,,06
200800070254,8,12,31,1400,1,2,6,3,3,06027,M,,,06
200800070255,8,12,31,1815,5,2,2,2,5,06027,M,,,06
200800070256,8,12,28,1725,5,2,1,1,5,06029,M,,,06
200800070257,8,12,2,1540,1,2,1,1,6,06029,M,,,06
200800070258,8,12,3,1200,1,2,1,1,7,06029,M,,,06
200800070259,8,12,6,1720,5,2,1,1,3,06029,M,,,06
200800070260,8,12,2,2215,5,2,1,1,5,06029,M,,,06
200800070261,8,12,7,2130,5,2,1,1,1,06029,M,,,06
200800070262,8,12,12,1245,1,2,2,2,3,06029,M,,,06
200800070263,8,12,13,1330,1,2,1,2,3,06029,M,,,06
200800070264,8,12,17,1412,1,2,1,1,6,06029,M,,,06
200800070265,8,12,19,1945,5,2,1,1,3,06029,M,,,06
200800070266,8,12,22,1000,1,2,1,7,7,06029,M,,,06
200800070267,8,12,24,1200,1,2,1,1,5,06029,M,,,06
200800070268,8,12,24,1430,1,2,1,7,7,06029,M,,,06
200800070269,8,12,26,1628,1,2,1,1,6,06029,M,,,06
200800070270,8,12,30,1420,1,2,1,1,3,06029,M,,,06
200800070271,8,12,1,1820,5,2,6,1,6,06069,M,,,06
200800070272,8,12,2,2305,5,2,1,1,7,06069,M,,,06
200800070273,8,12,3,1250,1,2,6,1,2,06069,M,,,06
200800070274,8,12,5,1150,1,2,1,1,7,06069,M,,,06
200800070275,8,12,7,1520,1,2,1,1,7,06069,M,,,06
200800070276,8,12,8,710,2,1,1,1,4,06069,M,,,06
200800070277,8,12,9,1210,1,2,1,1,7,06069,M,,,06
200800070278,8,12,9,1815,5,2,6,1,3,06069,M,,,06
200800070279,8,12,10,755,2,2,1,3,6,06069,M,,,06
200800070280,8,12,10,1955,5,2,1,2,6,06069,M,,,06
200800070281,8,12,11,2140,5,2,1,2,6,06069,M,,,06
200800070282,8,12,12,1200,1,2,1,1,6,06069,M,,,06
200800070283,8,12,13,1350,1,2,1,2,2,06069,M,,,06
200800070284,8,12,13,1615,1,2,1,1,6,06069,M,,,06
200800070285,8,12,14,1245,1,2,1,3,6,06069,M,,,06
200800070286,8,12,18,1400,1,2,1,1,2,06069,M,,,06
200800070287,8,12,21,1100,1,1,1,1,7,06069,M,,,06
200800070288,8,12,24,1145,1,1,1,1,3,06069,M,,,06
200800070289,8,12,2,1115,1,2,1,1,6,06083,M,,,06
200800070290,8,12,3,820,1,2,1,1,3,06104,M,,,06
200800070291,8,12,4,748,1,2,1,1,2,06083,M,,,06
200800070292,8,12,4,806,1,2,1,1,6,06104,M,,,06
200800070293,8,12,4,1840,5,2,1,1,6,06104,M,,,06
200800070294,8,12,4,2025,5,2,1,1,6,06012,M,,,06
200800070295,8,12,5,2213,5,2,1,2,7,06012,M,,,06
200800070296,8,12,6,1058,1,2,3,2,6,06012,M,,,06
200800070297,8,12,19,1605,1,2,1,1,6,06083,M,,,06
200800070298,8,12,21,2045,5,2,1,1,6,06083,M,,,06
200800070299,8,12,24,1700,5,2,1,1,6,06083,M,,,06
200800070300,8,12,26,1245,1,2,3,1,3,06083,M,,,06
200800070301,8,12,27,2118,5,2,1,1,3,06104,M,,,06
200800070302,8,12,30,930,1,2,1,1,6,06083,M,,,06
200800070303,8,12,28,1615,1,2,1,1,1,06012,M,,,06
200800070304,8,12,30,1738,5,2,1,1,6,06104,M,,,06
200800070305,8,12,31,1540,1,2,1,1,6,06083,M,,,06
200800070306,8,12,1,655,2,2,2,1,5,06088,M,,,06
200800070307,8,12,1,800,1,2,1,1,6,06088,M,,,06
200800070308,8,12,1,815,1,2,1,1,2,06088,M,,,06
200800070309,8,12,1,1120,1,2,1,1,5,06088,M,,,06
200800070310,8,12,1,1350,1,2,1,1,2,06088,M,,,06
200800070311,8,12,1,1400,1,2,1,1,6,06088,M,,,06
200800070312,8,12,1,1545,1,2,1,1,6,06088,M,,,06
200800070313,8,12,1,1730,5,2,1,1,2,06088,M,,,06
200800070314,8,12,1,2320,5,2,1,1,6,06088,M,,,06
200800070315,8,12,2,745,1,2,1,1,3,06088,M,,,06
200800070316,8,12,2,840,1,2,1,1,3,06088,M,,,06
200800070317,8,12,2,1145,1,2,1,1,2,06088,M,,,06
200800070318,8,12,2,1330,1,2,1,1,3,06088,M,,,06
200800070319,8,12,2,1730,1,2,1,1,6,06088,M,,,06
200800070320,8,12,2,1745,5,2,1,1,6,06088,M,,,06
200800070321,8,12,3,130,5,2,1,1,6,06088,M,,,06
200800070322,8,12,3,740,1,2,1,1,6,06088,M,,,06
200800070323,8,12,3,1150,1,2,1,1,6,06088,M,,,06
200800070324,8,12,3,1240,1,2,1,1,6,06088,M,,,06
200800070325,8,12,3,1430,1,2,1,1,3,06088,M,,,06
200800070326,8,12,4,415,5,2,1,2,7,06088,M,,,06
200800070327,8,12,4,740,1,2,1,1,3,06088,M,,,06
200800070328,8,12,4,1335,1,2,1,1,3,06088,M,,,06
200800070329,8,12,4,1700,4,2,1,1,6,06088,M,,,06
200800070330,8,12,5,1730,1,2,1,1,2,06088,M,,,06
200800070331,8,12,6,1030,1,2,1,1,2,06088,M,,,06
200800070332,8,12,6,1200,1,2,1,1,2,06088,M,,,06
200800070333,8,12,6,1225,1,2,4,1,3,06088,M,,,06
200800070334,8,12,6,1515,1,2,1,1,2,06088,M,,,06
200800070335,8,12,6,1900,5,2,1,1,2,06088,M,,,06
200800070336,8,12,6,2100,5,2,2,1,2,06088,M,,,06
200800070337,8,12,8,745,1,2,1,1,3,06088,M,,,06
200800070338,8,12,8,800,1,2,1,1,3,06088,M,,,06
200800070339,8,12,8,1225,1,2,1,1,4,06088,M,,,06
200800070340,8,12,9,815,1,2,1,1,6,06088,M,,,06
200800070341,8,12,9,1220,1,2,1,1,3,06088,M,,,06
200800070342,8,12,9,1335,1,2,1,1,3,06088,M,,,06
200800070343,8,12,9,1500,1,2,1,1,3,06159,M,,,06
200800070344,8,12,9,1817,5,2,1,1,4,06088,M,,,06
200800070345,8,12,9,1830,5,2,4,1,3,06088,M,,,06
200800070346,8,12,10,1415,1,2,2,2,3,06088,M,,,06
200800070347,8,12,11,1710,1,2,1,1,6,06088,M,,,06
200800070348,8,12,11,1830,5,2,3,2,3,06088,M,,,06
200800070349,8,12,11,2130,5,2,1,2,6,06088,M,,,06
200800070350,8,12,12,1200,1,2,1,1,2,06088,M,,,06
200800070351,8,12,12,1810,5,2,3,1,3,06088,M,,,06
200800070352,8,12,12,2230,5,2,2,1,3,06088,M,,,06
200800070353,8,12,13,1400,1,2,1,1,1,06088,M,,,06
200800070354,8,12,13,1830,5,2,1,2,3,06088,M,,,06
200800070355,8,12,14,110,5,2,1,3,1,06088,M,,,06
200800070356,8,12,14,340,5,2,1,3,6,06088,M,,,06
200800070357,8,12,14,500,5,2,2,1,3,06088,M,,,06
200800070358,8,12,15,225,5,2,1,2,6,06088,M,,,06
200800070359,8,12,15,810,1,2,1,3,3,06088,M,,,06
200800070360,8,12,15,1300,1,2,1,2,6,06088,M,,,06
200800070361,8,12,16,1425,1,2,1,3,6,06088,M,,,06
200800070362,8,12,17,1435,1,2,2,1,3,06088,M,,,06
200800070363,8,12,17,1610,2,2,1,2,3,06088,M,,,06
200800070364,8,12,17,1725,2,2,1,3,6,06088,M,,,06
200800070365,8,12,18,1420,1,2,1,1,3,06088,M,,,06
200800070366,8,12,18,1720,5,2,1,1,2,06088,M,,,06
200800070367,8,12,18,2230,5,2,1,1,4,06088,M,,,06
200800070368,8,12,19,815,1,2,1,1,3,06088,M,,,06
200800070369,8,12,19,1130,1,2,1,1,6,06088,M,,,06
200800070370,8,12,19,1515,1,2,1,1,6,06088,M,,,06
200800070371,8,12,19,2150,5,2,1,1,3,06088,M,,,06
200800070372,8,12,20,1120,1,2,1,1,6,06088,M,,,06
200800070373,8,12,20,1130,1,2,1,1,3,06088,M,,,06
200800070374,8,12,21,1830,5,2,2,1,3,06088,M,,,06
200800070375,8,12,23,1230,1,2,1,1,2,06088,M,,,06
200800070376,8,12,23,1520,1,2,1,1,7,06088,M,,,06
200800070377,8,12,23,1515,1,2,1,1,7,06088,M,,,06
200800070378,8,12,23,1710,5,2,1,1,3,06088,M,,,06
200800070379,8,12,23,1800,5,2,3,1,3,06088,M,,,06
200800070380,8,12,23,2100,5,2,2,1,3,06088,M,,,06
200800070381,8,12,24,1322,1,2,6,1,2,06088,M,,,06
200800070382,8,12,24,1410,1,2,1,1,3,06088,M,,,06
200800070383,8,12,24,1411,1,2,1,1,2,06088,M,,,06
200800070384,8,12,24,1505,1,2,1,1,3,06088,M,,,06
200800070385,8,12,25,1830,5,2,1,2,5,06088,M,,,06
200800070386,8,12,25,2000,2,2,1,2,6,06088,M,,,06
200800070387,8,12,26,740,1,2,1,1,3,06088,M,,,06
200800070388,8,12,26,1041,1,2,1,1,6,06088,M,,,06
200800070389,8,12,27,1730,5,2,1,1,6,06088,M,,,06
200800070390,8,12,27,2300,5,2,1,1,2,06088,M,,,06
200800070391,8,12,28,115,5,2,3,1,3,06088,M,,,06
200800070392,8,12,28,506,5,2,1,1,6,06088,M,,,06
200800070393,8,12,29,1330,1,2,1,1,3,06088,M,,,06
200800070394,8,12,29,1655,2,2,1,1,3,06088,M,,,06
200800070395,8,12,30,550,5,2,2,2,3,06088,M,,,06
200800070396,8,12,30,1535,1,2,1,1,3,06088,M,,,06
200800070397,8,12,30,1744,5,2,1,1,1,06088,M,,,06
200800070398,8,12,30,1815,5,2,3,1,6,06088,M,,,06
200800070399,8,12,31,1240,1,2,3,2,3,06088,M,,,06
200800070400,8,12,31,1350,1,2,1,2,6,06088,M,,,06
200800070401,8,12,31,1845,5,2,3,2,3,06088,M,,,06
200800070402,8,12,19,1530,1,1,1,1,5,07325,M,,,07
200800070403,8,12,3,750,5,1,1,1,6,07102,M,,,07
200800070404,8,12,1,1840,5,2,1,1,1,08105,M,,,08
200800070405,8,12,1,1745,5,1,1,2,3,09225,M,,,09
200800070406,8,12,9,930,1,2,1,1,7,09225,M,,,09
200800070407,8,12,24,1605,1,1,1,1,2,09225,M,,,09
200800070408,8,12,29,945,1,2,1,1,7,10387,M,,,10
200800070409,8,12,7,2345,5,2,1,2,6,10387,M,,,10
200800070410,8,12,6,1930,5,2,2,1,3,10387,M,,,10
200800070411,8,12,19,805,2,2,6,1,3,10387,M,,,10
200800070412,8,12,22,1845,5,2,1,1,5,10387,M,,,10
200800070413,8,12,27,1705,2,2,6,1,2,10387,M,,,10
200800070414,8,12,2,848,1,2,1,1,7,11069,M,,,11
200800070415,8,12,12,1205,1,1,1,1,1,11069,M,,,11
200800070416,8,12,27,1155,1,2,1,1,2,11069,M,,,11
200800070417,8,12,11,1924,5,2,1,1,2,11076,M,,,11
200800070418,8,12,1,1055,1,2,1,1,7,11262,M,,,11
200800070419,8,12,2,1820,1,2,2,1,3,11262,M,,,11
200800070420,8,12,5,750,1,2,2,1,6,11262,M,,,11
200800070421,8,12,6,940,1,2,1,1,6,11262,M,,,11
200800070422,8,12,6,1545,1,2,1,1,4,11262,M,,,11
200800070423,8,12,9,1100,1,2,1,1,2,11262,M,,,11
200800070424,8,12,15,645,3,2,1,1,6,11262,M,,,11
200800070425,8,12,16,850,1,2,2,1,3,11262,M,,,11
200800070426,8,12,18,900,1,2,1,1,3,11262,M,,,11
200800070427,8,12,22,1250,1,2,1,1,6,11262,M,,,11
200800070428,8,12,27,1940,1,2,1,1,1,11262,M,,,11
200800070429,8,12,28,2115,3,2,1,1,6,11262,M,,,11
200800070430,8,12,29,1950,5,2,1,2,7,11262,M,,,11
200800070431,8,12,31,1650,1,2,1,1,6,12089,M,,,12
200800070432,8,12,4,1925,5,2,1,2,6,12145,M,,,12
200800070433,8,12,24,910,1,2,1,8,6,12145,M,,,12
200800070434,8,12,5,2150,5,2,1,2,6,12202,M,,,12
200800070435,8,12,15,1655,1,2,5,1,6,12202,M,,,12
200800070436,8,12,24,1155,1,2,1,1,5,12202,M,,,12
200800070437,8,12,8,1620,1,1,1,1,6,13001,M,,,13
200800070438,8,12,11,830,1,2,1,9,2,13001,M,,,13
200800070439,8,12,1,815,2,1,9,1,1,13001,M,,,13
200800070440,8,12,17,1730,1,2,1,1,6,13001,M,,,13
200800070441,8,12,18,1950,5,2,1,1,3,13001,M,,,13
200800070442,8,12,20,540,5,2,1,1,2,13001,M,,,13
200800070443,8,12,19,910,1,2,1,1,6,13001,M,,,13
200800070444,8,12,21,630,3,1,1,1,6,13001,M,,,13
200800070445,8,12,28,1735,3,1,1,1,6,13001,M,,,13
200800070446,8,12,28,630,5,2,1,1,6,13001,M,,,13
200800070447,8,12,3,1745,5,2,1,8,6,13001,M,,,13
200800070448,8,12,30,1635,1,2,6,1,6,13001,M,,,13
200800070449,8,12,4,1330,1,1,1,1,7,13002,M,,,13
200800070450,8,12,7,1005,1,2,3,1,3,13002,M,,,13
200800070451,8,12,16,720,2,2,9,3,3,13002,M,,,13
200800070452,8,12,9,1030,1,2,1,3,2,13002,M,,,13
200800070453,8,12,12,700,5,2,6,8,7,13002,M,,,13
200800070454,8,12,2,1115,1,2,1,1,7,13004,M,,,13
200800070455,8,12,5,1720,5,2,3,1,3,13004,M,,,13
200800070456,8,12,7,130,5,2,1,1,6,13004,M,,,13
200800070457,8,12,9,1735,5,2,3,3,3,13004,M,,,13
200800070458,8,12,9,1715,5,2,1,1,3,13004,M,,,13
200800070459,8,12,13,540,3,1,1,1,6,13004,M,,,13
200800070460,8,12,17,1140,1,2,1,1,3,13004,M,,,13
200800070461,8,12,19,1715,2,2,1,1,6,13004,M,,,13
200800070462,8,12,20,1025,1,2,2,1,3,13004,M,,,13
200800070463,8,12,30,1935,5,2,1,2,2,13004,M,,,13
200800070464,8,12,4,815,1,1,9,1,2,13005,M,,,13
200800070465,8,12,13,220,5,2,9,1,7,13005,M,,,13
200800070466,8,12,17,2050,5,2,1,1,1,13070,M,,,13
200800070467,8,12,4,1818,5,2,1,1,2,13028,M,,,13
200800070468,8,12,10,2125,5,2,1,2,3,13028,M,,,13
200800070469,8,12,17,1545,1,2,1,1,6,13028,M,,,13
200800070470,8,12,23,1415,1,2,1,1,6,13028,M,,,13
200800070471,8,12,28,1550,1,1,1,1,1,13028,M,,,13
200800070472,8,12,11,2200,3,1,1,1,6,13063,M,,,13
200800070473,8,12,15,825,1,2,1,2,6,13063,M,,,13
200800070474,8,12,16,1730,5,2,3,1,3,13063,M,,,13
200800070475,8,12,19,2150,5,1,1,1,7,13047,M,,,13
200800070476,8,12,22,1940,3,1,1,1,3,13047,M,,,13
200800070477,8,12,24,1900,5,2,1,1,2,13047,M,,,13
200800070478,8,12,20,1900,3,2,1,1,6,13047,M,,,13
200800070479,8,12,31,30,5,2,1,2,7,13047,M,,,13
200800070480,8,12,19,1640,1,2,1,1,3,13055,M,,,13
200800070481,8,12,25,2100,5,2,1,2,7,13055,M,,,13
200800070482,8,12,22,1000,1,2,1,1,6,13055,M,,,13
200800070483,8,12,28,1720,1,2,3,9,1,13055,M,,,13
200800070484,8,12,2,1000,1,2,2,1,3,13055,M,,,13
200800070485,8,12,14,200,5,2,3,2,3,13055,M,,,13
200800070486,8,12,12,1200,1,2,1,1,6,13055,M,,,13
200800070487,8,12,12,1430,1,2,1,1,6,13055,M,,,13
200800070488,8,12,12,2120,5,2,2,1,3,13055,M,,,13
200800070489,8,12,17,1400,1,2,5,1,3,13055,M,,,13
200800070490,8,12,10,1630,3,2,2,2,3,13055,M,,,13
200800070491,8,12,19,1200,1,2,1,1,6,13055,M,,,13
200800070492,8,12,6,1315,1,2,1,1,6,13055,M,,,13
200800070493,8,12,9,1140,1,2,7,1,1,13055,M,,,13
200800070494,8,12,29,1455,1,2,1,1,2,13055,M,,,13
200800070495,8,12,19,930,1,2,1,1,7,13055,M,,,13
200800070496,8,12,3,1830,5,2,1,1,4,13055,M,,,13
200800070497,8,12,9,1740,2,2,3,2,2,13055,M,,,13
200800070498,8,12,10,1245,1,2,1,1,6,13055,M,,,13
200800070499,8,12,2,1850,5,2,1,1,6,13055,M,,,13
200800070500,8,12,11,935,1,2,1,2,3,13055,M,,,13
200800070501,8,12,25,1840,5,2,1,1,6,13055,M,,,13
200800070502,8,12,13,1100,1,2,3,1,6,13055,M,,,13
200800070503,8,12,21,2340,5,2,1,1,6,13055,M,,,13
200800070504,8,12,11,1345,1,2,1,1,6,13055,M,,,13
200800070505,8,12,17,1445,1,2,1,1,2,13055,M,,,13
200800070506,8,12,28,1230,1,2,1,1,5,13055,M,,,13
200800070507,8,12,22,1800,5,2,1,1,4,13055,M,,,13
200800070508,8,12,18,1445,1,2,1,1,5,13055,M,,,13
200800070509,8,12,19,1300,1,2,1,1,6,13055,M,,,13
200800070510,8,12,26,2030,5,2,1,1,3,13055,M,,,13
200800070511,8,12,26,5,5,2,3,8,3,13055,M,,,13
200800070512,8,12,12,1201,1,2,6,1,3,13055,M,,,13
200800070513,8,12,4,1520,1,2,1,1,3,13055,M,,,13
200800070514,8,12,7,1420,1,2,2,1,3,13055,M,,,13
200800070515,8,12,17,1850,5,2,1,1,2,13055,M,,,13
200800070516,8,12,24,900,1,2,1,1,6,13055,M,,,13
200800070517,8,12,16,1625,1,2,2,8,6,13055,M,,,13
200800070518,8,12,3,1430,1,2,3,7,3,13055,M,,,13
200800070519,8,12,13,1805,2,2,1,2,3,13055,M,,,13
200800070520,8,12,27,1145,1,2,1,1,3,13055,M,,,13
200800070521,8,12,27,2125,5,2,1,1,3,13055,M,,,13
200800070522,8,12,13,1135,1,2,1,1,3,13055,M,,,13
200800070523,8,12,19,2330,5,2,1,1,6,13055,M,,,13
200800070524,8,12,2,740,3,2,1,1,3,13055,M,,,13
200800070525,8,12,21,2120,5,2,1,1,3,13055,M,,,13
200800070526,8,12,1,1630,1,2,1,1,2,13055,M,,,13
200800070527,8,12,11,1605,1,2,1,1,6,13055,M,,,13
200800070528,8,12,28,1240,1,2,1,1,5,13055,M,,,13
200800070529,8,12,31,1530,1,2,1,1,6,13055,M,,,13
200800070530,8,12,20,1530,1,2,1,1,6,13055,M,,,13
200800070531,8,12,22,1145,1,2,1,1,5,13055,M,,,13
200800070532,8,12,12,1215,1,2,1,1,6,13055,M,,,13
200800070533,8,12,21,1630,1,2,1,1,3,13055,M,,,13
200800070534,8,12,7,1800,5,2,1,1,3,13055,M,,,13
200800070535,8,12,29,2130,5,2,1,2,3,13055,M,,,13
200800070536,8,12,29,1500,1,2,1,1,6,13055,M,,,13
200800070537,8,12,9,1645,2,2,1,2,6,13055,M,,,13
200800070538,8,12,13,1915,2,2,2,1,1,13055,M,,,13
200800070539,8,12,7,530,5,2,2,1,3,13055,M,,,13
200800070540,8,12,15,1030,1,2,1,2,6,13055,M,,,13
200800070541,8,12,27,1556,1,2,1,1,6,13055,M,,,13
200800070542,8,12,2,1800,5,2,1,1,1,13055,M,,,13
200800070543,8,12,3,1735,3,2,1,2,4,13055,M,,,13
200800070544,8,12,21,1825,5,2,1,1,3,13055,M,,,13
200800070545,8,12,8,5,5,2,1,1,2,13055,M,,,13
200800070546,8,12,6,2230,5,2,2,1,3,13055,M,,,13
200800070547,8,12,6,1330,1,2,1,1,3,13055,M,,,13
200800070548,8,12,1,1345,1,2,1,1,3,13055,M,,,13
200800070549,8,12,9,1945,5,2,1,2,2,13055,M,,,13
200800070550,8,12,4,15,5,2,1,1,3,13055,M,,,13
200800070551,8,12,1,1830,5,2,1,1,6,13055,M,,,13
200800070552,8,12,1,1315,1,2,1,1,3,13055,M,,,13
200800070553,8,12,3,1745,5,2,9,8,3,13055,M,,,13
200800070554,8,12,5,705,5,2,1,2,6,13055,M,,,13
200800070555,8,12,10,750,2,2,1,2,6,13055,M,,,13
200800070556,8,12,3,1205,1,2,3,1,3,13055,M,,,13
200800070557,8,12,12,1145,1,2,1,1,5,13055,M,,,13
200800070558,8,12,2,1700,5,2,1,1,1,13055,M,,,13
200800070559,8,12,6,1745,5,2,1,1,6,13055,M,,,13
200800070560,8,12,1,2030,5,2,3,1,1,13055,M,,,13
200800070561,8,12,11,1530,1,2,1,1,3,13055,M,,,13
200800070562,8,12,3,1115,1,2,6,8,2,13055,M,,,13
200800070563,8,12,5,840,1,2,1,1,4,13055,M,,,13
200800070564,8,12,6,1331,1,2,2,1,3,13055,M,,,13
200800070565,8,12,2,1545,1,2,1,1,6,13055,M,,,13
200800070566,8,12,10,1220,1,2,1,2,6,13055,M,,,13
200800070567,8,12,5,1315,1,2,1,1,2,13055,M,,,13
200800070568,8,12,2,1430,1,2,1,1,6,13055,M,,,13
200800070569,8,12,5,1510,1,2,2,1,3,13055,M,,,13
200800070570,8,12,11,230,5,2,1,2,7,13055,M,,,13
200800070571,8,12,8,920,1,2,1,1,2,13055,M,,,13
200800070572,8,12,10,1140,1,2,1,2,4,13055,M,,,13
200800070573,8,12,10,1210,1,2,3,3,3,13055,M,,,13
200800070574,8,12,9,825,2,2,3,2,3,13055,M,,,13
200800070575,8,12,10,2040,5,2,3,1,3,13055,M,,,13
200800070576,8,12,2,2200,5,2,2,1,3,13055,M,,,13
200800070577,8,12,9,2000,5,2,2,3,3,13055,M,,,13
200800070578,8,12,13,1510,1,2,1,1,4,13055,M,,,13
200800070579,8,12,11,900,1,2,1,2,6,13055,M,,,13
200800070580,8,12,20,2100,5,2,1,1,3,13055,M,,,13
200800070581,8,12,19,2250,5,1,2,1,3,13055,M,,,13
200800070582,8,12,20,2325,5,2,1,1,2,13055,M,,,13
200800070583,8,12,21,2145,5,2,1,1,5,13055,M,,,13
200800070584,8,12,19,1030,1,2,1,1,3,13055,M,,,13
200800070585,8,12,3,1350,1,2,1,2,6,13055,M,,,13
200800070586,8,12,13,115,5,2,2,1,3,13055,M,,,13
200800070587,8,12,12,1730,2,2,1,1,3,13055,M,,,13
200800070588,8,12,11,1540,1,2,1,1,6,13055,M,,,13
200800070589,8,12,3,1340,1,2,1,8,6,13055,M,,,13
200800070590,8,12,23,1405,1,2,3,1,3,13055,M,,,13
200800070591,8,12,23,1900,5,2,1,1,3,13055,M,,,13
200800070592,8,12,25,1220,1,2,1,1,4,13055,M,,,13
200800070593,8,12,25,2350,5,2,2,2,3,13055,M,,,13
200800070594,8,12,24,2345,5,2,1,1,2,13055,M,,,13
200800070595,8,12,5,1115,1,2,1,1,3,13055,M,,,13
200800070596,8,12,8,1600,1,2,1,1,3,13055,M,,,13
200800070597,8,12,19,750,1,2,1,1,7,13055,M,,,13
200800070598,8,12,1,1945,5,2,1,1,3,13055,M,,,13
200800070599,8,12,28,1600,1,2,1,1,7,13055,M,,,13
200800070600,8,12,15,750,1,2,1,2,2,13055,M,,,13
200800070601,8,12,13,2300,5,2,1,3,6,13055,M,,,13
200800070602,8,12,18,1500,1,2,1,1,3,13055,M,,,13