Num_Acc,an,mois,jour,hrmn,lum,agg,int,atm,col,com,gps,lat,long,dep
200800070603,8,12,21,1615,1,2,6,1,3,13055,M,,,13
200800070604,8,12,21,1500,1,2,1,1,1,13055,M,,,13
200800070605,8,12,2,1200,1,2,1,1,3,13055,M,,,13
200800070606,8,12,27,1545,1,2,1,1,3,13055,M,,,13
200800070607,8,12,11,1630,5,2,1,1,2,13055,M,,,13
200800070608,8,12,16,1410,1,2,3,8,3,13055,M,,,13
200800070609,8,12,14,20,5,2,1,3,2,13055,M,,,13
200800070610,8,12,19,1800,5,2,1,1,7,13055,M,,,13
200800070611,8,12,29,1325,1,2,1,1,2,13055,M,,,13
200800070612,8,12,29,1920,5,2,1,2,6,13055,M,,,13
200800070613,8,12,3,1800,5,2,1,8,5,13055,M,,,13
200800070614,8,12,9,805,1,2,1,2,7,13055,M,,,13
200800070615,8,12,19,1220,1,2,1,1,6,13055,M,,,13
200800070616,8,12,8,1340,1,2,1,1,1,13055,M,,,13
200800070617,8,12,3,930,1,2,9,1,4,13055,M,,,13
200800070618,8,12,22,1415,1,2,1,1,6,13055,M,,,13
200800070619,8,12,7,1830,1,2,1,1,6,13055,M,,,13
200800070620,8,12,17,745,1,2,1,1,4,13055,M,,,13
200800070621,8,12,4,710,2,2,1,1,3,13055,M,,,13
200800070622,8,12,30,750,1,2,1,1,6,13055,M,,,13
200800070623,8,12,5,1200,1,2,1,1,6,13055,M,,,13
200800070624,8,12,12,1915,5,2,1,1,1,13055,M,,,13
200800070625,8,12,11,440,3,1,1,2,7,13055,M,,,13
200800070626,8,12,19,1445,1,2,1,1,2,13055,M,,,13
200800070627,8,12,31,1600,1,2,1,1,3,13055,M,,,13
200800070628,8,12,2,1310,1,2,3,1,3,13056,M,,,13
200800070629,8,12,7,640,5,2,1,1,2,13056,M,,,13
200800070630,8,12,6,1640,1,2,1,1,3,13056,M,,,13
200800070631,8,12,15,1211,1,1,1,1,6,13056,M,,,13
200800070632,8,12,16,1250,1,2,1,2,2,13056,M,,,13
200800070633,8,12,17,1425,1,2,1,1,6,13056,M,,,13
200800070634,8,12,16,1225,1,2,1,1,3,13056,M,,,13
200800070635,8,12,22,915,1,2,1,7,6,13056,M,,,13
200800070636,8,12,11,1840,5,2,6,1,3,13075,M,,,13
200800070637,8,12,6,2020,5,2,3,1,2,13103,M,,,13
200800070638,8,12,1,1845,5,2,3,1,3,13108,M,,,13
200800070639,8,12,1,1150,1,2,6,1,2,13117,M,,,13
200800070640,8,12,1,1515,1,2,1,1,2,13117,M,,,13
200800070641,8,12,2,1635,1,1,1,1,2,13117,M,,,13
200800070642,8,12,3,750,2,2,1,1,7,13071,M,,,13
200800070643,8,12,5,1825,3,1,1,1,2,13117,M,,,13
200800070644,8,12,6,1115,1,1,2,1,3,13071,M,,,13
200800070645,8,12,7,250,5,2,1,1,6,13117,M,,,13
200800070646,8,12,8,830,1,2,1,1,5,13117,M,,,13
200800070647,8,12,8,1010,1,2,1,1,7,13071,M,,,13
200800070648,8,12,9,5,5,2,1,1,6,13071,M,,,13
200800070649,8,12,10,2050,3,2,3,2,3,13071,M,,,13
200800070650,8,12,12,615,3,2,1,1,5,13071,M,,,13
200800070651,8,12,12,800,1,2,3,1,3,13117,M,,,13
200800070652,8,12,15,1200,1,1,1,2,3,13117,M,,,13
200800070653,8,12,15,1300,1,1,2,2,3,13071,M,,,13
200800070654,8,12,15,1940,3,2,2,2,3,13117,M,,,13
200800070655,8,12,19,740,1,2,1,1,6,13117,M,,,13
200800070656,8,12,20,1520,1,2,1,1,4,13117,M,,,13
200800070657,8,12,24,1105,1,2,5,1,3,13117,M,,,13
200800070658,8,12,5,10,3,1,1,1,2,14137,M,,,14
200800070659,8,12,4,1745,2,2,1,2,6,14118,M,,,14
200800070660,8,12,6,400,5,2,1,2,6,14118,M,,,14
200800070661,8,12,6,2040,3,2,1,1,6,14271,M,,,14
200800070662,8,12,7,1750,2,2,1,1,6,14118,M,,,14
200800070663,8,12,10,1920,5,2,1,1,6,14118,M,,,14
200800070664,8,12,11,1600,1,2,1,1,6,14118,M,,,14
200800070665,8,12,12,830,2,2,1,8,6,14118,M,,,14
200800070666,8,12,13,1000,1,2,1,1,7,14437,M,,,14
200800070667,8,12,13,1945,3,1,1,1,1,14118,M,,,14
200800070668,8,12,23,1125,1,1,1,1,7,14118,M,,,14
200800070669,8,12,23,1340,1,2,3,1,3,14118,M,,,14
200800070670,8,12,31,1605,1,2,2,1,3,14118,M,,,14
200800070671,8,12,6,1845,5,1,3,1,1,14366,M,,,14
200800070672,8,12,12,930,1,2,1,1,6,14366,M,,,14
200800070673,8,12,19,1310,1,2,2,1,6,14366,M,,,14
200800070674,8,12,19,1545,1,2,3,1,3,14366,M,,,14
200800070675,8,12,23,1725,5,2,5,1,6,14366,M,,,14
200800070676,8,12,9,1815,5,2,1,2,6,16015,M,,,16
200800070677,8,12,4,1640,2,2,1,2,6,16015,M,,,16
200800070678,8,12,5,1530,1,2,3,1,6,16291,M,,,16
200800070679,8,12,23,1710,2,2,1,1,7,16089,M,,,16
200800070680,8,12,3,1400,1,2,1,8,7,17299,M,,,17
200800070681,8,12,4,1100,1,2,1,3,3,17449,M,,,17
200800070682,8,12,4,1245,1,1,1,8,7,17299,M,,,17
200800070683,8,12,5,1630,1,2,1,8,6,17449,M,,,17
200800070684,8,12,8,1600,1,2,3,1,7,17299,M,,,17
200800070685,8,12,9,25,5,1,1,1,6,17449,M,,,17
200800070686,8,12,12,1105,1,2,1,1,2,17299,M,,,17
200800070687,8,12,13,1930,5,2,3,2,3,17299,M,,,17
200800070688,8,12,17,1825,5,2,3,1,3,17299,M,,,17
200800070689,8,12,19,1800,5,2,6,1,3,17449,M,,,17
200800070690,8,12,24,1100,1,2,1,1,2,17449,M,,,17
200800070691,8,12,24,1130,1,2,1,1,7,17449,M,,,17
200800070692,8,12,2,900,1,2,1,1,7,17300,M,,,17
200800070693,8,12,2,1910,3,2,1,2,1,17300,M,,,17
200800070694,8,12,2,2004,5,2,1,1,1,17300,M,,,17
200800070695,8,12,3,1140,1,2,1,1,2,17274,M,,,17
200800070696,8,12,4,1219,1,2,1,1,3,17028,M,,,17
200800070697,8,12,5,1540,1,2,1,1,7,17028,M,,,17
200800070698,8,12,5,1640,1,2,1,1,6,17300,M,,,17
200800070699,8,12,8,620,5,2,1,1,6,17300,M,,,17
200800070700,8,12,8,835,1,2,1,1,7,17274,M,,,17
200800070701,8,12,8,836,2,1,1,1,7,17274,M,,,17
200800070702,8,12,8,840,1,1,3,1,3,17274,M,,,17
200800070703,8,12,9,920,1,2,1,1,6,17300,M,,,17
200800070704,8,12,10,1045,1,2,1,1,2,17300,M,,,17
200800070705,8,12,11,1805,5,2,1,1,7,17300,M,,,17
200800070706,8,12,11,2011,5,2,1,1,6,17300,M,,,17
200800070707,8,12,12,1815,3,1,1,1,4,17291,M,,,17
200800070708,8,12,13,1225,1,2,6,1,6,17274,M,,,17
200800070709,8,12,13,1550,1,2,2,1,3,17200,M,,,17
200800070710,8,12,15,1125,1,2,3,1,3,17291,M,,,17
200800070711,8,12,15,1315,1,2,1,1,2,17300,M,,,17
200800070712,8,12,16,925,1,2,1,1,2,17300,M,,,17
200800070713,8,12,17,1355,1,2,3,1,3,17300,M,,,17
200800070714,8,12,18,1020,1,2,1,1,6,17300,M,,,17
200800070715,8,12,18,1600,1,2,2,2,3,17300,M,,,17
200800070716,8,12,18,1630,1,2,1,1,7,17200,M,,,17
200800070717,8,12,19,900,1,2,9,1,3,17300,M,,,17
200800070718,8,12,20,1905,5,2,1,1,6,17028,M,,,17
200800070719,8,12,23,850,1,2,1,1,6,17300,M,,,17
200800070720,8,12,23,1615,1,2,1,1,6,17300,M,,,17
200800070721,8,12,24,1740,5,2,2,1,3,17300,M,,,17
200800070722,8,12,24,2140,3,1,1,1,6,17300,M,,,17
200800070723,8,12,25,1745,2,2,1,1,6,17300,M,,,17
200800070724,8,12,25,1915,3,1,1,1,6,17300,M,,,17
200800070725,8,12,26,2115,3,1,1,1,6,17274,M,,,17
200800070726,8,12,27,1,5,2,1,1,6,17291,M,,,17
200800070727,8,12,27,545,5,2,1,1,7,17300,M,,,17
200800070728,8,12,27,1725,2,2,1,1,6,17300,M,,,17
200800070729,8,12,30,1215,1,2,1,1,6,17028,M,,,17
200800070730,8,12,31,1900,5,2,1,1,2,17300,M,,,17
200800070731,8,12,2,2225,5,2,1,2,6,17306,M,,,17
200800070732,8,12,4,1315,1,2,3,1,3,17380,M,,,17
200800070733,8,12,5,1818,2,2,1,1,7,17380,M,,,17
200800070734,8,12,11,1920,2,2,1,1,7,17306,M,,,17
200800070735,8,12,17,1410,1,2,1,1,3,17306,M,,,17
200800070736,8,12,19,1831,2,1,1,1,2,17380,M,,,17
200800070737,8,12,21,525,5,2,1,1,2,17380,M,,,17
200800070738,8,12,21,1705,1,2,1,1,2,17333,M,,,17
200800070739,8,12,23,1705,2,2,2,1,3,17306,M,,,17
200800070740,8,12,26,1905,5,2,1,1,6,17306,M,,,17
200800070741,8,12,26,1145,1,2,1,1,2,17306,M,,,17
200800070742,8,12,29,1705,2,2,1,1,4,17306,M,,,17
200800070743,8,12,1,1830,5,2,2,1,3,17415,M,,,17
200800070744,8,12,7,1945,5,1,1,1,2,17415,M,,,17
200800070745,8,12,10,1717,5,2,1,2,6,17415,M,,,17
200800070746,8,12,11,750,2,1,2,1,3,17415,M,,,17
200800070747,8,12,16,805,2,2,1,1,2,17415,M,,,17
200800070748,8,12,17,1915,3,2,1,1,1,17415,M,,,17
200800070749,8,12,18,1640,1,2,1,2,1,17415,M,,,17
200800070750,8,12,21,2304,3,1,1,1,7,17415,M,,,17
200800070751,8,12,22,1500,1,2,1,1,4,17415,M,,,17
200800070752,8,12,14,2000,3,1,1,1,7,18267,M,,,18
200800070753,8,12,13,1612,1,2,1,1,2,18033,M,,,18
200800070754,8,12,23,1745,1,2,2,1,6,18033,M,,,18
200800070755,8,12,23,1421,1,2,1,1,3,18213,M,,,18
200800070756,8,12,5,2250,5,2,2,2,7,18033,M,,,18
200800070757,8,12,1,1715,5,2,1,1,6,18033,M,,,18
200800070758,8,12,3,805,2,2,2,1,3,18033,M,,,18
200800070759,8,12,2,1655,5,2,1,1,4,18205,M,,,18
200800070760,8,12,6,1004,1,2,2,1,6,18033,M,,,18
200800070761,8,12,6,1727,5,2,1,8,3,18205,M,,,18
200800070762,8,12,6,1858,5,2,2,8,3,18033,M,,,18
200800070763,8,12,9,2050,5,2,1,8,6,18033,M,,,18
200800070764,8,12,12,845,1,1,1,1,1,18255,M,,,18
200800070765,8,12,12,1720,5,2,1,5,6,18033,M,,,18
200800070766,8,12,15,1600,2,2,6,1,2,18033,M,,,18
200800070767,8,12,19,1620,1,1,1,1,3,18213,M,,,18
200800070768,8,12,24,1755,5,2,1,1,6,18033,M,,,18
200800070769,8,12,30,756,3,1,1,2,7,18213,M,,,18
200800070770,8,12,30,600,3,1,1,4,6,18213,M,,,18
200800070771,8,12,6,200,5,2,1,1,6,18279,M,,,18
200800070772,8,12,12,1740,5,2,1,1,6,18279,M,,,18
200800070773,8,12,25,310,3,1,1,1,6,18279,M,,,18
200800070774,8,12,31,1405,1,2,1,1,6,18279,M,,,18
200800070775,8,12,1,1325,1,2,1,1,3,19031,M,4515773.0,454937.0,19
200800070776,8,12,4,720,5,2,1,2,6,19031,M,4514916.0,451187.0,19
200800070777,8,12,11,1540,1,2,1,1,2,19031,M,4516769.0,453213.0,19
200800070778,8,12,11,1555,1,2,1,1,6,19031,M,4515806.0,449259.0,19
200800070779,8,12,12,2025,5,2,1,1,3,19031,M,4515063.0,454055.0,19
200800070780,8,12,23,1440,1,2,1,1,2,19031,M,4516705.0,454666.0,19
200800070781,8,12,23,1645,1,2,2,1,3,19031,M,4515489.0,455332.0,19
200800070782,8,12,27,1030,1,2,1,1,6,19031,M,4515230.0,453993.0,19
200800070783,8,12,28,600,3,1,1,1,7,19272,M,4527533.0,380143.0,19
200800070784,8,12,9,816,1,1,1,2,6,19275,M,,,19
200800070785,8,12,1,1541,1,2,1,2,3,21231,M,,,21
200800070786,8,12,2,1700,2,2,1,2,4,21231,M,,,21
200800070787,8,12,4,1529,1,2,2,2,4,21231,M,,,21
200800070788,8,12,4,1642,2,2,1,2,6,21231,M,,,21
200800070789,8,12,5,1757,5,2,1,2,6,21231,M,,,21
200800070790,8,12,5,1828,5,2,3,2,3,21231,M,,,21
200800070791,8,12,7,1135,1,2,1,1,2,21231,M,,,21
200800070792,8,12,8,735,5,2,1,5,3,21231,M,,,21
200800070793,8,12,8,1300,1,2,1,1,6,21231,M,,,21
200800070794,8,12,9,1138,1,2,3,2,6,21231,M,,,21
200800070795,8,12,10,436,5,2,7,4,3,21231,M,,,21
200800070796,8,12,9,1902,5,2,2,2,3,21231,M,,,21
200800070797,8,12,10,1636,2,2,1,1,1,21617,M,,,21
200800070798,8,12,10,1800,5,2,1,1,3,21231,M,,,21
200800070799,8,12,11,1738,5,2,2,1,6,21231,M,,,21
200800070800,8,12,13,1058,1,2,2,1,6,21231,M,,,21
200800070801,8,12,14,15,5,2,1,2,6,21231,M,,,21
200800070802,8,12,16,1734,5,2,2,1,3,21231,M,,,21
200800070803,8,12,17,1751,5,2,1,4,3,21231,M,,,21
200800070804,8,12,17,1740,5,2,1,4,6,21166,M,,,21
200800070805,8,12,19,600,5,2,2,2,3,21231,M,,,21
200800070806,8,12,19,1610,1,1,1,1,6,21231,M,,,21
200800070807,8,12,20,513,5,2,1,1,6,21231,M,,,21
200800070808,8,12,22,1818,5,2,1,1,4,21231,M,,,21
200800070809,8,12,23,1817,5,2,1,1,6,21231,M,,,21
200800070810,8,12,26,1207,1,2,1,1,6,21231,M,,,21
200800070811,8,12,29,1238,1,2,3,7,3,21231,M,,,21
200800070812,8,12,31,1246,1,2,2,1,3,21231,M,,,21
200800070813,8,12,17,1000,1,2,1,7,7,22113,M,,,22
200800070814,8,12,24,1805,5,2,1,1,3,22113,M,,,22
200800070815,8,12,1,810,1,2,1,1,7,22278,M,,,22
200800070816,8,12,2,1810,5,2,2,2,6,22278,M,,,22
200800070817,8,12,3,914,1,2,1,2,7,22278,M,,,22
200800070818,8,12,3,1840,3,1,1,1,4,22106,M,,,22
200800070819,8,12,4,1225,1,2,1,1,7,22215,M,,,22
200800070820,8,12,5,1200,1,2,6,1,7,22278,M,,,22
200800070821,8,12,5,1825,5,1,1,2,4,22360,M,,,22
200800070822,8,12,5,1826,5,1,1,2,2,22360,M,,,22
200800070823,8,12,6,1800,5,2,1,1,7,22106,M,,,22
200800070824,8,12,7,1655,1,2,1,1,4,22278,M,,,22
200800070825,8,12,7,1750,5,2,1,1,1,22278,M,,,22
200800070826,8,12,8,925,1,2,2,1,3,22278,M,,,22
200800070827,8,12,11,1220,1,2,1,1,3,22360,M,,,22
200800070828,8,12,12,1915,3,1,1,1,7,22215,M,,,22
200800070829,8,12,13,610,3,1,1,2,7,22215,M,,,22
200800070830,8,12,14,1220,1,2,6,1,3,22278,M,,,22
200800070831,8,12,16,1750,5,2,2,1,3,22215,M,,,22
200800070832,8,12,16,1830,5,2,1,1,2,22278,M,,,22
200800070833,8,12,17,900,1,2,1,1,2,22278,M,,,22
200800070834,8,12,18,1505,1,2,1,1,4,22278,M,,,22
200800070835,8,12,24,910,1,1,6,5,2,22360,M,,,22
200800070836,8,12,28,1605,1,2,1,1,7,22278,M,,,22
200800070837,8,12,29,2000,5,2,3,1,3,22278,M,,,22
200800070838,8,12,30,1615,1,2,1,1,7,22106,M,,,22
200800070839,8,12,23,1920,5,2,1,1,1,23096,M,,,23
200800070840,8,12,3,830,2,2,2,3,3,24037,M,,,24
200800070841,8,12,13,1715,5,2,3,3,3,24037,M,,,24
200800070842,8,12,20,1540,1,2,9,1,3,24037,M,,,24
200800070843,8,12,12,1530,1,2,3,7,3,24322,M,,,24
200800070844,8,12,15,1635,1,2,1,1,3,24322,M,,,24
200800070845,8,12,15,1645,2,2,3,1,3,24322,M,,,24
200800070846,8,12,17,1852,5,2,1,2,5,24557,M,,,24
200800070847,8,12,18,1044,1,2,1,1,3,24322,M,,,24
200800070848,8,12,13,1757,5,2,6,3,6,24053,M,,,24
200800070849,8,12,23,1745,5,2,6,1,6,24322,M,,,24
200800070850,8,12,1,1708,5,2,1,2,6,25056,M,,,25
200800070851,8,12,2,1525,1,2,1,1,6,25056,M,,,25
200800070852,8,12,4,1710,5,2,2,2,6,25056,M,,,25
200800070853,8,12,5,258,5,2,1,2,6,25056,M,,,25
200800070854,8,12,9,758,2,2,1,1,2,25056,M,,,25
200800070855,8,12,11,1313,1,2,1,2,6,25056,M,,,25
200800070856,8,12,12,1735,5,2,1,1,3,25056,M,,,25
200800070857,8,12,13,2035,5,2,2,1,3,25056,M,,,25
200800070858,8,12,15,1720,5,2,1,2,1,25056,M,,,25
200800070859,8,12,19,1325,1,2,1,2,7,25056,M,,,25
200800070860,8,12,20,1244,1,2,1,9,4,25056,M,,,25
200800070861,8,12,23,1440,1,1,1,1,3,25056,M,,,25
200800070862,8,12,23,1215,1,2,1,1,6,25056,M,,,25
200800070863,8,12,24,1346,1,2,1,1,3,25056,M,,,25
200800070864,8,12,27,1611,1,2,1,1,7,25056,M,,,25
200800070865,8,12,30,1725,1,2,2,1,3,25056,M,,,25
200800070866,8,12,8,1735,5,2,1,1,6,25388,M,,,25
200800070867,8,12,21,1750,3,1,2,1,3,26198,M,,,26
200800070868,8,12,2,1715,5,2,6,1,3,26281,M,,,26
200800070869,8,12,4,1720,2,2,1,2,6,26281,M,,,26
200800070870,8,12,10,905,1,2,9,4,6,26281,M,,,26
200800070871,8,12,18,1335,1,2,6,1,6,26281,M,,,26
200800070872,8,12,11,135,5,2,1,1,7,26362,M,,,26
200800070873,8,12,5,2300,5,2,3,1,3,26362,M,,,26
200800070874,8,12,5,2235,3,1,1,1,7,26362,M,,,26
200800070875,8,12,15,1300,1,2,2,1,3,26058,M,,,26
200800070876,8,12,15,1635,1,2,2,1,3,26362,M,,,26
200800070877,8,12,23,1650,1,2,1,1,3,26058,M,,,26
200800070878,8,12,29,1355,1,1,6,1,2,26058,M,,,26
200800070879,8,12,8,1615,1,2,1,1,4,26362,M,,,26
200800070880,8,12,16,1755,3,2,1,1,4,26252,M,,,26
200800070881,8,12,3,1210,1,2,1,1,6,27229,M,,,27
200800070882,8,12,5,1615,1,1,1,2,1,27229,M,,,27
200800070883,8,12,12,740,1,2,1,1,4,27229,M,,,27
200800070884,8,12,12,810,1,2,1,8,3,27229,M,,,27
200800070885,8,12,20,1905,1,2,1,1,3,27229,M,,,27
200800070886,8,12,22,1725,5,2,1,1,6,27229,M,,,27
200800070887,8,12,21,1835,5,2,1,1,1,27701,M,,,27
200800070888,8,12,21,2100,5,2,3,1,3,27701,M,,,27
200800070889,8,12,3,1720,5,2,1,1,6,27681,M,,,27
200800070890,8,12,6,1545,1,2,3,1,6,27681,M,,,27
200800070891,8,12,2,655,2,2,1,2,6,27681,M,,,27
200800070892,8,12,3,1810,5,2,1,2,6,27681,M,,,27
200800070893,8,12,9,830,2,1,1,1,6,27681,M,,,27
200800070894,8,12,21,2000,5,2,1,1,2,27681,M,,,27
200800070895,8,12,23,1730,5,2,1,1,6,27681,M,,,27
200800070896,8,12,27,250,5,2,1,1,7,27588,M,,,27
200800070897,8,12,27,1245,1,2,1,1,6,27681,M,,,27
200800070898,8,12,28,1925,5,2,1,1,6,27681,M,,,27
200800070899,8,12,2,1820,3,1,3,1,2,28070,M,,,28
200800070900,8,12,3,630,5,2,1,2,7,28218,M,,,28
200800070901,8,12,3,1740,3,1,6,2,4,28229,M,,,28
200800070902,8,12,3,1800,3,2,1,1,4,28220,M,,,28
200800070903,8,12,4,720,2,2,1,2,3,28220,M,,,28
200800070904,8,12,5,1250,1,2,1,1,6,28085,M,,,28
200800070905,8,12,5,1735,3,1,1,1,2,28110,M,,,28
200800070906,8,12,7,1045,1,2,1,1,6,28070,M,,,28
200800070907,8,12,7,1415,1,2,1,1,3,28070,M,,,28
200800070908,8,12,8,1710,2,2,3,1,6,28085,M,,,28
200800070909,8,12,9,1550,1,2,1,1,3,28085,M,,,28
200800070910,8,12,9,1600,1,2,1,1,6,28085,M,,,28
200800070911,8,12,10,1750,5,2,3,1,6,28085,M,,,28
200800070912,8,12,12,1730,5,1,1,5,4,28085,M,,,28
200800070913,8,12,13,1700,3,2,1,2,6,28209,M,,,28
200800070914,8,12,13,1620,1,2,3,2,6,28085,M,,,28
200800070915,8,12,14,1200,1,2,1,2,6,28085,M,,,28
200800070916,8,12,14,2010,5,2,1,5,6,28085,M,,,28
200800070917,8,12,15,1640,2,2,3,1,3,28218,M,,,28
200800070918,8,12,17,730,2,2,1,1,6,28229,M,,,28
200800070919,8,12,17,750,3,2,1,2,6,28229,M,,,28
200800070920,8,12,17,1240,1,2,3,1,3,28218,M,,,28
200800070921,8,12,18,1450,1,1,6,1,2,28218,M,,,28
200800070922,8,12,18,1530,1,2,1,1,7,28209,M,,,28
200800070923,8,12,22,1550,1,2,2,1,3,28085,M,,,28
200800070924,8,12,19,1505,1,2,3,1,3,28218,M,,,28
200800070925,8,12,4,1615,2,2,1,2,3,28404,M,,,28
200800070926,8,12,26,845,1,2,1,1,7,28404,M,,,28
200800070927,8,12,29,1125,1,2,5,1,2,28134,M,,,28
200800070928,8,12,31,1220,1,2,1,1,6,28404,M,,,28
200800070929,8,12,1,1115,1,1,1,4,7,29019,M,,,29
200800070930,8,12,2,705,5,2,6,1,3,29019,M,,,29
200800070931,8,12,2,1240,1,2,3,2,3,29019,M,,,29
200800070932,8,12,3,1250,1,2,6,1,2,29019,M,,,29
200800070933,8,12,6,1930,5,2,6,1,3,29019,M,,,29
200800070934,8,12,10,1640,1,2,3,2,3,29019,M,,,29
200800070935,8,12,13,1520,1,2,2,1,3,29019,M,,,29
200800070936,8,12,13,2005,5,1,1,1,6,29019,M,,,29
200800070937,8,12,14,2000,5,2,3,2,1,29019,M,,,29
200800070938,8,12,15,1537,1,2,1,1,6,29019,M,,,29
200800070939,8,12,17,755,3,2,1,2,6,29019,M,,,29
200800070940,8,12,17,1015,1,2,6,1,3,29019,M,,,29
200800070941,8,12,19,1445,1,2,1,1,6,29019,M,,,29
200800070942,8,12,20,1743,2,2,1,1,6,29019,M,,,29
200800070943,8,12,21,1625,1,2,1,1,3,29019,M,,,29
200800070944,8,12,26,1015,1,2,6,1,3,29019,M,,,29
200800070945,8,12,26,1030,1,2,1,1,6,29019,M,,,29
200800070946,8,12,26,1530,1,2,2,1,3,29019,M,,,29
200800070947,8,12,26,1835,4,2,1,1,6,29019,M,,,29
200800070948,8,12,10,1040,1,2,1,9,1,29039,M,,,29
200800070949,8,12,13,520,5,2,1,3,3,29039,M,,,29
200800070950,8,12,14,2015,3,2,9,1,6,29039,M,,,29
200800070951,8,12,2,945,1,2,1,1,6,29232,M,,,29
200800070952,8,12,11,2005,5,2,1,2,1,29232,M,,,29
200800070953,8,12,13,2035,5,2,1,1,6,29232,M,,,29
200800070954,8,12,20,1545,1,1,1,1,1,29051,M,,,29
200800070955,8,12,1,1215,1,2,2,1,3,30007,M,,,30
200800070956,8,12,3,1325,1,2,1,2,2,30007,M,,,30
200800070957,8,12,5,815,1,2,1,2,4,30007,M,,,30
200800070958,8,12,7,1400,1,2,1,1,3,30007,M,,,30
200800070959,8,12,7,1640,1,2,1,1,2,30007,M,,,30
200800070960,8,12,4,1800,5,2,1,2,7,30007,M,,,30
200800070961,8,12,9,707,4,2,1,2,7,30007,M,,,30
200800070962,8,12,9,1115,1,2,1,2,2,30007,M,,,30
200800070963,8,12,12,1615,1,2,1,1,7,30007,M,,,30
200800070964,8,12,12,1800,3,2,1,1,7,30007,M,,,30
200800070965,8,12,16,745,2,2,5,9,7,30007,M,,,30
200800070966,8,12,17,1538,1,2,1,1,6,30007,M,,,30
200800070967,8,12,17,1735,5,2,3,1,3,30007,M,,,30
200800070968,8,12,20,1755,5,1,1,1,7,30007,M,,,30
200800070969,8,12,23,830,1,2,1,1,2,30007,M,,,30
200800070970,8,12,19,1030,1,2,1,1,4,30007,M,,,30
200800070971,8,12,23,1615,1,2,1,1,7,30007,M,,,30
200800070972,8,12,27,1330,1,2,1,1,6,30007,M,,,30
200800070973,8,12,29,1144,1,2,1,1,6,30007,M,,,30
200800070974,8,12,29,1750,2,2,1,2,6,30007,M,,,30
200800070975,8,12,4,1825,5,2,1,2,6,30028,M,,,30
200800070976,8,12,7,1930,5,2,1,1,6,30028,M,,,30
200800070977,8,12,5,1240,1,2,1,1,4,30028,M,,,30
200800070978,8,12,19,1605,1,1,1,1,6,30028,M,,,30
200800070979,8,12,3,1545,1,2,6,1,7,30032,M,,,30
200800070980,8,12,15,2100,5,1,1,1,2,30032,M,,,30
200800070981,8,12,21,1205,1,2,1,1,6,30032,M,,,30
200800070982,8,12,23,1600,1,2,1,1,6,30032,M,,,30
200800070983,8,12,25,1925,3,1,9,3,3,30032,M,,,30
200800070984,8,12,1,1545,1,1,1,1,2,30189,M,4380028.0,435310.0,30
200800070985,8,12,2,1418,1,2,3,1,3,30189,M,4383260.0,438414.0,30
200800070986,8,12,2,1825,5,2,2,1,3,30189,M,,,30
200800070987,8,12,2,1826,5,2,2,1,3,30189,M,,,30
200800070988,8,12,3,1738,5,2,9,2,3,30189,M,4381412.0,435252.0,30
200800070989,8,12,3,1910,5,2,2,1,3,30189,M,4382698.0,435427.0,30
200800070990,8,12,4,1154,1,2,1,1,6,30189,M,,,30
200800070991,8,12,4,1507,1,1,1,2,6,30189,M,4391325.0,440179.0,30
200800070992,8,12,5,415,5,2,2,2,3,30189,M,4385226.0,440052.0,30
200800070993,8,12,5,2221,5,2,4,1,3,30189,M,4385226.0,440510.0,30
200800070994,8,12,6,1800,5,2,2,1,3,30189,M,4382807.0,434773.0,30
200800070995,8,12,7,230,5,2,2,1,3,30189,M,4384067.0,431812.0,30
200800070996,8,12,8,530,5,2,3,1,3,30189,M,4383115.0,435230.0,30
200800070997,8,12,8,905,1,2,9,1,3,30189,M,4383024.0,435277.0,30
200800070998,8,12,8,1707,3,2,1,1,3,30189,M,4383135.0,438632.0,30
200800070999,8,12,8,2310,5,2,1,1,4,30189,M,4383827.0,437379.0,30
200800071000,8,12,9,1533,1,2,1,3,2,30189,M,4383132.0,438628.0,30
200800071001,8,12,10,1525,1,2,6,1,4,30189,M,4381817.0,436061.0,30
200800071002,8,12,10,1640,2,2,3,1,4,30189,M,4384937.0,437021.0,30
200800071003,8,12,11,1355,1,2,1,1,6,30189,M,4384056.0,436572.0,30
200800071004,8,12,11,1536,1,2,2,1,3,30189,M,4382273.0,434786.0,30
200800071005,8,12,12,20,5,2,1,1,2,30189,M,4383292.0,435139.0,30
200800071006,8,12,12,820,1,1,2,1,3,30189,M,4386909.0,432650.0,30
200800071007,8,12,12,943,1,2,1,1,7,30189,M,,,30
200800071008,8,12,12,1325,1,2,1,1,6,30189,M,,,30
200800071009,8,12,12,1640,1,1,1,1,6,30189,M,,,30
200800071010,8,12,13,1024,1,2,1,1,2,30189,M,4381416.0,432784.0,30
200800071011,8,12,13,1535,1,2,2,1,3,30189,M,,,30
200800071012,8,12,16,1940,5,2,1,1,4,30189,M,4384066.0,437272.0,30