Num_Acc,an,mois,jour,hrmn,lum,agg,int,atm,col,com,gps,lat,long,dep
200800071408,8,12,3,1940,5,2,3,1,6,44109,M,,,44
200800071409,8,12,4,715,5,2,1,2,6,44143,M,,,44
200800071410,8,12,3,750,2,2,1,1,1,44190,M,,,44
200800071411,8,12,3,2220,5,2,3,1,6,44190,M,,,44
200800071412,8,12,4,820,1,2,2,1,6,44190,M,,,44
200800071413,8,12,5,815,1,2,1,1,6,44143,M,,,44
200800071414,8,12,2,2005,5,2,2,3,3,44109,M,,,44
200800071415,8,12,5,953,1,2,6,1,3,44109,M,,,44
200800071416,8,12,4,1915,5,2,1,2,2,44109,M,,,44
200800071417,8,12,2,1215,1,2,9,1,3,44109,M,,,44
200800071418,8,12,4,1025,1,2,1,2,6,44109,M,,,44
200800071419,8,12,6,1135,1,1,1,1,6,44109,M,,,44
200800071420,8,12,6,2145,3,1,1,1,6,44162,M,,,44
200800071421,8,12,5,1245,1,2,1,1,2,44114,M,,,44
200800071422,8,12,8,1000,5,2,3,1,6,44109,M,,,44
200800071423,8,12,10,715,5,2,1,1,6,44114,M,,,44
200800071424,8,12,10,815,2,2,1,1,6,44162,M,,,44
200800071425,8,12,10,1555,1,2,6,1,6,44109,M,,,44
200800071426,8,12,10,445,5,2,1,1,7,44143,M,,,44
200800071427,8,12,2,850,1,2,1,1,7,44109,M,,,44
200800071428,8,12,10,1140,1,2,2,1,6,44143,M,,,44
200800071429,8,12,12,120,5,2,2,1,3,44109,M,,,44
200800071430,8,12,11,1755,5,2,2,1,3,44109,M,,,44
200800071431,8,12,14,1425,1,1,1,1,2,44109,M,,,44
200800071432,8,12,15,825,1,1,1,1,3,44109,M,,,44
200800071433,8,12,15,1555,1,2,3,1,3,44109,M,,,44
200800071434,8,12,15,924,1,2,1,1,6,44143,M,,,44
200800071435,8,12,15,1220,1,2,1,1,4,44109,M,,,44
200800071436,8,12,16,1215,1,2,3,1,3,44109,M,,,44
200800071437,8,12,15,1815,2,2,3,1,3,44109,M,,,44
200800071438,8,12,15,1710,1,2,1,1,6,44162,M,,,44
200800071439,8,12,13,1640,1,2,1,8,2,44114,M,,,44
200800071440,8,12,12,1255,1,2,1,8,3,44162,M,,,44
200800071441,8,12,16,1930,5,2,2,1,6,44109,M,,,44
200800071442,8,12,15,930,1,2,1,1,6,44114,M,,,44
200800071443,8,12,17,1615,1,2,3,1,3,44109,M,,,44
200800071444,8,12,18,2033,3,2,1,1,1,44109,M,,,44
200800071445,8,12,18,1825,5,2,2,1,6,44109,M,,,44
200800071446,8,12,18,1830,5,2,1,1,6,44109,M,,,44
200800071447,8,12,18,1930,4,2,6,2,6,44109,M,,,44
200800071448,8,12,17,1950,4,2,9,1,3,44114,M,,,44
200800071449,8,12,21,1440,1,2,1,1,6,44109,M,,,44
200800071450,8,12,19,1300,1,2,6,1,1,44109,M,,,44
200800071451,8,12,19,1845,5,2,1,1,3,44109,M,,,44
200800071452,8,12,20,1520,1,2,3,1,3,44109,M,,,44
200800071453,8,12,21,1225,1,2,1,1,6,44109,M,,,44
200800071454,8,12,22,735,5,2,1,1,3,44162,M,,,44
200800071455,8,12,20,2010,5,2,1,1,6,44190,M,,,44
200800071456,8,12,23,1145,1,2,6,1,6,44109,M,,,44
200800071457,8,12,24,1550,1,1,1,9,7,44162,M,,,44
200800071458,8,12,24,1835,3,1,1,1,3,44109,M,,,44
200800071459,8,12,2,845,2,2,1,1,7,44109,M,,,44
200800071460,8,12,27,120,3,2,4,1,6,44215,M,,,44
200800071461,8,12,27,2010,5,2,6,1,3,44109,M,,,44
200800071462,8,12,24,1805,3,1,1,1,4,44114,M,,,44
200800071463,8,12,22,1845,5,2,1,1,6,44162,M,,,44
200800071464,8,12,24,1005,1,2,1,1,6,44114,M,,,44
200800071465,8,12,17,1140,1,2,1,1,6,44109,M,,,44
200800071466,8,12,5,1715,1,2,2,1,2,44109,M,,,44
200800071467,8,12,29,1930,5,2,6,1,3,44162,M,,,44
200800071468,8,12,26,1245,1,2,1,1,2,44143,M,,,44
200800071469,8,12,29,1445,1,2,1,1,6,44190,M,,,44
200800071470,8,12,4,1655,2,2,6,1,1,44184,M,,,44
200800071471,8,12,5,1545,1,2,1,1,2,44184,M,,,44
200800071472,8,12,9,805,2,2,3,2,2,44184,M,,,44
200800071473,8,12,10,1540,1,2,1,1,7,44184,M,,,44
200800071474,8,12,11,755,2,2,3,1,3,44184,M,,,44
200800071475,8,12,12,1925,2,2,2,1,7,44184,M,,,44
200800071476,8,12,14,1652,2,2,1,1,7,44184,M,,,44
200800071477,8,12,23,1730,2,2,1,1,3,44184,M,,,44
200800071478,8,12,10,10,5,2,1,9,4,45208,M,,,45
200800071479,8,12,11,1600,1,2,2,1,6,45208,M,,,45
200800071480,8,12,1,900,2,2,1,2,4,45234,M,,,45
200800071481,8,12,3,1725,5,2,1,2,6,45284,M,,,45
200800071482,8,12,3,1740,5,2,1,2,6,45234,M,,,45
200800071483,8,12,1,2008,2,2,1,2,7,45169,M,,,45
200800071484,8,12,4,2255,5,2,3,2,3,45284,M,,,45
200800071485,8,12,1,1050,1,2,1,8,7,45232,M,,,45
200800071486,8,12,7,1755,5,2,3,1,6,45298,M,,,45
200800071487,8,12,11,1250,1,2,1,1,6,45234,M,,,45
200800071488,8,12,12,750,2,2,1,1,2,45234,M,,,45
200800071489,8,12,13,2000,5,2,2,2,3,45234,M,,,45
200800071490,8,12,14,15,5,2,1,2,6,45147,M,,,45
200800071491,8,12,14,1310,1,2,4,2,2,45232,M,,,45
200800071492,8,12,16,750,5,2,3,5,5,45284,M,,,45
200800071493,8,12,15,1250,1,2,1,1,4,45234,M,,,45
200800071494,8,12,15,1545,1,2,1,1,6,45234,M,,,45
200800071495,8,12,18,2245,3,1,1,2,6,45274,M,,,45
200800071496,8,12,18,1006,1,2,2,1,3,45234,M,,,45
200800071497,8,12,20,305,5,2,1,5,3,45147,M,,,45
200800071498,8,12,21,335,5,2,1,1,6,45234,M,,,45
200800071499,8,12,25,1845,5,2,1,1,7,45285,M,,,45
200800071500,8,12,29,1610,1,2,2,1,6,45147,M,,,45
200800071501,8,12,29,2140,4,2,1,1,3,45285,M,,,45
200800071502,8,12,27,1610,1,2,1,2,2,45075,M,,,45
200800071503,8,12,29,1146,1,2,1,1,6,45234,M,,,45
200800071504,8,12,3,2010,3,1,1,2,7,46042,M,,,46
200800071505,8,12,9,810,2,2,1,2,6,46042,M,,,46
200800071506,8,12,3,1845,5,2,1,1,6,47001,M,,,47
200800071507,8,12,4,1722,5,2,1,1,6,47001,M,,,47
200800071508,8,12,17,755,5,2,1,1,3,47001,M,,,47
200800071509,8,12,20,1645,1,2,1,1,6,47001,M,,,47
200800071510,8,12,25,2210,5,2,1,5,1,47001,M,,,47
200800071511,8,12,27,1930,5,2,2,1,3,47001,M,,,47
200800071512,8,12,17,1455,1,2,1,8,3,47323,M,,,47
200800071513,8,12,3,1225,1,1,1,1,6,49007,M,,,49
200800071514,8,12,3,1310,1,1,1,8,6,49015,M,,,49
200800071515,8,12,3,1229,1,1,1,1,7,49007,M,,,49
200800071516,8,12,3,1315,1,1,1,1,6,49015,M,,,49
200800071517,8,12,3,1629,1,2,6,1,3,49007,M,,,49
200800071518,8,12,9,752,2,1,2,2,3,49267,M,,,49
200800071519,8,12,4,1042,1,2,3,1,3,49007,M,,,49
200800071520,8,12,5,1022,1,2,1,1,7,49007,M,,,49
200800071521,8,12,5,1204,1,2,1,1,7,49007,M,,,49
200800071522,8,12,5,1726,3,1,1,1,7,49267,M,,,49
200800071523,8,12,5,1736,5,2,1,1,6,49246,M,,,49
200800071524,8,12,5,1930,2,2,2,1,3,49007,M,,,49
200800071525,8,12,6,1755,3,1,1,1,6,49015,M,,,49
200800071526,8,12,7,1532,1,2,1,1,7,49015,M,,,49
200800071527,8,12,8,644,2,2,1,9,7,49353,M,,,49
200800071528,8,12,8,732,5,2,1,9,7,49007,M,,,49
200800071529,8,12,8,1747,5,2,1,1,6,49007,M,,,49
200800071530,8,12,8,2203,5,2,1,1,7,49007,M,,,49
200800071531,8,12,12,1135,1,2,1,8,3,49007,M,,,49
200800071532,8,12,10,1641,1,2,2,1,6,49007,M,,,49
200800071533,8,12,11,755,5,2,1,1,6,49007,M,,,49
200800071534,8,12,11,840,1,2,1,1,3,49353,M,,,49
200800071535,8,12,12,1703,2,2,1,1,6,49007,M,,,49
200800071536,8,12,12,1910,5,2,1,1,5,49246,M,,,49
200800071537,8,12,12,2103,5,2,1,2,3,49246,M,,,49
200800071538,8,12,13,1536,1,2,1,2,6,49007,M,,,49
200800071539,8,12,13,1921,5,2,1,2,6,49015,M,,,49
200800071540,8,12,15,710,5,2,2,3,3,49007,M,,,49
200800071541,8,12,15,1720,2,2,1,1,7,49007,M,,,49
200800071542,8,12,11,759,2,2,2,1,6,49007,M,,,49
200800071543,8,12,16,817,2,2,2,1,3,49015,M,,,49
200800071544,8,12,16,1730,5,2,1,1,3,49007,M,,,49
200800071545,8,12,16,1844,5,2,2,1,6,49007,M,,,49
200800071546,8,12,16,2215,5,2,2,1,3,49007,M,,,49
200800071547,8,12,18,2050,5,2,2,1,3,49007,M,,,49
200800071548,8,12,18,630,5,2,2,1,3,49007,M,,,49
200800071549,8,12,5,2030,2,2,1,1,6,49353,M,,,49
200800071550,8,12,19,1155,1,2,7,2,3,49007,M,,,49
200800071551,8,12,19,1748,2,2,1,1,3,49246,M,,,49
200800071552,8,12,20,1522,1,2,1,2,6,49267,M,,,49
200800071553,8,12,23,1330,1,2,1,1,3,49007,M,,,49
200800071554,8,12,23,1324,1,2,1,1,3,49007,M,,,49
200800071555,8,12,24,2149,5,2,1,1,6,49353,M,,,49
200800071556,8,12,27,1250,1,2,2,1,6,49007,M,,,49
200800071557,8,12,26,1855,3,2,2,1,1,49015,M,,,49
200800071558,8,12,30,1228,1,2,2,1,1,49007,M,,,49
200800071559,8,12,31,1403,1,2,1,1,7,49007,M,,,49
200800071560,8,12,5,755,5,2,1,1,3,49099,M,,,49
200800071561,8,12,8,732,5,2,1,1,1,49099,M,,,49
200800071562,8,12,10,2105,5,2,1,1,7,49099,M,,,49
200800071563,8,12,12,700,5,2,1,1,6,49099,M,,,49
200800071564,8,12,18,1050,1,2,2,1,6,49099,M,,,49
200800071565,8,12,27,1345,1,1,1,1,6,49099,M,,,49
200800071566,8,12,27,1655,1,1,1,1,1,49099,M,,,49
200800071567,8,12,27,1800,2,2,1,1,6,49099,M,,,49
200800071568,8,12,29,1015,1,2,1,1,6,49099,M,,,49
200800071569,8,12,3,830,5,2,1,2,2,50129,M,,,50
200800071570,8,12,4,1520,1,2,1,1,7,50129,M,,,50
200800071571,8,12,5,2010,3,2,1,8,6,50129,M,,,50
200800071572,8,12,6,1915,5,1,9,1,7,50203,M,,,50
200800071573,8,12,7,1555,1,2,1,7,6,50129,M,,,50
200800071574,8,12,8,1155,1,2,1,1,4,50129,M,,,50
200800071575,8,12,18,945,1,2,1,8,6,50129,M,,,50
200800071576,8,12,18,1430,1,2,1,8,7,50129,M,,,50
200800071577,8,12,20,1930,5,2,1,1,6,50602,M,,,50
200800071578,8,12,20,2310,5,2,2,1,7,50129,M,,,50
200800071579,8,12,21,855,1,2,1,8,6,50173,M,,,50
200800071580,8,12,22,1045,1,2,2,1,3,50173,M,,,50
200800071581,8,12,23,1435,1,2,2,1,1,50173,M,,,50
200800071582,8,12,27,2005,5,2,1,1,7,50129,M,,,50
200800071583,8,12,31,1600,1,2,2,8,3,50602,M,,,50
200800071584,8,12,1,820,2,2,5,8,3,50147,M,,,50
200800071585,8,12,4,1813,5,2,4,4,3,50147,M,,,50
200800071586,8,12,10,1335,1,1,1,1,6,50218,M,,,50
200800071587,8,12,1,1205,1,1,2,2,3,50502,M,,,50
200800071588,8,12,12,1205,1,2,1,1,1,50502,M,,,50
200800071589,8,12,26,1605,1,2,1,1,1,50502,M,,,50
200800071590,8,12,13,2350,5,2,1,2,3,51108,M,,,51
200800071591,8,12,15,750,2,2,1,5,6,51506,M,,,51
200800071592,8,12,15,1805,5,2,2,1,2,51108,M,,,51
200800071593,8,12,8,1610,1,2,2,1,3,51230,M,,,51
200800071594,8,12,11,1015,1,1,2,1,3,51390,M,,,51
200800071595,8,12,2,1740,5,2,1,1,6,51454,M,,,51
200800071596,8,12,6,1425,1,2,1,1,1,51454,M,,,51
200800071597,8,12,12,1225,1,2,1,1,3,51454,M,,,51
200800071598,8,12,15,720,5,2,1,1,1,51172,M,,,51
200800071599,8,12,17,1215,1,2,7,3,6,51454,M,,,51
200800071600,8,12,17,1300,1,2,1,2,3,51454,M,,,51
200800071601,8,12,17,1235,1,2,1,2,3,51454,M,,,51
200800071602,8,12,19,1610,1,2,2,1,4,51454,M,,,51
200800071603,8,12,23,1410,1,2,1,1,3,51454,M,,,51
200800071604,8,12,26,1050,1,1,1,1,6,52121,M,,,52
200800071605,8,12,2,1330,1,2,1,2,7,52121,M,,,52
200800071606,8,12,6,1655,1,2,1,1,2,52121,M,,,52
200800071607,8,12,18,1048,1,2,1,1,2,52121,M,,,52
200800071608,8,12,20,1610,1,1,2,2,2,52121,M,,,52
200800071609,8,12,16,1550,1,2,3,1,6,52121,M,,,52
200800071610,8,12,1,1710,2,2,1,2,6,52448,M,,,52
200800071611,8,12,3,1115,1,2,1,2,6,52448,M,,,52
200800071612,8,12,12,1640,2,2,2,1,3,52448,M,,,52
200800071613,8,12,27,1855,5,2,1,1,3,52448,M,,,52
200800071614,8,12,29,1110,1,2,1,1,1,52448,M,,,52
200800071615,8,12,9,1305,1,1,1,1,1,53201,M,,,53
200800071616,8,12,15,1215,1,1,1,1,1,53034,M,,,53
200800071617,8,12,18,1810,5,2,1,1,6,53054,M,,,53
200800071618,8,12,5,2245,5,2,2,1,3,54159,M,,,54
200800071619,8,12,14,1300,1,2,1,1,6,54329,M,,,54
200800071620,8,12,1,615,5,2,1,1,1,54197,M,,,54
200800071621,8,12,1,1330,1,2,2,1,3,54265,M,,,54
200800071622,8,12,1,2130,5,2,1,2,6,54395,M,,,54
200800071623,8,12,1,810,1,2,1,1,6,54395,M,,,54
200800071624,8,12,2,1730,2,2,1,1,6,54304,M,,,54
200800071625,8,12,3,1215,1,2,3,2,2,54025,M,,,54
200800071626,8,12,3,1400,1,2,3,2,3,54547,M,,,54
200800071627,8,12,3,1740,5,2,2,2,7,54395,M,,,54
200800071628,8,12,3,1920,5,2,1,2,1,54547,M,,,54
200800071629,8,12,4,1215,1,2,1,2,2,54304,M,,,54
200800071630,8,12,4,830,1,2,1,1,6,54257,M,,,54
200800071631,8,12,5,1915,5,2,2,3,6,54547,M,,,54
200800071632,8,12,8,1220,1,2,1,1,2,54304,M,,,54
200800071633,8,12,9,810,2,2,2,1,6,54395,M,,,54
200800071634,8,12,9,1000,1,2,3,1,3,54578,M,,,54
200800071635,8,12,9,1040,1,1,1,8,7,54184,M,,,54
200800071636,8,12,9,1355,1,2,1,1,6,54395,M,,,54
200800071637,8,12,11,1705,5,2,2,1,6,54395,M,,,54
200800071638,8,12,11,1725,5,2,1,1,6,54395,M,,,54
200800071639,8,12,11,1815,5,2,1,1,2,54395,M,,,54
200800071640,8,12,11,2100,5,2,2,1,2,54304,M,,,54
200800071641,8,12,12,915,1,2,2,1,3,54304,M,,,54
200800071642,8,12,12,1840,5,2,2,1,6,54439,M,,,54
200800071643,8,12,13,1005,1,1,1,8,6,54547,M,,,54
200800071644,8,12,14,310,5,2,1,1,6,54395,M,,,54
200800071645,8,12,15,1720,5,2,5,1,3,54304,M,,,54
200800071646,8,12,18,1610,1,2,3,8,3,54395,M,,,54
200800071647,8,12,19,1410,1,2,3,1,6,54547,M,,,54
200800071648,8,12,29,1755,1,2,1,1,6,54395,M,,,54
200800071649,8,12,22,1600,1,2,6,1,3,54300,M,,,54
200800071650,8,12,22,1945,5,2,4,1,2,54395,M,,,54
200800071651,8,12,23,1630,1,2,1,1,2,54304,M,,,54
200800071652,8,12,26,2015,5,2,2,6,3,54357,M,,,54
200800071653,8,12,27,1440,1,2,5,1,3,54526,M,,,54
200800071654,8,12,28,1400,1,2,2,1,3,54395,M,,,54
200800071655,8,12,29,1040,1,2,3,1,6,54395,M,,,54
200800071656,8,12,29,1610,1,2,2,1,3,54482,M,,,54
200800071657,8,12,30,940,1,2,2,1,6,54395,M,,,54
200800071658,8,12,1,1800,5,2,5,2,3,54528,M,,,54
200800071659,8,12,13,1810,5,2,1,1,2,54167,M,,,54
200800071660,8,12,10,1200,1,2,1,1,6,54528,M,,,54
200800071661,8,12,22,1850,5,2,2,1,3,54528,M,,,54
200800071662,8,12,26,1130,1,2,2,1,6,54528,M,,,54
200800071663,8,12,13,1145,1,2,1,1,6,54580,M,,,54
200800071664,8,12,1,650,5,1,1,2,6,55029,M,,,55
200800071665,8,12,1,1625,2,1,1,2,3,55476,M,,,55
200800071666,8,12,1,1800,5,2,1,2,6,55029,M,,,55
200800071667,8,12,4,1745,5,2,1,2,6,55029,M,,,55
200800071668,8,12,5,715,5,2,1,2,2,55186,M,,,55
200800071669,8,12,12,1740,5,1,1,1,1,55029,M,,,55
200800071670,8,12,20,1455,1,2,1,2,6,55029,M,,,55
200800071671,8,12,22,1545,1,2,1,2,3,55029,M,,,55
200800071672,8,12,26,920,1,2,1,1,2,55029,M,,,55
200800071673,8,12,7,1820,2,2,1,1,1,55545,M,,,55
200800071674,8,12,17,525,5,2,1,1,7,55545,M,,,55
200800071675,8,12,16,1245,1,1,1,1,7,55545,M,,,55
200800071676,8,12,28,1510,1,1,1,1,3,55545,M,,,55
200800071677,8,12,1,419,5,2,1,1,6,56121,M,,,56
200800071678,8,12,2,750,5,2,1,1,7,56121,M,,,56
200800071679,8,12,2,1701,1,2,1,2,6,56121,M,,,56
200800071680,8,12,2,1754,5,2,1,2,3,56162,M,,,56
200800071681,8,12,2,2036,5,2,2,1,3,56121,M,,,56
200800071682,8,12,3,842,1,2,1,1,3,56121,M,,,56
200800071683,8,12,6,2120,5,2,1,1,6,56098,M,,,56
200800071684,8,12,10,650,5,1,1,1,7,56162,M,,,56
200800071685,8,12,10,845,1,2,1,1,7,56107,M,,,56
200800071686,8,12,11,1040,1,2,6,2,3,56162,M,,,56
200800071687,8,12,11,1402,1,2,1,2,2,56098,M,,,56
200800071688,8,12,11,1952,5,2,6,8,2,56098,M,,,56
200800071689,8,12,12,800,5,2,3,1,3,56121,M,,,56
200800071690,8,12,12,1110,1,2,1,2,7,56098,M,,,56
200800071691,8,12,12,1155,1,2,2,2,3,56098,M,,,56
200800071692,8,12,13,1158,1,2,3,2,5,56083,M,,,56
200800071693,8,12,13,2055,5,2,2,1,3,56121,M,,,56
200800071694,8,12,16,1634,1,2,1,1,6,56121,M,,,56
200800071695,8,12,17,1210,1,2,1,1,2,56162,M,,,56
200800071696,8,12,17,1841,5,2,2,1,3,56121,M,,,56
200800071697,8,12,17,1943,5,2,1,1,3,56121,M,,,56
200800071698,8,12,20,1401,1,2,1,1,6,56162,M,,,56
200800071699,8,12,21,1610,1,2,1,1,2,56121,M,,,56
200800071700,8,12,21,2020,5,2,2,1,6,56107,M,,,56
200800071701,8,12,22,1550,1,2,2,1,6,56121,M,,,56
200800071702,8,12,23,1542,1,2,2,1,6,56121,M,,,56
200800071703,8,12,24,825,1,2,1,1,3,56162,M,,,56
200800071704,8,12,24,1513,1,2,1,1,6,56098,M,,,56
200800071705,8,12,27,1524,1,2,1,1,7,56083,M,,,56
200800071706,8,12,28,2225,5,2,3,1,3,56098,M,,,56
200800071707,8,12,30,1209,1,2,1,1,7,56083,M,,,56
200800071708,8,12,31,1115,1,2,1,8,6,56121,M,,,56
200800071709,8,12,31,1525,1,2,1,1,3,56098,M,,,56
200800071710,8,12,8,1210,1,2,6,1,6,56260,M,,,56
200800071711,8,12,11,823,2,2,1,1,6,56260,M,,,56
200800071712,8,12,3,813,5,2,1,1,6,56260,M,,,56
200800071713,8,12,15,1530,1,2,1,1,6,56260,M,,,56
200800071714,8,12,18,905,1,2,6,1,3,56260,M,,,56
200800071715,8,12,18,745,4,2,9,1,3,56260,M,,,56
200800071716,8,12,24,1107,1,2,3,1,6,56260,M,,,56
200800071717,8,12,24,1740,2,2,6,1,3,56260,M,,,56
200800071718,8,12,4,755,1,2,3,1,6,56260,M,,,56
200800071719,8,12,13,1510,1,2,1,8,4,56260,M,,,56
200800071720,8,12,31,755,1,2,1,1,4,57227,M,,,57
200800071721,8,12,23,1000,1,2,1,8,4,57227,M,,,57
200800071722,8,12,3,1712,5,2,3,2,6,57227,M,,,57
200800071723,8,12,5,1720,5,2,1,2,6,57227,M,,,57
200800071724,8,12,9,1442,1,2,1,1,2,57660,M,,,57
200800071725,8,12,13,2225,5,2,2,1,3,57660,M,,,57
200800071726,8,12,23,1715,5,2,3,1,3,57227,M,,,57
200800071727,8,12,31,1055,1,2,2,1,2,57227,M,,,57
200800071728,8,12,5,1250,1,2,2,2,3,57143,M,,,57
200800071729,8,12,2,1355,1,2,1,1,3,57751,M,,,57
200800071730,8,12,3,135,5,2,2,2,2,57463,M,,,57
200800071731,8,12,3,1805,5,2,1,2,6,57463,M,,,57
200800071732,8,12,4,925,1,2,1,2,3,57412,M,,,57
200800071733,8,12,5,1705,5,2,2,2,6,57463,M,,,57
200800071734,8,12,7,1825,5,2,1,1,2,57463,M,,,57
200800071735,8,12,8,730,5,2,1,5,6,57487,M,,,57
200800071736,8,12,13,1000,1,2,1,1,6,57463,M,,,57
200800071737,8,12,17,1750,5,2,1,4,6,57463,M,,,57
200800071738,8,12,18,1730,5,2,9,4,6,57447,M,,,57
200800071739,8,12,24,1750,5,2,2,1,3,57463,M,,,57
200800071740,8,12,26,1730,5,2,2,1,3,57480,M,,,57
200800071741,8,12,27,1235,1,2,2,1,3,57463,M,,,57
200800071742,8,12,28,1925,5,2,1,1,6,57480,M,,,57
200800071743,8,12,5,1700,5,2,1,3,6,57631,M,,,57
200800071744,8,12,5,1600,1,2,1,2,3,57672,M,,,57
200800071745,8,12,5,1835,5,1,1,3,6,57672,M,,,57
200800071746,8,12,15,720,5,2,1,9,6,57672,M,,,57
200800071747,8,12,12,1412,1,1,1,1,3,57757,M,,,57
200800071748,8,12,17,1410,1,2,4,2,2,57672,M,,,57
200800071749,8,12,20,1740,5,2,6,2,6,57672,M,,,57
200800071750,8,12,22,1105,1,2,1,1,3,57757,M,,,57
200800071751,8,12,27,1445,1,2,6,1,3,57672,M,,,57
200800071752,8,12,1,1300,1,2,1,2,7,58194,M,,,58
200800071753,8,12,3,1710,5,2,1,2,7,58194,M,,,58
200800071754,8,12,29,2045,5,2,1,2,7,58194,M,,,58
200800071755,8,12,2,1210,1,2,1,2,6,58194,M,,,58
200800071756,8,12,6,1620,1,2,1,1,6,58194,M,,,58
200800071757,8,12,6,1755,5,2,1,1,2,58194,M,,,58
200800071758,8,12,11,755,2,2,1,1,6,58194,M,,,58
200800071759,8,12,13,1725,5,2,1,4,6,58194,M,,,58
200800071760,8,12,20,500,5,2,1,1,6,58194,M,,,58
200800071761,8,12,19,1325,1,2,2,2,1,58194,M,,,58
200800071762,8,12,19,1610,1,2,2,2,3,58194,M,,,58
200800071763,8,12,20,1225,1,2,3,1,3,58194,M,,,58
200800071764,8,12,20,1640,1,2,2,2,3,58194,M,,,58
200800071765,8,12,19,2015,5,2,1,2,7,58194,M,,,58
200800071766,8,12,27,1155,1,2,1,1,6,58194,M,,,58
200800071767,8,12,24,1335,1,2,1,1,6,58194,M,,,58
200800071768,8,12,19,1550,1,2,1,1,6,59017,M,,,59
200800071769,8,12,2,2120,4,2,3,2,3,59017,M,,,59
200800071770,8,12,21,2045,5,1,3,1,3,59317,M,,,59
200800071771,8,12,5,728,2,2,3,2,3,59122,M,,,59
200800071772,8,12,12,10,5,2,1,1,3,59122,M,,,59
200800071773,8,12,8,1340,1,2,1,1,7,59122,M,,,59
200800071774,8,12,16,1730,5,2,1,8,6,59205,M,,,59
200800071775,8,12,11,1815,5,2,1,1,5,59172,M,,,59
200800071776,8,12,20,1600,1,2,2,1,3,59172,M,,,59
200800071777,8,12,1,1110,1,2,3,1,7,59178,M,,,59
200800071778,8,12,18,740,2,2,1,1,6,59178,M,,,59
200800071779,8,12,18,1705,1,2,1,1,3,59178,M,,,59
200800071780,8,12,2,1635,2,2,2,3,6,59271,M,,,59
200800071781,8,12,2,1630,4,2,1,3,6,59183,M,,,59
200800071782,8,12,8,2000,5,2,2,1,3,59183,M,,,59
200800071783,8,12,9,1100,1,2,1,1,2,59183,M,,,59
200800071784,8,12,10,1730,5,2,9,1,6,59183,M,,,59
200800071785,8,12,12,1200,1,2,3,5,3,59131,M,,,59
200800071786,8,12,13,15,5,2,2,1,5,59155,M,,,59
200800071787,8,12,17,2115,5,1,3,8,3,59588,M,,,59
200800071788,8,12,18,735,5,2,1,1,6,59183,M,,,59
200800071789,8,12,20,2015,5,2,1,1,6,59183,M,,,59
200800071790,8,12,18,915,1,2,1,1,2,59271,M,,,59
200800071791,8,12,11,1545,1,1,1,1,5,59271,M,,,59
200800071792,8,12,24,1900,5,2,1,1,3,59588,M,,,59
200800071793,8,12,30,1625,1,2,6,1,6,59183,M,,,59
200800071794,8,12,23,1428,1,1,9,1,3,59249,M,,,59
200800071795,8,12,11,850,1,2,9,9,6,59273,M,,,59
200800071796,8,12,8,1720,2,2,1,1,3,59295,M,,,59
200800071797,8,12,21,2025,5,2,1,1,2,59295,M,,,59
200800071798,8,12,1,910,1,2,1,2,6,59350,M,,,59
200800071799,8,12,1,1000,1,2,1,1,7,59378,M,,,59
200800071800,8,12,2,920,1,2,1,1,6,59350,M,,,59
200800071801,8,12,2,1245,1,1,1,1,6,59350,M,,,59
200800071802,8,12,3,1035,1,2,2,1,3,59328,M,,,59
200800071803,8,12,3,1205,1,2,3,1,6,59286,M,,,59
200800071804,8,12,3,1745,1,2,9,1,3,59350,M,,,59
200800071805,8,12,4,900,1,2,3,2,7,59350,M,,,59
200800071806,8,12,4,1105,1,2,1,4,6,59350,M,,,59
200800071807,8,12,4,1845,5,2,1,2,2,59009,M,,,59
200800071808,8,12,4,1830,5,2,2,6,3,59507,M,,,59
200800071809,8,12,5,1210,1,1,1,8,7,59009,M,,,59
200800071810,8,12,5,2310,5,2,1,1,6,59350,M,,,59
200800071811,8,12,7,935,1,2,1,1,6,59009,M,,,59
200800071812,8,12,6,1700,5,2,1,2,6,59350,M,,,59
200800071813,8,12,8,1700,5,2,2,8,3,59009,M,,,59
200800071814,8,12,8,2340,5,2,8,1,6,59378,M,,,59
200800071815,8,12,9,740,1,2,1,1,6,59350,M,,,59
200800071816,8,12,6,815,2,2,2,2,3,59350,M,,,59
200800071817,8,12,9,830,1,2,1,2,6,59350,M,,,59
200800071818,8,12,8,2045,5,2,1,2,3,59378,M,,,59
200800071819,8,12,9,1440,1,2,2,1,3,59350,M,,,59
200800071820,8,12,9,1600,1,2,1,1,6,59350,M,,,59
200800071821,8,12,10,1300,1,2,2,1,6,59350,M,,,59
200800071822,8,12,10,1335,1,2,1,1,2,59350,M,,,59
200800071823,8,12,10,1720,2,2,1,1,6,59350,M,,,59
200800071824,8,12,11,2230,5,2,2,1,3,59350,M,,,59
200800071825,8,12,11,1750,5,2,1,1,6,59350,M,,,59
200800071826,8,12,11,1205,1,2,1,1,3,59378,M,,,59
200800071827,8,12,12,1940,5,2,1,1,1,59009,M,,,59
200800071828,8,12,14,35,5,2,6,1,6,59350,M,,,59