Num_Acc,an,mois,jour,hrmn,lum,agg,int,atm,col,com,gps,lat,long,dep
200800071829,8,12,14,1610,1,2,3,1,6,59368,M,,,59
200800071830,8,12,14,2030,5,2,2,8,6,59009,M,,,59
200800071831,8,12,15,510,5,2,2,1,3,59378,M,,,59
200800071832,8,12,15,800,2,2,1,1,6,59350,M,,,59
200800071833,8,12,11,800,2,1,2,1,3,59560,M,,,59
200800071834,8,12,16,1630,1,2,2,1,6,59378,M,,,59
200800071835,8,12,17,1750,5,2,1,2,2,59350,M,,,59
200800071836,8,12,18,1100,1,1,3,1,3,59566,M,,,59
200800071837,8,12,18,1325,1,2,1,1,2,59350,M,,,59
200800071838,8,12,9,1850,5,2,1,8,5,59378,M,,,59
200800071839,8,12,18,1320,1,1,2,1,2,59356,M,,,59
200800071840,8,12,19,1010,1,2,1,1,6,59378,M,,,59
200800071841,8,12,19,1100,1,2,1,1,6,59350,M,,,59
200800071842,8,12,19,1155,1,2,2,1,3,59350,M,,,59
200800071843,8,12,19,900,2,2,2,1,6,59350,M,,,59
200800071844,8,12,19,1235,1,2,3,1,6,59350,M,,,59
200800071845,8,12,21,2005,5,2,1,1,6,59350,M,,,59
200800071846,8,12,20,2020,5,2,1,1,6,59360,M,,,59
200800071847,8,12,20,1830,5,2,1,1,3,59328,M,,,59
200800071848,8,12,22,720,1,2,3,2,6,59350,M,,,59
200800071849,8,12,22,1315,1,2,2,1,3,59009,M,,,59
200800071850,8,12,20,200,5,2,1,1,3,59350,M,,,59
200800071851,8,12,22,1930,5,2,9,1,3,59350,M,,,59
200800071852,8,12,23,1800,5,2,2,1,6,59009,M,,,59
200800071853,8,12,23,1300,1,2,3,1,3,59350,M,,,59
200800071854,8,12,25,1845,5,2,2,1,3,59350,M,,,59
200800071855,8,12,26,1530,1,2,3,1,6,59350,M,,,59
200800071856,8,12,26,1640,1,2,1,1,6,59350,M,,,59
200800071857,8,12,26,1730,1,2,1,1,6,59350,M,,,59
200800071858,8,12,29,1400,1,2,1,1,6,59350,M,,,59
200800071859,8,12,30,1050,1,2,3,1,3,59328,M,,,59
200800071860,8,12,31,2315,5,2,1,1,7,59470,M,,,59
200800071861,8,12,19,2340,5,2,2,1,6,59350,M,,,59
200800071862,8,12,31,2000,5,1,1,1,1,59225,M,,,59
200800071863,8,12,24,2335,5,2,2,2,3,59392,M,,,59
200800071864,8,12,5,1840,5,2,1,2,6,59225,M,,,59
200800071865,8,12,15,2118,5,2,1,1,7,59291,M,,,59
200800071866,8,12,19,1435,1,2,1,1,7,59365,M,,,59
200800071867,8,12,3,1510,1,1,1,1,6,59512,M,,,59
200800071868,8,12,4,820,1,1,3,2,3,59339,M,,,59
200800071869,8,12,5,1810,5,1,2,1,6,59512,M,,,59
200800071870,8,12,7,200,5,1,1,2,6,59650,M,,,59
200800071871,8,12,7,45,5,1,2,2,3,59646,M,,,59
200800071872,8,12,6,145,5,1,1,2,7,59650,M,,,59
200800071873,8,12,9,1215,1,2,1,2,3,59512,M,,,59
200800071874,8,12,10,735,5,1,1,2,6,59650,M,,,59
200800071875,8,12,13,745,5,1,2,1,6,59512,M,,,59
200800071876,8,12,13,245,5,1,1,1,6,59512,M,,,59
200800071877,8,12,11,745,5,1,2,1,2,59512,M,,,59
200800071878,8,12,11,1045,1,1,4,1,3,59512,M,,,59
200800071879,8,12,15,1420,1,1,2,1,3,59512,M,,,59
200800071880,8,12,14,1500,1,1,2,1,1,59512,M,,,59
200800071881,8,12,12,1700,5,1,2,1,2,59646,M,,,59
200800071882,8,12,15,1820,5,1,2,1,6,59512,M,,,59
200800071883,8,12,18,2010,5,1,2,2,3,59512,M,,,59
200800071884,8,12,24,1850,5,2,2,1,3,59512,M,,,59
200800071885,8,12,24,1520,1,1,1,1,4,59512,M,,,59
200800071886,8,12,30,1735,5,1,2,1,6,59650,M,,,59
200800071887,8,12,3,1835,5,1,1,1,6,59339,M,,,59
200800071888,8,12,23,750,5,1,2,1,3,59163,M,,,59
200800071889,8,12,21,1330,1,1,2,8,3,59512,M,,,59
200800071890,8,12,12,1250,1,2,2,1,3,59512,M,,,59
200800071891,8,12,19,1840,5,2,3,1,6,59650,M,,,59
200800071892,8,12,24,1730,5,1,2,1,3,59646,M,,,59
200800071893,8,12,24,1040,1,1,1,1,3,59646,M,,,59
200800071894,8,12,16,1635,1,1,1,1,2,59512,M,,,59
200800071895,8,12,3,730,5,2,2,2,3,59574,M,,,59
200800071896,8,12,3,1230,1,2,1,1,6,59599,M,,,59
200800071897,8,12,7,1710,5,2,1,1,3,59508,M,,,59
200800071898,8,12,8,1820,5,2,6,1,6,59599,M,,,59
200800071899,8,12,9,800,4,2,3,2,6,59279,M,,,59
200800071900,8,12,11,720,5,2,6,2,6,59599,M,,,59
200800071901,8,12,17,1730,5,2,2,8,3,59599,M,,,59
200800071902,8,12,11,1700,5,2,3,1,6,59508,M,,,59
200800071903,8,12,20,2220,5,2,1,1,6,59352,M,,,59
200800071904,8,12,21,1035,1,2,1,1,6,59599,M,,,59
200800071905,8,12,22,720,5,2,2,1,3,59090,M,,,59
200800071906,8,12,31,1545,1,2,2,1,6,59599,M,,,59
200800071907,8,12,10,2000,5,2,2,1,3,59383,M,,,59
200800071908,8,12,8,1825,5,2,1,1,1,59014,M,,,59
200800071909,8,12,23,1055,1,2,1,1,6,59014,M,,,59
200800071910,8,12,1,1700,5,2,1,3,6,59606,M,,,59
200800071911,8,12,5,1,5,2,2,1,1,59606,M,,,59
200800071912,8,12,10,1110,1,2,1,1,2,59606,M,,,59
200800071913,8,12,11,1700,5,1,1,1,3,59484,M,,,59
200800071914,8,12,11,1800,5,2,1,1,4,59484,M,,,59
200800071915,8,12,10,1810,5,2,1,1,3,59447,M,,,59
200800071916,8,12,2,2000,5,2,6,3,3,59014,M,,,59
200800071917,8,12,3,1830,3,1,1,1,3,59613,M,,,59
200800071918,8,12,16,2015,5,2,1,1,3,59606,M,,,59
200800071919,8,12,11,1400,1,2,1,1,6,60057,M,,,60
200800071920,8,12,12,1712,1,2,1,1,6,60057,M,,,60
200800071921,8,12,8,2025,3,1,1,1,6,60382,M,,,60
200800071922,8,12,5,1915,5,1,1,8,7,60463,M,,,60
200800071923,8,12,7,1755,5,2,1,8,1,60414,M,,,60
200800071924,8,12,19,1330,1,2,1,1,1,60175,M,,,60
200800071925,8,12,26,1610,1,1,6,1,6,60175,M,,,60
200800071926,8,12,4,1855,5,1,1,8,1,61117,M,,,61
200800071927,8,12,6,1535,1,2,3,9,6,61001,M,,,61
200800071928,8,12,8,1325,1,2,1,1,6,61001,M,,,61
200800071929,8,12,29,1530,1,2,2,1,3,61397,M,,,61
200800071930,8,12,11,1255,1,1,1,1,5,62744,M,,,62
200800071931,8,12,16,1725,5,2,2,1,5,62764,M,,,62
200800071932,8,12,17,740,2,2,1,1,6,62744,M,,,62
200800071933,8,12,19,1530,1,2,1,1,6,62041,M,,,62
200800071934,8,12,20,2130,4,2,2,1,3,62004,M,,,62
200800071935,8,12,29,850,1,2,2,1,3,62516,M,,,62
200800071936,8,12,17,825,4,2,1,2,6,62065,M,,,62
200800071937,8,12,17,1700,1,2,3,1,6,62724,M,,,62
200800071938,8,12,2,645,5,2,1,2,6,62108,M,,,62
200800071939,8,12,21,1645,5,2,3,1,3,62108,M,,,62
200800071940,8,12,27,1,3,1,1,1,6,62278,M,,,62
200800071941,8,12,9,820,2,2,1,1,6,62119,M,,,62
200800071942,8,12,19,1900,3,1,1,1,3,62276,M,,,62
200800071943,8,12,10,1015,1,2,1,7,6,62160,M,,,62
200800071944,8,12,16,1530,1,2,1,1,2,62178,M,,,62
200800071945,8,12,3,1035,1,2,1,1,2,62193,M,,,62
200800071946,8,12,6,1745,5,2,1,1,1,62193,M,,,62
200800071947,8,12,5,1050,1,2,1,1,6,62193,M,,,62
200800071948,8,12,9,740,5,2,1,2,6,62193,M,,,62
200800071949,8,12,13,2245,5,2,2,1,3,62193,M,,,62
200800071950,8,12,19,930,1,2,1,1,6,62193,M,,,62
200800071951,8,12,23,225,5,2,1,1,6,62193,M,,,62
200800071952,8,12,2,745,1,1,1,1,2,62413,M,,,62
200800071953,8,12,6,1520,1,2,1,1,6,62907,M,,,62
200800071954,8,12,15,1910,2,2,9,1,3,62427,M,,,62
200800071955,8,12,26,1715,5,2,9,1,3,62427,M,,,62
200800071956,8,12,6,1700,2,1,1,2,1,62427,M,,,62
200800071957,8,12,16,1815,2,1,1,9,1,62249,M,,,62
200800071958,8,12,2,734,2,2,9,1,3,62427,M,,,62
200800071959,8,12,14,2025,5,2,2,1,6,62427,M,,,62
200800071960,8,12,18,1620,1,2,1,1,6,62427,M,,,62
200800071961,8,12,23,1840,4,1,1,1,4,62249,M,,,62
200800071962,8,12,15,1215,1,2,9,1,6,62498,M,,,62
200800071963,8,12,6,1220,1,2,3,1,3,62523,M,,,62
200800071964,8,12,5,1300,1,2,1,1,6,62771,M,,,62
200800071965,8,12,22,1805,5,2,1,1,6,62498,M,,,62
200800071966,8,12,16,1045,1,2,1,2,1,62186,M,,,62
200800071967,8,12,10,805,1,2,1,1,4,62528,M,,,62
200800071968,8,12,9,1630,1,2,1,1,2,62510,M,,,62
200800071969,8,12,5,1715,1,2,1,1,6,62528,M,,,62
200800071970,8,12,14,1040,1,1,2,8,3,62489,M,,,62
200800071971,8,12,19,2000,5,2,3,1,7,62023,M,,,62
200800071972,8,12,9,1025,1,2,1,3,6,62617,M,,,62
200800071973,8,12,3,1155,1,2,1,1,6,63014,M,,,63
200800071974,8,12,4,1910,5,2,1,8,6,63113,M,,,63
200800071975,8,12,4,2300,5,2,2,9,3,63113,M,,,63
200800071976,8,12,6,1400,1,2,1,2,3,63113,M,,,63
200800071977,8,12,6,1215,1,2,1,1,2,63113,M,,,63
200800071978,8,12,6,1740,5,2,1,1,6,63113,M,,,63
200800071979,8,12,7,315,5,2,1,1,6,63113,M,,,63
200800071980,8,12,8,1840,5,2,2,1,3,63113,M,,,63
200800071981,8,12,8,1635,1,2,2,1,6,63113,M,,,63
200800071982,8,12,8,1925,5,2,1,1,6,63113,M,,,63
200800071983,8,12,8,1830,5,2,1,2,7,63113,M,,,63
200800071984,8,12,8,1530,1,2,1,1,3,63113,M,,,63
200800071985,8,12,9,1900,5,2,1,1,6,63075,M,,,63
200800071986,8,12,9,1900,5,2,1,1,7,63113,M,,,63
200800071987,8,12,12,1915,5,2,1,1,3,63113,M,,,63
200800071988,8,12,12,1920,5,2,7,1,3,63113,M,,,63
200800071989,8,12,12,2215,5,2,1,1,6,63113,M,,,63
200800071990,8,12,13,811,1,2,1,1,6,63113,M,,,63
200800071991,8,12,13,1750,5,2,1,1,4,63014,M,,,63
200800071992,8,12,14,1445,1,2,2,4,2,63113,M,,,63
200800071993,8,12,16,1635,2,2,1,1,3,63113,M,,,63
200800071994,8,12,16,1636,1,2,1,1,6,63113,M,,,63
200800071995,8,12,16,2230,5,2,1,8,3,63113,M,,,63
200800071996,8,12,17,1615,1,2,9,2,4,63113,M,,,63
200800071997,8,12,17,1730,5,2,1,2,1,63032,M,,,63
200800071998,8,12,17,1950,5,2,1,1,6,63113,M,,,63
200800071999,8,12,18,900,1,2,1,8,6,63113,M,,,63
200800072000,8,12,19,740,2,2,1,2,6,63113,M,,,63
200800072001,8,12,19,1315,1,2,1,1,6,63113,M,,,63
200800072002,8,12,19,1740,5,2,1,1,1,63113,M,,,63
200800072003,8,12,20,1025,1,2,1,2,3,63113,M,,,63
200800072004,8,12,20,1405,1,1,1,1,6,63070,M,,,63
200800072005,8,12,20,1700,1,2,1,1,2,63113,M,,,63
200800072006,8,12,21,1325,1,2,4,1,6,63113,M,,,63
200800072007,8,12,22,1100,1,2,1,1,6,63113,M,,,63
200800072008,8,12,22,1630,1,2,1,1,6,63113,M,,,63
200800072009,8,12,27,1130,1,2,9,1,6,63113,M,,,63
200800072010,8,12,27,1740,5,2,1,1,6,63075,M,,,63
200800072011,8,12,29,30,5,2,2,1,3,63113,M,,,63
200800072012,8,12,29,745,2,2,2,1,3,63113,M,,,63
200800072013,8,12,30,820,1,1,1,8,7,63032,M,,,63
200800072014,8,12,30,1745,5,2,1,9,6,63113,M,,,63
200800072015,8,12,31,2135,5,2,1,1,1,63113,M,,,63
200800072016,8,12,13,855,1,2,6,1,3,63124,M,,,63
200800072017,8,12,26,1310,1,2,2,1,5,63124,M,,,63
200800072018,8,12,1,1105,1,2,1,3,6,64102,M,,,64
200800072019,8,12,3,1302,1,2,1,3,7,64102,M,,,64
200800072020,8,12,3,1623,1,2,6,3,7,64102,M,,,64
200800072021,8,12,3,1820,5,2,6,3,7,64102,M,,,64
200800072022,8,12,4,1503,1,2,1,8,6,64024,M,,,64
200800072023,8,12,6,2025,5,2,1,2,3,64024,M,,,64
200800072024,8,12,8,1825,5,2,1,2,5,64102,M,,,64
200800072025,8,12,10,1510,1,2,1,1,7,64102,M,,,64
200800072026,8,12,11,1720,1,2,1,1,6,64102,M,,,64
200800072027,8,12,20,11,5,2,1,5,1,64102,M,,,64
200800072028,8,12,22,1505,1,2,1,1,3,64102,M,,,64
200800072029,8,12,28,15,5,2,1,1,7,64102,M,,,64
200800072030,8,12,2,800,2,2,1,2,2,64122,M,,,64
200800072031,8,12,5,605,2,2,1,2,6,64122,M,,,64
200800072032,8,12,6,2225,5,2,1,8,3,64122,M,,,64
200800072033,8,12,8,1825,5,2,1,2,3,64122,M,,,64
200800072034,8,12,18,1130,1,2,3,1,3,64122,M,,,64
200800072035,8,12,18,1710,1,2,3,1,3,64122,M,,,64
200800072036,8,12,22,840,1,2,1,1,6,64125,M,,,64
200800072037,8,12,26,1300,1,2,2,8,3,64122,M,,,64
200800072038,8,12,29,1830,5,2,1,1,3,64122,M,,,64
200800072039,8,12,2,1430,1,2,1,1,3,64284,M,,,64
200800072040,8,12,4,1750,2,2,1,1,2,64348,M,,,64
200800072041,8,12,6,1010,1,2,1,1,1,64445,M,,,64
200800072042,8,12,6,1830,5,2,6,3,3,64445,M,,,64
200800072043,8,12,9,1250,1,2,6,2,6,64445,M,,,64
200800072044,8,12,12,1915,5,2,6,2,3,64269,M,,,64
200800072045,8,12,13,1205,1,2,1,2,6,64445,M,,,64
200800072046,8,12,13,1840,5,2,2,2,3,64132,M,,,64
200800072047,8,12,17,758,2,2,3,1,3,64445,M,,,64
200800072048,8,12,18,1840,5,2,1,1,4,64335,M,,,64
200800072049,8,12,18,755,2,2,1,1,5,64445,M,,,64
200800072050,8,12,28,2055,5,2,2,1,3,64445,M,,,64
200800072051,8,12,22,1520,1,2,1,7,2,64335,M,,,64
200800072052,8,12,21,700,5,1,2,1,3,64445,M,,,64
200800072053,8,12,23,1520,1,2,1,1,6,64445,M,,,64
200800072054,8,12,22,1800,5,1,1,1,6,64445,M,,,64
200800072055,8,12,30,1500,1,2,1,1,2,64445,M,,,64
200800072056,8,12,31,955,1,2,6,1,3,64445,M,,,64
200800072057,8,12,31,1204,1,2,3,1,3,64445,M,,,64
200800072058,8,12,31,2350,5,2,9,1,6,64445,M,,,64
200800072059,8,12,3,935,1,2,1,2,7,64260,M,,,64
200800072060,8,12,3,1955,5,2,1,1,6,64260,M,,,64
200800072061,8,12,4,815,1,1,1,2,2,64260,M,,,64
200800072062,8,12,8,1805,5,2,1,2,2,64260,M,,,64
200800072063,8,12,11,1540,1,2,1,8,3,64545,M,,,64
200800072064,8,12,28,1840,2,1,1,1,7,64189,M,,,64
200800072065,8,12,19,1355,1,1,1,3,6,64545,M,,,64
200800072066,8,12,27,2215,5,2,1,1,6,64189,M,,,64
200800072067,8,12,7,100,5,2,2,1,3,65286,M,,,65
200800072068,8,12,10,1835,5,2,9,2,6,65286,M,,,65
200800072069,8,12,24,1605,1,2,1,1,3,65286,M,,,65
200800072070,8,12,3,1830,5,2,1,3,6,65440,M,,,65
200800072071,8,12,4,758,1,2,1,1,6,65440,M,,,65
200800072072,8,12,5,1920,5,2,2,3,3,65100,M,,,65
200800072073,8,12,5,1645,1,2,6,3,3,65440,M,,,65
200800072074,8,12,5,1700,1,2,2,3,3,65440,M,,,65
200800072075,8,12,13,1900,5,2,1,3,4,65440,M,,,65
200800072076,8,12,13,2135,5,2,2,2,3,65440,M,,,65
200800072077,8,12,16,855,1,2,3,8,3,65417,M,,,65
200800072078,8,12,16,1930,5,2,3,2,6,65440,M,,,65
200800072079,8,12,17,935,1,2,4,1,6,65440,M,,,65
200800072080,8,12,17,1800,5,2,2,2,3,65440,M,,,65
200800072081,8,12,20,1350,1,2,2,1,6,65440,M,,,65
200800072082,8,12,23,1145,1,2,1,1,6,65440,M,,,65
200800072083,8,12,23,1750,5,2,1,1,6,65440,M,,,65
200800072084,8,12,24,1750,2,2,3,1,6,65417,M,,,65
200800072085,8,12,31,1755,5,2,1,1,6,65440,M,,,65
200800072086,8,12,7,2120,5,2,1,1,1,66136,M,,,66
200800072087,8,12,5,745,1,2,2,1,3,66136,M,,,66
200800072088,8,12,9,744,1,2,2,2,3,66136,M,,,66
200800072089,8,12,12,800,1,2,1,1,2,66136,M,,,66
200800072090,8,12,13,1310,1,1,2,1,3,66136,M,,,66
200800072091,8,12,23,1945,1,1,2,1,3,66136,M,,,66
200800072092,8,12,27,1830,5,2,2,1,3,66136,M,,,66
200800072093,8,12,12,1530,1,2,1,1,6,66136,M,,,66
200800072094,8,12,29,1900,5,2,1,2,3,66136,M,,,66
200800072095,8,12,23,755,5,1,1,5,6,67180,M,,,67
200800072096,8,12,1,850,1,2,2,1,3,67482,M,,,67
200800072097,8,12,1,935,1,2,1,1,6,67447,M,,,67
200800072098,8,12,1,1725,5,2,1,2,3,67482,M,,,67
200800072099,8,12,1,1800,5,2,3,2,3,67482,M,,,67
200800072100,8,12,2,1610,1,2,1,1,6,67482,M,,,67
200800072101,8,12,2,1820,5,2,2,1,3,67218,M,,,67
200800072102,8,12,3,1430,1,2,3,2,3,67482,M,,,67
200800072103,8,12,3,2110,5,2,3,1,1,67267,M,,,67
200800072104,8,12,3,2130,5,2,2,1,3,67482,M,,,67
200800072105,8,12,5,740,2,2,2,2,6,67482,M,,,67
200800072106,8,12,5,1640,2,2,1,3,6,67447,M,,,67
200800072107,8,12,5,1710,5,1,1,2,6,67218,M,,,67
200800072108,8,12,5,1815,5,2,1,2,6,67447,M,,,67
200800072109,8,12,5,2050,5,1,9,2,6,67447,M,,,67
200800072110,8,12,6,1720,1,2,1,2,6,67482,M,,,67
200800072111,8,12,6,2105,5,2,2,2,3,67482,M,,,67
200800072112,8,12,7,220,4,2,1,2,1,67218,M,,,67
200800072113,8,12,8,1700,5,2,3,1,6,67482,M,,,67
200800072114,8,12,9,748,1,2,1,1,6,67482,M,,,67
200800072115,8,12,10,1900,5,2,1,2,3,67218,M,,,67
200800072116,8,12,10,2000,5,2,1,2,6,67482,M,,,67
200800072117,8,12,12,850,1,2,1,8,3,67482,M,,,67
200800072118,8,12,12,1610,1,2,1,1,6,67482,M,,,67
200800072119,8,12,12,1727,5,2,2,1,6,67482,M,,,67
200800072120,8,12,12,1840,5,2,3,1,3,67482,M,,,67
200800072121,8,12,15,825,1,2,2,1,6,67482,M,,,67
200800072122,8,12,15,1425,1,2,2,1,6,67482,M,,,67
200800072123,8,12,16,1200,1,2,1,1,3,67482,M,,,67
200800072124,8,12,16,1830,3,1,1,1,6,67204,M,,,67
200800072125,8,12,17,1840,5,2,2,1,6,67482,M,,,67
200800072126,8,12,18,1339,1,2,1,1,6,67447,M,,,67
200800072127,8,12,19,845,1,2,1,2,6,67482,M,,,67
200800072128,8,12,19,1110,1,2,1,2,2,67447,M,,,67
200800072129,8,12,19,1625,5,2,1,1,2,67482,M,,,67
200800072130,8,12,20,900,1,2,3,2,3,67482,M,,,67
200800072131,8,12,20,1150,1,2,1,2,3,67482,M,,,67
200800072132,8,12,22,100,5,2,2,1,2,67482,M,,,67
200800072133,8,12,21,1525,1,2,1,2,3,67482,M,,,67
200800072134,8,12,22,1600,1,2,3,1,2,67482,M,,,67
200800072135,8,12,22,1415,1,2,1,2,1,67365,M,,,67
200800072136,8,12,23,1940,5,2,2,1,3,67482,M,,,67
200800072137,8,12,23,2220,5,2,2,1,3,67482,M,,,67
200800072138,8,12,24,1510,1,2,1,5,6,67482,M,,,67
200800072139,8,12,24,1635,1,2,2,5,6,67365,M,,,67
200800072140,8,12,25,1230,1,2,1,1,6,67043,M,,,67
200800072141,8,12,29,1710,5,2,1,1,6,67043,M,,,67
200800072142,8,12,30,1500,1,2,2,1,3,67482,M,,,67
200800072143,8,12,6,124,5,2,1,2,3,68066,M,,,68
200800072144,8,12,5,1215,1,2,9,1,3,68066,M,,,68
200800072145,8,12,9,2315,5,2,2,1,6,68066,M,,,68
200800072146,8,12,10,1500,1,2,6,2,6,68066,M,,,68
200800072147,8,12,12,1433,1,2,4,1,6,68066,M,,,68
200800072148,8,12,18,1737,5,2,2,1,3,68066,M,,,68
200800072149,8,12,17,1500,1,2,1,2,3,68066,M,,,68
200800072150,8,12,19,1946,5,2,2,1,3,68066,M,,,68
200800072151,8,12,23,1107,1,2,1,1,6,68066,M,,,68
200800072152,8,12,23,1623,1,2,3,1,2,68066,M,,,68
200800072153,8,12,2,1432,1,2,2,1,3,68224,M,,,68
200800072154,8,12,6,1655,5,1,3,1,2,68224,M,,,68
200800072155,8,12,10,1410,1,2,1,1,1,68224,M,,,68
200800072156,8,12,13,1034,1,2,6,1,3,68224,M,,,68
200800072157,8,12,13,1050,1,2,3,1,6,68271,M,,,68
200800072158,8,12,12,1320,1,2,3,1,7,68224,M,,,68
200800072159,8,12,17,1520,1,2,3,2,6,68224,M,,,68
200800072160,8,12,19,45,5,1,1,1,6,68224,M,,,68
200800072161,8,12,30,830,1,2,1,1,6,68224,M,,,68
200800072162,8,12,20,2320,5,2,2,1,3,68224,M,,,68
200800072163,8,12,23,1133,1,2,1,1,6,68224,M,,,68
200800072164,8,12,3,1830,5,2,9,2,6,68224,M,,,68
200800072165,8,12,26,1545,1,2,2,8,3,68224,M,,,68
200800072166,8,12,22,1223,1,2,1,1,2,68224,M,,,68
200800072167,8,12,24,2000,5,2,2,1,3,68224,M,,,68
200800072168,8,12,13,1710,5,2,1,1,3,68297,M,,,68
200800072169,8,12,22,810,2,2,1,1,6,68297,M,,,68
200800072170,8,12,9,610,5,1,1,1,1,69029,M,,,69
200800072171,8,12,1,800,2,2,1,1,6,69034,M,,,69
200800072172,8,12,11,1550,1,2,1,1,6,69034,M,,,69
200800072173,8,12,11,1420,1,2,1,1,4,69034,M,,,69
200800072174,8,12,16,845,1,2,1,8,6,69034,M,,,69
200800072175,8,12,15,700,5,2,1,2,6,69034,M,,,69
200800072176,8,12,11,1105,1,2,7,1,7,69091,M,,,69
200800072177,8,12,16,1330,1,1,1,1,1,69091,M,,,69
200800072178,8,12,23,1735,2,2,1,1,7,69096,M,,,69
200800072179,8,12,27,1030,1,2,3,1,7,69091,M,,,69
200800072180,8,12,28,2110,5,1,1,8,7,69091,M,,,69
200800072181,8,12,29,1345,1,1,1,1,3,69096,M,,,69
200800072182,8,12,1,800,1,2,3,1,3,69202,M,,,69
200800072183,8,12,3,1900,5,2,2,2,6,69149,M,,,69
200800072184,8,12,7,1210,1,2,1,2,3,69202,M,,,69
200800072185,8,12,10,1905,5,2,2,4,3,69149,M,,,69
200800072186,8,12,19,1825,5,2,3,5,6,69149,M,,,69
200800072187,8,12,18,800,1,2,1,2,3,69149,M,,,69
200800072188,8,12,19,1705,5,2,1,3,2,69202,M,,,69
200800072189,8,12,24,1715,2,2,1,1,6,69202,M,,,69
200800072190,8,12,31,1040,1,2,1,1,6,69202,M,,,69
200800072191,8,12,4,1220,1,2,1,2,3,69259,M,,,69
200800072192,8,12,8,1720,3,2,1,1,6,69259,M,,,69
200800072193,8,12,10,1905,5,2,1,1,6,69199,M,,,69
200800072194,8,12,7,1850,5,2,1,1,6,69259,M,,,69
200800072195,8,12,16,1155,1,2,2,8,3,69199,M,,,69
200800072196,8,12,18,1200,1,2,2,8,6,69259,M,,,69
200800072197,8,12,24,1235,1,2,3,1,3,69259,M,,,69
200800072198,8,12,10,1730,5,2,9,2,6,69264,M,,,69
200800072199,8,12,18,935,1,2,1,8,6,69264,M,,,69
200800072200,8,12,1,1715,4,2,1,1,6,69266,M,,,69
200800072201,8,12,2,750,2,2,1,1,3,69266,M,,,69
200800072202,8,12,4,1845,3,2,2,3,6,69266,M,,,69
200800072203,8,12,8,1330,1,2,2,1,6,69266,M,,,69
200800072204,8,12,10,1345,1,2,2,2,6,69266,M,,,69
200800072205,8,12,12,1210,1,2,9,1,6,69266,M,,,69
200800072206,8,12,12,1940,5,2,4,1,3,69266,M,,,69
200800072207,8,12,10,1315,1,2,2,2,6,69266,M,,,69
200800072208,8,12,20,2100,5,2,2,1,6,69266,M,,,69
200800072209,8,12,21,900,1,2,2,8,3,69266,M,,,69
200800072210,8,12,22,1150,1,2,3,1,6,69266,M,,,69
200800072211,8,12,22,2000,5,2,3,1,3,69266,M,,,69
200800072212,8,12,30,1935,5,2,1,2,6,69266,M,,,69
200800072213,8,12,23,1030,1,2,1,1,3,69275,M,,,69
200800072214,8,12,4,720,2,2,1,2,5,69282,M,,,69
200800072215,8,12,21,1200,1,2,2,1,3,69282,M,,,69
200800072216,8,12,8,1645,2,2,1,1,3,69290,M,,,69
200800072217,8,12,15,900,1,2,1,8,3,69290,M,,,69
200800072218,8,12,24,1350,1,1,1,5,5,70261,M,,,70
200800072219,8,12,4,1920,5,2,2,2,3,71475,M,,,71
200800072220,8,12,5,1745,3,2,1,2,6,71076,M,,,71
200800072221,8,12,9,1730,5,2,1,3,3,71076,M,,,71
200800072222,8,12,10,1450,1,2,2,1,3,71076,M,,,71
200800072223,8,12,22,2210,5,1,1,1,6,71445,M,,,71
200800072224,8,12,24,940,1,1,1,1,1,71445,M,,,71
200800072225,8,12,30,1430,1,1,1,2,6,71153,M,,,71
200800072226,8,12,2,1720,2,2,3,1,3,71153,M,,,71
200800072227,8,12,3,1015,1,1,1,2,1,71153,M,,,71
200800072228,8,12,9,1610,1,2,1,3,6,71153,M,,,71
200800072229,8,12,14,1910,5,2,1,1,4,71540,M,,,71
200800072230,8,12,15,1725,3,1,1,1,6,71540,M,,,71
200800072231,8,12,16,1830,5,2,1,5,7,71540,M,,,71
200800072232,8,12,16,2210,5,2,1,1,6,71153,M,,,71
200800072233,8,12,19,1820,5,2,1,1,3,71153,M,,,71
200800072234,8,12,20,415,3,1,1,5,7,71059,M,,,71
200800072235,8,12,23,730,5,2,3,1,6,71059,M,,,71
200800072236,8,12,24,1215,1,2,3,1,3,71153,M,,,71
200800072237,8,12,28,1725,2,2,2,1,1,71153,M,,,71
200800072238,8,12,13,1250,1,2,1,1,6,71270,M,,,71
200800072239,8,12,17,2205,5,2,1,4,6,71270,M,,,71
200800072240,8,12,6,1710,5,2,1,2,7,71270,M,,,71
200800072241,8,12,19,2110,5,2,1,1,3,71270,M,,,71
200800072242,8,12,24,1810,5,2,3,1,3,71270,M,,,71
200800072243,8,12,31,1500,1,2,6,1,3,71270,M,,,71
200800072244,8,12,26,1528,1,2,1,7,7,71306,M,,,71
200800072245,8,12,3,935,1,2,2,2,5,71499,M,,,71
200800072246,8,12,4,1535,1,2,1,1,3,71306,M,,,71
200800072247,8,12,11,1605,2,2,1,1,7,71306,M,,,71
200800072248,8,12,16,1720,5,2,1,1,7,71306,M,,,71
200800072249,8,12,17,1905,5,2,3,4,3,71306,M,,,71