Num_Acc,an,mois,jour,hrmn,lum,agg,int,atm,col,com,gps,lat,long,dep
200800072250,8,12,2,750,1,2,1,9,6,72181,M,,,72
200800072251,8,12,2,1255,1,2,1,1,7,72181,M,,,72
200800072252,8,12,3,830,1,2,1,1,6,72181,M,,,72
200800072253,8,12,3,930,1,2,1,1,6,72181,M,,,72
200800072254,8,12,4,940,1,2,1,2,6,72181,M,,,72
200800072255,8,12,5,715,5,2,1,2,3,72181,M,,,72
200800072256,8,12,7,1645,1,1,1,8,6,72003,M,,,72
200800072257,8,12,9,1850,5,2,1,1,2,72181,M,,,72
200800072258,8,12,9,2008,5,2,1,1,2,72181,M,,,72
200800072259,8,12,11,1700,2,2,1,1,6,72003,M,,,72
200800072260,8,12,12,2330,5,2,1,1,7,72181,M,,,72
200800072261,8,12,13,1145,1,2,1,3,2,72181,M,,,72
200800072262,8,12,12,1730,3,1,1,1,5,72181,M,,,72
200800072263,8,12,9,1040,1,2,3,1,3,72181,M,,,72
200800072264,8,12,18,1740,5,2,1,1,3,72181,M,,,72
200800072265,8,12,19,500,5,2,1,1,6,72181,M,,,72
200800072266,8,12,19,820,2,2,1,1,6,72181,M,,,72
200800072267,8,12,21,310,5,2,1,1,6,72181,M,,,72
200800072268,8,12,23,1730,5,2,1,1,3,72181,M,,,72
200800072269,8,12,23,1850,5,2,1,1,6,72181,M,,,72
200800072270,8,12,24,1425,1,2,1,1,3,72181,M,,,72
200800072271,8,12,26,1030,1,2,2,1,3,72181,M,,,72
200800072272,8,12,26,2050,5,2,1,1,7,72181,M,,,72
200800072273,8,12,27,1200,1,2,1,1,2,72181,M,,,72
200800072274,8,12,27,1645,1,2,1,1,7,72003,M,,,72
200800072275,8,12,27,1655,1,2,1,1,6,72181,M,,,72
200800072276,8,12,29,1750,5,2,1,1,6,72181,M,,,72
200800072277,8,12,22,1730,5,2,3,1,6,73011,M,4567517.0,638594.0,73
200800072278,8,12,1,1818,5,2,1,1,7,73011,M,4567817.0,639339.0,73
200800072279,8,12,26,2055,5,2,1,1,6,73011,M,4567238.0,638263.0,73
200800072280,8,12,4,925,1,1,1,1,1,73065,M,,,73
200800072281,8,12,4,1739,5,2,3,3,6,74093,M,,,74
200800072282,8,12,6,1355,1,2,3,2,6,74010,M,,,74
200800072283,8,12,12,1420,1,2,3,1,6,74010,M,,,74
200800072284,8,12,15,735,5,2,2,1,6,74010,M,,,74
200800072285,8,12,19,1945,5,2,1,8,6,74010,M,,,74
200800072286,8,12,19,850,1,2,4,1,6,74010,M,,,74
200800072287,8,12,23,1745,5,2,3,1,3,74093,M,,,74
200800072288,8,12,27,320,5,1,1,1,6,74093,M,,,74
200800072289,8,12,27,1935,5,2,2,1,6,74093,M,,,74
200800072290,8,12,29,1515,1,2,6,1,6,74010,M,,,74
200800072291,8,12,4,722,3,1,1,1,7,74281,M,,,74
200800072292,8,12,8,1551,1,2,2,1,3,74218,M,,,74
200800072293,8,12,11,25,3,1,1,4,2,74281,M,,,74
200800072294,8,12,26,1950,5,2,1,1,6,74281,M,,,74
200800072295,8,12,23,1650,3,1,1,1,1,74281,M,,,74
200800072296,8,12,1,740,3,2,7,2,3,76384,M,,,76
200800072297,8,12,19,1208,1,2,1,7,6,76114,M,,,76
200800072298,8,12,1,715,5,2,2,2,3,76351,M,,,76
200800072299,8,12,5,1835,5,2,2,2,6,76351,M,,,76
200800072300,8,12,6,830,1,2,1,1,6,76351,M,,,76
200800072301,8,12,8,1345,1,2,1,1,6,76351,M,,,76
200800072302,8,12,9,730,5,2,6,2,3,76351,M,,,76
200800072303,8,12,9,840,1,1,1,8,4,76351,M,,,76
200800072304,8,12,10,500,5,1,1,1,6,76351,M,,,76
200800072305,8,12,10,725,5,2,3,1,3,76351,M,,,76
200800072306,8,12,11,1510,1,2,3,2,6,76351,M,,,76
200800072307,8,12,12,2140,5,2,1,1,6,76351,M,,,76
200800072308,8,12,15,1715,2,2,2,1,3,76351,M,,,76
200800072309,8,12,17,1755,5,2,2,1,6,76351,M,,,76
200800072310,8,12,18,1645,2,2,1,1,7,76305,M,,,76
200800072311,8,12,19,1735,2,2,1,1,6,76351,M,,,76
200800072312,8,12,28,215,5,2,3,1,3,76351,M,,,76
200800072313,8,12,30,1530,1,2,1,1,6,76351,M,,,76
200800072314,8,12,4,1810,5,2,1,1,2,76351,M,,,76
200800072315,8,12,15,1720,5,2,1,1,2,76351,M,,,76
200800072316,8,12,15,2030,5,2,1,1,6,76351,M,,,76
200800072317,8,12,1,1715,3,2,3,2,3,77131,M,,,77
200800072318,8,12,6,1635,1,2,2,1,3,77131,M,,,77
200800072319,8,12,7,1350,1,1,1,8,1,77400,M,,,77
200800072320,8,12,13,1910,3,1,1,2,7,77042,M,,,77
200800072321,8,12,17,1250,1,1,3,2,2,77131,M,,,77
200800072322,8,12,11,1805,5,2,1,1,6,77186,M,,,77
200800072323,8,12,16,120,3,1,1,5,2,77186,M,,,77
200800072324,8,12,19,1405,1,1,1,1,7,77186,M,,,77
200800072325,8,12,20,915,1,1,1,1,1,77186,M,,,77
200800072326,8,12,20,1845,5,2,1,2,6,77186,M,,,77
200800072327,8,12,12,1805,5,2,1,1,3,77243,M,,,77
200800072328,8,12,17,1610,1,2,1,1,6,77243,M,,,77
200800072329,8,12,11,835,2,2,9,9,7,77464,M,,,77
200800072330,8,12,5,1718,5,2,1,3,6,77284,M,,,77
200800072331,8,12,11,220,5,2,1,8,2,77284,M,,,77
200800072332,8,12,19,1615,1,2,1,8,6,77284,M,,,77
200800072333,8,12,19,1730,2,2,1,8,1,77284,M,,,77
200800072334,8,12,20,1050,1,2,1,8,7,77284,M,,,77
200800072335,8,12,22,1809,3,1,1,8,1,77284,M,,,77
200800072336,8,12,25,530,5,2,1,8,6,77330,M,,,77
200800072337,8,12,2,610,3,1,1,8,5,77410,M,,,77
200800072338,8,12,3,830,1,2,1,2,3,77394,M,,,77
200800072339,8,12,24,1825,5,2,2,1,6,77288,M,,,77
200800072340,8,12,17,1243,1,2,1,2,6,77294,M,,,77
200800072341,8,12,23,1510,1,2,1,1,2,77294,M,,,77
200800072342,8,12,16,755,4,2,1,1,7,77294,M,,,77
200800072343,8,12,29,1050,1,2,4,1,6,77294,M,,,77
200800072344,8,12,3,1430,1,1,1,8,6,77114,M,,,77
200800072345,8,12,11,1710,3,1,1,1,3,77114,M,,,77
200800072346,8,12,17,940,1,2,3,2,6,77296,M,,,77
200800072347,8,12,23,1830,5,2,9,1,3,77122,M,,,77
200800072348,8,12,14,1955,3,1,1,1,6,77494,M,,,77
200800072349,8,12,15,1813,3,1,1,1,6,77501,M,,,77
200800072350,8,12,17,1225,1,1,1,2,7,77458,M,,,77
200800072351,8,12,21,555,3,1,1,8,7,77333,M,,,77
200800072352,8,12,4,910,1,2,3,3,6,77468,M,,,77
200800072353,8,12,5,1000,1,2,1,2,6,77083,M,,,77
200800072354,8,12,10,1900,5,2,1,1,6,77468,M,,,77
200800072355,8,12,10,1226,1,2,1,2,6,77337,M,,,77
200800072356,8,12,13,1310,1,2,6,2,3,77121,M,,,77
200800072357,8,12,17,825,2,2,1,2,6,77468,M,,,77
200800072358,8,12,12,1850,5,2,2,9,6,77337,M,,,77
200800072359,8,12,22,2119,5,2,3,2,3,77258,M,,,77
200800072360,8,12,19,2220,5,2,1,1,3,77373,M,,,77
200800072361,8,12,3,1400,1,2,1,2,7,77215,M,,,77
200800072362,8,12,9,1330,1,2,2,4,6,77373,M,,,77
200800072363,8,12,19,2010,3,1,1,1,6,77350,M,,,77
200800072364,8,12,4,2330,5,2,1,1,7,78126,M,,,78
200800072365,8,12,18,1610,1,2,1,1,6,78126,M,,,78
200800072366,8,12,4,800,5,2,3,2,3,78138,M,,,78
200800072367,8,12,11,750,2,2,2,1,3,78172,M,,,78
200800072368,8,12,29,1440,1,2,1,1,7,78208,M,,,78
200800072369,8,12,1,1820,4,2,2,2,3,78168,M,,,78
200800072370,8,12,7,1115,1,2,2,1,3,78208,M,,,78
200800072371,8,12,9,1310,1,2,6,4,3,78208,M,,,78
200800072372,8,12,9,2140,5,2,1,1,2,78208,M,,,78
200800072373,8,12,9,1740,5,2,2,9,3,78208,M,,,78
200800072374,8,12,11,2200,5,2,2,1,3,78168,M,,,78
200800072375,8,12,14,2225,5,2,1,1,7,78383,M,,,78
200800072376,8,12,17,745,2,2,1,2,7,78208,M,,,78
200800072377,8,12,17,1710,2,2,2,8,3,78397,M,,,78
200800072378,8,12,23,1615,1,2,1,1,6,78168,M,,,78
200800072379,8,12,27,1530,1,2,1,1,2,78168,M,,,78
200800072380,8,12,4,725,2,2,1,2,3,78297,M,,,78
200800072381,8,12,4,830,1,2,1,2,4,78423,M,,,78
200800072382,8,12,10,945,1,2,3,9,6,78297,M,,,78
200800072383,8,12,13,2005,5,2,1,2,1,78688,M,,,78
200800072384,8,12,16,1415,1,2,1,5,7,78423,M,,,78
200800072385,8,12,20,530,5,2,1,1,6,78297,M,,,78
200800072386,8,12,23,1535,1,2,2,1,3,78423,M,,,78
200800072387,8,12,5,2105,5,2,1,1,6,78311,M,,,78
200800072388,8,12,13,1700,2,2,3,3,6,78358,M,,,78
200800072389,8,12,6,1410,1,2,1,1,6,78361,M,,,78
200800072390,8,12,7,1545,1,2,3,1,3,78267,M,,,78
200800072391,8,12,12,15,5,2,2,1,3,78335,M,,,78
200800072392,8,12,14,1625,1,2,2,2,3,78361,M,,,78
200800072393,8,12,16,2025,5,2,2,5,3,78361,M,,,78
200800072394,8,12,18,735,5,2,1,8,6,78314,M,,,78
200800072395,8,12,19,1700,5,2,2,8,3,78354,M,,,78
200800072396,8,12,23,950,1,2,2,1,3,78335,M,,,78
200800072397,8,12,23,1840,5,2,1,1,2,78354,M,,,78
200800072398,8,12,24,1855,5,2,3,1,3,78267,M,,,78
200800072399,8,12,26,1140,1,2,1,1,6,78354,M,,,78
200800072400,8,12,29,1050,1,2,6,1,7,78490,M,,,78
200800072401,8,12,26,940,1,2,1,1,4,78490,M,,,78
200800072402,8,12,3,730,2,2,1,2,4,78490,M,,,78
200800072403,8,12,3,1940,5,2,1,1,6,78490,M,,,78
200800072404,8,12,10,1630,1,2,6,1,2,78490,M,,,78
200800072405,8,12,15,1940,5,2,1,1,2,78490,M,,,78
200800072406,8,12,2,1945,5,2,2,2,3,78498,M,,,78
200800072407,8,12,4,1350,1,2,1,2,4,78498,M,,,78
200800072408,8,12,9,750,3,2,1,1,6,78643,M,,,78
200800072409,8,12,14,1505,1,2,3,2,3,78624,M,,,78
200800072410,8,12,17,1555,1,2,3,1,3,78123,M,,,78
200800072411,8,12,4,2005,4,2,1,2,6,78624,M,,,78
200800072412,8,12,23,1745,5,2,1,1,6,78123,M,,,78
200800072413,8,12,5,2010,5,1,1,2,6,78498,M,,,78
200800072414,8,12,23,1450,1,2,1,1,6,78498,M,,,78
200800072415,8,12,3,2155,3,1,1,1,7,78517,M,,,78
200800072416,8,12,7,2140,3,1,1,1,1,78517,M,,,78
200800072417,8,12,19,1734,5,2,2,1,6,78242,M,,,78
200800072418,8,12,4,1830,5,2,1,1,6,78551,M,,,78
200800072419,8,12,11,1050,1,2,1,1,6,78481,M,,,78
200800072420,8,12,26,2139,5,2,3,1,6,78551,M,,,78
200800072421,8,12,29,1725,3,2,1,1,6,78621,M,,,78
200800072422,8,12,20,620,5,2,3,1,3,78621,M,,,78
200800072423,8,12,23,1315,1,2,3,1,4,78621,M,,,78
200800072424,8,12,2,2010,5,2,1,2,4,78621,M,,,78
200800072425,8,12,17,2015,5,2,9,8,6,78686,M,,,78
200800072426,8,12,19,1824,5,2,1,1,3,78686,M,,,78
200800072427,8,12,22,1830,5,2,2,2,3,78640,M,,,78
200800072428,8,12,30,2000,5,2,2,8,3,78646,M,,,78
200800072429,8,12,1,855,1,2,1,2,3,78646,M,,,78
200800072430,8,12,4,750,2,1,1,3,6,78158,M,,,78
200800072431,8,12,11,1350,1,2,1,1,7,78646,M,,,78
200800072432,8,12,18,1645,2,2,3,1,3,78646,M,,,78
200800072433,8,12,24,1630,2,2,1,1,1,78646,M,,,78
200800072434,8,12,3,1810,5,2,1,1,7,79081,M,,,79
200800072435,8,12,11,2005,5,2,6,1,7,79191,M,,,79
200800072436,8,12,15,1820,5,2,3,1,6,79191,M,,,79
200800072437,8,12,17,1419,1,2,2,8,7,79329,M,,,79
200800072438,8,12,20,2210,5,2,9,8,6,80001,M,,,80
200800072439,8,12,31,1740,5,2,1,1,3,80021,M,,,80
200800072440,8,12,2,1730,5,2,3,2,3,80021,M,,,80
200800072441,8,12,2,1800,5,2,2,2,6,80021,M,,,80
200800072442,8,12,3,2030,5,1,1,1,6,80725,M,,,80
200800072443,8,12,3,1300,1,2,1,2,2,80021,M,,,80
200800072444,8,12,3,1830,5,2,1,1,3,80021,M,,,80
200800072445,8,12,7,20,5,2,2,1,3,80021,M,,,80
200800072446,8,12,5,2350,5,2,1,3,4,80164,M,,,80
200800072447,8,12,8,815,1,2,3,1,3,80021,M,,,80
200800072448,8,12,7,115,5,2,1,1,3,80021,M,,,80
200800072449,8,12,7,1945,5,2,1,5,3,80021,M,,,80
200800072450,8,12,5,1800,5,2,1,2,2,80021,M,,,80
200800072451,8,12,6,1255,1,2,1,1,3,80021,M,,,80
200800072452,8,12,6,750,5,2,1,1,3,80021,M,,,80
200800072453,8,12,5,1450,1,2,1,1,7,80021,M,,,80
200800072454,8,12,5,2135,5,2,3,2,3,80021,M,,,80
200800072455,8,12,5,1905,5,2,1,1,3,80021,M,,,80
200800072456,8,12,1,1730,5,2,1,2,7,80021,M,,,80
200800072457,8,12,4,740,5,1,1,2,5,80021,M,,,80
200800072458,8,12,13,1725,5,1,1,3,6,80021,M,,,80
200800072459,8,12,13,1815,5,2,1,2,6,80021,M,,,80
200800072460,8,12,19,1430,1,2,1,1,7,80021,M,,,80
200800072461,8,12,15,1900,5,2,1,8,3,80160,M,,,80
200800072462,8,12,19,2240,4,1,1,1,1,80131,M,,,80
200800072463,8,12,19,1545,1,2,1,1,7,80021,M,,,80
200800072464,8,12,19,1840,5,2,1,1,2,80021,M,,,80
200800072465,8,12,20,810,1,2,1,2,5,80021,M,,,80
200800072466,8,12,20,1700,2,1,1,1,7,80261,M,,,80
200800072467,8,12,18,1930,5,2,1,2,3,80725,M,,,80
200800072468,8,12,17,1015,1,2,2,2,7,80021,M,,,80
200800072469,8,12,13,1900,5,2,1,2,2,80021,M,,,80
200800072470,8,12,29,1425,1,2,3,1,7,80021,M,,,80
200800072471,8,12,14,2050,5,2,1,3,3,81018,M,,,81
200800072472,8,12,22,825,1,2,1,1,6,81004,M,,,81
200800072473,8,12,21,1515,1,2,2,1,3,81004,M,,,81
200800072474,8,12,11,2320,5,2,1,1,6,81065,M,,,81
200800072475,8,12,11,1635,1,2,9,1,2,81021,M,,,81
200800072476,8,12,15,1930,5,2,3,2,6,81163,M,,,81
200800072477,8,12,10,1645,1,1,9,4,6,81163,M,,,81
200800072478,8,12,21,1340,1,1,1,1,3,81021,M,,,81
200800072479,8,12,4,1325,1,1,1,3,1,82033,M,,,82
200800072480,8,12,19,1800,2,1,1,2,1,82033,M,,,82
200800072481,8,12,24,1845,3,1,1,5,6,82033,M,,,82
200800072482,8,12,3,1920,3,1,3,1,3,82121,M,,,82
200800072483,8,12,7,1835,3,1,1,1,6,82121,M,,,82
200800072484,8,12,4,1810,5,2,1,1,4,82121,M,,,82
200800072485,8,12,1,1650,1,2,1,1,3,82121,M,,,82
200800072486,8,12,7,1230,1,2,3,1,3,82121,M,,,82
200800072487,8,12,11,1625,1,2,2,1,6,82121,M,,,82
200800072488,8,12,12,1630,1,2,1,1,6,82121,M,,,82
200800072489,8,12,13,2140,5,2,1,1,6,82121,M,,,82
200800072490,8,12,17,1730,1,1,1,1,6,82121,M,,,82
200800072491,8,12,18,2030,5,1,2,1,3,82121,M,,,82
200800072492,8,12,18,1100,1,2,2,1,6,82121,M,,,82
200800072493,8,12,30,1700,3,2,1,1,6,82121,M,,,82
200800072494,8,12,3,800,1,2,1,1,6,83050,M,,,83
200800072495,8,12,7,2120,5,2,1,1,6,83050,M,,,83
200800072496,8,12,15,1745,5,2,1,2,6,83061,M,,,83
200800072497,8,12,11,1145,1,2,1,3,6,83118,M,,,83
200800072498,8,12,7,1730,5,2,9,1,1,83061,M,,,83
200800072499,8,12,17,1540,1,2,1,1,6,83118,M,,,83
200800072500,8,12,21,1915,5,2,1,1,6,83061,M,,,83
200800072501,8,12,1,1950,5,1,1,1,1,83034,M,,,83
200800072502,8,12,6,1405,1,2,3,1,3,83069,M,,,83
200800072503,8,12,9,1705,5,1,1,2,1,83034,M,,,83
200800072504,8,12,13,120,3,1,1,1,2,83069,M,,,83
200800072505,8,12,1,1255,1,2,2,8,3,83009,M,,,83
200800072506,8,12,6,1000,1,2,1,1,6,83129,M,,,83
200800072507,8,12,7,2140,5,2,1,1,6,83129,M,,,83
200800072508,8,12,9,1755,5,2,1,2,4,83123,M,,,83
200800072509,8,12,21,935,1,2,3,1,6,83129,M,,,83
200800072510,8,12,22,745,2,2,3,1,3,83123,M,,,83
200800072511,8,12,2,1815,5,2,1,1,3,83126,M,,,83
200800072512,8,12,19,1250,1,2,1,1,6,83126,M,,,83
200800072513,8,12,28,1135,1,2,1,1,6,83126,M,,,83
200800072514,8,12,1,1615,1,1,2,1,1,83090,M,,,83
200800072515,8,12,1,1910,5,2,1,1,2,83137,M,,,83
200800072516,8,12,1,1820,5,2,1,1,3,83137,M,,,83
200800072517,8,12,1,1805,5,2,1,1,6,83137,M,,,83
200800072518,8,12,3,1418,1,2,3,1,3,83137,M,,,83
200800072519,8,12,4,1005,1,2,3,1,6,83062,M,,,83
200800072520,8,12,6,1935,5,2,9,1,6,83137,M,,,83
200800072521,8,12,3,810,2,2,3,8,6,83062,M,,,83
200800072522,8,12,11,1750,5,2,3,1,3,83062,M,,,83
200800072523,8,12,10,1420,1,2,4,2,1,83137,M,,,83
200800072524,8,12,10,1120,1,2,1,1,6,83098,M,,,83
200800072525,8,12,11,755,1,2,3,2,1,83144,M,,,83
200800072526,8,12,15,1505,1,1,1,2,5,83090,M,,,83
200800072527,8,12,10,725,2,2,1,2,6,83137,M,,,83
200800072528,8,12,11,1325,1,2,9,1,7,83137,M,,,83
200800072529,8,12,12,1130,1,2,1,1,3,83137,M,,,83
200800072530,8,12,15,1730,5,2,4,2,3,83137,M,,,83
200800072531,8,12,16,750,1,2,1,3,2,83137,M,,,83
200800072532,8,12,12,845,1,2,1,1,2,83144,M,,,83
200800072533,8,12,12,1100,1,2,1,1,6,83144,M,,,83
200800072534,8,12,20,50,5,2,3,1,3,83137,M,,,83
200800072535,8,12,24,1755,5,2,1,1,6,83144,M,,,83
200800072536,8,12,23,1535,1,1,1,8,1,83144,M,,,83
200800072537,8,12,28,1125,1,2,1,1,6,83137,M,,,83
200800072538,8,12,29,1120,1,2,1,1,6,83137,M,,,83
200800072539,8,12,30,2115,5,2,1,1,6,83137,M,,,83
200800072540,8,12,4,1400,1,2,3,1,2,83137,M,,,83
200800072541,8,12,17,1820,5,2,1,1,3,83137,M,,,83
200800072542,8,12,17,1915,5,2,3,1,3,83137,M,,,83
200800072543,8,12,23,1800,1,2,1,1,3,83137,M,,,83
200800072544,8,12,26,1820,3,1,1,1,1,83144,M,,,83
200800072545,8,12,2,1420,1,2,1,1,6,84007,M,,,84
200800072546,8,12,3,1215,1,1,1,2,1,84007,M,,,84
200800072547,8,12,5,1805,5,2,1,1,2,84007,M,,,84
200800072548,8,12,6,1120,1,2,1,1,6,84007,M,,,84
200800072549,8,12,7,530,5,2,1,1,6,84007,M,,,84
200800072550,8,12,10,900,1,2,1,1,6,84007,M,,,84
200800072551,8,12,10,1800,2,2,1,1,4,84007,M,,,84
200800072552,8,12,11,2010,5,2,1,1,3,84007,M,,,84
200800072553,8,12,16,1740,1,2,1,1,3,84007,M,,,84
200800072554,8,12,17,1720,2,2,1,1,6,84007,M,,,84
200800072555,8,12,18,1220,1,2,1,6,6,84007,M,,,84
200800072556,8,12,27,2102,3,1,1,1,6,84007,M,,,84
200800072557,8,12,28,1950,5,2,1,1,6,84007,M,,,84
200800072558,8,12,18,1300,1,1,1,1,1,84035,M,,,84
200800072559,8,12,19,1935,5,2,2,1,3,84035,M,,,84
200800072560,8,12,19,300,5,1,1,1,3,84035,M,,,84
200800072561,8,12,4,1345,1,2,1,8,3,84089,M,,,84
200800072562,8,12,5,1658,1,2,2,1,3,85191,M,,,85
200800072563,8,12,6,840,1,2,1,1,6,85191,M,,,85
200800072564,8,12,11,1758,2,1,1,1,6,85191,M,,,85
200800072565,8,12,15,830,5,2,1,8,6,85191,M,,,85
200800072566,8,12,15,900,2,2,1,1,6,85191,M,,,85
200800072567,8,12,17,1540,1,2,2,8,5,85191,M,,,85
200800072568,8,12,21,500,3,1,1,1,6,85191,M,,,85
200800072569,8,12,23,755,2,1,1,1,3,85191,M,,,85
200800072570,8,12,24,1530,1,2,1,1,3,85191,M,,,85
200800072571,8,12,23,1330,1,2,1,1,6,85194,M,,,85
200800072572,8,12,23,1227,1,2,1,1,6,85194,M,,,85
200800072573,8,12,6,1257,1,2,1,1,2,86066,M,,,86
200800072574,8,12,16,1730,5,2,1,1,6,86066,M,,,86
200800072575,8,12,1,1640,1,2,1,2,6,86194,M,,,86
200800072576,8,12,3,740,5,2,1,2,6,86194,M,,,86
200800072577,8,12,3,1025,1,1,2,1,3,86214,M,,,86
200800072578,8,12,4,955,1,2,1,2,6,86194,M,,,86
200800072579,8,12,10,755,5,2,3,1,1,86158,M,,,86
200800072580,8,12,14,1625,2,1,1,2,6,86158,M,,,86
200800072581,8,12,15,810,2,1,3,1,3,86158,M,,,86
200800072582,8,12,15,1745,5,2,1,1,2,86194,M,,,86
200800072583,8,12,16,1005,1,1,1,2,3,86214,M,,,86
200800072584,8,12,16,2115,5,2,1,1,6,86214,M,,,86
200800072585,8,12,17,830,1,2,2,2,3,86194,M,,,86
200800072586,8,12,18,1745,3,1,1,2,3,86041,M,,,86
200800072587,8,12,18,2225,5,2,2,1,6,86194,M,,,86
200800072588,8,12,19,1745,3,2,1,1,4,86194,M,,,86
200800072589,8,12,20,1945,5,2,3,1,3,86194,M,,,86
200800072590,8,12,26,1750,5,2,1,1,3,86194,M,,,86
200800072591,8,12,27,1620,1,1,1,1,1,86194,M,,,86
200800072592,8,12,1,1248,1,2,1,1,6,87085,M,,,87
200800072593,8,12,2,715,5,2,2,1,1,87085,M,,,87
200800072594,8,12,2,815,1,1,1,2,5,87065,M,,,87
200800072595,8,12,2,931,1,2,1,1,2,87085,M,,,87
200800072596,8,12,2,1350,1,2,1,1,1,87085,M,,,87
200800072597,8,12,2,1515,1,2,1,1,6,87085,M,,,87
200800072598,8,12,2,1730,5,2,1,2,6,87085,M,,,87
200800072599,8,12,3,838,1,2,1,2,2,87075,M,,,87
200800072600,8,12,3,1859,5,2,2,2,3,87085,M,,,87
200800072601,8,12,4,1125,1,2,2,2,6,87085,M,,,87
200800072602,8,12,4,2256,5,2,1,3,6,87114,M,,,87
200800072603,8,12,5,1100,1,2,1,2,3,87085,M,,,87
200800072604,8,12,5,1300,1,2,3,2,6,87085,M,,,87
200800072605,8,12,5,1453,1,2,3,2,3,87085,M,,,87
200800072606,8,12,6,750,3,1,1,1,6,87050,M,,,87
200800072607,8,12,6,900,1,2,2,1,3,87085,M,,,87
200800072608,8,12,6,1213,1,2,1,1,3,87085,M,,,87
200800072609,8,12,7,951,1,2,1,1,7,87085,M,,,87
200800072610,8,12,7,2129,5,2,1,1,3,87085,M,,,87
200800072611,8,12,10,1850,5,2,1,1,6,87085,M,,,87
200800072612,8,12,11,2054,5,1,1,2,6,87085,M,,,87
200800072613,8,12,12,1114,1,2,1,1,6,87085,M,,,87
200800072614,8,12,13,1300,1,2,1,2,3,87085,M,,,87
200800072615,8,12,14,915,1,2,1,2,6,87085,M,,,87
200800072616,8,12,14,1945,3,2,1,2,6,87065,M,,,87
200800072617,8,12,15,1800,5,2,1,1,6,87085,M,,,87
200800072618,8,12,16,1449,1,2,1,1,6,87065,M,,,87
200800072619,8,12,16,1649,1,2,1,1,6,87085,M,,,87
200800072620,8,12,17,1820,5,1,1,1,4,87085,M,,,87
200800072621,8,12,18,900,1,2,1,1,6,87085,M,,,87
200800072622,8,12,18,729,1,1,1,1,6,87085,M,,,87
200800072623,8,12,18,1738,3,2,1,2,6,87114,M,,,87
200800072624,8,12,18,2148,5,2,1,2,2,87085,M,,,87
200800072625,8,12,18,1800,5,2,1,1,6,87085,M,,,87
200800072626,8,12,19,1550,1,2,1,1,3,87085,M,,,87
200800072627,8,12,19,1708,1,1,1,1,2,87065,M,,,87
200800072628,8,12,19,2014,4,1,1,1,6,87065,M,,,87
200800072629,8,12,19,2056,5,2,2,1,3,87085,M,,,87
200800072630,8,12,20,852,1,2,1,1,2,87085,M,,,87
200800072631,8,12,21,1443,1,2,1,1,2,87085,M,,,87
200800072632,8,12,22,1533,1,2,2,1,3,87085,M,,,87
200800072633,8,12,23,935,1,2,1,1,6,87065,M,,,87
200800072634,8,12,23,2247,5,2,1,1,6,87085,M,,,87
200800072635,8,12,24,1553,1,1,2,1,3,87085,M,,,87
200800072636,8,12,26,1620,1,2,1,1,6,87085,M,,,87
200800072637,8,12,28,1155,1,2,1,1,2,87085,M,,,87
200800072638,8,12,28,1735,5,2,1,1,6,87085,M,,,87
200800072639,8,12,28,1833,5,1,1,1,2,87085,M,,,87
200800072640,8,12,29,1259,1,2,1,1,6,87085,M,,,87
200800072641,8,12,31,1250,1,2,1,1,6,87085,M,,,87
200800072642,8,12,6,1150,1,1,1,2,3,88160,M,4811800.0,628210.0,88
200800072643,8,12,27,305,3,1,1,1,6,88462,M,,,88
200800072644,8,12,15,1410,1,1,1,1,5,88415,M,,,88
200800072645,8,12,6,1030,1,1,1,3,7,88463,M,4827368.0,688933.0,88
200800072646,8,12,15,1710,5,2,1,1,2,88413,M,4827910.0,695749.0,88
200800072647,8,12,20,1955,5,2,1,2,7,88413,M,4829494.0,693825.0,88
200800072648,8,12,1,1730,5,2,2,1,6,89387,M,,,89
200800072649,8,12,5,850,1,2,2,2,6,89387,M,,,89
200800072650,8,12,12,1945,5,2,1,1,2,89387,M,,,89
200800072651,8,12,14,1700,5,2,2,2,3,89387,M,,,89
200800072652,8,12,17,115,5,1,1,9,6,89387,M,,,89
200800072653,8,12,16,1645,1,2,1,1,6,89387,M,,,89
200800072654,8,12,4,1630,1,2,1,3,6,90010,M,,,90
200800072655,8,12,6,1820,5,2,1,2,2,90010,M,,,90
200800072656,8,12,8,830,1,2,6,1,7,90039,M,,,90
200800072657,8,12,9,930,1,2,1,1,6,90010,M,,,90
200800072658,8,12,10,828,1,1,1,4,1,90099,M,,,90
200800072659,8,12,10,1105,1,2,1,4,6,90010,M,,,90
200800072660,8,12,12,1410,1,2,1,1,3,90008,M,,,90
200800072661,8,12,12,1855,5,2,1,1,6,90075,M,,,90
200800072662,8,12,15,1339,1,1,1,5,2,90076,M,,,90
200800072663,8,12,1,815,1,2,3,8,6,91552,M,,,91
200800072664,8,12,3,1130,1,2,3,2,3,91425,M,,,91
200800072665,8,12,6,1140,1,2,1,1,3,91552,M,,,91
200800072666,8,12,15,855,1,1,1,1,6,91021,M,,,91
200800072667,8,12,19,2045,5,2,3,1,6,91457,M,,,91