Num_Acc,an,mois,jour,hrmn,lum,agg,int,atm,col,com,gps,lat,long,dep
200800072668,8,12,27,1415,1,2,1,1,3,91339,M,,,91
200800072669,8,12,5,1000,1,1,1,1,6,91479,M,,,91
200800072670,8,12,6,400,5,1,1,1,6,91479,M,,,91
200800072671,8,12,9,1345,1,2,1,4,6,91479,M,,,91
200800072672,8,12,4,1825,3,2,2,2,3,91215,M,,,91
200800072673,8,12,5,2130,5,1,1,1,4,91514,M,,,91
200800072674,8,12,5,2155,3,2,2,1,2,91215,M,,,91
200800072675,8,12,4,1730,5,2,1,2,6,91114,M,,,91
200800072676,8,12,8,1720,5,2,2,1,3,91114,M,,,91
200800072677,8,12,11,1930,2,2,1,1,3,91514,M,,,91
200800072678,8,12,12,805,2,2,1,1,6,91114,M,,,91
200800072679,8,12,13,1215,1,2,1,1,6,91114,M,,,91
200800072680,8,12,6,1700,1,2,1,1,6,91201,M,,,91
200800072681,8,12,5,800,2,2,3,1,3,91201,M,,,91
200800072682,8,12,9,805,2,2,1,1,4,91201,M,,,91
200800072683,8,12,15,2000,5,2,1,1,6,91657,M,,,91
200800072684,8,12,15,730,5,2,1,1,2,91201,M,,,91
200800072685,8,12,17,735,5,2,1,1,2,91201,M,,,91
200800072686,8,12,19,2005,5,2,1,1,6,91657,M,,,91
200800072687,8,12,19,1800,5,2,1,1,6,91201,M,,,91
200800072688,8,12,19,1400,1,2,1,1,6,91201,M,,,91
200800072689,8,12,26,1600,1,2,2,1,2,91201,M,,,91
200800072690,8,12,27,1655,1,2,1,1,6,91657,M,,,91
200800072691,8,12,6,1015,1,1,6,1,7,91433,M,,,91
200800072692,8,12,10,1911,5,2,2,1,3,91223,M,,,91
200800072693,8,12,11,1220,1,2,1,2,2,91223,M,,,91
200800072694,8,12,14,740,2,2,1,1,6,91109,M,,,91
200800072695,8,12,16,40,5,2,1,1,7,91223,M,,,91
200800072696,8,12,19,1800,5,2,3,1,3,91433,M,,,91
200800072697,8,12,20,500,5,2,2,1,3,91223,M,,,91
200800072698,8,12,20,1550,1,1,6,2,3,91433,M,,,91
200800072699,8,12,5,1205,1,2,1,2,6,91521,M,,,91
200800072700,8,12,9,1345,1,2,1,1,6,91228,M,,,91
200800072701,8,12,18,2200,5,2,1,8,3,91182,M,,,91
200800072702,8,12,19,2050,5,2,1,1,6,91228,M,,,91
200800072703,8,12,20,2120,5,2,3,1,3,91228,M,,,91
200800072704,8,12,23,1900,3,2,1,1,2,91228,M,,,91
200800072705,8,12,28,645,5,2,3,1,3,91228,M,,,91
200800072706,8,12,30,920,1,2,1,9,1,91228,M,,,91
200800072707,8,12,2,2130,5,2,2,3,3,91687,M,,,91
200800072708,8,12,1,1220,1,2,1,1,6,91345,M,,,91
200800072709,8,12,9,2105,5,2,3,1,6,91345,M,,,91
200800072710,8,12,6,1810,5,1,1,1,3,91421,M,,,91
200800072711,8,12,3,1230,1,2,3,2,3,91421,M,,,91
200800072712,8,12,18,25,5,2,3,9,7,91421,M,,,91
200800072713,8,12,18,1750,3,1,1,1,5,91421,M,,,91
200800072714,8,12,19,1305,1,2,1,1,1,91691,M,,,91
200800072715,8,12,21,2215,5,2,1,1,1,91691,M,,,91
200800072716,8,12,15,800,1,2,1,1,6,91191,M,,,91
200800072717,8,12,14,155,5,1,1,1,2,91421,M,,,91
200800072718,8,12,23,1500,1,2,1,1,6,91691,M,,,91
200800072719,8,12,10,2045,5,2,1,1,6,91421,M,,,91
200800072720,8,12,12,1645,1,2,3,1,3,91421,M,,,91
200800072721,8,12,25,1220,1,2,1,1,2,91191,M,,,91
200800072722,8,12,25,1300,1,2,1,1,2,91691,M,,,91
200800072723,8,12,25,1550,1,2,1,1,2,91421,M,,,91
200800072724,8,12,1,1535,1,2,1,8,6,91471,M,,,91
200800072725,8,12,1,1635,1,2,1,8,7,91692,M,,,91
200800072726,8,12,3,810,1,2,1,2,7,91692,M,,,91
200800072727,8,12,3,1550,1,2,1,1,7,91471,M,,,91
200800072728,8,12,3,1805,5,2,8,1,3,91312,M,,,91
200800072729,8,12,10,905,1,2,1,2,7,91477,M,,,91
200800072730,8,12,10,1023,1,2,6,1,3,91471,M,,,91
200800072731,8,12,10,1645,1,1,1,1,7,91477,M,,,91
200800072732,8,12,10,2025,5,2,3,1,3,91477,M,,,91
200800072733,8,12,16,1325,1,2,2,1,6,91312,M,,,91
200800072734,8,12,16,1815,5,2,1,1,7,91477,M,,,91
200800072735,8,12,18,1125,1,2,1,2,5,91692,M,,,91
200800072736,8,12,22,940,1,2,1,1,7,91471,M,,,91
200800072737,8,12,26,1250,1,2,1,1,2,91471,M,,,91
200800072738,8,12,2,810,2,2,1,1,6,91549,M,,,91
200800072739,8,12,2,1205,1,2,1,1,6,91549,M,,,91
200800072740,8,12,4,1800,3,2,4,8,1,91549,M,,,91
200800072741,8,12,12,1745,5,2,2,1,6,91216,M,,,91
200800072742,8,12,13,1200,1,2,1,1,2,91549,M,,,91
200800072743,8,12,14,1015,1,2,1,1,7,91549,M,,,91
200800072744,8,12,18,1100,1,2,6,1,6,91549,M,,,91
200800072745,8,12,20,2030,5,2,3,1,1,91216,M,,,91
200800072746,8,12,22,840,1,2,2,1,3,91549,M,,,91
200800072747,8,12,23,1435,1,2,2,1,6,91216,M,,,91
200800072748,8,12,29,1015,1,2,1,1,6,91549,M,,,91
200800072749,8,12,28,1425,1,2,1,1,7,91549,M,,,91
200800072750,8,12,30,1030,1,2,2,9,1,91549,M,,,91
200800072751,8,12,29,220,5,2,1,9,6,91549,M,,,91
200800072752,8,12,31,1430,1,2,9,1,3,91549,M,,,91
200800072753,8,12,11,1553,1,2,1,1,6,91589,M,,,91
200800072754,8,12,2,1210,1,2,6,1,6,92002,M,,,92
200800072755,8,12,2,1330,1,2,2,1,6,92002,M,,,92
200800072756,8,12,3,620,2,2,2,3,3,92014,M,,,92
200800072757,8,12,5,850,1,2,2,2,6,92014,M,,,92
200800072758,8,12,5,1035,1,2,1,8,1,92002,M,,,92
200800072759,8,12,12,1500,1,2,3,8,6,92002,M,,,92
200800072760,8,12,19,830,1,2,3,1,6,92002,M,,,92
200800072761,8,12,24,1625,1,2,2,1,6,92002,M,,,92
200800072762,8,12,26,1005,1,2,3,1,2,92002,M,,,92
200800072763,8,12,1,945,1,2,1,1,3,92004,M,,,92
200800072764,8,12,1,2005,5,2,3,1,3,92004,M,,,92
200800072765,8,12,2,1320,1,2,1,1,6,92004,M,,,92
200800072766,8,12,2,2000,5,2,1,2,6,92004,M,,,92
200800072767,8,12,4,1505,1,2,1,1,4,92004,M,,,92
200800072768,8,12,5,1650,1,2,2,2,3,92004,M,,,92
200800072769,8,12,5,2335,5,2,1,1,3,92004,M,,,92
200800072770,8,12,9,1640,1,2,1,1,6,92004,M,,,92
200800072771,8,12,10,810,1,2,2,1,6,92004,M,,,92
200800072772,8,12,11,1025,1,2,2,1,6,92004,M,,,92
200800072773,8,12,11,1125,1,2,1,1,3,92004,M,,,92
200800072774,8,12,12,1045,1,2,1,1,6,92009,M,,,92
200800072775,8,12,13,930,1,2,4,1,6,92004,M,,,92
200800072776,8,12,13,1035,1,2,3,1,6,92009,M,,,92
200800072777,8,12,13,2100,5,2,2,2,3,92004,M,,,92
200800072778,8,12,15,1130,1,2,2,1,6,92004,M,,,92
200800072779,8,12,16,2005,5,2,1,1,6,92004,M,,,92
200800072780,8,12,17,1225,1,2,1,2,5,92004,M,,,92
200800072781,8,12,23,1945,5,2,2,1,6,92004,M,,,92
200800072782,8,12,3,1730,5,2,1,1,6,92019,M,,,92
200800072783,8,12,7,1225,1,2,1,1,6,92032,M,,,92
200800072784,8,12,10,805,2,1,1,8,6,92019,M,,,92
200800072785,8,12,10,2110,5,2,1,1,6,92019,M,,,92
200800072786,8,12,18,1600,1,2,1,1,6,92071,M,,,92
200800072787,8,12,22,10,5,2,6,1,1,92019,M,,,92
200800072788,8,12,29,1445,1,2,1,1,6,92019,M,,,92
200800072789,8,12,31,1140,1,2,2,1,6,92024,M,,,92
200800072790,8,12,3,2105,5,2,3,2,3,92024,M,,,92
200800072791,8,12,1,1935,4,2,3,2,3,92024,M,,,92
200800072792,8,12,1,1720,5,2,2,2,3,92024,M,,,92
200800072793,8,12,18,1820,5,2,6,1,3,92024,M,,,92
200800072794,8,12,18,1800,5,2,2,1,6,92024,M,,,92
200800072795,8,12,18,1040,1,2,1,2,2,92024,M,,,92
200800072796,8,12,20,1615,1,2,2,1,3,92024,M,,,92
200800072797,8,12,22,1750,1,2,4,1,3,92024,M,,,92
200800072798,8,12,18,1150,1,2,2,1,6,92024,M,,,92
200800072799,8,12,24,1650,1,2,1,1,3,92024,M,,,92
200800072800,8,12,26,1240,1,2,1,1,6,92024,M,,,92
200800072801,8,12,1,815,2,2,2,2,6,92025,M,,,92
200800072802,8,12,2,1815,5,2,2,2,3,92025,M,,,92
200800072803,8,12,2,2125,5,2,2,2,3,92025,M,,,92
200800072804,8,12,5,2015,5,2,2,1,3,92025,M,,,92
200800072805,8,12,8,1645,1,2,1,1,6,92025,M,,,92
200800072806,8,12,11,2045,5,2,1,1,7,92025,M,,,92
200800072807,8,12,12,945,1,2,1,7,2,92025,M,,,92
200800072808,8,12,15,2025,5,2,1,1,4,92025,M,,,92
200800072809,8,12,18,610,5,2,2,2,3,92025,M,,,92
200800072810,8,12,18,1430,1,2,1,1,6,92025,M,,,92
200800072811,8,12,24,1945,5,2,4,1,1,92025,M,,,92
200800072812,8,12,3,815,2,2,3,2,6,92026,M,,,92
200800072813,8,12,1,1845,5,2,3,2,3,92026,M,,,92
200800072814,8,12,3,930,1,2,1,2,7,92026,M,,,92
200800072815,8,12,2,1420,1,2,3,1,3,92026,M,,,92
200800072816,8,12,3,805,1,2,2,2,3,92026,M,,,92
200800072817,8,12,4,1225,1,2,3,2,6,92026,M,,,92
200800072818,8,12,8,1815,5,2,1,1,2,92026,M,,,92
200800072819,8,12,11,1605,1,2,1,1,2,92026,M,,,92
200800072820,8,12,9,1835,4,2,1,1,6,92026,M,,,92
200800072821,8,12,13,1445,1,2,1,1,7,92026,M,,,92
200800072822,8,12,12,1515,1,2,1,1,6,92026,M,,,92
200800072823,8,12,15,1140,1,2,2,1,6,92026,M,,,92
200800072824,8,12,15,1950,5,2,2,1,6,92026,M,,,92
200800072825,8,12,21,1950,5,2,3,1,6,92026,M,,,92
200800072826,8,12,20,900,1,2,2,1,3,92026,M,,,92
200800072827,8,12,21,2350,5,2,3,1,2,92026,M,,,92
200800072828,8,12,17,1530,1,2,2,2,3,92026,M,,,92
200800072829,8,12,18,2025,5,2,6,1,6,92026,M,,,92
200800072830,8,12,26,1200,1,2,3,1,6,92026,M,,,92
200800072831,8,12,26,1725,5,2,7,9,6,92026,M,,,92
200800072832,8,12,2,1210,1,2,9,1,3,92036,M,,,92
200800072833,8,12,4,1300,1,2,9,2,2,92036,M,,,92
200800072834,8,12,5,1525,1,2,1,1,6,92036,M,,,92
200800072835,8,12,8,1840,5,2,1,1,3,92036,M,,,92
200800072836,8,12,11,1045,1,2,1,1,6,92036,M,,,92
200800072837,8,12,15,1835,5,2,3,1,3,92036,M,,,92
200800072838,8,12,20,1615,1,2,1,1,2,92036,M,,,92
200800072839,8,12,22,215,5,2,1,1,6,92036,M,,,92
200800072840,8,12,29,1620,1,2,3,1,6,92040,M,,,92
200800072841,8,12,1,940,1,2,3,2,6,92040,M,,,92
200800072842,8,12,1,1510,1,2,1,8,6,92040,M,,,92
200800072843,8,12,1,2135,5,2,1,8,3,92040,M,,,92
200800072844,8,12,1,1950,5,2,2,8,3,92040,M,,,92
200800072845,8,12,1,1335,1,2,1,2,6,92040,M,,,92
200800072846,8,12,4,850,1,2,1,2,6,92040,M,,,92
200800072847,8,12,4,1215,1,2,1,2,2,92040,M,,,92
200800072848,8,12,7,1910,5,2,1,1,3,92040,M,,,92
200800072849,8,12,7,1925,5,2,1,9,7,92040,M,,,92
200800072850,8,12,12,1935,5,2,2,1,7,92040,M,,,92
200800072851,8,12,14,1,5,2,1,2,3,92040,M,,,92
200800072852,8,12,17,905,2,2,1,2,7,92040,M,,,92
200800072853,8,12,11,1940,5,2,1,1,2,92040,M,,,92
200800072854,8,12,18,1410,1,2,1,1,7,92040,M,,,92
200800072855,8,12,18,1505,1,2,1,1,7,92040,M,,,92
200800072856,8,12,22,930,1,2,1,1,7,92040,M,,,92
200800072857,8,12,13,1320,1,2,1,2,1,92040,M,,,92
200800072858,8,12,1,800,2,2,2,2,3,92044,M,,,92
200800072859,8,12,1,1630,1,2,9,2,6,92044,M,,,92
200800072860,8,12,3,1310,1,2,1,2,6,92044,M,,,92
200800072861,8,12,10,1510,1,2,2,1,6,92044,M,,,92
200800072862,8,12,14,1430,1,2,1,1,2,92044,M,,,92
200800072863,8,12,20,1515,1,2,1,1,6,92044,M,,,92
200800072864,8,12,19,1430,1,2,1,2,3,92044,M,,,92
200800072865,8,12,18,1745,2,2,1,1,7,92044,M,,,92
200800072866,8,12,27,2010,5,2,2,1,3,92044,M,,,92
200800072867,8,12,30,2000,5,2,2,1,3,92044,M,,,92
200800072868,8,12,18,1340,1,2,1,2,6,92044,M,,,92
200800072869,8,12,30,410,5,2,1,1,6,92048,M,,,92
200800072870,8,12,30,1125,1,1,6,2,6,92048,M,,,92
200800072871,8,12,2,1220,1,2,3,1,6,92048,M,,,92
200800072872,8,12,21,1900,5,2,1,1,1,92048,M,,,92
200800072873,8,12,22,1050,1,2,1,1,6,92048,M,,,92
200800072874,8,12,18,1815,5,2,3,1,6,92048,M,,,92
200800072875,8,12,1,830,2,2,1,1,6,92049,M,,,92
200800072876,8,12,2,1215,1,2,1,1,3,92049,M,,,92
200800072877,8,12,3,1550,1,2,1,2,6,92049,M,,,92
200800072878,8,12,5,735,5,2,1,1,6,92049,M,,,92
200800072879,8,12,4,1510,1,2,1,1,6,92049,M,,,92
200800072880,8,12,7,615,5,2,1,1,2,92020,M,,,92
200800072881,8,12,8,1430,1,2,1,1,3,92020,M,,,92
200800072882,8,12,12,1300,1,2,1,1,3,92020,M,,,92
200800072883,8,12,15,815,5,2,1,1,3,92049,M,,,92
200800072884,8,12,16,1035,1,2,1,1,2,92020,M,,,92
200800072885,8,12,19,1010,1,2,1,2,3,92049,M,,,92
200800072886,8,12,22,1540,1,2,1,1,6,92020,M,,,92
200800072887,8,12,22,1845,5,2,1,2,3,92020,M,,,92
200800072888,8,12,29,850,1,2,1,1,2,92020,M,,,92
200800072889,8,12,29,1040,1,2,2,1,5,92020,M,,,92
200800072890,8,12,31,1705,5,2,1,1,4,92020,M,,,92
200800072891,8,12,2,1350,1,2,1,1,1,92050,M,,,92
200800072892,8,12,1,1435,1,2,3,2,3,92050,M,,,92
200800072893,8,12,4,1500,1,2,1,1,6,92050,M,,,92
200800072894,8,12,4,1620,1,2,2,1,1,92050,M,,,92
200800072895,8,12,5,1900,3,2,1,2,3,92050,M,,,92
200800072896,8,12,6,2350,3,2,1,1,3,92050,M,,,92
200800072897,8,12,8,2200,5,2,2,1,2,92050,M,,,92
200800072898,8,12,10,650,5,2,2,2,6,92050,M,,,92
200800072899,8,12,10,1210,1,2,6,1,1,92050,M,,,92
200800072900,8,12,11,1850,2,2,1,1,3,92050,M,,,92
200800072901,8,12,12,1230,1,2,1,1,3,92050,M,,,92
200800072902,8,12,14,100,5,2,1,2,6,92050,M,,,92
200800072903,8,12,17,1830,3,2,1,1,2,92050,M,,,92
200800072904,8,12,22,1900,1,2,6,1,6,92050,M,,,92
200800072905,8,12,29,2030,5,2,2,1,3,92050,M,,,92
200800072906,8,12,30,1100,1,2,4,2,6,92050,M,,,92
200800072907,8,12,30,1655,1,2,1,4,6,92050,M,,,92
200800072908,8,12,31,1200,1,2,4,1,6,92062,M,,,92
200800072909,8,12,28,1430,1,2,3,1,6,92062,M,,,92
200800072910,8,12,1,2000,5,2,1,1,4,92062,M,,,92
200800072911,8,12,2,1445,1,2,3,1,7,92062,M,,,92
200800072912,8,12,5,1245,1,2,1,2,6,92062,M,,,92
200800072913,8,12,7,2045,5,2,2,1,3,92062,M,,,92
200800072914,8,12,8,915,1,2,1,1,2,92062,M,,,92
200800072915,8,12,2,1440,1,2,1,1,6,92062,M,,,92
200800072916,8,12,20,1805,5,2,3,1,6,92062,M,,,92
200800072917,8,12,15,840,1,2,1,1,6,92062,M,,,92
200800072918,8,12,2,2100,5,2,2,3,6,92063,M,,,92
200800072919,8,12,3,1935,5,2,1,1,6,92063,M,,,92
200800072920,8,12,12,1630,1,2,1,1,3,92063,M,,,92
200800072921,8,12,12,815,2,2,1,2,4,92063,M,,,92
200800072922,8,12,15,740,1,2,1,1,6,92063,M,,,92
200800072923,8,12,18,1200,1,2,1,8,6,92063,M,,,92
200800072924,8,12,19,1115,1,2,1,1,6,92063,M,,,92
200800072925,8,12,3,740,5,2,1,2,6,92064,M,,,92
200800072926,8,12,4,905,1,2,3,3,3,92076,M,,,92
200800072927,8,12,9,1655,5,2,9,1,3,92064,M,,,92
200800072928,8,12,10,825,2,2,1,1,3,92064,M,,,92
200800072929,8,12,11,1700,2,2,1,1,1,92064,M,,,92
200800072930,8,12,16,755,5,2,1,5,3,92033,M,,,92
200800072931,8,12,17,805,5,2,1,2,7,92064,M,,,92
200800072932,8,12,17,1720,5,2,1,1,5,92064,M,,,92
200800072933,8,12,29,1820,5,2,1,1,6,92064,M,,,92
200800072934,8,12,31,1805,5,2,1,1,3,92072,M,,,92
200800072935,8,12,10,1830,3,2,1,1,3,92077,M,,,92
200800072936,8,12,9,2132,5,2,1,1,6,92022,M,,,92
200800072937,8,12,2,2140,5,1,3,2,7,92073,M,,,92
200800072938,8,12,4,650,2,2,1,1,3,92073,M,,,92
200800072939,8,12,7,2135,2,2,3,9,6,92073,M,,,92
200800072940,8,12,9,1315,1,2,1,4,7,92073,M,,,92
200800072941,8,12,10,1000,1,2,2,1,3,92073,M,,,92
200800072942,8,12,15,1400,1,2,4,8,7,92073,M,,,92
200800072943,8,12,24,1150,1,2,3,1,2,92073,M,,,92
200800072944,8,12,28,1600,1,2,2,1,2,92073,M,,,92
200800072945,8,12,1,1900,5,2,2,2,2,92046,M,,,92
200800072946,8,12,2,1955,5,2,2,2,3,92046,M,,,92
200800072947,8,12,9,935,1,2,2,1,6,92046,M,,,92
200800072948,8,12,17,820,2,2,2,2,1,92046,M,,,92
200800072949,8,12,17,1305,1,2,1,2,3,92046,M,,,92
200800072950,8,12,22,800,2,2,9,1,3,92046,M,,,92
200800072951,8,12,27,1825,5,2,3,1,6,92075,M,,,92
200800072952,8,12,30,825,5,2,2,4,2,92046,M,,,92
200800072953,8,12,21,1125,1,2,1,1,6,92078,M,,,92
200800072954,8,12,29,1820,5,2,1,1,3,92078,M,,,92
200800072955,8,12,5,1815,2,2,4,1,2,92026,M,,,92
200800072956,8,12,16,600,3,2,2,1,7,92026,M,,,92
200800072957,8,12,16,1940,5,2,1,1,3,92062,M,,,92
200800072958,8,12,18,1530,1,2,4,8,6,92062,M,,,92
200800072959,8,12,2,845,1,2,1,1,6,93001,M,,,93
200800072960,8,12,3,1505,1,2,1,2,6,93001,M,,,93
200800072961,8,12,5,2020,5,2,1,8,6,93001,M,,,93
200800072962,8,12,7,1900,5,2,2,1,3,93001,M,,,93
200800072963,8,12,7,1723,3,2,2,1,3,93001,M,,,93
200800072964,8,12,8,1245,1,2,1,1,6,93001,M,,,93
200800072965,8,12,10,2150,5,2,3,1,6,93001,M,,,93
200800072966,8,12,11,1320,1,2,2,1,3,93001,M,,,93
200800072967,8,12,13,1835,5,2,1,2,6,93001,M,,,93
200800072968,8,12,16,1535,1,2,2,1,6,93001,M,,,93
200800072969,8,12,17,2110,5,2,1,2,6,93001,M,,,93
200800072970,8,12,18,1500,1,2,1,1,3,93001,M,,,93
200800072971,8,12,18,1825,5,2,1,1,7,93001,M,,,93
200800072972,8,12,18,1750,5,2,1,1,6,93001,M,,,93
200800072973,8,12,19,1410,1,2,1,1,6,93001,M,,,93
200800072974,8,12,21,1735,1,2,1,8,6,93001,M,,,93
200800072975,8,12,21,2300,5,2,1,1,7,93001,M,,,93
200800072976,8,12,22,1845,5,2,1,2,7,93001,M,,,93
200800072977,8,12,24,915,1,2,1,8,6,93001,M,,,93
200800072978,8,12,25,1815,5,2,1,1,6,93001,M,,,93
200800072979,8,12,30,2040,5,2,2,1,3,93001,M,,,93
200800072980,8,12,5,1110,1,2,1,2,6,93005,M,,,93
200800072981,8,12,5,1100,1,2,3,2,3,93005,M,,,93
200800072982,8,12,15,1550,1,2,1,1,6,93005,M,,,93
200800072983,8,12,3,1215,1,2,1,2,7,93007,M,,,93
200800072984,8,12,10,40,5,2,1,9,6,93007,M,,,93
200800072985,8,12,15,1730,5,2,3,1,3,93007,M,,,93
200800072986,8,12,22,2130,5,2,1,2,6,93007,M,,,93
200800072987,8,12,23,1645,1,2,1,1,6,93007,M,,,93
200800072988,8,12,2,740,2,2,3,1,6,93008,M,,,93
200800072989,8,12,13,1,3,2,1,8,7,93008,M,,,93
200800072990,8,12,16,1800,5,1,1,8,4,93008,M,,,93
200800072991,8,12,17,1430,1,2,1,8,3,93008,M,,,93
200800072992,8,12,22,1850,5,2,3,2,3,93008,M,,,93
200800072993,8,12,23,1115,1,2,1,1,6,93008,M,,,93
200800072994,8,12,23,1515,1,2,1,1,6,93008,M,,,93
200800072995,8,12,25,1310,1,2,9,1,6,93008,M,,,93
200800072996,8,12,25,2243,5,2,1,1,7,93008,M,,,93
200800072997,8,12,31,1135,1,2,9,8,3,93008,M,,,93
200800072998,8,12,31,1450,1,2,1,2,1,93008,M,,,93
200800072999,8,12,1,1315,1,2,4,8,3,93010,M,,,93
200800073000,8,12,1,1845,5,2,1,2,3,93010,M,,,93
200800073001,8,12,2,1330,1,2,1,1,6,93010,M,,,93
200800073002,8,12,2,2220,5,2,3,2,6,93010,M,,,93
200800073003,8,12,7,1945,5,2,3,1,5,93057,M,,,93
200800073004,8,12,9,955,1,2,1,1,6,93010,M,,,93
200800073005,8,12,12,1830,5,2,1,1,7,93010,M,,,93
200800073006,8,12,13,1910,5,2,1,3,6,93010,M,,,93
200800073007,8,12,15,820,1,2,9,1,6,93010,M,,,93
200800073008,8,12,16,1110,1,2,1,1,5,93010,M,,,93
200800073009,8,12,18,930,1,2,1,8,6,93057,M,,,93
200800073010,8,12,21,2000,5,2,1,1,6,93010,M,,,93
200800073011,8,12,24,1650,1,2,2,1,2,93010,M,,,93
200800073012,8,12,25,1930,5,2,1,1,3,93057,M,,,93
200800073013,8,12,27,1640,5,2,9,1,3,93057,M,,,93
200800073014,8,12,18,1750,5,2,1,2,2,93027,M,,,93
200800073015,8,12,5,1650,5,2,1,2,6,93027,M,,,93
200800073016,8,12,10,1920,3,2,1,1,6,93030,M,,,93
200800073017,8,12,13,2120,5,2,1,2,2,93013,M,,,93
200800073018,8,12,23,1940,5,2,2,1,6,93013,M,,,93
200800073019,8,12,23,2220,5,2,1,1,6,93027,M,,,93
200800073020,8,12,28,1100,1,2,2,1,3,93027,M,,,93
200800073021,8,12,2,940,1,2,3,1,3,93029,M,,,93
200800073022,8,12,2,1544,1,2,1,1,6,93029,M,,,93
200800073023,8,12,4,710,5,2,4,1,2,93029,M,,,93
200800073024,8,12,10,755,2,2,1,1,6,93029,M,,,93
200800073025,8,12,26,1610,1,2,1,1,6,93029,M,,,93
200800073026,8,12,1,650,5,2,4,2,6,93079,M,,,93
200800073027,8,12,4,1605,1,2,6,2,2,93079,M,,,93
200800073028,8,12,9,2305,5,2,1,9,6,93031,M,,,93
200800073029,8,12,11,940,1,2,1,1,3,93031,M,,,93
200800073030,8,12,11,1230,1,2,1,1,2,93031,M,,,93
200800073031,8,12,15,815,1,2,9,1,6,93031,M,,,93
200800073032,8,12,16,550,2,2,3,9,1,93031,M,,,93
200800073033,8,12,16,2255,5,2,1,1,1,93031,M,,,93
200800073034,8,12,20,1220,1,2,1,8,2,93079,M,,,93
200800073035,8,12,20,2130,5,2,1,1,6,93031,M,,,93
200800073036,8,12,21,1600,1,2,1,1,1,93031,M,,,93
200800073037,8,12,23,2045,5,2,1,1,6,93079,M,,,93
200800073038,8,12,31,1320,1,2,1,1,6,93031,M,,,93
200800073039,8,12,3,1155,1,2,2,2,3,93047,M,,,93
200800073040,8,12,4,1515,1,2,2,8,3,93047,M,,,93
200800073041,8,12,5,2155,5,2,3,8,3,93047,M,,,93
200800073042,8,12,10,1230,1,2,1,1,3,93032,M,,,93
200800073043,8,12,17,1535,1,2,2,2,3,93047,M,,,93
200800073044,8,12,31,135,5,2,1,1,7,93047,M,,,93
200800073045,8,12,2,745,1,2,1,8,7,93006,M,,,93
200800073046,8,12,24,1210,1,2,3,1,6,93045,M,,,93
200800073047,8,12,1,2010,5,2,1,1,6,93006,M,,,93
200800073048,8,12,3,1840,5,2,2,1,3,93063,M,,,93
200800073049,8,12,5,1820,5,2,1,1,3,93045,M,,,93
200800073050,8,12,11,1755,5,2,2,1,1,93061,M,,,93
200800073051,8,12,14,2045,4,2,3,1,6,93006,M,,,93
200800073052,8,12,31,845,1,2,1,1,3,93063,M,,,93
200800073053,8,12,31,1430,1,2,1,1,3,93046,M,,,93
200800073054,8,12,1,739,5,2,2,2,3,93046,M,,,93
200800073055,8,12,3,1115,1,2,2,2,3,93046,M,,,93
200800073056,8,12,7,1030,1,2,1,1,6,93046,M,,,93
200800073057,8,12,11,800,2,2,1,8,3,93046,M,,,93
200800073058,8,12,15,1745,5,2,1,1,2,93074,M,,,93
200800073059,8,12,18,1355,1,2,1,2,6,93046,M,,,93
200800073060,8,12,19,820,1,2,2,2,3,93074,M,,,93
200800073061,8,12,21,1150,1,2,1,1,6,93046,M,,,93
200800073062,8,12,23,1805,3,2,1,1,3,93046,M,,,93
200800073063,8,12,30,1400,1,2,3,2,3,93046,M,,,93
200800073064,8,12,1,1645,5,2,1,2,6,93048,M,,,93
200800073065,8,12,3,830,1,2,2,2,1,93048,M,,,93
200800073066,8,12,10,1445,1,2,1,8,3,93048,M,,,93
200800073067,8,12,11,1840,5,2,1,1,6,93048,M,,,93
200800073068,8,12,14,720,5,2,1,2,6,93048,M,,,93
200800073069,8,12,15,1145,1,2,2,1,3,93048,M,,,93
200800073070,8,12,13,2200,5,2,1,2,3,93048,M,,,93
200800073071,8,12,19,1615,1,2,3,1,6,93048,M,,,93
200800073072,8,12,19,1616,1,2,1,1,3,93048,M,,,93
200800073073,8,12,20,1020,1,2,1,1,3,93048,M,,,93
200800073074,8,12,23,1710,2,2,1,1,6,93048,M,,,93
200800073075,8,12,1,1925,5,2,3,2,3,93050,M,,,93
200800073076,8,12,3,1920,5,2,1,1,7,93050,M,,,93
200800073077,8,12,4,1340,1,2,2,1,3,93050,M,,,93
200800073078,8,12,14,1235,1,2,1,2,3,93050,M,,,93
200800073079,8,12,16,1725,3,2,1,1,7,93050,M,,,93
200800073080,8,12,19,1235,1,2,1,1,6,93049,M,,,93
200800073081,8,12,23,730,5,2,1,8,6,93050,M,,,93
200800073082,8,12,27,1500,1,2,9,1,3,93049,M,,,93
200800073083,8,12,7,1950,5,2,3,1,3,93051,M,,,93
200800073084,8,12,12,1645,1,2,3,8,6,93051,M,,,93
200800073085,8,12,21,2215,5,2,2,1,7,93051,M,,,93
200800073086,8,12,23,1210,1,1,6,1,6,93051,M,,,93
200800073087,8,12,26,1500,1,2,1,7,2,93051,M,,,93
200800073088,8,12,7,1300,1,2,3,1,6,93053,M,,,93