Num_Acc,an,mois,jour,hrmn,lum,agg,int,atm,col,com,gps,lat,long,dep
200800073089,8,12,10,1316,1,2,1,1,6,93053,M,,,93
200800073090,8,12,11,805,1,2,3,1,3,93053,M,,,93
200800073091,8,12,15,2240,5,2,1,1,1,93053,M,,,93
200800073092,8,12,19,1630,1,2,1,1,6,93053,M,,,93
200800073093,8,12,22,1715,1,2,1,2,2,93053,M,,,93
200800073094,8,12,30,1650,2,2,1,8,6,93053,M,,,93
200800073095,8,12,1,1515,1,2,1,2,2,93055,M,,,93
200800073096,8,12,12,2350,5,2,1,9,3,93055,M,,,93
200800073097,8,12,27,2015,3,2,1,1,5,93055,M,,,93
200800073098,8,12,13,1900,5,2,1,2,3,93062,M,,,93
200800073099,8,12,15,755,2,2,3,1,5,93062,M,,,93
200800073100,8,12,12,830,2,2,1,1,6,93064,M,,,93
200800073101,8,12,12,1010,1,2,1,1,6,93077,M,,,93
200800073102,8,12,16,1250,1,2,1,1,1,93064,M,,,93
200800073103,8,12,17,1145,1,2,2,1,6,93064,M,,,93
200800073104,8,12,22,2020,5,2,1,1,6,93077,M,,,93
200800073105,8,12,23,920,1,2,2,2,2,93064,M,,,93
200800073106,8,12,24,1110,1,2,1,1,6,93077,M,,,93
200800073107,8,12,5,1100,1,2,2,2,3,93066,M,,,93
200800073108,8,12,9,1320,1,1,1,4,4,93066,M,,,93
200800073109,8,12,10,1945,3,2,1,8,6,93066,M,,,93
200800073110,8,12,12,1650,5,2,2,1,7,93066,M,,,93
200800073111,8,12,13,140,5,2,1,4,6,93039,M,,,93
200800073112,8,12,23,1250,1,2,1,1,7,93066,M,,,93
200800073113,8,12,23,1915,5,2,9,1,3,93066,M,,,93
200800073114,8,12,24,750,2,2,3,1,3,93066,M,,,93
200800073115,8,12,22,1755,5,2,3,1,7,93066,M,,,93
200800073116,8,12,24,2105,5,2,2,1,3,93066,M,,,93
200800073117,8,12,31,1020,1,2,1,9,6,93066,M,,,93
200800073118,8,12,31,2050,5,2,3,1,6,93066,M,,,93
200800073119,8,12,2,1420,1,2,1,1,3,93066,M,,,93
200800073120,8,12,3,1300,1,2,1,2,7,93066,M,,,93
200800073121,8,12,10,2315,5,2,2,1,3,93066,M,,,93
200800073122,8,12,13,725,2,2,1,1,2,93066,M,,,93
200800073123,8,12,18,2010,5,2,1,2,2,93066,M,,,93
200800073124,8,12,18,2300,5,2,1,8,7,93066,M,,,93
200800073125,8,12,24,1620,1,2,3,8,7,93066,M,,,93
200800073126,8,12,28,1100,1,2,3,1,3,93066,M,,,93
200800073127,8,12,30,710,5,2,3,1,6,93066,M,,,93
200800073128,8,12,31,1435,1,2,2,8,2,93066,M,,,93
200800073129,8,12,5,935,1,2,1,2,6,93070,M,,,93
200800073130,8,12,6,1925,5,2,5,1,3,93070,M,,,93
200800073131,8,12,9,1650,2,2,1,9,3,93070,M,,,93
200800073132,8,12,10,1750,2,2,1,1,6,93070,M,,,93
200800073133,8,12,16,950,1,2,1,1,3,93070,M,,,93
200800073134,8,12,17,1845,5,2,1,1,6,93070,M,,,93
200800073135,8,12,19,1650,2,2,1,1,2,93070,M,,,93
200800073136,8,12,21,725,5,2,1,1,6,93070,M,,,93
200800073137,8,12,24,1745,5,2,3,1,3,93070,M,,,93
200800073138,8,12,27,1220,1,2,1,1,3,93070,M,,,93
200800073139,8,12,2,1250,1,2,1,1,4,93071,M,,,93
200800073140,8,12,15,945,1,2,1,1,6,93071,M,,,93
200800073141,8,12,18,1025,1,2,2,8,6,93071,M,,,93
200800073142,8,12,22,1755,5,2,4,2,3,93071,M,,,93
200800073143,8,12,31,1455,1,2,1,4,6,93059,M,,,93
200800073144,8,12,20,1500,1,2,2,1,3,93059,M,,,93
200800073145,8,12,24,2320,3,2,2,1,3,93072,M,,,93
200800073146,8,12,1,1650,2,2,2,2,6,93078,M,,,93
200800073147,8,12,4,820,1,2,1,2,6,93073,M,,,93
200800073148,8,12,6,745,2,2,1,2,6,93078,M,,,93
200800073149,8,12,10,1150,1,2,3,1,3,93078,M,,,93
200800073150,8,12,12,1715,5,2,1,1,4,93078,M,,,93
200800073151,8,12,20,1915,5,2,1,1,6,93078,M,,,93
200800073152,8,12,24,1815,5,2,3,1,2,93078,M,,,93
200800073153,8,12,26,1045,1,2,1,1,1,93073,M,,,93
200800073154,8,12,27,1620,1,2,1,1,7,93078,M,,,93
200800073155,8,12,10,1125,1,2,1,8,7,94002,M,,,94
200800073156,8,12,11,515,5,2,2,1,3,94002,M,,,94
200800073157,8,12,13,1035,1,2,2,1,3,94002,M,,,94
200800073158,8,12,30,825,2,2,1,9,7,94002,M,,,94
200800073159,8,12,29,955,1,2,1,1,6,94004,M,,,94
200800073160,8,12,2,1030,1,2,1,8,2,94004,M,,,94
200800073161,8,12,2,730,5,2,3,2,7,94044,M,,,94
200800073162,8,12,3,1615,1,2,1,8,5,94070,M,,,94
200800073163,8,12,4,1400,1,2,1,2,2,94044,M,,,94
200800073164,8,12,7,1215,1,2,1,1,2,94071,M,,,94
200800073165,8,12,9,815,1,2,1,1,2,94033,M,,,94
200800073166,8,12,9,755,5,2,1,1,3,94075,M,,,94
200800073167,8,12,10,1120,1,2,2,8,3,94071,M,,,94
200800073168,8,12,10,1645,5,2,1,8,2,94070,M,,,94
200800073169,8,12,13,1800,5,2,1,2,6,94044,M,,,94
200800073170,8,12,15,745,2,2,1,1,6,94004,M,,,94
200800073171,8,12,12,1845,5,1,1,8,1,94047,M,,,94
200800073172,8,12,15,1320,1,2,1,1,3,94071,M,,,94
200800073173,8,12,16,1730,5,2,3,1,1,94004,M,,,94
200800073174,8,12,21,1135,1,2,1,1,3,94004,M,,,94
200800073175,8,12,29,1030,1,2,2,1,3,94075,M,,,94
200800073176,8,12,11,1310,1,2,1,2,6,94075,M,,,94
200800073177,8,12,2,1450,1,2,3,1,3,94044,M,,,94
200800073178,8,12,19,1815,5,2,1,1,3,94018,M,,,94
200800073179,8,12,4,1530,1,2,1,1,3,94055,M,,,94
200800073180,8,12,5,1645,2,2,2,2,3,94019,M,,,94
200800073181,8,12,5,1400,1,2,1,1,3,94059,M,,,94
200800073182,8,12,12,1650,1,2,1,8,6,94055,M,,,94
200800073183,8,12,18,1650,5,2,3,2,3,94022,M,,,94
200800073184,8,12,2,1505,1,2,2,1,3,94022,M,,,94
200800073185,8,12,4,1640,2,2,2,2,3,94022,M,,,94
200800073186,8,12,10,1745,5,2,3,1,3,94022,M,,,94
200800073187,8,12,10,1600,1,1,1,1,2,94022,M,,,94
200800073188,8,12,19,1730,5,2,1,1,6,94054,M,,,94
200800073189,8,12,20,1650,1,2,1,8,6,94054,M,,,94
200800073190,8,12,20,2255,5,2,2,1,3,94022,M,,,94
200800073191,8,12,27,140,5,2,2,1,6,94022,M,,,94
200800073192,8,12,31,2320,5,1,2,1,3,94022,M,,,94
200800073193,8,12,1,800,2,2,1,1,1,94011,M,,,94
200800073194,8,12,1,810,1,2,1,1,3,94011,M,,,94
200800073195,8,12,1,1015,1,2,2,1,3,94028,M,,,94
200800073196,8,12,1,1230,1,2,1,1,1,94011,M,,,94
200800073197,8,12,1,1845,2,2,1,1,6,94028,M,,,94
200800073198,8,12,2,1930,5,2,1,2,1,94028,M,,,94
200800073199,8,12,4,1600,1,2,3,1,2,94011,M,,,94
200800073200,8,12,3,755,1,2,1,2,5,94028,M,,,94
200800073201,8,12,7,1240,1,2,1,1,5,94028,M,,,94
200800073202,8,12,11,1740,1,2,1,1,2,94028,M,,,94
200800073203,8,12,16,1710,2,2,9,1,7,94011,M,,,94
200800073204,8,12,21,1720,2,2,2,1,3,94011,M,,,94
200800073205,8,12,6,2325,5,2,1,2,6,94033,M,,,94
200800073206,8,12,1,1140,1,2,1,8,7,94043,M,,,94
200800073207,8,12,1,1855,5,2,3,2,3,94016,M,,,94
200800073208,8,12,3,830,1,2,1,2,6,94016,M,,,94
200800073209,8,12,3,1000,1,2,1,2,6,94016,M,,,94
200800073210,8,12,3,1630,5,2,1,2,6,94076,M,,,94
200800073211,8,12,3,1830,5,2,9,1,6,94016,M,,,94
200800073212,8,12,5,850,1,2,4,2,1,94016,M,,,94
200800073213,8,12,5,1815,4,2,1,2,7,94003,M,,,94
200800073214,8,12,6,1830,5,2,3,1,6,94043,M,,,94
200800073215,8,12,8,1850,5,2,2,1,1,94016,M,,,94
200800073216,8,12,9,930,1,2,2,1,6,94016,M,,,94
200800073217,8,12,10,910,1,2,1,1,5,94043,M,,,94
200800073218,8,12,12,2100,3,2,1,1,1,94003,M,,,94
200800073219,8,12,13,1325,1,2,3,2,6,94016,M,,,94
200800073220,8,12,13,2230,5,2,9,2,6,94003,M,,,94
200800073221,8,12,14,40,5,2,1,2,6,94016,M,,,94
200800073222,8,12,25,1115,1,2,2,1,5,94003,M,,,94
200800073223,8,12,30,900,1,2,1,4,2,94016,M,,,94
200800073224,8,12,5,2210,5,2,4,8,6,94073,M,,,94
200800073225,8,12,9,1410,1,2,1,4,5,94021,M,,,94
200800073226,8,12,10,1730,5,1,1,1,3,94073,M,,,94
200800073227,8,12,11,950,1,2,1,8,2,94065,M,,,94
200800073228,8,12,11,2105,5,2,1,1,6,94073,M,,,94
200800073229,8,12,12,1910,3,1,1,1,3,94021,M,,,94
200800073230,8,12,13,2105,3,2,1,2,6,94073,M,,,94
200800073231,8,12,18,945,1,2,1,8,6,94073,M,,,94
200800073232,8,12,18,1400,1,1,2,2,3,94065,M,,,94
200800073233,8,12,19,1700,5,2,3,1,3,94021,M,,,94
200800073234,8,12,22,1655,5,2,3,2,3,94065,M,,,94
200800073235,8,12,23,1040,1,2,2,8,3,94021,M,,,94
200800073236,8,12,24,1020,1,2,1,1,6,94038,M,,,94
200800073237,8,12,24,1510,1,2,1,8,7,94073,M,,,94
200800073238,8,12,31,1410,1,2,1,1,2,94021,M,,,94
200800073239,8,12,10,700,2,2,2,2,3,94041,M,,,94
200800073240,8,12,24,915,1,2,2,1,7,94041,M,,,94
200800073241,8,12,6,2015,5,2,2,2,6,94041,M,,,94
200800073242,8,12,10,1815,5,2,2,1,7,94041,M,,,94
200800073243,8,12,16,957,1,2,1,1,7,94041,M,,,94
200800073244,8,12,24,1630,1,2,1,1,6,94041,M,,,94
200800073245,8,12,4,1800,5,2,2,1,6,94046,M,,,94
200800073246,8,12,5,1920,5,2,1,2,1,94046,M,,,94
200800073247,8,12,8,2045,5,2,4,1,3,94046,M,,,94
200800073248,8,12,16,2355,5,2,1,1,6,94046,M,,,94
200800073249,8,12,19,1245,1,2,1,1,2,94046,M,,,94
200800073250,8,12,23,725,2,2,1,1,3,94046,M,,,94
200800073251,8,12,1,1830,4,2,1,2,1,94015,M,,,94
200800073252,8,12,4,1945,5,2,3,2,1,94052,M,,,94
200800073253,8,12,5,730,5,2,2,8,3,94058,M,,,94
200800073254,8,12,6,1620,1,2,1,1,5,94058,M,,,94
200800073255,8,12,12,1820,5,2,2,1,3,94042,M,,,94
200800073256,8,12,10,1840,5,2,3,1,3,94058,M,,,94
200800073257,8,12,1,2240,5,2,1,1,1,94068,M,,,94
200800073258,8,12,1,1915,2,2,1,2,6,94068,M,,,94
200800073259,8,12,2,2040,5,2,1,2,2,94068,M,,,94
200800073260,8,12,2,2100,5,2,1,2,6,94068,M,,,94
200800073261,8,12,8,1200,1,2,1,1,6,94068,M,,,94
200800073262,8,12,11,1800,4,2,2,1,3,94068,M,,,94
200800073263,8,12,12,1205,1,2,1,1,6,94068,M,,,94
200800073264,8,12,13,1841,2,2,1,1,6,94068,M,,,94
200800073265,8,12,13,1425,1,2,2,1,3,94068,M,,,94
200800073266,8,12,15,845,1,2,1,1,6,94068,M,,,94
200800073267,8,12,17,1815,5,2,1,2,2,94068,M,,,94
200800073268,8,12,18,1130,1,2,1,2,3,94068,M,,,94
200800073269,8,12,18,1315,1,2,1,2,1,94068,M,,,94
200800073270,8,12,24,1746,5,2,1,1,6,94068,M,,,94
200800073271,8,12,30,1005,1,2,1,4,2,94078,M,,,94
200800073272,8,12,1,1735,5,2,1,2,3,94078,M,,,94
200800073273,8,12,3,2030,5,2,1,1,5,94078,M,,,94
200800073274,8,12,6,1300,1,2,1,1,6,94001,M,,,94
200800073275,8,12,8,1955,5,2,1,1,4,94077,M,,,94
200800073276,8,12,6,750,1,2,1,1,6,94001,M,,,94
200800073277,8,12,1,2130,5,2,1,9,2,94078,M,,,94
200800073278,8,12,14,1610,1,2,1,2,2,94078,M,,,94
200800073279,8,12,23,2135,5,2,1,1,3,94077,M,,,94
200800073280,8,12,1,915,1,2,3,2,6,94081,M,,,94
200800073281,8,12,10,1245,1,2,1,1,6,94081,M,,,94
200800073282,8,12,10,905,1,2,2,9,6,94081,M,,,94
200800073283,8,12,14,150,5,2,1,2,6,94081,M,,,94
200800073284,8,12,15,1415,2,2,2,1,6,94081,M,,,94
200800073285,8,12,21,1645,1,2,1,1,6,94081,M,,,94
200800073286,8,12,25,125,5,2,1,1,6,94081,M,,,94
200800073287,8,12,28,1845,5,2,1,1,6,94081,M,,,94
200800073288,8,12,3,725,2,2,2,3,2,95018,M,,,95
200800073289,8,12,3,1615,1,2,3,1,6,95176,M,,,95
200800073290,8,12,8,1625,1,2,3,1,7,95018,M,,,95
200800073291,8,12,8,2155,5,2,3,1,3,95018,M,,,95
200800073292,8,12,9,925,1,2,2,1,3,95018,M,,,95
200800073293,8,12,9,1845,5,2,1,2,7,95582,M,,,95
200800073294,8,12,10,1145,1,2,1,1,7,95018,M,,,95
200800073295,8,12,8,1830,5,2,1,1,2,95018,M,,,95
200800073296,8,12,11,1030,1,2,3,2,3,95018,M,,,95
200800073297,8,12,11,715,2,2,3,1,7,95018,M,,,95
200800073298,8,12,10,1835,5,2,3,1,3,95018,M,,,95
200800073299,8,12,14,1955,3,2,1,1,6,95176,M,,,95
200800073300,8,12,13,1810,5,2,2,2,6,95018,M,,,95
200800073301,8,12,12,1940,4,2,1,8,3,95018,M,,,95
200800073302,8,12,16,1250,1,2,1,1,1,95018,M,,,95
200800073303,8,12,17,1020,1,2,2,2,6,95018,M,,,95
200800073304,8,12,19,745,4,2,2,2,6,95018,M,,,95
200800073305,8,12,19,1815,4,2,3,1,4,95018,M,,,95
200800073306,8,12,22,1225,1,2,1,1,7,95018,M,,,95
200800073307,8,12,28,1700,1,2,1,1,7,95018,M,,,95
200800073308,8,12,29,1750,5,2,3,1,2,95018,M,,,95
200800073309,8,12,31,1400,1,2,1,1,6,95018,M,,,95
200800073310,8,12,20,1950,5,2,1,1,1,95063,M,,,95
200800073311,8,12,6,1755,5,1,1,1,3,95063,M,,,95
200800073312,8,12,15,1730,2,1,1,1,3,95063,M,,,95
200800073313,8,12,20,1845,5,2,1,1,7,95063,M,,,95
200800073314,8,12,8,1820,3,2,1,1,6,95500,M,,,95
200800073315,8,12,5,2115,3,2,2,2,3,95197,M,,,95
200800073316,8,12,11,1650,1,2,2,8,3,95555,M,,,95
200800073317,8,12,17,1630,1,2,2,1,2,95210,M,,,95
200800073318,8,12,1,945,1,2,1,2,2,95252,M,,,95
200800073319,8,12,2,805,1,2,2,1,3,95203,M,,,95
200800073320,8,12,5,115,3,2,1,2,6,95252,M,,,95
200800073321,8,12,8,2005,5,2,1,1,6,95252,M,,,95
200800073322,8,12,9,810,1,2,1,1,6,95219,M,,,95
200800073323,8,12,9,1740,1,2,6,8,7,95203,M,,,95
200800073324,8,12,10,900,1,2,1,1,6,95491,M,,,95
200800073325,8,12,15,1945,5,2,1,1,6,95203,M,,,95
200800073326,8,12,16,1150,1,2,1,1,6,95574,M,,,95
200800073327,8,12,16,1355,1,2,1,1,2,95252,M,,,95
200800073328,8,12,29,1530,1,2,1,1,6,95268,M,,,95
200800073329,8,12,5,1200,1,2,1,2,6,95277,M,,,95
200800073330,8,12,19,600,2,2,1,8,6,95019,M,,,95
200800073331,8,12,11,620,2,2,1,8,3,95277,M,,,95
200800073332,8,12,20,130,5,2,6,8,3,95019,M,,,95
200800073333,8,12,2,1510,1,2,2,8,1,95424,M,,,95
200800073334,8,12,23,1230,1,2,1,1,2,95424,M,,,95
200800073335,8,12,21,430,5,2,1,1,6,95313,M,,,95
200800073336,8,12,2,828,2,2,4,1,5,95052,M,,,95
200800073337,8,12,21,740,3,1,1,1,1,95313,M,,,95
200800073338,8,12,17,615,5,2,2,1,3,95313,M,,,95
200800073339,8,12,20,1830,5,1,3,2,1,95539,M,,,95
200800073340,8,12,11,1155,1,2,1,1,7,95680,M,,,95
200800073341,8,12,9,1305,1,2,2,4,7,95585,M,,,95
200800073342,8,12,20,2200,5,2,2,1,3,95585,M,,,95
200800073343,8,12,17,700,5,2,1,1,6,95563,M,,,95
200800073344,8,12,2,730,1,2,1,2,6,20004,M,,,201
200800073345,8,12,8,735,2,2,9,1,6,20004,M,,,201
200800073346,8,12,12,830,1,2,1,1,2,20004,M,,,201
200800073347,8,12,15,729,2,1,1,8,2,20004,M,,,201
200800073348,8,12,15,2320,5,1,1,2,6,20004,M,,,201
200800073349,8,12,16,1010,1,2,1,1,5,20004,M,,,201
200800073350,8,12,16,2250,5,2,9,1,3,20004,M,,,201
200800073351,8,12,18,1405,1,2,1,1,6,20004,M,,,201
200800073352,8,12,21,720,2,2,1,1,6,20004,M,,,201
200800073353,8,12,22,1700,2,2,1,1,6,20004,M,,,201
200800073354,8,12,22,1754,5,1,9,1,3,20004,M,,,201
200800073355,8,12,23,910,1,2,1,1,2,20004,M,,,201
200800073356,8,12,24,715,2,2,1,1,6,20004,M,,,201
200800073357,8,12,26,1220,1,2,1,1,3,20004,M,,,201
200800073358,8,12,24,1440,1,1,1,1,1,20004,M,,,201
200800073359,8,12,27,1738,5,2,1,1,2,20004,M,,,201
200800073360,8,12,30,555,2,2,2,1,3,20004,M,,,201
200800073361,8,12,6,1820,5,2,1,2,6,69381,M,,,69
200800073362,8,12,7,450,5,2,1,1,1,69381,M,,,69
200800073363,8,12,13,2220,5,2,1,1,6,69381,M,,,69
200800073364,8,12,24,1005,1,2,2,1,3,69381,M,,,69
200800073365,8,12,3,952,1,2,1,1,4,20120,M,,,202
200800073366,8,12,8,1814,5,2,1,1,6,20120,M,,,202
200800073367,8,12,9,1815,5,2,5,1,3,20037,M,,,202
200800073368,8,12,9,1951,5,2,1,1,2,20120,M,,,202
200800073369,8,12,11,1530,1,2,1,2,6,20033,M,,,202
200800073370,8,12,15,1340,1,2,1,1,3,20033,M,,,202
200800073371,8,12,16,1733,1,2,1,1,7,20033,M,,,202
200800073372,8,12,19,1739,5,2,1,1,2,20033,M,,,202
200800073373,8,12,19,1647,1,1,1,1,2,20120,M,,,202
200800073374,8,12,21,956,1,1,1,1,6,20037,M,,,202
200800073375,8,12,21,433,5,2,1,1,6,20033,M,,,202
200800073376,8,12,23,1117,1,2,1,1,6,20033,M,,,202
200800073377,8,12,23,2312,5,2,2,1,3,20033,M,,,202
200800073378,8,12,26,1300,1,2,1,1,7,20033,M,,,202
200800073379,8,12,26,2118,5,2,1,1,3,20033,M,,,202
200800073380,8,12,26,2241,5,2,3,1,6,20033,M,,,202
200800073381,8,12,27,243,5,2,1,1,7,20033,M,,,202
200800073382,8,12,27,1728,1,2,1,1,3,20120,M,,,202
200800073383,8,12,4,1305,1,2,1,2,6,69382,M,,,69
200800073384,8,12,4,1610,1,2,1,2,7,69382,M,,,69
200800073385,8,12,6,1350,1,2,1,2,5,69382,M,,,69
200800073386,8,12,8,1645,5,2,2,1,3,69382,M,,,69
200800073387,8,12,2,1310,1,2,2,1,6,69382,M,,,69
200800073388,8,12,11,2103,5,2,1,1,6,69382,M,,,69
200800073389,8,12,14,825,1,2,2,1,3,69382,M,,,69
200800073390,8,12,16,945,1,2,1,2,6,69382,M,,,69
200800073391,8,12,25,2210,4,2,1,1,2,69382,M,,,69
200800073392,8,12,30,2225,5,2,1,2,1,69382,M,,,69
200800073393,8,12,27,645,5,2,1,1,6,69382,M,,,69
200800073394,8,12,30,1848,5,2,2,2,3,69382,M,,,69
200800073395,8,12,31,1330,1,2,2,2,3,69382,M,,,69
200800073396,8,12,21,1400,1,2,1,1,6,69382,M,,,69
200800073397,8,12,19,1734,5,2,1,2,6,69382,M,,,69
200800073398,8,12,1,1955,5,2,1,2,3,69383,M,,,69
200800073399,8,12,2,2110,5,2,1,1,2,69383,M,,,69
200800073400,8,12,1,2015,5,2,1,8,6,69383,M,,,69
200800073401,8,12,4,1755,5,2,1,1,6,69386,M,,,69
200800073402,8,12,7,2135,5,2,1,1,3,69386,M,,,69
200800073403,8,12,5,1045,1,2,1,1,6,69383,M,,,69
200800073404,8,12,8,2200,5,2,2,1,2,69386,M,,,69
200800073405,8,12,9,1730,5,2,1,3,3,69386,M,,,69
200800073406,8,12,8,1705,1,2,1,1,3,69386,M,,,69
200800073407,8,12,11,1600,1,2,1,1,3,69383,M,,,69
200800073408,8,12,10,735,5,2,1,4,6,69383,M,,,69
200800073409,8,12,10,1135,1,2,2,2,6,69383,M,,,69
200800073410,8,12,12,920,1,2,1,1,3,69386,M,,,69
200800073411,8,12,15,1740,5,2,1,1,6,69386,M,,,69
200800073412,8,12,18,1205,1,2,1,1,6,69386,M,,,69
200800073413,8,12,16,1400,1,2,1,1,3,69386,M,,,69
200800073414,8,12,22,900,1,2,1,1,6,69386,M,,,69
200800073415,8,12,22,1455,1,2,1,1,3,69386,M,,,69
200800073416,8,12,22,1905,5,2,1,1,3,69386,M,,,69
200800073417,8,12,26,1100,1,2,1,1,6,69386,M,,,69
200800073418,8,12,26,1600,1,2,1,1,6,69386,M,,,69
200800073419,8,12,28,1545,1,2,2,1,3,69386,M,,,69
200800073420,8,12,16,1144,1,2,1,1,6,69384,M,,,69
200800073421,8,12,6,2205,5,2,1,1,7,69385,M,,,69
200800073422,8,12,12,1815,5,2,3,1,7,69385,M,,,69
200800073423,8,12,1,1340,1,2,1,1,3,69388,M,,,69
200800073424,8,12,1,845,1,2,1,1,5,69388,M,,,69
200800073425,8,12,3,1500,1,2,1,1,6,69388,M,,,69
200800073426,8,12,3,1415,1,2,1,1,6,69388,M,,,69
200800073427,8,12,5,1720,5,2,1,1,3,69388,M,,,69
200800073428,8,12,1,1910,5,2,1,2,1,69388,M,,,69
200800073429,8,12,24,2045,5,2,2,8,3,69388,M,,,69
200800073430,8,12,6,1125,1,2,1,1,6,69389,M,,,69
200800073431,8,12,9,1655,5,2,1,3,6,69389,M,,,69
200800073432,8,12,17,1355,1,2,2,1,6,69389,M,,,69
200800073433,8,12,18,1920,5,2,1,1,6,69389,M,,,69
200800073434,8,12,31,1955,5,2,1,2,6,69389,M,,,69
200800073435,8,12,3,1020,1,2,1,2,6,94017,M,,,94
200800073436,8,12,5,945,1,2,1,2,6,94017,M,,,94
200800073437,8,12,5,1730,1,2,1,2,5,94017,M,,,94
200800073438,8,12,14,2310,5,2,1,1,2,94017,M,,,94
200800073439,8,12,19,1500,1,2,1,1,2,94017,M,,,94
200800073440,8,12,28,2220,5,2,1,1,1,94017,M,,,94
200800073441,8,12,29,1450,1,2,1,1,3,94017,M,,,94
200800073442,8,12,3,2050,3,1,1,1,1,95527,M,,,95
200800073443,8,12,8,1810,5,1,1,1,6,94054,M,,,94
200800073444,8,12,10,1255,1,1,9,8,7,94054,M,,,94
200800073445,8,12,1,837,1,2,1,2,4,75101,M,,,75
200800073446,8,12,1,1300,1,2,4,8,6,75101,M,,,75
200800073447,8,12,1,1800,5,2,3,2,6,75101,M,,,75
200800073448,8,12,1,2120,5,2,1,9,7,75101,M,,,75
200800073449,8,12,1,1850,5,2,1,9,7,75103,M,,,75
200800073450,8,12,1,1040,1,2,1,8,7,75105,M,,,75
200800073451,8,12,1,1010,1,2,3,2,7,75106,M,,,75
200800073452,8,12,1,2345,5,2,2,1,3,75106,M,,,75
200800073453,8,12,1,1137,1,2,5,8,3,75107,M,,,75
200800073454,8,12,1,915,1,2,1,2,7,75108,M,,,75
200800073455,8,12,1,845,1,2,3,8,3,75110,M,,,75
200800073456,8,12,1,1200,1,2,1,2,6,75110,M,,,75
200800073457,8,12,1,1300,1,2,5,1,3,75110,M,,,75
200800073458,8,12,1,440,5,2,3,2,6,75111,M,,,75
200800073459,8,12,1,1315,1,2,1,9,3,75111,M,,,75
200800073460,8,12,1,1620,5,2,1,2,2,75111,M,,,75
200800073461,8,12,1,1855,5,2,1,2,6,75111,M,,,75
200800073462,8,12,1,2000,5,2,2,1,3,75111,M,,,75
200800073463,8,12,1,750,5,2,1,2,2,75112,M,,,75
200800073464,8,12,1,750,2,2,1,2,7,75116,M,,,75
200800073465,8,12,1,1350,1,2,5,8,3,75116,M,,,75
200800073466,8,12,1,2200,5,2,3,1,7,75116,M,,,75
200800073467,8,12,1,935,1,2,1,2,7,75117,M,,,75
200800073468,8,12,1,1305,1,2,5,2,7,75117,M,,,75
200800073469,8,12,1,1730,5,2,1,2,6,75117,M,,,75
200800073470,8,12,1,1225,1,2,3,2,3,75118,M,,,75
200800073471,8,12,1,1220,1,2,3,1,6,75119,M,,,75
200800073472,8,12,1,1735,5,2,4,8,6,75119,M,,,75
200800073473,8,12,1,2300,5,2,1,2,6,75119,M,,,75
200800073474,8,12,1,40,5,2,3,2,3,75120,M,,,75
200800073475,8,12,1,1220,1,2,1,2,3,75120,M,,,75
200800073476,8,12,1,1635,3,2,3,2,3,75120,M,,,75
200800073477,8,12,1,1755,5,2,2,2,3,75120,M,,,75
200800073478,8,12,1,1505,1,2,1,2,4,75118,M,,,75
200800073479,8,12,1,1920,5,2,1,1,3,75113,M,,,75
200800073480,8,12,1,1835,1,2,4,1,3,75113,M,,,75
200800073481,8,12,1,1750,5,2,1,2,3,75113,M,,,75
200800073482,8,12,7,35,5,2,5,1,3,75105,M,,,75
200800073483,8,12,7,720,5,2,2,1,3,75105,M,,,75
200800073484,8,12,7,39,3,2,2,1,6,75106,M,,,75
200800073485,8,12,7,1900,5,2,2,1,3,75106,M,,,75
200800073486,8,12,7,305,5,2,1,1,7,75107,M,,,75
200800073487,8,12,7,1315,1,2,5,1,3,75108,M,,,75
200800073488,8,12,7,1850,5,2,3,1,7,75111,M,,,75
200800073489,8,12,7,1930,5,2,3,1,6,75113,M,,,75
200800073490,8,12,7,2115,5,2,3,1,3,75115,M,,,75
200800073491,8,12,7,55,5,2,1,1,1,75117,M,,,75
200800073492,8,12,7,1745,5,2,1,1,3,75117,M,,,75
200800073493,8,12,7,2020,5,2,3,1,3,75117,M,,,75
200800073494,8,12,7,745,1,2,5,1,2,75118,M,,,75
200800073495,8,12,7,2145,5,2,2,1,3,75119,M,,,75
200800073496,8,12,7,2000,5,2,1,1,6,75113,M,,,75
200800073497,8,12,7,1945,3,2,1,8,7,75117,M,,,75
200800073498,8,12,2,1830,5,2,3,2,3,75103,M,,,75
200800073499,8,12,2,1030,1,2,3,1,6,75104,M,,,75
200800073500,8,12,2,1750,5,2,2,1,6,75106,M,,,75
200800073501,8,12,2,2240,5,2,3,2,2,75106,M,,,75
200800073502,8,12,2,1255,1,2,1,1,3,75108,M,,,75
200800073503,8,12,2,1440,1,2,3,1,3,75108,M,,,75
200800073504,8,12,2,1515,1,2,2,1,6,75108,M,,,75
200800073505,8,12,2,1026,1,2,2,2,3,75109,M,,,75
200800073506,8,12,2,2140,5,2,1,2,6,75110,M,,,75
200800073507,8,12,2,1440,1,2,3,8,3,75111,M,,,75
200800073508,8,12,2,850,1,2,1,1,3,75112,M,,,75
200800073509,8,12,2,1315,2,2,2,1,6,75112,M,,,75