Num_Acc,an,mois,jour,hrmn,lum,agg,int,atm,col,com,gps,lat,long,dep
200800073510,8,12,2,1825,5,2,1,2,7,75114,M,,,75
200800073511,8,12,2,1807,2,2,1,1,6,75114,M,,,75
200800073512,8,12,2,1950,5,2,2,2,6,75115,M,,,75
200800073513,8,12,2,735,2,2,1,1,6,75116,M,,,75
200800073514,8,12,2,1740,5,2,2,8,3,75116,M,,,75
200800073515,8,12,2,2305,5,2,5,8,3,75116,M,,,75
200800073516,8,12,2,1400,1,2,3,1,6,75118,M,,,75
200800073517,8,12,2,2320,5,2,1,2,6,75118,M,,,75
200800073518,8,12,2,2000,5,2,3,2,3,75119,M,,,75
200800073519,8,12,2,2035,5,2,3,2,3,75120,M,,,75
200800073520,8,12,2,730,2,2,3,8,6,75113,M,,,75
200800073521,8,12,2,710,5,2,2,1,6,75104,M,,,75
200800073522,8,12,2,1140,1,2,1,1,6,75111,M,,,75
200800073523,8,12,2,1610,2,2,2,1,3,75107,M,,,75
200800073524,8,12,2,1750,5,2,1,1,3,75116,M,,,75
200800073525,8,12,2,1748,5,2,1,1,6,75113,M,,,75
200800073526,8,12,8,1415,1,2,2,1,3,75104,M,,,75
200800073527,8,12,8,1135,1,2,1,1,6,75110,M,,,75
200800073528,8,12,8,2150,5,2,1,1,3,75111,M,,,75
200800073529,8,12,8,2230,5,2,3,1,6,75112,M,,,75
200800073530,8,12,8,850,1,2,1,1,3,75113,M,,,75
200800073531,8,12,8,1045,1,2,2,1,6,75113,M,,,75
200800073532,8,12,8,1500,1,2,1,8,3,75113,M,,,75
200800073533,8,12,8,1355,1,2,2,1,7,75114,M,,,75
200800073534,8,12,8,2205,5,2,3,1,7,75114,M,,,75
200800073535,8,12,8,905,1,2,4,1,6,75115,M,,,75
200800073536,8,12,8,830,2,2,1,8,2,75115,M,,,75
200800073537,8,12,8,1600,2,2,3,1,6,75116,M,,,75
200800073538,8,12,8,1555,1,2,3,1,6,75118,M,,,75
200800073539,8,12,8,910,1,2,1,1,3,75119,M,,,75
200800073540,8,12,8,1947,5,2,1,1,6,75119,M,,,75
200800073541,8,12,8,500,5,2,1,1,6,75119,M,,,75
200800073542,8,12,8,1820,2,2,1,1,6,75101,M,,,75
200800073543,8,12,8,900,1,2,1,1,7,75116,M,,,75
200800073544,8,12,8,1329,1,2,1,1,7,75113,M,,,75
200800073545,8,12,6,355,5,2,1,2,6,75101,M,,,75
200800073546,8,12,6,305,5,2,2,2,2,75102,M,,,75
200800073547,8,12,6,2340,5,2,5,1,3,75115,M,,,75
200800073548,8,12,6,1740,5,2,1,1,3,75107,M,,,75
200800073549,8,12,6,335,5,2,2,2,6,75110,M,,,75
200800073550,8,12,6,1900,2,2,2,1,3,75110,M,,,75
200800073551,8,12,6,1840,5,2,5,1,3,75111,M,,,75
200800073552,8,12,6,300,5,2,5,2,6,75112,M,,,75
200800073553,8,12,6,1220,1,2,3,1,3,75114,M,,,75
200800073554,8,12,6,1130,1,2,1,1,2,75115,M,,,75
200800073555,8,12,6,1400,1,2,2,1,3,75115,M,,,75
200800073556,8,12,6,2036,5,2,3,1,6,75115,M,,,75
200800073557,8,12,6,2000,5,2,1,1,6,75116,M,,,75
200800073558,8,12,6,1935,5,2,1,1,6,75117,M,,,75
200800073559,8,12,6,440,5,2,2,2,3,75117,M,,,75
200800073560,8,12,6,1630,2,2,1,1,6,75117,M,,,75
200800073561,8,12,6,1450,1,2,3,1,6,75118,M,,,75
200800073562,8,12,6,2040,5,2,1,1,3,75118,M,,,75
200800073563,8,12,6,1930,5,2,5,1,5,75118,M,,,75
200800073564,8,12,6,1240,1,2,3,1,6,75120,M,,,75
200800073565,8,12,6,600,5,2,2,1,3,75105,M,,,75
200800073566,8,12,6,2310,5,2,1,1,3,75119,M,,,75
200800073567,8,12,9,1040,1,2,4,1,3,75102,M,,,75
200800073568,8,12,9,1030,1,2,1,1,4,75108,M,,,75
200800073569,8,12,9,1240,1,2,1,4,6,75108,M,,,75
200800073570,8,12,9,1615,1,2,3,2,7,75108,M,,,75
200800073571,8,12,9,1610,1,2,5,8,6,75109,M,,,75
200800073572,8,12,9,850,1,2,3,1,7,75111,M,,,75
200800073573,8,12,9,2130,5,2,1,1,6,75111,M,,,75
200800073574,8,12,9,1350,1,2,2,4,3,75112,M,,,75
200800073575,8,12,9,1410,1,2,1,4,6,75112,M,,,75
200800073576,8,12,9,2115,3,2,5,2,6,75112,M,,,75
200800073577,8,12,9,2255,5,2,2,1,3,75112,M,,,75
200800073578,8,12,9,1200,1,2,3,2,3,75113,M,,,75
200800073579,8,12,9,920,1,2,5,1,3,75115,M,,,75
200800073580,8,12,9,1140,1,2,4,2,6,75115,M,,,75
200800073581,8,12,9,1130,1,2,2,2,7,75115,M,,,75
200800073582,8,12,9,1315,1,2,3,4,6,75115,M,,,75
200800073583,8,12,9,1935,5,2,2,1,6,75115,M,,,75
200800073584,8,12,9,1730,5,2,1,2,7,75115,M,,,75
200800073585,8,12,9,750,1,2,5,8,6,75116,M,,,75
200800073586,8,12,9,1300,1,2,5,2,3,75116,M,,,75
200800073587,8,12,9,1845,5,2,2,1,6,75116,M,,,75
200800073588,8,12,9,2055,5,2,1,2,6,75116,M,,,75
200800073589,8,12,9,1330,1,2,2,4,6,75117,M,,,75
200800073590,8,12,9,2150,5,2,1,1,2,75117,M,,,75
200800073591,8,12,9,1335,1,2,1,4,2,75118,M,,,75
200800073592,8,12,9,1345,1,2,4,4,3,75120,M,,,75
200800073593,8,12,9,1500,1,2,1,2,3,75120,M,,,75
200800073594,8,12,9,1730,5,2,1,1,6,75120,M,,,75
200800073595,8,12,9,750,2,2,1,1,3,75117,M,,,75
200800073596,8,12,9,1715,5,2,1,1,3,75108,M,,,75
200800073597,8,12,9,1020,1,2,1,8,4,75113,M,,,75
200800073598,8,12,9,1730,5,2,1,8,3,75116,M,,,75
200800073599,8,12,9,2000,5,2,1,1,3,75118,M,,,75
200800073600,8,12,10,2000,5,2,4,9,3,75104,M,,,75
200800073601,8,12,10,745,2,2,1,1,3,75107,M,,,75
200800073602,8,12,10,210,5,2,3,9,6,75108,M,,,75
200800073603,8,12,10,930,1,2,1,8,4,75109,M,,,75
200800073604,8,12,10,2245,5,2,2,1,3,75109,M,,,75
200800073605,8,12,10,2120,5,2,2,1,3,75110,M,,,75
200800073606,8,12,10,2225,5,2,1,1,6,75110,M,,,75
200800073607,8,12,10,1420,1,2,1,1,6,75111,M,,,75
200800073608,8,12,10,2330,5,2,2,1,3,75111,M,,,75
200800073609,8,12,10,1035,1,2,1,1,1,75112,M,,,75
200800073610,8,12,10,825,1,2,4,1,3,75113,M,,,75
200800073611,8,12,10,1900,2,2,5,1,3,75114,M,,,75
200800073612,8,12,10,850,1,2,3,8,6,75115,M,,,75
200800073613,8,12,10,120,5,2,5,8,7,75116,M,,,75
200800073614,8,12,10,930,1,2,1,8,3,75116,M,,,75
200800073615,8,12,10,2115,3,2,5,1,6,75116,M,,,75
200800073616,8,12,10,910,1,2,2,8,7,75108,M,,,75
200800073617,8,12,10,1220,1,2,3,1,6,75117,M,,,75
200800073618,8,12,10,935,1,2,1,8,1,75118,M,,,75
200800073619,8,12,10,2000,5,2,2,1,6,75118,M,,,75
200800073620,8,12,10,115,5,2,2,8,5,75119,M,,,75
200800073621,8,12,10,2210,5,2,1,1,6,75119,M,,,75
200800073622,8,12,10,5,5,2,1,9,7,75119,M,,,75
200800073623,8,12,10,1030,1,2,1,1,6,75120,M,,,75
200800073624,8,12,10,1715,5,2,1,1,6,75120,M,,,75
200800073625,8,12,10,1850,5,2,1,1,3,75114,M,,,75
200800073626,8,12,10,1915,5,2,1,1,2,75120,M,,,75
200800073627,8,12,10,735,2,2,1,1,6,75112,M,,,75
200800073628,8,12,11,1620,1,2,1,1,6,75101,M,,,75
200800073629,8,12,11,2250,5,2,3,1,6,75103,M,,,75
200800073630,8,12,11,1250,1,2,3,1,2,75105,M,,,75
200800073631,8,12,11,2214,5,2,2,1,2,75105,M,,,75
200800073632,8,12,11,1750,5,2,1,1,6,75108,M,,,75
200800073633,8,12,11,1640,1,2,1,1,6,75109,M,,,75
200800073634,8,12,11,1910,5,2,5,1,6,75111,M,,,75
200800073635,8,12,11,1640,2,2,1,1,4,75112,M,,,75
200800073636,8,12,11,1205,1,2,2,1,3,75113,M,,,75
200800073637,8,12,11,1530,1,2,1,1,3,75113,M,,,75
200800073638,8,12,11,810,1,2,1,1,3,75115,M,,,75
200800073639,8,12,11,1005,1,2,2,1,6,75115,M,,,75
200800073640,8,12,11,1745,5,2,2,1,3,75115,M,,,75
200800073641,8,12,11,930,1,2,1,1,3,75118,M,,,75
200800073642,8,12,11,1750,5,2,1,1,6,75118,M,,,75
200800073643,8,12,11,815,1,2,5,1,6,75120,M,,,75
200800073644,8,12,11,1750,5,2,1,1,6,75120,M,,,75
200800073645,8,12,11,740,5,2,1,1,3,75119,M,,,75
200800073646,8,12,11,830,1,2,1,1,6,75118,M,,,75
200800073647,8,12,11,1310,1,2,1,1,4,75113,M,,,75
200800073648,8,12,11,1715,5,2,1,1,4,75113,M,,,75
200800073649,8,12,11,1830,5,2,1,1,2,75115,M,,,75
200800073650,8,12,12,1630,1,2,1,1,3,75101,M,,,75
200800073651,8,12,12,120,5,2,2,1,3,75101,M,,,75
200800073652,8,12,12,1115,1,2,2,1,6,75105,M,,,75
200800073653,8,12,12,140,5,2,2,9,7,75107,M,,,75
200800073654,8,12,12,1750,5,2,1,1,7,75108,M,,,75
200800073655,8,12,12,2100,5,2,4,1,3,75108,M,,,75
200800073656,8,12,12,1950,5,2,2,1,7,75109,M,,,75
200800073657,8,12,12,1905,2,2,1,1,6,75109,M,,,75
200800073658,8,12,12,1450,1,2,1,1,6,75110,M,,,75
200800073659,8,12,12,1015,1,2,3,1,3,75113,M,,,75
200800073660,8,12,12,1730,5,2,5,1,2,75116,M,,,75
200800073661,8,12,12,2230,5,2,1,1,6,75116,M,,,75
200800073662,8,12,12,2310,5,2,1,1,7,75116,M,,,75
200800073663,8,12,12,750,1,2,5,1,3,75118,M,,,75
200800073664,8,12,12,1500,1,2,3,1,6,75118,M,,,75
200800073665,8,12,12,2050,5,2,2,1,3,75118,M,,,75
200800073666,8,12,12,1232,1,2,3,1,2,75120,M,,,75
200800073667,8,12,12,2025,5,2,1,1,6,75120,M,,,75
200800073668,8,12,12,505,5,2,1,1,6,75120,M,,,75
200800073669,8,12,12,1035,1,2,1,1,2,75118,M,,,75
200800073670,8,12,12,1640,1,2,1,1,4,75116,M,,,75
200800073671,8,12,13,2300,5,2,2,2,3,75102,M,,,75
200800073672,8,12,13,2235,5,2,2,2,7,75113,M,,,75
200800073673,8,12,13,1930,5,2,2,2,6,75107,M,,,75
200800073674,8,12,13,630,2,2,1,1,2,75108,M,,,75
200800073675,8,12,13,2000,5,2,1,2,6,75108,M,,,75
200800073676,8,12,13,1650,2,2,1,2,7,75109,M,,,75
200800073677,8,12,13,1630,2,2,3,2,3,75109,M,,,75
200800073678,8,12,13,1345,1,2,4,2,7,75110,M,,,75
200800073679,8,12,13,1735,5,2,5,2,6,75110,M,,,75
200800073680,8,12,13,1913,5,2,2,2,7,75111,M,,,75
200800073681,8,12,13,50,5,2,1,9,6,75113,M,,,75
200800073682,8,12,13,2315,5,2,1,2,6,75115,M,,,75
200800073683,8,12,13,1810,5,2,5,2,6,75118,M,,,75
200800073684,8,12,13,1735,5,2,1,2,2,75119,M,,,75
200800073685,8,12,13,2030,5,2,1,2,6,75120,M,,,75
200800073686,8,12,13,2200,5,2,5,1,2,75120,M,,,75
200800073687,8,12,13,213,5,2,2,1,3,75115,M,,,75
200800073688,8,12,13,2215,5,2,5,1,3,75103,M,,,75
200800073689,8,12,13,2236,5,2,1,1,4,75119,M,,,75
200800073690,8,12,13,315,3,2,1,1,6,75120,M,,,75
200800073691,8,12,13,550,5,2,1,1,6,75112,M,,,75
200800073692,8,12,14,2005,5,2,1,1,4,75107,M,,,75
200800073693,8,12,14,1745,5,2,1,1,7,75109,M,,,75
200800073694,8,12,14,1435,1,2,2,2,7,75111,M,,,75
200800073695,8,12,14,1812,5,2,1,1,6,75112,M,,,75
200800073696,8,12,14,2140,5,2,5,1,3,75113,M,,,75
200800073697,8,12,14,333,5,2,1,9,6,75115,M,,,75
200800073698,8,12,14,645,5,2,5,2,6,75116,M,,,75
200800073699,8,12,14,1040,1,2,1,2,7,75116,M,,,75
200800073700,8,12,14,1105,1,2,1,2,6,75116,M,,,75
200800073701,8,12,14,1,5,2,3,2,7,75117,M,,,75
200800073702,8,12,14,2210,5,2,2,1,6,75117,M,,,75
200800073703,8,12,14,1925,5,2,1,2,6,75118,M,,,75
200800073704,8,12,14,2120,5,2,2,1,6,75118,M,,,75
200800073705,8,12,14,1030,1,2,1,2,3,75119,M,,,75
200800073706,8,12,14,1800,5,2,1,1,3,75119,M,,,75
200800073707,8,12,14,1255,1,2,5,8,6,75119,M,,,75
200800073708,8,12,14,1925,5,2,2,1,2,75120,M,,,75
200800073709,8,12,14,1900,5,2,2,1,3,75120,M,,,75
200800073710,8,12,14,221,5,2,1,1,6,75112,M,,,75
200800073711,8,12,14,840,1,2,1,2,6,75107,M,,,75
200800073712,8,12,14,1045,1,2,1,2,7,75109,M,,,75
200800073713,8,12,14,1730,5,2,1,2,7,75115,M,,,75
200800073714,8,12,15,1645,5,2,1,8,6,75103,M,,,75
200800073715,8,12,15,830,1,2,1,1,4,75117,M,,,75
200800073716,8,12,15,1520,1,2,1,1,3,75108,M,,,75
200800073717,8,12,15,1950,5,2,2,1,6,75110,M,,,75
200800073718,8,12,15,2255,5,2,1,1,6,75111,M,,,75
200800073719,8,12,15,1500,1,2,1,8,7,75112,M,,,75
200800073720,8,12,15,1645,5,2,3,1,6,75112,M,,,75
200800073721,8,12,15,1920,5,2,3,8,3,75112,M,,,75
200800073722,8,12,15,1600,1,2,1,1,1,75113,M,,,75
200800073723,8,12,15,1030,1,2,3,1,6,75114,M,,,75
200800073724,8,12,15,1225,1,2,1,1,3,75114,M,,,75
200800073725,8,12,15,915,1,2,1,1,3,75115,M,,,75
200800073726,8,12,15,825,1,2,1,1,6,75117,M,,,75
200800073727,8,12,15,1605,1,2,4,8,6,75117,M,,,75
200800073728,8,12,15,1940,5,2,2,1,3,75117,M,,,75
200800073729,8,12,15,2155,5,2,2,2,3,75117,M,,,75
200800073730,8,12,15,1755,5,2,2,1,6,75118,M,,,75
200800073731,8,12,15,2205,5,2,1,1,6,75105,M,,,75
200800073732,8,12,15,1120,1,2,1,1,6,75112,M,,,75
200800073733,8,12,3,1950,5,2,3,1,3,75101,M,,,75
200800073734,8,12,3,1945,5,2,4,1,2,75101,M,,,75
200800073735,8,12,3,1420,1,2,2,2,6,75102,M,,,75
200800073736,8,12,3,2050,5,2,3,1,6,75103,M,,,75
200800073737,8,12,3,1020,1,2,1,2,2,75104,M,,,75
200800073738,8,12,3,840,1,2,1,2,7,75105,M,,,75
200800073739,8,12,3,920,1,2,3,2,7,75107,M,,,75
200800073740,8,12,3,1045,1,2,5,2,7,75107,M,,,75
200800073741,8,12,3,2055,5,2,2,1,6,75107,M,,,75
200800073742,8,12,3,2344,5,2,3,2,6,75108,M,,,75
200800073743,8,12,3,940,1,2,1,2,7,75108,M,,,75
200800073744,8,12,3,1130,1,2,5,2,7,75108,M,,,75
200800073745,8,12,3,1412,1,2,1,2,6,75108,M,,,75
200800073746,8,12,3,2045,5,2,3,1,4,75108,M,,,75
200800073747,8,12,3,1030,1,2,4,2,7,75110,M,,,75
200800073748,8,12,3,1215,1,2,5,2,2,75110,M,,,75
200800073749,8,12,3,1840,5,2,1,1,6,75110,M,,,75
200800073750,8,12,3,25,5,2,5,2,6,75111,M,,,75
200800073751,8,12,3,1000,1,2,1,2,6,75112,M,,,75
200800073752,8,12,3,1347,1,2,1,2,2,75112,M,,,75
200800073753,8,12,3,1455,1,2,1,1,6,75112,M,,,75
200800073754,8,12,3,1815,5,2,2,2,2,75112,M,,,75
200800073755,8,12,3,1340,1,2,2,2,3,75113,M,,,75
200800073756,8,12,3,1500,1,2,3,1,6,75114,M,,,75
200800073757,8,12,3,1005,1,2,2,2,7,75114,M,,,75
200800073758,8,12,3,750,2,2,1,3,6,75116,M,,,75
200800073759,8,12,3,810,1,2,3,2,3,75116,M,,,75
200800073760,8,12,3,750,2,2,2,2,6,75117,M,,,75
200800073761,8,12,3,850,1,2,3,2,7,75117,M,,,75
200800073762,8,12,3,1025,1,2,1,2,7,75117,M,,,75
200800073763,8,12,3,2245,5,2,1,1,6,75117,M,,,75
200800073764,8,12,3,1800,5,2,2,1,3,75118,M,,,75
200800073765,8,12,3,1635,1,2,1,1,6,75119,M,,,75
200800073766,8,12,3,1630,5,2,1,2,6,75119,M,,,75
200800073767,8,12,3,900,1,2,1,8,6,75114,M,,,75
200800073768,8,12,3,1705,5,2,1,1,3,75113,M,,,75
200800073769,8,12,16,1420,1,2,2,1,6,75102,M,,,75
200800073770,8,12,16,1455,1,2,4,1,3,75102,M,,,75
200800073771,8,12,16,1405,1,2,1,1,6,75104,M,,,75
200800073772,8,12,16,1455,1,2,1,1,7,75107,M,,,75
200800073773,8,12,16,1845,5,2,3,1,6,75109,M,,,75
200800073774,8,12,16,32,5,2,4,1,6,75110,M,,,75
200800073775,8,12,16,1715,5,2,1,1,6,75110,M,,,75
200800073776,8,12,16,740,2,2,5,8,3,75112,M,,,75
200800073777,8,12,16,820,1,2,1,1,6,75112,M,,,75
200800073778,8,12,16,1325,1,2,3,2,6,75114,M,,,75
200800073779,8,12,16,745,2,2,1,1,6,75115,M,,,75
200800073780,8,12,16,2220,5,2,1,1,6,75116,M,,,75
200800073781,8,12,16,1645,1,2,5,1,6,75118,M,,,75
200800073782,8,12,16,1730,5,2,1,1,7,75120,M,,,75
200800073783,8,12,16,1215,1,2,1,1,3,75114,M,,,75
200800073784,8,12,16,730,2,2,1,1,2,75117,M,,,75
200800073785,8,12,16,918,1,2,1,1,2,75116,M,,,75
200800073786,8,12,4,1645,2,2,1,2,7,75102,M,,,75
200800073787,8,12,4,1725,2,2,1,2,3,75102,M,,,75
200800073788,8,12,4,1720,5,2,1,1,3,75107,M,,,75
200800073789,8,12,4,1024,1,2,5,2,3,75108,M,,,75
200800073790,8,12,4,1845,5,2,5,1,6,75108,M,,,75
200800073791,8,12,4,1010,1,2,1,2,2,75109,M,,,75
200800073792,8,12,4,55,5,2,1,1,6,75110,M,,,75
200800073793,8,12,4,1207,1,2,1,2,6,75110,M,,,75
200800073794,8,12,4,2100,2,2,1,1,2,75110,M,,,75
200800073795,8,12,4,900,1,2,5,2,6,75111,M,,,75
200800073796,8,12,4,2048,5,2,1,1,3,75111,M,,,75
200800073797,8,12,4,815,2,2,3,2,6,75112,M,,,75
200800073798,8,12,4,823,1,2,5,2,3,75112,M,,,75
200800073799,8,12,4,838,1,2,1,2,6,75112,M,,,75
200800073800,8,12,4,1350,1,2,1,2,4,75112,M,,,75
200800073801,8,12,4,1805,5,2,2,1,3,75112,M,,,75
200800073802,8,12,4,1806,5,2,1,1,6,75112,M,,,75
200800073803,8,12,4,1915,5,2,2,2,6,75112,M,,,75
200800073804,8,12,4,840,1,2,1,2,3,75114,M,,,75
200800073805,8,12,4,1615,1,2,1,2,2,75114,M,,,75
200800073806,8,12,4,1930,5,2,2,1,3,75115,M,,,75
200800073807,8,12,4,1230,1,2,5,2,6,75116,M,,,75
200800073808,8,12,4,1530,1,2,3,2,6,75116,M,,,75
200800073809,8,12,4,1525,1,2,5,1,2,75116,M,,,75
200800073810,8,12,4,1710,2,2,2,2,6,75117,M,,,75
200800073811,8,12,4,1325,1,2,2,2,6,75118,M,,,75
200800073812,8,12,4,1340,1,2,1,2,3,75119,M,,,75
200800073813,8,12,4,1550,1,2,2,2,3,75120,M,,,75
200800073814,8,12,4,1900,5,2,1,2,6,75120,M,,,75
200800073815,8,12,4,1739,5,2,1,2,6,75119,M,,,75
200800073816,8,12,4,950,1,2,1,3,7,75112,M,,,75
200800073817,8,12,5,1620,5,2,1,2,4,75102,M,,,75
200800073818,8,12,5,2020,5,2,1,1,3,75103,M,,,75
200800073819,8,12,5,1420,1,2,5,2,3,75104,M,,,75
200800073820,8,12,5,1030,1,2,3,8,7,75105,M,,,75
200800073821,8,12,5,1800,5,2,1,2,3,75105,M,,,75
200800073822,8,12,5,1830,5,2,1,1,3,75105,M,,,75
200800073823,8,12,5,920,1,2,2,1,3,75108,M,,,75
200800073824,8,12,5,815,1,2,1,2,6,75108,M,,,75
200800073825,8,12,5,1245,1,2,5,2,3,75108,M,,,75
200800073826,8,12,5,1940,5,2,1,1,6,75108,M,,,75
200800073827,8,12,5,1540,1,2,1,8,6,75110,M,,,75
200800073828,8,12,5,1230,1,2,1,2,7,75111,M,,,75
200800073829,8,12,5,1245,1,2,1,2,3,75111,M,,,75
200800073830,8,12,5,1450,1,2,1,2,6,75111,M,,,75
200800073831,8,12,5,2355,5,2,2,1,3,75111,M,,,75
200800073832,8,12,5,1435,1,2,3,2,6,75112,M,,,75
200800073833,8,12,5,1600,1,2,3,2,7,75112,M,,,75
200800073834,8,12,5,1720,5,2,1,1,3,75112,M,,,75
200800073835,8,12,5,1645,2,2,3,1,3,75112,M,,,75
200800073836,8,12,5,1935,5,2,1,1,2,75112,M,,,75
200800073837,8,12,5,2035,5,2,3,8,3,75112,M,,,75
200800073838,8,12,5,10,5,2,1,1,7,75113,M,,,75
200800073839,8,12,5,830,1,2,1,2,3,75115,M,,,75
200800073840,8,12,5,947,1,2,3,2,3,75114,M,,,75
200800073841,8,12,5,2050,5,2,1,1,2,75114,M,,,75
200800073842,8,12,5,1520,1,2,2,2,3,75114,M,,,75
200800073843,8,12,5,900,1,2,1,2,3,75115,M,,,75
200800073844,8,12,5,1940,5,2,5,8,6,75116,M,,,75
200800073845,8,12,5,900,1,2,3,8,6,75108,M,,,75
200800073846,8,12,5,930,1,2,5,2,7,75117,M,,,75
200800073847,8,12,5,1600,1,2,1,2,3,75120,M,,,75
200800073848,8,12,5,1615,5,2,1,1,6,75120,M,,,75
200800073849,8,12,5,803,1,2,3,2,7,75115,M,,,75
200800073850,8,12,5,1735,5,2,1,2,6,75111,M,,,75
200800073851,8,12,5,1155,1,2,1,2,3,75116,M,,,75
200800073852,8,12,5,1225,1,2,1,2,4,75117,M,,,75
200800073853,8,12,18,1430,1,2,1,2,2,75101,M,,,75
200800073854,8,12,18,2105,5,2,1,1,7,75102,M,,,75
200800073855,8,12,18,205,5,2,3,1,7,75105,M,,,75
200800073856,8,12,18,1520,1,2,5,8,7,75107,M,,,75
200800073857,8,12,18,1740,5,2,5,2,6,75107,M,,,75
200800073858,8,12,18,1505,1,2,4,1,3,75116,M,,,75
200800073859,8,12,18,1750,5,2,1,1,6,75110,M,,,75
200800073860,8,12,18,45,5,2,2,1,6,75111,M,,,75
200800073861,8,12,18,1150,1,2,1,2,6,75111,M,,,75
200800073862,8,12,18,1840,5,2,2,2,3,75111,M,,,75
200800073863,8,12,18,730,5,2,1,1,2,75112,M,,,75
200800073864,8,12,18,905,1,2,2,1,6,75112,M,,,75
200800073865,8,12,18,1330,1,2,5,2,3,75112,M,,,75
200800073866,8,12,18,1740,5,2,1,1,6,75112,M,,,75
200800073867,8,12,18,1900,5,2,2,1,2,75113,M,,,75
200800073868,8,12,18,1130,1,2,3,2,3,75114,M,,,75
200800073869,8,12,18,1440,1,2,2,2,3,75114,M,,,75
200800073870,8,12,18,1245,1,2,1,2,6,75115,M,,,75
200800073871,8,12,18,355,5,2,3,9,7,75116,M,,,75
200800073872,8,12,18,1330,1,2,2,2,3,75116,M,,,75
200800073873,8,12,18,1705,5,2,5,1,6,75116,M,,,75
200800073874,8,12,18,1025,1,2,2,2,6,75118,M,,,75
200800073875,8,12,18,1500,1,2,1,9,6,75120,M,,,75
200800073876,8,12,18,30,5,2,1,1,6,75113,M,,,75
200800073877,8,12,18,850,1,2,1,1,3,75117,M,,,75
200800073878,8,12,18,1900,5,2,1,1,3,75117,M,,,75
200800073879,8,12,20,1750,3,2,2,1,3,75101,M,,,75
200800073880,8,12,20,2315,5,2,1,1,2,75101,M,,,75
200800073881,8,12,20,1715,5,2,1,1,6,75103,M,,,75
200800073882,8,12,20,825,1,2,2,1,6,75105,M,,,75
200800073883,8,12,20,1820,2,2,5,8,6,75105,M,,,75
200800073884,8,12,20,120,5,2,5,1,6,75107,M,,,75
200800073885,8,12,20,430,5,2,2,1,6,75108,M,,,75
200800073886,8,12,20,1045,1,2,1,8,6,75108,M,,,75
200800073887,8,12,20,2045,5,2,3,1,3,75108,M,,,75
200800073888,8,12,20,211,5,2,2,1,6,75112,M,,,75
200800073889,8,12,20,2150,5,2,2,1,6,75115,M,,,75
200800073890,8,12,20,1710,5,2,1,1,6,75116,M,,,75
200800073891,8,12,20,1755,5,2,1,1,3,75116,M,,,75
200800073892,8,12,20,530,3,2,1,1,6,75118,M,,,75
200800073893,8,12,20,815,1,2,1,1,2,75120,M,,,75
200800073894,8,12,21,1720,5,2,5,1,7,75103,M,,,75
200800073895,8,12,21,1815,5,2,5,1,6,75104,M,,,75
200800073896,8,12,21,1425,1,2,4,1,3,75105,M,,,75
200800073897,8,12,21,2300,5,2,5,1,3,75107,M,,,75
200800073898,8,12,21,504,5,2,4,1,6,75108,M,,,75
200800073899,8,12,21,300,5,2,5,1,7,75109,M,,,75
200800073900,8,12,21,1140,1,2,1,1,6,75109,M,,,75
200800073901,8,12,21,925,1,2,1,1,3,75110,M,,,75
200800073902,8,12,21,1945,5,2,2,1,3,75111,M,,,75
200800073903,8,12,21,205,5,2,2,1,3,75112,M,,,75
200800073904,8,12,21,2020,5,2,1,1,4,75113,M,,,75
200800073905,8,12,21,1130,1,2,3,1,6,75115,M,,,75
200800073906,8,12,21,1400,1,2,5,1,7,75118,M,,,75
200800073907,8,12,21,1828,5,2,2,1,3,75118,M,,,75
200800073908,8,12,21,845,5,2,1,1,7,75119,M,,,75
200800073909,8,12,21,1620,2,2,5,1,3,75120,M,,,75
200800073910,8,12,21,1725,2,2,1,1,2,75113,M,,,75
200800073911,8,12,21,1945,5,2,1,1,4,75114,M,,,75
200800073912,8,12,22,1735,5,2,2,2,6,75101,M,,,75
200800073913,8,12,22,1715,5,2,3,8,3,75104,M,,,75
200800073914,8,12,22,945,1,2,5,1,3,75106,M,,,75
200800073915,8,12,22,945,1,2,1,1,6,75108,M,,,75
200800073916,8,12,22,1230,1,2,3,1,3,75108,M,,,75
200800073917,8,12,22,1150,1,2,1,1,6,75109,M,,,75
200800073918,8,12,22,1050,1,2,3,1,3,75110,M,,,75
200800073919,8,12,22,2130,5,2,1,1,6,75110,M,,,75
200800073920,8,12,22,1510,1,2,2,2,3,75111,M,,,75
200800073921,8,12,22,1715,5,2,1,2,6,75112,M,,,75
200800073922,8,12,22,1645,2,2,1,2,6,75114,M,,,75
200800073923,8,12,22,1730,5,2,1,2,6,75115,M,,,75
200800073924,8,12,22,710,5,2,5,1,6,75116,M,,,75
200800073925,8,12,22,1040,1,2,5,1,5,75117,M,,,75
200800073926,8,12,22,1405,1,2,2,1,6,75117,M,,,75
200800073927,8,12,22,1620,2,2,3,1,6,75117,M,,,75
200800073928,8,12,22,2000,5,2,1,9,6,75119,M,,,75
200800073929,8,12,22,1355,1,2,1,8,6,75119,M,,,75
200800073930,8,12,22,1730,2,2,3,1,6,75119,M,,,75
200800073931,8,12,22,1120,1,2,4,1,6,75119,M,,,75
200800073932,8,12,22,1800,5,2,1,1,6,75120,M,,,75