Num_Acc,an,mois,jour,hrmn,lum,agg,int,atm,col,com,gps,lat,long,dep
200800073933,8,12,22,1700,4,2,1,2,3,75116,M,,,75
200800073934,8,12,22,1830,5,2,1,1,4,75117,M,,,75
200800073935,8,12,19,1240,1,2,2,1,6,75103,M,,,75
200800073936,8,12,19,1755,5,2,2,1,6,75104,M,,,75
200800073937,8,12,19,1200,1,2,1,1,6,75106,M,,,75
200800073938,8,12,19,1520,1,2,2,1,6,75106,M,,,75
200800073939,8,12,19,50,5,2,3,2,7,75107,M,,,75
200800073940,8,12,19,1620,2,2,1,1,6,75107,M,,,75
200800073941,8,12,19,1210,1,2,5,1,3,75108,M,,,75
200800073942,8,12,19,145,5,2,1,1,6,75109,M,,,75
200800073943,8,12,19,1200,1,2,1,8,3,75109,M,,,75
200800073944,8,12,19,1700,1,2,1,1,6,75109,M,,,75
200800073945,8,12,19,30,5,2,2,2,2,75110,M,,,75
200800073946,8,12,19,835,1,2,2,2,6,75110,M,,,75
200800073947,8,12,19,1405,1,2,2,1,3,75110,M,,,75
200800073948,8,12,19,1550,1,2,3,1,3,75111,M,,,75
200800073949,8,12,19,900,1,2,1,1,6,75112,M,,,75
200800073950,8,12,19,1410,1,2,1,1,2,75112,M,,,75
200800073951,8,12,19,1710,5,2,1,1,6,75112,M,,,75
200800073952,8,12,19,1935,5,2,5,1,6,75112,M,,,75
200800073953,8,12,19,2215,5,2,3,1,7,75112,M,,,75
200800073954,8,12,19,1025,1,2,1,1,3,75115,M,,,75
200800073955,8,12,19,820,2,2,3,1,6,75116,M,,,75
200800073956,8,12,19,915,1,2,3,1,7,75118,M,,,75
200800073957,8,12,19,1730,5,2,2,1,3,75118,M,,,75
200800073958,8,12,19,940,1,2,1,1,6,75112,M,,,75
200800073959,8,12,19,1135,1,2,4,1,3,75113,M,,,75
200800073960,8,12,19,1100,1,2,1,1,2,75112,M,,,75
200800073961,8,12,23,1718,5,2,2,1,3,75104,M,,,75
200800073962,8,12,23,111,5,2,5,1,3,75108,M,,,75
200800073963,8,12,23,2307,5,2,4,1,7,75108,M,,,75
200800073964,8,12,23,240,5,2,5,8,7,75113,M,,,75
200800073965,8,12,23,1535,1,2,3,1,6,75113,M,,,75
200800073966,8,12,23,1700,2,2,2,1,6,75113,M,,,75
200800073967,8,12,23,1635,1,2,3,1,6,75113,M,,,75
200800073968,8,12,23,1220,1,2,1,1,6,75114,M,,,75
200800073969,8,12,23,5,5,2,2,1,3,75116,M,,,75
200800073970,8,12,23,1800,5,2,1,1,2,75116,M,,,75
200800073971,8,12,23,1325,1,2,3,1,6,75117,M,,,75
200800073972,8,12,23,1945,5,2,1,1,3,75117,M,,,75
200800073973,8,12,23,1324,1,2,2,1,3,75118,M,,,75
200800073974,8,12,23,1800,5,2,1,1,3,75118,M,,,75
200800073975,8,12,23,1700,5,2,3,1,6,75114,M,,,75
200800073976,8,12,23,1120,1,2,1,1,3,75120,M,,,75
200800073977,8,12,23,1000,1,2,1,1,7,75112,M,,,75
200800073978,8,12,23,1850,5,2,1,1,3,75113,M,,,75
200800073979,8,12,24,1800,5,2,1,1,7,75102,M,,,75
200800073980,8,12,24,1535,1,2,5,1,6,75103,M,,,75
200800073981,8,12,24,930,1,2,5,1,3,75108,M,,,75
200800073982,8,12,24,1540,1,2,1,1,6,75108,M,,,75
200800073983,8,12,24,1110,1,2,1,1,3,75109,M,,,75
200800073984,8,12,24,1910,5,2,3,1,7,75109,M,,,75
200800073985,8,12,24,840,1,2,1,1,6,75111,M,,,75
200800073986,8,12,24,2345,5,2,2,1,6,75111,M,,,75
200800073987,8,12,24,630,5,2,3,1,6,75113,M,,,75
200800073988,8,12,24,1955,5,2,3,8,3,75113,M,,,75
200800073989,8,12,24,55,5,2,1,1,6,75115,M,,,75
200800073990,8,12,24,1515,1,2,1,1,6,75118,M,,,75
200800073991,8,12,24,1505,1,2,3,1,6,75119,M,,,75
200800073992,8,12,24,630,5,2,4,1,6,75116,M,,,75
200800073993,8,12,24,1325,1,2,1,1,6,75119,M,,,75
200800073994,8,12,24,1720,5,2,1,1,3,75112,M,,,75
200800073995,8,12,25,2230,5,2,5,1,6,75108,M,,,75
200800073996,8,12,25,515,5,2,2,1,6,75110,M,,,75
200800073997,8,12,25,1945,5,2,1,1,3,75110,M,,,75
200800073998,8,12,25,210,5,2,1,1,6,75113,M,,,75
200800073999,8,12,25,1520,1,2,1,1,3,75114,M,,,75
200800074000,8,12,25,5,5,2,1,1,6,75115,M,,,75
200800074001,8,12,25,1320,1,2,3,1,6,75115,M,,,75
200800074002,8,12,25,1115,1,2,5,1,6,75117,M,,,75
200800074003,8,12,25,1900,5,2,1,1,6,75117,M,,,75
200800074004,8,12,25,40,5,2,3,9,6,75118,M,,,75
200800074005,8,12,25,400,5,2,1,1,6,75118,M,,,75
200800074006,8,12,25,1730,5,2,3,1,6,75120,M,,,75
200800074007,8,12,25,1840,5,2,2,1,3,75120,M,,,75
200800074008,8,12,25,2245,5,2,2,1,6,75120,M,,,75
200800074009,8,12,26,1620,1,2,2,1,6,75101,M,,,75
200800074010,8,12,26,1728,5,2,2,1,3,75101,M,,,75
200800074011,8,12,26,1445,1,2,1,1,6,75105,M,,,75
200800074012,8,12,26,2035,5,2,1,1,6,75115,M,,,75
200800074013,8,12,26,1820,5,2,1,1,3,75108,M,,,75
200800074014,8,12,26,805,2,2,4,8,6,75110,M,,,75
200800074015,8,12,26,1825,5,2,5,1,6,75109,M,,,75
200800074016,8,12,26,110,5,2,3,1,6,75110,M,,,75
200800074017,8,12,26,1605,1,2,2,1,6,75110,M,,,75
200800074018,8,12,26,1802,5,2,1,1,6,75112,M,,,75
200800074019,8,12,26,2245,5,2,2,1,3,75112,M,,,75
200800074020,8,12,26,1520,1,2,1,1,6,75115,M,,,75
200800074021,8,12,26,1255,1,2,2,1,3,75118,M,,,75
200800074022,8,12,26,1720,5,2,1,1,3,75119,M,,,75
200800074023,8,12,26,2140,5,2,5,1,3,75109,M,,,75
200800074024,8,12,27,2025,5,2,4,1,3,75102,M,,,75
200800074025,8,12,27,2040,5,2,5,1,3,75103,M,,,75
200800074026,8,12,27,2110,5,2,1,1,2,75104,M,,,75
200800074027,8,12,27,1802,5,2,2,1,3,75105,M,,,75
200800074028,8,12,27,1255,1,2,2,1,3,75106,M,,,75
200800074029,8,12,27,2030,5,2,2,1,3,75111,M,,,75
200800074030,8,12,27,35,5,2,4,1,7,75112,M,,,75
200800074031,8,12,27,1830,5,2,4,1,3,75113,M,,,75
200800074032,8,12,27,2130,5,2,3,1,7,75113,M,,,75
200800074033,8,12,27,2210,5,2,2,1,3,75113,M,,,75
200800074034,8,12,27,20,5,2,3,1,6,75116,M,,,75
200800074035,8,12,27,2320,5,2,1,1,7,75116,M,,,75
200800074036,8,12,27,10,5,2,2,1,3,75119,M,,,75
200800074037,8,12,27,930,1,2,1,1,6,75119,M,,,75
200800074038,8,12,27,2130,5,2,1,1,3,75119,M,,,75
200800074039,8,12,27,2148,5,2,2,1,6,75118,M,,,75
200800074040,8,12,27,2115,5,2,2,1,6,75117,M,,,75
200800074041,8,12,28,1845,5,2,3,1,6,75105,M,,,75
200800074042,8,12,28,2020,5,2,1,1,6,75105,M,,,75
200800074043,8,12,28,315,5,2,2,1,6,75107,M,,,75
200800074044,8,12,28,1255,1,2,1,1,6,75108,M,,,75
200800074045,8,12,28,2300,5,2,2,1,3,75108,M,,,75
200800074046,8,12,28,1830,3,2,1,1,6,75112,M,,,75
200800074047,8,12,28,2045,5,2,1,1,2,75112,M,,,75
200800074048,8,12,28,2130,5,2,2,1,3,75112,M,,,75
200800074049,8,12,28,700,5,2,1,1,6,75113,M,,,75
200800074050,8,12,28,300,5,2,1,1,6,75115,M,,,75
200800074051,8,12,28,740,1,2,2,1,6,75116,M,,,75
200800074052,8,12,28,315,5,2,5,1,6,75118,M,,,75
200800074053,8,12,28,1500,1,2,1,1,3,75119,M,,,75
200800074054,8,12,28,2330,5,2,3,1,6,75119,M,,,75
200800074055,8,12,28,2255,5,2,1,1,6,75120,M,,,75
200800074056,8,12,28,2000,5,2,5,1,3,75108,M,,,75
200800074057,8,12,28,300,5,2,1,1,2,75112,M,,,75
200800074058,8,12,28,930,1,2,1,1,2,75115,M,,,75
200800074059,8,12,29,1225,1,2,5,1,3,75106,M,,,75
200800074060,8,12,29,845,1,2,2,9,7,75108,M,,,75
200800074061,8,12,29,1255,1,2,5,1,3,75108,M,,,75
200800074062,8,12,29,2050,5,2,2,1,6,75108,M,,,75
200800074063,8,12,29,1100,1,2,2,1,3,75113,M,,,75
200800074064,8,12,29,1600,1,2,1,1,6,75113,M,,,75
200800074065,8,12,29,2205,5,2,1,1,6,75115,M,,,75
200800074066,8,12,29,1730,5,2,2,1,3,75116,M,,,75
200800074067,8,12,29,1203,1,2,1,1,2,75118,M,,,75
200800074068,8,12,29,2000,5,2,5,1,6,75118,M,,,75
200800074069,8,12,29,915,1,2,1,1,6,75120,M,,,75
200800074070,8,12,29,1500,1,2,2,1,2,75113,M,,,75
200800074071,8,12,29,1930,5,2,1,1,4,75113,M,,,75
200800074072,8,12,17,1544,1,2,4,2,1,75104,M,,,75
200800074073,8,12,17,1630,1,2,5,2,3,75104,M,,,75
200800074074,8,12,17,1400,1,2,2,2,3,75105,M,,,75
200800074075,8,12,17,1047,1,2,1,2,3,75106,M,,,75
200800074076,8,12,17,1040,1,2,1,2,6,75107,M,,,75
200800074077,8,12,17,745,2,2,1,2,2,75108,M,,,75
200800074078,8,12,17,1158,2,2,1,2,3,75108,M,,,75
200800074079,8,12,17,1815,5,2,1,1,1,75108,M,,,75
200800074080,8,12,17,1830,5,2,2,8,7,75108,M,,,75
200800074081,8,12,17,1030,1,2,2,2,3,75108,M,,,75
200800074082,8,12,17,1215,1,2,1,2,7,75109,M,,,75
200800074083,8,12,17,1810,5,2,1,1,6,75110,M,,,75
200800074084,8,12,17,1455,1,2,2,2,6,75111,M,,,75
200800074085,8,12,17,1506,1,2,2,2,3,75111,M,,,75
200800074086,8,12,17,2035,5,2,2,1,3,75111,M,,,75
200800074087,8,12,17,2110,5,2,2,1,3,75111,M,,,75
200800074088,8,12,17,2215,5,2,3,8,6,75111,M,,,75
200800074089,8,12,17,730,3,2,1,2,6,75112,M,,,75
200800074090,8,12,17,1410,1,2,1,2,3,75112,M,,,75
200800074091,8,12,17,1435,1,2,1,2,2,75112,M,,,75
200800074092,8,12,17,1715,2,2,1,2,2,75112,M,,,75
200800074093,8,12,17,1825,5,2,5,8,2,75112,M,,,75
200800074094,8,12,17,550,5,2,3,1,3,75113,M,,,75
200800074095,8,12,17,2105,5,2,1,1,2,75113,M,,,75
200800074096,8,12,17,1320,1,2,2,2,3,75115,M,,,75
200800074097,8,12,17,1810,5,2,1,1,6,75115,M,,,75
200800074098,8,12,17,555,5,2,2,1,3,75115,M,,,75
200800074099,8,12,17,810,1,2,3,3,6,75116,M,,,75
200800074100,8,12,17,1245,1,2,3,2,6,75116,M,,,75
200800074101,8,12,17,1400,1,2,5,2,7,75116,M,,,75
200800074102,8,12,17,1610,1,2,5,2,2,75116,M,,,75
200800074103,8,12,17,1858,4,2,1,9,6,75116,M,,,75
200800074104,8,12,17,1350,1,2,1,2,2,75117,M,,,75
200800074105,8,12,17,1650,5,2,1,9,6,75118,M,,,75
200800074106,8,12,17,825,2,2,2,2,7,75120,M,,,75
200800074107,8,12,17,2020,5,2,2,1,3,75108,M,,,75
200800074108,8,12,17,810,3,2,1,2,6,75112,M,,,75
200800074109,8,12,30,1735,5,2,2,1,6,75102,M,,,75
200800074110,8,12,30,1140,1,2,4,2,6,75106,M,,,75
200800074111,8,12,30,1010,1,2,1,2,6,75109,M,,,75
200800074112,8,12,30,1800,5,2,2,1,3,75109,M,,,75
200800074113,8,12,30,710,2,2,1,9,3,75113,M,,,75
200800074114,8,12,30,750,2,2,1,9,7,75113,M,,,75
200800074115,8,12,30,1025,1,2,3,9,7,75113,M,,,75
200800074116,8,12,30,100,5,2,1,1,6,75115,M,,,75
200800074117,8,12,30,440,5,2,1,4,6,75115,M,,,75
200800074118,8,12,30,1100,1,2,2,2,7,75115,M,,,75
200800074119,8,12,30,1420,1,2,5,4,3,75115,M,,,75
200800074120,8,12,30,855,1,2,1,2,6,75116,M,,,75
200800074121,8,12,30,1900,5,2,1,1,2,75116,M,,,75
200800074122,8,12,30,1135,1,2,1,2,6,75120,M,,,75
200800074123,8,12,30,825,2,2,1,8,6,75116,M,,,75
200800074124,8,12,30,1800,5,2,1,8,3,75112,M,,,75
200800074125,8,12,31,10,5,2,1,1,4,75101,M,,,75
200800074126,8,12,31,1450,1,2,3,8,6,75101,M,,,75
200800074127,8,12,31,1800,5,2,3,1,3,75105,M,,,75
200800074128,8,12,31,1610,1,2,3,8,3,75107,M,,,75
200800074129,8,12,31,920,1,2,5,8,3,75108,M,,,75
200800074130,8,12,31,1315,1,2,1,8,3,75108,M,,,75
200800074131,8,12,31,1532,1,2,4,8,6,75108,M,,,75
200800074132,8,12,31,1825,5,2,2,1,3,75108,M,,,75
200800074133,8,12,31,1125,1,2,1,1,4,75110,M,,,75
200800074134,8,12,31,1630,1,2,1,1,6,75110,M,,,75
200800074135,8,12,31,1950,5,2,1,1,3,75110,M,,,75
200800074136,8,12,31,1955,5,2,2,1,3,75110,M,,,75
200800074137,8,12,31,1905,5,2,1,1,3,75110,M,,,75
200800074138,8,12,31,2255,5,2,5,9,3,75110,M,,,75
200800074139,8,12,31,1912,5,2,3,1,3,75111,M,,,75
200800074140,8,12,31,145,5,2,1,9,7,75112,M,,,75
200800074141,8,12,31,1450,1,2,2,8,3,75113,M,,,75
200800074142,8,12,31,2000,5,2,1,1,2,75113,M,,,75
200800074143,8,12,31,1255,1,2,1,1,3,75115,M,,,75
200800074144,8,12,31,1440,1,2,1,1,6,75116,M,,,75
200800074145,8,12,31,2145,5,2,4,1,6,75117,M,,,75
200800074146,8,12,31,2350,5,2,5,1,3,75117,M,,,75
200800074147,8,12,31,105,5,2,1,9,7,75118,M,,,75
200800074148,8,12,31,900,1,2,5,2,7,75119,M,,,75
200800074149,8,12,31,2040,5,2,1,1,7,75101,M,,,75
200800074150,8,12,31,2316,5,2,2,1,6,75120,M,,,75
200800074151,8,12,31,1545,1,2,1,8,3,75120,M,,,75
200800074152,8,12,31,1430,1,2,1,1,3,75120,M,,,75
200800074153,8,12,31,2100,5,2,1,1,3,75114,M,,,75
200800074154,8,12,13,540,5,1,1,8,2,93066,M,,,93
200800074155,8,12,16,1705,3,1,1,2,2,95500,M,,,95
200800074156,8,12,1,650,3,1,1,2,5,93001,M,,,93
200800074157,8,12,3,200,5,1,1,2,2,92036,M,,,92
200800074158,8,12,3,2120,5,1,1,5,7,95018,M,,,95
200800074159,8,12,4,1300,1,1,1,2,3,95277,M,,,95
200800074160,8,12,14,2330,5,1,1,1,3,93010,M,,,93
200800074161,8,12,15,1510,1,1,1,1,5,93001,M,,,93
200800074162,8,12,17,1108,1,1,1,2,2,93053,M,,,93
200800074163,8,12,21,445,4,1,1,1,3,95582,M,,,95
200800074164,8,12,21,1900,4,1,1,1,6,93064,M,,,93
200800074165,8,12,28,1245,1,1,1,1,6,92036,M,,,92
200800074166,8,12,6,145,3,1,1,1,5,95582,M,,,95
200800074167,8,12,2,910,1,1,1,1,4,59507,M,,,59
200800074168,8,12,3,135,5,1,1,3,7,59350,M,,,59
200800074169,8,12,3,600,5,1,1,3,7,62498,M,,,62
200800074170,8,12,4,1610,1,1,1,1,6,59515,M,,,59
200800074171,8,12,5,1415,1,1,1,3,7,62498,M,,,62
200800074172,8,12,5,1830,3,1,1,1,6,59609,M,,,59
200800074173,8,12,6,1200,1,1,1,1,6,59346,M,,,59
200800074174,8,12,6,1410,1,1,1,1,7,59556,M,,,59
200800074175,8,12,7,1115,1,1,1,1,6,59507,M,,,59
200800074176,8,12,7,1725,2,1,1,5,2,59603,M,,,59
200800074177,8,12,7,1815,3,1,1,1,7,59378,M,,,59
200800074178,8,12,8,1235,1,1,1,1,6,59195,M,,,59
200800074179,8,12,8,1630,1,1,1,1,6,59350,M,,,59
200800074180,8,12,8,1740,3,1,1,1,4,59606,M,,,59
200800074181,8,12,9,1645,2,1,1,3,7,59599,M,,,59
200800074182,8,12,9,1920,3,1,1,1,6,59155,M,,,59
200800074183,8,12,10,1100,1,1,1,1,6,62249,M,,,62
200800074184,8,12,11,915,1,1,1,1,7,59183,M,,,59
200800074185,8,12,11,950,1,1,1,3,7,59350,M,,,59
200800074186,8,12,11,2015,3,1,1,1,6,59284,M,,,59
200800074187,8,12,12,1200,1,1,1,1,6,62351,M,,,62
200800074188,8,12,12,1500,1,1,1,1,6,59585,M,,,59
200800074189,8,12,12,1720,3,1,1,1,4,59364,M,,,59
200800074190,8,12,14,1500,1,1,1,1,7,59606,M,,,59
200800074191,8,12,14,2100,5,1,1,2,2,62498,M,,,62
200800074192,8,12,16,1610,1,1,1,5,2,62498,M,,,62
200800074193,8,12,17,810,3,1,1,3,6,59179,M,,,59
200800074194,8,12,17,1430,1,1,1,3,7,59475,M,,,59
200800074195,8,12,17,1810,3,1,1,1,6,62528,M,,,62
200800074196,8,12,17,1945,3,1,1,1,6,62907,M,,,62
200800074197,8,12,17,2015,5,1,1,1,7,59155,M,,,59
200800074198,8,12,19,1615,1,1,1,1,4,62907,M,,,62
200800074199,8,12,19,1930,3,1,1,1,6,59343,M,,,59
200800074200,8,12,21,325,5,1,1,1,7,59350,M,,,59
200800074201,8,12,22,2205,5,1,1,1,6,62637,M,,,62
200800074202,8,12,23,1125,1,1,1,1,7,59350,M,,,59
200800074203,8,12,24,1040,1,1,1,1,6,62274,M,,,62
200800074204,8,12,29,145,5,1,1,1,7,59346,M,,,59
200800074205,8,12,17,2345,3,1,1,1,6,59435,M,,,59
200800074206,8,12,1,515,5,1,1,2,6,33550,M,,,33
200800074207,8,12,1,610,5,1,1,1,6,33249,M,,,33
200800074208,8,12,2,1645,1,1,1,1,3,33550,M,,,33
200800074209,8,12,3,1110,1,1,1,2,5,33249,M,,,33
200800074210,8,12,4,1250,1,1,1,2,6,33281,M,,,33
200800074211,8,12,5,710,5,1,1,3,6,33039,M,,,33
200800074212,8,12,5,930,1,1,1,1,3,33065,M,,,33
200800074213,8,12,5,1235,1,1,1,2,2,33550,M,,,33
200800074214,8,12,6,1145,1,1,1,2,6,33318,M,,,33
200800074215,8,12,8,705,5,1,1,1,2,33397,M,,,33
200800074216,8,12,8,725,5,1,1,1,3,33550,M,,,33
200800074217,8,12,8,1720,5,1,1,1,3,33039,M,,,33
200800074218,8,12,10,1825,5,1,1,1,4,33249,M,,,33
200800074219,8,12,11,1515,1,1,1,1,2,33167,M,,,33
200800074220,8,12,11,1836,3,1,1,1,4,33550,M,,,33
200800074221,8,12,12,445,5,1,1,1,6,33039,M,,,33
200800074222,8,12,13,1020,1,1,1,2,4,33550,M,,,33
200800074223,8,12,13,1016,1,1,1,2,4,33550,M,,,33
200800074224,8,12,13,1305,1,1,1,2,3,33039,M,,,33
200800074225,8,12,13,1340,1,1,1,2,2,33039,M,,,33
200800074226,8,12,14,1,5,1,1,3,6,33192,M,,,33
200800074227,8,12,13,345,5,1,1,3,6,33039,M,,,33
200800074228,8,12,14,1005,1,1,1,2,6,33249,M,,,33
200800074229,8,12,16,910,1,1,1,1,3,33039,M,,,33
200800074230,8,12,17,708,5,1,1,1,4,33119,M,,,33
200800074231,8,12,17,1445,1,1,1,2,6,33063,M,,,33
200800074232,8,12,20,945,1,1,1,1,3,33065,M,,,33
200800074233,8,12,27,10,5,1,1,9,6,33167,M,,,33
200800074234,8,12,28,50,5,1,1,1,6,33143,M,,,33
200800074235,8,12,29,754,5,1,1,1,6,33487,M,,,33
200800074236,8,12,30,1850,5,1,1,1,3,33192,M,,,33
200800074237,8,12,2,1010,1,1,1,2,5,67365,M,,,67
200800074238,8,12,6,1840,4,1,2,8,6,67482,M,,,67
200800074239,8,12,11,1900,5,1,1,2,2,67482,M,,,67
200800074240,8,12,11,1910,3,1,1,1,4,67482,M,,,67
200800074241,8,12,19,2215,5,1,1,5,6,67482,M,,,67
200800074242,8,12,7,1025,1,1,1,1,2,57463,M,,,57
200800074243,8,12,23,635,4,1,1,5,3,57463,M,,,57
200800074244,8,12,31,130,3,1,1,2,3,57445,M,,,57
200800074245,8,12,4,2220,3,1,1,3,6,54557,M,,,54
200800074246,8,12,10,1435,1,1,1,8,2,54571,M,,,54
200800074247,8,12,29,1305,1,1,1,1,3,42218,M,,,42
200800074248,8,12,14,930,1,1,9,1,4,69256,M,,,69
200800074249,8,12,6,2342,3,1,1,1,6,69256,M,,,69
200800074250,8,12,10,710,2,1,1,4,4,69276,M,,,69
200800074251,8,12,10,1245,1,1,1,4,7,69142,M,,,69
200800074252,8,12,11,1200,1,1,1,2,7,69266,M,,,69
200800074253,8,12,11,1210,1,1,1,2,3,69152,M,,,69
200800074254,8,12,12,1740,1,1,1,1,4,38087,M,,,38
200800074255,8,12,15,820,1,1,1,1,2,38184,M,,,38
200800074256,8,12,16,1040,1,1,9,1,2,69290,M,,,69
200800074257,8,12,16,715,2,1,1,1,7,69152,M,,,69
200800074258,8,12,17,730,1,1,1,1,3,69152,M,,,69
200800074259,8,12,19,1445,1,1,1,2,7,69266,M,,,69
200800074260,8,12,19,1725,2,1,1,2,5,38449,M,,,38
200800074261,8,12,22,455,5,1,1,1,6,69266,M,,,69
200800074262,8,12,22,1900,3,1,1,1,2,69072,M,,,69
200800074263,8,12,22,2100,5,1,2,1,3,38336,M,,,38
200800074264,8,12,23,2030,5,1,1,1,6,69081,M,,,69
200800074265,8,12,26,1210,1,1,1,1,3,38544,M,,,38
200800074266,8,12,26,1445,1,1,9,1,6,38449,M,,,38
200800074267,8,12,4,1035,1,1,1,1,6,13005,M,,,13
200800074268,8,12,6,35,3,1,1,1,2,13106,M,,,13
200800074269,8,12,6,1220,1,1,1,1,7,13001,M,,,13
200800074270,8,12,8,1635,1,1,1,1,4,13005,M,,,13
200800074271,8,12,14,720,4,1,1,3,6,13216,M,,,13
200800074272,8,12,17,1530,1,1,1,1,6,13210,M,,,13
200800074273,8,12,17,1924,3,1,1,1,6,13005,M,,,13
200800074274,8,12,17,1950,5,1,1,1,5,13203,M,,,13
200800074275,8,12,1,648,3,1,1,1,3,13001,M,,,13
200800074276,8,12,1,745,2,1,1,8,7,13071,M,,,13
200800074277,8,12,1,1633,1,1,1,1,6,13117,M,,,13
200800074278,8,12,6,1540,1,1,1,1,2,13211,M,,,13
200800074279,8,12,8,1800,3,1,1,1,2,13015,M,,,13
200800074280,8,12,8,1750,3,1,1,1,4,13005,M,,,13
200800074281,8,12,8,1900,3,1,1,1,2,13211,M,,,13
200800074282,8,12,9,805,1,1,1,2,7,13106,M,,,13
200800074283,8,12,10,853,1,1,1,2,4,13001,M,,,13
200800074284,8,12,14,605,3,1,1,3,6,13022,M,,,13
200800074285,8,12,12,1725,2,1,1,1,4,13001,M,,,13
200800074286,8,12,14,215,3,1,1,3,6,13005,M,,,13
200800074287,8,12,16,2035,3,1,1,2,2,13071,M,,,13
200800074288,8,12,17,835,1,1,1,1,3,13005,M,,,13
200800074289,8,12,18,1844,5,1,1,1,2,13211,M,,,13
200800074290,8,12,18,1140,1,1,1,1,6,13215,M,,,13
200800074291,8,12,21,955,1,1,1,1,5,13071,M,,,13
200800074292,8,12,20,15,3,1,1,1,5,13211,M,,,13
200800074293,8,12,20,344,3,1,1,1,2,13071,M,,,13
200800074294,8,12,20,1525,1,1,1,1,3,13071,M,,,13
200800074295,8,12,22,1300,1,1,1,1,7,13001,M,,,13
200800074296,8,12,23,730,2,1,1,1,5,13216,M,,,13
200800074297,8,12,29,2030,3,1,1,2,6,13001,M,,,13
200800074298,8,12,30,1418,1,1,1,1,7,13056,M,,,13
200800074299,8,12,30,2000,3,1,1,1,6,13106,M,,,13
200800074300,8,12,31,805,1,1,1,1,7,13215,M,,,13
200800074301,8,12,31,1,3,1,1,1,7,13211,M,,,13
200800074302,8,12,1,900,1,1,1,2,7,91136,M,,,91
200800074303,8,12,1,1915,5,1,1,1,5,91286,M,,,91
200800074304,8,12,2,850,1,1,1,1,4,91345,M,,,91
200800074305,8,12,2,1735,4,1,1,1,4,91228,M,,,91
200800074306,8,12,2,1935,3,1,1,1,3,91161,M,,,91
200800074307,8,12,4,925,1,1,1,3,5,91286,M,,,91
200800074308,8,12,4,1450,1,1,1,8,6,94038,M,,,94
200800074309,8,12,4,1730,5,1,1,8,2,91174,M,,,91
200800074310,8,12,4,2039,5,1,1,2,3,91589,M,,,91
200800074311,8,12,5,515,3,1,9,8,2,91161,M,,,91
200800074312,8,12,5,900,1,1,1,8,2,91521,M,,,91
200800074313,8,12,5,1310,1,1,1,2,7,91471,M,,,91
200800074314,8,12,22,1900,3,1,1,2,4,91689,M,,,91
200800074315,8,12,6,720,2,1,1,2,7,91589,M,,,91
200800074316,8,12,6,950,1,1,1,2,7,91064,M,,,91
200800074317,8,12,7,2045,3,1,1,1,6,91377,M,,,91
200800074318,8,12,7,1450,1,1,1,8,7,91235,M,,,91
200800074319,8,12,7,1839,5,1,1,1,3,94038,M,,,94
200800074320,8,12,9,800,2,1,1,1,7,91687,M,,,91
200800074321,8,12,9,2130,3,1,1,2,4,91340,M,,,91
200800074322,8,12,10,210,3,1,1,8,3,91471,M,,,91
200800074323,8,12,10,535,3,1,1,8,2,91174,M,,,91
200800074324,8,12,11,930,1,1,1,1,3,91216,M,,,91
200800074325,8,12,11,1020,1,1,1,9,6,91377,M,,,91
200800074326,8,12,11,2020,2,1,1,1,2,91136,M,,,91
200800074327,8,12,12,1640,1,1,1,1,5,91161,M,,,91
200800074328,8,12,13,2300,3,1,1,2,6,91521,M,,,91
200800074329,8,12,14,1352,1,1,1,2,5,94034,M,,,94
200800074330,8,12,17,1810,3,1,1,8,3,91312,M,,,91
200800074331,8,12,14,1510,1,1,1,2,7,91064,M,,,91
200800074332,8,12,15,925,1,1,1,1,3,94038,M,,,94
200800074333,8,12,16,530,5,1,1,1,3,94065,M,,,94
200800074334,8,12,16,1800,3,1,1,1,2,91312,M,,,91
200800074335,8,12,17,800,1,1,1,2,5,91521,M,,,91
200800074336,8,12,17,1805,3,1,1,1,6,91182,M,,,91
200800074337,8,12,18,520,3,1,1,1,3,77495,M,,,77
200800074338,8,12,18,805,1,1,1,2,3,94076,M,,,94
200800074339,8,12,18,1508,1,1,1,2,4,91553,M,,,91
200800074340,8,12,18,1701,3,1,1,2,4,91086,M,,,91
200800074341,8,12,18,1919,3,1,1,1,4,91689,M,,,91
200800074342,8,12,18,2325,3,1,1,2,4,91521,M,,,91
200800074343,8,12,19,115,3,1,1,1,2,94003,M,,,94
200800074344,8,12,19,840,1,1,1,1,2,94003,M,,,94
200800074345,8,12,19,1303,1,1,1,1,6,91136,M,,,91
200800074346,8,12,19,1320,1,1,1,1,2,94034,M,,,94
200800074347,8,12,19,1750,3,1,1,1,3,91174,M,,,91
200800074348,8,12,19,1950,3,1,1,1,3,94034,M,,,94
200800074349,8,12,20,130,3,1,1,1,2,91534,M,,,91
200800074350,8,12,20,656,5,1,1,1,6,94021,M,,,94
200800074351,8,12,20,1108,1,1,4,1,6,91689,M,,,91
200800074352,8,12,20,1455,1,1,1,1,7,91064,M,,,91