Num_Acc,an,mois,jour,hrmn,lum,agg,int,atm,col,com,gps,lat,long,dep
200800074353,8,12,20,2040,3,1,1,1,4,77251,M,,,77
200800074354,8,12,21,1207,1,1,1,1,3,91103,M,,,91
200800074355,8,12,21,1313,1,1,1,1,3,94065,M,,,94
200800074356,8,12,22,2005,5,1,1,2,6,91553,M,,,91
200800074357,8,12,23,1635,1,1,1,1,6,91377,M,,,91
200800074358,8,12,24,2229,3,1,1,1,6,91666,M,,,91
200800074359,8,12,25,1750,4,1,1,1,2,91064,M,,,91
200800074360,8,12,26,1213,1,1,1,1,2,94038,M,,,94
200800074361,8,12,26,2055,3,1,1,1,2,91286,M,,,91
200800074362,8,12,27,1230,1,1,1,1,2,91689,M,,,91
200800074363,8,12,27,1330,1,1,1,1,6,91161,M,,,91
200800074364,8,12,28,1400,1,1,1,1,2,94038,M,,,94
200800074365,8,12,30,405,5,1,1,4,6,91103,M,,,91
200800074366,8,12,30,930,1,1,1,2,7,91689,M,,,91
200800074367,8,12,30,1000,1,1,1,8,6,91363,M,,,91
200800074368,8,12,31,600,3,1,1,1,7,91174,M,,,91
200800074369,8,12,31,2250,3,1,1,8,6,91377,M,,,91
200800074370,8,12,26,800,1,1,1,1,2,78490,M,,,78
200800074371,8,12,1,750,2,1,1,1,5,78217,M,,,78
200800074372,8,12,1,815,2,1,1,2,2,78490,M,,,78
200800074373,8,12,1,840,5,1,1,1,7,92050,M,,,92
200800074374,8,12,1,1040,1,1,1,1,2,92023,M,,,92
200800074375,8,12,1,1245,1,1,1,1,7,92064,M,,,92
200800074376,8,12,3,850,1,1,1,2,3,78490,M,,,78
200800074377,8,12,4,715,5,1,1,2,3,78545,M,,,78
200800074378,8,12,4,730,2,1,1,2,2,92050,M,,,92
200800074379,8,12,7,611,5,1,1,5,7,78140,M,,,78
200800074380,8,12,7,2230,5,1,1,1,5,78431,M,,,78
200800074381,8,12,9,50,5,1,1,1,4,92064,M,,,92
200800074382,8,12,10,815,5,1,1,9,7,78402,M,,,78
200800074383,8,12,10,1500,1,1,1,1,5,78402,M,,,78
200800074384,8,12,10,1950,5,1,1,1,2,92063,M,,,92
200800074385,8,12,10,2220,3,1,1,1,2,78029,M,,,78
200800074386,8,12,11,2030,4,1,1,1,3,78640,M,,,78
200800074387,8,12,11,2345,5,1,1,1,7,92064,M,,,92
200800074388,8,12,12,1945,3,1,1,2,3,78297,M,,,78
200800074389,8,12,13,520,5,1,1,1,6,78524,M,,,78
200800074390,8,12,14,1115,1,1,1,2,6,92072,M,,,92
200800074391,8,12,14,1240,1,1,1,3,2,78431,M,,,78
200800074392,8,12,14,1755,5,1,1,8,1,78297,M,,,78
200800074393,8,12,15,702,2,1,1,1,3,92060,M,,,92
200800074394,8,12,15,815,1,1,1,1,3,78640,M,,,78
200800074395,8,12,15,1855,5,1,1,1,3,92072,M,,,92
200800074396,8,12,15,2030,5,1,1,2,7,78418,M,,,78
200800074397,8,12,16,1840,5,1,1,1,3,78297,M,,,78
200800074398,8,12,17,200,5,1,1,1,7,92072,M,,,92
200800074399,8,12,17,1455,1,1,1,8,5,78640,M,,,78
200800074400,8,12,2,845,1,1,1,9,3,92047,M,,,92
200800074401,8,12,18,1045,1,1,1,1,7,92012,M,,,92
200800074402,8,12,18,2042,5,1,1,1,7,78242,M,,,78
200800074403,8,12,19,754,1,1,1,2,3,78043,M,,,78
200800074404,8,12,19,940,1,1,1,1,7,92064,M,,,92
200800074405,8,12,20,110,5,1,1,1,2,92050,M,,,92
200800074406,8,12,20,600,3,1,1,1,7,78090,M,,,78
200800074407,8,12,20,700,5,1,1,1,7,78322,M,,,78
200800074408,8,12,21,137,4,1,1,1,2,92026,M,,,92
200800074409,8,12,21,757,3,1,1,1,6,78402,M,,,78
200800074410,8,12,20,320,4,1,1,1,6,78073,M,,,78
200800074411,8,12,11,2150,5,1,1,1,2,92072,M,,,92
200800074412,8,12,28,616,3,1,1,1,2,92050,M,,,92
200800074413,8,12,28,635,3,1,1,8,6,78423,M,,,78
200800074414,8,12,28,2115,4,1,1,1,6,78073,M,,,78
200800074415,8,12,20,1000,1,1,1,1,6,78646,M,,,78
200800074416,8,12,20,1100,1,1,1,1,6,78073,M,,,78
200800074417,8,12,30,1655,1,1,1,2,2,92026,M,,,92
200800074418,8,12,31,2330,4,1,1,1,6,92036,M,,,92
200800074419,8,12,23,1,5,1,1,1,7,69290,M,,,69
200800074420,8,12,25,645,2,1,9,1,7,69382,M,,,69
200800074421,8,12,26,1540,1,1,1,1,5,69193,M,,,69
200800074422,8,12,27,1220,1,1,9,1,2,38544,M,,,38
200800074423,8,12,1,1835,3,1,1,1,3,93051,M,,,93
200800074424,8,12,1,820,2,1,1,3,3,94079,M,,,94
200800074425,8,12,1,1920,5,1,1,2,2,93051,M,,,93
200800074426,8,12,4,1345,1,1,1,2,6,77121,M,,,77
200800074427,8,12,4,1800,5,1,1,2,3,94017,M,,,94
200800074428,8,12,4,1930,3,1,1,2,5,94017,M,,,94
200800074429,8,12,4,1950,5,1,1,1,3,94033,M,,,94
200800074430,8,12,5,2050,5,1,1,2,3,94028,M,,,94
200800074431,8,12,5,2200,3,1,1,1,2,94079,M,,,94
200800074432,8,12,6,1310,1,1,1,1,6,94022,M,,,94
200800074433,8,12,6,1600,1,1,1,1,2,94017,M,,,94
200800074434,8,12,6,1940,5,1,1,1,2,77258,M,,,77
200800074435,8,12,7,920,1,1,1,5,2,77237,M,,,77
200800074436,8,12,8,1835,4,1,1,1,2,93051,M,,,93
200800074437,8,12,8,2115,5,1,1,1,6,94069,M,,,94
200800074438,8,12,10,1400,1,1,1,1,6,94069,M,,,94
200800074439,8,12,11,710,1,1,1,1,5,94033,M,,,94
200800074440,8,12,11,2330,5,1,9,1,3,94069,M,,,94
200800074441,8,12,13,1845,4,1,1,2,2,94028,M,,,94
200800074442,8,12,13,2330,3,1,1,2,6,94073,M,,,94
200800074443,8,12,22,2208,3,1,1,1,2,77258,M,,,77
200800074444,8,12,15,2100,5,1,1,1,6,94028,M,,,94
200800074445,8,12,16,815,2,1,1,1,4,94046,M,,,94
200800074446,8,12,17,830,1,1,1,2,7,77373,M,,,77
200800074447,8,12,17,905,1,1,1,2,3,94042,M,,,94
200800074448,8,12,17,1150,1,1,1,2,3,94081,M,,,94
200800074449,8,12,17,1505,1,1,1,2,4,77294,M,,,77
200800074450,8,12,17,1920,5,1,1,2,2,94069,M,,,94
200800074451,8,12,19,1530,1,1,1,1,7,94069,M,,,94
200800074452,8,12,19,1645,1,1,1,1,3,94017,M,,,94
200800074453,8,12,20,900,1,1,1,1,5,94028,M,,,94
200800074454,8,12,20,930,1,1,1,2,7,77121,M,,,77
200800074455,8,12,20,1740,5,1,1,9,6,94044,M,,,94
200800074456,8,12,22,1900,5,1,1,2,7,94069,M,,,94
200800074457,8,12,26,2040,5,1,1,1,2,93051,M,,,93
200800074458,8,12,28,845,1,1,1,1,2,93051,M,,,93
200800074459,8,12,28,1500,1,1,1,1,7,77083,M,,,77
200800074460,8,12,29,1115,1,1,1,1,6,94028,M,,,94
200800074461,8,12,30,510,5,1,1,9,6,94074,M,,,94
200800074462,8,12,31,1335,1,1,1,1,3,77294,M,,,77
200800074463,8,12,2,1735,3,1,1,1,3,83126,M,,,83
200800074464,8,12,7,150,3,1,1,1,1,83090,M,,,83
200800074465,8,12,9,716,3,1,1,8,2,83090,M,,,83
200800074466,8,12,12,1745,2,1,1,1,2,83090,M,,,83
200800074467,8,12,17,1755,3,1,1,1,2,83090,M,,,83
200800074468,8,12,27,1050,1,1,1,1,6,83112,M,,,83
200800074469,8,12,6,1507,1,1,1,1,5,83137,M,,,83
200800074470,8,12,6,1545,1,1,1,1,6,83137,M,,,83
200800074471,8,12,8,815,1,1,1,1,3,83144,M,,,83
200800074472,8,12,9,1900,5,1,1,2,2,83137,M,,,83
200800074473,8,12,12,1709,5,1,1,1,3,83137,M,,,83
200800074474,8,12,13,1205,1,1,1,1,7,83137,M,,,83
200800074475,8,12,17,818,1,1,1,1,5,83137,M,,,83
200800074476,8,12,19,1415,1,1,1,1,4,83137,M,,,83
200800074477,8,12,22,1955,5,1,1,1,7,83144,M,,,83
200800074478,8,12,28,445,4,1,1,8,5,83144,M,,,83
200800074479,8,12,1,800,2,1,1,1,4,42110,M,,,42
200800074480,8,12,8,550,5,1,4,5,2,42218,M,,,42
200800074481,8,12,19,1735,2,1,1,1,2,42218,M,,,42
200800074482,8,12,12,1115,1,1,1,1,2,69290,M,,,69
200800074483,8,12,18,610,3,1,1,2,3,69283,M,,,69
200800074484,8,12,5,1910,5,1,1,1,4,69029,M,,,69
200800074485,8,12,7,605,3,1,1,1,2,01275,M,,,01
200800074486,8,12,12,630,2,1,1,1,3,69290,M,,,69
200800074487,8,12,19,215,3,1,1,2,7,69288,M,,,69
200800074488,8,1,5,645,1,1,1,2,3,97204,A,0.0,0.0,972
200800074489,8,1,28,1715,1,1,1,1,1,97204,A,0.0,0.0,972
200800074490,8,1,30,1030,1,2,1,1,1,97225,A,0.0,0.0,972
200800074491,8,1,3,1600,1,1,1,1,3,97210,A,0.0,0.0,972
200800074492,8,1,9,930,1,1,1,1,1,97210,A,0.0,0.0,972
200800074493,8,1,22,1730,2,2,1,1,3,97210,A,0.0,0.0,972
200800074494,8,1,29,1730,1,1,1,1,5,97207,A,0.0,0.0,972
200800074495,8,1,27,1130,3,1,1,1,1,97220,A,0.0,0.0,972
200800074496,8,1,16,1245,1,1,1,1,3,97217,A,0.0,0.0,972
200800074497,8,1,23,2015,3,1,1,1,1,97217,A,0.0,0.0,972
200800074498,8,1,2,1700,1,1,1,1,1,97221,A,0.0,0.0,972
200800074499,8,1,9,945,1,1,1,1,3,97221,A,0.0,0.0,972
200800074500,8,1,23,1130,1,2,1,1,3,97206,A,0.0,0.0,972
200800074501,8,1,17,1445,1,1,1,1,1,97230,A,0.0,0.0,972
200800074502,8,1,3,1345,1,1,1,7,1,97222,A,0.0,0.0,972
200800074503,8,1,17,1730,2,1,1,1,7,97201,A,0.0,0.0,972
200800074504,8,1,16,2045,3,2,1,1,7,97104,A,0.0,0.0,971
200800074505,8,1,26,15,3,2,1,1,5,97104,A,0.0,0.0,971
200800074506,8,1,23,2045,3,1,1,1,7,97111,A,0.0,0.0,971
200800074507,8,1,2,1030,1,1,1,3,3,97132,A,0.0,0.0,971
200800074508,8,1,27,530,3,1,1,1,7,97107,A,0.0,0.0,971
200800074509,8,1,18,1700,1,1,1,1,1,97131,A,0.0,0.0,971
200800074510,8,1,25,345,3,1,1,1,7,97123,A,0.0,0.0,971
200800074511,8,1,10,900,1,1,1,1,3,97115,A,0.0,0.0,971
200800074512,8,1,15,2045,3,1,1,1,6,97118,A,0.0,0.0,971
200800074513,8,1,6,730,1,2,1,1,1,97129,A,0.0,0.0,971
200800074514,8,1,11,745,1,2,1,1,1,97112,A,0.0,0.0,971
200800074515,8,1,19,1000,1,2,1,1,6,97117,A,0.0,0.0,971
200800074516,8,1,3,1800,2,1,1,1,1,97122,A,0.0,0.0,971
200800074517,8,1,16,1645,1,1,2,1,3,97122,A,0.0,0.0,971
200800074518,8,1,18,1900,5,2,1,1,6,97102,A,0.0,0.0,971
200800074519,8,1,10,915,1,1,2,1,3,97125,A,0.0,0.0,971
200800074520,8,1,5,2200,3,2,2,1,1,97307,G,0.0,0.0,973
200800074521,8,1,24,2230,5,2,2,2,3,97307,G,0.0,0.0,973
200800074522,8,1,31,730,1,1,1,1,3,97307,G,0.0,0.0,973
200800074523,8,1,1,1630,1,1,1,8,2,97305,G,0.0,0.0,973
200800074524,8,1,6,945,1,1,1,8,5,97305,G,0.0,0.0,973
200800074525,8,1,4,1615,1,1,1,1,7,97306,G,0.0,0.0,973
200800074526,8,1,12,1500,1,1,1,1,3,97306,G,0.0,0.0,973
200800074527,8,1,14,1945,5,2,1,1,1,97420,R,0.0,0.0,974
200800074528,8,1,27,1000,1,2,1,1,6,97418,R,0.0,0.0,974
200800074529,8,1,27,945,3,1,1,1,2,97420,R,0.0,0.0,974
200800074530,8,1,5,1915,2,1,1,1,1,97410,R,0.0,0.0,974
200800074531,8,1,10,930,1,1,1,2,7,97406,R,0.0,0.0,974
200800074532,8,1,12,230,3,1,1,1,1,97415,R,0.0,0.0,974
200800074533,8,1,12,900,1,1,1,1,1,97423,R,0.0,0.0,974
200800074534,8,1,20,330,3,1,1,1,1,97412,R,0.0,0.0,974
200800074535,8,1,13,1300,1,1,1,5,1,97422,R,0.0,0.0,974
200800074536,8,1,23,1345,1,2,1,1,1,97422,R,0.0,0.0,974
200800074558,8,1,2,1245,1,2,1,1,2,97103,A,0.0,0.0,971
200800074559,8,1,6,2015,5,1,1,1,1,97103,A,0.0,0.0,971
200800074560,8,1,22,1600,1,2,2,1,3,97103,A,0.0,0.0,971
200800074561,8,1,31,815,1,2,1,1,6,97309,G,0.0,0.0,973
200800074562,8,1,4,900,1,2,1,1,3,97304,G,0.0,0.0,973
200800074563,8,1,22,1430,1,1,1,9,7,97304,G,0.0,0.0,973
200800074565,8,1,1,115,5,2,1,1,3,97451,R,0.0,0.0,974
200800074569,8,1,11,830,1,1,1,1,2,97404,R,0.0,0.0,974
200800074570,8,1,7,830,1,1,1,1,3,97413,R,0.0,0.0,974
200800074571,8,1,8,1835,2,2,1,1,4,97105,A,,,971
200800074572,8,1,22,1010,1,2,1,1,2,97105,A,,,971
200800074573,8,1,7,1415,1,2,1,1,4,97107,A,,,971
200800074574,8,1,17,625,1,2,1,2,7,97107,A,,,971
200800074575,8,1,6,2232,5,2,5,1,1,97120,A,,,971
200800074576,8,1,16,2045,3,2,1,1,7,97113,A,,,971
200800074577,8,1,17,445,5,2,1,1,7,97101,A,,,971
200800074578,8,1,22,1930,3,2,4,1,1,97101,A,,,971
200800074579,8,1,16,1445,1,1,1,1,5,97113,A,,,971
200800074580,8,1,14,745,1,1,4,1,3,97113,A,,,971
200800074581,8,1,18,1200,1,2,1,1,7,97120,A,,,971
200800074582,8,1,21,1600,1,2,1,1,7,97120,A,,,971
200800074583,8,1,25,1630,1,2,1,1,7,97101,A,,,971
200800074584,8,1,30,1835,3,1,1,1,1,97101,A,,,971
200800074585,8,1,6,2120,2,1,1,1,7,97113,A,,,971
200800074586,8,1,17,1945,5,1,1,1,7,97101,A,,,971
200800074587,8,1,5,1119,1,2,1,1,6,97209,A,,,972
200800074588,8,1,9,1804,2,1,1,1,3,97209,A,,,972
200800074589,8,1,11,447,2,2,1,1,6,97209,A,,,972
200800074590,8,1,12,2035,4,1,1,1,1,97209,A,,,972
200800074591,8,1,13,2225,4,1,1,1,2,97209,A,,,972
200800074592,8,1,15,2011,4,1,1,1,4,97209,A,,,972
200800074593,8,1,16,2045,5,2,1,1,3,97209,A,,,972
200800074594,8,1,17,857,1,1,1,1,7,97209,A,,,972
200800074595,8,1,18,1730,1,2,1,1,2,97209,A,,,972
200800074596,8,1,19,1007,1,2,1,1,6,97209,A,,,972
200800074597,8,1,19,2130,5,2,1,1,6,97209,A,,,972
200800074598,8,1,20,1719,5,2,1,1,6,97209,A,,,972
200800074599,8,1,22,1355,1,2,1,1,6,97209,A,,,972
200800074600,8,1,25,812,1,2,1,1,6,97209,A,,,972
200800074601,8,1,25,837,1,1,1,1,1,97209,A,,,972
200800074602,8,1,26,1915,5,2,1,1,6,97209,A,,,972
200800074603,8,1,25,1305,4,2,1,1,1,97209,A,,,972
200800074604,8,1,28,100,5,2,1,1,6,97209,A,,,972
200800074605,8,1,28,1320,1,2,1,1,2,97209,A,,,972
200800074606,8,1,29,1130,1,2,1,1,6,97209,A,,,972
200800074607,8,1,30,1013,1,1,1,1,6,97209,A,,,972
200800074608,8,1,3,1845,5,2,1,1,3,97213,A,,,972
200800074609,8,1,5,830,1,2,3,1,3,97213,A,,,972
200800074610,8,1,5,1800,2,1,1,1,6,97213,A,,,972
200800074611,8,1,7,1140,1,1,1,1,3,97213,A,,,972
200800074612,8,1,8,1115,1,1,1,1,3,97213,A,,,972
200800074613,8,1,8,2135,3,1,1,1,2,97213,A,,,972
200800074614,8,1,9,715,1,1,1,1,4,97213,A,,,972
200800074615,8,1,11,2155,4,2,1,1,6,97213,A,,,972
200800074616,8,1,13,1740,1,1,1,1,3,97213,A,,,972
200800074617,8,1,15,1845,3,1,3,1,3,97213,A,,,972
200800074618,8,1,17,1255,1,1,1,1,2,97213,A,,,972
200800074619,8,1,17,1815,2,2,1,1,7,97213,A,,,972
200800074620,8,1,20,2230,3,1,1,1,6,97213,A,,,972
200800074621,8,1,21,1445,1,1,1,1,7,97213,A,,,972
200800074622,8,1,25,1715,1,2,1,1,1,97213,A,,,972
200800074623,8,1,26,650,2,1,1,1,2,97213,A,,,972
200800074624,8,1,29,715,1,2,1,1,1,97213,A,,,972
200800074625,8,1,29,2025,3,1,1,1,4,97213,A,,,972
200800074626,8,1,30,1415,1,2,1,1,3,97213,A,,,972
200800074627,8,1,1,1605,1,2,1,1,1,97302,G,,,973
200800074628,8,1,5,1840,2,2,1,1,6,97302,G,,,973
200800074629,8,1,5,1056,1,1,1,1,6,97302,G,,,973
200800074630,8,1,7,1757,1,2,1,1,6,97302,G,,,973
200800074631,8,1,9,1220,1,1,1,1,3,97302,G,,,973
200800074632,8,1,10,822,1,1,1,2,3,97302,G,,,973
200800074633,8,1,3,1800,1,2,2,1,3,97302,G,,,973
200800074634,8,1,11,818,1,1,3,1,3,97302,G,,,973
200800074635,8,1,11,1627,1,2,3,1,2,97302,G,,,973
200800074636,8,1,15,1205,1,1,1,1,3,97302,G,,,973
200800074637,8,1,10,2104,5,2,3,2,1,97302,G,,,973
200800074638,8,1,14,1020,1,1,1,1,3,97302,G,,,973
200800074639,8,1,15,728,1,1,1,1,3,97302,G,,,973
200800074640,8,1,16,1047,1,2,1,1,3,97302,G,,,973
200800074641,8,1,9,1720,2,2,3,1,3,97302,G,,,973
200800074642,8,1,16,1253,1,1,1,1,3,97302,G,,,973
200800074643,8,1,16,1235,1,2,1,1,3,97302,G,,,973
200800074644,8,1,19,1149,1,2,1,1,2,97302,G,,,973
200800074645,8,1,23,800,1,2,1,1,3,97302,G,,,973
200800074646,8,1,23,1010,1,2,2,1,3,97302,G,,,973
200800074647,8,1,17,1750,2,2,3,2,7,97302,G,,,973
200800074648,8,1,26,1119,1,2,3,1,3,97302,G,,,973
200800074649,8,1,15,1400,1,2,1,1,2,97302,G,,,973
200800074650,8,1,15,1525,1,2,1,1,6,97302,G,,,973
200800074651,8,1,18,1820,2,2,1,1,7,97302,G,,,973
200800074652,8,1,21,1950,5,2,1,1,3,97302,G,,,973
200800074653,8,1,28,817,1,2,3,1,3,97302,G,,,973
200800074654,8,1,28,1751,1,2,3,1,6,97302,G,,,973
200800074655,8,1,29,1735,1,2,1,1,2,97302,G,,,973
200800074656,8,1,29,1520,1,2,1,1,3,97302,G,,,973
200800074657,8,1,31,1220,1,2,1,1,6,97302,G,,,973
200800074658,8,1,31,2100,2,2,1,1,7,97302,G,,,973
200800074659,8,1,30,1208,1,2,1,1,6,97302,G,,,973
200800074660,8,1,29,819,1,2,2,1,2,97302,G,,,973
200800074661,8,1,31,1550,1,2,1,1,3,97302,G,,,973
200800074662,8,1,31,755,1,2,1,1,6,97302,G,,,973
200800074663,8,1,3,1230,1,2,3,1,3,97407,R,,,974
200800074664,8,1,4,2350,3,1,6,1,7,97407,R,,,974
200800074665,8,1,13,1845,3,1,1,1,2,97407,R,,,974
200800074666,8,1,17,1315,1,2,2,1,3,97407,R,,,974
200800074667,8,1,18,2305,5,2,2,1,2,97407,R,,,974
200800074668,8,1,19,2110,5,2,1,1,6,97407,R,,,974
200800074669,8,1,21,1620,1,2,3,1,3,97407,R,,,974
200800074670,8,1,24,955,1,2,6,1,3,97407,R,,,974
200800074671,8,1,24,1230,1,2,2,1,3,97407,R,,,974
200800074672,8,1,25,1115,1,2,1,1,6,97407,R,,,974
200800074673,8,1,31,1815,2,2,1,2,3,97407,R,,,974
200800074674,8,1,7,2208,5,2,1,1,2,97411,R,,,974
200800074675,8,1,6,1905,2,2,1,1,1,97411,R,,,974
200800074676,8,1,7,1440,1,2,1,1,6,97411,R,,,974
200800074677,8,1,2,1250,1,2,9,1,3,97411,R,,,974
200800074678,8,1,2,1720,1,2,1,1,2,97411,R,,,974
200800074679,8,1,3,920,1,2,1,1,6,97411,R,,,974
200800074680,8,1,6,1540,1,2,3,1,3,97411,R,,,974
200800074681,8,1,8,1651,1,2,1,3,5,97411,R,,,974
200800074682,8,1,11,1755,1,2,1,1,6,97411,R,,,974
200800074683,8,1,12,2030,5,2,1,1,6,97411,R,,,974
200800074684,8,1,13,1515,1,2,1,1,1,97411,R,,,974
200800074685,8,1,16,630,1,2,2,1,3,97411,R,,,974
200800074686,8,1,16,631,1,2,1,1,6,97411,R,,,974
200800074687,8,1,18,2115,5,2,1,3,6,97411,R,,,974
200800074688,8,1,18,1440,1,2,3,1,3,97411,R,,,974
200800074689,8,1,19,840,1,2,1,1,1,97411,R,,,974
200800074690,8,1,28,1712,1,2,1,1,6,97411,R,,,974
200800074691,8,1,22,744,1,2,1,1,6,97411,R,,,974
200800074692,8,1,25,1420,1,2,1,1,6,97411,R,,,974
200800074693,8,1,25,2246,5,2,1,1,6,97411,R,,,974
200800074694,8,1,26,44,5,2,1,1,6,97411,R,,,974
200800074695,8,1,30,1210,1,2,1,2,6,97411,R,,,974
200800074696,8,1,31,1000,1,2,1,1,6,97411,R,,,974
200800074697,8,1,13,815,1,1,1,1,3,97411,R,,,974
200800074698,8,1,13,1830,2,2,2,1,3,97411,R,,,974
200800074699,8,1,14,1050,1,2,2,1,3,97411,R,,,974
200800074700,8,1,14,1340,1,1,1,1,7,97411,R,,,974
200800074701,8,1,9,1400,1,1,1,1,3,97414,R,,,974
200800074702,8,1,19,1035,1,2,6,1,7,97416,R,,,974
200800074703,8,1,19,2000,5,2,1,1,6,97416,R,,,974
200800074704,8,1,29,1350,1,2,1,1,6,97414,R,,,974
200800074705,8,1,29,1630,1,2,1,1,6,97416,R,,,974
200800074731,8,2,27,1415,1,1,1,1,1,97224,A,0.0,0.0,972
200800074732,8,2,2,400,5,2,1,1,3,97234,A,0.0,0.0,972
200800074733,8,2,8,1915,5,2,1,1,7,97218,A,0.0,0.0,972
200800074734,8,2,28,730,2,2,6,7,6,97210,A,0.0,0.0,972
200800074735,8,2,23,2100,5,2,1,1,3,97207,A,0.0,0.0,972
200800074736,8,2,4,1300,1,1,1,1,4,97223,A,0.0,0.0,972
200800074737,8,2,3,2145,4,2,1,3,6,97232,A,0.0,0.0,972
200800074738,8,2,20,2045,3,1,1,1,1,97232,A,0.0,0.0,972
200800074739,8,2,16,1600,1,2,9,1,2,97221,A,0.0,0.0,972
200800074740,8,2,17,1245,1,1,1,1,7,97221,A,0.0,0.0,972
200800074741,8,2,15,1230,1,1,1,1,2,97221,A,0.0,0.0,972
200800074742,8,2,11,1500,1,2,1,1,3,97230,A,0.0,0.0,972
200800074743,8,2,15,1445,1,1,1,1,6,97228,A,0.0,0.0,972
200800074744,8,2,7,1230,1,2,1,1,5,97109,A,0.0,0.0,971
200800074745,8,2,4,1700,1,1,9,1,6,97109,A,0.0,0.0,971
200800074746,8,2,4,30,5,2,1,1,6,97107,A,0.0,0.0,971
200800074747,8,2,9,1145,1,2,1,1,1,97114,A,0.0,0.0,971
200800074748,8,2,17,1845,3,1,1,1,1,97123,A,0.0,0.0,971
200800074749,8,2,19,1600,1,1,1,1,3,97123,A,0.0,0.0,971
200800074750,8,2,22,1245,1,1,1,7,5,97115,A,0.0,0.0,971
200800074751,8,2,11,930,1,1,1,1,1,97118,A,0.0,0.0,971
200800074752,8,2,15,1700,1,1,1,1,6,97126,A,1594000.0,6130800.0,971
200800074753,8,2,15,1845,3,2,1,1,3,97112,A,0.0,0.0,971
200800074754,8,2,29,1400,1,1,1,1,3,97112,A,0.0,0.0,971
200800074755,8,2,1,630,1,1,1,1,3,97117,A,0.0,0.0,971
200800074756,8,2,5,30,5,2,1,1,6,97117,A,0.0,0.0,971
200800074757,8,2,18,1845,5,1,1,1,6,97119,A,0.0,0.0,971
200800074758,8,2,20,1915,3,1,1,1,3,97125,A,0.0,0.0,971
200800074759,8,2,19,1445,1,1,1,1,3,97128,A,0.0,0.0,971
200800074760,8,2,3,1,3,1,1,2,1,97307,G,0.0,0.0,973
200800074761,8,2,21,1800,2,1,1,1,1,97307,G,0.0,0.0,973
200800074762,8,2,27,845,1,1,9,2,1,97307,G,0.0,0.0,973
200800074763,8,2,6,1830,1,2,1,1,1,97312,G,0.0,0.0,973
200800074764,8,2,6,1915,3,1,1,8,6,97303,G,0.0,0.0,973
200800074765,8,2,13,1915,3,1,1,1,6,97306,G,0.0,0.0,973
200800074766,8,2,10,1100,1,1,1,1,1,97420,R,0.0,0.0,974
200800074767,8,2,17,1015,3,1,1,2,1,97418,R,0.0,0.0,974
200800074768,8,2,21,2100,3,1,1,1,6,97420,R,0.0,0.0,974
200800074769,8,2,27,1545,1,2,1,1,3,97409,R,0.0,0.0,974
200800074770,8,2,29,1745,1,2,1,1,7,97409,R,0.0,0.0,974
200800074771,8,2,14,900,1,1,1,2,7,97419,R,0.0,0.0,974
200800074772,8,2,3,230,3,1,1,1,1,97415,R,0.0,0.0,974
200800074773,8,2,8,1700,1,1,1,1,6,97415,R,0.0,0.0,974
200800074774,8,2,1,700,1,1,1,1,3,97405,R,0.0,0.0,974
200800074775,8,2,1,1815,1,2,1,1,6,97405,R,0.0,0.0,974
200800074776,8,2,1,2100,3,2,1,8,7,97414,R,0.0,0.0,974
200800074777,8,2,8,1900,2,2,1,1,6,97449,R,0.0,0.0,974
200800074778,8,2,10,1430,1,2,1,1,1,97422,R,0.0,0.0,974
200800074779,8,2,22,1130,1,2,1,1,3,97422,R,0.0,0.0,974
200800074805,8,2,5,1600,1,1,1,1,7,97103,A,0.0,0.0,971
200800074806,8,2,10,1030,1,1,1,1,2,97103,A,0.0,0.0,971
200800074811,8,2,5,1945,5,2,1,2,3,97304,G,0.0,0.0,973
200800074812,8,2,6,2045,5,2,1,3,6,97304,G,0.0,0.0,973
200800074813,8,2,27,1700,1,1,1,2,6,97304,G,0.0,0.0,973
200800074818,8,2,23,1600,1,1,1,1,5,97498,R,0.0,0.0,974
200800074819,8,2,12,830,1,2,1,1,5,97227,A,0.0,0.0,972
200800074820,8,2,24,1915,3,1,1,1,6,97217,A,0.0,0.0,972
200800074821,8,2,16,230,3,1,1,2,7,97416,R,0.0,0.0,974
200800074822,8,2,24,2245,5,2,1,1,1,97416,R,0.0,0.0,974
200800074823,8,2,25,1945,3,1,1,1,6,97416,R,0.0,0.0,974
200800074824,8,2,8,1645,1,1,1,1,5,97468,R,0.0,0.0,974
200800074825,8,2,15,800,1,2,3,1,3,97404,R,0.0,0.0,974
200800074826,8,2,29,900,1,1,1,1,1,97404,R,0.0,0.0,974
200800074827,8,2,4,1950,5,2,1,1,6,97105,A,,,971
200800074828,8,2,12,2000,5,2,1,1,3,97105,A,,,971
200800074829,8,2,16,2150,5,2,1,1,7,97105,A,,,971
200800074830,8,2,23,1045,1,2,5,1,3,97105,A,,,971
200800074831,8,2,22,2020,5,2,1,1,2,97105,A,,,971
200800074832,8,2,11,1725,2,2,1,1,5,97107,A,,,971
200800074833,8,2,11,1726,1,2,1,1,3,97107,A,,,971
200800074834,8,2,29,1800,2,2,1,1,6,97107,A,,,971
200800074835,8,2,4,2215,5,2,1,1,7,97120,A,,,971
200800074836,8,2,1,1745,1,1,1,1,7,97101,A,,,971
200800074837,8,2,4,630,1,2,3,2,1,97101,A,,,971
200800074838,8,2,5,1515,1,1,1,1,1,97101,A,,,971
200800074839,8,2,9,1835,2,2,1,1,7,97101,A,,,971
200800074840,8,2,10,1042,1,1,3,1,2,97113,A,,,971
200800074841,8,2,9,715,1,2,3,1,7,97120,A,,,971