Num_Acc,an,mois,jour,hrmn,lum,agg,int,atm,col,com,gps,lat,long,dep
200800074842,8,2,2,730,1,1,1,1,5,97101,A,,,971
200800074843,8,2,5,2350,5,2,1,1,1,97101,A,,,971
200800074844,8,2,6,2205,3,2,1,1,1,97120,A,,,971
200800074845,8,2,8,1450,1,1,1,1,3,97113,A,,,971
200800074846,8,2,19,1605,1,2,1,2,1,97101,A,,,971
200800074847,8,2,26,1845,5,2,1,1,3,97101,A,,,971
200800074848,8,2,19,1901,4,2,1,1,7,97120,A,,,971
200800074849,8,2,18,1350,1,2,1,1,7,97120,A,,,971
200800074850,8,2,8,1820,4,2,1,1,3,97101,A,,,971
200800074851,8,2,1,1410,1,2,1,1,3,97209,A,,,972
200800074852,8,2,2,1350,1,2,1,1,2,97209,A,,,972
200800074853,8,2,6,1515,1,2,1,1,6,97209,A,,,972
200800074854,8,2,6,2300,4,1,1,1,7,97209,A,,,972
200800074855,8,2,7,1241,1,1,1,1,2,97209,A,,,972
200800074856,8,2,8,1015,1,2,1,1,6,97209,A,,,972
200800074857,8,2,8,1730,4,1,1,1,6,97209,A,,,972
200800074858,8,2,8,2115,5,2,1,1,6,97209,A,,,972
200800074859,8,2,11,520,2,2,2,1,3,97209,A,,,972
200800074860,8,2,13,1615,1,1,1,1,2,97209,A,,,972
200800074861,8,2,13,2243,5,2,1,1,2,97209,A,,,972
200800074862,8,2,15,925,1,2,1,1,6,97209,A,,,972
200800074863,8,2,17,945,1,2,1,1,3,97209,A,,,972
200800074864,8,2,20,629,2,2,1,1,6,97209,A,,,972
200800074865,8,2,21,925,1,1,1,1,6,97209,A,,,972
200800074866,8,2,23,1322,1,1,1,1,6,97209,A,,,972
200800074867,8,2,25,1606,1,1,1,1,4,97209,A,,,972
200800074868,8,2,28,1935,5,2,1,1,6,97209,A,,,972
200800074869,8,2,29,1715,1,2,1,1,6,97209,A,,,972
200800074870,8,2,29,2050,5,2,1,1,6,97209,A,,,972
200800074871,8,2,1,1130,1,2,1,1,7,97213,A,,,972
200800074872,8,2,1,1500,1,1,6,1,3,97213,A,,,972
200800074873,8,2,2,500,2,1,1,1,6,97213,A,,,972
200800074874,8,2,2,1230,1,1,1,1,6,97213,A,,,972
200800074875,8,2,5,2020,3,2,1,1,3,97213,A,,,972
200800074876,8,2,5,1720,1,1,1,1,3,97213,A,,,972
200800074877,8,2,11,933,1,1,1,1,3,97213,A,,,972
200800074878,8,2,11,1040,1,1,1,1,3,97213,A,,,972
200800074879,8,2,16,1045,1,1,1,1,4,97213,A,,,972
200800074880,8,2,19,900,1,1,1,1,3,97213,A,,,972
200800074881,8,2,20,1420,1,1,1,1,2,97213,A,,,972
200800074882,8,2,22,10,3,1,1,1,6,97213,A,,,972
200800074883,8,2,22,1130,1,1,9,1,6,97213,A,,,972
200800074884,8,2,23,1940,3,1,1,1,1,97213,A,,,972
200800074885,8,2,25,650,1,1,1,1,3,97213,A,,,972
200800074886,8,2,29,1450,1,1,1,1,1,97213,A,,,972
200800074887,8,2,8,748,1,2,2,1,3,97302,G,,,973
200800074888,8,2,10,1105,1,2,2,1,3,97302,G,,,973
200800074889,8,2,1,2156,5,2,1,1,3,97302,G,,,973
200800074890,8,2,1,1615,1,2,1,1,6,97302,G,,,973
200800074891,8,2,4,500,5,2,1,2,1,97302,G,,,973
200800074892,8,2,5,1000,1,2,1,1,6,97302,G,,,973
200800074893,8,2,6,651,1,2,1,2,2,97302,G,,,973
200800074894,8,2,9,1420,1,2,1,1,2,97302,G,,,973
200800074895,8,2,15,855,1,2,2,1,2,97302,G,,,973
200800074896,8,2,16,2054,5,1,1,1,3,97302,G,,,973
200800074897,8,2,17,2049,5,2,1,2,2,97302,G,,,973
200800074898,8,2,18,1945,5,2,1,2,6,97302,G,,,973
200800074899,8,2,23,1440,1,2,1,1,6,97302,G,,,973
200800074900,8,2,12,900,1,1,1,1,3,97302,G,,,973
200800074901,8,2,21,830,1,2,1,2,2,97302,G,,,973
200800074902,8,2,26,735,1,2,1,1,6,97302,G,,,973
200800074903,8,2,27,708,1,2,3,1,6,97302,G,,,973
200800074904,8,2,29,1249,1,2,1,1,3,97302,G,,,973
200800074905,8,2,14,1510,1,2,6,1,3,97302,G,,,973
200800074906,8,2,15,2030,5,2,1,1,1,97302,G,,,973
200800074907,8,2,15,1830,2,2,1,2,6,97302,G,,,973
200800074908,8,2,16,530,5,1,1,1,7,97302,G,,,973
200800074909,8,2,28,1330,1,1,1,1,3,97302,G,,,973
200800074910,8,2,2,2220,3,2,1,1,6,97407,R,,,974
200800074911,8,2,15,1035,1,2,1,1,7,97407,R,,,974
200800074912,8,2,17,1935,3,1,1,2,6,97407,R,,,974
200800074913,8,2,19,130,3,2,6,1,6,97407,R,,,974
200800074914,8,2,19,1850,5,2,1,1,3,97407,R,,,974
200800074915,8,2,21,1930,5,2,1,1,3,97407,R,,,974
200800074916,8,2,22,1928,5,2,1,1,3,97407,R,,,974
200800074917,8,2,26,555,1,2,6,1,7,97407,R,,,974
200800074918,8,2,29,655,1,2,1,1,3,97407,R,,,974
200800074919,8,2,4,1545,1,1,1,1,2,97411,R,,,974
200800074920,8,2,4,725,1,2,1,1,4,97411,R,,,974
200800074921,8,2,6,730,1,2,2,1,5,97411,R,,,974
200800074922,8,2,10,1721,1,2,1,1,3,97411,R,,,974
200800074923,8,2,14,1200,1,2,3,1,3,97411,R,,,974
200800074924,8,2,15,1115,1,2,9,1,6,97411,R,,,974
200800074925,8,2,13,1600,1,2,2,1,3,97411,R,,,974
200800074926,8,2,13,1633,1,2,1,1,4,97411,R,,,974
200800074927,8,2,15,1738,1,2,3,8,3,97411,R,,,974
200800074928,8,2,17,1045,1,2,1,8,6,97411,R,,,974
200800074929,8,2,27,745,1,2,2,1,3,97411,R,,,974
200800074930,8,2,27,1105,1,2,5,1,3,97411,R,,,974
200800074931,8,2,28,1705,1,2,1,1,3,97411,R,,,974
200800074932,8,2,13,1820,1,2,1,1,6,97411,R,,,974
200800074933,8,2,10,2018,5,2,1,1,3,97411,R,,,974
200800074934,8,2,11,1008,1,2,1,1,6,97411,R,,,974
200800074935,8,2,27,1522,1,2,1,1,6,97411,R,,,974
200800074936,8,2,27,1735,1,2,1,2,2,97411,R,,,974
200800074937,8,2,23,1720,1,2,1,8,3,97411,R,,,974
200800074938,8,2,16,608,2,2,1,1,2,97411,R,,,974
200800074939,8,2,28,1900,2,2,1,1,6,97411,R,,,974
200800074940,8,2,29,1100,1,2,1,1,2,97411,R,,,974
200800074941,8,2,1,810,1,2,1,1,3,97416,R,,,974
200800074942,8,2,11,510,5,2,1,1,1,97414,R,,,974
200800074943,8,2,8,2115,5,2,3,1,3,97414,R,,,974
200800074944,8,2,12,750,1,2,1,1,6,97414,R,,,974
200800074945,8,2,12,1400,1,2,1,1,1,97416,R,,,974
200800074946,8,2,14,2050,5,2,1,1,6,97414,R,,,974
200800074947,8,2,20,1920,5,2,3,1,3,97414,R,,,974
200800074948,8,2,23,1945,5,2,3,1,1,97414,R,,,974
200800074949,8,2,28,1320,1,2,1,1,6,97416,R,,,974
200800074977,8,3,15,130,5,2,1,1,7,97105,A,,,971
200800074978,8,3,7,1045,1,1,3,1,6,97107,A,,,971
200800074979,8,3,3,2110,5,2,1,1,6,97120,A,,,971
200800074980,8,3,8,1615,1,1,1,1,4,97113,A,,,971
200800074981,8,3,16,2215,5,1,1,1,1,97113,A,,,971
200800074982,8,3,24,1015,1,1,1,1,1,97101,A,,,971
200800074983,8,3,15,2150,5,1,1,1,1,97101,A,,,971
200800074984,8,3,10,810,1,2,1,1,7,97120,A,,,971
200800074985,8,3,23,1140,1,1,1,1,5,97101,A,,,971
200800074986,8,3,23,2250,5,1,1,1,7,97101,A,,,971
200800074987,8,3,18,1215,1,1,1,1,3,97113,A,,,971
200800074988,8,3,1,400,4,1,1,1,6,97209,A,,,972
200800074989,8,3,2,2025,4,2,1,1,6,97209,A,,,972
200800074990,8,3,1,2045,4,2,1,1,6,97209,A,,,972
200800074991,8,3,3,728,2,1,1,1,6,97209,A,,,972
200800074992,8,3,4,1213,1,2,1,1,7,97209,A,,,972
200800074993,8,3,4,1315,1,2,1,1,6,97209,A,,,972
200800074994,8,3,5,1617,1,2,1,1,3,97209,A,,,972
200800074995,8,3,8,1550,1,2,1,1,6,97209,A,,,972
200800074996,8,3,10,2140,3,1,1,1,6,97209,A,,,972
200800074997,8,3,15,1956,4,1,1,1,3,97209,A,,,972
200800074998,8,3,17,1645,1,1,1,1,7,97209,A,,,972
200800074999,8,3,19,700,1,2,1,1,6,97209,A,,,972
200800075000,8,3,19,1445,1,1,1,1,2,97209,A,,,972
200800075001,8,3,21,2125,5,2,1,1,7,97209,A,,,972
200800075002,8,3,23,1435,1,2,1,1,6,97209,A,,,972
200800075003,8,3,24,200,5,2,1,1,2,97209,A,,,972
200800075004,8,3,24,250,5,2,1,1,6,97209,A,,,972
200800075005,8,3,25,1335,1,2,1,1,6,97209,A,,,972
200800075006,8,3,27,1158,1,1,1,1,4,97209,A,,,972
200800075007,8,3,30,1155,1,1,1,1,3,97209,A,,,972
200800075008,8,3,3,1555,1,1,1,1,1,97213,A,,,972
200800075009,8,3,9,320,3,1,1,1,7,97213,A,,,972
200800075010,8,3,9,245,3,1,1,2,4,97213,A,,,972
200800075011,8,3,10,1115,1,2,3,1,2,97213,A,,,972
200800075012,8,3,11,1930,3,1,1,1,2,97213,A,,,972
200800075013,8,3,13,1100,1,1,1,1,6,97213,A,,,972
200800075014,8,3,19,740,1,1,1,1,2,97213,A,,,972
200800075015,8,3,20,1439,1,1,1,1,2,97213,A,,,972
200800075016,8,3,23,1350,1,1,1,1,4,97213,A,,,972
200800075017,8,3,24,1725,1,1,1,1,6,97213,A,,,972
200800075018,8,3,25,800,1,2,1,1,6,97213,A,,,972
200800075019,8,3,25,1225,1,2,1,1,6,97213,A,,,972
200800075020,8,3,31,1450,1,2,1,1,4,97213,A,,,972
200800075021,8,3,6,2215,5,1,1,1,3,97302,G,,,973
200800075022,8,3,3,2029,5,2,1,1,6,97302,G,,,973
200800075023,8,3,4,1250,1,2,1,1,6,97302,G,,,973
200800075024,8,3,4,750,1,2,3,2,3,97302,G,,,973
200800075025,8,3,5,1300,1,2,1,1,6,97302,G,,,973
200800075026,8,3,6,1207,1,2,1,1,6,97302,G,,,973
200800075027,8,3,8,1935,5,2,1,1,6,97302,G,,,973
200800075028,8,3,14,1420,1,1,1,1,6,97302,G,,,973
200800075029,8,3,15,1250,1,1,1,1,3,97302,G,,,973
200800075030,8,3,15,2335,5,2,2,1,5,97302,G,,,973
200800075031,8,3,12,915,1,2,1,1,2,97302,G,,,973
200800075032,8,3,12,1920,4,1,1,1,6,97302,G,,,973
200800075033,8,3,13,640,1,1,1,1,3,97302,G,,,973
200800075034,8,3,13,2000,5,2,1,1,1,97302,G,,,973
200800075035,8,3,21,1045,1,2,1,1,6,97302,G,,,973
200800075036,8,3,22,1051,1,2,2,1,3,97302,G,,,973
200800075037,8,3,14,1243,1,2,1,1,3,97302,G,,,973
200800075038,8,3,22,1650,1,2,1,1,6,97302,G,,,973
200800075039,8,3,26,1616,1,2,1,1,6,97302,G,,,973
200800075040,8,3,19,1950,5,2,1,2,6,97302,G,,,973
200800075041,8,3,28,1650,1,2,3,1,3,97302,G,,,973
200800075042,8,3,30,1815,1,2,3,1,2,97302,G,,,973
200800075043,8,3,8,845,1,2,1,1,2,97407,R,,,974
200800075044,8,3,12,1410,1,1,1,1,3,97407,R,,,974
200800075045,8,3,15,1530,1,2,1,1,6,97407,R,,,974
200800075046,8,3,18,1700,1,2,6,1,3,97407,R,,,974
200800075047,8,3,19,745,1,2,3,1,3,97407,R,,,974
200800075048,8,3,22,700,1,2,1,1,7,97407,R,,,974
200800075049,8,3,24,1400,1,2,3,1,3,97407,R,,,974
200800075050,8,3,27,1725,1,2,1,1,6,97407,R,,,974
200800075051,8,3,29,1920,3,1,1,1,2,97407,R,,,974
200800075052,8,3,1,220,5,2,3,1,6,97416,R,,,974
200800075053,8,3,6,1735,1,2,1,1,6,97414,R,,,974
200800075054,8,3,9,30,5,2,1,1,7,97416,R,,,974
200800075055,8,3,11,820,1,2,3,1,6,97414,R,,,974
200800075056,8,3,24,755,1,2,1,2,6,97414,R,,,974
200800075057,8,3,25,1245,1,2,1,1,2,97416,R,,,974
200800075058,8,3,30,1350,1,2,1,1,7,97414,R,,,974
200800075097,8,3,4,1500,1,1,1,1,5,97224,A,0.0,0.0,972
200800075098,8,3,23,1800,2,1,3,1,3,97224,A,0.0,0.0,972
200800075099,8,3,29,230,5,2,1,1,6,97224,A,0.0,0.0,972
200800075100,8,3,9,400,3,1,1,2,1,97205,A,0.0,0.0,972
200800075101,8,3,13,1315,1,2,3,1,2,97234,A,0.0,0.0,972
200800075102,8,3,24,2000,3,1,1,1,3,97204,A,0.0,0.0,972
200800075103,8,3,26,1245,1,1,1,1,4,97219,A,0.0,0.0,972
200800075104,8,3,16,1400,1,2,1,1,6,97207,A,0.0,0.0,972
200800075105,8,3,14,1830,5,2,3,1,3,97223,A,0.0,0.0,972
200800075106,8,3,29,530,2,1,1,2,6,97232,A,0.0,0.0,972
200800075107,8,3,1,745,1,2,1,1,6,97217,A,0.0,0.0,972
200800075108,8,3,30,30,3,1,1,1,6,97226,A,0.0,0.0,972
200800075109,8,3,31,1700,1,1,1,1,6,97202,A,0.0,0.0,972
200800075110,8,3,15,1230,1,1,1,1,3,97230,A,0.0,0.0,972
200800075111,8,3,9,400,3,1,1,1,6,97222,A,0.0,0.0,972
200800075112,8,3,4,2000,5,2,1,1,6,97228,A,0.0,0.0,972
200800075113,8,3,12,1445,1,1,1,1,6,97214,A,0.0,0.0,972
200800075114,8,3,7,1400,1,2,1,1,7,97124,A,0.0,0.0,971
200800075115,8,3,19,1600,1,2,1,1,6,97111,A,0.0,0.0,971
200800075116,8,3,1,1900,5,2,1,1,3,97109,A,0.0,0.0,971
200800075117,8,3,16,915,1,2,1,1,6,97118,A,0.0,0.0,971
200800075118,8,3,31,715,1,2,1,1,6,97129,A,0.0,0.0,971
200800075119,8,3,4,1815,5,2,1,1,3,97112,A,1587600.0,6130600.0,971
200800075120,8,3,14,1530,1,2,1,1,3,97112,A,0.0,0.0,971
200800075121,8,3,24,1445,1,1,1,1,3,97117,A,0.0,0.0,971
200800075122,8,3,17,330,5,1,1,1,6,97119,A,0.0,0.0,971
200800075123,8,3,24,1500,1,1,1,1,2,97125,A,0.0,0.0,971
200800075124,8,3,4,1400,1,1,2,1,1,97128,A,0.0,0.0,971
200800075125,8,3,30,445,3,1,1,2,7,97116,A,0.0,0.0,971
200800075126,8,3,5,645,1,2,1,1,3,97307,G,0.0,0.0,973
200800075127,8,3,16,1600,1,1,1,1,2,97305,G,0.0,0.0,973
200800075128,8,3,23,1915,3,2,1,2,6,97308,G,0.0,0.0,973
200800075129,8,3,1,1145,1,2,1,1,6,97311,G,0.0,0.0,973
200800075130,8,3,5,1330,1,2,1,1,4,97311,G,0.0,0.0,973
200800075131,8,3,30,1945,3,1,1,1,2,97306,G,0.0,0.0,973
200800075132,8,3,30,1900,2,1,1,1,1,97408,R,0.0,0.0,974
200800075133,8,3,5,1715,1,1,1,1,7,97418,R,0.0,0.0,974
200800075134,8,3,28,1430,1,2,1,1,1,97418,R,0.0,0.0,974
200800075135,8,3,1,315,3,1,1,1,6,97418,R,0.0,0.0,974
200800075136,8,3,16,1700,1,2,1,1,6,97420,R,0.0,0.0,974
200800075137,8,3,25,1315,1,1,1,2,1,97410,R,0.0,0.0,974
200800075138,8,3,4,1345,1,2,1,1,3,97409,R,0.0,0.0,974
200800075139,8,3,20,745,1,1,1,2,6,97409,R,0.0,0.0,974
200800075140,8,3,16,1615,1,2,1,1,1,97402,R,0.0,0.0,974
200800075141,8,3,24,1730,1,1,1,1,6,97421,R,0.0,0.0,974
200800075142,8,3,3,800,1,1,1,1,2,97415,R,0.0,0.0,974
200800075143,8,3,5,1900,2,2,1,1,3,97415,R,0.0,0.0,974
200800075144,8,3,24,100,3,1,1,2,3,97415,R,0.0,0.0,974
200800075145,8,3,18,715,1,1,1,3,5,97415,R,0.0,0.0,974
200800075146,8,3,26,1745,1,1,1,1,1,97415,R,0.0,0.0,974
200800075147,8,3,11,600,2,1,1,1,1,97423,R,0.0,0.0,974
200800075148,8,3,1,1730,1,1,1,1,7,97449,R,0.0,0.0,974
200800075149,8,3,2,1900,2,1,1,1,3,97449,R,0.0,0.0,974
200800075150,8,3,6,2300,5,1,1,1,6,97412,R,0.0,0.0,974
200800075151,8,3,9,1115,1,1,6,1,3,97405,R,0.0,0.0,974
200800075152,8,3,29,800,1,2,1,1,3,97417,R,0.0,0.0,974
200800075153,8,3,5,30,5,2,6,1,3,97422,R,0.0,0.0,974
200800075174,8,3,1,530,3,1,1,2,2,97103,A,0.0,0.0,971
200800075175,8,3,23,900,2,1,1,1,3,97103,A,0.0,0.0,971
200800075182,8,3,17,1130,1,1,1,1,3,97309,G,0.0,0.0,973
200800075183,8,3,9,1230,1,1,1,1,1,97440,R,0.0,0.0,974
200800075184,8,3,2,1445,1,2,1,2,6,97304,G,0.0,0.0,973
200800075185,8,3,3,1815,1,2,1,1,6,97304,G,0.0,0.0,973
200800075186,8,3,25,445,3,1,1,1,1,97304,G,0.0,0.0,973
200800075191,8,3,16,1645,1,1,1,1,7,97227,A,0.0,0.0,972
200800075192,8,3,31,445,3,2,1,1,6,97227,A,0.0,0.0,972
200800075193,8,3,1,1,3,1,1,1,6,97416,R,0.0,0.0,974
200800075194,8,3,9,1130,1,1,1,1,6,97416,R,0.0,0.0,974
200800075195,8,3,23,1630,1,2,1,1,1,97416,R,0.0,0.0,974
200800075196,8,3,3,615,1,2,1,1,3,97415,R,0.0,0.0,974
200800075197,8,3,5,1745,1,1,1,1,7,97451,R,0.0,0.0,974
200800075198,8,3,22,1815,2,2,1,2,7,97451,R,0.0,0.0,974
200800075203,8,4,8,1600,1,2,1,1,3,97416,R,0.0,0.0,974
200800075204,8,4,12,2315,3,1,1,1,7,97416,R,0.0,0.0,974
200800075205,8,4,9,1700,1,1,1,1,2,97416,R,0.0,0.0,974
200800075206,8,4,8,1715,1,1,1,1,2,97498,R,0.0,0.0,974
200800075208,8,4,5,2000,3,1,1,3,6,97304,G,0.0,0.0,973
200800075210,8,4,7,1930,3,1,1,1,3,97413,R,0.0,0.0,974
200800075211,8,4,2,1000,3,1,1,1,3,97413,R,0.0,0.0,974
200800075213,8,4,20,1645,1,2,1,1,6,97440,R,0.0,0.0,974
200800075214,8,4,9,1600,1,2,1,1,3,97440,R,0.0,0.0,974
200800075215,8,4,26,1915,3,2,1,1,3,97309,G,0.0,0.0,973
200800075216,8,4,19,1015,1,1,1,1,1,97309,G,0.0,0.0,973
200800075219,8,4,2,2045,3,1,1,2,6,97103,A,0.0,0.0,971
200800075247,8,4,4,330,5,2,1,1,3,97422,R,0.0,0.0,974
200800075248,8,4,19,1315,1,2,1,1,6,97412,R,0.0,0.0,974
200800075249,8,4,4,1300,1,2,1,1,3,97412,R,0.0,0.0,974
200800075250,8,4,5,715,1,1,1,1,1,97412,R,0.0,0.0,974
200800075251,8,4,27,1900,3,1,1,1,7,97414,R,0.0,0.0,974
200800075252,8,4,6,115,5,2,1,1,7,97414,R,0.0,0.0,974
200800075253,8,4,13,1900,5,2,1,1,2,97405,R,0.0,0.0,974
200800075254,8,4,20,1215,1,1,3,1,3,97423,R,0.0,0.0,974
200800075255,8,4,30,1115,1,1,1,1,1,97415,R,0.0,0.0,974
200800075257,8,4,14,2045,5,2,9,1,6,97415,R,0.0,0.0,974
200800075258,8,4,9,2000,3,1,9,1,5,97415,R,0.0,0.0,974
200800075259,8,4,6,700,1,1,1,1,5,97415,R,0.0,0.0,974
200800075260,8,4,6,400,5,1,1,1,1,97415,R,0.0,0.0,974
200800075261,8,4,10,545,3,1,1,1,2,97415,R,0.0,0.0,974
200800075262,8,4,4,1430,1,2,1,1,3,97415,R,0.0,0.0,974
200800075263,8,4,25,2030,3,1,1,1,6,97402,R,0.0,0.0,974
200800075264,8,4,3,1530,1,2,1,1,3,97402,R,0.0,0.0,974
200800075265,8,4,16,1415,1,1,1,1,1,97410,R,0.0,0.0,974
200800075266,8,4,10,1900,3,1,1,1,1,97410,R,0.0,0.0,974
200800075267,8,4,14,1245,1,1,1,1,1,97420,R,0.0,0.0,974
200800075268,8,4,3,2100,5,1,1,1,1,97420,R,0.0,0.0,974
200800075269,8,4,1,1430,1,1,1,1,6,97306,G,0.0,0.0,973
200800075270,8,4,30,1330,1,2,1,1,3,97311,G,0.0,0.0,973
200800075271,8,4,20,200,5,2,1,1,2,97311,G,0.0,0.0,973
200800075272,8,4,15,645,1,2,1,1,3,97311,G,0.0,0.0,973
200800075273,8,4,27,1700,1,1,1,1,5,97312,G,0.0,0.0,973
200800075274,8,4,14,1630,1,1,1,1,6,97305,G,0.0,0.0,973
200800075275,8,4,5,1615,1,1,1,1,6,97305,G,0.0,0.0,973
200800075276,8,4,21,1,5,2,1,1,6,97415,R,0.0,0.0,974
200800075277,8,4,9,715,1,1,1,1,3,97307,G,0.0,0.0,973
200800075278,8,4,12,1800,1,2,1,1,3,97307,G,0.0,0.0,973
200800075279,8,4,6,1845,5,2,1,1,6,97128,A,0.0,0.0,971
200800075280,8,4,21,200,3,1,1,2,6,97125,A,0.0,0.0,971
200800075281,8,4,14,1900,1,1,1,1,3,97125,A,0.0,0.0,971
200800075282,8,4,20,1900,5,2,1,1,3,97117,A,0.0,0.0,971
200800075283,8,4,28,930,1,2,2,1,3,97129,A,0.0,0.0,971
200800075284,8,4,23,2000,3,1,1,1,1,97129,A,0.0,0.0,971
200800075285,8,4,30,900,1,1,1,1,5,97118,A,0.0,0.0,971
200800075286,8,4,20,430,5,1,1,1,1,97115,A,0.0,0.0,971
200800075287,8,4,22,745,1,1,1,1,3,97127,A,0.0,0.0,971
200800075288,8,4,20,145,5,2,1,1,3,97127,A,0.0,0.0,971
200800075289,8,4,17,1615,1,1,1,1,1,97127,A,0.0,0.0,971
200800075290,8,4,14,645,1,2,1,1,6,97127,A,0.0,0.0,971
200800075291,8,4,2,1545,1,1,1,1,3,97127,A,0.0,0.0,971
200800075292,8,4,3,1715,1,2,1,1,7,97123,A,0.0,0.0,971
200800075293,8,4,29,1630,1,1,1,1,3,97107,A,0.0,0.0,971
200800075294,8,4,28,1630,1,1,1,1,1,97114,A,0.0,0.0,971
200800075295,8,4,29,1915,5,1,1,1,1,97107,A,0.0,0.0,971
200800075296,8,4,25,1800,1,1,1,1,1,97107,A,0.0,0.0,971
200800075297,8,4,4,915,1,1,1,1,6,97313,G,0.0,0.0,973
200800075298,8,4,6,1015,1,2,1,1,1,97109,A,0.0,0.0,971
200800075299,8,4,6,1945,5,1,1,1,3,97132,A,0.0,0.0,971
200800075300,8,4,30,1445,1,2,1,1,1,97132,A,0.0,0.0,971
200800075301,8,4,10,445,5,2,1,1,7,97111,A,0.0,0.0,971
200800075302,8,4,6,830,1,2,1,1,5,97111,A,0.0,0.0,971
200800075303,8,4,19,1530,1,1,1,1,1,97121,A,0.0,0.0,971
200800075304,8,4,25,1230,1,2,1,1,1,97106,A,0.0,0.0,971
200800075305,8,4,20,2015,5,2,1,1,1,97231,A,0.0,0.0,972
200800075306,8,4,30,930,1,1,1,1,3,97221,A,0.0,0.0,972
200800075307,8,4,6,215,5,2,1,3,1,97221,A,0.0,0.0,972
200800075308,8,4,15,1830,5,1,1,1,6,97232,A,0.0,0.0,972
200800075309,8,4,24,1500,1,1,1,1,3,97223,A,0.0,0.0,972
200800075310,8,4,16,1745,1,2,1,8,6,97218,A,0.0,0.0,972
200800075311,8,4,15,1700,1,1,1,1,1,97224,A,0.0,0.0,972
200800075312,8,4,23,1900,5,1,1,1,1,97229,A,0.0,0.0,972
200800075313,8,4,6,30,5,2,1,1,6,97114,A,0.0,0.0,971
200800075314,8,3,27,115,5,2,1,1,1,97415,R,0.0,0.0,974
200800075316,8,4,21,2200,5,2,1,1,6,97105,A,,,971
200800075317,8,4,2,1131,1,2,1,1,6,97411,R,,,974
200800075318,8,4,3,1335,1,2,1,1,6,97411,R,,,974
200800075319,8,4,6,1836,5,2,1,1,6,97411,R,,,974
200800075320,8,4,7,1815,1,2,1,1,6,97411,R,,,974
200800075321,8,4,8,900,1,2,1,1,6,97411,R,,,974
200800075322,8,4,10,1800,2,2,1,1,6,97411,R,,,974
200800075323,8,4,12,310,5,2,1,1,6,97411,R,,,974
200800075324,8,4,13,1357,1,2,2,1,3,97411,R,,,974
200800075325,8,4,15,1622,1,2,9,1,1,97411,R,,,974
200800075326,8,4,15,1810,5,2,1,1,2,97411,R,,,974
200800075327,8,4,15,1951,5,2,1,1,6,97411,R,,,974
200800075328,8,4,7,1017,1,2,1,1,6,97411,R,,,974
200800075329,8,4,12,1719,1,2,1,1,6,97411,R,,,974
200800075330,8,4,16,1019,1,2,1,1,6,97411,R,,,974
200800075331,8,4,16,1340,1,2,1,1,2,97411,R,,,974
200800075332,8,4,19,1345,1,2,1,1,7,97411,R,,,974
200800075333,8,4,20,544,5,1,1,1,6,97411,R,,,974
200800075334,8,4,24,2250,5,2,1,1,6,97411,R,,,974
200800075335,8,4,20,1440,1,1,1,1,2,97411,R,,,974
200800075336,8,4,23,645,2,2,8,1,6,97411,R,,,974
200800075337,8,4,24,1810,2,2,1,1,5,97411,R,,,974
200800075338,8,4,25,835,1,2,8,1,6,97411,R,,,974
200800075339,8,4,30,2019,5,2,1,1,1,97411,R,,,974
200800075340,8,4,16,1645,1,2,3,1,3,97411,R,,,974
200800075341,8,4,30,1332,1,2,6,1,3,97411,R,,,974
200800075342,8,4,16,1057,1,2,1,1,2,97411,R,,,974
200800075343,8,4,18,1543,1,2,1,1,6,97411,R,,,974
200800075344,8,4,20,1630,1,1,1,1,1,97411,R,,,974
200800075345,8,4,22,1221,1,2,1,1,6,97411,R,,,974
200800075346,8,4,23,1509,1,2,1,2,6,97411,R,,,974
200800075347,8,4,26,144,5,2,1,1,6,97411,R,,,974
200800075348,8,4,29,1100,1,2,1,1,6,97411,R,,,974
200800075349,8,4,23,1915,5,2,1,1,7,97107,A,,,971
200800075350,8,4,4,510,5,1,1,2,3,97113,A,,,971
200800075351,8,4,3,1000,1,2,1,2,2,97101,A,,,971
200800075352,8,4,9,630,1,2,1,1,2,97101,A,,,971
200800075353,8,4,9,750,1,2,3,1,7,97101,A,,,971
200800075354,8,4,5,5,5,1,1,1,3,97101,A,,,971
200800075355,8,4,12,2030,5,1,1,1,3,97101,A,,,971
200800075356,8,4,20,340,5,2,1,1,7,97120,A,,,971
200800075357,8,4,12,220,3,2,1,1,7,97113,A,,,971
200800075358,8,4,25,513,2,2,1,1,7,97101,A,,,971
200800075359,8,4,29,1405,1,2,1,1,7,97101,A,,,971
200800075360,8,4,15,1200,1,2,9,1,2,97101,A,,,971
200800075361,8,4,22,1205,1,2,1,1,7,97120,A,,,971
200800075362,8,4,26,1300,1,1,1,1,6,97113,A,,,971
200800075363,8,4,30,2233,4,1,1,1,6,97101,A,,,971
200800075364,8,4,1,1455,1,2,1,1,6,97209,A,,,972
200800075365,8,4,4,810,1,2,1,1,6,97209,A,,,972
200800075366,8,4,5,830,1,1,1,1,6,97209,A,,,972
200800075367,8,4,7,1140,1,2,1,1,2,97209,A,,,972
200800075368,8,4,9,2000,4,2,1,1,6,97209,A,,,972
200800075369,8,4,10,711,1,2,1,2,6,97209,A,,,972
200800075370,8,4,10,1035,1,1,1,1,6,97209,A,,,972
200800075371,8,4,12,1020,1,2,1,1,6,97209,A,,,972
200800075372,8,4,12,1358,1,2,1,1,6,97209,A,,,972
200800075373,8,4,24,920,1,2,1,2,6,97209,A,,,972
200800075374,8,4,14,2345,5,2,1,1,6,97209,A,,,972
200800075375,8,4,15,1055,1,1,1,1,6,97209,A,,,972
200800075376,8,4,27,1645,1,2,1,1,6,97209,A,,,972