Num_Acc,an,mois,jour,hrmn,lum,agg,int,atm,col,com,gps,lat,long,dep
200800075377,8,4,19,1629,1,2,1,1,6,97209,A,,,972
200800075378,8,4,19,2219,4,1,1,1,6,97209,A,,,972
200800075379,8,4,25,1950,5,2,1,1,6,97209,A,,,972
200800075380,8,4,25,1932,5,2,1,1,6,97209,A,,,972
200800075381,8,4,25,1756,2,2,1,1,6,97209,A,,,972
200800075382,8,4,28,945,1,2,1,1,6,97209,A,,,972
200800075383,8,4,29,1705,2,2,1,1,6,97209,A,,,972
200800075384,8,4,30,820,1,2,1,1,6,97209,A,,,972
200800075385,8,4,5,345,3,1,1,1,6,97213,A,,,972
200800075386,8,4,6,1940,3,1,1,1,6,97213,A,,,972
200800075387,8,4,7,2135,3,1,1,1,1,97213,A,,,972
200800075388,8,4,12,515,2,1,1,1,3,97213,A,,,972
200800075389,8,4,12,1517,1,1,1,1,3,97213,A,,,972
200800075390,8,4,14,1915,3,1,1,1,1,97213,A,,,972
200800075391,8,4,16,710,1,1,1,1,2,97213,A,,,972
200800075392,8,4,16,1330,1,1,1,1,6,97213,A,,,972
200800075393,8,4,18,1925,4,1,1,1,6,97213,A,,,972
200800075394,8,4,19,100,3,1,1,1,6,97213,A,,,972
200800075395,8,4,19,200,3,1,1,1,2,97213,A,,,972
200800075396,8,4,18,1327,1,1,1,1,1,97213,A,,,972
200800075397,8,4,21,1137,1,1,1,1,1,97213,A,,,972
200800075398,8,4,1,1249,1,1,1,1,3,97302,G,,,973
200800075399,8,4,3,1155,1,1,1,1,3,97302,G,,,973
200800075400,8,4,4,1514,1,1,1,1,2,97302,G,,,973
200800075401,8,4,4,705,1,1,1,1,6,97302,G,,,973
200800075402,8,4,6,2015,5,1,1,1,3,97302,G,,,973
200800075403,8,4,10,2047,5,2,2,1,3,97302,G,,,973
200800075404,8,4,13,2045,5,2,1,1,3,97302,G,,,973
200800075405,8,4,11,1900,5,1,1,1,1,97302,G,,,973
200800075406,8,4,11,2115,5,1,3,1,3,97302,G,,,973
200800075407,8,4,12,2305,5,2,1,2,6,97302,G,,,973
200800075408,8,4,15,1317,1,1,1,1,6,97302,G,,,973
200800075409,8,4,23,617,2,2,3,8,3,97302,G,,,973
200800075410,8,4,23,916,1,2,2,1,3,97302,G,,,973
200800075411,8,4,23,1640,1,2,3,2,6,97302,G,,,973
200800075412,8,4,17,1050,1,1,6,2,3,97302,G,,,973
200800075413,8,4,25,2230,5,2,6,1,2,97302,G,,,973
200800075414,8,4,30,2300,4,2,1,1,6,97302,G,,,973
200800075415,8,4,16,1920,3,2,1,1,6,97302,G,,,973
200800075416,8,4,25,1427,1,1,3,1,3,97302,G,,,973
200800075417,8,4,28,1851,2,2,1,1,2,97302,G,,,973
200800075418,8,4,29,1556,1,2,1,2,3,97302,G,,,973
200800075419,8,4,29,1932,5,2,1,1,6,97302,G,,,973
200800075420,8,4,1,1630,1,2,9,1,6,97407,R,,,974
200800075421,8,4,8,1825,2,2,1,1,6,97407,R,,,974
200800075422,8,4,14,2040,3,1,1,1,6,97407,R,,,974
200800075423,8,4,16,1425,1,2,1,1,3,97407,R,,,974
200800075424,8,4,16,1715,1,2,1,1,6,97407,R,,,974
200800075425,8,4,18,1005,1,2,9,1,3,97407,R,,,974
200800075426,8,4,19,730,1,2,1,1,6,97407,R,,,974
200800075427,8,4,25,1035,1,1,1,1,2,97407,R,,,974
200800075428,8,4,30,1005,1,2,1,1,6,97407,R,,,974
200800075429,8,4,12,2105,5,2,1,1,1,97410,R,,,974
200800075430,8,4,11,705,1,2,1,1,6,97416,R,,,974
200800075431,8,4,25,1830,2,2,6,1,3,97416,R,,,974
200800075432,8,4,25,2215,5,2,1,1,6,97414,R,,,974
200800075433,8,4,28,1030,1,2,1,1,7,97414,R,,,974
200800075434,8,4,27,940,1,2,2,1,3,97414,R,,,974
200800075435,8,4,28,1700,1,2,1,1,2,97416,R,,,974
200800075476,8,3,6,1635,1,2,1,1,6,97411,R,,,974
200800075477,8,3,9,1800,2,2,1,1,6,97411,R,,,974
200800075478,8,3,12,1330,1,1,1,1,2,97411,R,,,974
200800075479,8,3,2,150,5,1,1,1,1,97411,R,,,974
200800075480,8,3,25,1150,1,1,1,1,6,97411,R,,,974
200800075481,8,3,9,1518,1,2,1,1,6,97411,R,,,974
200800075482,8,2,23,1200,1,2,2,1,3,97411,R,,,974
200800075483,8,3,6,830,1,2,1,1,6,97411,R,,,974
200800075484,8,3,8,1410,1,2,1,1,2,97411,R,,,974
200800075485,8,3,11,455,2,2,1,1,6,97411,R,,,974
200800075486,8,3,9,1830,5,2,1,1,7,97411,R,,,974
200800075487,8,3,11,650,1,2,1,1,3,97411,R,,,974
200800075488,8,3,11,720,1,2,1,1,7,97411,R,,,974
200800075489,8,3,13,1120,1,2,1,2,7,97411,R,,,974
200800075490,8,3,2,1437,1,1,1,1,6,97411,R,,,974
200800075491,8,3,1,50,5,2,2,1,3,97411,R,,,974
200800075492,8,3,1,2100,5,2,2,1,3,97411,R,,,974
200800075493,8,3,12,1515,1,2,3,1,3,97411,R,,,974
200800075494,8,3,15,800,1,2,1,9,6,97411,R,,,974
200800075495,8,3,14,1800,1,2,9,1,3,97411,R,,,974
200800075496,8,3,13,1922,5,2,1,1,7,97411,R,,,974
200800075497,8,3,14,820,1,1,1,3,6,97411,R,,,974
200800075498,8,3,19,749,1,2,1,1,6,97411,R,,,974
200800075499,8,3,22,1337,1,2,1,1,6,97411,R,,,974
200800075500,8,3,24,1635,1,2,1,1,6,97411,R,,,974
200800075501,8,3,27,805,1,2,1,1,6,97411,R,,,974
200800075502,8,3,30,1414,1,2,1,2,1,97411,R,,,974
200800075503,8,3,30,1520,1,2,1,1,1,97411,R,,,974
200800075504,8,3,25,1624,1,1,1,1,6,97411,R,,,974
200800075505,8,3,27,1240,1,2,1,1,6,97411,R,,,974
200800075506,8,3,4,1745,1,2,1,1,1,97309,G,0.0,0.0,973
200800075507,8,3,11,1145,1,2,1,2,3,97309,G,0.0,0.0,973
200800075508,8,5,31,1215,1,1,1,2,1,97205,A,0.0,0.0,972
200800075509,8,5,27,845,1,2,1,1,3,97207,A,0.0,0.0,972
200800075510,8,5,16,1745,1,2,1,1,1,97220,A,0.0,0.0,972
200800075511,8,5,4,1700,1,1,1,1,1,97217,A,0.0,0.0,972
200800075512,8,5,19,1315,1,1,1,1,3,97226,A,0.0,0.0,972
200800075513,8,5,31,745,1,2,1,1,3,97226,A,0.0,0.0,972
200800075514,8,5,30,2045,5,2,1,1,1,97226,A,0.0,0.0,972
200800075515,8,5,31,1845,3,2,1,1,1,97226,A,0.0,0.0,972
200800075516,8,5,6,800,1,1,1,1,6,97221,A,0.0,0.0,972
200800075517,8,5,10,2115,3,1,9,1,3,97221,A,0.0,0.0,972
200800075518,8,5,14,2230,3,1,1,1,3,97231,A,0.0,0.0,972
200800075519,8,5,25,845,1,2,1,1,1,97231,A,0.0,0.0,972
200800075520,8,5,31,230,3,1,1,2,1,97231,A,0.0,0.0,972
200800075521,8,5,20,2015,3,1,1,1,6,97230,A,0.0,0.0,972
200800075522,8,5,8,615,1,2,1,1,1,97228,A,0.0,0.0,972
200800075523,8,5,11,2045,3,2,1,1,3,97228,A,0.0,0.0,972
200800075524,8,5,20,1445,1,2,1,1,6,97201,A,0.0,0.0,972
200800075525,8,5,16,1215,1,2,9,1,5,97104,A,0.0,0.0,971
200800075526,8,5,20,1230,1,2,1,1,1,97134,A,0.0,0.0,971
200800075527,8,5,31,2245,5,2,1,2,3,97106,A,0.0,0.0,971
200800075528,8,5,31,145,5,1,1,1,6,97109,A,0.0,0.0,971
200800075529,8,5,11,1945,3,2,1,1,2,97107,A,0.0,0.0,971
200800075530,8,5,15,1845,2,1,1,1,6,97107,A,0.0,0.0,971
200800075531,8,5,24,1045,1,1,1,1,1,97107,A,0.0,0.0,971
200800075532,8,5,1,2000,3,1,1,1,5,97127,A,0.0,0.0,971
200800075533,8,5,6,530,2,2,1,1,6,97127,A,0.0,0.0,971
200800075534,8,5,10,630,2,2,1,1,6,97127,A,0.0,0.0,971
200800075535,8,5,10,430,3,1,1,1,6,97127,A,0.0,0.0,971
200800075536,8,5,4,215,5,1,1,1,1,97118,A,0.0,0.0,971
200800075537,8,5,13,1630,1,1,1,1,1,97112,A,0.0,0.0,971
200800075538,8,5,11,2015,3,1,1,1,6,97125,A,0.0,0.0,971
200800075539,8,5,15,1800,1,2,9,1,6,97116,A,0.0,0.0,971
200800075540,8,5,19,1700,1,2,2,1,3,97116,A,0.0,0.0,971
200800075541,8,5,10,2030,5,2,1,1,1,97312,G,0.0,0.0,973
200800075542,8,5,1,1530,1,1,1,1,6,97311,G,0.0,0.0,973
200800075543,8,5,16,1800,1,1,1,1,1,97306,G,0.0,0.0,973
200800075544,8,5,27,1800,2,1,1,1,1,97306,G,0.0,0.0,973
200800075545,8,5,27,1930,3,1,1,1,1,97418,R,2090500.0,5555700.0,974
200800075546,8,5,31,2130,3,1,1,1,6,97410,R,0.0,0.0,974
200800075547,8,5,12,15,5,1,1,1,7,97415,R,0.0,0.0,974
200800075548,8,5,13,1630,1,1,1,1,5,97415,R,0.0,0.0,974
200800075549,8,5,8,2200,5,2,1,1,1,97415,R,0.0,0.0,974
200800075550,8,5,12,1900,5,1,1,1,6,97423,R,0.0,0.0,974
200800075551,8,5,18,400,3,1,1,1,6,97423,R,0.0,0.0,974
200800075552,8,5,18,500,3,1,1,1,6,97423,R,0.0,0.0,974
200800075553,8,5,18,1430,1,1,1,1,1,97405,R,0.0,0.0,974
200800075554,8,5,10,1830,5,2,1,1,3,97414,R,0.0,0.0,974
200800075555,8,5,11,545,5,2,1,2,6,97449,R,0.0,0.0,974
200800075556,8,5,10,1715,1,1,1,1,6,97412,R,0.0,0.0,974
200800075557,8,5,28,1945,5,2,1,1,3,97412,R,0.0,0.0,974
200800075558,8,5,11,1130,1,1,1,2,4,97417,R,0.0,0.0,974
200800075588,8,5,11,2200,5,2,1,2,1,97309,G,0.0,0.0,973
200800075592,8,5,25,1800,2,1,1,1,3,97420,R,0.0,0.0,974
200800075593,8,5,18,2000,3,1,1,1,1,97416,R,0.0,0.0,974
200800075594,8,5,25,1730,1,2,1,1,6,97416,R,0.0,0.0,974
200800075595,8,5,30,530,2,2,1,1,1,97415,R,0.0,0.0,974
200800075599,8,5,1,840,1,2,1,1,6,97105,A,,,971
200800075600,8,5,1,1613,1,1,1,1,3,97105,A,,,971
200800075601,8,5,24,1250,1,2,1,1,3,97105,A,,,971
200800075602,8,5,2,1150,1,1,3,1,6,97107,A,,,971
200800075603,8,5,10,1105,1,2,3,1,3,97107,A,,,971
200800075604,8,5,20,1130,1,2,9,1,2,97107,A,,,971
200800075605,8,5,3,2215,5,1,1,1,7,97101,A,,,971
200800075606,8,5,12,2035,5,2,1,1,1,97113,A,,,971
200800075607,8,5,10,1645,1,1,1,1,7,97101,A,,,971
200800075608,8,5,20,1715,1,1,1,1,3,97101,A,,,971
200800075609,8,5,1,1940,3,1,1,9,1,97101,A,,,971
200800075610,8,5,6,55,5,2,2,1,3,97120,A,,,971
200800075611,8,5,7,1645,1,2,1,1,3,97113,A,,,971
200800075612,8,5,8,740,1,2,1,1,5,97120,A,,,971
200800075613,8,5,8,1730,1,1,1,1,6,97101,A,,,971
200800075614,8,5,12,2130,5,2,1,1,2,97101,A,,,971
200800075615,8,5,16,600,2,1,1,9,6,97113,A,,,971
200800075616,8,5,1,1924,5,2,1,1,7,97101,A,,,971
200800075617,8,5,19,1535,1,1,1,1,3,97101,A,,,971
200800075618,8,5,18,2145,5,1,1,1,3,97101,A,,,971
200800075619,8,5,12,650,1,1,1,9,6,97101,A,,,971
200800075620,8,5,17,2058,1,2,9,1,3,97113,A,,,971
200800075621,8,5,24,810,1,2,1,1,2,97120,A,,,971
200800075622,8,5,23,1900,3,1,1,1,2,97101,A,,,971
200800075623,8,5,26,855,1,2,2,1,7,97101,A,,,971
200800075624,8,5,26,1740,1,1,1,1,3,97113,A,,,971
200800075625,8,5,28,2150,5,2,1,1,7,97101,A,,,971
200800075626,8,5,30,1625,1,2,1,1,3,97120,A,,,971
200800075627,8,5,1,215,4,1,1,1,5,97209,A,,,972
200800075628,8,5,2,1223,1,1,1,1,6,97209,A,,,972
200800075629,8,5,3,153,4,1,1,1,3,97209,A,,,972
200800075630,8,5,5,2245,5,2,1,1,6,97209,A,,,972
200800075631,8,5,9,1815,5,2,1,1,7,97209,A,,,972
200800075632,8,5,9,50,5,2,1,2,6,97209,A,,,972
200800075633,8,5,10,302,5,2,1,1,7,97209,A,,,972
200800075634,8,5,10,6,5,2,1,1,6,97209,A,,,972
200800075635,8,5,13,755,1,2,1,1,6,97209,A,,,972
200800075636,8,5,15,550,2,2,1,1,3,97209,A,,,972
200800075637,8,5,15,1900,5,2,1,2,4,97209,A,,,972
200800075638,8,5,18,130,5,2,1,1,3,97209,A,,,972
200800075639,8,5,18,2015,4,1,1,1,3,97209,A,,,972
200800075640,8,5,22,1114,1,2,1,1,7,97209,A,,,972
200800075641,8,5,22,1500,1,2,1,1,2,97209,A,,,972
200800075642,8,5,24,1146,1,2,1,1,7,97209,A,,,972
200800075643,8,5,24,2238,5,2,1,1,4,97209,A,,,972
200800075644,8,5,25,39,4,1,1,1,7,97209,A,,,972
200800075645,8,5,25,1900,4,2,1,1,6,97209,A,,,972
200800075646,8,5,30,2002,5,2,1,1,3,97209,A,,,972
200800075647,8,5,6,1130,1,1,1,1,2,97213,A,,,972
200800075648,8,5,6,1700,1,1,1,1,2,97213,A,,,972
200800075649,8,5,8,630,2,1,1,1,6,97213,A,,,972
200800075650,8,5,8,2115,5,1,1,1,6,97213,A,,,972
200800075651,8,5,10,1120,1,1,1,1,4,97213,A,,,972
200800075652,8,5,12,1100,1,1,1,1,7,97213,A,,,972
200800075653,8,5,13,2350,5,1,1,1,3,97213,A,,,972
200800075654,8,5,18,2045,3,1,1,1,7,97213,A,,,972
200800075655,8,5,19,1820,2,2,1,1,3,97213,A,,,972
200800075656,8,5,20,1440,1,1,1,1,6,97213,A,,,972
200800075657,8,5,22,2037,3,1,1,1,6,97213,A,,,972
200800075658,8,5,23,900,1,1,1,1,2,97213,A,,,972
200800075659,8,5,23,1530,1,2,1,1,2,97213,A,,,972
200800075660,8,5,24,1730,1,1,1,1,6,97213,A,,,972
200800075661,8,5,25,1300,1,1,1,1,5,97213,A,,,972
200800075662,8,5,28,1430,1,1,1,1,3,97213,A,,,972
200800075663,8,5,29,1415,1,1,2,1,3,97213,A,,,972
200800075664,8,5,1,912,1,2,1,2,2,97302,G,,,973
200800075665,8,5,4,2220,5,2,3,1,3,97302,G,,,973
200800075666,8,5,5,654,2,2,2,1,2,97302,G,,,973
200800075667,8,5,13,2315,5,2,1,1,5,97302,G,,,973
200800075668,8,5,9,1200,1,2,2,1,3,97302,G,,,973
200800075669,8,5,16,922,1,2,1,1,6,97302,G,,,973
200800075670,8,5,17,1245,1,2,1,1,2,97302,G,,,973
200800075671,8,5,19,1844,5,2,1,1,3,97302,G,,,973
200800075672,8,5,10,2150,5,2,1,1,3,97302,G,,,973
200800075673,8,5,14,1929,5,2,3,1,3,97302,G,,,973
200800075674,8,5,23,1500,1,2,1,1,2,97302,G,,,973
200800075675,8,5,28,2345,5,2,1,1,3,97302,G,,,973
200800075676,8,5,30,1930,5,1,6,2,2,97302,G,,,973
200800075677,8,5,30,1810,1,2,1,1,3,97302,G,,,973
200800075678,8,5,29,714,1,1,3,1,3,97302,G,,,973
200800075679,8,5,5,2000,3,1,1,1,6,97407,R,,,974
200800075680,8,5,8,1745,1,1,1,2,6,97407,R,,,974
200800075681,8,5,15,1715,1,1,1,1,6,97407,R,,,974
200800075682,8,5,20,850,1,2,1,1,1,97407,R,,,974
200800075683,8,5,21,1600,1,2,6,1,7,97407,R,,,974
200800075684,8,5,26,1910,5,2,1,1,3,97407,R,,,974
200800075685,8,5,30,1225,1,1,2,1,3,97407,R,,,974
200800075686,8,5,30,1530,1,2,1,1,3,97407,R,,,974
200800075687,8,5,31,1340,1,2,2,1,2,97407,R,,,974
200800075688,8,5,31,2155,5,2,1,2,6,97411,R,,,974
200800075689,8,5,29,1459,1,2,1,1,6,97411,R,,,974
200800075690,8,5,27,1145,1,2,1,1,6,97411,R,,,974
200800075691,8,5,26,1000,1,2,1,1,2,97411,R,,,974
200800075692,8,5,24,1435,1,2,1,1,6,97411,R,,,974
200800075693,8,5,22,830,1,2,1,1,6,97411,R,,,974
200800075694,8,5,21,1604,1,2,1,1,6,97411,R,,,974
200800075695,8,5,16,1340,1,2,1,1,6,97411,R,,,974
200800075696,8,5,29,1450,1,2,1,1,6,97411,R,,,974
200800075697,8,5,30,721,1,2,1,1,6,97411,R,,,974
200800075698,8,5,1,1522,1,2,5,1,3,97411,R,,,974
200800075699,8,5,6,1300,1,2,1,1,6,97411,R,,,974
200800075700,8,5,7,1825,5,2,1,1,6,97411,R,,,974
200800075701,8,5,8,930,1,2,2,1,3,97411,R,,,974
200800075702,8,5,14,1950,3,2,1,1,6,97411,R,,,974
200800075703,8,5,8,1550,1,2,1,1,7,97411,R,,,974
200800075704,8,5,7,1953,5,1,1,1,3,97411,R,,,974
200800075705,8,5,5,1515,1,2,3,1,3,97414,R,,,974
200800075706,8,5,13,1836,2,2,1,1,6,97416,R,,,974
200800075707,8,5,14,1730,1,2,1,1,6,97414,R,,,974
200800075750,8,6,23,1715,1,1,3,8,3,97224,A,0.0,0.0,972
200800075751,8,6,10,645,1,1,1,1,5,97204,A,0.0,0.0,972
200800075752,8,6,3,900,1,1,1,2,1,97225,A,0.0,0.0,972
200800075753,8,6,6,730,1,2,1,1,6,97225,A,0.0,0.0,972
200800075754,8,6,2,1530,1,1,1,1,4,97207,A,0.0,0.0,972
200800075755,8,6,1,2100,3,1,1,8,2,97221,A,0.0,0.0,972
200800075756,8,6,9,930,1,1,9,1,3,97230,A,0.0,0.0,972
200800075757,8,6,21,1615,1,1,1,1,5,97230,A,0.0,0.0,972
200800075758,8,6,6,1745,1,1,1,1,3,97222,A,0.0,0.0,972
200800075759,8,6,23,700,1,2,1,1,6,97228,A,0.0,0.0,972
200800075760,8,6,7,2000,5,1,1,1,1,97216,A,0.0,0.0,972
200800075761,8,6,26,930,1,1,1,1,1,97216,A,0.0,0.0,972
200800075762,8,6,28,830,1,1,1,2,6,97214,A,0.0,0.0,972
200800075763,8,6,5,2030,3,1,2,1,1,97106,A,0.0,0.0,971
200800075764,8,6,25,1145,1,1,1,2,1,97132,A,0.0,0.0,971
200800075765,8,6,30,1415,1,2,1,1,1,97109,A,0.0,0.0,971
200800075766,8,6,1,1500,1,1,1,1,7,97133,A,0.0,0.0,971
200800075767,8,6,23,815,1,2,1,1,1,97107,A,0.0,0.0,971
200800075768,8,6,27,1100,1,1,1,1,1,97114,A,0.0,0.0,971
200800075769,8,6,9,2100,3,1,1,1,3,97123,A,0.0,0.0,971
200800075770,8,6,15,300,5,2,1,1,3,97123,A,0.0,0.0,971
200800075771,8,6,16,145,5,2,1,1,6,97123,A,0.0,0.0,971
200800075772,8,6,24,815,1,2,1,1,1,97127,A,0.0,0.0,971
200800075773,8,6,10,1730,1,1,1,1,3,97115,A,0.0,0.0,971
200800075774,8,6,22,630,1,1,1,1,3,97115,A,0.0,0.0,971
200800075775,8,6,26,800,1,1,1,1,3,97115,A,0.0,0.0,971
200800075776,8,6,12,1300,1,1,1,1,2,97118,A,0.0,0.0,971
200800075777,8,6,6,730,1,1,1,1,1,97112,A,0.0,0.0,971
200800075778,8,6,11,1100,1,2,1,1,1,97117,A,0.0,0.0,971
200800075779,8,6,22,1245,1,1,1,1,1,97117,A,0.0,0.0,971
200800075780,8,6,30,1600,1,1,1,1,6,97119,A,0.0,0.0,971
200800075781,8,6,13,1500,1,2,1,1,6,97125,A,0.0,0.0,971
200800075782,8,6,29,530,2,1,1,1,6,97128,A,0.0,0.0,971
200800075783,8,6,13,515,2,2,3,2,3,97116,A,0.0,0.0,971
200800075784,8,6,13,2030,3,1,1,1,2,97116,A,0.0,0.0,971
200800075785,8,6,16,1830,1,1,1,1,1,97116,A,0.0,0.0,971
200800075786,8,6,9,815,1,1,1,1,3,97307,G,0.0,0.0,973
200800075787,8,6,22,630,1,2,1,1,1,97307,G,0.0,0.0,973
200800075788,8,6,26,1400,1,1,1,3,1,97307,G,0.0,0.0,973
200800075789,8,6,29,1900,5,1,1,1,7,97307,G,0.0,0.0,973
200800075790,8,6,20,900,1,1,1,3,3,97305,G,0.0,0.0,973
200800075791,8,6,21,1030,3,1,1,1,7,97312,G,0.0,0.0,973
200800075792,8,6,19,1745,3,2,1,1,3,97311,G,0.0,0.0,973
200800075793,8,6,21,1015,1,2,1,1,1,97418,R,0.0,0.0,974
200800075794,8,6,19,1930,5,2,1,1,3,97420,R,0.0,0.0,974
200800075795,8,6,6,1745,2,2,9,1,2,97402,R,0.0,0.0,974
200800075796,8,6,20,630,1,1,1,8,6,97419,R,0.0,0.0,974
200800075797,8,6,17,845,1,1,1,1,5,97415,R,0.0,0.0,974
200800075798,8,6,20,1600,1,1,9,1,6,97415,R,0.0,0.0,974
200800075799,8,6,6,1545,1,1,1,1,6,97415,R,0.0,0.0,974
200800075800,8,6,29,245,3,1,1,1,7,97404,R,0.0,0.0,974
200800075801,8,6,6,745,1,2,1,1,6,97423,R,0.0,0.0,974
200800075802,8,6,3,1645,1,1,1,1,1,97422,R,0.0,0.0,974
200800075803,8,6,14,1745,2,1,1,1,3,97422,R,0.0,0.0,974
200800075833,8,6,1,600,1,2,1,1,6,97103,A,0.0,0.0,971
200800075834,8,6,16,1630,1,2,1,1,6,97103,A,0.0,0.0,971
200800075839,8,6,14,530,2,1,1,1,1,97309,G,0.0,0.0,973
200800075840,8,6,1,15,3,1,1,2,6,97448,R,0.0,0.0,974
200800075841,8,6,16,2130,4,2,1,1,1,97448,R,0.0,0.0,974
200800075842,8,6,3,1545,1,2,1,1,5,97304,G,0.0,0.0,973
200800075843,8,6,3,1930,5,1,1,1,3,97304,G,0.0,0.0,973
200800075847,8,6,12,2115,3,1,6,1,1,97226,A,0.0,0.0,972
200800075848,8,6,22,1400,1,2,1,1,7,97416,R,0.0,0.0,974
200800075849,8,6,12,915,1,1,1,1,3,97415,R,0.0,0.0,974
200800075852,8,6,11,1150,1,2,1,1,2,97105,A,,,971
200800075853,8,6,18,1030,1,2,1,1,3,97105,A,,,971
200800075854,8,6,27,1230,1,1,1,1,3,97105,A,,,971
200800075855,8,6,13,2215,5,2,1,2,4,97107,A,,,971
200800075856,8,6,25,1210,1,2,1,8,6,97107,A,,,971
200800075857,8,6,29,1810,2,2,4,1,3,97107,A,,,971
200800075858,8,6,2,715,1,1,9,9,3,97113,A,,,971
200800075859,8,6,7,2057,5,2,1,1,3,97101,A,,,971
200800075860,8,6,11,2130,3,2,1,1,3,97101,A,,,971
200800075861,8,6,17,2330,5,2,1,1,3,97120,A,,,971
200800075862,8,6,16,420,5,2,1,1,1,97101,A,,,971
200800075863,8,6,16,421,5,1,1,1,2,97101,A,,,971
200800075864,8,6,11,1120,1,2,1,1,6,97120,A,,,971
200800075865,8,6,18,1535,1,2,1,1,6,97120,A,,,971
200800075866,8,6,1,2030,3,1,1,1,3,97101,A,,,971
200800075867,8,6,24,650,1,2,1,2,6,97101,A,,,971
200800075868,8,6,29,1510,1,2,1,1,7,97101,A,,,971
200800075869,8,6,29,640,1,1,1,1,5,97101,A,,,971
200800075870,8,6,27,1220,1,2,1,1,2,97120,A,,,971
200800075871,8,6,28,430,2,2,1,1,7,97101,A,,,971
200800075872,8,6,29,1410,1,2,1,9,7,97120,A,,,971
200800075873,8,6,4,1906,5,1,1,1,2,97101,A,,,971
200800075874,8,6,1,815,1,2,1,1,7,97209,A,,,972
200800075875,8,6,2,750,1,1,1,1,4,97209,A,,,972
200800075876,8,6,5,2020,5,2,1,1,6,97209,A,,,972
200800075877,8,6,5,1148,1,2,1,1,6,97209,A,,,972
200800075878,8,6,6,2110,5,2,1,1,2,97209,A,,,972
200800075879,8,6,6,2206,4,2,1,1,7,97209,A,,,972
200800075880,8,6,7,1810,3,1,1,1,7,97209,A,,,972
200800075881,8,6,8,430,4,2,1,1,7,97209,A,,,972
200800075882,8,6,12,815,1,1,1,1,2,97209,A,,,972
200800075883,8,6,13,2150,4,2,1,1,6,97209,A,,,972
200800075884,8,6,15,335,4,1,1,1,1,97209,A,,,972
200800075885,8,6,16,1231,1,1,1,1,6,97209,A,,,972
200800075886,8,6,18,1110,1,2,1,1,7,97209,A,,,972
200800075887,8,6,18,1040,1,2,1,1,6,97209,A,,,972
200800075888,8,6,19,1530,1,1,1,1,6,97209,A,,,972
200800075889,8,6,26,430,4,1,1,1,7,97209,A,,,972
200800075890,8,6,26,1143,1,2,1,1,6,97209,A,,,972
200800075891,8,6,27,831,1,2,1,1,7,97209,A,,,972
200800075892,8,6,28,2054,4,1,1,2,6,97209,A,,,972
200800075893,8,6,28,423,4,1,1,2,6,97209,A,,,972
200800075894,8,6,6,1350,1,1,1,1,4,97213,A,,,972
200800075895,8,6,6,1645,1,1,1,1,2,97213,A,,,972
200800075896,8,6,8,1,4,1,1,1,2,97213,A,,,972
200800075897,8,6,8,530,2,2,1,1,1,97213,A,,,972
200800075898,8,6,9,700,1,1,1,1,3,97213,A,,,972
200800075899,8,6,10,1400,1,2,1,1,4,97213,A,,,972
200800075900,8,6,15,400,5,1,1,1,7,97213,A,,,972
200800075901,8,6,16,700,1,1,1,1,5,97213,A,,,972
200800075902,8,6,20,1920,3,1,1,1,6,97213,A,,,972
200800075903,8,6,25,1400,1,1,1,1,2,97213,A,,,972
200800075904,8,6,29,630,2,2,1,1,1,97213,A,,,972
200800075905,8,6,2,1040,1,2,1,1,6,97302,G,,,973
200800075906,8,6,2,1650,1,2,1,1,3,97302,G,,,973
200800075907,8,6,5,1655,1,2,1,1,6,97302,G,,,973
200800075908,8,6,6,1855,5,2,1,1,6,97302,G,,,973
200800075909,8,6,9,800,1,2,2,1,3,97302,G,,,973
200800075910,8,6,10,1940,5,2,3,1,3,97302,G,,,973
200800075911,8,6,12,1641,1,2,1,1,6,97302,G,,,973
200800075912,8,6,12,1420,1,2,1,1,3,97302,G,,,973
200800075913,8,6,12,1816,1,2,2,1,6,97302,G,,,973
200800075914,8,6,17,1920,4,2,1,1,6,97302,G,,,973
200800075915,8,6,16,1907,5,2,6,1,2,97302,G,,,973
200800075916,8,6,17,1813,2,2,1,1,6,97302,G,,,973
200800075917,8,6,14,1810,1,2,3,1,6,97302,G,,,973
200800075918,8,6,21,1630,1,2,1,1,6,97302,G,,,973
200800075919,8,6,21,1040,1,2,1,1,3,97302,G,,,973
200800075920,8,6,20,1814,1,2,3,9,2,97302,G,,,973
200800075921,8,6,27,1710,1,1,3,1,3,97302,G,,,973
200800075922,8,6,28,1655,1,1,6,1,2,97302,G,,,973
200800075923,8,6,29,2006,5,2,6,1,6,97302,G,,,973
200800075924,8,6,28,630,1,1,1,1,7,97302,G,,,973
200800075925,8,6,27,1145,1,1,3,1,6,97302,G,,,973
200800075926,8,6,30,1125,1,2,3,1,3,97302,G,,,973
200800075927,8,6,1,1800,1,2,1,1,2,97407,R,,,974
200800075928,8,6,3,1820,1,1,1,2,2,97407,R,,,974
200800075929,8,6,5,2000,5,2,2,1,1,97407,R,,,974
200800075930,8,6,7,1000,1,2,2,1,3,97407,R,,,974
200800075931,8,6,7,1635,1,2,1,1,3,97407,R,,,974
200800075932,8,6,11,1143,1,2,3,1,2,97407,R,,,974
200800075933,8,6,11,2000,5,2,3,1,6,97407,R,,,974
200800075934,8,6,12,745,1,2,1,1,6,97407,R,,,974
200800075935,8,6,12,1520,1,2,3,1,3,97407,R,,,974
200800075936,8,6,13,1620,1,2,1,1,5,97407,R,,,974
200800075937,8,6,18,748,1,2,1,1,6,97407,R,,,974