Num_Acc,an,mois,jour,hrmn,lum,agg,int,atm,col,com,gps,lat,long,dep
200800075938,8,6,19,1720,1,2,1,1,6,97407,R,,,974
200800075939,8,6,20,1450,1,2,3,1,3,97407,R,,,974
200800075940,8,6,27,1600,1,2,1,1,7,97407,R,,,974
200800075941,8,6,27,1840,2,2,1,1,6,97407,R,,,974
200800075942,8,6,28,2040,5,2,2,1,6,97407,R,,,974
200800075943,8,6,29,1230,1,1,1,1,6,97407,R,,,974
200800075944,8,6,22,107,5,2,1,1,1,97411,R,,,974
200800075945,8,6,1,630,1,2,1,1,7,97411,R,,,974
200800075946,8,6,1,1730,1,2,1,1,6,97411,R,,,974
200800075947,8,6,2,1710,1,2,1,1,6,97411,R,,,974
200800075948,8,6,3,945,1,2,1,1,3,97411,R,,,974
200800075949,8,6,3,1222,1,2,1,2,6,97411,R,,,974
200800075950,8,6,5,1700,1,1,1,1,7,97411,R,,,974
200800075951,8,6,5,800,1,2,1,1,6,97411,R,,,974
200800075952,8,6,6,1756,5,2,1,1,3,97411,R,,,974
200800075953,8,6,6,1939,5,2,1,1,6,97411,R,,,974
200800075954,8,6,10,1950,5,2,1,1,6,97411,R,,,974
200800075955,8,6,11,1525,1,2,8,1,6,97411,R,,,974
200800075956,8,6,12,1631,1,2,1,1,4,97411,R,,,974
200800075957,8,6,14,1010,1,2,1,1,4,97411,R,,,974
200800075958,8,6,15,1315,1,2,1,1,1,97411,R,,,974
200800075959,8,6,18,1354,1,2,5,1,3,97411,R,,,974
200800075960,8,6,19,1340,1,2,1,1,3,97411,R,,,974
200800075961,8,6,21,1510,1,2,1,1,6,97411,R,,,974
200800075962,8,6,26,806,1,2,3,1,6,97411,R,,,974
200800075963,8,6,26,2221,5,2,1,1,2,97411,R,,,974
200800075964,8,6,27,1845,5,2,9,1,3,97411,R,,,974
200800075965,8,6,27,2020,5,2,1,1,5,97411,R,,,974
200800075966,8,6,29,1005,1,2,1,1,6,97411,R,,,974
200800075967,8,6,30,1442,1,2,1,1,7,97411,R,,,974
200800075968,8,6,5,1210,1,2,1,1,7,97411,R,,,974
200800075969,8,6,20,2217,5,2,1,1,3,97411,R,,,974
200800075970,8,6,9,733,1,2,1,1,6,97411,R,,,974
200800075971,8,6,10,1600,1,2,9,1,3,97411,R,,,974
200800075972,8,6,10,1755,2,2,8,1,1,97411,R,,,974
200800075973,8,6,15,2223,3,2,8,1,6,97411,R,,,974
200800075974,8,6,29,1925,5,1,1,1,6,97411,R,,,974
200800075975,8,6,1,400,5,2,1,3,7,97416,R,,,974
200800075976,8,6,5,815,1,2,1,1,3,97416,R,,,974
200800075977,8,6,5,1630,1,2,1,1,2,97416,R,,,974
200800075978,8,6,15,1325,1,2,1,1,6,97416,R,,,974
200800075979,8,6,21,900,1,2,6,1,3,97416,R,,,974
200800075980,8,6,21,2000,5,2,3,1,3,97416,R,,,974
200800075981,8,6,24,1145,1,2,3,1,1,97414,R,,,974
200800075982,8,6,25,1355,1,2,2,1,3,97416,R,,,974
200800075983,8,6,28,2020,5,2,1,1,6,97416,R,,,974
200800075984,8,6,30,1210,1,2,1,1,7,97416,R,,,974
200800076030,8,7,6,2100,5,1,1,1,3,97224,A,0.0,0.0,972
200800076031,8,7,21,700,1,2,1,1,6,97204,A,0.0,0.0,972
200800076032,8,7,1,1600,1,1,1,1,3,97210,A,0.0,0.0,972
200800076033,8,7,12,1430,1,1,1,1,7,97210,A,0.0,0.0,972
200800076034,8,7,1,645,1,1,1,1,6,97207,A,0.0,0.0,972
200800076035,8,7,5,100,3,1,1,2,6,97207,A,0.0,0.0,972
200800076036,8,7,6,1400,1,1,1,1,7,97223,A,0.0,0.0,972
200800076037,8,7,26,1400,1,1,1,1,6,97223,A,0.0,0.0,972
200800076038,8,7,4,2145,3,1,1,1,7,97217,A,0.0,0.0,972
200800076039,8,7,2,330,5,1,1,1,6,97221,A,0.0,0.0,972
200800076040,8,7,28,400,5,2,1,1,7,97221,A,0.0,0.0,972
200800076041,8,7,15,2130,3,2,1,1,6,97230,A,0.0,0.0,972
200800076042,8,7,16,1830,5,1,1,1,1,97222,A,0.0,0.0,972
200800076043,8,7,11,730,1,1,1,1,1,97124,A,0.0,0.0,971
200800076044,8,7,15,1945,3,1,1,2,5,97132,A,0.0,0.0,971
200800076045,8,7,24,1445,1,2,1,1,1,97132,A,0.0,0.0,971
200800076046,8,7,8,1430,1,1,1,1,1,97107,A,0.0,0.0,971
200800076047,8,7,6,1000,1,1,1,1,1,97107,A,0.0,0.0,971
200800076048,8,7,9,2300,3,1,1,1,1,97114,A,0.0,0.0,971
200800076049,8,7,11,2030,3,1,1,1,2,97114,A,0.0,0.0,971
200800076050,8,7,14,1730,1,2,1,1,7,97107,A,0.0,0.0,971
200800076051,8,7,19,1530,1,1,1,1,3,97114,A,0.0,0.0,971
200800076052,8,7,20,1630,1,1,1,1,3,97114,A,0.0,0.0,971
200800076053,8,7,5,1800,1,2,1,1,1,97131,A,0.0,0.0,971
200800076054,8,7,6,445,5,1,1,1,1,97123,A,0.0,0.0,971
200800076055,8,7,10,630,1,1,1,1,5,97127,A,0.0,0.0,971
200800076056,8,7,9,1945,5,2,1,1,6,97127,A,0.0,0.0,971
200800076057,8,7,13,500,2,1,1,1,3,97115,A,0.0,0.0,971
200800076058,8,7,1,1730,1,2,1,1,1,97118,A,0.0,0.0,971
200800076059,8,7,5,2030,5,1,1,1,1,97129,A,0.0,0.0,971
200800076060,8,7,5,1845,5,1,1,1,7,97108,A,0.0,0.0,971
200800076061,8,7,10,900,1,1,1,1,6,97112,A,0.0,0.0,971
200800076062,8,7,12,630,1,1,1,7,5,97117,A,0.0,0.0,971
200800076063,8,7,13,1200,1,2,1,1,3,97122,A,0.0,0.0,971
200800076064,8,7,23,445,3,1,1,1,5,97122,A,0.0,0.0,971
200800076065,8,7,26,1845,5,2,1,1,3,97122,A,0.0,0.0,971
200800076066,8,7,27,245,5,2,1,1,7,97122,A,0.0,0.0,971
200800076067,8,7,8,1145,1,1,1,1,5,97125,A,0.0,0.0,971
200800076068,8,7,15,400,5,2,1,1,6,97128,A,0.0,0.0,971
200800076069,8,7,25,2030,5,1,1,1,2,97128,A,0.0,0.0,971
200800076070,8,7,25,930,1,2,1,1,5,97116,A,0.0,0.0,971
200800076071,8,7,26,30,5,2,1,3,6,97116,A,0.0,0.0,971
200800076072,8,7,20,2230,3,1,1,1,1,97307,G,0.0,0.0,973
200800076073,8,7,25,1200,1,2,1,1,6,97307,G,0.0,0.0,973
200800076074,8,7,30,715,1,1,1,1,3,97307,G,0.0,0.0,973
200800076075,8,7,26,1700,1,2,1,1,7,97312,G,0.0,0.0,973
200800076076,8,7,13,1015,1,1,1,1,1,97303,G,0.0,0.0,973
200800076077,8,7,20,1700,1,1,1,1,1,97310,G,0.0,0.0,973
200800076078,8,7,31,2130,3,1,1,1,6,97311,G,0.0,0.0,973
200800076079,8,7,19,1000,3,1,1,1,7,97306,G,0.0,0.0,973
200800076080,8,7,19,930,1,1,1,1,5,97408,R,0.0,0.0,974
200800076081,8,7,15,815,1,2,1,1,6,97410,R,0.0,0.0,974
200800076082,8,7,18,1530,1,2,1,1,3,97415,R,0.0,0.0,974
200800076083,8,7,20,1045,1,1,1,1,1,97415,R,0.0,0.0,974
200800076084,8,7,22,1645,1,1,1,1,3,97415,R,0.0,0.0,974
200800076085,8,7,9,830,1,2,1,1,1,97405,R,0.0,0.0,974
200800076086,8,7,11,1,3,1,1,1,6,97414,R,0.0,0.0,974
200800076087,8,7,31,1630,1,2,1,1,1,97403,R,0.0,0.0,974
200800076088,8,7,14,1145,1,2,1,1,6,97412,R,0.0,0.0,974
200800076089,8,7,18,1430,1,1,1,1,1,97412,R,0.0,0.0,974
200800076090,8,7,9,1545,1,2,1,1,1,97422,R,0.0,0.0,974
200800076091,8,7,14,1930,3,2,1,1,3,97422,R,0.0,0.0,974
200800076130,8,7,3,1915,5,2,1,1,2,97309,G,0.0,0.0,973
200800076131,8,7,22,1145,1,1,1,7,6,97440,R,0.0,0.0,974
200800076133,8,7,3,2230,5,2,1,1,3,97304,G,0.0,0.0,973
200800076134,8,7,5,1130,1,1,1,3,7,97304,G,0.0,0.0,973
200800076135,8,7,9,1415,1,1,1,1,1,97304,G,0.0,0.0,973
200800076136,8,7,26,645,1,2,1,1,4,97304,G,0.0,0.0,973
200800076137,8,7,5,500,3,1,1,1,1,97416,R,0.0,0.0,974
200800076138,8,7,7,2200,5,2,1,1,2,97416,R,0.0,0.0,974
200800076139,8,7,22,830,3,1,1,3,2,97416,R,0.0,0.0,974
200800076140,8,7,23,2215,3,1,1,3,2,97416,R,0.0,0.0,974
200800076141,8,7,26,500,3,1,1,1,1,97416,R,0.0,0.0,974
200800076142,8,7,25,700,1,2,1,1,5,97415,R,0.0,0.0,974
200800076143,8,7,1,2130,5,2,1,1,6,97451,R,0.0,0.0,974
200800076144,8,7,26,15,3,2,1,1,1,97451,R,0.0,0.0,974
200800076145,8,7,26,1915,5,2,1,1,1,97451,R,0.0,0.0,974
200800076148,8,7,11,1250,2,2,1,1,2,97105,A,,,971
200800076149,8,7,31,1140,1,2,1,2,5,97105,A,,,971
200800076150,8,7,11,1110,1,2,1,1,6,97105,A,,,971
200800076151,8,7,6,1330,1,2,2,1,3,97107,A,,,971
200800076152,8,7,2,1330,1,2,1,1,6,97113,A,,,971
200800076153,8,7,4,1955,3,2,1,1,7,97120,A,,,971
200800076154,8,7,5,1700,1,2,6,1,2,97101,A,,,971
200800076155,8,7,6,310,5,2,1,1,5,97101,A,,,971
200800076156,8,7,22,1440,1,2,1,1,6,97101,A,,,971
200800076157,8,7,18,1830,1,1,1,1,6,97101,A,,,971
200800076158,8,7,18,1210,1,2,1,1,2,97120,A,,,971
200800076159,8,7,20,1515,1,2,1,1,3,97101,A,,,971
200800076160,8,7,10,1755,1,1,1,1,3,97113,A,,,971
200800076161,8,7,11,2200,4,1,1,1,1,97101,A,,,971
200800076162,8,7,30,1440,1,1,1,1,3,97101,A,,,971
200800076163,8,7,20,815,1,2,1,1,3,97120,A,,,971
200800076164,8,7,26,2240,5,1,9,1,3,97113,A,,,971
200800076165,8,7,26,220,5,2,1,1,6,97101,A,,,971
200800076166,8,7,14,1300,1,2,1,2,3,97101,A,,,971
200800076167,8,7,1,1229,1,2,1,1,6,97209,A,,,972
200800076168,8,7,2,1455,1,2,1,1,6,97209,A,,,972
200800076169,8,7,3,815,1,2,1,1,7,97209,A,,,972
200800076170,8,7,4,2115,5,2,1,1,7,97209,A,,,972
200800076171,8,7,9,1710,5,2,1,1,6,97209,A,,,972
200800076172,8,7,10,1720,5,2,1,1,6,97209,A,,,972
200800076173,8,7,13,1955,5,2,1,1,6,97209,A,,,972
200800076174,8,7,18,1350,1,2,1,1,7,97209,A,,,972
200800076175,8,7,30,2120,4,2,1,1,6,97209,A,,,972
200800076176,8,7,21,730,1,2,1,1,6,97209,A,,,972
200800076177,8,7,23,1320,1,2,1,1,2,97209,A,,,972
200800076178,8,7,25,835,1,1,1,1,6,97209,A,,,972
200800076179,8,7,31,1330,1,2,1,1,1,97209,A,,,972
200800076180,8,7,1,1500,1,1,2,1,3,97213,A,,,972
200800076181,8,7,2,1200,1,1,1,1,2,97213,A,,,972
200800076182,8,7,9,1908,5,1,1,1,2,97213,A,,,972
200800076183,8,7,10,1718,2,1,1,1,6,97213,A,,,972
200800076184,8,7,12,1615,1,1,1,1,1,97213,A,,,972
200800076185,8,7,13,1645,1,1,1,1,6,97213,A,,,972
200800076186,8,7,14,105,5,1,1,1,3,97213,A,,,972
200800076187,8,7,15,1815,2,1,1,2,2,97213,A,,,972
200800076188,8,7,15,2050,5,1,1,1,3,97213,A,,,972
200800076189,8,7,16,940,1,1,1,1,6,97213,A,,,972
200800076190,8,7,18,1400,1,1,1,3,5,97213,A,,,972
200800076191,8,7,19,100,5,1,1,2,7,97213,A,,,972
200800076192,8,7,21,1900,3,1,1,1,2,97213,A,,,972
200800076193,8,7,25,15,4,1,1,1,6,97213,A,,,972
200800076194,8,7,25,2120,5,2,1,1,3,97213,A,,,972
200800076195,8,7,28,1630,1,1,1,3,2,97213,A,,,972
200800076196,8,7,28,1800,2,1,1,3,2,97213,A,,,972
200800076197,8,7,31,1430,1,1,1,1,6,97213,A,,,972
200800076198,8,7,2,1029,1,2,2,1,6,97302,G,,,973
200800076199,8,7,3,2040,5,2,3,1,6,97302,G,,,973
200800076200,8,7,6,115,5,2,1,1,3,97302,G,,,973
200800076201,8,7,6,2110,5,1,1,1,2,97302,G,,,973
200800076202,8,7,5,1757,1,2,1,1,3,97302,G,,,973
200800076203,8,7,6,2130,5,2,1,1,3,97302,G,,,973
200800076204,8,7,7,955,1,2,1,1,6,97302,G,,,973
200800076205,8,7,10,1345,1,2,3,1,3,97302,G,,,973
200800076206,8,7,9,1510,1,2,2,1,3,97302,G,,,973
200800076207,8,7,11,1654,1,2,1,1,6,97302,G,,,973
200800076208,8,7,14,2315,5,2,1,1,1,97302,G,,,973
200800076209,8,7,10,923,1,1,1,1,2,97302,G,,,973
200800076210,8,7,15,1118,1,2,1,1,3,97302,G,,,973
200800076211,8,7,16,2120,5,1,1,1,3,97302,G,,,973
200800076212,8,7,20,1542,1,2,2,1,3,97302,G,,,973
200800076213,8,7,18,1950,5,2,1,1,6,97302,G,,,973
200800076214,8,7,22,955,1,2,3,1,3,97302,G,,,973
200800076215,8,7,24,616,1,2,3,1,3,97302,G,,,973
200800076216,8,7,24,1520,1,2,1,1,5,97302,G,,,973
200800076217,8,7,26,912,1,2,2,1,3,97302,G,,,973
200800076218,8,7,26,454,5,1,1,1,2,97302,G,,,973
200800076219,8,7,31,949,1,2,1,1,6,97302,G,,,973
200800076220,8,7,31,654,2,1,1,1,3,97302,G,,,973
200800076221,8,7,31,1120,1,2,1,1,2,97302,G,,,973
200800076222,8,7,1,1340,1,2,3,1,7,97407,R,,,974
200800076223,8,7,2,1020,1,2,3,1,3,97407,R,,,974
200800076224,8,7,4,1615,1,2,1,1,6,97407,R,,,974
200800076225,8,7,4,1710,1,2,2,1,6,97407,R,,,974
200800076226,8,7,5,1500,1,2,2,1,3,97407,R,,,974
200800076227,8,7,5,2219,1,2,1,1,7,97407,R,,,974
200800076228,8,7,6,1420,1,2,1,1,7,97407,R,,,974
200800076229,8,7,9,1945,5,2,2,1,3,97407,R,,,974
200800076230,8,7,15,1115,1,2,2,1,2,97407,R,,,974
200800076231,8,7,15,1520,1,2,2,1,6,97407,R,,,974
200800076232,8,7,16,1325,1,2,6,1,2,97407,R,,,974
200800076233,8,7,17,655,1,2,3,1,3,97407,R,,,974
200800076234,8,7,18,1525,1,2,1,1,6,97407,R,,,974
200800076235,8,7,22,1130,1,2,3,1,3,97407,R,,,974
200800076236,8,7,23,1114,1,1,1,1,3,97407,R,,,974
200800076237,8,7,1,955,1,2,1,1,6,97411,R,,,974
200800076238,8,7,3,2215,5,2,1,1,1,97411,R,,,974
200800076239,8,7,4,1530,1,2,8,1,6,97411,R,,,974
200800076240,8,7,5,850,1,2,1,1,3,97411,R,,,974
200800076241,8,7,2,1500,1,2,1,1,6,97411,R,,,974
200800076242,8,7,9,1721,2,2,8,1,6,97411,R,,,974
200800076243,8,7,10,1300,1,2,1,1,4,97411,R,,,974
200800076244,8,7,18,853,1,2,1,1,6,97411,R,,,974
200800076245,8,7,19,630,1,2,3,1,2,97411,R,,,974
200800076246,8,7,20,1935,5,2,2,1,3,97411,R,,,974
200800076247,8,7,21,1405,1,2,1,1,1,97411,R,,,974
200800076248,8,7,24,945,1,2,9,1,6,97411,R,,,974
200800076249,8,7,24,1901,5,2,3,1,3,97411,R,,,974
200800076250,8,7,26,1147,1,2,1,1,3,97411,R,,,974
200800076251,8,7,27,147,5,2,1,2,7,97411,R,,,974
200800076252,8,7,28,1629,1,2,1,2,3,97411,R,,,974
200800076253,8,7,30,1600,1,2,1,1,1,97411,R,,,974
200800076254,8,7,30,1915,5,2,3,1,3,97411,R,,,974
200800076255,8,7,31,1220,1,2,1,1,2,97411,R,,,974
200800076256,8,7,8,1815,2,2,8,1,6,97411,R,,,974
200800076257,8,7,1,1100,1,2,1,1,6,97411,R,,,974
200800076258,8,7,3,1640,1,2,1,1,6,97411,R,,,974
200800076259,8,7,14,2007,5,2,1,2,6,97411,R,,,974
200800076260,8,7,21,1140,1,2,1,1,6,97411,R,,,974
200800076261,8,7,26,1930,5,2,1,1,1,97411,R,,,974
200800076262,8,7,30,1800,2,2,1,1,2,97411,R,,,974
200800076263,8,7,1,1625,1,2,1,7,6,97416,R,,,974
200800076264,8,7,7,1430,1,2,1,1,6,97416,R,,,974
200800076265,8,7,23,1830,1,2,3,1,3,97416,R,,,974
200800076266,8,7,23,2100,4,2,1,2,2,97414,R,,,974
200800076267,8,7,23,2215,4,2,1,2,2,97414,R,,,974
200800076268,8,7,25,1330,1,2,1,1,2,97416,R,,,974
200800076308,8,8,18,2000,3,2,1,1,1,97205,A,0.0,0.0,972
200800076309,8,8,2,1615,1,2,1,1,6,97218,A,0.0,0.0,972
200800076310,8,8,7,1800,1,1,1,1,3,97210,A,0.0,0.0,972
200800076311,8,8,4,1715,1,1,1,1,1,97207,A,0.0,0.0,972
200800076312,8,8,28,1030,1,2,1,1,3,97223,A,0.0,0.0,972
200800076313,8,8,11,2030,5,1,1,1,1,97232,A,0.0,0.0,972
200800076314,8,8,7,2330,5,1,1,1,1,97232,A,0.0,0.0,972
200800076315,8,8,27,2330,5,1,1,1,6,97221,A,0.0,0.0,972
200800076316,8,8,30,930,1,1,1,1,3,97221,A,0.0,0.0,972
200800076317,8,8,11,2200,5,2,3,1,3,97231,A,0.0,0.0,972
200800076318,8,8,18,545,2,1,1,1,6,97231,A,0.0,0.0,972
200800076319,8,8,21,1415,1,1,1,1,1,97231,A,0.0,0.0,972
200800076320,8,8,20,2200,3,1,1,1,3,97222,A,0.0,0.0,972
200800076321,8,8,31,530,2,1,6,1,6,97222,A,0.0,0.0,972
200800076322,8,8,2,1815,1,2,1,1,7,97228,A,0.0,0.0,972
200800076323,8,8,26,930,1,2,1,1,6,97228,A,0.0,0.0,972
200800076324,8,8,12,1545,1,1,1,1,3,97214,A,0.0,0.0,972
200800076325,8,8,2,845,1,2,1,1,6,97104,A,0.0,0.0,971
200800076326,8,8,26,30,5,2,1,1,6,97104,A,0.0,0.0,971
200800076327,8,8,2,1900,4,1,6,1,6,97114,A,0.0,0.0,971
200800076328,8,8,5,1630,1,1,1,1,3,97107,A,0.0,0.0,971
200800076329,8,8,6,1115,1,1,1,1,1,97107,A,0.0,0.0,971
200800076330,8,8,9,2100,5,1,1,1,3,97107,A,0.0,0.0,971
200800076331,8,8,12,2100,5,1,1,2,7,97107,A,0.0,0.0,971
200800076332,8,8,14,1000,1,1,1,1,2,97107,A,0.0,0.0,971
200800076333,8,8,24,1445,1,1,1,1,5,97114,A,0.0,0.0,971
200800076334,8,8,29,300,5,2,1,1,7,97131,A,0.0,0.0,971
200800076335,8,8,23,1330,1,1,1,7,5,97115,A,0.0,0.0,971
200800076336,8,8,31,230,5,1,1,1,6,97118,A,0.0,0.0,971
200800076337,8,8,11,2000,3,1,1,1,5,97129,A,0.0,0.0,971
200800076338,8,8,7,1445,1,1,1,1,1,97112,A,0.0,0.0,971
200800076339,8,8,20,1145,1,1,1,1,1,97108,A,0.0,0.0,971
200800076340,8,8,21,1545,1,1,1,1,7,97112,A,0.0,0.0,971
200800076341,8,8,13,1300,1,1,1,1,6,97117,A,0.0,0.0,971
200800076342,8,8,13,1730,1,2,1,7,1,97117,A,0.0,0.0,971
200800076343,8,8,18,515,3,1,1,2,1,97119,A,0.0,0.0,971
200800076344,8,8,6,2245,3,1,1,1,5,97125,A,0.0,0.0,971
200800076345,8,8,23,2330,3,1,1,1,1,97125,A,0.0,0.0,971
200800076346,8,8,4,545,2,1,1,1,6,97128,A,0.0,0.0,971
200800076347,8,8,2,615,2,1,1,1,6,97307,G,0.0,0.0,973
200800076348,8,8,25,1830,2,1,1,1,3,97307,G,0.0,0.0,973
200800076349,8,8,28,130,3,1,1,1,3,97307,G,0.0,0.0,973
200800076350,8,8,11,600,2,2,1,1,7,97311,G,0.0,0.0,973
200800076351,8,8,19,1930,5,2,1,1,6,97311,G,0.0,0.0,973
200800076352,8,8,11,630,1,1,1,1,7,97306,G,0.0,0.0,973
200800076353,8,8,11,1300,1,2,1,1,3,97418,R,0.0,0.0,974
200800076354,8,8,1,845,1,1,1,1,1,97420,R,0.0,0.0,974
200800076355,8,8,1,1815,5,2,1,1,3,97410,R,0.0,0.0,974
200800076356,8,8,9,100,5,2,1,1,2,97415,R,0.0,0.0,974
200800076357,8,8,11,2045,5,2,2,1,6,97415,R,0.0,0.0,974
200800076358,8,8,23,1115,1,1,1,1,1,97415,R,0.0,0.0,974
200800076359,8,8,25,830,1,2,1,1,3,97415,R,0.0,0.0,974
200800076360,8,8,27,1645,1,1,1,1,1,97415,R,0.0,0.0,974
200800076361,8,8,15,1400,1,1,9,1,6,97415,R,0.0,0.0,974
200800076362,8,8,21,1600,1,1,1,1,1,97414,R,0.0,0.0,974
200800076363,8,8,13,2015,3,1,1,1,1,97417,R,0.0,0.0,974
200800076364,8,8,11,1515,1,1,1,1,2,97417,R,0.0,0.0,974
200800076365,8,8,30,1900,5,2,1,1,6,97417,R,0.0,0.0,974
200800076366,8,8,1,800,1,1,1,7,6,97422,R,0.0,0.0,974
200800076390,8,8,17,1945,5,1,1,1,6,97103,A,0.0,0.0,971
200800076393,8,8,10,1645,1,1,1,8,3,97448,R,0.0,0.0,974
200800076396,8,8,3,1700,1,1,1,1,5,97304,G,0.0,0.0,973
200800076397,8,8,11,1930,3,1,1,1,3,97304,G,0.0,0.0,973
200800076399,8,8,25,1530,1,2,1,1,1,97498,R,0.0,0.0,974
200800076400,8,8,6,1400,1,1,1,1,5,97227,A,0.0,0.0,972
200800076401,8,8,9,1700,3,1,1,1,7,97451,R,0.0,0.0,974
200800076402,8,8,24,315,3,2,1,1,6,97451,R,0.0,0.0,974
200800076403,8,8,29,2145,5,2,1,1,3,97451,R,0.0,0.0,974
200800076407,8,8,2,815,3,1,1,1,6,97401,R,0.0,0.0,974
200800076408,8,8,14,2100,3,1,1,1,7,97401,R,0.0,0.0,974
200800076409,8,6,28,2230,3,2,1,1,6,97101,A,,,971
200800076410,8,5,12,2310,5,1,1,1,1,97101,A,,,971
200800076411,8,5,11,1750,1,1,1,1,1,97101,A,,,971
200800076412,8,4,1,1425,1,1,1,1,2,97213,A,,,972
200800076413,8,4,24,2145,3,1,1,1,6,97213,A,,,972
200800076414,8,4,25,750,1,1,1,1,5,97213,A,,,972
200800076415,8,4,26,130,3,1,1,2,6,97213,A,,,972
200800076416,8,4,29,905,1,1,1,1,1,97213,A,,,972
200800076417,8,5,3,35,4,1,1,1,6,97213,A,,,972
200800076418,8,5,3,215,4,1,1,1,6,97213,A,,,972
200800076419,8,5,5,1700,1,1,1,1,2,97213,A,,,972
200800076420,8,5,5,1905,5,1,1,1,3,97213,A,,,972
200800076421,8,6,21,400,3,1,1,1,7,97213,A,,,972
200800076422,8,8,10,1925,3,2,1,1,6,97407,R,,,974
200800076423,8,8,11,1102,1,1,1,1,6,97407,R,,,974
200800076424,8,8,18,5,3,1,1,1,7,97407,R,,,974
200800076425,8,8,19,830,1,2,3,1,3,97407,R,,,974
200800076426,8,8,25,1725,1,2,1,1,3,97407,R,,,974
200800076427,8,8,27,1220,1,2,1,1,3,97407,R,,,974
200800076428,8,8,29,705,1,2,1,1,3,97407,R,,,974
200800076429,8,8,31,1315,1,2,2,1,3,97407,R,,,974
200800076430,8,8,31,2030,5,2,1,1,6,97407,R,,,974
200800076431,8,8,8,2035,5,2,9,1,6,97409,R,,,974
200800076432,8,8,4,1730,1,2,8,1,3,97411,R,,,974
200800076433,8,8,5,820,1,2,1,1,6,97411,R,,,974
200800076434,8,8,7,1615,1,2,1,1,6,97411,R,,,974
200800076435,8,8,8,652,1,2,8,1,6,97411,R,,,974
200800076436,8,8,8,1225,1,2,1,1,2,97411,R,,,974
200800076437,8,8,11,455,2,2,8,1,6,97411,R,,,974
200800076438,8,8,11,1527,1,2,8,1,3,97411,R,,,974
200800076439,8,8,12,1228,1,2,8,1,6,97411,R,,,974
200800076440,8,8,15,1612,1,2,8,1,6,97411,R,,,974
200800076441,8,8,17,1000,1,2,1,1,6,97411,R,,,974
200800076442,8,8,19,1455,1,2,8,1,6,97411,R,,,974
200800076443,8,8,21,1434,1,2,1,1,3,97411,R,,,974
200800076444,8,8,22,1249,1,2,1,1,5,97411,R,,,974
200800076445,8,8,24,1025,1,2,2,1,3,97411,R,,,974
200800076446,8,8,25,1615,1,2,1,1,2,97411,R,,,974
200800076447,8,8,28,1817,2,2,8,1,6,97411,R,,,974
200800076448,8,8,29,1851,5,2,1,1,3,97411,R,,,974
200800076449,8,8,30,1750,2,2,1,1,1,97411,R,,,974
200800076450,8,8,1,1630,1,2,3,1,1,97414,R,,,974
200800076451,8,8,2,450,5,2,1,1,6,97416,R,,,974
200800076452,8,8,4,1800,3,2,1,1,6,97414,R,,,974
200800076453,8,8,6,2300,5,2,2,1,3,97416,R,,,974
200800076454,8,8,13,2230,5,2,1,1,7,97416,R,,,974
200800076455,8,8,15,400,5,2,1,1,7,97414,R,,,974
200800076456,8,8,19,1635,1,2,1,1,6,97416,R,,,974
200800076457,8,8,21,1300,1,2,1,1,6,97414,R,,,974
200800076458,8,8,22,515,3,2,1,1,6,97414,R,,,974
200800076459,8,8,30,1730,1,2,1,1,6,97414,R,,,974
200800076478,8,8,8,1225,1,2,1,1,3,97407,R,,,974
200800076483,8,8,4,2024,5,2,1,1,6,97101,A,,,971
200800076484,8,8,3,2120,4,2,1,1,6,97120,A,,,971
200800076485,8,8,1,1917,5,2,1,1,1,97101,A,,,971
200800076486,8,8,9,1150,1,1,1,1,5,97101,A,,,971
200800076487,8,8,9,1815,5,1,1,1,3,97113,A,,,971
200800076488,8,8,11,1845,5,2,1,1,6,97113,A,,,971
200800076489,8,8,18,550,1,2,1,1,6,97113,A,,,971
200800076490,8,8,21,2223,4,1,1,1,3,97113,A,,,971
200800076491,8,8,22,1145,1,1,1,1,3,97101,A,,,971
200800076492,8,8,20,2005,5,2,1,1,2,97101,A,,,971
200800076493,8,8,10,1357,1,1,1,1,6,97113,A,,,971
200800076494,8,8,18,1930,4,2,1,1,1,97113,A,,,971
200800076495,8,8,21,1820,4,1,1,1,3,97101,A,,,971
200800076496,8,8,28,2329,5,2,1,1,6,97101,A,,,971
200800076497,8,8,29,1640,1,2,1,1,6,97120,A,,,971
200800076498,8,8,29,2145,5,2,1,1,3,97120,A,,,971
200800076499,8,8,30,2326,5,2,1,1,3,97101,A,,,971
200800076500,8,8,31,900,1,2,1,1,6,97101,A,,,971
200800076501,8,8,29,2130,5,2,1,1,6,97101,A,,,971
200800076502,8,8,28,1430,1,1,1,1,1,97101,A,,,971
200800076503,8,8,24,1225,1,2,1,1,6,97120,A,,,971
200800076504,8,8,2,1425,1,2,1,2,6,97209,A,,,972
200800076505,8,8,4,941,1,2,1,1,6,97209,A,,,972
200800076506,8,8,4,1933,4,2,1,1,6,97209,A,,,972
200800076507,8,8,7,2145,5,2,1,1,6,97209,A,,,972
200800076508,8,8,13,1415,1,1,1,1,4,97209,A,,,972
200800076509,8,8,14,1400,1,1,1,1,2,97209,A,,,972
200800076510,8,8,22,1445,1,1,1,1,1,97209,A,,,972
200800076511,8,8,23,1048,1,1,1,2,6,97209,A,,,972
200800076512,8,8,25,730,1,2,1,1,7,97209,A,,,972
200800076513,8,8,27,1136,1,2,1,1,7,97209,A,,,972
200800076514,8,8,28,1400,1,2,1,1,2,97209,A,,,972
200800076515,8,8,30,1410,1,2,1,1,7,97209,A,,,972
200800076516,8,8,30,1645,1,1,1,1,6,97209,A,,,972
200800076517,8,8,31,2025,4,2,1,1,6,97209,A,,,972