Num_Acc,an,mois,jour,hrmn,lum,agg,int,atm,col,com,gps,lat,long,dep
200800076518,8,8,31,1640,1,2,1,1,7,97209,A,,,972
200800076519,8,8,1,1250,1,1,1,1,4,97213,A,,,972
200800076520,8,8,1,2055,3,1,1,1,6,97213,A,,,972
200800076521,8,8,4,1815,5,1,1,2,5,97213,A,,,972
200800076522,8,8,7,2030,3,1,1,1,1,97213,A,,,972
200800076523,8,8,8,1100,1,1,1,1,4,97213,A,,,972
200800076524,8,8,12,1100,1,1,1,1,5,97213,A,,,972
200800076525,8,8,15,1730,1,1,1,1,3,97213,A,,,972
200800076526,8,8,13,845,1,2,1,1,6,97213,A,,,972
200800076527,8,8,17,130,3,1,1,1,2,97213,A,,,972
200800076528,8,8,17,1420,1,1,1,1,1,97213,A,,,972
200800076529,8,8,17,1730,1,1,1,1,3,97213,A,,,972
200800076530,8,8,17,430,3,1,1,2,6,97213,A,,,972
200800076531,8,8,18,800,1,1,1,1,4,97213,A,,,972
200800076532,8,8,19,1625,1,1,1,1,3,97213,A,,,972
200800076533,8,8,24,1330,1,1,1,1,6,97213,A,,,972
200800076534,8,8,24,2140,4,1,1,1,6,97213,A,,,972
200800076535,8,8,24,2230,5,1,1,2,3,97213,A,,,972
200800076536,8,8,26,1613,1,1,1,3,4,97213,A,,,972
200800076537,8,8,27,745,1,1,1,1,3,97213,A,,,972
200800076538,8,8,27,755,1,1,1,2,1,97213,A,,,972
200800076539,8,8,28,1455,1,1,1,1,1,97213,A,,,972
200800076540,8,8,28,1340,1,1,1,3,2,97213,A,,,972
200800076541,8,8,28,2100,3,1,1,1,1,97213,A,,,972
200800076542,8,8,29,200,3,1,1,1,6,97213,A,,,972
200800076543,8,8,2,1015,1,2,6,1,3,97302,G,,,973
200800076544,8,8,3,1650,1,2,1,1,4,97302,G,,,973
200800076545,8,8,2,240,5,1,1,1,1,97302,G,,,973
200800076546,8,8,5,2016,5,2,3,1,5,97302,G,,,973
200800076547,8,8,8,1410,1,2,1,1,2,97302,G,,,973
200800076548,8,8,9,1400,1,2,1,1,6,97302,G,,,973
200800076549,8,8,7,1419,1,2,1,1,6,97302,G,,,973
200800076550,8,8,12,1328,1,2,2,1,3,97302,G,,,973
200800076551,8,8,14,1143,1,2,4,1,3,97302,G,,,973
200800076552,8,8,13,1105,1,2,1,1,3,97302,G,,,973
200800076553,8,8,20,2000,5,1,1,1,2,97302,G,,,973
200800076554,8,8,20,1820,2,2,2,1,3,97302,G,,,973
200800076555,8,8,21,126,4,2,1,1,1,97302,G,,,973
200800076556,8,8,25,1151,1,2,3,1,3,97302,G,,,973
200800076557,8,8,23,1735,1,2,1,1,3,97302,G,,,973
200800076558,8,8,27,2100,4,2,1,1,6,97302,G,,,973
200800076559,8,8,27,723,1,2,1,1,6,97302,G,,,973
200800076560,8,8,6,700,1,2,1,1,6,97407,R,,,974
200800076561,8,8,6,745,1,2,1,1,3,97407,R,,,974
200800076562,8,8,6,1250,1,2,2,1,3,97407,R,,,974
200800076563,8,9,19,800,1,1,1,1,6,97103,A,0.0,0.0,971
200800076564,8,9,5,2330,4,2,1,9,6,97229,A,0.0,0.0,972
200800076565,8,9,18,2200,3,1,4,1,3,97210,A,0.0,0.0,972
200800076566,8,9,18,600,1,1,1,3,1,97230,A,0.0,0.0,972
200800076567,8,9,26,1600,1,1,1,2,3,97124,A,0.0,0.0,971
200800076568,8,9,28,1315,1,1,1,1,6,97124,A,0.0,0.0,971
200800076569,8,9,4,745,5,1,1,1,5,97111,A,0.0,0.0,971
200800076570,8,9,12,1330,1,1,1,1,6,97111,A,0.0,0.0,971
200800076571,8,9,7,1615,1,2,1,1,2,97114,A,0.0,0.0,971
200800076572,8,9,27,30,5,2,1,3,6,97107,A,0.0,0.0,971
200800076573,8,9,7,1945,5,2,1,1,1,97127,A,0.0,0.0,971
200800076574,8,9,6,2030,5,2,1,1,1,97118,A,0.0,0.0,971
200800076575,8,9,18,2030,5,1,1,1,1,97118,A,0.0,0.0,971
200800076576,8,9,11,800,1,1,1,1,3,97125,A,0.0,0.0,971
200800076577,8,9,5,615,1,1,1,1,6,97128,A,0.0,0.0,971
200800076578,8,9,19,1445,1,1,1,1,3,97128,A,0.0,0.0,971
200800076579,8,9,27,300,3,1,1,1,7,97307,G,0.0,0.0,973
200800076580,8,9,7,915,1,1,1,1,6,97301,G,0.0,0.0,973
200800076581,8,9,29,830,1,1,1,1,6,97308,G,0.0,0.0,973
200800076582,8,9,3,2115,3,1,1,1,6,97311,G,0.0,0.0,973
200800076583,8,9,27,1200,1,2,1,1,6,97311,G,0.0,0.0,973
200800076584,8,9,30,1245,1,2,1,1,3,97311,G,0.0,0.0,973
200800076585,8,9,16,1515,1,1,1,1,6,97306,G,0.0,0.0,973
200800076586,8,9,29,530,2,1,1,5,1,97306,G,0.0,0.0,973
200800076587,8,9,14,1300,1,1,1,1,4,97420,R,0.0,0.0,974
200800076588,8,9,18,745,1,2,1,1,3,97410,R,0.0,0.0,974
200800076589,8,9,4,645,1,1,6,1,3,97415,R,0.0,0.0,974
200800076590,8,9,11,1930,3,1,9,1,1,97415,R,0.0,0.0,974
200800076591,8,9,18,815,1,2,3,1,3,97415,R,0.0,0.0,974
200800076592,8,9,12,1130,1,2,1,1,6,97415,R,0.0,0.0,974
200800076593,8,9,30,1445,1,1,1,1,5,97415,R,0.0,0.0,974
200800076594,8,9,15,1215,1,2,1,1,1,97415,R,0.0,0.0,974
200800076595,8,9,1,1715,1,1,1,1,1,97405,R,0.0,0.0,974
200800076596,8,9,19,2215,3,2,1,1,1,97405,R,0.0,0.0,974
200800076597,8,9,13,1945,3,1,1,1,1,97414,R,0.0,0.0,974
200800076598,8,9,4,1015,1,2,1,1,7,97424,R,0.0,0.0,974
200800076599,8,9,9,1015,1,1,1,1,3,97449,R,0.0,0.0,974
200800076623,8,9,3,2200,3,1,1,1,6,97103,A,0.0,0.0,971
200800076626,8,9,7,745,3,1,1,1,1,97309,G,0.0,0.0,973
200800076627,8,9,6,1115,1,2,1,1,1,97448,R,0.0,0.0,974
200800076629,8,9,6,745,1,1,1,1,1,97304,G,0.0,0.0,973
200800076630,8,9,11,830,1,1,1,1,6,97418,R,0.0,0.0,974
200800076631,8,9,18,1630,1,1,1,1,3,97418,R,0.0,0.0,974
200800076632,8,9,22,1715,1,1,1,1,6,97498,R,0.0,0.0,974
200800076633,8,9,6,1415,1,2,1,1,1,97416,R,0.0,0.0,974
200800076638,8,8,15,1055,1,2,1,1,6,97105,A,,,971
200800076639,8,8,16,920,1,2,1,1,3,97105,A,,,971
200800076640,8,9,12,920,1,2,1,1,2,97105,A,,,971
200800076641,8,9,19,1230,1,2,1,2,3,97105,A,,,971
200800076642,8,9,15,920,1,2,1,1,3,97107,A,,,971
200800076643,8,9,3,910,1,2,1,1,6,97113,A,,,971
200800076644,8,9,3,1710,1,2,1,1,3,97113,A,,,971
200800076645,8,9,4,1620,1,1,1,1,6,97101,A,,,971
200800076646,8,9,7,2150,5,1,1,2,6,97113,A,,,971
200800076647,8,9,14,1124,1,2,1,1,3,97113,A,,,971
200800076648,8,9,14,1752,1,2,1,1,1,97113,A,,,971
200800076649,8,9,5,1645,1,1,1,1,3,97113,A,,,971
200800076650,8,9,22,1440,1,1,1,1,3,97113,A,,,971
200800076651,8,9,26,1858,5,2,1,3,2,97101,A,,,971
200800076652,8,9,26,2330,5,2,1,1,2,97113,A,,,971
200800076653,8,9,27,1315,1,1,1,8,1,97113,A,,,971
200800076654,8,9,29,1500,1,2,1,1,6,97101,A,,,971
200800076655,8,9,6,700,1,1,1,1,6,97101,A,,,971
200800076656,8,9,30,500,2,1,1,9,6,97101,A,,,971
200800076657,8,9,2,1700,1,1,1,1,3,97209,A,,,972
200800076658,8,9,3,1320,1,2,1,1,7,97209,A,,,972
200800076659,8,9,4,1705,1,2,1,1,6,97209,A,,,972
200800076660,8,9,7,749,1,2,1,1,6,97209,A,,,972
200800076661,8,9,8,1450,1,2,1,1,6,97209,A,,,972
200800076662,8,9,9,1005,1,2,1,1,6,97209,A,,,972
200800076663,8,9,9,1340,1,2,1,1,6,97209,A,,,972
200800076664,8,9,13,810,1,2,1,1,6,97209,A,,,972
200800076665,8,9,15,1021,1,2,1,1,6,97209,A,,,972
200800076666,8,9,16,1825,5,2,1,2,6,97209,A,,,972
200800076667,8,9,17,2322,5,2,1,1,3,97209,A,,,972
200800076668,8,9,18,1520,1,1,1,1,6,97209,A,,,972
200800076669,8,9,19,1340,1,2,1,1,6,97209,A,,,972
200800076670,8,9,20,45,5,2,1,2,2,97209,A,,,972
200800076671,8,9,21,1405,1,2,1,1,2,97209,A,,,972
200800076672,8,9,22,2240,5,2,1,1,6,97209,A,,,972
200800076673,8,9,23,1410,1,2,1,3,6,97209,A,,,972
200800076674,8,9,23,1730,1,1,1,1,6,97209,A,,,972
200800076675,8,9,28,345,5,2,1,1,6,97209,A,,,972
200800076676,8,9,28,1210,1,2,1,1,6,97209,A,,,972
200800076677,8,9,29,1330,1,2,1,2,6,97209,A,,,972
200800076678,8,9,1,2050,3,2,1,1,6,97213,A,,,972
200800076679,8,9,3,1200,1,1,1,1,5,97213,A,,,972
200800076680,8,9,7,1910,3,1,1,1,6,97213,A,,,972
200800076681,8,9,9,710,1,2,1,1,3,97213,A,,,972
200800076682,8,9,10,1530,1,2,1,1,1,97213,A,,,972
200800076683,8,9,12,750,1,1,1,1,2,97213,A,,,972
200800076684,8,9,15,5,3,1,1,1,2,97213,A,,,972
200800076685,8,9,16,1940,3,2,1,1,1,97213,A,,,972
200800076686,8,9,18,905,1,1,1,1,6,97213,A,,,972
200800076687,8,9,26,2015,3,1,6,1,2,97213,A,,,972
200800076688,8,9,27,1530,1,1,1,1,1,97213,A,,,972
200800076689,8,9,4,1130,1,1,1,1,2,97213,A,,,972
200800076690,8,9,2,1655,1,2,3,1,3,97302,G,,,973
200800076691,8,9,1,710,1,2,1,1,3,97302,G,,,973
200800076692,8,9,4,1640,1,2,3,1,3,97302,G,,,973
200800076693,8,9,3,1955,5,2,6,1,3,97302,G,,,973
200800076694,8,9,3,1405,1,1,1,1,3,97302,G,,,973
200800076695,8,9,4,1605,1,2,3,1,3,97302,G,,,973
200800076696,8,9,4,1920,5,2,3,1,3,97302,G,,,973
200800076697,8,9,5,1735,1,2,3,1,3,97302,G,,,973
200800076698,8,9,4,640,1,2,1,1,3,97302,G,,,973
200800076699,8,9,8,1320,1,2,6,1,7,97302,G,,,973
200800076700,8,9,11,700,1,2,1,1,3,97302,G,,,973
200800076701,8,9,14,1408,1,2,3,1,3,97302,G,,,973
200800076702,8,9,17,1215,1,2,2,1,3,97302,G,,,973
200800076703,8,9,17,600,2,1,6,1,3,97302,G,,,973
200800076704,8,9,20,1247,1,2,1,1,2,97302,G,,,973
200800076705,8,9,22,2015,5,2,3,1,3,97302,G,,,973
200800076706,8,9,19,1139,1,2,1,1,3,97302,G,,,973
200800076707,8,9,20,956,1,2,1,1,3,97302,G,,,973
200800076708,8,9,29,1525,1,2,3,1,3,97302,G,,,973
200800076709,8,9,30,1335,1,1,1,1,6,97302,G,,,973
200800076710,8,9,25,1720,1,2,3,1,3,97302,G,,,973
200800076711,8,9,25,1856,5,2,1,1,6,97302,G,,,973
200800076712,8,9,2,515,3,1,1,1,6,97407,R,,,974
200800076713,8,9,5,1750,1,2,3,1,3,97407,R,,,974
200800076714,8,9,9,2130,3,2,1,1,7,97407,R,,,974
200800076715,8,9,16,1330,1,2,3,1,3,97407,R,,,974
200800076716,8,9,16,2125,3,2,1,1,7,97407,R,,,974
200800076717,8,9,20,1855,2,2,1,1,1,97407,R,,,974
200800076718,8,9,20,1935,3,2,6,1,7,97407,R,,,974
200800076719,8,9,24,1600,1,2,1,1,3,97407,R,,,974
200800076720,8,9,28,1605,1,2,1,1,7,97407,R,,,974
200800076721,8,9,29,2015,3,2,1,1,1,97407,R,,,974
200800076722,8,9,1,900,1,2,6,1,3,97409,R,,,974
200800076723,8,9,6,1210,1,2,3,1,3,97409,R,,,974
200800076724,8,9,8,1840,2,2,9,1,1,97409,R,,,974
200800076725,8,9,15,740,1,2,1,1,7,97409,R,,,974
200800076726,8,9,21,1950,3,2,9,1,7,97409,R,,,974
200800076727,8,9,7,2120,5,2,1,1,6,97411,R,,,974
200800076728,8,9,23,730,1,2,3,1,3,97411,R,,,974
200800076729,8,9,2,1020,1,2,6,1,6,97411,R,,,974
200800076730,8,9,4,950,1,2,3,1,3,97411,R,,,974
200800076731,8,9,6,740,1,2,2,1,3,97411,R,,,974
200800076732,8,9,9,1510,1,2,1,1,2,97411,R,,,974
200800076733,8,9,10,1530,1,2,1,1,6,97411,R,,,974
200800076734,8,9,10,1745,1,2,1,1,6,97411,R,,,974
200800076735,8,9,11,1025,1,2,1,1,1,97411,R,,,974
200800076736,8,9,12,1450,1,2,1,1,3,97411,R,,,974
200800076737,8,9,15,1520,1,2,1,1,6,97411,R,,,974
200800076738,8,9,15,1915,5,2,1,1,3,97411,R,,,974
200800076739,8,9,18,1840,2,2,1,1,6,97411,R,,,974
200800076740,8,9,19,1830,2,2,1,1,3,97411,R,,,974
200800076741,8,9,24,1845,2,2,1,1,3,97411,R,,,974
200800076742,8,9,26,2115,5,2,1,1,6,97411,R,,,974
200800076743,8,9,3,1919,5,2,2,1,3,97411,R,,,974
200800076744,8,9,6,444,1,2,1,1,6,97411,R,,,974
200800076745,8,9,10,26,4,2,1,1,7,97411,R,,,974
200800076746,8,9,14,2315,3,1,1,1,6,97411,R,,,974
200800076747,8,9,28,1502,1,2,1,1,7,97411,R,,,974
200800076748,8,9,29,735,1,2,1,1,6,97411,R,,,974
200800076749,8,9,29,1739,1,2,1,1,3,97411,R,,,974
200800076750,8,9,30,1751,2,1,1,1,2,97411,R,,,974
200800076751,8,9,9,1715,1,2,1,1,1,97414,R,,,974
200800076752,8,9,13,1510,1,2,1,1,2,97416,R,,,974
200800076753,8,9,13,1735,1,2,1,1,6,97414,R,,,974
200800076754,8,9,13,1900,5,2,2,1,3,97416,R,,,974
200800076755,8,9,15,710,1,2,1,1,6,97416,R,,,974
200800076756,8,9,20,2030,5,2,2,1,3,97416,R,,,974
200800076757,8,9,24,500,3,2,1,1,6,97416,R,,,974
200800076758,8,9,25,1055,1,2,1,1,6,97416,R,,,974
200800076759,8,9,25,1140,1,2,1,1,6,97414,R,,,974
200800076760,8,9,25,2010,5,2,2,1,3,97416,R,,,974
200800076761,8,9,28,415,5,2,2,1,3,97416,R,,,974
200800076762,8,9,30,1730,1,2,1,1,6,97414,R,,,974
200800076797,8,10,19,1915,3,1,3,1,3,97229,A,0.0,0.0,972
200800076798,8,10,5,830,3,2,1,1,1,97205,A,0.0,0.0,972
200800076799,8,10,27,915,1,1,1,1,5,97218,A,0.0,0.0,972
200800076800,8,10,11,2200,3,1,3,2,3,97210,A,0.0,0.0,972
200800076801,8,10,24,2145,3,1,1,1,1,97220,A,0.0,0.0,972
200800076802,8,10,1,1745,2,1,1,1,1,97232,A,0.0,0.0,972
200800076803,8,10,6,1100,1,1,1,3,1,97221,A,0.0,0.0,972
200800076804,8,10,18,15,3,1,1,1,2,97221,A,0.0,0.0,972
200800076805,8,10,17,1700,2,2,1,3,1,97228,A,0.0,0.0,972
200800076806,8,10,19,1315,1,1,1,1,3,97203,A,0.0,0.0,972
200800076807,8,10,29,2145,5,1,1,3,6,97124,A,0.0,0.0,971
200800076808,8,10,11,2100,3,1,1,1,7,97106,A,0.0,0.0,971
200800076809,8,10,22,1200,1,1,1,1,7,97132,A,0.0,0.0,971
200800076810,8,10,18,945,1,1,1,1,1,97107,A,0.0,0.0,971
200800076811,8,10,15,645,1,1,1,1,5,97114,A,0.0,0.0,971
200800076812,8,10,30,145,3,1,1,2,6,97114,A,0.0,0.0,971
200800076813,8,10,12,1800,3,2,1,1,6,97127,A,0.0,0.0,971
200800076814,8,10,6,800,1,1,1,1,3,97115,A,0.0,0.0,971
200800076815,8,10,20,700,1,1,1,1,3,97115,A,0.0,0.0,971
200800076816,8,10,25,1545,1,2,1,1,1,97115,A,0.0,0.0,971
200800076817,8,10,4,1430,1,1,1,1,5,97118,A,0.0,0.0,971
200800076818,8,10,15,15,5,1,1,3,6,97118,A,0.0,0.0,971
200800076819,8,10,17,1700,1,1,1,1,3,97129,A,0.0,0.0,971
200800076820,8,10,18,1100,1,1,2,1,5,97129,A,0.0,0.0,971
200800076821,8,10,28,1745,2,2,1,1,2,97112,A,0.0,0.0,971
200800076822,8,10,25,1545,1,1,1,1,2,97117,A,0.0,0.0,971
200800076823,8,10,30,1800,1,1,1,1,2,97117,A,0.0,0.0,971
200800076824,8,10,5,1845,5,1,1,1,6,97128,A,0.0,0.0,971
200800076825,8,10,23,1945,5,1,1,1,2,97128,A,0.0,0.0,971
200800076826,8,10,16,1215,1,2,1,2,1,97116,A,0.0,0.0,971
200800076827,8,10,17,945,1,2,1,1,6,97116,A,0.0,0.0,971
200800076828,8,10,21,1630,1,1,1,1,6,97116,A,0.0,0.0,971
200800076829,8,10,31,530,2,2,1,1,3,97116,A,0.0,0.0,971
200800076830,8,10,21,1930,4,1,1,1,1,97307,G,0.0,0.0,973
200800076831,8,10,26,1930,3,2,1,1,1,97307,G,0.0,0.0,973
200800076832,8,10,31,2145,1,1,1,1,6,97307,G,0.0,0.0,973
200800076833,8,10,14,2100,3,1,1,1,6,97312,G,0.0,0.0,973
200800076834,8,10,17,1215,1,1,1,1,1,97303,G,0.0,0.0,973
200800076835,8,10,2,1845,5,2,1,1,1,97311,G,0.0,0.0,973
200800076836,8,10,19,1200,1,2,1,1,2,97311,G,0.0,0.0,973
200800076837,8,10,4,245,3,1,1,1,2,97418,R,0.0,0.0,974
200800076838,8,10,20,730,1,1,1,1,6,97406,R,0.0,0.0,974
200800076839,8,10,13,615,1,2,1,1,1,97419,R,0.0,0.0,974
200800076840,8,10,28,315,3,2,1,1,7,97419,R,0.0,0.0,974
200800076841,8,10,6,1315,1,2,1,1,1,97421,R,0.0,0.0,974
200800076842,8,10,12,1745,2,1,1,2,7,97421,R,0.0,0.0,974
200800076843,8,10,9,900,1,1,1,1,1,97415,R,0.0,0.0,974
200800076844,8,10,8,2100,3,1,1,1,7,97415,R,0.0,0.0,974
200800076845,8,10,31,1315,1,2,1,1,6,97415,R,0.0,0.0,974
200800076846,8,10,9,1215,1,1,1,1,1,97415,R,0.0,0.0,974
200800076847,8,10,22,1645,1,1,1,1,1,97415,R,0.0,0.0,974
200800076848,8,10,19,1000,1,1,1,1,6,97405,R,0.0,0.0,974
200800076849,8,10,19,1515,1,2,3,1,3,97417,R,0.0,0.0,974
200800076877,8,10,1,2130,5,1,1,1,7,97103,A,0.0,0.0,971
200800076883,8,10,15,1915,5,2,1,1,3,97309,G,0.0,0.0,973
200800076884,8,10,16,700,1,2,1,1,3,97309,G,0.0,0.0,973
200800076885,8,10,16,1300,1,1,2,1,3,97309,G,0.0,0.0,973
200800076886,8,10,22,1400,1,1,1,1,3,97309,G,0.0,0.0,973
200800076887,8,10,10,2200,5,2,1,1,1,97440,R,0.0,0.0,974
200800076888,8,10,7,1915,5,1,1,1,2,97413,R,0.0,0.0,974
200800076889,8,10,23,830,1,2,1,1,6,97413,R,0.0,0.0,974
200800076890,8,10,24,1815,1,2,1,1,3,97413,R,0.0,0.0,974
200800076891,8,10,12,615,2,1,1,1,3,97304,G,0.0,0.0,973
200800076893,8,10,2,2145,3,1,1,1,7,97418,R,0.0,0.0,974
200800076894,8,10,3,530,2,1,9,1,6,97498,R,0.0,0.0,974
200800076895,8,10,3,2115,5,1,1,1,1,97498,R,0.0,0.0,974
200800076896,8,10,29,1630,1,1,1,1,3,97498,R,0.0,0.0,974
200800076897,8,10,20,1530,3,1,1,1,6,97416,R,0.0,0.0,974
200800076898,8,10,21,1615,1,1,1,1,3,97416,R,0.0,0.0,974
200800076899,8,10,27,115,3,1,1,1,6,97416,R,0.0,0.0,974
200800076900,8,10,16,1130,1,1,1,1,6,97416,R,0.0,0.0,974
200800076901,8,10,21,2045,5,1,1,1,3,97451,R,0.0,0.0,974
200800076902,8,10,29,1045,1,1,1,1,4,97416,R,0.0,0.0,974
200800076907,8,10,21,1815,2,1,1,1,7,97404,R,0.0,0.0,974
200800076908,8,10,10,750,1,2,1,1,1,97105,A,,,971
200800076909,8,10,22,1230,1,2,3,1,6,97105,A,,,971
200800076910,8,10,4,1321,1,2,7,1,1,97107,A,,,971
200800076911,8,10,3,700,1,1,1,1,6,97101,A,,,971
200800076912,8,10,5,340,5,1,1,2,6,97101,A,,,971
200800076913,8,10,7,28,4,2,1,1,6,97101,A,,,971
200800076914,8,10,3,2120,4,1,1,1,6,97113,A,,,971
200800076915,8,10,5,2315,4,1,1,3,6,97101,A,,,971
200800076916,8,10,5,425,5,1,1,2,6,97113,A,,,971
200800076917,8,10,7,1215,1,1,1,2,3,97101,A,,,971
200800076918,8,10,10,630,1,2,1,1,1,97113,A,,,971
200800076919,8,10,10,1720,1,1,1,2,1,97101,A,,,971
200800076920,8,10,11,2310,5,2,1,2,3,97101,A,,,971
200800076921,8,10,11,856,1,2,1,2,6,97101,A,,,971
200800076922,8,10,14,650,1,1,1,1,6,97113,A,,,971
200800076923,8,10,19,1730,1,2,1,1,1,97101,A,,,971
200800076924,8,10,22,2051,5,2,1,1,3,97120,A,,,971
200800076925,8,10,26,1030,1,2,1,1,1,97101,A,,,971
200800076926,8,10,23,115,5,2,1,1,6,97120,A,,,971
200800076927,8,10,17,1603,1,2,1,1,6,97113,A,,,971
200800076928,8,10,22,1100,1,1,1,1,6,97101,A,,,971
200800076929,8,10,29,840,1,2,1,1,6,97120,A,,,971
200800076930,8,10,29,1243,1,2,1,1,3,97113,A,,,971
200800076931,8,10,22,1911,5,1,1,1,3,97101,A,,,971
200800076932,8,10,7,1126,1,2,1,1,2,97101,A,,,971
200800076933,8,10,20,705,1,2,1,1,2,97120,A,,,971
200800076934,8,10,2,1420,1,2,1,1,4,97209,A,,,972
200800076935,8,10,3,840,3,1,1,1,6,97209,A,,,972
200800076936,8,10,4,1120,1,2,1,1,7,97209,A,,,972
200800076937,8,10,5,1035,1,2,3,1,3,97209,A,,,972
200800076938,8,10,12,1440,1,1,1,1,6,97209,A,,,972
200800076939,8,10,13,820,1,1,1,1,1,97209,A,,,972
200800076940,8,10,13,1155,1,2,1,1,3,97209,A,,,972
200800076941,8,10,14,950,1,2,3,3,6,97209,A,,,972
200800076942,8,10,18,303,4,1,1,1,6,97209,A,,,972
200800076943,8,10,18,2225,5,2,1,1,7,97209,A,,,972
200800076944,8,10,18,1705,1,2,1,1,7,97209,A,,,972
200800076945,8,10,20,1700,1,2,1,1,7,97209,A,,,972
200800076946,8,10,21,1235,1,2,1,1,6,97209,A,,,972
200800076947,8,10,22,1005,1,2,1,1,6,97209,A,,,972
200800076948,8,10,23,855,1,2,1,1,7,97209,A,,,972
200800076949,8,10,24,2103,5,1,1,1,2,97209,A,,,972
200800076950,8,10,26,2040,5,2,1,1,6,97209,A,,,972
200800076951,8,10,27,1625,1,2,1,1,2,97209,A,,,972
200800076952,8,10,28,20,5,2,1,1,2,97209,A,,,972
200800076953,8,10,29,1800,1,2,1,1,6,97209,A,,,972
200800076954,8,10,5,1210,1,1,1,1,3,97213,A,,,972
200800076955,8,10,7,2230,3,1,1,1,1,97213,A,,,972
200800076956,8,10,7,900,1,2,1,1,3,97213,A,,,972
200800076957,8,10,10,750,1,2,1,1,3,97213,A,,,972
200800076958,8,10,14,1250,1,2,1,1,4,97213,A,,,972
200800076959,8,10,17,1155,1,1,1,1,1,97213,A,,,972
200800076960,8,10,22,1610,1,1,1,1,6,97213,A,,,972
200800076961,8,10,23,720,1,1,1,1,3,97213,A,,,972
200800076962,8,10,25,1815,2,1,1,1,6,97213,A,,,972
200800076963,8,10,26,605,2,1,1,1,6,97213,A,,,972
200800076964,8,10,26,1420,1,1,1,1,3,97213,A,,,972
200800076965,8,10,26,1915,3,1,1,1,3,97213,A,,,972
200800076966,8,10,27,1620,1,1,1,1,4,97213,A,,,972
200800076967,8,10,29,1830,5,1,1,1,3,97213,A,,,972
200800076968,8,10,30,1400,1,1,1,1,2,97213,A,,,972
200800076969,8,10,30,1840,5,2,1,1,6,97213,A,,,972
200800076970,8,10,2,1805,2,2,1,1,3,97302,G,,,973
200800076971,8,10,3,1517,1,2,1,1,6,97302,G,,,973
200800076972,8,10,6,2145,5,2,3,1,3,97302,G,,,973
200800076973,8,10,10,1450,1,2,1,1,6,97302,G,,,973
200800076974,8,10,10,735,1,2,1,1,7,97302,G,,,973
200800076975,8,10,10,705,1,2,3,1,3,97302,G,,,973
200800076976,8,10,11,1545,1,2,3,1,6,97302,G,,,973
200800076977,8,10,14,1439,1,1,6,1,3,97302,G,,,973
200800076978,8,10,16,1915,4,1,1,1,6,97302,G,,,973
200800076979,8,10,16,1805,1,2,1,2,6,97302,G,,,973
200800076980,8,10,16,715,1,2,1,1,3,97302,G,,,973
200800076981,8,10,18,2040,5,2,1,1,3,97302,G,,,973
200800076982,8,10,19,435,5,2,3,1,5,97302,G,,,973
200800076983,8,10,20,730,1,2,1,1,3,97302,G,,,973
200800076984,8,10,23,1110,1,2,3,1,3,97302,G,,,973
200800076985,8,10,24,803,1,1,6,1,3,97302,G,,,973
200800076986,8,10,23,1238,1,1,3,1,3,97302,G,,,973
200800076987,8,10,30,1245,1,2,1,1,3,97302,G,,,973
200800076988,8,10,30,1625,1,2,1,1,6,97302,G,,,973
200800076989,8,10,31,1647,1,2,3,1,3,97302,G,,,973
200800076990,8,10,3,1735,1,2,1,1,2,97407,R,,,974
200800076991,8,10,18,1715,1,2,3,1,3,97407,R,,,974
200800076992,8,10,21,2015,5,2,3,1,3,97407,R,,,974
200800076993,8,10,22,705,1,2,1,1,2,97407,R,,,974
200800076994,8,10,22,1650,1,2,6,1,3,97407,R,,,974
200800076995,8,10,26,700,1,2,1,1,6,97407,R,,,974
200800076996,8,10,9,1725,1,2,3,1,3,97409,R,,,974
200800076997,8,10,22,800,1,1,9,1,5,97409,R,,,974
200800076998,8,10,30,530,3,1,1,1,2,97409,R,,,974
200800076999,8,10,2,2000,3,2,1,1,7,97409,R,,,974
200800077000,8,10,5,550,2,2,9,1,7,97409,R,,,974
200800077001,8,10,4,1820,1,2,1,1,6,97411,R,,,974
200800077002,8,10,4,107,5,2,1,1,2,97411,R,,,974
200800077003,8,10,4,122,5,2,1,1,1,97411,R,,,974
200800077004,8,10,8,500,5,2,1,1,6,97411,R,,,974
200800077005,8,10,9,1215,1,2,4,1,1,97411,R,,,974
200800077006,8,10,1,1619,1,2,1,2,4,97411,R,,,974
200800077007,8,10,13,2056,5,2,1,1,2,97411,R,,,974
200800077008,8,10,14,1720,1,2,2,1,6,97411,R,,,974
200800077009,8,10,17,1236,1,1,1,1,1,97411,R,,,974
200800077010,8,10,18,1320,1,2,1,1,3,97411,R,,,974
200800077011,8,10,19,1630,1,2,1,1,1,97411,R,,,974
200800077012,8,10,22,945,1,2,1,1,3,97411,R,,,974
200800077013,8,10,25,1750,2,2,1,2,3,97411,R,,,974
200800077014,8,10,31,2052,5,2,3,1,3,97411,R,,,974
200800077015,8,10,3,1633,1,2,1,1,6,97411,R,,,974
200800077016,8,10,9,1852,5,2,1,1,6,97411,R,,,974
200800077017,8,10,10,1256,1,2,1,1,3,97411,R,,,974
200800077018,8,10,21,2249,5,2,1,1,6,97411,R,,,974
200800077019,8,10,28,1712,1,2,1,1,6,97411,R,,,974
200800077020,8,10,4,2240,5,2,3,1,3,97416,R,,,974
200800077021,8,10,11,630,1,2,1,1,7,97414,R,,,974