Num_Acc,an,mois,jour,hrmn,lum,agg,int,atm,col,com,gps,lat,long,dep
200800077022,8,10,11,2010,5,2,3,1,5,97416,R,,,974
200800077023,8,10,12,250,5,2,1,1,6,97414,R,,,974
200800077024,8,10,13,2010,5,2,1,1,1,97414,R,,,974
200800077025,8,10,14,1335,1,2,1,1,7,97416,R,,,974
200800077026,8,10,15,2015,5,2,1,1,2,97416,R,,,974
200800077027,8,10,21,2000,5,2,2,1,1,97416,R,,,974
200800077028,8,10,24,610,1,2,1,1,7,97414,R,,,974
200800077070,8,11,14,700,1,2,1,8,1,97229,A,0.0,0.0,972
200800077071,8,11,19,715,1,2,1,1,7,97229,A,0.0,0.0,972
200800077072,8,11,23,1815,5,1,1,1,1,97229,A,0.0,0.0,972
200800077073,8,11,14,1400,1,1,1,1,7,97224,A,0.0,0.0,972
200800077074,8,11,11,1945,3,1,1,1,7,97233,A,0.0,0.0,972
200800077075,8,11,22,615,1,1,1,2,6,97204,A,0.0,0.0,972
200800077076,8,11,8,1215,1,2,1,1,6,97225,A,0.0,0.0,972
200800077077,8,11,5,1345,1,1,1,1,1,97210,A,0.0,0.0,972
200800077078,8,11,10,830,1,2,1,1,3,97207,A,0.0,0.0,972
200800077079,8,11,27,1730,5,2,1,1,3,97230,A,0.0,0.0,972
200800077080,8,11,30,1800,5,1,1,2,3,97212,A,0.0,0.0,972
200800077081,8,11,23,1345,1,2,1,2,2,97228,A,0.0,0.0,972
200800077082,8,11,11,1830,3,1,1,2,5,97216,A,0.0,0.0,972
200800077083,8,11,8,1830,2,2,1,1,1,97121,A,0.0,0.0,971
200800077084,8,11,6,645,1,1,1,1,2,97109,A,0.0,0.0,971
200800077085,8,11,20,1515,1,1,1,1,6,97115,A,0.0,0.0,971
200800077086,8,11,25,1400,1,1,1,1,3,97115,A,0.0,0.0,971
200800077087,8,11,12,1115,1,1,1,1,3,97112,A,0.0,0.0,971
200800077088,8,11,18,615,2,1,1,1,7,97112,A,1590000.0,6128300.0,971
200800077089,8,11,21,2030,5,2,1,1,1,97112,A,0.0,0.0,971
200800077090,8,11,23,200,3,2,1,1,1,97117,A,0.0,0.0,971
200800077091,8,11,11,1030,1,2,1,1,6,97122,A,0.0,0.0,971
200800077092,8,11,11,845,1,1,1,1,5,97125,A,0.0,0.0,971
200800077093,8,11,11,1815,3,1,1,1,6,97125,A,0.0,0.0,971
200800077094,8,11,15,145,5,2,1,1,6,97128,A,0.0,0.0,971
200800077095,8,11,18,700,1,1,1,1,1,97128,A,0.0,0.0,971
200800077096,8,11,21,1130,1,2,1,1,6,97128,A,0.0,0.0,971
200800077097,8,11,7,1200,1,1,1,1,6,97128,A,0.0,0.0,971
200800077098,8,11,4,700,1,1,1,1,3,97307,G,0.0,0.0,973
200800077099,8,11,8,600,2,2,1,1,6,97307,G,0.0,0.0,973
200800077100,8,11,1,1300,1,2,1,1,6,97311,G,0.0,0.0,973
200800077101,8,11,11,1945,3,2,1,1,6,97311,G,0.0,0.0,973
200800077102,8,11,17,715,1,2,1,1,3,97311,G,545700.0,5403900.0,973
200800077103,8,11,20,1515,1,1,1,1,1,97353,G,0.0,0.0,973
200800077104,8,11,7,1345,1,1,1,1,4,97418,R,0.0,0.0,974
200800077105,8,11,24,1945,3,2,1,1,2,97418,R,0.0,0.0,974
200800077106,8,11,28,1245,1,2,3,1,5,97420,R,0.0,0.0,974
200800077107,8,11,16,515,2,1,1,1,7,97419,R,0.0,0.0,974
200800077108,8,11,4,1230,1,1,1,1,5,97415,R,0.0,0.0,974
200800077109,8,11,13,2345,3,2,1,1,7,97415,R,0.0,0.0,974
200800077110,8,11,6,45,3,1,1,1,5,97415,R,0.0,0.0,974
200800077111,8,11,22,1900,3,1,1,1,7,97415,R,0.0,0.0,974
200800077112,8,11,12,1230,1,2,1,1,6,97423,R,0.0,0.0,974
200800077113,8,11,4,2245,3,1,1,1,1,97405,R,0.0,0.0,974
200800077114,8,11,1,2130,5,2,1,1,1,97414,R,0.0,0.0,974
200800077115,8,11,26,1930,2,2,1,1,6,97414,R,0.0,0.0,974
200800077116,8,11,12,1500,1,2,1,1,6,97422,R,0.0,0.0,974
200800077117,8,11,16,1845,3,1,1,1,1,97422,R,0.0,0.0,974
200800077148,8,11,9,1000,1,1,1,1,6,97103,A,0.0,0.0,971
200800077149,8,11,14,2200,5,1,1,2,6,97103,A,0.0,0.0,971
200800077150,8,11,25,1915,5,1,1,1,1,97103,A,0.0,0.0,971
200800077155,8,11,17,800,1,2,1,1,3,97309,G,0.0,0.0,973
200800077156,8,11,21,1230,1,1,1,1,3,97309,G,0.0,0.0,973
200800077157,8,11,20,715,1,2,1,1,1,97440,R,0.0,0.0,974
200800077158,8,11,23,800,1,2,9,1,3,97448,R,0.0,0.0,974
200800077159,8,11,6,2100,5,2,1,1,3,97304,G,0.0,0.0,973
200800077160,8,11,8,915,1,1,1,1,2,97304,G,0.0,0.0,973
200800077165,8,11,17,2215,3,1,1,1,7,97415,R,0.0,0.0,974
200800077166,8,11,19,1530,1,1,1,2,3,97415,R,0.0,0.0,974
200800077169,8,11,15,1425,1,2,1,1,2,97105,A,,,971
200800077170,8,11,5,1745,5,2,1,1,3,97107,A,,,971
200800077171,8,11,17,1755,4,1,1,8,3,97107,A,,,971
200800077172,8,11,28,2200,5,2,2,1,3,97107,A,,,971
200800077173,8,11,4,1806,5,2,1,1,6,97101,A,,,971
200800077174,8,11,4,2316,5,2,1,2,6,97113,A,,,971
200800077175,8,11,8,555,1,2,1,1,6,97120,A,,,971
200800077176,8,11,10,1700,1,2,1,1,6,97101,A,,,971
200800077177,8,11,10,2235,3,2,1,1,3,97101,A,,,971
200800077178,8,11,12,1045,1,2,1,3,6,97101,A,,,971
200800077179,8,11,12,700,1,2,1,2,6,97113,A,,,971
200800077180,8,11,16,930,1,2,1,1,6,97120,A,,,971
200800077181,8,11,18,620,1,2,1,1,6,97120,A,,,971
200800077182,8,11,14,2126,5,1,1,1,6,97101,A,,,971
200800077183,8,11,23,815,1,1,1,1,5,97101,A,,,971
200800077184,8,11,23,2245,5,1,1,1,6,97113,A,,,971
200800077185,8,11,1,1330,1,2,1,1,3,97120,A,,,971
200800077186,8,11,24,1210,1,1,1,1,5,97101,A,,,971
200800077187,8,11,26,1000,1,2,1,1,2,97101,A,,,971
200800077188,8,11,23,1110,1,1,1,1,6,97113,A,,,971
200800077189,8,11,5,1750,5,1,1,1,6,97113,A,,,971
200800077190,8,11,10,1535,1,2,1,1,3,97407,R,,,974
200800077191,8,11,18,920,1,2,3,1,3,97407,R,,,974
200800077192,8,11,1,1500,1,2,3,1,6,97209,A,,,972
200800077193,8,11,5,1225,1,2,1,1,6,97209,A,,,972
200800077194,8,11,7,710,1,1,1,1,6,97209,A,,,972
200800077195,8,11,10,1655,1,2,1,1,7,97209,A,,,972
200800077196,8,11,14,1340,1,2,3,1,3,97209,A,,,972
200800077197,8,11,17,1730,1,1,1,1,6,97209,A,,,972
200800077198,8,11,19,1420,1,2,1,1,6,97209,A,,,972
200800077199,8,11,19,1540,1,2,3,1,3,97209,A,,,972
200800077200,8,11,22,630,1,2,1,1,6,97209,A,,,972
200800077201,8,11,22,1210,1,2,1,1,2,97209,A,,,972
200800077202,8,11,23,900,1,2,1,1,1,97209,A,,,972
200800077203,8,11,24,1620,1,2,1,1,7,97209,A,,,972
200800077204,8,11,26,1620,1,2,1,1,6,97209,A,,,972
200800077205,8,11,28,100,5,2,1,1,7,97209,A,,,972
200800077206,8,11,29,1555,1,2,1,1,3,97209,A,,,972
200800077207,8,11,29,1515,1,2,1,1,3,97209,A,,,972
200800077208,8,11,1,1425,1,1,1,1,1,97213,A,,,972
200800077209,8,11,6,1000,1,2,1,1,2,97213,A,,,972
200800077210,8,11,7,1140,1,1,1,1,4,97213,A,,,972
200800077211,8,11,7,1235,1,1,1,1,6,97213,A,,,972
200800077212,8,11,7,1600,1,1,1,1,3,97213,A,,,972
200800077213,8,11,9,1020,1,2,1,1,2,97213,A,,,972
200800077214,8,11,10,1950,5,1,1,1,2,97213,A,,,972
200800077215,8,11,13,1300,1,2,2,1,4,97213,A,,,972
200800077216,8,11,14,1610,1,2,1,1,2,97213,A,,,972
200800077217,8,11,17,1830,5,1,1,1,3,97213,A,,,972
200800077218,8,11,20,1900,5,1,1,1,2,97213,A,,,972
200800077219,8,11,20,2140,5,1,1,1,6,97213,A,,,972
200800077220,8,11,25,725,1,1,3,1,3,97213,A,,,972
200800077221,8,11,26,1430,1,2,3,1,1,97213,A,,,972
200800077222,8,11,28,650,1,1,1,1,4,97213,A,,,972
200800077223,8,11,5,643,1,2,4,1,3,97302,G,,,973
200800077224,8,11,11,2025,5,2,1,1,3,97302,G,,,973
200800077225,8,11,9,1743,1,2,3,1,3,97302,G,,,973
200800077226,8,11,8,1753,1,2,3,1,3,97302,G,,,973
200800077227,8,11,5,1510,1,1,1,1,3,97302,G,,,973
200800077228,8,11,10,830,1,2,1,1,6,97302,G,,,973
200800077229,8,11,12,1625,1,2,3,1,3,97302,G,,,973
200800077230,8,11,12,1438,1,1,1,1,1,97302,G,,,973
200800077231,8,11,7,2031,5,1,1,1,3,97302,G,,,973
200800077232,8,11,14,1100,1,2,4,1,3,97302,G,,,973
200800077233,8,11,15,1235,1,2,1,1,6,97302,G,,,973
200800077234,8,11,10,1935,4,1,3,1,3,97302,G,,,973
200800077235,8,11,14,2220,5,1,1,1,3,97302,G,,,973
200800077236,8,11,18,1220,1,2,1,1,6,97302,G,,,973
200800077237,8,11,20,1512,1,2,1,1,3,97302,G,,,973
200800077238,8,11,19,2013,1,2,3,1,3,97302,G,,,973
200800077239,8,11,8,1247,1,1,1,1,3,97302,G,,,973
200800077240,8,11,29,1019,1,2,3,1,3,97302,G,,,973
200800077241,8,11,30,240,5,2,1,1,3,97302,G,,,973
200800077242,8,11,28,1730,1,2,3,1,3,97302,G,,,973
200800077243,8,11,2,2305,3,2,1,1,7,97407,R,,,974
200800077244,8,11,7,110,5,2,1,1,6,97407,R,,,974
200800077245,8,11,9,2205,5,2,1,1,2,97407,R,,,974
200800077246,8,11,28,1700,1,2,1,2,6,97407,R,,,974
200800077247,8,11,28,1825,1,2,1,2,1,97407,R,,,974
200800077248,8,11,30,2230,3,1,6,2,6,97407,R,,,974
200800077249,8,11,12,1030,1,2,9,1,7,97409,R,,,974
200800077250,8,11,8,1345,1,2,1,1,3,97409,R,,,974
200800077251,8,11,25,1920,3,1,1,1,7,97409,R,,,974
200800077252,8,11,7,1730,1,2,9,1,3,97409,R,,,974
200800077253,8,11,3,1000,1,2,2,1,6,97411,R,,,974
200800077254,8,11,5,1140,1,2,1,1,6,97411,R,,,974
200800077255,8,11,7,2310,5,2,2,1,3,97411,R,,,974
200800077256,8,11,9,700,1,2,1,1,6,97411,R,,,974
200800077257,8,11,11,1900,5,2,2,1,3,97411,R,,,974
200800077258,8,11,14,705,1,2,1,1,2,97411,R,,,974
200800077259,8,11,14,2005,5,2,1,1,5,97411,R,,,974
200800077260,8,11,26,134,5,2,1,1,6,97411,R,,,974
200800077261,8,11,14,1815,1,2,3,1,6,97411,R,,,974
200800077262,8,11,16,1740,1,2,3,1,3,97411,R,,,974
200800077263,8,11,21,1340,1,2,1,1,2,97411,R,,,974
200800077264,8,11,22,1455,1,2,1,1,4,97411,R,,,974
200800077265,8,11,22,1650,1,2,1,1,6,97411,R,,,974
200800077266,8,11,24,1844,1,2,1,1,1,97411,R,,,974
200800077267,8,11,27,1900,1,2,1,1,6,97411,R,,,974
200800077268,8,11,27,15,5,2,1,1,1,97411,R,,,974
200800077269,8,11,4,821,1,2,1,1,6,97414,R,,,974
200800077270,8,11,7,2040,5,2,1,1,3,97416,R,,,974
200800077271,8,11,14,2220,5,2,1,1,6,97416,R,,,974
200800077272,8,11,25,45,5,2,1,1,6,97416,R,,,974
200800077273,8,11,20,1220,1,2,2,1,3,97407,R,,,974
200800077274,8,11,21,1710,1,1,1,3,1,97407,R,,,974
200800077275,8,11,22,2300,5,2,1,1,6,97407,R,,,974
200800077276,8,11,25,1715,1,2,1,1,7,97407,R,,,974
200800077303,8,12,31,2230,3,2,1,1,6,97229,A,0.0,0.0,972
200800077304,8,12,3,1615,1,2,1,1,7,97210,A,0.0,0.0,972
200800077305,8,12,13,530,2,1,1,1,1,97210,A,0.0,0.0,972
200800077306,8,12,28,915,1,2,1,1,6,97210,A,0.0,0.0,972
200800077307,8,12,16,715,1,1,1,1,3,97232,A,0.0,0.0,972
200800077308,8,12,4,1900,5,2,6,2,3,97221,A,0.0,0.0,972
200800077309,8,12,6,1430,1,1,1,1,2,97231,A,0.0,0.0,972
200800077310,8,12,7,1445,1,1,1,1,6,97230,A,0.0,0.0,972
200800077311,8,12,18,2315,5,2,1,1,1,97230,A,0.0,0.0,972
200800077312,8,12,17,1900,5,2,1,1,3,97222,A,0.0,0.0,972
200800077313,8,12,16,530,2,2,9,1,1,97228,A,0.0,0.0,972
200800077314,8,12,6,2000,3,1,1,1,1,97214,A,0.0,0.0,972
200800077315,8,12,25,1845,3,1,1,1,3,97214,A,0.0,0.0,972
200800077316,8,12,29,400,3,2,1,1,1,97214,A,0.0,0.0,972
200800077317,8,12,1,1215,1,2,1,1,5,97124,A,0.0,0.0,971
200800077318,8,12,6,2045,4,1,1,1,7,97104,A,0.0,0.0,971
200800077319,8,12,6,45,3,2,9,1,1,97134,A,0.0,0.0,971
200800077320,8,12,22,500,4,2,1,1,6,97134,A,0.0,0.0,971
200800077321,8,12,18,915,2,1,1,2,1,97132,A,0.0,0.0,971
200800077322,8,12,14,2300,5,1,1,1,4,97127,A,0.0,0.0,971
200800077323,8,12,20,1700,1,1,1,1,3,97127,A,0.0,0.0,971
200800077324,8,12,3,500,3,1,1,1,6,97115,A,0.0,0.0,971
200800077325,8,12,26,1645,2,1,1,1,6,97115,A,0.0,0.0,971
200800077326,8,12,29,1745,1,1,1,1,2,97115,A,0.0,0.0,971
200800077327,8,12,25,1445,1,1,1,1,2,97118,A,0.0,0.0,971
200800077328,8,12,3,1200,1,2,1,1,1,97129,A,0.0,0.0,971
200800077329,8,12,6,2000,5,1,1,1,1,97117,A,0.0,0.0,971
200800077330,8,12,24,1230,1,2,1,1,3,97119,A,0.0,0.0,971
200800077331,8,12,30,1630,1,2,1,7,1,97125,A,0.0,0.0,971
200800077332,8,12,31,1700,1,1,1,1,6,97128,A,0.0,0.0,971
200800077333,8,12,4,1645,2,1,1,7,6,97128,A,0.0,0.0,971
200800077334,8,12,14,515,2,1,1,1,3,97116,A,0.0,0.0,971
200800077335,8,12,8,900,1,2,1,1,5,97116,A,0.0,0.0,971
200800077336,8,12,20,2330,4,2,1,1,1,97116,A,0.0,0.0,971
200800077337,8,12,24,345,5,2,1,2,6,97116,A,0.0,0.0,971
200800077338,8,12,21,930,1,1,1,1,5,97307,G,0.0,0.0,973
200800077339,8,12,22,2115,5,2,1,2,7,97307,G,0.0,0.0,973
200800077340,8,12,22,1430,1,1,1,1,6,97307,G,0.0,0.0,973
200800077341,8,12,5,1930,3,1,1,1,1,97305,G,0.0,0.0,973
200800077342,8,12,20,2215,3,1,1,1,6,97305,G,0.0,0.0,973
200800077343,8,12,22,715,1,1,1,1,1,97308,G,0.0,0.0,973
200800077344,8,12,14,1630,1,1,1,2,1,97310,G,0.0,0.0,973
200800077345,8,12,3,2230,5,2,1,1,1,97311,G,0.0,0.0,973
200800077346,8,12,12,230,3,2,1,1,6,97311,G,0.0,0.0,973
200800077347,8,12,23,2315,5,2,1,2,1,97311,G,0.0,0.0,973
200800077348,8,12,24,1100,1,1,1,3,1,97306,G,0.0,0.0,973
200800077349,8,12,10,215,3,1,1,2,7,97408,R,0.0,0.0,974
200800077350,8,12,14,1030,1,1,1,1,1,97420,R,0.0,0.0,974
200800077351,8,12,22,2300,3,1,1,1,6,97420,R,0.0,0.0,974
200800077352,8,12,3,1630,1,1,1,1,1,97410,R,0.0,0.0,974
200800077353,8,12,17,2000,5,2,1,1,6,97402,R,0.0,0.0,974
200800077354,8,12,14,2200,3,1,1,1,6,97421,R,0.0,0.0,974
200800077355,8,12,9,815,1,1,1,1,1,97415,R,0.0,0.0,974
200800077356,8,12,17,1245,1,1,1,1,1,97415,R,0.0,0.0,974
200800077357,8,12,18,430,5,2,1,1,6,97415,R,0.0,0.0,974
200800077358,8,12,29,1330,1,2,1,1,1,97415,R,0.0,0.0,974
200800077359,8,12,30,1345,1,1,1,1,3,97415,R,0.0,0.0,974
200800077360,8,12,2,2000,3,1,1,1,6,97458,R,0.0,0.0,974
200800077361,8,12,13,300,3,1,1,1,6,97458,R,0.0,0.0,974
200800077362,8,12,15,1715,1,1,9,1,6,97415,R,0.0,0.0,974
200800077363,8,12,14,800,1,1,1,1,3,97468,R,0.0,0.0,974
200800077364,8,12,10,845,1,1,1,1,2,97423,R,0.0,0.0,974
200800077365,8,12,2,1515,1,2,1,1,6,97414,R,0.0,0.0,974
200800077397,8,12,27,1,3,1,1,8,6,97103,A,0.0,0.0,971
200800077406,8,12,14,600,2,2,1,2,3,97309,G,0.0,0.0,973
200800077407,8,12,18,1745,2,2,1,2,3,97309,G,0.0,0.0,973
200800077408,8,12,10,130,3,1,1,1,1,97448,R,0.0,0.0,974
200800077409,8,12,10,1645,1,2,1,1,3,97413,R,0.0,0.0,974
200800077410,8,12,22,1715,1,2,1,1,6,97448,R,0.0,0.0,974
200800077413,8,12,11,1530,1,1,1,8,7,97304,G,0.0,0.0,973
200800077414,8,12,23,2330,5,2,1,1,3,97304,G,0.0,0.0,973
200800077417,8,12,29,900,1,2,1,7,6,97109,A,0.0,0.0,971
200800077418,8,12,3,2100,5,2,1,1,1,97415,R,0.0,0.0,974
200800077421,8,12,21,1455,1,2,1,1,1,97107,A,,,971
200800077422,8,12,1,1220,1,1,1,1,4,97101,A,,,971
200800077423,8,12,1,1400,1,2,1,1,3,97101,A,,,971
200800077424,8,12,1,630,1,2,1,1,6,97101,A,,,971
200800077425,8,12,7,150,4,1,1,1,6,97113,A,,,971
200800077426,8,12,7,1810,5,1,1,1,1,97101,A,,,971
200800077427,8,12,8,1253,1,1,1,1,1,97113,A,,,971
200800077428,8,12,9,1400,1,1,1,1,5,97113,A,,,971
200800077429,8,12,12,1130,1,1,1,1,4,97120,A,,,971
200800077430,8,12,13,712,1,2,1,1,6,97120,A,,,971
200800077431,8,12,14,1740,2,1,1,1,6,97101,A,,,971
200800077432,8,12,15,1950,5,1,1,1,6,97101,A,,,971
200800077433,8,12,19,730,1,2,1,1,6,97120,A,,,971
200800077434,8,12,19,1045,1,2,1,1,6,97101,A,,,971
200800077435,8,12,22,750,1,1,1,2,6,97113,A,,,971
200800077436,8,12,18,720,1,2,1,1,7,97101,A,,,971
200800077437,8,12,14,1855,5,2,1,1,6,97101,A,,,971
200800077438,8,12,23,730,1,2,1,7,6,97120,A,,,971
200800077439,8,12,18,2110,5,2,1,1,2,97113,A,,,971
200800077440,8,12,29,1030,1,1,1,1,3,97120,A,,,971
200800077441,8,12,28,2230,5,1,1,1,6,97113,A,,,971
200800077442,8,12,31,1330,1,2,1,1,3,97120,A,,,971
200800077443,8,12,19,1420,1,2,1,1,6,97113,A,,,971
200800077444,8,12,19,1735,1,2,1,1,6,97113,A,,,971
200800077445,8,12,1,730,1,2,1,1,6,97209,A,,,972
200800077446,8,12,1,1835,2,2,1,1,6,97209,A,,,972
200800077447,8,12,2,1835,2,1,1,1,6,97209,A,,,972
200800077448,8,12,5,1745,1,2,1,1,6,97209,A,,,972
200800077449,8,12,6,715,1,2,1,1,6,97209,A,,,972
200800077450,8,12,7,1320,1,2,2,1,3,97209,A,,,972
200800077451,8,12,8,1115,1,1,1,1,6,97209,A,,,972
200800077452,8,12,9,1340,1,2,1,1,1,97209,A,,,972
200800077453,8,12,10,714,1,2,1,2,6,97209,A,,,972
200800077454,8,12,11,930,1,2,1,1,2,97209,A,,,972
200800077455,8,12,11,1634,1,2,1,1,6,97209,A,,,972
200800077456,8,12,12,800,1,2,1,1,6,97209,A,,,972
200800077457,8,12,12,1105,1,2,1,1,6,97209,A,,,972
200800077458,8,12,14,140,1,2,1,2,7,97209,A,,,972
200800077459,8,12,15,825,1,2,2,1,6,97209,A,,,972
200800077460,8,12,15,1310,1,2,1,1,6,97209,A,,,972
200800077461,8,12,15,853,1,2,1,1,6,97209,A,,,972
200800077462,8,12,17,1400,1,2,1,1,6,97209,A,,,972
200800077463,8,12,24,1705,1,2,1,1,6,97209,A,,,972
200800077464,8,12,30,1710,1,1,1,1,7,97209,A,,,972
200800077465,8,12,3,745,1,1,1,1,3,97213,A,,,972
200800077466,8,12,3,900,1,1,1,1,3,97213,A,,,972
200800077467,8,12,6,155,5,1,1,1,2,97213,A,,,972
200800077468,8,12,6,125,5,1,1,1,4,97213,A,,,972
200800077469,8,12,6,1340,1,1,1,1,7,97213,A,,,972
200800077470,8,12,6,1245,1,1,1,1,2,97213,A,,,972
200800077471,8,12,8,2000,5,2,3,1,3,97213,A,,,972
200800077472,8,12,8,1630,1,1,1,1,6,97213,A,,,972
200800077473,8,12,9,1215,1,1,1,1,2,97213,A,,,972
200800077474,8,12,9,1216,1,2,1,1,3,97213,A,,,972
200800077475,8,12,9,1950,5,1,1,1,4,97213,A,,,972
200800077476,8,12,10,1040,1,2,1,1,3,97213,A,,,972
200800077477,8,12,12,730,1,1,1,1,2,97213,A,,,972
200800077478,8,12,12,1030,1,1,1,1,4,97213,A,,,972
200800077479,8,12,12,1800,2,2,1,1,1,97213,A,,,972
200800077480,8,12,13,500,2,1,1,1,6,97213,A,,,972
200800077481,8,12,13,1430,1,1,1,1,2,97213,A,,,972
200800077482,8,12,15,1600,1,1,1,1,6,97213,A,,,972
200800077483,8,12,17,200,5,1,1,1,7,97213,A,,,972
200800077484,8,12,18,1310,1,1,1,1,2,97213,A,,,972
200800077485,8,12,18,2312,5,1,1,1,7,97213,A,,,972
200800077486,8,12,20,520,5,1,1,1,1,97213,A,,,972
200800077487,8,12,20,2250,5,2,1,1,1,97213,A,,,972
200800077488,8,12,20,2010,5,1,1,1,1,97213,A,,,972
200800077489,8,12,20,2255,3,1,1,1,2,97213,A,,,972
200800077490,8,12,21,450,5,1,1,1,7,97213,A,,,972
200800077491,8,12,24,800,1,1,1,1,6,97213,A,,,972
200800077492,8,12,25,1700,1,1,1,1,6,97213,A,,,972
200800077493,8,12,30,1200,1,1,1,1,2,97213,A,,,972
200800077494,8,12,30,2200,4,2,1,1,6,97213,A,,,972
200800077495,8,12,31,1400,1,1,1,1,6,97213,A,,,972
200800077496,8,12,31,2010,5,1,1,1,1,97213,A,,,972
200800077497,8,12,27,2330,5,2,1,3,1,97302,G,,,973
200800077498,8,12,29,1245,1,1,1,1,2,97302,G,,,973
200800077499,8,12,26,2230,5,2,1,2,3,97302,G,,,973
200800077500,8,12,26,1635,1,2,1,1,6,97302,G,,,973
200800077501,8,12,27,1740,1,2,2,7,6,97302,G,,,973
200800077502,8,12,24,1826,1,2,3,3,3,97302,G,,,973
200800077503,8,12,24,1830,4,1,3,3,5,97302,G,,,973
200800077504,8,12,6,1230,1,1,6,1,2,97302,G,,,973
200800077505,8,12,6,1105,1,2,2,1,3,97302,G,,,973
200800077506,8,12,6,1310,1,1,1,1,6,97302,G,,,973
200800077507,8,12,7,2046,1,2,1,1,6,97302,G,,,973
200800077508,8,12,6,1715,1,2,1,1,3,97302,G,,,973
200800077509,8,12,7,455,5,2,1,2,6,97302,G,,,973
200800077510,8,12,9,1734,1,1,3,1,6,97302,G,,,973
200800077511,8,12,9,2245,5,2,3,1,1,97302,G,,,973
200800077512,8,12,13,1616,1,2,4,1,3,97302,G,,,973
200800077513,8,12,14,20,5,2,1,1,3,97302,G,,,973
200800077514,8,12,10,1537,1,2,1,1,3,97302,G,,,973
200800077515,8,12,12,1940,5,1,4,1,3,97302,G,,,973
200800077516,8,12,17,753,1,2,2,1,6,97302,G,,,973
200800077517,8,12,17,1058,1,2,6,1,3,97302,G,,,973
200800077518,8,12,16,1145,1,2,1,1,3,97302,G,,,973
200800077519,8,12,16,1050,1,2,2,1,3,97302,G,,,973
200800077520,8,12,15,826,1,1,3,1,3,97302,G,,,973
200800077521,8,12,16,932,1,2,1,1,6,97302,G,,,973
200800077522,8,12,21,2245,5,1,1,1,3,97302,G,,,973
200800077523,8,12,18,747,1,2,1,1,2,97302,G,,,973
200800077524,8,12,21,120,5,2,1,1,7,97302,G,,,973
200800077525,8,12,23,1235,1,2,1,1,6,97302,G,,,973
200800077526,8,12,24,1540,1,2,6,2,3,97302,G,,,973
200800077527,8,12,1,1750,1,2,1,1,6,97407,R,,,974
200800077528,8,12,2,1835,5,2,1,1,6,97407,R,,,974
200800077529,8,12,3,1335,1,2,3,1,3,97407,R,,,974
200800077530,8,12,7,2030,5,1,1,1,6,97407,R,,,974
200800077531,8,12,10,1500,1,2,1,1,6,97407,R,,,974
200800077532,8,12,12,1950,3,1,1,1,3,97407,R,,,974
200800077533,8,12,13,445,1,2,1,1,6,97407,R,,,974
200800077534,8,12,14,2010,5,2,1,1,3,97407,R,,,974
200800077535,8,12,15,1330,1,1,1,1,3,97407,R,,,974
200800077536,8,12,20,2105,5,2,1,1,3,97407,R,,,974
200800077537,8,12,25,30,5,2,3,1,2,97407,R,,,974
200800077538,8,12,27,1125,1,2,1,1,2,97407,R,,,974
200800077539,8,12,27,1845,2,2,1,1,6,97407,R,,,974
200800077540,8,12,12,1730,1,2,1,1,3,97409,R,,,974
200800077541,8,12,23,1550,1,1,1,2,2,97409,R,,,974
200800077542,8,12,14,1805,1,2,1,1,7,97409,R,,,974
200800077543,8,12,12,1220,1,2,9,1,2,97409,R,,,974
200800077544,8,12,20,1900,2,2,1,1,7,97409,R,,,974
200800077545,8,12,22,1820,1,2,1,1,6,97409,R,,,974
200800077546,8,12,22,730,1,2,9,1,2,97409,R,,,974
200800077547,8,12,25,135,3,1,1,1,6,97409,R,,,974
200800077548,8,12,26,2020,3,2,1,1,7,97409,R,,,974
200800077549,8,12,4,1810,1,2,9,1,7,97409,R,,,974
200800077550,8,12,26,1355,1,2,3,1,3,97411,R,,,974
200800077551,8,12,1,1425,1,2,1,1,2,97411,R,,,974
200800077552,8,12,8,1655,1,2,1,1,2,97411,R,,,974
200800077553,8,12,14,645,1,2,3,1,3,97411,R,,,974
200800077554,8,12,1,1028,1,2,1,1,6,97411,R,,,974
200800077555,8,12,24,1738,1,2,1,1,6,97411,R,,,974
200800077556,8,12,24,1135,1,2,1,1,2,97411,R,,,974
200800077557,8,12,27,230,5,2,1,1,7,97411,R,,,974
200800077558,8,12,19,1745,1,2,1,1,1,97411,R,,,974
200800077559,8,12,1,1320,1,2,1,1,2,97411,R,,,974
200800077560,8,12,3,1557,1,2,1,1,2,97411,R,,,974
200800077561,8,12,12,1825,1,2,1,1,6,97411,R,,,974
200800077562,8,12,31,1925,3,2,1,1,2,97411,R,,,974
200800077563,8,12,6,1920,5,2,2,1,3,97416,R,,,974
200800077564,8,12,8,1430,1,2,1,1,6,97416,R,,,974
200800077565,8,12,9,1405,1,2,1,2,7,97414,R,,,974
200800077566,8,12,19,1635,1,2,1,1,3,97416,R,,,974
200800077567,8,12,19,1715,1,2,3,9,1,97416,R,,,974
200800077568,8,12,23,1630,1,2,1,1,6,97416,R,,,974
200800077569,8,12,3,800,1,2,2,1,3,97414,R,,,974